
TracePro Release: 7 0 3 
Irradiance Map Data for G:\ee373 lab4-Linear Units in millimeters
Data for ob Surface 2
Data generated at 17:26:00 November 13, 2025

Raytrace Time: mins: 0, secs: 18

Projected Plane Extent from surface geometry 
      TopLeft:(1850,995,-1850) 
      TopRight:(-1850,995,-1850)
      BottomLeft:(1850,995,1850) 
      BottomRight:(-1850,995,1850)
Corners of Data Set (plotted) 
      TopLeft:(1850,995,-1850) 
      TopRight:(-1850,995,-1850)
      BottomLeft:(1850,995,1850) 
      BottomRight:(-1850,995,1850)
Total Absorbed Rays: 814206
Min: 1.57235e-012 Max: 0.0522368 Ave: 0.0336349
Total Flux: 0.460462 W, Emitted Flux: 0.5
Normalization: 0
Data Smoothing is On
Grid Size is 128 x 128
Map Count 50
Data Cells are 28.9063 x 28.9063 millimeters

4.6476e-012	4.94539e-012	3.24417e-012	3.09941e-011	2.11474e-010	1.30696e-009	5.91574e-009	2.13434e-008	6.33758e-008	1.65197e-007	4.23756e-007	1.13174e-006	2.80361e-006	5.62155e-006	8.64521e-006	1.03267e-005	1.03317e-005	1.00175e-005	1.05215e-005	1.13474e-005	1.15435e-005	1.12094e-005	1.10616e-005	1.14455e-005	1.2324e-005	1.34199e-005	1.40814e-005	1.38372e-005	1.30422e-005	1.23858e-005	1.2232e-005	1.27021e-005	1.397e-005	1.62865e-005	1.95053e-005	2.2667e-005	2.45807e-005	2.54115e-005	2.78462e-005	3.49769e-005	4.55065e-005	5.38686e-005	5.93862e-005	7.34494e-005	0.000111279	0.000175368	0.000254477	0.000342257	0.000442565	0.000555159	0.000679198	0.000825903	0.00100404	0.00120357	0.00141371	0.00164186	0.0018925	0.00213926	0.00234325	0.00249763	0.00262664	0.00273581	0.00280632	0.00284568	0.00288342	0.00291456	0.00290441	0.00283827	0.00272025	0.00254213	0.0022982	0.00201172	0.00171304	0.0014216	0.00115786	0.000937088	0.000758412	0.000611217	0.00048405	0.000371932	0.000276547	0.000199759	0.00014277	0.000106472	8.56545e-005	7.017e-005	5.59596e-005	4.70674e-005	4.53317e-005	4.5883e-005	4.42869e-005	4.04752e-005	3.4554e-005	2.64073e-005	1.87042e-005	1.43447e-005	1.29271e-005	1.21493e-005	1.05397e-005	8.36878e-006	7.14665e-006	8.27771e-006	1.14998e-005	1.44329e-005	1.46271e-005	1.22775e-005	9.58506e-006	7.92169e-006	7.26705e-006	7.29075e-006	7.38537e-006	6.87314e-006	5.84626e-006	4.79571e-006	3.75401e-006	2.55481e-006	1.39802e-006	6.12797e-007	2.31331e-007	8.09844e-008	2.53065e-008	6.35053e-009	1.194e-009	1.94197e-010	3.8939e-011	2.43161e-011	3.97327e-012	7.11301e-012	
9.22725e-012	1.04766e-011	4.87352e-012	1.65804e-010	1.20723e-009	6.94567e-009	2.95176e-008	9.78059e-008	2.61426e-007	5.83763e-007	1.17035e-006	2.36602e-006	4.86219e-006	8.87314e-006	1.29665e-005	1.50475e-005	1.5024e-005	1.49573e-005	1.61114e-005	1.75335e-005	1.80717e-005	1.78729e-005	1.73156e-005	1.64509e-005	1.58133e-005	1.603e-005	1.65959e-005	1.65282e-005	1.57837e-005	1.50657e-005	1.51665e-005	1.66968e-005	1.96241e-005	2.32777e-005	2.70183e-005	3.07316e-005	3.48878e-005	4.0846e-005	5.16631e-005	7.08516e-005	9.76576e-005	0.000126698	0.000159798	0.00021597	0.000319968	0.000482215	0.000699577	0.000971423	0.00129275	0.00163912	0.00199233	0.00236819	0.0027902	0.00325128	0.00372434	0.00419908	0.00467954	0.00514444	0.00554681	0.00586968	0.00614109	0.00636265	0.00649455	0.00655589	0.00662971	0.00672279	0.00673826	0.00661316	0.00636768	0.00601553	0.00554538	0.00498213	0.00437555	0.00376174	0.00317724	0.00266056	0.00222426	0.00184394	0.00148537	0.00114688	0.00085424	0.000620975	0.000444329	0.000321139	0.000240281	0.000181429	0.000136202	0.000110751	0.00010382	0.000100864	9.15277e-005	7.72319e-005	6.10656e-005	4.40484e-005	2.96662e-005	2.13095e-005	1.78099e-005	1.58382e-005	1.3624e-005	1.15081e-005	1.08176e-005	1.25681e-005	1.62858e-005	1.95236e-005	1.96828e-005	1.69614e-005	1.38568e-005	1.18125e-005	1.05577e-005	9.84265e-006	9.50736e-006	9.03629e-006	8.2482e-006	7.2977e-006	6.03517e-006	4.31875e-006	2.56697e-006	1.31303e-006	6.19025e-007	2.66265e-007	9.46511e-008	2.54502e-008	4.92127e-009	6.74778e-010	3.88315e-011	1.57235e-012	1.52054e-011	6.89668e-012	
1.55405e-011	2.11392e-011	4.87499e-011	6.92394e-010	4.98922e-009	2.69686e-008	1.07528e-007	3.29516e-007	8.05414e-007	1.61753e-006	2.77502e-006	4.47094e-006	7.41e-006	1.19082e-005	1.64074e-005	1.87178e-005	1.89917e-005	1.93727e-005	2.0784e-005	2.2147e-005	2.2677e-005	2.26119e-005	2.17043e-005	1.95965e-005	1.74098e-005	1.66411e-005	1.69967e-005	1.71946e-005	1.69356e-005	1.6904e-005	1.82128e-005	2.18206e-005	2.71894e-005	3.25149e-005	3.72537e-005	4.38045e-005	5.65337e-005	7.96333e-005	0.000116697	0.000172434	0.00025152	0.000355736	0.000491743	0.000682173	0.000958714	0.00134871	0.00187323	0.00253741	0.00330313	0.00409901	0.00488304	0.00566569	0.00646545	0.0072707	0.00804746	0.00878468	0.0095086	0.010217	0.0108449	0.0113478	0.011759	0.0120918	0.0122903	0.0123813	0.0125141	0.0127196	0.0128141	0.0126522	0.0122704	0.0117264	0.0110164	0.01017	0.00924782	0.00826867	0.00725141	0.00627147	0.00539714	0.0046027	0.00381343	0.00302862	0.00232045	0.00173395	0.00126988	0.000922909	0.000674137	0.000488336	0.000349233	0.00026344	0.000223622	0.000200012	0.000169829	0.00013202	9.43428e-005	6.25904e-005	4.05263e-005	2.84762e-005	2.26312e-005	1.9102e-005	1.6425e-005	1.47754e-005	1.48156e-005	1.69034e-005	2.03578e-005	2.31211e-005	2.31159e-005	2.06978e-005	1.8175e-005	1.65025e-005	1.49224e-005	1.33892e-005	1.24784e-005	1.19837e-005	1.13892e-005	1.04503e-005	8.88354e-006	6.63734e-006	4.32075e-006	2.57437e-006	1.44074e-006	7.065e-007	2.74354e-007	7.92952e-008	1.67119e-008	2.74298e-009	4.60668e-010	1.60676e-010	3.52945e-011	2.96592e-011	
1.87444e-011	4.93148e-011	2.34705e-010	2.34275e-009	1.57736e-008	7.91671e-008	2.93972e-007	8.33199e-007	1.8718e-006	3.44567e-006	5.34356e-006	7.43491e-006	1.02937e-005	1.4436e-005	1.8653e-005	2.11314e-005	2.20352e-005	2.27351e-005	2.34279e-005	2.34896e-005	2.31669e-005	2.29394e-005	2.20638e-005	1.98938e-005	1.76036e-005	1.67297e-005	1.70584e-005	1.75132e-005	1.80397e-005	1.96748e-005	2.39356e-005	3.15897e-005	4.10078e-005	5.00832e-005	6.09781e-005	8.17927e-005	0.000124025	0.000198259	0.000312917	0.000481262	0.000724109	0.00105504	0.00147367	0.00198652	0.00262803	0.00345805	0.00452753	0.00581825	0.00721959	0.00860822	0.00994017	0.0112165	0.0124111	0.0134849	0.0144245	0.0152753	0.0161288	0.0170047	0.0177963	0.0184105	0.0188797	0.0192534	0.0194961	0.0196376	0.0198535	0.020186	0.020386	0.0202344	0.0197683	0.0190838	0.0182116	0.0172218	0.016183	0.0150254	0.0136595	0.012179	0.0107643	0.00943661	0.00808178	0.0066828	0.0053505	0.00417366	0.00318631	0.00240537	0.00180649	0.00132977	0.000947723	0.000675904	0.000511085	0.000407976	0.000319034	0.000227972	0.000145554	8.6721e-005	5.42315e-005	3.89888e-005	3.06149e-005	2.47026e-005	2.08229e-005	1.88419e-005	1.86841e-005	2.0465e-005	2.35311e-005	2.60663e-005	2.62971e-005	2.45229e-005	2.27214e-005	2.14999e-005	1.98539e-005	1.78834e-005	1.6644e-005	1.61509e-005	1.56353e-005	1.45162e-005	1.24268e-005	9.5007e-006	6.58754e-006	4.36972e-006	2.75539e-006	1.49844e-006	6.36889e-007	2.0116e-007	4.74026e-008	9.88531e-009	2.91317e-009	1.28809e-009	4.56211e-010	1.55952e-010	
2.31106e-011	2.17663e-010	9.9139e-010	6.83924e-009	4.03446e-008	1.83853e-007	6.28694e-007	1.64498e-006	3.41313e-006	5.82721e-006	8.41287e-006	1.07248e-005	1.31535e-005	1.64004e-005	1.98674e-005	2.23706e-005	2.3842e-005	2.44542e-005	2.37342e-005	2.19255e-005	2.04544e-005	2.00125e-005	1.96912e-005	1.88e-005	1.79381e-005	1.78203e-005	1.82905e-005	1.89971e-005	2.07074e-005	2.57873e-005	3.69573e-005	5.40832e-005	7.35079e-005	9.52178e-005	0.000130304	0.000199486	0.000327735	0.000539276	0.000857539	0.00131832	0.00196773	0.00281465	0.00380284	0.00487976	0.00609098	0.00756068	0.00935034	0.0113521	0.0133573	0.0152378	0.0170044	0.0186572	0.0200866	0.021188	0.0219894	0.022664	0.0234185	0.0242944	0.025138	0.0257993	0.0262716	0.0266241	0.0268843	0.0270942	0.0273907	0.0277926	0.0280456	0.0279191	0.0274323	0.0266791	0.025739	0.0247749	0.0238918	0.0228942	0.0214906	0.0197196	0.0178781	0.0160912	0.0142489	0.0123028	0.0103478	0.00849138	0.00683194	0.00544614	0.00430804	0.00332135	0.00245333	0.00175825	0.00126952	0.000938627	0.000683093	0.000457265	0.000271279	0.000150524	9.20116e-005	6.70913e-005	5.13539e-005	3.82956e-005	2.94056e-005	2.44192e-005	2.22503e-005	2.28633e-005	2.57005e-005	2.87415e-005	2.97679e-005	2.85007e-005	2.66959e-005	2.53526e-005	2.3794e-005	2.18975e-005	2.05074e-005	1.98764e-005	1.9423e-005	1.83032e-005	1.58294e-005	1.22411e-005	8.78509e-006	6.29643e-006	4.42041e-006	2.68179e-006	1.26156e-006	4.41245e-007	1.225e-007	3.86549e-008	1.91452e-008	9.98536e-009	3.95009e-009	1.21123e-009	
5.0048e-010	1.67089e-009	5.06796e-009	2.02456e-008	9.07897e-008	3.57214e-007	1.10657e-006	2.67276e-006	5.17507e-006	8.33087e-006	1.14523e-005	1.38685e-005	1.57819e-005	1.79972e-005	2.05119e-005	2.26766e-005	2.40754e-005	2.40763e-005	2.21742e-005	1.94152e-005	1.77232e-005	1.76464e-005	1.83195e-005	1.91723e-005	2.00221e-005	2.05911e-005	2.10104e-005	2.21012e-005	2.62662e-005	3.89682e-005	6.60553e-005	0.000107019	0.000157031	0.000223582	0.000336991	0.000541965	0.000886756	0.00141606	0.00217192	0.00321417	0.00460491	0.00630405	0.00812052	0.00989526	0.0117229	0.0138432	0.0162915	0.0188018	0.0210945	0.0231372	0.0250518	0.0268302	0.0282501	0.0291064	0.0294708	0.0296944	0.0301294	0.0308416	0.0316582	0.0323875	0.0329147	0.0332485	0.0334869	0.0337272	0.0340496	0.0344198	0.0346238	0.0344925	0.0340298	0.0332742	0.0323148	0.0314136	0.030773	0.0301522	0.0290668	0.0274032	0.025475	0.0235155	0.0214882	0.019327	0.0170483	0.0147214	0.0124981	0.0105222	0.00876993	0.00711601	0.00554019	0.00416076	0.00307885	0.00226855	0.00162405	0.00107663	0.000643541	0.000364159	0.000222697	0.00015527	0.000109406	7.16097e-005	4.60249e-005	3.21216e-005	2.56938e-005	2.44396e-005	2.67927e-005	3.0158e-005	3.17735e-005	3.07502e-005	2.86761e-005	2.71965e-005	2.60994e-005	2.45846e-005	2.27755e-005	2.14513e-005	2.09083e-005	2.02084e-005	1.79523e-005	1.41457e-005	1.04782e-005	8.11303e-006	6.35916e-006	4.28436e-006	2.20455e-006	8.52932e-007	2.98276e-007	1.4831e-007	9.74694e-008	5.46349e-008	2.28779e-008	7.58684e-009	
4.04938e-009	1.18701e-008	2.87194e-008	7.1653e-008	2.08435e-007	6.31487e-007	1.69427e-006	3.75625e-006	6.87145e-006	1.0612e-005	1.4099e-005	1.64768e-005	1.78684e-005	1.92727e-005	2.11112e-005	2.27808e-005	2.34134e-005	2.24493e-005	2.0202e-005	1.80998e-005	1.7572e-005	1.86581e-005	2.05692e-005	2.29111e-005	2.50649e-005	2.61088e-005	2.64827e-005	2.86783e-005	3.86139e-005	6.82548e-005	0.000131232	0.00023255	0.000374288	0.000581511	0.000912605	0.00144159	0.00224075	0.00336506	0.00484797	0.00673774	0.00908195	0.0117581	0.0143997	0.0167382	0.0189703	0.0214873	0.0242743	0.026898	0.0290764	0.0309498	0.0327516	0.0344296	0.0356446	0.0361045	0.0359303	0.03565	0.0357369	0.0362544	0.0370252	0.037837	0.0384376	0.0387147	0.0388265	0.0389829	0.039245	0.0395039	0.0395927	0.0394603	0.0391189	0.0384908	0.0375591	0.0366148	0.0360321	0.0357193	0.0351348	0.0339507	0.03234	0.0305832	0.0287591	0.0268102	0.024649	0.0222581	0.0197855	0.0174144	0.0151502	0.0128825	0.0106042	0.00846113	0.00660895	0.00507014	0.00375109	0.00259217	0.0016476	0.000995245	0.000617048	0.00040488	0.000260352	0.000151655	8.16432e-005	4.5704e-005	3.0614e-005	2.63464e-005	2.73293e-005	2.97411e-005	3.0852e-005	2.98253e-005	2.80372e-005	2.71165e-005	2.68209e-005	2.57067e-005	2.33735e-005	2.12065e-005	2.04718e-005	2.03169e-005	1.86967e-005	1.52174e-005	1.18034e-005	9.88437e-006	8.44889e-006	6.10384e-006	3.34095e-006	1.44111e-006	6.77927e-007	4.80713e-007	3.60783e-007	2.12509e-007	9.63743e-008	3.72195e-008	
2.19266e-008	6.20717e-008	1.37313e-007	2.70703e-007	5.43987e-007	1.15796e-006	2.45747e-006	4.80458e-006	8.24118e-006	1.22013e-005	1.55811e-005	1.74741e-005	1.82767e-005	1.94388e-005	2.15527e-005	2.34325e-005	2.35766e-005	2.20544e-005	2.03955e-005	2.00699e-005	2.16353e-005	2.46107e-005	2.81456e-005	3.21661e-005	3.65239e-005	3.98739e-005	4.22461e-005	4.90421e-005	7.4526e-005	0.000144659	0.000291349	0.000540625	0.000920242	0.00148366	0.00230721	0.00346462	0.00501608	0.00698899	0.00936169	0.0121201	0.015272	0.0186382	0.0217449	0.0242829	0.0265619	0.0290835	0.0317934	0.0341799	0.0360117	0.037562	0.03911	0.0405434	0.0414613	0.0415532	0.040985	0.0403904	0.0403008	0.0407368	0.0414731	0.0422719	0.0428024	0.0428804	0.0427307	0.0426963	0.042842	0.0429694	0.0429552	0.0429081	0.042872	0.0425848	0.0417832	0.0406914	0.0399056	0.0396601	0.0395151	0.0389394	0.0378743	0.0365825	0.0352462	0.0338228	0.0321324	0.0300498	0.0276535	0.0251424	0.0226145	0.02003	0.0173556	0.0146691	0.012127	0.00980904	0.00765724	0.00563714	0.00386484	0.00250608	0.00159763	0.00101835	0.000622291	0.000344102	0.000171243	8.3278e-005	4.66671e-005	3.41919e-005	3.09079e-005	3.00793e-005	2.90204e-005	2.72515e-005	2.57651e-005	2.54148e-005	2.55088e-005	2.45583e-005	2.2259e-005	2.01122e-005	1.94681e-005	1.95592e-005	1.8403e-005	1.5525e-005	1.26913e-005	1.1223e-005	9.96708e-006	7.41946e-006	4.26111e-006	2.11902e-006	1.35329e-006	1.18476e-006	9.50151e-007	5.95105e-007	3.06608e-007	1.44196e-007	
8.18161e-008	2.28153e-007	4.84471e-007	8.61246e-007	1.42016e-006	2.29773e-006	3.72016e-006	6.01562e-006	9.26672e-006	1.27769e-005	1.52819e-005	1.6141e-005	1.63901e-005	1.79832e-005	2.13938e-005	2.46244e-005	2.55936e-005	2.48966e-005	2.48188e-005	2.67405e-005	3.09741e-005	3.7034e-005	4.376e-005	5.16367e-005	6.21515e-005	7.35904e-005	8.55226e-005	0.000111235	0.000184668	0.000359721	0.000701387	0.00127492	0.00215206	0.00341153	0.00509953	0.00720455	0.00969269	0.0125267	0.0156381	0.01896	0.0224625	0.0259644	0.0290174	0.0313682	0.0333797	0.0355535	0.0378428	0.0398068	0.0412743	0.0425123	0.0437605	0.0448886	0.0455251	0.045389	0.044636	0.0439075	0.0437745	0.0442294	0.0449485	0.0456374	0.0459664	0.0457658	0.0453296	0.0451026	0.0451395	0.0451552	0.0450768	0.045185	0.0455656	0.0457588	0.0452213	0.0440583	0.0430256	0.042671	0.0427328	0.0425881	0.0420007	0.0411861	0.0403758	0.0395421	0.0384591	0.0369043	0.0348444	0.0324732	0.0300093	0.0274978	0.0248427	0.0219991	0.0190904	0.0162409	0.0134065	0.0105328	0.00776953	0.00540465	0.00361497	0.00234676	0.0014451	0.000814185	0.000416392	0.000203482	0.000106703	6.64425e-005	4.8388e-005	3.85337e-005	3.21491e-005	2.76158e-005	2.48103e-005	2.36386e-005	2.29952e-005	2.16925e-005	1.97786e-005	1.83454e-005	1.79901e-005	1.79636e-005	1.70104e-005	1.48877e-005	1.2742e-005	1.14209e-005	1.00443e-005	7.54286e-006	4.63714e-006	2.78748e-006	2.24925e-006	2.15746e-006	1.80844e-006	1.24621e-006	7.66227e-007	4.37643e-007	
2.12297e-007	5.87315e-007	1.21968e-006	2.05703e-006	3.07601e-006	4.29318e-006	5.75433e-006	7.71283e-006	1.03161e-005	1.28533e-005	1.41199e-005	1.39279e-005	1.388e-005	1.61114e-005	2.07998e-005	2.55457e-005	2.8226e-005	2.95898e-005	3.17153e-005	3.58335e-005	4.31322e-005	5.4107e-005	6.73996e-005	8.41745e-005	0.000108498	0.000140383	0.000185066	0.000277872	0.000492251	0.000925959	0.00168062	0.00285315	0.0045452	0.00682831	0.00965021	0.0128197	0.0161336	0.0194982	0.0228991	0.0263139	0.0296908	0.0328527	0.0354537	0.0373514	0.0388932	0.0405011	0.0421889	0.043684	0.0448485	0.0458341	0.0468079	0.047674	0.0481253	0.0478914	0.0470608	0.0462353	0.0460429	0.0464985	0.0472024	0.047811	0.0480112	0.0476453	0.0470375	0.046684	0.0466275	0.0465483	0.0464308	0.0466601	0.0473399	0.0479213	0.0477362	0.046771	0.0457276	0.0452472	0.0452512	0.0452211	0.0448944	0.0444109	0.0439631	0.0435433	0.0429569	0.0419507	0.040402	0.0384589	0.0363761	0.0342291	0.0318804	0.0292161	0.0263415	0.0233959	0.0202974	0.0169017	0.0133249	0.009946	0.0071043	0.00487678	0.00316896	0.00190504	0.00105341	0.000552428	0.000293356	0.00016702	0.00010294	6.85869e-005	4.95014e-005	3.76598e-005	2.97826e-005	2.5086e-005	2.22539e-005	1.98055e-005	1.75786e-005	1.62046e-005	1.5716e-005	1.54839e-005	1.49262e-005	1.38014e-005	1.2319e-005	1.08147e-005	9.10247e-006	6.92346e-006	4.80412e-006	3.52609e-006	3.13605e-006	2.99743e-006	2.61356e-006	2.05946e-006	1.52896e-006	1.00859e-006	
3.9234e-007	1.08019e-006	2.21422e-006	3.62208e-006	5.13036e-006	6.64795e-006	8.12002e-006	9.73482e-006	1.16663e-005	1.33419e-005	1.38298e-005	1.32183e-005	1.31585e-005	1.55571e-005	2.03257e-005	2.5262e-005	2.88383e-005	3.18338e-005	3.56261e-005	4.14072e-005	5.19034e-005	6.95766e-005	9.41574e-005	0.000128572	0.000182226	0.000266599	0.000411736	0.00069889	0.00125899	0.00223118	0.00371913	0.00578853	0.00850292	0.0118786	0.0157447	0.0197293	0.0234715	0.0268671	0.0300501	0.0331295	0.0360433	0.0385896	0.0405282	0.0418374	0.0428335	0.0438543	0.0449728	0.0460514	0.0469455	0.0476927	0.0484299	0.0491176	0.0494811	0.0492283	0.048396	0.0475507	0.0473259	0.0477454	0.0484173	0.049021	0.0492449	0.048891	0.0482501	0.0478104	0.047635	0.0474722	0.0473508	0.0476074	0.0483115	0.0490144	0.0491656	0.0486436	0.0478503	0.0472907	0.0470782	0.0469726	0.0467921	0.0465504	0.0463064	0.0460537	0.045688	0.0450356	0.0439879	0.0426274	0.0411138	0.0394741	0.0375834	0.0353463	0.0328576	0.030227	0.0273081	0.0238673	0.0199581	0.0159535	0.0122468	0.0090185	0.00629356	0.00409908	0.0024805	0.00141585	0.000785572	0.000435389	0.00024651	0.000148602	9.84595e-005	6.84438e-005	4.7124e-005	3.32455e-005	2.55602e-005	2.08635e-005	1.72566e-005	1.47394e-005	1.34789e-005	1.31834e-005	1.33904e-005	1.34134e-005	1.26159e-005	1.09769e-005	8.94581e-006	7.03318e-006	5.57473e-006	4.59479e-006	3.95682e-006	3.51456e-006	3.15711e-006	2.84058e-006	2.41384e-006	1.71407e-006	
5.55803e-007	1.51732e-006	3.07177e-006	4.91415e-006	6.73314e-006	8.44425e-006	1.00768e-005	1.17492e-005	1.34494e-005	1.47226e-005	1.50506e-005	1.46225e-005	1.47003e-005	1.67093e-005	2.03585e-005	2.38849e-005	2.66025e-005	2.96132e-005	3.41774e-005	4.19679e-005	5.70937e-005	8.45797e-005	0.000128881	0.000201375	0.000328543	0.000555186	0.000963918	0.00169743	0.00292848	0.00478494	0.00729166	0.0103907	0.0140313	0.0181605	0.0225645	0.026819	0.0305108	0.0335545	0.0362003	0.0386604	0.0408717	0.042636	0.0438353	0.0445637	0.045106	0.0457083	0.0464341	0.0471985	0.0478447	0.0483364	0.0488107	0.0493082	0.0496019	0.049397	0.0487178	0.0480769	0.0479938	0.0484302	0.0490544	0.049637	0.0499083	0.0496577	0.0491001	0.0486339	0.0483506	0.048131	0.0480083	0.0481591	0.0486284	0.0492189	0.0496143	0.049562	0.0490726	0.0484655	0.0480625	0.0479221	0.0479275	0.0479335	0.0478323	0.0475911	0.0472032	0.0466408	0.0459002	0.0450302	0.0440624	0.0429695	0.041674	0.0400895	0.0382356	0.0361529	0.0336798	0.0305906	0.0269019	0.0228623	0.0187435	0.0147436	0.01103	0.00778208	0.00516145	0.00323266	0.00192579	0.00109767	0.00060987	0.00034852	0.000215813	0.000139203	8.6104e-005	5.17844e-005	3.39703e-005	2.51975e-005	1.94051e-005	1.51003e-005	1.27787e-005	1.24607e-005	1.33365e-005	1.42333e-005	1.41801e-005	1.28877e-005	1.08067e-005	8.79053e-006	7.30917e-006	6.09004e-006	4.90049e-006	4.00159e-006	3.58089e-006	3.39549e-006	2.9855e-006	2.13339e-006	
7.19764e-007	1.90181e-006	3.72678e-006	5.75248e-006	7.64649e-006	9.57405e-006	1.18145e-005	1.42242e-005	1.61708e-005	1.71218e-005	1.71701e-005	1.68567e-005	1.70763e-005	1.86688e-005	2.11136e-005	2.30029e-005	2.43629e-005	2.70732e-005	3.35854e-005	4.72327e-005	7.37616e-005	0.000122491	0.000211268	0.000378889	0.00069541	0.00126441	0.00222979	0.0037649	0.00600271	0.00895422	0.0124877	0.016395	0.0205193	0.0247862	0.0290559	0.0330106	0.0362992	0.0388388	0.0408686	0.0426045	0.0440027	0.044954	0.045503	0.0458339	0.0461566	0.0465693	0.047056	0.0475758	0.0480233	0.0482881	0.0484397	0.0486208	0.0487687	0.0486605	0.0482897	0.0480371	0.0482288	0.0487394	0.0492954	0.0497635	0.049991	0.0498539	0.0494905	0.0491387	0.0488693	0.0486419	0.0484451	0.0483455	0.0484768	0.0489076	0.0494555	0.0497097	0.0494189	0.0488312	0.048422	0.0483926	0.0486042	0.0487903	0.0487513	0.0484604	0.0479914	0.0474111	0.046787	0.0461716	0.0455642	0.044975	0.0443717	0.0435705	0.0424221	0.0409121	0.0389666	0.0364722	0.0334211	0.0298481	0.0257979	0.0214365	0.0170618	0.0129775	0.00941374	0.00649335	0.00422682	0.00257235	0.00147168	0.000822812	0.000473835	0.000279213	0.000158156	8.6359e-005	5.1148e-005	3.49239e-005	2.49999e-005	1.79863e-005	1.43729e-005	1.38056e-005	1.47173e-005	1.5732e-005	1.61801e-005	1.56698e-005	1.40192e-005	1.17848e-005	9.75526e-006	7.93274e-006	6.12835e-006	4.73921e-006	4.02418e-006	3.6026e-006	2.97743e-006	2.03577e-006	
1.04585e-006	2.55674e-006	4.65431e-006	6.69111e-006	8.48287e-006	1.07522e-005	1.40658e-005	1.76572e-005	1.98989e-005	2.01072e-005	1.92176e-005	1.85105e-005	1.87659e-005	2.03182e-005	2.2559e-005	2.44541e-005	2.64685e-005	3.13719e-005	4.41486e-005	7.26087e-005	0.000128753	0.000234489	0.000437673	0.000832376	0.00155964	0.00278345	0.00466549	0.00731513	0.0107005	0.0146232	0.0188005	0.022973	0.026992	0.0308328	0.0344809	0.03779	0.040512	0.0425261	0.0439673	0.0450172	0.0457066	0.0460664	0.046272	0.0465174	0.0468755	0.0472693	0.0475956	0.0478942	0.0481856	0.0482878	0.0481126	0.0478783	0.0477805	0.0477342	0.0476519	0.0477127	0.0480767	0.0486028	0.0490757	0.0494078	0.0495496	0.0494942	0.0493471	0.0492136	0.0491024	0.0489436	0.0486511	0.0483008	0.0481957	0.0485515	0.0491583	0.0495075	0.04933	0.0489108	0.0487148	0.0488638	0.0491436	0.0492777	0.0491194	0.0487345	0.0482577	0.0477288	0.0471691	0.046643	0.0462284	0.0460438	0.0460603	0.0459341	0.0453609	0.0443333	0.0429185	0.0411279	0.0388995	0.0360419	0.0324102	0.0281563	0.0236593	0.0192663	0.0151788	0.0114671	0.00816011	0.00536763	0.00324609	0.00183806	0.0010082	0.000543361	0.000283761	0.000148117	8.56708e-005	5.54715e-005	3.60747e-005	2.3424e-005	1.76271e-005	1.65093e-005	1.69597e-005	1.73603e-005	1.7665e-005	1.77976e-005	1.69753e-005	1.50144e-005	1.26895e-005	1.03214e-005	7.8602e-006	5.80071e-006	4.4977e-006	3.60865e-006	2.73293e-006	1.81199e-006	
1.68526e-006	3.70784e-006	6.11692e-006	8.03942e-006	9.64065e-006	1.23206e-005	1.67024e-005	2.11405e-005	2.31684e-005	2.22468e-005	2.01807e-005	1.89076e-005	1.91401e-005	2.10051e-005	2.44139e-005	2.9184e-005	3.59331e-005	4.76426e-005	7.31986e-005	0.000132257	0.000259041	0.000509735	0.000981777	0.00183391	0.00326505	0.00544973	0.00848208	0.0123077	0.0166578	0.0211295	0.0253834	0.0292554	0.0327316	0.0358769	0.0387596	0.0413488	0.0434614	0.0449123	0.04574	0.046169	0.046394	0.0465689	0.0468615	0.0473363	0.0478929	0.0483412	0.0485586	0.0486691	0.0488164	0.0487962	0.048381	0.0478033	0.0474513	0.0473523	0.0473277	0.047395	0.0476681	0.048098	0.0485377	0.0488662	0.0490027	0.048968	0.0488993	0.0489086	0.0489866	0.0489884	0.0487424	0.0483486	0.0482022	0.0485198	0.0490301	0.0492885	0.0492012	0.0490889	0.0492214	0.049494	0.0496375	0.0494856	0.0490554	0.0485459	0.0481192	0.0477161	0.0472558	0.0468206	0.046583	0.0467038	0.0470962	0.0473443	0.0471384	0.0465135	0.0456065	0.0444787	0.0430007	0.0408468	0.0378183	0.034084	0.0300209	0.025938	0.0219329	0.0178998	0.0137643	0.00975367	0.00630778	0.00374089	0.00206277	0.00107052	0.000531552	0.000268434	0.000150774	9.15295e-005	5.36009e-005	3.08398e-005	2.13518e-005	1.94798e-005	1.96604e-005	1.94312e-005	1.90382e-005	1.90377e-005	1.87516e-005	1.7555e-005	1.57836e-005	1.34773e-005	1.04963e-005	7.56825e-006	5.46228e-006	4.10082e-006	3.08318e-006	2.17402e-006	
2.62197e-006	5.16572e-006	7.71667e-006	9.37854e-006	1.08794e-005	1.40557e-005	1.90927e-005	2.34766e-005	2.45681e-005	2.24774e-005	1.96455e-005	1.81318e-005	1.8406e-005	2.07749e-005	2.65792e-005	3.75407e-005	5.46277e-005	8.04565e-005	0.000131218	0.000254399	0.000537864	0.00110427	0.00210456	0.00371733	0.00611234	0.009377	0.0134716	0.0181753	0.0230529	0.0276085	0.0315338	0.0348097	0.0375973	0.0400563	0.0422679	0.0442086	0.0456975	0.0465069	0.0466653	0.0465325	0.0465041	0.0467938	0.0474346	0.0482676	0.049024	0.0494891	0.0496166	0.049608	0.0496608	0.0495854	0.049106	0.0484134	0.0479204	0.0476744	0.0474579	0.0472609	0.0472754	0.0475895	0.0480988	0.0485863	0.048822	0.0487467	0.0485585	0.048511	0.0486776	0.0488767	0.0488517	0.0486481	0.0486094	0.0488706	0.0491564	0.0492049	0.0491424	0.0492859	0.0496696	0.0499735	0.049913	0.0494677	0.048822	0.0482549	0.0478976	0.0476024	0.047248	0.0469712	0.046973	0.0473101	0.0478089	0.0481483	0.0481611	0.0478892	0.0474085	0.0467561	0.0457899	0.0441969	0.0418351	0.0388736	0.0356062	0.0322631	0.0288222	0.0249587	0.0204232	0.0154737	0.0107562	0.00684973	0.00400288	0.00215546	0.00108518	0.000534186	0.000274366	0.000147204	7.70643e-005	4.01255e-005	2.54692e-005	2.2423e-005	2.28391e-005	2.27328e-005	2.17109e-005	2.06717e-005	1.97564e-005	1.88927e-005	1.81704e-005	1.6789e-005	1.39886e-005	1.0582e-005	7.86593e-006	6.09437e-006	4.77062e-006	3.47337e-006	
3.67894e-006	6.50188e-006	8.86618e-006	1.01742e-005	1.17836e-005	1.55992e-005	2.10595e-005	2.49635e-005	2.49371e-005	2.19009e-005	1.86337e-005	1.69844e-005	1.72432e-005	2.02503e-005	2.94583e-005	5.00591e-005	8.58535e-005	0.000142954	0.000255185	0.000522899	0.00112385	0.00226687	0.00412268	0.00679158	0.0102823	0.01449	0.0192302	0.024235	0.0291051	0.0334053	0.036872	0.0395479	0.0417061	0.0435911	0.045266	0.0466394	0.0475082	0.0476911	0.0473	0.046796	0.0466462	0.0470334	0.0478629	0.0488297	0.0495768	0.0499154	0.0499223	0.0498879	0.0499994	0.0500409	0.0497044	0.0491043	0.0485921	0.0482122	0.0477749	0.0473216	0.04714	0.0474088	0.0480267	0.0486901	0.049037	0.0489001	0.0485036	0.0482559	0.048365	0.0486734	0.04887	0.0489153	0.0490521	0.0493291	0.049478	0.0493555	0.049199	0.0493256	0.0497047	0.0499706	0.0498364	0.0493409	0.0487459	0.0483135	0.0480722	0.0478204	0.0475037	0.0473712	0.0476001	0.0480642	0.0485131	0.0487993	0.0489296	0.0489162	0.0487173	0.04833	0.047673	0.0465321	0.0448163	0.0426413	0.0401999	0.0376598	0.0349258	0.0315327	0.0270955	0.0218054	0.0163102	0.0112854	0.00719198	0.00420885	0.00226178	0.0011268	0.000534533	0.000248914	0.000115402	5.5489e-005	3.2087e-005	2.59805e-005	2.63701e-005	2.71374e-005	2.6089e-005	2.36371e-005	2.08985e-005	1.92306e-005	1.91594e-005	1.9109e-005	1.73715e-005	1.44441e-005	1.18089e-005	9.77412e-006	7.69994e-006	5.33398e-006	
4.6475e-006	7.37746e-006	9.30787e-006	1.02919e-005	1.20449e-005	1.63682e-005	2.231e-005	2.63347e-005	2.60758e-005	2.26618e-005	1.88743e-005	1.65727e-005	1.64426e-005	2.01987e-005	3.37931e-005	6.86447e-005	0.000139702	0.000272143	0.000539755	0.00112052	0.00229282	0.00432126	0.00731639	0.0111991	0.0157297	0.0205585	0.02538	0.0300301	0.0343667	0.0381572	0.0411619	0.0433622	0.0450283	0.0464488	0.047674	0.048545	0.0488792	0.0486541	0.0480935	0.0475847	0.047434	0.0477101	0.0482895	0.0489143	0.0492955	0.0493071	0.0491254	0.0491243	0.0494572	0.0498025	0.049742	0.0493009	0.0488203	0.0484121	0.047944	0.0474711	0.0472898	0.0475861	0.048248	0.0489648	0.0493525	0.0491804	0.0486421	0.0482067	0.0481703	0.0484267	0.0486735	0.0488434	0.0491288	0.0495365	0.0497761	0.0496658	0.0493752	0.049228	0.0493578	0.0495729	0.0495871	0.0493549	0.0490841	0.04894	0.0488265	0.0485466	0.0481954	0.0481484	0.0485404	0.0490817	0.0494505	0.0496115	0.0497055	0.0497601	0.0496746	0.0494323	0.0490328	0.0483251	0.0471655	0.0455792	0.0437221	0.0417594	0.0395959	0.0367723	0.0328684	0.0279277	0.0223897	0.0168155	0.011736	0.00754121	0.00440861	0.00232094	0.0011044	0.000488305	0.000210593	9.37531e-005	4.70822e-005	3.18261e-005	3.02264e-005	3.172e-005	3.09262e-005	2.71163e-005	2.22428e-005	1.91963e-005	1.92249e-005	2.03032e-005	1.9847e-005	1.78503e-005	1.57177e-005	1.3571e-005	1.05697e-005	6.86974e-006	
5.51885e-006	7.8409e-006	9.28181e-006	1.00586e-005	1.17022e-005	1.58404e-005	2.19094e-005	2.6721e-005	2.75897e-005	2.49095e-005	2.09136e-005	1.7679e-005	1.6887e-005	2.17121e-005	4.21115e-005	0.000102521	0.000248162	0.000556044	0.00117142	0.00235134	0.00442005	0.00758914	0.0117983	0.0167499	0.0220006	0.0270192	0.0314244	0.0352216	0.0386318	0.0417133	0.0442662	0.0461358	0.0474649	0.0485176	0.0493587	0.0498253	0.0498167	0.0495031	0.0491614	0.0489545	0.0489078	0.0489541	0.0489966	0.0489418	0.0486984	0.048247	0.0478115	0.0478111	0.0483813	0.0490747	0.0493162	0.0490476	0.0486406	0.0482964	0.047936	0.0476108	0.0475858	0.0479795	0.0486268	0.0492665	0.0496109	0.0494425	0.0488934	0.0483913	0.0482407	0.0483733	0.048528	0.048648	0.0489238	0.0493877	0.0497637	0.0497795	0.0494375	0.0490301	0.0489213	0.0491775	0.0495151	0.0497128	0.0498199	0.0498836	0.0497667	0.0493918	0.0490328	0.0491142	0.0496775	0.0503064	0.0506059	0.0505614	0.0504126	0.0502913	0.0501425	0.0499762	0.0498498	0.0495886	0.0488946	0.047691	0.0461586	0.0445069	0.042713	0.0404514	0.0373409	0.0332436	0.0283093	0.0228631	0.0173246	0.0121448	0.00774184	0.00442212	0.00225814	0.00104953	0.00045988	0.000196464	8.56373e-005	4.57613e-005	3.75418e-005	3.82866e-005	3.65993e-005	3.06056e-005	2.35297e-005	1.94156e-005	1.9687e-005	2.17413e-005	2.20987e-005	2.02663e-005	1.78718e-005	1.53095e-005	1.16989e-005	7.30248e-006	
6.56756e-006	8.41021e-006	9.40531e-006	1.00144e-005	1.11946e-005	1.42154e-005	1.9318e-005	2.44512e-005	2.70113e-005	2.63517e-005	2.36097e-005	2.07169e-005	2.04941e-005	2.91557e-005	6.61847e-005	0.000184765	0.000494045	0.00116759	0.00244115	0.00459609	0.00786272	0.0122332	0.0173902	0.0228855	0.028262	0.032995	0.0366992	0.0394977	0.0418924	0.0442193	0.0463575	0.0479961	0.0490661	0.0497791	0.0502843	0.0504918	0.0503747	0.0501983	0.0501975	0.0503208	0.0503988	0.0502826	0.0498824	0.0492321	0.0484371	0.0475935	0.0469308	0.0468664	0.0475424	0.0484569	0.0489469	0.0488964	0.0486406	0.0483686	0.0480364	0.0477782	0.0479028	0.0484258	0.0490404	0.0495229	0.0497648	0.0496316	0.0491741	0.0487272	0.0485908	0.0487253	0.0488462	0.0488285	0.0488556	0.0490756	0.0493488	0.0494087	0.0491272	0.0487078	0.0486021	0.0490209	0.0496778	0.0502025	0.0504938	0.0505456	0.0502985	0.0498448	0.0495697	0.0498475	0.0505991	0.0513259	0.0515836	0.051329	0.0508492	0.0504069	0.0500651	0.049894	0.0499815	0.0500988	0.0498005	0.0489147	0.047613	0.0461297	0.044573	0.0428252	0.040564	0.0374904	0.033523	0.0287536	0.0233667	0.0176924	0.0122593	0.00766786	0.00431189	0.00219821	0.00103194	0.000450566	0.000186669	8.51732e-005	5.80016e-005	5.34687e-005	4.7285e-005	3.60934e-005	2.55266e-005	2.0445e-005	2.13576e-005	2.4451e-005	2.50907e-005	2.22508e-005	1.82267e-005	1.45426e-005	1.07387e-005	6.66978e-006	
7.98077e-006	9.62911e-006	1.024e-005	1.04865e-005	1.09203e-005	1.23507e-005	1.55483e-005	1.987e-005	2.36255e-005	2.57932e-005	2.65859e-005	2.77192e-005	3.3824e-005	5.83787e-005	0.000143423	0.000398611	0.00103759	0.00235871	0.00465523	0.00810766	0.0126743	0.0180031	0.0235438	0.0288666	0.0337211	0.0377774	0.0407292	0.0427277	0.0443538	0.0460775	0.0478421	0.0492137	0.0499424	0.0502462	0.0504375	0.0505333	0.0505115	0.0505784	0.0508484	0.0511481	0.0512728	0.051094	0.050535	0.049662	0.0486555	0.0476734	0.0469303	0.0467987	0.0474278	0.0483594	0.0489697	0.049125	0.0490479	0.0488111	0.0483798	0.048019	0.0481328	0.0486649	0.0491796	0.0494846	0.0496426	0.0495923	0.0492768	0.0489446	0.0489553	0.0493139	0.0496033	0.0494951	0.0491366	0.0488669	0.0487943	0.0487719	0.0486177	0.0483914	0.0484459	0.048994	0.0497693	0.0503511	0.0505882	0.050536	0.05025	0.0498553	0.0496742	0.0500207	0.0508276	0.0516315	0.0519614	0.0516849	0.0510362	0.0503491	0.0498153	0.0495727	0.0497222	0.0500217	0.0499804	0.0493685	0.0482913	0.0469604	0.045618	0.0443488	0.0428707	0.0407642	0.0378208	0.0339924	0.0292364	0.023655	0.0177003	0.0120954	0.00750485	0.00423384	0.00217907	0.00102074	0.000438482	0.00019111	0.000109501	8.53036e-005	6.69324e-005	4.56821e-005	2.92985e-005	2.2567e-005	2.37887e-005	2.74248e-005	2.78703e-005	2.37047e-005	1.78097e-005	1.29399e-005	9.27404e-006	6.06999e-006	
9.49334e-006	1.14175e-005	1.17626e-005	1.13913e-005	1.10044e-005	1.11385e-005	1.2537e-005	1.55859e-005	2.00364e-005	2.56623e-005	3.33239e-005	4.67134e-005	7.60099e-005	0.000151636	0.000360841	0.000902034	0.00210972	0.00437146	0.00793387	0.0127331	0.0183537	0.0241281	0.0294391	0.0340603	0.038037	0.0412625	0.0435455	0.0450388	0.0462463	0.0475744	0.0489464	0.0498943	0.0501426	0.049989	0.0498956	0.0499736	0.050175	0.0505652	0.0510803	0.0514484	0.0515005	0.0512386	0.0506942	0.0499235	0.0490367	0.0481661	0.0474995	0.0473389	0.0478238	0.0485982	0.0491541	0.0493732	0.049387	0.0491767	0.0486932	0.0482246	0.0481753	0.0484911	0.0487954	0.0489886	0.0491861	0.0492834	0.0491178	0.0489133	0.0491287	0.0498026	0.0503576	0.0502568	0.04961	0.0489227	0.0485293	0.0484135	0.0483654	0.0482915	0.0483989	0.0488958	0.0495928	0.0500794	0.0502089	0.0501493	0.050024	0.0498038	0.0495929	0.0497169	0.0503506	0.0512167	0.0517927	0.0517595	0.0512126	0.0504856	0.0498568	0.0495209	0.0496026	0.0498912	0.0499052	0.0493986	0.0484629	0.0473128	0.0462541	0.0454659	0.0446646	0.0433364	0.041222	0.0382714	0.0343577	0.0293686	0.0235194	0.0174262	0.0118601	0.00739461	0.00420672	0.00216135	0.00100086	0.000442938	0.000222938	0.000142075	9.63521e-005	5.92545e-005	3.50348e-005	2.56466e-005	2.59965e-005	2.88996e-005	2.86307e-005	2.38409e-005	1.73992e-005	1.23495e-005	9.15273e-006	6.64664e-006	
1.06222e-005	1.29895e-005	1.31888e-005	1.2283e-005	1.14387e-005	1.10391e-005	1.14089e-005	1.35438e-005	1.89373e-005	2.97159e-005	5.09377e-005	9.45091e-005	0.00018623	0.000392148	0.000873162	0.00192845	0.00396099	0.0073247	0.0120947	0.0179145	0.0240593	0.0297203	0.0344123	0.0381951	0.0413329	0.0438243	0.0455482	0.0466761	0.0476211	0.0486377	0.0495682	0.050005	0.0497894	0.0492727	0.04894	0.0489825	0.049406	0.0501722	0.0510053	0.0514633	0.0513742	0.0509405	0.050417	0.0498692	0.0492649	0.048646	0.0481439	0.0479666	0.048238	0.0487396	0.0491103	0.0492581	0.049278	0.0491391	0.0487692	0.0483437	0.0481333	0.0481261	0.0481756	0.0483497	0.0487085	0.0489941	0.0489642	0.0488706	0.0492273	0.050063	0.0507422	0.050696	0.0500245	0.0492426	0.0487382	0.0485596	0.0485064	0.0484121	0.0484047	0.0487316	0.0493169	0.049785	0.0499669	0.050059	0.0501684	0.0500723	0.0496666	0.0493541	0.0496615	0.0505599	0.0514373	0.0517418	0.0514327	0.0508159	0.0501847	0.0497682	0.049754	0.0499802	0.0499341	0.0493492	0.0484089	0.0474192	0.0466757	0.0463214	0.0460367	0.0452431	0.0436691	0.0413678	0.0382944	0.0342189	0.0290567	0.023136	0.0171287	0.0117249	0.00734933	0.00414908	0.00208853	0.000964756	0.000452802	0.000241289	0.000139652	7.811e-005	4.34853e-005	2.98358e-005	2.78466e-005	2.89588e-005	2.78547e-005	2.34381e-005	1.78674e-005	1.34735e-005	1.06414e-005	8.20329e-006	
1.11575e-005	1.36368e-005	1.36928e-005	1.26933e-005	1.21099e-005	1.19657e-005	1.20089e-005	1.37779e-005	2.1001e-005	4.03389e-005	8.67287e-005	0.000191947	0.00041835	0.000897809	0.00188397	0.00373418	0.00678257	0.0111831	0.0167839	0.0230489	0.0291502	0.0343307	0.0383212	0.0413931	0.0438915	0.0458234	0.0470765	0.0478231	0.0484399	0.0490982	0.0496028	0.0496562	0.0492172	0.0485603	0.0480436	0.0479451	0.0484568	0.0495476	0.0507414	0.0513555	0.0511496	0.0505231	0.0499755	0.0496155	0.0493191	0.0490358	0.0487699	0.0485701	0.0485482	0.0486945	0.0488575	0.0489669	0.0490428	0.049028	0.0488431	0.0485684	0.0483312	0.0481077	0.047934	0.0480666	0.04856	0.0490195	0.0491104	0.0490611	0.0493687	0.050076	0.0506675	0.0507165	0.0502874	0.049699	0.0492124	0.0489329	0.0487925	0.0486558	0.0485665	0.0487429	0.0492233	0.0497538	0.0501494	0.0504894	0.0507624	0.050642	0.0499619	0.0492154	0.0491734	0.0499872	0.0509996	0.0515189	0.0514289	0.0509868	0.0504246	0.0499676	0.0498925	0.0501096	0.050054	0.0493943	0.0483946	0.0474807	0.046937	0.0468305	0.0468204	0.046333	0.0451099	0.0432988	0.0409931	0.0379542	0.0338553	0.0286773	0.0228339	0.0169488	0.0115712	0.0071224	0.00389443	0.00191188	0.00088929	0.000424616	0.000214428	0.000109907	5.7587e-005	3.58007e-005	2.97397e-005	2.89133e-005	2.76805e-005	2.45092e-005	2.02394e-005	1.61935e-005	1.28893e-005	9.71567e-006	
1.15461e-005	1.38414e-005	1.37107e-005	1.28652e-005	1.28793e-005	1.33894e-005	1.37349e-005	1.61379e-005	2.70939e-005	6.00486e-005	0.000146771	0.000357103	0.000824925	0.00178355	0.00356382	0.00646945	0.0105936	0.0157749	0.0216792	0.027786	0.0333921	0.037922	0.0412871	0.0438215	0.0458433	0.0473563	0.0482399	0.0486216	0.0488515	0.0491096	0.0492669	0.049161	0.048794	0.0482484	0.0476654	0.0473818	0.0478234	0.0490587	0.0504914	0.051237	0.0509773	0.0502293	0.0496421	0.0493967	0.0493984	0.0495318	0.0495803	0.0493568	0.0489821	0.048743	0.048763	0.0489644	0.0491893	0.0492865	0.0492272	0.0491262	0.0490101	0.0487153	0.0482967	0.0482054	0.048651	0.0492094	0.0494047	0.0493159	0.0493725	0.0497382	0.0501696	0.0504115	0.050391	0.0501057	0.0496407	0.0492318	0.0490655	0.0490625	0.0490722	0.0491489	0.0494325	0.0499093	0.0504537	0.0509655	0.0512669	0.0510295	0.050164	0.0492067	0.0489308	0.0495185	0.0503951	0.05093	0.0509911	0.0507464	0.0503192	0.0498908	0.0498	0.0500601	0.0501231	0.04957	0.0486054	0.0476977	0.0471729	0.0470828	0.0471167	0.046783	0.0458481	0.0444629	0.0428012	0.0406944	0.0377122	0.0335481	0.0283013	0.0224158	0.0164377	0.0109407	0.00649824	0.00344151	0.00166437	0.000769703	0.000356766	0.000168188	8.08754e-005	4.35379e-005	3.10072e-005	2.84743e-005	2.82489e-005	2.71449e-005	2.42233e-005	2.00265e-005	1.5601e-005	1.11897e-005	
1.27703e-005	1.51907e-005	1.49272e-005	1.38608e-005	1.38231e-005	1.46934e-005	1.60954e-005	2.13311e-005	4.03005e-005	9.56437e-005	0.000244495	0.000618277	0.00146063	0.00312129	0.00593952	0.0100215	0.0151123	0.0207499	0.0265138	0.0320172	0.0367984	0.0405311	0.0432891	0.0454028	0.0471049	0.0483613	0.0490281	0.0491745	0.0491034	0.0490156	0.0488996	0.0487438	0.0485771	0.0483024	0.0478357	0.0474774	0.0477841	0.0489335	0.0503415	0.0510842	0.0508161	0.0500496	0.049454	0.0493068	0.0496148	0.0501786	0.0505182	0.0502424	0.0495487	0.0490299	0.0490219	0.0493692	0.0497055	0.0498204	0.0498223	0.0499141	0.0499771	0.0496218	0.0488683	0.048373	0.0485805	0.049129	0.049412	0.0492849	0.0490558	0.0490454	0.0493267	0.0497896	0.0501932	0.0502386	0.0498672	0.0494445	0.0493876	0.0496473	0.0498521	0.0498525	0.0498516	0.0500787	0.0505155	0.0509503	0.0511147	0.0507593	0.0499209	0.0491011	0.0488511	0.0492226	0.0498029	0.0501968	0.0503188	0.0502416	0.0499866	0.0496557	0.0495633	0.0498248	0.0500348	0.0497466	0.0489819	0.0481135	0.0475232	0.0473387	0.0473289	0.0470978	0.046416	0.0453618	0.044117	0.0426233	0.0404948	0.0372737	0.0327981	0.0273203	0.0212936	0.0152478	0.00983903	0.00566532	0.00292554	0.001383	0.00061963	0.000271619	0.000118145	5.42007e-005	3.17807e-005	2.68666e-005	2.785e-005	2.90503e-005	2.77001e-005	2.38329e-005	1.88767e-005	1.35048e-005	
1.49146e-005	1.81299e-005	1.79969e-005	1.62224e-005	1.51539e-005	1.58269e-005	1.92814e-005	3.10426e-005	6.66893e-005	0.000164393	0.000421219	0.00105262	0.00242263	0.00495565	0.00889214	0.0140421	0.0198244	0.0256119	0.0309997	0.0357241	0.0395201	0.0423023	0.0443482	0.0460523	0.0475597	0.04871	0.0492899	0.0493382	0.0491265	0.0488531	0.0485696	0.0483638	0.0483321	0.0483317	0.0481266	0.0478798	0.0480991	0.0490049	0.0501423	0.0507395	0.0504908	0.0497974	0.0492507	0.0492203	0.0497901	0.0506368	0.0510906	0.0507223	0.0498784	0.0493279	0.0494129	0.049826	0.0500997	0.0501123	0.050142	0.050399	0.0505776	0.0501364	0.0491097	0.0482636	0.0481844	0.0486363	0.0490039	0.0489508	0.0485942	0.0482996	0.0483777	0.0488886	0.0495539	0.0499193	0.0498056	0.0495663	0.0496812	0.0501305	0.0504697	0.0504369	0.05022	0.050146	0.0502715	0.0503997	0.0503193	0.0499021	0.0492696	0.0488304	0.0488463	0.0491698	0.0495211	0.0497573	0.0498714	0.0498915	0.0497942	0.0495777	0.0494236	0.049517	0.0497222	0.0497042	0.0492856	0.0486048	0.0480138	0.0477534	0.0477134	0.0475618	0.0470499	0.0461792	0.0450979	0.04384	0.0421629	0.0396247	0.0359328	0.0311899	0.0256803	0.019692	0.0137409	0.00858411	0.0047765	0.00237905	0.00107907	0.000458102	0.000187145	7.7301e-005	3.73834e-005	2.6324e-005	2.62699e-005	2.84975e-005	2.85797e-005	2.60069e-005	2.18939e-005	1.64918e-005	
1.62822e-005	2.05937e-005	2.11592e-005	1.91043e-005	1.71297e-005	1.79835e-005	2.55473e-005	5.03137e-005	0.000120307	0.000305605	0.000768808	0.0018204	0.00389922	0.00739694	0.012358	0.0182943	0.0244007	0.0300296	0.0348896	0.038834	0.0417084	0.0435658	0.0448417	0.0460423	0.0472909	0.0483106	0.0488107	0.048824	0.048633	0.0484232	0.048186	0.0479755	0.0479767	0.0481588	0.0482502	0.0482373	0.0484465	0.0490563	0.0497852	0.0501359	0.0499142	0.0493764	0.0489544	0.0490239	0.0496863	0.0505406	0.050904	0.0504756	0.0497165	0.0493569	0.0495643	0.0498917	0.0499406	0.0497921	0.0498077	0.0500989	0.0502824	0.0498703	0.048906	0.0480264	0.0477787	0.0480991	0.0485184	0.0486209	0.0483297	0.047911	0.0477542	0.0480858	0.0487419	0.0492838	0.0494592	0.0494768	0.0497091	0.0501836	0.0505638	0.0505871	0.0503429	0.050082	0.0498798	0.0496621	0.0493826	0.0490027	0.0486153	0.0485074	0.0487695	0.0491724	0.0495212	0.0497652	0.0498836	0.0499113	0.0498931	0.0497579	0.0494799	0.0492508	0.049254	0.0493934	0.0493732	0.049041	0.0485886	0.0483111	0.048226	0.0480621	0.0475787	0.0467617	0.0457076	0.0444624	0.0429372	0.0408497	0.0379241	0.0341407	0.0295313	0.0240387	0.0179461	0.012071	0.00725507	0.00388341	0.00185926	0.000811526	0.000334092	0.000135588	5.83981e-005	3.1737e-005	2.5781e-005	2.65154e-005	2.71753e-005	2.61468e-005	2.35983e-005	1.8908e-005	
1.58153e-005	2.09925e-005	2.29287e-005	2.2024e-005	2.09093e-005	2.42373e-005	4.0761e-005	9.17224e-005	0.000232018	0.000592833	0.00143435	0.00314844	0.00614729	0.0106533	0.016469	0.0228839	0.02896	0.0340799	0.0381475	0.0412513	0.0433837	0.0446092	0.0453	0.0459395	0.0467078	0.0473997	0.0477436	0.0477572	0.0477289	0.0478123	0.0478433	0.0477363	0.0477422	0.0480096	0.0483193	0.0485143	0.0487175	0.0490277	0.0493121	0.0493682	0.0491773	0.0488882	0.0486952	0.0488332	0.0493808	0.0499948	0.0501646	0.0497714	0.0492517	0.0491257	0.0493693	0.0495068	0.0493114	0.0490424	0.0490089	0.0491988	0.0493361	0.0491469	0.0486148	0.0480489	0.0478197	0.0480104	0.0483674	0.0485495	0.0484108	0.0480678	0.0478091	0.0479091	0.0483473	0.0488201	0.0490991	0.0492473	0.049482	0.0498834	0.0502786	0.0504383	0.0503181	0.0500191	0.0496076	0.0491584	0.0487912	0.0484986	0.0482632	0.0482457	0.0485221	0.0489728	0.0494864	0.0499198	0.0500867	0.0500408	0.050014	0.0499555	0.0496138	0.0490857	0.0487976	0.0489332	0.0492039	0.0492458	0.0490441	0.0488388	0.0487103	0.0484511	0.047881	0.0470447	0.0460094	0.0447669	0.0433228	0.0415994	0.0394212	0.0366407	0.0329951	0.0281336	0.0221794	0.0159364	0.0103512	0.00602519	0.00312644	0.00145927	0.000629091	0.000258767	0.000105551	4.77184e-005	2.98717e-005	2.64539e-005	2.62081e-005	2.56331e-005	2.38539e-005	1.96928e-005	
1.52883e-005	2.12225e-005	2.50571e-005	2.70083e-005	2.97509e-005	4.02317e-005	7.52143e-005	0.000176792	0.000450002	0.00112293	0.00257141	0.00521633	0.00931733	0.0148181	0.021283	0.0278812	0.0336251	0.0379373	0.0409449	0.0430902	0.0446196	0.045565	0.0460161	0.0462043	0.046368	0.0465852	0.0467486	0.0468299	0.0470336	0.0474392	0.0477572	0.0477884	0.047791	0.0480282	0.048371	0.0486119	0.0487428	0.0488027	0.0487557	0.0486152	0.0485231	0.0485641	0.0486795	0.048881	0.0492151	0.049498	0.0494772	0.0491823	0.0489123	0.0489285	0.0491072	0.0490651	0.0487409	0.0484498	0.0483671	0.0484132	0.0485101	0.0485963	0.0485586	0.0483905	0.0482741	0.0483543	0.0485493	0.0486839	0.048688	0.0485796	0.0484443	0.0484427	0.0486229	0.0488511	0.0490051	0.0490979	0.0492608	0.0496033	0.0500299	0.0503088	0.0503131	0.0500652	0.0496259	0.0491172	0.0487077	0.0484183	0.0481883	0.048087	0.0482088	0.0485865	0.0491972	0.0497896	0.0500038	0.0498984	0.0498829	0.0499611	0.0496899	0.0490056	0.0484447	0.048421	0.0487476	0.0490058	0.0490609	0.0490491	0.0490092	0.0487431	0.0481247	0.0472814	0.0463108	0.0451789	0.0439256	0.042595	0.0410732	0.0390896	0.0361712	0.031856	0.0262282	0.0199943	0.0139928	0.00886706	0.00501879	0.00252952	0.00114724	0.000476736	0.000187784	7.80492e-005	4.23106e-005	3.20777e-005	2.84306e-005	2.58081e-005	2.27882e-005	1.82323e-005	
1.68009e-005	2.39428e-005	3.02565e-005	3.68397e-005	4.73898e-005	7.23462e-005	0.000141141	0.000330924	0.000824344	0.00197075	0.00423956	0.00799235	0.0132368	0.0195954	0.0264182	0.0328479	0.0379968	0.0414191	0.0434166	0.044687	0.04571	0.0465299	0.0469563	0.0468886	0.0465621	0.0463746	0.0464518	0.046692	0.047094	0.0476199	0.0479903	0.0480331	0.0479615	0.048019	0.0481644	0.0482585	0.0482682	0.0482123	0.048104	0.0480365	0.0481905	0.048588	0.0489984	0.0492566	0.0493882	0.0493806	0.0492167	0.0490131	0.0489123	0.0489632	0.0490259	0.0488794	0.0485866	0.0483954	0.0483096	0.0482311	0.0482609	0.0484644	0.0486571	0.0486731	0.0486052	0.0486127	0.0486826	0.0487373	0.0488084	0.0489305	0.0490451	0.0491131	0.0491372	0.0491116	0.049056	0.049042	0.0491958	0.049589	0.0500635	0.0503411	0.050317	0.0500922	0.0497682	0.0493762	0.0489712	0.0486116	0.0483157	0.0481149	0.0480708	0.048282	0.0487882	0.0493381	0.0495423	0.0494576	0.049531	0.0497635	0.0496158	0.0489174	0.0481999	0.0479661	0.0481328	0.0483581	0.0485342	0.0487504	0.0489605	0.0489026	0.0484323	0.0477075	0.046887	0.0459901	0.0450752	0.0441701	0.0431056	0.0415347	0.0389868	0.0351007	0.0299679	0.0240886	0.0180397	0.0123646	0.0076048	0.00413907	0.00198217	0.000838497	0.000324373	0.000130115	6.69313e-005	4.55958e-005	3.47598e-005	2.698e-005	2.07424e-005	1.49604e-005	
1.94078e-005	2.81547e-005	3.73663e-005	4.98189e-005	7.18545e-005	0.000120574	0.000245776	0.000576746	0.00139451	0.00316006	0.00636421	0.0112148	0.0174339	0.0243531	0.0311491	0.037027	0.0413913	0.0440786	0.0454702	0.0462434	0.046922	0.0475925	0.0479593	0.0477475	0.0471688	0.0467954	0.0469158	0.0473583	0.0478723	0.0482772	0.0484064	0.0482602	0.0480332	0.0478538	0.0477052	0.0475654	0.0474542	0.0474031	0.0474527	0.0476792	0.0481794	0.0488953	0.0495202	0.0497918	0.0497278	0.0494773	0.0492083	0.0490535	0.0490094	0.0489975	0.0489233	0.0487422	0.0486064	0.0486376	0.0486467	0.0485027	0.0484227	0.0485528	0.0486989	0.0486767	0.0485854	0.0485874	0.0486364	0.0486057	0.0485719	0.048714	0.0490047	0.0492373	0.049267	0.0491134	0.048924	0.0488968	0.049196	0.0497935	0.0503663	0.0505499	0.0503102	0.049939	0.0496764	0.0494696	0.0491882	0.0488687	0.0485927	0.048354	0.0481845	0.0482346	0.0485762	0.0489776	0.0491019	0.0490196	0.0491189	0.0493732	0.0492975	0.048728	0.0480717	0.0477211	0.0476455	0.0476562	0.0477598	0.0480738	0.0485228	0.0487901	0.0486613	0.0482365	0.0476883	0.0471113	0.0465858	0.0460473	0.0452044	0.0437075	0.0412785	0.0377884	0.0333203	0.0280854	0.0223277	0.0164089	0.0108937	0.00639199	0.00325598	0.00143011	0.000558443	0.000219634	0.000106735	6.57518e-005	4.3749e-005	2.90449e-005	1.90208e-005	1.18134e-005	
2.02243e-005	3.00795e-005	4.14291e-005	5.87082e-005	9.33295e-005	0.000176416	0.000392698	0.000943659	0.00221202	0.00471528	0.00885748	0.0146201	0.0214645	0.0285153	0.0348727	0.0399135	0.0434405	0.0456217	0.0468374	0.0475516	0.0481476	0.0486903	0.0489053	0.0485736	0.0479416	0.0475662	0.0477437	0.048285	0.0488026	0.048996	0.0487864	0.0483777	0.0480265	0.0477512	0.0474649	0.0471952	0.0470121	0.0469686	0.047146	0.0476065	0.0483434	0.04923	0.0499475	0.0501782	0.0499198	0.0494627	0.04912	0.0489736	0.0488731	0.0487091	0.0484981	0.0483269	0.0483719	0.048647	0.0488283	0.0487279	0.0485894	0.0486134	0.0486603	0.0486021	0.0485617	0.0486601	0.0487466	0.048585	0.0482699	0.0481716	0.048433	0.0488031	0.0489646	0.0488342	0.0485989	0.0485909	0.0490686	0.0499362	0.0506863	0.0508116	0.0502878	0.0495783	0.0491447	0.0490015	0.0489151	0.0488307	0.0487566	0.0485802	0.048344	0.0483274	0.0486276	0.0489398	0.0489309	0.0487123	0.0486464	0.0487445	0.0486996	0.0483958	0.0479951	0.0476524	0.0473845	0.0471851	0.0471432	0.0473865	0.0478891	0.0483893	0.0486401	0.0486315	0.0484616	0.0482307	0.0480148	0.0476837	0.0468915	0.0453531	0.043008	0.0399519	0.036264	0.031878	0.0266873	0.0208142	0.0147529	0.00925608	0.0050181	0.00232347	0.000940894	0.000367881	0.000164009	8.85586e-005	5.24493e-005	3.17265e-005	1.90382e-005	1.06679e-005	
1.85154e-005	2.86161e-005	4.03673e-005	5.94497e-005	0.000106176	0.000238718	0.00060128	0.00149141	0.00337633	0.00673732	0.0117726	0.018193	0.0252519	0.031981	0.0375629	0.0416534	0.0444052	0.0461978	0.0473786	0.0482347	0.0489771	0.0495476	0.0496672	0.0492699	0.0486996	0.0483938	0.0485197	0.0489316	0.0493162	0.0493563	0.048971	0.0484485	0.0481119	0.047939	0.047768	0.047599	0.047475	0.0474181	0.0475465	0.0479596	0.0486141	0.0493856	0.0500302	0.0502209	0.0498747	0.0493113	0.0489204	0.0487269	0.048488	0.0481512	0.0478647	0.0477435	0.0478942	0.0482842	0.0485942	0.0486143	0.0485342	0.0485579	0.048626	0.0486818	0.0488347	0.0491111	0.0492528	0.0489673	0.048368	0.0479371	0.0479934	0.0483821	0.0487014	0.0486845	0.0484117	0.0482943	0.0487595	0.0497626	0.0506752	0.0508291	0.0501211	0.0490658	0.0483105	0.0480565	0.0481102	0.0483344	0.0485843	0.0485903	0.0483889	0.0483797	0.0486831	0.0488979	0.0486812	0.048225	0.0479179	0.0478408	0.0478647	0.0478854	0.0477997	0.0475517	0.047226	0.0469645	0.0468534	0.0469594	0.0473316	0.0478716	0.0483932	0.0487934	0.0490286	0.0490999	0.049041	0.0487474	0.0479608	0.0464954	0.0443881	0.041836	0.0389309	0.0354227	0.0308961	0.0252221	0.0187938	0.0124464	0.00714812	0.00351622	0.00150583	0.000599121	0.000247065	0.000114836	6.06243e-005	3.53715e-005	2.13199e-005	1.19067e-005	
1.73655e-005	2.82962e-005	4.00836e-005	5.99002e-005	0.000122862	0.000331618	0.000919896	0.00230197	0.00499374	0.00933569	0.0152208	0.0220776	0.0290228	0.0351205	0.0397777	0.0429657	0.0450378	0.0464087	0.0474014	0.0482792	0.0491765	0.0498878	0.0500528	0.0496946	0.0492501	0.0490397	0.0490448	0.0491632	0.0493078	0.0492858	0.0489694	0.0485589	0.0483382	0.0483007	0.0483253	0.0484195	0.0485308	0.0485371	0.0485127	0.0486198	0.0488867	0.049299	0.0497707	0.0499941	0.0497209	0.0491476	0.0486676	0.0483319	0.0479438	0.0475474	0.0473374	0.0473408	0.0475412	0.0479061	0.0482221	0.0483257	0.0483496	0.0484731	0.0486873	0.0489523	0.0493138	0.049719	0.0498842	0.0495441	0.0488157	0.0481624	0.0479801	0.0482774	0.0487081	0.0488416	0.0485409	0.0481994	0.0484221	0.0493126	0.0502498	0.0504876	0.0498048	0.0486131	0.0476046	0.0471743	0.0472713	0.0477319	0.0482782	0.0485074	0.0483889	0.0483287	0.0484736	0.0484488	0.0479886	0.0473632	0.046946	0.0468283	0.0469858	0.0473153	0.0475472	0.0474881	0.047232	0.0469938	0.0468638	0.0468543	0.0470465	0.0474896	0.0481139	0.0487892	0.0493271	0.0495803	0.049546	0.0492276	0.048531	0.0473476	0.0456799	0.0436881	0.0414451	0.0386077	0.0345874	0.0291092	0.0225023	0.0156062	0.00949437	0.00500027	0.00229515	0.000950848	0.000378516	0.000157253	7.50425e-005	4.28503e-005	2.63863e-005	1.50588e-005	
2.04671e-005	3.50421e-005	4.99696e-005	7.61002e-005	0.000172301	0.000504279	0.00141681	0.00343737	0.00707313	0.012438	0.0190768	0.0261726	0.0328074	0.0381935	0.0420064	0.0444521	0.0459416	0.046836	0.0474539	0.0481108	0.0489449	0.0496969	0.0499586	0.049744	0.0494881	0.0494094	0.0493222	0.0491408	0.0490275	0.0489919	0.0488684	0.0486728	0.0485539	0.0485325	0.0486324	0.0489559	0.0493657	0.0495312	0.0493857	0.04913	0.0489554	0.0490369	0.0494151	0.0497327	0.0495441	0.0489082	0.0482458	0.0477369	0.0473164	0.0470633	0.0470898	0.0472928	0.0475616	0.0478691	0.0481058	0.0482004	0.0482822	0.0485034	0.0488527	0.0492436	0.0496478	0.0500144	0.0501341	0.0498032	0.0491208	0.0484563	0.0481602	0.0483554	0.0488311	0.0490977	0.0488226	0.0483044	0.0482194	0.0488231	0.049655	0.0500293	0.0495825	0.0484835	0.0473427	0.046729	0.0468003	0.0474101	0.0481624	0.0485418	0.048422	0.0481571	0.0479783	0.0476929	0.0471521	0.0465795	0.046229	0.0461808	0.0464976	0.0471036	0.047657	0.0478406	0.0476538	0.0473461	0.0471241	0.0470357	0.0471122	0.0474094	0.0479487	0.0486551	0.0492856	0.0496042	0.0495958	0.0493445	0.0488566	0.0480486	0.0468621	0.0453715	0.0435775	0.0410929	0.0373339	0.0320664	0.0256041	0.0186404	0.0121001	0.00687856	0.00340532	0.00148645	0.000593645	0.000235074	0.000105953	5.87362e-005	3.5488e-005	1.98728e-005	
2.79747e-005	4.95774e-005	7.45813e-005	0.000123649	0.000292279	0.000825086	0.00217593	0.00493762	0.00952627	0.0157816	0.0229341	0.0300177	0.0362141	0.0409778	0.0441843	0.0461028	0.0471204	0.0475826	0.0478245	0.0481569	0.0487036	0.0492832	0.0495899	0.0495982	0.0495962	0.0496532	0.049482	0.0490427	0.0487043	0.0486491	0.0486865	0.0486673	0.0486091	0.0485481	0.0486193	0.048995	0.049518	0.0497746	0.0495876	0.0491288	0.0487247	0.0487217	0.0491686	0.0495602	0.0493249	0.0485328	0.0477247	0.0472124	0.0469663	0.0469716	0.0472307	0.047601	0.0479458	0.0482146	0.0483531	0.0483888	0.0484632	0.0486691	0.0489673	0.0492564	0.0495029	0.0497266	0.049811	0.0495771	0.0490932	0.0486336	0.0484255	0.0485903	0.049035	0.0493391	0.0491231	0.0485657	0.0482454	0.0485093	0.0491833	0.0497457	0.0496487	0.0487341	0.0474884	0.0466596	0.0466546	0.04737	0.0482733	0.04872	0.0485047	0.0479686	0.0474937	0.0471325	0.0467909	0.0464804	0.0462772	0.0463108	0.046753	0.0475572	0.0483478	0.0486985	0.0484838	0.0479807	0.0475699	0.0473966	0.0473972	0.0475107	0.0477883	0.0482696	0.0487986	0.0491697	0.0493357	0.0493162	0.0490783	0.0485406	0.0476543	0.0464658	0.0449174	0.0426155	0.0390794	0.0342167	0.0283219	0.0217864	0.0151746	0.00932539	0.00497046	0.00229139	0.000934598	0.000364444	0.000158577	8.47517e-005	4.91822e-005	2.62957e-005	
3.71572e-005	6.81293e-005	0.000113975	0.00021672	0.00052509	0.00137277	0.00329244	0.00685161	0.0122809	0.0191457	0.0264651	0.0332537	0.0389081	0.0431748	0.046027	0.0476287	0.0482992	0.0484409	0.0484347	0.0485234	0.0487663	0.049102	0.0494134	0.0496547	0.0498889	0.0499919	0.0496583	0.0489717	0.0484439	0.0483234	0.0483998	0.0484606	0.0484822	0.0485025	0.048612	0.0488812	0.0491829	0.0492856	0.0490823	0.0486557	0.0483098	0.0484309	0.0489894	0.0493665	0.0490294	0.0481953	0.0475181	0.0472997	0.047362	0.0475334	0.0478239	0.0482065	0.048571	0.048806	0.0488636	0.0488373	0.0488447	0.0488873	0.0489277	0.0489434	0.0489636	0.0490699	0.0491896	0.04914	0.0489663	0.0488598	0.0488925	0.0490987	0.0494515	0.0496888	0.0495238	0.0490092	0.0485101	0.0484313	0.0489451	0.0497171	0.0499881	0.0492721	0.0479426	0.0468992	0.0467705	0.0475069	0.0484727	0.0489316	0.0486413	0.0479519	0.0473692	0.0471328	0.0471313	0.0471197	0.0470306	0.0470818	0.0475339	0.0483618	0.0492063	0.0496096	0.0493685	0.0487303	0.0481401	0.0478172	0.0476641	0.0475254	0.0474438	0.0475654	0.0479017	0.0483553	0.048811	0.0491124	0.0490988	0.0486797	0.0478798	0.0468192	0.0454729	0.0434688	0.040383	0.0361992	0.0311477	0.0252923	0.018801	0.0123925	0.00706756	0.00344363	0.0014485	0.000561274	0.000233903	0.000119009	6.64977e-005	3.41641e-005	
4.69641e-005	8.94083e-005	0.000169367	0.000365108	0.000897374	0.00219369	0.00481622	0.00919788	0.0153013	0.0224617	0.0296324	0.035923	0.0409621	0.0447599	0.0473566	0.0487706	0.0492173	0.0491439	0.0489894	0.0489686	0.0490956	0.0493496	0.0497041	0.0501004	0.050434	0.0504334	0.0498574	0.0489652	0.0483148	0.0480831	0.0480471	0.0480632	0.04818	0.0484317	0.0487234	0.0488719	0.0487851	0.0485705	0.0483378	0.0480874	0.047962	0.0482236	0.0487524	0.0489916	0.0486223	0.0480097	0.0477686	0.0480208	0.0483728	0.0485596	0.048702	0.0489518	0.0492569	0.0494587	0.049481	0.0494092	0.0493023	0.0491141	0.0488749	0.0486638	0.0485301	0.0485457	0.0486738	0.0487944	0.0489591	0.0492436	0.0495454	0.0497956	0.050015	0.0501247	0.0499653	0.0494591	0.0487665	0.0483762	0.0487714	0.0497472	0.0503648	0.0498974	0.0486195	0.047484	0.0472233	0.0478299	0.0486745	0.0490549	0.0487439	0.0480764	0.0475943	0.0476016	0.0479108	0.0480833	0.0479908	0.0479283	0.0482057	0.0488487	0.0495945	0.0500465	0.0499654	0.0494589	0.0488332	0.0483134	0.0478968	0.0474668	0.0470435	0.0468045	0.0469051	0.0473659	0.0480294	0.0486039	0.0488049	0.0484858	0.047733	0.0468052	0.0457794	0.0442894	0.0418648	0.0384515	0.0342036	0.0289831	0.0226794	0.0158472	0.00961246	0.00496503	0.00218263	0.000855229	0.000342391	0.000163304	8.74077e-005	4.38569e-005	
5.86999e-005	0.000114096	0.000238395	0.000560999	0.00139269	0.00325317	0.00667993	0.011879	0.0184974	0.0257018	0.0325076	0.0381877	0.0425414	0.0457644	0.0480144	0.0492636	0.0496146	0.0494586	0.0492361	0.049196	0.0493798	0.0497295	0.0501638	0.0506063	0.0508969	0.0507203	0.0499613	0.0490308	0.0484082	0.0480908	0.0478505	0.0476974	0.0478199	0.0482573	0.0487302	0.0488368	0.0485043	0.048076	0.0478351	0.0477609	0.0478375	0.0481258	0.0484445	0.0484467	0.0480921	0.047799	0.0480039	0.0486191	0.0491553	0.0493596	0.0494051	0.049516	0.0497161	0.0498895	0.0499411	0.0498725	0.0496722	0.0493317	0.048979	0.0487124	0.0485111	0.0484139	0.0484733	0.0487034	0.0491534	0.0497351	0.0501868	0.0503796	0.0503905	0.0503069	0.0500772	0.0495237	0.0486785	0.0481	0.0484366	0.0495333	0.0503952	0.050228	0.0492242	0.0482357	0.0479253	0.0483055	0.0488779	0.0490855	0.0487429	0.0481618	0.0478829	0.0481817	0.0487397	0.0489847	0.0487815	0.0484744	0.048414	0.0487366	0.0493407	0.0499312	0.0502284	0.0501149	0.0496348	0.0489756	0.0483113	0.0476558	0.0469954	0.0464608	0.0462788	0.0465739	0.0472296	0.0479421	0.0483541	0.0482254	0.0476439	0.0469586	0.0463094	0.0453242	0.0434899	0.0406971	0.0370444	0.0323235	0.0262787	0.0192731	0.0123802	0.00680468	0.00317178	0.00128955	0.000508203	0.00022608	0.000114058	5.67472e-005	
7.18571e-005	0.000138836	0.000312216	0.000788036	0.00197946	0.00448022	0.00874647	0.0147081	0.0217061	0.0287917	0.0350923	0.0400698	0.0436705	0.0462303	0.0480487	0.0491415	0.0495306	0.0494797	0.0493242	0.0492982	0.0494978	0.0498662	0.0502783	0.0506566	0.0508437	0.0505613	0.0498395	0.049145	0.0487648	0.0484865	0.0480859	0.0477213	0.047707	0.0480996	0.048557	0.0486405	0.0482922	0.0478619	0.0476472	0.0476623	0.0478331	0.0480594	0.048131	0.0479081	0.0475437	0.0474139	0.0477718	0.0484433	0.0490281	0.0493472	0.0494814	0.0495553	0.0496538	0.0497947	0.0499116	0.0499104	0.0497279	0.0494203	0.0491451	0.0489218	0.0486734	0.0484896	0.0485319	0.0488743	0.0494839	0.0501314	0.0505031	0.0504914	0.0502335	0.0499354	0.0496304	0.049104	0.0483085	0.0477592	0.0480693	0.0490927	0.0499663	0.0500419	0.0494629	0.0488309	0.0485828	0.0487486	0.0490535	0.049119	0.0487637	0.0482519	0.048124	0.0486279	0.0493503	0.0496442	0.0493553	0.0488128	0.0483962	0.0483842	0.0488571	0.0496118	0.0503043	0.0506018	0.0503395	0.0496863	0.0489504	0.0482378	0.0475005	0.0468019	0.0463716	0.0464122	0.0468998	0.0475798	0.0480884	0.048161	0.0478597	0.047468	0.0470616	0.0463113	0.0448121	0.0424705	0.0393039	0.0350393	0.0293471	0.0224269	0.0151931	0.00889132	0.0044241	0.00189483	0.000751119	0.000313807	0.000147618	7.36405e-005	
8.33309e-005	0.000161855	0.000394979	0.00106134	0.00267662	0.00586492	0.0109363	0.0175353	0.0247664	0.0316244	0.0373448	0.0415831	0.0444729	0.0464676	0.0479261	0.0488937	0.0493814	0.0495623	0.0496007	0.0495897	0.0496298	0.0497671	0.0499624	0.0501611	0.0502109	0.0499202	0.0494419	0.049183	0.0491833	0.0490624	0.0486219	0.0481231	0.0479377	0.0481214	0.0483806	0.0484002	0.0481486	0.0478381	0.0476686	0.0476981	0.0478686	0.0480075	0.0479175	0.0475849	0.047211	0.0470724	0.0473152	0.0478067	0.0483193	0.0487435	0.0490029	0.0490591	0.0490447	0.0491269	0.0492851	0.0493704	0.0493182	0.0492152	0.0491274	0.0489546	0.048667	0.0484949	0.0486489	0.0491126	0.0497095	0.0501642	0.0502505	0.0499693	0.0495258	0.0491611	0.0489162	0.0485742	0.0480505	0.0477255	0.0480387	0.0488409	0.0495194	0.0496902	0.0494787	0.0491897	0.0489882	0.0489461	0.0490652	0.0491455	0.0489379	0.0485405	0.0484194	0.0488652	0.0495508	0.0498863	0.0496784	0.0491435	0.0485904	0.0483516	0.0486524	0.0493985	0.0502206	0.0506826	0.0505733	0.050081	0.049508	0.0489258	0.048276	0.047607	0.047115	0.0470183	0.0473354	0.0478251	0.0481899	0.0483084	0.0482618	0.048128	0.0478009	0.0470531	0.0457281	0.043794	0.0411175	0.0373094	0.0320163	0.0253438	0.018011	0.0111744	0.00592142	0.00267789	0.00107963	0.000428676	0.000186618	9.18644e-005	
9.22846e-005	0.000192654	0.000515271	0.00143166	0.00354408	0.00744595	0.0132383	0.0202966	0.0275896	0.0341428	0.0393095	0.0429277	0.045309	0.0469411	0.0481155	0.0488919	0.0493707	0.0497218	0.0499528	0.0499637	0.0498025	0.0496396	0.0495658	0.0495346	0.049404	0.0491082	0.0488826	0.0490122	0.0493324	0.049376	0.0489892	0.0484933	0.0482435	0.0482551	0.0483152	0.0482839	0.0481745	0.0480513	0.0479813	0.0480213	0.0481294	0.0481348	0.0479274	0.0475945	0.0472935	0.0471628	0.0472838	0.0475952	0.0479899	0.0483765	0.0485682	0.0484554	0.0482435	0.0482038	0.0483251	0.0484387	0.0485361	0.0487148	0.0488844	0.0488257	0.0485873	0.048505	0.0487673	0.0492484	0.0496882	0.0498439	0.0496144	0.0491402	0.0487104	0.0485129	0.0484693	0.0483542	0.0481306	0.0480772	0.0484404	0.0490618	0.0495497	0.0497152	0.0496539	0.0494599	0.0491306	0.048817	0.0487828	0.0490017	0.0491302	0.0489731	0.048775	0.0488929	0.0492842	0.0495896	0.0496205	0.0494229	0.0490815	0.0487888	0.0488329	0.0492926	0.0498947	0.0502395	0.0501884	0.0499486	0.0496876	0.0493341	0.048848	0.0483538	0.048032	0.0480337	0.0483018	0.0485426	0.0485711	0.0485254	0.0485816	0.0486147	0.0483268	0.0475911	0.0464695	0.0449283	0.0426524	0.0391925	0.0342772	0.0279708	0.0207493	0.0135771	0.00763557	0.00365442	0.00151997	0.000586914	0.000234984	0.000107651	
0.000107567	0.000252016	0.000709143	0.00194421	0.00461714	0.00922962	0.015635	0.0229789	0.0301891	0.0364021	0.0411148	0.0443133	0.0463979	0.0477759	0.0486168	0.0490438	0.0493149	0.0496298	0.0499056	0.0499407	0.049739	0.0495043	0.0493536	0.0492025	0.0489315	0.0485919	0.0484551	0.0487248	0.0491803	0.0493549	0.0490993	0.0487178	0.0485064	0.0484388	0.0483786	0.0483392	0.0484004	0.0485282	0.0486388	0.0487162	0.048714	0.048523	0.0481889	0.0479182	0.0477968	0.0477941	0.0479184	0.0481509	0.0484273	0.0486415	0.0485919	0.0482089	0.0477574	0.0475235	0.0474739	0.0474719	0.0476277	0.0480774	0.0485926	0.0488303	0.0488162	0.0488417	0.0490468	0.0493367	0.049528	0.0494517	0.0490692	0.0485901	0.0483435	0.0484188	0.0485755	0.0485886	0.0485352	0.0486592	0.0490614	0.0495901	0.049985	0.0500953	0.0499489	0.0495805	0.0489928	0.0484203	0.0482641	0.0486098	0.0490791	0.0492393	0.0490555	0.0488577	0.0488827	0.0490687	0.0492994	0.0494903	0.0494826	0.049247	0.0490589	0.0491679	0.0494512	0.0495934	0.0495347	0.0494907	0.0494943	0.049329	0.0489748	0.0486763	0.0486463	0.0489253	0.049296	0.0493745	0.0490565	0.0487053	0.0486511	0.0487203	0.0485193	0.0479504	0.0471176	0.0458667	0.0437488	0.0404216	0.0358376	0.0300447	0.0232032	0.0159787	0.00953895	0.0048623	0.00212818	0.000830255	0.000313025	0.000126633	
0.000147519	0.000364938	0.00100556	0.00262244	0.00589498	0.0111789	0.0180784	0.0255779	0.032622	0.0384666	0.0427472	0.0455783	0.0474034	0.0485341	0.0490469	0.0491261	0.0491235	0.0492315	0.0493574	0.0493537	0.0492477	0.0491885	0.0492079	0.0491698	0.0489639	0.0486503	0.0484622	0.0486335	0.049084	0.0494084	0.0493625	0.0491322	0.0489512	0.0487978	0.0486143	0.0485283	0.0486928	0.0490343	0.0493275	0.0494308	0.0492988	0.0489448	0.0485666	0.0484293	0.0485229	0.048665	0.0488048	0.0489564	0.0490809	0.0490926	0.0488672	0.0483977	0.0478856	0.0474913	0.0471453	0.0468349	0.0468793	0.0475081	0.0483942	0.0490485	0.0493608	0.0494674	0.0494683	0.0494201	0.0493327	0.0491444	0.0488353	0.0485684	0.0485884	0.0488846	0.0491467	0.049189	0.0491806	0.0493413	0.0496802	0.0500702	0.0503214	0.050253	0.0498579	0.0492518	0.0485458	0.0479668	0.0478283	0.0481908	0.0487484	0.0491075	0.0491085	0.0489164	0.0487972	0.0488561	0.0490592	0.0492941	0.04935	0.0491412	0.0489168	0.048957	0.0491716	0.0492496	0.0491446	0.0491008	0.0491471	0.0490312	0.048739	0.0485904	0.0488332	0.0494079	0.0499508	0.0500012	0.0494589	0.0487889	0.0484965	0.0485285	0.0484852	0.048192	0.0476357	0.0465121	0.0443416	0.0410058	0.0367392	0.0315834	0.0253588	0.0183553	0.0116187	0.00630973	0.00292832	0.00118447	0.000440035	0.000161438	
0.000221944	0.000543604	0.00141814	0.00347418	0.00736259	0.0132451	0.0205063	0.0280557	0.0348723	0.0402715	0.0439962	0.0463075	0.0477476	0.0486361	0.0490122	0.0490108	0.0489031	0.0488135	0.0486993	0.0485576	0.0484984	0.0486193	0.0488703	0.0491125	0.0492236	0.0491182	0.0488911	0.0488872	0.0492979	0.0498034	0.049992	0.0498765	0.0496524	0.0493505	0.0489955	0.0487794	0.0488892	0.0492678	0.0496358	0.0497336	0.0495077	0.0491159	0.0488483	0.0489002	0.0491388	0.0493167	0.0493855	0.0493875	0.0493085	0.0491369	0.0488968	0.0486381	0.048388	0.0480499	0.047463	0.0467725	0.0465694	0.0472216	0.0483241	0.0492449	0.0497555	0.0498846	0.0497136	0.0494198	0.0491621	0.0489689	0.0488434	0.0488598	0.0491066	0.049509	0.0498018	0.0498442	0.0498065	0.0498747	0.050026	0.0501565	0.0501188	0.049756	0.0491259	0.0484843	0.0480223	0.0478223	0.0479049	0.0481637	0.0484402	0.0486815	0.0488763	0.048984	0.0490193	0.0490381	0.0490366	0.0489383	0.0486849	0.0483814	0.0483003	0.0485993	0.0490659	0.049305	0.0492161	0.0490574	0.0489491	0.0487315	0.048427	0.0483619	0.0487597	0.0494809	0.0501064	0.050178	0.0495751	0.0487473	0.0483015	0.0483416	0.0484963	0.048462	0.048083	0.0470027	0.0448029	0.0415413	0.0376365	0.0331244	0.0275554	0.0208507	0.0138722	0.00792566	0.00384847	0.00160486	0.000597579	0.000209731	
0.000318022	0.000774446	0.00193666	0.00448733	0.00899479	0.0153891	0.0228699	0.0303375	0.0368165	0.0416552	0.0446961	0.0463543	0.0473103	0.0479859	0.0484291	0.0486345	0.0486659	0.0485385	0.0482617	0.0479641	0.0478511	0.0480142	0.0483702	0.048831	0.0492898	0.0494781	0.049294	0.0491713	0.04957	0.0502606	0.0506676	0.0506269	0.0503089	0.0498302	0.04931	0.0489552	0.0489124	0.0491644	0.0495048	0.0496229	0.049401	0.0490647	0.0489465	0.0491344	0.0494007	0.0495212	0.0494876	0.0493382	0.0490525	0.0486858	0.0484249	0.0484235	0.0485924	0.0485806	0.0480522	0.0471927	0.0467867	0.0473309	0.0483893	0.0492679	0.0497432	0.0498613	0.0496932	0.0494171	0.0492012	0.0490726	0.0490399	0.0491432	0.0493918	0.049727	0.0499902	0.0500439	0.0499521	0.0498573	0.0497751	0.0496355	0.0493341	0.0487983	0.0481803	0.0478095	0.0478725	0.0482703	0.0486978	0.0488223	0.048613	0.0484487	0.0486418	0.049044	0.0493358	0.0493942	0.0491907	0.0486671	0.0479464	0.047426	0.0474678	0.0480731	0.0488746	0.0494136	0.0495201	0.0493731	0.049111	0.0487033	0.048289	0.0482051	0.0485976	0.0492571	0.0497997	0.0498762	0.0493919	0.04869	0.0482967	0.0483798	0.0486432	0.0487346	0.0484518	0.0475038	0.0455387	0.0426043	0.0391123	0.0351058	0.0300182	0.0234949	0.0162044	0.00957391	0.00477259	0.00201638	0.000745681	0.000254068	
0.00041485	0.00103515	0.00254379	0.00564667	0.0107733	0.0175954	0.0251451	0.0323452	0.038318	0.0425141	0.0448974	0.0459836	0.0465299	0.0470429	0.0475945	0.0480618	0.0483269	0.0483066	0.048024	0.0476801	0.0475548	0.0477379	0.0480837	0.0485309	0.0490751	0.0494156	0.0493007	0.0491429	0.0495478	0.0503789	0.0509761	0.0510232	0.050634	0.0499972	0.0493391	0.048885	0.0487189	0.0488449	0.0491735	0.0494093	0.0493187	0.0490617	0.0489914	0.0491942	0.0494268	0.0494802	0.0493571	0.0491002	0.0486874	0.0481659	0.0477773	0.0477968	0.0482079	0.0485943	0.0484454	0.0477942	0.0473963	0.0478039	0.048653	0.0493273	0.0496818	0.0497973	0.0497101	0.0495509	0.0494537	0.0493807	0.0492877	0.0492254	0.0492332	0.0493279	0.0494735	0.0495259	0.049398	0.0491798	0.0489632	0.0487272	0.0484104	0.0480153	0.0477103	0.0477663	0.0483146	0.0491868	0.0499181	0.0500038	0.0494338	0.0488571	0.0488867	0.0494015	0.049846	0.0499162	0.0495533	0.0486982	0.0475691	0.0467853	0.0468156	0.0475543	0.0485339	0.0493189	0.0497252	0.0497808	0.0494956	0.0489003	0.0483024	0.0481052	0.048387	0.0488899	0.0493015	0.0494197	0.049211	0.0488573	0.0486411	0.048688	0.0488427	0.0488657	0.0486405	0.0479888	0.0465426	0.044143	0.041034	0.0372983	0.0324361	0.025964	0.0183668	0.0111188	0.00565169	0.00240926	0.000882394	0.000291317	
0.00050155	0.00131469	0.00323159	0.00694596	0.0126892	0.0198513	0.0273134	0.0340607	0.0394076	0.043005	0.0449252	0.0456766	0.0459795	0.0463565	0.0469119	0.0474983	0.047931	0.0480754	0.0479298	0.0477018	0.0477067	0.0480076	0.0483384	0.0485935	0.0489212	0.0491903	0.0491206	0.0489862	0.0493493	0.0501518	0.0508009	0.050938	0.0505858	0.0499019	0.0491548	0.0486246	0.0484155	0.0485406	0.0489509	0.0493689	0.0494625	0.0492643	0.0491472	0.0493188	0.0495717	0.0496114	0.0493908	0.049044	0.0486439	0.0481663	0.047706	0.0475376	0.0478425	0.0484003	0.0486703	0.0484462	0.048246	0.0485731	0.0492173	0.0497374	0.0500187	0.0500657	0.0498605	0.0495759	0.049428	0.0493552	0.0492115	0.0490216	0.0488489	0.0487372	0.048731	0.0487277	0.0485699	0.0483208	0.0481252	0.0479847	0.0478679	0.0478198	0.0479344	0.0483149	0.0490262	0.0499929	0.0508383	0.0510122	0.0504066	0.04968	0.0495852	0.0500811	0.0505136	0.0504801	0.0499529	0.0489188	0.0476098	0.0466916	0.0466599	0.0473551	0.0482836	0.0490978	0.0496782	0.0499418	0.0497197	0.0490181	0.0482674	0.0479445	0.048111	0.0485222	0.0489296	0.0492	0.0493154	0.0493166	0.049261	0.0492026	0.0491188	0.0489554	0.0487562	0.048437	0.0475494	0.0456775	0.0428506	0.0391828	0.0343474	0.0278895	0.0201423	0.0125007	0.00652008	0.00283848	0.00104586	0.000338625	
0.000576878	0.00160456	0.00396935	0.00831991	0.014647	0.0220563	0.0293177	0.035539	0.0403053	0.0435065	0.0452577	0.0459318	0.0461093	0.0463019	0.046699	0.0472281	0.0477275	0.0480436	0.0481262	0.048131	0.0483364	0.0487632	0.0490713	0.0491027	0.0491046	0.049171	0.0491098	0.0490222	0.0492623	0.049799	0.0502546	0.0504102	0.0502399	0.0497531	0.0490998	0.048571	0.0483722	0.0485499	0.049019	0.0495148	0.049707	0.0495517	0.0494155	0.0496246	0.050001	0.0500996	0.0497902	0.0493701	0.0491062	0.0489127	0.0486107	0.0483039	0.0483243	0.0487605	0.0491997	0.0492763	0.0492457	0.0495126	0.0500105	0.0504487	0.0506482	0.050455	0.049837	0.04913	0.0487423	0.0486583	0.0486354	0.048615	0.0485971	0.0485323	0.0484547	0.0483594	0.0481622	0.0479336	0.0477958	0.0477344	0.0477743	0.0480154	0.0484319	0.0489011	0.0494219	0.0501078	0.0508411	0.0511484	0.0507713	0.0501842	0.0500875	0.0504782	0.0507335	0.0505015	0.0498736	0.0489354	0.0478592	0.0471274	0.0471023	0.0476249	0.0483027	0.0489248	0.0494582	0.0497796	0.0496067	0.0488973	0.0481006	0.0476955	0.0477738	0.0481917	0.0487448	0.0492344	0.0495697	0.0497492	0.0497908	0.0497202	0.0495301	0.049258	0.0490694	0.0489301	0.048347	0.0467976	0.0441711	0.0405245	0.0356553	0.0292435	0.0215463	0.0137737	0.00744865	0.00336558	0.00127579	0.000415334	
0.000649648	0.00189549	0.00469089	0.00961046	0.0164065	0.023954	0.0309786	0.036743	0.0410949	0.0441419	0.0460082	0.0468594	0.0470518	0.0470616	0.0472066	0.0475454	0.0479798	0.0483699	0.0486483	0.0488999	0.049274	0.0497151	0.0499204	0.0497559	0.0494699	0.049287	0.049167	0.0491118	0.049226	0.0494415	0.0496066	0.0497187	0.0497956	0.0497212	0.0494259	0.0490633	0.048864	0.0489202	0.0491704	0.0494771	0.0496613	0.0496549	0.0496914	0.0500474	0.0505511	0.0507007	0.0503376	0.0498937	0.0498002	0.049946	0.0499456	0.0497236	0.049636	0.0499364	0.0503121	0.0503586	0.0502361	0.0503281	0.0506607	0.0509995	0.0510581	0.0505593	0.0495272	0.0484646	0.0478953	0.0478352	0.048023	0.0483481	0.0486911	0.0488237	0.0487195	0.048527	0.0483248	0.0481556	0.0480115	0.0478599	0.0478569	0.0481961	0.048737	0.0491373	0.0493224	0.0495701	0.0500372	0.0503994	0.0502971	0.0499647	0.0499085	0.0501029	0.0500806	0.0496818	0.049137	0.0486075	0.0481413	0.0478719	0.047901	0.0481459	0.048477	0.0488578	0.0492718	0.049545	0.0493727	0.0487177	0.0479709	0.0475192	0.047497	0.0479155	0.0486032	0.0492249	0.0495911	0.0497626	0.0498732	0.0499522	0.0499029	0.0497251	0.049595	0.0494603	0.0488595	0.0473764	0.0448973	0.0413495	0.0365257	0.0302516	0.0227799	0.0150875	0.00854389	0.00406278	0.00161537	0.000542587	
0.000735501	0.0021896	0.00535481	0.0107039	0.0177804	0.0253186	0.0320828	0.0374852	0.0415498	0.0445526	0.0466728	0.0479103	0.0483597	0.0483855	0.04837	0.0484716	0.0486712	0.0489116	0.0492008	0.0495961	0.0500807	0.0504786	0.0505537	0.0502413	0.0497327	0.0492783	0.0490063	0.0489479	0.0490498	0.0491709	0.0492344	0.0493213	0.0495309	0.0498062	0.0499718	0.0499238	0.0496892	0.0493425	0.0490121	0.048901	0.0490921	0.0494595	0.0499167	0.0504768	0.0509689	0.0510368	0.0506177	0.050178	0.0501659	0.050461	0.0506585	0.0506686	0.0508051	0.0512283	0.0515373	0.0513387	0.0508937	0.0506869	0.0508047	0.0510118	0.0509553	0.0503312	0.0492511	0.0482636	0.047787	0.0477728	0.0480499	0.0485698	0.0491032	0.0492545	0.0490003	0.0487024	0.048588	0.0485655	0.0484135	0.0481082	0.0479776	0.0483018	0.0488591	0.0491646	0.0490797	0.0489524	0.0491067	0.0493758	0.0494143	0.0492792	0.049235	0.0492168	0.0489931	0.0486153	0.0483454	0.0483248	0.0484726	0.0485956	0.0485708	0.0484741	0.0485068	0.0487748	0.0491783	0.0494456	0.0493041	0.0487761	0.048168	0.0477261	0.047597	0.0479092	0.0485199	0.0490307	0.049256	0.0493571	0.0495375	0.0497942	0.049967	0.0500188	0.050045	0.0498839	0.0491179	0.0475357	0.0451363	0.0417661	0.0371482	0.0311719	0.0240764	0.0165968	0.00989466	0.00497982	0.0020912	0.000733745	
0.000843877	0.00250223	0.00599329	0.0116673	0.0188776	0.0262763	0.0327233	0.0377783	0.0415677	0.0444772	0.0467853	0.0484281	0.0492901	0.0495721	0.0496009	0.0495408	0.049444	0.049386	0.0494973	0.0498598	0.050368	0.0507584	0.0508061	0.050462	0.0498364	0.0491508	0.0486736	0.0485648	0.0487606	0.049056	0.0492789	0.0493929	0.049524	0.0498404	0.0503059	0.0506024	0.05037	0.0495557	0.04858	0.0480901	0.048396	0.0492342	0.0501352	0.0508018	0.0511017	0.0509539	0.0504471	0.0499707	0.0498717	0.0500518	0.0502242	0.0504172	0.0509199	0.0516761	0.0520684	0.0517001	0.0509866	0.0505394	0.0504852	0.05059	0.0505092	0.0499963	0.0492399	0.0487093	0.0485593	0.0486072	0.0488202	0.0492672	0.0496445	0.0494981	0.0489431	0.0485648	0.0486321	0.0488379	0.0487644	0.048426	0.0482628	0.0485617	0.0490512	0.0492235	0.048958	0.0486272	0.0485715	0.0486887	0.0487198	0.0486623	0.0485924	0.0484379	0.0482047	0.0480636	0.0481519	0.0484871	0.0489001	0.0490424	0.0487428	0.0482915	0.0481368	0.0484212	0.0489343	0.0493334	0.0493791	0.0491181	0.0487637	0.0484505	0.0482953	0.0484171	0.0486722	0.0487781	0.0487579	0.048852	0.0491326	0.0494674	0.0497347	0.0499668	0.0501702	0.0500319	0.0491459	0.0474574	0.0450963	0.0419458	0.0376973	0.0321893	0.0255555	0.0183087	0.0114342	0.00604022	0.00265178	0.000965361	
0.000981278	0.00285957	0.00667954	0.012663	0.0199876	0.0272366	0.0333634	0.0380687	0.0415507	0.0442452	0.0465152	0.0483267	0.0494811	0.0500517	0.0502511	0.0501831	0.0499386	0.0496745	0.0495627	0.0497154	0.050085	0.0504455	0.0505581	0.0503263	0.0497725	0.0490388	0.0484264	0.048219	0.0484546	0.048938	0.0493906	0.0495993	0.0496065	0.0497464	0.0502431	0.0507555	0.0506052	0.0495795	0.048323	0.047772	0.0482765	0.0493972	0.0504282	0.0509454	0.0509381	0.050573	0.0500023	0.0494512	0.0491611	0.0491081	0.0491223	0.049331	0.0500527	0.0511059	0.0517065	0.0514108	0.0506831	0.0501882	0.0500796	0.0501409	0.0500792	0.0497416	0.0493646	0.0493007	0.0494792	0.0496335	0.0498276	0.0501584	0.0502521	0.04972	0.0488903	0.0484826	0.0486948	0.0490583	0.0491025	0.0488783	0.048787	0.0490276	0.0493274	0.0492717	0.0488567	0.0484966	0.0484422	0.0485126	0.0484975	0.0484202	0.0482854	0.0480586	0.0479215	0.0480706	0.0484559	0.0489236	0.0492446	0.0490813	0.0483861	0.047656	0.0474292	0.0477694	0.0483967	0.0489935	0.0493524	0.0494709	0.0494668	0.0494185	0.0493802	0.0493277	0.0490662	0.0485759	0.0482687	0.0484528	0.0489109	0.0492884	0.0495223	0.049762	0.0499919	0.0498467	0.0489552	0.0473025	0.045043	0.0421397	0.0383244	0.0333315	0.0271172	0.0200235	0.0129395	0.00707283	0.00320061	0.00119629	
0.0011556	0.00327708	0.00743867	0.0137418	0.0212285	0.0284334	0.0343653	0.0388086	0.0419836	0.0443203	0.046261	0.0479064	0.0491047	0.0498498	0.0502425	0.0503277	0.05018	0.0499072	0.0496032	0.0494093	0.049446	0.0496331	0.0497551	0.0496808	0.0493754	0.0488674	0.0483382	0.0480565	0.0481585	0.0485802	0.0491205	0.0495065	0.0495983	0.0496415	0.0500002	0.0504823	0.0503813	0.049449	0.0483942	0.0481273	0.0488321	0.0499495	0.0507744	0.0509637	0.0506575	0.0501649	0.0496108	0.0490475	0.0486504	0.0484676	0.0483493	0.0484198	0.0490623	0.0501512	0.0509004	0.0508143	0.0502807	0.049926	0.0498992	0.0499835	0.049935	0.0496859	0.0494839	0.0495934	0.0498848	0.0501552	0.0505201	0.0509721	0.0510273	0.0503645	0.0494371	0.0489651	0.049079	0.0493433	0.0494106	0.0493238	0.0492939	0.0493954	0.0494327	0.0491427	0.0486298	0.0483306	0.0484135	0.0485913	0.0486216	0.0485294	0.0483202	0.0480302	0.0479471	0.0482567	0.0487645	0.0491712	0.0492195	0.0486922	0.0477345	0.0469565	0.0468263	0.0472449	0.0478809	0.0485235	0.0490691	0.0495014	0.0498679	0.0501881	0.0503989	0.05027	0.049534	0.0484516	0.0478453	0.0481237	0.048832	0.0493889	0.0496727	0.0498299	0.0498796	0.0496068	0.0487847	0.0473427	0.0452968	0.0426236	0.0391294	0.0344848	0.0285133	0.0214736	0.014209	0.00796958	0.00369932	0.00141846	
0.00136631	0.00373905	0.00822103	0.0148072	0.022463	0.0297237	0.0356259	0.0399485	0.0428544	0.0447388	0.0461633	0.0474576	0.0485773	0.0494327	0.0500226	0.0503497	0.0504185	0.0502102	0.0497305	0.049171	0.0488091	0.0487018	0.0486929	0.0486773	0.0486373	0.0485247	0.0483166	0.0480822	0.0479401	0.0480417	0.0484724	0.0490494	0.0494378	0.0496063	0.0498329	0.0500753	0.0498628	0.0491152	0.0484948	0.0486354	0.0494728	0.0504567	0.0510462	0.0510055	0.0505141	0.0499424	0.0494421	0.0489889	0.0486949	0.0486039	0.048501	0.0484122	0.0487364	0.0495078	0.0501265	0.0501433	0.0498438	0.0497484	0.0499305	0.0501136	0.050078	0.0498259	0.049593	0.0495904	0.0497541	0.0500522	0.0506623	0.0514604	0.0518333	0.0513995	0.0505381	0.0498933	0.0496537	0.0495949	0.0495483	0.0495017	0.0494449	0.0493537	0.0491507	0.0487191	0.0481837	0.047942	0.0481676	0.0485836	0.0488691	0.0489202	0.0487053	0.0483501	0.0482282	0.0485145	0.0489302	0.0490993	0.0488138	0.0480604	0.0471478	0.046631	0.0467697	0.0472732	0.047766	0.0481749	0.0485932	0.0491086	0.0497615	0.0504764	0.0510062	0.0509207	0.0499084	0.0484149	0.0475191	0.04777	0.0487136	0.0496586	0.0502675	0.0504602	0.0502594	0.0497567	0.0489858	0.0477903	0.0459599	0.0434246	0.0400579	0.0355177	0.0295936	0.0225528	0.0151977	0.00873086	0.00416601	0.00164617	
0.00161033	0.00423223	0.00899272	0.0157773	0.0235123	0.0307943	0.0367118	0.040997	0.043709	0.0452061	0.0461755	0.0471646	0.0482192	0.049166	0.0499199	0.0504404	0.0506519	0.0504657	0.049893	0.0491647	0.048581	0.0482203	0.0479831	0.0478669	0.0479589	0.0482045	0.0483885	0.0483049	0.047957	0.0476849	0.0478865	0.0485247	0.0491798	0.0495971	0.0498309	0.0498287	0.0493944	0.0487304	0.0484518	0.0488829	0.0497677	0.0506518	0.0511749	0.0511178	0.0505622	0.0498973	0.0494088	0.0491158	0.0490565	0.0492141	0.0493095	0.0492146	0.0492085	0.0494564	0.0496715	0.049583	0.049411	0.049542	0.0499426	0.050247	0.0502224	0.0499177	0.0495742	0.0493898	0.0493732	0.0496186	0.050361	0.0514567	0.0522368	0.0521842	0.0514767	0.050669	0.0500836	0.0497098	0.0494827	0.049348	0.049186	0.0489146	0.0485278	0.0480111	0.0474718	0.0472539	0.0476161	0.0483945	0.0491623	0.0495526	0.0494193	0.0489876	0.0487356	0.0488552	0.0490443	0.0489143	0.0483596	0.0475851	0.0469811	0.0468982	0.0473158	0.0478117	0.0480421	0.0480758	0.0481803	0.0485622	0.0493054	0.0502751	0.0510567	0.0510818	0.0500386	0.0484189	0.0473214	0.0474146	0.0484629	0.0498267	0.0509165	0.0513098	0.0509575	0.0502352	0.049444	0.0483809	0.0466707	0.0442208	0.0409431	0.0364541	0.0305164	0.0234383	0.0160138	0.00938788	0.0045943	0.00186712	
0.00188041	0.00475554	0.00977058	0.0166646	0.0243097	0.0314196	0.0372253	0.0414573	0.0440783	0.045399	0.0461627	0.047016	0.0480364	0.0490078	0.0498167	0.0504007	0.0506518	0.0505069	0.0500361	0.0494486	0.0489278	0.0484536	0.0479673	0.0476418	0.0477277	0.0481878	0.0486695	0.0487663	0.0483652	0.0478677	0.0478191	0.0483031	0.0489941	0.0496151	0.0500029	0.0499296	0.0493115	0.0485773	0.048375	0.0488913	0.0497809	0.0506262	0.0511486	0.0511357	0.0505896	0.0498762	0.0493727	0.0491694	0.0492744	0.0496505	0.0500159	0.0500871	0.049927	0.0497565	0.0495972	0.0493589	0.0491832	0.0493533	0.0498247	0.0501995	0.0501684	0.0497626	0.0492842	0.0489981	0.0489345	0.0491592	0.0498785	0.050994	0.051919	0.0521211	0.0516333	0.050885	0.0502134	0.0496812	0.0492648	0.0489564	0.0486772	0.0483235	0.0478689	0.0473194	0.0467682	0.0465572	0.0470636	0.0482268	0.0494851	0.0501991	0.0501231	0.0495785	0.0491304	0.0490229	0.0490146	0.0487433	0.0481519	0.0475587	0.0473545	0.0476581	0.0481984	0.0485291	0.0484576	0.0481961	0.0480606	0.048249	0.0488685	0.0498151	0.0506408	0.0507607	0.0498991	0.0484672	0.0473711	0.047278	0.048198	0.0496594	0.0509828	0.0515436	0.0512002	0.0504171	0.0496188	0.048625	0.0470432	0.0448014	0.0417983	0.0375361	0.0316603	0.0244783	0.0168541	0.00998878	0.00496023	0.00204944	
0.00213504	0.00525547	0.0105215	0.0174921	0.0249375	0.0316981	0.0372242	0.0413317	0.0439426	0.0453127	0.0461431	0.0470385	0.0480373	0.0489221	0.0496295	0.050146	0.050392	0.0503478	0.0501102	0.0498285	0.0495322	0.049054	0.048363	0.0478269	0.0478476	0.0483951	0.0490526	0.0493345	0.0490482	0.048528	0.0482902	0.0484974	0.0490227	0.0497043	0.0502534	0.0502497	0.0495614	0.0486812	0.0483388	0.0487849	0.0496573	0.0504445	0.0508553	0.050795	0.0503374	0.0497634	0.0493348	0.049124	0.0491915	0.0495825	0.0500759	0.0502945	0.0501338	0.0498462	0.049637	0.0494385	0.0492386	0.0492816	0.0496666	0.050062	0.0500313	0.0495097	0.0488935	0.0485784	0.0485767	0.0488087	0.0493646	0.0501842	0.0508735	0.0511029	0.0509171	0.0505408	0.0500984	0.0495872	0.0490412	0.0485774	0.0482348	0.0479385	0.0476037	0.0471548	0.0466358	0.0464302	0.0470279	0.0483922	0.0498205	0.050544	0.0503621	0.0496876	0.0490796	0.0487997	0.0487142	0.0485222	0.0481473	0.0478844	0.0480632	0.0486323	0.049161	0.0492488	0.0489048	0.0484754	0.0482422	0.0482893	0.0486783	0.049373	0.050036	0.0502005	0.0496521	0.0486448	0.0477673	0.0475293	0.0480676	0.0491327	0.0502027	0.0507245	0.0505203	0.0499323	0.0493066	0.0485047	0.0472126	0.0453665	0.042807	0.03892	0.0331911	0.0258535	0.0178715	0.0106185	0.00528563	0.00218506	
0.00231614	0.00563686	0.0111442	0.0182488	0.0255951	0.0320732	0.0373039	0.0412447	0.0438829	0.0454452	0.0465081	0.0475329	0.0484846	0.0491777	0.0496479	0.0499736	0.050124	0.0500919	0.0499768	0.0499118	0.0498262	0.049417	0.0486523	0.048014	0.047967	0.048495	0.0492094	0.0496287	0.0495072	0.0490851	0.0487932	0.0488192	0.0491737	0.0497816	0.0503299	0.0503665	0.049716	0.048783	0.0482919	0.0486011	0.0493714	0.0499853	0.0501597	0.05002	0.0497978	0.0496268	0.0494707	0.0492572	0.049115	0.0492487	0.0495715	0.0497359	0.0496026	0.0494416	0.0494759	0.0495116	0.0493544	0.0492525	0.0495068	0.0499125	0.0499429	0.0494127	0.0487451	0.0484198	0.0484279	0.0485648	0.0488167	0.049154	0.0494057	0.0495589	0.0497644	0.0499917	0.0500182	0.049714	0.0491902	0.0486812	0.0483291	0.0481439	0.0480344	0.0478001	0.0473769	0.0471717	0.0477408	0.0490038	0.0501616	0.0505028	0.0500309	0.0492545	0.0486244	0.0483036	0.0482158	0.048168	0.0481102	0.0482602	0.0488148	0.0495897	0.0500926	0.0500007	0.0494813	0.0489604	0.0486739	0.0485979	0.048718	0.0490563	0.0494562	0.0496266	0.0493947	0.0488436	0.0482518	0.0479082	0.0479681	0.048393	0.0489457	0.0493036	0.0493119	0.0491128	0.0488654	0.0484338	0.0475572	0.046122	0.0439101	0.0403017	0.034714	0.0272706	0.0189518	0.0112819	0.00560281	0.00229257	
0.00241789	0.00587032	0.0115778	0.0188953	0.0263768	0.0328439	0.0379326	0.0417388	0.0444193	0.0462078	0.0474947	0.0485621	0.0493635	0.0498162	0.0500371	0.0501304	0.0500717	0.0498542	0.0496019	0.0495062	0.0495099	0.0492533	0.04864	0.0480724	0.0479541	0.0483344	0.0489592	0.0493977	0.0493746	0.0490781	0.0488741	0.0489129	0.0492007	0.049644	0.0499727	0.0499084	0.0493677	0.0485973	0.0481369	0.0483351	0.0489072	0.0492671	0.0492369	0.0491407	0.0493077	0.049704	0.0499824	0.0498622	0.0494633	0.0491426	0.0490369	0.0489661	0.0488315	0.0488441	0.0491272	0.0493774	0.0493108	0.0491697	0.0493547	0.0497758	0.0499323	0.0495654	0.0489887	0.04863	0.0484991	0.0483968	0.0482868	0.0481799	0.0480934	0.0482707	0.0489241	0.0497834	0.0503249	0.0503118	0.049914	0.0494349	0.0490741	0.0489354	0.0489824	0.0489434	0.0486488	0.0484595	0.0488905	0.0497931	0.0503877	0.0501586	0.0493491	0.0485294	0.0479979	0.0477339	0.0476411	0.0476778	0.0479251	0.0485258	0.0494544	0.0503827	0.0508542	0.0506859	0.0501531	0.0496671	0.0493689	0.0491437	0.0489395	0.0488725	0.0489893	0.0491317	0.0490981	0.0488293	0.0484115	0.047987	0.0477083	0.047681	0.0478887	0.0481912	0.0484427	0.0486222	0.0487456	0.0486658	0.0481086	0.0468557	0.0446666	0.0410586	0.0355321	0.0281224	0.0197019	0.0118061	0.0058779	0.00239014	
0.00248456	0.00599744	0.0118098	0.0193109	0.0270403	0.0336893	0.0387785	0.0424994	0.0452179	0.0471917	0.0485976	0.0495501	0.0500975	0.0503551	0.0504825	0.0504876	0.0502687	0.0498044	0.0492456	0.0488757	0.0487933	0.0487395	0.0484909	0.048139	0.0479199	0.0480299	0.0484456	0.0488211	0.0488612	0.0487044	0.0486344	0.0487256	0.0489372	0.0491466	0.0491575	0.0489276	0.0485479	0.0481301	0.0479224	0.0481293	0.0485322	0.048706	0.0486189	0.0486855	0.0492313	0.0500939	0.0507417	0.0507433	0.0501486	0.0494007	0.0488691	0.0485743	0.0484278	0.0485058	0.0488356	0.0491453	0.0491888	0.0491471	0.0493571	0.0497905	0.050073	0.0499408	0.049518	0.0490906	0.0487402	0.0483852	0.0480058	0.0476419	0.0474571	0.047823	0.0488805	0.0501537	0.0509774	0.0510968	0.0507315	0.0502461	0.0498751	0.0497405	0.0498306	0.0498976	0.04976	0.0496675	0.0499444	0.0503664	0.0503326	0.0496177	0.0486133	0.0478365	0.0474327	0.0472321	0.0471171	0.0472034	0.0477241	0.0487328	0.0499386	0.050881	0.0512287	0.0510193	0.0506353	0.0503917	0.0502205	0.0498742	0.0493377	0.0488986	0.0487848	0.0488775	0.0488865	0.0486661	0.0482477	0.0477471	0.0473534	0.0472563	0.0475115	0.047992	0.048485	0.0488647	0.0491047	0.049091	0.0485355	0.0471354	0.0446762	0.0408706	0.0353579	0.0281117	0.0198526	0.0120184	0.00605059	0.00248465	
0.00254116	0.00605152	0.0118416	0.0193649	0.0272123	0.0339919	0.0391012	0.0427688	0.0455078	0.0476018	0.0490645	0.0498819	0.0502182	0.0504013	0.050633	0.0507901	0.0506322	0.0500762	0.0492628	0.0485411	0.0482299	0.0482976	0.0484221	0.0483101	0.0479869	0.0478028	0.0479822	0.0482933	0.0484331	0.0484428	0.0484547	0.0484587	0.0484557	0.0484135	0.0482171	0.0479347	0.0477709	0.0477811	0.0479584	0.0483013	0.0486272	0.0486961	0.0486097	0.0488044	0.0495423	0.0505622	0.0512861	0.0512821	0.050587	0.0496689	0.0490066	0.0486966	0.048584	0.0486201	0.0488286	0.0490787	0.0492086	0.0492928	0.0495375	0.0499584	0.0503166	0.0503533	0.0500352	0.0495559	0.0491039	0.0486934	0.0482413	0.0477671	0.0475828	0.0481362	0.0494057	0.0507387	0.0514702	0.0514195	0.050885	0.0503379	0.0500436	0.0500141	0.0501446	0.050257	0.0502797	0.0503635	0.0505587	0.0505596	0.0500487	0.0491243	0.048191	0.0475637	0.0472491	0.0470601	0.0469332	0.0470825	0.0477878	0.0490009	0.0502559	0.0510436	0.0511841	0.0509286	0.0507584	0.0508707	0.0509367	0.0505631	0.0498337	0.0492181	0.049022	0.0490742	0.049001	0.0486463	0.0480918	0.0475075	0.0471407	0.0472238	0.0477674	0.0485232	0.049176	0.0495579	0.0496469	0.0493706	0.0484911	0.0467484	0.0440066	0.0400851	0.0346535	0.0276162	0.0196062	0.0119838	0.00612862	0.00257502	
0.00258424	0.00606553	0.0117552	0.0191306	0.0268579	0.0335926	0.0387126	0.0424057	0.0451748	0.0473143	0.0488057	0.049589	0.0498698	0.0500792	0.0504739	0.0508855	0.0509632	0.0505357	0.0496987	0.0487909	0.0482467	0.0482454	0.0485057	0.0485303	0.0481641	0.047787	0.0477786	0.0480383	0.0482921	0.0484754	0.0485434	0.0484025	0.0481435	0.0479004	0.0476354	0.0474043	0.0474523	0.047852	0.0484129	0.0489032	0.049131	0.049032	0.0488678	0.0491014	0.0498747	0.0507935	0.0513089	0.0511438	0.0504353	0.0496459	0.0492056	0.0491336	0.0491605	0.0491596	0.0492075	0.0493216	0.0494147	0.0494861	0.0496696	0.0500352	0.0504038	0.0504683	0.050136	0.0496677	0.0493864	0.0492735	0.0490112	0.0485056	0.0482312	0.0487558	0.0499382	0.0510206	0.0514035	0.0510047	0.0502256	0.0496708	0.0496082	0.0498431	0.0500749	0.0501704	0.0502385	0.0504296	0.0505901	0.0503669	0.0497157	0.0489743	0.0484107	0.0480233	0.0477214	0.0474649	0.0473328	0.0475362	0.0482578	0.0493817	0.0504509	0.0510147	0.0509806	0.050691	0.0506633	0.0510124	0.051255	0.0509545	0.0502992	0.0498054	0.0496896	0.0496902	0.0494279	0.0488246	0.0480879	0.0474682	0.0472036	0.0474728	0.0481972	0.0490323	0.0496471	0.0499118	0.0497852	0.0491575	0.0478786	0.0458766	0.0431189	0.0393633	0.0341442	0.0272824	0.0194182	0.0119328	0.00617486	0.00264814	
0.00262327	0.00609768	0.0116949	0.0188533	0.0263196	0.0329269	0.0381296	0.0419836	0.0448193	0.0469096	0.0483322	0.0490964	0.049393	0.0496159	0.0500534	0.0506027	0.0509129	0.0507606	0.0501736	0.0493786	0.048735	0.0485225	0.0486518	0.0486874	0.0483551	0.0479124	0.0477718	0.0479628	0.048283	0.0486215	0.0488279	0.0487237	0.0483841	0.0480094	0.0476343	0.047344	0.047457	0.0480982	0.0489232	0.0494713	0.0495236	0.049191	0.0489189	0.0491816	0.049944	0.0506628	0.0508651	0.0505022	0.0498616	0.0493649	0.0493023	0.0495758	0.0498284	0.0498751	0.0498067	0.0497258	0.0496333	0.0495578	0.0496287	0.0499161	0.0502002	0.0501041	0.0495908	0.0491426	0.049248	0.0497534	0.0499709	0.0495822	0.0491654	0.0494389	0.0502735	0.0509386	0.0509277	0.0502331	0.0493344	0.0489055	0.0491548	0.0496848	0.0500096	0.0499998	0.0499222	0.0500141	0.0500837	0.0498287	0.0493969	0.0491748	0.049155	0.0490072	0.0486308	0.0482452	0.0480956	0.0483027	0.0488901	0.0497432	0.0505416	0.050928	0.0508127	0.0505153	0.0505131	0.0508654	0.051108	0.0509373	0.0506104	0.0504749	0.0504951	0.0503502	0.0497953	0.0489255	0.0480954	0.047592	0.0475098	0.0478319	0.0484119	0.0489823	0.0493555	0.0494902	0.0492745	0.0484802	0.0470239	0.0450341	0.0425244	0.0390939	0.0341161	0.0273602	0.019504	0.0119979	0.0062249	0.00268385	
0.00267159	0.00616834	0.0117115	0.0186828	0.0259218	0.0324749	0.0378648	0.0419618	0.0448754	0.0468319	0.0480393	0.0486674	0.0489174	0.0490665	0.0493753	0.0498669	0.0503046	0.0504703	0.0503116	0.0498759	0.0493116	0.0488912	0.0487803	0.0487642	0.0485081	0.0480779	0.0478331	0.0479015	0.0481797	0.0485998	0.0490132	0.0491655	0.0489809	0.0485676	0.048006	0.0474911	0.0474563	0.0480906	0.0489733	0.0495083	0.0494607	0.0490464	0.0487836	0.0490793	0.0497606	0.0502407	0.0501563	0.0496446	0.0491098	0.0489039	0.049151	0.0496739	0.0501146	0.0502632	0.0501668	0.0499353	0.0496664	0.0494942	0.0495366	0.0497592	0.0498555	0.049452	0.0486524	0.0481759	0.0486565	0.0498242	0.0506602	0.0505753	0.0501162	0.0500986	0.0505086	0.0507525	0.0504321	0.0495971	0.0487467	0.0485056	0.0489831	0.0496871	0.0500587	0.0499459	0.0496596	0.0495021	0.0493801	0.0491559	0.049075	0.0493877	0.0497902	0.0497661	0.0493014	0.0488376	0.0486965	0.0488677	0.0492537	0.0498052	0.0503701	0.0506664	0.0505587	0.0503005	0.0502886	0.0505181	0.0506395	0.0505941	0.0506717	0.0509164	0.0509798	0.0505572	0.0496791	0.0486757	0.0479694	0.04777	0.047941	0.0482107	0.0484156	0.0485278	0.0486082	0.0486798	0.0485183	0.0477891	0.0464496	0.0446896	0.0424387	0.0391785	0.0342863	0.027569	0.0196935	0.0121153	0.0062639	0.00267645	
0.00270293	0.00621127	0.0117234	0.0186047	0.0257738	0.0323922	0.0379682	0.0422337	0.0451855	0.0470132	0.0479853	0.0484181	0.048567	0.0485926	0.0486877	0.0490033	0.0494582	0.0498668	0.0501278	0.0501386	0.0497987	0.0492785	0.0489444	0.0488447	0.0486745	0.0483313	0.0480375	0.0479311	0.0480121	0.0483332	0.0488356	0.0492403	0.0493127	0.0490051	0.0483759	0.0476797	0.0474055	0.0478141	0.0485623	0.0490888	0.0491662	0.0489653	0.0488563	0.0491035	0.0495584	0.049772	0.0494738	0.0488595	0.0483943	0.0483799	0.0487835	0.0493622	0.0498249	0.0500178	0.0499716	0.0497658	0.049529	0.0494376	0.0495429	0.0496843	0.0495432	0.0488744	0.047913	0.0474299	0.0480789	0.0495922	0.050856	0.0510884	0.0506861	0.0504684	0.0505604	0.0505248	0.0500549	0.0492389	0.0485323	0.0484288	0.0489672	0.0497091	0.0501472	0.0500779	0.0497012	0.049289	0.0489044	0.048639	0.0487619	0.0493088	0.0498076	0.0497765	0.0493163	0.0489234	0.0488699	0.0490257	0.0492195	0.0494841	0.0498533	0.0501317	0.0501068	0.0499319	0.0499371	0.0500876	0.0501367	0.0501943	0.0505233	0.050917	0.0508375	0.0500899	0.0490232	0.048155	0.0478114	0.0480003	0.0483996	0.0485868	0.0484326	0.0481592	0.0480432	0.04811	0.0480307	0.0474493	0.0463556	0.0448434	0.0426586	0.0392753	0.0342627	0.0275466	0.0197249	0.012153	0.00625881	0.00263658	
0.00265672	0.00612244	0.0116122	0.0185329	0.0258112	0.0325534	0.038187	0.0424333	0.0453569	0.0471712	0.048106	0.04848	0.0485588	0.0484417	0.0483008	0.048408	0.0488008	0.0493047	0.0498145	0.0501804	0.0501175	0.0496301	0.0491439	0.0489394	0.0488675	0.0487312	0.0485202	0.0482619	0.0480351	0.0480483	0.0483907	0.0488554	0.0491439	0.0490647	0.0485712	0.04787	0.0474333	0.0475971	0.0481778	0.0487382	0.0490755	0.0492363	0.0493214	0.0494396	0.0496063	0.0496177	0.0492404	0.0485978	0.0481533	0.0481975	0.0485977	0.0490561	0.0493569	0.0494633	0.0494704	0.0494442	0.0494323	0.0494951	0.049586	0.0495431	0.0491945	0.0484951	0.0476998	0.0473676	0.0479927	0.049407	0.050678	0.0510161	0.050652	0.0503315	0.0502795	0.0501838	0.0497923	0.0491814	0.0486925	0.0486602	0.0491174	0.0498032	0.0503466	0.0504617	0.0501259	0.0495089	0.0488323	0.0484161	0.0485232	0.0490016	0.0493522	0.0492581	0.0488962	0.0486766	0.0487616	0.0489442	0.0490062	0.0490459	0.0492755	0.0495797	0.0496395	0.0495056	0.0495259	0.0497265	0.0498807	0.0500383	0.0503529	0.0505674	0.0502137	0.0492764	0.0483085	0.0478473	0.0479787	0.0484617	0.0489134	0.0489638	0.0485818	0.0481243	0.0479438	0.0480211	0.047977	0.0474985	0.0465913	0.0451974	0.0428961	0.0392305	0.0340071	0.0272783	0.0195602	0.0120676	0.00619022	0.00257041	
0.00249045	0.00583427	0.0112691	0.0182855	0.0257527	0.03261	0.0381996	0.0423266	0.0452138	0.0471591	0.0483224	0.0488699	0.0489581	0.0486729	0.0482643	0.0481377	0.0484146	0.0489048	0.0494891	0.0500279	0.0501771	0.0498063	0.0492692	0.0489901	0.0490526	0.0492336	0.0492364	0.0489109	0.0483947	0.0480278	0.0480418	0.0483751	0.0487673	0.048913	0.0486141	0.0479927	0.0475213	0.0476073	0.0481503	0.0487538	0.0492409	0.0496304	0.0498582	0.0499122	0.0499393	0.0499329	0.0496647	0.0491322	0.0487094	0.048665	0.0488757	0.0490841	0.0491484	0.0491163	0.0491509	0.0493125	0.0495045	0.0495843	0.0494512	0.049106	0.0486288	0.0481314	0.0477656	0.0477505	0.0483184	0.0493857	0.0503305	0.0505504	0.0501985	0.049888	0.0498551	0.0498774	0.049749	0.0494946	0.0492863	0.0492862	0.049565	0.0501061	0.0507149	0.0510222	0.0507792	0.050048	0.04915	0.0485505	0.0485096	0.0487784	0.0489014	0.0487282	0.0484803	0.048446	0.0486529	0.0488373	0.0488049	0.0487513	0.0489823	0.0493427	0.0493978	0.0491971	0.0492226	0.0496035	0.0500202	0.0502708	0.0503701	0.0502153	0.0496301	0.0487739	0.0481803	0.0482161	0.0487202	0.0492753	0.0495369	0.04934	0.0488179	0.0483506	0.0482252	0.048347	0.048316	0.0478558	0.046978	0.0455492	0.0430866	0.0391894	0.0337915	0.0270192	0.0193475	0.0119045	0.00605797	0.00247579	
0.00222231	0.00536497	0.0106462	0.0176577	0.0252291	0.032166	0.037773	0.0419217	0.0449003	0.0470603	0.0485512	0.0493955	0.0495952	0.0492183	0.0485921	0.048216	0.0483098	0.048732	0.0493229	0.0498971	0.0501226	0.0498444	0.0493284	0.0490461	0.049268	0.0497617	0.0499778	0.0496303	0.048931	0.0482876	0.0479799	0.0480728	0.0484106	0.0486467	0.0484636	0.0479279	0.047546	0.0477503	0.0483852	0.0489742	0.0493703	0.0497257	0.0500253	0.0501803	0.0503006	0.050429	0.0503679	0.0500422	0.0496775	0.0494607	0.0493499	0.0492485	0.049122	0.0490437	0.0491592	0.0494699	0.0497366	0.0496676	0.0491923	0.0485289	0.0479723	0.0476947	0.0477094	0.0479662	0.048484	0.0492073	0.0497861	0.0498852	0.0496581	0.0495311	0.0496377	0.0498101	0.0499253	0.0499878	0.0500149	0.0500161	0.0501115	0.0504966	0.0511015	0.0514972	0.0513329	0.0506401	0.0497409	0.0490704	0.0488456	0.0488287	0.0486817	0.0484064	0.0482617	0.0484127	0.0487095	0.048829	0.0487062	0.0486942	0.0490628	0.0494696	0.0494093	0.0490767	0.0491387	0.0497661	0.0504716	0.0507887	0.0506488	0.0501734	0.0495056	0.0489047	0.0487172	0.0490699	0.0496849	0.0501125	0.0500771	0.0496227	0.0490483	0.0486975	0.0487216	0.0489334	0.0489055	0.0483632	0.0473436	0.0457761	0.0432233	0.0392524	0.0337488	0.026858	0.0191037	0.0116386	0.00583834	0.00234537	
0.0019232	0.00482108	0.00984463	0.0166825	0.0241989	0.0311888	0.0369813	0.0414271	0.0446917	0.0470699	0.0487733	0.0498399	0.0502176	0.0499482	0.04932	0.0487814	0.048642	0.0489342	0.0494991	0.0500293	0.0501893	0.0498907	0.04939	0.049151	0.0494962	0.050161	0.0504663	0.0500982	0.049348	0.0486173	0.0481216	0.0479615	0.0480927	0.0482363	0.0480783	0.0476797	0.0475273	0.047959	0.0486886	0.0491749	0.0493257	0.0494704	0.0497647	0.0500996	0.0504176	0.0506816	0.0507641	0.0506245	0.050368	0.050049	0.0496543	0.0492462	0.048952	0.0489135	0.0492171	0.0497265	0.0500637	0.0498752	0.0491587	0.0482716	0.0476111	0.0473595	0.0474497	0.0477206	0.0481257	0.048642	0.0490757	0.0492571	0.0493124	0.0494644	0.0497068	0.04991	0.0500589	0.0501927	0.0502664	0.0502427	0.0502985	0.0506916	0.051311	0.0516843	0.0515303	0.0509771	0.0503002	0.0497375	0.0493559	0.0489931	0.0485451	0.0481866	0.0481659	0.0484915	0.0488489	0.048912	0.0487841	0.0489125	0.0494185	0.0497728	0.0495188	0.0490601	0.0491791	0.0499911	0.0508629	0.0512054	0.050954	0.0503561	0.0496972	0.0492491	0.0492067	0.0495698	0.050084	0.0503575	0.0501605	0.0496418	0.0491751	0.0490259	0.0492052	0.0494693	0.0494062	0.0487372	0.0475096	0.0457678	0.0431798	0.0392265	0.0336281	0.0265225	0.0185857	0.0111065	0.00545615	0.00215651	
0.00166164	0.00431967	0.00905116	0.0156328	0.023019	0.0300784	0.0361768	0.0410668	0.0446988	0.0472513	0.0490048	0.0501081	0.0505871	0.050527	0.050131	0.0496539	0.0493718	0.0494901	0.0499274	0.0503084	0.0502999	0.0498884	0.0493644	0.0491635	0.0495469	0.0502192	0.0505283	0.0502078	0.049559	0.0489198	0.0484062	0.0480701	0.0479249	0.0478413	0.0476509	0.0474536	0.0476181	0.0482702	0.049011	0.0493512	0.0492697	0.0491651	0.0493405	0.0497546	0.050212	0.0505525	0.0507051	0.050709	0.0506103	0.0503258	0.0497634	0.0490426	0.0484867	0.0484252	0.0489345	0.0497074	0.0502218	0.0500985	0.0493757	0.0484304	0.0476615	0.0472591	0.0471649	0.0472589	0.0475649	0.048103	0.0486837	0.0491045	0.0493975	0.0496727	0.0498942	0.0499898	0.049991	0.0499414	0.0498355	0.0497472	0.049922	0.0505065	0.0512039	0.0515218	0.0513371	0.0509225	0.0505263	0.0501623	0.0496804	0.0489908	0.0482888	0.0479238	0.0480443	0.0484665	0.0488237	0.0489134	0.048942	0.0492532	0.0497747	0.0499634	0.0495387	0.0490329	0.0491856	0.0500051	0.0508245	0.0511171	0.0508848	0.0503478	0.0497068	0.0491944	0.0490267	0.0492546	0.0496774	0.0499303	0.0497871	0.0493945	0.049104	0.0491016	0.0493133	0.0495239	0.0494308	0.0487609	0.047458	0.0455683	0.0428698	0.0388361	0.0330614	0.025684	0.0175795	0.0102087	0.00487805	0.00189577	
0.00146414	0.00391003	0.00836966	0.0147163	0.0220223	0.029225	0.0356434	0.04088	0.0447472	0.0473873	0.0491041	0.0500892	0.0504784	0.0505121	0.0504151	0.0502436	0.0500681	0.0500791	0.0502841	0.050407	0.0502099	0.0497151	0.0491942	0.0490205	0.0493649	0.0499584	0.0502969	0.0501638	0.0497583	0.0493155	0.0488856	0.0484553	0.0480616	0.0477452	0.0475138	0.0474851	0.0478758	0.0486284	0.0493151	0.0495605	0.0493662	0.0490511	0.0489811	0.0492795	0.0497683	0.0501912	0.0504412	0.0505758	0.0506178	0.0504021	0.0497406	0.0487359	0.0478709	0.0476863	0.048277	0.0491965	0.0498474	0.0498902	0.0493822	0.0486203	0.0479034	0.047395	0.047108	0.0470698	0.0474155	0.0481487	0.0489706	0.0495524	0.0498434	0.0499708	0.0500112	0.0499823	0.0498637	0.0495995	0.0492381	0.0490365	0.0493	0.0500077	0.0507026	0.0509477	0.0507638	0.0504884	0.0503386	0.0501825	0.0496939	0.0488139	0.0479761	0.0476593	0.0478775	0.0482739	0.0485397	0.0486858	0.0489375	0.0493862	0.0498144	0.0498591	0.0494488	0.0490615	0.049233	0.0498775	0.0504332	0.0505661	0.0503753	0.049988	0.049419	0.0488315	0.0485547	0.0487606	0.0492443	0.0495899	0.0495352	0.0491787	0.0488445	0.0487292	0.04878	0.0488695	0.0488376	0.0483969	0.0472549	0.0452846	0.0423348	0.0380101	0.0319378	0.0243098	0.0161697	0.0090789	0.00420118	0.0016011	
0.00131702	0.00356783	0.00776986	0.0139192	0.0212283	0.0286487	0.0353374	0.0407216	0.0446082	0.0472288	0.048884	0.0497037	0.0498789	0.0498366	0.0499401	0.0501594	0.0503032	0.0503595	0.0503545	0.0502155	0.0498979	0.0494485	0.0490384	0.0489143	0.0491747	0.0496549	0.0500638	0.0502197	0.0501404	0.0499119	0.0495527	0.0490551	0.0485152	0.0480894	0.0478394	0.0478218	0.0481686	0.0488123	0.0494047	0.0496512	0.0494924	0.0490839	0.0487743	0.0488699	0.0493369	0.0498684	0.0502225	0.0503997	0.0504484	0.0502347	0.0495529	0.0484653	0.0474852	0.0472097	0.0476895	0.0484277	0.0489378	0.0490582	0.0488803	0.0485547	0.0481767	0.0477957	0.0474889	0.0474483	0.0478724	0.0486901	0.0495341	0.0500583	0.0501937	0.0500817	0.0499129	0.049826	0.0497576	0.0495003	0.0490556	0.0487551	0.0489221	0.0494564	0.0499091	0.0499957	0.0498385	0.0497335	0.0498184	0.0498846	0.0495262	0.0486835	0.047882	0.0476408	0.0478817	0.0481517	0.048236	0.0483566	0.0487367	0.0492311	0.0495653	0.0496144	0.049435	0.0493009	0.0494785	0.0498444	0.0500294	0.0499319	0.0497573	0.0495716	0.0492301	0.0487927	0.0486362	0.0490002	0.0496335	0.0500336	0.0498843	0.049261	0.0485396	0.0480403	0.0478054	0.0477739	0.0478634	0.0477375	0.04685	0.0448455	0.0415912	0.0368653	0.0304455	0.0226456	0.0146279	0.00794642	0.00356572	0.00133442	
0.00118198	0.00322955	0.00716306	0.0131243	0.0204553	0.0280629	0.034923	0.0403531	0.0442078	0.0467959	0.0484025	0.0491036	0.0491159	0.0489866	0.0492049	0.0497365	0.0502032	0.050375	0.0502414	0.049908	0.0495425	0.0492366	0.0490223	0.048973	0.049134	0.049484	0.0499552	0.0504069	0.0506613	0.0506172	0.0502876	0.0497702	0.049238	0.0488312	0.048529	0.0483246	0.0483707	0.0487095	0.0491248	0.0493748	0.0493348	0.0490326	0.0487339	0.0487882	0.0492621	0.0498393	0.0501656	0.0502092	0.050115	0.0498646	0.0492951	0.0484138	0.0476117	0.0473346	0.0475298	0.0477944	0.047934	0.048023	0.0481611	0.0483518	0.0484807	0.0484189	0.0482314	0.0482104	0.0485684	0.0491834	0.049759	0.0500984	0.0501474	0.0499401	0.0496484	0.0495256	0.0495887	0.0495653	0.0493045	0.0490123	0.048966	0.0491172	0.0491805	0.0490552	0.0489067	0.0489361	0.0491961	0.0494673	0.0493609	0.0487995	0.0482379	0.0481183	0.0483245	0.0484155	0.0482756	0.0482718	0.0486365	0.0491024	0.0493944	0.0495353	0.0495964	0.0496436	0.0497538	0.049829	0.0496896	0.0494227	0.0493116	0.0493885	0.049398	0.0492826	0.0493819	0.049945	0.0506827	0.0510147	0.050582	0.0495046	0.0482909	0.0474042	0.0469423	0.0468344	0.0469979	0.0470446	0.0462696	0.0441739	0.0406233	0.0355169	0.0287939	0.0209207	0.0131399	0.00692629	0.00302838	0.00112159	
0.00102557	0.00284865	0.00649637	0.0122563	0.0195478	0.0271903	0.034078	0.0395726	0.0435489	0.0462261	0.0478273	0.0484754	0.0484767	0.0484337	0.0488395	0.049607	0.0502502	0.0504407	0.0501717	0.0496801	0.0493001	0.0491549	0.0491341	0.0491489	0.0492098	0.0494116	0.0498682	0.0505052	0.0510146	0.0511343	0.0508879	0.0504965	0.0501367	0.0497972	0.0493656	0.0488916	0.0486009	0.0485865	0.0487176	0.0488309	0.0488449	0.0487884	0.048813	0.0490918	0.049624	0.0501303	0.0502899	0.0501189	0.0498623	0.0495991	0.0492073	0.0486433	0.0481179	0.047844	0.0476989	0.0474897	0.0473275	0.0474053	0.0477506	0.0482837	0.0487996	0.0490264	0.0489543	0.0489029	0.0490885	0.0493832	0.0496187	0.0497979	0.0498979	0.0497877	0.0494887	0.0492795	0.0493556	0.0495624	0.0496148	0.0494598	0.0492688	0.0491141	0.0489121	0.0486692	0.0485037	0.0485204	0.0487683	0.0491303	0.049313	0.0491838	0.0489887	0.0490055	0.0491347	0.0490521	0.0487416	0.0486123	0.0488832	0.0492684	0.0495161	0.0496744	0.0497721	0.0497858	0.0497515	0.0496262	0.049346	0.0490854	0.0491248	0.0494389	0.0497115	0.0498264	0.0500879	0.0507394	0.0514747	0.0516711	0.0509615	0.0495495	0.048072	0.0470526	0.0465393	0.046401	0.0465557	0.0466006	0.0457536	0.0434385	0.039519	0.0339992	0.0270037	0.0191558	0.0117154	0.00601052	0.002575	0.000954339	
0.000845508	0.00242832	0.00576758	0.0112794	0.0184293	0.0259516	0.0327486	0.0383404	0.0426119	0.0455654	0.0472776	0.0479519	0.0480539	0.0482398	0.0489072	0.0498353	0.0504792	0.0505432	0.0501077	0.0495238	0.0492112	0.0492554	0.0494018	0.0494455	0.0493784	0.0493626	0.0496337	0.0502194	0.050812	0.0510828	0.0510512	0.0509746	0.0509273	0.0507038	0.050177	0.0495489	0.0490922	0.0488344	0.0486557	0.0484972	0.0484175	0.0485454	0.0489307	0.0494812	0.0500551	0.0504605	0.050503	0.050237	0.04992	0.0496603	0.049365	0.0489872	0.0486392	0.0483788	0.0480569	0.0476344	0.0473717	0.0474612	0.0478497	0.0484414	0.0490552	0.049381	0.0493531	0.0492771	0.0493528	0.0494389	0.0494424	0.0495143	0.0496983	0.049758	0.0495206	0.0491793	0.0491024	0.0493824	0.0497032	0.0497499	0.0495689	0.0493501	0.0491457	0.0489442	0.048747	0.0485968	0.048629	0.0489192	0.0493147	0.0495898	0.0497095	0.049784	0.0498041	0.0496274	0.0493054	0.0491678	0.0493595	0.0496272	0.0497633	0.0498015	0.0497596	0.0496428	0.0495181	0.0493666	0.0491561	0.0490464	0.0492212	0.0495816	0.0498445	0.0499509	0.0501996	0.0507976	0.0514335	0.0515176	0.0507275	0.049309	0.0479188	0.0470235	0.0465598	0.0463683	0.0464444	0.0464271	0.0454688	0.0428782	0.0384775	0.0324197	0.0251082	0.0173483	0.010341	0.00518652	0.00219521	0.000824914	
0.000661478	0.00199068	0.00496563	0.0101181	0.0170104	0.0243527	0.0310408	0.0367264	0.0413679	0.0448101	0.0469074	0.0478018	0.0480533	0.0483851	0.0491305	0.0499906	0.0504552	0.0503397	0.0498294	0.0493307	0.0492401	0.0495319	0.049817	0.0498269	0.0495711	0.049255	0.049176	0.049468	0.0499365	0.0503004	0.0505617	0.050901	0.0512368	0.0512347	0.0508002	0.0502327	0.0497902	0.0494255	0.0490234	0.048615	0.0483791	0.048509	0.0489809	0.0495637	0.0500923	0.0504814	0.0505899	0.0503979	0.0500989	0.0498136	0.0494867	0.04913	0.0489013	0.0488294	0.0486882	0.0483616	0.04807	0.0480358	0.0482622	0.0486945	0.0492007	0.0495035	0.0495112	0.0494624	0.049502	0.0494756	0.0493269	0.0492947	0.0495035	0.0496865	0.0495273	0.0491111	0.0488878	0.0491404	0.0495912	0.0497865	0.0496993	0.0495844	0.0495203	0.0494129	0.0491816	0.0488592	0.0486528	0.0487885	0.0492393	0.0497052	0.0499245	0.0499205	0.0498389	0.049724	0.0496142	0.0496381	0.0498091	0.0499312	0.049882	0.0497312	0.0495545	0.0494068	0.049338	0.0493047	0.04927	0.0493244	0.0495162	0.0497128	0.0497636	0.0497343	0.0498944	0.050358	0.0508329	0.0508623	0.0502094	0.049074	0.047992	0.0472928	0.0468278	0.0464892	0.0464126	0.0463137	0.0452844	0.0424724	0.0376006	0.0309719	0.0233131	0.0156366	0.00907205	0.00445906	0.00187716	0.000720366	
0.000494542	0.00155646	0.00408429	0.00871716	0.0152167	0.0223799	0.0290362	0.0348341	0.0398485	0.0439291	0.046718	0.0481165	0.0485966	0.0488978	0.0493832	0.0498543	0.0499869	0.0497455	0.0493472	0.0491232	0.0493345	0.0498257	0.0501342	0.0500134	0.0495535	0.0489803	0.0485587	0.0484793	0.0487101	0.0491006	0.0496309	0.050321	0.0509556	0.0512062	0.0510161	0.0506323	0.0502468	0.0498324	0.0493368	0.048836	0.0485153	0.0485258	0.0488099	0.0491943	0.0496385	0.050122	0.0504095	0.0503089	0.0499596	0.0495569	0.0491225	0.048761	0.0487543	0.0491522	0.0495502	0.0495466	0.0492059	0.048861	0.0487312	0.0488839	0.0492456	0.0495777	0.0497151	0.0497329	0.049704	0.0495338	0.0492327	0.0490791	0.0492441	0.049469	0.0493892	0.049036	0.0488156	0.049006	0.0493872	0.0495753	0.0495722	0.049597	0.0496318	0.0495298	0.0492662	0.0489154	0.0486499	0.0486923	0.0490645	0.049459	0.0495517	0.0493913	0.0492874	0.049417	0.0497078	0.0499998	0.0501583	0.0500885	0.0498239	0.0495374	0.0493612	0.0493084	0.0493348	0.0493934	0.0494845	0.0496325	0.0497737	0.049791	0.0496759	0.0495785	0.0496868	0.0500048	0.0503015	0.0503054	0.0498654	0.0490862	0.048318	0.0477395	0.0471801	0.0466238	0.0463066	0.0460038	0.0448114	0.0417925	0.0365779	0.0295415	0.0216344	0.0140496	0.00789114	0.0037786	0.00157215	0.00060862	
0.000362701	0.00116451	0.00319662	0.00717726	0.013137	0.0200889	0.0268104	0.0328099	0.0381882	0.042879	0.0464325	0.0485016	0.0493351	0.0495722	0.0496282	0.0495436	0.0493099	0.0490485	0.0488974	0.0489808	0.0493774	0.0498734	0.0500478	0.0497598	0.0492063	0.0485734	0.0479874	0.0476366	0.0476638	0.0480713	0.0487881	0.0496397	0.0503433	0.0506981	0.0506949	0.0504425	0.0500575	0.0496132	0.0491588	0.0487484	0.0484579	0.048353	0.0484165	0.04862	0.0490461	0.0496694	0.0501024	0.0499726	0.0494059	0.048751	0.0481766	0.0478851	0.0482367	0.0492529	0.0503143	0.0507136	0.0503477	0.0496505	0.0490831	0.0488988	0.0491345	0.049597	0.0499864	0.050125	0.0500075	0.0496741	0.0492374	0.0489684	0.0490392	0.0492276	0.0491968	0.0489612	0.0487973	0.0488392	0.0489537	0.0490101	0.0491035	0.0492947	0.0493685	0.0491742	0.0488545	0.0485719	0.0484135	0.0484907	0.048785	0.0490184	0.0489382	0.0486765	0.0486528	0.0491102	0.0498326	0.0503706	0.0504592	0.0501434	0.0496885	0.0494097	0.0494046	0.0494916	0.0494917	0.0494489	0.0495052	0.049674	0.0498126	0.0497989	0.0496811	0.0496264	0.0497502	0.0499897	0.0501677	0.0501301	0.0497902	0.049223	0.0486547	0.0481423	0.0475109	0.0467716	0.0461235	0.0453529	0.0436859	0.0403006	0.034835	0.0276434	0.0197289	0.01238	0.00668624	0.00308372	0.00124548	0.000472633	
0.000273227	0.000855023	0.00241846	0.00570845	0.0110159	0.0176641	0.0244782	0.0307748	0.0365189	0.0416732	0.0458228	0.0485097	0.0497622	0.0500386	0.0497568	0.0492148	0.0487454	0.0485775	0.0486656	0.0488853	0.0492179	0.0495366	0.0495503	0.049207	0.0487478	0.0482725	0.0477283	0.0472618	0.0471599	0.0475519	0.0483201	0.0491532	0.0497453	0.0500113	0.0499977	0.0497434	0.0493411	0.0489535	0.0486881	0.0485084	0.0483304	0.0481813	0.0481566	0.0483268	0.0487798	0.0494597	0.0499166	0.0496722	0.0488252	0.0478637	0.0471396	0.0469387	0.0476083	0.049097	0.0506386	0.0513402	0.0509927	0.0500699	0.0491649	0.0486756	0.0487778	0.0493709	0.0500579	0.0504081	0.050299	0.0498833	0.0493814	0.0490326	0.048975	0.0490472	0.0489856	0.0487921	0.0486021	0.0484096	0.048204	0.0481488	0.0484036	0.048807	0.0489443	0.0486749	0.0482783	0.0480147	0.0479665	0.0481656	0.0484972	0.0486766	0.0485361	0.0482698	0.048337	0.0490171	0.0500171	0.0506951	0.050674	0.0501053	0.0494959	0.049322	0.0495849	0.0498196	0.0497002	0.0494158	0.04932	0.0494825	0.0496938	0.0497491	0.0496624	0.0496243	0.0497788	0.0500681	0.0502792	0.0501946	0.0497595	0.0491683	0.0486677	0.0482462	0.0476892	0.0469042	0.0458988	0.0444306	0.0419679	0.0379861	0.0322524	0.025078	0.0174105	0.0105312	0.00544808	0.0024036	0.000929025	0.00033585	
0.000211446	0.000627118	0.00180289	0.00445839	0.00908003	0.0153227	0.0221682	0.0287813	0.0348865	0.0403683	0.044886	0.0480111	0.0496539	0.0500957	0.0497036	0.0489656	0.0484733	0.0484702	0.0486833	0.0488189	0.0489175	0.0490378	0.0489969	0.0487283	0.0484487	0.0482155	0.0478525	0.04741	0.0472086	0.0474604	0.0480973	0.0488254	0.0493154	0.0494437	0.0492803	0.048945	0.0485975	0.0484175	0.0484622	0.0485635	0.0485111	0.0483563	0.04832	0.0485053	0.0489323	0.0495385	0.0499348	0.0496272	0.0486344	0.0474638	0.0465881	0.0463517	0.047073	0.0486783	0.0503689	0.0511812	0.0508762	0.0499411	0.0489549	0.0483089	0.0482666	0.048879	0.0497918	0.0504186	0.0504556	0.0500595	0.049554	0.0491662	0.048968	0.0488574	0.0486897	0.0484873	0.0482827	0.047962	0.0475839	0.0474922	0.0478614	0.0483922	0.0486131	0.0484012	0.0480187	0.0477406	0.0477399	0.0480673	0.0485016	0.048696	0.0485302	0.0482414	0.0483009	0.0490079	0.0500622	0.0507534	0.050633	0.0498773	0.0491274	0.0489894	0.0494324	0.0498033	0.0496539	0.0492422	0.0490609	0.0492437	0.0495347	0.0496179	0.049442	0.049263	0.0493649	0.0497716	0.0501659	0.0501126	0.0495212	0.048765	0.0482126	0.0478631	0.04747	0.0467685	0.0455049	0.043387	0.040123	0.0354922	0.0294365	0.0222931	0.0149771	0.00870095	0.00430321	0.00181467	0.000670053	0.000228536	
0.000157222	0.000453478	0.00133287	0.00345279	0.00741255	0.0131668	0.0199373	0.0268308	0.0333012	0.0390397	0.0437414	0.0471144	0.0490872	0.0498043	0.0495337	0.0488485	0.0484709	0.048606	0.0488333	0.0488337	0.0487778	0.0488437	0.0488398	0.0486167	0.0483954	0.0483202	0.0481932	0.0479004	0.0476358	0.047632	0.0479701	0.0485312	0.0489919	0.0490642	0.0487609	0.0483458	0.0481112	0.0482082	0.0485591	0.048868	0.048879	0.0486907	0.0486083	0.0487657	0.0491496	0.0496988	0.0500924	0.0498519	0.0489006	0.0476671	0.0466432	0.046204	0.0466862	0.0480821	0.049647	0.0504195	0.050192	0.0494657	0.0486959	0.0481043	0.0479399	0.0484235	0.0493796	0.0502125	0.0504453	0.0501456	0.049696	0.0493147	0.0489837	0.0486472	0.0483358	0.0481782	0.0481555	0.0480062	0.0476868	0.0475452	0.0477914	0.0482002	0.0484437	0.0484339	0.0482569	0.048053	0.0480672	0.0484328	0.0488803	0.0490009	0.0486961	0.0482693	0.0482283	0.0488498	0.0498039	0.0503959	0.0502052	0.0493878	0.0485375	0.0482809	0.0486829	0.0491368	0.0491402	0.0488692	0.0487753	0.0489923	0.0492721	0.0492782	0.0489286	0.0485165	0.0484578	0.0489048	0.0495078	0.0496416	0.0490874	0.0482441	0.0475566	0.0471193	0.0467587	0.0461127	0.0447266	0.0422543	0.0385123	0.0334078	0.0270109	0.0198026	0.012782	0.00708634	0.00333158	0.00133721	0.000472801	0.000154805	
0.00010953	0.000323502	0.000983678	0.00265742	0.00597836	0.0111541	0.0177197	0.0248475	0.0317334	0.0377567	0.0425564	0.0460387	0.0482779	0.0493406	0.0493625	0.0488855	0.048639	0.0488116	0.0490027	0.0489832	0.0489905	0.0491708	0.0492349	0.0489551	0.0486162	0.0485561	0.0486432	0.0485719	0.0483025	0.048022	0.0479698	0.0482636	0.0486675	0.048748	0.0483884	0.0479215	0.0477564	0.048027	0.048536	0.048913	0.0489169	0.0486801	0.0485466	0.0487076	0.0491614	0.0498091	0.0503243	0.0502374	0.0494156	0.0482089	0.0470847	0.0464229	0.0465824	0.047635	0.0489407	0.0496171	0.0495157	0.0491318	0.0487678	0.0484135	0.0482021	0.0484474	0.049181	0.0499521	0.0502749	0.0501401	0.0498651	0.0495636	0.0491178	0.0485352	0.0480631	0.0480062	0.0483362	0.0485952	0.0484831	0.0482229	0.0481221	0.0482083	0.0483979	0.0486338	0.0487806	0.0487503	0.0487496	0.0489971	0.0492992	0.0492583	0.0487626	0.0481567	0.0479942	0.0485024	0.0492942	0.0497451	0.0495487	0.0488288	0.0479891	0.0475564	0.0477562	0.0482113	0.0484443	0.0484627	0.04854	0.0487355	0.0488615	0.0487151	0.0482641	0.0477395	0.0475347	0.0479016	0.0486152	0.049042	0.04878	0.0480149	0.0471455	0.046423	0.0458589	0.0451247	0.0436829	0.0411188	0.0371907	0.0317612	0.0249999	0.0176359	0.0108426	0.00567819	0.0025063	0.000943955	0.000317902	0.000103119	
7.68678e-005	0.000236644	0.00073218	0.00202115	0.0047098	0.00921096	0.0154229	0.0227036	0.0300427	0.0364278	0.0413381	0.0448731	0.0473346	0.0487861	0.0492268	0.049069	0.0489563	0.049101	0.0492479	0.0492891	0.0494395	0.0497617	0.0499053	0.0495758	0.0490794	0.0489451	0.0491657	0.0492883	0.049038	0.0485301	0.0481181	0.0481109	0.0483873	0.0484555	0.0480836	0.0475887	0.0474232	0.0477169	0.0482279	0.0485762	0.0485488	0.0482965	0.0481916	0.0484634	0.0490829	0.0498799	0.0505284	0.0506033	0.0499475	0.0488478	0.0477509	0.0470208	0.0469704	0.0476968	0.0487222	0.0493271	0.0493833	0.0493132	0.0493264	0.0492651	0.0490937	0.0490705	0.0493584	0.0497592	0.0499877	0.0500381	0.0500433	0.0498956	0.0493795	0.0485903	0.0479736	0.0479849	0.0486013	0.0492228	0.0493147	0.0489458	0.0485192	0.0483176	0.0484431	0.0488515	0.0492804	0.049454	0.0494322	0.049452	0.0495028	0.0493198	0.0487552	0.0480729	0.0477901	0.0481189	0.0487143	0.049082	0.0490167	0.0485675	0.0479127	0.0474281	0.0474453	0.0478216	0.0481685	0.0483825	0.0485623	0.0486534	0.0485248	0.0481956	0.0477709	0.0473596	0.0471658	0.0474432	0.0481538	0.0487963	0.0488247	0.0481421	0.0470715	0.0460274	0.0451973	0.0443268	0.0428531	0.0402434	0.0361065	0.0302698	0.0230857	0.0155744	0.00904914	0.0044302	0.00180965	0.000627912	0.000199465	6.64749e-005	
5.84453e-005	0.000180017	0.000542875	0.00148969	0.00356164	0.00732187	0.0130244	0.0202869	0.0279849	0.0347364	0.0398074	0.0434318	0.046135	0.0480153	0.0489508	0.0491913	0.0492616	0.049407	0.0495317	0.049612	0.0498116	0.050183	0.0504258	0.0501652	0.0495911	0.0493322	0.049553	0.0497683	0.0495393	0.0489111	0.0483044	0.0481209	0.0482833	0.0482983	0.0479173	0.0474449	0.0473112	0.047612	0.0480916	0.0483874	0.048312	0.048049	0.0480007	0.0483687	0.049038	0.0498113	0.0504661	0.0506871	0.0502894	0.049463	0.0486046	0.0480171	0.0478941	0.0483249	0.0490591	0.0496008	0.0497796	0.0498673	0.0500478	0.0501556	0.0500188	0.0497568	0.0495895	0.0495732	0.049667	0.0498852	0.0501615	0.0501766	0.0496507	0.0487574	0.0480615	0.0480641	0.0487277	0.0494448	0.049631	0.0492641	0.0487546	0.0484707	0.0485485	0.048967	0.0495214	0.0498911	0.0499353	0.0497788	0.0495749	0.0492934	0.0488027	0.0481759	0.047761	0.0477977	0.0481366	0.0484777	0.0486652	0.0486372	0.0483818	0.0481105	0.0481191	0.0483755	0.0486284	0.0488119	0.0489552	0.0489012	0.0485206	0.048015	0.0476565	0.047471	0.0474436	0.0477296	0.048376	0.0490129	0.0490748	0.048336	0.0471061	0.0458876	0.0449137	0.0439468	0.0423925	0.0395742	0.0349841	0.0285663	0.02098	0.0134894	0.00739489	0.00337845	0.00127224	0.000404124	0.000121583	4.35601e-005	
4.86526e-005	0.000140166	0.000392576	0.00104298	0.00254815	0.0055527	0.0105959	0.0175777	0.0253931	0.0324235	0.0377263	0.0415564	0.0445615	0.0468636	0.0482597	0.0488802	0.0491563	0.0493569	0.049499	0.0495964	0.049767	0.0501214	0.0504881	0.0504247	0.0499006	0.0495124	0.0496044	0.049805	0.0496209	0.0490125	0.0483953	0.0481819	0.04828	0.0482374	0.0478879	0.0475525	0.0475908	0.0480091	0.0485076	0.0487375	0.0485656	0.0482357	0.0481529	0.0484425	0.0489307	0.0494804	0.0500265	0.0503768	0.0503285	0.049956	0.0495343	0.04923	0.0490961	0.0492283	0.0496097	0.0499851	0.0501689	0.0502654	0.0504037	0.0504615	0.0502408	0.0497924	0.0493823	0.0492263	0.0493845	0.0498034	0.0502653	0.0503662	0.0498382	0.0489161	0.0482035	0.0481566	0.0486931	0.0492864	0.0494631	0.0491977	0.0488274	0.0486233	0.0486202	0.0488438	0.0493185	0.0498485	0.0501148	0.0499997	0.0496764	0.0493367	0.0489459	0.0484027	0.0478372	0.0475133	0.0475174	0.0477673	0.0481746	0.0486082	0.0489109	0.0490969	0.0492892	0.0494579	0.0495118	0.049517	0.0495225	0.0493346	0.0488106	0.0482186	0.0479216	0.0479305	0.0481014	0.0484485	0.0489714	0.0493926	0.0492726	0.0484239	0.0471388	0.0458731	0.0447909	0.0436274	0.0417732	0.0384803	0.0332432	0.0262436	0.0184741	0.0113198	0.00588784	0.00253912	0.00089671	0.000267204	7.9337e-005	3.1949e-005	
4.59467e-005	0.000115386	0.000283637	0.00070237	0.00173525	0.00403035	0.0083039	0.0147267	0.022367	0.0295634	0.0351986	0.0393964	0.042772	0.0454507	0.0472096	0.0481158	0.048536	0.0487616	0.0489093	0.0490291	0.0491905	0.0495284	0.0499988	0.0501833	0.0498682	0.0494873	0.0494603	0.0496109	0.0495045	0.0489949	0.048407	0.0481445	0.0481468	0.0480631	0.0478364	0.0477622	0.0480628	0.0486286	0.049122	0.0492355	0.0489352	0.0485244	0.0483584	0.0484887	0.0487544	0.0490979	0.0495448	0.049983	0.0502324	0.050293	0.0502946	0.0502463	0.0500986	0.0499598	0.049962	0.0500608	0.050151	0.0502078	0.0502183	0.0500855	0.0497087	0.0491745	0.0487726	0.0487717	0.0492092	0.0498831	0.0504479	0.0505203	0.0499275	0.0489656	0.0482323	0.0481183	0.0485075	0.0489586	0.0491136	0.0489541	0.0487303	0.0485937	0.0484654	0.0484013	0.0486769	0.0493127	0.0498939	0.0500343	0.0497941	0.0494706	0.0491295	0.0485958	0.0478713	0.0472275	0.0468853	0.0469229	0.0473728	0.0481339	0.0489545	0.04963	0.0500703	0.0502352	0.0501765	0.050042	0.0498947	0.0496064	0.0491011	0.0486174	0.0484622	0.0486397	0.0489625	0.049311	0.0496076	0.0496968	0.0493537	0.0484642	0.0472025	0.0458563	0.0444962	0.0428581	0.0403845	0.0363923	0.0305001	0.0231374	0.0155359	0.00905654	0.00449181	0.0018568	0.000633414	0.000186201	5.86757e-005	2.7166e-005	
5.00935e-005	0.000105571	0.000217891	0.000479271	0.00116191	0.00284805	0.00631499	0.0119632	0.0191561	0.0263873	0.0324363	0.0371737	0.0410289	0.0441063	0.046213	0.0473653	0.0478459	0.0479745	0.0480204	0.0481413	0.0483585	0.0487154	0.0492149	0.0495864	0.0495972	0.0494526	0.0494653	0.0496123	0.0495839	0.0491438	0.0484986	0.0480741	0.0479242	0.0478318	0.0478016	0.0480073	0.0484628	0.0489798	0.0492936	0.049224	0.0488508	0.0484831	0.0483717	0.0485125	0.0487718	0.0490982	0.0495108	0.0499416	0.0502651	0.0504788	0.0506481	0.0507018	0.0505301	0.0502118	0.0499304	0.0498001	0.0498219	0.0498643	0.0497679	0.0494952	0.0490864	0.0486197	0.0483167	0.048477	0.0491655	0.0500692	0.0507062	0.0506975	0.0499683	0.0488838	0.0480487	0.0478264	0.0480971	0.0484748	0.0486502	0.0485603	0.0483657	0.0481913	0.047966	0.0477465	0.0478977	0.0485857	0.0493957	0.0497939	0.0497225	0.0494695	0.0491333	0.0485544	0.0477422	0.0469631	0.0464218	0.0462352	0.0465567	0.0474008	0.0484996	0.0494702	0.0500578	0.0502503	0.0501969	0.0500176	0.049742	0.0493854	0.049035	0.048864	0.0490081	0.0494214	0.0498928	0.0501995	0.0502306	0.0499751	0.0494131	0.0484916	0.0472198	0.0456619	0.0438044	0.0414389	0.0381276	0.0333511	0.0269301	0.0195016	0.0123952	0.00681987	0.00321241	0.00128122	0.000432811	0.000132459	4.75406e-005	2.52719e-005	
5.63381e-005	0.000101981	0.000178202	0.000341886	0.000785982	0.00198459	0.0046759	0.00941495	0.0159128	0.0229838	0.0294281	0.0348264	0.0393063	0.0429	0.0454555	0.0469263	0.0474739	0.0474429	0.047314	0.0474311	0.0477719	0.0481811	0.0486197	0.0490413	0.0493515	0.049555	0.0497432	0.0499375	0.0499384	0.0494863	0.0487363	0.0481612	0.0479204	0.0478795	0.0480406	0.04842	0.0488226	0.0490348	0.0489746	0.0486746	0.0483166	0.0481432	0.0482703	0.0486503	0.0491394	0.0496055	0.0499992	0.0502694	0.0503655	0.05038	0.0504508	0.050509	0.0503608	0.0499869	0.049588	0.0493988	0.0494598	0.049536	0.0494116	0.0491654	0.0489232	0.0486353	0.0483739	0.048493	0.0492073	0.0502236	0.0509485	0.0509057	0.0500108	0.0486963	0.0476534	0.047276	0.0474259	0.0477365	0.047951	0.0479609	0.0477956	0.0475783	0.0473672	0.0472256	0.0474026	0.0480449	0.0488283	0.0492793	0.049311	0.0491311	0.0487916	0.048193	0.0474362	0.0467694	0.0462855	0.0460311	0.0462095	0.0469624	0.0480778	0.0490791	0.0496187	0.049733	0.0496294	0.0493697	0.048959	0.0485653	0.0484312	0.048657	0.0491883	0.0498914	0.0505292	0.0508428	0.0507313	0.0502463	0.0494626	0.0484016	0.0469932	0.0451072	0.0426416	0.0394618	0.0352737	0.0297556	0.0229792	0.015762	0.00939629	0.00482303	0.00213371	0.000819818	0.000280358	9.46521e-005	4.07693e-005	2.43679e-005	
5.60899e-005	9.15969e-005	0.000141645	0.000243347	0.00052768	0.0013492	0.0033378	0.00711051	0.0127084	0.0193732	0.0260667	0.03213	0.0373366	0.0415642	0.044661	0.0465387	0.0472798	0.0472555	0.0471112	0.0473291	0.0478171	0.0482198	0.0484754	0.0487858	0.0492388	0.0497115	0.0500861	0.0503279	0.0502795	0.049751	0.0489634	0.048412	0.0482453	0.0483088	0.0485742	0.0489805	0.0492271	0.0490942	0.0486493	0.0481257	0.0477885	0.0477916	0.0481368	0.0487641	0.0495201	0.0501675	0.0505292	0.0505063	0.0501476	0.0497613	0.0496583	0.0497735	0.0497655	0.0494791	0.0491378	0.0490588	0.0492601	0.049435	0.0493747	0.0492381	0.0491811	0.0490548	0.0488016	0.048772	0.0493187	0.0502838	0.0510724	0.0510741	0.0500765	0.0485306	0.0472538	0.046699	0.0466882	0.0468731	0.0471064	0.0472823	0.0472686	0.047131	0.0470643	0.047144	0.047397	0.0478474	0.0483395	0.048639	0.0487116	0.0486259	0.0483093	0.0477112	0.047053	0.0466002	0.0463653	0.046289	0.0465077	0.04719	0.0481845	0.0490142	0.0493285	0.0492214	0.0489318	0.0484982	0.0479549	0.0475712	0.0476335	0.0481569	0.0489585	0.0498233	0.0505099	0.0508327	0.0507441	0.0502302	0.0493015	0.048039	0.0464101	0.0441789	0.041136	0.0371735	0.0321422	0.0259657	0.0190144	0.0122532	0.00680382	0.00323723	0.00133926	0.000499591	0.000179386	7.08854e-005	3.69076e-005	2.38924e-005	
4.57612e-005	7.04837e-005	0.00010137	0.000162861	0.000338996	0.000873219	0.0022544	0.00508311	0.00966801	0.0157043	0.0224223	0.0290285	0.034962	0.0398663	0.0435124	0.0458203	0.0469219	0.0472321	0.047394	0.0478424	0.0483976	0.0486419	0.0486067	0.0487103	0.0491587	0.0497536	0.0502273	0.050438	0.0502525	0.0496605	0.0490086	0.0487039	0.0487381	0.0488806	0.0491086	0.0494082	0.0495089	0.0491901	0.0485572	0.0479258	0.0475758	0.0475824	0.0479022	0.0485258	0.0493577	0.0501161	0.0504609	0.0501596	0.0493571	0.0486332	0.0484707	0.0487548	0.048991	0.0489293	0.0488072	0.0489526	0.0493398	0.0496558	0.0497053	0.0496258	0.0495947	0.0495161	0.0492808	0.0491265	0.0494284	0.0502031	0.050985	0.0511078	0.0501944	0.048607	0.0472006	0.0464756	0.0462671	0.0462864	0.0464858	0.0467743	0.0469118	0.0468965	0.0469927	0.0472784	0.0475877	0.0478114	0.0479485	0.048041	0.0481481	0.0481952	0.0479421	0.0473281	0.0466783	0.046358	0.0464148	0.0467083	0.0472026	0.0479446	0.0487854	0.0493297	0.04934	0.0489967	0.0485415	0.0479919	0.0474209	0.0471297	0.047333	0.0479439	0.0487308	0.0494572	0.0499348	0.0501416	0.0501145	0.0497014	0.0487375	0.0473097	0.0454772	0.0429779	0.0394656	0.0347804	0.0289418	0.0222128	0.0152869	0.00918683	0.00473967	0.00210321	0.000829571	0.000312151	0.000123546	5.76407e-005	3.41713e-005	2.29572e-005	
3.16611e-005	4.78326e-005	6.73254e-005	0.000105173	0.000209753	0.000531091	0.00141618	0.00339812	0.0069631	0.0122064	0.0186815	0.025594	0.0321417	0.0377078	0.04191	0.044671	0.0462406	0.0470781	0.0476766	0.0482958	0.048763	0.048805	0.0485881	0.048592	0.0490177	0.0496174	0.0500342	0.0500657	0.0497049	0.0491971	0.0489263	0.0490284	0.0492508	0.049347	0.0494045	0.0495305	0.0495223	0.0491637	0.0485622	0.0480068	0.0476594	0.0474972	0.0475221	0.0478534	0.0485153	0.0492591	0.0496207	0.0492158	0.048232	0.0474355	0.0473849	0.0478871	0.0483755	0.0485906	0.0487488	0.0491094	0.0496135	0.0500118	0.0501416	0.0500724	0.0499876	0.0498864	0.0496269	0.0493093	0.0493098	0.0498312	0.0505856	0.0509094	0.0502707	0.0488612	0.0474716	0.0466534	0.0463397	0.046293	0.0464438	0.0466855	0.0467819	0.0467207	0.0467958	0.0471373	0.0475212	0.0477003	0.0476559	0.0475759	0.0476471	0.0477728	0.0476123	0.0470426	0.0464126	0.0461846	0.0464877	0.047139	0.0479377	0.0487695	0.0494463	0.0496772	0.0494014	0.0489176	0.0484564	0.0479763	0.0475447	0.0474498	0.0477912	0.0483576	0.0488939	0.0492199	0.0492891	0.0492646	0.0492238	0.0488534	0.0478158	0.046185	0.0441181	0.0413737	0.0374685	0.0321521	0.0256412	0.0185908	0.0119559	0.00667449	0.00320701	0.00135136	0.000531034	0.000213644	9.48541e-005	4.91627e-005	3.07361e-005	2.07575e-005	
2.15521e-005	3.29186e-005	4.70258e-005	7.22488e-005	0.00013218	0.000307763	0.000824523	0.00211555	0.00473263	0.00905454	0.0149685	0.0218332	0.0287654	0.0349432	0.0397813	0.0430998	0.0451699	0.0464489	0.0472811	0.047834	0.0481291	0.0481689	0.0481386	0.0483314	0.0488207	0.0493466	0.0495553	0.049317	0.0488711	0.0486706	0.0489487	0.0494525	0.0497282	0.0496487	0.0495129	0.0495305	0.0494799	0.0491274	0.0486268	0.0482193	0.0478624	0.0474292	0.0470571	0.0470447	0.0474937	0.0481603	0.0485382	0.0482018	0.0473456	0.046742	0.0468941	0.04756	0.0482134	0.0486234	0.0489297	0.0493143	0.0497531	0.0501048	0.0502591	0.0502465	0.0502261	0.0501781	0.0498529	0.0492696	0.0489013	0.04916	0.0498967	0.0504204	0.0500647	0.0488858	0.0476147	0.0468735	0.0467142	0.0468686	0.0471023	0.04725	0.0471482	0.0468238	0.0466201	0.0468258	0.047309	0.0476679	0.0476544	0.0474197	0.0472921	0.0473239	0.0472373	0.0468748	0.0465003	0.0465093	0.0470003	0.0477735	0.0486004	0.0493332	0.0497823	0.0497292	0.0492466	0.0487324	0.0484007	0.0481207	0.0479138	0.0480612	0.0485857	0.049138	0.0493929	0.0492615	0.0489188	0.0486719	0.0485187	0.0479817	0.0466564	0.0446477	0.0421842	0.039066	0.0347484	0.028943	0.0220627	0.0150831	0.00906516	0.00471694	0.0021337	0.000878997	0.000362676	0.000161884	7.84527e-005	4.24642e-005	2.70604e-005	1.83247e-005	
1.64943e-005	2.53941e-005	3.64801e-005	5.42378e-005	8.84954e-005	0.000177804	0.000456046	0.00123851	0.00303278	0.00635558	0.0113932	0.0177926	0.0247836	0.0314548	0.0370043	0.0410201	0.0436237	0.0451987	0.0460497	0.0464371	0.0466788	0.0470106	0.047491	0.0480873	0.0487046	0.0491141	0.049063	0.048607	0.048234	0.0484528	0.0492261	0.049967	0.0501548	0.0498716	0.0496342	0.0496721	0.0496485	0.0492934	0.0488347	0.048484	0.0480323	0.0473266	0.0467033	0.0466025	0.0470443	0.0476515	0.0479504	0.0476793	0.0470897	0.0468022	0.0471361	0.0478435	0.0485242	0.0489672	0.0492012	0.0493869	0.0496118	0.0498295	0.0499624	0.0500564	0.0502487	0.0503866	0.0500384	0.0491952	0.0484874	0.0485055	0.0491666	0.0497382	0.049511	0.0485205	0.0474608	0.0469739	0.0471883	0.0477762	0.048298	0.0484866	0.0482342	0.0476184	0.0470493	0.0470114	0.0475258	0.048065	0.0481169	0.0477165	0.0472853	0.0470802	0.0470178	0.0469965	0.0471386	0.0475779	0.0482222	0.0488689	0.0493925	0.0497386	0.0497961	0.0494434	0.0488491	0.0484322	0.0483182	0.0482466	0.0481897	0.0484824	0.0491695	0.049792	0.0498936	0.0494385	0.0488106	0.0483812	0.0479868	0.0470483	0.0452403	0.0427321	0.0397308	0.0360514	0.0312239	0.0250716	0.0181893	0.0117027	0.00658542	0.00322396	0.00140627	0.000593604	0.000270441	0.000134268	6.8595e-005	3.80307e-005	2.5122e-005	1.76216e-005	
1.39607e-005	2.09476e-005	2.94504e-005	4.23349e-005	6.36746e-005	0.000110403	0.000254614	0.000698654	0.00183787	0.00419627	0.00817069	0.0137483	0.0204315	0.027362	0.0335677	0.0383537	0.0415829	0.043511	0.0444839	0.044937	0.0453956	0.0461732	0.0471827	0.0481572	0.0488808	0.0491571	0.0488754	0.048299	0.0480568	0.0485853	0.0496173	0.0504019	0.0504555	0.050037	0.0497893	0.0498946	0.049906	0.0495501	0.0491123	0.0487657	0.0482163	0.0473863	0.0468144	0.046971	0.0476216	0.0481428	0.0481641	0.0477732	0.0473699	0.0473589	0.04779	0.0484092	0.0489848	0.0493517	0.0494524	0.0494403	0.0494791	0.0495492	0.0495891	0.049713	0.0500688	0.0503722	0.0500531	0.0491084	0.0482565	0.0481301	0.0486382	0.0490822	0.0488703	0.0480979	0.047352	0.0471683	0.0477131	0.0486856	0.0495339	0.0498891	0.0496641	0.0489583	0.0481832	0.0479301	0.0483355	0.0488283	0.0487867	0.0482083	0.047547	0.0471669	0.0471484	0.0474845	0.0481742	0.0490519	0.0498181	0.050303	0.0504843	0.0503445	0.0498561	0.0491136	0.0484682	0.0482847	0.0484479	0.0484965	0.0483901	0.0486111	0.0493338	0.0500555	0.0501759	0.0496226	0.0488482	0.0481921	0.0473809	0.0458829	0.0435434	0.0405532	0.0369814	0.0326191	0.0272032	0.0208366	0.014274	0.00859337	0.00451572	0.00209504	0.000908471	0.000414632	0.000214231	0.000115944	6.17514e-005	3.59131e-005	2.53612e-005	1.87417e-005	
1.30288e-005	1.81936e-005	2.45117e-005	3.45691e-005	5.0149e-005	7.78975e-005	0.00015317	0.000392476	0.00106714	0.00262211	0.00554037	0.010091	0.0161164	0.0229524	0.029583	0.0350903	0.0390641	0.0415924	0.0430403	0.0439359	0.0448242	0.0459849	0.0473167	0.0485298	0.0493394	0.04952	0.0490773	0.0484342	0.0482353	0.048804	0.0497913	0.0504733	0.0504478	0.0500234	0.0498102	0.0499219	0.0499207	0.0496153	0.0493162	0.0491104	0.0486339	0.0479017	0.0476073	0.0481648	0.0490316	0.0493555	0.0489275	0.0482251	0.0478173	0.0479134	0.0483056	0.0487302	0.0491355	0.0494559	0.0495748	0.0495644	0.0495568	0.0495219	0.0494209	0.0494246	0.0496976	0.049945	0.0496339	0.0487976	0.0480919	0.0480212	0.0484357	0.0487575	0.0486134	0.0481425	0.0477169	0.0476766	0.0482322	0.0492269	0.0501454	0.0506042	0.0505455	0.0500225	0.0493136	0.0489757	0.049203	0.0494602	0.0491843	0.0484638	0.0477794	0.0474651	0.0476084	0.0482287	0.049241	0.0503047	0.0510692	0.051482	0.0515659	0.0511661	0.0502176	0.0490922	0.0484306	0.0485143	0.048896	0.0489081	0.0485605	0.0485291	0.0491438	0.0499185	0.0501712	0.0497322	0.0489397	0.0480104	0.0466727	0.0445685	0.0416918	0.0381854	0.0339846	0.0289096	0.0229757	0.0166085	0.0106452	0.00594908	0.00289873	0.00127533	0.000562057	0.000284618	0.000164227	9.51171e-005	5.43878e-005	3.49975e-005	2.64736e-005	1.98453e-005	
1.38286e-005	1.76082e-005	2.23345e-005	3.06465e-005	4.27864e-005	6.02766e-005	0.000100144	0.000226808	0.000610476	0.00157973	0.00358991	0.00706771	0.0121632	0.0185045	0.025203	0.0312587	0.0360324	0.0393982	0.041634	0.0432102	0.0445563	0.045924	0.0473665	0.0487364	0.0496992	0.0499292	0.0494715	0.0488201	0.0485517	0.0488912	0.0495587	0.0500331	0.0500416	0.0498005	0.0496912	0.0497403	0.049678	0.0494968	0.0494959	0.0496166	0.0493875	0.0488605	0.0488134	0.0495966	0.0504805	0.050541	0.0497233	0.0487296	0.048194	0.0481926	0.0483798	0.0485392	0.0487974	0.0491803	0.0494701	0.0495737	0.0495742	0.049501	0.0493395	0.049198	0.0492074	0.0492058	0.0488829	0.0483223	0.0479921	0.0481766	0.0486758	0.0490651	0.0491518	0.0490266	0.0487975	0.0486286	0.0488094	0.0493796	0.0499751	0.0503153	0.0503924	0.0501589	0.0496859	0.0494091	0.049539	0.0496237	0.0492161	0.0485073	0.0479975	0.0479398	0.048324	0.0491079	0.0501329	0.0510195	0.0515353	0.0518419	0.0520222	0.0517116	0.0506637	0.0494021	0.0487874	0.0490127	0.0493978	0.049221	0.0486016	0.0483196	0.0487516	0.0494548	0.0497967	0.0495509	0.048842	0.0476991	0.0458889	0.0432139	0.0397183	0.0355004	0.0305321	0.0248162	0.0186387	0.0126194	0.00751938	0.00387997	0.00174516	0.000728889	0.000329743	0.000182975	0.000114214	7.17241e-005	4.7176e-005	3.50731e-005	2.74633e-005	1.96259e-005	
1.50489e-005	1.82094e-005	2.20201e-005	2.88206e-005	3.76785e-005	4.80516e-005	6.99886e-005	0.000140917	0.000359452	0.000937806	0.00223766	0.00472226	0.00875475	0.01428	0.020677	0.0270198	0.0325102	0.0367635	0.0398604	0.0421295	0.043879	0.0453804	0.0468821	0.0484026	0.0495958	0.050042	0.0497399	0.049156	0.0487737	0.0487557	0.0489746	0.0492201	0.0493925	0.049535	0.0496675	0.0496974	0.0495862	0.0495339	0.0498057	0.0502199	0.0502336	0.049873	0.0498728	0.0505279	0.0511651	0.0510309	0.0501477	0.0491324	0.0485107	0.0483059	0.0481976	0.0480935	0.0482641	0.0487546	0.0491954	0.0493243	0.0492544	0.0491803	0.0490968	0.0489233	0.0487018	0.0484736	0.0482116	0.048021	0.0481231	0.0485921	0.0492568	0.0498646	0.0502974	0.0504996	0.0503499	0.0499247	0.0496007	0.049571	0.049648	0.0496976	0.0497344	0.0496224	0.0493132	0.0491493	0.0493345	0.0495054	0.0492732	0.0487942	0.0485286	0.0487021	0.049245	0.0500313	0.0508302	0.0512931	0.0513686	0.0514403	0.0516847	0.0516184	0.0508174	0.0497674	0.0493153	0.0495433	0.0497403	0.0493345	0.0485736	0.0481744	0.0483874	0.0488137	0.0490122	0.0488177	0.0481676	0.0468927	0.0447458	0.041568	0.0373655	0.0322723	0.0264962	0.0203487	0.0143222	0.00903263	0.00499188	0.00238111	0.000994299	0.000399531	0.000187233	0.00011119	7.43826e-005	5.32499e-005	4.24371e-005	3.57248e-005	2.78181e-005	1.82907e-005	
1.48253e-005	1.81015e-005	2.17236e-005	2.72071e-005	3.30935e-005	3.90009e-005	5.35067e-005	0.000100395	0.000230433	0.000560541	0.00134248	0.00299534	0.00598514	0.0105251	0.0163242	0.0226482	0.0286248	0.0336132	0.0374548	0.0403487	0.0425546	0.0443522	0.0460419	0.0477136	0.0490936	0.0497766	0.0496857	0.0491949	0.0487159	0.0483942	0.0482564	0.0483726	0.0487912	0.0493974	0.0498938	0.0500587	0.0499757	0.0499354	0.050183	0.0505838	0.050687	0.0504533	0.0503876	0.05068	0.0509153	0.0507181	0.0501263	0.049418	0.0488633	0.0484982	0.0481477	0.0478566	0.0479544	0.0484556	0.0488898	0.0489168	0.0487286	0.0486714	0.0487065	0.0485555	0.0482075	0.0479083	0.0478327	0.0480226	0.0484482	0.0490513	0.0497828	0.050568	0.0512788	0.0516908	0.0515665	0.0509951	0.0503902	0.0499815	0.0497008	0.0495197	0.0494131	0.0491981	0.0488683	0.0487723	0.0490986	0.0495372	0.0496792	0.0495211	0.0494263	0.0496611	0.0501859	0.0508227	0.0512964	0.0513331	0.0510432	0.0509087	0.0511061	0.0511497	0.0506339	0.0499714	0.049798	0.0500366	0.0500582	0.0495156	0.0487524	0.0483185	0.0482475	0.0481771	0.0479211	0.0474707	0.0466775	0.0452282	0.0428121	0.0392039	0.0343414	0.028466	0.0220967	0.0158555	0.0103472	0.00603501	0.00309098	0.00137367	0.000542221	0.000215557	0.000106529	6.77352e-005	4.9949e-005	4.21269e-005	3.91728e-005	3.51557e-005	2.69701e-005	1.66459e-005	
1.3401e-005	1.72998e-005	2.1231e-005	2.56454e-005	2.91554e-005	3.26226e-005	4.49057e-005	8.22974e-005	0.000165696	0.000345615	0.000777777	0.00179596	0.00386739	0.00737404	0.0123389	0.0183021	0.0244397	0.0299416	0.0344351	0.0380022	0.0408643	0.0432246	0.0452569	0.0470334	0.0484506	0.0492594	0.0493455	0.0489659	0.0484798	0.0480499	0.0477952	0.047917	0.0485273	0.0494527	0.0502683	0.0506582	0.0506533	0.0504758	0.0503787	0.0504432	0.0504655	0.0503479	0.0502658	0.0502425	0.0501254	0.0499439	0.0497805	0.0495627	0.0492508	0.048875	0.048418	0.0480194	0.047998	0.0483546	0.0486438	0.0485593	0.0483343	0.0483199	0.0483931	0.0481975	0.0477913	0.0475752	0.047757	0.048222	0.0487607	0.0493133	0.0499893	0.0508181	0.0516063	0.0520328	0.0518915	0.0513457	0.0507653	0.0503081	0.0499593	0.0497484	0.0495852	0.0492609	0.048867	0.0487983	0.0492197	0.0498496	0.0502657	0.0503248	0.050282	0.0504362	0.0508128	0.0512327	0.0514268	0.0512278	0.0508558	0.0507193	0.0508258	0.050739	0.0502977	0.0499472	0.0500559	0.0503663	0.0503421	0.0498011	0.0490996	0.0486125	0.0482056	0.047558	0.0466746	0.0456933	0.0444803	0.0426689	0.0398905	0.0358578	0.030497	0.024179	0.0176621	0.0117537	0.0070449	0.00376963	0.00178826	0.000749798	0.000287476	0.000116924	6.24296e-005	4.38992e-005	3.68809e-005	3.54277e-005	3.54956e-005	3.27038e-005	2.52551e-005	1.55515e-005	
1.24268e-005	1.7242e-005	2.15699e-005	2.50029e-005	2.66186e-005	2.83799e-005	3.89058e-005	6.97439e-005	0.000126124	0.000221156	0.000440781	0.00102031	0.00234855	0.00485395	0.00879495	0.0140329	0.0199525	0.0257424	0.0308769	0.0352599	0.0389705	0.0420508	0.0444951	0.046346	0.0477074	0.0485684	0.0488442	0.0486703	0.0483363	0.04803	0.0478884	0.0480831	0.0487157	0.0496621	0.0505555	0.0510643	0.0511077	0.0507737	0.0502965	0.0499478	0.049773	0.049682	0.049615	0.0494414	0.0491268	0.0489536	0.0491197	0.0493993	0.0494914	0.0493123	0.0489035	0.0484629	0.048303	0.0484555	0.0485824	0.0484636	0.0483002	0.0483183	0.0483234	0.0480423	0.0476716	0.0476321	0.0479999	0.0485044	0.0489142	0.0492957	0.049869	0.0506428	0.0513518	0.0516948	0.0515738	0.0511786	0.0507573	0.0503769	0.0500636	0.0498983	0.0497826	0.0495083	0.0491812	0.0491538	0.0495558	0.0501693	0.0506411	0.0507783	0.0507273	0.0507572	0.0509413	0.0511442	0.0511592	0.0509241	0.0506775	0.0506475	0.0506405	0.050318	0.0498218	0.0496417	0.0498956	0.050209	0.0501781	0.0497224	0.0491128	0.0485616	0.0478733	0.0467773	0.0453356	0.0437361	0.041899	0.0394734	0.0360887	0.0315164	0.0258127	0.019484	0.0133676	0.00824389	0.00453655	0.00222953	0.000986887	0.000398559	0.000153798	6.63553e-005	3.93206e-005	3.15563e-005	3.00727e-005	3.10319e-005	3.18602e-005	2.99338e-005	2.40563e-005	1.58066e-005	
1.21425e-005	1.77522e-005	2.21859e-005	2.46265e-005	2.48697e-005	2.52371e-005	3.2586e-005	5.46606e-005	9.13023e-005	0.000141885	0.000250356	0.000562316	0.00134815	0.00297845	0.005825	0.0100408	0.0153455	0.0211224	0.0267902	0.0320085	0.0365964	0.0404071	0.0433091	0.0453279	0.0467185	0.0476918	0.0482393	0.0483818	0.0483128	0.0482449	0.0483095	0.0485821	0.0491123	0.0498431	0.0505419	0.0509786	0.0510609	0.0507538	0.0501547	0.0495388	0.0491065	0.048871	0.048723	0.0484581	0.0480449	0.0478413	0.0481646	0.0488238	0.0493735	0.0495534	0.0493618	0.0490241	0.0488445	0.0488713	0.0488832	0.0487658	0.048663	0.0486559	0.0485516	0.0482498	0.0480262	0.0481475	0.0484955	0.0487721	0.0488874	0.0490571	0.0494934	0.0501063	0.050645	0.050949	0.0509984	0.0508664	0.0506179	0.0502745	0.0499185	0.0496914	0.0495901	0.049477	0.0493695	0.0494412	0.0497678	0.0502503	0.0506704	0.0508416	0.050807	0.0507561	0.0507604	0.050741	0.0506119	0.0503986	0.0502488	0.0502006	0.0500146	0.0495412	0.0491015	0.0490708	0.0493177	0.0494594	0.049316	0.0489252	0.0484235	0.0478457	0.046983	0.0456273	0.0438205	0.0416969	0.0391734	0.0359298	0.0316934	0.026464	0.0205696	0.0146374	0.00940092	0.0053925	0.00275436	0.00126622	0.000536624	0.000216169	8.79033e-005	4.20886e-005	2.82151e-005	2.54606e-005	2.63651e-005	2.80961e-005	2.91117e-005	2.80958e-005	2.40932e-005	1.74693e-005	
1.13999e-005	1.7182e-005	2.1303e-005	2.28708e-005	2.23854e-005	2.19776e-005	2.59027e-005	3.86644e-005	6.01547e-005	8.95376e-005	0.000150166	0.000321195	0.000759293	0.00172421	0.00357892	0.00665666	0.0110234	0.0163873	0.0222414	0.0280534	0.0333813	0.0378907	0.0413403	0.0437196	0.0453534	0.0466028	0.0475265	0.048035	0.0482155	0.0483191	0.0485256	0.0488628	0.0493022	0.0497631	0.0501227	0.0503805	0.050596	0.0506263	0.0502706	0.0496087	0.0489234	0.0484178	0.0480674	0.0476746	0.047198	0.0469696	0.0473335	0.0481669	0.0490041	0.0495034	0.0496481	0.0496529	0.0496975	0.0497299	0.0496361	0.0494704	0.0493603	0.049271	0.0490554	0.0487834	0.0487192	0.0488915	0.0490345	0.0489574	0.0487745	0.0487699	0.0490224	0.0493347	0.0495954	0.0498755	0.0501782	0.0503623	0.0502984	0.0499935	0.0495715	0.0492116	0.0490415	0.0490519	0.0491801	0.0493951	0.0496965	0.050078	0.0504497	0.0506771	0.0507454	0.0507297	0.0506194	0.0503772	0.0500843	0.0498361	0.0496211	0.0493483	0.0489206	0.0484362	0.0482367	0.0484265	0.0486125	0.0484552	0.0480572	0.0476316	0.0471936	0.0465748	0.0455442	0.0439887	0.041954	0.0394565	0.0363011	0.0321876	0.0270519	0.0212421	0.0153921	0.010176	0.00607551	0.00325228	0.00156519	0.000691281	0.000290622	0.000122004	5.5673e-005	3.16832e-005	2.41663e-005	2.29425e-005	2.40798e-005	2.5647e-005	2.66926e-005	2.66018e-005	2.43672e-005	1.91985e-005	
9.77659e-006	1.51169e-005	1.88064e-005	1.99239e-005	1.92866e-005	1.86796e-005	2.02868e-005	2.64404e-005	3.84413e-005	5.87136e-005	0.000101562	0.000205261	0.0004442	0.000967922	0.0020565	0.00408788	0.00736286	0.0119095	0.0174198	0.0233646	0.0291829	0.0343612	0.0384731	0.0414025	0.0434884	0.0451819	0.046577	0.047479	0.0478682	0.0480393	0.0482871	0.0486775	0.0490944	0.0493377	0.0493424	0.0493987	0.049829	0.0504228	0.0506035	0.0501342	0.0493251	0.0485889	0.0480255	0.0474905	0.0469787	0.0467805	0.0471617	0.0479866	0.0488274	0.0494191	0.049858	0.0503381	0.050778	0.0508965	0.0506758	0.0504048	0.050238	0.0500316	0.0496729	0.0493704	0.0493607	0.0494867	0.0494101	0.0490553	0.0486745	0.048547	0.0485972	0.0485573	0.0484941	0.0487006	0.0491796	0.0496117	0.0497329	0.0495437	0.0491828	0.0488039	0.0485632	0.0485568	0.0487648	0.0490825	0.0494238	0.0497709	0.0501107	0.050413	0.0506599	0.0507853	0.0506493	0.0502556	0.0498404	0.0495224	0.0491402	0.0485656	0.0479079	0.0474704	0.0475438	0.0479635	0.0480982	0.047626	0.0469019	0.046329	0.0458339	0.045054	0.0437352	0.0418843	0.0395842	0.0367236	0.0329812	0.0281227	0.0223478	0.0163221	0.0108683	0.00657983	0.00362178	0.00181452	0.000834964	0.000362537	0.000155692	7.1634e-005	4.00958e-005	2.90942e-005	2.51042e-005	2.3577e-005	2.3267e-005	2.35363e-005	2.40624e-005	2.4468e-005	2.34085e-005	1.92961e-005	
8.08284e-006	1.28573e-005	1.6405e-005	1.7693e-005	1.73498e-005	1.67568e-005	1.7044e-005	1.95591e-005	2.64692e-005	4.18462e-005	7.49619e-005	0.000142218	0.000271232	0.00053373	0.00111214	0.00232768	0.00454851	0.00800436	0.0126455	0.0181642	0.0240898	0.0298026	0.0346331	0.0382495	0.0409147	0.0431299	0.0450402	0.0463907	0.0470665	0.0473696	0.0476867	0.0481426	0.0485698	0.0486714	0.0484119	0.0482938	0.0488725	0.0499577	0.0507195	0.0506367	0.0499709	0.049235	0.0485849	0.047935	0.0473821	0.0472283	0.0476355	0.0483914	0.0490937	0.0495914	0.0501315	0.0509196	0.0516515	0.0518329	0.0515045	0.0511437	0.0509348	0.0506416	0.0501527	0.0497525	0.0496803	0.0497341	0.0495708	0.04912	0.0486224	0.0483406	0.0481787	0.0478927	0.0476436	0.0477981	0.0483449	0.0489067	0.0491777	0.049162	0.0490096	0.0487969	0.0485705	0.0484626	0.0486053	0.0489577	0.0493503	0.0496731	0.0499491	0.0502618	0.0506063	0.0508082	0.0506657	0.0502431	0.04984	0.0495305	0.0490693	0.0483335	0.0475367	0.0470796	0.0472489	0.047763	0.0478367	0.0471098	0.0460748	0.0452661	0.0445567	0.0434544	0.0416961	0.0393742	0.0365844	0.033147	0.0287704	0.0234199	0.0175259	0.0118727	0.00723371	0.00398896	0.0020243	0.000962654	0.000436086	0.0001926	8.75737e-005	4.67662e-005	3.37652e-005	3.06119e-005	2.91891e-005	2.71475e-005	2.4774e-005	2.28247e-005	2.19043e-005	2.18873e-005	2.11392e-005	1.76641e-005	
7.12293e-006	1.15528e-005	1.53662e-005	1.74175e-005	1.77822e-005	1.72724e-005	1.66278e-005	1.70418e-005	2.08433e-005	3.15784e-005	5.43303e-005	9.48039e-005	0.000160551	0.000282986	0.000568211	0.00123634	0.00258983	0.00491116	0.00836502	0.0129556	0.0184677	0.0243469	0.0297624	0.0340926	0.0373892	0.0401415	0.0425754	0.04445	0.0456005	0.0462827	0.0468506	0.0474228	0.0478643	0.0479283	0.0476155	0.0474548	0.0480567	0.0493071	0.0503875	0.0507024	0.0504226	0.0499655	0.049406	0.0487011	0.0480845	0.0479004	0.0482401	0.0488772	0.0494714	0.0498979	0.0503954	0.0511636	0.0518731	0.0520072	0.0516262	0.0512456	0.0510601	0.0508142	0.0503612	0.0499316	0.0497609	0.049749	0.0496186	0.0492069	0.0486144	0.0480962	0.0477089	0.0473553	0.0471682	0.0473821	0.047947	0.0485564	0.0489479	0.0491164	0.0492029	0.0492173	0.0490818	0.0489166	0.0489921	0.0493662	0.0498114	0.0501092	0.0502696	0.0504302	0.0506036	0.0506281	0.0503877	0.0500191	0.0497715	0.0496289	0.0493142	0.0486671	0.0478415	0.0472555	0.0472866	0.0477043	0.047677	0.0467699	0.0454687	0.0443404	0.043245	0.0416533	0.0393098	0.0363303	0.0327972	0.0285722	0.0235862	0.0181054	0.0126865	0.00797934	0.0044741	0.00226945	0.00108303	0.000509056	0.000241168	0.000115451	5.86037e-005	3.69163e-005	3.20084e-005	3.30302e-005	3.39169e-005	3.22761e-005	2.84387e-005	2.40127e-005	2.07642e-005	1.93626e-005	1.83368e-005	1.54056e-005	
6.69602e-006	1.08922e-005	1.51881e-005	1.84176e-005	1.9854e-005	1.95391e-005	1.81983e-005	1.74194e-005	1.93861e-005	2.60793e-005	3.90621e-005	5.92039e-005	8.82805e-005	0.000142228	0.000279577	0.000625438	0.00136753	0.00273649	0.00499075	0.00837007	0.0129526	0.0184239	0.0240006	0.0288582	0.0327799	0.0361414	0.0391818	0.0416877	0.0435016	0.044811	0.045816	0.0465588	0.04703	0.0471853	0.0470776	0.0470937	0.0477016	0.0488345	0.0498771	0.0503811	0.0504623	0.0503471	0.0499832	0.0493703	0.0488047	0.0485494	0.0486249	0.0489647	0.0494604	0.0499693	0.05049	0.0510797	0.0515228	0.0514959	0.0510935	0.0507435	0.0506285	0.0505582	0.0503454	0.0500508	0.0498517	0.0497937	0.0497024	0.0493285	0.0486343	0.0478742	0.0473085	0.0470335	0.0470872	0.0474493	0.0480098	0.0486232	0.0491336	0.0494731	0.0497056	0.0498348	0.0497613	0.0495652	0.049559	0.0499069	0.0504096	0.0507526	0.0508346	0.0507543	0.0505593	0.0502187	0.0497992	0.0494958	0.0494448	0.0495358	0.0494829	0.0490604	0.0483051	0.0476151	0.047449	0.0476654	0.0474718	0.0463904	0.0448198	0.0432712	0.041602	0.0393206	0.0362232	0.032446	0.0280992	0.023191	0.0179252	0.0127917	0.00831508	0.00485158	0.00252599	0.0012017	0.000557627	0.000272094	0.000142148	7.73862e-005	4.55293e-005	3.31272e-005	3.15218e-005	3.44474e-005	3.72351e-005	3.67924e-005	3.24195e-005	2.58182e-005	1.99245e-005	1.66963e-005	1.52681e-005	1.30596e-005	
5.95408e-006	9.82664e-006	1.46148e-005	1.91646e-005	2.18095e-005	2.18225e-005	2.02485e-005	1.93319e-005	2.09491e-005	2.54876e-005	3.22656e-005	4.02679e-005	5.01971e-005	7.2379e-005	0.00013913	0.000311869	0.000682735	0.00139506	0.00268306	0.00486337	0.00821067	0.0127045	0.0178202	0.022781	0.0272111	0.0312783	0.0350692	0.0383225	0.0409122	0.0429691	0.044504	0.045473	0.0460445	0.0464266	0.0467086	0.0470682	0.0477558	0.0487078	0.049523	0.0499439	0.050085	0.050087	0.0499081	0.0496073	0.0493653	0.0491495	0.0488626	0.048726	0.0490293	0.0496795	0.050356	0.0508508	0.0510387	0.0508475	0.0504355	0.050123	0.0500697	0.0501772	0.0502434	0.0501627	0.0500328	0.0499876	0.0499162	0.0495357	0.0487629	0.0478635	0.0472245	0.0470759	0.0473735	0.0478693	0.0483952	0.0489753	0.0495737	0.0500247	0.0502709	0.0503594	0.0502401	0.0499175	0.0496845	0.0498605	0.0503814	0.0508518	0.0509809	0.0507793	0.0503451	0.0497781	0.0492707	0.0490139	0.0490377	0.0492006	0.0492673	0.0490101	0.0484011	0.0477652	0.0474976	0.0474701	0.0469984	0.0456613	0.0437732	0.0417192	0.0393084	0.0361298	0.0321292	0.0275503	0.0226034	0.0174701	0.0125114	0.00821526	0.00491342	0.00265467	0.00129327	0.000586661	0.000270581	0.000139571	8.10969e-005	5.09918e-005	3.57445e-005	3.02146e-005	3.06795e-005	3.4142e-005	3.77524e-005	3.83972e-005	3.4244e-005	2.64928e-005	1.87503e-005	1.40509e-005	1.22472e-005	1.07005e-005	
4.6395e-006	8.19376e-006	1.34093e-005	1.90627e-005	2.27261e-005	2.32359e-005	2.21051e-005	2.19971e-005	2.42095e-005	2.79824e-005	3.17868e-005	3.41663e-005	3.53333e-005	4.22828e-005	7.34797e-005	0.000157478	0.000332004	0.000666949	0.00131459	0.00253819	0.00465762	0.0078633	0.0119767	0.016512	0.0211271	0.0257749	0.0302854	0.0342933	0.0376915	0.0405524	0.0427124	0.0440536	0.0448984	0.0456506	0.0464057	0.0471599	0.0479791	0.048791	0.0493488	0.0495172	0.0494222	0.0492656	0.0491771	0.0492726	0.0495022	0.0494849	0.0489957	0.0484722	0.04853	0.0491917	0.0499781	0.0504954	0.0506292	0.0504204	0.0500437	0.0497556	0.0497209	0.0499161	0.0501367	0.0501847	0.0501285	0.0501515	0.0501577	0.049842	0.0491108	0.0482251	0.0475983	0.0475091	0.0478886	0.0483973	0.0488464	0.0493486	0.0499323	0.0503739	0.0505484	0.0505443	0.0503301	0.04981	0.0492527	0.049149	0.0495973	0.0501546	0.0503807	0.0502407	0.049889	0.0494616	0.0491053	0.0489026	0.0488305	0.0488355	0.0488059	0.0485631	0.0480582	0.0475019	0.0471148	0.0467312	0.0458359	0.0441446	0.0418947	0.0392902	0.0360523	0.0318944	0.0270255	0.0218915	0.0168135	0.0120558	0.00794998	0.00478677	0.00263351	0.0013254	0.000611856	0.000267941	0.000123141	6.68413e-005	4.33828e-005	3.21824e-005	2.73787e-005	2.67945e-005	2.85901e-005	3.15082e-005	3.45926e-005	3.57545e-005	3.26482e-005	2.55089e-005	1.75972e-005	1.22685e-005	1.0034e-005	8.69354e-006	
3.45364e-006	6.87133e-006	1.23345e-005	1.85345e-005	2.28168e-005	2.40156e-005	2.38568e-005	2.48273e-005	2.74788e-005	3.0548e-005	3.27004e-005	3.27114e-005	3.02936e-005	2.98189e-005	4.22309e-005	8.18463e-005	0.000163321	0.00031313	0.000604224	0.00119692	0.00234659	0.00431811	0.00720852	0.0108876	0.0151818	0.0199362	0.0248127	0.0294026	0.033586	0.0373171	0.0402596	0.0422211	0.043588	0.044846	0.0460905	0.0472283	0.0481928	0.0488787	0.049171	0.049057	0.0486714	0.0482667	0.0481224	0.0483934	0.0488961	0.0491235	0.0487964	0.0483106	0.0482735	0.0487797	0.04946	0.0499879	0.0502405	0.0501855	0.0499089	0.0496243	0.049536	0.0496956	0.0499099	0.049938	0.0498568	0.0499182	0.050072	0.0499922	0.0495155	0.0488243	0.0482808	0.0481542	0.048407	0.0487621	0.0490781	0.0494588	0.0499173	0.0502524	0.0503607	0.0503245	0.0500737	0.0494453	0.0486819	0.0483431	0.0486194	0.0490967	0.0493284	0.0493078	0.0492273	0.0491708	0.0491161	0.048988	0.0487832	0.0486058	0.0484349	0.0480834	0.0474924	0.0468048	0.0460913	0.0451536	0.0436577	0.0414696	0.0387505	0.0355411	0.0315298	0.0266018	0.02124	0.0160726	0.0114525	0.0075736	0.00459276	0.00255066	0.00131191	0.000632932	0.000287085	0.000124999	5.81901e-005	3.39675e-005	2.52641e-005	2.19681e-005	2.14935e-005	2.28587e-005	2.47537e-005	2.6519e-005	2.85134e-005	2.99997e-005	2.86666e-005	2.35644e-005	1.68366e-005	1.16183e-005	8.9942e-006	7.46464e-006	
3.06133e-006	6.46867e-006	1.18036e-005	1.78175e-005	2.21914e-005	2.39881e-005	2.47204e-005	2.62769e-005	2.86552e-005	3.06941e-005	3.17247e-005	3.09882e-005	2.79117e-005	2.49546e-005	2.84869e-005	4.63154e-005	8.48927e-005	0.000151723	0.000271181	0.000517343	0.00104878	0.00209812	0.00388216	0.00651418	0.0100081	0.0142553	0.0189615	0.023806	0.028631	0.0331964	0.0370006	0.0397938	0.0419187	0.0437907	0.0454943	0.0469661	0.04808	0.0486677	0.0487264	0.0484192	0.0479041	0.0473631	0.0470645	0.0471928	0.0476447	0.0480823	0.0482646	0.0482985	0.0484301	0.0487166	0.0490825	0.0494873	0.0498412	0.0499682	0.0498145	0.0495295	0.0493375	0.0493632	0.0494515	0.0493368	0.049093	0.0490706	0.049356	0.0496415	0.0496259	0.0493174	0.0489545	0.0487599	0.0487664	0.0488575	0.0489874	0.0492154	0.0495182	0.0497621	0.0498759	0.0498679	0.0496314	0.0490384	0.0483009	0.0478795	0.0479442	0.0481955	0.048327	0.0483938	0.0485682	0.0488274	0.0489786	0.0488602	0.0485621	0.048316	0.0480794	0.0475683	0.0467079	0.0456453	0.0443799	0.0426887	0.0403758	0.0374542	0.0340731	0.0302243	0.0256802	0.020502	0.015306	0.0107436	0.00707853	0.00433096	0.00244722	0.00129189	0.000655332	0.000325437	0.000155559	7.14658e-005	3.55402e-005	2.29988e-005	1.90813e-005	1.78964e-005	1.80575e-005	1.91162e-005	2.02025e-005	2.09975e-005	2.2395e-005	2.43973e-005	2.47888e-005	2.17161e-005	1.63401e-005	1.15655e-005	8.82235e-006	7.06378e-006	
3.23145e-006	6.48166e-006	1.11433e-005	1.62104e-005	2.00196e-005	2.19425e-005	2.30802e-005	2.46684e-005	2.64811e-005	2.77605e-005	2.84117e-005	2.80568e-005	2.61508e-005	2.39772e-005	2.47723e-005	3.22513e-005	4.93911e-005	7.78646e-005	0.00012266	0.00021084	0.000423879	0.000917026	0.00189261	0.00354381	0.00600709	0.0093075	0.013341	0.0179697	0.0230288	0.0281134	0.0326265	0.0363005	0.0393413	0.0419334	0.0440877	0.0458445	0.0471323	0.0477523	0.0477557	0.0474437	0.047009	0.0465224	0.0461522	0.0461071	0.0464517	0.0471008	0.0478819	0.0485678	0.0489479	0.0489897	0.0489376	0.0490818	0.0493969	0.0496037	0.0495403	0.049287	0.0490542	0.0489909	0.0489504	0.0486378	0.048126	0.0478922	0.0482185	0.0488545	0.049353	0.0495067	0.0493856	0.049157	0.0489515	0.048818	0.0487755	0.0488416	0.0490012	0.0491938	0.0493338	0.0493247	0.0490747	0.0485904	0.0480622	0.0477377	0.0476696	0.0476894	0.0476949	0.0478186	0.0481742	0.0485849	0.0487095	0.04841	0.0479317	0.04758	0.047242	0.0465265	0.0453041	0.0437126	0.0417378	0.0391629	0.0358939	0.0320998	0.02802	0.0237061	0.0190668	0.0142771	0.00989935	0.0064174	0.00391782	0.0022533	0.00123524	0.000669165	0.000371473	0.000207622	0.000109988	5.50061e-005	2.95453e-005	2.01042e-005	1.71368e-005	1.63629e-005	1.63277e-005	1.65865e-005	1.68714e-005	1.73612e-005	1.89322e-005	2.15075e-005	2.2856e-005	2.08244e-005	1.61758e-005	1.17285e-005	8.99395e-006	7.05063e-006	
3.1636e-006	5.89085e-006	9.40236e-006	1.30034e-005	1.57566e-005	1.7439e-005	1.88059e-005	2.04625e-005	2.20664e-005	2.3282e-005	2.43261e-005	2.49865e-005	2.49467e-005	2.49674e-005	2.6109e-005	2.89496e-005	3.43735e-005	4.34802e-005	5.76335e-005	8.61406e-005	0.000165405	0.000378532	0.000857238	0.00176531	0.00326939	0.00549514	0.00851711	0.0123857	0.0170218	0.0220266	0.0268477	0.0312331	0.0351937	0.0385943	0.0412938	0.0434119	0.0450011	0.0459029	0.0461589	0.0460861	0.0459004	0.0456454	0.0454451	0.0455102	0.04596	0.0468097	0.0479368	0.0489582	0.0494029	0.0491889	0.0487809	0.0486815	0.0488992	0.0490928	0.0490424	0.0488189	0.0486602	0.0486913	0.0486787	0.0482642	0.0475421	0.0471036	0.0473719	0.0481517	0.0489328	0.0493818	0.0494487	0.0492683	0.0490452	0.0488945	0.0487946	0.0487124	0.0486884	0.0487508	0.04881	0.0487157	0.048431	0.048095	0.0478689	0.0477803	0.0477284	0.0476121	0.0474967	0.0476169	0.0480611	0.0484846	0.0483892	0.0477044	0.0468451	0.0461588	0.0454959	0.0444276	0.0427451	0.0405168	0.0377486	0.0343046	0.030201	0.0257459	0.0212927	0.016969	0.01277	0.00887952	0.00567782	0.00339021	0.00193015	0.00107276	0.000609782	0.000374581	0.000245371	0.00015659	9.08707e-005	4.91783e-005	2.80019e-005	1.90198e-005	1.58878e-005	1.52686e-005	1.52525e-005	1.5096e-005	1.50394e-005	1.57721e-005	1.79255e-005	2.09775e-005	2.27188e-005	2.10876e-005	1.66477e-005	1.20826e-005	9.00114e-006	6.7163e-006	
2.48282e-006	4.46611e-006	6.81978e-006	9.05971e-006	1.07866e-005	1.21981e-005	1.38628e-005	1.5816e-005	1.75509e-005	1.91087e-005	2.09867e-005	2.30074e-005	2.49011e-005	2.70929e-005	2.92175e-005	2.97021e-005	2.83859e-005	2.75763e-005	2.99851e-005	3.97989e-005	7.14299e-005	0.000161897	0.0003792	0.000824941	0.00162698	0.00291922	0.00484677	0.00757979	0.0111882	0.0154575	0.0200232	0.0246858	0.0292787	0.0333967	0.0367401	0.0394241	0.0415725	0.0430626	0.0438802	0.0442835	0.0445096	0.0446542	0.0448584	0.0452968	0.0459971	0.04691	0.0479699	0.0488921	0.049232	0.0489119	0.0484372	0.0483257	0.048546	0.0487019	0.0485552	0.0482615	0.0481835	0.0484344	0.0486419	0.0483576	0.0476782	0.0472033	0.0473442	0.0479375	0.0485589	0.0489441	0.0490695	0.0490689	0.0491065	0.0491957	0.0491853	0.0489907	0.0487267	0.0485291	0.0483703	0.0481398	0.0478616	0.0477151	0.0477901	0.0479521	0.047975	0.0477582	0.0474661	0.0474416	0.0477996	0.0480856	0.0476776	0.0465366	0.0451673	0.0439238	0.0426681	0.041019	0.0387362	0.035817	0.0323077	0.0282192	0.0237001	0.0191198	0.0148527	0.011048	0.00771581	0.00495378	0.00291814	0.00161475	0.000872226	0.000487651	0.000307444	0.000223142	0.000167847	0.000117129	7.36437e-005	4.39964e-005	2.73534e-005	1.89609e-005	1.53927e-005	1.448e-005	1.42449e-005	1.3744e-005	1.35007e-005	1.45033e-005	1.71091e-005	2.04589e-005	2.25421e-005	2.14257e-005	1.72363e-005	1.22965e-005	8.47482e-006	5.69034e-006	
1.57219e-006	2.94719e-006	4.5989e-006	6.09349e-006	7.21786e-006	8.37948e-006	1.00945e-005	1.21303e-005	1.39108e-005	1.57845e-005	1.86197e-005	2.22632e-005	2.60267e-005	2.968e-005	3.20454e-005	3.0708e-005	2.55356e-005	2.02963e-005	1.91331e-005	2.43153e-005	4.02784e-005	8.12761e-005	0.000178215	0.000382625	0.000764242	0.00140674	0.00243301	0.0040367	0.00639678	0.00952176	0.013291	0.0175993	0.0222077	0.0266137	0.0304566	0.0338011	0.036735	0.0390731	0.0406829	0.0417535	0.0425655	0.0432693	0.0439933	0.0448437	0.0457356	0.0465364	0.0472754	0.0479206	0.0482195	0.0481034	0.0479508	0.048125	0.0485014	0.0486492	0.0483528	0.047901	0.0478185	0.0482475	0.0487314	0.0487464	0.0483208	0.0479353	0.0478923	0.0480611	0.0481897	0.0482173	0.0482858	0.04856	0.0490397	0.049509	0.0496765	0.0494358	0.048963	0.0484909	0.0480967	0.0477636	0.047549	0.0475747	0.0478292	0.0480898	0.048064	0.0476364	0.047037	0.0466857	0.0467238	0.0466936	0.0459533	0.0444224	0.0425526	0.0406686	0.0386769	0.0362915	0.0333232	0.0297741	0.0257581	0.0214455	0.0170903	0.0130056	0.00944969	0.00652495	0.00421825	0.00251367	0.00138762	0.000734212	0.000392887	0.00023174	0.000164988	0.000134369	0.000108275	8.04084e-005	5.58681e-005	3.84923e-005	2.74349e-005	2.0437e-005	1.64752e-005	1.47141e-005	1.36612e-005	1.25185e-005	1.19401e-005	1.28628e-005	1.52923e-005	1.83098e-005	2.04303e-005	1.99752e-005	1.64983e-005	1.16525e-005	7.3909e-006	4.30856e-006	
8.90326e-007	1.89208e-006	3.2316e-006	4.49801e-006	5.44325e-006	6.40768e-006	7.89694e-006	9.76424e-006	1.14742e-005	1.34348e-005	1.68171e-005	2.16504e-005	2.67215e-005	3.09239e-005	3.27305e-005	3.00507e-005	2.34408e-005	1.74266e-005	1.62399e-005	2.05433e-005	3.03134e-005	5.04156e-005	9.45915e-005	0.000185992	0.000352995	0.000630322	0.00108918	0.00187662	0.00318271	0.00514438	0.00782116	0.0112089	0.0151185	0.0191455	0.0230141	0.0267777	0.030451	0.0337187	0.0362571	0.0381343	0.0396547	0.0410054	0.0422628	0.0434566	0.0444576	0.0451322	0.0456253	0.0461384	0.046597	0.0469191	0.0473064	0.0479231	0.0485593	0.0487943	0.0484546	0.0479146	0.0477958	0.0482895	0.0489508	0.0492185	0.0489976	0.0486187	0.0483242	0.0480509	0.047681	0.0473162	0.0472725	0.0477607	0.0486142	0.049409	0.0497602	0.0495454	0.0489594	0.0483135	0.0478011	0.0474766	0.047357	0.0474453	0.04765	0.0477525	0.0474747	0.0467052	0.0457033	0.0448875	0.0443955	0.043877	0.0427833	0.0409355	0.0386261	0.0361408	0.0334478	0.0303622	0.0268054	0.0228714	0.0187632	0.0147493	0.011094	0.00796165	0.00541888	0.00347648	0.00209081	0.00117858	0.000635815	0.000343012	0.000193691	0.000122565	9.29068e-005	7.83188e-005	6.50511e-005	5.18034e-005	4.09594e-005	3.32226e-005	2.73493e-005	2.2303e-005	1.83931e-005	1.57925e-005	1.37564e-005	1.19581e-005	1.10965e-005	1.16661e-005	1.31584e-005	1.48261e-005	1.60883e-005	1.59244e-005	1.35533e-005	9.71927e-006	5.92712e-006	3.07971e-006	
4.84774e-007	1.1834e-006	2.23135e-006	3.34359e-006	4.28365e-006	5.25767e-006	6.7553e-006	8.77078e-006	1.06326e-005	1.23735e-005	1.52453e-005	1.9819e-005	2.4975e-005	2.90464e-005	3.03139e-005	2.73949e-005	2.15344e-005	1.70125e-005	1.69764e-005	2.06273e-005	2.61925e-005	3.52933e-005	5.4424e-005	9.34997e-005	0.000161991	0.000270481	0.000451044	0.000786476	0.00141139	0.00247358	0.00409251	0.00632115	0.0090774	0.0121614	0.0154761	0.0191268	0.023114	0.0270558	0.0304504	0.033159	0.0354068	0.0373942	0.0391645	0.0406889	0.0418544	0.0426037	0.0431705	0.0438507	0.0446251	0.0453885	0.0462467	0.0472567	0.048185	0.0486559	0.048509	0.0480849	0.04799	0.0484603	0.0491275	0.0494457	0.0492316	0.0487231	0.0481726	0.0475988	0.046956	0.0463969	0.0462782	0.0468014	0.0477384	0.0486245	0.049059	0.0488701	0.048219	0.047489	0.0469829	0.0467589	0.0467166	0.046725	0.0466571	0.0463831	0.0457338	0.0446329	0.0432843	0.0419821	0.0408322	0.0396766	0.0381378	0.0359474	0.0332335	0.0302563	0.0270524	0.0235355	0.0197531	0.0159053	0.0122379	0.00899662	0.00635063	0.00430405	0.00276718	0.00166985	0.000952118	0.000527197	0.000296482	0.00017532	0.000108218	7.07758e-005	5.26422e-005	4.39261e-005	3.78258e-005	3.2895e-005	2.95602e-005	2.75173e-005	2.54398e-005	2.25281e-005	1.93823e-005	1.65969e-005	1.40624e-005	1.19841e-005	1.10129e-005	1.10674e-005	1.12129e-005	1.10134e-005	1.08123e-005	1.04359e-005	9.13604e-006	6.8297e-006	4.22779e-006	2.10233e-006	
2.34606e-007	6.28655e-007	1.28101e-006	2.08117e-006	2.92695e-006	4.01973e-006	5.85553e-006	8.43142e-006	1.07264e-005	1.21229e-005	1.37025e-005	1.67845e-005	2.1113e-005	2.50519e-005	2.65696e-005	2.45565e-005	2.04791e-005	1.779e-005	1.83787e-005	2.07839e-005	2.30414e-005	2.58806e-005	3.27e-005	4.77516e-005	7.39603e-005	0.000114263	0.000181382	0.000312707	0.000580228	0.00108117	0.00190682	0.00311307	0.0047058	0.00666846	0.00906316	0.0120556	0.0156975	0.0196852	0.0234891	0.0267875	0.0296311	0.0321651	0.0344134	0.0363191	0.0378142	0.0389363	0.0399368	0.0410444	0.0421797	0.0432314	0.0443295	0.0455541	0.0467197	0.0475215	0.0477798	0.0476878	0.0477243	0.0481386	0.0486681	0.0488603	0.0485515	0.0479453	0.0472765	0.0466017	0.0459493	0.0454864	0.0454452	0.0458789	0.0465793	0.0472396	0.0475486	0.0472739	0.0465115	0.0457012	0.0452156	0.0450552	0.0449905	0.0447997	0.0443504	0.043619	0.0426051	0.0413097	0.0398018	0.0381243	0.0363086	0.0344117	0.0322836	0.0296646	0.0265977	0.0233303	0.019957	0.0164794	0.013025	0.0098156	0.00703842	0.00481733	0.00318681	0.0020529	0.00126962	0.00074273	0.00042027	0.000244224	0.000152636	0.000100787	6.63487e-005	4.34186e-005	3.11244e-005	2.58504e-005	2.32718e-005	2.17191e-005	2.13983e-005	2.20882e-005	2.23327e-005	2.11186e-005	1.89512e-005	1.65237e-005	1.40292e-005	1.19077e-005	1.06916e-005	1.0043e-005	9.0295e-006	7.49733e-006	6.21688e-006	5.53002e-006	4.91721e-006	3.88821e-006	2.52237e-006	1.26737e-006	
8.88089e-008	2.53017e-007	5.53134e-007	9.88131e-007	1.59459e-006	2.6493e-006	4.65998e-006	7.5888e-006	1.02282e-005	1.15191e-005	1.22279e-005	1.40974e-005	1.77644e-005	2.19697e-005	2.4393e-005	2.36782e-005	2.09878e-005	1.89513e-005	1.89231e-005	1.99041e-005	2.04269e-005	2.05945e-005	2.21104e-005	2.70401e-005	3.6204e-005	5.01076e-005	7.39547e-005	0.000123818	0.000231818	0.000442475	0.000796964	0.00132904	0.00208133	0.00312468	0.0045846	0.0066359	0.00938475	0.0126949	0.0161915	0.0195334	0.0226209	0.0254832	0.0281004	0.0304036	0.0323633	0.0340638	0.0356931	0.0373316	0.0388166	0.0400591	0.0412489	0.0425247	0.0437871	0.0448531	0.0455616	0.0459175	0.0461801	0.0465599	0.0469234	0.0469812	0.0466527	0.0461053	0.0454923	0.0448692	0.0443777	0.0442283	0.0444402	0.0448011	0.0451299	0.0453726	0.0453751	0.0448766	0.0439223	0.0429791	0.0424198	0.0421521	0.0418677	0.0413475	0.0404935	0.0393497	0.0380522	0.0366846	0.0351664	0.0332606	0.0308929	0.0282883	0.0255508	0.0225607	0.0193616	0.0161668	0.0130882	0.0101693	0.00752452	0.00529082	0.00353863	0.00226968	0.00142674	0.000894114	0.000550846	0.000328612	0.000197806	0.000128581	8.94845e-005	6.24722e-005	4.23297e-005	2.87848e-005	2.15577e-005	1.83725e-005	1.66671e-005	1.59147e-005	1.68772e-005	1.91294e-005	2.05919e-005	1.99879e-005	1.80878e-005	1.58883e-005	1.35625e-005	1.13113e-005	9.56321e-006	8.22106e-006	6.67903e-006	4.81392e-006	3.25314e-006	2.43458e-006	2.08829e-006	1.72848e-006	1.17953e-006	6.09302e-007	
2.44763e-008	7.36834e-008	1.74805e-007	3.56387e-007	7.1415e-007	1.55209e-006	3.33774e-006	6.04802e-006	8.65071e-006	1.01666e-005	1.11305e-005	1.30322e-005	1.65911e-005	2.09147e-005	2.39631e-005	2.4257e-005	2.23272e-005	2.00712e-005	1.89949e-005	1.91576e-005	1.94666e-005	1.89357e-005	1.80526e-005	1.85565e-005	2.10984e-005	2.51016e-005	3.26998e-005	5.19802e-005	9.66932e-005	0.000181114	0.000314548	0.000511539	0.000812366	0.00128937	0.00204551	0.0032114	0.00490386	0.00712968	0.00973464	0.012509	0.0153245	0.0181238	0.0208387	0.0233866	0.0257398	0.0279587	0.030133	0.0322325	0.0340771	0.0355991	0.0369608	0.0382736	0.0395132	0.0406806	0.0417226	0.0424953	0.0429976	0.0433706	0.0436447	0.0437215	0.043559	0.0432131	0.0427259	0.0421789	0.0418548	0.0420138	0.0424746	0.0427949	0.0428376	0.0427472	0.0424615	0.0417124	0.0405469	0.039425	0.0386452	0.0380275	0.0372734	0.0362741	0.0350253	0.0335884	0.0321133	0.0306877	0.0291333	0.0270731	0.0243844	0.0213767	0.0183507	0.0153665	0.0124823	0.00982448	0.00746371	0.00542947	0.00376003	0.00247502	0.00155584	0.000953031	0.000590167	0.000376706	0.000241757	0.000153819	0.000102382	7.41344e-005	5.48493e-005	3.93916e-005	2.84633e-005	2.19557e-005	1.83234e-005	1.58276e-005	1.37908e-005	1.3256e-005	1.5352e-005	1.8898e-005	2.08527e-005	1.98039e-005	1.73e-005	1.49821e-005	1.27812e-005	1.0331e-005	8.05056e-006	6.34125e-006	4.87722e-006	3.29732e-006	1.88593e-006	1.05223e-006	7.31895e-007	5.8716e-007	4.11871e-007	2.17766e-007	
4.80224e-009	1.54809e-008	4.18255e-008	1.09253e-007	3.1464e-007	9.26996e-007	2.32421e-006	4.50358e-006	6.78346e-006	8.65047e-006	1.06068e-005	1.33732e-005	1.68941e-005	2.05354e-005	2.33308e-005	2.42915e-005	2.32432e-005	2.11791e-005	1.97446e-005	1.98596e-005	2.0477e-005	1.95729e-005	1.70049e-005	1.5033e-005	1.50066e-005	1.60373e-005	1.84918e-005	2.67449e-005	4.71941e-005	8.31143e-005	0.000133487	0.000203839	0.000318265	0.000516955	0.000852163	0.00139555	0.00223567	0.00343842	0.00500146	0.00686911	0.00898126	0.0112794	0.0136823	0.0160996	0.018487	0.0208597	0.0232392	0.0255744	0.0277344	0.0296441	0.0313328	0.0327958	0.0340505	0.0352756	0.0365515	0.0376416	0.0383225	0.0386874	0.0389624	0.0392311	0.0394071	0.0393503	0.0389914	0.0384871	0.0382465	0.0385196	0.038979	0.0391322	0.0389835	0.0387778	0.0383977	0.0375305	0.0362337	0.0349108	0.0337609	0.0325957	0.031227	0.0297036	0.0281259	0.0265314	0.0249736	0.0234637	0.0218109	0.0197031	0.0170707	0.014218	0.0114966	0.00905698	0.00692869	0.0051225	0.00364213	0.00248487	0.0016259	0.00101617	0.000609917	0.000366464	0.000233943	0.000158766	0.000108421	7.41303e-005	5.41264e-005	4.25051e-005	3.3476e-005	2.6441e-005	2.22463e-005	1.9763e-005	1.74311e-005	1.46664e-005	1.2221e-005	1.19692e-005	1.49427e-005	1.92365e-005	2.11336e-005	1.92704e-005	1.59905e-005	1.35134e-005	1.14637e-005	8.95382e-006	6.46301e-006	4.77683e-006	3.66367e-006	2.5106e-006	1.35632e-006	5.86137e-007	2.59798e-007	1.58109e-007	1.05091e-007	5.57605e-008	
6.83644e-010	2.50211e-009	9.30459e-009	3.97828e-008	1.73103e-007	6.19684e-007	1.65564e-006	3.2828e-006	5.14969e-006	7.25301e-006	1.01415e-005	1.37247e-005	1.70068e-005	1.95518e-005	2.16826e-005	2.32209e-005	2.3422e-005	2.22434e-005	2.10442e-005	2.11064e-005	2.15356e-005	2.01427e-005	1.6797e-005	1.40527e-005	1.36389e-005	1.46576e-005	1.62896e-005	2.03659e-005	3.01365e-005	4.67862e-005	6.89995e-005	9.89445e-005	0.000146671	0.000226026	0.000353773	0.000559776	0.000893813	0.00141367	0.00216556	0.00317951	0.00446968	0.00601868	0.00776499	0.00963336	0.0115878	0.013633	0.015775	0.0179953	0.0202279	0.0223702	0.0243122	0.0259556	0.027347	0.0287435	0.0302608	0.031587	0.0323716	0.0327177	0.0330319	0.0335309	0.0340545	0.0342854	0.0340849	0.0336835	0.0335297	0.033762	0.0339438	0.0337046	0.0333066	0.0330768	0.0327783	0.0319882	0.0306887	0.0291749	0.0276108	0.0259268	0.0240834	0.0222158	0.0204629	0.0188348	0.0172952	0.0157898	0.0141816	0.0123114	0.0101827	0.00801699	0.00607882	0.0044944	0.00324406	0.00226238	0.00151285	0.000978871	0.000620228	0.000380676	0.000225465	0.000137278	9.30057e-005	6.76322e-005	4.89276e-005	3.62381e-005	2.96493e-005	2.60701e-005	2.32693e-005	2.15923e-005	2.07952e-005	1.93388e-005	1.66822e-005	1.35386e-005	1.11986e-005	1.1312e-005	1.44681e-005	1.85364e-005	1.98661e-005	1.73433e-005	1.36182e-005	1.10628e-005	9.17708e-006	6.89161e-006	4.64469e-006	3.25131e-006	2.50416e-006	1.76184e-006	9.52901e-007	3.75944e-007	1.17338e-007	4.06651e-008	2.02474e-008	1.01246e-008	
7.64252e-011	4.33049e-010	3.01938e-009	2.03297e-008	1.06738e-007	4.03531e-007	1.08898e-006	2.17804e-006	3.57889e-006	5.61346e-006	8.81595e-006	1.26465e-005	1.56594e-005	1.75614e-005	1.94171e-005	2.15481e-005	2.28368e-005	2.24465e-005	2.12686e-005	2.06723e-005	2.03557e-005	1.8926e-005	1.64674e-005	1.4939e-005	1.56428e-005	1.77176e-005	1.96743e-005	2.1628e-005	2.54582e-005	3.27784e-005	4.3671e-005	5.84677e-005	7.94367e-005	0.0001093	0.000151684	0.000216805	0.000325206	0.000505791	0.000795816	0.00124186	0.00188505	0.00273185	0.00374603	0.00488832	0.00615856	0.00757852	0.00916177	0.010922	0.0128415	0.014809	0.0166561	0.0182798	0.0197612	0.0213272	0.0230138	0.0244499	0.0252619	0.0255916	0.0259344	0.0265538	0.0272541	0.0276734	0.0276816	0.0275204	0.0275501	0.0277343	0.0275744	0.0268795	0.0261619	0.0258473	0.0256497	0.0250385	0.0238501	0.0222587	0.0204715	0.0185956	0.0166872	0.014842	0.013161	0.0116621	0.010304	0.00902697	0.00775262	0.00642272	0.00505912	0.0037711	0.00269004	0.00187591	0.00128893	0.000857649	0.000546337	0.000342758	0.000219266	0.00013997	8.71939e-005	5.67904e-005	4.15207e-005	3.22243e-005	2.5309e-005	2.1573e-005	2.08925e-005	2.11462e-005	2.10688e-005	2.09961e-005	2.04987e-005	1.847e-005	1.52902e-005	1.23493e-005	1.07525e-005	1.13186e-005	1.40384e-005	1.70142e-005	1.73644e-005	1.44135e-005	1.05719e-005	7.9445e-006	6.18941e-006	4.38791e-006	2.74687e-006	1.78845e-006	1.34399e-006	9.51928e-007	5.17723e-007	2.00512e-007	5.548e-008	1.24849e-008	3.4343e-009	1.33042e-009	
7.47691e-012	1.30325e-010	1.30346e-009	1.01595e-008	5.53913e-008	2.11054e-007	5.71613e-007	1.16989e-006	2.07652e-006	3.71358e-006	6.53934e-006	9.99513e-006	1.27463e-005	1.45601e-005	1.65457e-005	1.90602e-005	2.0827e-005	2.06945e-005	1.92725e-005	1.79734e-005	1.72506e-005	1.67281e-005	1.64125e-005	1.70005e-005	1.90227e-005	2.1857e-005	2.38781e-005	2.42937e-005	2.45235e-005	2.68047e-005	3.19069e-005	3.90188e-005	4.74492e-005	5.75406e-005	7.05947e-005	8.96434e-005	0.000120215	0.000171584	0.00026275	0.000425909	0.000691621	0.00106488	0.00152763	0.00207595	0.00273996	0.00354993	0.00451435	0.00565324	0.00697874	0.00841079	0.00980812	0.0111115	0.0124149	0.0138681	0.0154254	0.0167325	0.0174741	0.0177938	0.0181392	0.0187371	0.0194148	0.0198923	0.0200975	0.0202136	0.0204367	0.0205978	0.0202369	0.0193042	0.0183913	0.0179564	0.0177672	0.0173034	0.0163144	0.0148855	0.0132558	0.0116374	0.010103	0.00865257	0.00732067	0.00615206	0.00515231	0.00428651	0.00350285	0.00277049	0.00209413	0.00150202	0.00103011	0.000692691	0.00046274	0.000300377	0.000187282	0.000118126	7.98623e-005	5.61916e-005	3.99236e-005	3.01083e-005	2.47373e-005	2.1286e-005	1.9182e-005	1.90275e-005	2.05499e-005	2.19889e-005	2.19401e-005	2.07302e-005	1.88172e-005	1.60833e-005	1.31958e-005	1.12818e-005	1.08259e-005	1.18086e-005	1.37662e-005	1.52845e-005	1.45702e-005	1.14703e-005	7.85522e-006	5.28591e-006	3.64816e-006	2.33243e-006	1.31228e-006	7.57855e-007	5.28691e-007	3.67635e-007	1.997e-007	7.711e-008	2.07663e-008	4.02088e-009	6.75401e-010	1.51224e-010	
4.41719e-012	4.90178e-011	4.79372e-010	3.84634e-009	2.10279e-008	8.04278e-008	2.21234e-007	4.80068e-007	9.79963e-007	2.09466e-006	4.19288e-006	6.89951e-006	9.21072e-006	1.08825e-005	1.27558e-005	1.51172e-005	1.68378e-005	1.68474e-005	1.5625e-005	1.45109e-005	1.43649e-005	1.5302e-005	1.69403e-005	1.89276e-005	2.14078e-005	2.41851e-005	2.57706e-005	2.50451e-005	2.3346e-005	2.30536e-005	2.48581e-005	2.76511e-005	3.05446e-005	3.39733e-005	3.86508e-005	4.46516e-005	5.22609e-005	6.40098e-005	8.83923e-005	0.000140981	0.000234661	0.000367731	0.000533086	0.000744614	0.00103884	0.00143714	0.00193117	0.00252716	0.00324782	0.00406134	0.00488983	0.00571028	0.0065909	0.00761183	0.00871889	0.00966657	0.0102393	0.0105308	0.0108431	0.011324	0.0118568	0.0122781	0.0125672	0.0128287	0.0131186	0.013241	0.0128699	0.0120289	0.0111931	0.0107292	0.0104996	0.0101275	0.00939994	0.0083587	0.00720221	0.00612702	0.00517896	0.00429732	0.00346714	0.00273897	0.00215146	0.00169213	0.00131977	0.00100618	0.0007449	0.000533576	0.000369829	0.000251887	0.000170676	0.000113365	7.36448e-005	4.92419e-005	3.56381e-005	2.77343e-005	2.3096e-005	2.07288e-005	1.95248e-005	1.88378e-005	1.87506e-005	1.96867e-005	2.16528e-005	2.31255e-005	2.21975e-005	1.91065e-005	1.55449e-005	1.26386e-005	1.09478e-005	1.06131e-005	1.12034e-005	1.21947e-005	1.31503e-005	1.33007e-005	1.18255e-005	8.98589e-006	6.05655e-006	3.8959e-006	2.41565e-006	1.33106e-006	6.19242e-007	2.76505e-007	1.55378e-007	9.99414e-008	5.34266e-008	2.05413e-008	5.47315e-009	1.00287e-009	1.27657e-010	1.25723e-011	
2.87363e-012	1.55933e-011	1.20822e-010	1.01969e-009	5.59347e-009	2.16734e-008	6.23833e-008	1.55334e-007	4.05453e-007	1.08258e-006	2.45924e-006	4.31958e-006	5.9547e-006	7.11121e-006	8.3911e-006	1.01424e-005	1.16467e-005	1.20741e-005	1.17053e-005	1.15917e-005	1.25166e-005	1.44816e-005	1.67666e-005	1.88451e-005	2.11118e-005	2.36168e-005	2.47915e-005	2.34506e-005	2.10051e-005	1.95652e-005	1.9312e-005	1.93354e-005	1.9669e-005	2.11758e-005	2.37857e-005	2.60709e-005	2.71668e-005	2.8514e-005	3.43356e-005	5.06691e-005	8.05742e-005	0.000120353	0.000168119	0.000238782	0.000359509	0.000540322	0.000764211	0.00102316	0.00133167	0.00168691	0.00206339	0.00245624	0.00289653	0.00342104	0.00400913	0.00454251	0.0049028	0.00512526	0.00536035	0.00568048	0.00602161	0.00630805	0.00654526	0.00678373	0.00701376	0.0070869	0.00682482	0.00627018	0.00570654	0.00534854	0.00513067	0.00485186	0.0043984	0.00379688	0.00316593	0.00262414	0.00218784	0.0017916	0.00140199	0.00105101	0.000777389	0.000581837	0.000438575	0.000327935	0.000244329	0.000182593	0.000135012	9.81691e-005	7.11957e-005	5.18328e-005	3.77193e-005	2.7571e-005	2.07632e-005	1.69502e-005	1.56367e-005	1.58117e-005	1.63736e-005	1.68042e-005	1.71547e-005	1.79846e-005	1.97941e-005	2.13159e-005	2.01515e-005	1.61622e-005	1.18288e-005	9.35794e-006	9.18949e-006	1.03455e-005	1.146e-005	1.18828e-005	1.16759e-005	1.07752e-005	9.00034e-006	6.78842e-006	4.88792e-006	3.45786e-006	2.22151e-006	1.15526e-006	4.56284e-007	1.42199e-007	4.56113e-008	2.05918e-008	1.00438e-008	3.81849e-009	1.03474e-009	2.03275e-010	3.36914e-011	7.10253e-012	
2.84091e-012	4.37426e-012	2.34119e-011	1.93018e-010	1.03834e-009	4.17353e-009	1.36727e-008	4.56953e-008	1.65928e-007	5.37391e-007	1.32927e-006	2.41579e-006	3.33547e-006	3.89131e-006	4.51606e-006	5.61552e-006	6.88141e-006	7.72921e-006	8.20012e-006	8.9521e-006	1.04657e-005	1.24592e-005	1.41863e-005	1.55788e-005	1.74727e-005	1.9833e-005	2.08634e-005	1.94559e-005	1.70586e-005	1.53666e-005	1.40957e-005	1.25677e-005	1.15462e-005	1.21488e-005	1.39175e-005	1.50609e-005	1.46707e-005	1.39042e-005	1.51344e-005	2.05991e-005	3.04175e-005	4.18096e-005	5.42705e-005	7.69811e-005	0.00012534	0.000204237	0.000301211	0.000404434	0.000514002	0.000631139	0.00075538	0.000890516	0.00104591	0.00123708	0.00146748	0.00169892	0.00187906	0.00201125	0.00214954	0.00231824	0.00248737	0.00263017	0.00276053	0.00290351	0.00303792	0.00307605	0.00293836	0.00265949	0.00237337	0.00217354	0.00203062	0.00186351	0.0016342	0.0013616	0.00109909	0.000897719	0.000758753	0.000638644	0.000507712	0.000377589	0.000272335	0.000198035	0.00014569	0.00010753	8.12144e-005	6.3829e-005	5.07639e-005	4.00686e-005	3.21696e-005	2.65762e-005	2.1791e-005	1.71201e-005	1.31945e-005	1.09206e-005	1.04659e-005	1.11763e-005	1.21042e-005	1.26286e-005	1.2743e-005	1.31701e-005	1.4705e-005	1.63744e-005	1.57263e-005	1.22303e-005	8.34967e-006	6.66364e-006	7.55042e-006	9.43759e-006	1.05107e-005	1.02389e-005	9.17954e-006	7.76808e-006	6.13152e-006	4.67415e-006	3.75083e-006	3.05892e-006	2.15091e-006	1.1479e-006	4.39471e-007	1.19335e-007	2.4339e-008	4.91558e-009	1.43754e-009	4.59773e-010	1.0316e-010	5.58397e-012	6.26741e-012	4.57136e-012	
