:020000040800F2
:10000000A050002009030008F3210008EB2100089C
:10001000EF210008A71F00089B2700080000000030
:10002000000000000000000000000000D5230008D0
:100030001920000800000000A92200081925000866
:1000400023030008230300082303000823030008F8
:1000500023030008230300082303000823030008E8
:1000600023030008230300082303000823030008D8
:1000700023030008230300082303000823030008C8
:1000800023030008230300082303000823030008B8
:1000900023030008230300082303000823030008A8
:1000A0002303000885250008230300082303000814
:1000B0002303000823030008230300082303000888
:1000C0002303000823030008230300082303000878
:1000D00023030008D9250008230300082303000890
:1000E0002303000823030008230300082303000858
:1000F0002303000823030008230300082303000848
:100100002303000823030008230300082303000837
:100110002303000823030008230300082303000827
:100120002303000823030008230300082303000817
:100130002303000823030008230300082303000807
:1001400023030008230300082303000823030008F7
:1001500023030008230300082303000823030008E7
:1001600023030008230300082303000823030008D7
:1001700023030008230300082303000823030008C7
:10018000230300082303000800F002F800F0ACF895
:100190000AA090E8000C82448344AAF10107DA45E2
:1001A00001D100F0A1F8AFF2090EBAE80F0013F088
:1001B000010F18BFFB1A43F001031847C099030051
:1001C000E0990300103A24BF78C878C1FAD85207E2
:1001D00024BF30C830C144BF04680C6070470000C1
:1001E0000023002400250026103A28BF78C1FBD840
:1001F000520728BF30C148BF0B6070474B1C012B12
:1002000098BF70472DE9F003911C9B08B1F804805A
:10021000B1F802900A8831F802CC8044814402444B
:100220008444D9F80070D8F800601568DCF8004004
:10023000C9F80060C8F80070CCF800501460D9F814
:100240000470D8F804605568DCF80440C9F804600C
:10025000C8F80470CCF80450546008315B1ED5D146
:10026000BDE8F00370474B1C012B98BF70472DE988
:10027000F003911C9B08B1F80480B1F802900A8841
:1002800031F802CC00EB580800EB590900EB5202A0
:1002900000EB5C0CD9F80070D8F800601568DCF849
:1002A0000040C9F80060C8F80070CCF80050146035
:1002B00008315B1EDFD1BDE8F0037047662904F00A
:1002C0003B83642900F0F082002070471FB504F0E2
:1002D0007FFA00F0A3FD04000020002103F014FCCD
:1002E000E0601FBD10B510BD00F0B4FE1146FFF771
:1002F000EDFF03F015FA00F0EBFE03B4FFF7F2FF99
:1003000003BC02F064FA000009488047094800472E
:10031000FEE7FEE7FEE7FEE7FEE7FEE7FEE7FEE7B5
:10032000FEE7FEE704480549054A064B7047000012
:100330001D25000889010008A0280020A0500020E9
:10034000A0300020A03000202DE9FF4F2DED108BB4
:1003500082B09FEDFEFA0B461C46DB084FF0000C06
:100360000CEB030505EB030808EB030909EB030697
:1003700006EB030A00EBCC0700EBC60697ED001A6C
:10038000D6ED000A0AEB030B00EBC50500EBCA0A29
:1003900031EE200A71EE601A95ED002ADAED000ABE
:1003A0000BEB030E00EBC80832EE201A00EBCB0B70
:1003B00032EE602AD8ED002ADBED000A00EBC90915
:1003C00000EBCE0E99ED003A9EED004A72EEA03A97
:1003D00072EEE02A73EE040A33EE443A70EE636A7A
:1003E00070EE233A31EE600A71EE200A33EEA01A65
:1003F00073EEE00A87ED001AC6ED000A97ED011AC8
:10040000D6ED010AD5ED013A98ED014A31EE206AA8
:1004100071EE600A9AED011A99ED015A73EE814A64
:1004200073EEC13A9BED011A34EE017A34EE411AB3
:100430009EED014A75EE045A35EE444A36EE475AAF
:1004400036EE076A34EEE57A74EEA54A76EE245A63
:1004500076EE644AC7ED015AC6ED014A76EE874A48
:10046000C8ED004A76EEC74ACBED004A75EE404A29
:1004700035EE000AC8ED014A8BED010A32EE430A5F
:1004800032EE032A20EE0F0A62EE0F4A33EEC42A40
:10049000A4448C4522EE0F3A33EE842A30EEC34A50
:1004A00062EE0F3A30EE833A31EEC02A31EE800A26
:1004B00071EE630A31EE231A72EEE41A72EEA42A88
:1004C00070EE013A30EE410AC5ED003A8EED000AB9
:1004D00032EE200A8AED000A32EE600A89ED000A47
:1004E00033EE620A85ED010A33EE220A8EED010A2F
:1004F00034EE610A8AED010A34EE210A89ED010A1F
:10050000FFF42EAF082B3FBF02B0BDEC108B04B040
:10051000BDE8F08F4FF0000CCDF804C04FF0010C97
:10052000CDF800C0DDF804C0159DAC444FEA8C0541
:1005300005EB0C07CDF804C007EB0C094FEA4C089B
:1005400008EB0C0609EB0C0A02EBCC0C02EBC8081A
:1005500002EBC60602EBC50502EBC70702EBC909B1
:1005600002EBCA0A9CED00DA9CED018AD8ED00CAC4
:1005700096ED00CAD5ED00BA97ED00BAD9ED00AA04
:10058000DAED008AD8ED017A96ED01AA95ED017AAF
:10059000D7ED016A99ED016ADAED019ADDF800C044
:1005A0000CEB0307FD1805EB030A0AEB030808EB45
:1005B000030606EB030B00EBCC0900EBC808D9EDF2
:1005C000000A98ED000A00EBC70700EBC606D7ED5E
:1005D000001A96ED001A70EE803A0BEB030E70EEE7
:1005E000C00A31EE810A00EBC50500EBCB0B31EE02
:1005F000C11AD5ED001A9BED002A00EBCA0A00EBE8
:10060000CE0E31EE824A71EEC21A9AED002ADEED6C
:10061000002A32EE223A32EE622A73EEC42A73EED8
:10062000843A30EE435A30EE030A33EE803A73EEEA
:10063000C0DA89ED003A99ED010A98ED013AD7ED5B
:10064000013A95ED014A70EE03EA30EE433A96ED39
:10065000010A9AED01EADEED014A33EE809A73EE6B
:10066000C03A9BED010A74EE005A34EE404A3EEE69
:10067000240A7EEE644A3EEEE5EA7EEEA55A79EE65
:1006800040EA39EE009A32EEAE0A72EEEE2A75EECC
:1006900089EA35EEC99A7EEE455AC9ED01EA3EEE89
:1006A000055A2BEEADEA67EE09EA2BEE899A67EE62
:1006B0002DDA3EEE2EEA39EE6D9A88ED00EA67EE0D
:1006C000A5DA88ED019A2CEE809A6CEEA55A27EEF9
:1006D000800A39EE2D9A35EEC00A85ED009A66EE55
:1006E000055A85ED010A2AEEA20A2AEE855A66EE1F
:1006F000222A30EE250A8BED000A35EE620A73EEEF
:10070000A42A8BED010A31EE420A31EE021A33EED1
:10071000E42A62EE8F3A20EE0F0A21EE0F1A22EE43
:100720000F2A70EEC02A30EE800A71EEC10A71EE17
:10073000811A33EE421A33EE022A34EE633A34EE73
:10074000234A70EE043A30EE444A01E0F304353FA8
:1007500072EE834A72EEC32A32EE613A32EE210A19
:1007600071EE601A71EE200A2DEE232A28EE031A8C
:100770002DEE033A68EE233AA44432EE011A28EE35
:10078000842A8C4587ED001A33EE631A29EE843AE9
:1007900087ED011A29EE801A28EE800A32EE011A3E
:1007A00030EE430A26EEA42A8EED001A8EED010AE1
:1007B0002BEE240A26EEA11A6BEE211A30EE010A66
:1007C0002CEE221A86ED000A31EEC20A6AEE221AD7
:1007D00086ED010A2AEE200A6CEE200A31EE000AAC
:1007E0008AED000A30EEE10A8AED010AFFF4D8AE84
:1007F000DDF800C00CF1010CCDF800C063453FF6F8
:1008000091AEDDF854C04FF6FF7404EACC0CCDF87D
:1008100054C0072B3FF6A0AD02B0BDEC108B04B066
:10082000BDE8F08F704700000FB4044910B503AA6B
:10083000029800F0E1FA10BC5DF814FB3C000020C7
:100840002DE9F0410E460446002020622046E16872
:10085000884730B3252805D0D4E901219047206A84
:10086000401CF2E7E168204600278847050018D0C1
:10087000A5F14100192802D820354FF4006732460F
:10088000294620462760FFF719FD40B1012804D012
:10089000F61D26F007060836D8E7361DD6E72846A7
:1008A000DAE7206ABDE8F0812DE9F0410646002430
:1008B00010687529314616A510D0AFF300800028C6
:1008C00002DA404213A507E031688A0701D512A574
:1008D00002E0490704D511A5012401E0AFF300802F
:1008E00000210A2206F1240709E0B0FBF2FCB0FB6C
:1008F000F2F302FB1C00303078541846491C0028E3
:10090000F3D123462A463046BDE8F04100F00CB84A
:10091000000000002D0000002B000000200000005F
:1009200070477047704770472DE9F0470D4699466C
:100930009246044600F124080168880604D5E0695F
:1009400021F01001216000E00120A84201DD471BD9
:1009500000E00027A1697A1902EB0900081AA061DA
:100960002078C00602D42046AFF30080002608E0BD
:10097000D4E901211AF806009047206A401C761C31
:1009800020624E45F4DB2078C0060AD52046AFF33E
:10099000008006E0D4E9012130209047206A401C05
:1009A0002062381EA7F10107F4DC07E0D4E9012139
:1009B00018F805009047206A401C2062281EA5F107
:1009C0000105F3DC2046AFF300802078000602D555
:1009D0000220BDE8F0870120FBE770472DE9FF4FBB
:1009E0000C461E464FF0FF378BB0D2E90001DDF810
:1009F00060800A908A46C1F30A5505B93D46002138
:100A0000084603F089FFBAF1000F00F4400005DA50
:100A100000EB80004FF4400101EA50004FEA90598A
:100A2000B9F1010F00DDB9460A9850EA4A000ED02C
:100A300044F61050A5F2FF3545432F14B8F1000FCE
:100A40001ED07542291E1EDDC9F100021CE0B8F15E
:100A5000010F4FF0000001D0302103E0F24305E028
:100A60002154401CB042FBDB3046002200212154BF
:100A70000B99C1F80880C1E900200FB0BDE8F08FE4
:100A8000BD1B6D1CDEE74A4600DA694206A800F08D
:100A900067FA06AB93E8070003AB83E8070050460C
:100AA0000A9900F0DAFB8DE80700A0F500501F3826
:100AB00000900398002D0ADD42F21F014A460844C7
:100AC000002303A90390684600F043FE09E0A0F567
:100AD00000504A461F38002303A90390684600F0DF
:100AE0004DFE8DE807000004000C03D04FF0FF30EE
:100AF000410800E01046B8F1000F03D00022009238
:100B000015461EE0751E05D400F08CF93032625592
:100B10006D1EF9D5B3460122084302D000227F1C86
:100B200004E02078302801D100227F1E002A099796
:100B300084D01DE0112D07DA00F074F930326255CF
:100B40006D1C50EA0102F5D1084302D00098C8B1EB
:100B50000EE00021681E05E0235C625C63542254B1
:100B6000401E491C8142F7DBAB46A81B401E099082
:100B7000002004F80B000B98099AC0F80880C0E91F
:100B8000002B7AE711264FF0000857E72DE9F04FC8
:100B900088460446D21D22F0070191B0D1E9000138
:100BA000CDE90A0101F0FBFD02460B98C00F01D010
:100BB0002D2007E02068810701D52B2002E02021AD
:100BC00001EAC000032A099001D0072A05DB034689
:100BD0004146204600F084F90BE12078800601D5DB
:100BE000E06900E00620B8F1650F814606D0B8F153
:100BF000660F18D0B8F1670F70D131E00020B9F15D
:100C0000110F009001DB112301E009F101030AAA91
:100C100001A90CA8FFF7E2FEDDE90C70002609F13E
:100C20000105834647E001204B4600904FF0004706
:100C30000AAA01A90CA8FFF7D1FEDDE90DB00C99B5
:100C40005D46002610B909F101000D18B9EB050049
:100C500003D4C0F1FF3609F10105A5EB09002BE033
:100C6000B9F1010F01DA4FF001090020B9F1110FBC
:100C70000090484601DD112300E003460AAA01A9BD
:100C80000CA8FFF7ABFEDDE90C704D46002683464D
:100C9000207800070AD4AB4500DA5D4601A8012D93
:100CA00004DD411911F8011C302907D04F4502DA43
:100CB00017F1040F04DA012082460FE06D1EEEE703
:100CC000002F02DCED1B3E4403E0781CA84200DD4F
:100CD0007D1CB81B00F1010A4FF000472078000787
:100CE00003D4AA4501DB4FF0FF3A0021B7F1004FD2
:100CF0000DF143088DF8431024D002202B23002F40
:100D000001DA7F422D230A21021EA0F1010000DC3E
:100D10005FB197FBF1FC97FBF1F201FB1C7C1746DE
:100D20000CF1300C08F801CDEEE7A8F101000370DA
:100D30002188090501D5452100E06521A0F10108C0
:100D400000F8011C09980FA9A1EB0807FF1D00B1CD
:100D50000120411901EBEA70A1693844081A401ECC
:100D6000A0612078C00602D42046AFF30080099825
:100D700028B1D4E901219047206A401C20622078E4
:100D8000C00622D52046AFF300801EE0002E04DB13
:100D9000B34502DD01A8805D00E03020D4E90121E7
:100DA0009047206A401C2062761CAAF101005FEA8D
:100DB000000A0AD100F032F8C0680168405CD4E94A
:100DC00001219047206A401C2062281EA5F10105E0
:100DD000DCDC07E0D4E9012118F8010B9047206A18
:100DE000401C2062381EA7F10107F3DC2046AFF358
:100DF0000080032011B041E6074B70B50D467B44DF
:100E000000F05BF80446284600F01CF910B14FF0E2
:100E1000FF3070BD204670BD672800000048704755
:100E20006028002030B5B0F10A024FEA900E71F14F
:100E300000034EEA817EB0EB0E0061EB91014FEAB8
:100E4000101E4EEA017E10EB0E0041EB11114FEA2D
:100E5000102E4EEA016E10EB0E0041EB11214FEA0D
:100E6000104E4EEA014E10EB0E0041EB11414018BE
:100E700041F100014FEAD00040EA41704FEAD10150
:100E800010EB80054FEA810444EA907444EB0104BE
:100E90006D1944EB0404521BA3414FF0000348BFFB
:100EA0000A3200D530BD401C41F1000130BD0000C8
:100EB00001694A1C02610878704700B58FB0CDE91E
:100EC00001310021059105497944CDE9031011460E
:100ED0006846FFF7B5FC0FB000BD0000E5FFFFFF5F
:100EE0002DE9F0411F46044603260168072A01F454
:100EF000006004DB08B116A505E016A503E008B103
:100F000015A500E015A521F010002060A069C01E05
:100F1000A0610FB1401EA0612046AFF300804FB129
:100F2000D4E9012138469047206A401C2062C01C49
:100F3000206206E0206AFAE7D4E9012115F8010BE6
:100F40009047761EF8D22046AFF30080BDE8F081CE
:100F50004E414E006E616E00494E4600696E66005D
:100F60002DE9F047814616468AB0354878440DC8C9
:100F70008DE80D0032487844801C03AC0DC884E82D
:100F80000D0041F69B300844372190FBF1F290FBB5
:100F9000F1F5A5F1800501FB12041B3C02D564426A
:100FA000012000E00020DFF898A080460027FA44E6
:100FB000AAF1BE0A0EE0E0070AD03246684607EB07
:100FC000470101230AEB810100F0D8FB8DE80700FF
:100FD00064107F1C002CEED1194F7F44AE3F19E006
:100FE000E80715D007EB04100DF1180A90E80E0081
:100FF0008AE80E00C068F04201D198190890324684
:10100000012306A903A800F0B9FB03AB83E807009E
:101010006D10641C002DE3D14FF001033246694688
:10102000B8F1000F03A802D000F093FB01E000F03C
:10103000A5FBC9E90001C9F808200AB0BDE8F0879E
:10104000F48B0300007B00F080007047004870477D
:10105000402800207546FFF7F9FFAE4605006946B7
:10106000534620F00700854618B020B5FFF75AF91F
:10107000BDE820404FF000064FF000074FF0000899
:101080004FF0000B21F00701AC46ACE8C009ACE81A
:10109000C009ACE8C009ACE8C0098D467047000043
:1010A0001FB584B000200A9C06AB04AA02A90094D4
:1010B000AFF3008018B1DDE9020108B010BD0348AC
:1010C000204000F04FF800200146F6E70000207CA9
:1010D00010B50446AFF300802046BDE81040FFF78E
:1010E0000CB900004FF0013C50F8042B51F8043BC0
:1010F0009A4221D1A2EB0C03934313EACC1317D1EC
:1011000050F8042B51F8043B9A4215D1A2EB0C0382
:10111000934313EACC130BD150F8042B51F8043B42
:101120009A4209D1A2EB0C03934313EACC13DBD010
:101130004FF00000704700BFD01A01BAB1FA81F138
:1011400001F0180122FA01F0CB40C1F12001DBB21D
:10115000C0B2C01A2CFA01F3D11A914311EAC3119B
:10116000E6D1704710B500F009F8BDE81040AFF3C4
:101170000080002801D001F02ABB704710B502287A
:1011800003D0410103D50DA112E0002010BD0101E3
:1011900001D50FA10CE0C10001D511A108E081002B
:1011A00001D512A104E0400001D513A100E0002107
:1011B00015A000F039F8012010BD0000496E7661DD
:1011C0006C6964204F7065726174696F6E00000015
:1011D000446976696465204279205A65726F00001F
:1011E0004F766572666C6F7700000000556E64651F
:1011F00072666C6F77000000496E657861637420D9
:10120000526573756C7400005349474650453A2047
:1012100041726974686D657469632065786365708F
:1012200074696F6E3A20000070B505460C460A20BE
:1012300000E06D1C01F0CDFA35B128780028F8D116
:1012400002E0641C01F0C5FA14B120780028F8D13E
:10125000BDE870400A2001F0BCBA5FEA400C08BF4C
:1012600091F0000F4FEA8C234FEAC12243EA51511B
:101270004FEA1C5018BF00F5F0404FEA300018BF8D
:1012800041F000415FEA6C5C00F02980BCF1FF3F57
:1012900008BF40F080407047130C06BF12044FF0A7
:1012A000100C4FF0000C130E04BF12020CF1080CCE
:1012B000130F04BF12010CF1040C930F04BF920032
:1012C0000CF1020CD30F04BF52000CF1010C1146BB
:1012D0004FF00002A0F11F00A0EB0C00704711F0CE
:1012E000004F08BF704731F000413FF4D5AF0B0C01
:1012F00006BF09044FF0100C4FF0000C0B0E04BF9A
:1013000009020CF1080C0B0F04BF09010CF1040CCD
:101310008B0F04BF89000CF1020CCB0F04BF4900F6
:101320000CF1010CCCF12003A0EB0C0022FA03F32A
:1013300002FA0CF241EA030100F10100704720F0CB
:101340007F4C80EA030023F07F47ACEB070303F5F3
:101350007C5300F0004003F1FF032DE980494FEA80
:10136000154B09B44FEA144325EA0B4E24EA03480F
:101370000FF2042606EB132749083E785FEA320293
:1013800003FB0667C7F5000707FB06F64FEA54376D
:101390004FEAD64606F1020607FB066CCCF1005C6C
:1013A0004FEA1C472CEA074C07FB06F40CFB06F53A
:1013B00004EB15464FEA961634BF00204FF000406C
:1013C0004FEAD13706FB07FC4FEA1C4C0CFB0BF72E
:1013D000D21B03FB0CF761EB07010CFB0EF7B0EB24
:1013E000074072EB17420CFB08F734BFA2EB074231
:1013F000B2EB074261EB17414FEA0C444FEA910709
:1014000006FB07FC4FEA1C4C0CFB0BF7B0EBC7408C
:1014100072EB573203FB0CF734BFA2EBC742B2EBBF
:10142000C74261EB57310CFB0EF7B0EBC70072EB14
:1014300057720CFB08F734BFA2EBC702B2EBC7022E
:1014400061EB5771039F4FEA816141EA921104EB0E
:10145000CC044FEAD1374FEA826206FB07FC42EA2E
:1014600090124FEA80604FEA1C4C0CFB0BF7D21B2A
:1014700003FB0CF761EB07010CFB0EF7B0EB074029
:1014800072EB17420CFB08F734BFA2EB0742B2EB3A
:10149000074261EB17414FEA8C554FEA910704EB85
:1014A0009C2406FB07FC4FEA1C4C0CFB0BF7B0EB33
:1014B000C74072EB573203FB0CF734BFA2EBC742B5
:1014C000B2EBC74261EB57310CFB0EF7B0EBC70034
:1014D00072EB57720CFB08F734BFA2EBC702B2EBFA
:1014E000C70261EB577115EB4C254FEA816141EA68
:1014F00092114FEA82624FEAD13742EA901206FB1C
:1015000007FC44F100044FEA80604FEA1C4C0CFBDE
:101510000BF7D21B03FB0CF761EB07010CFB0EF77B
:10152000B0EB074072EB17420CFB08F734BFA2EB9D
:101530000742B2EB074261EB174115EB1C154FEA6E
:10154000813141EA92414FEA823242EA90424FEAC7
:1015500080304FEA0C7644F1000448EA03434EEA37
:101560000B484FF0000EB2EB080C71EB030724BFE1
:10157000624639464EEB0E0E4FF0000B00185241FA
:1015800049414BEB0B0BB2EB080C71EB03077BF102
:10159000000B24BF624639464EEB0E0E4FF0000B97
:1015A0000018524149414BEB0B0BB2EB080C71EBAD
:1015B00003077BF1000B24BF624639464EEB0E0E4B
:1015C00051EA020718BF46F0010616EB0E7655F1F8
:1015D000000254F1000103D5BDE88901BDE800888F
:1015E000BDE88901BDE80048B619524141EB01014F
:1015F000A3F10103704780807F7E7D7C7B7A7978C0
:10160000777676757473727171706F6E6E6D6C6CC7
:101610006B6A6A6968686766666564646363626169
:101620006160605F5F5E5E5D5D5C5C5B5B5A5A59EA
:101630005958585757565655555554545353525256
:101640005251515050504F4F4F4E4E4D4D4D4C4CAE
:101650004C4B4B4B4A4A4A494949484848474747F7
:101660004746464645454544444444434343434234
:10167000424242414141002B9C4630D477002BD05E
:101680001CB54FEA370703B44FF010004FF01001BC
:10169000BAF1000F06D0BCF1000FDCBF40F008002B
:1016A00040F0080103F038F90FBCBDE810400BF121
:1016B000010BBBF1010F08BF5FEA170722BF12F150
:1016C000010211F101014FF0004143F1000300F06C
:1016D000004043EA00007047F9D35708D0E746EAD4
:1016E000064613F1400F4FEA16461FDD13F1200F97
:1016F000DFBF16430A46002120335B42BED0C3F150
:10170000200746EA064602FA07F74FEA164646EA77
:101710000706C3F1200722FA03F201FA07F721FABC
:1017200003F14FF0000342EA0702A7E746EA020688
:1017300046EA06464FEA164646EA0106BCBF46EAB6
:101740000646360C4FF000034FF000024FF0000148
:1017500094E72DE9804C9A46934670B491E838009E
:1017600007C831EA400C48BF34EA430C03D5FFF701
:10177000E6FDFFF780FFF0BCBDE8008C2DE9804C52
:101780009A46934670B491E8380007C810F0804F2D
:1017900008BF13F0804F03D100F005F8FFF76BFF8F
:1017A000F0BCBDE8008C20F07F4780EA030023F006
:1017B0007F4C07EB0C03A3F57C5300F00040A3F132
:1017C000FE0392F0000F00F0B38095F0000F00F0E0
:1017D00077802DE901494FEA11404FEA144621EA8A
:1017E000004800FB06FC24EA064708FB06F607FB58
:1017F00008F800FB07F718EB06484CEB164C4FEACD
:10180000124B18EB07484FEA15464CEB174022EAFB
:101810000B4E0BFB06FC25EA06470EFB06F607FB04
:101820000EFE0BFB07F71EEB064E4CEB164C4FF073
:1018300000061EEB074E4CEB174B18EB0B0840F164
:10184000000018EB0E0B58EB000840F100008F1A57
:101850004FF000013CBFC943661B14BFB5EB040C3D
:1018600000213CBFC943F61B4FEA17444EEA8E0ED7
:1018700027EA04454FEA1C4704FB07622CEA074CA1
:1018800005FB07F70CFB05F604FB0CFC16EB074603
:1018900042EB174216EB0C4642EB1C421BEB0606D2
:1018A00058EB0202414146EA9E0601D5BDE8018996
:1018B000B619524141EB0101A3F10103BDE80189D1
:1018C0004FEA14454FEA114724EA054621EA074C3E
:1018D00005FB07F406FB07F70CFB06F105FB0CFC08
:1018E00011EB074144EB17444FEA124711EB0C414F
:1018F00044EB1C4422EA074C05FB07F206FB07F702
:101900000CFB06F605FB0CFC16EB074642EB1742F8
:1019100016EB0C4642EB1C456A1854F1000148BF17
:101920007047B619524141EB0101A3F10103704721
:1019300095F0000F37D04FEA11424FEA144721EAE1
:10194000024624EA074C02FB07F106FB07F70CFBF3
:1019500006F402FB0CFC14EB074441EB17414FEA81
:10196000154714EB0C4441EB1C4125EA074C02FBE4
:1019700007F506FB07F70CFB06F602FB0CFC16EB63
:10198000074645EB174516EB0C4645EB1C42121972
:1019900051F1000148BF7047B619524141EB0101B6
:1019A000A3F1010370474FEA14454FEA114724EAB7
:1019B000054621EA074C05FB07F106FB07F70CFB80
:1019C00006F24FF0000605FB0CFC12EB074241EB60
:1019D000174112EB0C4251EB1C4148BF7047921863
:1019E00041EB0101A3F101037047002001E0411C1C
:1019F00088B20128FBDB70471CB50121022000F0F2
:101A000055FC4FF47F40009002208DF80500012026
:101A10008DF8040000208DF8060001208DF80700E5
:101A20006946024800F072FB1CBD00000004024041
:101A30002DE9F0472DED068BB0EE408AF0EE608A7E
:101A400007460C4691469FED310BB0EE40AAF0EEF2
:101A500060AAB0EE489AF0EE689A9FED2E0B53EC18
:101A6000102B51EC190B02F065F841EC190B53ECFB
:101A70001A2B51EC190B02F0A3FA41EC190B51ECA3
:101A8000190B02F015FA80464546C5F30D054FEADD
:101A9000A836C6F30D0649F4404A4FF4807000F0B2
:101AA000B3F84FF4045000F0AFF867B945F480453F
:101AB00046F48046284600F0A7F8304600F0A4F827
:101AC000504600F0A1F8012F0CD145F4004546F432
:101AD0000046284600F098F8304600F095F8504649
:101AE00000F092F81CB942F2020000F08DF8022CCE
:101AF00003D142F2280000F087F8012C02D16003E4
:101B000000F082F8BDEC068BBDE8F08700000040D5
:101B1000E17A64410000000080842E412DE9F04705
:101B20002DED068BB0EE408AF0EE608A07460C463B
:101B300091469FED310BB0EE40AAF0EE60AAB0EEF8
:101B4000489AF0EE689A9FED2E0B53EC102B51EC57
:101B5000190B01F0EFFF41EC190B53EC1A2B51EC70
:101B6000190B02F02DFA41EC190B51EC190B02F094
:101B70009FF980464546C5F30D054FEAA836C6F3E2
:101B80000D0649F4404A4FF4807000F079F84FF4A4
:101B9000045000F075F867B945F4804546F4804676
:101BA000284600F06DF8304600F06AF8504600F024
:101BB00067F8012F0CD145F4004546F4004628464D
:101BC00000F05EF8304600F05BF8504600F058F840
:101BD0001CB942F2020000F053F8022C03D142F289
:101BE000280000F04DF8012C02D1600300F048F805
:101BF000BDEC068BBDE8F08700000040E17A64414F
:101C00000000000080842E4170B504464FF48061CE
:101C10001A4800F0E8FA4FF40061184800F0E3FABF
:101C20004FF40061154800F0DCFA00251EE004F4D2
:101C3000004028B14FF40071104800F0D4FA04E0DD
:101C40004FF400710D4800F0CCFAFFF7CEFE4FF4D0
:101C500080610A4800F0C5FAFFF7C7FE4FF48061C3
:101C6000064800F0C0FA6400681CC5B2102DDEDB27
:101C70004FF40061014800F0B6FA70BD0004024064
:101C800070B504464FF480411A4800F0ACFA4FF4A6
:101C90000041184800F0A7FA4FF40041154800F041
:101CA000A0FA00251EE004F4004028B14FF40051D2
:101CB000104800F098FA04E04FF400510D4800F08D
:101CC00090FAFFF792FE4FF480410A4800F089FA3B
:101CD000FFF78BFE4FF48041064800F084FA640061
:101CE000681CC5B2102DDEDB4FF40041014800F046
:101CF0007AFA70BD0004024000B59BB0012108468D
:101D000000F0D4FA4020199003208DF868000020DC
:101D10008DF86B0019A9384800F0F8F90121880501
:101D200000F0C4FA35480B9035480C9000200D9017
:101D30004FF400700E9000200F904FF480601090D0
:101D40004000119080001290002013904FF400305A
:101D500014900020159001201690002017901890E4
:101D60000A900AA9274800F02BF90121254800F024
:101D70001CF90121080200F0A9FA002000904FF49C
:101D800080300190002002904FF47060039068460C
:101D900000F046F804A800F0FCF8002004908DF84C
:101DA000140001208DF8150000200690079008907F
:101DB00001208DF8240004A910484C3800F05EF88A
:101DC0000223012206210D484C3800F081F8012140
:101DD0000A484C3800F047F8012108484C3800F018
:101DE00037F8012105484C3800F00EF803484C380C
:101DF00000F0CAF81BB000BD000002404C200140BA
:101E0000402400201064024021B1826842F00102A7
:101E1000826003E0826822F0010282607047000065
:101E20000021084A1168084A1140D0E900231A43EA
:101E300083681A43C3681A431143044AC2F804135F
:101E40007047000004230140E030FCFF0020014007
:101E500021B1826842F48072826003E0826822F4D9
:101E600080728260704721B1826842F400728260A1
:101E700003E0826822F400728260704730B5024647
:101E8000002000235068104C20400D790C6844EA73
:101E900005242043506090680C4C2040D1E9035445
:101EA0002C438D682C434D7944EA450420439060CF
:101EB000D06A20F470000C7D641EE4B2234340EA33
:101EC0000350D06230BD0000FFFEFFFCFDF7FFC0F5
:101ED000F0B504460D4600200021092D11DDE06813
:101EE000A5F10A0606EB4607072606FA07F188431E
:101EF000A5F10A0606EB460603FA06F10843E06080
:101F00000CE0206905EB4507072606FA07F1884330
:101F100005EB450603FA06F108432061072A0FDAAC
:101F2000606B561E06EB86071F2606FA07F18843EC
:101F3000561E06EB860605FA06F10843606322E0AA
:101F40000D2A0FDA206BD61F06EB86071F2606FA2E
:101F500007F18843D61F06EB860605FA06F108430B
:101F6000206310E0E06AA2F10D0606EB86071F264B
:101F700006FA07F18843A2F10D0606EB860605FA7C
:101F800006F10843E062F0BD816841F08041816064
:101F9000704700210160017141718160C160016180
:101FA00001210175704700BFFEE721B1026842F0D0
:101FB0000102026003E0026822F001020260704741
:101FC00010B500220268134B1A40CC680B682343FB
:101FD0004C6923438C692343CC6923430C6A234314
:101FE0004C6A23438C6A23434C6B23438C6B2343FF
:101FF0001A430260426922F00702D1E90B342343FD
:102000001A4342610B6943604B6883608B68C3600D
:1020100010BD00003F801CF07047000000B587B085
:102020000121084600F042F90121102000F04EF98C
:1020300007220A21214800F0B1F8072209211F4890
:1020400000F0ACF800208DF81A0001208DF81B007C
:1020500002208DF819008DF818000002059005A9DE
:10206000164800F053F802208DF818004002059041
:1020700005A9124800F04AF84FF4E1300190002021
:10208000ADF80800ADF80A00ADF80C00ADF810008E
:102090000C20ADF80E0001A9094800F00BFB00F080
:1020A000A9F8012240F22551054800F0DDFA01218E
:1020B000034800F0A3FA07B000BD00000000024092
:1020C0000010014070B504460F4800684FF47A7163
:1020D000B0FBF1F6304600F0F5F9002508E000BF4E
:1020E0004FF0E020006900F480300028F8D06D1C2B
:1020F000A542F4D34FF0E020006920F001004FF03A
:10210000E021086170BD000000000020F0B50A4623
:1021100000210023002400BF3DE0012505FA01F362
:10212000156805EA03049C4234D105684F00032674
:10213000BE40B543056015794E00B540066835438D
:1021400005601579012D02D01579022D16D185680B
:102150004F000326BE40B543856055794E00B5401B
:10216000866835438560456801268E40B5434560E5
:10217000456896798E40B6B235434560C5684F00D4
:102180000326BE40B543C560D5794E00B540C6684C
:102190003543C560491C1029BFD3F0BDF0B50023FD
:1021A00000244D07ED0E02FA05F3CE1000F12005D4
:1021B00055F826504E07F70E0F26BE40B543CF10F8
:1021C00000F1200646F82750CE1000F1200555F802
:1021D000265045EA0304CE1000F1200545F82640BC
:1021E000F0BD418370470183704700BFFEE700BF29
:1021F000FEE7704708B54FF4A06000F04BF82520CB
:102200008DF8000001208DF801008DF802008DF896
:102210000300684600F002F808BD000070B5002118
:1022200000230F22C4781CB3174C246804F4E06424
:10223000C4F5E064C4F30721C1F10404E3B20A4128
:1022400044789C40E1B28478144021430C07210E6D
:102250000E4C05786155047804F01F050124AC404C
:1022600005786D11AD0005F1E025C5F8004109E0E4
:10227000047804F01F050124AC40054D0678761162
:1022800045F8264070BD00000CED00E000E400E0E1
:1022900080E100E002490143024A116070470000FA
:1022A0000000FA050CED00E07047000029B1064A75
:1022B00012680243044B1A6004E0034A1268824326
:1022C000014B1A60704700003038024029B1064ABD
:1022D00012680243044B1A6004E0034A1268824306
:1022E000014B1A607047000044380240F0B50021ED
:1022F00000220024022500260223324F3F6807F007
:102300000C0121B1042905D0082937D105E02E4F51
:10231000076036E02D4F076033E02A4F3F1F3F68CC
:10232000C7F38056274F3F1F3F6807F03F036EB14A
:10233000264FB7FBF3F7DFF88CC0ACF1040CDCF8E8
:1023400000C0CCF3881C07FB0CF40CE01E4FB7FB5D
:10235000F3F7DFF870C0ACF1040CDCF800C0CCF38C
:10236000881C07FB0CF4174F3F1F3F68C7F301475A
:102370007F1C7D00B4FBF5F7076002E0124F076099
:1023800000BF00BF0F4F3F6807F0F0010909104F71
:102390007A5C0768D74047600A4F3F6807F4E0510E
:1023A000890A0B4F7A5C4768D7408760054F3F68C2
:1023B00007F46041490B064F7A5C4768D740C76015
:1023C000F0BD0000083802400024F40000127A003A
:1023D0002C000020704700000CB5002001900090F8
:1023E0003448006840F480303249086000BF31480A
:1023F000006800F4003000900198401C01900098A3
:1024000018B90198B0F5A04FF1D12A48006800F43E
:10241000003010B10120009001E0002000900098F1
:10242000012846D123484030006840F080502149BF
:10243000403108602048006840F440401E49086070
:102440001C48083000681B490831086008460068CD
:1024500040F4004008600846006840F4A05008605E
:102460001648091F0860081F006840F08070091FA7
:10247000086000BF0F48006800F000700028F9D025
:1024800040F205700E4908600A480830006820F0E4
:1024900003000849083108600846006840F002005F
:1024A000086000BF03480830006800F00C000828EE
:1024B000F8D10CBD003802400070004008544007BD
:1024C000003C024030B50146481EB0F1807F01D388
:1024D000012030BD481E4FF0E022506150170F22FE
:1024E000002807DA13071D0E094B00F00F04241F04
:1024F0001D5503E013071C0E064B1C5400BF0020A3
:102500004FF0E0229061072010610020E1E7000019
:1025100018ED00E000E400E07047000010B5154839
:10252000006840F47000134908601348006840F0E8
:1025300001001149086000200F49083108600E4869
:1025400000680E4908400C4908600D48091D0860E4
:10255000081F006820F48020091F08600020064939
:102560000C310860FFF738FF4FF0006001498039F7
:10257000086010BD88ED00E000380240FFFFF6FE65
:102580001030002410B50121064800F014F838B1CD
:10259000642105A0FEF748F90121024800F008F87F
:1025A00010BD00000000014025640D0A000000007D
:1025B000CA430282704730B502460020002300243F
:1025C000158A05EA0103958905EA010413B10CB1E6
:1025D000012000E0002030BD10B540F22551064832
:1025E00000F018F838B1044800F0CEF8C4B2214623
:1025F000014800F0CEF810BD0010014021B18289E1
:1026000042F40052828104E082894DF6FF731A4041
:102610008281704770B50246002400230025002007
:1026200040F66A16B14200D100BFC1F3421501F075
:102630001F03012606FA03F3012D02D196893340C8
:1026400006E0022D02D1168A334001E0968A33401B
:102650000C12012606FA04F41688344013B10CB1AA
:10266000012000E0002070BDF0B5034600240026E4
:102670000025002040F66A17B94200D100BF184675
:10268000C1F3421401F01F06012707FA06F5012CD9
:1026900001D10C3004E0022C01D1103000E01430E4
:1026A0001AB107682F43076002E00768AF4307606D
:1026B000F0BD00002DE9FF4705460E460024A14667
:1026C00000BFA046B08900B100BF2C8A24F440545A
:1026D000F08804432C82AC8941F20C608443B088BA
:1026E00031890843718908430443AC81AC8A24F4DE
:1026F0004074B0890443AC826846FFF7F7FD204878
:10270000854202D01F48854202D1DDF80C9001E0DD
:10271000DDF80890A88900F4004040B109EBC90039
:1027200000EB091031684900B0FBF1F707E009EB55
:10273000C90000EB091031688900B0FBF1F7642093
:10274000B7FBF0F004012009642101FB1078A8898F
:1027500000F4004040B1322000EBC800B0FBF1F0C3
:1027600000F00700044308E0322000EB0810642169
:10277000B0FBF1F000F00F0004432C81BDE8FF87AF
:10278000001001400014014001468888C0F3080091
:102790007047C1F308028280704700BFFEE703B4B0
:1027A00001984100009850EAC12018BF04204A0D4A
:1027B00018BF40F0010040F2FF72B2EB515F08BF5A
:1027C00040F00200012808BF052002B0704700BF9A
:1027D000704700BF70472DE9F0472DED028B06468C
:1027E000884691469A463588B9F1010F0DD108F116
:1027F0000404002707E094ED000AB1EE400A84EDDE
:10280000000A08347F1CAF42F5D3B5F5807F1ED097
:1028100008DC102D13D0202D18D0402D1DD0802D78
:1028200024D10DE0B5F5007F18D0B5F5806F08D044
:10283000B5F5006F0CD0B5F5805F17D10FE000BF84
:1028400000BF4146304600F03EF80FE000BF00BF39
:102850004146304600F0BCF908E000BF00BFA9B215
:10286000012340467268FDF76FFD00BF00BFBAF15B
:10287000000F04D0B1894046B268FDF7BFFCB9F142
:10288000010F1CD100EE105AB8EE400AF7EE000A14
:1028900080EE808A444600270FE094ED000A20EE87
:1028A000080AA4EC010A94ED000AB1EE400A20EEF9
:1028B000080A84ED000A241D7F1CAF42EDD3BDEC55
:1028C000028BBDE8F0872DE9F04F2DED068B93B01C
:1028D00082460C46BAF8009004EB8905DAF80480C9
:1028E000A34612954FEA590904EB890605EB8907BF
:1028F0004FEA9900019052E194ED000A8DED0E0A25
:1029000094ED010A8DED0F0A94ED020A8DED100A87
:1029100094ED030A8DED110A95ED000A8DED0A0A7A
:1029200095ED010A8DED0B0A95ED020A8DED0C0A6D
:1029300095ED030A8DED0D0A96ED000A8DED060A60
:1029400096ED010A8DED070A96ED020A8DED080A53
:1029500096ED030A8DED090A97ED000A8DED020A46
:1029600097ED010A8DED030A97ED020A8DED040A39
:1029700097ED030A8DED050A9DED0E0ADDED0A0ABD
:1029800030EE200AA4EC010A9DED0F0ADDED0B0AE2
:1029900030EE200AA4EC010A9DED100ADDED0C0AD0
:1029A00030EE200AA4EC010A9DED110ADDED0D0ABE
:1029B00030EE200AA4EC010A9DED0E0ADDED0A0AB4
:1029C00030EE600A8DED0A0A9DED0F0ADDED0B0A6F
:1029D00030EE600A8DED0B0A9DED100ADDED0C0A5C
:1029E00030EE600A8DED0C0A9DED110ADDED0D0A49
:1029F00030EE600A8DED0D0A9DED060ADDED020A4E
:102A000030EE200AA6EC010A9DED070ADDED030A6F
:102A100030EE200AA6EC010A9DED080ADDED040A5D
:102A200030EE200AA6EC010A9DED090ADDED050A4B
:102A300030EE200AA6EC010A9DED020ADDED060A41
:102A400030EE600A8DED020A9DED030ADDED070A06
:102A500030EE600A8DED030A9DED040ADDED080AF3
:102A600030EE600A8DED040A9DED050ADDED090AE0
:102A700030EE600A8DED050AB8EC010AB0EE408A2E
:102A8000B8EC010AF0EE408A9DED0A0A20EE080A31
:102A9000B0EE409A9DED0B0A20EE280AF0EE409A27
:102AA0009DED0B0A20EE080AB0EE40AA9DED0A0A41
:102AB00020EE280AF0EE40AA39EE290AA5EC010A18
:102AC0003AEE6A0AA5EC010A9DED020A20EE280AF8
:102AD000B0EE409A9DED030A20EE080AF0EE409A0F
:102AE0009DED030A20EE280AB0EE40AA9DED020AF1
:102AF00020EE080AF0EE40AA39EE690AA7EC010AB6
:102B00003AEE2A0AA7EC010AB8EC010AB0EE408AB4
:102B1000B8EC010AF0EE408A9DED0C0A20EE080A9E
:102B2000B0EE409A9DED0D0A20EE280AF0EE409A94
:102B30009DED0D0A20EE080AB0EE40AA9DED0C0AAC
:102B400020EE280AF0EE40AA39EE290AA5EC010A87
:102B50003AEE6A0AA5EC010A9DED040A20EE280A65
:102B6000B0EE409A9DED050A20EE080AF0EE409A7C
:102B70009DED050A20EE280AB0EE40AA9DED040A5C
:102B800020EE080AF0EE40AA39EE690AA7EC010A25
:102B90003AEE2A0AA7EC010A0198401E019001981A
:102BA00000287FF4A9AE1FFA89F102235846DAF80B
:102BB0000420FDF7C9FB1FFA89F10223DAF804208B
:102BC0001298FDF7C1FB13B0BDEC068BBDE8F08F8A
:102BD0002DE9F34F2DED0A8B99B00E46239800880E
:102BE00040101890189806EB8004189804EB8007A2
:102BF000189807EB80051796A0461697A946201F40
:102C00001590A7F1040A281F14901899149800EB46
:102C1000810B2398406811901290139018984008E7
:102C2000189002200390042002900620019096ED57
:102C3000000AD7ED000A30EE200AB0EE40BA96ED59
:102C4000000AD7ED000A30EE600AF0EE40CA96EDB9
:102C5000010AD7ED010A30EE200AF0EE40BA96EDF7
:102C6000010AD7ED010A30EE600AB0EE40CA94EDD9
:102C7000010A30EE2C0AD5ED010A30EE600A8DED26
:102C80000D0A94ED000A3CEE400AD5ED000A30EE44
:102C9000200A8DED0E0A94ED000A3BEE400AD5EDB8
:102CA000000A30EE600A8DED090A94ED010A3BEE50
:102CB000C00AD5ED010A30EE600A8DED0A0A94EDE6
:102CC000010A3CEEC00AD5ED010A30EE200A8DED76
:102CD000050A94ED000A30EE0C0AD5ED000A30EE3C
:102CE000600A8DED060A94ED000A30EE0B0AD5ED70
:102CF000000A30EE200AA6EC010A94ED010A30EE3B
:102D00002B0AD5ED010A30EE200AA6EC010A9DED52
:102D10000D0AA4EC010A9DED0E0AA4EC010A9DED3A
:102D2000090AA7EC010A9DED0A0AA7EC010A9DED2C
:102D3000050AA5EC010A9DED060AA5EC010A039916
:102D4000139800EB810013900299129800EB810018
:102D500012900199119800EB810011901898801E33
:102D600040080490F6E196ED000AD7ED000A30EE37
:102D7000200AB0EE40BA96ED000AD7ED000A30EE18
:102D8000600AF0EE40CA96ED010AD7ED010A30EE76
:102D9000200AF0EE40BA96ED010AD7ED010A30EEB6
:102DA000600AB0EE40CA94ED010A30EE2C0AD5ED6F
:102DB000010A30EE600A8DED0D0A94ED000A3CEE3A
:102DC000400AD5ED000A30EE200A8DED0E0A94ED92
:102DD000000A3BEE400AD5ED000A30EE600A8DEDA8
:102DE000090A94ED010A3BEEC00AD5ED010A30EE66
:102DF000600A8DED0A0A94ED010A3CEEC00AD5ED99
:102E0000010A30EE200A8DED050A94ED000A30EE3D
:102E10000C0AD5ED000A30EE600A8DED060A94ED3D
:102E2000000A30EE0B0AD5ED000A30EE200AA6ECBF
:102E3000010A94ED010A30EE2B0AD5ED010A30EEBD
:102E4000200AA6EC010A159810ED010A149850ED1D
:102E5000010A30EE200AF0EE40BA159810ED010A92
:102E6000149850ED010A30EE600AB0EE40CA159891
:102E700090ED000A1498D0ED000A30EE200AB0EE72
:102E800040BA159890ED000A1498D0ED000A30EE83
:102E9000600AF0EE40CA9AED000ADBED000A30EE5F
:102EA000600A30EE0C0A8DED0F0A159890ED000ABD
:102EB0001498D0ED000A30EE600A5AED010A30EEA7
:102EC000600A5BED010A30EE200A8DED100A1AED62
:102ED000010A3BEEC00A5BED010A30EE600A8DED9F
:102EE0000B0A9AED000A3BEE400ADBED000A30EED9
:102EF000600A8DED0C0A9AED000ADBED000A30EE57
:102F0000600A30EE4C0A8DED070A1BED010A5AEDFE
:102F1000010A30EE600A30EE6C0A8DED080A9AED77
:102F2000000A30EE0B0ADBED000A30EE200A15989D
:102F300080ED000A1598001F15901AED010A30EE79
:102F40002B0A5BED010A30EE200A159880ED000A8D
:102F50001598001F15901398B0EC010AB0EE408A46
:102F600013901398B0EC010AF0EE408A13909DED97
:102F70000D0A20EE080AB0EE409A9DED0E0A20EEF2
:102F8000280AF0EE409A9DED0E0A20EE080AB0EEF7
:102F900040AA9DED0D0A20EE280AF0EE40AA39EE77
:102FA000290AA4EC010A3AEE6A0AA4EC010A9DED92
:102FB000100A20EE280AB0EE409A9DED0F0A20EE8E
:102FC000080AF0EE409A9DED0F0A20EE280AB0EEB6
:102FD00040AA9DED100A20EE080AF0EE40AA39EE54
:102FE000690A8AED000AAAF1040A3AEE2A0A8AED71
:102FF000000AAAF1040A129890ED000AB0EE408A85
:10300000129890ED010AF0EE408A0299129800EBB6
:10301000810012909DED090A20EE080AB0EE409A58
:103020009DED0A0A20EE280AF0EE409A9DED0A0A6C
:1030300020EE080AB0EE40AA9DED090A20EE280A0B
:10304000F0EE40AA39EE290AA7EC010A3AEE6A0A24
:10305000A7EC010A9DED0C0AB1EE400A20EE080A29
:10306000B0EE409A9DED0B0A20EE280AF0EE409A51
:103070009DED0B0A20EE080AB0EE40AA9DED0C0A69
:1030800020EE280AF0EE40AA39EE690A149880ED85
:10309000000A1498001F14903AEECA0A149880EDA2
:1030A000000A1498001F1490119890ED000AB0EED9
:1030B000408A119890ED010AF0EE408A019911982A
:1030C00000EB810011909DED050A20EE080AB0EE9C
:1030D000409A9DED060A20EE280AF0EE409A9DEDFA
:1030E000060A20EE080AB0EE40AA9DED050A20EE81
:1030F000280AF0EE40AA39EE290AA5EC010A3AEEB8
:103100006A0AA5EC010A9DED080A20EE280AB0EE35
:10311000409A9DED070A20EE080AF0EE409A9DEDD8
:10312000070A20EE280AB0EE40AA9DED080A20EE1C
:10313000080AF0EE40AA39EE690A8BED000AABF1FD
:10314000040B3AEE2A0A8BED000AABF1040B04984B
:10315000401E0490049800287FF405AE96ED000A06
:10316000D7ED000A30EE200AB0EE40BA96ED000A24
:10317000D7ED000A30EE600AF0EE40CA96ED010A83
:10318000D7ED010A30EE200AF0EE40BA96ED010AC2
:10319000D7ED010A30EE600AB0EE40CA94ED010AA4
:1031A00030EE2C0AD5ED010A30EE600A8DED0D0AE5
:1031B00094ED000A3CEE400AD5ED000A30EE200AFC
:1031C0008DED0E0A94ED000A3BEE400AD5ED000AA3
:1031D00030EE600A8DED090A94ED010A3BEEC00A5B
:1031E000D5ED010A30EE600A8DED0A0A94ED010A70
:1031F0003CEEC00AD5ED010A30EE200A8DED050A3D
:1032000094ED000A30EE0C0AD5ED000A30EE600AAB
:103210008DED060A94ED000A30EE0B0AD5ED000A9A
:1032200030EE200AA6EC010A94ED010A30EE2B0ADA
:10323000D5ED010A30EE200AA6EC010A139890EDB4
:10324000000AB0EE408A139890ED010AF0EE408A31
:103250009DED0D0A20EE080AB0EE409A9DED0E0A93
:1032600020EE280AF0EE409A9DED0E0A20EE080AA4
:10327000B0EE40AA9DED0D0A20EE280AF0EE40AA1D
:1032800039EE290AA4EC010A3AEE6A0AA4EC010A12
:10329000129890ED000AB0EE408A129890ED010A63
:1032A000F0EE408A9DED090A20EE080AB0EE409A41
:1032B0009DED0A0A20EE280AF0EE409A9DED0A0ADA
:1032C00020EE080AB0EE40AA9DED090A20EE280A79
:1032D000F0EE40AA39EE290AA7EC010A3AEE6A0A92
:1032E000A7EC010A119890ED000AB0EE408A1198FF
:1032F00090ED010AF0EE408A9DED050A20EE080AE5
:10330000B0EE409A9DED060A20EE280AF0EE409AB3
:103310009DED060A20EE080AB0EE40AA9DED050AD2
:1033200020EE280AF0EE40AA39EE290AA5EC010A9F
:103330003AEE6A0AA5EC010A23984268189881B20D
:1033400004231798FDF700F823984268189881B273
:1033500004234046FCF7F8FF23984268189881B28E
:1033600004231698FCF7F0FF23984268189881B25E
:1033700004234846FCF7E8FF19B0BDEC0A8BBDE812
:10338000FC8F2DE9F0412DED028B04460D461746CA
:10339000BE0848E0B4EC010AF0EE408AB4EC010A41
:1033A000B0EE408A68EEA80A48EE080AB0EE600A5D
:1033B00028462D1D00F09EF8B4EC010AF0EE408A7C
:1033C000B4EC010AB0EE408A68EEA80A48EE080A9A
:1033D000B0EE600A28462D1D00F08CF8B4EC010A0E
:1033E000F0EE408AB4EC010AB0EE408A68EEA80A1A
:1033F00048EE080AB0EE600A28462D1D00F07AF863
:10340000B4EC010AF0EE408AB4EC010AB0EE408A56
:1034100068EEA80A48EE080AB0EE600A28462D1D9C
:1034200000F068F8761E002EB4D107F0030612E013
:10343000B4EC010AF0EE408AB4EC010AB0EE408A26
:1034400068EEA80A48EE080AB0EE600A28462D1D6C
:1034500000F050F8761E002EEAD1BDEC028BBDE8DC
:10346000F0810000B0EE402A9FED1F4AF5EE003AD1
:1034700042EE043AF0EE630AFDEEE03A13EE901AE3
:10348000F5EEC00AF1EE10FA00D2491E03EE901AD2
:10349000F8EEE33A70EEE33AF0EE630ADFED133A4A
:1034A00060EEA31AFCEEE13A13EE902AC2F3080094
:1034B00003EE900AF8EE633A31EEE31A0C4A02EB9F
:1034C0008002D2ED002A0A4B421C03EB820292EDED
:1034D000003AF7EE003A73EEC13A63EEA23AB0EE6C
:1034E000630A01EE030A704783F9223E000000449C
:1034F0002C8503080146B5EEC00AF1EE10FA05DB93
:10350000F1EEC00AC1ED000A00207047DFED030AAA
:10351000C1ED000A4FF0FF30F7E7000000000000A7
:1035200000B5ADF6040D012300221B491B48FFF72F
:1035300052F94FF4007201A91748FFF722FF9DEDE1
:10354000010A1748D0ED000A9FED161A60EE810AB5
:1035500080EE201A144880ED001A012017E001A91E
:1035600001EB800191ED000AF0EE000A20EE200A46
:103570000B49D1ED000A9FED0B1A60EE810A80EE37
:10358000201A094901EB800181ED001A401CFF2837
:10359000E5DD0DF6040D00BD400800208899030804
:1035A00014000020000000444018002010B502461E
:1035B000BFEE000A274880ED000ABFEE000A264849
:1035C00080ED000A0020254B1860254B186010463E
:1035D00017E0244B03EB800393ED000A1D4BD3ED62
:1035E000000AB4EEE00AF1EE10FA09DD1D4B03EB20
:1035F000800393ED000A174B83ED000A174B186008
:10360000401C8842E5DD104621E0144C2468031B71
:10361000002B01DB1C4600E05C42052C16DB114C44
:1036200004EB800494ED000A0B4CD4ED000AB4EED8
:10363000E00AF1EE10FA09DD0A4B03EB800393ED8B
:10364000000A234683ED000A054B1860401C88429F
:10365000DBDD10BD20000020240000201800002029
:103660001C0000204018002000BF054A128802F00C
:103670004002002AF9D0C2B2014B9A807047000084
:103680000010014010B52DED028B9FED1D0AB0EE2C
:10369000408A002426E000EE104AB8EEC00ADFEDB2
:1036A000190A20EE200ADFED180A80EE201AF0EE4B
:1036B000418AB0EE680AFFF7D5FEDFED140A9FEDF0
:1036C000141A41EE400A134800EB8400C0ED000AD2
:1036D000104800EB840090ED000A30EE080AB0EECE
:1036E000408A641CB4F5007FD5DB9FED0B0AC8EE61
:1036F000000A0A48C0ED000ABDEC028B10BD0000B4
:1037000000000000DB0FC9400080FF43713D0A3F0D
:103710001F85EB3E40000020000000441400002004
:103720002DED028BFEF77AFCFEF7E6FA4FF4FA7005
:10373000FEF7C8FCFFF7A6FF00F028F8FFF7F0FE41
:103740006E210A20FFF732FFFEF756F900F062F80B
:1037500015E0002411E00A4800EB840090ED000A17
:1037600010EE101A084600F07DFF41EC180B53ECE8
:10377000182B04A0FDF758F8641CFF2CEBDDE8E7DC
:103780004018002025660D0A0000000000202FE0F0
:10379000194931F8101000EE901AF8EE600A9FED0A
:1037A000171A60EE810A9FED161AC0EE811A1549AC
:1037B00001EB8001C1ED001A124901EB8001D1ED4E
:1037C000000A114901EB800191ED001A60EE810AB7
:1037D000B0EE600A0D4A02EBC00181ED000ADFED98
:1037E0000C0A4100491C02EB8101C1ED000A401C9A
:1037F000B0F5007FCCDB70474024002033335340CA
:1038000000008045401C00204000002040080020AF
:103810000000000010B52DED068BB24890ED000AB7
:10382000B148D0ED000A30EE600AF0EE408AAD48B3
:1038300090ED000AAC48D0ED000A80EE201AB0EE00
:10384000418A9FEDAA0AB4EEC08AF1EE10FA69DB54
:10385000A7480068A7490968884231DDA448006884
:1038600000F08AFB41EC1A0B9FEDA30B53EC102BDD
:1038700000F0A6FB41EC190B002201211046B0EE2E
:10388000490AF0EE690AFEF749F99A48006800F023
:1038900073FB41EC1A0B9FED980B53EC102B00F0CF
:1038A0008FFB41EC190B002211461046B0EE490A7D
:1038B000F0EE690AFEF7BCF80120914908600EE1BC
:1038C0008C48006800F058FB41EC1A0B9FED8A0B06
:1038D00053EC102B00F074FB41EC190B0022114645
:1038E0001046B0EE490AF0EE690AFEF717F9804873
:1038F000006800F041FB41EC1A0B9FED7F0B53EC8D
:10390000102B00F05DFB41EC190B00220121104649
:10391000B0EE490AF0EE690AFEF78AF8022078490B
:103920000860DCE06F4890ED000ADFED760AB4EE47
:10393000E00AF1EE10FA69DB6D4800686D4909682C
:10394000884231DD6A48006800F016FB41EC1A0B32
:103950009FED690B53EC102B00F032FB41EC190B7F
:10396000002201211046B0EE490AF0EE690AFEF786
:10397000D5F86048006800F0FFFA41EC1A0B9FEDA3
:103980005E0B53EC102B00F01BFB41EC190B0022DB
:1039900001211046B0EE490AF0EE690AFEF748F838
:1039A0000320574908609AE05248006800F0E4FAA2
:1039B00041EC1A0B9FED500B53EC102B00F000FB69
:1039C00041EC190B002201211046B0EE490AF0EE3D
:1039D000690AFEF7A3F84648006800F0CDFA41EC0A
:1039E0001A0B9FED450B53EC102B00F0E9FA41EC5C
:1039F000190B002201211046B0EE490AF0EE690AC7
:103A0000FEF716F804203E49086068E03848006870
:103A100038490968884231DD3548006800F0ACFA61
:103A200041EC1A0B9FED340B53EC102B00F0C8FA4D
:103A300041EC190B002211461046B0EE490AF0EE97
:103A4000690AFEF76BF82B48006800F095FA41EC24
:103A50001A0B9FED290B53EC102B00F0B1FA41EC3F
:103A6000190B002211461046B0EE490AF0EE690A21
:103A7000FDF7DEFF05202249086030E01D480068A0
:103A800000F07AFA41EC1A0B9FED1B0B53EC102B54
:103A900000F096FA41EC190B002211461046B0EEE8
:103AA000490AF0EE690AFEF739F81148006800F09B
:103AB00063FA41EC1A0B9FED100B53EC102B00F046
:103AC0007FFA41EC190B002211461046B0EE490A6C
:103AD000F0EE690AFDF7ACFF062009490860BDEC6D
:103AE000068B10BD20000020240000209A99993FE9
:103AF000180000201C0000200000000000408F4043
:103B000028000020CDCCCC3E10B500290AD0087882
:103B1000002807D005487844FDF7E4FA002801D0D2
:103B2000002010BD0248784410BD000086600300EC
:103B30007E6003002DE9C04130B4DFF864C33CEA85
:103B4000111418BF3CEA131400F04B8181EA0305FD
:103B50001CEA111444EAD57418BF1CEA131500F0CE
:103B60001D81A4EB05044FF0004545EAC12145EA5B
:103B7000C32341EA505143EA525304F17F749942FE
:103B800004F500344FEAC0204FEAC22208BF904239
:103B900000F0D0804FEA13650FF20426765D4FEAFD
:103BA000134506FB05F7C7F1807706FB07F74FEAD9
:103BB000D737A7FB03687642C8F58038A7FB06CE47
:103BC00038BFA8F1010807FB08E64FF0000EA6FB7E
:103BD000028CE6FB03CEDCF1000CCEF1004E38BFC8
:103BE000AEF1010EA6FB0C584FF000074FF0000598
:103BF000E6FB0E87A1FB08C6A0FB07CE16EB0E0660
:103C000045F10005E1FB076515F1E04E7EBFA4F527
:103C100080345FEA46066D4116F18007F1EE10CA66
:103C200045F100054FEA172747EA05671CF4400FE6
:103C30004FEA152536D14FEA4666A6F15E46B6F143
:103C4000085F2FD9B4F1FE6F2CD8384624F0010C50
:103C500005EBC471BCF1FE6F01EB0C11DFF844C23F
:103C600002D8F0BCBDE8004140F2068424425CBFAB
:103C700001F5801E9EEAC47F02D4F0BCBDE800417D
:103C800040F1FA83244277D4DFF81CC256EA080ECA
:103C9000A1F1C04118BF4CF0804CF0BCBDE8004120
:103CA00000F0EABB4FEAD22242EA43524FEAD32362
:103CB000A7FB02864FEAD02040EA415007FB03668B
:103CC0001EEA0E0F4FEAD12105FB026658BFA6EB94
:103CD0000056B6EB00564FEA520E4EEAC37E18EB82
:103CE0000E0E56EB530E05D518EB02085E417F1CF5
:103CF00055F1000556EA080E24D01CF4400FA4D05C
:103D000014F0010F18BF4FEA4C0C1CF4000F08D040
:103D100036429AD4B8EB02089E417F1E75F1000529
:103D200093E7364291D518EB02085E417F1C55F1AE
:103D300000058AE74FF480154FF000074FF00006AA
:103D40004FF0000824F0010C384605EBC471BCF1BB
:103D5000FE6F01EB0C1102D8F0BCBDE800811CEA3B
:103D60000C0F5CBF01F5801E9EEAC47F02D4F0BC3C
:103D7000BDE80081244287D556EA080C01F1C04114
:103D80001CBF06F0004C4CF0804C4CF0005CF0BCCA
:103D90004CF0140CBDE8004100F0B1BA50EA410EFD
:103DA0000CEA13150BD052EA430E13D000F069FA57
:103DB000641B86EA4606240444EAD674D3E652EA33
:103DC000430E00F02680F0BC81EA030101F00041BF
:103DD000BDE80081F0BCBDE80041DFF8D0C000F0D4
:103DE0004BBBF0BCBDE8004170B500F0C9F900BFA5
:103DF000097EFC3E1400000400F007B881EA0301CC
:103E00004FF0000001F00041704781EA030100F02B
:103E100070BAF0BCBDE800415FF828C000F02CBBD0
:103E2000FFFDFBF9F7F5F4F2F0EEEDEBE9E8E6E47F
:103E3000E3E1E0DEDDDBDAD8D7D5D4D3D1D0CFCD06
:103E4000CCCBCAC8C7C6C5C4C2C1C0BFBEBDBCBB3F
:103E5000BAB9B8B7B6B5B4B3B2B1B0AFAEADACAB3A
:103E6000AAA9A8A8A7A6A5A4A3A3A2A1A09F9F9E14
:103E70009D9C9C9B9A9999989797969595949393C6
:103E8000929191908F8F8E8E8D8C8C8B8B8A89895D
:103E900088888787868585848483838282818180E0
:103EA0000000FF0714000040140000101400000878
:103EB0004FEA410380B54FEA5353A3F58063D3F132
:103EC0001E03C8BFD3F1210C1FDD4FF0004242EAB0
:103ED000C12242EA505232FA03FC62FA03F787EA3F
:103EE0000C0757EAC0270BD032FA03FC8CEAE17CBE
:103EF000ACEBE170BDE88040DFF874C000F0BCBA04
:103F00008CEAE17CACEBE17080BD50EA410C00D161
:103F100080BD102B07DD4FF00000BDE88040DFF8CA
:103F200050C000F0A9BA03F5787CBCF1FF3F14D073
:103F3000002B02BF7FEA210C5FEA013C5FEA505C84
:103F400005D100284FF00040D4D100D180BDBDE89C
:103F50008040DFF820C000F08FBABDE8804070B527
:103F600000F00EF9000000BFC800030480B5DFE7D1
:103F7000C8000240C800020410F0004248BF40429E
:103F8000B0FA80F310FA03F10AD0C3F11D0303F570
:103F900080634FEA415002EB035202EBD12170479C
:103FA0004FF000007047B1FA81F201FA02F1C2F15C
:103FB0001D024FEA415003EB025303EBD12170473E
:103FC000DFF8B4C170B51CEA111E1EBF1CEA131540
:103FD0009EEA0C0F95EA0C0F00F0948081EA03042E
:103FE00021EA4C114EEAD47E23EA4C13AE4441F44C
:103FF000801143F48013A1FB024CA0FB0365AEF1DA
:104000007F7E361955EB0C05A1FB034C4CF10003E8
:10401000A0FB021C16EB0C06654153F1000309429C
:1040200018BF46F0010613F4007F0BD14FEA0331AD
:104030004FEA0530340341EA155140EA16506FF05B
:1040400003020AE04FEAC3214FEAC520F40241EA25
:10405000555140EA56506FF00202264602EB2E42BE
:1040600001EB025585EACE7127D0F1EE10CA054664
:104070001CF4400C14D15FEA440C18BF24F0004437
:1040800050F1000041F1000120EAD47040F2FD7CC3
:10409000624517D2BDE87040DFF8E0C000F0ECB92F
:1040A0005FEACE7454BF1CF4000F1CF4800F08BFED
:1040B00010F1010041F10001E8E740F2FE7C6245A9
:1040C00004D270BD08BF11F4801FE3D0A84214BF12
:1040D0004FF080444FF04044002E08BF0024BEF152
:1040E000806FD8BF01F1C041A8BFA1F1C04144F029
:1040F000130CA8BF4CF0805CBDE8704040F3FF801B
:1041000000F0BAB99EEA0C0F0CEA131518BF95EA35
:104110000C0F19D091EA030F48BF4EF0010E50EA80
:10412000410418BF52EA430409D000F0AAF8641908
:1041300086EA46064FEA044E4EEAD67E5BE74FEA31
:10414000CE714FF0000070BD00F01AF88900013EFA
:104150001300000400F005B800F007B852EA430C61
:1041600006D081EA030100F0C4B850EA410CF8D14E
:104170005FF824C000F080B90000FF071300004082
:104180000EF1020E2EF0030E01285EF8086B41EBD3
:10419000010414F5001418BFB4F5801F23D3364270
:1041A00008D4012A43EB030515F5001518BFB5F532
:1041B000801F18D301EB010C1CF5801F16D236426C
:1041C00004D403EB030C1CF5801F0FD2002C10D17C
:1041D0004FEAD17C002D0CEB4C0C0CF1020C08BF0B
:1041E0004CEBD37C07E04FF0090C04E04FF0080CD7
:1041F00001E04FEAD37C0CEB4C0526FA05F606F0FD
:104200000706B6F1040C06D20EEB860CBDE8704032
:104210004CF0010C6047DFE80CF0222413025EF83A
:1042200004CC1B2D08D1002C88BFB4F5801F34BFEF
:104230004CF4804C4CF4004CBDE8704000F01CB9CC
:10424000002C88BFB4F5001F24BF1946104670BD6E
:104250004FF000004FF00041A1F5002170BD19465C
:104260001046012851EB010418BFD4F5001484BF97
:104270005EF804CC2CF0806CBDE8704000F2DC806D
:10428000704780B54FF003065C004FEA03334FEAF6
:104290003606640D4FEA133318BF43F480131CD164
:1042A00053EA125E04F1010402BF13460022203CCF
:1042B0001B4202BF130B1205143CB3FA83FEAEF18E
:1042C0000B0ECEF1200C03FA0EF322FA0CFC02FACC
:1042D0000EF2A4EB0E0443EA0C030FB416F0010F28
:1042E0000CBC03BC18BF2546CED180BD80B50126CD
:1042F000F3E70808A0F500114FEA31017047F1EE2D
:10430000103A13F0807F1EBF01F00041002070477B
:1043100013F4006F40F0AA80094248BF4CF4803C7F
:104320004FF4C0634FEA115203F1010321EA025135
:1043300022F400629A1A48BF6FF0FE0241F4801125
:10434000352A3CD830D0152A1ED3203A0CD9002863
:10435000C2F1200321FA02F001FA03F218BF42F081
:1043600001024FF0000130E0C2F1000302F120022F
:1043700001FA03F120FA02F241EA020100FA03F223
:1043800008464FF0000120E0C2F1200310B400FA0B
:1043900003F401FA03F320FA02F021FA02F12246B3
:1043A00010BC43EA000010E050EA01324FF0000078
:1043B0004FF000014FF0004218BF521C05E04FF0D3
:1043C00001024FF000014FF000001CF4803F2CF47C
:1043D000803C18BF41F0004112421ED0F1EE103A6D
:1043E00013F4400F20D1520003D30CD0401C41F1F4
:1043F0000001F1EE103A4CF0804C43F00803E1EE7E
:10440000103A00F039B85FEAAC72EFD4F1D1401C39
:1044100041F1000120F00100EBE71CF0804F08BFE4
:1044200070472CF0004CE4E7094254BF13F4000F2E
:1044300013F4800FDDD1D9E7F1EE103A13F0807F4D
:104440001EBF01F000410020704713F4006F08BF49
:1044500070472DE9F050FFF749FF04F5C064A4F15F
:104460000104314301EB0451BDE8F0504CF0005C15
:104470004CF0800C00F0BBBA1CF0700F08BF0A466D
:104480000FB4F1EE101A0CF0405030EA814318BF1F
:104490004CF0804C4FEA4C0310EA814F4FEAD36353
:1044A00023EA112318BF23F0100341EA030101F0AE
:1044B000E073E1EE101A4CEA030C0CF00F030A2B28
:1044C0001DBF082B0CF070034CEAC30C4FF40033F3
:1044D00004BF33EA0C034CF4400C1CF0005F14D111
:1044E0001CF0805F0BD11CF0804F31D11CF0006FAD
:1044F00012D111F4807F0FBC62D000F078BA11F4B1
:10450000806F0FBC2BD000F072BA11F4006F0FBC9B
:1045100008BF704700F06BBA11F4007F0FBC40F089
:1045200066821CF0400F1EBF4FF0004040F00100BB
:1045300070471CF0100F14BF81EA030242400CF0D8
:104540000F000A2808BF4FF0FF324FF0000326E0AB
:1045500011F4805F0FBC08BF704700F048BAF1EE5D
:10456000103A2CF0805C1CF0800F14BF01F0004268
:1045700000F0004212420CBF12EA336F12EAF35FFE
:104580000DD31CF0100F1DBF30A003C811433148DC
:1045900008BF104313F4805F40F0298270471CF07D
:1045A000100F02F000421DBF0FF2940003C8114328
:1045B000254808BF104313F4805F40F0188270470D
:1045C0001CF0400F40F028801CF4404F1BD01CF41E
:1045D000004F1CBF194610460CF4807218BF8CEABD
:1045E000520C1CF0800F0CBF40F4800041F40021FD
:1045F0008CEADC0313F0100F1CBF2CF00F0C4CF0F6
:10460000080C00F09BB91CF0100F1ABF12A393E81E
:104610000300134800F092B91CF0800F14BF01F0A2
:10462000004200F000421CF0100F1BBF0AA393E8E9
:1046300003000B48114308BF104300F07FB900BFCF
:10464000000000000000F07F0000807FFFFFFFFF00
:10465000FFFFEF7FFFFF7F7F000000000000F87F7B
:104660000000C07F43004FEAD30C4FEA3C0C4340AC
:104670001FBF40070CF1605113F0FE4F70471CF054
:10468000006F14D133F0004004BF1946704783EA2D
:10469000830383EA430303F0070343EACC010CF0EE
:1046A000004303F15A5303F54013FFF77CBC0CF0B1
:1046B000004343EA507010B540EACC0000F00FF818
:1046C000000000BA180000044FEA0001FFF711BE15
:1046D0004FEAE0024FEA407042F0E04170470EF1CD
:1046E000020E2EF0030E4FEA40025EF8084B12F164
:1046F000807218BFB2F5000F22D3244207D44FEACC
:10470000410313F1807318BFB3F5000F18D34FEABC
:10471000400C1CF5000F16D2244204D44FEA410C81
:104720001CF5000F0FD2002A10D14FEAD07C002BCD
:104730000CEB4C0C0CF1020C08BF4CEBD17C07E0ED
:104740004FF0090C04E04FF0080C01E04FEAD17C77
:104750000CEB4C0324FA03F404F00704B4F1040C4A
:1047600006D20EEB840CBDE810404CF0010C604703
:10477000DFE80CF01F2013025EF804CC1B2B08D1DD
:10478000002A88BFB2F5000F34BF4CF4804C4CF4C3
:10479000004CBDE81040FFF76FBE002A88BFB2F1A1
:1047A000807F28BF084610BD4FF00040A0F5800074
:1047B00010BD0846420018BFD2F1807284BF5EF877
:1047C000042C22F08062BDE8104000F28580704722
:1047D0004FF00000E1EE100A7047F1EE101A11F0F0
:1047E000807F1CBF00F00040704711F4006F40F064
:1047F0008E8000F0004343EAD05323F48073C3F16A
:10480000C10323F00041172941D8C3F1200310FA56
:1048100003F1C3F1200320F07F4040F4000020FAB0
:1048200003F003F0004340EA030019D00B46F1EE19
:10483000101A41F00801E1EE101A11F4400F1CD1DA
:10484000590009D318BF401C06D17FEAE27398BF14
:10485000401C38BF20F0010042F0804CFFF70CBE36
:1048600012F0804F08BF7047F1EE101A944641F0E5
:104870000801E1EE101AFFF7FFBD10F0004F14BF62
:104880005FEAF1535FEA316338BF401CE4E718295F
:1048900003EB912318BF6FF000410131F1EE101AC4
:1048A00041F00801E1EE101A11F4400F18BF03F0B7
:1048B0000040E2D168BF03F0004009D6400203F097
:1048C000004000F1010004BF12F0004F20F0010091
:1048D0004FF0804CFFF7D0BDF1EE101A11F0807F41
:1048E0001CBF00F00040704711F4006F08BF704714
:1048F00000F0004120F00040B0FA80F3A3F108037B
:1049000041F0C04100FA03F0A1EBC351084442F06A
:10491000005C00F06CB80000064A21EA020120EABF
:104920000202F1EE100A20EA020282EA0102E1EE3E
:10493000102A704760603FF6FCF728B90CF00F03AF
:10494000092B08BF082000F064800A2B32D0082B06
:1049500018BF704708BF1CF0400F31D01CF4803FD7
:1049600023D11CF0200F11D11CF0100F0BBF0246F9
:104970000A466FF000406FF0004118BF4FF0FF3063
:1049800012F0004F1CBFC043C94370471CF0100F0A
:104990000CBF02460A4612F0004F4FF0FF304FF0B6
:1049A000FF311CBFC043C94370474FF000004FF0B8
:1049B000000170471CF0400F18BF4FF000407047D7
:1049C0001CF0100F08D020F0704300F07F4242EA44
:1049D000D3014FEA4370704700F0604021F07F42FE
:1049E00042EA000201F07F4040EA727070472DE910
:1049F00000502DE90050FCF753FBBDE80050BDE826
:104A000000500CF00F0393F0090F18BF7047AFF37D
:104A100000801CF4801F24D01CF4E02F09D010F07B
:104A2000080F02D1D0F1020070476FEACC31490083
:104A300070474FF0604111EA407028BF40F040508D
:104A4000F1EE103A23F0704343EA0003E1EE103A2E
:104A5000EFF3008222F0704242EA000282F3008803
:104A600070471CEA004018BF012070470004000294
:104A7000000600010005000300078000800480029A
:104A800080068001800580038007400040044002CA
:104A900040064001400540034007C000C004C0027A
:104AA000C006C001C005C003C007200020042002CA
:104AB00020062001200520032007A000A004A0025A
:104AC000A006A001A005A003A0076000600460028A
:104AD00060066001600560036007E000E004E0023A
:104AE000E006E001E005E003E0071000100410021A
:104AF000100610011005100310079000900490029A
:104B000090069001900590039007500050045002C9
:104B100050065001500550035007D000D004D00279
:104B2000D006D001D005D003D007300030043002C9
:104B300030063001300530033007B000B004B00259
:104B4000B006B001B005B003B00770007004700289
:104B500070067001700570037007F000F004F00239
:104B6000F006F001F005F003F00708000804080261
:104B70000806080108050803080788008804880259
:104B80008806880188058803880748004804480289
:104B900048064801480548034807C800C804C80239
:104BA000C806C801C805C803C80728002804280289
:104BB00028062801280528032807A800A804A80219
:104BC000A806A801A805A803A80768006804680249
:104BD00068066801680568036807E800E804E802F9
:104BE000E806E801E805E803E807180018041802D9
:104BF0001806180118051803180798009804980259
:104C00009806980198059803980758005804580288
:104C100058065801580558035807D800D804D80238
:104C2000D806D801D805D803D80738003804380288
:104C300038063801380538033807B800B804B80218
:104C4000B806B801B805B803B80778007804780248
:104C500078067801780578037807F800F804F802F8
:104C6000F806F801F805F803F80704000404040244
:104C70000406040104050403040784008404840278
:104C800084068401840584038407440044044402A8
:104C900044064401440544034407C400C404C40258
:104CA000C406C401C405C403C407240024042402A8
:104CB00024062401240524032407A400A404A40238
:104CC000A406A401A405A403A40764006404640268
:104CD00064066401640564036407E400E404E40218
:104CE000E406E401E405E403E407140014041402F8
:104CF0001406140114051403140794009404940278
:104D000094069401940594039407540054045402A7
:104D100054065401540554035407D400D404D40257
:104D2000D406D401D405D403D407340034043402A7
:104D300034063401340534033407B400B404B40237
:104D4000B406B401B405B403B40774007404740267
:104D500074067401740574037407F400F404F40217
:104D6000F406F401F405F403F4070C000C040C023F
:104D70000C060C010C050C030C078C008C048C0237
:104D80008C068C018C058C038C074C004C044C0267
:104D90004C064C014C054C034C07CC00CC04CC0217
:104DA000CC06CC01CC05CC03CC072C002C042C0267
:104DB0002C062C012C052C032C07AC00AC04AC02F7
:104DC000AC06AC01AC05AC03AC076C006C046C0227
:104DD0006C066C016C056C036C07EC00EC04EC02D7
:104DE000EC06EC01EC05EC03EC071C001C041C02B7
:104DF0001C061C011C051C031C079C009C049C0237
:104E00009C069C019C059C039C075C005C045C0266
:104E10005C065C015C055C035C07DC00DC04DC0216
:104E2000DC06DC01DC05DC03DC073C003C043C0266
:104E30003C063C013C053C033C07BC00BC04BC02F6
:104E4000BC06BC01BC05BC03BC077C007C047C0226
:104E50007C067C017C057C037C07FC00FC04FC02D6
:104E6000FC06FC01FC05FC03FC0702000204020234
:104E70000206020102050203020782008204820286
:104E800082068201820582038207420042044202B6
:104E900042064201420542034207C200C204C20266
:104EA000C206C201C205C203C207220022042202B6
:104EB00022062201220522032207A200A204A20246
:104EC000A206A201A205A203A20762006204620276
:104ED00062066201620562036207E200E204E20226
:104EE000E206E201E205E203E20712001204120206
:104EF0001206120112051203120792009204920286
:104F000092069201920592039207520052045202B5
:104F100052065201520552035207D200D204D20265
:104F2000D206D201D205D203D207320032043202B5
:104F300032063201320532033207B200B204B20245
:104F4000B206B201B205B203B20772007204720275
:104F500072067201720572037207F200F204F20225
:104F6000F206F201F205F203F2070A000A040A024D
:104F70000A060A010A050A030A078A008A048A0245
:104F80008A068A018A058A038A074A004A044A0275
:104F90004A064A014A054A034A07CA00CA04CA0225
:104FA000CA06CA01CA05CA03CA072A002A042A0275
:104FB0002A062A012A052A032A07AA00AA04AA0205
:104FC000AA06AA01AA05AA03AA076A006A046A0235
:104FD0006A066A016A056A036A07EA00EA04EA02E5
:104FE000EA06EA01EA05EA03EA071A001A041A02C5
:104FF0001A061A011A051A031A079A009A049A0245
:105000009A069A019A059A039A075A005A045A0274
:105010005A065A015A055A035A07DA00DA04DA0224
:10502000DA06DA01DA05DA03DA073A003A043A0274
:105030003A063A013A053A033A07BA00BA04BA0204
:10504000BA06BA01BA05BA03BA077A007A047A0234
:105050007A067A017A057A037A07FA00FA04FA02E4
:10506000FA06FA01FA05FA03FA0706000604060230
:105070000606060106050603060786008604860264
:105080008606860186058603860746004604460294
:1050900046064601460546034607C600C604C60244
:1050A000C606C601C605C603C60726002604260294
:1050B00026062601260526032607A600A604A60224
:1050C000A606A601A605A603A60766006604660254
:1050D00066066601660566036607E600E604E60204
:1050E000E606E601E605E603E607160016041602E4
:1050F0001606160116051603160796009604960264
:105100009606960196059603960756005604560293
:1051100056065601560556035607D600D604D60243
:10512000D606D601D605D603D60736003604360293
:1051300036063601360536033607B600B604B60223
:10514000B606B601B605B603B60776007604760253
:1051500076067601760576037607F600F604F60203
:10516000F606F601F605F603F6070E000E040E022B
:105170000E060E010E050E030E078E008E048E0223
:105180008E068E018E058E038E074E004E044E0253
:105190004E064E014E054E034E07CE00CE04CE0203
:1051A000CE06CE01CE05CE03CE072E002E042E0253
:1051B0002E062E012E052E032E07AE00AE04AE02E3
:1051C000AE06AE01AE05AE03AE076E006E046E0213
:1051D0006E066E016E056E036E07EE00EE04EE02C3
:1051E000EE06EE01EE05EE03EE071E001E041E02A3
:1051F0001E061E011E051E031E079E009E049E0223
:105200009E069E019E059E039E075E005E045E0252
:105210005E065E015E055E035E07DE00DE04DE0202
:10522000DE06DE01DE05DE03DE073E003E043E0252
:105230003E063E013E053E033E07BE00BE04BE02E2
:10524000BE06BE01BE05BE03BE077E007E047E0212
:105250007E067E017E057E037E07FE00FE04FE02C2
:10526000FE06FE01FE05FE03FE0701000000803F72
:10527000000000005E836C3F15EFC33EF304353F32
:10528000F304353F15EFC33E5E836C3F0000000022
:105290000000803F15EFC3BE5E836C3FF30435BF53
:1052A000F304353F5E836CBF15EFC33E000080BF43
:1052B000000000005E836CBF15EFC3BEF30435BF72
:1052C000F30435BF15EFC3BE5E836CBF00000080E2
:1052D000000080BF15EFC33E5E836CBFF304353F13
:1052E000F30435BF5E836C3F15EFC3BE0000803F03
:1052F00000000000BE147B3FC2C5473E5E836C3F8A
:1053000015EFC33E31DB543FDA390E3FF304353F2E
:10531000F304353FDA390E3F31DB543F15EFC33E1E
:105320005E836C3FC2C5473EBE147B3F0000000059
:105330000000803FC2C547BEBE147B3F15EFC3BE11
:105340005E836C3FDA390EBF31DB543FF30435BF67
:10535000F304353F31DB54BFDA390E3F5E836CBF57
:1053600015EFC33EBE147BBFC2C5473E000080BFE1
:1053700000000000BE147BBFC2C547BE5E836CBF89
:1053800015EFC3BE31DB54BFDA390EBFF30435BFAE
:10539000F30435BFDA390EBF31DB54BF15EFC3BE9E
:1053A0005E836CBFC2C547BEBE147BBF00000080D9
:1053B000000080BFC2C5473EBE147BBF15EFC33E91
:1053C0005E836CBFDA390E3F31DB54BFF304353FE7
:1053D000F30435BF31DB543FDA390EBF5E836C3FD7
:1053E00015EFC3BEBE147B3FC2C547BE0000803F61
:1053F000000000006DC47E3F36BDC83DBE147B3F3B
:10540000C2C5473E0BFA743F31A0943E5E836C3FA9
:1054100015EFC33E98C5613FEA5AF13E31DB543F78
:10542000DA390E3F03E4453F9967223FF304353FE5
:10543000F304353F9967223F03E4453FDA390E3FD5
:1054400031DB543FEA5AF13E98C5613F15EFC33E48
:105450005E836C3F31A0943E0BFA743FC2C5473E59
:10546000BE147B3F36BDC83D6DC47E3F00000000CA
:105470000000803F36BDC8BD6DC47E3FC2C547BE7B
:10548000BE147B3F31A094BE0BFA743F15EFC3BE30
:105490005E836C3FEA5AF1BE98C5613FDA390EBFB0
:1054A00031DB543F996722BF03E4453FF30435BF26
:1054B000F304353F03E445BF9967223F31DB54BF16
:1054C000DA390E3F98C561BFEA5AF13E5E836CBF80
:1054D00015EFC33E0BFA74BF31A0943EBE147BBFE0
:1054E000C2C5473E6DC47EBF36BDC83D000080BF0B
:1054F000000000006DC47EBF36BDC8BDBE147BBFBA
:10550000C2C547BE0BFA74BF31A094BE5E836CBFA8
:1055100015EFC3BE98C561BFEA5AF1BE31DB54BF77
:10552000DA390EBF03E445BF996722BFF30435BFE4
:10553000F30435BF996722BF03E445BFDA390EBFD4
:1055400031DB54BFEA5AF1BE98C561BF15EFC3BE47
:105550005E836CBF31A094BE0BFA74BFC2C547BE58
:10556000BE147BBF36BDC8BD6DC47EBF00000080C9
:10557000000080BF36BDC83D6DC47EBFC2C5473E7A
:10558000BE147BBF31A0943E0BFA74BF15EFC33E2F
:105590005E836CBFEA5AF13E98C561BFDA390E3FAF
:1055A00031DB54BF9967223F03E445BFF304353F25
:1055B000F30435BF03E4453F996722BF31DB543F15
:1055C000DA390EBF98C5613FEA5AF1BE5E836C3F7F
:1055D00015EFC3BE0BFA743F31A094BEBE147B3FDF
:1055E000C2C547BE6DC47E3F36BDC8BD0000803F0A
:1055F000000000000FB17F3F2FFB483D6DC47E3F90
:1056000036BDC83DAC3A7D3F8340163EBE147B3F5D
:10561000C2C5473EF853783FCCCF783E0BFA743F73
:1056200031A0943E0809713FD47CAC3E5E836C3F50
:1056300015EFC33ED86B673F80E8DA3E98C5613FFF
:10564000EA5AF13E1A945B3F3D9C033F31DB543FE5
:10565000DA390E3F029F4D3FC07F183F03E4453FBC
:105660009967223FF9AE3D3F4AEB2B3FF304353FAC
:10567000F304353F4AEB2B3FF9AE3D3F9967223F9C
:1056800003E4453FC07F183F029F4D3FDA390E3F8C
:1056900031DB543F3D9C033F1A945B3FEA5AF13E95
:1056A00098C5613F80E8DA3ED86B673F15EFC33E8F
:1056B0005E836C3FD47CAC3E0809713F31A0943EC0
:1056C0000BFA743FCCCF783EF853783FC2C5473EC3
:1056D000BE147B3F8340163EAC3A7D3F36BDC83D8D
:1056E0006DC47E3F2FFB483D0FB17F3F000000009F
:1056F0000000803F2FFB48BD0FB17F3F36BDC8BDC6
:105700006DC47E3F834016BEAC3A7D3FC2C547BEE6
:10571000BE147B3FCCCF78BEF853783F31A094BE07
:105720000BFA743FD47CACBE0809713F15EFC3BEC1
:105730005E836C3F80E8DABED86B673FEA5AF1BE01
:1057400098C5613F3D9C03BF1A945B3FDA390EBF99
:1057500031DB543FC07F18BF029F4D3F996722BF86
:1057600003E4453F4AEB2BBFF9AE3D3FF30435BFA1
:10577000F304353FF9AE3DBF4AEB2B3F03E445BF91
:105780009967223F029F4DBFC07F183F31DB54BF56
:10579000DA390E3F1A945BBF3D9C033F98C561BF49
:1057A000EA5AF13ED86B67BF80E8DA3E5E836CBF91
:1057B00015EFC33E080971BFD47CAC3E0BFA74BF31
:1057C00031A0943EF85378BFCCCF783EBE147BBF57
:1057D000C2C5473EAC3A7DBF8340163E6DC47EBF16
:1057E00036BDC83D0FB17FBF2FFB483D000080BFD5
:1057F000000000000FB17FBF2FFB48BD6DC47EBF0E
:1058000036BDC8BDAC3A7DBF834016BEBE147BBF5B
:10581000C2C547BEF85378BFCCCF78BE0BFA74BF71
:1058200031A094BE080971BFD47CACBE5E836CBF4E
:1058300015EFC3BED86B67BF80E8DABE98C561BFFD
:10584000EA5AF1BE1A945BBF3D9C03BF31DB54BFE3
:10585000DA390EBF029F4DBFC07F18BF03E445BFBA
:10586000996722BFF9AE3DBF4AEB2BBFF30435BFAA
:10587000F30435BF4AEB2BBFF9AE3DBF996722BF9A
:1058800003E445BFC07F18BF029F4DBFDA390EBF8A
:1058900031DB54BF3D9C03BF1A945BBFEA5AF1BE93
:1058A00098C561BF80E8DABED86B67BF15EFC3BE8D
:1058B0005E836CBFD47CACBE080971BF31A094BEBE
:1058C0000BFA74BFCCCF78BEF85378BFC2C547BEC1
:1058D000BE147BBF834016BEAC3A7DBF36BDC8BD8B
:1058E0006DC47EBF2FFB48BD0FB17FBF000000809D
:1058F000000080BF2FFB483D0FB17FBF36BDC83DC4
:105900006DC47EBF8340163EAC3A7DBFC2C5473EE4
:10591000BE147BBFCCCF783EF85378BF31A0943E05
:105920000BFA74BFD47CAC3E080971BF15EFC33EBF
:105930005E836CBF80E8DA3ED86B67BFEA5AF13EFF
:1059400098C561BF3D9C033F1A945BBFDA390E3F97
:1059500031DB54BFC07F183F029F4DBF9967223F84
:1059600003E445BF4AEB2B3FF9AE3DBFF304353F9F
:10597000F30435BFF9AE3D3F4AEB2BBF03E4453F8F
:10598000996722BF029F4D3FC07F18BF31DB543F54
:10599000DA390EBF1A945B3F3D9C03BF98C5613F47
:1059A000EA5AF1BED86B673F80E8DABE5E836C3F8F
:1059B00015EFC3BE0809713FD47CACBE0BFA743F2F
:1059C00031A094BEF853783FCCCF78BEBE147B3F55
:1059D000C2C547BEAC3A7D3F834016BE6DC47E3F14
:1059E00036BDC8BD0FB17F3F2FFB48BD0000803FD3
:1059F0000000000043EC7F3FB00AC93C0FB17F3F7D
:105A00002FFB483D6D4E7F3F05A9963D6DC47E3FFF
:105A100036BDC83D24137E3F73B2FA3DAC3A7D3F9C
:105A20008340163E283B7C3FA2102F3EBE147B3F96
:105A3000C2C5473E9DC7793F135C603EF853783F2F
:105A4000CCCF783E07BA763F938E883E0BFA743FF0
:105A500031A0943E4714733FE59AA03E0809713F78
:105A6000D47CAC3E9ED86E3F2A44B83E5E836C3FE9
:105A700015EFC33EA7096A3FCA7BCF3ED86B673F8D
:105A800080E8DA3E59AA643F7533E63E98C5613F27
:105A9000EA5AF13E05BE5E3F275DFC3E1A945B3F2D
:105AA0003D9C033F5348583F9BF5083F31DB543F33
:105AB000DA390E3F3D4D513F2A68133F029F4D3F5B
:105AC000C07F183F12D1493FD17F1D3F03E4453FBE
:105AD0009967223F70D8413F5636273FF9AE3D3F88
:105AE0004AEB2B3F4268393FBB85303FF304353FDB
:105AF000F304353FBB85303F4268393F4AEB2B3FCB
:105B0000F9AE3D3F5636273F70D8413F9967223F57
:105B100003E4453FD17F1D3F12D1493FC07F183F6D
:105B2000029F4D3F2A68133F3D4D513FDA390E3FEA
:105B300031DB543F9BF5083F5348583F3D9C033FA2
:105B40001A945B3F275DFC3E05BE5E3FEA5AF13E7C
:105B500098C5613F7533E63E59AA643F80E8DA3E56
:105B6000D86B673FCA7BCF3EA7096A3F15EFC33E9C
:105B70005E836C3F2A44B83E9ED86E3FD47CAC3ED8
:105B80000809713FE59AA03E4714733F31A0943E47
:105B90000BFA743F938E883E07BA763FCCCF783E9F
:105BA000F853783F135C603E9DC7793FC2C5473EBE
:105BB000BE147B3FA2102F3E283B7C3F8340163E05
:105BC000AC3A7D3F73B2FA3D24137E3F36BDC83DEB
:105BD0006DC47E3F05A9963D6D4E7F3F2FFB483D2E
:105BE0000FB17F3FB00AC93C43EC7F3F000000008B
:105BF0000000803FB00AC9BC43EC7F3F2FFB48BD8B
:105C00000FB17F3F05A996BD6D4E7F3F36BDC8BD24
:105C10006DC47E3F73B2FABD24137E3F834016BE2F
:105C2000AC3A7D3FA2102FBE283B7C3FC2C547BE89
:105C3000BE147B3F135C60BE9DC7793FCCCF78BE5E
:105C4000F853783F938E88BE07BA763F31A094BE52
:105C50000BFA743FE59AA0BE4714733FD47CACBEE8
:105C60000809713F2A44B8BE9ED86E3F15EFC3BEE7
:105C70005E836C3FCA7BCFBEA7096A3F80E8DABE6D
:105C8000D86B673F7533E6BE59AA643FEA5AF1BE46
:105C900098C5613F275DFCBE05BE5E3F3D9C03BFCE
:105CA0001A945B3F9BF508BF5348583FDA390EBF43
:105CB00031DB543F2A6813BF3D4D513FC07F18BFB1
:105CC000029F4D3FD17F1DBF12D1493F996722BF2F
:105CD00003E4453F563627BF70D8413F4AEB2BBF00
:105CE000F9AE3D3FBB8530BF4268393FF30435BF55
:105CF000F304353F426839BFBB85303FF9AE3DBF45
:105D00004AEB2B3F70D841BF5636273F03E445BFCF
:105D10009967223F12D149BFD17F1D3F029F4DBFDE
:105D2000C07F183F3D4D51BF2A68133F31DB54BF40
:105D3000DA390E3F534858BF9BF5083F1A945BBFB2
:105D40003D9C033F05BE5EBF275DFC3E98C561BF1D
:105D5000EA5AF13E59AA64BF7533E63ED86B67BF75
:105D600080E8DA3EA7096ABFCA7BCF3E5E836CBF7C
:105D700015EFC33E9ED86EBF2A44B83E080971BFD6
:105D8000D47CAC3E471473BFE59AA03E0BFA74BFB7
:105D900031A0943E07BA76BF938E883EF85378BF01
:105DA000CCCF783E9DC779BF135C603EBE147BBFED
:105DB000C2C5473E283B7CBFA2102F3EAC3A7DBFF8
:105DC0008340163E24137EBF73B2FA3D6DC47EBF7E
:105DD00036BDC83D6D4E7FBF05A9963D0FB17FBF53
:105DE0002FFB483D43EC7FBFB00AC93C000080BF99
:105DF0000000000043EC7FBFB00AC9BC0FB17FBFF9
:105E00002FFB48BD6D4E7FBF05A996BD6DC47EBFFB
:105E100036BDC8BD24137EBF73B2FABDAC3A7DBF98
:105E2000834016BE283B7CBFA2102FBEBE147BBF92
:105E3000C2C547BE9DC779BF135C60BEF85378BF2B
:105E4000CCCF78BE07BA76BF938E88BE0BFA74BFEC
:105E500031A094BE471473BFE59AA0BE080971BF74
:105E6000D47CACBE9ED86EBF2A44B8BE5E836CBFE5
:105E700015EFC3BEA7096ABFCA7BCFBED86B67BF89
:105E800080E8DABE59AA64BF7533E6BE98C561BF23
:105E9000EA5AF1BE05BE5EBF275DFCBE1A945BBF29
:105EA0003D9C03BF534858BF9BF508BF31DB54BF2F
:105EB000DA390EBF3D4D51BF2A6813BF029F4DBF57
:105EC000C07F18BF12D149BFD17F1DBF03E445BFBA
:105ED000996722BF70D841BF563627BFF9AE3DBF84
:105EE0004AEB2BBF426839BFBB8530BFF30435BFD7
:105EF000F30435BFBB8530BF426839BF4AEB2BBFC7
:105F0000F9AE3DBF563627BF70D841BF996722BF53
:105F100003E445BFD17F1DBF12D149BFC07F18BF69
:105F2000029F4DBF2A6813BF3D4D51BFDA390EBFE6
:105F300031DB54BF9BF508BF534858BF3D9C03BF9E
:105F40001A945BBF275DFCBE05BE5EBFEA5AF1BE78
:105F500098C561BF7533E6BE59AA64BF80E8DABE52
:105F6000D86B67BFCA7BCFBEA7096ABF15EFC3BE98
:105F70005E836CBF2A44B8BE9ED86EBFD47CACBED4
:105F8000080971BFE59AA0BE471473BF31A094BE43
:105F90000BFA74BF938E88BE07BA76BFCCCF78BE9B
:105FA000F85378BF135C60BE9DC779BFC2C547BEBA
:105FB000BE147BBFA2102FBE283B7CBF834016BE01
:105FC000AC3A7DBF73B2FABD24137EBF36BDC8BDE7
:105FD0006DC47EBF05A996BD6D4E7FBF2FFB48BD2A
:105FE0000FB17FBFB00AC9BC43EC7FBF0000008087
:105FF000000080BFB00AC93C43EC7FBF2FFB483D87
:106000000FB17FBF05A9963D6D4E7FBF36BDC83D20
:106010006DC47EBF73B2FA3D24137EBF8340163E2B
:10602000AC3A7DBFA2102F3E283B7CBFC2C5473E85
:10603000BE147BBF135C603E9DC779BFCCCF783E5A
:10604000F85378BF938E883E07BA76BF31A0943E4E
:106050000BFA74BFE59AA03E471473BFD47CAC3EE4
:10606000080971BF2A44B83E9ED86EBF15EFC33EE3
:106070005E836CBFCA7BCF3EA7096ABF80E8DA3E69
:10608000D86B67BF7533E63E59AA64BFEA5AF13E42
:1060900098C561BF275DFC3E05BE5EBF3D9C033FCA
:1060A0001A945BBF9BF5083F534858BFDA390E3F3F
:1060B00031DB54BF2A68133F3D4D51BFC07F183FAD
:1060C000029F4DBFD17F1D3F12D149BF9967223F2B
:1060D00003E445BF5636273F70D841BF4AEB2B3FFC
:1060E000F9AE3DBFBB85303F426839BFF304353F51
:1060F000F30435BF4268393FBB8530BFF9AE3D3F41
:106100004AEB2BBF70D8413F563627BF03E4453FCB
:10611000996722BF12D1493FD17F1DBF029F4D3FDA
:10612000C07F18BF3D4D513F2A6813BF31DB543F3C
:10613000DA390EBF5348583F9BF508BF1A945B3FAE
:106140003D9C03BF05BE5E3F275DFCBE98C5613F19
:10615000EA5AF1BE59AA643F7533E6BED86B673F71
:1061600080E8DABEA7096A3FCA7BCFBE5E836C3F78
:1061700015EFC3BE9ED86E3F2A44B8BE0809713FD2
:10618000D47CACBE4714733FE59AA0BE0BFA743FB3
:1061900031A094BE07BA763F938E88BEF853783FFD
:1061A000CCCF78BE9DC7793F135C60BEBE147B3FE9
:1061B000C2C547BE283B7C3FA2102FBEAC3A7D3FF4
:1061C000834016BE24137E3F73B2FABD6DC47E3F7A
:1061D00036BDC8BD6D4E7F3F05A996BD0FB17F3F4F
:1061E0002FFB48BD43EC7F3FB00AC9BC0000803F95
:1061F0000000000011FB7F3F900E493C43EC7F3FC5
:10620000B00AC93C98D37F3F2CC3163D0FB17F3FE6
:106210002FFB483DAB847F3F742B7B3D6D4E7F3F12
:1062200005A9963D580E7F3F80B6AF3D6DC47E3FB9
:1062300036BDC83DB0707E3F2EBCE13D24137E3F8D
:1062400073B2FA3DCCAB7D3F86CF093EAC3A7D3F81
:106250008340163EC9BF7C3FB6AB223E283B7C3F05
:10626000A2102F3ECDAC7B3FCF6E3B3EBE147B3F9A
:10627000C2C5473E02737A3F0115543E9DC7793F20
:10628000135C603E9812793F7F9A6C3EF853783FDA
:10629000CCCF783EC58B773FC07D823E07BA763F34
:1062A000938E883EC6DE753F229A8E3E0BFA743F6F
:1062B00031A0943EDD0B743F86A09A3E4714733F95
:1062C000E59AA03E5213723F128FA63E0809713F15
:1062D000D47CAC3E73F56F3FEF63B23E9ED86E3F09
:1062E0002A44B83E93B26D3F4A1DBE3E5E836C3F6A
:1062F00015EFC33E0C4B6B3F53B9C93EA7096A3F2C
:10630000CA7BCF3E3CBF683F4136D53ED86B673F26
:1063100080E8DA3E880F663F4F92E03E59AA643F1C
:106320007533E63E5A3C633FBBCBEB3E98C5613FBD
:10633000EA5AF13E2146603FCBE0F63E05BE5E3FA5
:10634000275DFC3E532D5D3FE4E7003F1A945B3F21
:106350003D9C033F6AF2593F824B063F5348583FEA
:106360009BF5083FE595563F6B9A0B3F31DB543F59
:10637000DA390E3F4918533FCDD3103F3D4D513FC1
:106380002A68133F1F7A4F3FD9F6153F029F4D3FB2
:10639000C07F183FF8BB4B3FC6021B3F12D1493F9D
:1063A000D17F1D3F65DE473FCBF61F3F03E4453FEE
:1063B0009967223F00E2433F25D2243F70D8413FF6
:1063C0005636273F67C73F3F1594293FF9AE3D3FFB
:1063D0004AEB2B3F3B8F3B3FDE3B2E3F4268393F32
:1063E000BB85303F233A373FC9C8323FF304353FBE
:1063F000F304353FC9C8323F233A373FBB85303FAE
:106400004268393FDE3B2E3F3B8F3B3F4AEB2B3F01
:10641000F9AE3D3F1594293F67C73F3F5636273FAA
:1064200070D8413F25D2243F00E2433F9967223F85
:1064300003E4453FCBF61F3F65DE473FD17F1D3F5D
:1064400012D1493FC6021B3FF8BB4B3FC07F183FEC
:10645000029F4D3FD9F6153F1F7A4F3F2A68133FE1
:106460003D4D513FCDD3103F4918533FDA390E3FD0
:1064700031DB543F6B9A0B3FE595563F9BF5083F48
:106480005348583F824B063F6AF2593F3D9C033FB9
:106490001A945B3FE4E7003F532D5D3F275DFC3ED0
:1064A00005BE5E3FCBE0F63E2146603FEA5AF13E34
:1064B00098C5613FBBCBEB3E5A3C633F7533E63E2C
:1064C00059AA643F4F92E03E880F663F80E8DA3E6B
:1064D000D86B673F4136D53E3CBF683FCA7BCF3E55
:1064E000A7096A3F53B9C93E0C4B6B3F15EFC33E3A
:1064F0005E836C3F4A1DBE3E93B26D3F2A44B83E58
:106500009ED86E3FEF63B23E73F56F3FD47CAC3ED6
:106510000809713F128FA63E5213723FE59AA03EC2
:106520004714733F86A09A3EDD0B743F31A0943E22
:106530000BFA743F229A8E3EC6DE753F938E883EDC
:1065400007BA763FC07D823EC58B773FCCCF783E81
:10655000F853783F7F9A6C3E9812793F135C603E07
:106560009DC7793F0115543E02737A3FC2C5473E2D
:10657000BE147B3FCF6E3B3ECDAC7B3FA2102F3E87
:10658000283B7C3FB6AB223EC9BF7C3F8340163ED2
:10659000AC3A7D3F86CF093ECCAB7D3F73B2FA3D2E
:1065A00024137E3F2EBCE13DB0707E3F36BDC83D1A
:1065B0006DC47E3F80B6AF3D580E7F3F05A9963D26
:1065C0006D4E7F3F742B7B3DAB847F3F2FFB483D5F
:1065D0000FB17F3F2CC3163D98D37F3FB00AC93C13
:1065E00043EC7F3F900E493C11FB7F3F00000000D1
:1065F0000000803F900E49BC11FB7F3FB00AC9BC30
:1066000043EC7F3F2CC316BD98D37F3F2FFB48BD83
:106610000FB17F3F742B7BBDAB847F3F05A996BD37
:106620006D4E7F3F80B6AFBD580E7F3F36BDC8BDB3
:106630006DC47E3F2EBCE1BDB0707E3F73B2FABD2B
:1066400024137E3F86CF09BECCAB7D3F834016BE70
:10665000AC3A7D3FB6AB22BEC9BF7C3FA2102FBE75
:10666000283B7C3FCF6E3BBECDAC7B3FC2C547BE17
:10667000BE147B3F011554BE02737A3F135C60BEAB
:106680009DC7793F7F9A6CBE9812793FCCCF78BE78
:10669000F853783FC07D82BEC58B773F938E88BE0E
:1066A00007BA763F229A8EBEC6DE753F31A094BEF1
:1066B0000BFA743F86A09ABEDD0B743FE59AA0BE2C
:1066C0004714733F128FA6BE5213723FD47CACBEE8
:1066D0000809713FEF63B2BE73F56F3F2A44B8BE3D
:1066E0009ED86E3F4A1DBEBE93B26D3F15EFC3BE2E
:1066F0005E836C3F53B9C9BE0C4B6B3FCA7BCFBEA8
:10670000A7096A3F4136D5BE3CBF683F80E8DABE84
:10671000D86B673F4F92E0BE880F663F7533E6BE89
:1067200059AA643FBBCBEBBE5A3C633FEA5AF1BE69
:1067300098C5613FCBE0F6BE2146603F275DFCBEB9
:1067400005BE5E3FE4E700BF532D5D3F3D9C03BFA8
:106750001A945B3F824B06BF6AF2593F9BF508BF14
:106760005348583F6B9A0BBFE595563FDA390EBF39
:1067700031DB543FCDD310BF4918533F2A6813BFB4
:106780003D4D513FD9F615BF1F7A4F3FC07F18BF0F
:10679000029F4D3FC6021BBFF8BB4B3FD17F1DBFC1
:1067A00012D1493FCBF61FBF65DE473F996722BF35
:1067B00003E4453F25D224BF00E2433F563627BFBE
:1067C00070D8413F159429BF67C73F3F4AEB2BBFA5
:1067D000F9AE3D3FDE3B2EBF3B8F3B3FBB8530BF1D
:1067E0004268393FC9C832BF233A373FF30435BF47
:1067F000F304353F233A37BFC9C8323F426839BF37
:10680000BB85303F3B8F3BBFDE3B2E3FF9AE3DBFEC
:106810004AEB2B3F67C73FBF1594293F70D841BF54
:106820005636273F00E243BF25D2243F03E445BF4D
:106830009967223F65DE47BFCBF61F3F12D149BFA4
:10684000D17F1D3FF8BB4BBFC6021B3F029F4DBF10
:10685000C07F183F1F7A4FBFD9F6153F3D4D51BF3E
:106860002A68133F491853BFCDD3103F31DB54BFC3
:10687000DA390E3FE59556BF6B9A0B3F534858BF28
:106880009BF5083F6AF259BF824B063F1A945BBFE3
:106890003D9C033F532D5DBFE4E7003F05BE5EBF57
:1068A000275DFC3E214660BFCBE0F63E98C561BF48
:1068B000EA5AF13E5A3C63BFBBCBEB3E59AA64BFD8
:1068C0007533E63E880F66BF4F92E03ED86B67BFD8
:1068D00080E8DA3E3CBF68BF4136D53EA7096ABFB3
:1068E000CA7BCF3E0C4B6BBF53B9C93E5E836CBFB6
:1068F00015EFC33E93B26DBF4A1DBE3E9ED86EBF1C
:106900002A44B83E73F56FBFEF63B23E080971BF0A
:10691000D47CAC3E521372BF128FA63E471473BF95
:10692000E59AA03EDD0B74BF86A09A3E0BFA74BFB9
:1069300031A0943EC6DE75BF229A8E3E07BA76BF5E
:10694000938E883EC58B77BFC07D823EF85378BF5B
:10695000CCCF783E981279BF7F9A6C3E9DC779BFA5
:10696000135C603E02737ABF0115543EBE147BBFB8
:10697000C2C5473ECDAC7BBFCF6E3B3E283B7CBF04
:10698000A2102F3EC9BF7CBFB6AB223EAC3A7DBF42
:106990008340163ECCAB7DBF86CF093E24137EBF1D
:1069A00073B2FA3DB0707EBF2EBCE13D6DC47EBFB8
:1069B00036BDC83D580E7FBF80B6AF3D6D4E7FBF20
:1069C00005A9963DAB847FBF742B7B3D0FB17FBF84
:1069D0002FFB483D98D37FBF2CC3163D43EC7FBFB0
:1069E000B00AC93C11FB7FBF900E493C000080BF3C
:1069F0000000000011FB7FBF900E49BC43EC7FBF3D
:106A0000B00AC9BC98D37FBF2CC316BD0FB17FBFDE
:106A10002FFB48BDAB847FBF742B7BBD6D4E7FBF0A
:106A200005A996BD580E7FBF80B6AFBD6DC47EBFB1
:106A300036BDC8BDB0707EBF2EBCE1BD24137EBF85
:106A400073B2FABDCCAB7DBF86CF09BEAC3A7DBF79
:106A5000834016BEC9BF7CBFB6AB22BE283B7CBFFD
:106A6000A2102FBECDAC7BBFCF6E3BBEBE147BBF92
:106A7000C2C547BE02737ABF011554BE9DC779BF18
:106A8000135C60BE981279BF7F9A6CBEF85378BFD2
:106A9000CCCF78BEC58B77BFC07D82BE07BA76BF2C
:106AA000938E88BEC6DE75BF229A8EBE0BFA74BF67
:106AB00031A094BEDD0B74BF86A09ABE471473BF8D
:106AC000E59AA0BE521372BF128FA6BE080971BF0D
:106AD000D47CACBE73F56FBFEF63B2BE9ED86EBF01
:106AE0002A44B8BE93B26DBF4A1DBEBE5E836CBF62
:106AF00015EFC3BE0C4B6BBF53B9C9BEA7096ABF24
:106B0000CA7BCFBE3CBF68BF4136D5BED86B67BF1E
:106B100080E8DABE880F66BF4F92E0BE59AA64BF14
:106B20007533E6BE5A3C63BFBBCBEBBE98C561BFB5
:106B3000EA5AF1BE214660BFCBE0F6BE05BE5EBF9D
:106B4000275DFCBE532D5DBFE4E700BF1A945BBF19
:106B50003D9C03BF6AF259BF824B06BF534858BFE2
:106B60009BF508BFE59556BF6B9A0BBF31DB54BF51
:106B7000DA390EBF491853BFCDD310BF3D4D51BFB9
:106B80002A6813BF1F7A4FBFD9F615BF029F4DBFAA
:106B9000C07F18BFF8BB4BBFC6021BBF12D149BF95
:106BA000D17F1DBF65DE47BFCBF61FBF03E445BFE6
:106BB000996722BF00E243BF25D224BF70D841BFEE
:106BC000563627BF67C73FBF159429BFF9AE3DBFF3
:106BD0004AEB2BBF3B8F3BBFDE3B2EBF426839BF2A
:106BE000BB8530BF233A37BFC9C832BFF30435BFB6
:106BF000F30435BFC9C832BF233A37BFBB8530BFA6
:106C0000426839BFDE3B2EBF3B8F3BBF4AEB2BBFF9
:106C1000F9AE3DBF159429BF67C73FBF563627BFA2
:106C200070D841BF25D224BF00E243BF996722BF7D
:106C300003E445BFCBF61FBF65DE47BFD17F1DBF55
:106C400012D149BFC6021BBFF8BB4BBFC07F18BFE4
:106C5000029F4DBFD9F615BF1F7A4FBF2A6813BFD9
:106C60003D4D51BFCDD310BF491853BFDA390EBFC8
:106C700031DB54BF6B9A0BBFE59556BF9BF508BF40
:106C8000534858BF824B06BF6AF259BF3D9C03BFB1
:106C90001A945BBFE4E700BF532D5DBF275DFCBEC8
:106CA00005BE5EBFCBE0F6BE214660BFEA5AF1BE2C
:106CB00098C561BFBBCBEBBE5A3C63BF7533E6BE24
:106CC00059AA64BF4F92E0BE880F66BF80E8DABE63
:106CD000D86B67BF4136D5BE3CBF68BFCA7BCFBE4D
:106CE000A7096ABF53B9C9BE0C4B6BBF15EFC3BE32
:106CF0005E836CBF4A1DBEBE93B26DBF2A44B8BE50
:106D00009ED86EBFEF63B2BE73F56FBFD47CACBECE
:106D1000080971BF128FA6BE521372BFE59AA0BEBA
:106D2000471473BF86A09ABEDD0B74BF31A094BE1A
:106D30000BFA74BF229A8EBEC6DE75BF938E88BED4
:106D400007BA76BFC07D82BEC58B77BFCCCF78BE79
:106D5000F85378BF7F9A6CBE981279BF135C60BEFF
:106D60009DC779BF011554BE02737ABFC2C547BE25
:106D7000BE147BBFCF6E3BBECDAC7BBFA2102FBE7F
:106D8000283B7CBFB6AB22BEC9BF7CBF834016BECA
:106D9000AC3A7DBF86CF09BECCAB7DBF73B2FABD26
:106DA00024137EBF2EBCE1BDB0707EBF36BDC8BD12
:106DB0006DC47EBF80B6AFBD580E7FBF05A996BD1E
:106DC0006D4E7FBF742B7BBDAB847FBF2FFB48BD57
:106DD0000FB17FBF2CC316BD98D37FBFB00AC9BC0B
:106DE00043EC7FBF900E49BC11FB7FBF00000080C9
:106DF000000080BF900E493C11FB7FBFB00AC93C28
:106E000043EC7FBF2CC3163D98D37FBF2FFB483D7B
:106E10000FB17FBF742B7B3DAB847FBF05A9963D2F
:106E20006D4E7FBF80B6AF3D580E7FBF36BDC83DAB
:106E30006DC47EBF2EBCE13DB0707EBF73B2FA3D23
:106E400024137EBF86CF093ECCAB7DBF8340163E68
:106E5000AC3A7DBFB6AB223EC9BF7CBFA2102F3E6D
:106E6000283B7CBFCF6E3B3ECDAC7BBFC2C5473E0F
:106E7000BE147BBF0115543E02737ABF135C603EA3
:106E80009DC779BF7F9A6C3E981279BFCCCF783E70
:106E9000F85378BFC07D823EC58B77BF938E883E06
:106EA00007BA76BF229A8E3EC6DE75BF31A0943EE9
:106EB0000BFA74BF86A09A3EDD0B74BFE59AA03E24
:106EC000471473BF128FA63E521372BFD47CAC3EE0
:106ED000080971BFEF63B23E73F56FBF2A44B83E35
:106EE0009ED86EBF4A1DBE3E93B26DBF15EFC33E26
:106EF0005E836CBF53B9C93E0C4B6BBFCA7BCF3EA0
:106F0000A7096ABF4136D53E3CBF68BF80E8DA3E7C
:106F1000D86B67BF4F92E03E880F66BF7533E63E81
:106F200059AA64BFBBCBEB3E5A3C63BFEA5AF13E61
:106F300098C561BFCBE0F63E214660BF275DFC3EB1
:106F400005BE5EBFE4E7003F532D5DBF3D9C033FA0
:106F50001A945BBF824B063F6AF259BF9BF5083F0C
:106F6000534858BF6B9A0B3FE59556BFDA390E3F31
:106F700031DB54BFCDD3103F491853BF2A68133FAC
:106F80003D4D51BFD9F6153F1F7A4FBFC07F183F07
:106F9000029F4DBFC6021B3FF8BB4BBFD17F1D3FB9
:106FA00012D149BFCBF61F3F65DE47BF9967223F2D
:106FB00003E445BF25D2243F00E243BF5636273FB6
:106FC00070D841BF1594293F67C73FBF4AEB2B3F9D
:106FD000F9AE3DBFDE3B2E3F3B8F3BBFBB85303F15
:106FE000426839BFC9C8323F233A37BFF304353F3F
:106FF000F30435BF233A373FC9C832BF4268393F2F
:10700000BB8530BF3B8F3B3FDE3B2EBFF9AE3D3FE4
:107010004AEB2BBF67C73F3F159429BF70D8413F4C
:10702000563627BF00E2433F25D224BF03E4453F45
:10703000996722BF65DE473FCBF61FBF12D1493F9C
:10704000D17F1DBFF8BB4B3FC6021BBF029F4D3F08
:10705000C07F18BF1F7A4F3FD9F615BF3D4D513F36
:107060002A6813BF4918533FCDD310BF31DB543FBB
:10707000DA390EBFE595563F6B9A0BBF5348583F20
:107080009BF508BF6AF2593F824B06BF1A945B3FDB
:107090003D9C03BF532D5D3FE4E700BF05BE5E3F4F
:1070A000275DFCBE2146603FCBE0F6BE98C5613F40
:1070B000EA5AF1BE5A3C633FBBCBEBBE59AA643FD0
:1070C0007533E6BE880F663F4F92E0BED86B673FD0
:1070D00080E8DABE3CBF683F4136D5BEA7096A3FAB
:1070E000CA7BCFBE0C4B6B3F53B9C9BE5E836C3FAE
:1070F00015EFC3BE93B26D3F4A1DBEBE9ED86E3F14
:107100002A44B8BE73F56F3FEF63B2BE0809713F02
:10711000D47CACBE5213723F128FA6BE4714733F8D
:10712000E59AA0BEDD0B743F86A09ABE0BFA743FB1
:1071300031A094BEC6DE753F229A8EBE07BA763F56
:10714000938E88BEC58B773FC07D82BEF853783F53
:10715000CCCF78BE9812793F7F9A6CBE9DC7793F9D
:10716000135C60BE02737A3F011554BEBE147B3FB0
:10717000C2C547BECDAC7B3FCF6E3BBE283B7C3FFC
:10718000A2102FBEC9BF7C3FB6AB22BEAC3A7D3F3A
:10719000834016BECCAB7D3F86CF09BE24137E3F15
:1071A00073B2FABDB0707E3F2EBCE1BD6DC47E3FB0
:1071B00036BDC8BD580E7F3F80B6AFBD6D4E7F3F18
:1071C00005A996BDAB847F3F742B7BBD0FB17F3F7C
:1071D0002FFB48BD98D37F3F2CC316BD43EC7F3FA8
:1071E000B00AC9BC11FB7F3F900E49BC0000803F34
:1071F00000000000C4FE7F3F890FC93B11FB7F3FA9
:10720000900E493CE6F47F3FB6C9963C43EC7F3F85
:10721000B00AC93C29E17F3FB949FB3C98D37F3F85
:107220002CC3163D8FC37F3F07E02F3D0FB17F3F3B
:107230002FFB483D189C7F3F6814623DAB847F3F25
:10724000742B7B3DC76A7F3F0A208A3D6D4E7F3F8E
:1072500005A9963D9D2F7F3F8C30A33D580E7F3F63
:1072600080B6AF3D9DEA7E3FC33ABC3D6DC47E3FD4
:1072700036BDC83DC99B7E3FB93DD53DB0707E3F10
:107280002EBCE13D23437E3F7638EE3D24137E3F06
:1072900073B2FA3DB1E07D3F0295033ECCAB7D3F3A
:1072A00086CF093E74747D3FB708103EAC3A7D3FEF
:1072B0008340163E73FE7C3FDE761C3EC9BF7C3F9A
:1072C000B6AB223EB07E7C3FFCDE283E283B7C3FB6
:1072D000A2102F3E31F57B3F9840353ECDAC7B3F31
:1072E000CF6E3B3EFC617B3F379B413EBE147B3FF4
:1072F000C2C5473E16C57A3F60EE4D3E02737A3FE7
:107300000115543E841E7A3F97395A3E9DC7793FF6
:10731000135C603E4E6E793F667C663E9812793F04
:107320007F9A6C3E7BB4783F51B6723EF853783FFB
:10733000CCCF783E10F1773FE1E67E3EC58B773FBC
:10734000C07D823E1724773FCE86853E07BA763FC2
:10735000938E883E974D763F07958B3EC6DE753FF0
:10736000229A8E3E976D753FDD9D913E0BFA743FDC
:1073700031A0943E2284743F17A1973EDD0B743FE9
:1073800086A09A3E3F91733F789E9D3E4714733F7F
:10739000E59AA03EF894723FC595A33E5213723F02
:1073A000128FA63E578F713FC486A93E0809713FD0
:1073B000D47CAC3E6680703F3A71AF3E73F56F3F50
:1073C000EF63B23E30686F3FEC54B53E9ED86E3FDF
:1073D0002A44B83EBE466E3FA031BB3E93B26D3FDD
:1073E0004A1DBE3E1D1C6D3F1E07C13E5E836C3FA5
:1073F00015EFC33E58E86B3F29D5C63E0C4B6B3F9B
:1074000053B9C93E7BAB6A3F8B9BCC3EA7096A3F11
:10741000CA7BCF3E9165693F095AD23E3CBF683F67
:107420004136D53EA816683F6B10D83ED86B673FF3
:1074300080E8DA3ECCBE663F79BEDD3E880F663F0F
:107440004F92E03E0B5E653FFA63E33E59AA643F0C
:107450007533E63E73F4633FB700E93E5A3C633F41
:10746000BBCBEB3E1082623F7994EE3E98C5613F04
:10747000EA5AF13EF206613F071FF43E2146603FA3
:10748000CBE0F63E27835F3F2DA0F93E05BE5E3F71
:10749000275DFC3EBEF65D3FB217FF3E532D5D3FBC
:1074A000E4E7003FC7615C3FB142023F1A945B3F93
:1074B0003D9C033F50C45A3F84F4043F6AF2593F55
:1074C000824B063F6A1E593F36A1073F5348583F3B
:1074D0009BF5083F2670573FAD480A3FE595563F5C
:1074E0006B9A0B3F93B9553FD0EA0C3F31DB543FC9
:1074F000DA390E3FC3FA533F84870F3F4918533F91
:10750000CDD3103FC633523FB01E123F3D4D513FC9
:107510002A68133FAF64503F39B0143F1F7A4F3F82
:10752000D9F6153F908D4E3F073C173F029F4D3FC8
:10753000C07F183F79AE4C3F00C2193FF8BB4B3FAC
:10754000C6021B3F7FC74A3F0C421C3F12D1493F36
:10755000D17F1D3FB3D8483F12BC1E3F65DE473F79
:10756000CBF61F3F2AE2463FF92F213F03E4453F78
:107570009967223FF5E3443FA99D233F00E2433F43
:1075800025D2243F29DE423F0A05263F70D8413FDD
:107590005636273FDAD0403F0566283F67C73F3F52
:1075A0001594293F1BBC3E3F82C02A3FF9AE3D3FA8
:1075B0004AEB2B3F03A03C3F69142D3F3B8F3B3FE1
:1075C000DE3B2E3FA47C3A3FA5612F3F4268393F06
:1075D000BB85303F1652383F1DA8313F233A373F15
:1075E000C9C8323F6C20363FBCE7333FF304353F18
:1075F000F304353FBCE7333F6C20363FC9C8323F08
:10760000233A373F1DA8313F1652383FBB85303FE4
:107610004268393FA5612F3FA47C3A3FDE3B2E3FB5
:107620003B8F3B3F69142D3F03A03C3F4AEB2B3F70
:10763000F9AE3D3F82C02A3F1BBC3E3F1594293F17
:1076400067C73F3F0566283FDAD0403F5636273FA1
:1076500070D8413F0A05263F29DE423F25D2243F0C
:1076600000E2433FA99D233FF5E3443F9967223F52
:1076700003E4453FF92F213F2AE2463FCBF61F3F67
:1076800065DE473F12BC1E3FB3D8483FD17F1D3F48
:1076900012D1493F0C421C3F7FC74A3FC6021B3FE5
:1076A000F8BB4B3F00C2193F79AE4C3FC07F183F3B
:1076B000029F4D3F073C173F908D4E3FD9F6153F37
:1076C0001F7A4F3F39B0143FAF64503F2A68133FD1
:1076D0003D4D513FB01E123FC633523FCDD3103FF8
:1076E0004918533F84870F3FC3FA533FDA390E3F9F
:1076F00031DB543FD0EA0C3F93B9553F6B9A0B3FB7
:10770000E595563FAD480A3F2670573F9BF5083F29
:107710005348583F36A1073F6A1E593F824B063FE8
:107720006AF2593F84F4043F50C45A3F3D9C033FE2
:107730001A945B3FB142023FC7615C3FE4E7003F00
:10774000532D5D3FB217FF3EBEF65D3F275DFC3E09
:1077500005BE5E3F2DA0F93E27835F3FCBE0F63E9E
:107760002146603F071FF43EF206613FEA5AF13EB0
:1077700098C5613F7994EE3E1082623FBBCBEB3EF1
:107780005A3C633FB700E93E73F4633F7533E63E0E
:1077900059AA643FFA63E33E0B5E653F4F92E03EB9
:1077A000880F663F79BEDD3ECCBE663F80E8DA3E9C
:1077B000D86B673F6B10D83EA816683F4136D53E60
:1077C0003CBF683F095AD23E9165693FCA7BCF3EB4
:1077D000A7096A3F8B9BCC3E7BAB6A3F53B9C93E3E
:1077E0000C4B6B3F29D5C63E58E86B3F15EFC33EA7
:1077F0005E836C3F1E07C13E1D1C6D3F4A1DBE3E91
:1078000093B26D3FA031BB3EBE466E3F2A44B83EA8
:107810009ED86E3FEC54B53E30686F3FEF63B23E8A
:1078200073F56F3F3A71AF3E6680703FD47CAC3EDB
:107830000809713FC486A93E578F713F128FA63E3B
:107840005213723FC595A33EF894723FE59AA03E4D
:107850004714733F789E9D3E3F91733F86A09A3EAA
:10786000DD0B743F17A1973E2284743F31A0943EF4
:107870000BFA743FDD9D913E976D753F229A8E3EC7
:10788000C6DE753F07958B3E974D763F938E883EBB
:1078900007BA763FCE86853E1724773FC07D823E6D
:1078A000C58B773FE1E67E3E10F1773FCCCF783E47
:1078B000F853783F51B6723E7BB4783F7F9A6C3E66
:1078C0009812793F667C663E4E6E793F135C603E4F
:1078D0009DC7793F97395A3E841E7A3F0115543E21
:1078E00002737A3F60EE4D3E16C57A3FC2C5473EF1
:1078F000BE147B3F379B413EFC617B3FCF6E3B3EDE
:10790000CDAC7B3F9840353E31F57B3FA2102F3EFA
:10791000283B7C3FFCDE283EB07E7C3FB6AB223E5F
:10792000C9BF7C3FDE761C3E73FE7C3F8340163E23
:10793000AC3A7D3FB708103E74747D3F86CF093E58
:10794000CCAB7D3F0295033EB1E07D3F73B2FA3D83
:1079500024137E3F7638EE3D23437E3F2EBCE13D2F
:10796000B0707E3FB93DD53DC99B7E3F36BDC83D19
:107970006DC47E3FC33ABC3D9DEA7E3F80B6AF3DBD
:10798000580E7F3F8C30A33D9D2F7F3F05A9963D2C
:107990006D4E7F3F0A208A3DC76A7F3F742B7B3D37
:1079A000AB847F3F6814623D189C7F3F2FFB483DAE
:1079B0000FB17F3F07E02F3D8FC37F3F2CC3163DA4
:1079C00098D37F3FB949FB3C29E17F3FB00AC93CCE
:1079D00043EC7F3FB6C9963CE6F47F3F900E493CAE
:1079E00011FB7F3F890FC93BC4FE7F3F00000000B1
:1079F0000000803F890FC9BBC4FE7F3F900E49BC89
:107A000011FB7F3FB6C996BCE6F47F3FB00AC9BC04
:107A100043EC7F3FB949FBBC29E17F3F2CC316BD36
:107A200098D37F3F07E02FBD8FC37F3F2FFB48BD1B
:107A30000FB17F3F681462BD189C7F3F742B7BBDE4
:107A4000AB847F3F0A208ABDC76A7F3F05A996BDE8
:107A50006D4E7F3F8C30A3BD9D2F7F3F80B6AFBD65
:107A6000580E7F3FC33ABCBD9DEA7E3F36BDC8BDC0
:107A70006DC47E3FB93DD5BDC99B7E3F2EBCE1BDE7
:107A8000B0707E3F7638EEBD23437E3F73B2FABDC1
:107A900024137E3F029503BEB1E07D3F86CF09BE31
:107AA000CCAB7D3FB70810BE74747D3F834016BEDB
:107AB000AC3A7D3FDE761CBE73FE7C3FB6AB22BE89
:107AC000C9BF7C3FFCDE28BEB07E7C3FA2102FBE2B
:107AD000283B7C3F984035BE31F57B3FCF6E3BBEA7
:107AE000CDAC7B3F379B41BEFC617B3FC2C547BEEF
:107AF000BE147B3F60EE4DBE16C57A3F011554BEE5
:107B000002737A3F97395ABE841E7A3F135C60BE77
:107B10009DC7793F667C66BE4E6E793F7F9A6CBE8C
:107B20009812793F51B672BE7BB4783FCCCF78BE05
:107B3000F853783FE1E67EBE10F1773FC07D82BE0C
:107B4000C58B773FCE8685BE1724773F938E88BE40
:107B500007BA763F07958BBE974D763F229A8EBE29
:107B6000C6DE753FDD9D91BE976D753F31A094BE19
:107B70000BFA743F17A197BE2284743F86A09ABE69
:107B8000DD0B743F789E9DBE3F91733FE59AA0BE8A
:107B90004714733FC595A3BEF894723F128FA6BEDB
:107BA0005213723FC486A9BE578F713FD47CACBEBE
:107BB0000809713F3A71AFBE6680703FEF63B2BE95
:107BC00073F56F3FEC54B5BE30686F3F2A44B8BEC2
:107BD0009ED86E3FA031BBBEBE466E3F4A1DBEBEA4
:107BE00093B26D3F1E07C1BE1D1C6D3F15EFC3BE96
:107BF0005E836C3F29D5C6BE58E86B3F53B9C9BEFA
:107C00000C4B6B3F8B9BCCBE7BAB6A3FCA7BCFBE22
:107C1000A7096A3F095AD2BE9165693F4136D5BE70
:107C20003CBF683F6B10D8BEA816683F80E8DABE3C
:107C3000D86B673F79BEDDBECCBE663F4F92E0BEDB
:107C4000880F663FFA63E3BE0B5E653F7533E6BEA1
:107C500059AA643FB700E9BE73F4633FBBCBEBBEE8
:107C60005A3C633F7994EEBE1082623FEA5AF1BEFD
:107C700098C5613F071FF4BEF206613FCBE0F6BE38
:107C80002146603F2DA0F9BE27835F3F275DFCBEE4
:107C900005BE5E3FB217FFBEBEF65D3FE4E700BF24
:107CA000532D5D3FB14202BFC7615C3F3D9C03BFA6
:107CB0001A945B3F84F404BF50C45A3F824B06BF02
:107CC0006AF2593F36A107BF6A1E593F9BF508BFAC
:107CD0005348583FAD480ABF2670573F6B9A0BBFB9
:107CE000E595563FD0EA0CBF93B9553FDA390EBF40
:107CF00031DB543F84870FBFC3FA533FCDD310BF4E
:107D00004918533FB01E12BFC633523F2A6813BFF3
:107D10003D4D513F39B014BFAF64503FD9F615BF48
:107D20001F7A4F3F073C17BF908D4E3FC07F18BF53
:107D3000029F4D3F00C219BF79AE4C3FC6021BBF28
:107D4000F8BB4B3F0C421CBF7FC74A3FD17F1DBFD2
:107D500012D1493F12BC1EBFB3D8483FCBF61FBF5C
:107D600065DE473FF92F21BF2AE2463F996722BFD0
:107D700003E4453FA99D23BFF5E3443F25D224BF3B
:107D800000E2433F0A0526BF29DE423F563627BFA1
:107D900070D8413F056628BFDAD0403F159429BF0F
:107DA00067C73F3F82C02ABF1BBC3E3F4AEB2BBF89
:107DB000F9AE3D3F69142DBF03A03C3FDE3B2EBF13
:107DC0003B8F3B3FA5612FBFA47C3A3FBB8530BFB3
:107DD0004268393F1DA831BF1652383FC9C832BF6B
:107DE000233A373FBCE733BF6C20363FF30435BF3F
:107DF000F304353F6C2036BFBCE7333F233A37BF2F
:107E0000C9C8323F165238BF1DA8313F426839BF3A
:107E1000BB85303FA47C3ABFA5612F3F3B8F3BBF62
:107E2000DE3B2E3F03A03CBF69142D3FF9AE3DBFA2
:107E30004AEB2B3F1BBC3EBF82C02A3F67C73FBFF8
:107E40001594293FDAD040BF0566283F70D841BF5E
:107E50005636273F29DE42BF0A05263F00E243BFD0
:107E600025D2243FF5E344BFA99D233F03E445BF4A
:107E70009967223F2AE246BFF92F213F65DE47BFBF
:107E8000CBF61F3FB3D848BF12BC1E3F12D149BF2B
:107E9000D17F1D3F7FC74ABF0C421C3FF8BB4BBF81
:107EA000C6021B3F79AE4CBF00C2193F029F4DBFB7
:107EB000C07F183F908D4EBF073C173F1F7A4FBFC2
:107EC000D9F6153FAF6450BF39B0143F3D4D51BF97
:107ED0002A68133FC63352BFB01E123F491853BF22
:107EE000CDD3103FC3FA53BF84870F3F31DB54BF5C
:107EF000DA390E3F93B955BFD0EA0C3FE59556BF2E
:107F00006B9A0B3F267057BFAD480A3F534858BF86
:107F10009BF5083F6A1E59BF36A1073F6AF259BF59
:107F2000824B063F50C45ABF84F4043F1A945BBF8F
:107F30003D9C033FC7615CBFB142023F532D5DBF13
:107F4000E4E7003FBEF65DBFB217FF3E05BE5EBF71
:107F5000275DFC3E27835FBF2DA0F93E214660BF11
:107F6000CBE0F63EF20661BF071FF43E98C561BF45
:107F7000EA5AF13E108262BF7994EE3E5A3C63BFEA
:107F8000BBCBEB3E73F463BFB700E93E59AA64BFB5
:107F90007533E63E0B5E65BFFA63E33E880F66BF4E
:107FA0004F92E03ECCBE66BF79BEDD3ED86B67BF68
:107FB00080E8DA3EA81668BF6B10D83E3CBF68BFA9
:107FC0004136D53E916569BF095AD23EA7096ABFBD
:107FD000CA7BCF3E7BAB6ABF8B9BCC3E0C4B6BBF4F
:107FE00053B9C93E58E86BBF29D5C63E5E836CBF06
:107FF00015EFC33E1D1C6DBF1E07C13E93B26DBF82
:108000004A1DBE3EBE466EBFA031BB3E9ED86EBF6F
:108010002A44B83E30686FBFEC54B53E73F56FBF6D
:10802000EF63B23E668070BF3A71AF3E080971BF20
:10803000D47CAC3E578F71BFC486A93E521372BF29
:10804000128FA63EF89472BFC595A33E471473BF26
:10805000E59AA03E3F9173BF789E9D3EDD0B74BFB5
:1080600086A09A3E228474BF17A1973E0BFA74BF74
:1080700031A0943E976D75BFDD9D913EC6DE75BF04
:10808000229A8E3E974D76BF07958B3E07BA76BFF4
:10809000938E883E172477BFCE86853EC58B77BFEB
:1080A000C07D823E10F177BFE1E67E3EF85378BF97
:1080B000CCCF783E7BB478BF51B6723E981279BF70
:1080C0007F9A6C3E4E6E79BF667C663E9DC779BFD7
:1080D000135C603E841E7ABF97395A3E02737ABFA2
:1080E0000115543E16C57ABF60EE4D3EBE147BBFEF
:1080F000C2C5473EFC617BBF379B413ECDAC7BBFD9
:10810000CF6E3B3E31F57BBF9840353E283B7CBF70
:10811000A2102F3EB07E7CBFFCDE283EC9BF7CBFD4
:10812000B6AB223E73FE7CBFDE761C3EAC3A7DBF12
:108130008340163E74747DBFB708103ECCAB7DBF44
:1081400086CF093EB1E07DBF0295033E24137EBF7A
:1081500073B2FA3D23437EBF7638EE3DB0707EBFEA
:108160002EBCE13DC99B7EBFB93DD53D6DC47EBFF0
:1081700036BDC83D9DEA7EBFC33ABC3D580E7FBFA9
:1081800080B6AF3D9D2F7FBF8C30A33D6D4E7FBF2E
:1081900005A9963DC76A7FBF0A208A3DAB847FBF91
:1081A000742B7B3D189C7FBF6814623D0FB17FBF6D
:1081B0002FFB483D8FC37FBF07E02F3D98D37FBF84
:1081C0002CC3163D29E17FBFB949FB3C43EC7FBF7F
:1081D000B00AC93CE6F47FBFB6C9963C11FB7FBF2D
:1081E000900E493CC4FE7FBF890FC93B000080BF91
:1081F00000000000C4FE7FBF890FC9BB11FB7FBF19
:10820000900E49BCE6F47FBFB6C996BC43EC7FBF75
:10821000B00AC9BC29E17FBFB949FBBC98D37FBF75
:108220002CC316BD8FC37FBF07E02FBD0FB17FBF2B
:108230002FFB48BD189C7FBF681462BDAB847FBF15
:10824000742B7BBDC76A7FBF0A208ABD6D4E7FBF7E
:1082500005A996BD9D2F7FBF8C30A3BD580E7FBF53
:1082600080B6AFBD9DEA7EBFC33ABCBD6DC47EBFC4
:1082700036BDC8BDC99B7EBFB93DD5BDB0707EBF00
:108280002EBCE1BD23437EBF7638EEBD24137EBFF6
:1082900073B2FABDB1E07DBF029503BECCAB7DBF2A
:1082A00086CF09BE74747DBFB70810BEAC3A7DBFDF
:1082B000834016BE73FE7CBFDE761CBEC9BF7CBF8A
:1082C000B6AB22BEB07E7CBFFCDE28BE283B7CBFA6
:1082D000A2102FBE31F57BBF984035BECDAC7BBF21
:1082E000CF6E3BBEFC617BBF379B41BEBE147BBFE4
:1082F000C2C547BE16C57ABF60EE4DBE02737ABFD7
:10830000011554BE841E7ABF97395ABE9DC779BFE6
:10831000135C60BE4E6E79BF667C66BE981279BFF4
:108320007F9A6CBE7BB478BF51B672BEF85378BFEB
:10833000CCCF78BE10F177BFE1E67EBEC58B77BFAC
:10834000C07D82BE172477BFCE8685BE07BA76BFB2
:10835000938E88BE974D76BF07958BBEC6DE75BFE0
:10836000229A8EBE976D75BFDD9D91BE0BFA74BFCC
:1083700031A094BE228474BF17A197BEDD0B74BFD9
:1083800086A09ABE3F9173BF789E9DBE471473BF6F
:10839000E59AA0BEF89472BFC595A3BE521372BFF2
:1083A000128FA6BE578F71BFC486A9BE080971BFC0
:1083B000D47CACBE668070BF3A71AFBE73F56FBF40
:1083C000EF63B2BE30686FBFEC54B5BE9ED86EBFCF
:1083D0002A44B8BEBE466EBFA031BBBE93B26DBFCD
:1083E0004A1DBEBE1D1C6DBF1E07C1BE5E836CBF95
:1083F00015EFC3BE58E86BBF29D5C6BE0C4B6BBF8B
:1084000053B9C9BE7BAB6ABF8B9BCCBEA7096ABF01
:10841000CA7BCFBE916569BF095AD2BE3CBF68BF57
:108420004136D5BEA81668BF6B10D8BED86B67BFE3
:1084300080E8DABECCBE66BF79BEDDBE880F66BFFF
:108440004F92E0BE0B5E65BFFA63E3BE59AA64BFFC
:108450007533E6BE73F463BFB700E9BE5A3C63BF31
:10846000BBCBEBBE108262BF7994EEBE98C561BFF4
:10847000EA5AF1BEF20661BF071FF4BE214660BF93
:10848000CBE0F6BE27835FBF2DA0F9BE05BE5EBF61
:10849000275DFCBEBEF65DBFB217FFBE532D5DBFAC
:1084A000E4E700BFC7615CBFB14202BF1A945BBF83
:1084B0003D9C03BF50C45ABF84F404BF6AF259BF45
:1084C000824B06BF6A1E59BF36A107BF534858BF2B
:1084D0009BF508BF267057BFAD480ABFE59556BF4C
:1084E0006B9A0BBF93B955BFD0EA0CBF31DB54BFB9
:1084F000DA390EBFC3FA53BF84870FBF491853BF81
:10850000CDD310BFC63352BFB01E12BF3D4D51BFB9
:108510002A6813BFAF6450BF39B014BF1F7A4FBF72
:10852000D9F615BF908D4EBF073C17BF029F4DBFB8
:10853000C07F18BF79AE4CBF00C219BFF8BB4BBF9C
:10854000C6021BBF7FC74ABF0C421CBF12D149BF26
:10855000D17F1DBFB3D848BF12BC1EBF65DE47BF69
:10856000CBF61FBF2AE246BFF92F21BF03E445BF68
:10857000996722BFF5E344BFA99D23BF00E243BF33
:1085800025D224BF29DE42BF0A0526BF70D841BFCD
:10859000563627BFDAD040BF056628BF67C73FBF42
:1085A000159429BF1BBC3EBF82C02ABFF9AE3DBF98
:1085B0004AEB2BBF03A03CBF69142DBF3B8F3BBFD1
:1085C000DE3B2EBFA47C3ABFA5612FBF426839BFF6
:1085D000BB8530BF165238BF1DA831BF233A37BF05
:1085E000C9C832BF6C2036BFBCE733BFF30435BF08
:1085F000F30435BFBCE733BF6C2036BFC9C832BFF8
:10860000233A37BF1DA831BF165238BFBB8530BFD4
:10861000426839BFA5612FBFA47C3ABFDE3B2EBFA5
:108620003B8F3BBF69142DBF03A03CBF4AEB2BBF60
:10863000F9AE3DBF82C02ABF1BBC3EBF159429BF07
:1086400067C73FBF056628BFDAD040BF563627BF91
:1086500070D841BF0A0526BF29DE42BF25D224BFFC
:1086600000E243BFA99D23BFF5E344BF996722BF42
:1086700003E445BFF92F21BF2AE246BFCBF61FBF57
:1086800065DE47BF12BC1EBFB3D848BFD17F1DBF38
:1086900012D149BF0C421CBF7FC74ABFC6021BBFD5
:1086A000F8BB4BBF00C219BF79AE4CBFC07F18BF2B
:1086B000029F4DBF073C17BF908D4EBFD9F615BF27
:1086C0001F7A4FBF39B014BFAF6450BF2A6813BFC1
:1086D0003D4D51BFB01E12BFC63352BFCDD310BFE8
:1086E000491853BF84870FBFC3FA53BFDA390EBF8F
:1086F00031DB54BFD0EA0CBF93B955BF6B9A0BBFA7
:10870000E59556BFAD480ABF267057BF9BF508BF19
:10871000534858BF36A107BF6A1E59BF824B06BFD8
:108720006AF259BF84F404BF50C45ABF3D9C03BFD2
:108730001A945BBFB14202BFC7615CBFE4E700BFF0
:10874000532D5DBFB217FFBEBEF65DBF275DFCBEF9
:1087500005BE5EBF2DA0F9BE27835FBFCBE0F6BE8E
:10876000214660BF071FF4BEF20661BFEA5AF1BEA0
:1087700098C561BF7994EEBE108262BFBBCBEBBEE1
:108780005A3C63BFB700E9BE73F463BF7533E6BEFE
:1087900059AA64BFFA63E3BE0B5E65BF4F92E0BEA9
:1087A000880F66BF79BEDDBECCBE66BF80E8DABE8C
:1087B000D86B67BF6B10D8BEA81668BF4136D5BE50
:1087C0003CBF68BF095AD2BE916569BFCA7BCFBEA4
:1087D000A7096ABF8B9BCCBE7BAB6ABF53B9C9BE2E
:1087E0000C4B6BBF29D5C6BE58E86BBF15EFC3BE97
:1087F0005E836CBF1E07C1BE1D1C6DBF4A1DBEBE81
:1088000093B26DBFA031BBBEBE466EBF2A44B8BE98
:108810009ED86EBFEC54B5BE30686FBFEF63B2BE7A
:1088200073F56FBF3A71AFBE668070BFD47CACBECB
:10883000080971BFC486A9BE578F71BF128FA6BE2B
:10884000521372BFC595A3BEF89472BFE59AA0BE3D
:10885000471473BF789E9DBE3F9173BF86A09ABE9A
:10886000DD0B74BF17A197BE228474BF31A094BEE4
:108870000BFA74BFDD9D91BE976D75BF229A8EBEB7
:10888000C6DE75BF07958BBE974D76BF938E88BEAB
:1088900007BA76BFCE8685BE172477BFC07D82BE5D
:1088A000C58B77BFE1E67EBE10F177BFCCCF78BE37
:1088B000F85378BF51B672BE7BB478BF7F9A6CBE56
:1088C000981279BF667C66BE4E6E79BF135C60BE3F
:1088D0009DC779BF97395ABE841E7ABF011554BE11
:1088E00002737ABF60EE4DBE16C57ABFC2C547BEE1
:1088F000BE147BBF379B41BEFC617BBFCF6E3BBECE
:10890000CDAC7BBF984035BE31F57BBFA2102FBEEA
:10891000283B7CBFFCDE28BEB07E7CBFB6AB22BE4F
:10892000C9BF7CBFDE761CBE73FE7CBF834016BE13
:10893000AC3A7DBFB70810BE74747DBF86CF09BE48
:10894000CCAB7DBF029503BEB1E07DBF73B2FABD73
:1089500024137EBF7638EEBD23437EBF2EBCE1BD1F
:10896000B0707EBFB93DD5BDC99B7EBF36BDC8BD09
:108970006DC47EBFC33ABCBD9DEA7EBF80B6AFBDAD
:10898000580E7FBF8C30A3BD9D2F7FBF05A996BD1C
:108990006D4E7FBF0A208ABDC76A7FBF742B7BBD27
:1089A000AB847FBF681462BD189C7FBF2FFB48BD9E
:1089B0000FB17FBF07E02FBD8FC37FBF2CC316BD94
:1089C00098D37FBFB949FBBC29E17FBFB00AC9BCBE
:1089D00043EC7FBFB6C996BCE6F47FBF900E49BC9E
:1089E00011FB7FBF890FC9BBC4FE7FBF00000080A1
:1089F000000080BF890FC93BC4FE7FBF900E493C79
:108A000011FB7FBFB6C9963CE6F47FBFB00AC93CF4
:108A100043EC7FBFB949FB3C29E17FBF2CC3163D26
:108A200098D37FBF07E02F3D8FC37FBF2FFB483D0B
:108A30000FB17FBF6814623D189C7FBF742B7B3DD4
:108A4000AB847FBF0A208A3DC76A7FBF05A9963DD8
:108A50006D4E7FBF8C30A33D9D2F7FBF80B6AF3D55
:108A6000580E7FBFC33ABC3D9DEA7EBF36BDC83DB0
:108A70006DC47EBFB93DD53DC99B7EBF2EBCE13DD7
:108A8000B0707EBF7638EE3D23437EBF73B2FA3DB1
:108A900024137EBF0295033EB1E07DBF86CF093E21
:108AA000CCAB7DBFB708103E74747DBF8340163ECB
:108AB000AC3A7DBFDE761C3E73FE7CBFB6AB223E79
:108AC000C9BF7CBFFCDE283EB07E7CBFA2102F3E1B
:108AD000283B7CBF9840353E31F57BBFCF6E3B3E97
:108AE000CDAC7BBF379B413EFC617BBFC2C5473EDF
:108AF000BE147BBF60EE4D3E16C57ABF0115543ED5
:108B000002737ABF97395A3E841E7ABF135C603E67
:108B10009DC779BF667C663E4E6E79BF7F9A6C3E7C
:108B2000981279BF51B6723E7BB478BFCCCF783EF5
:108B3000F85378BFE1E67E3E10F177BFC07D823EFC
:108B4000C58B77BFCE86853E172477BF938E883E30
:108B500007BA76BF07958B3E974D76BF229A8E3E19
:108B6000C6DE75BFDD9D913E976D75BF31A0943E09
:108B70000BFA74BF17A1973E228474BF86A09A3E59
:108B8000DD0B74BF789E9D3E3F9173BFE59AA03E7A
:108B9000471473BFC595A33EF89472BF128FA63ECB
:108BA000521372BFC486A93E578F71BFD47CAC3EAE
:108BB000080971BF3A71AF3E668070BFEF63B23E85
:108BC00073F56FBFEC54B53E30686FBF2A44B83EB2
:108BD0009ED86EBFA031BB3EBE466EBF4A1DBE3E94
:108BE00093B26DBF1E07C13E1D1C6DBF15EFC33E86
:108BF0005E836CBF29D5C63E58E86BBF53B9C93EEA
:108C00000C4B6BBF8B9BCC3E7BAB6ABFCA7BCF3E12
:108C1000A7096ABF095AD23E916569BF4136D53E60
:108C20003CBF68BF6B10D83EA81668BF80E8DA3E2C
:108C3000D86B67BF79BEDD3ECCBE66BF4F92E03ECB
:108C4000880F66BFFA63E33E0B5E65BF7533E63E91
:108C500059AA64BFB700E93E73F463BFBBCBEB3ED8
:108C60005A3C63BF7994EE3E108262BFEA5AF13EED
:108C700098C561BF071FF43EF20661BFCBE0F63E28
:108C8000214660BF2DA0F93E27835FBF275DFC3ED4
:108C900005BE5EBFB217FF3EBEF65DBFE4E7003F14
:108CA000532D5DBFB142023FC7615CBF3D9C033F96
:108CB0001A945BBF84F4043F50C45ABF824B063FF2
:108CC0006AF259BF36A1073F6A1E59BF9BF5083F9C
:108CD000534858BFAD480A3F267057BF6B9A0B3FA9
:108CE000E59556BFD0EA0C3F93B955BFDA390E3F30
:108CF00031DB54BF84870F3FC3FA53BFCDD3103F3E
:108D0000491853BFB01E123FC63352BF2A68133FE3
:108D10003D4D51BF39B0143FAF6450BFD9F6153F38
:108D20001F7A4FBF073C173F908D4EBFC07F183F43
:108D3000029F4DBF00C2193F79AE4CBFC6021B3F18
:108D4000F8BB4BBF0C421C3F7FC74ABFD17F1D3FC2
:108D500012D149BF12BC1E3FB3D848BFCBF61F3F4C
:108D600065DE47BFF92F213F2AE246BF9967223FC0
:108D700003E445BFA99D233FF5E344BF25D2243F2B
:108D800000E243BF0A05263F29DE42BF5636273F91
:108D900070D841BF0566283FDAD040BF1594293FFF
:108DA00067C73FBF82C02A3F1BBC3EBF4AEB2B3F79
:108DB000F9AE3DBF69142D3F03A03CBFDE3B2E3F03
:108DC0003B8F3BBFA5612F3FA47C3ABFBB85303FA3
:108DD000426839BF1DA8313F165238BFC9C8323F5B
:108DE000233A37BFBCE7333F6C2036BFF304353F2F
:108DF000F30435BF6C20363FBCE733BF233A373F1F
:108E0000C9C832BF1652383F1DA831BF4268393F2A
:108E1000BB8530BFA47C3A3FA5612FBF3B8F3B3F52
:108E2000DE3B2EBF03A03C3F69142DBFF9AE3D3F92
:108E30004AEB2BBF1BBC3E3F82C02ABF67C73F3FE8
:108E4000159429BFDAD0403F056628BF70D8413F4E
:108E5000563627BF29DE423F0A0526BF00E2433FC0
:108E600025D224BFF5E3443FA99D23BF03E4453F3A
:108E7000996722BF2AE2463FF92F21BF65DE473FAF
:108E8000CBF61FBFB3D8483F12BC1EBF12D1493F1B
:108E9000D17F1DBF7FC74A3F0C421CBFF8BB4B3F71
:108EA000C6021BBF79AE4C3F00C219BF029F4D3FA7
:108EB000C07F18BF908D4E3F073C17BF1F7A4F3FB2
:108EC000D9F615BFAF64503F39B014BF3D4D513F87
:108ED0002A6813BFC633523FB01E12BF4918533F12
:108EE000CDD310BFC3FA533F84870FBF31DB543F4C
:108EF000DA390EBF93B9553FD0EA0CBFE595563F1E
:108F00006B9A0BBF2670573FAD480ABF5348583F76
:108F10009BF508BF6A1E593F36A107BF6AF2593F49
:108F2000824B06BF50C45A3F84F404BF1A945B3F7F
:108F30003D9C03BFC7615C3FB14202BF532D5D3F03
:108F4000E4E700BFBEF65D3FB217FFBE05BE5E3F61
:108F5000275DFCBE27835F3F2DA0F9BE2146603F01
:108F6000CBE0F6BEF206613F071FF4BE98C5613F35
:108F7000EA5AF1BE1082623F7994EEBE5A3C633FDA
:108F8000BBCBEBBE73F4633FB700E9BE59AA643FA5
:108F90007533E6BE0B5E653FFA63E3BE880F663F3E
:108FA0004F92E0BECCBE663F79BEDDBED86B673F58
:108FB00080E8DABEA816683F6B10D8BE3CBF683F99
:108FC0004136D5BE9165693F095AD2BEA7096A3FAD
:108FD000CA7BCFBE7BAB6A3F8B9BCCBE0C4B6B3F3F
:108FE00053B9C9BE58E86B3F29D5C6BE5E836C3FF6
:108FF00015EFC3BE1D1C6D3F1E07C1BE93B26D3F72
:109000004A1DBEBEBE466E3FA031BBBE9ED86E3F5F
:109010002A44B8BE30686F3FEC54B5BE73F56F3F5D
:10902000EF63B2BE6680703F3A71AFBE0809713F10
:10903000D47CACBE578F713FC486A9BE5213723F19
:10904000128FA6BEF894723FC595A3BE4714733F16
:10905000E59AA0BE3F91733F789E9DBEDD0B743FA5
:1090600086A09ABE2284743F17A197BE0BFA743F64
:1090700031A094BE976D753FDD9D91BEC6DE753FF4
:10908000229A8EBE974D763F07958BBE07BA763FE4
:10909000938E88BE1724773FCE8685BEC58B773FDB
:1090A000C07D82BE10F1773FE1E67EBEF853783F87
:1090B000CCCF78BE7BB4783F51B672BE9812793F60
:1090C0007F9A6CBE4E6E793F667C66BE9DC7793FC7
:1090D000135C60BE841E7A3F97395ABE02737A3F92
:1090E000011554BE16C57A3F60EE4DBEBE147B3FDF
:1090F000C2C547BEFC617B3F379B41BECDAC7B3FC9
:10910000CF6E3BBE31F57B3F984035BE283B7C3F60
:10911000A2102FBEB07E7C3FFCDE28BEC9BF7C3FC4
:10912000B6AB22BE73FE7C3FDE761CBEAC3A7D3F02
:10913000834016BE74747D3FB70810BECCAB7D3F34
:1091400086CF09BEB1E07D3F029503BE24137E3F6A
:1091500073B2FABD23437E3F7638EEBDB0707E3FDA
:109160002EBCE1BDC99B7E3FB93DD5BD6DC47E3FE0
:1091700036BDC8BD9DEA7E3FC33ABCBD580E7F3F99
:1091800080B6AFBD9D2F7F3F8C30A3BD6D4E7F3F1E
:1091900005A996BDC76A7F3F0A208ABDAB847F3F81
:1091A000742B7BBD189C7F3F681462BD0FB17F3F5D
:1091B0002FFB48BD8FC37F3F07E02FBD98D37F3F74
:1091C0002CC316BD29E17F3FB949FBBC43EC7F3F6F
:1091D000B00AC9BCE6F47F3FB6C996BC11FB7F3F1D
:1091E000900E49BCC4FE7F3F890FC9BB0000803F81
:1091F00000000000B1FF7F3FC70F493BC4FE7F3F27
:10920000890FC93B39FD7F3F59CB163C11FB7F3F8E
:10921000900E493C4AF87F3F4B517B3CE6F47F3F40
:10922000B6C9963CE3F07F3F69EAAF3C43EC7F3F31
:10923000B00AC93C05E77F3F7B2AE23C29E17F3F3A
:10924000B949FB3CAFDA7F3F2F340A3D98D37F3FCB
:109250002CC3163DE2CB7F3FCC51233D8FC37F3FD4
:1092600007E02F3D9EBA7F3FD56D3C3D0FB17F3F5C
:109270002FFB483DE3A67F3F0E88553D189C7F3F5E
:109280006814623DB1907F3F38A06E3DAB847F3F54
:10929000742B7B3D08787F3F0ADB833DC76A7F3FA5
:1092A0000A208A3DE95C7F3FB464903D6D4E7F3F6C
:1092B00005A9963D543F7F3FF9EC9C3D9D2F7F3F94
:1092C0008C30A33D491F7F3FBA73A93D580E7F3FA5
:1092D00080B6AF3DC9FC7E3FDAF8B53D9DEA7E3FE2
:1092E000C33ABC3DD4D77E3F397CC23D6DC47E3F7E
:1092F00036BDC83D69B07E3FB7FDCE3DC99B7E3FC0
:10930000B93DD53D8B867E3F377DDB3DB0707E3FDE
:109310002EBCE13D385A7E3F9AFAE73D23437E3F1B
:109320007638EE3D722B7E3FC075F43D24137E3FB0
:1093300073B2FA3D38FA7D3F4577003EB1E07D3F9C
:109340000295033E8CC67D3F6EB2063ECCAB7D3FA0
:1093500086CF093E6E907D3F4AEC0C3E74747D3F93
:10936000B708103EDE577D3FCA24133EAC3A7D3F1E
:109370008340163EDD1C7D3FE05B193E73FE7C3F63
:10938000DE761C3E6CDF7C3F7B911F3EC9BF7C3F7D
:10939000B6AB223E8A9F7C3F8CC5253EB07E7C3F8B
:1093A000FCDE283E3A5D7C3F04F82B3E283B7C3FA8
:1093B000A2102F3E7A187C3FD428323E31F57B3FF5
:1093C0009840353E4DD17B3FEC57383ECDAC7B3F8E
:1093D000CF6E3B3EB2877B3F3E853E3EFC617B3F8E
:1093E000379B413EAB3B7B3FB9B0443EBE147B3F15
:1093F000C2C5473E37ED7A3F4FDA4A3E16C57A3F3F
:1094000060EE4D3E599C7A3FF101513E02737A3F26
:109410000115543E10497A3F8F27573E841E7A3FEC
:1094200097395A3E5EF3793F1A4B5D3E9DC7793FAF
:10943000135C603E439B793F836C633E4E6E793F85
:10944000667C663EC040793FBA8B693E9812793F90
:109450007F9A6C3ED6E3783FB2A86F3E7BB4783FEC
:1094600051B6723E8684783F5AC3753EF853783FB2
:10947000CCCF783ED122783FA4DB7B3E10F1773F02
:10948000E1E67E3EB7BE773FC0F8803EC58B773FB2
:10949000C07D823E3A58773F7002843E1724773F62
:1094A000CE86853E5BEF763FDA0A873E07BA763F87
:1094B000938E883E1B84763FF8118A3E974D763F07
:1094C00007958B3E7A16763FC0178D3EC6DE753FF8
:1094D000229A8E3E7BA6753F2C1C903E976D753F61
:1094E000DD9D913E1D34753F351F933E0BFA743F51
:1094F00031A0943E62BF743FD220963E2284743FD6
:1095000017A1973E4B48743FFE20993EDD0B743FF8
:1095100086A09A3ED9CE733FAF1F9C3E3F91733FCA
:10952000789E9D3E0E53733FDF1C9F3E4714733F52
:10953000E59AA03EEBD4723F8718A23EF894723FA2
:10954000C595A33E7054723F9F12A53E5213723FC1
:10955000128FA63E9FD1713F1F0BA83E578F713FC0
:10956000C486A93E7A4C713F0102AB3E0809713FA7
:10957000D47CAC3E02C5703F3CF7AD3E6680703F88
:109580003A71AF3E373B703FCBEAB03E73F56F3F69
:10959000EF63B23E1BAF6F3FA5DCB33E30686F3F59
:1095A000EC54B53EB0206F3FC3CCB63E9ED86E3F64
:1095B0002A44B83EF88F6E3F1EBBB93EBE466E3F92
:1095C000A031BB3EF2FC6D3FAFA7BC3E93B26D3FF6
:1095D0004A1DBE3EA1676D3F6F92BF3E1D1C6D3F91
:1095E0001E07C13E07D06C3F557BC23E5E836C3F79
:1095F00015EFC33E24366C3F5C62C53E58E86B3FB6
:1096000029D5C63EFB996B3F7C47C83E0C4B6B3F50
:1096100053B9C93E8CFB6A3FAE2ACB3E7BAB6A3F57
:109620008B9BCC3ED95A6A3FEA0BCE3EA7096A3FD4
:10963000CA7BCF3EE4B7693F2AEBD03E9165693FD4
:10964000095AD23EAE12693F67C8D33E3CBF683F5D
:109650004136D53E396B683F99A3D63EA816683F80
:109660006B10D83E87C1673FB97CD93ED86B673F46
:1096700080E8DA3E9915673FC153DC3ECCBE663FB9
:1096800079BEDD3E7167663FA928DF3E880F663FE1
:109690004F92E03E10B7653F6AFBE13E0B5E653FCF
:1096A000FA63E33E7904653FFECBE43E59AA643F8A
:1096B0007533E63EAC4F643F5D9AE73E73F4633F1B
:1096C000B700E93EAC98633F8166EA3E5A3C633F8F
:1096D000BBCBEB3E7BDF623F6330ED3E1082623FEF
:1096E0007994EE3E1A24623FFBF7EF3E98C5613F46
:1096F000EA5AF13E8A66613F43BDF23EF206613F9F
:10970000071FF43ECFA6603F3580F53E2146603FFF
:10971000CBE0F63EE9E45F3FC840F83E27835F3F79
:109720002DA0F93EDB205F3FF7FEFA3E05BE5E3F0F
:10973000275DFC3EA65A5E3FBBBAFD3EBEF65D3FCE
:10974000B217FF3E4D925D3F063A003F532D5D3FFD
:10975000E4E7003FD1C75C3F7395013FC7615C3FC1
:10976000B142023F34FB5B3F9FEF023F1A945B3FE5
:109770003D9C033F792C5B3F8948043F50C45A3FCE
:1097800084F4043FA05B5A3F2CA0053F6AF2593F86
:10979000824B063FAD88593F86F6063F6A1E593F09
:1097A00036A1073FA1B3583F924B083F5348583F5B
:1097B0009BF5083F7FDC573F4E9F093F2670573F80
:1097C000AD480A3F4803573FB7F10A3FE595563F7A
:1097D0006B9A0B3FFE27563FC9420C3F93B9553F4A
:1097E000D0EA0C3FA44A553F81920D3F31DB543FF4
:1097F000DA390E3F3B6B543FDBE00E3FC3FA533F79
:1098000084870F3FC789533FD52D103F4918533FD9
:10981000CDD3103F49A6523F6B79113FC633523F1B
:10982000B01E123FC2C0513F9AC3123F3D4D513F3F
:109830002A68133F37D9503F5F0C143FAF64503F45
:1098400039B0143FA8EF4F3FB753153F1F7A4F3F32
:10985000D9F6153F17044F3F9F99163F908D4E3F05
:10986000073C173F89164E3F12DE173F029F4D3FC0
:10987000C07F183FFD264D3F0F21193F79AE4C3F69
:1098800000C2193F78354C3F93621A3FF8BB4B3FFB
:10989000C6021B3FFA414B3F99A21B3F7FC74A3F7D
:1098A0000C421C3F874C4A3F1FE11C3F12D1493FED
:1098B000D17F1D3F2155493F221E1E3FB3D8483F4F
:1098C00012BC1E3FCA5B483F9F591F3F65DE473FA2
:1098D000CBF61F3F8560473F9393203F2AE2463FE8
:1098E000F92F213F5463463FFBCB213F03E4453F23
:1098F0009967223F3964453FD302233FF5E3443F54
:10990000A99D233F3763443F1A38243F00E2433F79
:1099100025D2243F5160433FCB6B253F29DE423F98
:109920000A05263F895B423FE39D263F70D8413FB1
:109930005636273FE154413F61CE273FDAD0403FC2
:109940000566283F5C4C403F41FD283F67C73F3FCD
:109950001594293FFC413F3F802A2A3F1BBC3E3FD4
:1099600082C02A3FC5353E3F1B562B3FF9AE3D3FD7
:109970004AEB2B3FB8273D3F0F802C3F03A03C3FD5
:1099800069142D3FD9173C3F59A82D3F3B8F3B3FD2
:10999000DE3B2E3F29063B3FF7CE2E3FA47C3A3FCD
:1099A000A5612F3FACF2393FE6F32F3F4268393FC4
:1099B000BB85303F65DD383F2217313F1652383FB7
:1099C0001DA8313F55C6373FAA38323F233A373FAB
:1099D000C9C8323F7FAD363F7A58333F6C20363F9F
:1099E000BCE7333FE792353F8F76343FF304353F92
:1099F000F304353F8F76343FE792353FBCE7333F82
:109A00006C20363F7A58333F7FAD363FC9C8323F6E
:109A1000233A373FAA38323F55C6373F1DA8313F5A
:109A20001652383F2217313F65DD383FBB85303F46
:109A30004268393FE6F32F3FACF2393FA5612F3F33
:109A4000A47C3A3FF7CE2E3F29063B3FDE3B2E3F1C
:109A50003B8F3B3F59A82D3FD9173C3F69142D3F01
:109A600003A03C3F0F802C3FB8273D3F4AEB2B3FE4
:109A7000F9AE3D3F1B562B3FC5353E3F82C02A3FC6
:109A80001BBC3E3F802A2A3FFC413F3F1594293FA3
:109A900067C73F3F41FD283F5C4C403F0566283F7C
:109AA000DAD0403F61CE273FE154413F5636273F51
:109AB00070D8413FE39D263F895B423F0A05263F20
:109AC00029DE423FCB6B253F5160433F25D2243FE7
:109AD00000E2433F1A38243F3763443FA99D233FA8
:109AE000F5E3443FD302233F3964453F9967223F62
:109AF00003E4453FFBCB213F5463463FF92F213F11
:109B00002AE2463F9393203F8560473FCBF61F3FB5
:109B100065DE473F9F591F3FCA5B483F12BC1E3F4F
:109B2000B3D8483F221E1E3F2155493FD17F1D3FDC
:109B300012D1493F1FE11C3F874C4A3F0C421C3F5A
:109B40007FC74A3F99A21B3FFA414B3FC6021B3FCA
:109B5000F8BB4B3F93621A3F78354C3F00C2193F28
:109B600079AE4C3F0F21193FFD264D3FC07F183F76
:109B7000029F4D3F12DE173F89164E3F073C173FAD
:109B8000908D4E3F9F99163F17044F3FD9F6153FD2
:109B90001F7A4F3FB753153FA8EF4F3F39B0143FDF
:109BA000AF64503F5F0C143F37D9503F2A68133FD2
:109BB0003D4D513F9AC3123FC2C0513FB01E123FAC
:109BC000C633523F6B79113F49A6523FCDD3103F68
:109BD0004918533FD52D103FC789533F84870F3F06
:109BE000C3FA533FDBE00E3F3B6B543FDA390E3F85
:109BF00031DB543F81920D3FA44A553FD0EA0C3FE0
:109C000093B9553FC9420C3FFE27563F6B9A0B3F15
:109C1000E595563FB7F10A3F4803573FAD480A3F25
:109C20002670573F4E9F093F7FDC573F9BF5083F0B
:109C30005348583F924B083FA1B3583F36A1073FC6
:109C40006A1E593F86F6063FAD88593F824B063F54
:109C50006AF2593F2CA0053FA05B5A3F84F4043FB1
:109C600050C45A3F8948043F792C5B3F3D9C033FD9
:109C70001A945B3F9FEF023F34FB5B3FB142023FD0
:109C8000C7615C3F7395013FD1C75C3FE4E7003F8C
:109C9000532D5D3F063A003F4D925D3FB217FF3EA8
:109CA000BEF65D3FBBBAFD3EA65A5E3F275DFC3E59
:109CB00005BE5E3FF7FEFA3EDB205F3F2DA0F93E7A
:109CC00027835F3FC840F83EE9E45F3FCBE0F63EC4
:109CD0002146603F3580F53ECFA6603F071FF43E2A
:109CE000F206613F43BDF23E8A66613FEA5AF13EA9
:109CF00098C5613FFBF7EF3E1A24623F7994EE3E30
:109D00001082623F6330ED3E7BDF623FBBCBEB3EB8
:109D10005A3C633F8166EA3EAC98633FB700E93E38
:109D200073F4633F5D9AE73EAC4F643F7533E63EA4
:109D300059AA643FFECBE43E7904653FFA63E33EF3
:109D40000B5E653F6AFBE13E10B7653F4F92E03E18
:109D5000880F663FA928DF3E7167663F79BEDD3E0A
:109D6000CCBE663FC153DC3E9915673F80E8DA3EC2
:109D7000D86B673FB97CD93E87C1673F6B10D83E2F
:109D8000A816683F99A3D63E396B683F4136D53E49
:109D90003CBF683F67C8D33EAE12693F095AD23E06
:109DA0009165693F2AEBD03EE4B7693FCA7BCF3E5D
:109DB000A7096A3FEA0BCE3ED95A6A3F8B9BCC3E3D
:109DC0007BAB6A3FAE2ACB3E8CFB6A3F53B9C93EA0
:109DD0000C4B6B3F7C47C83EFB996B3F29D5C63E79
:109DE00058E86B3F5C62C53E24366C3F15EFC33EBE
:109DF0005E836C3F557BC23E07D06C3F1E07C13E61
:109E00001D1C6D3F6F92BF3EA1676D3F4A1DBE3E58
:109E100093B26D3FAFA7BC3EF2FC6D3FA031BB3E9D
:109E2000BE466E3F1EBBB93EF88F6E3F2A44B83E19
:109E30009ED86E3FC3CCB63EB0206F3FEC54B53ECB
:109E400030686F3FA5DCB33E1BAF6F3FEF63B23EA0
:109E500073F56F3FCBEAB03E373B703F3A71AF3E90
:109E60006680703F3CF7AD3E02C5703FD47CAC3E8F
:109E70000809713F0102AB3E7A4C713FC486A93E8E
:109E8000578F713F1F0BA83E9FD1713F128FA63E87
:109E90005213723F9F12A53E7054723FC595A33E68
:109EA000F894723F8718A23EEBD4723FE59AA03E29
:109EB0004714733FDF1C9F3E0E53733F789E9D3EB9
:109EC0003F91733FAF1F9C3ED9CE733F86A09A3E11
:109ED000DD0B743FFE20993E4B48743F17A1973E1F
:109EE0002284743FD220963E62BF743F31A0943EDC
:109EF0000BFA743F351F933E1D34753FDD9D913E37
:109F0000976D753F2C1C903E7BA6753F229A8E3E26
:109F1000C6DE753FC0178D3E7A16763F07958B3E9D
:109F2000974D763FF8118A3E1B84763F938E883E8C
:109F300007BA763FDA0A873E5BEF763FCE86853EEC
:109F40001724773F7002843E3A58773FC07D823EA7
:109F5000C58B773FC0F8803EB7BE773FE1E67E3ED7
:109F600010F1773FA4DB7B3ED122783FCCCF783E07
:109F7000F853783F5AC3753E8684783F51B6723E97
:109F80007BB4783FB2A86F3ED6E3783F7F9A6C3EB1
:109F90009812793FBA8B693EC040793F667C663E35
:109FA0004E6E793F836C633E439B793F135C603E0A
:109FB0009DC7793F1A4B5D3E5EF3793F97395A3E14
:109FC000841E7A3F8F27573E10497A3F0115543E31
:109FD00002737A3FF101513E599C7A3F60EE4D3E4B
:109FE00016C57A3F4FDA4A3E37ED7A3FC2C5473E43
:109FF000BE147B3FB9B0443EAB3B7B3F379B413EF9
:10A00000FC617B3F3E853E3EB2877B3FCF6E3B3E51
:10A01000CDAC7B3FEC57383E4DD17B3F9840353E31
:10A0200031F57B3FD428323E7A187C3FA2102F3E78
:10A03000283B7C3F04F82B3E3A5D7C3FFCDE283E0B
:10A04000B07E7C3F8CC5253E8A9F7C3FB6AB223ECE
:10A05000C9BF7C3F7B911F3E6CDF7C3FDE761C3EA0
:10A0600073FE7C3FE05B193EDD1C7D3F8340163E66
:10A07000AC3A7D3FCA24133EDE577D3FB708103E01
:10A0800074747D3F4AEC0C3E6E907D3F86CF093E56
:10A09000CCAB7D3F6EB2063E8CC67D3F0295033E43
:10A0A000B1E07D3F4577003E38FA7D3F73B2FA3D1F
:10A0B00024137E3FC075F43D722B7E3F7638EE3D13
:10A0C00023437E3F9AFAE73D385A7E3F2EBCE13D5E
:10A0D000B0707E3F377DDB3D8B867E3FB93DD53D01
:10A0E000C99B7E3FB7FDCE3D69B07E3F36BDC83DC2
:10A0F0006DC47E3F397CC23DD4D77E3FC33ABC3D60
:10A100009DEA7E3FDAF8B53DC9FC7E3F80B6AF3DA3
:10A11000580E7F3FBA73A93D491F7F3F8C30A33D46
:10A120009D2F7F3FF9EC9C3D543F7F3F05A9963D15
:10A130006D4E7F3FB464903DE95C7F3F0A208A3DCD
:10A14000C76A7F3F0ADB833D08787F3F742B7B3DE6
:10A15000AB847F3F38A06E3DB1907F3F6814623D75
:10A16000189C7F3F0E88553DE3A67F3F2FFB483D5F
:10A170000FB17F3FD56D3C3D9EBA7F3F07E02F3D3D
:10A180008FC37F3FCC51233DE2CB7F3F2CC3163D95
:10A1900098D37F3F2F340A3DAFDA7F3FB949FB3C6C
:10A1A00029E17F3F7B2AE23C05E77F3FB00AC93CBB
:10A1B00043EC7F3F69EAAF3CE3F07F3FB6C9963C92
:10A1C000E6F47F3F4B517B3C4AF87F3F900E493C81
:10A1D00011FB7F3F59CB163C39FD7F3F890FC93BAF
:10A1E000C4FE7F3FC70F493BB1FF7F3F0000000027
:10A1F0000000803FC70F49BBB1FF7F3F890FC9BB3C
:10A20000C4FE7F3F59CB16BC39FD7F3F900E49BC41
:10A2100011FB7F3F4B517BBC4AF87F3FB6C996BCD0
:10A22000E6F47F3F69EAAFBCE3F07F3FB00AC9BC08
:10A2300043EC7F3F7B2AE2BC05E77F3FB949FBBC8B
:10A2400029E17F3F2F340ABDAFDA7F3F2CC316BD13
:10A2500098D37F3FCC5123BDE2CB7F3F07E02FBD9A
:10A260008FC37F3FD56D3CBD9EBA7F3F2FFB48BD5E
:10A270000FB17F3F0E8855BDE3A67F3F681462BDD6
:10A28000189C7F3F38A06EBDB1907F3F742B7BBD83
:10A29000AB847F3F0ADB83BD08787F3F0A208ABDFD
:10A2A000C76A7F3FB46490BDE95C7F3F05A996BD56
:10A2B0006D4E7F3FF9EC9CBD543F7F3F8C30A3BD7A
:10A2C0009D2F7F3FBA73A9BD491F7F3F80B6AFBDA9
:10A2D000580E7F3FDAF8B5BDC9FC7E3FC33ABCBD1E
:10A2E0009DEA7E3F397CC2BDD4D77E3F36BDC8BD16
:10A2F0006DC47E3FB7FDCEBD69B07E3FB93DD5BDD3
:10A30000C99B7E3F377DDBBD8B867E3F2EBCE1BD8A
:10A31000B0707E3F9AFAE7BD385A7E3F7638EEBD80
:10A3200023437E3FC075F4BD722B7E3F73B2FABDEE
:10A3300024137E3F457700BE38FA7D3F029503BE69
:10A34000B1E07D3F6EB206BE8CC67D3F86CF09BEB2
:10A35000CCAB7D3F4AEC0CBE6E907D3FB70810BE83
:10A3600074747D3FCA2413BEDE577D3F834016BE02
:10A37000AC3A7D3FE05B19BEDD1C7D3FDE761CBE46
:10A3800073FE7C3F7B911FBE6CDF7C3FB6AB22BE71
:10A39000C9BF7C3F8CC525BE8A9F7C3FFCDE28BEA2
:10A3A000B07E7C3F04F82BBE3A5D7C3FA2102FBEEE
:10A3B000283B7C3FD42832BE7A187C3F984035BE7B
:10A3C00031F57B3FEC5738BE4DD17B3FCF6E3BBE66
:10A3D000CDAC7B3F3E853EBEB2877B3F379B41BEC7
:10A3E000FC617B3FB9B044BEAB3B7B3FC2C547BEBF
:10A3F000BE147B3F4FDA4ABE37ED7A3F60EE4DBE6A
:10A4000016C57A3FF10151BE599C7A3F011554BEE1
:10A4100002737A3F8F2757BE10497A3F97395ABE49
:10A42000841E7A3F1A4B5DBE5EF3793F135C60BEBB
:10A430009DC7793F836C63BE439B793F667C66BE54
:10A440004E6E793FBA8B69BEC040793F7F9A6CBE31
:10A450009812793FB2A86FBED6E3783F51B672BE6C
:10A460007BB4783F5AC375BE8684783FCCCF78BE24
:10A47000F853783FA4DB7BBED122783FE1E67EBE75
:10A4800010F1773FC0F880BEB7BE773FC07D82BE77
:10A49000C58B773F700284BE3A58773FCE8685BE23
:10A4A0001724773FDA0A87BE5BEF763F938E88BE2C
:10A4B00007BA763FF8118ABE1B84763F07958BBE9C
:10A4C000974D763FC0178DBE7A16763F229A8EBE84
:10A4D000C6DE753F2C1C90BE7BA6753FDD9D91BEF0
:10A4E000976D753F351F93BE1D34753F31A094BEE7
:10A4F0000BFA743FD22096BE62BF743F17A197BE7D
:10A500002284743FFE2099BE4B48743F86A09ABEB9
:10A51000DD0B743FAF1F9CBED9CE733F789E9DBEAE
:10A520003F91733FDF1C9FBE0E53733FE59AA0BE61
:10A530004714733F8718A2BEEBD4723FC595A3BEE4
:10A54000F894723F9F12A5BE7054723F128FA6BE40
:10A550005213723F1F0BA8BE9FD1713FC486A9BE84
:10A56000578F713F0102ABBE7A4C713FD47CACBEB9
:10A570000809713F3CF7ADBE02C5703F3A71AFBEEE
:10A580006680703FCBEAB0BE373B703FEF63B2BE30
:10A5900073F56F3FA5DCB3BE1BAF6F3FEC54B5BE88
:10A5A00030686F3FC3CCB6BEB0206F3F2A44B8BE00
:10A5B0009ED86E3F1EBBB9BEF88F6E3FA031BBBEAA
:10A5C000BE466E3FAFA7BCBEF2FC6D3F4A1DBEBE8D
:10A5D00093B26D3F6F92BFBEA1676D3F1E07C1BEB4
:10A5E0001D1C6D3F557BC2BE07D06C3F15EFC3BE2F
:10A5F0005E836C3F5C62C5BE24366C3F29D5C6BE07
:10A6000058E86B3F7C47C8BEFB996B3F53B9C9BE46
:10A610000C4B6B3FAE2ACBBE8CFB6A3F8B9BCCBEF8
:10A620007BAB6A3FEA0BCEBED95A6A3FCA7BCFBE2C
:10A63000A7096A3F2AEBD0BEE4B7693F095AD2BEE8
:10A640009165693F67C8D3BEAE12693F4136D5BE3A
:10A650003CBF683F99A3D6BE396B683F6B10D8BE2C
:10A66000A816683FB97CD9BE87C1673F80E8DABECB
:10A67000D86B673FC153DCBE9915673F79BEDDBE1D
:10A68000CCBE663FA928DFBE7167663F4F92E0BE31
:10A69000880F663F6AFBE1BE10B7653FFA63E3BE11
:10A6A0000B5E653FFECBE4BE7904653F7533E6BEC5
:10A6B00059AA643F5D9AE7BEAC4F643FB700E9BE5C
:10A6C00073F4633F8166EABEAC98633FBBCBEBBEDD
:10A6D0005A3C633F6330EDBE7BDF623F7994EEBE50
:10A6E0001082623FFBF7EFBE1A24623FEA5AF1BEC6
:10A6F00098C5613F43BDF2BE8A66613F071FF4BE45
:10A70000F206613F3580F5BECFA6603FCBE0F6BED6
:10A710002146603FC840F8BEE9E45F3F2DA0F9BE86
:10A7200027835F3FF7FEFABEDB205F3F275DFCBE5D
:10A7300005BE5E3FBBBAFDBEA65A5E3FB217FFBE66
:10A74000BEF65D3F063A00BF4D925D3FE4E700BFB5
:10A75000532D5D3F739501BFD1C75C3FB14202BF2E
:10A76000C7615C3F9FEF02BF34FB5B3F3D9C03BF73
:10A770001A945B3F894804BF792C5B3F84F404BF83
:10A7800050C45A3F2CA005BFA05B5A3F824B06BF66
:10A790006AF2593F86F606BFAD88593F36A107BF1A
:10A7A0006A1E593F924B08BFA1B3583F9BF508BFA3
:10A7B0005348583F4E9F09BF7FDC573FAD480ABF03
:10A7C0002670573FB7F10ABF4803573F6B9A0BBF3C
:10A7D000E595563FC9420CBFFE27563FD0EA0CBF55
:10A7E00093B9553F81920DBFA44A553FDA390EBF48
:10A7F00031DB543FDBE00EBF3B6B543F84870FBF20
:10A80000C3FA533FD52D10BFC789533FCDD310BFD7
:10A810004918533F6B7911BF49A6523FB01E12BF72
:10A82000C633523F9AC312BFC2C0513F2A6813BFFA
:10A830003D4D513F5F0C14BF37D9503F39B014BF65
:10A84000AF64503FB75315BFA8EF4F3FD9F615BFC0
:10A850001F7A4F3F9F9916BF17044F3F073C17BF02
:10A86000908D4E3F12DE17BF89164E3FC07F18BF36
:10A87000029F4D3F0F2119BFFD264D3F00C219BF5A
:10A8800079AE4C3F93621ABF78354C3FC6021BBF6E
:10A89000F8BB4B3F99A21BBFFA414B3F0C421CBF78
:10A8A0007FC74A3F1FE11CBF874C4A3FD17F1DBF76
:10A8B00012D1493F221E1EBF2155493F12BC1EBF67
:10A8C000B3D8483F9F591FBFCA5B483FCBF61FBF55
:10A8D00065DE473F939320BF8560473FF92F21BF37
:10A8E0002AE2463FFBCB21BF5463463F996722BF14
:10A8F00003E4453FD30223BF3964453FA99D23BFED
:10A90000F5E3443F1A3824BF3763443F25D224BFC0
:10A9100000E2433FCB6B25BF5160433F0A0526BF92
:10A9200029DE423FE39D26BF895B423F563627BF63
:10A9300070D8413F61CE27BFE154413F056628BF33
:10A94000DAD0403F41FD28BF5C4C403F159429BF01
:10A9500067C73F3F802A2ABFFC413F3F82C02ABFD2
:10A960001BBC3E3F1B562BBFC5353E3F4AEB2BBFA2
:10A97000F9AE3D3F0F802CBFB8273D3F69142DBF76
:10A9800003A03C3F59A82DBFD9173C3FDE3B2EBF4B
:10A990003B8F3B3FF7CE2EBF29063B3FA5612FBF24
:10A9A000A47C3A3FE6F32FBFACF2393FBB8530BF02
:10A9B0004268393F221731BF65DD383F1DA831BFDE
:10A9C0001652383FAA3832BF55C6373FC9C832BFC2
:10A9D000233A373F7A5833BF7FAD363FBCE733BFAA
:10A9E0006C20363F8F7634BFE792353FF30435BF96
:10A9F000F304353FE79235BF8F76343F6C2036BF86
:10AA0000BCE7333F7FAD36BF7A58333F233A37BF79
:10AA1000C9C8323F55C637BFAA38323F165238BF71
:10AA20001DA8313F65DD38BF2217313F426839BF6D
:10AA3000BB85303FACF239BFE6F32F3FA47C3ABF71
:10AA4000A5612F3F29063BBFF7CE2E3F3B8F3BBF73
:10AA5000DE3B2E3FD9173CBF59A82D3F03A03CBF7A
:10AA600069142D3FB8273DBF0F802C3FF9AE3DBF85
:10AA70004AEB2B3FC5353EBF1B562B3F1BBC3EBF91
:10AA800082C02A3FFC413FBF802A2A3F67C73FBFA1
:10AA90001594293F5C4C40BF41FD283FDAD040BFB0
:10AAA0000566283FE15441BF61CE273F70D841BFC2
:10AAB0005636273F895B42BFE39D263F29DE42BFD2
:10AAC0000A05263F516043BFCB6B253F00E243BFE1
:10AAD00025D2243F376344BF1A38243FF5E344BFEF
:10AAE000A99D233F396445BFD302233F03E445BFFB
:10AAF0009967223F546346BFFBCB213F2AE246BF02
:10AB0000F92F213F856047BF9393203F65DE47BF04
:10AB1000CBF61F3FCA5B48BF9F591F3FB3D848BF02
:10AB200012BC1E3F215549BF221E1E3F12D149BFF4
:10AB3000D17F1D3F874C4ABF1FE11C3F7FC74ABFE3
:10AB40000C421C3FFA414BBF99A21B3FF8BB4BBFC5
:10AB5000C6021B3F78354CBF93621A3F79AE4CBF9B
:10AB600000C2193FFD264DBF0F21193F029F4DBF67
:10AB7000C07F183F89164EBF12DE173F908D4EBF23
:10AB8000073C173F17044FBF9F99163F1F7A4FBFCF
:10AB9000D9F6153FA8EF4FBFB753153FAF6450BF6D
:10ABA00039B0143F37D950BF5F0C143F3D4D51BFF2
:10ABB0002A68133FC2C051BF9AC3123FC63352BF67
:10ABC000B01E123F49A652BF6B79113F491853BFBF
:10ABD000CDD3103FC78953BFD52D103FC3FA53BF04
:10ABE00084870F3F3B6B54BFDBE00E3F31DB54BF2C
:10ABF000DA390E3FA44A55BF81920D3F93B955BF34
:10AC0000D0EA0C3FFE2756BFC9420C3FE59556BF20
:10AC10006B9A0B3F480357BFB7F10A3F267057BFE7
:10AC2000AD480A3F7FDC57BF4E9F093F534858BF8E
:10AC30009BF5083FA1B358BF924B083F6A1E59BF0E
:10AC400036A1073FAD8859BF86F6063F6AF259BF65
:10AC5000824B063FA05B5ABF2CA0053F50C45ABF91
:10AC600084F4043F792C5BBF8948043F1A945BBF8E
:10AC70003D9C033F34FB5BBF9FEF023FC7615CBF5E
:10AC8000B142023FD1C75CBF7395013F532D5DBFF9
:10AC9000E4E7003F4D925DBF063A003FBEF65DBF60
:10ACA000B217FF3EA65A5EBFBBBAFD3E05BE5EBFF1
:10ACB000275DFC3EDB205FBFF7FEFA3E27835FBFC8
:10ACC0002DA0F93EE9E45FBFC840F83E214660BFD1
:10ACD000CBE0F63ECFA660BF3580F53EF20661BF01
:10ACE000071FF43E8A6661BF43BDF23E98C561BF4F
:10ACF000EA5AF13E1A2462BFFBF7EF3E108262BFB0
:10AD00007994EE3E7BDF62BF6330ED3E5A3C63BF19
:10AD1000BBCBEB3EAC9863BF8166EA3E73F463BF86
:10AD2000B700E93EAC4F64BF5D9AE73E59AA64BFE5
:10AD30007533E63E790465BFFECBE43E0B5E65BF2E
:10AD4000FA63E33E10B765BF6AFBE13E880F66BF5A
:10AD50004F92E03E716766BFA928DF3ECCBE66BF5A
:10AD600079BEDD3E991567BFC153DC3ED86B67BF26
:10AD700080E8DA3E87C167BFB97CD93EA81668BFB4
:10AD80006B10D83E396B68BF99A3D63E3CBF68BFF5
:10AD90004136D53EAE1269BF67C8D33E916569BFE3
:10ADA000095AD23EE4B769BF2AEBD03EA7096ABF71
:10ADB000CA7BCF3ED95A6ABFEA0BCE3E7BAB6ABF95
:10ADC0008B9BCC3E8CFB6ABFAE2ACB3E0C4B6BBF41
:10ADD00053B9C93EFB996BBF7C47C83E58E86BBF6F
:10ADE00029D5C63E24366CBF5C62C53E5E836CBF0F
:10ADF00015EFC33E07D06CBF557BC23E1D1C6DBF17
:10AE00001E07C13EA1676DBF6F92BF3E93B26DBF7B
:10AE10004A1DBE3EF2FC6DBFAFA7BC3EBE466EBF34
:10AE2000A031BB3EF88F6EBF1EBBB93E9ED86EBF31
:10AE30002A44B83EB0206FBFC3CCB63E30686FBF67
:10AE4000EC54B53E1BAF6FBFA5DCB33E73F56FBFCF
:10AE5000EF63B23E373B70BFCBEAB03E668070BF57
:10AE60003A71AF3E02C570BF3CF7AD3E080971BFF5
:10AE7000D47CAC3E7A4C71BF0102AB3E578F71BFA0
:10AE8000C486A93E9FD171BF1F0BA83E521372BF4B
:10AE9000128FA63E705472BF9F12A53EF89472BFE7
:10AEA000C595A33EEBD472BF8718A23E471473BF6B
:10AEB000E59AA03E0E5373BFDF1C9F3E3F9173BFC8
:10AEC000789E9D3ED9CE73BFAF1F9C3EDD0B74BFF5
:10AED00086A09A3E4B4874BFFE20993E228474BFE0
:10AEE00017A1973E62BF74BFD220963E0BFA74BF83
:10AEF00031A0943E1D3475BF351F933E976D75BFCD
:10AF0000DD9D913E7BA675BF2C1C903EC6DE75BFB5
:10AF1000229A8E3E7A1676BFC0178D3E974D76BF29
:10AF200007958B3E1B8476BFF8118A3E07BA76BF21
:10AF3000938E883E5BEF76BFDA0A873E172477BF91
:10AF4000CE86853E3A5877BF7002843EC58B77BF68
:10AF5000C07D823EB7BE77BFC0F8803E10F177BF9C
:10AF6000E1E67E3ED12278BFA4DB7B3EF85378BF7A
:10AF7000CCCF783E868478BF5AC3753E7BB478BF09
:10AF800051B6723ED6E378BFB2A86F3E981279BF31
:10AF90007F9A6C3EC04079BFBA8B693E4E6E79BFD6
:10AFA000667C663E439B79BF836C633E9DC779BFD9
:10AFB000135C603E5EF379BF1A4B5D3E841E7ABF20
:10AFC00097395A3E10497ABF8F27573E02737ABF8E
:10AFD0000115543E599C7ABFF101513E16C57ABF06
:10AFE00060EE4D3E37ED7ABF4FDA4A3EBE147BBF6E
:10AFF000C2C5473EAB3B7BBFB9B0443EFC617BBFA3
:10B00000379B413EB2877BBF3E853E3ECDAC7BBF8A
:10B01000CF6E3B3E4DD17BBFEC57383E31F57BBF09
:10B020009840353E7A187CBFD428323E283B7CBFFE
:10B03000A2102F3E3A5D7CBF04F82B3EB07E7CBF51
:10B04000FCDE283E8A9F7CBF8CC5253EC9BF7CBFE5
:10B05000B6AB223E6CDF7CBF7B911F3E73FE7CBF94
:10B06000DE761C3EDD1C7DBFE05B193EAC3A7DBF49
:10B070008340163EDE577DBFCA24133E74747DBFE5
:10B08000B708103E6E907DBF4AEC0C3ECCAB7DBF46
:10B0900086CF093E8CC67DBF6EB2063EB1E07DBF55
:10B0A0000295033E38FA7DBF4577003E24137EBFEC
:10B0B00073B2FA3D722B7EBFC075F43D23437EBF51
:10B0C0007638EE3D385A7EBF9AFAE73DB0707EBFC3
:10B0D0002EBCE13D8B867EBF377DDB3DC99B7EBFAD
:10B0E000B93DD53D69B07EBFB7FDCE3D6DC47EBFD5
:10B0F00036BDC83DD4D77EBF397CC23D9DEA7EBFF8
:10B10000C33ABC3DC9FC7EBFDAF8B53D580E7FBFDF
:10B1100080B6AF3D491F7FBFBA73A93D9D2F7FBF4A
:10B120008C30A33D543F7FBFF9EC9C3D6D4E7FBFFB
:10B1300005A9963DE95C7FBFB464903DC76A7FBFB7
:10B140000A208A3D08787FBF0ADB833DAB847FBF3E
:10B15000742B7B3DB1907FBF38A06E3D189C7FBFA4
:10B160006814623DE3A67FBF0E88553D0FB17FBFD7
:10B170002FFB483D9EBA7FBFD56D3C3D8FC37FBF3F
:10B1800007E02F3DE2CB7FBFCC51233D98D37FBF5B
:10B190002CC3163DAFDA7FBF2F340A3D29E17FBFB4
:10B1A000B949FB3C05E77FBF7B2AE23C43EC7FBF0C
:10B1B000B00AC93CE3F07FBF69EAAF3CE6F47FBF69
:10B1C000B6C9963C4AF87FBF4B517B3C11FB7FBF11
:10B1D000900E493C39FD7FBF59CB163CC4FE7FBF62
:10B1E000890FC93BB1FF7FBFC70F493B000080BF3C
:10B1F00000000000B1FF7FBFC70F49BBC4FE7FBF87
:10B20000890FC9BB39FD7FBF59CB16BC11FB7FBF6E
:10B21000900E49BC4AF87FBF4B517BBCE6F47FBF20
:10B22000B6C996BCE3F07FBF69EAAFBC43EC7FBF11
:10B23000B00AC9BC05E77FBF7B2AE2BC29E17FBF1A
:10B24000B949FBBCAFDA7FBF2F340ABD98D37FBFAB
:10B250002CC316BDE2CB7FBFCC5123BD8FC37FBFB4
:10B2600007E02FBD9EBA7FBFD56D3CBD0FB17FBF3C
:10B270002FFB48BDE3A67FBF0E8855BD189C7FBF3E
:10B28000681462BDB1907FBF38A06EBDAB847FBF34
:10B29000742B7BBD08787FBF0ADB83BDC76A7FBF85
:10B2A0000A208ABDE95C7FBFB46490BD6D4E7FBF4C
:10B2B00005A996BD543F7FBFF9EC9CBD9D2F7FBF74
:10B2C0008C30A3BD491F7FBFBA73A9BD580E7FBF85
:10B2D00080B6AFBDC9FC7EBFDAF8B5BD9DEA7EBFC2
:10B2E000C33ABCBDD4D77EBF397CC2BD6DC47EBF5E
:10B2F00036BDC8BD69B07EBFB7FDCEBDC99B7EBFA0
:10B30000B93DD5BD8B867EBF377DDBBDB0707EBFBE
:10B310002EBCE1BD385A7EBF9AFAE7BD23437EBFFB
:10B320007638EEBD722B7EBFC075F4BD24137EBF90
:10B3300073B2FABD38FA7DBF457700BEB1E07DBF7C
:10B34000029503BE8CC67DBF6EB206BECCAB7DBF80
:10B3500086CF09BE6E907DBF4AEC0CBE74747DBF73
:10B36000B70810BEDE577DBFCA2413BEAC3A7DBFFE
:10B37000834016BEDD1C7DBFE05B19BE73FE7CBF43
:10B38000DE761CBE6CDF7CBF7B911FBEC9BF7CBF5D
:10B39000B6AB22BE8A9F7CBF8CC525BEB07E7CBF6B
:10B3A000FCDE28BE3A5D7CBF04F82BBE283B7CBF88
:10B3B000A2102FBE7A187CBFD42832BE31F57BBFD5
:10B3C000984035BE4DD17BBFEC5738BECDAC7BBF6E
:10B3D000CF6E3BBEB2877BBF3E853EBEFC617BBF6E
:10B3E000379B41BEAB3B7BBFB9B044BEBE147BBFF5
:10B3F000C2C547BE37ED7ABF4FDA4ABE16C57ABF1F
:10B4000060EE4DBE599C7ABFF10151BE02737ABF06
:10B41000011554BE10497ABF8F2757BE841E7ABFCC
:10B4200097395ABE5EF379BF1A4B5DBE9DC779BF8F
:10B43000135C60BE439B79BF836C63BE4E6E79BF65
:10B44000667C66BEC04079BFBA8B69BE981279BF70
:10B450007F9A6CBED6E378BFB2A86FBE7BB478BFCC
:10B4600051B672BE868478BF5AC375BEF85378BF92
:10B47000CCCF78BED12278BFA4DB7BBE10F177BFE2
:10B48000E1E67EBEB7BE77BFC0F880BEC58B77BF92
:10B49000C07D82BE3A5877BF700284BE172477BF42
:10B4A000CE8685BE5BEF76BFDA0A87BE07BA76BF67
:10B4B000938E88BE1B8476BFF8118ABE974D76BFE7
:10B4C00007958BBE7A1676BFC0178DBEC6DE75BFD8
:10B4D000229A8EBE7BA675BF2C1C90BE976D75BF41
:10B4E000DD9D91BE1D3475BF351F93BE0BFA74BF31
:10B4F00031A094BE62BF74BFD22096BE228474BFB6
:10B5000017A197BE4B4874BFFE2099BEDD0B74BFD8
:10B5100086A09ABED9CE73BFAF1F9CBE3F9173BFAA
:10B52000789E9DBE0E5373BFDF1C9FBE471473BF32
:10B53000E59AA0BEEBD472BF8718A2BEF89472BF82
:10B54000C595A3BE705472BF9F12A5BE521372BFA1
:10B55000128FA6BE9FD171BF1F0BA8BE578F71BFA0
:10B56000C486A9BE7A4C71BF0102ABBE080971BF87
:10B57000D47CACBE02C570BF3CF7ADBE668070BF68
:10B580003A71AFBE373B70BFCBEAB0BE73F56FBF49
:10B59000EF63B2BE1BAF6FBFA5DCB3BE30686FBF39
:10B5A000EC54B5BEB0206FBFC3CCB6BE9ED86EBF44
:10B5B0002A44B8BEF88F6EBF1EBBB9BEBE466EBF72
:10B5C000A031BBBEF2FC6DBFAFA7BCBE93B26DBFD6
:10B5D0004A1DBEBEA1676DBF6F92BFBE1D1C6DBF71
:10B5E0001E07C1BE07D06CBF557BC2BE5E836CBF59
:10B5F00015EFC3BE24366CBF5C62C5BE58E86BBF96
:10B6000029D5C6BEFB996BBF7C47C8BE0C4B6BBF30
:10B6100053B9C9BE8CFB6ABFAE2ACBBE7BAB6ABF37
:10B620008B9BCCBED95A6ABFEA0BCEBEA7096ABFB4
:10B63000CA7BCFBEE4B769BF2AEBD0BE916569BFB4
:10B64000095AD2BEAE1269BF67C8D3BE3CBF68BF3D
:10B650004136D5BE396B68BF99A3D6BEA81668BF60
:10B660006B10D8BE87C167BFB97CD9BED86B67BF26
:10B6700080E8DABE991567BFC153DCBECCBE66BF99
:10B6800079BEDDBE716766BFA928DFBE880F66BFC1
:10B690004F92E0BE10B765BF6AFBE1BE0B5E65BFAF
:10B6A000FA63E3BE790465BFFECBE4BE59AA64BF6A
:10B6B0007533E6BEAC4F64BF5D9AE7BE73F463BFFB
:10B6C000B700E9BEAC9863BF8166EABE5A3C63BF6F
:10B6D000BBCBEBBE7BDF62BF6330EDBE108262BFCF
:10B6E0007994EEBE1A2462BFFBF7EFBE98C561BF26
:10B6F000EA5AF1BE8A6661BF43BDF2BEF20661BF7F
:10B70000071FF4BECFA660BF3580F5BE214660BFDF
:10B71000CBE0F6BEE9E45FBFC840F8BE27835FBF59
:10B720002DA0F9BEDB205FBFF7FEFABE05BE5EBFEF
:10B73000275DFCBEA65A5EBFBBBAFDBEBEF65DBFAE
:10B74000B217FFBE4D925DBF063A00BF532D5DBFDD
:10B75000E4E700BFD1C75CBF739501BFC7615CBFA1
:10B76000B14202BF34FB5BBF9FEF02BF1A945BBFC5
:10B770003D9C03BF792C5BBF894804BF50C45ABFAE
:10B7800084F404BFA05B5ABF2CA005BF6AF259BF66
:10B79000824B06BFAD8859BF86F606BF6A1E59BFE9
:10B7A00036A107BFA1B358BF924B08BF534858BF3B
:10B7B0009BF508BF7FDC57BF4E9F09BF267057BF60
:10B7C000AD480ABF480357BFB7F10ABFE59556BF5A
:10B7D0006B9A0BBFFE2756BFC9420CBF93B955BF2A
:10B7E000D0EA0CBFA44A55BF81920DBF31DB54BFD4
:10B7F000DA390EBF3B6B54BFDBE00EBFC3FA53BF59
:10B8000084870FBFC78953BFD52D10BF491853BFB9
:10B81000CDD310BF49A652BF6B7911BFC63352BFFB
:10B82000B01E12BFC2C051BF9AC312BF3D4D51BF1F
:10B830002A6813BF37D950BF5F0C14BFAF6450BF25
:10B8400039B014BFA8EF4FBFB75315BF1F7A4FBF12
:10B85000D9F615BF17044FBF9F9916BF908D4EBFE5
:10B86000073C17BF89164EBF12DE17BF029F4DBFA0
:10B87000C07F18BFFD264DBF0F2119BF79AE4CBF49
:10B8800000C219BF78354CBF93621ABFF8BB4BBFDB
:10B89000C6021BBFFA414BBF99A21BBF7FC74ABF5D
:10B8A0000C421CBF874C4ABF1FE11CBF12D149BFCD
:10B8B000D17F1DBF215549BF221E1EBFB3D848BF2F
:10B8C00012BC1EBFCA5B48BF9F591FBF65DE47BF82
:10B8D000CBF61FBF856047BF939320BF2AE246BFC8
:10B8E000F92F21BF546346BFFBCB21BF03E445BF03
:10B8F000996722BF396445BFD30223BFF5E344BF34
:10B90000A99D23BF376344BF1A3824BF00E243BF59
:10B9100025D224BF516043BFCB6B25BF29DE42BF78
:10B920000A0526BF895B42BFE39D26BF70D841BF91
:10B93000563627BFE15441BF61CE27BFDAD040BFA2
:10B94000056628BF5C4C40BF41FD28BF67C73FBFAD
:10B95000159429BFFC413FBF802A2ABF1BBC3EBFB4
:10B9600082C02ABFC5353EBF1B562BBFF9AE3DBFB7
:10B970004AEB2BBFB8273DBF0F802CBF03A03CBFB5
:10B9800069142DBFD9173CBF59A82DBF3B8F3BBFB2
:10B99000DE3B2EBF29063BBFF7CE2EBFA47C3ABFAD
:10B9A000A5612FBFACF239BFE6F32FBF426839BFA4
:10B9B000BB8530BF65DD38BF221731BF165238BF97
:10B9C0001DA831BF55C637BFAA3832BF233A37BF8B
:10B9D000C9C832BF7FAD36BF7A5833BF6C2036BF7F
:10B9E000BCE733BFE79235BF8F7634BFF30435BF72
:10B9F000F30435BF8F7634BFE79235BFBCE733BF62
:10BA00006C2036BF7A5833BF7FAD36BFC9C832BF4E
:10BA1000233A37BFAA3832BF55C637BF1DA831BF3A
:10BA2000165238BF221731BF65DD38BFBB8530BF26
:10BA3000426839BFE6F32FBFACF239BFA5612FBF13
:10BA4000A47C3ABFF7CE2EBF29063BBFDE3B2EBFFC
:10BA50003B8F3BBF59A82DBFD9173CBF69142DBFE1
:10BA600003A03CBF0F802CBFB8273DBF4AEB2BBFC4
:10BA7000F9AE3DBF1B562BBFC5353EBF82C02ABFA6
:10BA80001BBC3EBF802A2ABFFC413FBF159429BF83
:10BA900067C73FBF41FD28BF5C4C40BF056628BF5C
:10BAA000DAD040BF61CE27BFE15441BF563627BF31
:10BAB00070D841BFE39D26BF895B42BF0A0526BF00
:10BAC00029DE42BFCB6B25BF516043BF25D224BFC7
:10BAD00000E243BF1A3824BF376344BFA99D23BF88
:10BAE000F5E344BFD30223BF396445BF996722BF42
:10BAF00003E445BFFBCB21BF546346BFF92F21BFF1
:10BB00002AE246BF939320BF856047BFCBF61FBF95
:10BB100065DE47BF9F591FBFCA5B48BF12BC1EBF2F
:10BB2000B3D848BF221E1EBF215549BFD17F1DBFBC
:10BB300012D149BF1FE11CBF874C4ABF0C421CBF3A
:10BB40007FC74ABF99A21BBFFA414BBFC6021BBFAA
:10BB5000F8BB4BBF93621ABF78354CBF00C219BF08
:10BB600079AE4CBF0F2119BFFD264DBFC07F18BF56
:10BB7000029F4DBF12DE17BF89164EBF073C17BF8D
:10BB8000908D4EBF9F9916BF17044FBFD9F615BFB2
:10BB90001F7A4FBFB75315BFA8EF4FBF39B014BFBF
:10BBA000AF6450BF5F0C14BF37D950BF2A6813BFB2
:10BBB0003D4D51BF9AC312BFC2C051BFB01E12BF8C
:10BBC000C63352BF6B7911BF49A652BFCDD310BF48
:10BBD000491853BFD52D10BFC78953BF84870FBFE6
:10BBE000C3FA53BFDBE00EBF3B6B54BFDA390EBF65
:10BBF00031DB54BF81920DBFA44A55BFD0EA0CBFC0
:10BC000093B955BFC9420CBFFE2756BF6B9A0BBFF5
:10BC1000E59556BFB7F10ABF480357BFAD480ABF05
:10BC2000267057BF4E9F09BF7FDC57BF9BF508BFEB
:10BC3000534858BF924B08BFA1B358BF36A107BFA6
:10BC40006A1E59BF86F606BFAD8859BF824B06BF34
:10BC50006AF259BF2CA005BFA05B5ABF84F404BF91
:10BC600050C45ABF894804BF792C5BBF3D9C03BFB9
:10BC70001A945BBF9FEF02BF34FB5BBFB14202BFB0
:10BC8000C7615CBF739501BFD1C75CBFE4E700BF6C
:10BC9000532D5DBF063A00BF4D925DBFB217FFBE88
:10BCA000BEF65DBFBBBAFDBEA65A5EBF275DFCBE39
:10BCB00005BE5EBFF7FEFABEDB205FBF2DA0F9BE5A
:10BCC00027835FBFC840F8BEE9E45FBFCBE0F6BEA4
:10BCD000214660BF3580F5BECFA660BF071FF4BE0A
:10BCE000F20661BF43BDF2BE8A6661BFEA5AF1BE89
:10BCF00098C561BFFBF7EFBE1A2462BF7994EEBE10
:10BD0000108262BF6330EDBE7BDF62BFBBCBEBBE98
:10BD10005A3C63BF8166EABEAC9863BFB700E9BE18
:10BD200073F463BF5D9AE7BEAC4F64BF7533E6BE84
:10BD300059AA64BFFECBE4BE790465BFFA63E3BED3
:10BD40000B5E65BF6AFBE1BE10B765BF4F92E0BEF8
:10BD5000880F66BFA928DFBE716766BF79BEDDBEEA
:10BD6000CCBE66BFC153DCBE991567BF80E8DABEA2
:10BD7000D86B67BFB97CD9BE87C167BF6B10D8BE0F
:10BD8000A81668BF99A3D6BE396B68BF4136D5BE29
:10BD90003CBF68BF67C8D3BEAE1269BF095AD2BEE6
:10BDA000916569BF2AEBD0BEE4B769BFCA7BCFBE3D
:10BDB000A7096ABFEA0BCEBED95A6ABF8B9BCCBE1D
:10BDC0007BAB6ABFAE2ACBBE8CFB6ABF53B9C9BE80
:10BDD0000C4B6BBF7C47C8BEFB996BBF29D5C6BE59
:10BDE00058E86BBF5C62C5BE24366CBF15EFC3BE9E
:10BDF0005E836CBF557BC2BE07D06CBF1E07C1BE41
:10BE00001D1C6DBF6F92BFBEA1676DBF4A1DBEBE38
:10BE100093B26DBFAFA7BCBEF2FC6DBFA031BBBE7D
:10BE2000BE466EBF1EBBB9BEF88F6EBF2A44B8BEF9
:10BE30009ED86EBFC3CCB6BEB0206FBFEC54B5BEAB
:10BE400030686FBFA5DCB3BE1BAF6FBFEF63B2BE80
:10BE500073F56FBFCBEAB0BE373B70BF3A71AFBE70
:10BE6000668070BF3CF7ADBE02C570BFD47CACBE6F
:10BE7000080971BF0102ABBE7A4C71BFC486A9BE6E
:10BE8000578F71BF1F0BA8BE9FD171BF128FA6BE67
:10BE9000521372BF9F12A5BE705472BFC595A3BE48
:10BEA000F89472BF8718A2BEEBD472BFE59AA0BE09
:10BEB000471473BFDF1C9FBE0E5373BF789E9DBE99
:10BEC0003F9173BFAF1F9CBED9CE73BF86A09ABEF1
:10BED000DD0B74BFFE2099BE4B4874BF17A197BEFF
:10BEE000228474BFD22096BE62BF74BF31A094BEBC
:10BEF0000BFA74BF351F93BE1D3475BFDD9D91BE17
:10BF0000976D75BF2C1C90BE7BA675BF229A8EBE06
:10BF1000C6DE75BFC0178DBE7A1676BF07958BBE7D
:10BF2000974D76BFF8118ABE1B8476BF938E88BE6C
:10BF300007BA76BFDA0A87BE5BEF76BFCE8685BECC
:10BF4000172477BF700284BE3A5877BFC07D82BE87
:10BF5000C58B77BFC0F880BEB7BE77BFE1E67EBEB7
:10BF600010F177BFA4DB7BBED12278BFCCCF78BEE7
:10BF7000F85378BF5AC375BE868478BF51B672BE77
:10BF80007BB478BFB2A86FBED6E378BF7F9A6CBE91
:10BF9000981279BFBA8B69BEC04079BF667C66BE15
:10BFA0004E6E79BF836C63BE439B79BF135C60BEEA
:10BFB0009DC779BF1A4B5DBE5EF379BF97395ABEF4
:10BFC000841E7ABF8F2757BE10497ABF011554BE11
:10BFD00002737ABFF10151BE599C7ABF60EE4DBE2B
:10BFE00016C57ABF4FDA4ABE37ED7ABFC2C547BE23
:10BFF000BE147BBFB9B044BEAB3B7BBF379B41BED9
:10C00000FC617BBF3E853EBEB2877BBFCF6E3BBE31
:10C01000CDAC7BBFEC5738BE4DD17BBF984035BE11
:10C0200031F57BBFD42832BE7A187CBFA2102FBE58
:10C03000283B7CBF04F82BBE3A5D7CBFFCDE28BEEB
:10C04000B07E7CBF8CC525BE8A9F7CBFB6AB22BEAE
:10C05000C9BF7CBF7B911FBE6CDF7CBFDE761CBE80
:10C0600073FE7CBFE05B19BEDD1C7DBF834016BE46
:10C07000AC3A7DBFCA2413BEDE577DBFB70810BEE1
:10C0800074747DBF4AEC0CBE6E907DBF86CF09BE36
:10C09000CCAB7DBF6EB206BE8CC67DBF029503BE23
:10C0A000B1E07DBF457700BE38FA7DBF73B2FABDFF
:10C0B00024137EBFC075F4BD722B7EBF7638EEBDF3
:10C0C00023437EBF9AFAE7BD385A7EBF2EBCE1BD3E
:10C0D000B0707EBF377DDBBD8B867EBFB93DD5BDE1
:10C0E000C99B7EBFB7FDCEBD69B07EBF36BDC8BDA2
:10C0F0006DC47EBF397CC2BDD4D77EBFC33ABCBD40
:10C100009DEA7EBFDAF8B5BDC9FC7EBF80B6AFBD83
:10C11000580E7FBFBA73A9BD491F7FBF8C30A3BD26
:10C120009D2F7FBFF9EC9CBD543F7FBF05A996BDF5
:10C130006D4E7FBFB46490BDE95C7FBF0A208ABDAD
:10C14000C76A7FBF0ADB83BD08787FBF742B7BBDC6
:10C15000AB847FBF38A06EBDB1907FBF681462BD55
:10C16000189C7FBF0E8855BDE3A67FBF2FFB48BD3F
:10C170000FB17FBFD56D3CBD9EBA7FBF07E02FBD1D
:10C180008FC37FBFCC5123BDE2CB7FBF2CC316BD75
:10C1900098D37FBF2F340ABDAFDA7FBFB949FBBC4C
:10C1A00029E17FBF7B2AE2BC05E77FBFB00AC9BC9B
:10C1B00043EC7FBF69EAAFBCE3F07FBFB6C996BC72
:10C1C000E6F47FBF4B517BBC4AF87FBF900E49BC61
:10C1D00011FB7FBF59CB16BC39FD7FBF890FC9BB8F
:10C1E000C4FE7FBFC70F49BBB1FF7FBF0000008007
:10C1F000000080BFC70F493BB1FF7FBF890FC93B1C
:10C20000C4FE7FBF59CB163C39FD7FBF900E493C21
:10C2100011FB7FBF4B517B3C4AF87FBFB6C9963CB0
:10C22000E6F47FBF69EAAF3CE3F07FBFB00AC93CE8
:10C2300043EC7FBF7B2AE23C05E77FBFB949FB3C6B
:10C2400029E17FBF2F340A3DAFDA7FBF2CC3163DF3
:10C2500098D37FBFCC51233DE2CB7FBF07E02F3D7A
:10C260008FC37FBFD56D3C3D9EBA7FBF2FFB483D3E
:10C270000FB17FBF0E88553DE3A67FBF6814623DB6
:10C28000189C7FBF38A06E3DB1907FBF742B7B3D63
:10C29000AB847FBF0ADB833D08787FBF0A208A3DDD
:10C2A000C76A7FBFB464903DE95C7FBF05A9963D36
:10C2B0006D4E7FBFF9EC9C3D543F7FBF8C30A33D5A
:10C2C0009D2F7FBFBA73A93D491F7FBF80B6AF3D89
:10C2D000580E7FBFDAF8B53DC9FC7EBFC33ABC3DFE
:10C2E0009DEA7EBF397CC23DD4D77EBF36BDC83DF6
:10C2F0006DC47EBFB7FDCE3D69B07EBFB93DD53DB3
:10C30000C99B7EBF377DDB3D8B867EBF2EBCE13D6A
:10C31000B0707EBF9AFAE73D385A7EBF7638EE3D60
:10C3200023437EBFC075F43D722B7EBF73B2FA3DCE
:10C3300024137EBF4577003E38FA7DBF0295033E49
:10C34000B1E07DBF6EB2063E8CC67DBF86CF093E92
:10C35000CCAB7DBF4AEC0C3E6E907DBFB708103E63
:10C3600074747DBFCA24133EDE577DBF8340163EE2
:10C37000AC3A7DBFE05B193EDD1C7DBFDE761C3E26
:10C3800073FE7CBF7B911F3E6CDF7CBFB6AB223E51
:10C39000C9BF7CBF8CC5253E8A9F7CBFFCDE283E82
:10C3A000B07E7CBF04F82B3E3A5D7CBFA2102F3ECE
:10C3B000283B7CBFD428323E7A187CBF9840353E5B
:10C3C00031F57BBFEC57383E4DD17BBFCF6E3B3E46
:10C3D000CDAC7BBF3E853E3EB2877BBF379B413EA7
:10C3E000FC617BBFB9B0443EAB3B7BBFC2C5473E9F
:10C3F000BE147BBF4FDA4A3E37ED7ABF60EE4D3E4A
:10C4000016C57ABFF101513E599C7ABF0115543EC1
:10C4100002737ABF8F27573E10497ABF97395A3E29
:10C42000841E7ABF1A4B5D3E5EF379BF135C603E9B
:10C430009DC779BF836C633E439B79BF667C663E34
:10C440004E6E79BFBA8B693EC04079BF7F9A6C3E11
:10C45000981279BFB2A86F3ED6E378BF51B6723E4C
:10C460007BB478BF5AC3753E868478BFCCCF783E04
:10C47000F85378BFA4DB7B3ED12278BFE1E67E3E55
:10C4800010F177BFC0F8803EB7BE77BFC07D823E57
:10C49000C58B77BF7002843E3A5877BFCE86853E03
:10C4A000172477BFDA0A873E5BEF76BF938E883E0C
:10C4B00007BA76BFF8118A3E1B8476BF07958B3E7C
:10C4C000974D76BFC0178D3E7A1676BF229A8E3E64
:10C4D000C6DE75BF2C1C903E7BA675BFDD9D913ED0
:10C4E000976D75BF351F933E1D3475BF31A0943EC7
:10C4F0000BFA74BFD220963E62BF74BF17A1973E5D
:10C50000228474BFFE20993E4B4874BF86A09A3E99
:10C51000DD0B74BFAF1F9C3ED9CE73BF789E9D3E8E
:10C520003F9173BFDF1C9F3E0E5373BFE59AA03E41
:10C53000471473BF8718A23EEBD472BFC595A33EC4
:10C54000F89472BF9F12A53E705472BF128FA63E20
:10C55000521372BF1F0BA83E9FD171BFC486A93E64
:10C56000578F71BF0102AB3E7A4C71BFD47CAC3E99
:10C57000080971BF3CF7AD3E02C570BF3A71AF3ECE
:10C58000668070BFCBEAB03E373B70BFEF63B23E10
:10C5900073F56FBFA5DCB33E1BAF6FBFEC54B53E68
:10C5A00030686FBFC3CCB63EB0206FBF2A44B83EE0
:10C5B0009ED86EBF1EBBB93EF88F6EBFA031BB3E8A
:10C5C000BE466EBFAFA7BC3EF2FC6DBF4A1DBE3E6D
:10C5D00093B26DBF6F92BF3EA1676DBF1E07C13E94
:10C5E0001D1C6DBF557BC23E07D06CBF15EFC33E0F
:10C5F0005E836CBF5C62C53E24366CBF29D5C63EE7
:10C6000058E86BBF7C47C83EFB996BBF53B9C93E26
:10C610000C4B6BBFAE2ACB3E8CFB6ABF8B9BCC3ED8
:10C620007BAB6ABFEA0BCE3ED95A6ABFCA7BCF3E0C
:10C63000A7096ABF2AEBD03EE4B769BF095AD23EC8
:10C64000916569BF67C8D33EAE1269BF4136D53E1A
:10C650003CBF68BF99A3D63E396B68BF6B10D83E0C
:10C66000A81668BFB97CD93E87C167BF80E8DA3EAB
:10C67000D86B67BFC153DC3E991567BF79BEDD3EFD
:10C68000CCBE66BFA928DF3E716766BF4F92E03E11
:10C69000880F66BF6AFBE13E10B765BFFA63E33EF1
:10C6A0000B5E65BFFECBE43E790465BF7533E63EA5
:10C6B00059AA64BF5D9AE73EAC4F64BFB700E93E3C
:10C6C00073F463BF8166EA3EAC9863BFBBCBEB3EBD
:10C6D0005A3C63BF6330ED3E7BDF62BF7994EE3E30
:10C6E000108262BFFBF7EF3E1A2462BFEA5AF13EA6
:10C6F00098C561BF43BDF23E8A6661BF071FF43E25
:10C70000F20661BF3580F53ECFA660BFCBE0F63EB6
:10C71000214660BFC840F83EE9E45FBF2DA0F93E66
:10C7200027835FBFF7FEFA3EDB205FBF275DFC3E3D
:10C7300005BE5EBFBBBAFD3EA65A5EBFB217FF3E46
:10C74000BEF65DBF063A003F4D925DBFE4E7003F95
:10C75000532D5DBF7395013FD1C75CBFB142023F0E
:10C76000C7615CBF9FEF023F34FB5BBF3D9C033F53
:10C770001A945BBF8948043F792C5BBF84F4043F63
:10C7800050C45ABF2CA0053FA05B5ABF824B063F46
:10C790006AF259BF86F6063FAD8859BF36A1073FFA
:10C7A0006A1E59BF924B083FA1B358BF9BF5083F83
:10C7B000534858BF4E9F093F7FDC57BFAD480A3FE3
:10C7C000267057BFB7F10A3F480357BF6B9A0B3F1C
:10C7D000E59556BFC9420C3FFE2756BFD0EA0C3F35
:10C7E00093B955BF81920D3FA44A55BFDA390E3F28
:10C7F00031DB54BFDBE00E3F3B6B54BF84870F3F00
:10C80000C3FA53BFD52D103FC78953BFCDD3103FB7
:10C81000491853BF6B79113F49A652BFB01E123F52
:10C82000C63352BF9AC3123FC2C051BF2A68133FDA
:10C830003D4D51BF5F0C143F37D950BF39B0143F45
:10C84000AF6450BFB753153FA8EF4FBFD9F6153FA0
:10C850001F7A4FBF9F99163F17044FBF073C173FE2
:10C86000908D4EBF12DE173F89164EBFC07F183F16
:10C87000029F4DBF0F21193FFD264DBF00C2193F3A
:10C8800079AE4CBF93621A3F78354CBFC6021B3F4E
:10C89000F8BB4BBF99A21B3FFA414BBF0C421C3F58
:10C8A0007FC74ABF1FE11C3F874C4ABFD17F1D3F56
:10C8B00012D149BF221E1E3F215549BF12BC1E3F47
:10C8C000B3D848BF9F591F3FCA5B48BFCBF61F3F35
:10C8D00065DE47BF9393203F856047BFF92F213F17
:10C8E0002AE246BFFBCB213F546346BF9967223FF4
:10C8F00003E445BFD302233F396445BFA99D233FCD
:10C90000F5E344BF1A38243F376344BF25D2243FA0
:10C9100000E243BFCB6B253F516043BF0A05263F72
:10C9200029DE42BFE39D263F895B42BF5636273F43
:10C9300070D841BF61CE273FE15441BF0566283F13
:10C94000DAD040BF41FD283F5C4C40BF1594293FE1
:10C9500067C73FBF802A2A3FFC413FBF82C02A3FB2
:10C960001BBC3EBF1B562B3FC5353EBF4AEB2B3F82
:10C97000F9AE3DBF0F802C3FB8273DBF69142D3F56
:10C9800003A03CBF59A82D3FD9173CBFDE3B2E3F2B
:10C990003B8F3BBFF7CE2E3F29063BBFA5612F3F04
:10C9A000A47C3ABFE6F32F3FACF239BFBB85303FE2
:10C9B000426839BF2217313F65DD38BF1DA8313FBE
:10C9C000165238BFAA38323F55C637BFC9C8323FA2
:10C9D000233A37BF7A58333F7FAD36BFBCE7333F8A
:10C9E0006C2036BF8F76343FE79235BFF304353F76
:10C9F000F30435BFE792353F8F7634BF6C20363F66
:10CA0000BCE733BF7FAD363F7A5833BF233A373F59
:10CA1000C9C832BF55C6373FAA3832BF1652383F51
:10CA20001DA831BF65DD383F221731BF4268393F4D
:10CA3000BB8530BFACF2393FE6F32FBFA47C3A3F51
:10CA4000A5612FBF29063B3FF7CE2EBF3B8F3B3F53
:10CA5000DE3B2EBFD9173C3F59A82DBF03A03C3F5A
:10CA600069142DBFB8273D3F0F802CBFF9AE3D3F65
:10CA70004AEB2BBFC5353E3F1B562BBF1BBC3E3F71
:10CA800082C02ABFFC413F3F802A2ABF67C73F3F81
:10CA9000159429BF5C4C403F41FD28BFDAD0403F90
:10CAA000056628BFE154413F61CE27BF70D8413FA2
:10CAB000563627BF895B423FE39D26BF29DE423FB2
:10CAC0000A0526BF5160433FCB6B25BF00E2433FC1
:10CAD00025D224BF3763443F1A3824BFF5E3443FCF
:10CAE000A99D23BF3964453FD30223BF03E4453FDB
:10CAF000996722BF5463463FFBCB21BF2AE2463FE2
:10CB0000F92F21BF8560473F939320BF65DE473FE4
:10CB1000CBF61FBFCA5B483F9F591FBFB3D8483FE2
:10CB200012BC1EBF2155493F221E1EBF12D1493FD4
:10CB3000D17F1DBF874C4A3F1FE11CBF7FC74A3FC3
:10CB40000C421CBFFA414B3F99A21BBFF8BB4B3FA5
:10CB5000C6021BBF78354C3F93621ABF79AE4C3F7B
:10CB600000C219BFFD264D3F0F2119BF029F4D3F47
:10CB7000C07F18BF89164E3F12DE17BF908D4E3F03
:10CB8000073C17BF17044F3F9F9916BF1F7A4F3FAF
:10CB9000D9F615BFA8EF4F3FB75315BFAF64503F4D
:10CBA00039B014BF37D9503F5F0C14BF3D4D513FD2
:10CBB0002A6813BFC2C0513F9AC312BFC633523F47
:10CBC000B01E12BF49A6523F6B7911BF4918533F9F
:10CBD000CDD310BFC789533FD52D10BFC3FA533FE4
:10CBE00084870FBF3B6B543FDBE00EBF31DB543F0C
:10CBF000DA390EBFA44A553F81920DBF93B9553F14
:10CC0000D0EA0CBFFE27563FC9420CBFE595563F00
:10CC10006B9A0BBF4803573FB7F10ABF2670573FC7
:10CC2000AD480ABF7FDC573F4E9F09BF5348583F6E
:10CC30009BF508BFA1B3583F924B08BF6A1E593FEE
:10CC400036A107BFAD88593F86F606BF6AF2593F45
:10CC5000824B06BFA05B5A3F2CA005BF50C45A3F71
:10CC600084F404BF792C5B3F894804BF1A945B3F6E
:10CC70003D9C03BF34FB5B3F9FEF02BFC7615C3F3E
:10CC8000B14202BFD1C75C3F739501BF532D5D3FD9
:10CC9000E4E700BF4D925D3F063A00BFBEF65D3F40
:10CCA000B217FFBEA65A5E3FBBBAFDBE05BE5E3FD1
:10CCB000275DFCBEDB205F3FF7FEFABE27835F3FA8
:10CCC0002DA0F9BEE9E45F3FC840F8BE2146603FB1
:10CCD000CBE0F6BECFA6603F3580F5BEF206613FE1
:10CCE000071FF4BE8A66613F43BDF2BE98C5613F2F
:10CCF000EA5AF1BE1A24623FFBF7EFBE1082623F90
:10CD00007994EEBE7BDF623F6330EDBE5A3C633FF9
:10CD1000BBCBEBBEAC98633F8166EABE73F4633F66
:10CD2000B700E9BEAC4F643F5D9AE7BE59AA643FC5
:10CD30007533E6BE7904653FFECBE4BE0B5E653F0E
:10CD4000FA63E3BE10B7653F6AFBE1BE880F663F3A
:10CD50004F92E0BE7167663FA928DFBECCBE663F3A
:10CD600079BEDDBE9915673FC153DCBED86B673F06
:10CD700080E8DABE87C1673FB97CD9BEA816683F94
:10CD80006B10D8BE396B683F99A3D6BE3CBF683FD5
:10CD90004136D5BEAE12693F67C8D3BE9165693FC3
:10CDA000095AD2BEE4B7693F2AEBD0BEA7096A3F51
:10CDB000CA7BCFBED95A6A3FEA0BCEBE7BAB6A3F75
:10CDC0008B9BCCBE8CFB6A3FAE2ACBBE0C4B6B3F21
:10CDD00053B9C9BEFB996B3F7C47C8BE58E86B3F4F
:10CDE00029D5C6BE24366C3F5C62C5BE5E836C3FEF
:10CDF00015EFC3BE07D06C3F557BC2BE1D1C6D3FF7
:10CE00001E07C1BEA1676D3F6F92BFBE93B26D3F5B
:10CE10004A1DBEBEF2FC6D3FAFA7BCBEBE466E3F14
:10CE2000A031BBBEF88F6E3F1EBBB9BE9ED86E3F11
:10CE30002A44B8BEB0206F3FC3CCB6BE30686F3F47
:10CE4000EC54B5BE1BAF6F3FA5DCB3BE73F56F3FAF
:10CE5000EF63B2BE373B703FCBEAB0BE6680703F37
:10CE60003A71AFBE02C5703F3CF7ADBE0809713FD5
:10CE7000D47CACBE7A4C713F0102ABBE578F713F80
:10CE8000C486A9BE9FD1713F1F0BA8BE5213723F2B
:10CE9000128FA6BE7054723F9F12A5BEF894723FC7
:10CEA000C595A3BEEBD4723F8718A2BE4714733F4B
:10CEB000E59AA0BE0E53733FDF1C9FBE3F91733FA8
:10CEC000789E9DBED9CE733FAF1F9CBEDD0B743FD5
:10CED00086A09ABE4B48743FFE2099BE2284743FC0
:10CEE00017A197BE62BF743FD22096BE0BFA743F63
:10CEF00031A094BE1D34753F351F93BE976D753FAD
:10CF0000DD9D91BE7BA6753F2C1C90BEC6DE753F95
:10CF1000229A8EBE7A16763FC0178DBE974D763F09
:10CF200007958BBE1B84763FF8118ABE07BA763F01
:10CF3000938E88BE5BEF763FDA0A87BE1724773F71
:10CF4000CE8685BE3A58773F700284BEC58B773F48
:10CF5000C07D82BEB7BE773FC0F880BE10F1773F7C
:10CF6000E1E67EBED122783FA4DB7BBEF853783F5A
:10CF7000CCCF78BE8684783F5AC375BE7BB4783FE9
:10CF800051B672BED6E3783FB2A86FBE9812793F11
:10CF90007F9A6CBEC040793FBA8B69BE4E6E793FB6
:10CFA000667C66BE439B793F836C63BE9DC7793FB9
:10CFB000135C60BE5EF3793F1A4B5DBE841E7A3F00
:10CFC00097395ABE10497A3F8F2757BE02737A3F6E
:10CFD000011554BE599C7A3FF10151BE16C57A3FE6
:10CFE00060EE4DBE37ED7A3F4FDA4ABEBE147B3F4E
:10CFF000C2C547BEAB3B7B3FB9B044BEFC617B3F83
:10D00000379B41BEB2877B3F3E853EBECDAC7B3F6A
:10D01000CF6E3BBE4DD17B3FEC5738BE31F57B3FE9
:10D02000984035BE7A187C3FD42832BE283B7C3FDE
:10D03000A2102FBE3A5D7C3F04F82BBEB07E7C3F31
:10D04000FCDE28BE8A9F7C3F8CC525BEC9BF7C3FC5
:10D05000B6AB22BE6CDF7C3F7B911FBE73FE7C3F74
:10D06000DE761CBEDD1C7D3FE05B19BEAC3A7D3F29
:10D07000834016BEDE577D3FCA2413BE74747D3FC5
:10D08000B70810BE6E907D3F4AEC0CBECCAB7D3F26
:10D0900086CF09BE8CC67D3F6EB206BEB1E07D3F35
:10D0A000029503BE38FA7D3F457700BE24137E3FCC
:10D0B00073B2FABD722B7E3FC075F4BD23437E3F31
:10D0C0007638EEBD385A7E3F9AFAE7BDB0707E3FA3
:10D0D0002EBCE1BD8B867E3F377DDBBDC99B7E3F8D
:10D0E000B93DD5BD69B07E3FB7FDCEBD6DC47E3FB5
:10D0F00036BDC8BDD4D77E3F397CC2BD9DEA7E3FD8
:10D10000C33ABCBDC9FC7E3FDAF8B5BD580E7F3FBF
:10D1100080B6AFBD491F7F3FBA73A9BD9D2F7F3F2A
:10D120008C30A3BD543F7F3FF9EC9CBD6D4E7F3FDB
:10D1300005A996BDE95C7F3FB46490BDC76A7F3F97
:10D140000A208ABD08787F3F0ADB83BDAB847F3F1E
:10D15000742B7BBDB1907F3F38A06EBD189C7F3F84
:10D16000681462BDE3A67F3F0E8855BD0FB17F3FB7
:10D170002FFB48BD9EBA7F3FD56D3CBD8FC37F3F1F
:10D1800007E02FBDE2CB7F3FCC5123BD98D37F3F3B
:10D190002CC316BDAFDA7F3F2F340ABD29E17F3F94
:10D1A000B949FBBC05E77F3F7B2AE2BC43EC7F3FEC
:10D1B000B00AC9BCE3F07F3F69EAAFBCE6F47F3F49
:10D1C000B6C996BC4AF87F3F4B517BBC11FB7F3FF1
:10D1D000900E49BC39FD7F3F59CB16BCC4FE7F3F42
:10D1E000890FC9BBB1FF7F3FC70F49BB0000803F1C
:10D1F00000000000ECFF7F3FD40FC93AB1FF7F3F32
:10D20000C70F493B4EFF7F3FC1CB963BC4FE7F3FDC
:10D21000890FC93B13FE7F3F3053FB3B39FD7F3FF6
:10D2200059CB163C39FC7F3F02ED2F3C11FB7F3F71
:10D23000900E493CC1F97F3F0030623C4AF87F3F85
:10D240004B517B3CACF67F3F38398A3CE6F47F3F5C
:10D25000B6C9963CF8F27F3F1C5AA33CE3F07F3FEF
:10D2600069EAAF3CA7EE7F3F9B7ABC3C43EC7F3F33
:10D27000B00AC93CB8E97F3FA69AD53C05E77F3F95
:10D280007B2AE23C2BE47F3F2DBAEE3C29E17F3F35
:10D29000B949FB3C00DE7F3F90EC033DAFDA7F3FB6
:10D2A0002F340A3D37D77F3FB87B103D98D37F3F5F
:10D2B0002CC3163DD1CF7F3F880A1D3DE2CB7F3F77
:10D2C000CC51233DCCC77F3FF698293D8FC37F3F8C
:10D2D00007E02F3D2ABF7F3FFC26363D9EBA7F3FA9
:10D2E000D56D3C3DEAB57F3F91B4423D0FB17F3FE4
:10D2F0002FFB483D0DAC7F3FAF414F3DE3A67F3F45
:10D300000E88553D91A17F3F4CCE5B3D189C7F3FE1
:10D310006814623D78967F3F625A683DB1907F3FC6
:10D3200038A06E3DC28A7F3FE9E5743DAB847F3F04
:10D33000742B7B3D6D7E7F3F6CB8803D08787F3FCE
:10D340000ADB833D7B717F3F94FD863DC76A7F3F4B
:10D350000A208A3DEC637F3F6A428D3DE95C7F3F56
:10D36000B464903DBF557F3FE786933D6D4E7F3F50
:10D3700005A9963DF4467F3F0ACB993D543F7F3F38
:10D38000F9EC9C3D8D377F3FCF0EA03D9D2F7F3F19
:10D390008C30A33D87277F3F3052A63D491F7F3FFA
:10D3A000BA73A93DE4167F3F2B95AC3D580E7F3FE5
:10D3B00080B6AF3DA4057F3FBBD7B23DC9FC7E3FE1
:10D3C000DAF8B53DC7F37E3FDD19B93D9DEA7E3FF2
:10D3D000C33ABC3D4CE17E3F8D5BBF3DD4D77E3F21
:10D3E000397CC23D34CE7E3FC69CC53D6DC47E3F78
:10D3F00036BDC83D7FBA7E3F86DDCB3D69B07E3FFE
:10D40000B7FDCE3D2DA67E3FC81DD23DC99B7E3FB8
:10D41000B93DD53D3D917E3F895DD83D8B867E3FB0
:10D42000377DDB3DB17B7E3FC49CDE3DB0707E3FEF
:10D430002EBCE13D88657E3F76DBE43D385A7E3F79
:10D440009AFAE73DC14E7E3F9A19EB3D23437E3F5A
:10D450007638EE3D5E377E3F2E57F13D722B7E3F94
:10D46000C075F43D5E1F7E3F2C94F73D24137E3F34
:10D4700073B2FA3DC2067E3F92D0FD3D38FA7D3F41
:10D480004577003E88ED7D3F2E06023EB1E07D3FB0
:10D490000295033EB2D37D3FC223053E8CC67D3F3D
:10D4A0006EB2063E40B97D3F0541083ECCAB7D3FA4
:10D4B00086CF093E309E7D3FF35D0B3E6E907D3FF3
:10D4C0004AEC0C3E85827D3F8B7A0E3E74747D3F24
:10D4D000B708103E3D667D3FCC96113EDE577D3F3E
:10D4E000CA24133E59497D3FB2B2143EAC3A7D3F47
:10D4F0008340163ED82B7D3F3DCE173EDD1C7D3F41
:10D50000E05B193EBC0D7D3F6BE91A3E73FE7C3F2C
:10D51000DE761C3E03EF7C3F38041E3E6CDF7C3F12
:10D520007B911F3EAECF7C3FA51E213EC9BF7C3FF5
:10D53000B6AB223EBDAF7C3FAD38243E8A9F7C3FD8
:10D540008CC5253E318F7C3F5152273EB07E7C3FBB
:10D55000FCDE283E086E7C3F8D6B2A3E3A5D7C3FA8
:10D5600004F82B3E444C7C3F61842D3E283B7C3F9D
:10D57000A2102F3EE5297C3FC99C303E7A187C3FA3
:10D58000D428323EE9067C3FC4B4333E31F57B3FBC
:10D590009840353E53E37B3F50CC363E4DD17B3FE8
:10D5A000EC57383E20BF7B3F6CE3393ECDAC7B3F30
:10D5B000CF6E3B3E539A7B3F15FA3C3EB2877B3F92
:10D5C0003E853E3EEA747B3F4910403EFC617B3F16
:10D5D000379B413EE74E7B3F0726433EAB3B7B3FBD
:10D5E000B9B0443E48287B3F4D3B463EBE147B3F8E
:10D5F000C2C5473E0E017B3F1850493E37ED7A3F8A
:10D600004FDA4A3E3AD97A3F67644C3E16C57A3FB4
:10D6100060EE4D3ECBB07A3F38784F3E599C7A3F12
:10D62000F101513EC1877A3F898B523E02737A3FA6
:10D630000115543E1C5E7A3F589E553E10497A3F74
:10D640008F27573EDD337A3FA4B0583E841E7A3F81
:10D6500097395A3E04097A3F6AC25B3E5EF3793FCE
:10D660001A4B5D3E91DD793FA8D35E3E9DC7793F61
:10D67000135C603E83B1793F5CE4613E439B793F3C
:10D68000836C633EDC84793F86F4643E4E6E793F62
:10D69000667C663E9A57793F2204683EC040793FD7
:10D6A000BA8B693EBF29793F2F136B3E9812793FA1
:10D6B0007F9A6C3E4AFB783FAB216E3ED6E3783FC3
:10D6C000B2A86F3E3BCC783F942F713E7BB4783F3D
:10D6D00051B6723E939C783FE83C743E8684783F16
:10D6E0005AC3753E526C783FA649773EF853783F4F
:10D6F000CCCF783E773B783FCB557A3ED122783FEE
:10D70000A4DB7B3E040A783F56617D3E10F1773FF3
:10D71000E1E67E3EF7D7773F2236803EB7BE773FC1
:10D72000C0F8803E51A5773F4ABB813EC58B773F0D
:10D73000C07D823E1372773F2240833E3A58773F46
:10D740007002843E3C3E773FAAC4843E1724773F54
:10D75000CE86853ECC09773FDF48863E5BEF763F3D
:10D76000DA0A873EC4D4763FC1CC873E07BA763FFB
:10D77000938E883E249F763F5050893E1B84763F8F
:10D78000F8118A3EEC68763F8AD38A3E974D763F01
:10D7900007958B3E1B32763F6E568C3E7A16763F4F
:10D7A000C0178D3EB3FA753FFCD88D3EC6DE753F7F
:10D7B000229A8E3EB3C2753F325B8F3E7BA6753F89
:10D7C0002C1C903E1C8A753F10DD903E976D753F76
:10D7D000DD9D913EED50753F945E923E1D34753F48
:10D7E000351F933E2717753FBFDF933E0BFA743FFB
:10D7F00031A0943EC9DC743F8D60953E62BF743F9A
:10D80000D220963ED5A1743F00E1963E2284743F1B
:10D8100017A1973E4966743F1661983E4B48743F86
:10D82000FE20993E272A743FCEE0993EDD0B743FDF
:10D8300086A09A3E6EED733F27609B3ED9CE733F24
:10D84000AF1F9C3E1FB0733F20DF9C3E3F91733F54
:10D85000789E9D3E3972733FB85D9E3E0E53733F76
:10D86000DF1C9F3EBE33733FEEDB9F3E4714733F8A
:10D87000E59AA03EACF4723FC259A13EEBD4723F90
:10D880008718A23E04B5723F33D7A23EF894723F88
:10D89000C595A33EC774723F3F54A43E7054723F77
:10D8A0009F12A53EF433723FE5D0A53E5213723F5E
:10D8B000128FA63E8CF2713F254DA73E9FD1713F3E
:10D8C0001F0BA83E8EB0713FFEC8A83E578F713F18
:10D8D000C486A93EFB6D713F6F44AA3E7A4C713FEE
:10D8E0000102AB3ED42A713F77BFAB3E0809713FBE
:10D8F000D47CAC3E17E7703F153AAD3E02C5703F91
:10D900003CF7AD3EC6A2703F49B4AE3E6680703F64
:10D910003A71AF3EE15D703F102EB03E373B703F35
:10D92000CBEAB03E6718703F6BA7B13E73F56F3F0F
:10D93000EF63B23E5AD26F3F5820B33E1BAF6F3FEA
:10D94000A5DCB33EB88B6F3FD698B43E30686F3FCE
:10D95000EC54B53E83446F3FE610B63EB0206F3FB7
:10D96000C3CCB63EBAFC6E3F8488B73E9ED86E3FAD
:10D970002A44B83E5DB46E3FB2FFB83EF88F6E3FAA
:10D980001EBBB93E6D6B6E3F6E76BA3EBE466E3FB5
:10D99000A031BB3EEB216E3FB6ECBB3EF2FC6D3FCF
:10D9A000AFA7BC3ED5D76D3F8B62BD3E93B26D3FF6
:10D9B0004A1DBE3E2D8D6D3FEBD7BE3EA1676D3F2C
:10D9C0006F92BF3EF2416D3FD54CC03E1D1C6D3F76
:10D9D0001E07C13E24F66C3F48C1C13E07D06C3FD4
:10D9E000557BC23EC5A96C3F4435C33E5E836C3F48
:10D9F00015EFC33ED45C6C3FC8A8C43E24366C3FD0
:10DA00005C62C53E500F6C3FD21BC63E58E86B3F70
:10DA100029D5C63E3BC16B3F628EC73EFB996B3F2B
:10DA20007C47C83E95726B3F7700C93E0C4B6B3FFD
:10DA300053B9C93E5E236B3F1072CA3E8CFB6A3FEE
:10DA4000AE2ACB3E95D36A3F2CE3CB3E7BAB6A3FFD
:10DA50008B9BCC3E3C836A3FCA53CD3ED95A6A3F2A
:10DA6000EA0BCE3E52326A3FEAC3CE3EA7096A3F76
:10DA7000CA7BCF3ED7E0693F8A33D03EE4B7693FE7
:10DA80002AEBD03ECC8E693FAAA2D13E9165693F78
:10DA9000095AD23E323C693F4811D33EAE12693F2B
:10DAA00067C8D33E07E9683F647FD43E3CBF683F08
:10DAB0004136D53E4C95683FFDECD53E396B683F0D
:10DAC00099A3D63E0341683F135AD73EA816683F34
:10DAD0006B10D83E2AEC673FA3C6D83E87C1673F8C
:10DAE000B97CD93EC196673FAD32DA3ED86B673F0D
:10DAF00080E8DA3ECA40673F319EDB3E9915673FBA
:10DB0000C153DC3E45EA663F2E09DD3ECCBE663F92
:10DB100079BEDD3E3093663FA273DE3E7167663F9D
:10DB2000A928DF3E8E3B663F8DDDDF3E880F663FD6
:10DB30004F92E03E5EE3653FEE46E13E10B7653F43
:10DB40006AFBE13EA08A653FC4AFE23E0B5E653FE3
:10DB5000FA63E33E5431653F0E18E43E7904653FB5
:10DB6000FECBE43E7BD7643FCB7FE53E59AA643FC2
:10DB70007533E63E147D643FFBE6E63EAC4F643F02
:10DB80005D9AE73E2122643F9C4DE83E73F4633F7B
:10DB9000B700E93EA1C6633FAEB3E93EAC98633F30
:10DBA0008166EA3E956A633F3019EB3E5A3C633F1B
:10DBB000BBCBEB3EFC0D633F217EEC3E7BDF623F47
:10DBC0006330ED3ED7B0623F80E2ED3E1082623FAF
:10DBD0007994EE3E2653623F4C46EF3E1A24623F54
:10DBE000FBF7EF3EEAF4613F85A9F03E98C5613F3F
:10DBF000EA5AF13E2296613F290CF23E8A66613F65
:10DC000043BDF23ED036613F386EF33EF206613FCF
:10DC1000071FF43EF2D6603FB1CFF43ECFA6603F7F
:10DC20003580F53E8976603F9330F63E2146603F71
:10DC3000CBE0F63E9615603FDC90F73EE9E45F3FAF
:10DC4000C840F83E19B45F3F8EF0F83E27835F3F2F
:10DC50002DA0F93E12525F3FA54FFA3EDB205F3FF9
:10DC6000F7FEFA3E81EF5E3F22AEFB3E05BE5E3F11
:10DC7000275DFC3E678C5E3F040CFD3EA65A5E3F6E
:10DC8000BBBAFD3EC3285E3F4A69FE3EBEF65D3F1D
:10DC9000B217FF3E97C45D3FF3C5FF3E4D925D3F17
:10DCA000063A003FE15F5D3FFF90003F532D5D3F2F
:10DCB000E4E7003FA3FA5C3FB53E013FD1C75C3FBC
:10DCC0007395013FDD945C3F1CEC013FC7615C3FF5
:10DCD000B142023F8E2E5C3F3299023F34FB5B3FE4
:10DCE0009FEF023FB8C75B3FF845033F1A945B3F85
:10DCF0003D9C033F5A605B3F6DF2033F792C5B3FD5
:10DD00008948043F75F85A3F919E043F50C45A3FDA
:10DD100084F4043F09905A3F624A053FA05B5A3F92
:10DD20002CA0053F16275A3FE2F5053F6AF2593FFE
:10DD3000824B063F9CBD593F0EA1063FAD88593F1F
:10DD400086F6063F9C53593FE84B073F6A1E593FF2
:10DD500036A1073F17E9583F6FF6073FA1B3583F79
:10DD6000924B083F0B7E583FA1A0083F5348583FB5
:10DD70009BF5083F7912583F7F4A093F7FDC573FA8
:10DD80004E9F093F63A6573F09F4093F2670573F4E
:10DD9000AD480A3FC739573F3D9D0A3F4803573FAB
:10DDA000B7F10A3FA7CC563F1C460B3FE595563FBF
:10DDB0006B9A0B3F025F563FA5EE0B3FFE27563F87
:10DDC000C9420C3FD9F0553FD7960C3F93B9553F08
:10DDD000D0EA0C3F2C82553FB33E0D3FA44A553F3D
:10DDE00081920D3FFB12553F38E60D3F31DB543F2A
:10DDF000DA390E3F47A3543F658D0E3F3B6B543FCE
:10DE0000DBE00E3F0F33543F3B340F3FC3FA533F29
:10DE100084870F3F55C2533FB8DA0F3FC789533F3E
:10DE2000D52D103F1851533FDC80103F4918533F08
:10DE3000CDD3103F59DF523FA726113F49A6523F8D
:10DE40006B79113F186D523F19CC113FC633523FC9
:10DE5000B01E123F54FA513F3071123FC2C0513FC1
:10DE60009AC3123F1087513FEE15133F3D4D513F6E
:10DE70002A68133F4A13513F50BA133F37D9503FD6
:10DE80005F0C143F039F503F585E143FAF64503FF8
:10DE900039B0143F3B2A503F0402153FA8EF4F3FD3
:10DEA000B753153FF4B44F3F54A5153F1F7A4F3F6A
:10DEB000D9F6153F2B3F4F3F4748163F17044F3FBA
:10DEC0009F99163FE4C84E3FDFEA163F908D4E3FC4
:10DED000073C173F1C524E3F188D173F89164E3F87
:10DEE00012DE173FD5DA4D3FF52E183F029F4D3F0A
:10DEF000C07F183F10634D3F73D0183FFD264D3F44
:10DF00000F21193FCBEA4C3F9471193F79AE4C3F3A
:10DF100000C2193F08724C3F55121A3F78354C3FEA
:10DF200093621A3FC7F84B3FB8B21A3FF8BB4B3F5A
:10DF3000C6021B3F097F4B3FBB521B3FFA414B3F81
:10DF400099A21B3FCC044B3F5FF21B3F7FC74A3F68
:10DF50000C421C3F138A4A3FA2911C3F874C4A3F08
:10DF60001FE11C3FDC0E4A3F84301D3F12D1493F68
:10DF7000D17F1D3F2993493F06CF1D3F2155493F82
:10DF8000221E1E3FFA16493F266D1E3FB3D8483F5A
:10DF900012BC1E3F4E9A483FE50A1F3FCA5B483FEE
:10DFA0009F591F3F271D483F41A81F3F65DE473F40
:10DFB000CBF61F3F849F473F3B45203F8560473F4F
:10DFC0009393203F6721473FD2E1203F2AE2463F1B
:10DFD000F92F213FCEA2463F067E213F5463463FA4
:10DFE000FBCB213FBB23463FD719223F03E4453FEC
:10DFF0009967223F2DA4453F43B5223F3964453FF1
:10E00000D302233F2624453F4B50233FF5E3443FB3
:10E01000A99D233FA5A3443FEEEA233F3763443F36
:10E020001A38243FAB22443F2C85243F00E2433F73
:10E0300025D2243F38A1433F041F253F5160433F71
:10E04000CB6B253F4C1F433F77B8253F29DE423F2E
:10E050000A05263FE89C423F8451263F895B423FA8
:10E06000E39D263F0B1A423F2AEA263F70D8413FE4
:10E070005636273FB796413F6882273FE154413FDC
:10E0800061CE273FEC12413F401A283FDAD0403F93
:10E090000566283FA98E403FB0B1283F5C4C403F09
:10E0A00041FD283FF009403FB848293F67C73F3F3F
:10E0B0001594293FC0843F3F57DF293FFC413F3F34
:10E0C000802A2A3F1BFF3E3F8E752A3F1BBC3E3FE6
:10E0D00082C02A3FFF783E3F5B0B2B3FC5353E3F5A
:10E0E0001B562B3F6EF23D3FBFA02B3FF9AE3D3F8D
:10E0F0004AEB2B3F676B3D3FB9352C3FB8273D3F7F
:10E100000F802C3FECE33C3F49CA2C3F03A03C3F2F
:10E1100069142D3FFC5B3C3F6F5E2D3FD9173C3FA0
:10E1200059A82D3F98D33B3F29F22D3F3B8F3B3FD2
:10E13000DE3B2E3FC14A3B3F78852E3F29063B3FC1
:10E14000F7CE2E3F75C13A3F5B182F3FA47C3A3F74
:10E15000A5612F3FB7373A3FD3AA2F3FACF2393FE3
:10E16000E6F32F3F85AD393FDE3C303F4268393F13
:10E17000BB85303FE122393F7CCE303F65DD383F03
:10E180002217313FCB97383FAD5F313F1652383FB2
:10E190001DA8313F430C383F71F0313F55C6373F22
:10E1A000AA38323F4A80373FC780323F233A373F51
:10E1B000C9C8323FDFF3363FAF10333F7FAD363F44
:10E1C0007A58333F0467363F29A0333F6C20363FEF
:10E1D000BCE7333FB8D9353F342F343FE792353F62
:10E1E0008F76343FFB4B353FCFBD343FF304353F93
:10E1F000F304353FCFBD343FFB4B353F8F76343F83
:10E20000E792353F342F343FB8D9353FBCE7333F31
:10E210006C20363F29A0333F0467363F7A58333F9E
:10E220007FAD363FAF10333FDFF3363FC9C8323FD3
:10E23000233A373FC780323F4A80373FAA38323FC0
:10E2400055C6373F71F0313F430C383F1DA8313F71
:10E250001652383FAD5F313FCB97383F2217313FE1
:10E2600065DD383F7CCE303FE122393FBB85303F12
:10E270004268393FDE3C303F85AD393FE6F32F3F02
:10E28000ACF2393FD3AA2F3FB7373A3FA5612F3FB2
:10E29000A47C3A3F5B182F3F75C13A3FF7CE2E3F23
:10E2A00029063B3F78852E3FC14A3B3FDE3B2E3F50
:10E2B0003B8F3B3F29F22D3F98D33B3F59A82D3F41
:10E2C000D9173C3F6F5E2D3FFC5B3C3F69142D3FEF
:10E2D00003A03C3F49CA2C3FECE33C3F0F802C3F5E
:10E2E000B8273D3FB9352C3F676B3D3F4AEB2B3F8D
:10E2F000F9AE3D3FBFA02B3F6EF23D3F1B562B3F7B
:10E30000C5353E3F5B0B2B3FFF783E3F82C02A3F27
:10E310001BBC3E3F8E752A3F1BFF3E3F802A2A3F93
:10E32000FC413F3F57DF293FC0843F3F1594293FC1
:10E3300067C73F3FB848293FF009403F41FD283FAC
:10E340005C4C403FB0B1283FA98E403F0566283F56
:10E35000DAD0403F401A283FEC12413F61CE273FC0
:10E36000E154413F6882273FB796413F5636273FE9
:10E3700070D8413F2AEA263F0B1A423FE39D263FD1
:10E38000895B423F8451263FE89C423F0A05263F75
:10E3900029DE423F77B8253F4C1F433FCB6B253FDB
:10E3A0005160433F041F253F38A1433F25D2243FFE
:10E3B00000E2433F2C85243FAB22443F1A38243FE0
:10E3C0003763443FEEEA233FA5A3443FA99D233F83
:10E3D000F5E3443F4B50233F2624453FD302233FE0
:10E3E0003964453F43B5223F2DA4453F9967223FFD
:10E3F00003E4453FD719223FBB23463FFBCB213FD8
:10E400005463463F067E213FCEA2463FF92F213F6F
:10E410002AE2463FD2E1203F6721473F9393203FC6
:10E420008560473F3B45203F849F473FCBF61F3FDA
:10E4300065DE473F41A81F3F271D483F9F591F3FAB
:10E44000CA5B483FE50A1F3F4E9A483F12BC1E3F39
:10E45000B3D8483F266D1E3FFA16493F221E1E3F85
:10E460002155493F06CF1D3F2993493FD17F1D3F8D
:10E4700012D1493F84301D3FDC0E4A3F1FE11C3F53
:10E48000874C4A3FA2911C3F138A4A3F0C421C3FD3
:10E490007FC74A3F5FF21B3FCC044B3F99A21B3F13
:10E4A000FA414B3FBB521B3F097F4B3FC6021B3F0C
:10E4B000F8BB4B3FB8B21A3FC7F84B3F93621A3FC5
:10E4C00078354C3F55121A3F08724C3F00C2193F35
:10E4D00079AE4C3F9471193FCBEA4C3F0F21193F65
:10E4E000FD264D3F73D0183F10634D3FC07F183F4E
:10E4F000029F4D3FF52E183FD5DA4D3F12DE173FF4
:10E5000089164E3F188D173F1C524E3F073C173F50
:10E51000908D4E3FDFEA163FE4C84E3F9F99163F6D
:10E5200017044F3F4748163F2B3F4F3FD9F6153F43
:10E530001F7A4F3F54A5153FF4B44F3FB753153FD3
:10E54000A8EF4F3F0402153F3B2A503F39B0143F1C
:10E55000AF64503F585E143F039F503F5F0C143F21
:10E5600037D9503F50BA133F4A13513F2A68133FDF
:10E570003D4D513FEE15133F1087513F9AC3123F57
:10E58000C2C0513F3071123F54FA513FB01E123F8A
:10E59000C633523F19CC113F186D523F6B79113F72
:10E5A00049A6523FA726113F59DF523FCDD3103F16
:10E5B0004918533FDC80103F1851533FD52D103F71
:10E5C000C789533FB8DA0F3F55C2533F84870F3F87
:10E5D000C3FA533F3B340F3F0F33543FDBE00E3F52
:10E5E0003B6B543F658D0E3F47A3543FDA390E3FD6
:10E5F00031DB543F38E60D3FFB12553F81920D3F12
:10E60000A44A553FB33E0D3F2C82553FD0EA0C3F04
:10E6100093B9553FD7960C3FD9F0553FC9420C3FAF
:10E62000FE27563FA5EE0B3F025F563F6B9A0B3F0E
:10E63000E595563F1C460B3FA7CC563FB7F10A3F26
:10E640004803573F3D9D0A3FC739573FAD480A3FF2
:10E650002670573F09F4093F63A6573F4E9F093F75
:10E660007FDC573F7F4A093F7912583F9BF5083FAF
:10E670005348583FA1A0083F0B7E583F924B083F9C
:10E68000A1B3583F6FF6073F17E9583F36A1073F40
:10E690006A1E593FE84B073F9C53593F86F6063F99
:10E6A000AD88593F0EA1063F9CBD593F824B063FA6
:10E6B0006AF2593FE2F5053F16275A3F2CA0053F65
:10E6C000A05B5A3F624A053F09905A3F84F4043FD9
:10E6D00050C45A3F919E043F75F85A3F8948043F01
:10E6E000792C5B3F6DF2033F5A605B3F3D9C033FDB
:10E6F0001A945B3FF845033FB8C75B3F9FEF023F6B
:10E7000034FB5B3F3299023F8E2E5C3FB142023FA9
:10E71000C7615C3F1CEC013FDD945C3F7395013F9A
:10E72000D1C75C3FB53E013FA3FA5C3FE4E7003F41
:10E73000532D5D3FFF90003FE15F5D3F063A003F94
:10E740004D925D3FF3C5FF3E97C45D3FB217FF3E5C
:10E75000BEF65D3F4A69FE3EC3285E3FBBBAFD3E42
:10E76000A65A5E3F040CFD3E678C5E3F275DFC3E73
:10E7700005BE5E3F22AEFB3E81EF5E3FF7FEFA3EF6
:10E78000DB205F3FA54FFA3E12525F3F2DA0F93EBE
:10E7900027835F3F8EF0F83E19B45F3FC840F83ED4
:10E7A000E9E45F3FDC90F73E9615603FCBE0F63E34
:10E7B0002146603F9330F63E8976603F3580F53ED6
:10E7C000CFA6603FB1CFF43EF2D6603F071FF43EC4
:10E7D000F206613F386EF33ED036613F43BDF23EF4
:10E7E0008A66613F290CF23E2296613FEA5AF13E69
:10E7F00098C5613F85A9F03EEAF4613FFBF7EF3E23
:10E800001A24623F4C46EF3E2653623F7994EE3E17
:10E810001082623F80E2ED3ED7B0623F6330ED3E52
:10E820007BDF623F217EEC3EFC0D633FBBCBEB3ECA
:10E830005A3C633F3019EB3E956A633F8166EA3E7E
:10E84000AC98633FAEB3E93EA1C6633FB700E93E73
:10E8500073F4633F9C4DE83E2122643F5D9AE73E9E
:10E86000AC4F643FFBE6E63E147D643F7533E63E05
:10E8700059AA643FCB7FE53E7BD7643FFECBE43EA5
:10E880007904653F0E18E43E5431653FFA63E33E78
:10E890000B5E653FC4AFE23EA08A653F6AFBE13E86
:10E8A00010B7653FEE46E13E5EE3653F4F92E03EC6
:10E8B000880F663F8DDDDF3E8E3B663FA928DF3E39
:10E8C0007167663FA273DE3E3093663F79BEDD3EE0
:10E8D000CCBE663F2E09DD3E45EA663FC153DC3EB5
:10E8E0009915673F319EDB3ECA40673F80E8DA3EBC
:10E8F000D86B673FAD32DA3EC196673FB97CD93EEF
:10E9000087C1673FA3C6D83E2AEC673F6B10D83E4D
:10E91000A816683F135AD73E0341683F99A3D63ED5
:10E92000396B683FFDECD53E4C95683F4136D53E8E
:10E930003CBF683F647FD43E07E9683F67C8D33E69
:10E94000AE12693F4811D33E323C693F095AD23E6C
:10E950009165693FAAA2D13ECC8E693F2AEBD03E99
:10E96000E4B7693F8A33D03ED7E0693FCA7BCF3EE8
:10E97000A7096A3FEAC3CE3E52326A3FEA0BCE3E57
:10E98000D95A6A3FCA53CD3E3C836A3F8B9BCC3EEB
:10E990007BAB6A3F2CE3CB3E95D36A3FAE2ACB3E9E
:10E9A0008CFB6A3F1072CA3E5E236B3F53B9C93E6F
:10E9B0000C4B6B3F7700C93E95726B3F7C47C83E5E
:10E9C000FB996B3F628EC73E3BC16B3F29D5C63E6C
:10E9D00058E86B3FD21BC63E500F6C3F5C62C53E91
:10E9E00024366C3FC8A8C43ED45C6C3F15EFC33ED0
:10E9F0005E836C3F4435C33EC5A96C3F557BC23E28
:10EA000007D06C3F48C1C13E24F66C3F1E07C13E93
:10EA10001D1C6D3FD54CC03EF2416D3F6F92BF3E15
:10EA2000A1676D3FEBD7BE3E2D8D6D3F4A1DBE3EAB
:10EA300093B26D3F8B62BD3ED5D76D3FAFA7BC3E55
:10EA4000F2FC6D3FB6ECBB3EEB216E3FA031BB3E0E
:10EA5000BE466E3F6E76BA3E6D6B6E3F1EBBB93ED4
:10EA6000F88F6E3FB2FFB83E5DB46E3F2A44B83EA9
:10EA70009ED86E3F8488B73EBAFC6E3FC3CCB63E8C
:10EA8000B0206F3FE610B63E83446F3FEC54B53E76
:10EA900030686F3FD698B43EB88B6F3FA5DCB33E6D
:10EAA0001BAF6F3F5820B33E5AD26F3FEF63B23E69
:10EAB00073F56F3F6BA7B13E6718703FCBEAB03E6E
:10EAC000373B703F102EB03EE15D703F3A71AF3E74
:10EAD0006680703F49B4AE3EC6A2703F3CF7AD3E83
:10EAE00002C5703F153AAD3E17E7703FD47CAC3E8F
:10EAF0000809713F77BFAB3ED42A713F0102AB3E9C
:10EB00007A4C713F6F44AA3EFB6D713FC486A93EAB
:10EB1000578F713FFEC8A83E8EB0713F1F0BA83EB5
:10EB20009FD1713F254DA73E8CF2713F128FA63EBB
:10EB30005213723FE5D0A53EF433723F9F12A53EBB
:10EB40007054723F3F54A43EC774723FC595A33EB4
:10EB5000F894723F33D7A23E04B5723F8718A23EA5
:10EB6000EBD4723FC259A13EACF4723FE59AA03E8D
:10EB70004714733FEEDB9F3EBE33733FDF1C9F3E67
:10EB80000E53733FB85D9E3E3972733F789E9D3E33
:10EB90003F91733F20DF9C3E1FB0733FAF1F9C3EF1
:10EBA000D9CE733F27609B3E6EED733F86A09A3EA1
:10EBB000DD0B743FCEE0993E272A743FFE20993E3C
:10EBC0004B48743F1661983E4966743F17A1973EC3
:10EBD0002284743F00E1963ED5A1743FD220963E38
:10EBE00062BF743F8D60953EC9DC743F31A0943E96
:10EBF0000BFA743FBFDF933E2717753F351F933ED7
:10EC00001D34753F945E923EED50753FDD9D913E03
:10EC1000976D753F10DD903E1C8A753F2C1C903E11
:10EC20007BA6753F325B8F3EB3C2753F229A8E3E04
:10EC3000C6DE753FFCD88D3EB3FA753FC0178D3EDA
:10EC40007A16763F6E568C3E1B32763F07958B3E8A
:10EC5000974D763F8AD38A3EEC68763FF8118A3E1C
:10EC60001B84763F5050893E249F763F938E883E8A
:10EC700007BA763FC1CC873EC4D4763FDA0A873ED6
:10EC80005BEF763FDF48863ECC09773FCE86853EF8
:10EC90001724773FAAC4843E3C3E773F7002843EEF
:10ECA0003A58773F2240833E1372773FC07D823EC1
:10ECB000C58B773F4ABB813E51A5773FC0F8803E68
:10ECC000B7BE773F2236803EF7D7773FE1E67E3EFC
:10ECD00010F1773F56617D3E040A783FA4DB7B3E0E
:10ECE000D122783FCB557A3E773B783FCCCF783EE8
:10ECF000F853783FA649773E526C783F5AC3753E29
:10ED00008684783FE83C743E939C783F51B6723ECF
:10ED10007BB4783F942F713E3BCC783FB2A86F3ED6
:10ED2000D6E3783FAB216E3E4AFB783F7F9A6C3E3C
:10ED30009812793F2F136B3EBF29793FBA8B693EFA
:10ED4000C040793F2204683E9A57793F667C663E10
:10ED50004E6E793F86F4643EDC84793F836C633E7B
:10ED6000439B793F5CE4613E83B1793F135C603E35
:10ED70009DC7793FA8D35E3E91DD793F1A4B5D3E3A
:10ED80005EF3793F6AC25B3E04097A3F97395A3E87
:10ED9000841E7A3FA4B0583EDD337A3F8F27573E1A
:10EDA00010497A3F589E553E1C5E7A3F0115543EED
:10EDB00002737A3F898B523EC1877A3FF101513EFF
:10EDC000599C7A3F38784F3ECBB07A3F60EE4D3E4B
:10EDD00016C57A3F67644C3E3AD97A3F4FDA4A3ECD
:10EDE00037ED7A3F1850493E0E017B3FC2C5473E82
:10EDF000BE147B3F4D3B463E48287B3FB9B0443E66
:10EE0000AB3B7B3F0726433EE74E7B3F379B413E74
:10EE1000FC617B3F4910403EEA747B3F3E853E3EAD
:10EE2000B2877B3F15FA3C3E539A7B3FCF6E3B3E09
:10EE3000CDAC7B3F6CE3393E20BF7B3FEC57383E87
:10EE40004DD17B3F50CC363E53E37B3F9840353E1F
:10EE500031F57B3FC4B4333EE9067C3FD428323ED3
:10EE60007A187C3FC99C303EE5297C3FA2102F3E9A
:10EE7000283B7C3F61842D3E444C7C3F04F82B3E74
:10EE80003A5D7C3F8D6B2A3E086E7C3FFCDE283E5F
:10EE9000B07E7C3F5152273E318F7C3F8CC5253E52
:10EEA0008A9F7C3FAD38243EBDAF7C3FB6AB223E4F
:10EEB000C9BF7C3FA51E213EAECF7C3F7B911F3E4C
:10EEC0006CDF7C3F38041E3E03EF7C3FDE761C3E49
:10EED00073FE7C3F6BE91A3EBC0D7D3FE05B193E43
:10EEE000DD1C7D3F3DCE173ED82B7D3F8340163E37
:10EEF000AC3A7D3FB2B2143E59497D3FCA24133E1D
:10EF0000DE577D3FCC96113E3D667D3FB708103EF3
:10EF100074747D3F8B7A0E3E85827D3F4AEC0C3EB9
:10EF20006E907D3FF35D0B3E309E7D3F86CF093E68
:10EF3000CCAB7D3F0541083E40B97D3F6EB2063EF9
:10EF40008CC67D3FC223053EB2D37D3F0295033E72
:10EF5000B1E07D3F2E06023E88ED7D3F4577003EC5
:10EF600038FA7D3F92D0FD3DC2067E3F73B2FA3D36
:10EF700024137E3F2C94F73D5E1F7E3FC075F43D09
:10EF8000722B7E3F2E57F13D5E377E3F7638EE3D49
:10EF900023437E3F9A19EB3DC14E7E3F9AFAE73DEF
:10EFA000385A7E3F76DBE43D88657E3F2EBCE13DEE
:10EFB000B0707E3FC49CDE3DB17B7E3F377DDB3D44
:10EFC0008B867E3F895DD83D3D917E3FB93DD53DE5
:10EFD000C99B7E3FC81DD23D2DA67E3FB7FDCE3DCD
:10EFE00069B07E3F86DDCB3D7FBA7E3F36BDC83DF2
:10EFF0006DC47E3FC69CC53D34CE7E3F397CC23D4C
:10F00000D4D77E3F8D5BBF3D4CE17E3FC33ABC3DD4
:10F010009DEA7E3FDD19B93DC7F37E3FDAF8B53D85
:10F02000C9FC7E3FBBD7B23DA4057F3F80B6AF3D54
:10F03000580E7F3F2B95AC3DE4167F3FBA73A93D38
:10F04000491F7F3F3052A63D87277F3F8C30A33D2D
:10F050009D2F7F3FCF0EA03D8D377F3FF9EC9C3D2C
:10F06000543F7F3F0ACB993DF4467F3F05A9963D2B
:10F070006D4E7F3FE786933DBF557F3FB464903D23
:10F08000E95C7F3F6A428D3DEC637F3F0A208A3D09
:10F09000C76A7F3F94FD863D7B717F3F0ADB833DDE
:10F0A00008787F3F6CB8803D6D7E7F3F742B7B3D41
:10F0B000AB847F3FE9E5743DC28A7F3F38A06E3D57
:10F0C000B1907F3F625A683D78967F3F6814623DF9
:10F0D000189C7F3F4CCE5B3D91A17F3F0E88553DF4
:10F0E000E3A67F3FAF414F3D0DAC7F3F2FFB483D37
:10F0F0000FB17F3F91B4423DEAB57F3FD56D3C3DB6
:10F100009EBA7F3FFC26363D2ABF7F3F07E02F3D5A
:10F110008FC37F3FF698293DCCC77F3FCC51233D1D
:10F12000E2CB7F3F880A1D3DD1CF7F3F2CC3163DE8
:10F1300098D37F3FB87B103D37D77F3F2F340A3DB0
:10F14000AFDA7F3F90EC033D00DE7F3FB949FB3CE7
:10F1500029E17F3F2DBAEE3C2BE47F3F7B2AE23C46
:10F1600005E77F3FA69AD53CB8E97F3FB00AC93C86
:10F1700043EC7F3F9B7ABC3CA7EE7F3F69EAAF3C04
:10F18000E3F07F3F1C5AA33CF8F27F3FB6C9963CA0
:10F19000E6F47F3F38398A3CACF67F3F4B517B3CED
:10F1A0004AF87F3F0030623CC1F97F3F900E493CF6
:10F1B00011FB7F3F02ED2F3C39FC7F3F59CB163CC2
:10F1C00039FD7F3F3053FB3B13FE7F3F890FC93B27
:10F1D000C4FE7F3FC1CB963B4EFF7F3FC70F493BED
:10F1E000B1FF7F3FD40FC93AECFF7F3F0000000022
:10F1F0000000803FD40FC9BAECFF7F3FC70F49BB67
:10F20000B1FF7F3FC1CB96BB4EFF7F3F890FC9BB8C
:10F21000C4FE7F3F3053FBBB13FE7F3F59CB16BC70
:10F2200039FD7F3F02ED2FBC39FC7F3F900E49BC7A
:10F2300011FB7F3F003062BCC1F97F3F4B517BBC6B
:10F240004AF87F3F38398ABCACF67F3FB6C996BCD6
:10F25000E6F47F3F1C5AA3BCF8F27F3F69EAAFBCDB
:10F26000E3F07F3F9B7ABCBCA7EE7F3FB00AC9BCEE
:10F2700043EC7F3FA69AD5BCB8E97F3F7B2AE2BC2E
:10F2800005E77F3F2DBAEEBC2BE47F3FB949FBBCBD
:10F2900029E17F3F90EC03BD00DE7F3F2F340ABDA4
:10F2A000AFDA7F3FB87B10BD37D77F3F2CC316BD89
:10F2B00098D37F3F880A1DBDD1CF7F3FCC5123BD5E
:10F2C000E2CB7F3FF69829BDCCC77F3F07E02FBD3B
:10F2D0008FC37F3FFC2636BD2ABF7F3FD56D3CBD27
:10F2E0009EBA7F3F91B442BDEAB57F3F2FFB48BD38
:10F2F0000FB17F3FAF414FBD0DAC7F3F0E8855BD75
:10F30000E3A67F3F4CCE5BBD91A17F3F681462BDF9
:10F31000189C7F3F625A68BD78967F3F38A06EBDCB
:10F32000B1907F3FE9E574BDC28A7F3F742B7BBDFE
:10F33000AB847F3F6CB880BD6D7E7F3F0ADB83BDB1
:10F3400008787F3F94FD86BD7B717F3F0A208ABD90
:10F35000C76A7F3F6A428DBDEC637F3FB46490BD56
:10F36000E95C7F3FE78693BDBF557F3F05A996BD0A
:10F370006D4E7F3F0ACB99BDF4467F3FF9EC9CBDB3
:10F38000543F7F3FCF0EA0BD8D377F3F8C30A3BD54
:10F390009D2F7F3F3052A6BD87277F3FBA73A9BDFF
:10F3A000491F7F3F2B95ACBDE4167F3F80B6AFBDB4
:10F3B000580E7F3FBBD7B2BDA4057F3FDAF8B5BD7D
:10F3C000C9FC7E3FDD19B9BDC7F37E3FC33ABCBD62
:10F3D0009DEA7E3F8D5BBFBD4CE17E3F397CC2BD67
:10F3E000D4D77E3FC69CC5BD34CE7E3F36BDC8BD9A
:10F3F0006DC47E3F86DDCBBD7FBA7E3FB7FDCEBDFF
:10F4000069B07E3FC81DD2BD2DA67E3FB93DD5BD9A
:10F41000C99B7E3F895DD8BD3D917E3F377DDBBD79
:10F420008B867E3FC49CDEBDB17B7E3F2EBCE1BDA2
:10F43000B0707E3F76DBE4BD88657E3F9AFAE7BD1B
:10F44000385A7E3F9A19EBBDC14E7E3F7638EEBDED
:10F4500023437E3F2E57F1BD5E377E3FC075F4BD1E
:10F46000722B7E3F2C94F7BD5E1F7E3F73B2FABDB8
:10F4700024137E3F92D0FDBDC2067E3F457700BE7D
:10F4800038FA7D3F2E0602BE88ED7D3F029503BE11
:10F49000B1E07D3FC22305BEB2D37D3F6EB206BE52
:10F4A0008CC67D3F054108BE40B97D3F86CF09BE71
:10F4B000CCAB7D3FF35D0BBE309E7D3F4AEC0CBE76
:10F4C0006E907D3F8B7A0EBE85827D3FB70810BE61
:10F4D00074747D3FCC9611BE3D667D3FCA2413BE39
:10F4E000DE577D3FB2B214BE59497D3F834016BE00
:10F4F000AC3A7D3F3DCE17BED82B7D3FE05B19BEB9
:10F50000DD1C7D3F6BE91ABEBC0D7D3FDE761CBE67
:10F5100073FE7C3F38041EBE03EF7C3F7B911FBE11
:10F520006CDF7C3FA51E21BEAECF7C3FB6AB22BEBA
:10F53000C9BF7C3FAD3824BEBDAF7C3F8CC525BE66
:10F540008A9F7C3F515227BE318F7C3FFCDE28BE14
:10F55000B07E7C3F8D6B2ABE086E7C3F04F82BBECC
:10F560003A5D7C3F61842DBE444C7C3FA2102FBE8F
:10F57000283B7C3FC99C30BEE5297C3FD42832BE65
:10F580007A187C3FC4B433BEE9067C3F984035BE50
:10F5900031F57B3F50CC36BE53E37B3FEC5738BE52
:10F5A0004DD17B3F6CE339BE20BF7B3FCF6E3BBE6E
:10F5B000CDAC7B3F15FA3CBE539A7B3F3E853EBEA9
:10F5C000B2877B3F491040BEEA747B3F379B41BE08
:10F5D000FC617B3F072643BEE74E7B3FB9B044BE8C
:10F5E000AB3B7B3F4D3B46BE48287B3FC2C547BE39
:10F5F000BE147B3F185049BE0E017B3F4FDA4ABE16
:10F6000037ED7A3F67644CBE3AD97A3F60EE4DBE23
:10F6100016C57A3F38784FBECBB07A3FF10151BE64
:10F62000599C7A3F898B52BEC1877A3F011554BEDF
:10F6300002737A3F589E55BE1C5E7A3F8F2757BE95
:10F6400010497A3FA4B058BEDD337A3F97395ABE8D
:10F65000841E7A3F6AC25BBE04097A3F1A4B5DBEC4
:10F660005EF3793FA8D35EBE91DD793F135C60BE47
:10F670009DC7793F5CE461BE83B1793F836C63BE13
:10F68000439B793F86F464BEDC84793F667C66BE2A
:10F690004E6E793F220468BE9A57793FBA8B69BE95
:10F6A000C040793F2F136BBEBF29793F7F9A6CBE54
:10F6B0009812793FAB216EBE4AFB783FB2A86FBE6D
:10F6C000D6E3783F942F71BE3BCC783F51B672BEE3
:10F6D0007BB4783FE83C74BE939C783F5AC375BEB8
:10F6E0008684783FA64977BE526C783FCCCF78BEEF
:10F6F000F853783FCB557ABE773B783FA4DB7BBE8F
:10F70000D122783F56617DBE040A783FE1E67EBE95
:10F7100010F1773F223680BEF7D7773FC0F880BE22
:10F72000B7BE773F4ABB81BE51A5773FC07D82BE41
:10F73000C58B773F224083BE1372773F700284BE31
:10F740003A58773FAAC484BE3C3E773FCE8685BEFA
:10F750001724773FDF4886BECC09773FDA0A87BE99
:10F760005BEF763FC1CC87BEC4D4763F938E88BE14
:10F7700007BA763F505089BE249F763FF8118ABE63
:10F780001B84763F8AD38ABEEC68763F07958BBE92
:10F79000974D763F6E568CBE1B32763FC0178DBE9E
:10F7A0007A16763FFCD88DBEB3FA753F229A8EBE8C
:10F7B000C6DE753F325B8FBEB3C2753F2C1C90BE58
:10F7C0007BA6753F10DD90BE1C8A753FDD9D91BE06
:10F7D000976D753F945E92BEED50753F351F93BE99
:10F7E0001D34753FBFDF93BE2717753F31A094BE10
:10F7F0000BFA743F8D6095BEC9DC743FD22096BE73
:10F8000062BF743F00E196BED5A1743F17A197BEB9
:10F810002284743F166198BE4966743FFE2099BEEB
:10F820004B48743FCEE099BE272A743F86A09ABE0B
:10F83000DD0B743F27609BBE6EED733FAF1F9CBE18
:10F84000D9CE733F20DF9CBE1FB0733F789E9DBE14
:10F850003F91733FB85D9EBE3972733FDF1C9FBE00
:10F860000E53733FEEDB9FBEBE33733FE59AA0BEDF
:10F870004714733FC259A1BEACF4723F8718A2BEB1
:10F88000EBD4723F33D7A2BE04B5723FC595A3BE79
:10F89000F894723F3F54A4BEC774723F9F12A5BE36
:10F8A0007054723FE5D0A5BEF433723F128FA6BEEE
:10F8B0005213723F254DA7BE8CF2713F1F0BA8BE9D
:10F8C0009FD1713FFEC8A8BE8EB0713FC486A9BE4D
:10F8D000578F713F6F44AABEFB6D713F0102ABBEF3
:10F8E0007A4C713F77BFABBED42A713FD47CACBE9B
:10F8F0000809713F153AADBE17E7703F3CF7ADBE42
:10F9000002C5703F49B4AEBEC6A2703F3A71AFBEE9
:10F910006680703F102EB0BEE15D703FCBEAB0BE96
:10F92000373B703F6BA7B1BE6718703FEF63B2BE45
:10F9300073F56F3F5820B3BE5AD26F3FA5DCB3BEFC
:10F940001BAF6F3FD698B4BEB88B6F3FEC54B5BEBB
:10F9500030686F3FE610B6BE83446F3FC3CCB6BE7F
:10F96000B0206F3F8488B7BEBAFC6E3F2A44B8BE51
:10F970009ED86E3FB2FFB8BE5DB46E3F1EBBB9BE2F
:10F98000F88F6E3F6E76BABE6D6B6E3FA031BBBE18
:10F99000BE466E3FB6ECBBBEEB216E3FAFA7BCBE12
:10F9A000F2FC6D3F8B62BDBED5D76D3F4A1DBEBE1A
:10F9B00093B26D3FEBD7BEBE2D8D6D3F6F92BFBE34
:10F9C000A1676D3FD54CC0BEF2416D3F1E07C1BE61
:10F9D0001D1C6D3F48C1C1BE24F66C3F557BC2BEA5
:10F9E00007D06C3F4435C3BEC5A96C3F15EFC3BEFD
:10F9F0005E836C3FC8A8C4BED45C6C3F5C62C5BE6D
:10FA000024366C3FD21BC6BE500F6C3F29D5C6BEF4
:10FA100058E86B3F628EC7BE3BC16B3F7C47C8BE98
:10FA2000FB996B3F7700C9BE95726B3F53B9C9BE56
:10FA30000C4B6B3F1072CABE5E236B3FAE2ACBBE2F
:10FA40008CFB6A3F2CE3CBBE95D36A3F8B9BCCBE2D
:10FA50007BAB6A3FCA53CDBE3C836A3FEA0BCEBE46
:10FA6000D95A6A3FEAC3CEBE52326A3FCA7BCFBE82
:10FA7000A7096A3F8A33D0BED7E0693F2AEBD0BEE0
:10FA8000E4B7693FAAA2D1BECC8E693F095AD2BE63
:10FA90009165693F4811D3BE323C693F67C8D3BE08
:10FAA000AE12693F647FD4BE07E9683F4136D5BED8
:10FAB0003CBF683FFDECD5BE4C95683F99A3D6BED0
:10FAC000396B683F135AD7BE0341683F6B10D8BEED
:10FAD000A816683FA3C6D8BE2AEC673FB97CD9BE3A
:10FAE00087C1673FAD32DABEC196673F80E8DABEB4
:10FAF000D86B673F319EDBBECA40673FC153DCBE57
:10FB00009915673F2E09DDBE45EA663F79BEDDBE29
:10FB1000CCBE663FA273DEBE3093663FA928DFBE2F
:10FB20007167663F8DDDDFBE8E3B663F4F92E0BE64
:10FB3000880F663FEE46E1BE5EE3653F6AFBE1BECD
:10FB400010B7653FC4AFE2BEA08A653FFA63E3BE6B
:10FB50000B5E653F0E18E4BE5431653FFECBE4BE3C
:10FB60007904653FCB7FE5BE7BD7643F7533E6BE46
:10FB700059AA643FFBE6E6BE147D643F5D9AE7BE8A
:10FB8000AC4F643F9C4DE8BE2122643FB700E9BE04
:10FB900073F4633FAEB3E9BEA1C6633F8166EABEBC
:10FBA000AC98633F3019EBBE956A633FBBCBEBBEAD
:10FBB0005A3C633F217EECBEFC0D633F6330EDBEDB
:10FBC0007BDF623F80E2EDBED7B0623F7994EEBE4C
:10FBD0001082623F4C46EFBE2653623FFBF7EFBEFA
:10FBE0001A24623F85A9F0BEEAF4613FEA5AF1BEE9
:10FBF00098C5613F290CF2BE2296613F43BDF2BE1B
:10FC00008A66613F386EF3BED036613F071FF4BE8F
:10FC1000F206613FB1CFF4BEF2D6603F3580F5BE4B
:10FC2000CFA6603F9330F6BE8976603FCBE0F6BE4C
:10FC30002146603FDC90F7BE9615603FC840F8BE95
:10FC4000E9E45F3F8EF0F8BE19B45F3F2DA0F9BE26
:10FC500027835F3FA54FFABE12525F3FF7FEFABE01
:10FC6000DB205F3F22AEFBBE81EF5E3F275DFCBE27
:10FC700005BE5E3F040CFDBE678C5E3FBBBAFDBE99
:10FC8000A65A5E3F4A69FEBEC3285E3FB217FFBE5A
:10FC9000BEF65D3FF3C5FFBE97C45D3F063A00BFA9
:10FCA0004D925D3FFF9000BFE15F5D3FE4E700BF25
:10FCB000532D5D3FB53E01BFA3FA5C3F739501BF75
:10FCC000D1C75C3F1CEC01BFDD945C3FB14202BF79
:10FCD000C7615C3F329902BF8E2E5C3F9FEF02BF2F
:10FCE00034FB5B3FF84503BFB8C75B3F3D9C03BF98
:10FCF0001A945B3F6DF203BF5A605B3F894804BFB3
:10FD0000792C5B3F919E04BF75F85A3F84F404BF81
:10FD100050C45A3F624A05BF09905A3F2CA005BF04
:10FD2000A05B5A3FE2F505BF16275A3F824B06BF3C
:10FD30006AF2593F0EA106BF9CBD593F86F606BF29
:10FD4000AD88593FE84B07BF9C53593F36A107BFC9
:10FD50006A1E593F6FF607BF17E9583F924B08BF1D
:10FD6000A1B3583FA1A008BF0B7E583F9BF508BF29
:10FD70005348583F7F4A09BF7912583F4E9F09BFE9
:10FD80007FDC573F09F409BF63A6573FAD480ABF60
:10FD90002670573F3D9D0ABFC739573FB7F10ABF8D
:10FDA0004803573F1C460BBFA7CC563F6B9A0BBF6F
:10FDB000E595563FA5EE0BBF025F563FC9420CBF0B
:10FDC000FE27563FD7960CBFD9F0553FD0EA0CBF5F
:10FDD00093B9553FB33E0DBF2C82553F81920DBF65
:10FDE000A44A553F38E60DBFFB12553FDA390EBF26
:10FDF00031DB543F658D0EBF47A3543FDBE00EBFA0
:10FE00003B6B543F3B340FBF0F33543F84870FBFCE
:10FE1000C3FA533FB8DA0FBF55C2533FD52D10BFB9
:10FE2000C789533FDC8010BF1851533FCDD310BF5B
:10FE30004918533FA72611BF59DF523F6B7911BFB5
:10FE400049A6523F19CC11BF186D523FB01E12BFC8
:10FE5000C633523F307112BF54FA513F9AC312BF9A
:10FE6000C2C0513FEE1513BF1087513F2A6813BF20
:10FE70003D4D513F50BA13BF4A13513F5F0C14BF61
:10FE800037D9503F585E14BF039F503F39B014BF5D
:10FE9000AF64503F040215BF3B2A503FB75315BF14
:10FEA000A8EF4F3F54A515BFF4B44F3FD9F615BF87
:10FEB0001F7A4F3F474816BF2B3F4F3F9F9916BFB2
:10FEC00017044F3FDFEA16BFE4C84E3F073C17BF99
:10FED000908D4E3F188D17BF1C524E3F12DE17BF3C
:10FEE00089164E3FF52E18BFD5DA4D3FC07F18BF9B
:10FEF000029F4D3F73D018BF10634D3F0F2119BFB4
:10FF0000FD264D3F947119BFCBEA4C3F00C219BF8B
:10FF100079AE4C3F55121ABF08724C3F93621ABF1C
:10FF200078354C3FB8B21ABFC7F84B3FC6021BBF6B
:10FF3000F8BB4B3FBB521BBF097F4B3F99A21BBF76
:10FF4000FA414B3F5FF21BBFCC044B3F0C421CBF3E
:10FF50007FC74A3FA2911CBF138A4A3F1FE11CBFC3
:10FF6000874C4A3F84301DBFDC0E4A3FD17F1DBF06
:10FF700012D1493F06CF1DBF2993493F221E1EBF04
:10FF80002155493F266D1EBFFA16493F12BC1EBFC0
:10FF9000B3D8483FE50A1FBF4E9A483F9F591FBF3D
:10FFA000CA5B483F41A81FBF271D483FCBF61FBF74
:10FFB00065DE473F3B4520BF849F473F939320BF6B
:10FFC0008560473FD2E120BF6721473FF92F21BF1E
:10FFD0002AE2463F067E21BFCEA2463FFBCB21BF91
:10FFE0005463463FD71922BFBB23463F996722BFC0
:10FFF00003E4453F43B522BF2DA4453FD30223BFB1
:020000040801F1
:100000003964453F4B5023BF2624453FA99D23BF5C
:10001000F5E3443FEEEA23BFA5A3443F1A3824BFCB
:100020003763443F2C8524BFAB22443F25D224BFF5
:1000300000E2433F041F25BF38A1433FCB6B25BFE0
:100040005160433F77B825BF4C1F433F0A0526BF89
:1000500029DE423F845126BFE89C423FE39D26BFF4
:10006000895B423F2AEA26BF0B1A423F563627BF1A
:1000700070D8413F688227BFB796413F61CE27BF06
:10008000E154413F401A28BFEC12413F056628BFAA
:10009000DAD0403FB0B128BFA98E403F41FD28BF14
:1000A0005C4C403FB84829BFF009403F159429BF38
:1000B00067C73F3F57DF29BFC0843F3F802A2ABF21
:1000C000FC413F3F8E752ABF1BFF3E3F82C02ABFC7
:1000D0001BBC3E3F5B0B2BBFFF783E3F1B562BBF2D
:1000E000C5353E3FBFA02BBF6EF23D3F4AEB2BBF55
:1000F000F9AE3D3FB9352CBF676B3D3F0F802CBF3C
:10010000B8273D3F49CA2CBFECE33C3F69142DBFE3
:1001100003A03C3F6F5E2DBFFC5B3C3F59A82DBF49
:10012000D9173C3F29F22DBF98D33B3FDE3B2EBF72
:100130003B8F3B3F78852EBFC14A3B3FF7CE2EBF5A
:1001400029063B3F5B182FBF75C13A3FA5612FBF02
:10015000A47C3A3FD3AA2FBFB7373A3FE6F32FBF6D
:10016000ACF2393FDE3C30BF85AD393FBB8530BF97
:100170004268393F7CCE30BFE122393F221731BF80
:1001800065DD383FAD5F31BFCB97383F1DA831BF2C
:100190001652383F71F031BF430C383FAA3832BF96
:1001A00055C6373FC78032BF4A80373FC9C832BFC4
:1001B000233A373FAF1033BFDFF3363F7A5833BFB0
:1001C0007FAD363F29A033BF0467363FBCE733BF5E
:1001D0006C20363F342F34BFB8D9353F8F7634BFCB
:1001E000E792353FCFBD34BFFB4B353FF30435BFFE
:1001F000F304353FFB4B35BFCFBD343FE79235BFEE
:100200008F76343FB8D935BF342F343F6C2036BF9A
:10021000BCE7333F046736BF29A0333F7FAD36BF0D
:100220007A58333FDFF336BFAF10333F233A37BF3F
:10023000C9C8323F4A8037BFC780323F55C637BF33
:10024000AA38323F430C38BF71F0313F165238BFE5
:100250001DA8313FCB9738BFAD5F313F65DD38BF5B
:100260002217313FE12239BF7CCE303F426839BF8F
:10027000BB85303F85AD39BFDE3C303FACF239BF86
:10028000E6F32F3FB7373ABFD3AA2F3FA47C3ABF3C
:10029000A5612F3F75C13ABF5B182F3F29063BBFB1
:1002A000F7CE2E3FC14A3BBF78852E3F3B8F3BBFE9
:1002B000DE3B2E3F98D33BBF29F22D3FD9173CBFE1
:1002C00059A82D3FFC5B3CBF6F5E2D3F03A03CBF98
:1002D00069142D3FECE33CBF49CA2C3FB8273DBF12
:1002E0000F802C3F676B3DBFB9352C3FF9AE3DBF4A
:1002F0004AEB2B3F6EF23DBFBFA02B3FC5353EBF43
:100300001B562B3FFF783EBF5B0B2B3F1BBC3EBFFA
:1003100082C02A3F1BFF3EBF8E752A3FFC413FBF74
:10032000802A2A3FC0843FBF57DF293F67C73FBFAE
:100330001594293FF00940BFB848293F5C4C40BFA5
:1003400041FD283FA98E40BFB0B1283FDAD040BF61
:100350000566283FEC1241BF401A283FE15441BFD7
:1003600061CE273FB79641BF6882273F70D841BF13
:100370005636273F0B1A42BF2AEA263F895B42BF07
:10038000E39D263FE89C42BF8451263F29DE42BFC1
:100390000A05263F4C1F43BF77B8253F516043BF36
:1003A000CB6B253F38A143BF041F253F00E243BF6D
:1003B00025D2243FAB2244BF2C85243F376344BF62
:1003C0001A38243FA5A344BFEEEA233FF5E344BF18
:1003D000A99D233F262445BF4B50233F396445BF89
:1003E000D302233F2DA445BF43B5223F03E445BFBD
:1003F0009967223FBB2346BFD719223F546346BFAC
:10040000FBCB213FCEA246BF067E213F2AE246BF5C
:10041000F92F213F672147BFD2E1203F856047BFC9
:100420009393203F849F47BF3B45203F65DE47BFF6
:10043000CBF61F3F271D48BF41A81F3FCA5B48BFDF
:100440009F591F3F4E9A48BFE50A1F3FB3D848BF88
:1004500012BC1E3FFA1649BF266D1E3F215549BFEB
:10046000221E1E3F299349BF06CF1D3F12D149BF0F
:10047000D17F1D3FDC0E4ABF84301D3F874C4ABFF1
:100480001FE11C3F138A4ABFA2911C3F7FC74ABF8E
:100490000C421C3FCC044BBF5FF21B3FFA414BBFE9
:1004A00099A21B3F097F4BBFBB521B3FF8BB4BBF01
:1004B000C6021B3FC7F84BBFB8B21A3F78354CBFD6
:1004C00093621A3F08724CBF55121A3F79AE4CBF67
:1004D00000C2193FCBEA4CBF9471193FFD264DBFB6
:1004E0000F21193F10634DBF73D0183F029F4DBFBE
:1004F000C07F183FD5DA4DBFF52E183F89164EBF85
:1005000012DE173F1C524EBF188D173F908D4EBF05
:10051000073C173FE4C84EBFDFEA163F17044FBF42
:100520009F99163F2B3F4FBF4748163F1F7A4FBF3B
:10053000D9F6153FF4B44FBF54A5153FA8EF4FBFF0
:10054000B753153F3B2A50BF0402153FAF6450BF5D
:1005500039B0143F039F50BF585E143F37D950BF86
:100560005F0C143F4A1351BF50BA133F3D4D51BF6A
:100570002A68133F108751BFEE15133FC2C051BF09
:100580009AC3123F54FA51BF3071123FC63352BF63
:10059000B01E123F186D52BF19CC113F49A652BF71
:1005A0006B79113F59DF52BFA726113F491853BF3E
:1005B000CDD3103F185153BFDC80103FC78953BFC4
:1005C000D52D103F55C253BFB8DA0F3FC3FA53BF02
:1005D00084870F3F0F3354BF3B340F3F3B6B54BFF7
:1005E000DBE00E3F47A354BF658D0E3F31DB54BFA8
:1005F000DA390E3FFB1255BF38E60D3FA44A55BF0E
:1006000081920D3F2C8255BFB33E0D3F93B955BF2C
:10061000D0EA0C3FD9F055BFD7960C3FFE2756BF06
:10062000C9420C3F025F56BFA5EE0B3FE59556BF92
:100630006B9A0B3FA7CC56BF1C460B3F480357BFD6
:10064000B7F10A3FC73957BF3D9D0A3F267057BFD4
:10065000AD480A3F63A657BF09F4093F7FDC57BF87
:100660004E9F093F791258BF7F4A093F534858BFF0
:100670009BF5083F0B7E58BFA1A0083FA1B358BF10
:10068000924B083F17E958BF6FF6073F6A1E59BFE4
:1006900036A1073F9C5359BFE84B073FAD8859BF70
:1006A00086F6063F9CBD59BF0EA1063F6AF259BFB0
:1006B000824B063F16275ABFE2F5053FA05B5ABFA3
:1006C0002CA0053F09905ABF624A053F50C45ABF4B
:1006D00084F4043F75F85ABF919E043F792C5BBFA8
:1006E0008948043F5A605BBF6DF2033F1A945BBFB9
:1006F0003D9C033FB8C75BBFF845033F34FB5BBF7E
:100700009FEF023F8E2E5CBF3299023FC7615CBFF4
:10071000B142023FDD945CBF1CEC013FD1C75CBF1E
:100720007395013FA3FA5CBFB53E013F532D5DBFFA
:10073000E4E7003FE15F5DBFFF90003F4D925DBF8A
:10074000063A003F97C45DBFF3C5FF3EBEF65DBFEE
:10075000B217FF3EC3285EBF4A69FE3EA65A5EBF7F
:10076000BBBAFD3E678C5EBF040CFD3E05BE5EBF9E
:10077000275DFC3E81EF5EBF22AEFB3EDB205FBF0C
:10078000F7FEFA3E12525FBFA54FFA3E27835FBFC6
:100790002DA0F93E19B45FBF8EF0F83EE9E45FBFCB
:1007A000C840F83E961560BFDC90F73E214660BF1A
:1007B000CBE0F63E897660BF9330F63ECFA660BFB1
:1007C0003580F53EF2D660BFB1CFF43EF20661BF90
:1007D000071FF43ED03661BF386EF33E8A6661BFB4
:1007E00043BDF23E229661BF290CF23E98C561BF1F
:1007F000EA5AF13EEAF461BF85A9F03E1A2462BFCD
:10080000FBF7EF3E265362BF4C46EF3E108262BFBD
:100810007994EE3ED7B062BF80E2ED3E7BDF62BFEF
:100820006330ED3EFC0D63BF217EEC3E5A3C63BF5E
:10083000BBCBEB3E956A63BF3019EB3EAC9863BF10
:100840008166EA3EA1C663BFAEB3E93E73F463BFFF
:10085000B700E93E212264BF9C4DE83EAC4F64BF27
:100860005D9AE73E147D64BFFBE6E63E59AA64BF8D
:100870007533E63E7BD764BFCB7FE53E790465BF29
:10088000FECBE43E543165BF0E18E43E0B5E65BFFF
:10089000FA63E33EA08A65BFC4AFE23E10B765BF0E
:1008A0006AFBE13E5EE365BFEE46E13E880F66BF50
:1008B0004F92E03E8E3B66BF8DDDDF3E716766BFC7
:1008C000A928DF3E309366BFA273DE3ECCBE66BF72
:1008D00079BEDD3E45EA66BF2E09DD3E991567BF4C
:1008E000C153DC3ECA4067BF319EDB3ED86B67BF59
:1008F00080E8DA3EC19667BFAD32DA3E87C167BF96
:10090000B97CD93E2AEC67BFA3C6D83EA81668BFFB
:100910006B10D83E034168BF135AD73E396B68BF8E
:1009200099A3D63E4C9568BFFDECD53E3CBF68BF51
:100930004136D53E07E968BF647FD43EAE1269BF39
:1009400067C8D33E323C69BF4811D33E916569BF49
:10095000095AD23ECC8E69BFAAA2D13EE4B769BF84
:100960002AEBD03ED7E069BF8A33D03EA7096ABFE1
:10097000CA7BCF3E52326ABFEAC3CE3ED95A6ABF63
:10098000EA0BCE3E3C836ABFCA53CD3E7BAB6ABF07
:100990008B9BCC3E95D36ABF2CE3CB3E8CFB6ABFCE
:1009A000AE2ACB3E5E236BBF1072CA3E0C4B6BBFB0
:1009B00053B9C93E95726BBF7700C93EFB996BBFB7
:1009C0007C47C83E3BC16BBF628EC73E58E86BBFD9
:1009D00029D5C63E500F6CBFD21BC63E24366CBF15
:1009E0005C62C53ED45C6CBFC8A8C43E5E836CBF6D
:1009F00015EFC33EC5A96CBF4435C33E07D06CBFDD
:100A0000557BC23E24F66CBF48C1C13E1D1C6DBF64
:100A10001E07C13EF2416DBFD54CC03EA1676DBF00
:100A20006F92BF3E2D8D6DBFEBD7BE3E93B26DBFB3
:100A30004A1DBE3ED5D76DBF8B62BD3EF2FC6DBF79
:100A4000AFA7BC3EEB216EBFB6ECBB3EBE466EBF51
:100A5000A031BB3E6D6B6EBF6E76BA3EF88F6EBF37
:100A60001EBBB93E5DB46EBFB2FFB83E9ED86EBF2E
:100A70002A44B83EBAFC6EBF8488B73EB0206FBF30
:100A8000C3CCB63E83446FBFE610B63E30686FBF3E
:100A9000EC54B53EB88B6FBFD698B43E1BAF6FBF5A
:100AA000A5DCB33E5AD26FBF5820B33E73F56FBF7B
:100AB000EF63B23E671870BF6BA7B13E373B70BFA4
:100AC000CBEAB03EE15D70BF102EB03E668070BFD5
:100AD0003A71AF3EC6A270BF49B4AE3E02C570BF08
:100AE0003CF7AD3E17E770BF153AAD3E080971BF40
:100AF000D47CAC3ED42A71BF77BFAB3E7A4C71BF79
:100B00000102AB3EFB6D71BF6F44AA3E578F71BFB0
:100B1000C486A93E8EB071BFFEC8A83E9FD171BFEA
:100B20001F0BA83E8CF271BF254DA73E521372BF1A
:100B3000128FA63EF43372BFE5D0A53E705472BF4B
:100B40009F12A53EC77472BF3F54A43EF89472BF73
:100B5000C595A33E04B572BF33D7A23EEBD472BF96
:100B60008718A23EACF472BFC259A13E471473BFAE
:100B7000E59AA03EBE3373BFEEDB9F3E0E5373BFBC
:100B8000DF1C9F3E397273BFB85D9E3E3F9173BFBD
:100B9000789E9D3E1FB073BF20DF9C3ED9CE73BFB1
:100BA000AF1F9C3E6EED73BF27609B3EDD0B74BF95
:100BB00086A09A3E272A74BFCEE0993E4B4874BF68
:100BC000FE20993E496674BF1661983E228474BF28
:100BD00017A1973ED5A174BF00E1963E62BF74BFD6
:100BE000D220963EC9DC74BF8D60953E0BFA74BF6F
:100BF00031A0943E271775BFBFDF933E1D3475BFEC
:100C0000351F933EED5075BF945E923E976D75BF54
:100C1000DD9D913E1C8A75BF10DD903E7BA675BFA1
:100C20002C1C903EB3C275BF325B8F3EC6DE75BFD3
:100C3000229A8E3EB3FA75BFFCD88D3E7A1676BFE7
:100C4000C0178D3E1B3276BF6E568C3E974D76BFD9
:100C500007958B3EEC6876BF8AD38A3E1B8476BFAD
:100C6000F8118A3E249F76BF5050893E07BA76BF5E
:100C7000938E883EC4D476BFC1CC873E5BEF76BFEF
:100C8000DA0A873ECC0977BFDF48863E172477BF54
:100C9000CE86853E3C3E77BFAAC4843E3A5877BF95
:100CA0007002843E137277BF2240833EC58B77BFAC
:100CB000C07D823E51A577BF4ABB813EB7BE77BF9C
:100CC000C0F8803EF7D777BF2236803E10F177BF5D
:100CD000E1E67E3E040A78BF56617D3ED12278BFB0
:100CE000A4DB7B3E773B78BFCB557A3EF85378BF89
:100CF000CCCF783E526C78BFA649773E868478BFC9
:100D00005AC3753E939C78BFE83C743E7BB478BF71
:100D100051B6723E3BCC78BF942F713ED6E378BF7C
:100D2000B2A86F3E4AFB78BFAB216E3E981279BFE6
:100D30007F9A6C3EBF2979BF2F136B3EC04079BFAD
:100D4000BA8B693E9A5779BF2204683E4E6E79BFCE
:100D5000667C663EDC8479BF86F4643E439B79BF43
:100D6000836C633E83B179BF5CE4613E9DC779BF0C
:100D7000135C603E91DD79BFA8D35E3E5EF379BF20
:100D80001A4B5D3E04097ABF6AC25B3E841E7ABF7D
:100D900097395A3EDD337ABFA4B0583E10497ABF26
:100DA0008F27573E1C5E7ABF589E553E02737ABF0E
:100DB0000115543EC1877ABF898B523E599C7ABF38
:100DC000F101513ECBB07ABF38784F3E16C57ABF9D
:100DD00060EE4D3E3AD97ABF67644C3E37ED7ABF3C
:100DE0004FDA4A3E0E017BBF1850493EBE147BBF0E
:100DF000C2C5473E48287BBF4D3B463EAB3B7BBF11
:100E0000B9B0443EE74E7BBF0726433EFC617BBF43
:100E1000379B413EEA747BBF4910403EB2877BBF9F
:100E20003E853E3E539A7BBF15FA3C3ECDAC7BBF20
:100E3000CF6E3B3E20BF7BBF6CE3393E4DD17BBFC5
:100E4000EC57383E53E37BBF50CC363E31F57BBF89
:100E50009840353EE9067CBFC4B4333E7A187CBF67
:100E6000D428323EE5297CBFC99C303E283B7CBF5C
:100E7000A2102F3E444C7CBF61842D3E3A5D7CBF66
:100E800004F82B3E086E7CBF8D6B2A3EB07E7CBF83
:100E9000FCDE283E318F7CBF5152273E8A9F7CBFAB
:100EA0008CC5253EBDAF7CBFAD38243EC9BF7CBFDD
:100EB000B6AB223EAECF7CBFA51E213E6CDF7CBF11
:100EC0007B911F3E03EF7CBF38041E3E73FE7CBF48
:100ED000DE761C3EBC0D7DBF6BE91A3EDD1C7DBF7E
:100EE000E05B193ED82B7DBF3DCE173EAC3A7DBFAF
:100EF0008340163E59497DBFB2B2143EDE577DBFD6
:100F0000CA24133E3D667DBFCC96113E74747DBFEE
:100F1000B708103E85827DBF8B7A0E3E6E907DBFF6
:100F20004AEC0C3E309E7DBFF35D0B3ECCAB7DBFEB
:100F300086CF093E40B97DBF0541083E8CC67DBFC6
:100F40006EB2063EB2D37DBFC223053EB1E07DBF87
:100F50000295033E88ED7DBF2E06023E38FA7DBF26
:100F60004577003EC2067EBF92D0FD3D24137EBF72
:100F700073B2FA3D5E1F7EBF2C94F73D722B7EBF8D
:100F8000C075F43D5E377EBF2E57F13D23437EBFD3
:100F90007638EE3DC14E7EBF9A19EB3D385A7EBF82
:100FA0009AFAE73D88657EBF76DBE43DB0707EBF90
:100FB0002EBCE13DB17B7EBFC49CDE3D8B867EBFF7
:100FC000377DDB3D3D917EBF895DD83DC99B7EBFAE
:100FD000B93DD53D2DA67EBFC81DD23D69B07EBFAF
:100FE000B7FDCE3D7FBA7EBF86DDCB3D6DC47EBFF3
:100FF00036BDC83D34CE7EBFC69CC53DD4D77EBF6E
:10100000397CC23D4CE17EBF8D5BBF3D9DEA7EBF1A
:10101000C33ABC3DC7F37EBFDD19B93DC9FC7EBFF5
:10102000DAF8B53DA4057FBFBBD7B23D580E7FBFF0
:1010300080B6AF3DE4167FBF2B95AC3D491F7FBF07
:10104000BA73A93D87277FBF3052A63D9D2F7FBF32
:101050008C30A33D8D377FBFCF0EA03D543F7FBF67
:10106000F9EC9C3DF4467FBF0ACB993D6D4E7FBFA6
:1010700005A9963DBF557FBFE786933DE95C7FBFDD
:10108000B464903DEC637FBF6A428D3DC76A7FBF09
:101090000A208A3D7B717FBF94FD863D08787FBF23
:1010A0000ADB833D6D7E7FBF6CB8803DAB847FBF24
:1010B000742B7B3DC28A7FBFE9E5743DB1907FBF51
:1010C00038A06E3D78967FBF625A683D189C7FBFFE
:1010D0006814623D91A17FBF4CCE5B3DE3A67FBF0C
:1010E0000E88553D0DAC7FBFAF414F3D0FB17FBF67
:1010F0002FFB483DEAB57FBF91B4423D9EBA7FBF0A
:10110000D56D3C3D2ABF7FBFFC26363D8FC37FBFD8
:1011100007E02F3DCCC77FBFF698293DE2CB7FBFCC
:10112000CC51233DD1CF7FBF880A1D3D98D37FBFCF
:101130002CC3163D37D77FBFB87B103DAFDA7FBFDA
:101140002F340A3D00DE7FBF90EC033D29E17FBFD5
:10115000B949FB3C2BE47FBF2DBAEE3C05E77FBFCE
:101160007B2AE23CB8E97FBFA69AD53C43EC7FBF1F
:10117000B00AC93CA7EE7FBF9B7ABC3CE3F07FBFBF
:1011800069EAAF3CF8F27FBF1C5AA33CE6F47FBF8C
:10119000B6C9963CACF67FBF38398A3C4AF87FBF67
:1011A0004B517B3CC1F97FBF0030623C11FB7FBFDC
:1011B000900E493C39FC7FBF02ED2F3C39FD7FBFCB
:1011C00059CB163C13FE7FBF3053FB3BC4FE7FBFA1
:1011D000890FC93B4EFF7FBFC1CB963BB1FF7FBF9D
:1011E000C70F493BECFF7FBFD40FC93A000080BF57
:1011F00000000000ECFF7FBFD40FC9BAB1FF7FBF72
:10120000C70F49BB4EFF7FBFC1CB96BBC4FE7FBF9C
:10121000890FC9BB13FE7FBF3053FBBB39FD7FBFB6
:1012200059CB16BC39FC7FBF02ED2FBC11FB7FBF31
:10123000900E49BCC1F97FBF003062BC4AF87FBF45
:101240004B517BBCACF67FBF38398ABCE6F47FBF1C
:10125000B6C996BCF8F27FBF1C5AA3BCE3F07FBFAF
:1012600069EAAFBCA7EE7FBF9B7ABCBC43EC7FBFF3
:10127000B00AC9BCB8E97FBFA69AD5BC05E77FBF55
:101280007B2AE2BC2BE47FBF2DBAEEBC29E17FBFF5
:10129000B949FBBC00DE7FBF90EC03BDAFDA7FBF76
:1012A0002F340ABD37D77FBFB87B10BD98D37FBF1F
:1012B0002CC316BDD1CF7FBF880A1DBDE2CB7FBF37
:1012C000CC5123BDCCC77FBFF69829BD8FC37FBF4C
:1012D00007E02FBD2ABF7FBFFC2636BD9EBA7FBF69
:1012E000D56D3CBDEAB57FBF91B442BD0FB17FBFA4
:1012F0002FFB48BD0DAC7FBFAF414FBDE3A67FBF05
:101300000E8855BD91A17FBF4CCE5BBD189C7FBFA1
:10131000681462BD78967FBF625A68BDB1907FBF86
:1013200038A06EBDC28A7FBFE9E574BDAB847FBFC4
:10133000742B7BBD6D7E7FBF6CB880BD08787FBF8E
:101340000ADB83BD7B717FBF94FD86BDC76A7FBF0B
:101350000A208ABDEC637FBF6A428DBDE95C7FBF16
:10136000B46490BDBF557FBFE78693BD6D4E7FBF10
:1013700005A996BDF4467FBF0ACB99BD543F7FBFF8
:10138000F9EC9CBD8D377FBFCF0EA0BD9D2F7FBFD9
:101390008C30A3BD87277FBF3052A6BD491F7FBFBA
:1013A000BA73A9BDE4167FBF2B95ACBD580E7FBFA5
:1013B00080B6AFBDA4057FBFBBD7B2BDC9FC7EBFA1
:1013C000DAF8B5BDC7F37EBFDD19B9BD9DEA7EBFB2
:1013D000C33ABCBD4CE17EBF8D5BBFBDD4D77EBFE1
:1013E000397CC2BD34CE7EBFC69CC5BD6DC47EBF38
:1013F00036BDC8BD7FBA7EBF86DDCBBD69B07EBFBE
:10140000B7FDCEBD2DA67EBFC81DD2BDC99B7EBF78
:10141000B93DD5BD3D917EBF895DD8BD8B867EBF70
:10142000377DDBBDB17B7EBFC49CDEBDB0707EBFAF
:101430002EBCE1BD88657EBF76DBE4BD385A7EBF39
:101440009AFAE7BDC14E7EBF9A19EBBD23437EBF1A
:101450007638EEBD5E377EBF2E57F1BD722B7EBF54
:10146000C075F4BD5E1F7EBF2C94F7BD24137EBFF4
:1014700073B2FABDC2067EBF92D0FDBD38FA7DBF01
:10148000457700BE88ED7DBF2E0602BEB1E07DBF70
:10149000029503BEB2D37DBFC22305BE8CC67DBFFD
:1014A0006EB206BE40B97DBF054108BECCAB7DBF64
:1014B00086CF09BE309E7DBFF35D0BBE6E907DBFB3
:1014C0004AEC0CBE85827DBF8B7A0EBE74747DBFE4
:1014D000B70810BE3D667DBFCC9611BEDE577DBFFE
:1014E000CA2413BE59497DBFB2B214BEAC3A7DBF07
:1014F000834016BED82B7DBF3DCE17BEDD1C7DBF01
:10150000E05B19BEBC0D7DBF6BE91ABE73FE7CBFEC
:10151000DE761CBE03EF7CBF38041EBE6CDF7CBFD2
:101520007B911FBEAECF7CBFA51E21BEC9BF7CBFB5
:10153000B6AB22BEBDAF7CBFAD3824BE8A9F7CBF98
:101540008CC525BE318F7CBF515227BEB07E7CBF7B
:10155000FCDE28BE086E7CBF8D6B2ABE3A5D7CBF68
:1015600004F82BBE444C7CBF61842DBE283B7CBF5D
:10157000A2102FBEE5297CBFC99C30BE7A187CBF63
:10158000D42832BEE9067CBFC4B433BE31F57BBF7C
:10159000984035BE53E37BBF50CC36BE4DD17BBFA8
:1015A000EC5738BE20BF7BBF6CE339BECDAC7BBFF0
:1015B000CF6E3BBE539A7BBF15FA3CBEB2877BBF52
:1015C0003E853EBEEA747BBF491040BEFC617BBFD6
:1015D000379B41BEE74E7BBF072643BEAB3B7BBF7D
:1015E000B9B044BE48287BBF4D3B46BEBE147BBF4E
:1015F000C2C547BE0E017BBF185049BE37ED7ABF4A
:101600004FDA4ABE3AD97ABF67644CBE16C57ABF74
:1016100060EE4DBECBB07ABF38784FBE599C7ABFD2
:10162000F10151BEC1877ABF898B52BE02737ABF66
:10163000011554BE1C5E7ABF589E55BE10497ABF34
:101640008F2757BEDD337ABFA4B058BE841E7ABF41
:1016500097395ABE04097ABF6AC25BBE5EF379BF8E
:101660001A4B5DBE91DD79BFA8D35EBE9DC779BF21
:10167000135C60BE83B179BF5CE461BE439B79BFFC
:10168000836C63BEDC8479BF86F464BE4E6E79BF22
:10169000667C66BE9A5779BF220468BEC04079BF97
:1016A000BA8B69BEBF2979BF2F136BBE981279BF61
:1016B0007F9A6CBE4AFB78BFAB216EBED6E378BF83
:1016C000B2A86FBE3BCC78BF942F71BE7BB478BFFD
:1016D00051B672BE939C78BFE83C74BE868478BFD6
:1016E0005AC375BE526C78BFA64977BEF85378BF0F
:1016F000CCCF78BE773B78BFCB557ABED12278BFAE
:10170000A4DB7BBE040A78BF56617DBE10F177BFB3
:10171000E1E67EBEF7D777BF223680BEB7BE77BF81
:10172000C0F880BE51A577BF4ABB81BEC58B77BFCD
:10173000C07D82BE137277BF224083BE3A5877BF06
:10174000700284BE3C3E77BFAAC484BE172477BF14
:10175000CE8685BECC0977BFDF4886BE5BEF76BFFD
:10176000DA0A87BEC4D476BFC1CC87BE07BA76BFBB
:10177000938E88BE249F76BF505089BE1B8476BF4F
:10178000F8118ABEEC6876BF8AD38ABE974D76BFC1
:1017900007958BBE1B3276BF6E568CBE7A1676BF0F
:1017A000C0178DBEB3FA75BFFCD88DBEC6DE75BF3F
:1017B000229A8EBEB3C275BF325B8FBE7BA675BF49
:1017C0002C1C90BE1C8A75BF10DD90BE976D75BF36
:1017D000DD9D91BEED5075BF945E92BE1D3475BF08
:1017E000351F93BE271775BFBFDF93BE0BFA74BFBB
:1017F00031A094BEC9DC74BF8D6095BE62BF74BF5A
:10180000D22096BED5A174BF00E196BE228474BFDB
:1018100017A197BE496674BF166198BE4B4874BF46
:10182000FE2099BE272A74BFCEE099BEDD0B74BF9F
:1018300086A09ABE6EED73BF27609BBED9CE73BFE4
:10184000AF1F9CBE1FB073BF20DF9CBE3F9173BF14
:10185000789E9DBE397273BFB85D9EBE0E5373BF36
:10186000DF1C9FBEBE3373BFEEDB9FBE471473BF4A
:10187000E59AA0BEACF472BFC259A1BEEBD472BF50
:101880008718A2BE04B572BF33D7A2BEF89472BF48
:10189000C595A3BEC77472BF3F54A4BE705472BF37
:1018A0009F12A5BEF43372BFE5D0A5BE521372BF1E
:1018B000128FA6BE8CF271BF254DA7BE9FD171BFFE
:1018C0001F0BA8BE8EB071BFFEC8A8BE578F71BFD8
:1018D000C486A9BEFB6D71BF6F44AABE7A4C71BFAE
:1018E0000102ABBED42A71BF77BFABBE080971BF7E
:1018F000D47CACBE17E770BF153AADBE02C570BF51
:101900003CF7ADBEC6A270BF49B4AEBE668070BF24
:101910003A71AFBEE15D70BF102EB0BE373B70BFF5
:10192000CBEAB0BE671870BF6BA7B1BE73F56FBFCF
:10193000EF63B2BE5AD26FBF5820B3BE1BAF6FBFAA
:10194000A5DCB3BEB88B6FBFD698B4BE30686FBF8E
:10195000EC54B5BE83446FBFE610B6BEB0206FBF77
:10196000C3CCB6BEBAFC6EBF8488B7BE9ED86EBF6D
:101970002A44B8BE5DB46EBFB2FFB8BEF88F6EBF6A
:101980001EBBB9BE6D6B6EBF6E76BABEBE466EBF75
:10199000A031BBBEEB216EBFB6ECBBBEF2FC6DBF8F
:1019A000AFA7BCBED5D76DBF8B62BDBE93B26DBFB6
:1019B0004A1DBEBE2D8D6DBFEBD7BEBEA1676DBFEC
:1019C0006F92BFBEF2416DBFD54CC0BE1D1C6DBF36
:1019D0001E07C1BE24F66CBF48C1C1BE07D06CBF94
:1019E000557BC2BEC5A96CBF4435C3BE5E836CBF08
:1019F00015EFC3BED45C6CBFC8A8C4BE24366CBF90
:101A00005C62C5BE500F6CBFD21BC6BE58E86BBF30
:101A100029D5C6BE3BC16BBF628EC7BEFB996BBFEB
:101A20007C47C8BE95726BBF7700C9BE0C4B6BBFBD
:101A300053B9C9BE5E236BBF1072CABE8CFB6ABFAE
:101A4000AE2ACBBE95D36ABF2CE3CBBE7BAB6ABFBD
:101A50008B9BCCBE3C836ABFCA53CDBED95A6ABFEA
:101A6000EA0BCEBE52326ABFEAC3CEBEA7096ABF36
:101A7000CA7BCFBED7E069BF8A33D0BEE4B769BFA7
:101A80002AEBD0BECC8E69BFAAA2D1BE916569BF38
:101A9000095AD2BE323C69BF4811D3BEAE1269BFEB
:101AA00067C8D3BE07E968BF647FD4BE3CBF68BFC8
:101AB0004136D5BE4C9568BFFDECD5BE396B68BFCD
:101AC00099A3D6BE034168BF135AD7BEA81668BFF4
:101AD0006B10D8BE2AEC67BFA3C6D8BE87C167BF4C
:101AE000B97CD9BEC19667BFAD32DABED86B67BFCD
:101AF00080E8DABECA4067BF319EDBBE991567BF7A
:101B0000C153DCBE45EA66BF2E09DDBECCBE66BF52
:101B100079BEDDBE309366BFA273DEBE716766BF5D
:101B2000A928DFBE8E3B66BF8DDDDFBE880F66BF96
:101B30004F92E0BE5EE365BFEE46E1BE10B765BF03
:101B40006AFBE1BEA08A65BFC4AFE2BE0B5E65BFA3
:101B5000FA63E3BE543165BF0E18E4BE790465BF75
:101B6000FECBE4BE7BD764BFCB7FE5BE59AA64BF82
:101B70007533E6BE147D64BFFBE6E6BEAC4F64BFC2
:101B80005D9AE7BE212264BF9C4DE8BE73F463BF3B
:101B9000B700E9BEA1C663BFAEB3E9BEAC9863BFF0
:101BA0008166EABE956A63BF3019EBBE5A3C63BFDB
:101BB000BBCBEBBEFC0D63BF217EECBE7BDF62BF07
:101BC0006330EDBED7B062BF80E2EDBE108262BF6F
:101BD0007994EEBE265362BF4C46EFBE1A2462BF14
:101BE000FBF7EFBEEAF461BF85A9F0BE98C561BFFF
:101BF000EA5AF1BE229661BF290CF2BE8A6661BF25
:101C000043BDF2BED03661BF386EF3BEF20661BF8F
:101C1000071FF4BEF2D660BFB1CFF4BECFA660BF3F
:101C20003580F5BE897660BF9330F6BE214660BF31
:101C3000CBE0F6BE961560BFDC90F7BEE9E45FBF6F
:101C4000C840F8BE19B45FBF8EF0F8BE27835FBFEF
:101C50002DA0F9BE12525FBFA54FFABEDB205FBFB9
:101C6000F7FEFABE81EF5EBF22AEFBBE05BE5EBFD1
:101C7000275DFCBE678C5EBF040CFDBEA65A5EBF2E
:101C8000BBBAFDBEC3285EBF4A69FEBEBEF65DBFDD
:101C9000B217FFBE97C45DBFF3C5FFBE4D925DBFD7
:101CA000063A00BFE15F5DBFFF9000BF532D5DBFEF
:101CB000E4E700BFA3FA5CBFB53E01BFD1C75CBF7C
:101CC000739501BFDD945CBF1CEC01BFC7615CBFB5
:101CD000B14202BF8E2E5CBF329902BF34FB5BBFA4
:101CE0009FEF02BFB8C75BBFF84503BF1A945BBF45
:101CF0003D9C03BF5A605BBF6DF203BF792C5BBF95
:101D0000894804BF75F85ABF919E04BF50C45ABF9A
:101D100084F404BF09905ABF624A05BFA05B5ABF52
:101D20002CA005BF16275ABFE2F505BF6AF259BFBE
:101D3000824B06BF9CBD59BF0EA106BFAD8859BFDF
:101D400086F606BF9C5359BFE84B07BF6A1E59BFB2
:101D500036A107BF17E958BF6FF607BFA1B358BF39
:101D6000924B08BF0B7E58BFA1A008BF534858BF75
:101D70009BF508BF791258BF7F4A09BF7FDC57BF68
:101D80004E9F09BF63A657BF09F409BF267057BF0E
:101D9000AD480ABFC73957BF3D9D0ABF480357BF6B
:101DA000B7F10ABFA7CC56BF1C460BBFE59556BF7F
:101DB0006B9A0BBF025F56BFA5EE0BBFFE2756BF47
:101DC000C9420CBFD9F055BFD7960CBF93B955BFC8
:101DD000D0EA0CBF2C8255BFB33E0DBFA44A55BFFD
:101DE00081920DBFFB1255BF38E60DBF31DB54BFEA
:101DF000DA390EBF47A354BF658D0EBF3B6B54BF8E
:101E0000DBE00EBF0F3354BF3B340FBFC3FA53BFE9
:101E100084870FBF55C253BFB8DA0FBFC78953BFFE
:101E2000D52D10BF185153BFDC8010BF491853BFC8
:101E3000CDD310BF59DF52BFA72611BF49A652BF4D
:101E40006B7911BF186D52BF19CC11BFC63352BF89
:101E5000B01E12BF54FA51BF307112BFC2C051BF81
:101E60009AC312BF108751BFEE1513BF3D4D51BF2E
:101E70002A6813BF4A1351BF50BA13BF37D950BF96
:101E80005F0C14BF039F50BF585E14BFAF6450BFB8
:101E900039B014BF3B2A50BF040215BFA8EF4FBF93
:101EA000B75315BFF4B44FBF54A515BF1F7A4FBF2A
:101EB000D9F615BF2B3F4FBF474816BF17044FBF7A
:101EC0009F9916BFE4C84EBFDFEA16BF908D4EBF84
:101ED000073C17BF1C524EBF188D17BF89164EBF47
:101EE00012DE17BFD5DA4DBFF52E18BF029F4DBFCA
:101EF000C07F18BF10634DBF73D018BFFD264DBF04
:101F00000F2119BFCBEA4CBF947119BF79AE4CBFFA
:101F100000C219BF08724CBF55121ABF78354CBFAA
:101F200093621ABFC7F84BBFB8B21ABFF8BB4BBF1A
:101F3000C6021BBF097F4BBFBB521BBFFA414BBF41
:101F400099A21BBFCC044BBF5FF21BBF7FC74ABF28
:101F50000C421CBF138A4ABFA2911CBF874C4ABFC8
:101F60001FE11CBFDC0E4ABF84301DBF12D149BF28
:101F7000D17F1DBF299349BF06CF1DBF215549BF42
:101F8000221E1EBFFA1649BF266D1EBFB3D848BF1A
:101F900012BC1EBF4E9A48BFE50A1FBFCA5B48BFAE
:101FA0009F591FBF271D48BF41A81FBF65DE47BF00
:101FB000CBF61FBF849F47BF3B4520BF856047BF0F
:101FC000939320BF672147BFD2E120BF2AE246BFDB
:101FD000F92F21BFCEA246BF067E21BF546346BF64
:101FE000FBCB21BFBB2346BFD71922BF03E445BFAC
:101FF000996722BF2DA445BF43B522BF396445BFB1
:10200000D30223BF262445BF4B5023BFF5E344BF73
:10201000A99D23BFA5A344BFEEEA23BF376344BFF6
:102020001A3824BFAB2244BF2C8524BF00E243BF33
:1020300025D224BF38A143BF041F25BF516043BF31
:10204000CB6B25BF4C1F43BF77B825BF29DE42BFEE
:102050000A0526BFE89C42BF845126BF895B42BF68
:10206000E39D26BF0B1A42BF2AEA26BF70D841BFA4
:10207000563627BFB79641BF688227BFE15441BF9C
:1020800061CE27BFEC1241BF401A28BFDAD040BF53
:10209000056628BFA98E40BFB0B128BF5C4C40BFC9
:1020A00041FD28BFF00940BFB84829BF67C73FBFFF
:1020B000159429BFC0843FBF57DF29BFFC413FBFF4
:1020C000802A2ABF1BFF3EBF8E752ABF1BBC3EBFA6
:1020D00082C02ABFFF783EBF5B0B2BBFC5353EBF1A
:1020E0001B562BBF6EF23DBFBFA02BBFF9AE3DBF4D
:1020F0004AEB2BBF676B3DBFB9352CBFB8273DBF3F
:102100000F802CBFECE33CBF49CA2CBF03A03CBFEF
:1021100069142DBFFC5B3CBF6F5E2DBFD9173CBF60
:1021200059A82DBF98D33BBF29F22DBF3B8F3BBF92
:10213000DE3B2EBFC14A3BBF78852EBF29063BBF81
:10214000F7CE2EBF75C13ABF5B182FBFA47C3ABF34
:10215000A5612FBFB7373ABFD3AA2FBFACF239BFA3
:10216000E6F32FBF85AD39BFDE3C30BF426839BFD3
:10217000BB8530BFE12239BF7CCE30BF65DD38BFC3
:10218000221731BFCB9738BFAD5F31BF165238BF72
:102190001DA831BF430C38BF71F031BF55C637BFE2
:1021A000AA3832BF4A8037BFC78032BF233A37BF11
:1021B000C9C832BFDFF336BFAF1033BF7FAD36BF04
:1021C0007A5833BF046736BF29A033BF6C2036BFAF
:1021D000BCE733BFB8D935BF342F34BFE79235BF22
:1021E0008F7634BFFB4B35BFCFBD34BFF30435BF53
:1021F000F30435BFCFBD34BFFB4B35BF8F7634BF43
:10220000E79235BF342F34BFB8D935BFBCE733BFF1
:102210006C2036BF29A033BF046736BF7A5833BF5E
:102220007FAD36BFAF1033BFDFF336BFC9C832BF93
:10223000233A37BFC78032BF4A8037BFAA3832BF80
:1022400055C637BF71F031BF430C38BF1DA831BF31
:10225000165238BFAD5F31BFCB9738BF221731BFA1
:1022600065DD38BF7CCE30BFE12239BFBB8530BFD2
:10227000426839BFDE3C30BF85AD39BFE6F32FBFC2
:10228000ACF239BFD3AA2FBFB7373ABFA5612FBF72
:10229000A47C3ABF5B182FBF75C13ABFF7CE2EBFE3
:1022A00029063BBF78852EBFC14A3BBFDE3B2EBF10
:1022B0003B8F3BBF29F22DBF98D33BBF59A82DBF01
:1022C000D9173CBF6F5E2DBFFC5B3CBF69142DBFAF
:1022D00003A03CBF49CA2CBFECE33CBF0F802CBF1E
:1022E000B8273DBFB9352CBF676B3DBF4AEB2BBF4D
:1022F000F9AE3DBFBFA02BBF6EF23DBF1B562BBF3B
:10230000C5353EBF5B0B2BBFFF783EBF82C02ABFE7
:102310001BBC3EBF8E752ABF1BFF3EBF802A2ABF53
:10232000FC413FBF57DF29BFC0843FBF159429BF81
:1023300067C73FBFB84829BFF00940BF41FD28BF6C
:102340005C4C40BFB0B128BFA98E40BF056628BF16
:10235000DAD040BF401A28BFEC1241BF61CE27BF80
:10236000E15441BF688227BFB79641BF563627BFA9
:1023700070D841BF2AEA26BF0B1A42BFE39D26BF91
:10238000895B42BF845126BFE89C42BF0A0526BF35
:1023900029DE42BF77B825BF4C1F43BFCB6B25BF9B
:1023A000516043BF041F25BF38A143BF25D224BFBE
:1023B00000E243BF2C8524BFAB2244BF1A3824BFA0
:1023C000376344BFEEEA23BFA5A344BFA99D23BF43
:1023D000F5E344BF4B5023BF262445BFD30223BFA0
:1023E000396445BF43B522BF2DA445BF996722BFBD
:1023F00003E445BFD71922BFBB2346BFFBCB21BF98
:10240000546346BF067E21BFCEA246BFF92F21BF2F
:102410002AE246BFD2E120BF672147BF939320BF86
:10242000856047BF3B4520BF849F47BFCBF61FBF9A
:1024300065DE47BF41A81FBF271D48BF9F591FBF6B
:10244000CA5B48BFE50A1FBF4E9A48BF12BC1EBFF9
:10245000B3D848BF266D1EBFFA1649BF221E1EBF45
:10246000215549BF06CF1DBF299349BFD17F1DBF4D
:1024700012D149BF84301DBFDC0E4ABF1FE11CBF13
:10248000874C4ABFA2911CBF138A4ABF0C421CBF93
:102490007FC74ABF5FF21BBFCC044BBF99A21BBFD3
:1024A000FA414BBFBB521BBF097F4BBFC6021BBFCC
:1024B000F8BB4BBFB8B21ABFC7F84BBF93621ABF85
:1024C00078354CBF55121ABF08724CBF00C219BFF5
:1024D00079AE4CBF947119BFCBEA4CBF0F2119BF25
:1024E000FD264DBF73D018BF10634DBFC07F18BF0E
:1024F000029F4DBFF52E18BFD5DA4DBF12DE17BFB4
:1025000089164EBF188D17BF1C524EBF073C17BF10
:10251000908D4EBFDFEA16BFE4C84EBF9F9916BF2D
:1025200017044FBF474816BF2B3F4FBFD9F615BF03
:102530001F7A4FBF54A515BFF4B44FBFB75315BF93
:10254000A8EF4FBF040215BF3B2A50BF39B014BFDC
:10255000AF6450BF585E14BF039F50BF5F0C14BFE1
:1025600037D950BF50BA13BF4A1351BF2A6813BF9F
:102570003D4D51BFEE1513BF108751BF9AC312BF17
:10258000C2C051BF307112BF54FA51BFB01E12BF4A
:10259000C63352BF19CC11BF186D52BF6B7911BF32
:1025A00049A652BFA72611BF59DF52BFCDD310BFD6
:1025B000491853BFDC8010BF185153BFD52D10BF31
:1025C000C78953BFB8DA0FBF55C253BF84870FBF47
:1025D000C3FA53BF3B340FBF0F3354BFDBE00EBF12
:1025E0003B6B54BF658D0EBF47A354BFDA390EBF96
:1025F00031DB54BF38E60DBFFB1255BF81920DBFD2
:10260000A44A55BFB33E0DBF2C8255BFD0EA0CBFC4
:1026100093B955BFD7960CBFD9F055BFC9420CBF6F
:10262000FE2756BFA5EE0BBF025F56BF6B9A0BBFCE
:10263000E59556BF1C460BBFA7CC56BFB7F10ABFE6
:10264000480357BF3D9D0ABFC73957BFAD480ABFB2
:10265000267057BF09F409BF63A657BF4E9F09BF35
:102660007FDC57BF7F4A09BF791258BF9BF508BF6F
:10267000534858BFA1A008BF0B7E58BF924B08BF5C
:10268000A1B358BF6FF607BF17E958BF36A107BF00
:102690006A1E59BFE84B07BF9C5359BF86F606BF59
:1026A000AD8859BF0EA106BF9CBD59BF824B06BF66
:1026B0006AF259BFE2F505BF16275ABF2CA005BF25
:1026C000A05B5ABF624A05BF09905ABF84F404BF99
:1026D00050C45ABF919E04BF75F85ABF894804BFC1
:1026E000792C5BBF6DF203BF5A605BBF3D9C03BF9B
:1026F0001A945BBFF84503BFB8C75BBF9FEF02BF2B
:1027000034FB5BBF329902BF8E2E5CBFB14202BF69
:10271000C7615CBF1CEC01BFDD945CBF739501BF5A
:10272000D1C75CBFB53E01BFA3FA5CBFE4E700BF01
:10273000532D5DBFFF9000BFE15F5DBF063A00BF54
:102740004D925DBFF3C5FFBE97C45DBFB217FFBE1C
:10275000BEF65DBF4A69FEBEC3285EBFBBBAFDBE02
:10276000A65A5EBF040CFDBE678C5EBF275DFCBE33
:1027700005BE5EBF22AEFBBE81EF5EBFF7FEFABEB6
:10278000DB205FBFA54FFABE12525FBF2DA0F9BE7E
:1027900027835FBF8EF0F8BE19B45FBFC840F8BE94
:1027A000E9E45FBFDC90F7BE961560BFCBE0F6BEF4
:1027B000214660BF9330F6BE897660BF3580F5BE96
:1027C000CFA660BFB1CFF4BEF2D660BF071FF4BE84
:1027D000F20661BF386EF3BED03661BF43BDF2BEB4
:1027E0008A6661BF290CF2BE229661BFEA5AF1BE29
:1027F00098C561BF85A9F0BEEAF461BFFBF7EFBEE3
:102800001A2462BF4C46EFBE265362BF7994EEBED7
:10281000108262BF80E2EDBED7B062BF6330EDBE12
:102820007BDF62BF217EECBEFC0D63BFBBCBEBBE8A
:102830005A3C63BF3019EBBE956A63BF8166EABE3E
:10284000AC9863BFAEB3E9BEA1C663BFB700E9BE33
:1028500073F463BF9C4DE8BE212264BF5D9AE7BE5E
:10286000AC4F64BFFBE6E6BE147D64BF7533E6BEC5
:1028700059AA64BFCB7FE5BE7BD764BFFECBE4BE65
:10288000790465BF0E18E4BE543165BFFA63E3BE38
:102890000B5E65BFC4AFE2BEA08A65BF6AFBE1BE46
:1028A00010B765BFEE46E1BE5EE365BF4F92E0BE86
:1028B000880F66BF8DDDDFBE8E3B66BFA928DFBEF9
:1028C000716766BFA273DEBE309366BF79BEDDBEA0
:1028D000CCBE66BF2E09DDBE45EA66BFC153DCBE75
:1028E000991567BF319EDBBECA4067BF80E8DABE7C
:1028F000D86B67BFAD32DABEC19667BFB97CD9BEAF
:1029000087C167BFA3C6D8BE2AEC67BF6B10D8BE0D
:10291000A81668BF135AD7BE034168BF99A3D6BE95
:10292000396B68BFFDECD5BE4C9568BF4136D5BE4E
:102930003CBF68BF647FD4BE07E968BF67C8D3BE29
:10294000AE1269BF4811D3BE323C69BF095AD2BE2C
:10295000916569BFAAA2D1BECC8E69BF2AEBD0BE59
:10296000E4B769BF8A33D0BED7E069BFCA7BCFBEA8
:10297000A7096ABFEAC3CEBE52326ABFEA0BCEBE17
:10298000D95A6ABFCA53CDBE3C836ABF8B9BCCBEAB
:102990007BAB6ABF2CE3CBBE95D36ABFAE2ACBBE5E
:1029A0008CFB6ABF1072CABE5E236BBF53B9C9BE2F
:1029B0000C4B6BBF7700C9BE95726BBF7C47C8BE1E
:1029C000FB996BBF628EC7BE3BC16BBF29D5C6BE2C
:1029D00058E86BBFD21BC6BE500F6CBF5C62C5BE51
:1029E00024366CBFC8A8C4BED45C6CBF15EFC3BE90
:1029F0005E836CBF4435C3BEC5A96CBF557BC2BEE8
:102A000007D06CBF48C1C1BE24F66CBF1E07C1BE53
:102A10001D1C6DBFD54CC0BEF2416DBF6F92BFBED5
:102A2000A1676DBFEBD7BEBE2D8D6DBF4A1DBEBE6B
:102A300093B26DBF8B62BDBED5D76DBFAFA7BCBE15
:102A4000F2FC6DBFB6ECBBBEEB216EBFA031BBBECE
:102A5000BE466EBF6E76BABE6D6B6EBF1EBBB9BE94
:102A6000F88F6EBFB2FFB8BE5DB46EBF2A44B8BE69
:102A70009ED86EBF8488B7BEBAFC6EBFC3CCB6BE4C
:102A8000B0206FBFE610B6BE83446FBFEC54B5BE36
:102A900030686FBFD698B4BEB88B6FBFA5DCB3BE2D
:102AA0001BAF6FBF5820B3BE5AD26FBFEF63B2BE29
:102AB00073F56FBF6BA7B1BE671870BFCBEAB0BE2E
:102AC000373B70BF102EB0BEE15D70BF3A71AFBE34
:102AD000668070BF49B4AEBEC6A270BF3CF7ADBE43
:102AE00002C570BF153AADBE17E770BFD47CACBE4F
:102AF000080971BF77BFABBED42A71BF0102ABBE5C
:102B00007A4C71BF6F44AABEFB6D71BFC486A9BE6B
:102B1000578F71BFFEC8A8BE8EB071BF1F0BA8BE75
:102B20009FD171BF254DA7BE8CF271BF128FA6BE7B
:102B3000521372BFE5D0A5BEF43372BF9F12A5BE7B
:102B4000705472BF3F54A4BEC77472BFC595A3BE74
:102B5000F89472BF33D7A2BE04B572BF8718A2BE65
:102B6000EBD472BFC259A1BEACF472BFE59AA0BE4D
:102B7000471473BFEEDB9FBEBE3373BFDF1C9FBE27
:102B80000E5373BFB85D9EBE397273BF789E9DBEF3
:102B90003F9173BF20DF9CBE1FB073BFAF1F9CBEB1
:102BA000D9CE73BF27609BBE6EED73BF86A09ABE61
:102BB000DD0B74BFCEE099BE272A74BFFE2099BEFC
:102BC0004B4874BF166198BE496674BF17A197BE83
:102BD000228474BF00E196BED5A174BFD22096BEF8
:102BE00062BF74BF8D6095BEC9DC74BF31A094BE56
:102BF0000BFA74BFBFDF93BE271775BF351F93BE97
:102C00001D3475BF945E92BEED5075BFDD9D91BEC3
:102C1000976D75BF10DD90BE1C8A75BF2C1C90BED1
:102C20007BA675BF325B8FBEB3C275BF229A8EBEC4
:102C3000C6DE75BFFCD88DBEB3FA75BFC0178DBE9A
:102C40007A1676BF6E568CBE1B3276BF07958BBE4A
:102C5000974D76BF8AD38ABEEC6876BFF8118ABEDC
:102C60001B8476BF505089BE249F76BF938E88BE4A
:102C700007BA76BFC1CC87BEC4D476BFDA0A87BE96
:102C80005BEF76BFDF4886BECC0977BFCE8685BEB8
:102C9000172477BFAAC484BE3C3E77BF700284BEAF
:102CA0003A5877BF224083BE137277BFC07D82BE81
:102CB000C58B77BF4ABB81BE51A577BFC0F880BE28
:102CC000B7BE77BF223680BEF7D777BFE1E67EBEBC
:102CD00010F177BF56617DBE040A78BFA4DB7BBECE
:102CE000D12278BFCB557ABE773B78BFCCCF78BEA8
:102CF000F85378BFA64977BE526C78BF5AC375BEE9
:102D0000868478BFE83C74BE939C78BF51B672BE8F
:102D10007BB478BF942F71BE3BCC78BFB2A86FBE96
:102D2000D6E378BFAB216EBE4AFB78BF7F9A6CBEFC
:102D3000981279BF2F136BBEBF2979BFBA8B69BEBA
:102D4000C04079BF220468BE9A5779BF667C66BED0
:102D50004E6E79BF86F464BEDC8479BF836C63BE3B
:102D6000439B79BF5CE461BE83B179BF135C60BEF5
:102D70009DC779BFA8D35EBE91DD79BF1A4B5DBEFA
:102D80005EF379BF6AC25BBE04097ABF97395ABE47
:102D9000841E7ABFA4B058BEDD337ABF8F2757BEDA
:102DA00010497ABF589E55BE1C5E7ABF011554BEAD
:102DB00002737ABF898B52BEC1877ABFF10151BEBF
:102DC000599C7ABF38784FBECBB07ABF60EE4DBE0B
:102DD00016C57ABF67644CBE3AD97ABF4FDA4ABE8D
:102DE00037ED7ABF185049BE0E017BBFC2C547BE42
:102DF000BE147BBF4D3B46BE48287BBFB9B044BE26
:102E0000AB3B7BBF072643BEE74E7BBF379B41BE34
:102E1000FC617BBF491040BEEA747BBF3E853EBE6D
:102E2000B2877BBF15FA3CBE539A7BBFCF6E3BBEC9
:102E3000CDAC7BBF6CE339BE20BF7BBFEC5738BE47
:102E40004DD17BBF50CC36BE53E37BBF984035BEDF
:102E500031F57BBFC4B433BEE9067CBFD42832BE93
:102E60007A187CBFC99C30BEE5297CBFA2102FBE5A
:102E7000283B7CBF61842DBE444C7CBF04F82BBE34
:102E80003A5D7CBF8D6B2ABE086E7CBFFCDE28BE1F
:102E9000B07E7CBF515227BE318F7CBF8CC525BE12
:102EA0008A9F7CBFAD3824BEBDAF7CBFB6AB22BE0F
:102EB000C9BF7CBFA51E21BEAECF7CBF7B911FBE0C
:102EC0006CDF7CBF38041EBE03EF7CBFDE761CBE09
:102ED00073FE7CBF6BE91ABEBC0D7DBFE05B19BE03
:102EE000DD1C7DBF3DCE17BED82B7DBF834016BEF7
:102EF000AC3A7DBFB2B214BE59497DBFCA2413BEDD
:102F0000DE577DBFCC9611BE3D667DBFB70810BEB3
:102F100074747DBF8B7A0EBE85827DBF4AEC0CBE79
:102F20006E907DBFF35D0BBE309E7DBF86CF09BE28
:102F3000CCAB7DBF054108BE40B97DBF6EB206BEB9
:102F40008CC67DBFC22305BEB2D37DBF029503BE32
:102F5000B1E07DBF2E0602BE88ED7DBF457700BE85
:102F600038FA7DBF92D0FDBDC2067EBF73B2FABDF6
:102F700024137EBF2C94F7BD5E1F7EBFC075F4BDC9
:102F8000722B7EBF2E57F1BD5E377EBF7638EEBD09
:102F900023437EBF9A19EBBDC14E7EBF9AFAE7BDAF
:102FA000385A7EBF76DBE4BD88657EBF2EBCE1BDAE
:102FB000B0707EBFC49CDEBDB17B7EBF377DDBBD04
:102FC0008B867EBF895DD8BD3D917EBFB93DD5BDA5
:102FD000C99B7EBFC81DD2BD2DA67EBFB7FDCEBD8D
:102FE00069B07EBF86DDCBBD7FBA7EBF36BDC8BDB2
:102FF0006DC47EBFC69CC5BD34CE7EBF397CC2BD0C
:10300000D4D77EBF8D5BBFBD4CE17EBFC33ABCBD94
:103010009DEA7EBFDD19B9BDC7F37EBFDAF8B5BD45
:10302000C9FC7EBFBBD7B2BDA4057FBF80B6AFBD14
:10303000580E7FBF2B95ACBDE4167FBFBA73A9BDF8
:10304000491F7FBF3052A6BD87277FBF8C30A3BDED
:103050009D2F7FBFCF0EA0BD8D377FBFF9EC9CBDEC
:10306000543F7FBF0ACB99BDF4467FBF05A996BDEB
:103070006D4E7FBFE78693BDBF557FBFB46490BDE3
:10308000E95C7FBF6A428DBDEC637FBF0A208ABDC9
:10309000C76A7FBF94FD86BD7B717FBF0ADB83BD9E
:1030A00008787FBF6CB880BD6D7E7FBF742B7BBD01
:1030B000AB847FBFE9E574BDC28A7FBF38A06EBD17
:1030C000B1907FBF625A68BD78967FBF681462BDB9
:1030D000189C7FBF4CCE5BBD91A17FBF0E8855BDB4
:1030E000E3A67FBFAF414FBD0DAC7FBF2FFB48BDF7
:1030F0000FB17FBF91B442BDEAB57FBFD56D3CBD76
:103100009EBA7FBFFC2636BD2ABF7FBF07E02FBD1A
:103110008FC37FBFF69829BDCCC77FBFCC5123BDDD
:10312000E2CB7FBF880A1DBDD1CF7FBF2CC316BDA8
:1031300098D37FBFB87B10BD37D77FBF2F340ABD70
:10314000AFDA7FBF90EC03BD00DE7FBFB949FBBCA7
:1031500029E17FBF2DBAEEBC2BE47FBF7B2AE2BC06
:1031600005E77FBFA69AD5BCB8E97FBFB00AC9BC46
:1031700043EC7FBF9B7ABCBCA7EE7FBF69EAAFBCC4
:10318000E3F07FBF1C5AA3BCF8F27FBFB6C996BC60
:10319000E6F47FBF38398ABCACF67FBF4B517BBCAD
:1031A0004AF87FBF003062BCC1F97FBF900E49BCB6
:1031B00011FB7FBF02ED2FBC39FC7FBF59CB16BC82
:1031C00039FD7FBF3053FBBB13FE7FBF890FC9BBE7
:1031D000C4FE7FBFC1CB96BB4EFF7FBFC70F49BBAD
:1031E000B1FF7FBFD40FC9BAECFF7FBF00000080E2
:1031F000000080BFD40FC93AECFF7FBFC70F493B27
:10320000B1FF7FBFC1CB963B4EFF7FBF890FC93B4C
:10321000C4FE7FBF3053FB3B13FE7FBF59CB163C30
:1032200039FD7FBF02ED2F3C39FC7FBF900E493C3A
:1032300011FB7FBF0030623CC1F97FBF4B517B3C2B
:103240004AF87FBF38398A3CACF67FBFB6C9963C96
:10325000E6F47FBF1C5AA33CF8F27FBF69EAAF3C9B
:10326000E3F07FBF9B7ABC3CA7EE7FBFB00AC93CAE
:1032700043EC7FBFA69AD53CB8E97FBF7B2AE23CEE
:1032800005E77FBF2DBAEE3C2BE47FBFB949FB3C7D
:1032900029E17FBF90EC033D00DE7FBF2F340A3D64
:1032A000AFDA7FBFB87B103D37D77FBF2CC3163D49
:1032B00098D37FBF880A1D3DD1CF7FBFCC51233D1E
:1032C000E2CB7FBFF698293DCCC77FBF07E02F3DFB
:1032D0008FC37FBFFC26363D2ABF7FBFD56D3C3DE7
:1032E0009EBA7FBF91B4423DEAB57FBF2FFB483DF8
:1032F0000FB17FBFAF414F3D0DAC7FBF0E88553D35
:10330000E3A67FBF4CCE5B3D91A17FBF6814623DB9
:10331000189C7FBF625A683D78967FBF38A06E3D8B
:10332000B1907FBFE9E5743DC28A7FBF742B7B3DBE
:10333000AB847FBF6CB8803D6D7E7FBF0ADB833D71
:1033400008787FBF94FD863D7B717FBF0A208A3D50
:10335000C76A7FBF6A428D3DEC637FBFB464903D16
:10336000E95C7FBFE786933DBF557FBF05A9963DCA
:103370006D4E7FBF0ACB993DF4467FBFF9EC9C3D73
:10338000543F7FBFCF0EA03D8D377FBF8C30A33D14
:103390009D2F7FBF3052A63D87277FBFBA73A93DBF
:1033A000491F7FBF2B95AC3DE4167FBF80B6AF3D74
:1033B000580E7FBFBBD7B23DA4057FBFDAF8B53D3D
:1033C000C9FC7EBFDD19B93DC7F37EBFC33ABC3D22
:1033D0009DEA7EBF8D5BBF3D4CE17EBF397CC23D27
:1033E000D4D77EBFC69CC53D34CE7EBF36BDC83D5A
:1033F0006DC47EBF86DDCB3D7FBA7EBFB7FDCE3DBF
:1034000069B07EBFC81DD23D2DA67EBFB93DD53D5A
:10341000C99B7EBF895DD83D3D917EBF377DDB3D39
:103420008B867EBFC49CDE3DB17B7EBF2EBCE13D62
:10343000B0707EBF76DBE43D88657EBF9AFAE73DDB
:10344000385A7EBF9A19EB3DC14E7EBF7638EE3DAD
:1034500023437EBF2E57F13D5E377EBFC075F43DDE
:10346000722B7EBF2C94F73D5E1F7EBF73B2FA3D78
:1034700024137EBF92D0FD3DC2067EBF4577003E3D
:1034800038FA7DBF2E06023E88ED7DBF0295033ED1
:10349000B1E07DBFC223053EB2D37DBF6EB2063E12
:1034A0008CC67DBF0541083E40B97DBF86CF093E31
:1034B000CCAB7DBFF35D0B3E309E7DBF4AEC0C3E36
:1034C0006E907DBF8B7A0E3E85827DBFB708103E21
:1034D00074747DBFCC96113E3D667DBFCA24133EF9
:1034E000DE577DBFB2B2143E59497DBF8340163EC0
:1034F000AC3A7DBF3DCE173ED82B7DBFE05B193E79
:10350000DD1C7DBF6BE91A3EBC0D7DBFDE761C3E27
:1035100073FE7CBF38041E3E03EF7CBF7B911F3ED1
:103520006CDF7CBFA51E213EAECF7CBFB6AB223E7A
:10353000C9BF7CBFAD38243EBDAF7CBF8CC5253E26
:103540008A9F7CBF5152273E318F7CBFFCDE283ED4
:10355000B07E7CBF8D6B2A3E086E7CBF04F82B3E8C
:103560003A5D7CBF61842D3E444C7CBFA2102F3E4F
:10357000283B7CBFC99C303EE5297CBFD428323E25
:103580007A187CBFC4B4333EE9067CBF9840353E10
:1035900031F57BBF50CC363E53E37BBFEC57383E12
:1035A0004DD17BBF6CE3393E20BF7BBFCF6E3B3E2E
:1035B000CDAC7BBF15FA3C3E539A7BBF3E853E3E69
:1035C000B2877BBF4910403EEA747BBF379B413EC8
:1035D000FC617BBF0726433EE74E7BBFB9B0443E4C
:1035E000AB3B7BBF4D3B463E48287BBFC2C5473EF9
:1035F000BE147BBF1850493E0E017BBF4FDA4A3ED6
:1036000037ED7ABF67644C3E3AD97ABF60EE4D3EE3
:1036100016C57ABF38784F3ECBB07ABFF101513E24
:10362000599C7ABF898B523EC1877ABF0115543E9F
:1036300002737ABF589E553E1C5E7ABF8F27573E55
:1036400010497ABFA4B0583EDD337ABF97395A3E4D
:10365000841E7ABF6AC25B3E04097ABF1A4B5D3E84
:103660005EF379BFA8D35E3E91DD79BF135C603E07
:103670009DC779BF5CE4613E83B179BF836C633ED3
:10368000439B79BF86F4643EDC8479BF667C663EEA
:103690004E6E79BF2204683E9A5779BFBA8B693E55
:1036A000C04079BF2F136B3EBF2979BF7F9A6C3E14
:1036B000981279BFAB216E3E4AFB78BFB2A86F3E2D
:1036C000D6E378BF942F713E3BCC78BF51B6723EA3
:1036D0007BB478BFE83C743E939C78BF5AC3753E78
:1036E000868478BFA649773E526C78BFCCCF783EAF
:1036F000F85378BFCB557A3E773B78BFA4DB7B3E4F
:10370000D12278BF56617D3E040A78BFE1E67E3E55
:1037100010F177BF2236803EF7D777BFC0F8803EE2
:10372000B7BE77BF4ABB813E51A577BFC07D823E01
:10373000C58B77BF2240833E137277BF7002843EF1
:103740003A5877BFAAC4843E3C3E77BFCE86853EBA
:10375000172477BFDF48863ECC0977BFDA0A873E59
:103760005BEF76BFC1CC873EC4D476BF938E883ED4
:1037700007BA76BF5050893E249F76BFF8118A3E23
:103780001B8476BF8AD38A3EEC6876BF07958B3E52
:10379000974D76BF6E568C3E1B3276BFC0178D3E5E
:1037A0007A1676BFFCD88D3EB3FA75BF229A8E3E4C
:1037B000C6DE75BF325B8F3EB3C275BF2C1C903E18
:1037C0007BA675BF10DD903E1C8A75BFDD9D913EC6
:1037D000976D75BF945E923EED5075BF351F933E59
:1037E0001D3475BFBFDF933E271775BF31A0943ED0
:1037F0000BFA74BF8D60953EC9DC74BFD220963E33
:1038000062BF74BF00E1963ED5A174BF17A1973E79
:10381000228474BF1661983E496674BFFE20993EAB
:103820004B4874BFCEE0993E272A74BF86A09A3ECB
:10383000DD0B74BF27609B3E6EED73BFAF1F9C3ED8
:10384000D9CE73BF20DF9C3E1FB073BF789E9D3ED4
:103850003F9173BFB85D9E3E397273BFDF1C9F3EC0
:103860000E5373BFEEDB9F3EBE3373BFE59AA03E9F
:10387000471473BFC259A13EACF472BF8718A23E71
:10388000EBD472BF33D7A23E04B572BFC595A33E39
:10389000F89472BF3F54A43EC77472BF9F12A53EF6
:1038A000705472BFE5D0A53EF43372BF128FA63EAE
:1038B000521372BF254DA73E8CF271BF1F0BA83E5D
:1038C0009FD171BFFEC8A83E8EB071BFC486A93E0D
:1038D000578F71BF6F44AA3EFB6D71BF0102AB3EB3
:1038E0007A4C71BF77BFAB3ED42A71BFD47CAC3E5B
:1038F000080971BF153AAD3E17E770BF3CF7AD3E02
:1039000002C570BF49B4AE3EC6A270BF3A71AF3EA9
:10391000668070BF102EB03EE15D70BFCBEAB03E56
:10392000373B70BF6BA7B13E671870BFEF63B23E05
:1039300073F56FBF5820B33E5AD26FBFA5DCB33EBC
:103940001BAF6FBFD698B43EB88B6FBFEC54B53E7B
:1039500030686FBFE610B63E83446FBFC3CCB63E3F
:10396000B0206FBF8488B73EBAFC6EBF2A44B83E11
:103970009ED86EBFB2FFB83E5DB46EBF1EBBB93EEF
:10398000F88F6EBF6E76BA3E6D6B6EBFA031BB3ED8
:10399000BE466EBFB6ECBB3EEB216EBFAFA7BC3ED2
:1039A000F2FC6DBF8B62BD3ED5D76DBF4A1DBE3EDA
:1039B00093B26DBFEBD7BE3E2D8D6DBF6F92BF3EF4
:1039C000A1676DBFD54CC03EF2416DBF1E07C13E21
:1039D0001D1C6DBF48C1C13E24F66CBF557BC23E65
:1039E00007D06CBF4435C33EC5A96CBF15EFC33EBD
:1039F0005E836CBFC8A8C43ED45C6CBF5C62C53E2D
:103A000024366CBFD21BC63E500F6CBF29D5C63EB4
:103A100058E86BBF628EC73E3BC16BBF7C47C83E58
:103A2000FB996BBF7700C93E95726BBF53B9C93E16
:103A30000C4B6BBF1072CA3E5E236BBFAE2ACB3EEF
:103A40008CFB6ABF2CE3CB3E95D36ABF8B9BCC3EED
:103A50007BAB6ABFCA53CD3E3C836ABFEA0BCE3E06
:103A6000D95A6ABFEAC3CE3E52326ABFCA7BCF3E42
:103A7000A7096ABF8A33D03ED7E069BF2AEBD03EA0
:103A8000E4B769BFAAA2D13ECC8E69BF095AD23E23
:103A9000916569BF4811D33E323C69BF67C8D33EC8
:103AA000AE1269BF647FD43E07E968BF4136D53E98
:103AB0003CBF68BFFDECD53E4C9568BF99A3D63E90
:103AC000396B68BF135AD73E034168BF6B10D83EAD
:103AD000A81668BFA3C6D83E2AEC67BFB97CD93EFA
:103AE00087C167BFAD32DA3EC19667BF80E8DA3E74
:103AF000D86B67BF319EDB3ECA4067BFC153DC3E17
:103B0000991567BF2E09DD3E45EA66BF79BEDD3EE9
:103B1000CCBE66BFA273DE3E309366BFA928DF3EEF
:103B2000716766BF8DDDDF3E8E3B66BF4F92E03E24
:103B3000880F66BFEE46E13E5EE365BF6AFBE13E8D
:103B400010B765BFC4AFE23EA08A65BFFA63E33E2B
:103B50000B5E65BF0E18E43E543165BFFECBE43EFC
:103B6000790465BFCB7FE53E7BD764BF7533E63E06
:103B700059AA64BFFBE6E63E147D64BF5D9AE73E4A
:103B8000AC4F64BF9C4DE83E212264BFB700E93EC4
:103B900073F463BFAEB3E93EA1C663BF8166EA3E7C
:103BA000AC9863BF3019EB3E956A63BFBBCBEB3E6D
:103BB0005A3C63BF217EEC3EFC0D63BF6330ED3E9B
:103BC0007BDF62BF80E2ED3ED7B062BF7994EE3E0C
:103BD000108262BF4C46EF3E265362BFFBF7EF3EBA
:103BE0001A2462BF85A9F03EEAF461BFEA5AF13EA9
:103BF00098C561BF290CF23E229661BF43BDF23EDB
:103C00008A6661BF386EF33ED03661BF071FF43E4F
:103C1000F20661BFB1CFF43EF2D660BF3580F53E0B
:103C2000CFA660BF9330F63E897660BFCBE0F63E0C
:103C3000214660BFDC90F73E961560BFC840F83E55
:103C4000E9E45FBF8EF0F83E19B45FBF2DA0F93EE6
:103C500027835FBFA54FFA3E12525FBFF7FEFA3EC1
:103C6000DB205FBF22AEFB3E81EF5EBF275DFC3EE7
:103C700005BE5EBF040CFD3E678C5EBFBBBAFD3E59
:103C8000A65A5EBF4A69FE3EC3285EBFB217FF3E1A
:103C9000BEF65DBFF3C5FF3E97C45DBF063A003F69
:103CA0004D925DBFFF90003FE15F5DBFE4E7003FE5
:103CB000532D5DBFB53E013FA3FA5CBF7395013F35
:103CC000D1C75CBF1CEC013FDD945CBFB142023F39
:103CD000C7615CBF3299023F8E2E5CBF9FEF023FEF
:103CE00034FB5BBFF845033FB8C75BBF3D9C033F58
:103CF0001A945BBF6DF2033F5A605BBF8948043F73
:103D0000792C5BBF919E043F75F85ABF84F4043F41
:103D100050C45ABF624A053F09905ABF2CA0053FC4
:103D2000A05B5ABFE2F5053F16275ABF824B063FFC
:103D30006AF259BF0EA1063F9CBD59BF86F6063FE9
:103D4000AD8859BFE84B073F9C5359BF36A1073F89
:103D50006A1E59BF6FF6073F17E958BF924B083FDD
:103D6000A1B358BFA1A0083F0B7E58BF9BF5083FE9
:103D7000534858BF7F4A093F791258BF4E9F093FA9
:103D80007FDC57BF09F4093F63A657BFAD480A3F20
:103D9000267057BF3D9D0A3FC73957BFB7F10A3F4D
:103DA000480357BF1C460B3FA7CC56BF6B9A0B3F2F
:103DB000E59556BFA5EE0B3F025F56BFC9420C3FCB
:103DC000FE2756BFD7960C3FD9F055BFD0EA0C3F1F
:103DD00093B955BFB33E0D3F2C8255BF81920D3F25
:103DE000A44A55BF38E60D3FFB1255BFDA390E3FE6
:103DF00031DB54BF658D0E3F47A354BFDBE00E3F60
:103E00003B6B54BF3B340F3F0F3354BF84870F3F8E
:103E1000C3FA53BFB8DA0F3F55C253BFD52D103F79
:103E2000C78953BFDC80103F185153BFCDD3103F1B
:103E3000491853BFA726113F59DF52BF6B79113F75
:103E400049A652BF19CC113F186D52BFB01E123F88
:103E5000C63352BF3071123F54FA51BF9AC3123F5A
:103E6000C2C051BFEE15133F108751BF2A68133FE0
:103E70003D4D51BF50BA133F4A1351BF5F0C143F21
:103E800037D950BF585E143F039F50BF39B0143F1D
:103E9000AF6450BF0402153F3B2A50BFB753153FD4
:103EA000A8EF4FBF54A5153FF4B44FBFD9F6153F47
:103EB0001F7A4FBF4748163F2B3F4FBF9F99163F72
:103EC00017044FBFDFEA163FE4C84EBF073C173F59
:103ED000908D4EBF188D173F1C524EBF12DE173FFC
:103EE00089164EBFF52E183FD5DA4DBFC07F183F5B
:103EF000029F4DBF73D0183F10634DBF0F21193F74
:103F0000FD264DBF9471193FCBEA4CBF00C2193F4B
:103F100079AE4CBF55121A3F08724CBF93621A3FDC
:103F200078354CBFB8B21A3FC7F84BBFC6021B3F2B
:103F3000F8BB4BBFBB521B3F097F4BBF99A21B3F36
:103F4000FA414BBF5FF21B3FCC044BBF0C421C3FFE
:103F50007FC74ABFA2911C3F138A4ABF1FE11C3F83
:103F6000874C4ABF84301D3FDC0E4ABFD17F1D3FC6
:103F700012D149BF06CF1D3F299349BF221E1E3FC4
:103F8000215549BF266D1E3FFA1649BF12BC1E3F80
:103F9000B3D848BFE50A1F3F4E9A48BF9F591F3FFD
:103FA000CA5B48BF41A81F3F271D48BFCBF61F3F34
:103FB00065DE47BF3B45203F849F47BF9393203F2B
:103FC000856047BFD2E1203F672147BFF92F213FDE
:103FD0002AE246BF067E213FCEA246BFFBCB213F51
:103FE000546346BFD719223FBB2346BF9967223F80
:103FF00003E445BF43B5223F2DA445BFD302233F71
:10400000396445BF4B50233F262445BFA99D233F1C
:10401000F5E344BFEEEA233FA5A344BF1A38243F8B
:10402000376344BF2C85243FAB2244BF25D2243FB5
:1040300000E243BF041F253F38A143BFCB6B253FA0
:10404000516043BF77B8253F4C1F43BF0A05263F49
:1040500029DE42BF8451263FE89C42BFE39D263FB4
:10406000895B42BF2AEA263F0B1A42BF5636273FDA
:1040700070D841BF6882273FB79641BF61CE273FC6
:10408000E15441BF401A283FEC1241BF0566283F6A
:10409000DAD040BFB0B1283FA98E40BF41FD283FD4
:1040A0005C4C40BFB848293FF00940BF1594293FF8
:1040B00067C73FBF57DF293FC0843FBF802A2A3FE1
:1040C000FC413FBF8E752A3F1BFF3EBF82C02A3F87
:1040D0001BBC3EBF5B0B2B3FFF783EBF1B562B3FED
:1040E000C5353EBFBFA02B3F6EF23DBF4AEB2B3F15
:1040F000F9AE3DBFB9352C3F676B3DBF0F802C3FFC
:10410000B8273DBF49CA2C3FECE33CBF69142D3FA3
:1041100003A03CBF6F5E2D3FFC5B3CBF59A82D3F09
:10412000D9173CBF29F22D3F98D33BBFDE3B2E3F32
:104130003B8F3BBF78852E3FC14A3BBFF7CE2E3F1A
:1041400029063BBF5B182F3F75C13ABFA5612F3FC2
:10415000A47C3ABFD3AA2F3FB7373ABFE6F32F3F2D
:10416000ACF239BFDE3C303F85AD39BFBB85303F57
:10417000426839BF7CCE303FE12239BF2217313F40
:1041800065DD38BFAD5F313FCB9738BF1DA8313FEC
:10419000165238BF71F0313F430C38BFAA38323F56
:1041A00055C637BFC780323F4A8037BFC9C8323F84
:1041B000233A37BFAF10333FDFF336BF7A58333F70
:1041C0007FAD36BF29A0333F046736BFBCE7333F1E
:1041D0006C2036BF342F343FB8D935BF8F76343F8B
:1041E000E79235BFCFBD343FFB4B35BFF304353FBE
:1041F000F30435BFFB4B353FCFBD34BFE792353FAE
:104200008F7634BFB8D9353F342F34BF6C20363F5A
:10421000BCE733BF0467363F29A033BF7FAD363FCD
:104220007A5833BFDFF3363FAF1033BF233A373FFF
:10423000C9C832BF4A80373FC78032BF55C6373FF3
:10424000AA3832BF430C383F71F031BF1652383FA5
:104250001DA831BFCB97383FAD5F31BF65DD383F1B
:10426000221731BFE122393F7CCE30BF4268393F4F
:10427000BB8530BF85AD393FDE3C30BFACF2393F46
:10428000E6F32FBFB7373A3FD3AA2FBFA47C3A3FFC
:10429000A5612FBF75C13A3F5B182FBF29063B3F71
:1042A000F7CE2EBFC14A3B3F78852EBF3B8F3B3FA9
:1042B000DE3B2EBF98D33B3F29F22DBFD9173C3FA1
:1042C00059A82DBFFC5B3C3F6F5E2DBF03A03C3F58
:1042D00069142DBFECE33C3F49CA2CBFB8273D3FD2
:1042E0000F802CBF676B3D3FB9352CBFF9AE3D3F0A
:1042F0004AEB2BBF6EF23D3FBFA02BBFC5353E3F03
:104300001B562BBFFF783E3F5B0B2BBF1BBC3E3FBA
:1043100082C02ABF1BFF3E3F8E752ABFFC413F3F34
:10432000802A2ABFC0843F3F57DF29BF67C73F3F6E
:10433000159429BFF009403FB84829BF5C4C403F65
:1043400041FD28BFA98E403FB0B128BFDAD0403F21
:10435000056628BFEC12413F401A28BFE154413F97
:1043600061CE27BFB796413F688227BF70D8413FD3
:10437000563627BF0B1A423F2AEA26BF895B423FC7
:10438000E39D26BFE89C423F845126BF29DE423F81
:104390000A0526BF4C1F433F77B825BF5160433FF6
:1043A000CB6B25BF38A1433F041F25BF00E2433F2D
:1043B00025D224BFAB22443F2C8524BF3763443F22
:1043C0001A3824BFA5A3443FEEEA23BFF5E3443FD8
:1043D000A99D23BF2624453F4B5023BF3964453F49
:1043E000D30223BF2DA4453F43B522BF03E4453F7D
:1043F000996722BFBB23463FD71922BF5463463F6C
:10440000FBCB21BFCEA2463F067E21BF2AE2463F1C
:10441000F92F21BF6721473FD2E120BF8560473F89
:10442000939320BF849F473F3B4520BF65DE473FB6
:10443000CBF61FBF271D483F41A81FBFCA5B483F9F
:104440009F591FBF4E9A483FE50A1FBFB3D8483F48
:1044500012BC1EBFFA16493F266D1EBF2155493FAB
:10446000221E1EBF2993493F06CF1DBF12D1493FCF
:10447000D17F1DBFDC0E4A3F84301DBF874C4A3FB1
:104480001FE11CBF138A4A3FA2911CBF7FC74A3F4E
:104490000C421CBFCC044B3F5FF21BBFFA414B3FA9
:1044A00099A21BBF097F4B3FBB521BBFF8BB4B3FC1
:1044B000C6021BBFC7F84B3FB8B21ABF78354C3F96
:1044C00093621ABF08724C3F55121ABF79AE4C3F27
:1044D00000C219BFCBEA4C3F947119BFFD264D3F76
:1044E0000F2119BF10634D3F73D018BF029F4D3F7E
:1044F000C07F18BFD5DA4D3FF52E18BF89164E3F45
:1045000012DE17BF1C524E3F188D17BF908D4E3FC5
:10451000073C17BFE4C84E3FDFEA16BF17044F3F02
:104520009F9916BF2B3F4F3F474816BF1F7A4F3FFB
:10453000D9F615BFF4B44F3F54A515BFA8EF4F3FB0
:10454000B75315BF3B2A503F040215BFAF64503F1D
:1045500039B014BF039F503F585E14BF37D9503F46
:104560005F0C14BF4A13513F50BA13BF3D4D513F2A
:104570002A6813BF1087513FEE1513BFC2C0513FC9
:104580009AC312BF54FA513F307112BFC633523F23
:10459000B01E12BF186D523F19CC11BF49A6523F31
:1045A0006B7911BF59DF523FA72611BF4918533FFE
:1045B000CDD310BF1851533FDC8010BFC789533F84
:1045C000D52D10BF55C2533FB8DA0FBFC3FA533FC2
:1045D00084870FBF0F33543F3B340FBF3B6B543FB7
:1045E000DBE00EBF47A3543F658D0EBF31DB543F68
:1045F000DA390EBFFB12553F38E60DBFA44A553FCE
:1046000081920DBF2C82553FB33E0DBF93B9553FEC
:10461000D0EA0CBFD9F0553FD7960CBFFE27563FC6
:10462000C9420CBF025F563FA5EE0BBFE595563F52
:104630006B9A0BBFA7CC563F1C460BBF4803573F96
:10464000B7F10ABFC739573F3D9D0ABF2670573F94
:10465000AD480ABF63A6573F09F409BF7FDC573F47
:104660004E9F09BF7912583F7F4A09BF5348583FB0
:104670009BF508BF0B7E583FA1A008BFA1B3583FD0
:10468000924B08BF17E9583F6FF607BF6A1E593FA4
:1046900036A107BF9C53593FE84B07BFAD88593F30
:1046A00086F606BF9CBD593F0EA106BF6AF2593F70
:1046B000824B06BF16275A3FE2F505BFA05B5A3F63
:1046C0002CA005BF09905A3F624A05BF50C45A3F0B
:1046D00084F404BF75F85A3F919E04BF792C5B3F68
:1046E000894804BF5A605B3F6DF203BF1A945B3F79
:1046F0003D9C03BFB8C75B3FF84503BF34FB5B3F3E
:104700009FEF02BF8E2E5C3F329902BFC7615C3FB4
:10471000B14202BFDD945C3F1CEC01BFD1C75C3FDE
:10472000739501BFA3FA5C3FB53E01BF532D5D3FBA
:10473000E4E700BFE15F5D3FFF9000BF4D925D3F4A
:10474000063A00BF97C45D3FF3C5FFBEBEF65D3FAE
:10475000B217FFBEC3285E3F4A69FEBEA65A5E3F3F
:10476000BBBAFDBE678C5E3F040CFDBE05BE5E3F5E
:10477000275DFCBE81EF5E3F22AEFBBEDB205F3FCC
:10478000F7FEFABE12525F3FA54FFABE27835F3F86
:104790002DA0F9BE19B45F3F8EF0F8BEE9E45F3F8B
:1047A000C840F8BE9615603FDC90F7BE2146603FDA
:1047B000CBE0F6BE8976603F9330F6BECFA6603F71
:1047C0003580F5BEF2D6603FB1CFF4BEF206613F50
:1047D000071FF4BED036613F386EF3BE8A66613F74
:1047E00043BDF2BE2296613F290CF2BE98C5613FDF
:1047F000EA5AF1BEEAF4613F85A9F0BE1A24623F8D
:10480000FBF7EFBE2653623F4C46EFBE1082623F7D
:104810007994EEBED7B0623F80E2EDBE7BDF623FAF
:104820006330EDBEFC0D633F217EECBE5A3C633F1E
:10483000BBCBEBBE956A633F3019EBBEAC98633FD0
:104840008166EABEA1C6633FAEB3E9BE73F4633FBF
:10485000B700E9BE2122643F9C4DE8BEAC4F643FE7
:104860005D9AE7BE147D643FFBE6E6BE59AA643F4D
:104870007533E6BE7BD7643FCB7FE5BE7904653FE9
:10488000FECBE4BE5431653F0E18E4BE0B5E653FBF
:10489000FA63E3BEA08A653FC4AFE2BE10B7653FCE
:1048A0006AFBE1BE5EE3653FEE46E1BE880F663F10
:1048B0004F92E0BE8E3B663F8DDDDFBE7167663F87
:1048C000A928DFBE3093663FA273DEBECCBE663F32
:1048D00079BEDDBE45EA663F2E09DDBE9915673F0C
:1048E000C153DCBECA40673F319EDBBED86B673F19
:1048F00080E8DABEC196673FAD32DABE87C1673F56
:10490000B97CD9BE2AEC673FA3C6D8BEA816683FBB
:104910006B10D8BE0341683F135AD7BE396B683F4E
:1049200099A3D6BE4C95683FFDECD5BE3CBF683F11
:104930004136D5BE07E9683F647FD4BEAE12693FF9
:1049400067C8D3BE323C693F4811D3BE9165693F09
:10495000095AD2BECC8E693FAAA2D1BEE4B7693F44
:104960002AEBD0BED7E0693F8A33D0BEA7096A3FA1
:10497000CA7BCFBE52326A3FEAC3CEBED95A6A3F23
:10498000EA0BCEBE3C836A3FCA53CDBE7BAB6A3FC7
:104990008B9BCCBE95D36A3F2CE3CBBE8CFB6A3F8E
:1049A000AE2ACBBE5E236B3F1072CABE0C4B6B3F70
:1049B00053B9C9BE95726B3F7700C9BEFB996B3F77
:1049C0007C47C8BE3BC16B3F628EC7BE58E86B3F99
:1049D00029D5C6BE500F6C3FD21BC6BE24366C3FD5
:1049E0005C62C5BED45C6C3FC8A8C4BE5E836C3F2D
:1049F00015EFC3BEC5A96C3F4435C3BE07D06C3F9D
:104A0000557BC2BE24F66C3F48C1C1BE1D1C6D3F24
:104A10001E07C1BEF2416D3FD54CC0BEA1676D3FC0
:104A20006F92BFBE2D8D6D3FEBD7BEBE93B26D3F73
:104A30004A1DBEBED5D76D3F8B62BDBEF2FC6D3F39
:104A4000AFA7BCBEEB216E3FB6ECBBBEBE466E3F11
:104A5000A031BBBE6D6B6E3F6E76BABEF88F6E3FF7
:104A60001EBBB9BE5DB46E3FB2FFB8BE9ED86E3FEE
:104A70002A44B8BEBAFC6E3F8488B7BEB0206F3FF0
:104A8000C3CCB6BE83446F3FE610B6BE30686F3FFE
:104A9000EC54B5BEB88B6F3FD698B4BE1BAF6F3F1A
:104AA000A5DCB3BE5AD26F3F5820B3BE73F56F3F3B
:104AB000EF63B2BE6718703F6BA7B1BE373B703F64
:104AC000CBEAB0BEE15D703F102EB0BE6680703F95
:104AD0003A71AFBEC6A2703F49B4AEBE02C5703FC8
:104AE0003CF7ADBE17E7703F153AADBE0809713F00
:104AF000D47CACBED42A713F77BFABBE7A4C713F39
:104B00000102ABBEFB6D713F6F44AABE578F713F70
:104B1000C486A9BE8EB0713FFEC8A8BE9FD1713FAA
:104B20001F0BA8BE8CF2713F254DA7BE5213723FDA
:104B3000128FA6BEF433723FE5D0A5BE7054723F0B
:104B40009F12A5BEC774723F3F54A4BEF894723F33
:104B5000C595A3BE04B5723F33D7A2BEEBD4723F56
:104B60008718A2BEACF4723FC259A1BE4714733F6E
:104B7000E59AA0BEBE33733FEEDB9FBE0E53733F7C
:104B8000DF1C9FBE3972733FB85D9EBE3F91733F7D
:104B9000789E9DBE1FB0733F20DF9CBED9CE733F71
:104BA000AF1F9CBE6EED733F27609BBEDD0B743F55
:104BB00086A09ABE272A743FCEE099BE4B48743F28
:104BC000FE2099BE4966743F166198BE2284743FE8
:104BD00017A197BED5A1743F00E196BE62BF743F96
:104BE000D22096BEC9DC743F8D6095BE0BFA743F2F
:104BF00031A094BE2717753FBFDF93BE1D34753FAC
:104C0000351F93BEED50753F945E92BE976D753F14
:104C1000DD9D91BE1C8A753F10DD90BE7BA6753F61
:104C20002C1C90BEB3C2753F325B8FBEC6DE753F93
:104C3000229A8EBEB3FA753FFCD88DBE7A16763FA7
:104C4000C0178DBE1B32763F6E568CBE974D763F99
:104C500007958BBEEC68763F8AD38ABE1B84763F6D
:104C6000F8118ABE249F763F505089BE07BA763F1E
:104C7000938E88BEC4D4763FC1CC87BE5BEF763FAF
:104C8000DA0A87BECC09773FDF4886BE1724773F14
:104C9000CE8685BE3C3E773FAAC484BE3A58773F55
:104CA000700284BE1372773F224083BEC58B773F6C
:104CB000C07D82BE51A5773F4ABB81BEB7BE773F5C
:104CC000C0F880BEF7D7773F223680BE10F1773F1D
:104CD000E1E67EBE040A783F56617DBED122783F70
:104CE000A4DB7BBE773B783FCB557ABEF853783F49
:104CF000CCCF78BE526C783FA64977BE8684783F89
:104D00005AC375BE939C783FE83C74BE7BB4783F31
:104D100051B672BE3BCC783F942F71BED6E3783F3C
:104D2000B2A86FBE4AFB783FAB216EBE9812793FA6
:104D30007F9A6CBEBF29793F2F136BBEC040793F6D
:104D4000BA8B69BE9A57793F220468BE4E6E793F8E
:104D5000667C66BEDC84793F86F464BE439B793F03
:104D6000836C63BE83B1793F5CE461BE9DC7793FCC
:104D7000135C60BE91DD793FA8D35EBE5EF3793FE0
:104D80001A4B5DBE04097A3F6AC25BBE841E7A3F3D
:104D900097395ABEDD337A3FA4B058BE10497A3FE6
:104DA0008F2757BE1C5E7A3F589E55BE02737A3FCE
:104DB000011554BEC1877A3F898B52BE599C7A3FF8
:104DC000F10151BECBB07A3F38784FBE16C57A3F5D
:104DD00060EE4DBE3AD97A3F67644CBE37ED7A3FFC
:104DE0004FDA4ABE0E017B3F185049BEBE147B3FCE
:104DF000C2C547BE48287B3F4D3B46BEAB3B7B3FD1
:104E0000B9B044BEE74E7B3F072643BEFC617B3F03
:104E1000379B41BEEA747B3F491040BEB2877B3F5F
:104E20003E853EBE539A7B3F15FA3CBECDAC7B3FE0
:104E3000CF6E3BBE20BF7B3F6CE339BE4DD17B3F85
:104E4000EC5738BE53E37B3F50CC36BE31F57B3F49
:104E5000984035BEE9067C3FC4B433BE7A187C3F27
:104E6000D42832BEE5297C3FC99C30BE283B7C3F1C
:104E7000A2102FBE444C7C3F61842DBE3A5D7C3F26
:104E800004F82BBE086E7C3F8D6B2ABEB07E7C3F43
:104E9000FCDE28BE318F7C3F515227BE8A9F7C3F6B
:104EA0008CC525BEBDAF7C3FAD3824BEC9BF7C3F9D
:104EB000B6AB22BEAECF7C3FA51E21BE6CDF7C3FD1
:104EC0007B911FBE03EF7C3F38041EBE73FE7C3F08
:104ED000DE761CBEBC0D7D3F6BE91ABEDD1C7D3F3E
:104EE000E05B19BED82B7D3F3DCE17BEAC3A7D3F6F
:104EF000834016BE59497D3FB2B214BEDE577D3F96
:104F0000CA2413BE3D667D3FCC9611BE74747D3FAE
:104F1000B70810BE85827D3F8B7A0EBE6E907D3FB6
:104F20004AEC0CBE309E7D3FF35D0BBECCAB7D3FAB
:104F300086CF09BE40B97D3F054108BE8CC67D3F86
:104F40006EB206BEB2D37D3FC22305BEB1E07D3F47
:104F5000029503BE88ED7D3F2E0602BE38FA7D3FE6
:104F6000457700BEC2067E3F92D0FDBD24137E3F32
:104F700073B2FABD5E1F7E3F2C94F7BD722B7E3F4D
:104F8000C075F4BD5E377E3F2E57F1BD23437E3F93
:104F90007638EEBDC14E7E3F9A19EBBD385A7E3F42
:104FA0009AFAE7BD88657E3F76DBE4BDB0707E3F50
:104FB0002EBCE1BDB17B7E3FC49CDEBD8B867E3FB7
:104FC000377DDBBD3D917E3F895DD8BDC99B7E3F6E
:104FD000B93DD5BD2DA67E3FC81DD2BD69B07E3F6F
:104FE000B7FDCEBD7FBA7E3F86DDCBBD6DC47E3FB3
:104FF00036BDC8BD34CE7E3FC69CC5BDD4D77E3F2E
:10500000397CC2BD4CE17E3F8D5BBFBD9DEA7E3FDA
:10501000C33ABCBDC7F37E3FDD19B9BDC9FC7E3FB5
:10502000DAF8B5BDA4057F3FBBD7B2BD580E7F3FB0
:1050300080B6AFBDE4167F3F2B95ACBD491F7F3FC7
:10504000BA73A9BD87277F3F3052A6BD9D2F7F3FF2
:105050008C30A3BD8D377F3FCF0EA0BD543F7F3F27
:10506000F9EC9CBDF4467F3F0ACB99BD6D4E7F3F66
:1050700005A996BDBF557F3FE78693BDE95C7F3F9D
:10508000B46490BDEC637F3F6A428DBDC76A7F3FC9
:105090000A208ABD7B717F3F94FD86BD08787F3FE3
:1050A0000ADB83BD6D7E7F3F6CB880BDAB847F3FE4
:1050B000742B7BBDC28A7F3FE9E574BDB1907F3F11
:1050C00038A06EBD78967F3F625A68BD189C7F3FBE
:1050D000681462BD91A17F3F4CCE5BBDE3A67F3FCC
:1050E0000E8855BD0DAC7F3FAF414FBD0FB17F3F27
:1050F0002FFB48BDEAB57F3F91B442BD9EBA7F3FCA
:10510000D56D3CBD2ABF7F3FFC2636BD8FC37F3F98
:1051100007E02FBDCCC77F3FF69829BDE2CB7F3F8C
:10512000CC5123BDD1CF7F3F880A1DBD98D37F3F8F
:105130002CC316BD37D77F3FB87B10BDAFDA7F3F9A
:105140002F340ABD00DE7F3F90EC03BD29E17F3F95
:10515000B949FBBC2BE47F3F2DBAEEBC05E77F3F8E
:105160007B2AE2BCB8E97F3FA69AD5BC43EC7F3FDF
:10517000B00AC9BCA7EE7F3F9B7ABCBCE3F07F3F7F
:1051800069EAAFBCF8F27F3F1C5AA3BCE6F47F3F4C
:10519000B6C996BCACF67F3F38398ABC4AF87F3F27
:1051A0004B517BBCC1F97F3F003062BC11FB7F3F9C
:1051B000900E49BC39FC7F3F02ED2FBC39FD7F3F8B
:1051C00059CB16BC13FE7F3F3053FBBBC4FE7F3F61
:1051D000890FC9BB4EFF7F3FC1CB96BBB1FF7F3F5D
:1051E000C70F49BBECFF7F3FD40FC9BAFFFFFF7F5A
:1051F000000000003CAF41764DC5FB309A79825AE1
:105200009A79825A4DC5FB303CAF417600000000D0
:10521000FFFFFF7FB23A04CF3CAF417666867DA5A3
:105220009A79825AC350BE894DC5FB300000008078
:1052300000000000C350BE89B23A04CF66867DA547
:1052400066867DA5B23A04CFC350BE89FFFFFF7FBB
:10525000000000003F5F8A7D3CB8F8183CAF417603
:105260004DC5FB30A4986D6AE6EC1C479A79825ACA
:105270009A79825AE6EC1C47A4986D6A4DC5FB30BA
:105280003CAF41763CB8F8183F5F8A7D00000000D3
:10529000FFFFFF7FC34707E73F5F8A7DB23A04CF36
:1052A0003CAF41761913E3B8A4986D6A66867DA574
:1052B0009A79825A5B679295E6EC1C47C350BE8987
:1052C0004DC5FB30C0A075823CB8F81800000080C6
:1052D00000000000C0A07582C34707E7C350BE8925
:1052E000B23A04CF5B6792951913E3B866867DA541
:1052F00066867DA51913E3B85B679295B23A04CF31
:10530000C350BE89C34707E7C0A07582FFFFFF7F78
:10531000000000008F36627F5ED38B0C3F5F8A7D7A
:105320003CB8F8185B057D7A5D0C28253CAF4176CA
:105330004DC5FB30C6CBE27070BA563CA4986D6A7E
:10534000E6EC1C47AC01F26294CC33519A79825A54
:105350009A79825A94CC3351AC01F262E6EC1C4744
:10536000A4986D6A70BA563CC6CBE2704DC5FB304E
:105370003CAF41765D0C28255B057D7A3CB8F8187A
:105380003F5F8A7D5ED38B0C8F36627F000000000A
:10539000FFFFFF7FA12C74F38F36627FC34707E7BF
:1053A0003F5F8A7DA2F3D7DA5B057D7AB23A04CFFC
:1053B0003CAF41768F45A9C3C6CBE2701913E3B861
:1053C000A4986D6A6B33CCAEAC01F26266867DA5A3
:1053D0009A79825A53FE0D9D94CC33515B67929516
:1053E000E6EC1C473A341D8F70BA563CC350BE8958
:1053F0004DC5FB30A4FA82855D0C2825C0A07582BE
:105400003CB8F81870C99D805ED38B0C00000080FA
:105410000000000070C99D80A12C74F3C0A07582AB
:10542000C34707E7A4FA8285A2F3D7DAC350BE893F
:10543000B23A04CF3A341D8F8F45A9C35B6792956A
:105440001913E3B853FE0D9D6B33CCAE66867DA574
:1054500066867DA56B33CCAE53FE0D9D1913E3B864
:105460005B6792958F45A9C33A341D8FB23A04CF3A
:10547000C350BE89A2F3D7DAA4FA8285C34707E7EF
:10548000C0A07582A12C74F370C99D80FFFFFF7FBF
:10549000000000008D87D87F7CD947068F36627F59
:1054A0005ED38B0CFC559D7E6E10C8123F5F8A7DCB
:1054B0003CB8F818EEFB297C7BF9191F5B057D7A57
:1054C0005D0C282513848478EB341F2B3CAF417688
:1054D0004DC5FB30D0EBB5731320BA36C6CBE270A6
:1054E00070BA563C140DCA6D641ECE41A4986D6A04
:1054F000E6EC1C471F81CF66F3DF3F4CAC01F26244
:1055000094CC3351897CD75ED2A4F5559A79825ACE
:105510009A79825AD2A4F555897CD75E94CC3351BE
:10552000AC01F262F3DF3F4C1F81CF66E6EC1C4713
:10553000A4986D6A641ECE41140DCA6D70BA563CB3
:10554000C6CBE2701320BA36D0EBB5734DC5FB3035
:105550003CAF4176EB341F2B138484785D0C2825F7
:105560005B057D7A7BF9191FEEFB297C3CB8F818A6
:105570003F5F8A7D6E10C812FC559D7E5ED38B0CFA
:105580008F36627F7CD947068D87D87F0000000068
:10559000FFFFFF7F8326B8F98D87D87FA12C74F396
:1055A0008F36627F91EF37EDFC559D7EC34707E74D
:1055B0003F5F8A7D8406E6E0EEFB297CA2F3D7DA22
:1055C0005B057D7A14CBE0D413848478B23A04CF9F
:1055D0003CAF4176ECDF45C9D0EBB5738F45A9C32D
:1055E000C6CBE2709BE131BE140DCA6D1913E3B84E
:1055F000A4986D6A0C20C0B31F81CF666B33CCAE0C
:10560000AC01F2622D5B0AAA897CD75E66867DA515
:105610009A79825A768328A1D2A4F55553FE0D9D1E
:1056200094CC3351E07E3099F3DF3F4C5B67929529
:10563000E6EC1C47EBF23592641ECE413A341D8FE6
:1056400070BA563C2F144A8C1320BA36C350BE8908
:105650004DC5FB30EC7B7B87EB341F2BA4FA828596
:105660005D0C28251104D6837BF9191FC0A0758213
:105670003CB8F81803AA62816E10C81270C99D80E8
:105680005ED38B0C727827807CD94706000000809F
:1056900000000000727827808326B8F970C99D80C9
:1056A000A12C74F303AA628191EF37EDC0A075823B
:1056B000C34707E71104D6838406E6E0A4FA82858F
:1056C000A2F3D7DAEC7B7B8714CBE0D4C350BE893E
:1056D000B23A04CF2F144A8CECDF45C93A341D8FFF
:1056E0008F45A9C3EBF235929BE131BE5B67929582
:1056F0001913E3B8E07E30990C20C0B353FE0D9D22
:105700006B33CCAE768328A12D5B0AAA66867DA575
:1057100066867DA52D5B0AAA768328A16B33CCAE65
:1057200053FE0D9D0C20C0B3E07E30991913E3B8F1
:105730005B6792959BE131BEEBF235928F45A9C331
:105740003A341D8FECDF45C92F144A8CB23A04CF8E
:10575000C350BE8914CBE0D4EC7B7B87A2F3D7DAAD
:10576000A4FA82858406E6E01104D683C34707E7DE
:10577000C0A0758291EF37ED03AA6281A12C74F36A
:1057800070C99D808326B8F972782780FFFFFF7F5C
:10579000000000008221F67FBF2A24038D87D87F76
:1057A0007CD94706B436A77F49906A098F36627F55
:1057B0005ED38B0CC391097F2B27AB0FFC559D7ECD
:1057C0006E10C812E9931D7E4414E2153F5F8A7D76
:1057D0003CB8F818B1CEE37C6A820B1CEEFB297C46
:1057E0007BF9191F9D035D7BC5A423225B057D7A90
:1057F0005D0C2825B1238A7928B92628138484785A
:10580000EB341F2BDB4E6C77620A112E3CAF4176D6
:105810004DC5FB3045D3047587F2DE33D0EBB5734D
:105820001320BA36842C557232DD8C39C6CBE27027
:1058300070BA563CB1025F6FB749173F140DCA6D7D
:10584000641ECE416029246C50CD7A44A4986D6AC0
:10585000E6EC1C47819EA6683315B4491F81CF66CC
:10586000F3DF3F4C2689E864A4E8BF4EAC01F26246
:1058700094CC33513038EC60EF2A9B53897CD75E4F
:10588000D2A4F555DF20B45C54DD42589A79825A8F
:105890009A79825A54DD4258DF20B45CD2A4F5557F
:1058A000897CD75EEF2A9B533038EC6094CC33511F
:1058B000AC01F262A4E8BF4E2689E864F3DF3F4CF6
:1058C0001F81CF663315B449819EA668E6EC1C475C
:1058D000A4986D6A50CD7A446029246C641ECE4130
:1058E000140DCA6DB749173FB1025F6F70BA563CCD
:1058F000C6CBE27032DD8C39842C55721320BA3657
:10590000D0EBB57387F2DE3345D304754DC5FB305C
:105910003CAF4176620A112EDB4E6C77EB341F2BC5
:105920001384847828B92628B1238A795D0C282528
:105930005B057D7AC5A423229D035D7B7BF9191F3E
:10594000EEFB297C6A820B1CB1CEE37C3CB8F818D4
:105950003F5F8A7D4414E215E9931D7E6E10C812E4
:10596000FC559D7E2B27AB0FC391097F5ED38B0C1B
:105970008F36627F49906A09B436A77F7CD9470683
:105980008D87D87FBF2A24038221F67F0000000084
:10599000FFFFFF7F41D5DBFC8221F67F8326B8F92C
:1059A0008D87D87FB66F95F6B436A77FA12C74F398
:1059B0008F36627FD4D854F0C391097F91EF37EDD1
:1059C000FC559D7EBBEB1DEAE9931D7EC34707E7AF
:1059D0003F5F8A7D957DF4E3B1CEE37C8406E6E00B
:1059E000EEFB297C3A5BDCDD9D035D7BA2F3D7DA1D
:1059F0005B057D7AD746D9D7B1238A7914CBE0D419
:105A0000138484789EF5EED1DB4E6C77B23A04CFE6
:105A10003CAF4176780D21CC45D30475ECDF45C908
:105A2000D0EBB573CD2273C6842C55728F45A9C3B4
:105A3000C6CBE27048B6E8C0B1025F6F9BE131BEF1
:105A4000140DCA6DAF3285BB6029246C1913E3B8FD
:105A5000A4986D6ACCEA4BB6819EA6680C20C0B3B0
:105A60001F81CF665B1740B12689E8646B33CCAEEB
:105A7000AC01F26210D564AC3038EC602D5B0AAA40
:105A8000897CD75EAB22BDA7DF20B45C66867DA58E
:105A90009A79825A20DF4BA354DD4258768328A19D
:105AA000D2A4F555D0C7139FEF2A9B5353FE0D9DEB
:105AB00094CC3351D976179BA4E8BF4EE07E309941
:105AC000F3DF3F4C7E6159973315B4495B6792957C
:105AD000E6EC1C479FD6DB9350CD7A44EBF235922F
:105AE000641ECE414EFDA090B749173F3A341D8F3A
:105AF00070BA563C7BD3AA8D32DD8C392F144A8C78
:105B00001320BA36BA2CFB8A87F2DE33C350BE8923
:105B10004DC5FB3024B19388620A112EEC7B7B8744
:105B2000EB341F2B4EDC758628B92628A4FA828513
:105B30005D0C282562FCA284C5A423221104D6830F
:105B40007BF9191F4E311C836A820B1CC0A0758221
:105B50003CB8F818166CE2814414E21503AA62817D
:105B60006E10C8123C6EF6802B27AB0F70C99D805B
:105B70005ED38B0C4CC9588049906A097278278093
:105B80007CD947067DDE0980BF2A240300000080FF
:105B9000000000007DDE098041D5DBFC72782780A3
:105BA0008326B8F94CC95880B66F95F670C99D80A8
:105BB000A12C74F33C6EF680D4D854F003AA628111
:105BC00091EF37ED166CE281BBEB1DEAC0A0758248
:105BD000C34707E74E311C83957DF4E31104D68358
:105BE0008406E6E062FCA2843A5BDCDDA4FA8285EE
:105BF000A2F3D7DA4EDC7586D746D9D7EC7B7B8704
:105C000014CBE0D424B193889EF5EED1C350BE8965
:105C1000B23A04CFBA2CFB8A780D21CC2F144A8CCF
:105C2000ECDF45C97BD3AA8DCD2273C63A341D8FD4
:105C30008F45A9C34EFDA09048B6E8C0EBF235925F
:105C40009BE131BE9FD6DB93AF3285BB5B679295FC
:105C50001913E3B87E615997CCEA4BB6E07E3099D0
:105C60000C20C0B3D976179B5B1740B153FE0D9D36
:105C70006B33CCAED0C7139F10D564AC768328A10C
:105C80002D5B0AAA20DF4BA3AB22BDA766867DA5AC
:105C900066867DA5AB22BDA720DF4BA32D5B0AAA9C
:105CA000768328A110D564ACD0C7139F6B33CCAEDC
:105CB00053FE0D9D5B1740B1D976179B0C20C0B3E6
:105CC000E07E3099CCEA4BB67E6159971913E3B860
:105CD0005B679295AF3285BB9FD6DB939BE131BE6C
:105CE000EBF2359248B6E8C04EFDA0908F45A9C3AF
:105CF0003A341D8FCD2273C67BD3AA8DECDF45C904
:105D00002F144A8C780D21CCBA2CFB8AB23A04CFDE
:105D1000C350BE899EF5EED124B1938814CBE0D454
:105D2000EC7B7B87D746D9D74EDC7586A2F3D7DAD2
:105D3000A4FA82853A5BDCDD62FCA2848406E6E09C
:105D40001104D683957DF4E34E311C83C34707E7E6
:105D5000C0A07582BBEB1DEA166CE28191EF37EDB6
:105D600003AA6281D4D854F03C6EF680A12C74F35F
:105D700070C99D80B66F95F64CC958808326B8F9D6
:105D80007278278041D5DBFC7DDE0980FFFFFF7F35
:105D9000000000005A88FD7F1F1D92018221F67FBE
:105DA000BF2A2403C0CBE97F5D19B6048D87D87F55
:105DB0007CD947069655C27F9E5BD907B436A77F2C
:105DC00049906A09F32B877F0568FB0A8F36627F4B
:105DD0005ED38B0CF557387FE3C21B0EC391097F4E
:105DE0002B27AB0FC6E5D57ECEF03911FC559D7E35
:105DF0006E10C81293E45F7EB1765514E9931D7E50
:105E00004414E2158E66D67DDED96D173F5F8A7D1C
:105E10003CB8F818EC80397D25A0821AB1CEE37C1D
:105E20006A820B1CDD4B897CE54F931DEEFB297CC0
:105E30007BF9191F8FE2C57B1C709F209D035D7B42
:105E4000C5A423222363EF7A7E88A6235B057D7A8F
:105E50005D0C2825ADEE057A8521A826B1238A7927
:105E600028B926282CA9097984C4A3291384847805
:105E7000EB341F2B88B9FA77BAFB982CDB4E6C7782
:105E8000620A112E8849D9766252872F3CAF41763B
:105E90004DC5FB30CF85A575C7546E3245D304750B
:105EA00087F2DE33D19D5F7456904D35D0EBB573DC
:105EB0001320BA36D0C30773B0932438842C55729C
:105EC00032DD8C39D22C9E71B7EEF23AC6CBE2703D
:105ED00070BA563C99102370A532B83DB1025F6F7D
:105EE000B749173F9CA9966E1DF27340140DCA6DF9
:105EF000641ECE41FB34F96C35C125436029246C06
:105F000050CD7A4478F24A6B8F35CD45A4986D6AAE
:105F1000E6EC1C476C248C6964E66948819EA6689F
:105F20003315B449BC0FBD67976CFB4A1F81CF6620
:105F3000F3DF3F4CD3FBDD65C462814D2689E86405
:105F4000A4E8BF4E8F32EF634D65FB4FAC01F262A8
:105F500094CC33513E00F1616E1269523038EC60DE
:105F6000EF2A9B538DB3E35F4A0ACA54897CD75EFC
:105F7000D2A4F5557C9DC75DF9EE1D57DF20B45CBA
:105F800054DD425853119D5B976464599A79825A43
:105F90009A79825A9764645953119D5B54DD425833
:105FA000DF20B45CF9EE1D577C9DC75DD2A4F5558A
:105FB000897CD75E4A0ACA548DB3E35FEF2A9B53AC
:105FC0003038EC606E1269523E00F16194CC33516E
:105FD000AC01F2624D65FB4F8F32EF63A4E8BF4E18
:105FE0002689E864C462814DD3FBDD65F3DF3F4C55
:105FF0001F81CF66976CFB4ABC0FBD673315B44950
:10600000819EA66864E669486C248C69E6EC1C47AE
:10601000A4986D6A8F35CD4578F24A6B50CD7A449D
:106020006029246C35C12543FB34F96C641ECE41D4
:10603000140DCA6D1DF273409CA9966EB749173FA7
:10604000B1025F6FA532B83D9910237070BA563C0B
:10605000C6CBE270B7EEF23AD22C9E7132DD8C39AB
:10606000842C5572B0932438D0C307731320BA36EA
:10607000D0EBB57356904D35D19D5F7487F2DE330A
:1060800045D30475C7546E32CF85A5754DC5FB3019
:106090003CAF41766252872F8849D976620A112E29
:1060A000DB4E6C77BAFB982C88B9FA77EB341F2B50
:1060B0001384847884C4A3292CA9097928B92628B3
:1060C000B1238A798521A826ADEE057A5D0C2825B5
:1060D0005B057D7A7E88A6232363EF7AC5A42322FD
:1060E0009D035D7B1C709F208FE2C57B7BF9191F90
:1060F000EEFB297CE54F931DDD4B897C6A820B1CEE
:10610000B1CEE37C25A0821AEC80397D3CB8F8182A
:106110003F5F8A7DDED96D178E66D67D4414E21509
:10612000E9931D7EB176551493E45F7E6E10C8121C
:10613000FC559D7ECEF03911C6E5D57E2B27AB0FE1
:10614000C391097FE3C21B0EF557387F5ED38B0CDA
:106150008F36627F0568FB0AF32B877F49906A09B7
:10616000B436A77F9E5BD9079655C27F7CD9470678
:106170008D87D87F5D19B604C0CBE97FBF2A240381
:106180008221F67F1F1D92015A88FD7F00000000CA
:10619000FFFFFF7FE0E26DFE5A88FD7F41D5DBFC0B
:1061A0008221F67FA2E649FBC0CBE97F8326B8F9BE
:1061B0008D87D87F61A426F89655C27FB66F95F675
:1061C000B436A77FFA9704F5F32B877FA12C74F3DD
:1061D0008F36627F1C3DE4F1F557387FD4D854F0F8
:1061E000C391097F310FC6EEC6E5D57E91EF37ED3D
:1061F000FC559D7E4E89AAEB93E45F7EBBEB1DEAC6
:10620000E9931D7E212692E88E66D67DC34707E777
:106210003F5F8A7DDA5F7DE5EC80397D957DF4E333
:10622000B1CEE37C1AB06CE2DD4B897C8406E6E0FB
:10623000EEFB297CE38F60DF8FE2C57B3A5BDCDD20
:106240009D035D7B817759DC2363EF7AA2F3D7DA74
:106250005B057D7A7ADE57D9ADEE057AD746D9D778
:10626000B1238A797B3B5CD62CA9097914CBE0D485
:1062700013848478450467D388B9FA779EF5EED104
:10628000DB4E6C779DAD78D08849D976B23A04CF91
:106290003CAF417638AB91CDCF85A575780D21CC3B
:1062A00045D30475A96FB2CAD19D5F74ECDF45C9AF
:1062B000D0EBB573506CDBC7D0C30773CD2273C668
:1062C000842C557248110DC5D22C9E718F45A9C3DF
:1062D000C6CBE2705ACD47C29910237048B6E8C0C9
:1062E000B1025F6FE20D8CBF9CA9966E9BE131BE3F
:1062F000140DCA6DCA3EDABCFB34F96CAF3285BBF3
:106300006029246C70CA32BA78F24A6B1913E3B868
:10631000A4986D6A9B1996B76C248C69CCEA4BB62D
:10632000819EA668689304B5BC0FBD670C20C0B3FE
:106330001F81CF663B9D7EB2D3FBDD655B1740B10D
:106340002689E864B29A04B08F32EF636B33CCAE27
:10635000AC01F26291ED96AD3E00F16110D564ACF6
:106360003038EC60B5F535AB8DB3E35F2D5B0AAA31
:10637000897CD75E0611E2A87C9DC75DAB22BDA7D4
:10638000DF20B45C689B9BA653119D5B66867DA550
:106390009A79825AACEE62A49764645920DF4BA3C9
:1063A00054DD4258836238A2F9EE1D57768328A146
:1063B000D2A4F555724C1CA04A0ACA54D0C7139FE8
:1063C000EF2A9B53C1FF0E9E6E12695253FE0D9D24
:1063D00094CC335170CD109C4D65FB4FD976179BF3
:1063E000A4E8BF4E2C04229AC462814DE07E30990D
:1063F000F3DF3F4C43F04298976CFB4A7E6159971C
:106400003315B44994DB739664E669485B679295EB
:10641000E6EC1C47870DB5948F35CD459FD6DB93B1
:1064200050CD7A4404CB069335C12543EBF2359227
:10643000641ECE41635669911DF273404EFDA090DB
:10644000B749173F66EFDC8FA532B83D3A341D8F50
:1064500070BA563C2DD3618EB7EEF23A7BD3AA8D3B
:1064600032DD8C39303CF88CB09324382F144A8CB0
:106470001320BA362F62A08B56904D35BA2CFB8A6A
:1064800087F2DE33307A5A8AC7546E32C350BE89DF
:106490004DC5FB3077B626896252872F24B1938889
:1064A000620A112E77460588BAFB982CEC7B7B8715
:1064B000EB341F2BD356F68684C4A3294EDC758695
:1064C00028B926285211FA858521A826A4FA8285A2
:1064D0005D0C2825DC9C10857E88A62362FCA284A6
:1064E000C5A42322701D3A841C709F201104D683FA
:1064F0007BF9191F22B47683E54F931D4E311C831F
:106500006A820B1C137FC68225A0821AC0A07582E6
:106510003CB8F81871992982DED96D17166CE281A2
:106520004414E2156C1BA081B176551403AA628154
:106530006E10C812391A2A81CEF039113C6EF680DD
:106540002B27AB0F0AA8C780E3C21B0E70C99D8022
:106550005ED38B0C0DD478800568FB0A4CC958803B
:1065600049906A0969AA3D809E5BD90772782780A5
:106570007CD94706403416805D19B6047DDE09805B
:10658000BF2A2403A57702801F1D9201000000800E
:1065900000000000A5770280E0E26DFE7DDE09804C
:1065A00041D5DBFC40341680A2E649FB7278278097
:1065B0008326B8F969AA3D8061A426F84CC95880A1
:1065C000B66F95F60DD47880FA9704F570C99D8062
:1065D000A12C74F30AA8C7801C3DE4F13C6EF68040
:1065E000D4D854F0391A2A81310FC6EE03AA628139
:1065F00091EF37ED6C1BA0814E89AAEB166CE281FE
:10660000BBEB1DEA71992982212692E8C0A0758210
:10661000C34707E7137FC682DA5F7DE54E311C83EF
:10662000957DF4E322B476831AB06CE21104D6832C
:106630008406E6E0701D3A84E38F60DF62FCA2848A
:106640003A5BDCDDDC9C1085817759DCA4FA82851D
:10665000A2F3D7DA5211FA857ADE57D94EDC758665
:10666000D746D9D7D356F6867B3B5CD6EC7B7B8767
:1066700014CBE0D477460588450467D324B19388CA
:106680009EF5EED177B626899DAD78D0C350BE89F0
:10669000B23A04CF307A5A8A38AB91CDBA2CFB8A01
:1066A000780D21CC2F62A08BA96FB2CA2F144A8C0F
:1066B000ECDF45C9303CF88C506CDBC77BD3AA8D2E
:1066C000CD2273C62DD3618E48110DC53A341D8F6E
:1066D0008F45A9C366EFDC8F5ACD47C24EFDA0900F
:1066E00048B6E8C063566991E20D8CBFEBF2359273
:1066F0009BE131BE04CB0693CA3EDABC9FD6DB9346
:10670000AF3285BB870DB59470CA32BA5B6792957C
:106710001913E3B894DB73969B1996B77E6159976A
:10672000CCEA4BB643F04298689304B5E07E3099CA
:106730000C20C0B32C04229A3B9D7EB2D976179BC5
:106740005B1740B170CD109CB29A04B053FE0D9D02
:106750006B33CCAEC1FF0E9E91ED96ADD0C7139FAB
:1067600010D564AC724C1CA0B5F535AB768328A16E
:106770002D5B0AAA836238A20611E2A820DF4BA390
:10678000AB22BDA7ACEE62A4689B9BA666867DA5E6
:1067900066867DA5689B9BA6ACEE62A4AB22BDA7D6
:1067A00020DF4BA30611E2A8836238A22D5B0AAA60
:1067B000768328A1B5F535AB724C1CA010D564AC1E
:1067C000D0C7139F91ED96ADC1FF0E9E6B33CCAE3B
:1067D00053FE0D9DB29A04B070CD109C5B1740B172
:1067E000D976179B3B9D7EB22C04229A0C20C0B315
:1067F000E07E3099689304B543F04298CCEA4BB6FA
:106800007E6159979B1996B794DB73961913E3B879
:106810005B67929570CA32BA870DB594AF3285BB6B
:106820009FD6DB93CA3EDABC04CB06939BE131BE14
:10683000EBF23592E20D8CBF6356699148B6E8C021
:106840004EFDA0905ACD47C266EFDC8F8F45A9C39D
:106850003A341D8F48110DC52DD3618ECD2273C6DC
:106860007BD3AA8D506CDBC7303CF88CECDF45C97C
:106870002F144A8CA96FB2CA2F62A08B780D21CC3D
:10688000BA2CFB8A38AB91CD307A5A8AB23A04CF0F
:10689000C350BE899DAD78D077B626899EF5EED1DE
:1068A00024B19388450467D37746058814CBE0D498
:1068B000EC7B7B877B3B5CD6D356F686D746D9D715
:1068C0004EDC75867ADE57D95211FA85A2F3D7DAF3
:1068D000A4FA8285817759DCDC9C10853A5BDCDD8B
:1068E00062FCA284E38F60DF701D3A848406E6E0D8
:1068F0001104D6831AB06CE222B47683957DF4E35A
:106900004E311C83DA5F7DE5137FC682C34707E7FC
:10691000C0A07582212692E871992982BBEB1DEAFD
:10692000166CE2814E89AAEB6C1BA08191EF37EDCA
:1069300003AA6281310FC6EE391A2A81D4D854F0E5
:106940003C6EF6801C3DE4F10AA8C780A12C74F3CC
:1069500070C99D80FA9704F50DD47880B66F95F6CE
:106960004CC9588061A426F869AA3D808326B8F9ED
:1069700072782780A2E649FB4034168041D5DBFCC3
:106980007DDE0980E0E26DFEA5770280FFFFFF7FDC
:10699000000000001662FF7F880FC9005A88FD7F43
:1069A0001F1D9201D172FA7FD7265B028221F67FEA
:1069B000BF2A24037794F07FE626ED03C0CBE97F5E
:1069C0005D19B6046BC7E17F34007F058D87D87FE2
:1069D0007CD947063E0CCE7F44A310079655C27F54
:1069E0009E5BD907B263B57F9A00A208B436A77F31
:1069F00049906A09BCCE977FBC08330AF32B877F86
:106A00000568FB0A7F4E757F35ACC30B8F36627FFE
:106A10005ED38B0C50E44D7F92DB530DF557387FDE
:106A2000E3C21B0EB491217F6587E30EC391097FFA
:106A30002B27AB0F5F58F07E47A07210C6E5D57EBE
:106A4000CEF03911393ABA7ED4160112FC559D7E2A
:106A50006E10C81256397F7EB0DB8E1393E45F7ED2
:106A6000B1765514FE573F7E85DF1B15E9931D7ED9
:106A70004414E215A798FA7D0513A8168E66D67DF4
:106A8000DED96D17F7FDB07DE86633183F5F8A7D6C
:106A90003CB8F818C58A627DF2CBBD19EC80397D0F
:106AA00025A0821A18420F7DEF32471BB1CEE37C3E
:106AB0006A820B1C2427B77CB38CCF1CDD4B897CEE
:106AC000E54F931D4F3D5A7C1ECA561EEEFB297C96
:106AD0007BF9191F3088F87B1ADCDC1F8FE2C57B3D
:106AE0001C709F20890B927B9FB361219D035D7B6E
:106AF000C5A423224FCB267BAE41E5222363EF7A48
:106B00007E88A623A3CBB67A577767245B057D7A68
:106B10005D0C2825D810427AB545E825ADEE057AFA
:106B20008521A8266D9FC879F49D6727B1238A79AE
:106B300028B92628117C4A794A71E5282CA90979B7
:106B400084C4A329A1ABC77801B1612A13848478D6
:106B5000EB341F2B283340786F4EDC2B88B9FA7743
:106B6000BAFB982CDF17B477FB3A552DDB4E6C77C8
:106B7000620A112E2D5F23771E68CC2E8849D976A4
:106B80006252872FA50E8E7660C741303CAF4176AA
:106B90004DC5FB300A2CF4755D4AB531CF85A5751E
:106BA000C7546E324BBD5575C2E2263345D30475CA
:106BB00087F2DE3383C8B2744F829634D19D5F74FE
:106BC00056904D35FA530B74D91A0436D0EBB57381
:106BD0001320BA3626665F73469E6F37D0C307739D
:106BE000B0932438A605AF7293FED838842C557222
:106BF00032DD8C394839FA71D12D403AD22C9E7150
:106C0000B7EEF23A04084171291EA53BC6CBE270EB
:106C100070BA563CFE788370D5C1073D9910237039
:106C2000A532B83D8593C16F2C0B683EB1025F6FF2
:106C3000B749173F125FFB6E97ECC53F9CA9966E54
:106C40001DF2734049E3306E9A582141140DCA6D0C
:106C5000641ECE41FA27626DD0417A42FB34F96C52
:106C600035C125431C358F6CEC9AD0436029246CC8
:106C700050CD7A44D012B86BBC56244578F24A6B9A
:106C80008F35CD4564C9DC6A27687546A4986D6A5E
:106C9000E6EC1C474A61FD692EC2C3476C248C692F
:106CA00064E6694820E31969EE570F49819EA6689A
:106CB0003315B449AA5732689D1C584ABC0FBD67AA
:106CC000976CFB4AD7C746678F039E4B1F81CF66E1
:106CD000F3DF3F4CBB3C57663400E14CD3FBDD6532
:106CE000C462814D92BF63651706214E2689E86410
:106CF000A4E8BF4EBF596C64E3085E4F8F32EF6368
:106D00004D65FB4FCC1471635EFC9750AC01F26291
:106D100094CC335169FA71626ED4CE513E00F16168
:106D20006E1269526B146F61178502533038EC6034
:106D3000EF2A9B53CE6C68607D0233548DB3E35FC2
:106D40004A0ACA54B30D5E5FE2406055897CD75E43
:106D5000D2A4F5555D01505EA9348A567C9DC75D6D
:106D6000F9EE1D5736523E5D56D2B057DF20B45C67
:106D700054DD4258CC0A295C8C0ED45853119D5BCB
:106D800097646459CF35105B12DEF3599A79825AB1
:106D90009A79825A12DEF359CF35105B97646459A1
:106DA00053119D5B8C0ED458CC0A295C54DD42589B
:106DB000DF20B45C56D2B05736523E5DF9EE1D5717
:106DC0007C9DC75DA9348A565D01505ED2A4F555FD
:106DD000897CD75EE2406055B30D5E5F4A0ACA54B3
:106DE0008DB3E35F7D023354CE6C6860EF2A9B5312
:106DF0003038EC60178502536B146F616E12695264
:106E00003E00F1616ED4CE5169FA716294CC335177
:106E1000AC01F2625EFC9750CC1471634D65FB4F80
:106E20008F32EF63E3085E4FBF596C64A4E8BF4E36
:106E30002689E8641706214E92BF6365C462814DBE
:106E4000D3FBDD653400E14CBB3C5766F3DF3F4CC0
:106E50001F81CF668F039E4BD7C74667976CFB4A4F
:106E6000BC0FBD679D1C584AAA5732683315B449F8
:106E7000819EA668EE570F4920E3196964E66948C8
:106E80006C248C692EC2C3474A61FD69E6EC1C473D
:106E9000A4986D6A2768754664C9DC6A8F35CD454C
:106EA00078F24A6BBC562445D012B86B50CD7A4468
:106EB0006029246CEC9AD0431C358F6C35C1254376
:106EC000FB34F96CD0417A42FA27626D641ECE41E0
:106ED000140DCA6D9A58214149E3306E1DF273407A
:106EE0009CA9966E97ECC53F125FFB6EB749173FA2
:106EF000B1025F6F2C0B683E8593C16FA532B83D20
:106F000099102370D5C1073DFE78837070BA563C46
:106F1000C6CBE270291EA53B04084171B7EEF23AD8
:106F2000D22C9E71D12D403A4839FA7132DD8C391C
:106F3000842C557293FED838A605AF72B0932438CE
:106F4000D0C30773469E6F3726665F731320BA3629
:106F5000D0EBB573D91A0436FA530B7456904D35ED
:106F6000D19D5F744F82963483C8B27487F2DE334A
:106F700045D30475C2E226334BBD5575C7546E32F6
:106F8000CF85A5755D4AB5310A2CF4754DC5FB302A
:106F90003CAF417660C74130A50E8E766252872F96
:106FA0008849D9761E68CC2E2D5F2377620A112E70
:106FB000DB4E6C77FB3A552DDF17B477BAFB982C74
:106FC00088B9FA776F4EDC2B28334078EB341F2BCF
:106FD0001384847801B1612AA1ABC77884C4A32942
:106FE0002CA909794A71E528117C4A7928B9262803
:106FF000B1238A79F49D67276D9FC8798521A826DA
:10700000ADEE057AB545E825D810427A5D0C282505
:107010005B057D7A57776724A3CBB67A7E88A62353
:107020002363EF7AAE41E5224FCB267BC5A4232212
:107030009D035D7B9FB36121890B927B1C709F2018
:107040008FE2C57B1ADCDC1F3088F87B7BF9191FC7
:10705000EEFB297C1ECA561E4F3D5A7CE54F931D00
:10706000DD4B897CB38CCF1C2427B77C6A820B1C38
:10707000B1CEE37CEF32471B18420F7D25A0821A68
:10708000EC80397DF2CBBD19C58A627D3CB8F81819
:107090003F5F8A7DE8663318F7FDB07DDED96D1756
:1070A0008E66D67D0513A816A798FA7D4414E215BE
:1070B000E9931D7E85DF1B15FE573F7EB176551483
:1070C00093E45F7EB0DB8E1356397F7E6E10C8125C
:1070D000FC559D7ED4160112393ABA7ECEF0391194
:1070E000C6E5D57E47A072105F58F07E2B27AB0F08
:1070F000C391097F6587E30EB491217FE3C21B0E24
:10710000F557387F92DB530D50E44D7F5ED38B0CE7
:107110008F36627F35ACC30B7F4E757F0568FB0AE7
:10712000F32B877FBC08330ABCCE977F49906A094E
:10713000B436A77F9A00A208B263B57F9E5BD907D9
:107140009655C27F44A310073E0CCE7F7CD94706DC
:107150008D87D87F34007F056BC7E17F5D19B6044A
:10716000C0CBE97FE626ED037794F07FBF2A2403A6
:107170008221F67FD7265B02D172FA7F1F1D920112
:107180005A88FD7F880FC9001662FF7F000000004B
:10719000FFFFFF7F78F036FF1662FF7FE0E26DFEB3
:1071A0005A88FD7F28D9A4FDD172FA7F41D5DBFC36
:1071B0008221F67F19D912FC7794F07FA2E649FB71
:1071C000C0CBE97FCBFF80FA6BC7E17F8326B8F99C
:1071D0008D87D87FBB5CEFF83E0CCE7F61A426F88C
:1071E0009655C27F65FF5DF7B263B57FB66F95F6C2
:1071F000B436A77F43F7CCF5BCCE977FFA9704F55A
:10720000F32B877FCA533CF47F4E757FA12C74F318
:107210008F36627F6D24ACF250E44D7F1C3DE4F16B
:10722000F557387F9A781CF1B491217FD4D854F067
:10723000C391097FB85F8DEF5F58F07E310FC6EEC6
:10724000C6E5D57E2BE9FEED393ABA7E91EF37EDF2
:10725000FC559D7E4F2471EC56397F7E4E89AAEBFA
:1072600093E45F7E7A20E4EAFE573F7EBBEB1DEAA3
:10727000E9931D7EFBEC57E9A798FA7D212692E859
:107280008E66D67D1799CCE7F7FDB07DC34707E73B
:107290003F5F8A7D0D3442E6C58A627DDA5F7DE517
:1072A000EC80397D10CDB8E418420F7D957DF4E374
:1072B000B1CEE37C4C7330E32427B77C1AB06CE288
:1072C000DD4B897CE135A9E14F3D5A7C8406E6E03F
:1072D000EEFB297CE52323E03088F87BE38F60DF39
:1072E0008FE2C57B604C9EDE890B927B3A5BDCDDD6
:1072F0009D035D7B51BE1ADD4FCB267B817759DC28
:107300002363EF7AA88898DBA3CBB67AA2F3D7DA07
:107310005B057D7A4ABA17DAD810427A7ADE57D9F5
:10732000ADEE057A0C6298D86D9FC879D746D9D74B
:10733000B1238A79B58E1AD7117C4A797B3B5CD60A
:107340002CA90979FE4E9ED5A1ABC77814CBE0D409
:107350001384847890B123D428334078450467D3CC
:1073600088B9FA7704C5AAD2DF17B4779EF5EED1B3
:10737000DB4E6C77E19733D12D5F23779DAD78D0CD
:107380008849D9769F38BECFA50E8E76B23A04CF03
:107390003CAF4176A2B54ACE0A2CF47538AB91CDFC
:1073A000CF85A5753D1DD9CC4BBD5575780D21CC2C
:1073B00045D30475B07D69CB83C8B274A96FB2CAD6
:1073C000D19D5F7427E5FBC9FA530B74ECDF45C907
:1073D000D0EBB573BA6190C826665F73506CDBC79B
:1073E000D0C307736C0127C7A605AF72CD2273C641
:1073F000842C55722ED2BFC54839FA7148110DC57B
:10740000D22C9E71D7E15AC4040841718F45A9C39B
:10741000C6CBE2702A3EF8C2FE7883705ACD47C2CE
:1074200099102370D3F497C18593C16F48B6E8C013
:10743000B1025F6F68133AC0125FFB6EE20D8CBF42
:107440009CA9966E65A7DEBE49E3306E9BE131BE16
:10745000140DCA6D2FBE85BDFA27626DCA3EDABC17
:10746000FB34F96C13652FBC1C358F6CAF3285BBB8
:107470006029246C43A9DBBAD012B86B70CA32BA47
:1074800078F24A6BD8978AB964C9DC6A1913E3B8F1
:10749000A4986D6AD13D3CB84A61FD699B1996B7C5
:1074A0006C248C6911A8F0B620E31969CCEA4BB6BC
:1074B000819EA66862E3A7B5AA573268689304B5AF
:1074C000BC0FBD6770FC61B4D7C746670C20C0B362
:1074D0001F81CF66CBFF1EB3BB3C57663B9D7EB280
:1074E000D3FBDD65E8F9DEB192BF63655B1740B1A0
:1074F0002689E8641CF7A1B0BF596C64B29A04B045
:107500008F32EF63A10368AFCC1471636B33CCAEE1
:10751000AC01F262912B31AE69FA716291ED96ADD8
:107520003E00F161E87AFDAC6B146F6110D564AC7C
:107530003038EC6082FDCCABCE6C6860B5F535AB15
:107540008DB3E35F1DBF9FAAB30D5E5F2D5B0AAADB
:10755000897CD75E56CB75A95D01505E0611E2A805
:107560007C9DC75DA92D4FA836523E5DAB22BDA7BD
:10757000DF20B45C73F12BA7CC0A295C689B9BA627
:1075800053119D5BED210CA6CF35105B66867DA562
:107590009A79825A31CAEFA412DEF359ACEE62A492
:1075A0009764645933F5D6A38C0ED45820DF4BA3CF
:1075B00054DD4258C9ADC1A256D2B057836238A239
:1075C000F9EE1D57A2FEAFA1A9348A56768328A1F1
:1075D000D2A4F5554CF2A1A0E2406055724C1CA01B
:1075E0004A0ACA543193979F7D023354D0C7139FE0
:1075F000EF2A9B5394EB909E17850253C1FF0E9E7A
:107600006E12695296058E9D6ED4CE5153FE0D9D1D
:1076100094CC335133EB8E9C5EFC975070CD109C14
:107620004D65FB4F40A6939BE3085E4FD976179BB1
:10763000A4E8BF4E6D409C9A1706214E2C04229A56
:10764000C462814D44C3A8993400E14CE07E309976
:10765000F3DF3F4C2838B9988F039E4B43F0429894
:10766000976CFB4A55A8CD979D1C584A7E61599747
:107670003315B449DF1CE696EE570F4994DB739639
:1076800064E66948B59E02962EC2C3475B67929531
:10769000E6EC1C479B36239527687546870DB59405
:1076A0008F35CD452FED4794BC5624459FD6DB93AF
:1076B00050CD7A44E4CA7093EC9AD04304CB06933D
:1076C00035C1254305D89D92D0417A42EBF23592DF
:1076D000641ECE41B61CCF919A58214163566991E0
:1076E0001DF27340EDA0049197ECC53F4EFDA090B4
:1076F000B749173F7A6C3E902C0B683E66EFDC8FE3
:10770000A532B83D01877C8FD5C1073D3A341D8F26
:1077100070BA563CFBF7BE8E291EA53B2DD3618E59
:10772000B7EEF23AB7C6058ED12D403A7BD3AA8D7B
:1077300032DD8C3959FA508D93FED838303CF88CB4
:10774000B0932438D999A08C469E6F372F144A8C59
:107750001320BA3605ACF48BD91A04362F62A08BED
:1077600056904D357C374D8B4F829634BA2CFB8A20
:1077700087F2DE33B442AA8AC2E22633307A5A8ACA
:10778000C7546E32F5D30B8A5D4AB531C350BE89FA
:107790004DC5FB305AF1718960C7413077B62689F3
:1077A0006252872FD3A0DC881E68CC2E24B1938828
:1077B000620A112E20E84B88FB3A552D7746058842
:1077C000BAFB982CD7CCBF876F4EDC2BEC7B7B872A
:1077D000EB341F2B5E54388701B1612AD356F686ED
:1077E00084C4A329EE83B5864A71E5284EDC7586EC
:1077F00028B9262892603786F49D67275211FA85AA
:107800008521A82627EFBD85B545E825A4FA828500
:107810005D0C28255C34498557776724DC9C1085EE
:107820007E88A623B034D984AE41E52262FCA284CE
:10783000C5A4232276F46D849FB36121701D3A8420
:107840001C709F20CF7707841ADCDC1F1104D683BD
:107850007BF9191FB0C2A5831ECA561E22B47683B7
:10786000E54F931DDBD84883B38CCF1C4E311C836E
:107870006A820B1CE8BDF082EF32471B137FC68281
:1078800025A0821A3A759D82F2CBBD19C0A07582DF
:107890003CB8F81808024F82E866331871992982BB
:1078A000DED96D17586705820513A816166CE2819C
:1078B0004414E21501A8C08185DF1B156C1BA08153
:1078C000B1765514A9C68081B0DB8E1303AA6281FC
:1078D0006E10C812C6C54581D4160112391A2A8104
:1078E000CEF03911A0A70F8147A072103C6EF68030
:1078F0002B27AB0F4C6EDE806587E30E0AA8C7808E
:10790000E3C21B0EAF1BB28092DB530D70C99D808A
:107910005ED38B0C80B18A8035ACC30B0DD47880DC
:107920000568FB0A43316880BC08330A4CC958809B
:1079300049906A094D9C4A809A00A20869AA3D8034
:107940009E5BD907C1F3318044A31007727827806A
:107950007CD9470694381E8034007F054034168059
:107960005D19B604886B0F80E626ED037DDE098085
:10797000BF2A24032E8D0580D7265B02A5770280BF
:107980001F1D9201E99D0080880FC9000000008042
:1079900000000000E99D008078F036FFA5770280A6
:1079A000E0E26DFE2E8D058028D9A4FD7DDE0980E4
:1079B00041D5DBFC886B0F8019D912FC403416804E
:1079C000A2E649FB94381E80CBFF80FA72782780AC
:1079D0008326B8F9C1F33180BB5CEFF869AA3D801A
:1079E00061A426F84D9C4A8065FF5DF74CC958801C
:1079F000B66F95F64331688043F7CCF50DD47880A7
:107A0000FA9704F580B18A80CA533CF470C99D800E
:107A1000A12C74F3AF1BB2806D24ACF20AA8C7800E
:107A20001C3DE4F14C6EDE809A781CF13C6EF680D1
:107A3000D4D854F0A0A70F81B85F8DEF391A2A81EE
:107A4000310FC6EEC6C545812BE9FEED03AA628162
:107A500091EF37EDA9C680814F2471EC6C1BA0819A
:107A60004E89AAEB01A8C0817A20E4EA166CE28173
:107A7000BBEB1DEA58670582FBEC57E97199298237
:107A8000212692E808024F821799CCE7C0A07582A0
:107A9000C34707E73A759D820D3442E6137FC682DD
:107AA000DA5F7DE5E8BDF08210CDB8E44E311C838D
:107AB000957DF4E3DBD848834C7330E322B47683BE
:107AC0001AB06CE2B0C2A583E135A9E11104D683F6
:107AD0008406E6E0CF770784E52323E0701D3A842F
:107AE000E38F60DF76F46D84604C9EDE62FCA284DE
:107AF0003A5BDCDDB034D98451BE1ADDDC9C1085E4
:107B0000817759DC5C344985A88898DBA4FA8285A2
:107B1000A2F3D7DA27EFBD854ABA17DA5211FA85F0
:107B20007ADE57D9926037860C6298D84EDC75861B
:107B3000D746D9D7EE83B586B58E1AD7D356F686F3
:107B40007B3B5CD65E543887FE4E9ED5EC7B7B87B4
:107B500014CBE0D4D7CCBF8790B123D47746058827
:107B6000450467D320E84B8804C5AAD224B1938882
:107B70009EF5EED1D3A0DC88E19733D177B6268984
:107B80009DAD78D05AF171899F38BECFC350BE8960
:107B9000B23A04CFF5D30B8AA2B54ACE307A5A8ACC
:107BA00038AB91CDB442AA8A3D1DD9CCBA2CFB8A00
:107BB000780D21CC7C374D8BB07D69CB2F62A08BAB
:107BC000A96FB2CA05ACF48B27E5FBC92F144A8C08
:107BD000ECDF45C9D999A08CBA6190C8303CF88CCB
:107BE000506CDBC759FA508D6C0127C77BD3AA8D27
:107BF000CD2273C6B7C6058E2ED2BFC52DD3618EDA
:107C000048110DC5FBF7BE8ED7E15AC43A341D8F1B
:107C10008F45A9C301877C8F2A3EF8C266EFDC8FAF
:107C20005ACD47C27A6C3E90D3F497C14EFDA090D6
:107C300048B6E8C0EDA0049168133AC06356699154
:107C4000E20D8CBFB61CCF9165A7DEBEEBF235927C
:107C50009BE131BE05D89D922FBE85BD04CB069316
:107C6000CA3EDABCE4CA709313652FBC9FD6DB937F
:107C7000AF3285BB2FED479443A9DBBA870DB5948E
:107C800070CA32BA9B362395D8978AB95B679295AA
:107C90001913E3B8B59E0296D13D3CB894DB7396B8
:107CA0009B1996B7DF1CE69611A8F0B67E6159972E
:107CB000CCEA4BB655A8CD9762E3A7B543F04298FE
:107CC000689304B52838B99870FC61B4E07E3099A7
:107CD0000C20C0B344C3A899CBFF1EB32C04229A36
:107CE0003B9D7EB26D409C9AE8F9DEB1D976179B38
:107CF0005B1740B140A6939B1CF7A1B070CD109CC0
:107D0000B29A04B033EB8E9CA10368AF53FE0D9D75
:107D10006B33CCAE96058E9D912B31AEC1FF0E9E7E
:107D200091ED96AD94EB909EE87AFDACD0C7139F91
:107D300010D564AC3193979F82FDCCAB724C1CA0E4
:107D4000B5F535AB4CF2A1A01DBF9FAA768328A143
:107D50002D5B0AAAA2FEAFA156CB75A9836238A2F9
:107D60000611E2A8C9ADC1A2A92D4FA820DF4BA3DF
:107D7000AB22BDA733F5D6A373F12BA7ACEE62A45B
:107D8000689B9BA631CAEFA4ED210CA666867DA553
:107D900066867DA5ED210CA631CAEFA4689B9BA643
:107DA000ACEE62A473F12BA733F5D6A3AB22BDA72B
:107DB00020DF4BA3A92D4FA8C9ADC1A20611E2A88F
:107DC000836238A256CB75A9A2FEAFA12D5B0AAA89
:107DD000768328A11DBF9FAA4CF2A1A0B5F535ABB3
:107DE000724C1CA082FDCCAB3193979F10D564AC34
:107DF000D0C7139FE87AFDAC94EB909E91ED96ADC1
:107E0000C1FF0E9E912B31AE96058E9D6B33CCAE8D
:107E100053FE0D9DA10368AF33EB8E9CB29A04B064
:107E200070CD109C1CF7A1B040A6939B5B1740B18E
:107E3000D976179BE8F9DEB16D409C9A3B9D7EB2E6
:107E40002C04229ACBFF1EB344C3A8990C20C0B3C4
:107E5000E07E309970FC61B42838B998689304B515
:107E600043F0429862E3A7B555A8CD97CCEA4BB64C
:107E70007E61599711A8F0B6DF1CE6969B1996B75C
:107E800094DB7396D13D3CB8B59E02961913E3B8C6
:107E90005B679295D8978AB99B36239570CA32BA98
:107EA000870DB59443A9DBBA2FED4794AF3285BB5C
:107EB0009FD6DB9313652FBCE4CA7093CA3EDABC2D
:107EC00004CB06932FBE85BD05D89D929BE131BEA4
:107ED000EBF2359265A7DEBEB61CCF91E20D8CBFEA
:107EE0006356699168133AC0EDA0049148B6E8C0A2
:107EF0004EFDA090D3F497C17A6C3E905ACD47C204
:107F000066EFDC8F2A3EF8C201877C8F8F45A9C3BC
:107F10003A341D8FD7E15AC4FBF7BE8E48110DC508
:107F20002DD3618E2ED2BFC5B7C6058ECD2273C6A6
:107F30007BD3AA8D6C0127C759FA508D506CDBC7D3
:107F4000303CF88CBA6190C8D999A08CECDF45C957
:107F50002F144A8C27E5FBC905ACF48BA96FB2CA74
:107F60002F62A08BB07D69CB7C374D8B780D21CCF7
:107F7000BA2CFB8A3D1DD9CCB442AA8A38AB91CD2C
:107F8000307A5A8AA2B54ACEF5D30B8AB23A04CFD8
:107F9000C350BE899F38BECF5AF171899DAD78D04C
:107FA00077B62689E19733D1D3A0DC889EF5EED150
:107FB00024B1938804C5AAD220E84B88450467D32E
:107FC0007746058890B123D4D7CCBF8714CBE0D4B3
:107FD000EC7B7B87FE4E9ED55E5438877B3B5CD620
:107FE000D356F686B58E1AD7EE83B586D746D9D73F
:107FF0004EDC75860C6298D8926037867ADE57D947
:108000005211FA854ABA17DA27EFBD85A2F3D7DAFB
:10801000A4FA8285A88898DB5C344985817759DC8D
:10802000DC9C108551BE1ADDB034D9843A5BDCDDAE
:1080300062FCA284604C9EDE76F46D84E38F60DF88
:10804000701D3A84E52323E0CF7707848406E6E0B9
:108050001104D683E135A9E1B0C2A5831AB06CE260
:1080600022B476834C7330E3DBD84883957DF4E308
:108070004E311C8310CDB8E4E8BDF082DA5F7DE5B7
:10808000137FC6820D3442E63A759D82C34707E7E7
:10809000C0A075821799CCE708024F82212692E88A
:1080A00071992982FBEC57E958670582BBEB1DEA01
:1080B000166CE2817A20E4EA01A8C0814E89AAEB1D
:1080C0006C1BA0814F2471ECA9C6808191EF37ED24
:1080D00003AA62812BE9FEEDC6C54581310FC6EECC
:1080E000391A2A81B85F8DEFA0A70F81D4D854F038
:1080F0003C6EF6809A781CF14C6EDE801C3DE4F1FB
:108100000AA8C7806D24ACF2AF1BB280A12C74F317
:1081100070C99D80CA533CF480B18A80FA9704F5F7
:108120000DD4788043F7CCF543316880B66F95F66F
:108130004CC9588065FF5DF74D9C4A8061A426F8C4
:1081400069AA3D80BB5CEFF8C1F331808326B8F9A2
:1081500072782780CBFF80FA94381E80A2E649FB14
:108160004034168019D912FC886B0F8041D5DBFC96
:108170007DDE098028D9A4FD2E8D0580E0E26DFE0C
:10818000A577028078F036FFE99D0080FFFFFF7F32
:108190000000000085D8FF7FE38764001662FF7F40
:1081A000880FC900B29CFE7FB0962D015A88FD7FD2
:1081B0001F1D92010F25FC7F96A2F601D172FA7F56
:1081C000D7265B02A171F87FA4A9BF028221F67FA6
:1081D000BF2A24037382F37FE9A988037794F07F91
:1081E000E626ED039057ED7F76A15104C0CBE97FE1
:1081F0005D19B60408F1E57F5C8E1A056BC7E17F57
:1082000034007F05EC4EDD7FA96EE3058D87D87FB6
:108210007CD947065271D37F6F40AC063E0CCE7FAF
:1082200044A310075358C87FBE0175079655C27FF7
:108230009E5BD9070A04BC7FA7B03D08B263B57F37
:108240009A00A2089474AE7F3A4B0609B436A77F11
:1082500049906A0915AA9F7F89CFCE09BCCE977F26
:10826000BC08330AAFA48F7FA53B970AF32B877F07
:108270000568FB0A8B647E7F9F8D5F0B7F4E757F49
:1082800035ACC30BD4E96B7F89C3270C8F36627F73
:108290005ED38B0CB634587F75DBEF0C50E44D7F0A
:1082A00092DB530D6345437F76D3B70DF557387F87
:1082B000E3C21B0E0E1C2D7F9DA97F0EB491217F62
:1082C0006587E30EEEB8157FFE5B470FC391097F0C
:1082D0002B27AB0F3C1CFD7EADE80E105F58F07EE7
:1082E00047A072103546E37EBC4DD610C6E5D57E5C
:1082F000CEF039111A37C87E40899D11393ABA7EBD
:10830000D41601122CEFAB7E4E996412FC559D7E63
:108310006E10C812B16E8E7EF97B2B1356397F7E9C
:10832000B0DB8E13F3B56F7E572FF21393E45F7EAD
:10833000B17655143EC54F7E7FB1B814FE573F7ECF
:1083400085DF1B15DF9C2E7E86007F15E9931D7E41
:108350004414E215293D0C7E831A4516A798FA7D30
:108360000513A81670A6E87D8DFD0A178E66D67DCA
:10837000DED96D170DD9C37DBBA7D017F7FDB07D32
:10838000E86633185AD59D7D271796183F5F8A7D7A
:108390003CB8F818B59B767DE9495B19C58A627DC2
:1083A000F2CBBD197E2C4E7D1B3E201AEC80397D10
:1083B00025A0821A1A88247DD6F1E41A18420F7D6E
:1083C000EF32471BF0AEF97C3463A91BB1CEE37CDE
:1083D0006A820B1C68A1CD7C53906D1C2427B77C4E
:1083E000B38CCF1CF15FA07C4D77311DDD4B897CB8
:1083F000E54F931DF8EA717C3F16F51D4F3D5A7C01
:108400001ECA561EF242427C466BB81EEEFB297C09
:108410007BF9191F5368117C80747B1F3088F87BAF
:108420001ADCDC1F945BDF7B0D303E208FE2C57BC6
:108430001C709F20311DAC7B0B9C0021890B927B13
:108440009FB36121A8AD777B9CB6C2219D035D7B64
:10845000C5A423227A0D427BDF7D84224FCB267B6D
:10846000AE41E5222C3D0B7BF7EF45232363EF7AEA
:108470007E88A623453DD37A070B0724A3CBB67A83
:10848000577767244F0E9A7A32CDC7245B057D7AE1
:108490005D0C2825D8B05F7A9D348825D810427AA3
:1084A000B545E8256E25247A6C3F4826ADEE057A61
:1084B0008521A826A66CE779C6EB07276D9FC879AA
:1084C000F49D67271587A979D237C727B1238A7901
:1084D00028B9262854756A79B9218628117C4A79E9
:1084E0004A71E528FE372A79A2A744292CA90979DF
:1084F00084C4A329B1CFE878B8C7022AA1ABC77852
:1085000001B1612A103DA6782580C02A13848478A1
:10851000EB341F2BBF80627817CF7D2B2833407838
:108520006F4EDC2B649B1D78B9B23A2C88B9FA7770
:10853000BAFB982CAA8DD7773929F72CDF17B47797
:10854000FB3A552D3D589077C730B32DDB4E6C77F5
:10855000620A112ECEFB477792C76E2E2D5F2377CE
:108560001E68CC2E0E79FE76CCEB292F8849D97661
:108570006252872FB3D0B376A69BE42FA50E8E76DA
:1085800060C741307603687655D59E303CAF417662
:108590004DC5FB3011121B760D9758310A2CF4751E
:1085A0005D4AB53142FDCC7503DF1132CF85A5752B
:1085B000C7546E32CAC57D756FABCA324BBD557597
:1085C000C2E226336C6C2D7588FA823345D304756C
:1085D00087F2DE33EFF1DB7487CA3A3483C8B274B2
:1085E0004F8296341B578974A719F234D19D5F745A
:1085F00056904D35BD9C357424E6A835FA530B745E
:10860000D91A0436A3C3E0733B2E5F36D0EBB573A3
:108610001320BA369ECC8A732AF0143726665F730D
:10862000469E6F3783B83373302ACA37D0C3077377
:10863000B09324382888DB728EDA7E38A605AF72B4
:1086400093FED838663C827287FF3239842C55728B
:1086500032DD8C391CD627725D97E6394839FA71BC
:10866000D12D403A2656CC7157A0993AD22C9E7102
:10867000B7EEF23A68BD6F71BA184C3B040841710D
:10868000291EA53BC50C1271CDFEFD3BC6CBE27089
:1086900070BA563C2445B370DA50AF3CFE78837014
:1086A000D5C1073D716753702B0D603D9910237044
:1086B000A532B83D9674F26F0D32103E8593C16FAE
:1086C0002C0B683E846D906FCCBDBF3EB1025F6FD6
:1086D000B749173F2C532D6FB8AE6E3F125FFB6E3C
:1086E00097ECC53F8226C96E20031D409CA9966E5B
:1086F0001DF273407FE8636E57B9CA4049E3306E9C
:108700009A5821411B9AFD6DB0CF7741140DCA6D67
:10871000641ECE41543C966D80442442FA27626D1B
:10872000D0417A4227D02D6D1E16D042FB34F96C11
:1087300035C125439756C46CE1427B431C358F6C91
:10874000EC9AD043A9D0596C23C925446029246CE4
:1087500050CD7A44623FEE6B3FA7CF44D012B86B46
:10876000BC562445CDA3816B93DB784578F24A6BE8
:108770008F35CD45F5FE136B7C64214664C9DC6AF8
:1087800027687546E851A56A5C40C946A4986D6A99
:10879000E6EC1C47B99D356A936D70474A61FD69E7
:1087A0002EC2C3477AE3C46985EA16486C248C69F3
:1087B00064E669484224536998B5BC4820E31969C6
:1087C000EE570F492961E06832CD6149819EA66864
:1087D0003315B4494B9B6C68BD2F064AAA573268C3
:1087E0009D1C584AC4D3F767A1DBA94ABC0FBD67DB
:1087F000976CFB4AB60B82674DCF4C4BD7C7466789
:108800008F039E4B43440B672D09EF4B1F81CF66AF
:10881000F3DF3F4C907E9366B187904CBB3C57662C
:108820003400E14CC5BB1A664B49314DD3FBDD65C5
:10883000C462814D0BFDA0656E4CD14D92BF636546
:108840001706214E8E4326658F8F704E2689E86469
:10885000A4E8BF4E7F90AA6426110F4FBF596C64E5
:10886000E3085E4F0DE52D64ABCFAC4F8F32EF6365
:108870004D65FB4F6D42B06399C94950CC1471638B
:108880005EFC9750D4A931636CFDE550AC01F262F7
:1088900094CC33517B1CB262A469815169FA716234
:1088A0006ED4CE519D9B3162C10C1C523E00F161D1
:1088B0006E1269527628B06145E5B5526B146F614E
:1088C0001785025346C42D61B5F14E533038EC6024
:1088D000EF2A9B534F70AA609730E753CE6C6860C5
:1088E0007D023354D52D266073A07E548DB3E35F93
:1088F0004A0ACA541EFEA05FD43F1555B30D5E5FF1
:10890000E240605573E21A5F460DAB55897CD75E35
:10891000D2A4F5551FDC935E570740565D01505EAB
:10892000A9348A566EEC0B5E992CD4567C9DC75D9B
:10893000F9EE1D57B014835D9D7B675736523E5D3F
:1089400056D2B0573856F95CF7F2F957DF20B45CCD
:1089500054DD425858B26E5C3F918B58CC0A295C6A
:108960008C0ED458672AE35B0E551C5953119D5B3E
:1089700097646459BDBF565BFD3CAC59CF35105B65
:1089800012DEF359B473C95AAA473B5A9A79825AEC
:108990009A79825AAA473B5AB473C95A12DEF359DC
:1089A000CF35105BFD3CAC59BDBF565B9764645935
:1089B00053119D5B0E551C59672AE35B8C0ED458EE
:1089C000CC0A295C3F918B5858B26E5C54DD4258FA
:1089D000DF20B45CF7F2F9573856F95C56D2B0573D
:1089E00036523E5D9D7B6757B014835DF9EE1D578F
:1089F0007C9DC75D992CD4566EEC0B5EA9348A56CB
:108A00005D01505E570740561FDC935ED2A4F555BA
:108A1000897CD75E460DAB5573E21A5FE240605524
:108A2000B30D5E5FD43F15551EFEA05F4A0ACA54BF
:108A30008DB3E35F73A07E54D52D26607D02335441
:108A4000CE6C68609730E7534F70AA60EF2A9B5353
:108A50003038EC60B5F14E5346C42D611785025392
:108A60006B146F6145E5B5527628B0616E1269529C
:108A70003E00F161C10C1C529D9B31626ED4CE51FF
:108A800069FA7162A46981517B1CB26294CC335142
:108A9000AC01F2626CFDE550D4A931635EFC9750E5
:108AA000CC14716399C949506D42B0634D65FB4F59
:108AB0008F32EF63ABCFAC4F0DE52D64E3085E4F13
:108AC000BF596C6426110F4F7F90AA64A4E8BF4E73
:108AD0002689E8648F8F704E8E4326651706214ED7
:108AE00092BF63656E4CD14D0BFDA065C462814D94
:108AF000D3FBDD654B49314DC5BB1A663400E14CF3
:108B0000BB3C5766B187904C907E9366F3DF3F4C39
:108B10001F81CF662D09EF4B43440B678F039E4B9C
:108B2000D7C746674DCF4C4BB60B8267976CFB4A55
:108B3000BC0FBD67A1DBA94AC4D3F7679D1C584A87
:108B4000AA573268BD2F064A4B9B6C683315B4494F
:108B5000819EA66832CD61492961E068EE570F49D0
:108B600020E3196998B5BC484224536964E6694812
:108B70006C248C6985EA16487AE3C4692EC2C3471F
:108B80004A61FD69936D7047B99D356AE6EC1C47F3
:108B9000A4986D6A5C40C946E851A56A2768754685
:108BA00064C9DC6A7C642146F5FE136B8F35CD45C4
:108BB00078F24A6B93DB7845CDA3816BBC56244594
:108BC000D012B86B3FA7CF44623FEE6B50CD7A44D2
:108BD0006029246C23C92544A9D0596CEC9AD04350
:108BE0001C358F6CE1427B439756C46C35C12543DD
:108BF000FB34F96C1E16D04227D02D6DD0417A423D
:108C0000FA27626D80442442543C966D641ECE4126
:108C1000140DCA6DB0CF77411B9AFD6D9A58214152
:108C200049E3306E57B9CA407FE8636E1DF2734066
:108C30009CA9966E20031D408226C96E97ECC53F05
:108C4000125FFB6EB8AE6E3F2C532D6FB749173FC6
:108C5000B1025F6FCCBDBF3E846D906F2C0B683E40
:108C60008593C16F0D32103E9674F26FA532B83DF8
:108C7000991023702B0D603D71675370D5C1073D6E
:108C8000FE788370DA50AF3C2445B37070BA563C1E
:108C9000C6CBE270CDFEFD3BC50C1271291EA53B73
:108CA00004084171BA184C3B68BD6F71B7EEF23AD7
:108CB000D22C9E7157A0993A2656CC71D12D403AAC
:108CC0004839FA715D97E6391CD6277232DD8C3946
:108CD000842C557287FF3239663C827293FED838F5
:108CE000A605AF728EDA7E382888DB72B0932438FE
:108CF000D0C30773302ACA3783B83373469E6F37A1
:108D000026665F732AF014379ECC8A731320BA3616
:108D1000D0EBB5733B2E5F36A3C3E073D91A04368C
:108D2000FA530B7424E6A835BD9C357456904D3526
:108D3000D19D5F74A719F2341B5789744F82963402
:108D400083C8B27487CA3A34EFF1DB7487F2DE333A
:108D500045D3047588FA82336C6C2D75C2E22633D4
:108D60004BBD55756FABCA32CAC57D75C7546E32DF
:108D7000CF85A57503DF113242FDCC755D4AB53153
:108D80000A2CF4750D97583111121B764DC5FB3026
:108D90003CAF417655D59E307603687660C741304A
:108DA000A50E8E76A69BE42FB3D0B3766252872FA2
:108DB0008849D976CCEB292F0E79FE761E68CC2E09
:108DC0002D5F237792C76E2ECEFB4777620A112E56
:108DD000DB4E6C77C730B32D3D589077FB3A552D5D
:108DE000DF17B4773929F72CAA8DD777BAFB982CDF
:108DF00088B9FA77B9B23A2C649B1D786F4EDC2B98
:108E00002833407817CF7D2BBF806278EB341F2B3F
:108E1000138484782580C02A103DA67801B1612A88
:108E2000A1ABC778B8C7022AB1CFE87884C4A32918
:108E30002CA90979A2A74429FE372A794A71E52885
:108E4000117C4A79B921862854756A7928B926286F
:108E5000B1238A79D237C7271587A979F49D672767
:108E60006D9FC879C6EB0727A66CE7798521A826F0
:108E7000ADEE057A6C3F48266E25247AB545E82587
:108E8000D810427A9D348825D8B05F7A5D0C2825A9
:108E90005B057D7A32CDC7244F0E9A7A57776724C7
:108EA000A3CBB67A070B0724453DD37A7E88A62349
:108EB0002363EF7AF7EF45232C3D0B7BAE41E52290
:108EC0004FCB267BDF7D84227A0D427BC5A42322F3
:108ED0009D035D7B9CB6C221A8AD777B9FB36121CA
:108EE000890B927B0B9C0021311DAC7B1C709F2059
:108EF0008FE2C57B0D303E20945BDF7B1ADCDC1FEC
:108F00003088F87B80747B1F5368117C7BF9191FB4
:108F1000EEFB297C466BB81EF242427C1ECA561EEE
:108F20004F3D5A7C3F16F51DF8EA717CE54F931DC5
:108F3000DD4B897C4D77311DF15FA07CB38CCF1C5C
:108F40002427B77C53906D1C68A1CD7C6A820B1CD2
:108F5000B1CEE37C3463A91BF0AEF97CEF32471B42
:108F600018420F7DD6F1E41A1A88247D25A0821AB2
:108F7000EC80397D1B3E201A7E2C4E7DF2CBBD1934
:108F8000C58A627DE9495B19B59B767D3CB8F818C6
:108F90003F5F8A7D271796185AD59D7DE86633185E
:108FA000F7FDB07DBBA7D0170DD9C37DDED96D17F6
:108FB0008E66D67D8DFD0A1770A6E87D0513A8166E
:108FC000A798FA7D831A4516293D0C7E4414E215B4
:108FD000E9931D7E86007F15DF9C2E7E85DF1B15A5
:108FE000FE573F7E7FB1B8143EC54F7EB176551413
:108FF00093E45F7E572FF213F3B56F7EB0DB8E13D1
:1090000056397F7EF97B2B13B16E8E7E6E10C8129F
:10901000FC559D7E4E9964122CEFAB7ED416011246
:10902000393ABA7E40899D111A37C87ECEF039117F
:10903000C6E5D57EBC4DD6103546E37E47A07210FE
:109040005F58F07EADE80E103C1CFD7E2B27AB0F69
:10905000C391097FFE5B470FEEB8157F6587E30E6E
:10906000B491217F9DA97F0E0E1C2D7FE3C21B0EA4
:10907000F557387F76D3B70D6345437F92DB530DA9
:1090800050E44D7F75DBEF0CB634587F5ED38B0C0C
:109090008F36627F89C3270CD4E96B7F35ACC30B55
:1090A0007F4E757F9F8D5F0B8B647E7F0568FB0A0B
:1090B000F32B877FA53B970AAFA48F7FBC08330AA9
:1090C000BCCE977F89CFCE0915AA9F7F49906A09A8
:1090D000B436A77F3A4B06099474AE7F9A00A20873
:1090E000B263B57FA7B03D080A04BC7F9E5BD90779
:1090F0009655C27FBE0175075358C87F44A3100719
:109100003E0CCE7F6F40AC065271D37F7CD94706B0
:109110008D87D87FA96EE305EC4EDD7F34007F0597
:109120006BC7E17F5C8E1A0508F1E57F5D19B60417
:10913000C0CBE97F76A151049057ED7FE626ED0381
:109140007794F07FE9A988037382F37FBF2A240311
:109150008221F67FA4A9BF02A171F87FD7265B0206
:10916000D172FA7F96A2F6010F25FC7F1F1D920196
:109170005A88FD7FB0962D01B29CFE7F880FC900F2
:109180001662FF7FE387640085D8FF7F0000000040
:10919000FFFFFF7F1D789BFF85D8FF7F78F036FFAC
:1091A0001662FF7F4F69D2FEB29CFE7FE0E26DFE49
:1091B0005A88FD7F695D09FE0F25FC7F28D9A4FD33
:1091C000D172FA7F5B5640FDA171F87F41D5DBFC7F
:1091D0008221F67F165677FC7382F37F19D912FC31
:1091E0007794F07F895EAEFB9057ED7FA2E649FB56
:1091F000C0CBE97FA471E5FA08F1E57FCBFF80FAE7
:109200006BC7E17F56911CFAEC4EDD7F8326B8F9DF
:109210008D87D87F90BF53F95271D37FBB5CEFF835
:109220003E0CCE7F41FE8AF85358C87F61A426F8D1
:109230009655C27F584FC2F70A04BC7F65FF5DF7A1
:10924000B263B57FC5B4F9F69474AE7FB66F95F688
:10925000B436A77F763031F615AA9F7F43F7CCF559
:10926000BCCE977F5AC468F5AFA48F7FFA9704F5F8
:10927000F32B877F6072A0F48B647E7FCA533CF42B
:109280007F4E757F763CD8F3D4E96B7FA12C74F3C5
:109290008F36627F8A2410F3B634587F6D24ACF287
:1092A00050E44D7F892C48F26345437F1C3DE4F137
:1092B000F557387F625680F10E1C2D7F9A781CF18D
:1092C000B491217F01A4B8F0EEB8157FD4D854F042
:1092D000C391097F5217F1EF3C1CFD7EB85F8DEF03
:1092E0005F58F07E43B229EF3546E37E310FC6EE7C
:1092F000C6E5D57EBF7662EE1A37C87E2BE9FEED55
:10930000393ABA7EB2669BED2CEFAB7E91EF37ED2A
:10931000FC559D7E0684D4ECB16E8E7E4F2471EC9C
:1093200056397F7EA8D00DECF3B56F7E4E89AAEB3F
:1093300093E45F7E804E47EB3EC54F7E7A20E4EAA1
:10934000FE573F7E79FF80EADF9C2E7EBBEB1DEA55
:10935000E9931D7E7CE5BAE9293D0C7EFBEC57E9DB
:10936000A798FA7D7302F5E870A6E87D212692E8B9
:109370008E66D67D44582FE80DD9C37D1799CCE76A
:10938000F7FDB07DD8E869E75AD59D7DC34707E76B
:109390003F5F8A7D16B6A4E6B59B767D0D3442E626
:1093A000C58A627DE4C1DFE57E2C4E7DDA5F7DE516
:1093B000EC80397D2A0E1BE51A88247D10CDB8E497
:1093C00018420F7DCB9C56E4F0AEF97C957DF4E31A
:1093D000B1CEE37CAC6F92E368A1CD7C4C7330E3FB
:1093E0002427B77CB288CEE2F15FA07C1AB06CE291
:1093F000DD4B897CC1E90AE2F8EA717CE135A9E13B
:109400004F3D5A7CB99447E1F242427C8406E6E043
:10941000EEFB297C7F8B84E05368117CE52323E0FD
:109420003088F87BF2CFC1DF945BDF7BE38F60DFB6
:109430008FE2C57BF463FFDE311DAC7B604C9EDEAA
:10944000890B927B63493DDEA8AD777B3A5BDCDD1F
:109450009D035D7B20827BDD7A0D427B51BE1ADD50
:109460004FCB267B0810BADC2C3D0B7B817759DC77
:109470002363EF7AF8F4F8DB453DD37AA88898DBCC
:10948000A3CBB67ACD3238DB4F0E9A7AA2F3D7DA75
:109490005B057D7A62CB77DAD8B05F7A4ABA17DAA1
:1094A000D810427A93C0B7D96E25247A7ADE57D97C
:1094B000ADEE057A3914F8D8A66CE7790C6298D825
:1094C0006D9FC8792DC838D81587A979D746D9D7BF
:1094D000B1238A7946DE79D754756A79B58E1AD761
:1094E000117C4A795D58BBD6FE372A797B3B5CD626
:1094F0002CA909794738FDD5B1CFE878FE4E9ED525
:10950000A1ABC778DA7F3FD5103DA67814CBE0D465
:1095100013848478E83082D4BF80627890B123D4F9
:1095200028334078464DC5D3649B1D78450467D3E6
:1095300088B9FA77C6D608D3AA8DD77704C5AAD238
:10954000DF17B47738CF4CD23D5890779EF5EED1E7
:10955000DB4E6C776D3891D1CEFB4777E19733D1F5
:109560002D5F23773314D6D00E79FE769DAD78D05B
:109570008849D97659641BD0B3D0B3769F38BECF13
:10958000A50E8E76AA2A61CF76036876B23A04CF0A
:109590003CAF4176F268A7CE11121B76A2B54ACE37
:1095A0000A2CF475FC20EECD42FDCC7538AB91CD84
:1095B000CF85A575905435CDCAC57D753D1DD9CCD7
:1095C0004BBD557577057DCC6C6C2D75780D21CC18
:1095D00045D304757835C5CBEFF1DB74B07D69CB2D
:1095E00083C8B27458E60DCB1B578974A96FB2CAF1
:1095F000D19D5F74DB1957CABD9C357427E5FBC943
:10960000FA530B74C4D1A0C9A3C3E073ECDF45C9FE
:10961000D0EBB573D60FEBC89ECC8A73BA6190C8F5
:1096200026665F73D0D535C883B83373506CDBC7FB
:10963000D0C30773712581C72888DB726C0127C7E7
:10964000A605AF727900CDC6663C8272CD2273C684
:10965000842C5572A26819C61CD627722ED2BFC59B
:109660004839FA71A85F66C52656CC7148110DC5F8
:10967000D22C9E7146E7B3C468BD6F71D7E15AC45E
:1096800004084171320102C4C50C12718F45A9C38F
:10969000C6CBE27025AF50C32445B3702A3EF8C252
:1096A000FE788370D4F29FC2716753705ACD47C25F
:1096B00099102370F2CDEFC19674F26FD3F497C175
:1096C0008593C16F334240C1846D906F48B6E8C046
:1096D000B1025F6F475191C02C532D6F68133AC090
:1096E000125FFB6EDFFCE2BF8226C96EE20D8CBF0B
:1096F0009CA9966EA84635BF7FE8636E65A7DEBE5F
:1097000049E3306E4F3088BE1B9AFD6D9BE131BE40
:10971000140DCA6D7FBBDBBD543C966D2FBE85BD5D
:10972000FA27626DE1E92FBD27D02D6DCA3EDABC64
:10973000FB34F96C1EBD84BC9756C46C13652FBCFA
:109740001C358F6CDC36DABBA9D0596CAF3285BBC7
:109750006029246CC05830BB623FEE6B43A9DBBA72
:10976000D012B86B6C2487BACDA3816B70CA32BAA1
:1097700078F24A6B839BDEB9F5FE136BD8978AB9F2
:1097800064C9DC6AA3BF36B9E851A56A1913E3B806
:10979000A4986D6A6C928FB8B99D356AD13D3CB87A
:1097A0004A61FD697A15E9B77AE3C4699B1996B7EE
:1097B0006C248C69674A43B74224536911A8F0B6F8
:1097C00020E31969CD329EB62961E068CCEA4BB638
:1097D000819EA66842D0F9B54B9B6C6862E3A7B541
:1097E000AA5732685E2456B5C4D3F767689304B5A8
:1097F000BC0FBD67B230B3B4B60B826770FC61B406
:10980000D7C74667D2F610B443440B670C20C0B3E9
:109810001F81CF664E786FB3907E9366CBFF1EB3E9
:10982000BB3C5766B5B6CEB2C5BB1A663B9D7EB291
:10983000D3FBDD6592B32EB20BFDA065E8F9DEB176
:1098400092BF636570708FB18E4326655B1740B120
:109850002689E864DAEEF0B07F90AA641CF7A1B024
:10986000BF596C64553053B00DE52D64B29A04B005
:109870008F32EF636736B6AF6D42B063A10368AF56
:10988000CC14716393021AAFD4A931636B33CCAE9D
:10989000AC01F2625B967EAE7B1CB262912B31AE64
:1098A00069FA71623EF3E3AD9D9B316291ED96AD35
:1098B0003E00F161BA1A4AAD7628B061E87AFDAC93
:1098C0006B146F614A0EB1AC46C42D6110D564AC07
:1098D0003038EC6068CF18AC4F70AA6082FDCCAB1A
:1098E000CE6C68608C5F81ABD52D2660B5F535AB4D
:1098F0008DB3E35F2BC0EAAA1EFEA05F1DBF9FAA27
:10990000B30D5E5FB9F254AA73E21A5F2D5B0AAA27
:10991000897CD75EA8F8BFA91FDC935E56CB75A9DA
:109920005D01505E66D32BA96EEC0B5E0611E2A8BA
:109930007C9DC75D638498A8B014835DA92D4FA852
:1099400036523E5D080D06A83856F95CAB22BDA71D
:10995000DF20B45CC06E74A758B26E5C73F12BA7A5
:10996000CC0A295CF2AAE3A6672AE35B689B9BA664
:1099700053119D5B02C353A6BDBF565BED210CA6E0
:10998000CF35105B55B8C4A5B473C95A66867DA59A
:109990009A79825A4B8C36A5AA473B5A31CAEFA412
:1099A00012DEF3594240A9A4FD3CAC59ACEE62A4CE
:1099B0009764645998D51CA40E551C5933F5D6A349
:1099C0008C0ED458A74D91A33F918B5820DF4BA309
:1099D00054DD4258C7A906A3F7F2F957C9ADC1A291
:1099E00056D2B0574FEB7CA29D7B6757836238A25B
:1099F000F9EE1D579113F4A1992CD456A2FEAFA1F4
:109A0000A9348A56E1236CA157074056768328A1D2
:109A1000D2A4F5558C1DE5A0460DAB554CF2A1A086
:109A2000E2406055E1015FA0D43F1555724C1CA087
:109A30004A0ACA542AD2D99F73A07E543193979F61
:109A40007D023354B08F559F9730E753D0C7139F93
:109A5000EF2A9B53B93BD29EB5F14E5394EB909EA7
:109A60001785025389D74F9E45E5B552C1FF0E9E1B
:109A70006E1269526264CE9DC10C1C5296058E9D79
:109A80006ED4CE5184E34D9DA469815153FE0D9D4A
:109A900094CC33512B56CE9C6CFDE55033EB8E9C11
:109AA0005EFC975092BD4F9C99C9495070CD109C57
:109AB0004D65FB4FF21AD29BABCFAC4F40A6939BA8
:109AC000E3085E4F806F559B26110F4FD976179B89
:109AD000A4E8BF4E71BCD99A8F8F704E6D409C9A8E
:109AE0001706214EF5025F9A6E4CD14D2C04229A36
:109AF000C462814D3A44E5994B49314D44C3A8991C
:109B00003400E14C6F816C99B187904CE07E3099C4
:109B1000F3DF3F4CBCBBF4982D09EF4B2838B998C4
:109B20008F039E4B49F47D984DCF4C4B43F04298A8
:109B3000976CFB4A3B2C0898A1DBA94A55A8CD9706
:109B40009D1C584AB5649397BD2F064A7E6159976C
:109B50003315B449D69E1F9732CD6149DF1CE69676
:109B6000EE570F49BDDBAC9698B5BC4894DB7396B5
:109B700064E66948851C3B9685EA1648B59E0296C0
:109B80002EC2C3474662CA95936D70475B67929534
:109B9000E6EC1C4717AE5A955C40C9469B362395A8
:109BA000276875460B01EC947C642146870DB594BB
:109BB0008F35CD45325C7E9493DB78452FED47940D
:109BC000BC5624459DC011943FA7CF449FD6DB933C
:109BD00050CD7A44562FA69323C92544E4CA7093E6
:109BE000EC9AD04368A93B93E1427B4304CB0693B4
:109BF00035C12543D82FD2921E16D04205D89D924A
:109C0000D0417A42ACC3699280442442EBF235924F
:109C1000641ECE41E4650292B0CF7741B61CCF916D
:109C20009A58214180179C9157B9CA40635669914F
:109C30001DF273407DD9369120031D40EDA00491A3
:109C400097ECC53FD3ACD290B8AE6E3F4EFDA0901E
:109C5000B749173F7B926F90CCBDBF3E7A6C3E9068
:109C60002C0B683E698B0D900D32103E66EFDC8F39
:109C7000A532B83D8E98AC8F2B0D603D01877C8F4F
:109C8000D5C1073DDBBA4C8FDA50AF3C3A341D8F5B
:109C900070BA563C3BF3ED8ECDFEFD3BFBF7BE8E1E
:109CA000291EA53B9842908EBA184C3B2DD3618E4D
:109CB000B7EEF23AD9A9338E57A0993AB7C6058EB6
:109CC000D12D403AE429D88D5D97E6397BD3AA8D12
:109CD00032DD8C3999C37D8D87FF323959FA508D29
:109CE00093FED838D877248D8EDA7E38303CF88CC5
:109CF000B09324387D47CC8C302ACA37D999A08CB0
:109D0000469E6F376133758C2AF014372F144A8CB6
:109D10001320BA365C3C1F8C3B2E5F3605ACF48BAF
:109D2000D91A04364263CA8B24E6A8352F62A08B69
:109D300056904D35E4A8768BA719F2347C374D8BBD
:109D40004F829634100E248B87CA3A34BA2CFB8A81
:109D500087F2DE339393D28A88FA8233B442AA8A96
:109D6000C2E22633353A828A6FABCA32307A5A8AD7
:109D7000C7546E32BD02338A03DF1132F5D30B8A2A
:109D80005D4AB531EEEDE4890D975831C350BE8977
:109D90004DC5FB3089FC978955D59E305AF17189A4
:109DA00060C741304C2F4C89A69BE42F77B626899B
:109DB0006252872FF1860189CCEB292FD3A0DC8852
:109DC0001E68CC2E3104B88892C76E2E24B19388B9
:109DD000620A112EC2A76F88C730B32D20E84B88C6
:109DE000FB3A552D557228883929F72C7746058876
:109DF000BAFB982C9B64E287B9B23A2CD7CCBF87C8
:109E00006F4EDC2B407F9D8717CF7D2BEC7B7B87B4
:109E1000EB341F2BEFC259872580C02A5E54388748
:109E200001B1612A4E301787B8C7022AD356F68689
:109E300084C4A32902C8D586A2A74429EE83B58687
:109E40004A71E528AB8A9586B92186284EDC75864D
:109E500028B92628EA785686D237C72792603786EF
:109E6000F49D672759931886C6EB07275211FA8588
:109E70008521A82691DADB856C3F482627EFBD8532
:109E8000B545E825284FA0859D348825A4FA82850C
:109E90005D0C2825B0F1658532CDC7245C34498539
:109EA00057776724BAC22C85070B0724DC9C1085E2
:109EB0007E88A623D3C2F484F7EF4523B034D98437
:109EC000AE41E52285F2BD84DF7D842262FCA2845E
:109ED000C5A42322575288849CB6C22176F46D848F
:109EE0009FB36121CEE253840B9C0021701D3A8404
:109EF0001C709F206BA420840D303E20CF770784F8
:109F00001ADCDC1FAC97EE8380747B1F1104D683B0
:109F10007BF9191F0DBDBD83466BB81EB0C2A5836A
:109F20001ECA561E07158E833F16F51D22B4768372
:109F3000E54F931D0EA05F834D77311DDBD848831D
:109F4000B38CCF1C975E328353906D1C4E311C83B3
:109F50006A820B1C0F5106833463A91BE8BDF08293
:109F6000EF32471BE577DB82D6F1E41A137FC68216
:109F700025A0821A81D3B1821B3E201A3A759D8298
:109F8000F2CBBD194A648982E9495B19C0A0758288
:109F90003CB8F818A52A62822717961808024F8243
:109FA000E8663318F2263C82BBA7D0177199298244
:109FB000DED96D178F5917828DFD0A1758670582F4
:109FC0000513A816D7C2F381831A4516166CE281D1
:109FD0004414E2152063D18186007F1501A8C08159
:109FE00085DF1B15C13AB0817FB1B8146C1BA0810D
:109FF000B17655140C4A9081572FF213A9C680816F
:10A00000B0DB8E134E917181F97B2B1303AA628111
:10A010006E10C812D31054814E996412C6C5458182
:10A02000D4160112E6C8378140899D11391A2A8158
:10A03000CEF03911CAB91C81BC4DD610A0A70F8132
:10A0400047A07210C3E30281ADE80E103C6EF680AB
:10A050002B27AB0F1247EA80FE5B470F4C6EDE806A
:10A060006587E30EF1E3D2809DA97F0E0AA8C78021
:10A07000E3C21B0E9CBABC8076D3B70DAF1BB28077
:10A0800092DB530D49CBA78075DBEF0C70C99D8027
:10A090005ED38B0C2B16948089C3270C80B18A80E9
:10A0A00035ACC30B749B81809F8D5F0B0DD4788082
:10A0B0000568FB0A505B7080A53B970A43316880B6
:10A0C000BC08330AEA55608089CFCE094CC9588054
:10A0D00049906A096B8B51803A4B06094D9C4A8026
:10A0E0009A00A208F6FB4380A7B03D0869AA3D800C
:10A0F0009E5BD907ACA73780BE017507C1F33180DD
:10A1000044A31007AD8E2C806F40AC067278278078
:10A110007CD9470613B12280A96EE30594381E80CE
:10A1200034007F05F70E1A805C8E1A0540341680C5
:10A130005D19B6046FA8128076A15104886B0F8058
:10A14000E626ED038C7D0C80E9A988037DDE09807D
:10A15000BF2A24035E8E0780A4A9BF022E8D05802E
:10A16000D7265B02F0DA038096A2F601A57702807B
:10A170001F1D92014D630180B0962D01E99D008065
:10A18000880FC9007A270080E38764000000008000
:10A19000000000007A2700801D789BFFE99D008069
:10A1A00078F036FF4D6301804F69D2FEA5770280BB
:10A1B000E0E26DFEF0DA0380695D09FE2E8D058018
:10A1C00028D9A4FD5E8E07805B5640FD7DDE0980A8
:10A1D00041D5DBFC8C7D0C80165677FC886B0F809C
:10A1E00019D912FC6FA81280895EAEFB403416802C
:10A1F000A2E649FBF70E1A80A471E5FA94381E8096
:10A20000CBFF80FA13B1228056911CFA7278278016
:10A210008326B8F9AD8E2C8090BF53F9C1F33180FD
:10A22000BB5CEFF8ACA7378041FE8AF869AA3D8095
:10A2300061A426F8F6FB4380584FC2F74D9C4A8034
:10A2400065FF5DF76B8B5180C5B4F9F64CC958803A
:10A25000B66F95F6EA556080763031F64331688006
:10A2600043F7CCF5505B70805AC468F50DD4788004
:10A27000FA9704F5749B81806072A0F480B18A80A3
:10A28000CA533CF42B169480763CD8F370C99D8059
:10A29000A12C74F349CBA7808A2410F3AF1BB280A2
:10A2A0006D24ACF29CBABC80892C48F20AA8C78005
:10A2B0001C3DE4F1F1E3D280625680F14C6EDE8009
:10A2C0009A781CF11247EA8001A4B8F03C6EF6803F
:10A2D000D4D854F0C3E302815217F1EFA0A70F8145
:10A2E000B85F8DEFCAB91C8143B229EF391A2A81B0
:10A2F000310FC6EEE6C83781BF7662EEC6C545812E
:10A300002BE9FEEDD3105481B2669BED03AA628166
:10A3100091EF37ED4E9171810684D4ECA9C680810E
:10A320004F2471EC0C4A9081A8D00DEC6C1BA081DD
:10A330004E89AAEBC13AB081804E47EB01A8C0819B
:10A340007A20E4EA2063D18179FF80EA166CE28109
:10A35000BBEB1DEAD7C2F3817CE5BAE958670582F9
:10A36000FBEC57E98F5917827302F5E8719929823E
:10A37000212692E8F2263C8244582FE808024F82B8
:10A380001799CCE7A52A6282D8E869E7C0A0758250
:10A39000C34707E74A64898216B6A4E63A759D82E8
:10A3A0000D3442E681D3B182E4C1DFE5137FC6827A
:10A3B000DA5F7DE5E577DB822A0E1BE5E8BDF082FA
:10A3C00010CDB8E40F510683CB9C56E44E311C836C
:10A3D000957DF4E3975E3283AC6F92E3DBD84883DC
:10A3E0004C7330E30EA05F83B288CEE222B4768352
:10A3F0001AB06CE207158E83C1E90AE2B0C2A583E8
:10A40000E135A9E10DBDBD83B99447E11104D683BF
:10A410008406E6E0AC97EE837F8B84E0CF770784F9
:10A42000E52323E06BA42084F2CFC1DF701D3A84C2
:10A43000E38F60DFCEE25384F463FFDE76F46D8455
:10A44000604C9EDE5752888463493DDE62FCA284E4
:10A450003A5BDCDD85F2BD8420827BDDB034D984BB
:10A4600051BE1ADDD3C2F4840810BADCDC9C10851E
:10A47000817759DCBAC22C85F8F4F8DB5C34498565
:10A48000A88898DBB0F16585CD3238DBA4FA8285E7
:10A49000A2F3D7DA284FA08562CB77DA27EFBD8504
:10A4A0004ABA17DA91DADB8593C0B7D95211FA8527
:10A4B0007ADE57D9599318863914F8D892603786BE
:10A4C0000C6298D8EA7856862DC838D84EDC758646
:10A4D000D746D9D7AB8A958646DE79D7EE83B5863F
:10A4E000B58E1AD702C8D5865D58BBD6D356F68628
:10A4F0007B3B5CD64E3017874738FDD55E54388796
:10A50000FE4E9ED5EFC25987DA7F3FD5EC7B7B8725
:10A5100014CBE0D4407F9D87E83082D4D7CCBF876E
:10A5200090B123D49B64E287464DC5D37746058816
:10A53000450467D355722888C6D608D320E84B88CF
:10A5400004C5AAD2C2A76F8838CF4CD224B1938851
:10A550009EF5EED13104B8886D3891D1D3A0DC8856
:10A56000E19733D1F18601893314D6D077B62689A5
:10A570009DAD78D04C2F4C8959641BD05AF171890C
:10A580009F38BECF89FC9789AA2A61CFC350BE8964
:10A59000B23A04CFEEEDE489F268A7CEF5D30B8A88
:10A5A000A2B54ACEBD02338AFC20EECD307A5A8A5B
:10A5B00038AB91CD353A828A905435CDB442AA8ACF
:10A5C0003D1DD9CC9393D28A77057DCCBA2CFB8ADA
:10A5D000780D21CC100E248B7835C5CB7C374D8B74
:10A5E000B07D69CBE4A8768B58E60DCB2F62A08BAB
:10A5F000A96FB2CA4263CA8BDB1957CA05ACF48B88
:10A6000027E5FBC95C3C1F8CC4D1A0C92F144A8C20
:10A61000ECDF45C96133758CD60FEBC8D999A08C96
:10A62000BA6190C87D47CC8CD0D535C8303CF88C09
:10A63000506CDBC7D877248D712581C759FA508DAE
:10A640006C0127C799C37D8D7900CDC67BD3AA8DB8
:10A65000CD2273C6E429D88DA26819C6B7C6058E67
:10A660002ED2BFC5D9A9338EA85F66C52DD3618E02
:10A6700048110DC59842908E46E7B3C4FBF7BE8ED5
:10A68000D7E15AC43BF3ED8E320102C43A341D8F38
:10A690008F45A9C3DBBA4C8F25AF50C301877C8F90
:10A6A0002A3EF8C28E98AC8FD4F29FC266EFDC8F40
:10A6B0005ACD47C2698B0D90F2CDEFC17A6C3E90B6
:10A6C000D3F497C17B926F90334240C14EFDA0906E
:10A6D00048B6E8C0D3ACD290475191C0EDA00491E8
:10A6E00068133AC07DD93691DFFCE2BF63566991A9
:10A6F000E20D8CBF80179C91A84635BFB61CCF9148
:10A7000065A7DEBEE46502924F3088BEEBF235925B
:10A710009BE131BEACC369927FBBDBBD05D89D9286
:10A720002FBE85BDD82FD292E1E92FBD04CB069371
:10A73000CA3EDABC68A93B931EBD84BCE4CA7093D0
:10A7400013652FBC562FA693DC36DABB9FD6DB935E
:10A75000AF3285BB9DC01194C05830BB2FED4794DC
:10A7600043A9DBBA325C7E946C2487BA870DB5941A
:10A7700070CA32BA0B01EC94839BDEB99B362395E9
:10A78000D8978AB917AE5A95A3BF36B95B67929529
:10A790001913E3B84662CA956C928FB8B59E0296BB
:10A7A000D13D3CB8851C3B967A15E9B794DB73968E
:10A7B0009B1996B7BDDBAC96674A43B7DF1CE6969C
:10A7C00011A8F0B6D69E1F97CD329EB67E615997DE
:10A7D000CCEA4BB6B564939742D0F9B555A8CD975E
:10A7E00062E3A7B53B2C08985E2456B543F0429827
:10A7F000689304B549F47D98B230B3B42838B99859
:10A8000070FC61B4BCBBF498D2F610B4E07E309911
:10A810000C20C0B36F816C994E786FB344C3A89974
:10A82000CBFF1EB33A44E599B5B6CEB22C04229ABA
:10A830003B9D7EB2F5025F9A92B32EB26D409C9A18
:10A84000E8F9DEB171BCD99A70708FB1D976179BD7
:10A850005B1740B1806F559BDAEEF0B040A6939B3A
:10A860001CF7A1B0F21AD29B553053B070CD109C9A
:10A87000B29A04B092BD4F9C6736B6AF33EB8E9C54
:10A88000A10368AF2B56CE9C93021AAF53FE0D9DC9
:10A890006B33CCAE84E34D9D5B967EAE96058E9D6C
:10A8A000912B31AE6264CE9D3EF3E3ADC1FF0E9EAF
:10A8B00091ED96AD89D74F9EBA1A4AAD94EB909E12
:10A8C000E87AFDACB93BD29E4A0EB1ACD0C7139F1B
:10A8D00010D564ACB08F559F68CF18AC3193979F5B
:10A8E00082FDCCAB2AD2D99F8C5F81AB724C1CA06D
:10A8F000B5F535ABE1015FA02BC0EAAA4CF2A1A0EF
:10A900001DBF9FAA8C1DE5A0B9F254AA768328A189
:10A910002D5B0AAAE1236CA1A8F8BFA9A2FEAFA1F2
:10A9200056CB75A99113F4A166D32BA9836238A2E3
:10A930000611E2A84FEB7CA2638498A8C9ADC1A21E
:10A94000A92D4FA8C7A906A3080D06A820DF4BA371
:10A95000AB22BDA7A74D91A3C06E74A733F5D6A3B4
:10A9600073F12BA798D51CA4F2AAE3A6ACEE62A4BF
:10A97000689B9BA64240A9A402C353A631CAEFA478
:10A98000ED210CA64B8C36A555B8C4A566867DA5D1
:10A9900066867DA555B8C4A54B8C36A5ED210CA6C1
:10A9A00031CAEFA402C353A64240A9A4689B9BA648
:10A9B000ACEE62A4F2AAE3A698D51CA473F12BA76F
:10A9C00033F5D6A3C06E74A7A74D91A3AB22BDA744
:10A9D00020DF4BA3080D06A8C7A906A3A92D4FA8E1
:10A9E000C9ADC1A2638498A84FEB7CA20611E2A86E
:10A9F000836238A266D32BA99113F4A156CB75A913
:10AA0000A2FEAFA1A8F8BFA9E1236CA12D5B0AAA01
:10AA1000768328A1B9F254AA8C1DE5A01DBF9FAA78
:10AA20004CF2A1A02BC0EAAAE1015FA0B5F535ABBD
:10AA3000724C1CA08C5F81AB2AD2D99F82FDCCAB1B
:10AA40003193979F68CF18ACB08F559F10D564ACE9
:10AA5000D0C7139F4A0EB1ACB93BD29EE87AFDAC89
:10AA600094EB909EBA1A4AAD89D74F9E91ED96AD60
:10AA7000C1FF0E9E3EF3E3AD6264CE9D912B31AEDD
:10AA800096058E9D5B967EAE84E34D9D6B33CCAE7A
:10AA900053FE0D9D93021AAF2B56CE9CA10368AFB7
:10AAA00033EB8E9C6736B6AF92BD4F9CB29A04B022
:10AAB00070CD109C553053B0F21AD29B1CF7A1B048
:10AAC00040A6939BDAEEF0B0806F559B5B1740B1C8
:10AAD000D976179B70708FB171BCD99AE8F9DEB145
:10AAE0006D409C9A92B32EB2F5025F9A3B9D7EB266
:10AAF0002C04229AB5B6CEB23A44E599CBFF1EB3E8
:10AB000044C3A8994E786FB36F816C990C20C0B381
:10AB1000E07E3099D2F610B4BCBBF49870FC61B4FE
:10AB20002838B998B230B3B449F47D98689304B525
:10AB300043F042985E2456B53B2C089862E3A7B5D3
:10AB400055A8CD9742D0F9B5B5649397CCEA4BB6EA
:10AB50007E615997CD329EB6D69E1F9711A8F0B64A
:10AB6000DF1CE696674A43B7BDDBAC969B1996B7E8
:10AB700094DB73967A15E9B7851C3B96D13D3CB8BA
:10AB8000B59E02966C928FB84662CA951913E3B8C7
:10AB90005B679295A3BF36B917AE5A95D8978AB915
:10ABA0009B362395839BDEB90B01EC9470CA32BAB5
:10ABB000870DB5946C2487BA325C7E9443A9DBBAC6
:10ABC0002FED4794C05830BB9DC01194AF3285BB68
:10ABD0009FD6DB93DC36DABB562FA69313652FBCCA
:10ABE000E4CA70931EBD84BC68A93B93CA3EDABC1C
:10ABF00004CB0693E1E92FBDD82FD2922FBE85BD9D
:10AC000005D89D927FBBDBBDACC369929BE131BE91
:10AC1000EBF235924F3088BEE465029265A7DEBE46
:10AC2000B61CCF91A84635BF80179C91E20D8CBF12
:10AC300063566991DFFCE2BF7DD9369168133AC053
:10AC4000EDA00491475191C0D3ACD29048B6E8C072
:10AC50004EFDA090334240C17B926F90D3F497C1D8
:10AC60007A6C3E90F2CDEFC1698B0D905ACD47C200
:10AC700066EFDC8FD4F29FC28E98AC8F2A3EF8C26A
:10AC800001877C8F25AF50C3DBBA4C8F8F45A9C39A
:10AC90003A341D8F320102C43BF3ED8ED7E15AC422
:10ACA000FBF7BE8E46E7B3C49842908E48110DC59F
:10ACB0002DD3618EA85F66C5D9A9338E2ED2BFC5AC
:10ACC000B7C6058EA26819C6E429D88DCD2273C6F1
:10ACD0007BD3AA8D7900CDC699C37D8D6C0127C722
:10ACE00059FA508D712581C7D877248D506CDBC7F8
:10ACF000303CF88CD0D535C87D47CC8CBA6190C833
:10AD0000D999A08CD60FEBC86133758CECDF45C99F
:10AD10002F144A8CC4D1A0C95C3C1F8C27E5FBC909
:10AD200005ACF48BDB1957CA4263CA8BA96FB2CA50
:10AD30002F62A08B58E60DCBE4A8768BB07D69CB53
:10AD40007C374D8B7835C5CB100E248B780D21CCFC
:10AD5000BA2CFB8A77057DCC9393D28A3D1DD9CC42
:10AD6000B442AA8A905435CD353A828A38AB91CD17
:10AD7000307A5A8AFC20EECDBD02338AA2B54ACE83
:10AD8000F5D30B8AF268A7CEEEEDE489B23A04CF90
:10AD9000C350BE89AA2A61CF89FC97899F38BECF4C
:10ADA0005AF1718959641BD04C2F4C899DAD78D0D4
:10ADB00077B626893314D6D0F1860189E19733D14D
:10ADC000D3A0DC886D3891D13104B8889EF5EED1DE
:10ADD00024B1938838CF4CD2C2A76F8804C5AAD2B9
:10ADE00020E84B88C6D608D355722888450467D317
:10ADF00077460588464DC5D39B64E28790B123D43E
:10AE0000D7CCBF87E83082D4407F9D8714CBE0D475
:10AE1000EC7B7B87DA7F3FD5EFC25987FE4E9ED50C
:10AE20005E5438874738FDD54E3017877B3B5CD65C
:10AE3000D356F6865D58BBD602C8D586B58E1AD7CE
:10AE4000EE83B58646DE79D7AB8A9586D746D9D7C5
:10AE50004EDC75862DC838D8EA7856860C6298D8AC
:10AE6000926037863914F8D8599318867ADE57D904
:10AE70005211FA8593C0B7D991DADB854ABA17DA4D
:10AE800027EFBD8562CB77DA284FA085A2F3D7DA0A
:10AE9000A4FA8285CD3238DBB0F16585A88898DBCD
:10AEA0005C344985F8F4F8DBBAC22C85817759DC2B
:10AEB000DC9C10850810BADCD3C2F48451BE1ADDC4
:10AEC000B034D98420827BDD85F2BD843A5BDCDD41
:10AED00062FCA28463493DDE57528884604C9EDE4A
:10AEE00076F46D84F463FFDECEE25384E38F60DF9B
:10AEF000701D3A84F2CFC1DF6BA42084E52323E0E8
:10AF0000CF7707847F8B84E0AC97EE838406E6E0FE
:10AF10001104D683B99447E10DBDBD83E135A9E1A4
:10AF2000B0C2A583C1E90AE207158E831AB06CE2AC
:10AF300022B47683B288CEE20EA05F834C7330E3F6
:10AF4000DBD84883AC6F92E3975E3283957DF4E360
:10AF50004E311C83CB9C56E40F51068310CDB8E4D0
:10AF6000E8BDF0822A0E1BE5E577DB82DA5F7DE53E
:10AF7000137FC682E4C1DFE581D3B1820D3442E69E
:10AF80003A759D8216B6A4E64A648982C34707E7EC
:10AF9000C0A07582D8E869E7A52A62821799CCE734
:10AFA00008024F8244582FE8F2263C82212692E87C
:10AFB000719929827302F5E88F591782FBEC57E9E2
:10AFC000586705827CE5BAE9D7C2F381BBEB1DEA7D
:10AFD000166CE28179FF80EA2063D1817A20E4EA6D
:10AFE00001A8C081804E47EBC13AB0814E89AAEBDF
:10AFF0006C1BA081A8D00DEC0C4A90814F2471EC01
:10B00000A9C680810684D4EC4E91718191EF37ED11
:10B0100003AA6281B2669BEDD31054812BE9FEED49
:10B02000C6C54581BF7662EEE6C83781310FC6EEF0
:10B03000391A2A8143B229EFCAB91C81B85F8DEF52
:10B04000A0A70F815217F1EFC3E30281D4D854F0C7
:10B050003C6EF68001A4B8F01247EA809A781CF1A1
:10B060004C6EDE80625680F1F1E3D2801C3DE4F14B
:10B070000AA8C780892C48F29CBABC806D24ACF227
:10B08000AF1BB2808A2410F349CBA780A12C74F3A4
:10B0900070C99D80763CD8F32B169480CA533CF43B
:10B0A00080B18A806072A0F4749B8180FA9704F565
:10B0B0000DD478805AC468F5505B708043F7CCF5A6
:10B0C00043316880763031F6EA556080B66F95F688
:10B0D0004CC95880C5B4F9F66B8B518065FF5DF79C
:10B0E0004D9C4A80584FC2F7F6FB438061A426F876
:10B0F00069AA3D8041FE8AF8ACA73780BB5CEFF8B7
:10B10000C1F3318090BF53F9AD8E2C808326B8F9FE
:10B110007278278056911CFA13B12280CBFF80FAF7
:10B1200094381E80A471E5FAF70E1A80A2E649FB56
:10B1300040341680895EAEFB6FA8128019D912FCCC
:10B14000886B0F80165677FC8C7D0C8041D5DBFC1C
:10B150007DDE09805B5640FD5E8E078028D9A4FD08
:10B160002E8D0580695D09FEF0DA0380E0E26DFE58
:10B17000A57702804F69D2FE4D63018078F036FFDB
:10B18000E99D00801D789BFF7A270080FFFFFF7FED
:10B190000000000021F6FF7FF543320085D8FF7FD5
:10B1A000E38764002CA7FF7FC1CB96001662FF7F68
:10B1B000880FC9004209FF7F2F53FB00B29CFE7F1E
:10B1C000B0962D01641CFE7F03DA5F015A88FD7F73
:10B1D0001F1D920193E0FC7FFE5FC4010F25FC7FE1
:10B1E00096A2F601CE55FB7FE1E42802D172FA7FE8
:10B1F000D7265B02177CF97F70688D02A171F87FFA
:10B20000A4A9BF026F53F77F6BEAF1028221F67F98
:10B21000BF2A2403D8DBF47F966A56037382F37F38
:10B22000E9A988035315F27FB1E8BA037794F07F58
:10B23000E626ED03E1FFEE7F7F641F049057ED7F6C
:10B2400076A15104859BEB7FC3DD8304C0CBE97FEE
:10B250005D19B60440E8E77F3D54E80408F1E57F56
:10B260005C8E1A0516E6E37FB0C74C056BC7E17F1D
:10B2700034007F050895DF7FDF37B105EC4EDD7FB9
:10B28000A96EE30518F5DA7F8AA415068D87D87FA5
:10B290007CD947064B06D67F750D7A065271D37F4F
:10B2A0006F40AC06A3C8D07F6172DE063E0CCE7F35
:10B2B00044A31007233CCB7F10D342075358C87FC9
:10B2C000BE017507CF60C57F452FA7079655C27F82
:10B2D0009E5BD907A936BF7FC1860B080A04BC7FD5
:10B2E000A7B03D08B7BDB87F47D96F08B263B57F37
:10B2F0009A00A208FCF5B17F9826D4089474AE7F1A
:10B300003A4B06097CDFAA7F776E3809B436A77FEF
:10B3100049906A093C7AA37FA7B09C0915AA9F7F30
:10B3200089CFCE093FC69B7FE8EC000ABCCE977F51
:10B33000BC08330A8CC3937FFE22650AAFA48F7FBB
:10B34000A53B970A26728B7FAA52C90AF32B877FE7
:10B350000568FB0A14D2827FAE7B2D0B8B647E7F47
:10B360009F8D5F0B5AE3797FCE9D910B7F4E757F4A
:10B3700035ACC30BFDA5707FCBB8F50BD4E96B7F63
:10B3800089C3270C041A677F67CC590C8F36627FFC
:10B390005ED38B0C753F5D7F65D8BD0CB634587F8E
:10B3A00075DBEF0C5416537F87DC210D50E44D7F85
:10B3B00092DB530DAA9E487F8FD8850D6345437F4E
:10B3C00076D3B70D7CD83D7F3FCCE90DF557387F5C
:10B3D000E3C21B0ED0C3327F5BB74D0E0E1C2D7F18
:10B3E0009DA97F0EAF60277FA399B10EB491217FF5
:10B3F0006587E30E1EAF1B7FDC72150FEEB8157F5D
:10B40000FE5B470F24AF0F7FC642790FC391097FC0
:10B410002B27AB0FCB60037F2509DD0F3C1CFD7E86
:10B42000ADE80E1018C4F67EBBC540105F58F07E24
:10B4300047A0721013D9E97E4A78A4103546E37EFE
:10B44000BC4DD610C69FDC7E96200811C6E5D57E81
:10B45000CEF039113718CF7E5FBE6B111A37C87E18
:10B4600040899D116F42C17E6A51CF11393ABA7E2F
:10B47000D4160112771EB37E78D932122CEFAB7E30
:10B480004E99641258ACA47E4D569612FC559D7E82
:10B490006E10C81219EC957EAAC7F912B16E8E7E95
:10B4A000F97B2B13C5DD867E532D5D1356397F7EC8
:10B4B000B0DB8E136581777E0A87C013F3B56F7E8C
:10B4C000572FF21302D7677E92D4231493E45F7E42
:10B4D000B1765514A6DE577EAD1587143EC54F7E56
:10B4E0007FB1B8145B98477E1F4AEA14FE573F7E2F
:10B4F00085DF1B152A04377EAA714D15DF9C2E7E31
:10B5000086007F151E22267E118CB015E9931D7EC4
:10B510004414E21542F2147E17991316293D0C7E4D
:10B52000831A45169F74037E7F987616A798FA7D36
:10B530000513A81642A9F17D0C8AD91670A6E87DDC
:10B540008DFD0A173490DF7D806D3C178E66D67DA9
:10B55000DED96D178129CD7D9F429F170DD9C37DFF
:10B56000BBA7D0173475BA7D2C090218F7FDB07D42
:10B57000E86633185973A77DE9C064185AD59D7DD4
:10B5800027179618FB23947D9B69C7183F5F8A7D18
:10B590003CB8F8182787807D03032A19B59B767D70
:10B5A000E9495B19E99C6C7DE68C8C19C58A627D42
:10B5B000F2CBBD194C65587D0607EF197E2C4E7DE8
:10B5C0001B3E201A5EE0437D2771511AEC80397DC5
:10B5D00025A0821A2A0E2F7D0CCBB31A1A88247D3F
:10B5E000D6F1E41ABEEE197D7914161B18420F7DB0
:10B5F000EF32471B2882047D304D781BF0AEF97C7A
:10B600003463A91B73C8EE7CF574DA1BB1CEE37CFE
:10B610006A820B1CADC1D87C8C8B3C1C68A1CD7C94
:10B6200053906D1CE56DC27CB8909E1C2427B77C9E
:10B63000B38CCF1C27CDAB7C3C84001DF15FA07C7C
:10B640004D77311D82DF947CDD65621DDD4B897C89
:10B65000E54F931D04A57D7C5D35C41DF8EA717C22
:10B660003F16F51DBB1D667C81F2251E4F3D5A7CA1
:10B670001ECA561EB6494E7C0C9D871EF242427C65
:10B68000466BB81E0429367CC234E91EEEFB297CC9
:10B690007BF9191FB2BB1D7C67B94A1F5368117C27
:10B6A00080747B1FD101057CBF2AAC1F3088F87BDA
:10B6B0001ADCDC1F70FBEB7B8C880D20945BDF7B3E
:10B6C0000D303E209EA8D27B95D26E208FE2C57BA6
:10B6D0001C709F206A09B97B9B08D020311DAC7B70
:10B6E0000B9C0021E51D9F7B652A3121890B927BF4
:10B6F0009FB361211EE6847BB4379221A8AD777B8E
:10B700009CB6C22127626A7B4E30F3219D035D7B8C
:10B71000C5A423220E924F7BF81354227A0D427B4C
:10B72000DF7D8422E475347B74E2B4224FCB267B28
:10B73000AE41E522BB0D197B879B15232C3D0B7B6E
:10B74000F7EF4523A359FD7AF73E76232363EF7A7B
:10B750007E88A623AE59E17A86CCD623453DD37A9E
:10B76000070B0724EB0DC57AFA433724A3CBB67A2F
:10B77000577767246E76A87A17A597244F0E9A7A82
:10B7800032CDC72448938B7AA1EFF7245B057D7AED
:10B790005D0C28258A646E7A5E235825D8B05F7ABE
:10B7A0009D34882546EA507A1240B825D810427A4E
:10B7B000B545E8258F24337A814518266E25247AED
:10B7C0006C3F48267713157A70337826ADEE057AEC
:10B7D0008521A82611B7F679A509D826A66CE779A0
:10B7E000C6EB07276F0FD879E3C737276D9FC87956
:10B7F000F49D6727A41CB979F16D97271587A9795E
:10B80000D237C727C3DE997992FBF627B1238A790D
:10B8100028B92628E0557A798C70562854756A79AB
:10B82000B92186280E825A79A5CCB528117C4A798F
:10B830004A71E52860633A79A10F1529FE372A7904
:10B84000A2A74429EBF91979453974292CA909795A
:10B8500084C4A329C345F9785849D329B1CFE878DE
:10B86000B8C7022AFB46D8789D3F322AA1ABC778D9
:10B8700001B1612AA8FDB678DB1B912A103DA6789C
:10B880002580C02ADE699578D8DDEF2A1384847874
:10B89000EB341F2BB38B737858854E2BBF806278A7
:10B8A00017CF7D2B3B6351782112AD2B2833407885
:10B8B0006F4EDC2B8BF02E78F9830B2C649B1D785C
:10B8C000B9B23A2CB8330C78A6DA692C88B9FA7771
:10B8D000BAFB982CD82CE977ED15C82CAA8DD77710
:10B8E0003929F72C01DCC5779535262DDF17B4777C
:10B8F000FB3A552D4841A2776339842D3D58907706
:10B90000C730B32DC35C7E771E21E22DDB4E6C77F2
:10B91000620A112E882E5A778BEC3F2ECEFB47778A
:10B9200092C76E2EAEB63577709B9D2E2D5F237716
:10B930001E68CC2E4BF51077942DFB2E0E79FE76DB
:10B94000CCEB292F77EAEB76BDA2582F8849D97620
:10B950006252872F4696C676B2FAB52FB3D0B37629
:10B96000A69BE42FD2F8A07638351330A50E8E763C
:10B9700060C7413030127B7617527030760368769C
:10B9800055D59E3079E254761451CD303CAF417696
:10B990004DC5FB30C3692E76F8312A3111121B7662
:10B9A0000D97583127A8077687F486310A2CF4754D
:10B9B0005D4AB531BD9DE0758998E33142FDCC7596
:10B9C00003DF11329C4AB975C51D4032CF85A5757C
:10B9D000C7546E32DDAE917502849C32CAC57D7546
:10B9E0006FABCA3298CA697507CBF8324BBD557533
:10B9F000C2E22633E69D41759AF254336C6C2D7584
:10BA000088FA8233E028197584FAB03345D3047577
:10BA100087F2DE339E6BF0748AE20C34EFF1DB7454
:10BA200087CA3A343A66C77476AA683483C8B2744F
:10BA30004F829634CD189E740D52C4341B578974AE
:10BA4000A719F2347183747417D91F35D19D5F74AF
:10BA500056904D353EA64A745D3F7B35BD9C35748E
:10BA600024E6A83550812074A584D635FA530B748A
:10BA7000D91A0436C014F673B7A83136A3C3E073DD
:10BA80003B2E5F36A760CB735CAB8C36D0EBB573C7
:10BA90001320BA362265A0735A8CE7369ECC8A737F
:10BAA0002AF01437492275737A4B423726665F7342
:10BAB000469E6F373898497384E89C3783B8337350
:10BAC000302ACA3709C71D734063F737D0C30773DD
:10BAD000B0932438D8AEF17276BB51382888DB7227
:10BAE0008EDA7E38C04FC572EFF0AB38A605AF7264
:10BAF00093FED838DCA9987272030639663C8272CC
:10BB000087FF323948BD6B72C9F25F39842C557298
:10BB100032DD8C391F8A3E72BBBEB9391CD6277202
:10BB20005D97E6397D1011721267133A4839FA7140
:10BB3000D12D403A7F50E37195EB6C3A2656CC718B
:10BB400057A0993A404AB5710F4CC63AD22C9E7113
:10BB5000B7EEF23ADEFD867147881F3B68BD6F7114
:10BB6000BA184C3B736B587107A0783B04084171BD
:10BB7000291EA53B1E9329711793D13BC50C127149
:10BB8000CDFEFD3BFB74FA7042612A3CC6CBE270ED
:10BB900070BA563C2711CB704F0A833C2445B370D2
:10BBA000DA50AF3CC0679B70098EDB3CFE78837037
:10BBB000D5C1073DE3786B7039EC333D7167537045
:10BBC0002B0D603DAC443B70A7248C3D9910237035
:10BBD000A532B83D3BCB0A701F37E43D9674F26F37
:10BBE0000D32103EAD0CDA6F69233C3E8593C16F78
:10BBF0002C0B683E2009A96F4FE9933E846D906F2E
:10BC0000CCBDBF3EB3C0776F9C88EB3EB1025F6F87
:10BC1000B749173F8333466F1801433F2C532D6FAD
:10BC2000B8AE6E3FAF61146F8F529A3F125FFB6EDA
:10BC300097ECC53F574BE26ECA7CF13F8226C96E36
:10BC400020031D4098F0AF6E937F48409CA9966EEC
:10BC50001DF2734093517D6EB65A9F407FE8636E2C
:10BC600057B9CA40656E4A6EFB0DF64049E3306E27
:10BC70009A5821412F47176E2E994C411B9AFD6D02
:10BC8000B0CF774111DCE36D1AFCA241140DCA6DEF
:10BC9000641ECE41292DB06D8836F941543C966D15
:10BCA00080442442983A7C6D45484F42FA27626DA1
:10BCB000D0417A427E04486D1A31A54227D02D6DBD
:10BCC0001E16D042FA8A136DD4F0FA42FB34F96C96
:10BCD00035C125432ECEDE6C3C8750439756C46C4D
:10BCE000E1427B433ACEA96C1EF4A5431C358F6C10
:10BCF000EC9AD0433F8B746C4537FB43A9D0596C09
:10BD000023C925445D053F6C7E5050446029246C56
:10BD100050CD7A44B63C096C933FA544623FEE6B2C
:10BD20003FA7CF446A31D36B4F04FA44D012B86BAB
:10BD3000BC5624459BE39C6B809E4E45CDA3816BF6
:10BD400093DB78456A53666BF00DA34578F24A6B36
:10BD50008F35CD45FA802F6B6B52F745F5FE136B8F
:10BD60007C6421466C6CF86ABD6B4B4664C9DC6A26
:10BD700027687546E115C16AB4599F46E851A56A1E
:10BD80005C40C9467D7D896A1A1CF346A4986D6A99
:10BD9000E6EC1C4761A3516ABCB24647B99D356ABF
:10BDA000936D7047B087196A661D9A474A61FD69AD
:10BDB0002EC2C3478C2AE169E65BED477AE3C4698A
:10BDC00085EA1648188CA869076E40486C248C696F
:10BDD00064E6694878AC6F69975393484224536985
:10BDE00098B5BC48CE8B3669620CE64820E31969E9
:10BDF000EE570F493D2AFD68369838492961E068B9
:10BE000032CD6149E987C368DEF68A49819EA6681A
:10BE10003315B449F5A489682A28DD494B9B6C6821
:10BE2000BD2F064A86814F68E52B2F4AAA573268F4
:10BE30009D1C584ABE1D1568DE01814AC4D3F767B0
:10BE4000A1DBA94AC279DA67E1A9D24ABC0FBD6772
:10BE5000976CFB4AB7959F67BD23244BB60B82674F
:10BE60004DCF4C4BC07164673F6F754BD7C746676A
:10BE70008F039E4B020E2967368CC64B43440B67DB
:10BE80002D09EF4BA16AED666E7A174C1F81CF66C4
:10BE9000F3DF3F4CC387B166B639684C907E93663A
:10BEA000B187904C8C657566DDC9B84CBB3C576654
:10BEB0003400E14C22043966B02A094DC5BB1A662C
:10BEC0004B49314DA963FC65FE5B594DD3FBDD65E4
:10BED000C462814D4784BF65965DA94D0BFDA06589
:10BEE0006E4CD14D22668265452FF94D92BF636538
:10BEF0001706214E5F094565DCD0484E8E43266506
:10BF00008F8F704E246E07652942984E2689E8640B
:10BF1000A4E8BF4E9894C964FA82E74E7F90AA6461
:10BF200026110F4FDF7C8B642093364FBF596C6412
:10BF3000E3085E4F22274D646872854F0DE52D643E
:10BF4000ABCFAC4F85930E64A320D44F8F32EF63F9
:10BF50004D65FB4F30C2CF63A09D22506D42B06350
:10BF600099C949504AB390632FE97050CC1471635A
:10BF70005EFC9750F86651631F03BF50D4A931632C
:10BF80006CFDE55063DD116340EB0C51AC01F262D6
:10BF900094CC3351B216D26262A15A517B1CB26268
:10BFA000A46981510C1392625525A85169FA7162F6
:10BFB0006ED4CE5197D25162E976F5519D9B316294
:10BFC000C10C1C527D551162EF9542523E00F16149
:10BFD0006E126952E59BD06137828F527628B0612C
:10BFE00045E5B552F6A58F61923BDC526B146F614B
:10BFF00017850253D9734E61D0C1285346C42D61B1
:10C00000B5F14E53B7050D61C11475533038EC606E
:10C01000EF2A9B53B65BCB603834C1534F70AA6094
:10C020009730E7530076896005200D54CE6C686028
:10C030007D023354BE544760F9D75854D52D26603D
:10C0400073A07E5418F80460E55BA4548DB3E35FDD
:10C050004A0ACA543860C25F9CABEF541EFEA05F10
:10C06000D43F1555468D7F5FEDC63A55B30D5E5FE3
:10C07000E24060556B7F3C5FACAD855573E21A5F63
:10C08000460DAB55D136F95EAA5FD055897CD75E97
:10C09000D2A4F555A1B3B55EB8DC1A561FDC935E89
:10C0A0005707405606F6715EAA2465565D01505E3C
:10C0B000A9348A5628FE2D5E5037AF566EEC0B5EC3
:10C0C000992CD45632CCE95D7E14F9567C9DC75D1F
:10C0D000F9EE1D574E60A55D05BC4257B014835D57
:10C0E0009D7B6757A6BA605DB92D8C5736523E5D71
:10C0F00056D2B05765DB1B5D6C69D5573856F95C75
:10C10000F7F2F957B4C2D65CF16E1E58DF20B45C6A
:10C1100054DD4258BF70915C1B3E675858B26E5C4C
:10C120003F918B58B0E54B5CBCD6AF58CC0A295C2C
:10C130008C0ED458B221065CA938F858672AE35B04
:10C140000E551C59F024C05BB463405953119D5BDC
:10C150009764645996EF795BB1578859BDBF565BB8
:10C16000FD3CAC59CE81335B7414D059CF35105B94
:10C1700012DEF359C4DBEC5AD099175AB473C95A7A
:10C18000AA473B5AA4FDA55A9AE75E5A9A79825A61
:10C190009A79825A9AE75E5AA4FDA55AAA473B5A51
:10C1A000B473C95AD099175AC4DBEC5A12DEF3594A
:10C1B000CF35105B7414D059CE81335BFD3CAC5944
:10C1C000BDBF565BB157885996EF795B9764645948
:10C1D00053119D5BB4634059F024C05B0E551C594C
:10C1E000672AE35BA938F858B221065C8C0ED45854
:10C1F000CC0A295CBCD6AF58B0E54B5C3F918B585C
:10C2000058B26E5C1B3E6758BF70915C54DD42585B
:10C21000DF20B45CF16E1E58B4C2D65CF7F2F95759
:10C220003856F95C6C69D55765DB1B5D56D2B05743
:10C2300036523E5DB92D8C57A6BA605D9D7B67571F
:10C24000B014835D05BC42574E60A55DF9EE1D57E5
:10C250007C9DC75D7E14F95632CCE95D992CD4568D
:10C260006EEC0B5E5037AF5628FE2D5EA9348A5611
:10C270005D01505EAA24655606F6715E570740566A
:10C280001FDC935EB8DC1A56A1B3B55ED2A4F55597
:10C29000897CD75EAA5FD055D136F95E460DAB5585
:10C2A00073E21A5FACAD85556B7F3C5FE240605531
:10C2B000B30D5E5FEDC63A55468D7F5FD43F155591
:10C2C0001EFEA05F9CABEF543860C25F4A0ACA549E
:10C2D0008DB3E35FE55BA45418F8046073A07E544B
:10C2E000D52D2660F9D75854BE5447607D0233548B
:10C2F000CE6C686005200D54007689609730E75356
:10C300004F70AA603834C153B65BCB60EF2A9B53A1
:10C310003038EC60C1147553B7050D61B5F14E535B
:10C3200046C42D61D0C12853D9734E61178502537D
:10C330006B146F61923BDC52F6A58F6145E5B552F7
:10C340007628B06137828F52E59BD0616E126952B8
:10C350003E00F161EF9542527D551162C10C1C52B5
:10C360009D9B3162E976F55197D251626ED4CE51E0
:10C3700069FA71625525A8510C139262A469815122
:10C380007B1CB26262A15A51B216D26294CC335174
:10C39000AC01F26240EB0C5163DD11636CFDE550C2
:10C3A000D4A931631F03BF50F86651635EFC9750F8
:10C3B000CC1471632FE970504AB3906399C9495006
:10C3C0006D42B063A09D225030C2CF634D65FB4FDC
:10C3D0008F32EF63A320D44F85930E64ABCFAC4F65
:10C3E0000DE52D646872854F22274D64E3085E4F8A
:10C3F000BF596C642093364FDF7C8B6426110F4F3E
:10C400007F90AA64FA82E74E9894C964A4E8BF4E6C
:10C410002689E8642942984E246E07658F8F704EF6
:10C420008E432665DCD0484E5F0945651706214ED0
:10C4300092BF6365452FF94D226682656E4CD14DE2
:10C440000BFDA065965DA94D4784BF65C462814D13
:10C45000D3FBDD65FE5B594DA963FC654B49314D4E
:10C46000C5BB1A66B02A094D220439663400E14C76
:10C47000BB3C5766DDC9B84C8C657566B187904C7E
:10C48000907E9366B639684CC387B166F3DF3F4C44
:10C490001F81CF666E7A174CA16AED662D09EF4BAE
:10C4A00043440B67368CC64B020E29678F039E4BA5
:10C4B000D7C746673F6F754BC07164674DCF4C4B14
:10C4C000B60B8267BD23244BB7959F67976CFB4AD9
:10C4D000BC0FBD67E1A9D24AC279DA67A1DBA94ADC
:10C4E000C4D3F767DE01814ABE1D15689D1C584AFA
:10C4F000AA573268E52B2F4A86814F68BD2F064A1E
:10C500004B9B6C682A28DD49F5A489683315B4492A
:10C51000819EA668DEF68A49E987C36832CD614903
:10C520002961E068369838493D2AFD68EE570F4981
:10C5300020E31969620CE648CE8B366998B5BC4891
:10C54000422453699753934878AC6F6964E669480D
:10C550006C248C69076E4048188CA86985EA1648D7
:10C560007AE3C469E65BED478C2AE1692EC2C347D2
:10C570004A61FD69661D9A47B087196A936D7047D5
:10C58000B99D356ABCB2464761A3516AE6EC1C47C7
:10C59000A4986D6A1A1CF3467D7D896A5C40C94681
:10C5A000E851A56AB4599F46E115C16A27687546E6
:10C5B00064C9DC6ABD6B4B466C6CF86A7C642146CE
:10C5C000F5FE136B6B52F745FA802F6B8F35CD4517
:10C5D00078F24A6BF00DA3456A53666B93DB78459E
:10C5E000CDA3816B809E4E459BE39C6BBC5624453E
:10C5F000D012B86B4F04FA446A31D36B3FA7CF44D3
:10C60000623FEE6B933FA544B63C096C50CD7A4433
:10C610006029246C7E5050445D053F6C23C925443D
:10C62000A9D0596C4537FB433F8B746CEC9AD043CF
:10C630001C358F6C1EF4A5433ACEA96CE1427B43B6
:10C640009756C46C3C8750432ECEDE6C35C12543D3
:10C65000FB34F96CD4F0FA42FA8A136D1E16D042FC
:10C6600027D02D6D1A31A5427E04486DD0417A4203
:10C67000FA27626D45484F42983A7C6D80442442C7
:10C68000543C966D8836F941292DB06D641ECE411B
:10C69000140DCA6D1AFCA24111DCE36DB0CF7741D5
:10C6A0001B9AFD6D2E994C412F47176E9A582141C8
:10C6B00049E3306EFB0DF640656E4A6E57B9CA40CD
:10C6C0007FE8636EB65A9F4093517D6E1DF27340B2
:10C6D0009CA9966E937F484098F0AF6E20031D4052
:10C6E0008226C96ECA7CF13F574BE26E97ECC53F7C
:10C6F000125FFB6E8F529A3FAF61146FB8AE6E3F00
:10C700002C532D6F1801433F8333466FB749173FB2
:10C71000B1025F6F9C88EB3EB3C0776FCCBDBF3E6C
:10C72000846D906F4FE9933E2009A96F2C0B683EF2
:10C730008593C16F69233C3EAD0CDA6F0D32103E1C
:10C740009674F26F1F37E43D3BCB0A70A532B83DBB
:10C7500099102370A7248C3DAC443B702B0D603D99
:10C760007167537039EC333DE3786B70D5C1073D89
:10C77000FE788370098EDB3CC0679B70DA50AF3C5B
:10C780002445B3704F0A833C2711CB7070BA563CD6
:10C79000C6CBE27042612A3CFB74FA70CDFEFD3BD1
:10C7A000C50C12711793D13B1E932971291EA53B0D
:10C7B0000408417107A0783B736B5871BA184C3B61
:10C7C00068BD6F7147881F3BDEFD8671B7EEF23A98
:10C7D000D22C9E710F4CC63A404AB57157A0993A77
:10C7E0002656CC7195EB6C3A7F50E371D12D403ACF
:10C7F0004839FA711267133A7D1011725D97E63964
:10C800001CD62772BBBEB9391F8A3E7232DD8C3905
:10C81000842C5572C9F25F3948BD6B7287FF32397B
:10C82000663C827272030639DCA9987293FED8388E
:10C83000A605AF72EFF0AB38C04FC5728EDA7E3806
:10C840002888DB7276BB5138D8AEF172B0932438A9
:10C85000D0C307734063F73709C71D73302ACA373F
:10C8600083B8337384E89C3738984973469E6F3792
:10C8700026665F737A4B4237492275732AF0143764
:10C880009ECC8A735A8CE7362265A0731320BA3681
:10C89000D0EBB5735CAB8C36A760CB733B2E5F36A9
:10C8A000A3C3E073B7A83136C014F673D91A04369F
:10C8B000FA530B74A584D6355081207424E6A8352C
:10C8C000BD9C35745D3F7B353EA64A7456904D3510
:10C8D000D19D5F7417D91F3571837474A719F23411
:10C8E0001B5789740D52C434CD189E744F829634F0
:10C8F00083C8B27476AA68343A66C77487CA3A3471
:10C90000EFF1DB748AE20C349E6BF07487F2DE3355
:10C9100045D3047584FAB033E028197588FA823358
:10C920006C6C2D759AF25433E69D4175C2E2263344
:10C930004BBD557507CBF83298CA69756FABCA32D3
:10C94000CAC57D7502849C32DDAE9175C7546E32C6
:10C95000CF85A575C51D40329C4AB97503DF1132DC
:10C9600042FDCC758998E331BD9DE0755D4AB531D6
:10C970000A2CF47587F4863127A807760D9758316D
:10C9800011121B76F8312A31C3692E764DC5FB3062
:10C990003CAF41761451CD3079E2547655D59E3076
:10C9A000760368761752703030127B7660C741305C
:10C9B000A50E8E7638351330D2F8A076A69BE42FDC
:10C9C000B3D0B376B2FAB52F4696C6766252872FA9
:10C9D0008849D976BDA2582F77EAEB76CCEB292F80
:10C9E0000E79FE76942DFB2E4BF510771E68CC2E1B
:10C9F0002D5F2377709B9D2EAEB6357792C76E2E36
:10CA0000CEFB47778BEC3F2E882E5A77620A112E89
:10CA1000DB4E6C771E21E22DC35C7E77C730B32DD1
:10CA20003D5890776339842D4841A277FB3A552DC4
:10CA3000DF17B4779535262D01DCC5773929F72C1A
:10CA4000AA8DD777ED15C82CD82CE977BAFB982C8E
:10CA500088B9FA77A6DA692CB8330C78B9B23A2CCF
:10CA6000649B1D78F9830B2C8BF02E786F4EDC2B9A
:10CA7000283340782112AD2B3B63517817CF7D2BA3
:10CA8000BF80627858854E2BB38B7378EB341F2BA5
:10CA900013848478D8DDEF2ADE6995782580C02A52
:10CAA000103DA678DB1B912AA8FDB67801B1612A5A
:10CAB000A1ABC7789D3F322AFB46D878B8C7022A77
:10CAC000B1CFE8785849D329C345F97884C4A3295C
:10CAD0002CA9097945397429EBF91979A2A74429B8
:10CAE000FE372A79A10F152960633A794A71E52842
:10CAF000117C4A79A5CCB5280E825A79B9218628AD
:10CB000054756A798C705628E0557A7928B92628A8
:10CB1000B1238A7992FBF627C3DE9979D237C727EA
:10CB20001587A979F16D9727A41CB979F49D67271A
:10CB30006D9FC879E3C737276F0FD879C6EB0727F2
:10CB4000A66CE779A509D82611B7F6798521A8261C
:10CB5000ADEE057A703378267713157A6C3F482648
:10CB60006E25247A814518268F24337AB545E82529
:10CB7000D810427A1240B82546EA507A9D3488256A
:10CB8000D8B05F7A5E2358258A646E7A5D0C2825BA
:10CB90005B057D7AA1EFF72448938B7A32CDC724C9
:10CBA0004F0E9A7A17A597246E76A87A577767243E
:10CBB000A3CBB67AFA433724EB0DC57A070B0724CB
:10CBC000453DD37A86CCD623AE59E17A7E88A6231A
:10CBD0002363EF7AF73E7623A359FD7AF7EF4523D7
:10CBE0002C3D0B7B879B1523BB0D197BAE41E522AA
:10CBF0004FCB267B74E2B422E475347BDF7D842244
:10CC00007A0D427BF81354220E924F7BC5A4232247
:10CC10009D035D7B4E30F32127626A7B9CB6C22167
:10CC2000A8AD777BB43792211EE6847B9FB3612148
:10CC3000890B927B652A3121E51D9F7B0B9C00218E
:10CC4000311DAC7B9B08D0206A09B97B1C709F20EA
:10CC50008FE2C57B95D26E209EA8D27B0D303E2000
:10CC6000945BDF7B8C880D2070FBEB7B1ADCDC1F78
:10CC70003088F87BBF2AAC1FD101057C80747B1FF4
:10CC80005368117C67B94A1FB2BB1D7C7BF9191F21
:10CC9000EEFB297CC234E91E0429367C466BB81EA3
:10CCA000F242427C0C9D871EB6494E7C1ECA561E1F
:10CCB0004F3D5A7C81F2251EBB1D667C3F16F51D3B
:10CCC000F8EA717C5D35C41D04A57D7CE54F931D9C
:10CCD000DD4B897CDD65621D82DF947C4D77311DE3
:10CCE000F15FA07C3C84001D27CDAB7CB38CCF1CB6
:10CCF0002427B77CB8909E1CE56DC27C53906D1CB8
:10CD000068A1CD7C8C8B3C1CADC1D87C6A820B1C8D
:10CD1000B1CEE37CF574DA1B73C8EE7C3463A91BD7
:10CD2000F0AEF97C304D781B2882047DEF32471B32
:10CD300018420F7D7914161BBEEE197DD6F1E41A48
:10CD40001A88247D0CCBB31A2A0E2F7D25A0821AB7
:10CD5000EC80397D2771511A5EE0437D1B3E201A1D
:10CD60007E2C4E7D0607EF194C65587DF2CBBD1920
:10CD7000C58A627DE68C8C19E99C6C7DE9495B195A
:10CD8000B59B767D03032A192787807D3CB8F81868
:10CD90003F5F8A7D9B69C718FB23947D27179618F0
:10CDA0005AD59D7DE9C064185973A77DE86633188C
:10CDB000F7FDB07D2C0902183475BA7DBBA7D017DA
:10CDC0000DD9C37D9F429F178129CD7DDED96D1777
:10CDD0008E66D67D806D3C173490DF7D8DFD0A1701
:10CDE00070A6E87D0C8AD91642A9F17D0513A81614
:10CDF000A798FA7D7F9876169F74037E831A45164E
:10CE0000293D0C7E1799131642F2147E4414E21544
:10CE1000E9931D7E118CB0151E22267E86007F159B
:10CE2000DF9C2E7EAA714D152A04377E85DF1B15E7
:10CE3000FE573F7E1F4AEA145B98477E7FB1B814C5
:10CE40003EC54F7EAD158714A6DE577EB1765514CC
:10CE500093E45F7E92D4231402D7677E572FF21398
:10CE6000F3B56F7E0A87C0136581777EB0DB8E13C2
:10CE700056397F7E532D5D13C5DD867EF97B2B13DE
:10CE8000B16E8E7EAAC7F91219EC957E6E10C8128B
:10CE9000FC559D7E4D56961258ACA47E4E99641258
:10CEA0002CEFAB7E78D93212771EB37ED4160112E6
:10CEB000393ABA7E6A51CF116F42C17E40899D11C5
:10CEC0001A37C87E5FBE6B113718CF7ECEF039118E
:10CED000C6E5D57E96200811C69FDC7EBC4DD610D7
:10CEE0003546E37E4A78A41013D9E97E47A0721034
:10CEF0005F58F07EBBC5401018C4F67EADE80E103A
:10CF00003C1CFD7E2509DD0FCB60037F2B27AB0F7B
:10CF1000C391097FC642790F24AF0F7FFE5B470F95
:10CF2000EEB8157FDC72150F1EAF1B7F6587E30E11
:10CF3000B491217FA399B10EAF60277F9DA97F0E89
:10CF40000E1C2D7F5BB74D0ED0C3327FE3C21B0E8C
:10CF5000F557387F3FCCE90D7CD83D7F76D3B70DB0
:10CF60006345437F8FD8850DAA9E487F92DB530D82
:10CF700050E44D7F87DC210D5416537F75DBEF0C99
:10CF8000B634587F65D8BD0C753F5D7F5ED38B0C82
:10CF90008F36627F67CC590C041A677F89C3270CD0
:10CFA000D4E96B7FCBB8F50BFDA5707F35ACC30B17
:10CFB0007F4E757FCE9D910B5AE3797F9F8D5F0BDE
:10CFC0008B647E7FAE7B2D0B14D2827F0568FB0ABB
:10CFD000F32B877FAA52C90A26728B7FA53B970A3B
:10CFE000AFA48F7FFE22650A8CC3937FBC08330AEF
:10CFF000BCCE977FE8EC000A3FC69B7F89CFCE0965
:10D0000015AA9F7FA7B09C093C7AA37F49906A0923
:10D01000B436A77F776E38097CDFAA7F3A4B0609C2
:10D020009474AE7F9826D408FCF5B17F9A00A208CC
:10D03000B263B57F47D96F08B7BDB87FA7B03D08C9
:10D040000A04BC7FC1860B08A936BF7F9E5BD90747
:10D050009655C27F452FA707CF60C57FBE017507D4
:10D060005358C87F10D34207233CCB7F44A31007FB
:10D070003E0CCE7F6172DE06A3C8D07F6F40AC0647
:10D080005271D37F750D7A064B06D67F7CD9470641
:10D090008D87D87F8AA4150618F5DA7FA96EE30577
:10D0A000EC4EDD7FDF37B1050895DF7F34007F056B
:10D0B0006BC7E17FB0C74C0516E6E37F5C8E1A05AF
:10D0C00008F1E57F3D54E80440E8E77F5D19B604C8
:10D0D000C0CBE97FC3DD8304859BEB7F76A1510440
:10D0E0009057ED7F7F641F04E1FFEE7FE626ED039E
:10D0F0007794F07FB1E8BA035315F27FE9A988036A
:10D100007382F37F966A5603D8DBF47FBF2A240329
:10D110008221F67F6BEAF1026F53F77FA4A9BF0269
:10D12000A171F87F70688D02177CF97FD7265B02AA
:10D13000D172FA7FE1E42802CE55FB7F96A2F60178
:10D140000F25FC7FFE5FC40193E0FC7F1F1D920151
:10D150005A88FD7F03DA5F01641CFE7FB0962D01C3
:10D16000B29CFE7F2F53FB004209FF7F880FC9004E
:10D170001662FF7FC1CB96002CA7FF7FE387640078
:10D1800085D8FF7FF543320021F6FF7F00000000C5
:10D19000FFFFFF7F0ABCCDFF21F6FF7F1D789BFFBD
:10D1A00085D8FF7F3E3469FF2CA7FF7F78F036FFDC
:10D1B0001662FF7FD0AC04FF4209FF7F4F69D2FEA9
:10D1C000B29CFE7FFC25A0FE641CFE7FE0E26DFEAB
:10D1D0005A88FD7F01A03BFE93E0FC7F695D09FE5C
:10D1E0000F25FC7F1E1BD7FDCE55FB7F28D9A4FD44
:10D1F000D172FA7F8F9772FD177CF97F5B5640FDE5
:10D20000A171F87F94150EFD6F53F77F41D5DBFCBC
:10D210008221F67F6995A9FCD8DBF47F165677FC4E
:10D220007382F37F4E1745FC5315F27F19D912FC18
:10D230007794F07F809BE0FBE1FFEE7F895EAEFBA1
:10D240009057ED7F3C227CFB859BEB7FA2E649FB60
:10D25000C0CBE97FC2AB17FB40E8E77FA471E5FADA
:10D2600008F1E57F4F38B3FA16E6E37FCBFF80FA8B
:10D270006BC7E17F20C84EFA0895DF7F56911CFAF4
:10D28000EC4EDD7F755BEAF918F5DA7F8326B8F995
:10D290008D87D87F8AF285F94B06D67F90BF53F9E8
:10D2A0005271D37F9E8D21F9A3C8D07FBB5CEFF86C
:10D2B0003E0CCE7FEF2CBDF8233CCB7F41FE8AF89D
:10D2C0005358C87FBAD058F8CF60C57F61A426F8FC
:10D2D0009655C27F3E79F4F7A936BF7F584FC2F703
:10D2E0000A04BC7FB82690F7B7BDB87F65FF5DF72D
:10D2F000B263B57F67D92BF7FCF5B17FC5B4F9F6FA
:10D300009474AE7F8891C7F67CDFAA7FB66F95F6DE
:10D31000B436A77F584F63F63C7AA37F763031F658
:10D3200015AA9F7F1713FFF53FC69B7F43F7CCF5E8
:10D33000BCCE977F01DD9AF58CC3937F5AC468F504
:10D34000AFA48F7F55AD36F526728B7FFA9704F523
:10D35000F32B877F5184D2F414D2827F6072A0F4C1
:10D360008B647E7F31626EF45AE3797FCA533CF45A
:10D370007F4E757F34470AF4FDA5707F763CD8F365
:10D38000D4E96B7F9833A6F3041A677FA12C74F35A
:10D390008F36627F9A2742F3753F5D7F8A2410F3B0
:10D3A000B634587F7823DEF25416537F6D24ACF2E6
:10D3B00050E44D7F70277AF2AA9E487F892C48F26C
:10D3C0006345437FC03316F27CD83D7F1C3DE4F1BA
:10D3D000F557387FA548B2F1D0C3327F625680F14D
:10D3E0000E1C2D7F5C664EF1AF60277F9A781CF192
:10D3F000B491217F238DEAF01EAF1B7F01A4B8F00A
:10D40000EEB8157F39BD86F024AF0F7FD4D854F025
:10D41000C391097FDAF622F0CB60037F5217F1EF58
:10D420003C1CFD7E443ABFEF18C4F67EB85F8DEF1A
:10D430005F58F07EB5875BEF13D9E97E43B229EFE1
:10D440003546E37E6ADFF7EEC69FDC7E310FC6EE1F
:10D45000C6E5D57EA04194EE3718CF7EBF7662EE4A
:10D460001A37C87E95AE30EE6F42C17E2BE9FEEDD5
:10D47000393ABA7E8726CDED771EB37EB2669BED34
:10D480002CEFAB7EB2A969ED58ACA47E91EF37EDDD
:10D49000FC559D7E553806ED19EC957E0684D4EC3E
:10D4A000B16E8E7EACD2A2ECC5DD867E4F2471ECCF
:10D4B00056397F7EF5783FEC6581777EA8D00DECFC
:10D4C000F3B56F7E6D2BDCEB02D7677E4E89AAEB3E
:10D4D00093E45F7E52EA78EBA6DE577E804E47EB00
:10D4E0003EC54F7EE0B515EB5B98477E7A20E4EAB7
:10D4F000FE573F7E558EB2EA2A04377E79FF80EAD6
:10D50000DF9C2E7EEE734FEA1E22267EBBEB1DEAC9
:10D51000E9931D7EE866ECE942F2147E7CE5BAE907
:10D52000293D0C7E806789E99F74037EFBEC57E9F7
:10D53000A798FA7DF47526E942A9F17D7302F5E812
:10D5400070A6E87D7F92C3E83490DF7D212692E8C3
:10D550008E66D67D60BD60E88129CD7D44582FE878
:10D560000DD9C37DD3F6FDE73475BA7D1799CCE7A5
:10D57000F7FDB07D163F9BE75973A77DD8E869E7B3
:10D580005AD59D7D649638E7FB23947DC34707E712
:10D590003F5F8A7DFCFCD5E62787807D16B6A4E632
:10D5A000B59B767D197373E6E99C6C7D0D3442E67C
:10D5B000C58A627DF9F810E64C65587DE4C1DFE567
:10D5C0007E2C4E7DD88EAEE55EE0437DDA5F7DE554
:10D5D000EC80397DF3344CE52A0E2F7D2A0E1BE5B5
:10D5E0001A88247D86EBE9E4BEEE197D10CDB8E4FF
:10D5F00018420F7DCFB287E42882047DCB9C56E48D
:10D60000F0AEF97C0A8B25E473C8EE7C957DF4E3DB
:10D61000B1CEE37C7374C3E3ADC1D87CAC6F92E34D
:10D6200068A1CD7C476F61E3E56DC27C4C7330E34C
:10D630002427B77CC37BFFE227CDAB7CB288CEE248
:10D64000F15FA07C229A9DE282DF947C1AB06CE2AA
:10D65000DD4B897CA2CA3BE204A57D7CC1E90AE2DC
:10D66000F8EA717C7E0DDAE1BB1D667CE135A9E14B
:10D670004F3D5A7CF36278E1B6494E7CB99447E15C
:10D68000F242427C3DCB16E10429367C8406E6E07A
:10D69000EEFB297C9846B5E0B2BB1D7C7F8B84E015
:10D6A0005368117C41D553E0D101057CE52323E08B
:10D6B0003088F87B7377F2DF70FBEB7BF2CFC1DF52
:10D6C000945BDF7B6A2D91DF9EA8D27BE38F60DFC6
:10D6D0008FE2C57B64F72FDF6A09B97BF463FFDE55
:10D6E000311DAC7B9BD5CEDEE51D9F7B604C9EDE65
:10D6F000890B927B4BC86DDE1EE6847B63493DDE61
:10D70000A8AD777BB1CF0CDE27626A7B3A5BDCDDAC
:10D710009D035D7B07ECABDD0E924F7B20827BDDB2
:10D720007A0D427B8B1D4BDDE475347B51BE1ADDD7
:10D730004FCB267B7864EADCBB0D197B0810BADC82
:10D740002C3D0B7B08C189DCA359FD7A817759DC1C
:10D750002363EF7A793329DCAE59E17AF8F4F8DB08
:10D76000453DD37A05BCC8DBEB0DC57AA88898DBAC
:10D77000A3CBB67AE85A68DB6E76A87ACD3238DB6E
:10D780004F0E9A7A5E1008DB48938B7AA2F3D7DAB1
:10D790005B057D7AA1DCA7DA8A646E7A62CB77DAE0
:10D7A000D8B05F7AEDBF47DA46EA507A4ABA17DA5C
:10D7B000D810427A7EBAE7D98F24337A93C0B7D98A
:10D7C0006E25247A8FCC87D97713157A7ADE57D9CC
:10D7D000ADEE057A5BF627D911B7F6793914F8D88A
:10D7E000A66CE7791C38C8D86F0FD8790C6298D826
:10D7F0006D9FC8790F9268D8A41CB9792DC838D804
:10D800001587A9796D0409D8C3DE9979D746D9D788
:10D81000B1238A79738FA9D7E0557A7946DE79D713
:10D8200054756A795A334AD70E825A79B58E1AD707
:10D83000117C4A795EF0EAD660633A795D58BBD6CE
:10D84000FE372A79BAC68BD6EBF919797B3B5CD6C1
:10D850002CA90979A7B62CD6C345F9784738FDD548
:10D86000B1CFE87862C0CDD5FB46D878FE4E9ED5C4
:10D87000A1ABC77824E46ED5A8FDB678DA7F3FD592
:10D88000103DA678272210D5DE69957814CBE0D418
:10D8900013848478A77AB1D4B38B7378E83082D4B8
:10D8A000BF806278DEED52D43B63517890B123D4CF
:10D8B00028334078067CF4D38BF02E78464DC5D3C0
:10D8C000649B1D78592596D3B8330C78450467D3EB
:10D8D00088B9FA7712EA37D3D82CE977C6D608D3B5
:10D8E000AA8DD7776ACAD9D201DCC57704C5AAD276
:10D8F000DF17B4779CC67BD24841A27738CF4CD291
:10D900003D589077E1DE1DD2C35C7E779EF5EED167
:10D91000DB4E6C777413C0D1882E5A776D3891D155
:10D92000CEFB47778F6462D1AEB63577E19733D1BE
:10D930002D5F23776BD204D14BF510773314D6D0FB
:10D940000E79FE76425DA7D077EAEB769DAD78D072
:10D950008849D9764D054AD04696C67659641BD07B
:10D96000B3D0B376C7CAECCFD2F8A0769F38BECF7B
:10D97000A50E8E76E8AD8FCF30127B76AA2A61CFC6
:10D9800076036876EBAE32CF79E25476B23A04CFC2
:10D990003CAF417608CED5CEC3692E76F268A7CECD
:10D9A00011121B76780B79CE27A80776A2B54ACE3E
:10D9B0000A2CF47576671CCEBD9DE075FC20EECD7B
:10D9C00042FDCC753AE2BFCD9C4AB97538AB91CDDA
:10D9D000CF85A575FD7B63CDDDAE9175905435CDBA
:10D9E000CAC57D75F83407CD98CA69753D1DD9CC77
:10D9F0004BBD5575650DABCCE69D417577057DCC6E
:10DA00006C6C2D757B054FCCE0281975780D21CCF9
:10DA100045D30475751DF3CB9E6BF0747835C5CB7B
:10DA2000EFF1DB74895597CB3A66C774B07D69CB4B
:10DA300083C8B274F2AD3BCBCD189E7458E60DCBC3
:10DA40001B578974E826E0CA71837474A96FB2CA3F
:10DA5000D19D5F74A2C084CA3EA64A74DB1957CA1E
:10DA6000BD9C35745A7B29CA5081207427E5FBC9B7
:10DA7000FA530B744857CEC9C014F673C4D1A0C969
:10DA8000A3C3E073A35473C9A760CB73ECDF45C98C
:10DA9000D0EBB573A57318C92265A073D60FEBC878
:10DAA0009ECC8A7385B4BDC849227573BA6190C88B
:10DAB00026665F737B1763C838984973D0D535C81D
:10DAC00083B83373BF9C08C809C71D73506CDBC78C
:10DAD000D0C307738944AEC7D8AEF172712581C730
:10DAE0002888DB72100F54C7C04FC5726C0127C75E
:10DAF000A605AF728DFCF9C6DCA998727900CDC677
:10DB0000663C8272360DA0C648BD6B72CD2273C6CC
:10DB1000842C5572444146C61F8A3E72A26819C6BB
:10DB20001CD62772ED98ECC57D1011722ED2BFC5A0
:10DB30004839FA716A1493C57F50E371A85F66C5CE
:10DB40002656CC71F0B339C5404AB57148110DC5A0
:10DB5000D22C9E71B877E0C4DEFD867146E7B3C46F
:10DB600068BD6F71F85F87C4736B5871D7E15AC491
:10DB700004084171E86C2EC41E932971320102C45D
:10DB8000C50C1271BD9ED5C3FB74FA708F45A9C335
:10DB9000C6CBE270B0F57CC32711CB7025AF50C364
:10DBA0002445B370F67124C3C0679B702A3EF8C247
:10DBB000FE788370C713CCC2E3786B70D4F29FC237
:10DBC0007167537058DB73C2AC443B705ACD47C287
:10DBD00099102370E0C81BC23BCB0A70F2CDEFC195
:10DBE0009674F26F96DCC3C1AD0CDA6FD3F497C1B3
:10DBF0008593C16FB0166CC12009A96F334240C133
:10DC0000846D906F637714C1B3C0776F48B6E8C076
:10DC1000B1025F6FE7FEBCC08333466F475191C0CE
:10DC20002C532D6F70AD65C0AF61146F68133AC08F
:10DC3000125FFB6E35830EC0574BE26EDFFCE2BF16
:10DC40008226C96E6C80B7BF98F0AF6EE20D8CBFB4
:10DC50009CA9966E4AA560BF93517D6EA84635BFBC
:10DC60007FE8636E04F209BF656E4A6E65A7DEBE8B
:10DC700049E3306ED166B3BE2F47176E4F3088BE72
:10DC80001B9AFD6DE5035DBE11DCE36D9BE131BECA
:10DC9000140DCA6D77C906BE292DB06D7FBBDBBDE3
:10DCA000543C966DBAB7B0BD983A7C6D2FBE85BD19
:10DCB000FA27626DE5CE5ABD7E04486DE1E92FBDBD
:10DCC00027D02D6D2C0F05BDFA8A136DCA3EDABC24
:10DCD000FB34F96CC378AFBC2ECEDE6C1EBD84BCA9
:10DCE0009756C46CE10B5ABC3ACEA96C13652FBC95
:10DCF0001C358F6CBAC804BC3F8B746CDC36DABB45
:10DD0000A9D0596C81AFAFBB5D053F6CAF3285BB0D
:10DD10006029246C6CC05ABBB63C096CC05830BB3F
:10DD2000623FEE6BB0FB05BB6A31D36B43A9DBBA34
:10DD3000D012B86B7F61B1BA9BE39C6B6C2487BA3D
:10DD4000CDA3816B10F25CBA6A53666B70CA32BAAB
:10DD500078F24A6B94AD08BAFA802F6B839BDEB9D8
:10DD6000F5FE136B4294B4B96C6CF86AD8978AB913
:10DD700064C9DC6A4BA660B9E115C16AA3BF36B9B4
:10DD8000E851A56AE6E30CB97D7D896A1913E3B809
:10DD9000A4986D6A444DB9B861A3516A6C928FB86A
:10DDA000B99D356A99E265B8B087196AD13D3CB82A
:10DDB0004A61FD6919A412B88C2AE1697A15E9B79C
:10DDC0007AE3C469F891BFB7188CA8699B1996B714
:10DDD0006C248C6968AC6CB778AC6F69674A43B7E0
:10DDE000422453699DF319B7CE8B366911A8F0B65A
:10DDF00020E31969CA67C7B63D2AFD68CD329EB6D1
:10DE00002961E068210975B6E987C368CCEA4BB699
:10DE1000819EA668D5D722B6F5A4896842D0F9B507
:10DE20004B9B6C681AD4D0B586814F6862E3A7B566
:10DE3000AA57326821FE7EB5BE1D15685E2456B510
:10DE4000C4D3F7671E562DB5C279DA67689304B557
:10DE5000BC0FBD6742DCDBB4B7959F67B230B3B48B
:10DE6000B60B8267C0908AB4C071646770FC61B4FD
:10DE7000D7C74667C97339B4020E2967D2F610B402
:10DE800043440B679185E8B3A16AED660C20C0B3EB
:10DE90001F81CF6649C697B3C387B1664E786FB30B
:10DEA000907E9366223647B38C657566CBFF1EB3B2
:10DEB000BB3C57664FD5F6B222043966B5B6CEB232
:10DEC000C5BB1A6601A4A6B2A963FC653B9D7EB2E0
:10DED000D3FBDD656AA256B24784BF6592B32EB20A
:10DEE0000BFDA065BAD006B222668265E8F9DEB104
:10DEF00092BF6365232FB7B15F09456570708FB11D
:10DF00008E432665D6BD67B1246E07655B1740B1A9
:10DF10002689E864057D18B19894C964DAEEF0B0FA
:10DF20007F90AA64DF6CC9B0DF7C8B641CF7A1B062
:10DF3000BF596C64978D7AB022274D64553053B029
:10DF40000DE52D645CDF2BB085930E64B29A04B0AE
:10DF50008F32EF635F62DDAF30C2CF636736B6AF3B
:10DF60006D42B063D0168FAF4AB39063A10368AF20
:10DF7000CC147163E0FC40AFF866516393021AAFB2
:10DF8000D4A93163BF14F3AE63DD11636B33CCAE40
:10DF9000AC01F2629D5EA5AEB216D2625B967EAE19
:10DFA0007B1CB262AADA57AE0C139262912B31AE8F
:10DFB00069FA716216890AAE97D251623EF3E3ADF7
:10DFC0009D9B3162106ABDAD7D55116291ED96AD9C
:10DFD0003E00F161C87D70ADE59BD061BA1A4AADD3
:10DFE0007628B0616DC423ADF6A58F61E87AFDACEB
:10DFF0006B146F61303ED7ACD9734E614A0EB1AC31
:10E0000046C42D613EEB8AACB7050D6110D564ACFA
:10E010003038EC60C7CB3EACB65BCB6068CF18AC99
:10E020004F70AA60FADFF2AB0076896082FDCCAB5C
:10E03000CE6C68600628A7ABBE5447608C5F81AB8E
:10E04000D52D26601AA45BAB18F80460B5F535AB86
:10E050008DB3E35F645410AB3860C25F2BC0EAAA93
:10E060001EFEA05F1239C5AA468D7F5F1DBF9FAA05
:10E07000B30D5E5F53527AAA6B7F3C5FB9F254AA2C
:10E0800073E21A5F55A02FAAD136F95E2D5B0AAA5A
:10E09000897CD75E4723E5A9A1B3B55EA8F8BFA9DF
:10E0A0001FDC935E56DB9AA906F6715E56CB75A906
:10E0B0005D01505EAFC850A928FE2D5E66D32BA926
:10E0C0006EEC0B5E81EB06A932CCE95D0611E2A88D
:10E0D0007C9DC75DFA43BDA84E60A55D638498A88A
:10E0E000B014835D46D273A8A6BA605DA92D4FA86F
:10E0F00036523E5D93962AA865DB1B5D080D06A887
:10E100003856F95C0E91E1A7B4C2D65CAB22BDA72C
:10E11000DF20B45CE4C198A7BF70915CC06E74A7A7
:10E1200058B26E5C432950A7B0E54B5C73F12BA746
:10E13000CC0A295C56C707A7B221065CF2AAE3A65F
:10E14000672AE35B4B9CBFA6F024C05B689B9BA641
:10E1500053119D5B4EA877A696EF795B02C353A639
:10E16000BDBF565B8BEB2FA6CE81335BED210CA69A
:10E17000CF35105B2F66E8A5C4DBEC5A55B8C4A5B3
:10E18000B473C95A6518A1A5A4FDA55A66867DA5D4
:10E190009A79825A5B025AA59AE75E5A4B8C36A549
:10E1A000AA473B5A3B2413A5D099175A31CAEFA46A
:10E1B00012DEF359317ECCA47414D0594240A9A484
:10E1C000FD3CAC59691086A4B1578859ACEE62A4E5
:10E1D000976464590FDB3FA4B463405998D51CA4DD
:10E1E0000E551C594DDEF9A3A938F85833F5D6A3BE
:10E1F0008C0ED4584F1AB4A3BCD6AF58A74D91A3D8
:10E200003F918B58408F6EA31B3E675820DF4BA376
:10E2100054DD42584B3D29A3F16E1E58C7A906A3F1
:10E22000F7F2F9579A24E4A26C69D557C9ADC1A297
:10E2300056D2B05759459FA2B92D8C574FEB7CA2AF
:10E240009D7B6757B19F5AA205BC4257836238A293
:10E25000F9EE1D57CD3316A27E14F9569113F4A191
:10E26000992CD456D701D2A15037AF56A2FEAFA1F8
:10E27000A9348A56F9098EA1AA246556E1236CA116
:10E28000570740565E4C4AA1B8DC1A56768328A13F
:10E29000D2A4F5552EC906A1AA5FD0558C1DE5A0C4
:10E2A000460DAB559480C3A0ACAD85554CF2A1A0F2
:10E2B000E2406055BA7280A0EDC63A55E1015FA018
:10E2C000D43F1555C79F3DA09CABEF54724C1CA08A
:10E2D0004A0ACA54E707FB9FE55BA4542AD2D99F98
:10E2E00073A07E5441ABB89FF9D758543193979F90
:10E2F0007D023354FF89769F05200D54B08F559FC2
:10E300009730E75349A4349F3834C153D0C7139F83
:10E31000EF2A9B5348FAF29EC1147553B93BD29E23
:10E32000B5F14E53268CB19ED0C1285394EB909EEC
:10E3300017850253095A709E923BDC5289D74F9E33
:10E3400045E5B5521A642F9E37828F52C1FF0E9E4B
:10E350006E12695282AAEE9DEF9542526264CE9D82
:10E36000C10C1C52682DAE9DE976F55196058E9D27
:10E370006ED4CE51F4EC6D9D5525A85184E34D9D8E
:10E38000A46981514DE92D9D62A15A5153FE0D9D05
:10E3900094CC33519C22EE9C40EB0C512B56CE9CDE
:10E3A0006CFDE5500799AE9C1F03BF5033EB8E9C6C
:10E3B0005EFC9750B54C6F9C2FE9705092BD4F9CFE
:10E3C00099C94950CF3D309CA09D225070CD109CE2
:10E3D0004D65FB4F7A6CF19BA320D44FF21AD29B70
:10E3E000ABCFAC4FDDD8B29B6872854F40A6939BF4
:10E3F000E3085E4F2083749B2093364F806F559BBC
:10E4000026110F4F676B369BFA82E74ED976179B22
:10E41000A4E8BF4EDB91F89A2942984E71BCD99A74
:10E420008F8F704EA0F6BA9ADCD0484E6D409C9A01
:10E430001706214EDD997D9A452FF94DF5025F9A19
:10E440006E4CD14DB87B409A965DA94D2C04229A12
:10E45000C462814D569C039AFE5B594D3A44E5993E
:10E460004B49314DDEFBC699B02A094D44C3A899EA
:10E470003400E14C739A8A99DDC9B84C6F816C996C
:10E48000B187904C3C784E99B639684CE07E309913
:10E49000F3DF3F4C5E9512996E7A174CBCBBF49833
:10E4A0002D09EF4BFEF1D698368CC64B2838B9981B
:10E4B0008F039E4B3F8E9B983F6F754B49F47D9821
:10E4C0004DCF4C4B486A6098BD23244B43F0429893
:10E4D000976CFB4A3D862598E1A9D24A3B2C0898C7
:10E4E000A1DBA94A41E2EA97DE01814A55A8CD970E
:10E4F0009D1C584A7A7EB097E52B2F4AB5649397B6
:10E50000BD2F064A0A5B76972A28DD497E61599716
:10E510003315B44916783C97DEF68A49D69E1F9784
:10E5200032CD6149C2D5029736983849DF1CE6964C
:10E53000EE570F493174C996620CE648BDDBAC96C4
:10E5400098B5BC48875390969753934894DB73963D
:10E5500064E66948E7735796076E4048851C3B960A
:10E5600085EA164873D51E96E65BED47B59E029682
:10E570002EC2C3474F78E695661D9A474662CA95F4
:10E58000936D70479E5CAE95BCB246475B679295B3
:10E59000E6EC1C47828276951A1CF34617AE5A9514
:10E5A0005C40C9461EEA3E95B4599F469B3623956A
:10E5B0002768754693930795BD6B4B460B01EC940A
:10E5C0007C642146057FD0946B52F745870DB59446
:10E5D0008F35CD4595AC9994F00DA345325C7E9472
:10E5E00093DB7845641C6394809E4E452FED4794E1
:10E5F000BC56244595CE2C944F04FA449DC01194EA
:10E600003FA7CF444AC3F693933FA5449FD6DB93DD
:10E6100050CD7A44A2FAC0937E505044562FA69310
:10E6200023C92544C0748B934537FB43E4CA7093D8
:10E63000EC9AD043C53156931EF4A54368A93B9389
:10E64000E1427B43D13121933C87504304CB069375
:10E6500035C125430575EC92D4F0FA42D82FD292F9
:10E660001E16D04282FBB7921A31A54205D89D9260
:10E67000D0417A4267C5839245484F42ACC3699204
:10E6800080442442D6D24F928836F941EBF235923B
:10E69000641ECE41EE231C921AFCA241E465029254
:10E6A000B0CF7741D0B8E8912E994C41B61CCF91AC
:10E6B0009A5821419A91B591FB0DF64080179C9193
:10E6C00057B9CA406CAE8291B65A9F406356699161
:10E6D0001DF27340670F5091937F48407DD936916A
:10E6E00020031D40A8B41D91CA7CF13FEDA0049108
:10E6F00097ECC53F509EEB908F529A3FD3ACD2908F
:10E70000B8AE6E3F7CCCB9901801433F4EFDA0904F
:10E71000B749173F4C3F88909C88EB3E7B926F90A7
:10E72000CCBDBF3EDFF656904FE9933E7A6C3E90EB
:10E730002C0B683E52F3259069233C3E698B0D906B
:10E740000D32103EC434F58F1F37E43D66EFDC8F89
:10E75000A532B83D53BBC48FA7248C3D8E98AC8F97
:10E760002B0D603D1D87948F39EC333D01877C8FE5
:10E77000D5C1073D3F98648F098EDB3CDBBA4C8FD7
:10E78000DA50AF3CD8EE348F4F0A833C3A341D8FB9
:10E7900070BA563C048B058F42612A3C3BF3ED8EE8
:10E7A000CDFEFD3BE16CD68E1793D13BFBF7BE8EC1
:10E7B000291EA53B8C94A78E07A0783B9842908E8B
:10E7C000BA184C3B2202798E47881F3B2DD3618EAD
:10E7D000B7EEF23ABFB54A8E0F4CC63AD9A9338E7E
:10E7E00057A0993A80AF1C8E95EB6C3AB7C6058E50
:10E7F000D12D403A82EFEE8D1267133AE429D88D7D
:10E800005D97E639E075C18DBBBEB9397BD3AA8D62
:10E8100032DD8C39B742948DC9F25F3999C37D8D51
:10E8200087FF32392356678D7203063959FA508DA6
:10E8300093FED8383FB03A8DEFF0AB38D877248DBF
:10E840008EDA7E3827510E8D76BB5138303CF88CED
:10E85000B0932438F638E28C4063F7377D47CC8C90
:10E86000302ACA37C767B68C84E89C37D999A08C00
:10E87000469E6F37B6DD8A8C7A4B42376133758C92
:10E880002AF01437DD9A5F8C5A8CE7362F144A8CA5
:10E890001320BA36589F348C5CAB8C365C3C1F8C92
:10E8A0003B2E5F3640EB098CB7A8313605ACF48BB4
:10E8B000D91A0436AF7EDF8BA584D6354263CA8B66
:10E8C00024E6A835C159B58B5D3F7B352F62A08BFF
:10E8D00056904D358F7C8B8B17D91F35E4A8768BDE
:10E8E000A719F23432E7618B0D52C4347C374D8B5B
:10E8F0004F829634C599388B76AA6834100E248BD3
:10E9000087CA3A3461940F8B8AE20C34BA2CFB8AA2
:10E9100087F2DE331FD7E68A84FAB0339393D28A24
:10E9200088FA82331962BE8A9AF25433B442AA8AB0
:10E93000C2E226336735968A07CBF832353A828AA7
:10E940006FABCA3222516E8A02849C32307A5A8A64
:10E95000C7546E3263B5468AC51D4032BD02338A44
:10E9600003DF113242621F8A8998E331F5D30B8AA3
:10E970005D4AB531D857F88987F48631EEEDE489E0
:10E980000D9758313C96D189F8312A31C350BE8950
:10E990004DC5FB30861DAB891451CD3089FC97895C
:10E9A00055D59E30CFED8489175270305AF1718958
:10E9B00060C741302D075F89383513304C2F4C89A3
:10E9C000A69BE42FB9693989B2FAB52F77B62689A3
:10E9D0006252872F89151489BDA2582FF1860189AB
:10E9E000CCEB292FB40AEF88942DFB2ED3A0DC8822
:10E9F0001E68CC2E5149CA88709B9D2E3104B88860
:10EA000092C76E2E77D1A5888BEC3F2E24B19388C8
:10EA1000620A112E3CA381881E21E22DC2A76F88B5
:10EA2000C730B32DB7BE5D886339842D20E84B888D
:10EA3000FB3A552DFE233A889535262D55722888A8
:10EA40003929F72C27D31688ED15C82C7746058869
:10EA5000BAFB982C47CCF387A6DA692C9B64E28733
:10EA6000B9B23A2C750FD187F9830B2CD7CCBF875D
:10EA70006F4EDC2BC59CAE872112AD2B407F9D874E
:10EA800017CF7D2B4C748C8758854E2BEC7B7B8766
:10EA9000EB341F2B21966A87D8DDEF2AEFC2598706
:10EAA0002580C02A57024987DB1B912A5E5438878C
:10EAB00001B1612A04B927879D3F322A4E3017875A
:10EAC000B8C7022A3CBA06875849D329D356F686D6
:10EAD00084C4A3291406E6864539742902C8D5865C
:10EAE000A2A744299F9CC586A10F1529EE83B58650
:10EAF0004A71E528F17DA586A5CCB528AB8A958617
:10EB0000B92186281FAA85868C7056284EDC75860A
:10EB100028B926283C21668692FBF627EA78568695
:10EB2000D237C7275BE34686F16D97279260378619
:10EB3000F49D672790F02786E3C7372759931886F7
:10EB4000C6EB0727EE480986A509D8265211FA8593
:10EB50008521A82688ECEA857033782691DADB8552
:10EB60006C3F482670DBCC858145182627EFBD8594
:10EB7000B545E825B915AF851240B825284FA085C1
:10EB80009D348825759B91855E235825A4FA82853E
:10EB90005D0C2825B76C7485A1EFF724B0F165856D
:10EBA00032CDC7249189578517A597245C344985B0
:10EBB0005777672414F23A85FA433724BAC22C8572
:10EBC000070B072452A61E8586CCD623DC9C108515
:10EBD0007E88A6235CA60285F73E7623D3C2F48402
:10EBE000F7EF452344F2E684879B1523B034D9849C
:10EBF000AE41E5221B8ACB8474E2B42285F2BD8447
:10EC0000DF7D8422F16DB084F813542262FCA2846B
:10EC1000C5A42322D99D95844E30F3215752888470
:10EC20009CB6C221E1197B84B437922176F46D84BD
:10EC30009FB361211AE26084652A3121CEE25384B8
:10EC40000B9C002195F646849B08D020701D3A84C9
:10EC50001C709F2061572D8495D26E206BA4208458
:10EC60000D303E208F0414848C880D20CF770784CC
:10EC70001ADCDC1F2EFEFA83BF2AAC1FAC97EE8392
:10EC800080747B1F4D44E28367B94A1F1104D68309
:10EC90007BF9191FFBD6C983C234E91E0DBDBD83A4
:10ECA000466BB81E49B6B1830C9D871EB0C2A583C2
:10ECB0001ECA561E44E2998381F2251E07158E83D3
:10ECC0003F16F51DFB5A82835D35C41D22B4768341
:10ECD000E54F931D7D206B83DD65621D0EA05F8374
:10ECE0004D77311DD83254833C84001DDBD84883D6
:10ECF000B38CCF1C1A923D83B8909E1C975E3283D2
:10ED000053906D1C523E27838C8B3C1C4E311C83D0
:10ED10006A820B1C8C371183F574DA1B0F51068342
:10ED20003463A91BD87DFB82304D781BE8BDF0828F
:10ED3000EF32471B4111E6827914161BE577DB821F
:10ED4000D6F1E41AD5F1D0820CCBB31A137FC68268
:10ED500025A0821AA11FBC822771511A81D3B182CA
:10ED60001B3E201AB39AA7820607EF193A759D82B7
:10ED7000F2CBBD1916639382E68C8C194A648982A2
:10ED8000E9495B19D8787F8203032A19C0A07582EC
:10ED90003CB8F81804DC6B829B69C718A52A62820C
:10EDA00027179618A68C5882E9C0641808024F826B
:10EDB000E8663318CB8A45822C090218F2263C8279
:10EDC000BBA7D0177ED632829F429F1771992982A6
:10EDD000DED96D17CB6F2082806D3C178F5917825B
:10EDE0008DFD0A17BE560E820C8AD9165867058209
:10EDF0000513A816608BFC817F987616D7C2F38125
:10EE0000831A4516BD0DEB8117991316166CE28116
:10EE10004414E215E1DDD981118CB0152063D18154
:10EE200086007F15D5FBC881AA714D1501A8C08148
:10EE300085DF1B15A467B8811F4AEA14C13AB08167
:10EE40007FB1B8145921A881AD1587146C1BA0811E
:10EE5000B1765514FD28988192D423140C4A9081E0
:10EE6000572FF2139A7E88810A87C013A9C6808122
:10EE7000B0DB8E133A227981532D5D134E9171814F
:10EE8000F97B2B13E6136A81AAC7F91203AA6281E0
:10EE90006E10C812A8535B814D569612D310548140
:10EEA0004E99641288E14C8178D93212C6C54581E9
:10EEB000D416011290BD3E816A51CF11E6C8378148
:10EEC00040899D11C8E730815FBE6B11391A2A81D4
:10EED000CEF039113960238196200811CAB91C81FE
:10EEE000BC4DD610EC2616814A78A410A0A70F813D
:10EEF00047A07210E83B0981BBC54010C3E3028103
:10EF0000ADE80E10359FFC802509DD0F3C6EF680C4
:10EF10002B27AB0FDB50F080C642790F1247EA80F7
:10EF2000FE5B470FE250E480DC72150F4C6EDE8012
:10EF30006587E30E519FD880A399B10EF1E3D2808B
:10EF40009DA97F0E2F3CCD805BB74D0E0AA8C780D0
:10EF5000E3C21B0E8327C2803FCCE90D9CBABC8064
:10EF600076D3B70D5561B7808FD8850DAF1BB280B2
:10EF700092DB530DABE9AC8087DC210D49CBA78038
:10EF800075DBEF0C8BC0A28065D8BD0C70C99D806D
:10EF90005ED38B0CFBE5988067CC590C2B169480C4
:10EFA00089C3270C025A8F80CBB8F50B80B18A80B9
:10EFB00035ACC30BA51C8680CE9D910B749B8180C4
:10EFC0009F8D5F0BEB2D7D80AE7B2D0B0DD478805C
:10EFD0000568FB0AD98D7480AA52C90A505B7080FB
:10EFE000A53B970A733C6C80FE22650A433168801A
:10EFF000BC08330AC0396480E8EC000AEA55608036
:10F0000089CFCE09C3855C80A7B09C094CC95880C4
:10F0100049906A0983205580776E38096B8B51803F
:10F020003A4B0609030A4E809826D4084D9C4A8024
:10F030009A00A2084842478047D96F08F6FB4380F0
:10F04000A7B03D0856C94080C1860B0869AA3D801B
:10F050009E5BD907319F3A80452FA707ACA7378021
:10F06000BE017507DCC3348010D34207C1F3318081
:10F0700044A310075C372F806172DE06AD8E2C80B2
:10F080006F40AC06B4F92980750D7A067278278036
:10F090007CD94706E70A25808AA4150613B1228089
:10F0A000A96EE305F86A2080DF37B10594381E8029
:10F0B00034007F05E9191C80B0C74C05F70E1A8093
:10F0C0005C8E1A05BF1718803D54E8044034168042
:10F0D0005D19B6047A641480C3DD83046FA81280BE
:10F0E00076A151041E0011807F641F04886B0F807D
:10F0F000E626ED03ACEA0D80B1E8BA038C7D0C8006
:10F10000E9A9880327240B80966A56037DDE0980CF
:10F11000BF2A240390AC08806BEAF1025E8E078060
:10F12000A4A9BF02E883068070688D022E8D058039
:10F13000D7265B0231AA0480E1E42802F0DA0380DA
:10F1400096A2F6016C1F0380FE5FC401A5770280C2
:10F150001F1D92019BE3018003DA5F014D63018073
:10F16000B0962D01BDF600802F53FB00E99D008075
:10F17000880FC900D3580080C1CB96007A27008041
:10F18000E3876400DE090080F54332000000008060
:10F1900000000000DE0900800ABCCDFF7A27008055
:10F1A0001D789BFFD35800803E3469FFE99D0080A5
:10F1B00078F036FFBDF60080D0AC04FF4D630180CF
:10F1C0004F69D2FE9BE30180FC25A0FEA57702805B
:10F1D000E0E26DFE6C1F038001A03BFEF0DA0380CD
:10F1E000695D09FE31AA04801E1BD7FD2E8D0580A6
:10F1F00028D9A4FDE88306808F9772FD5E8E078074
:10F200005B5640FD90AC088094150EFD7DDE0980B4
:10F2100041D5DBFC27240B806995A9FC8C7D0C80F3
:10F22000165677FCACEA0D804E1745FC886B0F80B4
:10F2300019D912FC1E001180809BE0FB6FA8128080
:10F24000895EAEFB7A6414803C227CFB40341680DD
:10F25000A2E649FBBF171880C2AB17FBF70E1A8056
:10F26000A471E5FAE9191C804F38B3FA94381E806E
:10F27000CBFF80FAF86A208020C84EFA13B12280B2
:10F2800056911CFAE70A2580755BEAF972782780A7
:10F290008326B8F9B4F929808AF285F9AD8E2C80DD
:10F2A00090BF53F95C372F809E8D21F9C1F33180D7
:10F2B000BB5CEFF8DCC33480EF2CBDF8ACA7378023
:10F2C00041FE8AF8319F3A80BAD058F869AA3D8049
:10F2D00061A426F856C940803E79F4F7F6FB4380D6
:10F2E000584FC2F748424780B82690F74D9C4A8055
:10F2F00065FF5DF7030A4E8067D92BF76B8B518052
:10F30000C5B4F9F6832055808891C7F64CC958805A
:10F31000B66F95F6C3855C80584F63F6EA556080FA
:10F32000763031F6C03964801713FFF543316880B9
:10F3300043F7CCF5733C6C8001DD9AF5505B70802F
:10F340005AC468F5D98D748055AD36F50DD47880E2
:10F35000FA9704F5EB2D7D805184D2F4749B818063
:10F360006072A0F4A51C868031626EF480B18A8040
:10F37000CA533CF4025A8F8034470AF42B16948007
:10F38000763CD8F3FBE598809833A6F370C99D804E
:10F39000A12C74F38BC0A2809A2742F349CBA7809B
:10F3A0008A2410F3ABE9AC807823DEF2AF1BB28085
:10F3B0006D24ACF25561B78070277AF29CBABC809C
:10F3C000892C48F28327C280C03316F20AA8C7806E
:10F3D0001C3DE4F12F3CCD80A548B2F1F1E3D28091
:10F3E000625680F1519FD8805C664EF14C6EDE8093
:10F3F0009A781CF1E250E480238DEAF01247EA800B
:10F4000001A4B8F0DB50F08039BD86F03C6EF68088
:10F41000D4D854F0359FFC80DAF622F0C3E30281A1
:10F420005217F1EFE83B0981443ABFEFA0A70F81E3
:10F43000B85F8DEFEC261681B5875BEFCAB91C81EA
:10F4400043B229EF396023816ADFF7EE391A2A8146
:10F45000310FC6EEC8E73081A04194EEE6C837818F
:10F46000BF7662EE90BD3E8195AE30EEC6C5458159
:10F470002BE9FEED88E14C818726CDEDD310548138
:10F48000B2669BEDA8535B81B2A969ED03AA6281C4
:10F4900091EF37EDE6136A81553806ED4E91718193
:10F4A0000684D4EC3A227981ACD2A2ECA9C6808140
:10F4B0004F2471EC9A7E8881F5783FEC0C4A90815C
:10F4C000A8D00DECFD2898816D2BDCEB6C1BA08186
:10F4D0004E89AAEB5921A88152EA78EBC13AB08152
:10F4E000804E47EBA467B881E0B515EB01A8C08159
:10F4F0007A20E4EAD5FBC881558EB2EA2063D18137
:10F5000079FF80EAE1DDD981EE734FEA166CE28182
:10F51000BBEB1DEABD0DEB81E866ECE9D7C2F381D8
:10F520007CE5BAE9608BFC81806789E958670582D0
:10F53000FBEC57E9BE560E82F47526E98F59178207
:10F540007302F5E8CB6F20827F92C3E8719929821C
:10F55000212692E87ED6328260BD60E8F2263C82A7
:10F5600044582FE8CB8A4582D3F6FDE708024F8244
:10F570001799CCE7A68C5882163F9BE7A52A628292
:10F58000D8E869E704DC6B82649638E7C0A075822E
:10F59000C34707E7D8787F82FCFCD5E64A648982B6
:10F5A00016B6A4E616639382197373E63A759D82C4
:10F5B0000D3442E6B39AA782F9F810E681D3B182FE
:10F5C000E4C1DFE5A11FBC82D88EAEE5137FC68201
:10F5D000DA5F7DE5D5F1D082F3344CE5E577DB8267
:10F5E0002A0E1BE54111E68286EBE9E4E8BDF082D4
:10F5F00010CDB8E4D87DFB82CFB287E40F510683EB
:10F60000CB9C56E48C3711830A8B25E44E311C8346
:10F61000957DF4E3523E27837374C3E3975E328390
:10F62000AC6F92E31A923D83476F61E3DBD8488366
:10F630004C7330E3D8325483C37BFFE20EA05F8368
:10F64000B288CEE27D206B83229A9DE222B476833B
:10F650001AB06CE2FB5A8283A2CA3BE207158E8382
:10F66000C1E90AE244E299837E0DDAE1B0C2A583E2
:10F67000E135A9E149B6B183F36278E10DBDBD83FF
:10F68000B99447E1FBD6C9833DCB16E11104D6837B
:10F690008406E6E04D44E2839846B5E0AC97EE83FD
:10F6A0007F8B84E02EFEFA8341D553E0CF77078429
:10F6B000E52323E08F0414847377F2DF6BA42084A6
:10F6C000F2CFC1DF61572D846A2D91DF701D3A841E
:10F6D000E38F60DF95F6468464F72FDFCEE2538434
:10F6E000F463FFDE1AE260849BD5CEDE76F46D848F
:10F6F000604C9EDEE1197B844BC86DDE57528884D6
:10F7000063493DDED99D9584B1CF0CDE62FCA284B5
:10F710003A5BDCDDF16DB08407ECABDD85F2BD84D6
:10F7200020827BDD1B8ACB848B1D4BDDB034D984DA
:10F7300051BE1ADD44F2E6847864EADCD3C2F48474
:10F740000810BADC5CA6028508C189DCDC9C108547
:10F75000817759DC52A61E85793329DCBAC22C8503
:10F76000F8F4F8DB14F23A8505BCC8DB5C34498553
:10F77000A88898DB91895785E85A68DBB0F16585E0
:10F78000CD3238DBB76C74855E1008DBA4FA828555
:10F79000A2F3D7DA759B9185A1DCA7DA284FA08563
:10F7A00062CB77DAB915AF85EDBF47DA27EFBD85B4
:10F7B0004ABA17DA70DBCC857EBAE7D991DADB85F5
:10F7C00093C0B7D988ECEA858FCC87D95211FA85D6
:10F7D0007ADE57D9EE4809865BF627D95993188601
:10F7E0003914F8D890F027861C38C8D8926037862C
:10F7F0000C6298D85BE346860F9268D8EA78568602
:10F800002DC838D83C2166866D0409D84EDC758633
:10F81000D746D9D71FAA8586738FA9D7AB8A958675
:10F8200046DE79D7F17DA5865A334AD7EE83B58671
:10F83000B58E1AD79F9CC5865EF0EAD602C8D586DB
:10F840005D58BBD61406E686BAC68BD6D356F68666
:10F850007B3B5CD63CBA0687A7B62CD64E301787C2
:10F860004738FDD504B9278762C0CDD55E543887A7
:10F87000FE4E9ED55702498724E46ED5EFC25987C4
:10F88000DA7F3FD521966A87272210D5EC7B7B87CC
:10F8900014CBE0D44C748C87A77AB1D4407F9D8779
:10F8A000E83082D4C59CAE87DEED52D4D7CCBF877A
:10F8B00090B123D4750FD187067CF4D39B64E28783
:10F8C000464DC5D347CCF387592596D3774605884F
:10F8D000450467D327D3168812EA37D35572288890
:10F8E000C6D608D3FE233A886ACAD9D220E84B8804
:10F8F00004C5AAD2B7BE5D889CC67BD2C2A76F885A
:10F9000038CF4CD23CA38188E1DE1DD224B193884C
:10F910009EF5EED177D1A5887413C0D13104B88893
:10F920006D3891D15149CA888F6462D1D3A0DC88E7
:10F93000E19733D1B40AEF886BD204D1F186018903
:10F940003314D6D089151489425DA7D077B626899D
:10F950009DAD78D0B96939894D054AD04C2F4C8975
:10F9600059641BD02D075F89C7CAECCF5AF1718942
:10F970009F38BECFCFED8489E8AD8FCF89FC9789C2
:10F98000AA2A61CF861DAB89EBAE32CFC350BE89A8
:10F99000B23A04CF3C96D18908CED5CEEEEDE489BB
:10F9A000F268A7CED857F889780B79CEF5D30B8AB1
:10F9B000A2B54ACE42621F8A76671CCEBD02338A48
:10F9C000FC20EECD63B5468A3AE2BFCD307A5A8A42
:10F9D00038AB91CD22516E8AFD7B63CD353A828A58
:10F9E000905435CD6735968AF83407CDB442AA8A4B
:10F9F0003D1DD9CC1962BE8A650DABCC9393D28ADA
:10FA000077057DCC1FD7E68A7B054FCCBA2CFB8AC5
:10FA1000780D21CC61940F8B751DF3CB100E248BC8
:10FA20007835C5CBC599388B895597CB7C374D8BAD
:10FA3000B07D69CB32E7618BF2AD3BCBE4A8768B2E
:10FA400058E60DCB8F7C8B8BE826E0CA2F62A08B0B
:10FA5000A96FB2CAC159B58BA2C084CA4263CA8B0E
:10FA6000DB1957CAAF7EDF8B5A7B29CA05ACF48BF2
:10FA700027E5FBC940EB098C4857CEC95C3C1F8C7D
:10FA8000C4D1A0C9589F348CA35473C92F144A8C75
:10FA9000ECDF45C9DD9A5F8CA57318C96133758C9D
:10FAA000D60FEBC8B6DD8A8C85B4BDC8D999A08CB9
:10FAB000BA6190C8C767B68C7B1763C87D47CC8C8A
:10FAC000D0D535C8F638E28CBF9C08C8303CF88CDD
:10FAD000506CDBC727510E8D8944AEC7D877248D73
:10FAE000712581C73FB03A8D100F54C759FA508D18
:10FAF0006C0127C72356678D8DFCF9C699C37D8D90
:10FB00007900CDC6B742948D360DA0C67BD3AA8DA1
:10FB1000CD2273C6E075C18D444146C6E429D88D17
:10FB2000A26819C682EFEE8DED98ECC5B7C6058EBA
:10FB30002ED2BFC580AF1C8E6A1493C5D9A9338E4F
:10FB4000A85F66C5BFB54A8EF0B339C52DD3618EA7
:10FB500048110DC52202798EB877E0C49842908E84
:10FB600046E7B3C48C94A78EF85F87C4FBF7BE8EBC
:10FB7000D7E15AC4E16CD68EE86C2EC43BF3ED8E0F
:10FB8000320102C4048B058FBD9ED5C33A341D8F4C
:10FB90008F45A9C3D8EE348FB0F57CC3DBBA4C8F48
:10FBA00025AF50C33F98648FF67124C301877C8FC3
:10FBB0002A3EF8C21D87948FC713CCC28E98AC8F93
:10FBC000D4F29FC253BBC48F58DB73C266EFDC8F85
:10FBD0005ACD47C2C434F58FE0C81BC2698B0D9063
:10FBE000F2CDEFC152F3259096DCC3C17A6C3E9002
:10FBF000D3F497C1DFF65690B0166CC17B926F902C
:10FC0000334240C14C3F8890637714C14EFDA090B1
:10FC100048B6E8C07CCCB990E7FEBCC0D3ACD2906B
:10FC2000475191C0509EEB9070AD65C0EDA004911E
:10FC300068133AC0A8B41D9135830EC07DD93691A2
:10FC4000DFFCE2BF670F50916C80B7BF63566991CC
:10FC5000E20D8CBF6CAE82914AA560BF80179C916B
:10FC6000A84635BF9A91B59104F209BFB61CCF9151
:10FC700065A7DEBED0B8E891D166B3BEE465029256
:10FC80004F3088BEEE231C92E5035DBEEBF2359249
:10FC90009BE131BED6D24F9277C906BEACC3699202
:10FCA0007FBBDBBD67C58392BAB7B0BD05D89D9257
:10FCB0002FBE85BD82FBB792E5CE5ABDD82FD2921A
:10FCC000E1E92FBD0575EC922C0F05BD04CB069321
:10FCD000CA3EDABCD1312193C378AFBC68A93B934B
:10FCE0001EBD84BCC5315693E10B5ABCE4CA709367
:10FCF00013652FBCC0748B93BAC804BC562FA6934F
:10FD0000DC36DABBA2FAC09381AFAFBB9FD6DB93E0
:10FD1000AF3285BB4AC3F6936CC05ABB9DC01194E9
:10FD2000C05830BB95CE2C94B0FB05BB2FED47944B
:10FD300043A9DBBA641C63947F61B1BA325C7E94E0
:10FD40006C2487BA95AC999410F25CBA870DB5947F
:10FD500070CA32BA057FD09494AD08BA0B01EC9406
:10FD6000839BDEB9939307954294B4B99B36239550
:10FD7000D8978AB91EEA3E954BA660B917AE5A9538
:10FD8000A3BF36B982827695E6E30CB95B6792959C
:10FD90001913E3B89E5CAE95444DB9B84662CA9556
:10FDA0006C928FB84F78E69599E265B8B59E029649
:10FDB000D13D3CB873D51E9619A412B8851C3B964C
:10FDC0007A15E9B7E7735796F891BFB794DB739646
:10FDD0009B1996B78753909668AC6CB7BDDBAC9611
:10FDE000674A43B73174C9969DF319B7DF1CE6968D
:10FDF00011A8F0B6C2D50297CA67C7B6D69E1F979C
:10FE0000CD329EB616783C97210975B67E6159971A
:10FE1000CCEA4BB60A5B7697D5D722B6B5649397F2
:10FE200042D0F9B57A7EB0971AD4D0B555A8CD97FF
:10FE300062E3A7B541E2EA9721FE7EB53B2C089824
:10FE40005E2456B53D8625981E562DB543F0429842
:10FE5000689304B5486A609842DCDBB449F47D9845
:10FE6000B230B3B43F8E9B98C0908AB42838B9980A
:10FE700070FC61B4FEF1D698C97339B4BCBBF49878
:10FE8000D2F610B45E9512999185E8B3E07E309970
:10FE90000C20C0B33C784E9949C697B36F816C99DA
:10FEA0004E786FB3739A8A99223647B344C3A899A0
:10FEB000CBFF1EB3DEFBC6994FD5F6B23A44E599A7
:10FEC000B5B6CEB2569C039A01A4A6B22C04229ACF
:10FED0003B9D7EB2B87B409A6AA256B2F5025F9A09
:10FEE00092B32EB2DD997D9ABAD006B26D409C9A3B
:10FEF000E8F9DEB1A0F6BA9A232FB7B171BCD99A4E
:10FF000070708FB1DB91F89AD6BD67B1D976179B27
:10FF10005B1740B1676B369B057D18B1806F559BB1
:10FF2000DAEEF0B02083749BDF6CC9B040A6939BDF
:10FF30001CF7A1B0DDD8B29B978D7AB0F21AD29B94
:10FF4000553053B07A6CF19B5CDF2BB070CD109CB8
:10FF5000B29A04B0CF3D309C5F62DDAF92BD4F9C42
:10FF60006736B6AFB54C6F9CD0168FAF33EB8E9C17
:10FF7000A10368AF0799AE9CE0FC40AF2B56CE9C26
:10FF800093021AAF9C22EE9CBF14F3AE53FE0D9D5C
:10FF90006B33CCAE4DE92D9D9D5EA5AE84E34D9DAA
:10FFA0005B967EAEF4EC6D9DAADA57AE96058E9DFB
:10FFB000912B31AE682DAE9D16890AAE6264CE9D3E
:10FFC0003EF3E3AD82AAEE9D106ABDADC1FF0E9E69
:10FFD00091ED96AD1A642F9EC87D70AD89D74F9E66
:10FFE000BA1A4AAD095A709E6DC423AD94EB909E27
:10FFF000E87AFDAC268CB19E303ED7ACB93BD29EA0
:020000040802F0
:100000004A0EB1AC48FAF29E3EEB8AACD0C7139FC1
:1000100010D564AC49A4349FC7CB3EACB08F559F7C
:1000200068CF18ACFF89769FFADFF2AB3193979FC8
:1000300082FDCCAB41ABB89F0628A7AB2AD2D99F93
:100040008C5F81ABE707FB9F1AA45BAB724C1CA0D3
:10005000B5F535ABC79F3DA0645410ABE1015FA07F
:100060002BC0EAAABA7280A01239C5AA4CF2A1A08C
:100070001DBF9FAA9480C3A053527AAA8C1DE5A0ED
:10008000B9F254AA2EC906A155A02FAA768328A199
:100090002D5B0AAA5E4C4AA14723E5A9E1236CA186
:1000A000A8F8BFA9F9098EA156DB9AA9A2FEAFA1B3
:1000B00056CB75A9D701D2A1AFC850A99113F4A10D
:1000C00066D32BA9CD3316A281EB06A9836238A291
:1000D0000611E2A8B19F5AA2FA43BDA84FEB7CA239
:1000E000638498A859459FA246D273A8C9ADC1A2FE
:1000F000A92D4FA89A24E4A293962AA8C7A906A3DB
:10010000080D06A84B3D29A30E91E1A720DF4BA3C4
:10011000AB22BDA7408F6EA3E4C198A7A74D91A3C2
:10012000C06E74A74F1AB4A3432950A733F5D6A3C2
:1001300073F12BA74DDEF9A356C707A798D51CA4CA
:10014000F2AAE3A60FDB3FA44B9CBFA6ACEE62A4D1
:10015000689B9BA6691086A44EA877A64240A9A4D6
:1001600002C353A6317ECCA48BEB2FA631CAEFA4D9
:10017000ED210CA63B2413A52F66E8A54B8C36A5D4
:1001800055B8C4A55B025AA56518A1A566867DA5CC
:1001900066867DA56518A1A55B025AA555B8C4A5BC
:1001A0004B8C36A52F66E8A53B2413A5ED210CA6A4
:1001B00031CAEFA48BEB2FA6317ECCA402C353A689
:1001C0004240A9A44EA877A6691086A4689B9BA666
:1001D000ACEE62A44B9CBFA60FDB3FA4F2AAE3A641
:1001E00098D51CA456C707A74DDEF9A373F12BA71A
:1001F00033F5D6A3432950A74F1AB4A3C06E74A7F2
:10020000A74D91A3E4C198A7408F6EA3AB22BDA7D1
:1002100020DF4BA30E91E1A74B3D29A3080D06A8B3
:10022000C7A906A393962AA89A24E4A2A92D4FA8A9
:10023000C9ADC1A246D273A859459FA2638498A8AC
:100240004FEB7CA2FA43BDA8B19F5AA20611E2A8C7
:10025000836238A281EB06A9CD3316A266D32BA9FF
:100260009113F4A1AFC850A9D701D2A156CB75A95B
:10027000A2FEAFA156DB9AA9F9098EA1A8F8BFA9E1
:10028000E1236CA14723E5A95E4C4AA12D5B0AAA94
:10029000768328A155A02FAA2EC906A1B9F254AA87
:1002A0008C1DE5A053527AAA9480C3A01DBF9FAABB
:1002B0004CF2A1A01239C5AABA7280A02BC0EAAA3A
:1002C000E1015FA0645410ABC79F3DA0B5F535AB0D
:1002D000724C1CA01AA45BABE707FB9F8C5F81AB41
:1002E0002AD2D99F0628A7AB41ABB89F82FDCCABE1
:1002F0003193979FFADFF2ABFF89769F68CF18ACF6
:10030000B08F559FC7CB3EAC49A4349F10D564AC89
:10031000D0C7139F3EEB8AAC48FAF29E4A0EB1ACAE
:10032000B93BD29E303ED7AC268CB19EE87AFDAC6C
:1003300094EB909E6DC423AD095A709EBA1A4AADD3
:1003400089D74F9EC87D70AD1A642F9E91ED96ADF2
:10035000C1FF0E9E106ABDAD82AAEE9D3EF3E3ADD5
:100360006264CE9D16890AAE682DAE9D912B31AE8A
:1003700096058E9DAADA57AEF4EC6D9D5B967EAE27
:1003800084E34D9D9D5EA5AE4DE92D9D6B33CCAEB6
:1003900053FE0D9DBF14F3AE9C22EE9C93021AAF48
:1003A0002B56CE9CE0FC40AF0799AE9CA10368AFF2
:1003B00033EB8E9CD0168FAFB54C6F9C6736B6AFC3
:1003C00092BD4F9C5F62DDAFCF3D309CB29A04B0CE
:1003D00070CD109C5CDF2BB07A6CF19B553053B024
:1003E000F21AD29B978D7AB0DDD8B29B1CF7A1B0E0
:1003F00040A6939BDF6CC9B02083749BDAEEF0B00B
:10040000806F559B057D18B1676B369B5B1740B1BC
:10041000D976179BD6BD67B1DB91F89A70708FB112
:1004200071BCD99A232FB7B1A0F6BA9AE8F9DEB118
:100430006D409C9ABAD006B2DD997D9A92B32EB2E5
:10044000F5025F9A6AA256B2B87B409A3B9D7EB293
:100450002C04229A01A4A6B2569C039AB5B6CEB239
:100460003A44E5994FD5F6B2DEFBC699CBFF1EB3F1
:1004700044C3A899223647B3739A8A994E786FB3CA
:100480006F816C9949C697B33C784E990C20C0B3E4
:10049000E07E30999185E8B35E951299D2F610B45A
:1004A000BCBBF498C97339B4FEF1D69870FC61B442
:1004B0002838B998C0908AB43F8E9B98B230B3B4B4
:1004C00049F47D9842DCDBB4486A6098689304B5CF
:1004D00043F042981E562DB53D8625985E2456B5AC
:1004E0003B2C089821FE7EB541E2EA9762E3A7B56E
:1004F00055A8CD971AD4D0B57A7EB09742D0F9B529
:10050000B5649397D5D722B60A5B7697CCEA4BB6FB
:100510007E615997210975B616783C97CD329EB603
:10052000D69E1F97CA67C7B6C2D5029711A8F0B664
:10053000DF1CE6969DF319B73174C996674A43B735
:10054000BDDBAC9668AC6CB7875390969B1996B799
:1005500094DB7396F891BFB7E77357967A15E9B7AE
:10056000851C3B9619A412B873D51E96D13D3CB894
:10057000B59E029699E265B84F78E6956C928FB871
:100580004662CA95444DB9B89E5CAE951913E3B85E
:100590005B679295E6E30CB982827695A3BF36B984
:1005A00017AE5A954BA660B91EEA3E95D8978AB900
:1005B0009B3623954294B4B993930795839BDEB9F8
:1005C0000B01EC9494AD08BA057FD09470CA32BA8E
:1005D000870DB59410F25CBA95AC99946C2487BAE7
:1005E000325C7E947F61B1BA641C639443A9DBBA28
:1005F0002FED4794B0FB05BB95CE2C94C05830BB73
:100600009DC011946CC05ABB4AC3F693AF3285BBF0
:100610009FD6DB9381AFAFBBA2FAC093DC36DABBC7
:10062000562FA693BAC804BCC0748B9313652FBC15
:10063000E4CA7093E10B5ABCC53156931EBD84BC0D
:1006400068A93B93C378AFBCD1312193CA3EDABCD1
:1006500004CB06932C0F05BD0575EC92E1E92FBD87
:10066000D82FD292E5CE5ABD82FBB7922FBE85BD60
:1006700005D89D92BAB7B0BD67C583927FBBDBBD7D
:10068000ACC3699277C906BED6D24F929BE131BE08
:10069000EBF23592E5035DBEEE231C924F3088BE2F
:1006A000E4650292D166B3BED0B8E89165A7DEBE1C
:1006B000B61CCF9104F209BF9A91B591A84635BFF7
:1006C00080179C914AA560BF6CAE8291E20D8CBFF1
:1006D000635669916C80B7BF670F5091DFFCE2BF32
:1006E0007DD9369135830EC0A8B41D9168133AC0E8
:1006F000EDA0049170AD65C0509EEB90475191C044
:10070000D3ACD290E7FEBCC07CCCB99048B6E8C070
:100710004EFDA090637714C14C3F8890334240C196
:100720007B926F90B0166CC1DFF65690D3F497C1F0
:100730007A6C3E9096DCC3C152F32590F2CDEFC1A6
:10074000698B0D90E0C81BC2C434F58F5ACD47C2E7
:1007500066EFDC8F58DB73C253BBC48FD4F29FC2E9
:100760008E98AC8FC713CCC21D87948F2A3EF8C2D7
:1007700001877C8FF67124C33F98648F25AF50C3E7
:10078000DBBA4C8FB0F57CC3D8EE348F8F45A9C34C
:100790003A341D8FBD9ED5C3048B058F320102C430
:1007A0003BF3ED8EE86C2EC4E16CD68ED7E15AC4D3
:1007B000FBF7BE8EF85F87C48C94A78E46E7B3C460
:1007C0009842908EB877E0C42202798E48110DC508
:1007D0002DD3618EF0B339C5BFB54A8EA85F66C50B
:1007E000D9A9338E6A1493C580AF1C8E2ED2BFC593
:1007F000B7C6058EED98ECC582EFEE8DA26819C6DE
:10080000E429D88D444146C6E075C18DCD2273C61A
:100810007BD3AA8D360DA0C6B742948D7900CDC684
:1008200099C37D8D8DFCF9C62356678D6C0127C752
:1008300059FA508D100F54C73FB03A8D712581C7BA
:10084000D877248D8944AEC727510E8D506CDBC7F5
:10085000303CF88CBF9C08C8F638E28CD0D535C83F
:100860007D47CC8C7B1763C8C767B68CBA6190C8CC
:10087000D999A08C85B4BDC8B6DD8A8CD60FEBC8DB
:100880006133758CA57318C9DD9A5F8CECDF45C99F
:100890002F144A8CA35473C9589F348CC4D1A0C957
:1008A0005C3C1F8C4857CEC940EB098C27E5FBC93F
:1008B00005ACF48B5A7B29CAAF7EDF8BDB1957CA94
:1008C0004263CA8BA2C084CAC159B58BA96FB2CA90
:1008D0002F62A08BE826E0CA8F7C8B8B58E60DCB6D
:1008E000E4A8768BF2AD3BCB32E7618BB07D69CB70
:1008F0007C374D8B895597CBC599388B7835C5CBCF
:10090000100E248B751DF3CB61940F8B780D21CCC9
:10091000BA2CFB8A7B054FCC1FD7E68A77057DCCA6
:100920009393D28A650DABCC1962BE8A3D1DD9CC9A
:10093000B442AA8AF83407CD6735968A905435CDEB
:10094000353A828AFD7B63CD22516E8A38AB91CDD8
:10095000307A5A8A3AE2BFCD63B5468AFC20EECDA2
:10096000BD02338A76671CCE42621F8AA2B54ACE88
:10097000F5D30B8A780B79CED857F889F268A7CED1
:10098000EEEDE48908CED5CE3C96D189B23A04CFBB
:10099000C350BE89EBAE32CF861DAB89AA2A61CF88
:1009A00089FC9789E8AD8FCFCFED84899F38BECF82
:1009B0005AF17189C7CAECCF2D075F8959641BD0E2
:1009C0004C2F4C894D054AD0B96939899DAD78D0F5
:1009D00077B62689425DA7D0891514893314D6D0FD
:1009E000F18601896BD204D1B40AEF88E19733D143
:1009F000D3A0DC888F6462D15149CA886D3891D107
:100A00003104B8887413C0D177D1A5889EF5EED192
:100A100024B19388E1DE1DD23CA3818838CF4CD22B
:100A2000C2A76F889CC67BD2B7BE5D8804C5AAD218
:100A300020E84B886ACAD9D2FE233A88C6D608D3A2
:100A40005572288812EA37D327D31688450467D30E
:100A500077460588592596D347CCF387464DC5D3AD
:100A60009B64E287067CF4D3750FD18790B123D4C1
:100A7000D7CCBF87DEED52D4C59CAE87E83082D498
:100A8000407F9D87A77AB1D44C748C8714CBE0D477
:100A9000EC7B7B87272210D521966A87DA7F3FD5AA
:100AA000EFC2598724E46ED557024987FE4E9ED582
:100AB0005E54388762C0CDD504B927874738FDD545
:100AC0004E301787A7B62CD63CBA06877B3B5CD640
:100AD000D356F686BAC68BD61406E6865D58BBD6C4
:100AE00002C8D5865EF0EAD69F9CC586B58E1AD719
:100AF000EE83B5865A334AD7F17DA58646DE79D78F
:100B0000AB8A9586738FA9D71FAA8586D746D9D772
:100B10004EDC75866D0409D83C2166862DC838D810
:100B2000EA7856860F9268D85BE346860C6298D8BE
:100B3000926037861C38C8D890F027863914F8D8C8
:100B4000599318865BF627D9EE4809867ADE57D97D
:100B50005211FA858FCC87D988ECEA8593C0B7D932
:100B600091DADB857EBAE7D970DBCC854ABA17DA31
:100B700027EFBD85EDBF47DAB915AF8562CB77DAD0
:100B8000284FA085A1DCA7DA759B9185A2F3D7DA5F
:100B9000A4FA82855E1008DBB76C7485CD3238DB31
:100BA000B0F16585E85A68DB91895785A88898DB9C
:100BB0005C34498505BCC8DB14F23A85F8F4F8DBEF
:100BC000BAC22C85793329DC52A61E85817759DC7F
:100BD000DC9C108508C189DC5CA602850810BADCA3
:100BE000D3C2F4847864EADC44F2E68451BE1ADDB0
:100BF000B034D9848B1D4BDD1B8ACB8420827BDDF6
:100C000085F2BD8407ECABDDF16DB0843A5BDCDDD1
:100C100062FCA284B1CF0CDED99D958463493DDE90
:100C2000575288844BC86DDEE1197B84604C9EDE90
:100C300076F46D849BD5CEDE1AE26084F463FFDE29
:100C4000CEE2538464F72FDF95F64684E38F60DFAE
:100C5000701D3A846A2D91DF61572D84F2CFC1DF78
:100C60006BA420847377F2DF8F041484E52323E0E0
:100C7000CF77078441D553E02EFEFA837F8B84E043
:100C8000AC97EE839846B5E04D44E2838406E6E0F7
:100C90001104D6833DCB16E1FBD6C983B99447E155
:100CA0000DBDBD83F36278E149B6B183E135A9E1B9
:100CB000B0C2A5837E0DDAE144E29983C1E90AE27C
:100CC00007158E83A2CA3BE2FB5A82831AB06CE2FC
:100CD00022B47683229A9DE27D206B83B288CEE295
:100CE0000EA05F83C37BFFE2D83254834C7330E3A2
:100CF000DBD84883476F61E31A923D83AC6F92E380
:100D0000975E32837374C3E3523E2783957DF4E389
:100D10004E311C830A8B25E48C371183CB9C56E41F
:100D20000F510683CFB287E4D87DFB8210CDB8E4A3
:100D3000E8BDF08286EBE9E44111E6822A0E1BE56C
:100D4000E577DB82F3344CE5D5F1D082DA5F7DE5DF
:100D5000137FC682D88EAEE5A11FBC82E4C1DFE559
:100D600081D3B182F9F810E6B39AA7820D3442E636
:100D70003A759D82197373E61663938216B6A4E6DC
:100D80004A648982FCFCD5E6D8787F82C34707E7AE
:100D9000C0A07582649638E704DC6B82D8E869E706
:100DA000A52A6282163F9BE7A68C58821799CCE74A
:100DB00008024F82D3F6FDE7CB8A458244582FE8DC
:100DC000F2263C8260BD60E87ED63282212692E81F
:100DD000719929827F92C3E8CB6F20827302F5E874
:100DE0008F591782F47526E9BE560E82FBEC57E93F
:100DF00058670582806789E9608BFC817CE5BAE9E8
:100E0000D7C2F381E866ECE9BD0DEB81BBEB1DEACF
:100E1000166CE281EE734FEAE1DDD98179FF80EA59
:100E20002063D181558EB2EAD5FBC8817A20E4EAED
:100E300001A8C081E0B515EBA467B881804E47EBEF
:100E4000C13AB08152EA78EB5921A8814E89AAEBC8
:100E50006C1BA0816D2BDCEBFD289881A8D00DECDC
:100E60000C4A9081F5783FEC9A7E88814F2471EC92
:100E7000A9C68081ACD2A2EC3A2279810684D4EC56
:100E80004E917181553806EDE6136A8191EF37ED89
:100E900003AA6281B2A969EDA8535B81B2669BED9A
:100EA000D31054818726CDED88E14C812BE9FEEDEE
:100EB000C6C5458195AE30EE90BD3E81BF7662EEEF
:100EC000E6C83781A04194EEC8E73081310FC6EE05
:100ED000391A2A816ADFF7EE3960238143B229EF9C
:100EE000CAB91C81B5875BEFEC261681B85F8DEF20
:100EF000A0A70F81443ABFEFE83B09815217F1EFF9
:100F0000C3E30281DAF622F0359FFC80D4D854F096
:100F10003C6EF68039BD86F0DB50F08001A4B8F05D
:100F20001247EA80238DEAF0E250E4809A781CF1BF
:100F30004C6EDE805C664EF1519FD880625680F127
:100F4000F1E3D280A548B2F12F3CCD801C3DE4F105
:100F50000AA8C780C03316F28327C280892C48F2C2
:100F60009CBABC8070277AF25561B7806D24ACF2D0
:100F7000AF1BB2807823DEF2ABE9AC808A2410F399
:100F800049CBA7809A2742F38BC0A280A12C74F38F
:100F900070C99D809833A6F3FBE59880763CD8F322
:100FA0002B16948034470AF4025A8F80CA533CF4BB
:100FB00080B18A8031626EF4A51C86806072A0F4D4
:100FC000749B81805184D2F4EB2D7D80FA9704F5D7
:100FD0000DD4788055AD36F5D98D74805AC468F536
:100FE000505B708001DD9AF5733C6C8043F7CCF563
:100FF000433168801713FFF5C0396480763031F6CD
:10100000EA556080584F63F6C3855C80B66F95F6ED
:101010004CC958808891C7F683205580C5B4F9F62D
:101020006B8B518067D92BF7030A4E8065FF5DF704
:101030004D9C4A80B82690F748424780584FC2F7E7
:10104000F6FB43803E79F4F756C9408061A426F848
:1010500069AA3D80BAD058F8319F3A8041FE8AF89B
:10106000ACA73780EF2CBDF8DCC33480BB5CEFF855
:10107000C1F331809E8D21F95C372F8090BF53F9E9
:10108000AD8E2C808AF285F9B4F929808326B8F9CF
:1010900072782780755BEAF9E70A258056911CFA79
:1010A00013B1228020C84EFAF86A2080CBFF80FA64
:1010B00094381E804F38B3FAE9191C80A471E5FA00
:1010C000F70E1A80C2AB17FBBF171880A2E649FBC8
:1010D000403416803C227CFB7A641480895EAEFB2F
:1010E0006FA81280809BE0FB1E00118019D912FCB2
:1010F000886B0F804E1745FCACEA0D80165677FCC6
:101100008C7D0C806995A9FC27240B8041D5DBFCE4
:101110007DDE098094150EFD90AC08805B5640FD85
:101120005E8E07808F9772FDE883068028D9A4FD24
:101130002E8D05801E1BD7FD31AA0480695D09FE36
:10114000F0DA038001A03BFE6C1F0380E0E26DFE3D
:10115000A5770280FC25A0FE9BE301804F69D2FEAB
:101160004D630180D0AC04FFBDF6008078F036FFFF
:10117000E99D00803E3469FFD35800801D789BFFB5
:101180007A2700800ABCCDFFDE090080FF7F0000C7
:101190004176FB30825A825AFB3041760000FF7F55
:1011A00004CF41767DA5825ABE89FB3000800000C5
:1011B000BE8904CF7DA57DA504CFBE89FF7F000039
:1011C0008A7DF8184176FB306D6A1C47825A825A34
:1011D0001C476D6AFB304176F8188A7D0000FF7F5E
:1011E00007E78A7D04CF4176E3B86D6A7DA5825A10
:1011F00092951C47BE89FB307582F818008000006C
:10120000758207E7BE8904CF9295E3B87DA57DA5D9
:10121000E3B8929504CFBE8907E77582FF7F00008F
:10122000627F8B0C8A7DF8187D7A28254176FB3009
:10123000E270563C6D6A1C47F2623351825A825A00
:101240003351F2621C476D6A563CE270FB304176C6
:1012500028257D7AF8188A7D8B0C627F0000FF7F3D
:1012600074F3627F07E78A7DD7DA7D7A04CF41760F
:10127000A9C3E270E3B86D6ACCAEF2627DA5825A72
:101280000D9D335192951C471D8F563CBE89FB30F6
:10129000828528257582F8189D808B0C00800000BF
:1012A0009D8074F3758207E78285D7DABE8904CF03
:1012B0001D8FA9C39295E3B80D9DCCAE7DA57DA5EC
:1012C000CCAE0D9DE3B89295A9C31D8F04CFBE8906
:1012D000D7DA828507E7758274F39D80FF7F00006F
:1012E000D87F4706627F8B0C9D7EC8128A7DF818D6
:1012F000297C191F7D7A282584781F2B4176FB30A5
:10130000B573BA36E270563CCA6DCE416D6A1C4761
:10131000CF663F4CF2623351D75EF555825A825AFE
:10132000F555D75E3351F2623F4CCF661C476D6A6C
:10133000CE41CA6D563CE270BA36B573FB30417689
:101340001F2B847828257D7A191F297CF8188A7D1F
:10135000C8129D7E8B0C627F4706D87F0000FF7FFE
:10136000B8F9D87F74F3627F37ED9D7E07E78A7DF9
:10137000E6E0297CD7DA7D7AE0D4847804CF417620
:1013800045C9B573A9C3E27031BECA6DE3B86D6AD1
:10139000C0B3CF66CCAEF2620AAAD75E7DA5825AF0
:1013A00028A1F5550D9D335130993F4C92951C471E
:1013B0003592CE411D8F563C4A8CBA36BE89FB30E1
:1013C0007B871F2B82852825D683191F7582F818E5
:1013D0006281C8129D808B0C278047060080000028
:1013E0002780B8F99D8074F3628137ED758207E735
:1013F000D683E6E08285D7DA7B87E0D4BE8904CF46
:101400004A8C45C91D8FA9C3359231BE9295E3B868
:101410003099C0B30D9DCCAE28A10AAA7DA57DA5AB
:101420000AAA28A1CCAE0D9DC0B33099E3B892951D
:1014300031BE3592A9C31D8F45C94A8C04CFBE89E0
:10144000E0D47B87D7DA8285E6E0D68307E775822A
:1014500037ED628174F39D80B8F92780FF7F00002B
:10146000F67F2403D87F4706A77F6A09627F8B0C2B
:10147000097FAB0F9D7EC8121D7EE2158A7DF8188C
:10148000E37C0B1C297C191F5D7B23227D7A282598
:101490008A79262884781F2B6C77112E4176FB30B1
:1014A0000475DE33B573BA3655728C39E270563C2A
:1014B0005F6F173FCA6DCE41246C7A446D6A1C473A
:1014C000A668B449CF663F4CE864BF4EF262335120
:1014D000EC609B53D75EF555B45C4258825A825AF1
:1014E0004258B45CF555D75E9B53EC603351F262C1
:1014F000BF4EE8643F4CCF66B449A6681C476D6A8E
:101500007A44246CCE41CA6D173F5F6F563CE2703F
:101510008C395572BA36B573DE330475FB304176BB
:10152000112E6C771F2B847826288A7928257D7ABE
:1015300023225D7B191F297C0B1CE37CF8188A7D14
:10154000E2151D7EC8129D7EAB0F097F8B0C627F5A
:101550006A09A77F4706D87F2403F67F0000FF7F34
:10156000DBFCF67FB8F9D87F95F6A77F74F3627F2E
:1015700054F0097F37ED9D7E1DEA1D7E07E78A7DC9
:10158000F4E3E37CE6E0297CDCDD5D7BD7DA7D7A81
:10159000D9D78A79E0D48478EED16C7704CF4176BC
:1015A00021CC047545C9B57373C65572A9C3E270E1
:1015B000E8C05F6F31BECA6D85BB246CE3B86D6A4D
:1015C0004BB6A668C0B3CF6640B1E864CCAEF26259
:1015D00064ACEC600AAAD75EBDA7B45C7DA5825A54
:1015E0004BA3425828A1F555139F9B530D9D335192
:1015F000179BBF4E30993F4C5997B44992951C4761
:10160000DB937A443592CE41A090173F1D8F563C14
:10161000AA8D8C394A8CBA36FB8ADE33BE89FB3000
:101620009388112E7B871F2B758626288285282577
:10163000A2842322D683191F1C830B1C7582F818E1
:10164000E281E2156281C812F680AB0F9D808B0C9F
:1016500058806A092780470609802403008000001B
:101660000980DBFC2780B8F9588095F69D8074F3DB
:10167000F68054F0628137EDE2811DEA758207E75A
:101680001C83F4E3D683E6E0A284DCDD8285D7DA2E
:101690007586D9D77B87E0D49388EED1BE8904CFF5
:1016A000FB8A21CC4A8C45C9AA8D73C61D8FA9C35C
:1016B000A090E8C0359231BEDB9385BB9295E3B82C
:1016C00059974BB63099C0B3179B40B10D9DCCAE26
:1016D000139F64AC28A10AAA4BA3BDA77DA57DA535
:1016E000BDA74BA30AAA28A164AC139FCCAE0D9D45
:1016F00040B1179BC0B330994BB65997E3B8929558
:1017000085BBDB9331BE3592E8C0A090A9C31D8F85
:1017100073C6AA8D45C94A8C21CCFB8A04CFBE89E9
:10172000EED19388E0D47B87D9D77586D7DA8285C6
:10173000DCDDA284E6E0D683F4E31C8307E7758250
:101740001DEAE28137ED628154F0F68074F39D80EA
:1017500095F65880B8F92780DBFC0980FF7F0000F0
:10176000FD7F9201F67F2403E97FB604D87F470608
:10177000C27FD907A77F6A09877FFB0A627F8B0C2C
:10178000387F1B0E097FAB0FD57E39119D7EC812A5
:101790005F7E55141D7EE215D67D6D178A7DF81883
:1017A000397D821AE37C0B1C897C931D297C191FCF
:1017B000C57B9F205D7B2322EF7AA6237D7A282597
:1017C000057AA8268A7926280979A32984781F2BE7
:1017D000FA77982C6C77112ED976872F4176FB30CB
:1017E000A5756E320475DE335F744D35B573BA3648
:1017F0000773243855728C399E71F23AE270563C68
:101800002370B83D5F6F173F966E7340CA6DCE412F
:10181000F96C2543246C7A444A6BCD456D6A1C47AC
:101820008C696948A668B449BD67FB4ACF663F4CDE
:10183000DD65814DE864BF4EEF63FB4FF2623351CB
:10184000F1616952EC609B53E35FCA54D75EF55572
:10185000C75D1D57B45C42589D5B6459825A825AD9
:1018600064599D5B4258B45C1D57C75DF555D75E02
:10187000CA54E35F9B53EC606952F1613351F262E9
:10188000FB4FEF63BF4EE864814DDD653F4CCF6693
:10189000FB4ABD67B449A66869488C691C476D6AF4
:1018A000CD454A6B7A44246C2543F96CCE41CA6D10
:1018B0007340966E173F5F6FB83D2370563CE270E1
:1018C000F23A9E718C39557224380773BA36B57363
:1018D0004D355F74DE3304756E32A575FB3041768D
:1018E000872FD976112E6C77982CFA771F2B847856
:1018F000A329097926288A79A826057A28257D7AB8
:10190000A623EF7A23225D7B9F20C57B191F297CAC
:10191000931D897C0B1CE37C821A397DF8188A7D23
:101920006D17D67DE2151D7E55145F7EC8129D7E13
:101930003911D57EAB0F097F1B0E387F8B0C627F70
:10194000FB0A877F6A09A77FD907C27F4706D87F2E
:10195000B604E97F2403F67F9201FD7F0000FF7F3C
:101960006DFEFD7FDBFCF67F49FBE97FB8F9D87F90
:1019700026F8C27F95F6A77F04F5877F74F3627F10
:10198000E4F1387F54F0097FC6EED57E37ED9D7EB9
:10199000AAEB5F7E1DEA1D7E92E8D67D07E78A7D71
:1019A0007DE5397DF4E3E37C6CE2897CE6E0297C2B
:1019B00060DFC57BDCDD5D7B59DCEF7AD7DA7D7AD1
:1019C00057D9057AD9D78A795CD60979E0D4847851
:1019D00067D3FA77EED16C7778D0D97604CF417699
:1019E00091CDA57521CC0475B2CA5F7445C9B57394
:1019F000DBC7077373C655720DC59E71A9C3E2702C
:101A000047C22370E8C05F6F8CBF966E31BECA6D4F
:101A1000DABCF96C85BB246C32BA4A6BE3B86D6AE8
:101A200096B78C694BB6A66804B5BD67C0B3CF66E0
:101A30007EB2DD6540B1E86404B0EF63CCAEF26223
:101A400096ADF16164ACEC6035ABE35F0AAAD75E9A
:101A5000E2A8C75DBDA7B45C9BA69D5B7DA5825A2D
:101A600062A464594BA3425838A21D5728A1F555CA
:101A70001CA0CA54139F9B530E9E69520D9D335157
:101A8000109CFB4F179BBF4E229A814D30993F4CC3
:101A90004298FB4A5997B4497396694892951C47F6
:101AA000B594CD45DB937A44069325433592CE41D8
:101AB00069917340A090173FDC8FB83D1D8F563C55
:101AC000618EF23AAA8D8C39F88C24384A8CBA3659
:101AD000A08B4D35FB8ADE335A8A6E32BE89FB30CD
:101AE0002689872F9388112E0588982C7B871F2B9A
:101AF000F686A32975862628FA85A82682852825B4
:101B00001085A623A28423223A849F20D683191FFE
:101B10007683931D1C830B1CC682821A7582F8186B
:101B200029826D17E281E215A08155146281C812E5
:101B30002A813911F680AB0FC7801B0E9D808B0C5C
:101B40007880FB0A58806A093D80D90727804706BC
:101B50001680B604098024030280920100800000F0
:101B600002806DFE0980DBFC168049FB2780B8F9F6
:101B70003D8026F8588095F6788004F59D8074F3B2
:101B8000C780E4F1F68054F02A81C6EE628137ED19
:101B9000A081AAEBE2811DEA298292E8758207E71B
:101BA000C6827DE51C83F4E376836CE2D683E6E0AF
:101BB0003A8460DFA284DCDD108559DC8285D7DAC7
:101BC000FA8557D97586D9D7F6865CD67B87E0D457
:101BD000058867D39388EED1268978D0BE8904CF53
:101BE0005A8A91CDFB8A21CCA08BB2CA4A8C45C9B6
:101BF000F88CDBC7AA8D73C6618E0DC51D8FA9C376
:101C0000DC8F47C2A090E8C069918CBF359231BE8D
:101C10000693DABCDB9385BBB59432BA9295E3B8F0
:101C2000739696B759974BB6429804B53099C0B39E
:101C3000229A7EB2179B40B1109C04B00D9DCCAE91
:101C40000E9E96AD139F64AC1CA035AB28A10AAACA
:101C500038A2E2A84BA3BDA762A49BA67DA57DA543
:101C60009BA662A4BDA74BA3E2A838A20AAA28A1FA
:101C700035AB1CA064AC139F96AD0E9ECCAE0D9DF3
:101C800004B0109C40B1179B7EB2229AC0B3309929
:101C900004B542984BB6599796B77396E3B89295A8
:101CA00032BAB59485BBDB93DABC069331BE35926C
:101CB0008CBF6991E8C0A09047C2DC8FA9C31D8F7B
:101CC0000DC5618E73C6AA8DDBC7F88C45C94A8CD9
:101CD000B2CAA08B21CCFB8A91CD5A8A04CFBE898F
:101CE00078D02689EED1938867D30588E0D47B87A6
:101CF0005CD6F686D9D7758657D9FA85D7DA828524
:101D000059DC1085DCDDA28460DF3A84E6E0D6830E
:101D10006CE27683F4E31C837DE5C68207E7758277
:101D200092E829821DEAE281AAEBA08137ED628167
:101D3000C6EE2A8154F0F680E4F1C78074F39D80EA
:101D400004F5788095F6588026F83D80B8F927800C
:101D500049FB1680DBFC09806DFE0280FF7F0000DE
:101D6000FF7FC900FD7F9201FA7F5B02F67F2403AB
:101D7000F07FED03E97FB604E17F7F05D87F47065A
:101D8000CE7F1007C27FD907B57FA208A77F6A0957
:101D9000977F330A877FFB0A757FC30B627F8B0CAB
:101DA0004D7F530D387F1B0E217FE30E097FAB0F54
:101DB000F07E7210D57E3911BA7E01129D7EC81256
:101DC0007F7E8E135F7E55143F7E1B151D7EE215B0
:101DD000FA7DA816D67D6D17B07D33188A7DF81868
:101DE000627DBD19397D821A0F7D471BE37C0B1C78
:101DF000B77CCF1C897C931D5A7C561E297C191FE9
:101E0000F87BDC1FC57B9F20927B61215D7B2322B9
:101E1000267BE522EF7AA623B67A67247D7A2825E9
:101E2000427AE825057AA826C87967278A7926287C
:101E30004A79E5280979A329C778612A84781F2B74
:101E40004078DC2BFA77982CB477552D6C77112ECF
:101E50002377CC2ED976872F8E7641304176FB3092
:101E6000F475B531A5756E32557526330475DE33BC
:101E7000B27496345F744D350B740436B573BA364C
:101E80005F736F3707732438AF72D83855728C3947
:101E9000FA71403A9E71F23A4171A53BE270563CAC
:101EA0008370073D2370B83DC16F683E5F6F173F79
:101EB000FB6EC53F966E7340306E2141CA6DCE41B8
:101EC000626D7A42F96C25438F6CD043246C7A445E
:101ED000B86B24454A6BCD45DC6A75466D6A1C4774
:101EE000FD69C3478C69694819690F49A668B449F7
:101EF0003268584ABD67FB4A46679E4BCF663F4CE7
:101F00005766E14CDD65814D6365214EE864BF4E47
:101F10006C645E4FEF63FB4F71639750F262335115
:101F20007162CE51F16169526F610253EC609B5353
:101F300068603354E35FCA545E5F6055D75EF55501
:101F4000505E8A56C75D1D573E5DB057B45C42581F
:101F5000295CD4589D5B6459105BF359825A825AAC
:101F6000F359105B64599D5BD458295C4258B45CAA
:101F7000B0573E5D1D57C75D8A56505EF555D75E1A
:101F800060555E5FCA54E35F335468609B53EC60F6
:101F900002536F616952F161CE5171623351F26245
:101FA00097507163FB4FEF635E4F6C64BF4EE86404
:101FB000214E6365814DDD65E14C57663F4CCF6630
:101FC0009E4B4667FB4ABD67584A3268B449A668CB
:101FD0000F49196969488C69C347FD691C476D6AD7
:101FE0007546DC6ACD454A6B2445B86B7A44246C4F
:101FF000D0438F6C2543F96C7A42626DCE41CA6D35
:102000002141306E7340966EC53FFB6E173F5F6F88
:10201000683EC16FB83D2370073D8370563CE27047
:10202000A53B4171F23A9E71403AFA718C39557272
:10203000D838AF72243807736F375F73BA36B57309
:1020400004360B744D355F749634B274DE33047508
:10205000263355756E32A575B531F475FB30417672
:1020600041308E76872FD976CC2E2377112E6C7740
:10207000552DB477982CFA77DC2B40781F2B847879
:10208000612AC778A3290979E5284A7926288A7917
:102090006727C879A826057AE825427A28257D7A17
:1020A0006724B67AA623EF7AE522267B23225D7B7E
:1020B0006121927B9F20C57BDC1FF87B191F297C47
:1020C000561E5A7C931D897CCF1CB77C0B1CE37C6D
:1020D000471B0F7D821A397DBD19627DF8188A7DF4
:1020E0003318B07D6D17D67DA816FA7DE2151D7EDA
:1020F0001B153F7E55145F7E8E137F7EC8129D7E1A
:102100000112BA7E3911D57E7210F07EAB0F097FB5
:10211000E30E217F1B0E387F530D4D7F8B0C627FAA
:10212000C30B757FFB0A877F330A977F6A09A77FF6
:10213000A208B57FD907C27F1007CE7F4706D87F98
:102140007F05E17FB604E97FED03F07F2403F67F8E
:102150005B02FA7F9201FD7FC900FF7F0000FF7FD5
:1021600036FFFF7F6DFEFD7FA4FDFA7FDBFCF67F6F
:1021700012FCF07F49FBE97F80FAE17FB8F9D87F54
:10218000EFF8CE7F26F8C27F5DF7B57F95F6A77F83
:10219000CCF5977F04F5877F3CF4757F74F3627FFD
:1021A000ACF24D7FE4F1387F1CF1217F54F0097FC0
:1021B0008DEFF07EC6EED57EFEEDBA7E37ED9D7ECC
:1021C00071EC7F7EAAEB5F7EE4EA3F7E1DEA1D7E16
:1021D00057E9FA7D92E8D67DCCE7B07D07E78A7DA6
:1021E00042E6627D7DE5397DB8E40F7DF4E3E37C72
:1021F00030E3B77C6CE2897CA9E15A7CE6E0297C7B
:1022000023E0F87B60DFC57B9EDE927BDCDD5D7BBF
:102210001ADD267B59DCEF7A98DBB67AD7DA7D7A3D
:1022200017DA427A57D9057A98D8C879D9D78A79EE
:102230001AD74A795CD609799ED5C778E0D48478D4
:1022400023D4407867D3FA77AAD2B477EED16C77EB
:1022500033D1237778D0D976BECF8E7604CF41762E
:102260004ACEF47591CDA575D9CC557521CC0475A0
:1022700069CBB274B2CA5F74FBC90B7445C9B5733C
:1022800090C85F73DBC7077327C7AF7273C65572F9
:10229000BFC5FA710DC59E715AC44171A9C3E270E0
:1022A000F8C2837047C2237097C1C16FE8C05F6FE7
:1022B0003AC0FB6E8CBF966EDEBE306E31BECA6D0C
:1022C00085BD626DDABCF96C2FBC8F6C85BB246C4C
:1022D000DBBAB86B32BA4A6B8AB9DC6AE3B86D6AAA
:1022E0003CB8FD6996B78C69F0B619694BB6A6681B
:1022F000A7B5326804B5BD6761B44667C0B3CF66A1
:102300001EB357667EB2DD65DEB1636540B1E86439
:10231000A1B06C6404B0EF6368AF7163CCAEF262DD
:1023200031AE716296ADF161FDAC6F6164ACEC6091
:10233000CCAB686035ABE35F9FAA5E5F0AAAD75E4D
:1023400075A9505EE2A8C75D4FA83E5DBDA7B45C0D
:102350002BA7295C9BA69D5B0CA6105B7DA5825AD2
:10236000EFA4F35962A46459D6A3D4584BA342589E
:10237000C1A2B05738A21D57AFA18A5628A1F55562
:10238000A1A060551CA0CA54979F3354139F9B5320
:10239000909E02530E9E69528E9DCE510D9D3351DB
:1023A0008E9C9750109CFB4F939B5E4F179BBF4E8C
:1023B0009C9A214E229A814DA899E14C30993F4C2C
:1023C000B9989E4B4298FB4ACD97584A5997B449C1
:1023D000E6960F49739669480296C34792951C4743
:1023E00023957546B594CD4547942445DB937A44AF
:1023F0007093D043069325439D927A423592CE4105
:10240000CF912141699173400491C53FA090173F3E
:102410003E90683EDC8FB83D7C8F073D1D8F563C5B
:10242000BE8EA53B618EF23A058E403AAA8D8C395C
:10243000508DD838F88C2438A08C6F374A8CBA3637
:10244000F48B0436A08B4D354D8B9634FB8ADE33EE
:10245000AA8A26335A8A6E320B8AB531BE89FB307E
:10246000718941302689872FDC88CC2E9388112EE4
:102470004B88552D0588982CBF87DC2B7B871F2B1D
:102480003887612AF686A329B586E5287586262829
:1024900037866727FA85A826BD85E8258285282501
:1024A000498567241085A623D984E522A2842322A6
:1024B0006D8461213A849F200784DC1FD683191F15
:1024C000A583561E7683931D4883CF1C1C830B1C4B
:1024D000F082471BC682821A9D82BD197582F81848
:1024E0004F82331829826D170582A816E281E21502
:1024F000C0811B15A081551480818E136281C81282
:10250000458101122A8139110F817210F680AB0FBB
:10251000DE80E30EC7801B0EB280530D9D808B0CB6
:102520008A80C30B7880FB0A6880330A58806A0966
:102530004A80A2083D80D9073180100727804706CE
:102540001E807F051680B6040F80ED0309802403EA
:1025500005805B02028092010080C90000800000BB
:10256000008036FF02806DFE0580A4FD0980DBFC43
:102570000F8012FC168049FB1E8080FA2780B8F974
:102580003180EFF83D8026F84A805DF7588095F657
:102590006880CCF5788004F58A803CF49D8074F3E3
:1025A000B280ACF2C780E4F1DE801CF1F68054F01A
:1025B0000F818DEF2A81C6EE4581FEED628137EDF8
:1025C000808171ECA081AAEBC081E4EAE2811DEA7E
:1025D000058257E9298292E84F82CCE7758207E7A6
:1025E0009D8242E6C6827DE5F082B8E41C83F4E376
:1025F000488330E376836CE2A583A9E1D683E6E0E5
:10260000078423E03A8460DF6D849EDEA284DCDDF3
:10261000D9841ADD108559DC498598DB8285D7DAA3
:10262000BD8517DAFA8557D9378698D87586D9D7F0
:10263000B5861AD7F6865CD638879ED57B87E0D4D8
:10264000BF8723D4058867D34B88AAD29388EED15D
:10265000DC8833D1268978D07189BECFBE8904CF7A
:102660000B8A4ACE5A8A91CDAA8AD9CCFB8A21CC30
:102670004D8B69CBA08BB2CAF48BFBC94A8C45C980
:10268000A08C90C8F88CDBC7508D27C7AA8D73C665
:10269000058EBFC5618E0DC5BE8E5AC41D8FA9C3E0
:1026A0007C8FF8C2DC8F47C23E9097C1A090E8C0F3
:1026B00004913AC069918CBFCF91DEBE359231BE94
:1026C0009D9285BD0693DABC70932FBCDB9385BBCE
:1026D0004794DBBAB59432BA23958AB99295E3B898
:1026E00002963CB8739696B7E696F0B659974BB6F5
:1026F000CD97A7B5429804B5B99861B43099C0B3E5
:10270000A8991EB3229A7EB29C9ADEB1179B40B163
:10271000939BA1B0109C04B08E9C68AF0D9DCCAE75
:102720008E9D31AE0E9E96AD909EFDAC139F64AC17
:10273000979FCCAB1CA035ABA1A09FAA28A10AAA49
:10274000AFA175A938A2E2A8C1A24FA84BA3BDA70B
:10275000D6A32BA762A49BA6EFA40CA67DA57DA55E
:102760000CA6EFA49BA662A42BA7D6A3BDA74BA340
:102770004FA8C1A2E2A838A275A9AFA10AAA28A1B0
:102780009FAAA1A035AB1CA0CCAB979F64AC139FB4
:10279000FDAC909E96AD0E9E31AE8E9DCCAE0D9D45
:1027A00068AF8E9C04B0109CA1B0939B40B1179B66
:1027B000DEB19C9A7EB2229A1EB3A899C0B330991A
:1027C00061B4B99804B54298A7B5CD974BB659975F
:1027D000F0B6E69696B773963CB80296E3B8929533
:1027E0008AB9239532BAB594DBBA479485BBDB939B
:1027F0002FBC7093DABC069385BD9D9231BE359295
:10280000DEBECF918CBF69913AC00491E8C0A09020
:1028100097C13E9047C2DC8FF8C27C8FA9C31D8F41
:102820005AC4BE8E0DC5618EBFC5058E73C6AA8DF6
:1028300027C7508DDBC7F88C90C8A08C45C94A8C3F
:10284000FBC9F48BB2CAA08B69CB4D8B21CCFB8A20
:10285000D9CCAA8A91CD5A8A4ACE0B8A04CFBE8996
:10286000BECF718978D0268933D1DC88EED19388A8
:10287000AAD24B8867D3058823D4BF87E0D47B874F
:102880009ED538875CD6F6861AD7B586D9D7758691
:1028900098D8378657D9FA8517DABD85D7DA828571
:1028A00098DB498559DC10851ADDD984DCDDA284EA
:1028B0009EDE6D8460DF3A8423E00784E6E0D68301
:1028C000A9E1A5836CE2768330E34883F4E31C83BB
:1028D000B8E4F0827DE5C68242E69D8207E7758214
:1028E000CCE74F8292E8298257E905821DEAE2810E
:1028F000E4EAC081AAEBA08171EC808137ED6281AE
:10290000FEED4581C6EE2A818DEF0F8154F0F680F1
:102910001CF1DE80E4F1C780ACF2B28074F39D80DC
:102920003CF48A8004F57880CCF5688095F6588070
:102930005DF74A8026F83D80EFF83180B8F92780AE
:1029400080FA1E8049FB168012FC0F80DBFC098098
:10295000A4FD05806DFE028036FF0080FF7F000031
:10296000FF7F6400FF7FC900FE7F2D01FD7F920184
:10297000FC7FF601FA7F5B02F87FBF02F67F24033B
:10298000F37F8803F07FED03ED7F5104E97FB60408
:10299000E57F1A05E17F7F05DD7FE305D87F4706E8
:1029A000D37FAC06CE7F1007C87F7507C27FD907DB
:1029B000BC7F3D08B57FA208AE7F0609A77F6A09E4
:1029C0009F7FCE09977F330A8F7F970A877FFB0A05
:1029D0007E7F5F0B757FC30B6B7F270C627F8B0C39
:1029E000587FEF0C4D7F530D437FB70D387F1B0E83
:1029F0002D7F7F0E217FE30E157F470F097FAB0FE1
:102A0000FD7E0E10F07E7210E37ED610D57E391159
:102A1000C87E9D11BA7E0112AB7E64129D7EC812E3
:102A20008E7E2B137F7E8E136F7EF2135F7E551486
:102A30004F7EB8143F7E1B152E7E7F151D7EE2153E
:102A40000C7E4516FA7DA816E87D0A17D67D6D170F
:102A5000C37DD017B07D33189D7D96188A7DF818F8
:102A6000767D5B19627DBD194E7D201A397D821AF3
:102A7000247DE41A0F7D471BF97CA91BE37C0B1C0A
:102A8000CD7C6D1CB77CCF1CA07C311D897C931D37
:102A9000717CF51D5A7C561E427CB81E297C191F7C
:102AA000117C7B1FF87BDC1FDF7B3E20C57B9F20DA
:102AB000AC7B0021927B6121777BC2215D7B23224D
:102AC000427B8422267BE5220B7B4523EF7AA623DB
:102AD000D37A0724B67A67249A7AC7247D7A282580
:102AE0005F7A8825427AE825247A4826057AA8263E
:102AF000E7790727C8796727A979C7278A79262818
:102B00006A7986284A79E5282A7944290979A32906
:102B1000E878022AC778612AA678C02A84781F2B11
:102B200062787D2B4078DC2B1D783A2CFA77982C34
:102B3000D777F72CB477552D9077B32D6C77112E6E
:102B400047776E2E2377CC2EFE76292FD976872FC6
:102B5000B376E42F8E76413068769E304176FB3036
:102B60001B765831F475B531CC751132A5756E32BE
:102B70007D75CA32557526332D7582330475DE3363
:102B8000DB743A34B27496348974F2345F744D3520
:102B90003574A8350B740436E0735F36B573BA36F6
:102BA0008A7314375F736F373373CA3707732438E8
:102BB000DB727E38AF72D8388272323955728C39F6
:102BC0002772E639FA71403ACC71993A9E71F23A1D
:102BD0006F714C3B4171A53B1271FD3BE270563C5D
:102BE000B370AF3C8370073D5370603D2370B83DB8
:102BF000F26F103EC16F683E906FBF3E5F6F173F30
:102C00002D6F6E3FFB6EC53FC96E1D40966E7340C3
:102C1000636ECA40306E2141FD6D7741CA6DCE4171
:102C2000966D2442626D7A422D6DD042F96C254337
:102C3000C46C7B438F6CD043596C2544246C7A441C
:102C4000EE6BCF44B86B2445816B78454A6BCD451C
:102C5000136B2146DC6A7546A56AC9466D6A1C4736
:102C6000356A7047FD69C347C46916488C6969486D
:102C70005369BC4819690F49E0686149A668B449BD
:102C80006C68064A3268584AF767A94ABD67FB4A2A
:102C900082674C4B46679E4B0B67EF4BCF663F4CB2
:102CA0009366904C5766E14C1A66314DDD65814D57
:102CB000A065D14D6365214E2665704EE864BF4E18
:102CC000AA640F4F6C645E4F2D64AC4FEF63FB4FF3
:102CD000B0634950716397503163E550F2623351EC
:102CE000B26281517162CE5131621C52F1616952FE
:102CF000B061B5526F6102532D614E53EC609B532E
:102D0000AA60E7536860335426607E54E35FCA5478
:102D1000A05F15555E5F60551A5FAB55D75EF555E0
:102D2000935E4056505E8A560B5ED456C75D1D5763
:102D3000835D67573E5DB057F95CF957B45C425804
:102D40006E5C8B58295CD458E35B1C599D5B6459BD
:102D5000565BAC59105BF359C95A3B5A825A825A96
:102D60003B5AC95AF359105BAC59565B64599D5B89
:102D70001C59E35BD458295C8B586E5C4258B45C98
:102D8000F957F95CB0573E5D6757835D1D57C75DC6
:102D9000D4560B5E8A56505E4056935EF555D75E0C
:102DA000AB551A5F60555E5F1555A05FCA54E35F6F
:102DB0007E54266033546860E753AA609B53EC60EE
:102DC0004E532D6102536F61B552B0616952F1618A
:102DD0001C523162CE5171628151B2623351F26242
:102DE000E5503163975071634950B063FB4FEF6317
:102DF000AC4F2D645E4F6C640F4FAA64BF4EE86405
:102E0000704E2665214E6365D14DA065814DDD650F
:102E1000314D1A66E14C5766904C93663F4CCF6635
:102E2000EF4B0B679E4B46674C4B8267FB4ABD6777
:102E3000A94AF767584A3268064A6C68B449A668D6
:102E40006149E0680F491969BC48536969488C6950
:102E50001648C469C347FD697047356A1C476D6AE7
:102E6000C946A56A7546DC6A2146136BCD454A6B97
:102E70007845816B2445B86BCF44EE6B7A44246C63
:102E80002544596CD0438F6C7B43C46C2543F96C4B
:102E9000D0422D6D7A42626D2442966DCE41CA6D4C
:102EA0007741FD6D2141306ECA40636E7340966E6E
:102EB0001D40C96EC53FFB6E6E3F2D6F173F5F6FA4
:102EC000BF3E906F683EC16F103EF26FB83D2370F9
:102ED000603D5370073D8370AF3CB370563CE27069
:102EE000FD3B1271A53B41714C3B6F71F23A9E71F3
:102EF000993ACC71403AFA71E63927728C39557299
:102F000032398272D838AF727E38DB722438077358
:102F1000CA3733736F375F7314378A73BA36B57332
:102F20005F36E07304360B74A83535744D355F7425
:102F3000F23489749634B2743A34DB74DE33047537
:102F400082332D7526335575CA327D756E32A5755F
:102F50001132CC75B531F47558311B76FB304176A2
:102F60009E30687641308E76E42FB376872FD976FF
:102F7000292FFE76CC2E23776E2E4777112E6C7775
:102F8000B32D9077552DB477F72CD777982CFA7707
:102F90003A2C1D78DC2B40787D2B62781F2B8478AF
:102FA000C02AA678612AC778022AE878A329097975
:102FB00044292A79E5284A7986286A7926288A794F
:102FC000C727A9796727C8790727E779A826057A47
:102FD0004826247AE825427A88255F7A28257D7A52
:102FE000C7249A7A6724B67A0724D37AA623EF7A7D
:102FF00045230B7BE522267B8422427B23225D7BBB
:10300000C221777B6121927B0021AC7B9F20C57B15
:103010003E20DF7BDC1FF87B7B1F117C191F297C86
:10302000B81E427C561E5A7CF51D717C931D897C0E
:10303000311DA07CCF1CB77C6D1CCD7C0B1CE37CB0
:10304000A91BF97C471B0F7DE41A247D821A397D68
:10305000201A4E7DBD19627D5B19767DF8188A7D38
:1030600096189D7D3318B07DD017C37D6D17D67D22
:103070000A17E87DA816FA7D45160C7EE2151D7E1E
:103080007F152E7E1B153F7EB8144F7E55145F7E34
:10309000F2136F7E8E137F7E2B138E7EC8129D7E61
:1030A0006412AB7E0112BA7E9D11C87E3911D57EA5
:1030B000D610E37E7210F07E0E10FD7EAB0F097FFE
:1030C000470F157FE30E217F7F0E2D7F1B0E387F6C
:1030D000B70D437F530D4D7FEF0C587F8B0C627FF4
:1030E000270C6B7FC30B757F5F0B7E7FFB0A877F8F
:1030F000970A8F7F330A977FCE099F7F6A09A77F40
:103100000609AE7FA208B57F3D08BC7FD907C27F04
:103110007507C87F1007CE7FAC06D37F4706D87FE0
:10312000E305DD7F7F05E17F1A05E57FB604E97FD2
:103130005104ED7FED03F07F8803F37F2403F67FD6
:10314000BF02F87F5B02FA7FF601FC7F9201FD7FF0
:103150002D01FE7FC900FF7F6400FF7F0000FF7F1D
:103160009BFFFF7F36FFFF7FD2FEFE7F6DFEFD7F60
:1031700009FEFC7FA4FDFA7F40FDF87FDBFCF67FB3
:1031800077FCF37F12FCF07FAEFBED7F49FBE97F1C
:10319000E5FAE57F80FAE17F1CFADD7FB8F9D87F98
:1031A00053F9D37FEFF8CE7F8AF8C87F26F8C27F25
:1031B000C2F7BC7F5DF7B57FF9F6AE7F95F6A77FC6
:1031C00031F69F7FCCF5977F68F58F7F04F5877F79
:1031D000A0F47E7F3CF4757FD8F36B7F74F3627F3D
:1031E00010F3587FACF24D7F48F2437FE4F1387F13
:1031F00080F12D7F1CF1217FB8F0157F54F0097FFD
:10320000F1EFFD7E8DEFF07E29EFE37EC6EED57EF9
:1032100062EEC87EFEEDBA7E9BEDAB7E37ED9D7E05
:10322000D4EC8E7E71EC7F7E0DEC6F7EAAEB5F7E20
:1032300047EB4F7EE4EA3F7E80EA2E7E1DEA1D7E4C
:10324000BAE90C7E57E9FA7DF5E8E87D92E8D67D8B
:103250002FE8C37DCCE7B07D69E79D7D07E78A7DD8
:10326000A4E6767D42E6627DDFE54E7D7DE5397D33
:103270001BE5247DB8E40F7D56E4F97CF4E3E37CA0
:1032800092E3CD7C30E3B77CCEE2A07C6CE2897C1B
:103290000AE2717CA9E15A7C47E1427CE6E0297CA4
:1032A00084E0117C23E0F87BC1DFDF7B60DFC57B3E
:1032B000FFDEAC7B9EDE927B3DDE777BDCDD5D7BE3
:1032C0007BDD427B1ADD267BBADC0B7B59DCEF7A97
:1032D000F8DBD37A98DBB67A38DB9A7AD7DA7D7A5C
:1032E00077DA5F7A17DA427AB7D9247A57D9057A2A
:1032F000F8D8E77998D8C87938D8A979D9D78A7908
:1033000079D76A791AD74A79BBD62A795CD60979EE
:10331000FDD5E8789ED5C7783FD5A678E0D48478E7
:1033200082D4627823D44078C5D31D7867D3FA77E6
:1033300008D3D777AAD2B4774CD29077EED16C77F6
:1033400091D1477733D12377D6D0FE7678D0D9760E
:103350001BD0B376BECF8E7661CF687604CF417630
:10336000A7CE1B764ACEF475EECDCC7591CDA57562
:1033700035CD7D75D9CC55757DCC2D7521CC047599
:10338000C5CBDB7469CBB2740DCB8974B2CA5F74E0
:1033900057CA3574FBC90B74A0C9E07345C9B5732E
:1033A000EBC88A7390C85F7335C83373DBC7077384
:1033B00081C7DB7227C7AF72CDC6827273C65572E2
:1033C00019C62772BFC5FA7166C5CC710DC59E714D
:1033D000B3C46F715AC4417102C41271A9C3E270BF
:1033E00050C3B370F8C283709FC2537047C223703A
:1033F000EFC1F26F97C1C16F40C1906FE8C05F6FBE
:1034000091C02D6F3AC0FB6EE2BFC96E8CBF966E45
:1034100035BF636EDEBE306E88BEFD6D31BECA6DD7
:10342000DBBD966D85BD626D2FBD2D6DDABCF96C6F
:1034300084BCC46C2FBC8F6CDABB596C85BB246C0C
:1034400030BBEE6BDBBAB86B87BA816B32BA4A6BB2
:10345000DEB9136B8AB9DC6A36B9A56AE3B86D6A5E
:103460008FB8356A3CB8FD69E9B7C46996B78C690D
:1034700043B75369F0B619699EB6E0684BB6A668C3
:10348000F9B56C68A7B5326856B5F76704B5BD677E
:10349000B3B4826761B4466710B40B67C0B3CF663C
:1034A0006FB393661EB35766CEB21A667EB2DD6501
:1034B0002EB2A065DEB163658FB1266540B1E864C8
:1034C000F0B0AA64A1B06C6453B02D6404B0EF6393
:1034D000B6AFB06368AF71631AAF3163CCAEF2625E
:1034E0007EAEB26231AE7162E3AD316296ADF16132
:1034F0004AADB061FDAC6F61B1AC2D6164ACEC6004
:1035000018ACAA60CCAB686081AB266035ABE35FDA
:10351000EAAAA05F9FAA5E5F54AA1A5F0AAAD75EB2
:10352000BFA9935E75A9505E2BA90B5EE2A8C75D8B
:1035300098A8835D4FA83E5D06A8F95CBDA7B45C62
:1035400074A76E5C2BA7295CE3A6E35B9BA69D5B3F
:1035500053A6565B0CA6105BC4A5C95A7DA5825A1A
:1035600036A53B5AEFA4F359A9A4AC5962A46459F7
:103570001CA41C59D6A3D45891A38B584BA34258D2
:1035800006A3F957C1A2B0577CA2675738A21D57AE
:10359000F4A1D456AFA18A566CA1405628A1F55586
:1035A000E5A0AB55A1A060555FA015551CA0CA545D
:1035B000D99F7E54979F3354559FE753139F9B5336
:1035C000D29E4E53909E02534F9EB5520E9E69520C
:1035D000CE9D1C528E9DCE514D9D81510D9D3351DE
:1035E000CE9CE5508E9C97504F9C4950109CFB4FB1
:1035F000D29BAC4F939B5E4F559B0F4F179BBF4E7B
:10360000D99A704E9C9A214E5F9AD14D229A814D43
:10361000E599314DA899E14C6C99904C30993F4C0B
:10362000F498EF4BB9989E4B7D984C4B4298FB4ACF
:103630000898A94ACD97584A9397064A5997B4498A
:103640001F976149E6960F49AC96BC487396694846
:103650003B9616480296C347CA95704792951C47F9
:103660005A95C94623957546EC942146B594CD45A7
:103670007E947845479424451194CF44DB937A4453
:10368000A69325447093D0433B937B4306932543F5
:10369000D292D0429D927A42699224423592CE4192
:1036A00002927741CF9121419C91CA406991734028
:1036B00036911D400491C53FD2906E3FA090173FB8
:1036C0006F90BF3E3E90683E0D90103EDC8FB83D3F
:1036D000AC8F603D7C8F073D4C8FAF3C1D8F563CBF
:1036E000ED8EFD3BBE8EA53B908E4C3B618EF23A3B
:1036F000338E993A058E403AD88DE639AA8D8C39A9
:103700007D8D3239508DD838248D7E38F88C243810
:10371000CC8CCA37A08C6F37758C14374A8CBA366C
:103720001F8C5F36F48B0436CA8BA835A08B4D35C1
:10373000768BF2344D8B9634248B3A34FB8ADE330D
:10374000D28A8233AA8A2633828ACA325A8A6E324F
:10375000338A11320B8AB531E4895831BE89FB3086
:1037600097899E30718941304C89E42F2689872FB3
:103770000189292FDC88CC2EB8886E2E9388112ED3
:103780006F88B32D4B88552D2888F72C0588982CE9
:10379000E2873A2CBF87DC2B9D877D2B7B871F2BF5
:1037A0005987C02A3887612A1787022AF686A329F3
:1037B000D5864429B586E5289586862875862628E7
:1037C0005686C7273786672718860727FA85A826CB
:1037D000DB854826BD85E825A085882582852825A6
:1037E0006585C724498567242C8507241085A62371
:1037F000F4844523D984E522BD848422A284232233
:103800008884C2216D846121538400213A849F20E1
:1038100020843E200784DC1FEE837B1FD683191F84
:10382000BD83B81EA583561E8E83F51D7683931D1A
:103830005F83311D4883CF1C32836D1C1C830B1C9E
:103840000683A91BF082471BDB82E41AC682821A18
:10385000B182201A9D82BD1989825B197582F81880
:10386000628296184F8233183C82D01729826D17D6
:1038700017820A170582A816F3814516E281E21520
:10388000D1817F15C0811B15B081B814A08155145A
:103890009081F21380818E1371812B136281C81283
:1038A000548164124581011237819D112A81391199
:1038B0001C81D6100F81721002810E10F680AB0FA2
:1038C000EA80470FDE80E30ED2807F0EC7801B0E9A
:1038D000BC80B70DB280530DA780EF0C9D808B0C80
:1038E0009480270C8A80C30B81805F0B7880FB0A51
:1038F0007080970A6880330A6080CE0958806A0910
:10390000518006094A80A20843803D083D80D907BE
:1039100037807507318010072C80AC06278047065A
:103920002280E3051E807F051A801A051680B604E2
:10393000128051040F80ED030C808803098024035A
:103940000780BF0205805B020380F60102809201BE
:1039500001802D010080C90000806400008000000B
:1039600000809BFF008036FF0180D2FE02806DFE4A
:10397000038009FE0580A4FD078040FD0980DBFC73
:103980000C8077FC0F8012FC1280AEFB168049FB86
:103990001A80E5FA1E8080FA22801CFA2780B8F986
:1039A0002C8053F93180EFF837808AF83D8026F873
:1039B0004380C2F74A805DF75180F9F6588095F64A
:1039C000608031F66880CCF5708068F5788004F509
:1039D0008180A0F48A803CF49480D8F39D8074F3B5
:1039E000A78010F3B280ACF2BC8048F2C780E4F14B
:1039F000D28080F1DE801CF1EA80B8F0F68054F0CD
:103A00000281F1EF0F818DEF1C8129EF2A81C6EE33
:103A1000378162EE4581FEED54819BED628137ED89
:103A20007181D4EC808171EC90810DECA081AAEBC6
:103A3000B08147EBC081E4EAD18180EAE2811DEAEE
:103A4000F381BAE9058257E91782F5E8298292E8FD
:103A50003C822FE84F82CCE7628269E7758207E7F4
:103A60008982A4E69D8242E6B182DFE5C6827DE5D9
:103A7000DB821BE5F082B8E4068356E41C83F4E3A2
:103A8000328392E3488330E35F83CEE276836CE255
:103A90008E830AE2A583A9E1BD8347E1D683E6E0F0
:103AA000EE8384E0078423E02084C1DF3A8460DF72
:103AB0005384FFDE6D849EDE88843DDEA284DCDDDF
:103AC000BD847BDDD9841ADDF484BADC108559DC31
:103AD0002C85F8DB498598DB658538DB8285D7DA6C
:103AE000A08577DABD8517DADB85B7D9FA8557D98E
:103AF0001886F8D8378698D8568638D87586D9D794
:103B0000958679D7B5861AD7D586BBD6F6865CD684
:103B10001787FDD538879ED559873FD57B87E0D459
:103B20009D8782D4BF8723D4E287C5D3058867D316
:103B3000288808D34B88AAD26F884CD29388EED1BC
:103B4000B88891D1DC8833D10189D6D0268978D044
:103B50004C891BD07189BECF978961CFBE8904CFB4
:103B6000E489A7CE0B8A4ACE338AEECD5A8A91CD0C
:103B7000828A35CDAA8AD9CCD28A7DCCFB8A21CC47
:103B8000248BC5CB4D8B69CB768B0DCBA08BB2CA6A
:103B9000CA8B57CAF48BFBC91F8CA0C94A8C45C974
:103BA000758CEBC8A08C90C8CC8C35C8F88CDBC762
:103BB000248D81C7508D27C77D8DCDC6AA8D73C634
:103BC000D88D19C6058EBFC5338E66C5618E0DC5ED
:103BD000908EB3C4BE8E5AC4ED8E02C41D8FA9C38D
:103BE0004C8F50C37C8FF8C2AC8F9FC2DC8F47C212
:103BF0000D90EFC13E9097C16F9040C1A090E8C07A
:103C0000D29091C004913AC03691E2BF69918CBFC5
:103C10009C9135BFCF91DEBE029288BE359231BEF7
:103C20006992DBBD9D9285BDD2922FBD0693DABC11
:103C30003B9384BC70932FBCA693DABBDB9385BB0C
:103C4000119430BB4794DBBA7E9487BAB59432BAEC
:103C5000EC94DEB923958AB95A9536B99295E3B8B2
:103C6000CA958FB802963CB83B96E9B7739696B75B
:103C7000AC9643B7E696F0B61F979EB659974BB6EB
:103C80009397F9B5CD97A7B5089856B5429804B55E
:103C90007D98B3B4B99861B4F49810B43099C0B3B6
:103CA0006C996FB3A8991EB3E599CEB2229A7EB2F1
:103CB0005F9A2EB29C9ADEB1D99A8FB1179B40B110
:103CC000559BF0B0939BA1B0D29B53B0109C04B015
:103CD0004F9CB6AF8E9C68AFCE9C1AAF0D9DCCAEFC
:103CE0004D9D7EAE8E9D31AECE9DE3AD0E9E96ADCA
:103CF0004F9E4AAD909EFDACD29EB1AC139F64AC7A
:103D0000559F18AC979FCCABD99F81AB1CA035AB0E
:103D10005FA0EAAAA1A09FAAE5A054AA28A10AAA86
:103D20006CA1BFA9AFA175A9F4A12BA938A2E2A8E3
:103D30007CA298A8C1A24FA806A306A84BA3BDA722
:103D400091A374A7D6A32BA71CA4E3A662A49BA649
:103D5000A9A453A6EFA40CA636A5C4A57DA57DA550
:103D6000C4A536A50CA6EFA453A6A9A49BA662A43D
:103D7000E3A61CA42BA7D6A374A791A3BDA74BA30E
:103D800006A806A34FA8C1A298A87CA2E2A838A2C0
:103D90002BA9F4A175A9AFA1BFA96CA10AAA28A15A
:103DA00054AAE5A09FAAA1A0EAAA5FA035AB1CA0D7
:103DB00081ABD99FCCAB979F18AC559F64AC139F38
:103DC000B1ACD29EFDAC909E4AAD4F9E96AD0E9E7C
:103DD000E3ADCE9D31AE8E9D7EAE4D9DCCAE0D9DA4
:103DE0001AAFCE9C68AF8E9CB6AF4F9C04B0109CAF
:103DF00053B0D29BA1B0939BF0B0559B40B1179BA1
:103E00008FB1D99ADEB19C9A2EB25F9A7EB2229A75
:103E1000CEB2E5991EB3A8996FB36C99C0B330992F
:103E200010B4F49861B4B998B3B47D9804B54298CD
:103E300056B50898A7B5CD97F9B593974BB659974E
:103E40009EB61F97F0B6E69643B7AC9696B77396B4
:103E5000E9B73B963CB802968FB8CA95E3B89295FD
:103E600036B95A958AB92395DEB9EC9432BAB5942D
:103E700087BA7E94DBBA479430BB119485BBDB9341
:103E8000DABBA6932FBC709384BC3B93DABC069339
:103E90002FBDD29285BD9D92DBBD699231BE359218
:103EA00088BE0292DEBECF9135BF9C918CBF6991D6
:103EB000E2BF36913AC0049191C0D290E8C0A09080
:103EC00040C16F9097C13E90EFC10D9047C2DC8F0B
:103ED0009FC2AC8FF8C27C8F50C34C8FA9C31D8F7B
:103EE00002C4ED8E5AC4BE8EB3C4908E0DC5618ED1
:103EF00066C5338EBFC5058E19C6D88D73C6AA8D0B
:103F0000CDC67D8D27C7508D81C7248DDBC7F88C2A
:103F100035C8CC8C90C8A08CEBC8758C45C94A8C30
:103F2000A0C91F8CFBC9F48B57CACA8BB2CAA08B1D
:103F30000DCB768B69CB4D8BC5CB248B21CCFB8AEB
:103F40007DCCD28AD9CCAA8A35CD828A91CD5A8AA3
:103F5000EECD338A4ACE0B8AA7CEE48904CFBE8940
:103F600061CF9789BECF71891BD04C8978D02689C3
:103F7000D6D0018933D1DC8891D1B888EED193882D
:103F80004CD26F88AAD24B8808D3288867D305887B
:103F9000C5D3E28723D4BF8782D49D87E0D47B87B3
:103FA0003FD559879ED53887FDD517875CD6F686CD
:103FB000BBD6D5861AD7B58679D79586D9D77586D3
:103FC00038D8568698D83786F8D8188657D9FA85BB
:103FD000B7D9DB8517DABD8577DAA085D7DA828590
:103FE00038DB658598DB4985F8DB2C8559DC108545
:103FF000BADCF4841ADDD9847BDDBD84DCDDA284E7
:104000003DDE88849EDE6D84FFDE538460DF3A846B
:10401000C1DF208423E0078484E0EE83E6E0D683DA
:1040200047E1BD83A9E1A5830AE28E836CE2768332
:10403000CEE25F8330E3488392E33283F4E31C8370
:1040400056E40683B8E4F0821BE5DB827DE5C68298
:10405000DFE5B18242E69D82A4E6898207E77582A8
:1040600069E76282CCE74F822FE83C8292E829829E
:10407000F5E8178257E90582BAE9F3811DEAE28182
:1040800080EAD181E4EAC08147EBB081AAEBA0814C
:104090000DEC908171EC8081D4EC718137ED6281FF
:1040A0009BED5481FEED458162EE3781C6EE2A819B
:1040B00029EF1C818DEF0F81F1EF028154F0F68022
:1040C000B8F0EA801CF1DE8080F1D280E4F1C78094
:1040D00048F2BC80ACF2B28010F3A78074F39D80EC
:1040E000D8F394803CF48A80A0F4818004F5788031
:1040F00068F57080CCF5688031F6608095F6588060
:10410000F9F651805DF74A80C2F7438026F83D807A
:104110008AF83780EFF8318053F92C80B8F927807E
:104120001CFA228080FA1E80E5FA1A8049FB16806C
:10413000AEFB128012FC0F8077FC0C80DBFC098048
:1041400040FD0780A4FD058009FE03806DFE02800E
:10415000D2FE018036FF00809BFF0080FF7F0000C1
:10416000FF7F3200FF7F6400FF7F9600FF7FC90062
:10417000FF7FFB00FE7F2D01FE7F5F01FD7F92012F
:10418000FC7FC401FC7FF601FB7F2802FA7F5B0203
:10419000F97F8D02F87FBF02F77FF102F67F2403DB
:1041A000F47F5603F37F8803F27FBA03F07FED03B9
:1041B000EE7F1F04ED7F5104EB7F8304E97FB6049B
:1041C000E77FE804E57F1A05E37F4C05E17F7F0583
:1041D000DF7FB105DD7FE305DA7F1506D87F47066F
:1041E000D67F7A06D37FAC06D07FDE06CE7F10075F
:1041F000CB7F4207C87F7507C57FA707C27FD90756
:10420000BF7F0B08BC7F3D08B87F6F08B57FA20851
:10421000B17FD408AE7F0609AA7F3809A77F6A0953
:10422000A37F9C099F7FCE099B7F000A977F330A5B
:10423000937F650A8F7F970A8B7FC90A877FFB0A66
:10424000827F2D0B7E7F5F0B797F910B757FC30B78
:10425000707FF50B6B7F270C677F590C627F8B0C8F
:104260005D7FBD0C587FEF0C537F210D4D7F530DAB
:10427000487F850D437FB70D3D7FE90D387F1B0ECD
:10428000327F4D0E2D7F7F0E277FB10E217FE30EF3
:104290001B7F150F157F470F0F7F790F097FAB0F1E
:1042A000037FDD0FFD7E0E10F67E4010F07E721053
:1042B000E97EA410E37ED610DC7E0811D57E39118C
:1042C000CF7E6B11C87E9D11C17ECF11BA7E0112C7
:1042D000B37E3212AB7E6412A47E96129D7EC8120B
:1042E000957EF9128E7E2B13867E5D137F7E8E1354
:1042F000777EC0136F7EF213677E23145F7E5514A2
:10430000577E87144F7EB814477EEA143F7E1B15F4
:10431000377E4D152E7E7F15267EB0151D7EE2154B
:10432000147E13160C7E4516037E7616FA7DA816AB
:10433000F17DD916E87D0A17DF7D3C17D67D6D1714
:10434000CD7D9F17C37DD017BA7D0218B07D33187D
:10435000A77D64189D7D9618947DC7188A7DF818EE
:10436000807D2A19767D5B196C7D8C19627DBD1963
:10437000587DEF194E7D201A437D511A397D821ADE
:104380002F7DB31A247DE41A197D161B0F7D471B60
:10439000047D781BF97CA91BEE7CDA1BE37C0B1CEB
:1043A000D87C3C1CCD7C6D1CC27C9E1CB77CCF1C79
:1043B000AB7C001DA07C311D947C621D897C931D0B
:1043C0007D7CC41D717CF51D667C251E5A7C561EA5
:1043D0004E7C871E427CB81E367CE91E297C191F44
:1043E0001D7C4A1F117C7B1F057CAC1FF87BDC1FEA
:1043F000EB7B0D20DF7B3E20D27B6E20C57B9F2098
:10440000B97BD020AC7B00219F7B3121927B612145
:10441000847B9221777BC2216A7BF3215D7B2322FF
:104420004F7B5422427B8422347BB422267BE522BC
:10443000197B15230B7B4523FD7A7623EF7AA62380
:10444000E17AD623D37A0724C57A3724B67A67244B
:10445000A87A97249A7AC7248B7AF7247D7A28251C
:104460006E7A58255F7A8825507AB825427AE825F1
:10447000337A1826247A4826157A7826057AA826CB
:10448000F679D826E7790727D8793727C8796727B3
:10449000B9799727A979C7279979F6278A7926289C
:1044A0007A7956286A7986285A79B5284A79E5288A
:1044B0003A7915292A794429197974290979A3297E
:1044C000F978D329E878022AD878322AC778612A7D
:1044D000B678912AA678C02A9578EF2A84781F2B7F
:1044E00073784E2B62787D2B5178AD2B4078DC2B86
:1044F0002E780B2C1D783A2C0C78692CFA77982C96
:10450000E977C82CD777F72CC577262DB477552DAA
:10451000A277842D9077B32D7E77E22D6C77112EC4
:104520005A773F2E47776E2E35779D2E2377CC2EE8
:104530001077FB2EFE76292FEB76582FD976872F12
:10454000C676B52FB376E42FA07613308E76413041
:104550007B76703068769E305476CD304176FB3075
:104560002E762A311B76583107768631F475B531AF
:10457000E075E331CC751132B9754032A5756E32F4
:1045800091759C327D75CA326975F832557526333E
:10459000417554332D7582331975B0330475DE338C
:1045A000F0740C34DB743A34C7746834B2749634E3
:1045B0009E74C4348974F23474741F355F744D353D
:1045C0004A747B353574A8352074D6350B7404369F
:1045D000F6733136E0735F36CB738C36B573BA360B
:1045E000A073E7368A731437757342375F736F377A
:1045F00049739C373373CA371D73F73707732438F1
:10460000F1725138DB727E38C572AB38AF72D83870
:1046100098720639827232396B725F3955728C39F1
:104620003E72B9392772E6391172133AFA71403A7B
:10463000E3716C3ACC71993AB571C63A9E71F23A0F
:1046400086711F3B6F714C3B5871783B4171A53BA4
:104650002971D13B1271FD3BFA702A3CE270563C45
:10466000CB70833CB370AF3C9B70DB3C8370073DE9
:104670006B70333D5370603D3B708C3D2370B83D93
:104680000A70E43DF26F103EDA6F3C3EC16F683E47
:10469000A96F933E906FBF3E776FEB3E5F6F173F02
:1046A000466F433F2D6F6E3F146F9A3FFB6EC53FC1
:1046B000E26EF13FC96E1D40AF6E4840966E73408A
:1046C0007D6E9F40636ECA404A6EF640306E214157
:1046D000176E4C41FD6D7741E36DA241CA6DCE412D
:1046E000B06DF941966D24427C6D4F42626D7A4205
:1046F000486DA5422D6DD042136DFA42F96C2543E9
:10470000DE6C5043C46C7B43A96CA5438F6CD043D3
:10471000746CFB43596C25443F6C5044246C7A44C0
:10472000096CA544EE6BCF44D36BFA44B86B2445B7
:104730009C6B4E45816B7845666BA3454A6BCD45B6
:104740002F6BF745136B2146F86A4B46DC6A7546BA
:10475000C16A9F46A56AC946896AF3466D6A1C47C5
:10476000516A4647356A7047196A9A47FD69C347D7
:10477000E169ED47C4691648A86940488C696948F1
:104780006F6993485369BC483669E64819690F490F
:10479000FD683849E0686149C3688A49A668B44938
:1047A0008968DD496C68064A4F682F4A3268584A62
:1047B0001568814AF767A94ADA67D24ABD67FB4A9A
:1047C0009F67244B82674C4B6467754B46679E4BD3
:1047D0002967C64B0B67EF4BED66174CCF663F4C16
:1047E000B166684C9366904C7566B84C5766E14C60
:1047F0003966094D1A66314DFC65594DDD65814DAF
:10480000BF65A94DA065D14D8265F94D6365214E07
:104810004565484E2665704E0765984EE864BF4E64
:10482000C964E74EAA640F4F8B64364F6C645E4FC9
:104830004D64854F2D64AC4F0E64D44FEF63FB4F36
:10484000CF632250B06349509063705071639750AA
:104850005163BF503163E55011630C51F262335123
:10486000D2625A51B26281519262A8517162CE51A4
:104870005162F55131621C5211624252F16169522A
:10488000D0618F52B061B5528F61DC526F610253BB
:104890004E6128532D614E530D617553EC609B534F
:1048A000CB60C153AA60E75389600D5468603354EC
:1048B0004760585426607E540460A454E35FCA5491
:1048C000C25FEF54A05F15557F5F3A555E5F60553C
:1048D0003C5F85551A5FAB55F95ED055D75EF555EF
:1048E000B55E1A56935E4056715E6556505E8A56A6
:1048F0002D5EAF560B5ED456E95DF956C75D1D5768
:10490000A55D4257835D6757605D8C573E5DB0572C
:104910001B5DD557F95CF957D65C1E58B45C4258FC
:10492000915C67586E5C8B584B5CAF58295CD458CF
:10493000065CF858E35B1C59C05B40599D5B6459A9
:10494000795B8859565BAC59335BD059105BF3598E
:10495000EC5A175AC95A3B5AA55A5E5A825A825A79
:104960005E5AA55A3B5AC95A175AEC5AF359105B6A
:10497000D059335BAC59565B8859795B64599D5B60
:104980004059C05B1C59E35BF858065CD458295C5D
:10499000AF584B5C8B586E5C6758915C4258B45C66
:1049A0001E58D65CF957F95CD5571B5DB0573E5D74
:1049B0008C57605D6757835D4257A55D1D57C75D86
:1049C000F956E95DD4560B5EAF562D5E8A56505EA1
:1049D0006556715E4056935E1A56B55EF555D75EC4
:1049E000D055F95EAB551A5F85553C5F60555E5FEB
:1049F0003A557F5F1555A05FEF54C25FCA54E35F1D
:104A0000A45404607E542660585447603354686050
:104A10000D548960E753AA60C153CB609B53EC608F
:104A200075530D614E532D6128534E6102536F61D2
:104A3000DC528F61B552B0618F52D0616952F16121
:104A4000425211621C523162F5515162CE51716273
:104A5000A85192628151B2625A51D2623351F262CC
:104A60000C511163E5503163BF505163975071632E
:104A7000705090634950B0632250CF63FB4FEF6397
:104A8000D44F0E64AC4F2D64854F4D645E4F6C6403
:104A9000364F8B640F4FAA64E74EC964BF4EE8647B
:104AA000984E0765704E2665484E4565214E6365F4
:104AB000F94D8265D14DA065A94DBF65814DDD657C
:104AC000594DFC65314D1A66094D3966E14C576602
:104AD000B84C7566904C9366684CB1663F4CCF6697
:104AE000174CED66EF4B0B67C64B29679E4B46672D
:104AF000754B64674C4B8267244B9F67FB4ABD67CD
:104B0000D24ADA67A94AF767814A1568584A326873
:104B10002F4A4F68064A6C68DD498968B449A6681F
:104B20008A49C3686149E0683849FD680F491969D5
:104B3000E6483669BC48536993486F6969488C698F
:104B40004048A8691648C469ED47E169C347FD6953
:104B50009A47196A7047356A4647516A1C476D6A19
:104B6000F346896AC946A56A9F46C16A7546DC6AEA
:104B70004B46F86A2146136BF7452F6BCD454A6BC0
:104B8000A345666B7845816B4E459C6B2445B86B9D
:104B9000FA44D36BCF44EE6BA544096C7A44246C81
:104BA00050443F6C2544596CFB43746CD0438F6C6C
:104BB000A543A96C7B43C46C5043DE6C2543F96C60
:104BC000FA42136DD0422D6DA542486D7A42626D56
:104BD0004F427C6D2442966DF941B06DCE41CA6D55
:104BE000A241E36D7741FD6D4C41176E2141306E5E
:104BF000F6404A6ECA40636E9F407D6E7340966E6B
:104C00004840AF6E1D40C96EF13FE26EC53FFB6E7E
:104C10009A3F146F6E3F2D6F433F466F173F5F6F94
:104C2000EB3E776FBF3E906F933EA96F683EC16FBA
:104C30003C3EDA6F103EF26FE43D0A70B83D2370DF
:104C40008C3D3B70603D5370333D6B70073D83700E
:104C5000DB3C9B70AF3CB370833CCB70563CE27046
:104C60002A3CFA70FD3B1271D13B2971A53B417181
:104C7000783B58714C3B6F711F3B8671F23A9E71C5
:104C8000C63AB571993ACC716C3AE371403AFA710F
:104C9000133A1172E6392772B9393E728C3955725E
:104CA0005F396B723239827206399872D838AF72B6
:104CB000AB38C5727E38DB725138F1722438077315
:104CC000F7371D73CA3733739C3749736F375F7378
:104CD0004237757314378A73E736A073BA36B573E3
:104CE0008C36CB735F36E0733136F67304360B7453
:104CF000D6352074A83535747B354A744D355F74CC
:104D00001F357474F2348974C4349E749634B2744A
:104D10006834C7743A34DB740C34F074DE330475D1
:104D2000B033197582332D7554334175263355755B
:104D3000F8326975CA327D759C3291756E32A575EF
:104D40004032B9751132CC75E331E075B531F47587
:104D50008631077658311B762A312E76FB30417624
:104D6000CD3054769E30687670307B7641308E76CA
:104D70001330A076E42FB376B52FC676872FD97679
:104D8000582FEB76292FFE76FB2E1077CC2E23772B
:104D90009D2E35776E2E47773F2E5A77112E6C77E2
:104DA000E22D7E77B32D9077842DA277552DB477A1
:104DB000262DC577F72CD777C82CE977982CFA776A
:104DC000692C0C783A2C1D780B2C2E78DC2B407833
:104DD000AD2B51787D2B62784E2B73781F2B847806
:104DE000EF2A9578C02AA678912AB678612AC778E2
:104DF000322AD878022AE878D329F978A3290979C0
:104E00007429197944292A7915293A79E5284A79A2
:104E1000B5285A7986286A7956287A7926288A798F
:104E2000F6279979C727A9799727B9796727C87984
:104E30003727D8790727E779D826F679A826057A7B
:104E40007826157A4826247A1826337AE825427A75
:104E5000B825507A88255F7A58256E7A28257D7A7C
:104E6000F7248B7AC7249A7A9724A87A6724B67A8B
:104E70003724C57A0724D37AD623E17AA623EF7A9A
:104E80007623FD7A45230B7B1523197BE522267BB0
:104E9000B422347B8422427B54224F7B23225D7BCD
:104EA000F3216A7BC221777B9221847B6121927BF3
:104EB00031219F7B0021AC7BD020B97B9F20C57B1B
:104EC0006E20D27B3E20DF7B0D20EB7BDC1FF87B4E
:104ED000AC1F057C7B1F117C4A1F1D7C191F297C80
:104EE000E91E367CB81E427C871E4E7C561E5A7CBC
:104EF000251E667CF51D717CC41D7D7C931D897CFF
:104F0000621D947C311DA07C001DAB7CCF1CB77C46
:104F10009E1CC27C6D1CCD7C3C1CD87C0B1CE37C95
:104F2000DA1BEE7CA91BF97C781B047D471B0F7DE7
:104F3000161B197DE41A247DB31A2F7D821A397D40
:104F4000511A437D201A4E7DEF19587DBD19627D9F
:104F50008C196C7D5B19767D2A19807DF8188A7D05
:104F6000C718947D96189D7D6418A77D3318B07D71
:104F70000218BA7DD017C37D9F17CD7D6D17D67DE2
:104F80003C17DF7D0A17E87DD916F17DA816FA7D5A
:104F90007616037E45160C7E1316147EE2151D7ED2
:104FA000B015267E7F152E7E4D15377E1B153F7E54
:104FB000EA14477EB8144F7E8714577E55145F7EDF
:104FC0002314677EF2136F7EC013777E8E137F7E6D
:104FD0005D13867E2B138E7EF912957EC8129D7E00
:104FE0009612A47E6412AB7E3212B37E0112BA7E98
:104FF000CF11C17E9D11C87E6B11CF7E3911D57E38
:105000000811DC7ED610E37EA410E97E7210F07EDB
:105010004010F67E0E10FD7EDD0F037FAB0F097F83
:10502000790F0F7F470F157F150F1B7FE30E217F31
:10503000B10E277F7F0E2D7F4D0E327F1B0E387FE6
:10504000E90D3D7FB70D437F850D487F530D4D7FA3
:10505000210D537FEF0C587FBD0C5D7F8B0C627F61
:10506000590C677F270C6B7FF50B707FC30B757F27
:10507000910B797F5F0B7E7F2D0B827FFB0A877FF1
:10508000C90A8B7F970A8F7F650A937F330A977FC0
:10509000000A9B7FCE099F7F9C09A37F6A09A77F97
:1050A0003809AA7F0609AE7FD408B17FA208B57F70
:1050B0006F08B87F3D08BC7F0B08BF7FD907C27F50
:1050C000A707C57F7507C87F4207CB7F1007CE7F34
:1050D000DE06D07FAC06D37F7A06D67F4706D87F20
:1050E0001506DA7FE305DD7FB105DF7F7F05E17F10
:1050F0004C05E37F1A05E57FE804E77FB604E97F06
:105100008304EB7F5104ED7F1F04EE7FED03F07FFE
:10511000BA03F27F8803F37F5603F47F2403F67FFC
:10512000F102F77FBF02F87F8D02F97F5B02FA7F01
:105130002802FB7FF601FC7FC401FC7F9201FD7F0A
:105140005F01FE7F2D01FE7FFB00FF7FC900FF7F17
:105150009600FF7F6400FF7F3200FF7F0000FF7F2B
:10516000CDFFFF7F9BFFFF7F69FFFF7F36FFFF7F44
:1051700004FFFF7FD2FEFE7FA0FEFE7F6DFEFD7F5F
:105180003BFEFC7F09FEFC7FD7FDFB7FA4FDFA7F81
:1051900072FDF97F40FDF87F0EFDF77FDBFCF67FA7
:1051A000A9FCF47F77FCF37F45FCF27F12FCF07FD3
:1051B000E0FBEE7FAEFBED7F7CFBEB7F49FBE97F05
:1051C00017FBE77FE5FAE57FB3FAE37F80FAE17F3B
:1051D0004EFADF7F1CFADD7FEAF9DA7FB8F9D87F73
:1051E00085F9D67F53F9D37F21F9D07FEFF8CE7FB1
:1051F000BDF8CB7F8AF8C87F58F8C57F26F8C27FF4
:10520000F4F7BF7FC2F7BC7F90F7B87F5DF7B57F3B
:105210002BF7B17FF9F6AE7FC7F6AA7F95F6A77F89
:1052200063F6A37F31F69F7FFFF59B7FCCF5977FD9
:105230009AF5937F68F58F7F36F58B7F04F5877F2E
:10524000D2F4827FA0F47E7F6EF4797F3CF4757F88
:105250000AF4707FD8F36B7FA6F3677F74F3627FE5
:1052600042F35D7F10F3587FDEF2537FACF24D7F47
:105270007AF2487F48F2437F16F23D7FE4F1387FAF
:10528000B2F1327F80F12D7F4EF1277F1CF1217F1B
:10529000EAF01B7FB8F0157F86F00F7F54F0097F8E
:1052A00022F0037FF1EFFD7EBFEFF67E8DEFF07E03
:1052B0005BEFE97E29EFE37EF7EEDC7EC6EED57E7E
:1052C00094EECF7E62EEC87E30EEC17EFEEDBA7EF9
:1052D000CDEDB37E9BEDAB7E69EDA47E37ED9D7E7B
:1052E00006ED957ED4EC8E7EA2EC867E71EC7F7E00
:1052F0003FEC777E0DEC6F7EDCEB677EAAEB5F7E8A
:1053000078EB577E47EB4F7E15EB477EE4EA3F7E16
:10531000B2EA377E80EA2E7E4FEA267E1DEA1D7EA7
:10532000ECE9147EBAE90C7E89E9037E57E9FA7D3F
:1053300026E9F17DF5E8E87DC3E8DF7D92E8D67DDA
:1053400060E8CD7D2FE8C37DFDE7BA7DCCE7B07D79
:105350009BE7A77D69E79D7D38E7947D07E78A7D18
:10536000D5E6807DA4E6767D73E66C7D42E6627DBF
:1053700010E6587DDFE54E7DAEE5437D7DE5397D68
:105380004CE52F7D1BE5247DE9E4197DB8E40F7D14
:1053900087E4047D56E4F97C25E4EE7CF4E3E37CC9
:1053A000C3E3D87C92E3CD7C61E3C27C30E3B77C7D
:1053B000FFE2AB7CCEE2A07C9DE2947C6CE2897C37
:1053C0003BE27D7C0AE2717CDAE1667CA9E15A7CF1
:1053D00078E14E7C47E1427C16E1367CE6E0297CB0
:1053E000B5E01D7C84E0117C53E0057C23E0F87B74
:1053F000F2DFEB7BC1DFDF7B91DFD27B60DFC57B40
:105400002FDFB97BFFDEAC7BCEDE9F7B9EDE927B07
:105410006DDE847B3DDE777B0CDE6A7BDCDD5D7BD5
:10542000ABDD4F7B7BDD427B4BDD347B1ADD267BA6
:10543000EADC197BBADC0B7B89DCFD7A59DCEF7A7C
:1054400029DCE17AF8DBD37AC8DBC57A98DBB67A57
:1054500068DBA87A38DB9A7A08DB8B7AD7DA7D7A30
:10546000A7DA6E7A77DA5F7A47DA507A17DA427A11
:10547000E7D9337AB7D9247A87D9157A57D9057AF3
:1054800027D9F679F8D8E779C8D8D87998D8C879DB
:1054900068D8B97938D8A97909D89979D9D78A79C2
:1054A000A9D77A7979D76A794AD75A791AD74A79AE
:1054B000EAD63A79BBD62A798BD619795CD609799E
:1054C0002CD6F978FDD5E878CDD5D8789ED5C77893
:1054D0006ED5B6783FD5A67810D59578E0D4847887
:1054E000B1D4737882D4627852D4517823D440787E
:1054F000F4D32E78C5D31D7896D30C7867D3FA777A
:1055000037D3E97708D3D777D9D2C577AAD2B4777A
:105510007BD2A2774CD290771DD27E77EED16C777A
:10552000C0D15A7791D1477762D1357733D123777C
:1055300004D11077D6D0FE76A7D0EB7678D0D97686
:105540004AD0C6761BD0B376ECCFA076BECF8E768F
:105550008FCF7B7661CF687632CF547604CF417699
:10556000D5CE2E76A7CE1B7679CE07764ACEF475A9
:105570001CCEE075EECDCC75BFCDB97591CDA575BE
:1055800063CD917535CD7D7507CD6975D9CC5575D0
:10559000ABCC41757DCC2D754FCC197521CC0475E4
:1055A000F3CBF074C5CBDB7497CBC77469CBB27403
:1055B0003BCB9E740DCB8974E0CA7474B2CA5F741D
:1055C00084CA4A7457CA357429CA2074FBC90B743B
:1055D000CEC9F673A0C9E07373C9CB7345C9B5735F
:1055E00018C9A073EBC88A73BDC8757390C85F7380
:1055F00063C8497335C8337308C81D73DBC70773A5
:10560000AEC7F17281C7DB7254C7C57227C7AF72CC
:10561000F9C69872CDC68272A0C66B7273C65572F7
:1056200046C63E7219C62772ECC51172BFC5FA7123
:1056300093C5E37166C5CC7139C5B5710DC59E7151
:10564000E0C48671B3C46F7187C458715AC4417184
:105650002EC4297102C41271D5C3FA70A9C3E270B5
:105660007CC3CB7050C3B37024C39B70F8C28370EB
:10567000CCC26B709FC2537073C23B7047C2237021
:105680001BC20A70EFC1F26FC3C1DA6F97C1C16F5D
:105690006CC1A96F40C1906F14C1776FE8C05F6F94
:1056A000BCC0466F91C02D6F65C0146F3AC0FB6ED1
:1056B0000EC0E26EE2BFC96EB7BFAF6E8CBF966E12
:1056C00060BF7D6E35BF636E09BF4A6EDEBE306E51
:1056D000B3BE176E88BEFD6D5DBEE36D31BECA6D93
:1056E00006BEB06DDBBD966DB0BD7C6D85BD626DD7
:1056F0005ABD486D2FBD2D6D05BD136DDABCF96C1B
:10570000AFBCDE6C84BCC46C5ABCA96C2FBC8F6C63
:1057100004BC746CDABB596CAFBB3F6C85BB246CAA
:105720005ABB096C30BBEE6B05BBD36BDBBAB86BF5
:10573000B1BA9C6B87BA816B5CBA666B32BA4A6B42
:1057400008BA2F6BDEB9136BB4B9F86A8AB9DC6A90
:1057500060B9C16A36B9A56A0CB9896AE3B86D6ADD
:10576000B9B8516A8FB8356A65B8196A3CB8FD692D
:1057700012B8E169E9B7C469BFB7A86996B78C697F
:105780006CB76F6943B7536919B73669F0B61969D1
:10579000C7B6FD689EB6E06875B6C3684BB6A66826
:1057A00022B68968F9B56C68D0B54F68A7B532687C
:1057B0007EB5156856B5F7672DB5DA6704B5BD67D0
:1057C000DBB49F67B3B482678AB4646761B4466729
:1057D00039B4296710B40B67E8B3ED66C0B3CF6680
:1057E00097B3B1666FB3936647B375661EB35766DA
:1057F000F6B23966CEB21A66A6B2FC657EB2DD6537
:1058000056B2BF652EB2A06506B28265DEB1636591
:10581000B7B145658FB1266567B1076540B1E864EA
:1058200018B1C964F0B0AA64C9B08B64A1B06C644B
:105830007AB04D6453B02D642BB00E6404B0EF63A6
:10584000DDAFCF63B6AFB0638FAF906368AF716306
:1058500040AF51631AAF3163F3AE1163CCAEF26265
:10586000A5AED2627EAEB26257AE926231AE7162C6
:105870000AAE5162E3AD3162BDAD116296ADF16128
:1058800070ADD0614AADB06123AD8F61FDAC6F6189
:10589000D7AC4E61B1AC2D618AAC0D6164ACEC60EB
:1058A0003EACCB6018ACAA60F2AB8960CCAB686050
:1058B000A7AB476081AB26605BAB046035ABE35FB1
:1058C00010ABC25FEAAAA05FC5AA7F5F9FAA5E5F16
:1058D0007AAA3C5F54AA1A5F2FAAF95E0AAAD75E79
:1058E000E5A9B55EBFA9935E9AA9715E75A9505EE0
:1058F00050A92D5E2BA90B5E06A9E95DE2A8C75D44
:10590000BDA8A55D98A8835D73A8605D4FA83E5DA6
:105910002AA81B5D06A8F95CE1A7D65CBDA7B45C0C
:1059200098A7915C74A76E5C50A74B5C2BA7295C71
:1059300007A7065CE3A6E35BBFA6C05B9BA69D5BD7
:1059400077A6795B53A6565B2FA6335B0CA6105B3C
:10595000E8A5EC5AC4A5C95AA1A5A55A7DA5825AA5
:105960005AA55E5A36A53B5A13A5175AEFA4F35908
:10597000CCA4D059A9A4AC5986A4885962A464596E
:105980003FA440591CA41C59F9A3F858D6A3D458D5
:10599000B4A3AF5891A38B586EA367584BA342583A
:1059A00029A31E5806A3F957E4A2D557C1A2B057A0
:1059B0009FA28C577CA267575AA2425738A21D5704
:1059C00016A2F956F4A1D456D2A1AF56AFA18A5669
:1059D0008EA165566CA140564AA11A5628A1F555CC
:1059E00006A1D055E5A0AB55C3A08555A1A0605533
:1059F00080A03A555FA015553DA0EF541CA0CA5495
:105A0000FB9FA454D99F7E54B89F5854979F3354FA
:105A1000769F0D54559FE753349FC153139F9B535B
:105A2000F29E7553D29E4E53B19E2853909E0253C0
:105A3000709EDC524F9EB5522F9E8F520E9E695221
:105A4000EE9D4252CE9D1C52AE9DF5518E9DCE5183
:105A50006D9DA8514D9D81512D9D5A510D9D3351E4
:105A6000EE9C0C51CE9CE550AE9CBF508E9C975046
:105A70006F9C70504F9C4950309C2250109CFB4FA3
:105A8000F19BD44FD29BAC4FB29B854F939B5E4F03
:105A9000749B364F559B0F4F369BE74E179BBF4E5F
:105AA000F89A984ED99A704EBA9A484E9C9A214EBE
:105AB0007D9AF94D5F9AD14D409AA94D229A814D18
:105AC000039A594DE599314DC699094DA899E14C74
:105AD0008A99B84C6C99904C4E99684C30993F4CCF
:105AE0001299174CF498EF4BD698C64BB9989E4B29
:105AF0009B98754B7D984C4B6098244B4298FB4A81
:105B00002598D24A0898A94AEA97814ACD97584AD7
:105B1000B0972F4A9397064A7697DD495997B4492B
:105B20003C978A491F97614902973849E6960F4981
:105B3000C996E648AC96BC489096934873966948D7
:105B4000579640483B9616481E96ED470296C34727
:105B5000E6959A47CA957047AE95464792951C4779
:105B60007695F3465A95C9463E959F4623957546C8
:105B700007954B46EC942146D094F745B594CD4516
:105B80009994A3457E94784563944E454794244563
:105B90002C94FA441194CF44F693A544DB937A44B1
:105BA000C0935044A69325448B93FB437093D043FA
:105BB0005693A5433B937B43219350430693254340
:105BC000EC92FA42D292D042B792A5429D927A428A
:105BD00083924F42699224424F92F9413592CE41CD
:105BE0001C92A24102927741E8914C41CF91214110
:105BF000B591F6409C91CA4082919F406991734053
:105C00005091484036911D401D91F13F0491C53F90
:105C1000EB909A3FD2906E3FB990433FA090173FD0
:105C20008890EB3E6F90BF3E5690933E3E90683E0C
:105C300025903C3E0D90103EF58FE43DDC8FB83D45
:105C4000C48F8C3DAC8F603D948F333D7C8F073D7E
:105C5000648FDB3C4C8FAF3C348F833C1D8F563CB4
:105C6000058F2A3CED8EFD3BD68ED13BBE8EA53BEB
:105C7000A78E783B908E4C3B798E1F3B618EF23A1B
:105C80004A8EC63A338E993A1C8E6C3A058E403A4B
:105C9000EE8D133AD88DE639C18DB939AA8D8C397C
:105CA000948D5F397D8D3239678D0639508DD838A6
:105CB0003A8DAB38248D7E380E8D5138F88C2438CF
:105CC000E28CF737CC8CCA37B68C9C37A08C6F37F8
:105CD0008A8C4237758C14375F8CE7364A8CBA361B
:105CE000348C8C361F8C5F36098C3136F48B04363D
:105CF000DF8BD635CA8BA835B58B7B35A08B4D3560
:105D00008B8B1F35768BF234618BC4344D8B96347C
:105D1000388B6834248B3A340F8B0C34FB8ADE3397
:105D2000E68AB033D28A8233BE8A5433AA8A2633B3
:105D3000968AF832828ACA326E8A9C325A8A6E32C7
:105D4000468A4032338A11321F8AE3310B8AB531D9
:105D5000F8898631E4895831D1892A31BE89FB30EE
:105D6000AB89CD3097899E308489703071894130FC
:105D70005F8913304C89E42F3989B52F2689872F05
:105D80001489582F0189292FEF88FB2EDC88CC2E0F
:105D9000CA889D2EB8886E2EA5883F2E9388112E16
:105DA0008188E22D6F88B32D5D88842D4B88552D19
:105DB0003A88262D2888F72C1688C82C0588982C18
:105DC000F387692CE2873A2CD1870B2CBF87DC2B19
:105DD000AE87AD2B9D877D2B8C874E2B7B871F2B12
:105DE0006A87EF2A5987C02A4987912A3887612A0A
:105DF0002787322A1787022A0687D329F686A329FE
:105E0000E6867429D5864429C5861529B586E528F0
:105E1000A586B528958686288586562875862628DF
:105E20006686F6275686C7274686972737866727CA
:105E300027863727188607270986D826FA85A826B1
:105E4000EA857826DB854826CC851826BD85E82599
:105E5000AF85B825A0858825918558258285282578
:105E60007485F7246585C724578597244985672459
:105E70003A8537242C8507241E85D6231085A62332
:105E800002857623F4844523E6841523D984E5220C
:105E9000CB84B422BD848422B0845422A2842322E1
:105EA0009584F3218884C2217B8492216D846121B1
:105EB00060843121538400214684D0203A849F207D
:105EC0002D846E2020843E2014840D200784DC1F46
:105ED000FA83AC1FEE837B1FE2834A1FD683191F10
:105EE000C983E91EBD83B81EB183871EA583561ED4
:105EF0009983251E8E83F51D8283C41D7683931D91
:105F00006B83621D5F83311D5483001D4883CF1C4A
:105F10003D839E1C32836D1C27833C1C1C830B1C01
:105F20001183DA1B0683A91BFB82781BF082471BB7
:105F3000E682161BDB82E41AD082B31AC682821A6A
:105F4000BC82511AB182201AA782EF199D82BD1915
:105F500093828C1989825B197F822A197582F818BD
:105F60006B82C71862829618588264184F82331861
:105F7000458202183C82D01732829F1729826D1702
:105F800020823C1717820A170E82D9160582A8169E
:105F9000FC817616F3814516EB811316E281E2153A
:105FA000D981B015D1817F15C8814D15C0811B15D0
:105FB000B881EA14B081B814A8818714A08155145F
:105FC000988123149081F2138881C01380818E13ED
:105FD00079815D1371812B136A81F9126281C81274
:105FE0005B819612548164124C81321245810112F8
:105FF0003E81CF1137819D1130816B112A8139117A
:10600000238108111C81D6101681A4100F817210F3
:106010000981401002810E10FC80DD0FF680AB0F6D
:10602000F080790FEA80470FE480150FDE80E30EE1
:10603000D880B10ED2807F0ECD804D0EC7801B0E52
:10604000C280E90DBC80B70DB780850DB280530DBD
:10605000AC80210DA780EF0CA280BD0C9D808B0C25
:106060009880590C9480270C8F80F50B8A80C30B85
:106070008680910B81805F0B7D802D0B7880FB0AE1
:106080007480C90A7080970A6C80650A6880330A38
:106090006480000A6080CE095C809C0958806A098F
:1060A00055803809518006094E80D4084A80A208DC
:1060B00047806F0843803D0840800B083D80D9072A
:1060C0003A80A70737807507348042073180100770
:1060D0002F80DE062C80AC0629807A0627804706B2
:1060E000258015062280E3052080B1051E807F05EE
:1060F0001C804C051A801A051880E8041680B60426
:10610000148083041280510411801F040F80ED035A
:106110000D80BA030C8088030B805603098024038A
:106120000880F1020780BF0206808D0205805B02B5
:10613000048028020380F6010380C40102809201DA
:1061400001805F0101802D010080FB000080C900FB
:106150000080960000806400008032000080000013
:106160000080CDFF00809BFF008069FF008036FF2C
:10617000008004FF0180D2FE0180A0FE02806DFE3F
:1061800003803BFE038009FE0480D7FD0580A4FD4B
:10619000068072FD078040FD08800EFD0980DBFC53
:1061A0000B80A9FC0C8077FC0D8045FC0F8012FC55
:1061B0001180E0FB1280AEFB14807CFB168049FB53
:1061C000188017FB1A80E5FA1C80B3FA1E8080FA4B
:1061D00020804EFA22801CFA2580EAF92780B8F93F
:1061E000298085F92C8053F92F8021F93180EFF82F
:1061F0003480BDF837808AF83A8058F83D8026F818
:106200004080F4F74380C2F7478090F74A805DF7FB
:106210004E802BF75180F9F65580C7F6588095F6D9
:106220005C8063F6608031F66480FFF56880CCF5B1
:106230006C809AF5708068F5748036F5788004F586
:106240007D80D2F48180A0F486806EF48A803CF454
:106250008F800AF49480D8F39880A6F39D8074F31D
:10626000A28042F3A78010F3AC80DEF2B280ACF2E1
:10627000B7807AF2BC8048F2C28016F2C780E4F19F
:10628000CD80B2F1D28080F1D8804EF1DE801CF159
:10629000E480EAF0EA80B8F0F08086F0F68054F00E
:1062A000FC8022F00281F1EF0981BFEF0F818DEFB9
:1062B00016815BEF1C8129EF2381F7EE2A81C6EE60
:1062C000308194EE378162EE3E8130EE4581FEED05
:1062D0004C81CDED54819BED5B8169ED628137EDA1
:1062E0006A8106ED7181D4EC7981A2EC808171EC38
:1062F00088813FEC90810DEC9881DCEBA081AAEBCA
:10630000A88178EBB08147EBB88115EBC081E4EA56
:10631000C881B2EAD18180EAD9814FEAE2811DEADF
:10632000EB81ECE9F381BAE9FC8189E9058257E95F
:106330000E8226E91782F5E82082C3E8298292E8D6
:10634000328260E83C822FE84582FDE74F82CCE74D
:1063500058829BE7628269E76B8238E7758207E7BC
:106360007F82D5E68982A4E6938273E69D8242E627
:10637000A78210E6B182DFE5BC82AEE5C6827DE58C
:10638000D0824CE5DB821BE5E682E9E4F082B8E4EA
:10639000FB8287E4068356E4118325E41C83F4E33F
:1063A0002783C3E3328392E33D8361E3488330E391
:1063B0005483FFE25F83CEE26B839DE276836CE2DF
:1063C00082833BE28E830AE29983DAE1A583A9E125
:1063D000B18378E1BD8347E1C98316E1D683E6E066
:1063E000E283B5E0EE8384E0FA8353E0078423E0A0
:1063F0001484F2DF2084C1DF2D8491DF3A8460DFD2
:1064000046842FDF5384FFDE6084CEDE6D849EDE03
:106410007B846DDE88843DDE95840CDEA284DCDD29
:10642000B084ABDDBD847BDDCB844BDDD9841ADD4C
:10643000E684EADCF484BADC028589DC108559DC68
:106440001E8529DC2C85F8DB3A85C8DB498598DB7D
:10645000578568DB658538DB748508DB8285D7DA8C
:106460009185A7DAA08577DAAF8547DABD8517DA97
:10647000CC85E7D9DB85B7D9EA8587D9FA8557D99D
:10648000098627D91886F8D82786C8D8378698D895
:10649000468668D8568638D8668609D87586D9D78C
:1064A0008586A9D7958679D7A5864AD7B5861AD77E
:1064B000C586EAD6D586BBD6E6868BD6F6865CD66A
:1064C00006872CD61787FDD52787CDD538879ED54B
:1064D00049876ED559873FD56A8710D57B87E0D429
:1064E0008C87B1D49D8782D4AE8752D4BF8723D402
:1064F000D187F4D3E287C5D3F38796D3058867D3D2
:10650000168837D3288808D33A88D9D24B88AAD29C
:106510005D887BD26F884CD281881DD29388EED162
:10652000A588C0D1B88891D1CA8862D1DC8833D11E
:10653000EF8804D10189D6D01489A7D0268978D0D4
:1065400039894AD04C891BD05F89ECCF7189BECF85
:1065500084898FCF978961CFAB8932CFBE8904CF31
:10656000D189D5CEE489A7CEF88979CE0B8A4ACED7
:106570001F8A1CCE338AEECD468ABFCD5A8A91CD72
:106580006E8A63CD828A35CD968A07CDAA8AD9CC08
:10659000BE8AABCCD28A7DCCE68A4FCCFB8A21CC9A
:1065A0000F8BF3CB248BC5CB388B97CB4D8B69CB23
:1065B000618B3BCB768B0DCB8B8BE0CAA08BB2CAA9
:1065C000B58B84CACA8B57CADF8B29CAF48BFBC927
:1065D000098CCEC91F8CA0C9348C73C94A8C45C99B
:1065E0005F8C18C9758CEBC88A8CBDC8A08C90C80C
:1065F000B68C63C8CC8C35C8E28C08C8F88CDBC775
:106600000E8DAEC7248D81C73A8D54C7508D27C7D4
:10661000678DF9C67D8DCDC6948DA0C6AA8D73C633
:10662000C18D46C6D88D19C6EE8DECC5058EBFC589
:106630001C8E93C5338E66C54A8E39C5618E0DC5D5
:10664000798EE0C4908EB3C4A78E87C4BE8E5AC420
:10665000D68E2EC4ED8E02C4058FD5C31D8FA9C35F
:10666000348F7CC34C8F50C3648F24C37C8FF8C29B
:10667000948FCCC2AC8F9FC2C48F73C2DC8F47C2D1
:10668000F58F1BC20D90EFC12590C3C13E9097C1FD
:1066900056906CC16F9040C1889014C1A090E8C022
:1066A000B990BCC0D29091C0EB9065C004913AC043
:1066B0001D910EC03691E2BF5091B7BF69918CBF5A
:1066C000829160BF9C9135BFB59109BFCF91DEBE6D
:1066D000E891B3BE029288BE1C925DBE359231BE77
:1066E0004F9206BE6992DBBD8392B0BD9D9285BD7F
:1066F000B7925ABDD2922FBDEC9205BD0693DABC7B
:106700002193AFBC3B9384BC56935ABC70932FBC6F
:106710008B9304BCA693DABBC093AFBBDB9385BB62
:10672000F6935ABB119430BB2C9405BB4794DBBA4B
:106730006394B1BA7E9487BA99945CBAB59432BA2C
:10674000D09408BAEC94DEB90795B4B923958AB908
:106750003E9560B95A9536B976950CB99295E3B8DD
:10676000AE95B9B8CA958FB8E69565B802963CB8AB
:106770001E9612B83B96E9B75796BFB7739696B771
:1067800090966CB7AC9643B7C99619B7E696F0B633
:106790000297C7B61F979EB63C9775B659974BB6EA
:1067A000769722B69397F9B5B097D0B5CD97A7B5A0
:1067B000EA977EB5089856B525982DB5429804B548
:1067C0006098DBB47D98B3B49B988AB4B99861B4EF
:1067D000D69839B4F49810B41299E8B33099C0B38C
:1067E0004E9997B36C996FB38A9947B3A8991EB322
:1067F000C699F6B2E599CEB2039AA6B2229A7EB2B3
:10680000409A56B25F9A2EB27D9A06B29C9ADEB139
:10681000BA9AB7B1D99A8FB1F89A67B1179B40B1BC
:10682000369B18B1559BF0B0749BC9B0939BA1B037
:10683000B29B7AB0D29B53B0F19B2BB0109C04B0AA
:10684000309CDDAF4F9CB6AF6F9C8FAF8E9C68AF16
:10685000AE9C40AFCE9C1AAFEE9CF3AE0D9DCCAE7D
:106860002D9DA5AE4D9D7EAE6D9D57AE8E9D31AEDC
:10687000AE9D0AAECE9DE3ADEE9DBDAD0E9E96AD36
:106880002F9E70AD4F9E4AAD709E23AD909EFDAC85
:10689000B19ED7ACD29EB1ACF29E8AAC139F64ACD1
:1068A000349F3EAC559F18AC769FF2AB979FCCAB14
:1068B000B89FA7ABD99F81ABFB9F5BAB1CA035AB4F
:1068C0003DA010AB5FA0EAAA80A0C5AAA1A09FAA84
:1068D000C3A07AAAE5A054AA06A12FAA28A10AAAB1
:1068E0004AA1E5A96CA1BFA98EA19AA9AFA175A9DA
:1068F000D2A150A9F4A12BA916A206A938A2E2A8F8
:106900005AA2BDA87CA298A89FA273A8C1A24FA812
:10691000E4A22AA806A306A829A3E1A74BA3BDA722
:106920006EA398A791A374A7B4A350A7D6A32BA72F
:10693000F9A307A71CA4E3A63FA4BFA662A49BA635
:1069400086A477A6A9A453A6CCA42FA6EFA40CA630
:1069500013A5E8A536A5C4A55AA5A1A57DA57DA525
:10696000A1A55AA5C4A536A5E8A513A50CA6EFA414
:106970002FA6CCA453A6A9A477A686A49BA662A4FE
:10698000BFA63FA4E3A61CA407A7F9A32BA7D6A3E1
:1069900050A7B4A374A791A398A76EA3BDA74BA3B8
:1069A000E1A729A306A806A32AA8E4A24FA8C1A28A
:1069B00073A89FA298A87CA2BDA85AA2E2A838A258
:1069C00006A916A22BA9F4A150A9D2A175A9AFA11D
:1069D0009AA98EA1BFA96CA1E5A94AA10AAA28A1DA
:1069E0002FAA06A154AAE5A07AAAC3A09FAAA1A093
:1069F000C5AA80A0EAAA5FA010AB3DA035AB1CA041
:106A00005BABFB9F81ABD99FA7ABB89FCCAB979FEC
:106A1000F2AB769F18AC559F3EAC349F64AC139F8D
:106A20008AACF29EB1ACD29ED7ACB19EFDAC909E2A
:106A300023AD709E4AAD4F9E70AD2F9E96AD0E9EBB
:106A4000BDADEE9DE3ADCE9D0AAEAE9D31AE8E9D49
:106A500057AE6D9D7EAE4D9DA5AE2D9DCCAE0D9DD0
:106A6000F3AEEE9C1AAFCE9C40AFAE9C68AF8E9C4E
:106A70008FAF6F9CB6AF4F9CDDAF309C04B0109CC5
:106A80002BB0F19B53B0D29B7AB0B29BA1B0939B39
:106A9000C9B0749BF0B0559B18B1369B40B1179BA1
:106AA00067B1F89A8FB1D99AB7B1BA9ADEB19C9A08
:106AB00006B27D9A2EB25F9A56B2409A7EB2229A60
:106AC000A6B2039ACEB2E599F6B2C6991EB3A899BA
:106AD00047B38A996FB36C9997B34E99C0B3309905
:106AE000E8B3129910B4F49839B4D69861B4B9984F
:106AF0008AB49B98B3B47D98DBB4609804B542988F
:106B00002DB5259856B508987EB5EA97A7B5CD97C7
:106B1000D0B5B097F9B5939722B676974BB65997FB
:106B200075B63C979EB61F97C7B60297F0B6E69625
:106B300019B7C99643B7AC966CB7909696B773964B
:106B4000BFB75796E9B73B9612B81E963CB8029667
:106B500065B8E6958FB8CA95B9B8AE95E3B8929581
:106B60000CB9769536B95A9560B93E958AB9239590
:106B7000B4B90795DEB9EC9408BAD09432BAB5949A
:106B80005CBA999487BA7E94B1BA6394DBBA47949D
:106B900005BB2C9430BB11945ABBF69385BBDB9399
:106BA000AFBBC093DABBA69304BC8B932FBC70938E
:106BB0005ABC569384BC3B93AFBC2193DABC06937A
:106BC00005BDEC922FBDD2925ABDB79285BD9D9264
:106BD000B0BD8392DBBD699206BE4F9231BE359245
:106BE0005DBE1C9288BE0292B3BEE891DEBECF911C
:106BF00009BFB59135BF9C9160BF82918CBF6991EF
:106C0000B7BF5091E2BF36910EC01D913AC00491BA
:106C100065C0EB9091C0D290BCC0B990E8C0A09084
:106C200014C1889040C16F906CC1569097C13E903E
:106C3000C3C12590EFC10D901BC2F58F47C2DC8FF9
:106C400073C2C48F9FC2AC8FCCC2948FF8C27C8FAA
:106C500024C3648F50C34C8F7CC3348FA9C31D8F52
:106C6000D5C3058F02C4ED8E2EC4D68E5AC4BE8EF7
:106C700087C4A78EB3C4908EE0C4798E0DC5618E93
:106C800039C54A8E66C5338E93C51C8EBFC5058E29
:106C9000ECC5EE8D19C6D88D46C6C18D73C6AA8DBA
:106CA000A0C6948DCDC67D8DF9C6678D27C7508D42
:106CB00054C73A8D81C7248DAEC70E8DDBC7F88CC3
:106CC00008C8E28C35C8CC8C63C8B68C90C8A08C40
:106CD000BDC88A8CEBC8758C18C95F8C45C94A8CB5
:106CE00073C9348CA0C91F8CCEC9098CFBC9F48B25
:106CF00029CADF8B57CACA8B84CAB58BB2CAA08B8C
:106D0000E0CA8B8B0DCB768B3BCB618B69CB4D8BEC
:106D100097CB388BC5CB248BF3CB0F8B21CCFB8A45
:106D20004FCCE68A7DCCD28AABCCBE8AD9CCAA8A9B
:106D300007CD968A35CD828A63CD6E8A91CD5A8AE7
:106D4000BFCD468AEECD338A1CCE1F8A4ACE0B8A2F
:106D500079CEF889A7CEE489D5CED18904CFBE8972
:106D600032CFAB8961CF97898FCF8489BECF7189AC
:106D7000ECCF5F891BD04C894AD0398978D02689DD
:106D8000A7D01489D6D0018904D1EF8833D1DC880B
:106D900062D1CA8891D1B888C0D1A588EED1938834
:106DA0001DD281884CD26F887BD25D88AAD24B8855
:106DB000D9D23A8808D3288837D3168867D305886C
:106DC00096D3F387C5D3E287F4D3D18723D4BF8783
:106DD00052D4AE8782D49D87B1D48C87E0D47B8790
:106DE00010D56A873FD559876ED549879ED5388794
:106DF000CDD52787FDD517872CD606875CD6F68696
:106E00008BD6E686BBD6D586EAD6C5861AD7B58692
:106E10004AD7A58679D79586A9D78586D9D7758685
:106E200009D8668638D8568668D8468698D8378670
:106E3000C8D82786F8D8188627D9098657D9FA8559
:106E400087D9EA85B7D9DB85E7D9CC8517DABD853F
:106E500047DAAF8577DAA085A7DA9185D7DA828518
:106E600008DB748538DB658568DB578598DB4985E9
:106E7000C8DB3A85F8DB2C8529DC1E8559DC1085BA
:106E800089DC0285BADCF484EADCE6841ADDD98484
:106E90004BDDCB847BDDBD84ABDDB084DCDDA28447
:106EA0000CDE95843DDE88846DDE7B849EDE6D8401
:106EB000CEDE6084FFDE53842FDF468460DF3A84B9
:106EC00091DF2D84C1DF2084F2DF148423E0078466
:106ED00053E0FA8384E0EE83B5E0E283E6E0D68314
:106EE00016E1C98347E1BD8378E1B183A9E1A583B8
:106EF000DAE199830AE28E833BE282836CE2768355
:106F00009DE26B83CEE25F83FFE2548330E34883EC
:106F100061E33D8392E33283C3E32783F4E31C837D
:106F200025E4118356E4068387E4FB82B8E4F0820B
:106F3000E9E4E6821BE5DB824CE5D0827DE5C68292
:106F4000AEE5BC82DFE5B18210E6A78242E69D8213
:106F500073E69382A4E68982D5E67F8207E775828D
:106F600038E76B8269E762829BE75882CCE74F8201
:106F7000FDE745822FE83C8260E8328292E8298270
:106F8000C3E82082F5E8178226E90E8257E90582D8
:106F900089E9FC81BAE9F381ECE9EB811DEAE28140
:106FA0004FEAD98180EAD181B2EAC881E4EAC0819E
:106FB00015EBB88147EBB08178EBA881AAEBA081F3
:106FC000DCEB98810DEC90813FEC888171EC808145
:106FD000A2EC7981D4EC718106ED6A8137ED628192
:106FE00069ED5B819BED5481CDED4C81FEED4581DA
:106FF00030EE3E8162EE378194EE3081C6EE2A811A
:10700000F7EE238129EF1C815BEF16818DEF0F8155
:10701000BFEF0981F1EF028122F0FC8054F0F6808D
:1070200086F0F080B8F0EA80EAF0E4801CF1DE80BF
:107030004EF1D88080F1D280B2F1CD80E4F1C780EA
:1070400016F2C28048F2BC807AF2B780ACF2B2800D
:10705000DEF2AC8010F3A78042F3A28074F39D802F
:10706000A6F39880D8F394800AF48F803CF48A8049
:107070006EF48680A0F48180D2F47D8004F578805F
:1070800036F5748068F570809AF56C80CCF5688070
:10709000FFF5648031F6608063F65C8095F6588079
:1070A000C7F65580F9F651802BF74E805DF74A8080
:1070B00090F74780C2F74380F4F7408026F83D8080
:1070C00058F83A808AF83780BDF83480EFF831807C
:1070D00021F92F8053F92C8085F92980B8F9278070
:1070E000EAF925801CFA22804EFA208080FA1E8060
:1070F000B3FA1C80E5FA1A8017FB188049FB16804A
:107100007CFB1480AEFB1280E0FB118012FC0F8030
:1071100045FC0D8077FC0C80A9FC0B80DBFC098012
:107120000EFD088040FD078072FD0680A4FD0580ED
:10713000D7FD048009FE03803BFE03806DFE0280C4
:10714000A0FE0180D2FE018004FF008036FF008097
:1071500069FF00809BFF0080CDFF0080037F137DCF
:10716000317B5E799877E07534749472FF70766F36
:10717000F66D826C166BB5695C680C67C4658464D7
:107180004C631C62F360D05FB55EA05D915C885B70
:10719000855A885990589E57B056C855E45405549E
:1071A0002B5355528351B650EC4F264F644EA64D8B
:1071B000EC4C344C814BD04A234A7849D1482D4875
:1071C0008C47ED465146B84521458D44FC436C4300
:1071D000DF425542CC414641C24040403FF0037F30
:1071E0002074137D39E7317B949F5E7929FD987770
:1071F0002869E0754D5534744B3B9472409CFF7088
:107200003100766F93F5F66DE310826C3AEC166BF5
:10721000F626B5695F655C685D500C672D95C465A1
:1072200019E584643EF54C634F7E1C62613CF3605B
:10723000B3EED05F8557B55EEB3BA05DA163915C7B
:10724000E698885B5AA8855ADF60885973939058EE
:1072500018139E57B8B4B0560B4FC85580BAE454B3
:1072600024D105548F6E2B53D06F55525AB383518E
:10727000F318B650A281EC4FA2CF264F4EE6644ED3
:107280001DAAA64D8B00EC4C10D0344C1600814B3F
:10729000EF78D04AC423234A96EA784927B8D148E0
:1072A000FE772D4857168C471D80ED46E5A25146C6
:1072B000E26CB845E1CC214544B28D44FA0CFC4364
:1072C00078CD6C43B4E4DF4226445542B6DDCC4170
:1072D000C6A346412389C2400281404008004000C5
:1072E0001800480010004000280050002000400016
:1072F000380058003000480058006800480060001E
:107300006800700008004000100080001800C000F5
:107310002000400028004800300088003800C800E5
:1073200040008000480050005800D00050009000FD
:107330006000C0006800D000700098007800D8009D
:107340008800C0009000A000A800D0009800E000D5
:10735000B000D000B800E800D800F000C800E0009D
:10736000E800F00008004000100080001800C00095
:107370002000000128004001300080013800C001D9
:10738000500088005800C8006000080168004801EB
:10739000700088017800C8019800D000A00010019A
:1073A000A8005001B0009001B800D001E000180121
:1073B000E8005801F0009801F800D80128016001A8
:1073C0003001A0013801E0017001A8017801E80155
:1073D000B801F0010800000210004000180040024F
:1073E00020008000280080023000C0003800C00269
:1073F00040000001480000035000400158004003D5
:1074000060008001680080037000C0017800C00344
:1074100080000002880008029000000398004802E3
:10742000A0000802A8008802B000C800B800C80286
:10743000C0000801C8000803D0004801D800480374
:10744000E0008801E8008803F000C801F800C803E4
:107450000801100210014001180150022001000330
:1074600028019002300148013801D0024801100380
:107470005801500360019001680190037001D00130
:107480007801D00380014002880118029001400376
:1074900098015802A0014802A8019802B0014803CF
:1074A000B801D802C0015002C8011803D00150032E
:1074B000D8015803E0015802E8019803F00158038D
:1074C000F801D803080220021002400218026002EC
:1074D0002802A002300260023802E00240020003EB
:1074E0004802200350024003580260036002200358
:1074F0006802A003700260037802E0038802A00221
:10750000900280039802A003B0028803B802E80248
:10751000C0028003C8022803D0029003D802680387
:10752000E002A003E802A803F0029803F802E803CF
:107530000803200310034003180360032803880393
:107540003003600338039803480360035803700353
:107550006803B0037803F0038803A0039003C0031B
:107560009803E003B003C803B803E803C803E003CB
:10757000D803F00308000002100000041800000601
:10758000200040002800400230004004380040063F
:1075900040008000480080025000800458008006AF
:1075A0006000C0006800C0027000C0047800C0061F
:1075B000800000018800000390000005980000078B
:1075C000A0004001A8004003B0004005B8004007FB
:1075D000C0008001C8008003D0008005D80080076B
:1075E000E000C001E800C003F000C005F800C007DB
:1075F0000001000208010802100108041801080631
:107600002001800228014802300148043801480660
:10761000400100034801880250018804580188068F
:10762000600180036801C8027001C8047801C806BF
:1076300080010802880108039001080598010807E5
:10764000A0018802A8014803B0014805B801480715
:10765000C0010803C8018803D0018805D801880744
:10766000E0018803E801C803F001C805F801C80774
:107670000802100200020004100210041802100692
:1076800020028004280250023002500438025006C2
:1076900040020005480290025002900458029006F1
:1076A000600280056802D0027002D0047802D00621
:1076B0008002080488021003900210059802100747
:1076C000A0028804A8025003B0025005B802500777
:1076D000C0020805C8029003D0029005D8029007A6
:1076E000E0028805E802D003F002D005F802D007D6
:1076F00000030006080310061003180418031806F8
:1077000020038006280390063003580438035806E7
:1077100040030007480310075003980458039806D5
:1077200060038007680390077003D8047803D806C5
:1077300080030806880318069003180598031807A5
:10774000A0038806A8039806B0035805B803580795
:10775000C0030807C8031807D0039805D803980783
:10776000E0038807E8039807F003D805F803D80773
:10777000080480041004200418042006280480054E
:10778000300460043804600640040006480488049D
:107790005004A0045804A00660041006680488057C
:1077A0007004E0047804E006880480069004200554
:1077B00098042007A0040806A8048007B004600508
:1077C000B8046007C0042006C8048806D004A005D9
:1077D000D804A007E0041806E8048807F004E005D0
:1077E000F804E0070805200510058005180528069F
:1077F000280590053005880538056806400500070E
:1078000048052007500580075805A80660050807A9
:1078100068059805700588077805E80688059006CC
:1078200098052807A0052806A8059007B005280791
:10783000B8056807C0051007C8059806D005900769
:10784000D805A807E0051807E8059807F005980788
:10785000F805E807180630063806700640060007E7
:1078600048068007500608075806B006600610074D
:1078700068069007700618077806F0068806A006C6
:1078800098063007A806A007B0068807B806700754
:10789000C0062007C806A007D0062807D806B007EC
:1078A000E0063007E806A807F0069807F806F00794
:1078B00048075007380798075007600758077007B0
:1078C0006007C0076807D0077807F0077007E00770
:1078D000B807F007A807B007D807F007C807E00700
:1078E000E807F00708000002100000041800000676
:1078F000200000082800000A3000000C3800000EAC
:107900004800400250004004580040066000400813
:107910006800400A7000400C7800400E8800800229
:107920009000800498008006A0008008A800800ACB
:10793000B000800CB800800EC800C002D000C004A7
:10794000D800C006E000C008E800C00AF000C00C83
:10795000F800C00E0801000310010005180100071F
:10796000200100092801000B3001000D3801000F33
:10797000480140035001400558014007600140099B
:107980006801400B7001400D7801400F88018003B1
:107990009001800598018007A0018009A801800B53
:1079A000B001800DB801800FC801C003D001C0052F
:1079B000D801C007E001C009E801C00BF001C00D0B
:1079C000F801C00F10020804180208062002080877
:1079D0002802080A3002080C3802080E5002480437
:1079E00058024806600248086802480A7002480CBB
:1079F0007802480E9002880498028806A00288083F
:107A0000A802880AB002880CB802880ED002C80406
:107A1000D802C806E002C808E802C80AF002C80C8A
:107A2000F802C80E10030805180308072003080908
:107A30002803080B3003080D3803080F50034805CE
:107A400058034807600348096803480B7003480D52
:107A50007803480F9003880598038807A0038809D6
:107A6000A803880BB003880DB803880FD003C8059E
:107A7000D803C807E003C809E803C80BF003C80D22
:107A8000F803C80F18041006200410082804100A70
:107A90003004100C3804100E5804500660045008CE
:107AA0006804500A7004500C7804500E9804900634
:107AB000A0049008A804900AB004900CB804900E9A
:107AC000D804D006E004D008E804D00AF004D00CB2
:107AD000F804D00E18051007200510092805100B12
:107AE0003005100D3805100F580550076005500976
:107AF0006805500B7005500D7805500F98059007DC
:107B0000A0059009A805900BB005900DB805900F41
:107B1000D805D007E005D009E805D00BF005D00D59
:107B2000F805D00F200618082806180A3006180C89
:107B30003806180E600658086806580A7006580C71
:107B40007806580EA0069808A806980AB006980C61
:107B5000B806980EE006D808E806D80AF006D80C51
:107B6000F806D80E200718092807180B3007180D3B
:107B70003807180F600758096807580B7007580D29
:107B80007807580FA0079809A807980BB007980D19
:107B9000B807980FE007D809E807D80BF007D80D09
:107BA000F807D80F2808200A3008200C3808200EC3
:107BB0006808600A7008600C7808600EA808A00ABF
:107BC000B008A00CB808A00EE808E00AF008E00C25
:107BD000F808E00E2809200B3009200D3809200F85
:107BE0006809600B7009600D7809600FA809A00B87
:107BF000B009A00DB809A00FE809E00BF009E00DED
:107C0000F809E00F300A280C380A280E700A680CB0
:107C1000780A680EB00AA80CB80AA80EF00AE80C98
:107C2000F80AE80E300B280D380B280F700B680D82
:107C3000780B680FB00BA80DB80BA80FF00BE80D70
:107C4000F80BE80F380C300E780C700EB80CB00E34
:107C5000F80CF00E380D300F780D700FB80DB00F16
:107C6000F80DF00F080000101000000218000012BC
:107C70002000000428000014300000063800001620
:107C800040000008480000185000000A5800001A80
:107C90006000000C6800001C7000000E7800001EE0
:107CA00080000008880040109000400298004012B8
:107CB000A0004004A8004014B0004006B8004016E0
:107CC000C0004008C8004018D000400AD800401A40
:107CD000E000400CE800401CF000400EF800401EA0
:107CE00000010008080180101001800218018012B4
:107CF000200180042801801430018006380180169C
:107D000040018008480180185001800A5801801AFB
:107D10006001800C6801801C7001800E7801801E5B
:107D2000800140088801C0109001C0029801C01273
:107D3000A001C004A801C014B001C006B801C0165B
:107D4000C001C008C801C018D001C00AD801C01ABB
:107D5000E001C00CE801C01CF001C00EF801C01E1B
:107D600000020008080200111002000318020013AC
:107D70002002000528020015300200073802001713
:107D800040020009480200195002000B5802001B73
:107D90006002000D6802001D7002000F7802001FD3
:107DA000800280088802401190024003980240132C
:107DB000A0024005A8024015B0024007B8024017D3
:107DC000C0024009C8024019D002400BD802401B33
:107DD000E002400DE802401DF002400FF802401F93
:107DE0000003400808038011100380031803801368
:107DF000200380052803801530038007380380178F
:107E000040038009480380195003800B5803801BEE
:107E10006003800D6803801D7003800F7803801F4E
:107E20008003C0088803C0119003C0039803C013E7
:107E3000A003C005A803C015B003C007B803C0174E
:107E4000C003C009C803C019D003C00BD803C01BAE
:107E5000E003C00DE803C01DF003C00FF803C01F0E
:107E6000000400100804081010040011180408127F
:107E700020040810280408143004080638040816E2
:107E800040040808480408185004080A5804081A4E
:107E90006004080C6804081C7004080E7804081EAE
:107EA00080040018880448109004001998044812AF
:107EB000A0040818A8044814B0044806B8044816DA
:107EC000C0044808C8044818D004480AD804481A0E
:107ED000E004480CE804481CF004480EF804481E6E
:107EE000000540100805881010054011180588127B
:107EF000200548102805881430058806380588169E
:107F000040058808480588185005880A5805881AC9
:107F10006005880C6805881C7005880E7805881E29
:107F2000800540188805C810900540199805C812AA
:107F3000A0054818A805C814B005C806B805C81695
:107F4000C005C808C805C818D005C80AD805C81A89
:107F5000E005C80CE805C81CF005C80EF805C81EE9
:107F60000006801008060811100680111806081374
:107F70002006881028060815300608073806081756
:107F800040060809480608195006080B5806081B41
:107F90006006080D6806081D7006080F7806081FA1
:107FA00080068018880648119006801998064813A4
:107FB000A0068818A8064815B0064807B80648174E
:107FC000C0064809C8064819D006480BD806481B01
:107FD000E006480DE806481DF006480FF806481F61
:107FE0000007C010080788111007C0111807881370
:107FF0002007C81028078815300788073807881712
:1080000040078809480788195007880B5807881BBC
:108010006007880D6807881D7007880F7807881F1C
:108020008007C0188807C8119007C0199807C8139F
:10803000A007C818A807C815B007C807B807C81709
:10804000C007C809C807C819D007C80BD807C81B7C
:10805000E007C80DE807C81DF007C80FF807C81FDC
:108060000808101010084008180810122008001105
:108070002808101430088011380810164808101805
:108080005008100A5808101A6008100C6808101CD4
:108090007008100E7808101E8008000A880850101A
:1080A0009008000B98085012A008080AA80850145D
:1080B000B008080BB8085016C008100AC8085018B5
:1080C000D008500AD808501AE008500CE808501C94
:1080D000F008500EF808501E080990101009800989
:1080E00018099012200900192809901430098019E4
:1080F000380990164009000B480990185009900A59
:108100005809901A6009900C6809901C7009900E2B
:108110007809901E8009400A8809D0109009400B08
:108120009809D012A009480AA809D014B009480B30
:10813000B809D016C009500AC809D018D009D00A09
:10814000D809D01AE009D00CE809D01CF009D00EEB
:10815000F809D01E080A1011180A1013200A40113D
:10816000280A1015300AC011380A1017480A1019C9
:10817000500A100B580A101B600A100D680A101DD7
:10818000700A100F780A101F880A5011900A800B8D
:10819000980A5013A00A5011A80A5015B00A880B6B
:1081A000B80A5017C00A800BC80A5019D00A500BE1
:1081B000D80A501BE00A500DE80A501DF00A500F73
:1081C000F80A501F080B9011180B9013200B401940
:1081D000280B9015300BC019380B9017480B9019CD
:1081E000500B900B580B901B600B900D680B901D63
:1081F000700B900F780B901F880BD011900BC00B59
:10820000980BD013A00B5019A80BD015B00BC80BAE
:10821000B80BD017C80BD019D80BD01BE00BD00D62
:10822000E80BD01DF00BD00FF80BD01F000C001284
:10823000080C1810100C0013180C1812200C08123F
:10824000280C1814300C0813380C1816400C101297
:10825000480C1818500C1013580C181A600C1812EF
:10826000680C181C700C180E780C181E800C001A64
:10827000880C5810900C001B980C5812A00C081A6F
:10828000A80C5814B00C081BB80C5816C00C101AC7
:10829000C80C5818D00C101BD80C581AE00C181A1F
:1082A000E80C581CF00C580EF80C581E000D40122B
:1082B000080D9810100D4013180D9812200D48123B
:1082C000280D9814300D4813380D9816400D501293
:1082D000480D9818500D5013580D981A600D5812EB
:1082E000680D981C700D980E780D981E800D401A20
:1082F000880DD810900D401B980DD812A00D481A6B
:10830000A80DD814B00D481BB80DD816C00D501AC2
:10831000C80DD818D00D501BD80DD81AE00D581A1A
:10832000E80DD81CF00DD80EF80DD81E000E8012E6
:10833000080E1811100E8013180E1813200E881234
:10834000280E1815300E8813380E1817400E90128C
:10835000480E1819500E9013580E181B600E9812E4
:10836000680E181D700E180F780E181F800E801AD8
:10837000880E5811900E801B980E5813A00E881A64
:10838000A80E5815B00E881BB80E5817C00E901ABC
:10839000C80E5819D00E901BD80E581BE00E981A14
:1083A000E80E581DF00E580FF80E581F000FC0129F
:1083B000080F9811100FC013180F9813200FC81230
:1083C000280F9815300FC813380F9817400FD01288
:1083D000480F9819500FD013580F981B600FD812E0
:1083E000680F981D700F980F780F981F800FC01A94
:1083F000880FD811900FC01B980FD813A00FC81A60
:10840000A80FD815B00FC81BB80FD817C00FD01AB7
:10841000C80FD819D00FD01BD80FD81BE00FD81A0F
:10842000E80FD81DF00FD81BF80FD81F0810201028
:10843000101040101810201228102014301088102E
:10844000381020164010001148102018501040110C
:108450005810201A601008126810201C7010881222
:108460007810201E80100012881008129010401200
:1084700098106012A0102012A8106014B0106012A2
:10848000B8106016C0100013C8106018D010401348
:10849000D810601AE0101812E810601CF010981242
:1084A000F810601E08112012101140111811A012AE
:1084B000201108182811A014301188183811A0169E
:1084C0004811A0185811A01A6011081A6811A01CB0
:1084D0007011881A7811A01E8011101288111812BC
:1084E000901150129811E012A0111818A811E01460
:1084F000B0119818B811E016C0111013C811E01887
:10850000D0115013D811E01AE011181AE811E01C2C
:10851000F011981AF811E01E00120018081208183D
:10852000101240181812201320122018281220159B
:108530003012601838122017401200194812201902
:10854000501240195812201B601220196812201D69
:108550007012C8127812201F8012001A8812081A8E
:108560009012401A98126013A012201AA8126015D7
:10857000B012601AB8126017C012001BC81260193E
:10858000D012401BD812601BE012201BE812601DA5
:10859000F012601BF812601F00131018081318184F
:1085A000101350181813A013201348182813A015DF
:1085B0003013C8183813A017401310194813A01906
:1085C000501350195813A01B6013481A6813A01DAC
:1085D0007013C81A7813A01F8013101A8813181A62
:1085E0009013501A9813E013A0135818A813E0150D
:1085F000B013D818B813E017C013101BC813E01934
:10860000D013501BD813E01BE013581AE813E01DD9
:10861000F013D81AF813E01F0814201410140015D2
:108620001814201530140815381428164014001595
:1086300048142818501410155814281A60142015BE
:108640006814281C701418157814281E8014001C37
:108650008814201C9014001D9814201DA014081CC0
:10866000A814281CB014081DB8146816C014101CD7
:10867000C8146818D014101DD814681AE014181CF7
:10868000E814681CF014181DF814681E081520154D
:108690001015401518156015201528182815281CC8
:1086A000301548153815A8164815A8185815A81AD1
:1086B0006015281A6815A81C7015A81A7815A81E28
:1086C0008015401C8815601C9015401D9815601D74
:1086D000A015481CA815681CB015481DB815E8164B
:1086E000C015501CC815E818D015501DD815E81A2B
:1086F000E015581CE815E81CF015581DF815E81E83
:108700000016001C0816081C1016401C1816481CE1
:108710002016201C2816281C3016601C3816281716
:108720004016001D481628195016401D5816281BC3
:108730006016201D6816281D7016601D7816281FEB
:108740008016801C8816A01C9016801D9816A01DEF
:10875000A016881CA816A81CB016881DB816681785
:10876000C016901CC8166819D016901DD816681B24
:10877000E016981CE816681DF016981DF816681F7C
:108780000017101C0817181C1017501C1817581C1D
:10879000201768182817681C3017E8183817A8170A
:1087A0004017101D4817A8195017501D5817A81B1F
:1087B0006017681A6817A81D7017E81A7817A81F9D
:1087C0008017C01C8817E01C9017C01D9817E01D6B
:1087D000A017C81CA817E81CB017C81DB817E817C1
:1087E000C017D01CC817E819D017D01DD817E81B20
:1087F000E017D81CE817E81DF017D81DF817E81F78
:1088000018186018301848183818601C5818301A92
:108810006818301C7018181A7818301E8018001A42
:108820008818081A9018001B98186019A018201AA8
:10883000A818281AB018201BB818601DC018101AE4
:10884000C818181AD018101BD818701AE018301A47
:10885000E818701CF018581AF818701E081920191A
:108860001819601A2819081D301988193819881D17
:108870004819201B5819B01A6019081B6819B01C38
:108880007019881B7819B01E8019401A8819481A67
:108890009019401B9819601BA019601AA819181D7F
:1088A000B019601BB819981DC019501AC819581A68
:1088B000D019501BD819F01AE019181BE819F01C30
:1088C000F019981BF819F01E381A701C581A301B32
:1088D000681A301D701A181B781A301F901AC01AA7
:1088E000981AC81AB01AE01AB81AE81AC01A801BE7
:1088F000C81A881BD01AC01BD81A701BE01AA01BFC
:10890000E81A701DF01AE01BF81A701F281B481D8A
:10891000381BC81D481B601B581BB01B681BB01DB3
:10892000701BC81B781BB01F901BC01B981BC81B5B
:10893000A81B581DB01BE01BB81BD81DD81BF01B73
:10894000E81BF01DF81BF01F081C201C181C301C15
:10895000381C681C481C601C581C701C781C381E75
:10896000801C001E881C201E901C001F981C201FAD
:10897000A01C081EA81C281EB01C081FB81C281FFD
:10898000C01C101EC81C301ED01C101FD81C301F4D
:10899000E01C181EE81C381EF01C181FF81C781E5E
:1089A000081D201D181D301D381DA81D481D601DE7
:1089B000581D701D681D281F781DB81E801D401E83
:1089C000881D601E901D401F981D601FA01D481E21
:1089D000A81D681EB01D481FB81D681FC01D501E71
:1089E000C81D701ED01D501FD81D701FE01D581EC1
:1089F000E81D781EF01D581FF81DF81E081E201EC9
:108A0000181E301E481E601E581E701E781E381F0D
:108A1000881EA01E901E801F981EA01FB01E881FBB
:108A2000B81EA81FC01E801FC81E881FD01E901F02
:108A3000D81EB01FE01EA01FE81EA81FF01E981F22
:108A4000F81E781F081F201F181F301F481F601FA7
:108A5000581F701F781FB81F881FA01F901FC01FAE
:108A6000981FE01FB01FC81FB81FE81FC81FE01FD6
:108A7000D81FF01F08000010100000201800003060
:108A800020000002280000123000002238000032CE
:108A90004000000448000014500000245800003436
:108AA000600000066800001670000026780000369E
:108AB0008000000888000018900000289800003806
:108AC000A000000AA800001AB000002AB800003A6E
:108AD000C000000CC800001CD000002CD800003CD6
:108AE000E000000EE800001EF000002EF800003E3E
:108AF000000100040801401010014020180140301E
:108B00002001400228014012300140223801403249
:108B100040014004480140145001402458014034B1
:108B20006001400668014016700140267801403619
:108B30008001400888014018900140289801403881
:108B4000A001400AA801401AB001402AB801403AE9
:108B5000C001400CC801401CD001402CD801403C51
:108B6000E001400EE801401EF001402EF801403EB9
:108B700000020008080280101002802018028030D5
:108B800020028002280280123002802238028032C5
:108B9000400280044802801450028024580280342D
:108BA0006002800668028016700280267802803695
:108BB00080028008880280189002802898028038FD
:108BC000A002800AA802801AB002802AB802803A65
:108BD000C002800CC802801CD002802CD802803CCD
:108BE000E002800EE802801EF002802EF802803E35
:108BF0000003000C0803C0101003C0201803C0308D
:108C00002003800C2803C0123003C0223803C03276
:108C10004003C0044803C0145003C0245803C034A8
:108C20006003C0066803C0167003C0267803C03610
:108C30008003C0088803C0189003C0289803C03878
:108C4000A003C00AA803C01AB003C02AB803C03AE0
:108C5000C003C00CC803C01CD003C02CD803C03C48
:108C6000E003C00EE803C01EF003C02EF803C03EB0
:108C70000804001110040021180400312004000C25
:108C80002804001330040023380400334004000596
:108C900048040015500400255804003560040007FE
:108CA0006804001770040027780400378004000966
:108CB000880400199004002998040039A004000BCE
:108CC000A804001BB004002BB804003BC004000D36
:108CD000C804001DD004002DD804003DE004000F9E
:108CE000E804001FF004002FF804003F08054011BD
:108CF00010054021180540312005000D28054013BE
:108D000030054023380540334805401550054025BF
:108D10005805403560054007680540177005402735
:108D2000780540378005400988054019900540299D
:108D300098054039A005400BA805401BB005402B05
:108D4000B805403BC005400DC805401DD005402D6D
:108D5000D805403DE005400FE805401FF005402FD5
:108D6000F805403F000640080806801110068021E3
:108D7000180680312006C00828068013300680239C
:108D80003806803340064009480680155006802585
:108D900058068035600680076806801770068027B1
:108DA0007806803780068009880680199006802919
:108DB00098068039A006800BA806801BB006802B81
:108DC000B806803BC006800DC806801DD006802DE9
:108DD000D806803DE006800FE806801FF006802F51
:108DE000F806803F0007400C0807C0111007C0219B
:108DF0001807C0312007C00C2807C0133007C02354
:108E00003807C0334007400D4807C0155007C0253C
:108E10005807C0356007C0076807C0177007C0272C
:108E20007807C0378007C0098807C0199007C02994
:108E30009807C039A007C00BA807C01BB007C02BFC
:108E4000B807C03BC007C00DC807C01DD007C02D64
:108E5000D807C03DE007C00FE807C01FF007C02FCC
:108E6000F807C03F00080010080808101008082084
:108E70001808083020088010280808123008082236
:108E8000380808324008001148080814500808241F
:108E90005808083460088011680808167008082609
:108EA00078080836800808108808081890080828EC
:108EB00098080838A008080AA808081AB008082A5C
:108EC000B808083AC008080CC808081CD008082CC4
:108ED000D808083CE008080EE808081EF008082E2C
:108EE000F808083E00090014080948101009482035
:108EF00018094830200980142809481230094822EE
:108F000038094832400900154809481450094824D6
:108F100058094834600980156809481670094826C0
:108F200078094836800908148809481890094828A3
:108F300098094838A009480AA809481AB009482AD7
:108F4000B809483AC009480CC809481CD009482C3F
:108F5000D809483CE009480EE809481EF009482EA7
:108F6000F809483E000A0018080A8810100A8820EC
:108F7000180A8830200A8018280A8812300A8822A5
:108F8000380A8832400A0019480A8814500A88248E
:108F9000580A8834600A8019680A8816700A882678
:108FA000780A8836800A0818880A8818900A88285B
:108FB000980A8838A00A8818A80A881AB00A882A45
:108FC000B80A883AC00A880CC80A881CD00A882CBB
:108FD000D80A883CE00A880EE80A881EF00A882E23
:108FE000F80A883E000B001C080BC810100BC820A4
:108FF000180BC830200B801C280BC812300BC8225D
:10900000380BC832400B001D480BC814500BC82445
:10901000580BC834600B801D680BC816700BC8262F
:10902000780BC836800B081C880BC818900BC82812
:10903000980BC838A00B881CA80BC81AB00BC82AFC
:10904000B80BC83AC00BC80CC80BC81CD00BC82C36
:10905000D80BC83CE00BC80EE80BC81EF00BC82E9E
:10906000F80BC83E000C4010080C0811100C082129
:10907000180C0831200CC010280C0813300C0823E1
:10908000380C0833400C4011480C0815500C0825CA
:10909000580C0835600CC011680C0817700C0827B4
:1090A000780C0837800C4810880C0819900C082997
:1090B000980C0839A00CC810A80C081BB00C082B81
:1090C000B80C083BC00C080DC80C081DD00C082DAE
:1090D000D80C083DE00C080FE80C081FF00C082F16
:1090E000F80C083F000D4014080D4811100D4821E0
:1090F000180D4831200DC014280D4813300D482399
:10910000380D4833400D4015480D4815500D482581
:10911000580D4835600DC015680D4817700D48276B
:10912000780D4837800D4814880D4819900D48294E
:10913000980D4839A00DC814A80D481BB00D482B38
:10914000B80D483BC00D4815C80D481DD00D482D21
:10915000D80D483DE00D480FE80D481FF00D482F91
:10916000F80D483F000E4018080E8811100E882197
:10917000180E8831200EC018280E8813300E882350
:10918000380E8833400E4019480E8815500E882539
:10919000580E8835600EC019680E8817700E882723
:1091A000780E8837800E4818880E8819900E882906
:1091B000980E8839A00EC818A80E881BB00E882BF0
:1091C000B80E883BC00E4819C80E881DD00E882DD9
:1091D000D80E883DE00E880FE80E881FF00E882F0D
:1091E000F80E883F000F401C080FC811100FC8214F
:1091F000180FC831200FC01C280FC813300FC82308
:10920000380FC833400F401D480FC815500FC825F0
:10921000580FC835600FC01D680FC817700FC827DA
:10922000780FC837800F481C880FC819900FC829BD
:10923000980FC839A00FC81CA80FC81BB00FC82BA7
:10924000B80FC83BC00F481DC80FC81DD00FC82D90
:10925000D80FC83DE00FC81DE80FC81FF00FC82F7A
:10926000F80FC83F00100020081010101010102038
:1092700018101030201080202810101230101022EA
:1092800038101032401000214810101450101024D3
:1092900058101034601080216810101670101026BD
:1092A00078101036801008208810101890101028A0
:1092B00098101038A0108820A810101AB010102A8A
:1092C000B810103AC0100821C810101CD010102C73
:1092D000D810103CE0108821E810101EF010102E5D
:1092E000F810103E00110024081110241011502015
:1092F00018115030201180242811501230115022A2
:10930000381150324011002548115014501150248A
:109310005811503460118025681150167011502674
:109320007811503680110824881150189011502857
:1093300098115038A0118824A811501AB011502A41
:10934000B811503AC0110825C811501CD011502C2A
:10935000D811503CE0118825E811501EF011502E14
:10936000F811503E00120028081210281012902008
:109370001812903020128028281290123012902259
:109380003812903240120029481290145012902442
:10939000581290346012802968129016701290262C
:1093A000781290368012082888129018901290280F
:1093B00098129038A0128828A812901AB012902AF9
:1093C000B812903AC0120829C812901CD012902CE2
:1093D000D812903CE0128829E812901EF012902ECC
:1093E000F812903E0013002C0813102C1013D020FC
:1093F0001813D0302013802C2813902C3013D02237
:109400003813D0324013002D4813D0145013D024F9
:109410005813D0346013802D6813D0167013D026E3
:109420007813D0368013082C8813D0189013D028C6
:109430009813D038A013882CA813D01AB013D02AB0
:10944000B813D03AC013082DC813D01CD013D02C99
:10945000D813D03CE013882DE813D01EF013D02E83
:10946000F813D03E0014402008145020101410218E
:10947000181410312014C0202814D02030141023C8
:10948000381410334014402148141015501410257E
:10949000581410356014C021681410177014102768
:1094A000781410378014482088141019901410294B
:1094B00098141039A014C820A814101BB014102B35
:1094C000B814103BC0144821C814101DD014102D1E
:1094D000D814103DE014C821E814101FF014102F08
:1094E000F814103F00154024081550241015502181
:1094F000181550312015C0242815D02430155023BC
:109500003815503340154025481550155015502535
:10951000581550356015C02568155017701550271F
:109520007815503780154824881550199015502902
:1095300098155039A015C824A815501BB015502BEC
:10954000B815503BC0154825C815501DD015502DD5
:10955000D815503DE015C825E815501FF015502FBF
:10956000F815503F00164028081650281016902174
:10957000181690312016C0282816D02830169023AF
:109580003816903340164029481650295016902519
:10959000581690356016C0296816901770169027D7
:1095A00078169037801648288816901990169029BA
:1095B00098169039A016C828A816901BB016902BA4
:1095C000B816903BC0164829C816901DD016902D8D
:1095D000D816903DE016C829E816901FF016902F77
:1095E000F816903F0017402C0817502C1017D02168
:1095F0001817D0312017C02C2817D02C3017D023A3
:109600003817D0334017402D4817502D5017D0250C
:109610005817D0356017C02D6817D0177017D0278E
:109620007817D0378017482C8817D0199017D02971
:109630009817D039A017C82CA817D01BB017D02B5B
:10964000B817D03BC017482DC817D01DD017D02D44
:10965000D817D03DE017C82DE817D01FF017D02F2E
:10966000F817D03F001800300818103010181820D4
:109670001818183020188030281890303018182208
:109680003818183240180031481810315018182472
:1096900058181834601880316818903170181826DE
:1096A000781818368018083088181830901818283C
:1096B00098181838A0188830A818181AB018182A3E
:1096C000B818183AC0180831C818181CD018182C27
:1096D000D818183CE0188831E818181EF018182E11
:1096E000F818183E001900340819103410195820C1
:1096F00018195830201980342819903430195822FC
:109700003819583240190035481910355019582465
:1097100058195834601980356819903570195826D1
:10972000781958368019083488191834901958282F
:1097300098195838A0198834A819581AB019582AF5
:10974000B819583AC0190835C819581CD019582CDE
:10975000D819583CE0198835E819581EF019582EC8
:10976000F819583E001A0038081A1038101A9820B4
:10977000181A9830201A8038281A9038301A9822EF
:10978000381A9832401A0039481A1039501A982459
:10979000581A9834601A8039681A9039701A9826C5
:1097A000781A9836801A0838881A1838901A982823
:1097B000981A9838A01A8838A81A9838B01A982A8F
:1097C000B81A983AC01A0839C81A981CD01A982C96
:1097D000D81A983CE01A8839E81A981EF01A982E80
:1097E000F81A983E001B003C081B103C101BD820A8
:1097F000181BD830201B803C281B903C301BD822E3
:10980000381BD832401B003D481B103D501BD8244C
:10981000581BD834601B803D681B903D701BD826B8
:10982000781BD836801B083C881B183C901BD82816
:10983000981BD838A01B883CA81B983CB01BD82A82
:10984000B81BD83AC01B083DC81BD81CD01BD82C4D
:10985000D81BD83CE01B883DE81BD81EF01BD82E37
:10986000F81BD83E001C4030081C5030101C18213A
:10987000181C1831201CC030281CD030301C182374
:10988000381C1833401C4031481C5031501C1825DE
:10989000581C1835601CC031681CD031701C18274A
:1098A000781C1837801C4830881C5830901C1829A8
:1098B000981C1839A01CC830A81CD830B01C182B14
:1098C000B81C183BC01C4831C81C181DD01C182DD2
:1098D000D81C183DE01CC831E81C181FF01C182FBC
:1098E000F81C183F001D4034081D5034101D58212D
:1098F000181D5831201DC034281DD034301D582368
:10990000381D5833401D4035481D5035501D5825D1
:10991000581D5835601DC035681DD035701D58273D
:10992000781D5837801D4834881D5834901D58299B
:10993000981D5839A01DC834A81DD834B01D582B07
:10994000B81D583BC01D4835C81D5835D01D582D71
:10995000D81D583DE01DC835E81D581FF01D582F73
:10996000F81D583F001E4038081E5038101E982120
:10997000181E9831201EC038281ED038301E98235B
:10998000381E9833401E4039481E5039501E9825C5
:10999000581E9835601EC039681ED039701E982731
:1099A000781E9837801E4838881E5838901E98298F
:1099B000981E9839A01EC838A81ED838B01E982BFB
:1099C000B81E983BC01E4839C81E5839D01E982D65
:1099D000D81E983DE01EC839E81E981FF01E982F2B
:1099E000F81E983F001F403C081F503C101FD82114
:1099F000181FD831201FC03C281FD03C301FD8234F
:109A0000381FD833401F403D481F503D501FD825B8
:109A1000581FD835601FC03D681FD03D701FD82724
:109A2000781FD837801F483C881F583C901FD82982
:109A3000981FD839A01FC83CA81FD83CB01FD82BEE
:109A4000B81FD83BC01F483DC81F583DD01FD82D58
:109A5000D81FD83DE01FC83DE81FD83DF01FD82FC4
:109A6000F81FD83F08208020102020201820203008
:109A70002820802830202022382020324020002139
:109A80004820C0205020202458202034602010245A
:109A90006820C0287020202678202036882080303A
:109AA0009020202898202038A0200830A820803836
:109AB000B020202AB820203AC0200821C820C03079
:109AC000D020202CD820203CE0200831E820C038CD
:109AD000F020202EF820203E0021002408218021A3
:109AE00010211024182160302021202428218029D1
:109AF0003021602238216032402100254821C021D8
:109B00005021602458216034602150246821C029EC
:109B100070216026782160368021082488218031D8
:109B20009021602898216038A0210834A82180392C
:109B3000B021602AB821603AC0210825C821C0316F
:109B4000D021602CD821603CE0210835E821C039C3
:109B5000F021602EF821603E002200300822803083
:109B6000102208301822A030202210302822882805
:109B70003022A0223822A032402240304822C03079
:109B80005022A0245822A034602250306822C828D5
:109B90007022A0267822A0368022203088228830A9
:109BA0009022A0289822A038A0221830A822883815
:109BB000B022A02AB822A03AC0226030C822C83001
:109BC000D022A02CD822A03CE0221831E822C838AC
:109BD000F022A02EF822A03E00230031082380317D
:109BE000102308311823E03020231031282388293E
:109BF000302318313823E032402340314823C0312C
:109C00005023E0245823E034602350316823C829CE
:109C10007023E0267823E0368023182488238831B7
:109C20009023E0289823E038A0231834A82388390B
:109C3000B023E02AB823E03AC0231825C823C8314E
:109C4000D023E02CD823E03CE0231835E823C839A2
:109C5000F023E02EF823E03E082480241024202462
:109C6000182420312824802C30241031382420332B
:109C7000402400254824C024502420255824203581
:109C8000602410256824C02C7024202778242037D5
:109C9000882480349024202998242039A024483016
:109CA000A824803CB024202BB824203BC0240825C5
:109CB000C824C034D024202DD824203DE0244831AD
:109CC000E824C03CF024202FF824203F08258025DC
:109CD00010252025182560312825802D302550316C
:109CE000382560334825C025502560255825603526
:109CF0006825C02D70256027782560378825803538
:109D00009025602998256039A0254834A825803DF4
:109D1000B025602BB825603BC825C035D025602D07
:109D2000D825603DE0254835E825C03DF025602F69
:109D3000F825603F002600340826803410260834B9
:109D40001826A031202610342826882C30261834D6
:109D50003826A033402640344826C03450264834A4
:109D60005826A035602650346826C82C7026A027B7
:109D70007826A03780262034882688349026A0298B
:109D80009826A039A0265830A826883CB026A02BBB
:109D9000B826A03BC0266034C826C834D026A02DE3
:109DA000D826A03DE0265831E826C83CF026A02F52
:109DB000F826A03F002700350827803510270835F2
:109DC0001827E031202710352827882D302718350F
:109DD0003827E033402740354827C03550274835DD
:109DE0005827E035602750356827C82D7027E027B1
:109DF0007827E03780272035882788359027E02985
:109E00009827E039A0275834A827883DB027E02BB1
:109E1000B827E03BC0276035C827C835D027E02DDC
:109E2000D827E03DE0275835E827C83DF027E02F48
:109E3000F827E03F082820281028802818282830F4
:109E40002828902830288828382828324028002CB4
:109E50004828202C5028802C582828346028082C8A
:109E60006828D0287028882C7828283688289030B0
:109E700098282838A0282830A8289038B028282AE0
:109E8000B828283AC028102CC828D030D028282C30
:109E9000D828283CE028182CE828D038F028282E8C
:109EA000F828283E0029002C0829082C1029102CFD
:109EB000182968302029202C282990293029D030D1
:109EC000382968324029402C4829602C5029C02C60
:109ED000582968346029482C6829D0297029C82C51
:109EE000782968368029802C882990319029282C5F
:109EF00098296838A0292834A8299039B029682AD7
:109F0000B829683AC029502CC829D031D029682CEA
:109F1000D829683CE029582CE829D039F029682E46
:109F2000F829683E002A0038082A2038102A80388C
:109F3000182AA830202A0838282A2838302A8838B1
:109F4000382AA832402A003C482A203C502A803C2B
:109F5000582AA834602A083C682A283C702A883C81
:109F6000782AA836802A1038882A9830902A903883
:109F7000982AA838A02A1838A82A9838B02A9838D9
:109F8000B82AA83AC02A103CC82AD830D02AA82C0F
:109F9000D82AA83CE02A183CE82AD838F02AA82E6B
:109FA000F82AA83E002B4038082B6038102BC03808
:109FB000182BE830202B4838282B6838302BC8382D
:109FC000382BE832402B403C482B603C502BC03CA7
:109FD000582BE834602B483C682B683C702BC83CFD
:109FE000782BE836802B5038882B9831902BD0383E
:109FF000982BE838A02B5838A82B9839B02BD83894
:10A00000B82BE83AC02B503CC82BD831D02BE82CC9
:10A01000D82BE83CE02B583CE82BD839F02BE82E25
:10A02000F82BE83E082C202C102C802C182C2831E2
:10A03000282C902C302C9031382C2833402C002D9B
:10A04000482C202D502C802D582C2835602C082D84
:10A05000682CD02C702C882D782C2837882C9034A4
:10A06000982C2839A02C6830A82C903CB02C68384B
:10A07000B82C283BC02C102DC82CD034D02C282D27
:10A08000D82C283DE02C182DE82CD03CF02C282F83
:10A09000F82C283F082D202D102D802D182D6831EB
:10A0A000282D902D302DD031382D6833482D602D3E
:10A0B000502DC02D582D6835682DD02D702DC82DF0
:10A0C000782D6837882D9035982D6839A02D683403
:10A0D000A82D903DB02D683CB82D683BC82DD035DB
:10A0E000D82D683DE02D6835E82DD03DF02D682F46
:10A0F000F82D683F002E0039082E2039102E8039A7
:10A10000182EA831202E0839282E2839302E8839CB
:10A11000382EA833402E003D482E203D502E803D45
:10A12000582EA835602E083D682E283D702E883D9B
:10A13000782EA837802E1039882E9834902E90399A
:10A14000982EA839A02E1839A82E983CB02E9839F0
:10A15000B82EA83BC02E103DC82ED834D02E903D2E
:10A16000D82EA83DE02E183DE82ED83CF02EA82F82
:10A17000F82EA83F002F4039082F6039102FC03922
:10A18000182FE831202F4839282F6839302FC83947
:10A19000382FE833402F403D482F603D502FC03DC1
:10A1A000582FE835602F483D682F683D702FC83D17
:10A1B000782FE837802F5039882F9835902FD03955
:10A1C000982FE839A02F5839A82F983DB02FD839AB
:10A1D000B82FE83BC02F503DC82FD835D02FD03DE9
:10A1E000D82FE83DE02F583DE82FD83DF02FD83D3F
:10A1F000F82FE83F183030303830303240300031FE
:10A20000483008315030103158303034603020310F
:10A210006830283170301834783030368830A030CB
:10A2200098303038A830A038B0308838B830303A5C
:10A23000C0308031C830E030D0309031D830303C40
:10A24000E0308831E830E038F0308839F830303E9E
:10A25000003100340831083410311034183118340A
:10A2600020312034283128343031303438317032C4
:10A27000403100354831083550311035583170348F
:10A280006031203568312835703158347831703676
:10A29000803180348831A0319031903498317038D9
:10A2A000A0318834A831A039B031883CB831703A37
:10A2B000C0318035C831E031D0319035D831703C73
:10A2C000E0318835E831E039F031883DF831703ED1
:10A2D0000032003808328038103208381832883896
:10A2E0002032103828329038303218383832B032B4
:10A2F000403240384832C038503248385832B03492
:10A30000603250386832D038703258387832B036CF
:10A31000803220388832A038903228389832B038CD
:10A32000A0323038A832A838B0329838B832B03AB3
:10A33000C0326038C832E038D0326838D832B03CE9
:10A34000E0327038E832E838F0329839F832B03E0E
:10A35000003300390833803910330839183388390D
:10A36000203310392833903930331839383398393D
:10A37000403340394833C039503348395833F034CA
:10A38000603350396833D039703358397833F03608
:10A39000803320398833A039903328399833F03806
:10A3A000A0339834A833A839B033983CB833F03A86
:10A3B000C0336039C833E039D0336839D833F03C22
:10A3C000E0339835E833E839F033983DF833F03E20
:10A3D00018343034383418394034003548340835AE
:10A3E00050341035583430356034203568342835D1
:10A3F00070341835783430378834A0349834303994
:10A40000A834A03CB034C838B834303BC0348035B0
:10A41000C834E034D0349035D834303DE034883519
:10A42000E834E03CF034C839F834303F1835303582
:10A430003835583958357035783570378835A03506
:10A4400098357039A835A03DB035C83CB835703B5B
:10A45000C835E035D835703DE835E03DF035C83DCC
:10A46000F835703F0036003C0836803C1036083C1A
:10A470001836883C2036103C2836903C3036183C44
:10A480003836983C4036403C4836C03C5036483C14
:10A490005836C83C6036503C6836D03C7036583C24
:10A4A0007836B0378036203C8836A03C9036283C41
:10A4B0009836B039A036303CA836A83CB036D838EB
:10A4C000B836B03BC036603CC836E03CD036683C5D
:10A4D000D836B03DE036703CE836E83CF036D83946
:10A4E000F836B03F0037003D0837803D1037083D53
:10A4F0001837883D2037103D2837903D3037183DBC
:10A500003837983D4037403D4837C03D5037483D8B
:10A510005837C83D6037503D6837D03D7037583D9B
:10A520007837F0378037203D8837A03D9037283D79
:10A530009837F039A037303DA837A83DB037D83C20
:10A54000B837F03BC037603DC837E03DD037683D95
:10A55000D837F03DE037703DE837E83DF037D83D7B
:10A56000F837F03F383898384038003948380839DB
:10A570005038103958381839603820396838283937
:10A58000703830397838983CA838B038B838383A0C
:10A59000C0388039C8388839D0389039D838383CF4
:10A5A000E038A039E838F038F838383EF038A839C3
:10A5B0000039003C0839083C1039103C1839183C67
:10A5C0002039203C2839283C3039303C3839383C57
:10A5D0004039003D4839083D5039103D5839183D43
:10A5E0006039203D6839283D7039303D7839D83C94
:10A5F0008039803C8839883C9039903C9839983C27
:10A60000A039A03CA839B039B839783AB039A83C5B
:10A61000C039803DC839883DD039903DD839783C23
:10A62000E039A03DE839F039F839783EF039A83DF5
:10A63000083A103A103A203A183A303A203A803A1A
:10A64000283A903A303AA03A383AB03A403A003B89
:10A65000483A103B503A203B583A303B603A803BF6
:10A66000683A903B703AA03B783AB03B883AA03ABF
:10A67000983AB03AA83AB03AC03A083BC83A183BC0
:10A68000D03A283BD83AB83CE03A883BE83A983B85
:10A69000F03AA83BF83AB83E003B003E083B103E7B
:10A6A000103B203E183B303E203B803E283B903EF6
:10A6B000303BA03E383BB03E403B003F483B103F64
:10A6C000503B203F583B303F603B803F683B903FD2
:10A6D000703BA03F783BB03F803B083E883B183E34
:10A6E000903B283E983B383EA03B883EA83B983E96
:10A6F000B03BA83EB83BB83EC03B083FC83B183F04
:10A70000D03B283FD83BF83CE03B883FE83B983FB4
:10A71000F03BA83FF83BF83E383C983C403C003DBD
:10A72000483C083D503C103D583C183D603C203DA5
:10A73000683C283D703C303D783C983DA83CB03C9E
:10A74000B83CB03EC03C803DC83C883DD03C903DCC
:10A75000D83C383DE03CA03DE83CF03CF03CA83D16
:10A76000F83C383F383D983D783DD83DA83DB03D58
:10A77000B83DB03FE83DF03D083E803EF83D783FB3
:10A78000103E803E183E883E203E803E283E903E51
:10A79000303E883E383E983E403E003F483E203F97
:10A7A000503E803F583EA03F603E083F683E283FF5
:10A7B000703E883F783EA83F883EA03E983EA83E27
:10A7C000C03E103FA83EB03EC83E303FD03E903F16
:10A7D000D83EB03FE03E183FE83E383FF03E983F5D
:10A7E000083F803FF83EB83F103F803F183F883F0A
:10A7F000203F803F283F903F303F883F383F983F81
:10A80000483F503F503F603F583F703F603FC03F20
:10A81000683FD03F703FE03F783FF03F883FA03F28
:10A82000983FA83FA83FB03FD83FF03FC83FE03F28
:10A83000E83FF03F08000010100000201800003032
:10A8400020000040280000503000006038000070F8
:10A850004000000248000012500000225800003260
:10A8600060000042680000527000006278000072D0
:10A870008000000488000014900000249800003438
:10A88000A0000044A8000054B0000064B8000074A8
:10A89000C0000006C8000016D0000026D800003610
:10A8A000E0000046E8000056F0000066F800007680
:10A8B00000010008080100181001002818010038E4
:10A8C0002001004828010058300100683801007854
:10A8D0004001000A4801001A5001002A5801003ABC
:10A8E0006001004A6801005A7001006A7801007A2C
:10A8F0008001000C8801001C9001002C9801003C94
:10A90000A001004CA801005CB001006CB801007C03
:10A91000C001000EC801001ED001002ED801003E6B
:10A92000E001004EE801005EF001006EF801007EDB
:10A93000080240101002402018024030200240401F
:10A9400028024050300240603802407048024012F5
:10A950005002402258024032600240426802405297
:10A960007002406278024072800240048802401403
:10A970009002402498024034A0024044A80240546F
:10A98000B0024064B8024074C0024006C8024016DB
:10A99000D0024026D8024036E0024046E802405647
:10A9A000F0024066F80240760003400808034018B1
:10A9B000100340281803403820034048280340581B
:10A9C00030034068380340784003400A4803401A87
:10A9D0005003402A5803403A6003404A6803405AF3
:10A9E0007003406A7803407A8003400C8803401C5F
:10A9F0009003402C9803403CA003404CA803405CCB
:10AA0000B003406CB803407CC003400EC803401E36
:10AA1000D003402ED803403EE003404EE803405EA2
:10AA2000F003406EF803407E08048010100480207C
:10AA30001804803020048040280480503004806056
:10AA400038048070480480125004802258048032F8
:10AA500060048042680480527004806278048072CE
:10AA6000880480149004802498048034A0048044D6
:10AA7000A8048054B0048064B8048074C0048006C4
:10AA8000C8048016D0048026D8048036E0048046AE
:10AA9000E8048056F0048066F8048076000580089B
:10AAA0000805801810058028180580382005804882
:10AAB0002805805830058068380580784005800A70
:10AAC0004805801A5005802A5805803A6005804A5A
:10AAD0006805805A7005806A7805807A8005800C48
:10AAE0008805801C9005802C9805803CA005804C32
:10AAF000A805805CB005806CB805807CC005800E20
:10AB0000C805801ED005802ED805803EE005804E09
:10AB1000E805805EF005806EF805807E0806C010AE
:10AB20001006C0201806C0302006C0402806C050BD
:10AB30003006C0603806C0704806C0125006C022F9
:10AB40005806C0326006C0426806C0527006C06235
:10AB50007806C0728806C0149006C0249806C034D7
:10AB6000A006C044A806C054B006C064B806C074AD
:10AB7000C806C016D006C026D806C036E006C046B5
:10AB8000E806C056F006C066F806C0760007C008A2
:10AB90000807C0181007C0281807C0382007C04889
:10ABA0002807C0583007C0683807C0784007C00A77
:10ABB0004807C01A5007C02A5807C03A6007C04A61
:10ABC0006807C05A7007C06A7807C07A8007C00C4F
:10ABD0008807C01C9007C02C9807C03CA007C04C39
:10ABE000A807C05CB007C06CB807C07CC007C00E27
:10ABF000C807C01ED007C02ED807C03EE007C04E11
:10AC0000E807C05EF007C06EF807C07E08080011B4
:10AC100010080021180800312008004128080051C0
:10AC200030080061380800714808001350080023FC
:10AC30005808003360080043680800537008006338
:10AC400078080073880800159008002598080035DA
:10AC5000A0080045A8080055B0080065B8080075B0
:10AC6000C8080017D0080027D8080037E0080047B8
:10AC7000E8080057F0080067F8080077080900198D
:10AC8000100900291809003920090049280900592C
:10AC900030090069380900794009000B4809001B98
:10ACA0005009002B5809003B6009004B6809005B04
:10ACB0007009006B7809007B8009000D8809001D70
:10ACC0009009002D9809003DA009004DA809005DDC
:10ACD000B009006DB809007DC009000FC809001F48
:10ACE000D009002FD809003FE009004FE809005FB4
:10ACF000F009006FF809007F080A4011100A40218E
:10AD0000180A4031200A4041280A4051300A406167
:10AD1000380A4071480A4013500A4023580A403309
:10AD2000600A4043680A4053700A4063780A4073DF
:10AD3000880A4015900A4025980A4035A00A4045E7
:10AD4000A80A4055B00A4065B80A4075C80A4017BD
:10AD5000D00A4027D80A4037E00A4047E80A40575F
:10AD6000F00A4067F80A4077080B4019100B402999
:10AD7000180B4039200B4049280B4059300B4069D3
:10AD8000380B4079480B401B500B402B580B403B75
:10AD9000600B404B680B405B700B406B780B407B4B
:10ADA000800B400D880B401D900B402D980B403DB3
:10ADB000A00B404DA80B405DB00B406DB80B407D23
:10ADC000C00B400FC80B401FD00B402FD80B403F8B
:10ADD000E00B404FE80B405FF00B406FF80B407FFB
:10ADE000080C8011100C8021180C8031200C80413F
:10ADF000280C8051300C8061380C8071480C801315
:10AE0000500C8023580C8033600C8043680C8053B6
:10AE1000700C8063780C8073880C8015900C8025F2
:10AE2000980C8035A00C8045A80C8055B00C80652E
:10AE3000B80C8075C80C8017D00C8027D80C8037D0
:10AE4000E00C8047E80C8057F00C8067F80C8077A6
:10AE5000080D8019100D8029180D8039200D8049AA
:10AE6000280D8059300D8069380D8079480D801B80
:10AE7000500D802B580D803B600D804B680D805B22
:10AE8000700D806B780D807B880D801D900D802D5E
:10AE9000980D803DA00D804DA80D805DB00D806D9A
:10AEA000B80D807DC00D800FC80D801FD00D802F84
:10AEB000D80D803FE00D804FE80D805FF00D806F72
:10AEC000F80D807F080EC011100EC021180EC03181
:10AED000200EC041280EC051300EC061380EC07126
:10AEE000480EC013500EC023580EC033600EC0432E
:10AEF000680EC053700EC063780EC073880EC01504
:10AF0000900EC025980EC035A00EC045A80EC055A5
:10AF1000B00EC065B80EC075C80EC017D00EC027E1
:10AF2000D80EC037E00EC047E80EC057F00EC0671D
:10AF3000F80EC077080FC019100FC029180FC039BC
:10AF4000200FC049280FC059300FC069380FC07991
:10AF5000480FC01B500FC02B580FC03B600FC04B99
:10AF6000680FC05B700FC06B780FC07B880FC01D6F
:10AF7000900FC02D980FC03DA00FC04DA80FC05D11
:10AF8000B00FC06DB80FC07DC80FC01FD00FC02F4D
:10AF9000D80FC03FE00FC04FE80FC05FF00FC06F89
:10AFA000F80FC07F1010082018100830201008403B
:10AFB0002810085030100860381008704810081227
:10AFC00050100822581008326010084268100852C9
:10AFD0007010086278100872881008149010082405
:10AFE00098100834A0100844A8100854B010086441
:10AFF000B8100874C8100816D0100826D8100836E3
:10B00000E0100846E8100856F0100866F8100876B8
:10B0100008110818101108281811083820110848BC
:10B020002811085830110868381108784811081A92
:10B030005011082A5811083A6011084A6811085A34
:10B040007011086A7811087A8811081C9011082C70
:10B050009811083CA011084CA811085CB011086CAC
:10B06000B811087CC811081ED011082ED811083E4E
:10B07000E011084EE811085EF011086EF811087E24
:10B080001012482018124830201248402812485008
:10B090003012486038124870501248225812483214
:10B0A0006012484268124852701248627812487220
:10B0B000881248149012482498124834A012484428
:10B0C000A8124854B0124864B8124874C8124816FE
:10B0D000D0124826D8124836E0124846E8124856A0
:10B0E000F0124866F81248760813481810134828DA
:10B0F0001813483820134848281348583013486814
:10B10000381348784813481A5013482A5813483AB5
:10B110006013484A6813485A7013486A7813487A8B
:10B120008813481C9013482C9813483CA013484C93
:10B13000A813485CB013486CB813487CC813481E69
:10B14000D013482ED813483EE013484EE813485E0B
:10B15000F013486EF813487E1014882018148830B5
:10B16000201488402814885030148860381488705F
:10B170005014882258148832601488426814885207
:10B180007014886278148872901488249814883413
:10B19000A0148844A8148854B0148864B81488741F
:10B1A000C8148816D0148826D8148836E014884627
:10B1B000E8148856F0148866F814887608158818FC
:10B1C000101588281815883820158848281588589B
:10B1D00030158868381588784815881A5015882AD7
:10B1E0005815883A6015884A6815885A7015886A13
:10B1F0007815887A8815881C9015882C9815883CB5
:10B20000A015884CA815885CB015886CB815887C8A
:10B21000C815881ED015882ED815883EE015884E92
:10B22000E815885EF015886EF815887E1016C8201F
:10B230001816C8302016C8402816C8503016C860E6
:10B240003816C8705016C8225816C8326016C84240
:10B250006816C8527016C8627816C8729016C8244C
:10B260009816C834A016C844A816C854B016C864A6
:10B27000B816C874D016C826D816C836E016C84600
:10B28000E816C856F016C866F816C8760817C81823
:10B290001017C8281817C8382017C8482817C858C2
:10B2A0003017C8683817C8784817C81A5017C82AFE
:10B2B0005817C83A6017C84A6817C85A7017C86A3A
:10B2C0007817C87A8817C81C9017C82C9817C83CDC
:10B2D000A017C84CA817C85CB017C86CB817C87CB2
:10B2E000C817C81ED017C82ED817C83EE017C84EBA
:10B2F000E817C85EF017C86EF817C87E1018082146
:10B300001818083120180841281808513018086109
:10B310003818087150180823581808336018084363
:10B32000681808537018086378180873901808256F
:10B3300098180835A0180845A8180855B0180865C9
:10B34000B8180875D0180827D8180837E018084723
:10B35000E8180857F0180867F8180877101908292E
:10B360001819083920190849281908593019086985
:10B37000381908794819081B5019082B5819083B27
:10B380006019084B6819085B7019086B7819087BFD
:10B390008819081D9019082D9819083DA019084D05
:10B3A000A819085DB019086DB819087DC819081FDB
:10B3B000D019082FD819083FE019084FE819085F7D
:10B3C000F019086FF819087F101A4821181A483127
:10B3D000201A4841281A4851301A4861381A4871D1
:10B3E000501A4823581A4833601A4843681A485379
:10B3F000701A4863781A4873901A4825981A483585
:10B40000A01A4845A81A4855B01A4865B81A487590
:10B41000D01A4827D81A4837E01A4847E81A485738
:10B42000F01A4867F81A4877101B4829181B483942
:10B43000201B4849281B4859301B4869381B48794C
:10B44000501B482B581B483B601B484B681B485BF4
:10B45000701B486B781B487B881B481D901B482D30
:10B46000981B483DA01B484DA81B485DB01B486D6C
:10B47000B81B487DC81B481FD01B482FD81B483F0E
:10B48000E01B484FE81B485FF01B486FF81B487FE4
:10B49000101C8821181C8831201C8841281C8851C8
:10B4A000301C8861381C8871501C8823581C8833D4
:10B4B000601C8843681C8853701C8863781C8873E0
:10B4C000901C8825981C8835A01C8845A81C885588
:10B4D000B01C8865B81C8875D01C8827D81C883794
:10B4E000E01C8847E81C8857F01C8867F81C8877A0
:10B4F000101D8829181D8839201D8849281D885944
:10B50000301D8869381D8879501D882B581D883B4F
:10B51000601D884B681D885B701D886B781D887B5B
:10B52000901D882D981D883DA01D884DA81D885D03
:10B53000B01D886DB81D887DC81D881FD01D882F3F
:10B54000D81D883FE01D884FE81D885FF01D886F7B
:10B55000F81D887F101EC821181EC831201EC84142
:10B56000281EC851301EC861381EC871501EC8231D
:10B57000581EC833601EC843681EC853701EC86377
:10B58000781EC873901EC825981EC835A01EC845D1
:10B59000A81EC855B01EC865B81EC875D01EC827DD
:10B5A000D81EC837E01EC847E81EC857F01EC86737
:10B5B000F81EC877101FC829181FC839201FC8498E
:10B5C000281FC859301FC869381FC879501FC82B99
:10B5D000581FC83B601FC84B681FC85B701FC86BF3
:10B5E000781FC87B901FC82D981FC83DA01FC84D4D
:10B5F000A81FC85DB01FC86DB81FC87DD01FC82F59
:10B60000D81FC83FE01FC84FE81FC85FF01FC86FB2
:10B61000F81FC87F1820103020201040282010501C
:10B620003020106038201070502010225820103226
:10B630006020104268201052702010627820107232
:10B640009020102498201034A0201044A8201054DA
:10B65000B0201064B8201074D0201026D8201036E6
:10B66000E0201046E8201056F0201066F8201076F2
:10B670001021102818211038202110482821105896
:10B6800030211068382110785021102A5821103AA2
:10B690006021104A6821105A7021106A7821107AAE
:10B6A0009021102C9821103CA021104CA821105C56
:10B6B000B021106CB821107CD021102ED821103E62
:10B6C000E021104EE821105EF021106EF821107E6E
:10B6D00018225030202250402822505030225060F2
:10B6E0003822507058225032602250426822505204
:10B6F0007022506278225072902250249822503446
:10B70000A0225044A8225054B0225064B822507451
:10B71000D0225026D8225036E0225046E8225056F9
:10B72000F0225066F8225076102350281823503803
:10B73000202350482823505830235068382350780D
:10B740005023502A5823503A6023504A6823505AB5
:10B750007023506A7823507A9023502C9823503CC1
:10B76000A023504CA823505CB023506CB823507CCD
:10B77000D023502ED823503EE023504EE823505E75
:10B78000F023506EF823507E1824903020249040EF
:10B79000282490503024906038249070582490329F
:10B7A00060249042682490527024906278249072B1
:10B7B00098249034A0249044A8249054B0249064F9
:10B7C000B8249074D0249026D8249036E024904653
:10B7D000E8249056F0249066F8249076102590285E
:10B7E00018259038202590482825905830259068B5
:10B7F000382590785025902A5825903A6025904A0F
:10B800006825905A7025906A7825907A9025902C1A
:10B810009825903CA025904CA825905CB025906C74
:10B82000B825907CD025902ED825903EE025904ECE
:10B83000E825905EF025906EF825907E1826D03091
:10B840002026D0402826D0503026D0603826D07010
:10B850005826D0326026D0426826D0527026D06258
:10B860007826D0729826D034A026D044A826D0546A
:10B87000B026D064B826D074D826D036E026D0467C
:10B88000E826D056F026D066F826D0761027D028A5
:10B890001827D0382027D0482827D0583027D068FC
:10B8A0003827D0785027D02A5827D03A6027D04A56
:10B8B0006827D05A7027D06A7827D07A9027D02C62
:10B8C0009827D03CA027D04CA827D05CB027D06CBC
:10B8D000B827D07CD027D02ED827D03EE027D04E16
:10B8E000E827D05EF027D06EF827D07E18281031D8
:10B8F0002028104128281051302810613828107154
:10B90000582810336028104368281053702810639B
:10B910007828107398281035A0281045A8281055AD
:10B92000B0281065B8281075D8281037E0281047BF
:10B93000E8281057F0281067F828107718291039D0
:10B9400020291049282910593029106938291079DF
:10B950005029102B5829103B6029104B6829105B87
:10B960007029106B7829107B9029102D9829103D93
:10B97000A029104DA829105DB029106DB829107D9F
:10B98000D029102FD829103FE029104FE829105F47
:10B99000F029106FF829107F182A5031202A5041C1
:10B9A000282A5051302A5061382A5071582A503371
:10B9B000602A5043682A5053702A5063782A507383
:10B9C000982A5035A02A5045A82A5055B02A5065CB
:10B9D000B82A5075D82A5037E02A5047E82A5057DD
:10B9E000F02A5067F82A5077182B5039202B5049ED
:10B9F000282B5059302B5069382B5079582B503BFD
:10BA0000602B504B682B505B702B506B782B507B0E
:10BA1000902B502D982B503DA02B504DA82B505DB6
:10BA2000B02B506DB82B507DD02B502FD82B503FC2
:10BA3000E02B504FE82B505FF02B506FF82B507FCE
:10BA4000182C9031202C9041282C9051302C906152
:10BA5000382C9071582C9033602C9043682C905364
:10BA6000702C9063782C9073982C9035A02C904576
:10BA7000A82C9055B02C9065B82C9075D82C903788
:10BA8000E02C9047E82C9057F02C9067F82C90779A
:10BA9000182D9039202D9049282D9059302D9069DE
:10BAA000382D9079582D903B602D904B682D905BF0
:10BAB000702D906B782D907B982D903DA02D904D02
:10BAC000A82D905DB02D906DB82D907DD02D902F2C
:10BAD000D82D903FE02D904FE82D905FF02D906F86
:10BAE000F82D907F182ED031202ED041282ED05105
:10BAF000302ED061382ED071582ED033602ED043E6
:10BB0000682ED053702ED063782ED073982ED035F7
:10BB1000A02ED045A82ED055B02ED065B82ED07509
:10BB2000D82ED037E02ED047E82ED057F02ED06751
:10BB3000F82ED077182FD039202FD049282FD05960
:10BB4000302FD069382FD079582FD03B602FD04B71
:10BB5000682FD05B702FD06B782FD07B982FD03D83
:10BB6000A02FD04DA82FD05DB02FD06DB82FD07D95
:10BB7000D82FD03FE02FD04FE82FD05FF02FD06FDD
:10BB8000F82FD07F203018402830185030301860FF
:10BB900038301870583018326030184268301852F7
:10BBA000703018627830187298301834A030184409
:10BBB000A8301854B0301864B8301874D83018361B
:10BBC000E0301846E8301856F0301866F83018762D
:10BBD0001831183820311848283118583031186871
:10BBE000383118785831183A6031184A6831185A83
:10BBF0007031186A7831187A9831183CA031184C95
:10BC0000A831185CB031186CB831187CD831183EA6
:10BC1000E031184EE831185EF031186EF831187EB8
:10BC200020325840283258503032586038325870DC
:10BC300060325842683258527032586278325872C4
:10BC400098325834A0325844A8325854B03258640C
:10BC5000B8325874D8325836E0325846E83258561E
:10BC6000F0325866F832587618335838203358482E
:10BC70002833585830335868383358785833583A3E
:10BC80006033584A6833585A7033586A7833587A50
:10BC90009833583CA033584CA833585CB033586C98
:10BCA000B833587CD833583EE033584EE833585EAA
:10BCB000F033586EF833587E20349840283498502A
:10BCC00030349860383498706034984268349852B0
:10BCD0007034986278349872A0349844A834985498
:10BCE000B0349864B8349874D8349836E0349846B0
:10BCF000E8349856F0349866F834987618359838C1
:10BD000020359848283598583035986838359878CF
:10BD10005835983A6035984A6835985A7035986A17
:10BD20007835987A9835983CA035984CA835985C29
:10BD3000B035986CB835987CD835983EE035984E3B
:10BD4000E835985EF035986EF835987E2036D84004
:10BD50002836D8503036D8603836D8706036D84259
:10BD60006836D8527036D8627836D872A036D84441
:10BD7000A836D854B036D864B836D874E036D84629
:10BD8000E836D856F036D866F836D8761837D83828
:10BD90002037D8482837D8583037D8683837D87837
:10BDA0005837D83A6037D84A6837D85A7037D86A7F
:10BDB0007837D87A9837D83CA037D84CA837D85C91
:10BDC000B037D86CB837D87CD837D83EE037D84EA3
:10BDD000E837D85EF037D86EF837D87E203818416B
:10BDE00028381851303818613838187160381843BD
:10BDF000683818537038186378381873A0381845A5
:10BE0000A8381855B0381865B8381875E03818478C
:10BE1000E8381857F0381867F83818772039184973
:10BE20002839185930391869383918795839183B70
:10BE30006039184B6839185B7039186B7839187B82
:10BE40009839183DA039184DA839185DB039186DCA
:10BE5000B839187DD839183FE039184FE839185FDC
:10BE6000F039186FF839187F203A5841283A58515C
:10BE7000303A5861383A5871603A5843683A5853E2
:10BE8000703A5863783A5873A03A5845A83A5855CA
:10BE9000B03A5865B83A5875E03A5847E83A5857B2
:10BEA000F03A5867F83A5877203B5849283B585998
:10BEB000303B5869383B5879603B584B683B585B7E
:10BEC000703B586B783B587B983B583DA03B584D96
:10BED000A83B585DB03B586DB83B587DD83B583FA8
:10BEE000E03B584FE83B585FF03B586FF83B587FBA
:10BEF000203C9841283C9851303C9861383C9871DE
:10BF0000603C9843683C9853703C9863783C9873C5
:10BF1000A03C9845A83C9855B03C9865B83C9875AD
:10BF2000E03C9847E83C9857F03C9867F83C987795
:10BF3000203D9849283D9859303D9869383D987979
:10BF4000603D984B683D985B703D986B783D987B61
:10BF5000A03D984DA83D985DB03D986DB83D987D49
:10BF6000D83D983FE03D984FE83D985FF03D986F91
:10BF7000F83D987F203ED841283ED851303ED861C8
:10BF8000383ED871603ED843683ED853703ED8637F
:10BF9000783ED873A03ED845A83ED855B03ED86567
:10BFA000B83ED875E03ED847E83ED857F03ED8674F
:10BFB000F83ED877203FD849283FD859303FD86934
:10BFC000383FD879603FD84B683FD85B703FD86B1B
:10BFD000783FD87BA03FD84DA83FD85DB03FD86D03
:10BFE000B83FD87DE03FD84FE83FD85FF03FD86FEB
:10BFF000F83FD87F284020503040206038402070E3
:10C000006040204268402052704020627840207298
:10C01000A0402044A8402054B0402064B840207480
:10C02000E0402046E8402056F0402066F840207668
:10C03000204120482841205830412068384120784C
:10C040006041204A6841205A7041206A7841207A34
:10C05000A041204CA841205CB041206CB841207C1C
:10C06000E041204EE841205EF041206EF841207E04
:10C0700028426050304260603842607068426052CE
:10C080007042606278426072A0426044A84260548C
:10C09000B0426064B8426074E0426046E842605674
:10C0A000F0426066F842607620436048284360585A
:10C0B00030436068384360786043604A6843605A40
:10C0C0007043606A7843607AA043604CA843605C28
:10C0D000B043606CB843607CE043604EE843605E10
:10C0E000F043606EF843607E2844A0503044A06066
:10C0F0003844A0706844A0527044A0627844A07292
:10C10000A844A054B044A064B844A074E044A0463D
:10C11000E844A056F044A066F844A0762045A04824
:10C120002845A0583045A0683845A0786045A04A09
:10C130006845A05A7045A06A7845A07AA045A04CF1
:10C14000A845A05CB045A06CB845A07CE045A04ED9
:10C15000E845A05EF045A06EF845A07E2846E05078
:10C160003046E0603846E0706846E0527046E06273
:10C170007846E072A846E054B046E064B846E07401
:10C18000E846E056F046E066F846E0762047E048AC
:10C190002847E0583047E0683847E0786047E04A91
:10C1A0006847E05A7047E06A7847E07AA047E04C79
:10C1B000A847E05CB047E06CB847E07CE047E04E61
:10C1C000E847E05EF047E06EF847E07E28482051FF
:10C1D00030482061384820716848205370482063F7
:10C1E00078482073A8482055B0482065B848207585
:10C1F000E8482057F0482067F84820772849205918
:10C2000030492069384920796049204B6849205BD2
:10C210007049206B7849207BA049204DA849205DBA
:10C22000B049206DB849207DE049204FE849205FA2
:10C23000F049206FF849207F284A6051304A6061F8
:10C24000384A6071684A6053704A6063784A607324
:10C25000A84A6055B04A6065B84A6075E84A6057B8
:10C26000F04A6067F84A6077284B6059304B606944
:10C27000384B6079684B605B704B606B784B607BD0
:10C28000A04B604DA84B605DB04B606DB84B607DBE
:10C29000E04B604FE84B605FF04B606FF84B607FA6
:10C2A000284CA051304CA061384CA071684CA05370
:10C2B000704CA063784CA073A84CA055B04CA065FE
:10C2C000B84CA075E84CA057F04CA067F84CA0778C
:10C2D000284DA059304DA069384DA079684DA05B1C
:10C2E000704DA06B784DA07BA84DA05DB04DA06DAA
:10C2F000B84DA07DE04DA04FE84DA05FF04DA06F80
:10C30000F84DA07F284EE051304EE061384EE0718C
:10C31000684EE053704EE063784EE073A84EE055EF
:10C32000B04EE065B84EE075E84EE057F04EE0677D
:10C33000F84EE077284FE059304FE069384FE07908
:10C34000684FE05B704FE06B784FE07BA84FE05D9B
:10C35000B04FE06DB84FE07DE84FE05FF04FE06F29
:10C36000F84FE07F305028603850287068502852CD
:10C370007050286278502872A8502854B050286411
:10C38000B8502874E8502856F0502866F85028769F
:10C390002851285830512868385128786851285A2F
:10C3A0007051286A7851287AA851285CB051286CBD
:10C3B000B851287CE851285EF051286EF851287E4B
:10C3C0003052686038526870705268627852687291
:10C3D000A8526854B0526864B8526874E8526856FB
:10C3E000F0526866F8526876285368583053686887
:10C3F000385368786853685A7053686A7853687A13
:10C40000A853685CB053686CB853687CE853685EA6
:10C41000F053686EF853687E3054A8603854A870A2
:10C420007054A8627854A872B054A864B854A87420
:10C43000E854A856F054A866F854A8762855A85889
:10C440003055A8683855A8786855A85A7055A86A14
:10C450007855A87AA855A85CB055A86CB855A87CA2
:10C46000E855A85EF055A86EF855A87E3056E860ED
:10C470003856E8707056E8627856E872B056E8644C
:10C48000B856E874F056E866F856E8762857E85843
:10C490003057E8683857E8786857E85A7057E86ABC
:10C4A0007857E87AA857E85CB057E86CB857E87C4A
:10C4B000E857E85EF057E86EF857E87E3058286194
:10C4C000385828717058286378582873B0582865F0
:10C4D000B8582875F0582867F858287730592869CF
:10C4E000385928796859285B7059286B7859287B06
:10C4F000A859285DB059286DB859287DE859285F9A
:10C50000F059286FF859287F305A6861385A687195
:10C51000705A6863785A6873B05A6865B85A687513
:10C52000F05A6867F85A6877305B6869385B6879F1
:10C53000705B686B785B687BA85B685DB05B686DFF
:10C54000B85B687DE85B685FF05B686FF85B687F8D
:10C55000305CA861385CA871705CA863785CA873D3
:10C56000B05CA865B85CA875F05CA867F85CA877B3
:10C57000305DA869385DA879705DA86B785DA87B8F
:10C58000B05DA86DB85DA87DE85DA85FF05DA86F9F
:10C59000F85DA87F305EE861385EE871705EE86340
:10C5A000785EE873B05EE865B85EE875F05EE867EF
:10C5B000F85EE877305FE869385FE879705FE86BCC
:10C5C000785FE87BB05FE86DB85FE87DF05FE86FAB
:10C5D000F85FE87F38603070706030627860307289
:10C5E000B0603064B8603074F0603066F860307607
:10C5F00030613068386130787061306A7861307AE3
:10C60000B061306CB861307CF061306EF861307EC2
:10C610003862707078627072B0627064B862707400
:10C62000F0627066F86270763063706838637078B4
:10C630007063706A7863707AB063706CB863707C92
:10C64000F063706EF863707E3864B0707864B072B6
:10C65000B864B074F064B066F864B0763065B06801
:10C660003865B0787065B06A7865B07AB065B06CDE
:10C67000B865B07CF065B06EF865B07E3866F07075
:10C680007866F072B866F074F866F0763067F06835
:10C690003867F0787067F06A7867F07AB067F06CA6
:10C6A000B867F07CF067F06EF867F07E386830713C
:10C6B00078683073B8683075F868307738693079E1
:10C6C0007069306B7869307BB069306DB869307DE6
:10C6D000F069306FF869307F386A7071786A70730A
:10C6E000B86A7075F86A7077386B7079786B707BA0
:10C6F000B06B706DB86B707DF06B706FF86B707FA6
:10C70000386CB071786CB073B86CB075F86CB07789
:10C71000386DB079786DB07BB86DB07DF06DB06F6D
:10C72000F86DB07F386EF071786EF073B86EF0759A
:10C73000F86EF077386FF079786FF07BB86FF07D36
:10C74000F86FF07F78703872B8703874F870387697
:10C75000387138787871387AB871387CF871387EE9
:10C76000B8727874F8727876387378787873787AE3
:10C77000B873787CF873787EF874B8763875B878C2
:10C780007875B87AB875B87CF875B87E3877F87867
:10C790007877F87AB877F87CF877F87E7879387B0C
:10C7A000B879387DF879387FB87B787DF87B787FE9
:10C7B000F87DB87F080040001000200018006000DD
:10C7C0002800500038007000580068000800800001
:10C7D000100040001800C0002800A00030006000D9
:10C7E0003800E000480090005800D0006800B00019
:10C7F0007800F0009800C800B800E80008000001C8
:10C800001000800018008001200040002800400136
:10C810003000C0003800C001480020015000A000D6
:10C820005800A001680060017000E0007800E0019D
:10C830008800100198009001A8005001B000D000BD
:10C84000B800D001C8003001D800B001E800700184
:10C85000F800F00118018801280148013801C801D9
:10C860005801A8017801E801B801D80108000002C8
:10C870001000000118000003200080002800800242
:10C880003000800138008003480040025000400121
:10C89000580040036000C0006800C0027000C00182
:10C8A0007800C00388002002900020019800200337
:10C8B000A800A002B000A001B800A003C800600258
:10C8C000D0006001D8006003E800E002F000E00161
:10C8D000F800E0030801100218011003280190027B
:10C8E0003001900138019003480150025801500373
:10C8F0006801D0027001D0017801D00388013002B4
:10C9000098013003A801B002B801B003C801700259
:10C91000D8017003E801F002F801F00318020803DF
:10C920002802880238028803580248036802C802B5
:10C930007802C80398022803B802A803D802680343
:10C94000F802E803380398037803D80308000004CA
:10C950001000000218000006200000012800000559
:10C9600030000003380000074000800048008004C9
:10C970005000800258008006600080016800800539
:10C980007000800378008007880040049000400217
:10C9900098004006A0004001A8004005B0004003F8
:10C9A000B8004007C800C004D000C002D800C006CC
:10C9B000E000C001E800C005F000C003F800C007B7
:10C9C000080120041001200218012006280120057A
:10C9D00030012003380120074801A0045001A002C3
:10C9E0005801A0066001A0016801A0057001A00324
:10C9F0007801A00788016004900160029801600638
:10CA0000A8016005B0016003B8016007C801E00437
:10CA1000D001E002D801E006E801E005F001E00302
:10CA2000F801E00708021004180210062802100599
:10CA3000300210033802100748029004500290029E
:10CA400058029006680290057002900378029007E1
:10CA50008802500498025006A8025005B002500304
:10CA6000B8025007C802D004D802D006E802D005A8
:10CA7000F002D003F802D007080330041803300690
:10CA800028033005380330074803B0045803B006C4
:10CA90006803B0057003B0037803B007880370041F
:10CAA00098037006A8037005B8037007C803F00464
:10CAB000D803F006E803F005F803F00718040806A9
:10CAC0002804080538040807480488045804880620
:10CAD000680488057804880798044806A80448056F
:10CAE000B8044807D804C806E804C805F804C8070D
:10CAF00018052806380528075805A8066805A8055A
:10CB00007805A80798056806B8056807D805E806F7
:10CB1000F805E807380618075806980678069807B3
:10CB2000B8065807F806D8077807B80708000008BD
:10CB3000100000041800000C200000022800000A69
:10CB4000300000063800000E4000000148000009D7
:10CB5000500000055800000D600000036800000B45
:10CB6000700000077800000F8800800890008004A3
:10CB70009800800CA0008002A800800AB000800607
:10CB8000B800800EC0008001C8008009D000800578
:10CB9000D800800DE0008003E800800BF0008007E3
:10CBA000F800800F08014008100140041801400CF3
:10CBB000200140022801400A300140063801400EA1
:10CBC00048014009500140055801400D60014003F3
:10CBD0006801400B700140077801400F8801C008D0
:10CBE0009001C0049801C00CA001C002A801C00AB5
:10CBF000B001C006B801C00EC801C009D001C0050F
:10CC0000D801C00DE001C003E801C00BF001C0076E
:10CC1000F801C00F08022008100220041802200C9E
:10CC20002802200A300220063802200E480220097D
:10CC3000500220055802200D600220036802200BDC
:10CC4000700220077802200F8802A0089002A0043A
:10CC50009802A00CA802A00AB002A006B802A00E7A
:10CC6000C802A009D002A005D802A00DE002A003CE
:10CC7000E802A00BF002A007F802A00F080360086A
:10CC8000100360041803600C2803600A3003600678
:10CC90003803600E48036009500360055803600DB7
:10CCA0006803600B700360077803600F8803E00877
:10CCB0009003E0049803E00CA803E00AB003E00648
:10CCC000B803E00EC803E009D003E005D803E00D87
:10CCD000E803E00BF003E007F803E00F0804100896
:10CCE0001804100C2804100A300410063804100E22
:10CCF00048041009500410055804100D6804100B66
:10CD0000700410077804100F880490089804900CA1
:10CD1000A804900AB0049006B804900EC8049009C4
:10CD2000D0049005D804900DE804900BF00490070F
:10CD3000F804900F080550081805500C2805500AF3
:10CD4000300550063805500E480550095805500D5D
:10CD50006805500B700550077805500F8805D008FE
:10CD60009805D00CA805D00AB005D006B805D00E9D
:10CD7000C805D009D805D00DE805D00BF005D007BF
:10CD8000F805D00F080630081806300C2806300ABF
:10CD90003806300E480630095806300D6806300B4C
:10CDA000700630077806300F8806B0089806B00C79
:10CDB000A806B00AB806B00EC806B009D806B00D6D
:10CDC000E806B00BF006B007F806B00F08077008C9
:10CDD0001807700C2807700A3807700E480770098A
:10CDE0005807700D6807700B7807700F8807F008F8
:10CDF0009807F00CA807F00AB807F00EC807F0096A
:10CE0000D807F00DE807F00BF807F00F1808080C2A
:10CE10002808080A3808080E480808095808080DA4
:10CE20006808080B7808080F9808880CA808880A72
:10CE3000B808880EC8088809D808880DE808880B43
:10CE4000F808880F1809480C2809480A3809480EBC
:10CE50005809480D6809480B7809480F9809C80C0B
:10CE6000A809C80AB809C80ED809C80DE809C80B2E
:10CE7000F809C80F180A280C380A280E580A280D75
:10CE8000680A280B780A280F980AA80CB80AA80E76
:10CE9000D80AA80DE80AA80BF80AA80F180B680C06
:10CEA000380B680E580B680D780B680F980BE80C60
:10CEB000B80BE80ED80BE80DF80BE80F380C180E7D
:10CEC000580C180D780C180FB80C980ED80C980D3B
:10CED000F80C980F380D580E780D580FB80DD80E65
:10CEE000F80DD80F780E380FF80EB80F08000010A4
:10CEF000100000081800001820000004280000148A
:10CF00003000000C3800001C4000000248000012F5
:10CF10005000000A5800001A600000066800001661
:10CF20007000000E7800001E8000000188000011D3
:10CF30009000000998000019A0000005A800001545
:10CF4000B000000DB800001DC0000003C8000013B1
:10CF5000D000000BD800001BE0000007E80000171D
:10CF6000F000000FF800001F080180101001800879
:10CF70001801801820018004280180143001800CE1
:10CF80003801801C40018002480180125001800A53
:10CF90005801801A60018006680180167001800EB9
:10CFA0007801801E88018011900180099801801904
:10CFB000A0018005A8018015B001800DB801801D79
:10CFC000C0018003C8018013D001800BD801801BF1
:10CFD000E0018007E8018017F001800FF801801F51
:10CFE00008024010100240081802401820024004B5
:10CFF000280240143002400C3802401C4802401203
:10D000005002400A5802401A600240066802401668
:10D010007002400E7802401E8802401190024009C2
:10D0200098024019A0024005A8024015B002400D28
:10D03000B802401DC0024003C8024013D002400B9A
:10D04000D802401BE0024007E8024017F002400F00
:10D05000F802401F0803C0101003C0081803C018CE
:10D060002003C0042803C0143003C00C3803C01CC4
:10D070004803C0125003C00A5803C01A6003C00618
:10D080006803C0167003C00E7803C01E8803C01169
:10D090009003C0099803C019A003C005A803C015D8
:10D0A000B003C00DB803C01DC803C013D003C00B2C
:10D0B000D803C01BE003C007E803C017F003C00F8C
:10D0C000F803C01F080420101004200818042018BA
:10D0D000280420143004200C3804201C480420129A
:10D0E0005004200A5804201A600420066804201600
:10D0F0007004200E7804201E88042011900420095A
:10D1000098042019A0042005A8042015B004200DBF
:10D11000B804201DC8042013D004200BD804201B01
:10D12000E0042007E8042017F004200FF804201F73
:10D130000805A0101005A0081805A0182805A014BF
:10D140003005A00C3805A01C4805A0125005A00A07
:10D150005805A01A6005A0066805A0167005A00E67
:10D160007805A01E8805A0119005A0099805A019B2
:10D17000A805A015B005A00DB805A01DC805A013F1
:10D18000D005A00BD805A01BE005A007E805A01757
:10D19000F005A00FF805A01F080660101006600833
:10D1A00018066018280660143006600C3806601CEB
:10D1B000480660125006600A5806601A6806601633
:10D1C0007006600E7806601E880660119006600981
:10D1D00098066019A8066015B006600DB806601DB7
:10D1E000C8066013D006600BD806601BE006600717
:10D1F000E8066017F006600FF806601F0807E010E9
:10D200001007E0081807E0182807E0143007E00CC2
:10D210003807E01C4807E0125007E00A5807E01AF8
:10D220006807E0167007E00E7807E01E8807E01137
:10D230009007E0099807E019A807E015B007E00D8E
:10D24000B807E01DC807E013D007E00BD807E01BC4
:10D25000E807E017F007E00FF807E01F08081010D4
:10D2600018081018280810143008100C3808101C62
:10D27000480810125008100A5808101A68081016AA
:10D280007008100E7808101E8808101190081009F8
:10D2900098081019A8081015B008100DB808101D2E
:10D2A000C8081013D008100BD808101BE808101776
:10D2B000F008100FF808101F0809901018099018AE
:10D2C000280990143009900C3809901C48099012D4
:10D2D0005009900A5809901A680990167009900E22
:10D2E0007809901E8809901198099019A80990153D
:10D2F000B009900DB809901DC8099013D009900B82
:10D30000D809901BE8099017F009900FF809901FB1
:10D31000080A5010180A5018280A5014300A500CE5
:10D32000380A501C480A5012580A501A680A5016F7
:10D33000700A500E780A501E880A5011980A501927
:10D34000A80A5015B00A500DB80A501DC80A50134B
:10D35000D00A500BD80A501BE80A5017F00A500F99
:10D36000F80A501F080BD010180BD018280BD01437
:10D37000300BD00C380BD01C480BD012580BD01AE5
:10D38000680BD016700BD00E780BD01E880BD01106
:10D39000980BD019A80BD015B00BD00DB80BD01D21
:10D3A000C80BD013D80BD01BE80BD017F00BD00F45
:10D3B000F80BD01F080C3010180C3018280C301443
:10D3C000380C301C480C3012580C301A680C3016CF
:10D3D000700C300E780C301E880C3011980C3019FF
:10D3E000A80C3015B00C300DB80C301DC80C301323
:10D3F000D80C301BE80C3017F00C300FF80C301F35
:10D40000080DB010180DB018280DB014380DB01C50
:10D41000480DB012580DB01A680DB016700DB00E50
:10D42000780DB01E880DB011980DB019A80DB0156B
:10D43000B80DB01DC80DB013D80DB01BE80DB01756
:10D44000F00DB00FF80DB01F080E7010180E701808
:10D45000280E7014380E701C480E7012580E701A78
:10D46000680E7016780E701E880E7011980E701966
:10D47000A80E7015B80E701DC80E7013D80E701B54
:10D48000E80E7017F00E700FF80E701F080FF010F6
:10D49000180FF018280FF014380FF01C480FF01276
:10D4A000580FF01A680FF016780FF01E880FF01161
:10D4B000980FF019A80FF015B80FF01DC80FF01352
:10D4C000D80FF01BE80FF017F80FF01F181008180E
:10D4D000281008143810081C481008125810081A90
:10D4E000681008167810081E88100811981008197E
:10D4F000A8100815B810081DC8100813D810081B6C
:10D50000E8100817F810081F181188182811881437
:10D510003811881C481188125811881A6811881609
:10D520007811881E98118819A8118815B811881DBE
:10D53000C8118813D811881BE8118817F811881FA3
:10D5400018124818281248143812481C5812481A41
:10D55000681248167812481E98124819A8124815E1
:10D56000B812481DC8124813D812481BE8124817B1
:10D57000F812481F1813C8182813C8143813C81CE9
:10D580005813C81A6813C8167813C81E9813C819F8
:10D59000A813C815B813C81DD813C81BE813C8179B
:10D5A000F813C81F181428183814281C5814281ADF
:10D5B000681428167814281E98142819A8142815F9
:10D5C000B814281DD814281BE8142817F814281F8D
:10D5D0001815A8183815A81C5815A81A6815A816E3
:10D5E0007815A81E9815A819B815A81DD815A81B38
:10D5F000E815A817F815A81F181668183816681C1B
:10D600005816681A7816681E98166819B816681D94
:10D61000D816681BE8166817F816681F1817E81858
:10D620003817E81C5817E81A7817E81E9817E819F1
:10D63000B817E81DD817E81BF817E81F3818181C8A
:10D640005818181A7818181E98181819B818181D8C
:10D65000D818181BF818181F3819981C5819981A38
:10D660007819981EB819981DD819981BF819981F81
:10D67000381A581C781A581EB81A581DD81A581B30
:10D68000F81A581F381BD81C781BD81EB81BD81D79
:10D69000F81BD81F781C381EB81C381DF81C381F02
:10D6A000781DB81EF81DB81FF81E781F080000204E
:10D6B000100000101800003020000008280000288A
:10D6C00030000018380000384000000448000024F2
:10D6D00050000014580000346000000C6800002C5A
:10D6E0007000001C7800003C8000000288000022CE
:10D6F0009000001298000032A000000AA800002A42
:10D70000B000001AB800003AC0000006C8000026A9
:10D71000D0000016D8000036E000000EE800002E11
:10D72000F000001EF800003E080100211001001169
:10D7300018010031200100092801002930010019D9
:10D74000380100394001000548010025500100154D
:10D75000580100356001000D6801002D7001001DA9
:10D760007801003D8001000388010023900100132F
:10D7700098010033A001000BA801002BB001001B91
:10D78000B801003BC0010007C8010027D001001705
:10D79000D8010037E001000FE801002FF001001F61
:10D7A000F801003F0802802010028010180280302B
:10D7B0002002800828028028300280183802803831
:10D7C00040028004480280245002801458028034B1
:10D7D0006002800C6802802C7002801C7802803C01
:10D7E000880280229002801298028032A002800A71
:10D7F000A802802AB002801AB802803AC0028006CD
:10D80000C8028026D0028016D8028036E002800E40
:10D81000E802802EF002801EF802803E080380217C
:10D820001003801118038031200380092803802908
:10D830003003801938038039400380054803802570
:10D8400050038015580380356003800D6803802DD8
:10D850007003801D7803803D88038023900380132C
:10D8600098038033A003800BA803802BB003801B98
:10D87000B803803BC0038007C8038027D00380170C
:10D88000D8038037E003800FE803802FF003801F68
:10D89000F803803F08044020100440101804403072
:10D8A0002004400828044028300440183804403838
:10D8B0004804402450044014580440346004400C90
:10D8C0006804402C7004401C7804403C88044022CA
:10D8D0009004401298044032A004400AA804402A50
:10D8E000B004401AB804403AC0044006C8044026B8
:10D8F000D0044016D8044036E004400EE804402E20
:10D90000F004401EF804403E080540211005401177
:10D9100018054031200540092805402930054019E7
:10D920003805403948054025500540155805403513
:10D930006005400D6805402D7005401D7805403D8F
:10D94000880540239005401398054033A005400BFF
:10D95000A805402BB005401BB805403BC00540075B
:10D96000C8054027D0054017D8054037E005400FCF
:10D97000E805402FF005401FF805403F0806C0208D
:10D980001006C0101806C0302006C0082806C0289F
:10D990003006C0183806C0384806C0245006C014E7
:10D9A0005806C0346006C00C6806C02C7006C01C47
:10D9B0007806C03C8806C0229006C0129806C03285
:10D9C000A006C00AA806C02AB006C01AB806C03A07
:10D9D000C806C026D006C016D806C036E006C00E5F
:10D9E000E806C02EF006C01EF806C03E0807C0219B
:10D9F0001007C0111807C0312007C0092807C02927
:10DA00003007C0193807C0394807C0255007C0156E
:10DA10005807C0356007C00D6807C02D7007C01DCE
:10DA20007807C03D8807C0239007C0139807C0330C
:10DA3000A007C00BA807C02BB007C01BB807C03B8E
:10DA4000C807C027D007C017D807C037E007C00FE6
:10DA5000E807C02FF007C01FF807C03F08082020C4
:10DA60001008201018082030280820283008201816
:10DA7000380820384808202450082014580820343A
:10DA80006008200C6808202C7008201C7808203CB6
:10DA9000880820229008201298082032A008200A26
:10DAA000A808202AB008201AB808203AC80820265A
:10DAB000D0082016D8082036E008200EE808202ECE
:10DAC000F008201EF808203E080920211009201126
:10DAD000180920312809202930092019380920394E
:10DAE0004809202550092015580920356009200DC6
:10DAF0006809202D7009201D7809203D8809202300
:10DB00009009201398092033A009200BA809202B85
:10DB1000B009201BB809203BC8092027D0092017CD
:10DB2000D8092037E009200FE809202FF009201F2D
:10DB3000F809203F080AA020100AA010180AA030F7
:10DB4000280AA028300AA018380AA038480AA024B9
:10DB5000500AA014580AA034600AA00C680AA02C2D
:10DB6000700AA01C780AA03C880AA022900AA01281
:10DB7000980AA032A80AA02AB00AA01AB80AA03AA5
:10DB8000C80AA026D00AA016D80AA036E00AA00E1D
:10DB9000E80AA02EF00AA01EF80AA03E080BA02159
:10DBA000100BA011180BA031280BA029300BA019C5
:10DBB000380BA039480BA025500BA015580BA035E9
:10DBC000600BA00D680BA02D700BA01D780BA03D65
:10DBD000880BA023900BA013980BA033A80BA02BAD
:10DBE000B00BA01BB80BA03BC80BA027D00BA017F5
:10DBF000D80BA037E00BA00FE80BA02FF00BA01F55
:10DC0000F80BA03F080C6020100C6010180C60305E
:10DC1000280C6028300C6018380C6038480C6024E0
:10DC2000500C6014580C6034680C602C700C601C34
:10DC3000780C603C880C6022900C6012980C60326A
:10DC4000A80C602AB00C601AB80C603AC80C6026A8
:10DC5000D00C6016D80C6036E00C600EE80C602E1C
:10DC6000F00C601EF80C603E080D6021100D601174
:10DC7000180D6031280D6029300D6019380D60399C
:10DC8000480D6025500D6015580D6035680D602DEC
:10DC9000700D601D780D603D880D6023900D601340
:10DCA000980D6033A80D602BB00D601BB80D603B64
:10DCB000C80D6027D00D6017D80D6037E00D600FDC
:10DCC000E80D602FF00D601FF80D603F080EE0209A
:10DCD000100EE010180EE030280EE028300EE0188C
:10DCE000380EE038480EE024500EE014580EE034B0
:10DCF000680EE02C700EE01C780EE03C880EE022EE
:10DD0000900EE012980EE032A80EE02AB00EE01A53
:10DD1000B80EE03AC80EE026D00EE016D80EE03677
:10DD2000E80EE02EF00EE01EF80EE03E080FE021B7
:10DD3000100FE011180FE031280FE029300FE01923
:10DD4000380FE039480FE025500FE015580FE03547
:10DD5000680FE02D700FE01D780FE03D880FE02385
:10DD6000900FE013980FE033A80FE02BB00FE01BEB
:10DD7000B80FE03BC80FE027D00FE017D80FE0370F
:10DD8000E80FE02FF00FE01FF80FE03F0810102021
:10DD900018101030281010283010101838101038B3
:10DDA0004810102450101014581010346810102C03
:10DDB0007010101C7810103C881010229010101257
:10DDC00098101032A810102AB010101AB810103A7B
:10DDD000C8101026D0101016D8101036E810102ECB
:10DDE000F010101EF810103E0811102118111031FB
:10DDF0002811102930111019381110394811102527
:10DE000050111015581110356811102D7011101D7A
:10DE10007811103D881110239011101398111033B0
:10DE2000A811102BB011101BB811103BC8111027EE
:10DE3000D0111017D8111037E811102FF011101F42
:10DE4000F811103F081290201812903028129028D4
:10DE500030129018381290384812902450129014B2
:10DE6000581290346812902C7012901C7812903CCA
:10DE70008812902298129032A812902AB012901A0A
:10DE8000B812903AC8129026D0129016D812903636
:10DE9000E812902EF012901EF812903E0813902176
:10DEA0001813903128139029301390193813903992
:10DEB0004813902550139015581390356813902DE2
:10DEC0007013901D7813903D88139023981390330E
:10DED000A813902BB013901BB813903BC813902736
:10DEE000D0139017D8139037E813902FF013901F8A
:10DEF000F813903F0814502018145030281450285C
:10DF000030145018381450384814502458145034D1
:10DF10006814502C7014501C7814503C88145022F3
:10DF200098145032A814502AB014501AB814503A09
:10DF3000C8145026D0145016D8145036E814502E59
:10DF4000F014501EF814503E081550211815503189
:10DF500028155029301550193815503948155025B5
:10DF6000581550356815502D7015501D7815503DB9
:10DF70008815502398155033A815502BB015501BF9
:10DF8000B815503BC8155027D0155017D815503725
:10DF9000E815502FF015501FF815503F0816D020E7
:10DFA0001816D0302816D0283016D0183816D03889
:10DFB0004816D0245816D0346816D02C7016D01CB1
:10DFC0007816D03C8816D0229816D032A816D02ABF
:10DFD000B016D01AB816D03AC816D026D816D036F1
:10DFE000E816D02EF016D01EF816D03E0817D02115
:10DFF0001817D0312817D0293017D0193817D03931
:10E000004817D0255817D0356817D02D7017D01D58
:10E010007817D03D8817D0239817D033A817D02B66
:10E02000B017D01BB817D03BC817D027D817D03798
:10E03000E817D02FF017D01FF817D03F081830205E
:10E04000181830302818302838183038481830243C
:10E05000581830346818302C7018301C7818303C40
:10E060008818302298183032A818302AB018301A80
:10E07000B818303AC8183026D8183036E818302E7C
:10E08000F018301EF818303E0819302118193031B8
:10E0900028193029381930394819302558193035A0
:10E0A0006819302D7019301D7819303D88193023CA
:10E0B00098193033A819302BB019301BB819303BE0
:10E0C000C8193027D8193037E819302FF019301F08
:10E0D000F819303F081AB020181AB030281AB028A2
:10E0E000381AB038481AB024581AB034681AB02C0C
:10E0F000701AB01C781AB03C881AB022981AB03244
:10E10000A81AB02AB81AB03AC81AB026D81AB03627
:10E11000E81AB02EF01AB01EF81AB03E081BB02153
:10E12000181BB031281BB029381BB039481BB0254B
:10E13000581BB035681BB02D701BB01D781BB03D4F
:10E14000881BB023981BB033A81BB02BB81BB03B67
:10E15000C81BB027D81BB037E81BB02FF01BB01F6F
:10E16000F81BB03F081C7020181C7030281C702849
:10E17000381C7038481C7024581C7034681C702C73
:10E18000781C703C881C7022981C7032A81C702A65
:10E19000B81C703AC81C7026D81C7036E81C702E4B
:10E1A000F01C701EF81C703E081D7021181D703187
:10E1B000281D7029381D7039481D7025581D70356F
:10E1C000681D702D781D703D881D7023981D70335B
:10E1D000A81D702BB81D703BC81D7027D81D703747
:10E1E000E81D702FF01D701FF81D703F081EF020F5
:10E1F000181EF030281EF028381EF038481EF02473
:10E20000581EF034681EF02C781EF03C881EF02258
:10E21000981EF032A81EF02AB81EF03AC81EF0264A
:10E22000D81EF036E81EF02EF81EF03E081FF02132
:10E23000181FF031281FF029381FF039481FF0252A
:10E24000581FF035681FF02D781FF03D881FF02310
:10E25000981FF033A81FF02BB81FF03BC81FF02702
:10E26000D81FF037E81FF02FF81FF03F18200830B4
:10E270002820082838200838482008245820083446
:10E280006820082C7820083C882008229820083232
:10E29000A820082AB820083AC8200826D82008361E
:10E2A000E820082EF820083E1821083128210829E6
:10E2B0003821083948210825582108356821082DBA
:10E2C0007821083D8821082398210833A821082BAC
:10E2D000B821083BC8210827D8210837E821082F92
:10E2E000F821083F182288302822882838228838C8
:10E2F00048228824582288346822882C7822883C36
:10E3000098228832A822882AB822883AC8228826E9
:10E31000D8228836E822882EF822883E18238831B1
:10E320002823882938238839482388255823883585
:10E330006823882D7823883D98238833A823882B49
:10E34000B823883BC8238827D8238837E823882F19
:10E35000F823883F1824483028244828382448388F
:10E36000582448346824482C7824483C982448325F
:10E37000A824482AB824483AC8244826D82448362D
:10E38000E824482EF824483E1825483128254829F5
:10E3900038254839582548356825482D7825483D81
:10E3A00098254833A825482BB825483BC825482739
:10E3B000D8254837E825482FF825483F1826C83083
:10E3C0002826C8283826C8385826C8346826C82CB5
:10E3D0007826C83C9826C832A826C82AB826C83A43
:10E3E000D826C836E826C82EF826C83E1827C831D1
:10E3F0002827C8293827C8395827C8356827C82D7D
:10E400007827C83D9827C833A827C82BB827C83B0A
:10E41000D827C837E827C82FF827C83F182828303A
:10E4200038282838582828346828282C7828283C68
:10E4300098282832A828282AB828283AD828283600
:10E44000E828282EF828283E182928313829283984
:10E45000582928356829282D7829283D98292833D6
:10E46000A829282BB829283BD8292837E829282F7C
:10E47000F829283F182AA830382AA838582AA8345A
:10E48000682AA82C782AA83C982AA832B82AA83A40
:10E49000D82AA836E82AA82EF82AA83E182BA83190
:10E4A000382BA839582BA835682BA82D782BA83DD8
:10E4B000982BA833B82BA83BD82BA837E82BA82F2C
:10E4C000F82BA83F182C6830382C6838582C683442
:10E4D000782C683C982C6832B82C683AD82C68366E
:10E4E000E82C682EF82C683E182D6831382D6839D4
:10E4F000582D6835782D683D982D6833B82D683BC8
:10E50000D82D6837E82D682FF82D683F182EE83091
:10E51000382EE838582EE834782EE83C982EE83229
:10E52000B82EE83AD82EE836F82EE83E182FE83113
:10E53000382FE839582FE835782FE83D982FE83301
:10E54000B82FE83BD82FE837F82FE83F3830183895
:10E55000583018347830183C98301832B830183A9F
:10E56000D8301836F830183E383118395831183547
:10E570007831183D98311833B831183BD8311837F5
:10E58000F831183F38329838583298347832983CFD
:10E59000B832983AD8329836F832983E38339839AB
:10E5A000583398357833983DB833983BD8339837FB
:10E5B000F833983F383458387834583CB834583A9F
:10E5C000D8345836F834583E383558397835583DAF
:10E5D000B835583BD8355837F835583F3836D838DD
:10E5E0007836D83CB836D83AF836D83E3837D839A5
:10E5F0007837D83DB837D83BF837D83F7838383CEB
:10E60000B838383AF838383E7839383DB839383B78
:10E61000F839383F783AB83CF83AB83E783BB83DDC
:10E62000F83BB83FF83C783EF83D783F08000040A2
:10E63000100000201800006020000010280000508A
:10E6400030000030380000704000000848000048EA
:10E65000500000285800006860000018680000584A
:10E6600070000038780000788000000488000044C2
:10E670009000002498000064A0000014A80000543A
:10E68000B0000034B8000074C000000CC800004C9A
:10E69000D000002CD800006CE000001CE800005CFA
:10E6A000F000003CF800007C00010002080100427C
:10E6B00010010022180100622001001228010052FE
:10E6C00030010032380100724001000A4801004A5E
:10E6D0005001002A5801006A6001001A6801005ABE
:10E6E0007001003A7801007A800100068801004636
:10E6F0009001002698010066A0010016A8010056AE
:10E70000B0010036B8010076C001000EC801004E0D
:10E71000D001002ED801006EE001001EE801005E6D
:10E72000F001003EF801007E0802004110020021C5
:10E73000180200612002001128020051300200314D
:10E7400038020071400200094802004950020029C5
:10E75000580200696002001968020059700200390D
:10E7600078020079800200058802004590020025A9
:10E7700098020065A0020015A8020055B0020035FD
:10E78000B8020075C002000DC802004DD002002D75
:10E79000D802006DE002001DE802005DF002003DBD
:10E7A000F802007D080300431003002318030063F0
:10E7B0002003001328030053300300333803007391
:10E7C0004003000B4803004B5003002B5803006B21
:10E7D0006003001B6803005B7003003B7803007B51
:10E7E0008003000788030047900300279803006711
:10E7F000A0030017A8030057B0030037B803007741
:10E80000C003000FC803004FD003002FD803006FD0
:10E81000E003001FE803005FF003003FF803007F00
:10E8200008048040100480201804806020048010B8
:10E830002804805030048030380480704004800800
:10E840004804804850048028580480686004801878
:10E850006804805870048038780480788804804484
:10E860009004802498048064A0048014A804805438
:10E87000B0048034B8048074C004800CC804804C98
:10E88000D004802CD804806CE004801CE804805CF8
:10E89000F004803CF804807C08058042100580224A
:10E8A00018058062200580122805805230058032CC
:10E8B000380580724005800A4805804A5005802A44
:10E8C0005805806A6005801A6805805A7005803A8C
:10E8D0007805807A80058006880580469005802628
:10E8E00098058066A0058016A8058056B00580367C
:10E8F000B8058076C005800EC805804ED005802EF4
:10E90000D805806EE005801EE805805EF005803E3B
:10E91000F805807E08068041100680211806806177
:10E92000200680112806805130068031380680711B
:10E9300040068009480680495006802958068069AB
:10E9400060068019680680597006803978068079DB
:10E95000880680459006802598068065A00680156B
:10E96000A8068055B0068035B8068075C006800DB3
:10E97000C806804DD006802DD806806DE006801D2B
:10E98000E806805DF006803DF806807D080780433C
:10E9900010078023180780632007801328078053FF
:10E9A00030078033380780734007800B4807804B5F
:10E9B0005007802B5807806B6007801B6807805BBF
:10E9C0007007803B7807807B880780479007802707
:10E9D00098078067A0078017A8078057B00780377F
:10E9E000B8078077C007800FC807804FD007802FF7
:10E9F000D807806FE007801FE807805FF007803F3F
:10EA0000F807807F08084040100840201808406040
:10EA10002008401028084050300840303808407026
:10EA20004808404850084028580840686008401886
:10EA30006808405870084038780840788808404492
:10EA40009008402498084064A0084014A808405446
:10EA5000B0084034B8084074C008400CC808404CA6
:10EA6000D008402CD808406CE008401CE808405C06
:10EA7000F008403CF808407C080940421009402258
:10EA800018094062200940122809405230094032DA
:10EA9000380940724009400A4809404A5009402A52
:10EAA0005809406A6009401A6809405A7009403A9A
:10EAB0007809407A880940469009402698094066BE
:10EAC000A0094016A8094056B0094036B80940765A
:10EAD000C009400EC809404ED009402ED809406EEA
:10EAE000E009401EE809405EF009403EF809407E1A
:10EAF000080A4041100A4021180A4061200A4011CA
:10EB0000280A4051300A4031380A4071480A4049C9
:10EB1000500A4029580A4069600A4019680A405959
:10EB2000700A4039780A4079880A4045900A4025A1
:10EB3000980A4065A00A4015A80A4055B00A403519
:10EB4000B80A4075C00A400DC80A404DD00A402D91
:10EB5000D80A406DE00A401DE80A405DF00A403DD9
:10EB6000F80A407D080B4043100B4023180B40630C
:10EB7000200B4013280B4053300B4033380B4073AD
:10EB8000480B404B500B402B580B406B600B401B0D
:10EB9000680B405B700B403B780B407B880B404719
:10EBA000900B4027980B4067A00B4017A80B4057CD
:10EBB000B00B4037B80B4077C00B400FC80B404F2D
:10EBC000D00B402FD80B406FE00B401FE80B405F8D
:10EBD000F00B403FF80B407F080CC040100CC020E9
:10EBE000180CC060200CC010280CC050300CC03075
:10EBF000380CC070480CC048500CC028580CC06875
:10EC0000600CC018680CC058700CC038780CC07804
:10EC1000880CC044900CC024980CC064A00CC01494
:10EC2000A80CC054B00CC034B80CC074C80CC04C94
:10EC3000D00CC02CD80CC06CE00CC01CE80CC05C24
:10EC4000F00CC03CF80CC07C080DC042100DC02276
:10EC5000180DC062200DC012280DC052300DC032F8
:10EC6000380DC072480DC04A500DC02A580DC06AF8
:10EC7000600DC01A680DC05A700DC03A780DC07A88
:10EC8000880DC046900DC026980DC066A00DC01618
:10EC9000A80DC056B00DC036B80DC076C00DC00E60
:10ECA000C80DC04ED00DC02ED80DC06EE00DC01ED8
:10ECB000E80DC05EF00DC03EF80DC07E080EC041EC
:10ECC000100EC021180EC061200EC011280EC051B8
:10ECD000300EC031380EC071480EC049500EC029E8
:10ECE000580EC069600EC019680EC059700EC03948
:10ECF000780EC079880EC045900EC025980EC0656C
:10ED0000A00EC015A80EC055B00EC035B80EC07507
:10ED1000C80EC04DD00EC02DD80EC06DE00EC01D67
:10ED2000E80EC05DF00EC03DF80EC07D080FC04378
:10ED3000100FC023180FC063200FC013280FC0533B
:10ED4000300FC033380FC073480FC04B500FC02B6B
:10ED5000580FC06B600FC01B680FC05B700FC03BCB
:10ED6000780FC07B880FC047900FC027980FC067EF
:10ED7000A00FC017A80FC057B00FC037B80FC0778B
:10ED8000C80FC04FD00FC02FD80FC06FE00FC01FEB
:10ED9000E80FC05FF00FC03FF80FC07F08102040A1
:10EDA0001010202018102060281020503010203023
:10EDB0003810207048102048501020285810206823
:10EDC00060102018681020587010203878102078B3
:10EDD000881020449010202498102064A010201443
:10EDE000A8102054B0102034B8102074C810204C43
:10EDF000D010202CD810206CE010201CE810205CD3
:10EE0000F010203CF810207C081120421011202224
:10EE100018112062201120122811205230112032A6
:10EE2000381120724811204A5011202A5811206AA6
:10EE30006011201A6811205A7011203A7811207A36
:10EE4000881120469011202698112066A0112016C6
:10EE5000A8112056B0112036B8112076C811204EC6
:10EE6000D011202ED811206EE011201EE811205E56
:10EE7000F011203EF811207E0812204110122021AE
:10EE800018122061281220513012203138122071BE
:10EE90004812204950122029581220696012201966
:10EEA0006812205970122039781220798812204572
:10EEB0009012202598122065A0122015A812205526
:10EEC000B0122035B8122075C812204DD012202D56
:10EED000D812206DE012201DE812205DF012203DB6
:10EEE000F812207D081320431013202318132063E9
:10EEF0002813205330132033381320734813204B2A
:10EF00005013202B5813206B6013201B6813205BB9
:10EF10007013203B7813207B881320479013202701
:10EF200098132067A0132017A8132057B013203779
:10EF3000B8132077C813204FD013202FD813206F79
:10EF4000E013201FE813205FF013203FF813207F09
:10EF50000814A0401014A0201814A0602814A05079
:10EF60003014A0303814A0704814A0485014A028C1
:10EF70005814A0686014A0186814A0587014A03821
:10EF80007814A0788814A0449014A0249814A06445
:10EF9000A814A054B014A034B814A074C814A04C81
:10EFA000D014A02CD814A06CE014A01CE814A05C11
:10EFB000F014A03CF814A07C0815A0421015A02263
:10EFC0001815A0622815A0523015A0323815A0726D
:10EFD0004815A04A5015A02A5815A06A6015A01A15
:10EFE0006815A05A7015A03A7815A07A8815A04621
:10EFF0009015A0269815A066A015A016A815A056D5
:10F00000B015A036B815A076C815A04ED015A02E04
:10F01000D815A06EE015A01EE815A05EF015A03E64
:10F02000F815A07E0816A0411016A0211816A061A0
:10F030002816A0513016A0313816A0714816A049E4
:10F040005016A0295816A0696016A0196816A05974
:10F050007016A0397816A0798816A0459016A025BC
:10F060009816A065A816A055B016A035B816A075BC
:10F07000C816A04DD016A02DD816A06DE016A01D64
:10F08000E816A05DF016A03DF816A07D0817A04375
:10F090001017A0231817A0632817A0533017A03308
:10F0A0003817A0734817A04B5017A02B5817A06B08
:10F0B0006017A01B6817A05B7017A03B7817A07B98
:10F0C0008817A0479017A0279817A067A817A057E0
:10F0D000B017A037B817A077C817A04FD017A02F28
:10F0E000D817A06FE017A01FE817A05FF017A03F88
:10F0F000F817A07F0818604010186020181860608A
:10F10000281860503018603038186070481860480F
:10F11000501860285818606868186058701860386F
:10F120007818607888186044901860249818606493
:10F13000A8186054B0186034B8186074C818604CCF
:10F14000D018602CD818606CE018601CE818605C5F
:10F15000F018603CF818607C0819604210196022B1
:10F1600018196062281960523019603238196072BB
:10F170004819604A5019602A5819606A6019601A63
:10F180006819605A7019603A7819607A881960466F
:10F190009019602698196066A8196056B0196036F3
:10F1A000B8196076C819604ED019602ED819606EF3
:10F1B000E019601EE819605EF019603EF819607E83
:10F1C000081A6041101A6021181A6061281A6051EB
:10F1D000301A6031381A6071481A6049501A602933
:10F1E000581A6069681A6059701A6039781A60791B
:10F1F000881A6045901A6025981A6065A81A6055AB
:10F20000B01A6035B81A6075C81A604DD01A602DF2
:10F21000D81A606DE01A601DE81A605DF01A603D52
:10F22000F81A607D081B6043101B6023181B606385
:10F23000281B6053301B6033381B6073481B604BC6
:10F24000501B602B581B606B681B605B701B603B26
:10F25000781B607B881B6047901B6027981B60674A
:10F26000A81B6057B01B6037B81B6077C81B604F86
:10F27000D01B602FD81B606FE01B601FE81B605F16
:10F28000F01B603FF81B607F081CE040101CE02072
:10F29000181CE060281CE050301CE030381CE07086
:10F2A000481CE048501CE028581CE068681CE058E6
:10F2B000701CE038781CE078881CE044901CE02446
:10F2C000981CE064A81CE054B01CE034B81CE07446
:10F2D000C81CE04CD01CE02CD81CE06CE81CE05CA6
:10F2E000F01CE03CF81CE07C081DE042101DE02210
:10F2F000181DE062281DE052301DE032381DE0721A
:10F30000481DE04A501DE02A581DE06A681DE05A79
:10F31000701DE03A781DE07A881DE046901DE026D9
:10F32000981DE066A81DE056B01DE036B81DE076D9
:10F33000C81DE04ED01DE02ED81DE06EE01DE01E81
:10F34000E81DE05EF01DE03EF81DE07E081EE04195
:10F35000101EE021181EE061281EE051301EE03131
:10F36000381EE071481EE049501EE029581EE06931
:10F37000681EE059701EE039781EE079881EE0456D
:10F38000901EE025981EE065A81EE055B01EE035F1
:10F39000B81EE075C81EE04DD01EE02DD81EE06DF1
:10F3A000E81EE05DF01EE03DF81EE07D081FE04332
:10F3B000101FE023181FE063281FE053301FE033C5
:10F3C000381FE073481FE04B501FE02B581FE06BC5
:10F3D000681FE05B701FE03B781FE07B881FE04701
:10F3E000901FE027981FE067A81FE057B01FE03785
:10F3F000B81FE077C81FE04FD01FE02FD81FE06F85
:10F40000E81FE05FF01FE03FF81FE07F082010409A
:10F410001820106028201050302010303820107034
:10F420004820104850201028582010686820105894
:10F4300070201038782010788820104490201024F4
:10F4400098201064A8201054B0201034B8201074F4
:10F45000C820104CD020102CD820106CE820105C54
:10F46000F020103CF820107C0821104210211022BE
:10F4700018211062282110523021103238211072C8
:10F480004821104A5021102A5821106A6821105A28
:10F490007021103A7821107A882110469021102688
:10F4A00098211066A8211056B0211036B821107688
:10F4B000C821104ED021102ED821106EE821105EE8
:10F4C000F021103EF821107E082210411822106110
:10F4D0002822105130221031382210714822104950
:10F4E00050221029582210696822105970221039B0
:10F4F00078221079882210459022102598221065D4
:10F50000A8221055B0221035B8221075C822104D0F
:10F51000D022102DD822106DE822105DF022103D6F
:10F52000F822107D0823104318231063282310535A
:10F5300030231033382310734823104B5023102BE3
:10F540005823106B6823105B7023103B7823107BCB
:10F55000882310479023102798231067A82310575B
:10F56000B0231037B8231077C823104FD023102FA3
:10F57000D823106FE823105FF023103FF823107F8B
:10F580000824904018249060282490503024903013
:10F59000382490704824904850249028582490682B
:10F5A0006824905870249038782490788824904467
:10F5B00098249064A8249054B0249034B824907473
:10F5C000C824904CD024902CD824906CE824905CD3
:10F5D000F024903CF824907C0825904218259062F5
:10F5E0002825905230259032382590724825904A2F
:10F5F0005025902A5825906A6825905A7025903A8F
:10F600007825907A882590469025902698259066B2
:10F61000A8259056B0259036B8259076C825904EEE
:10F62000D025902ED825906EE825905EF025903E4E
:10F63000F825907E08269041182690612826905142
:10F6400030269031382690714826904950269029CE
:10F6500058269069682690597026903978269079B6
:10F660008826904598269065A8269055B026903516
:10F67000B8269075C826904DD026902DD826906D2E
:10F68000E826905DF026903DF826907D082790436F
:10F69000182790632827905330279033382790738A
:10F6A0004827904B5027902B5827906B6827905BEA
:10F6B0007027903B7827907B882790479827906702
:10F6C000A8279057B0279037B8279077C827904F32
:10F6D000D027902FD827906FE827905FF027903F92
:10F6E000F827907F0828504018285060282850504C
:10F6F00030285030382850704828504858285068D2
:10F7000068285058702850387828507888285044F5
:10F7100098285064A8285054B0285034B828507401
:10F72000C828504CD028502CD828506CE828505C61
:10F73000F028503CF828507C082950421829506283
:10F740002829505230295032382950724829504ABD
:10F750005029502A5829506A6829505A7029503A1D
:10F760007829507A8829504698295066A8295056F9
:10F77000B0295036B8295076C829504ED029502E7D
:10F78000D829506EE829505EF029503EF829507E65
:10F79000082A5041182A5061282A5051302A5031E5
:10F7A000382A5071482A5049582A5069682A5059B5
:10F7B000702A5039782A5079882A5045982A5065FD
:10F7C000A82A5055B02A5035B82A5075C82A504D2D
:10F7D000D02A502DD82A506DE82A505DF02A503D8D
:10F7E000F82A507D082B5043182B5063282B505378
:10F7F000302B5033382B5073482B504B582B506BB9
:10F80000682B505B702B503B782B507B882B5047DC
:10F81000982B5067A82B5057B02B5037B82B5077E8
:10F82000C82B504FD02B502FD82B506FE82B505F48
:10F83000F02B503FF82B507F082CD040182CD06074
:10F84000282CD050302CD030382CD070482CD048B8
:10F85000582CD068682CD058702CD038782CD078A0
:10F86000882CD044982CD064A82CD054B02CD03400
:10F87000B82CD074C82CD04CD82CD06CE82CD05CD0
:10F88000F02CD03CF82CD07C082DD042182DD06222
:10F89000282DD052302DD032382DD072482DD04A5C
:10F8A000582DD06A682DD05A702DD03A782DD07A44
:10F8B000882DD046982DD066A82DD056B02DD036A4
:10F8C000B82DD076C82DD04ED02DD02ED82DD06EBC
:10F8D000E82DD05EF02DD03EF82DD07E082ED04100
:10F8E000182ED061282ED051302ED031382ED07124
:10F8F000482ED049582ED069682ED059702ED03954
:10F90000782ED079882ED045982ED065A82ED05547
:10F91000B02ED035B82ED075C82ED04DD82ED06D83
:10F92000E82ED05DF02ED03DF82ED07D082FD043AC
:10F93000182FD063282FD053302FD033382FD073C7
:10F94000482FD04B582FD06B682FD05B702FD03BF7
:10F95000782FD07B882FD047982FD067A82FD057EB
:10F96000B02FD037B82FD077C82FD04FD82FD06F27
:10F97000E82FD05FF02FD03FF82FD07F08303040F5
:10F9800018303060283030503830307048303048CF
:10F9900058303068683030587030303878303078CF
:10F9A0008830304498303064A8303054B03030342F
:10F9B000B8303074C830304CD830306CE830305CFF
:10F9C000F030303CF830307C083130421831306251
:10F9D0002831305230313032383130724831304A8B
:10F9E0005831306A6831305A7031303A7831307A73
:10F9F0008831304698313066A8313056B0313036D3
:10FA0000B8313076C831304ED831306EE831305EA2
:10FA1000F031303EF831307E0832304118323061FA
:10FA200028323051383230714832304958323069DA
:10FA30006832305970323039783230798832304516
:10FA400098323065A8323055B0323035B832307522
:10FA5000C832304DD832306DE832305DF032303D52
:10FA6000F832307D08333043183330632833305355
:10FA7000383330734833304B5833306B6833305B36
:10FA80007033303B7833307B88333047983330677E
:10FA9000A8333057B0333037B8333077C833304FAE
:10FAA000D833306FE833305FF033303FF833307F96
:10FAB0000834B0401834B0602834B0503834B070D6
:10FAC0004834B0485834B0686834B0587034B038EE
:10FAD0007834B0788834B0449834B064A834B054E2
:10FAE000B834B074C834B04CD834B06CE834B05CBE
:10FAF000F034B03CF834B07C0835B0421835B06210
:10FB00002835B0523835B0724835B04A5835B06AE9
:10FB10006835B05A7035B03A7835B07A8835B04625
:10FB20009835B066A835B056B035B036B835B07631
:10FB3000C835B04ED835B06EE835B05EF035B03E61
:10FB4000F835B07E0836B0411836B0612836B0516D
:10FB50003836B0714836B0495836B0696836B05951
:10FB60007036B0397836B0798836B0459836B06599
:10FB7000A836B055B836B075C836B04DD836B06D69
:10FB8000E836B05DF036B03DF836B07D0837B043AA
:10FB90001837B0632837B0533837B0734837B04B95
:10FBA0005837B06B6837B05B7037B03B7837B07B95
:10FBB0008837B0479837B067A837B057B837B077AD
:10FBC000C837B04FD837B06FE837B05FF037B03FC5
:10FBD000F837B07F08387040183870602838705097
:10FBE00038387070483870485838706868387058BD
:10FBF000783870788838704498387064A8387054B1
:10FC0000B8387074C838704CD838706CE838705C8C
:10FC1000F038703CF838707C0839704218397062DE
:10FC200028397052383970724839704A5839706AB8
:10FC30006839705A7039703A7839707A88397046F4
:10FC400098397066A8397056B8397076C839704ED0
:10FC5000D839706EE839705EF039703EF839707ED0
:10FC6000083A7041183A7061283A7051383A707108
:10FC7000483A7049583A7069683A7059783A7079D8
:10FC8000883A7045983A7065A83A7055B83A7075D8
:10FC9000C83A704DD83A706DE83A705DF03A703DF0
:10FCA000F83A707D083B7043183B7063283B7053F3
:10FCB000383B7073483B704B583B706B683B705BD4
:10FCC000783B707B883B7047983B7067A83B7057C8
:10FCD000B83B7077C83B704FD83B706FE83B705FA4
:10FCE000F03B703FF83B707F083CF040183CF06000
:10FCF000283CF050383CF070483CF048583CF068E4
:10FD0000683CF058783CF078883CF044983CF064CB
:10FD1000A83CF054B83CF074C83CF04CD83CF06CB3
:10FD2000E83CF05CF83CF07C083DF042183DF062A5
:10FD3000283DF052383DF072483DF04A583DF06A97
:10FD4000683DF05A783DF07A883DF046983DF0667F
:10FD5000A83DF056B83DF076C83DF04ED83DF06E67
:10FD6000E83DF05EF03DF03EF83DF07E083EF041AB
:10FD7000183EF061283EF051383EF071483EF0499F
:10FD8000583EF069683EF059783EF079883EF0457B
:10FD9000983EF065A83EF055B83EF075C83EF04D6F
:10FDA000D83EF06DE83EF05DF83EF07D083FF04350
:10FDB000183FF063283FF053383FF073483FF04B53
:10FDC000583FF06B683FF05B783FF07B883FF0472F
:10FDD000983FF067A83FF057B83FF077C83FF04F23
:10FDE000D83FF06FE83FF05FF83FF07F18400860C1
:10FDF0002840085038400870484008485840086873
:10FE0000684008587840087888400844984008645A
:10FE1000A8400854B8400874C840084CD840086C42
:10FE2000E840085CF840087C084108421841086234
:10FE300028410852384108724841084A5841086A26
:10FE40006841085A7841087A88410846984108660E
:10FE5000A8410856B8410876C841084ED841086EF6
:10FE6000E841085EF841087E1842086128420851BE
:10FE7000384208714842084958420869684208599E
:10FE8000784208798842084598420865A842085592
:10FE9000B8420875C842084DD842086DE842085D6E
:10FEA000F842087D18430863284308533843087311
:10FEB0004843084B5843086B6843085B7843087B0A
:10FEC0008843084798430867A8430857B84308770A
:10FED000C843084FD843086FE843085FF843087FDA
:10FEE00018448860284488503844887048448848BA
:10FEF0005844886868448858784488789844886466
:10FF0000A8448854B8448874C844884CD844886C41
:10FF1000E844885CF844887C184588622845885203
:10FF2000384588724845884A5845886A6845885ADD
:10FF30007845887A8845884698458866A8458856D1
:10FF4000B8458876C845884ED845886EE845885EAD
:10FF5000F845887E18468861284688513846887159
:10FF60004846884958468869684688597846887955
:10FF700098468865A8468855B8468875C846884D0D
:10FF8000D846886DE846885DF846887D18478863BE
:10FF900028478853384788734847884B5847886BA9
:10FFA0006847885B7847887B98478867A847885761
:10FFB000B8478877C847884FD847886FE847885F31
:10FFC000F847887F184848602848485038484870A3
:10FFD0005848486868484858784848789848486475
:10FFE000A8484854B8484874C848484CD848486C51
:10FFF000E848485CF848487C184948622849485213
:020000040803EF
:10000000384948724849484A5849486A6849485AEC
:100010007849487A98494866A8494856B849487680
:10002000C849484ED849486EE849485EF849487E74
:10003000184A4861284A4851384A4871584A48691C
:10004000684A4859784A4879984A4865A84A4855BC
:10005000B84A4875C84A484DD84A486DE84A485D8C
:10006000F84A487D184B4863284B4853384B48732F
:10007000584B486B684B485B784B487B984B4867BC
:10008000A84B4857B84B4877C84B484FD84B486F98
:10009000E84B485FF84B487F184CC860284CC85064
:1000A000384CC870584CC868684CC858784CC878E8
:1000B000984CC864A84CC854B84CC874D84CC86C88
:1000C000E84CC85CF84CC87C184DC862284DC85232
:1000D000384DC872584DC86A684DC85A784DC87AAC
:1000E000984DC866A84DC856B84DC876C84DC84E7C
:1000F000D84DC86EE84DC85EF84DC87E184EC86130
:10010000284EC851384EC871584EC869684EC859F3
:10011000784EC879984EC865A84EC855B84EC8756F
:10012000D84EC86DE84EC85DF84EC87D184FC863FC
:10013000284FC853384FC873584FC86B684FC85BB7
:10014000784FC87B984FC867A84FC857B84FC87733
:10015000D84FC86FE84FC85FF84FC87F1850286065
:100160003850287058502868685028587850287897
:1001700098502864A8502854B8502874D850286C37
:10018000E850285CF850287C1851286228512852E1
:10019000385128725851286A6851285A7851287A5B
:1001A00098512866A8512856B8512876D851286EFB
:1001B000E851285EF851287E18522861385228717B
:1001C00058522869685228597852287998522865D7
:1001D000A8522855B8522875D852286DE852285D83
:1001E000F852287D18532863385328735853286BC6
:1001F0006853285B7853287B98532867A85328575F
:10020000B8532877D853286FE853285FF853287FCE
:100210001854A8603854A8705854A8686854A8584E
:100220007854A8789854A864B854A874D854A86C82
:10023000E854A85CF854A87C1855A8623855A872F0
:100240005855A86A6855A85A7855A87A9855A86646
:10025000A855A856B855A876D855A86EE855A85EF2
:10026000F855A87E1856A8613856A8715856A8693E
:100270006856A8597856A8799856A865B856A875AA
:10028000D856A86DE856A85DF856A87D1857A863FB
:100290003857A8735857A86B6857A85B7857A87B3E
:1002A0009857A867B857A877D857A86FE857A85F96
:1002B000F857A87F185868603858687058586868A8
:1002C0007858687898586864B8586874D858686CD2
:1002D000E858685CF858687C185968623859687240
:1002E0005859686A6859685A7859687A9859686696
:1002F000B8596876D859686EE859685EF859687ECA
:10030000185A6861385A6871585A6869785A687911
:10031000985A6865B85A6875D85A686DE85A685D21
:10032000F85A687D185B6863385B6873585B686B64
:10033000785B687B985B6867B85B6877D85B686F49
:10034000E85B685FF85B687F185CE860385CE870C1
:10035000585CE868785CE878985CE864B85CE874B5
:10036000D85CE86CF85CE87C185DE862385DE8729F
:10037000585DE86A785DE87A985DE866B85DE87689
:10038000D85DE86EE85DE85EF85DE87E185EE861DD
:10039000385EE871585EE869785EE879985EE865ED
:1003A000B85EE875D85EE86DF85EE87D185FE863D2
:1003B000385FE873585FE86B785FE87B985FE867C1
:1003C000B85FE877D85FE86FF85FE87F386018704B
:1003D000586018687860187898601864B860187465
:1003E000D860186CF860187C18611862386118724F
:1003F0005861186A7861187A98611866B861187639
:10040000D861186EF861187E3862187158621869E0
:100410007862187998621865B8621875D862186D94
:10042000F862187D386318735863186B7863187B0B
:1004300098631867B8631877D863186FF863187FE4
:10044000386498705864986878649878B864987438
:10045000D864986CF864987C386598725865986A86
:100460007865987A98659866B8659876D865986E34
:10047000F865987E386698715866986978669879B4
:10048000B8669875D866986DF866987D38679873E1
:100490005867986B7867987BB8679877D867986F34
:1004A000F867987F3868587078685878B8685874D2
:1004B000D868586CF868587C386958725869586A16
:1004C0007869587AB8695876D869586EF869587E4C
:1004D000386A5871786A5879B86A5875D86A586D08
:1004E000F86A587D386B5873786B587BB86B5877BF
:1004F000D86B586FF86B587F386CD870786CD87898
:10050000B86CD874F86CD87C386DD872786DD87A9D
:10051000B86DD876D86DD86EF86DD87E386ED87133
:10052000786ED879B86ED875F86ED87D386FD87374
:10053000786FD87BB86FD877F86FD87F78703878B5
:10054000B8703874F870387C387138727871387ACD
:10055000B8713876F871387E78723879B872387533
:10056000F872387D7873387BB8733877F873387FD2
:100570007874B878F874B87C7875B87AB875B87645
:10058000F875B87E7876B879F876B87D7877B87BE4
:10059000F877B87FF878787C7879787AF879787E07
:1005A000F87A787DF87B787FF87DF87E000000008F
:1005B0000000803FC2C5473EBE147B3F15EFC33EDF
:1005C0005E836C3FDA390E3F31DB543FF304353F35
:1005D000F304353F31DB543FDA390E3F5E836C3F25
:1005E00015EFC33EBE147B3FC2C5473E0000803FAF
:1005F00000000000BE147B3FC2C547BE5E836C3F57
:1006000015EFC3BE31DB543FDA390EBFF304353F7B
:10061000F30435BFDA390E3F31DB54BF15EFC33E6B
:100620005E836CBFC2C5473EBE147BBF00000000A6
:100630000000803F36BDC83D6DC47E3FC2C5473E09
:10064000BE147B3F31A0943E0BFA743F15EFC33EBE
:100650005E836C3FEA5AF13E98C5613FDA390E3F3E
:1006600031DB543F9967223F03E4453FF304353FB4
:10067000F304353F03E4453F9967223F31DB543FA4
:10068000DA390E3F98C5613FEA5AF13E5E836C3F0E
:1006900015EFC33E0BFA743F31A0943EBE147B3F6E
:1006A000C2C5473E6DC47E3F36BDC83D0000803F99
:1006B000000000006DC47E3F36BDC8BDBE147B3F48
:1006C000C2C547BE0BFA743F31A094BE5E836C3F37
:1006D00015EFC3BE98C5613FEA5AF1BE31DB543F06
:1006E000DA390EBF03E4453F996722BFF304353F73
:1006F000F30435BF9967223F03E445BFDA390E3F63
:1007000031DB54BFEA5AF13E98C561BF15EFC33ED5
:100710005E836CBF31A0943E0BFA74BFC2C5473EE6
:10072000BE147BBF36BDC83D6DC47EBF0000000057
:100730000000803F2FFB483D0FB17F3F36BDC83DD5
:100740006DC47E3F8340163EAC3A7D3FC2C5473EF6
:10075000BE147B3FCCCF783EF853783F31A0943E17
:100760000BFA743FD47CAC3E0809713F15EFC33ED1
:100770005E836C3F80E8DA3ED86B673FEA5AF13E11
:1007800098C5613F3D9C033F1A945B3FDA390E3FA9
:1007900031DB543FC07F183F029F4D3F9967223F96
:1007A00003E4453F4AEB2B3FF9AE3D3FF304353FB1
:1007B000F304353FF9AE3D3F4AEB2B3F03E4453FA1
:1007C0009967223F029F4D3FC07F183F31DB543F66
:1007D000DA390E3F1A945B3F3D9C033F98C5613F59
:1007E000EA5AF13ED86B673F80E8DA3E5E836C3FA1
:1007F00015EFC33E0809713FD47CAC3E0BFA743F41
:1008000031A0943EF853783FCCCF783EBE147B3F66
:10081000C2C5473EAC3A7D3F8340163E6DC47E3F25
:1008200036BDC83D0FB17F3F2FFB483D0000803FE4
:10083000000000000FB17F3F2FFB48BD6DC47E3F1D
:1008400036BDC8BDAC3A7D3F834016BEBE147B3F6B
:10085000C2C547BEF853783FCCCF78BE0BFA743F81
:1008600031A094BE0809713FD47CACBE5E836C3F5E
:1008700015EFC3BED86B673F80E8DABE98C5613F0D
:10088000EA5AF1BE1A945B3F3D9C03BF31DB543FF3
:10089000DA390EBF029F4D3FC07F18BF03E4453FCA
:1008A000996722BFF9AE3D3F4AEB2BBFF304353FBA
:1008B000F30435BF4AEB2B3FF9AE3DBF9967223FAA
:1008C00003E445BFC07F183F029F4DBFDA390E3F9A
:1008D00031DB54BF3D9C033F1A945BBFEA5AF13EA3
:1008E00098C561BF80E8DA3ED86B67BF15EFC33E9D
:1008F0005E836CBFD47CAC3E080971BF31A0943ECE
:100900000BFA74BFCCCF783EF85378BFC2C5473ED0
:10091000BE147BBF8340163EAC3A7DBF36BDC83D9A
:100920006DC47EBF2FFB483D0FB17FBF00000000AC
:100930000000803FB00AC93C43EC7F3F2FFB483D9D
:100940000FB17F3F05A9963D6D4E7F3F36BDC83D37
:100950006DC47E3F73B2FA3D24137E3F8340163E42
:10096000AC3A7D3FA2102F3E283B7C3FC2C5473E9C
:10097000BE147B3F135C603E9DC7793FCCCF783E71
:10098000F853783F938E883E07BA763F31A0943E65
:100990000BFA743FE59AA03E4714733FD47CAC3EFB
:1009A0000809713F2A44B83E9ED86E3F15EFC33EFA
:1009B0005E836C3FCA7BCF3EA7096A3F80E8DA3E80
:1009C000D86B673F7533E63E59AA643FEA5AF13E59
:1009D00098C5613F275DFC3E05BE5E3F3D9C033FE1
:1009E0001A945B3F9BF5083F5348583FDA390E3F56
:1009F00031DB543F2A68133F3D4D513FC07F183FC4
:100A0000029F4D3FD17F1D3F12D1493F9967223F41
:100A100003E4453F5636273F70D8413F4AEB2B3F12
:100A2000F9AE3D3FBB85303F4268393FF304353F67
:100A3000F304353F4268393FBB85303FF9AE3D3F57
:100A40004AEB2B3F70D8413F5636273F03E4453FE2
:100A50009967223F12D1493FD17F1D3F029F4D3FF1
:100A6000C07F183F3D4D513F2A68133F31DB543F53
:100A7000DA390E3F5348583F9BF5083F1A945B3FC5
:100A80003D9C033F05BE5E3F275DFC3E98C5613F30
:100A9000EA5AF13E59AA643F7533E63ED86B673F88
:100AA00080E8DA3EA7096A3FCA7BCF3E5E836C3F8F
:100AB00015EFC33E9ED86E3F2A44B83E0809713FE9
:100AC000D47CAC3E4714733FE59AA03E0BFA743FCA
:100AD00031A0943E07BA763F938E883EF853783F14
:100AE000CCCF783E9DC7793F135C603EBE147B3F00
:100AF000C2C5473E283B7C3FA2102F3EAC3A7D3F0B
:100B00008340163E24137E3F73B2FA3D6DC47E3F90
:100B100036BDC83D6D4E7F3F05A9963D0FB17F3F65
:100B20002FFB483D43EC7F3FB00AC93C0000803FAB
:100B30000000000043EC7F3FB00AC9BC0FB17F3F0B
:100B40002FFB48BD6D4E7F3F05A996BD6DC47E3F0E
:100B500036BDC8BD24137E3F73B2FABDAC3A7D3FAB
:100B6000834016BE283B7C3FA2102FBEBE147B3FA5
:100B7000C2C547BE9DC7793F135C60BEF853783F3E
:100B8000CCCF78BE07BA763F938E88BE0BFA743FFF
:100B900031A094BE4714733FE59AA0BE0809713F87
:100BA000D47CACBE9ED86E3F2A44B8BE5E836C3FF8
:100BB00015EFC3BEA7096A3FCA7BCFBED86B673F9C
:100BC00080E8DABE59AA643F7533E6BE98C5613F36
:100BD000EA5AF1BE05BE5E3F275DFCBE1A945B3F3C
:100BE0003D9C03BF5348583F9BF508BF31DB543F42
:100BF000DA390EBF3D4D513F2A6813BF029F4D3F6A
:100C0000C07F18BF12D1493FD17F1DBF03E4453FCC
:100C1000996722BF70D8413F563627BFF9AE3D3F96
:100C20004AEB2BBF4268393FBB8530BFF304353FE9
:100C3000F30435BFBB85303F426839BF4AEB2B3FD9
:100C4000F9AE3DBF5636273F70D841BF9967223F66
:100C500003E445BFD17F1D3F12D149BFC07F183F7C
:100C6000029F4DBF2A68133F3D4D51BFDA390E3FF9
:100C700031DB54BF9BF5083F534858BF3D9C033FB1
:100C80001A945BBF275DFC3E05BE5EBFEA5AF13E8B
:100C900098C561BF7533E63E59AA64BF80E8DA3E65
:100CA000D86B67BFCA7BCF3EA7096ABF15EFC33EAB
:100CB0005E836CBF2A44B83E9ED86EBFD47CAC3EE7
:100CC000080971BFE59AA03E471473BF31A0943E56
:100CD0000BFA74BF938E883E07BA76BFCCCF783EAE
:100CE000F85378BF135C603E9DC779BFC2C5473ECD
:100CF000BE147BBFA2102F3E283B7CBF8340163E14
:100D0000AC3A7DBF73B2FA3D24137EBF36BDC83DF9
:100D10006DC47EBF05A9963D6D4E7FBF2FFB483D3C
:100D20000FB17FBFB00AC93C43EC7FBF0000000099
:100D30000000803F900E493C11FB7F3FB00AC93C48
:100D400043EC7F3F2CC3163D98D37F3F2FFB483D9C
:100D50000FB17F3F742B7B3DAB847F3F05A9963D50
:100D60006D4E7F3F80B6AF3D580E7F3F36BDC83DCC
:100D70006DC47E3F2EBCE13DB0707E3F73B2FA3D44
:100D800024137E3F86CF093ECCAB7D3F8340163E89
:100D9000AC3A7D3FB6AB223EC9BF7C3FA2102F3E8E
:100DA000283B7C3FCF6E3B3ECDAC7B3FC2C5473E30
:100DB000BE147B3F0115543E02737A3F135C603EC4
:100DC0009DC7793F7F9A6C3E9812793FCCCF783E91
:100DD000F853783FC07D823EC58B773F938E883E27
:100DE00007BA763F229A8E3EC6DE753F31A0943E0A
:100DF0000BFA743F86A09A3EDD0B743FE59AA03E45
:100E00004714733F128FA63E5213723FD47CAC3E00
:100E10000809713FEF63B23E73F56F3F2A44B83E55
:100E20009ED86E3F4A1DBE3E93B26D3F15EFC33E46
:100E30005E836C3F53B9C93E0C4B6B3FCA7BCF3EC0
:100E4000A7096A3F4136D53E3CBF683F80E8DA3E9D
:100E5000D86B673F4F92E03E880F663F7533E63EA2
:100E600059AA643FBBCBEB3E5A3C633FEA5AF13E82
:100E700098C5613FCBE0F63E2146603F275DFC3ED2
:100E800005BE5E3FE4E7003F532D5D3F3D9C033FC1
:100E90001A945B3F824B063F6AF2593F9BF5083F2D
:100EA0005348583F6B9A0B3FE595563FDA390E3F52
:100EB00031DB543FCDD3103F4918533F2A68133FCD
:100EC0003D4D513FD9F6153F1F7A4F3FC07F183F28
:100ED000029F4D3FC6021B3FF8BB4B3FD17F1D3FDA
:100EE00012D1493FCBF61F3F65DE473F9967223F4E
:100EF00003E4453F25D2243F00E2433F5636273FD7
:100F000070D8413F1594293F67C73F3F4AEB2B3FBD
:100F1000F9AE3D3FDE3B2E3F3B8F3B3FBB85303F35
:100F20004268393FC9C8323F233A373FF304353F5F
:100F3000F304353F233A373FC9C8323F4268393F4F
:100F4000BB85303F3B8F3B3FDE3B2E3FF9AE3D3F05
:100F50004AEB2B3F67C73F3F1594293F70D8413F6D
:100F60005636273F00E2433F25D2243F03E4453F66
:100F70009967223F65DE473FCBF61F3F12D1493FBD
:100F8000D17F1D3FF8BB4B3FC6021B3F029F4D3F29
:100F9000C07F183F1F7A4F3FD9F6153F3D4D513F57
:100FA0002A68133F4918533FCDD3103F31DB543FDC
:100FB000DA390E3FE595563F6B9A0B3F5348583F41
:100FC0009BF5083F6AF2593F824B063F1A945B3FFC
:100FD0003D9C033F532D5D3FE4E7003F05BE5E3F70
:100FE000275DFC3E2146603FCBE0F63E98C5613F61
:100FF000EA5AF13E5A3C633FBBCBEB3E59AA643FF1
:101000007533E63E880F663F4F92E03ED86B673FF0
:1010100080E8DA3E3CBF683F4136D53EA7096A3FCB
:10102000CA7BCF3E0C4B6B3F53B9C93E5E836C3FCE
:1010300015EFC33E93B26D3F4A1DBE3E9ED86E3F34
:101040002A44B83E73F56F3FEF63B23E0809713F23
:10105000D47CAC3E5213723F128FA63E4714733FAE
:10106000E59AA03EDD0B743F86A09A3E0BFA743FD2
:1010700031A0943EC6DE753F229A8E3E07BA763F77
:10108000938E883EC58B773FC07D823EF853783F74
:10109000CCCF783E9812793F7F9A6C3E9DC7793FBE
:1010A000135C603E02737A3F0115543EBE147B3FD1
:1010B000C2C5473ECDAC7B3FCF6E3B3E283B7C3F1D
:1010C000A2102F3EC9BF7C3FB6AB223EAC3A7D3F5B
:1010D0008340163ECCAB7D3F86CF093E24137E3F36
:1010E00073B2FA3DB0707E3F2EBCE13D6DC47E3FD1
:1010F00036BDC83D580E7F3F80B6AF3D6D4E7F3F39
:1011000005A9963DAB847F3F742B7B3D0FB17F3F9C
:101110002FFB483D98D37F3F2CC3163D43EC7F3FC8
:10112000B00AC93C11FB7F3F900E493C0000803F54
:101130000000000011FB7F3F900E49BC43EC7F3F55
:10114000B00AC9BC98D37F3F2CC316BD0FB17F3FF7
:101150002FFB48BDAB847F3F742B7BBD6D4E7F3F23
:1011600005A996BD580E7F3F80B6AFBD6DC47E3FCA
:1011700036BDC8BDB0707E3F2EBCE1BD24137E3F9E
:1011800073B2FABDCCAB7D3F86CF09BEAC3A7D3F92
:10119000834016BEC9BF7C3FB6AB22BE283B7C3F16
:1011A000A2102FBECDAC7B3FCF6E3BBEBE147B3FAB
:1011B000C2C547BE02737A3F011554BE9DC7793F31
:1011C000135C60BE9812793F7F9A6CBEF853783FEB
:1011D000CCCF78BEC58B773FC07D82BE07BA763F45
:1011E000938E88BEC6DE753F229A8EBE0BFA743F80
:1011F00031A094BEDD0B743F86A09ABE4714733FA6
:10120000E59AA0BE5213723F128FA6BE0809713F25
:10121000D47CACBE73F56F3FEF63B2BE9ED86E3F19
:101220002A44B8BE93B26D3F4A1DBEBE5E836C3F7A
:1012300015EFC3BE0C4B6B3F53B9C9BEA7096A3F3C
:10124000CA7BCFBE3CBF683F4136D5BED86B673F37
:1012500080E8DABE880F663F4F92E0BE59AA643F2D
:101260007533E6BE5A3C633FBBCBEBBE98C5613FCE
:10127000EA5AF1BE2146603FCBE0F6BE05BE5E3FB6
:10128000275DFCBE532D5D3FE4E700BF1A945B3F32
:101290003D9C03BF6AF2593F824B06BF5348583FFB
:1012A0009BF508BFE595563F6B9A0BBF31DB543F6A
:1012B000DA390EBF4918533FCDD310BF3D4D513FD2
:1012C0002A6813BF1F7A4F3FD9F615BF029F4D3FC3
:1012D000C07F18BFF8BB4B3FC6021BBF12D1493FAE
:1012E000D17F1DBF65DE473FCBF61FBF03E4453FFF
:1012F000996722BF00E2433F25D224BF70D8413F07
:10130000563627BF67C73F3F159429BFF9AE3D3F0B
:101310004AEB2BBF3B8F3B3FDE3B2EBF4268393F42
:10132000BB8530BF233A373FC9C832BFF304353FCE
:10133000F30435BFC9C8323F233A37BFBB85303FBE
:10134000426839BFDE3B2E3F3B8F3BBF4AEB2B3F12
:10135000F9AE3DBF1594293F67C73FBF5636273FBB
:1013600070D841BF25D2243F00E243BF9967223F96
:1013700003E445BFCBF61F3F65DE47BFD17F1D3F6E
:1013800012D149BFC6021B3FF8BB4BBFC07F183FFD
:10139000029F4DBFD9F6153F1F7A4FBF2A68133FF2
:1013A0003D4D51BFCDD3103F491853BFDA390E3FE1
:1013B00031DB54BF6B9A0B3FE59556BF9BF5083F59
:1013C000534858BF824B063F6AF259BF3D9C033FCA
:1013D0001A945BBFE4E7003F532D5DBF275DFC3EE1
:1013E00005BE5EBFCBE0F63E214660BFEA5AF13E45
:1013F00098C561BFBBCBEB3E5A3C63BF7533E63E3D
:1014000059AA64BF4F92E03E880F66BF80E8DA3E7B
:10141000D86B67BF4136D53E3CBF68BFCA7BCF3E65
:10142000A7096ABF53B9C93E0C4B6BBF15EFC33E4A
:101430005E836CBF4A1DBE3E93B26DBF2A44B83E68
:101440009ED86EBFEF63B23E73F56FBFD47CAC3EE7
:10145000080971BF128FA63E521372BFE59AA03ED3
:10146000471473BF86A09A3EDD0B74BF31A0943E33
:101470000BFA74BF229A8E3EC6DE75BF938E883EED
:1014800007BA76BFC07D823EC58B77BFCCCF783E92
:10149000F85378BF7F9A6C3E981279BF135C603E18
:1014A0009DC779BF0115543E02737ABFC2C5473E3E
:1014B000BE147BBFCF6E3B3ECDAC7BBFA2102F3E98
:1014C000283B7CBFB6AB223EC9BF7CBF8340163EE3
:1014D000AC3A7DBF86CF093ECCAB7DBF73B2FA3D3F
:1014E00024137EBF2EBCE13DB0707EBF36BDC83D2B
:1014F0006DC47EBF80B6AF3D580E7FBF05A9963D37
:101500006D4E7FBF742B7B3DAB847FBF2FFB483D6F
:101510000FB17FBF2CC3163D98D37FBFB00AC93C23
:1015200043EC7FBF900E493C11FB7FBF00000000E1
:101530000000803F890FC93BC4FE7F3F900E493CAD
:1015400011FB7F3FB6C9963CE6F47F3FB00AC93C29
:1015500043EC7F3FB949FB3C29E17F3F2CC3163D5B
:1015600098D37F3F07E02F3D8FC37F3F2FFB483D40
:101570000FB17F3F6814623D189C7F3F742B7B3D09
:10158000AB847F3F0A208A3DC76A7F3F05A9963D0D
:101590006D4E7F3F8C30A33D9D2F7F3F80B6AF3D8A
:1015A000580E7F3FC33ABC3D9DEA7E3F36BDC83DE5
:1015B0006DC47E3FB93DD53DC99B7E3F2EBCE13D0C
:1015C000B0707E3F7638EE3D23437E3F73B2FA3DE6
:1015D00024137E3F0295033EB1E07D3F86CF093E56
:1015E000CCAB7D3FB708103E74747D3F8340163E00
:1015F000AC3A7D3FDE761C3E73FE7C3FB6AB223EAE
:10160000C9BF7C3FFCDE283EB07E7C3FA2102F3E4F
:10161000283B7C3F9840353E31F57B3FCF6E3B3ECB
:10162000CDAC7B3F379B413EFC617B3FC2C5473E13
:10163000BE147B3F60EE4D3E16C57A3F0115543E09
:1016400002737A3F97395A3E841E7A3F135C603E9C
:101650009DC7793F667C663E4E6E793F7F9A6C3EB1
:101660009812793F51B6723E7BB4783FCCCF783E2A
:10167000F853783FE1E67E3E10F1773FC07D823E31
:10168000C58B773FCE86853E1724773F938E883E65
:1016900007BA763F07958B3E974D763F229A8E3E4E
:1016A000C6DE753FDD9D913E976D753F31A0943E3E
:1016B0000BFA743F17A1973E2284743F86A09A3E8E
:1016C000DD0B743F789E9D3E3F91733FE59AA03EAF
:1016D0004714733FC595A33EF894723F128FA63E00
:1016E0005213723FC486A93E578F713FD47CAC3EE3
:1016F0000809713F3A71AF3E6680703FEF63B23EBA
:1017000073F56F3FEC54B53E30686F3F2A44B83EE6
:101710009ED86E3FA031BB3EBE466E3F4A1DBE3EC8
:1017200093B26D3F1E07C13E1D1C6D3F15EFC33EBA
:101730005E836C3F29D5C63E58E86B3F53B9C93E1E
:101740000C4B6B3F8B9BCC3E7BAB6A3FCA7BCF3E47
:10175000A7096A3F095AD23E9165693F4136D53E95
:101760003CBF683F6B10D83EA816683F80E8DA3E61
:10177000D86B673F79BEDD3ECCBE663F4F92E03E00
:10178000880F663FFA63E33E0B5E653F7533E63EC6
:1017900059AA643FB700E93E73F4633FBBCBEB3E0D
:1017A0005A3C633F7994EE3E1082623FEA5AF13E22
:1017B00098C5613F071FF43EF206613FCBE0F63E5D
:1017C0002146603F2DA0F93E27835F3F275DFC3E09
:1017D00005BE5E3FB217FF3EBEF65D3FE4E7003F49
:1017E000532D5D3FB142023FC7615C3F3D9C033FCB
:1017F0001A945B3F84F4043F50C45A3F824B063F27
:101800006AF2593F36A1073F6A1E593F9BF5083FD0
:101810005348583FAD480A3F2670573F6B9A0B3FDD
:10182000E595563FD0EA0C3F93B9553FDA390E3F64
:1018300031DB543F84870F3FC3FA533FCDD3103F72
:101840004918533FB01E123FC633523F2A68133F18
:101850003D4D513F39B0143FAF64503FD9F6153F6D
:101860001F7A4F3F073C173F908D4E3FC07F183F78
:10187000029F4D3F00C2193F79AE4C3FC6021B3F4D
:10188000F8BB4B3F0C421C3F7FC74A3FD17F1D3FF7
:1018900012D1493F12BC1E3FB3D8483FCBF61F3F81
:1018A00065DE473FF92F213F2AE2463F9967223FF5
:1018B00003E4453FA99D233FF5E3443F25D2243F60
:1018C00000E2433F0A05263F29DE423F5636273FC6
:1018D00070D8413F0566283FDAD0403F1594293F34
:1018E00067C73F3F82C02A3F1BBC3E3F4AEB2B3FAE
:1018F000F9AE3D3F69142D3F03A03C3FDE3B2E3F38
:101900003B8F3B3FA5612F3FA47C3A3FBB85303FD7
:101910004268393F1DA8313F1652383FC9C8323F8F
:10192000233A373FBCE7333F6C20363FF304353F63
:10193000F304353F6C20363FBCE7333F233A373F53
:10194000C9C8323F1652383F1DA8313F4268393F5F
:10195000BB85303FA47C3A3FA5612F3F3B8F3B3F87
:10196000DE3B2E3F03A03C3F69142D3FF9AE3D3FC7
:101970004AEB2B3F1BBC3E3F82C02A3F67C73F3F1D
:101980001594293FDAD0403F0566283F70D8413F83
:101990005636273F29DE423F0A05263F00E2433FF5
:1019A00025D2243FF5E3443FA99D233F03E4453F6F
:1019B0009967223F2AE2463FF92F213F65DE473FE4
:1019C000CBF61F3FB3D8483F12BC1E3F12D1493F50
:1019D000D17F1D3F7FC74A3F0C421C3FF8BB4B3FA6
:1019E000C6021B3F79AE4C3F00C2193F029F4D3FDC
:1019F000C07F183F908D4E3F073C173F1F7A4F3FE7
:101A0000D9F6153FAF64503F39B0143F3D4D513FBB
:101A10002A68133FC633523FB01E123F4918533F46
:101A2000CDD3103FC3FA533F84870F3F31DB543F80
:101A3000DA390E3F93B9553FD0EA0C3FE595563F52
:101A40006B9A0B3F2670573FAD480A3F5348583FAB
:101A50009BF5083F6A1E593F36A1073F6AF2593F7E
:101A6000824B063F50C45A3F84F4043F1A945B3FB4
:101A70003D9C033FC7615C3FB142023F532D5D3F38
:101A8000E4E7003FBEF65D3FB217FF3E05BE5E3F96
:101A9000275DFC3E27835F3F2DA0F93E2146603F36
:101AA000CBE0F63EF206613F071FF43E98C5613F6A
:101AB000EA5AF13E1082623F7994EE3E5A3C633F0F
:101AC000BBCBEB3E73F4633FB700E93E59AA643FDA
:101AD0007533E63E0B5E653FFA63E33E880F663F73
:101AE0004F92E03ECCBE663F79BEDD3ED86B673F8D
:101AF00080E8DA3EA816683F6B10D83E3CBF683FCE
:101B00004136D53E9165693F095AD23EA7096A3FE1
:101B1000CA7BCF3E7BAB6A3F8B9BCC3E0C4B6B3F73
:101B200053B9C93E58E86B3F29D5C63E5E836C3F2A
:101B300015EFC33E1D1C6D3F1E07C13E93B26D3FA6
:101B40004A1DBE3EBE466E3FA031BB3E9ED86E3F94
:101B50002A44B83E30686F3FEC54B53E73F56F3F92
:101B6000EF63B23E6680703F3A71AF3E0809713F45
:101B7000D47CAC3E578F713FC486A93E5213723F4E
:101B8000128FA63EF894723FC595A33E4714733F4B
:101B9000E59AA03E3F91733F789E9D3EDD0B743FDA
:101BA00086A09A3E2284743F17A1973E0BFA743F99
:101BB00031A0943E976D753FDD9D913EC6DE753F29
:101BC000229A8E3E974D763F07958B3E07BA763F19
:101BD000938E883E1724773FCE86853EC58B773F10
:101BE000C07D823E10F1773FE1E67E3EF853783FBC
:101BF000CCCF783E7BB4783F51B6723E9812793F95
:101C00007F9A6C3E4E6E793F667C663E9DC7793FFB
:101C1000135C603E841E7A3F97395A3E02737A3FC6
:101C20000115543E16C57A3F60EE4D3EBE147B3F13
:101C3000C2C5473EFC617B3F379B413ECDAC7B3FFD
:101C4000CF6E3B3E31F57B3F9840353E283B7C3F95
:101C5000A2102F3EB07E7C3FFCDE283EC9BF7C3FF9
:101C6000B6AB223E73FE7C3FDE761C3EAC3A7D3F37
:101C70008340163E74747D3FB708103ECCAB7D3F69
:101C800086CF093EB1E07D3F0295033E24137E3F9F
:101C900073B2FA3D23437E3F7638EE3DB0707E3F0F
:101CA0002EBCE13DC99B7E3FB93DD53D6DC47E3F15
:101CB00036BDC83D9DEA7E3FC33ABC3D580E7F3FCE
:101CC00080B6AF3D9D2F7F3F8C30A33D6D4E7F3F53
:101CD00005A9963DC76A7F3F0A208A3DAB847F3FB6
:101CE000742B7B3D189C7F3F6814623D0FB17F3F92
:101CF0002FFB483D8FC37F3F07E02F3D98D37F3FA9
:101D00002CC3163D29E17F3FB949FB3C43EC7F3FA3
:101D1000B00AC93CE6F47F3FB6C9963C11FB7F3F51
:101D2000900E493CC4FE7F3F890FC93B0000803FB5
:101D300000000000C4FE7F3F890FC9BB11FB7F3F3D
:101D4000900E49BCE6F47F3FB6C996BC43EC7F3F9A
:101D5000B00AC9BC29E17F3FB949FBBC98D37F3F9A
:101D60002CC316BD8FC37F3F07E02FBD0FB17F3F50
:101D70002FFB48BD189C7F3F681462BDAB847F3F3A
:101D8000742B7BBDC76A7F3F0A208ABD6D4E7F3FA3
:101D900005A996BD9D2F7F3F8C30A3BD580E7F3F78
:101DA00080B6AFBD9DEA7E3FC33ABCBD6DC47E3FE9
:101DB00036BDC8BDC99B7E3FB93DD5BDB0707E3F25
:101DC0002EBCE1BD23437E3F7638EEBD24137E3F1B
:101DD00073B2FABDB1E07D3F029503BECCAB7D3F4F
:101DE00086CF09BE74747D3FB70810BEAC3A7D3F04
:101DF000834016BE73FE7C3FDE761CBEC9BF7C3FAF
:101E0000B6AB22BEB07E7C3FFCDE28BE283B7C3FCA
:101E1000A2102FBE31F57B3F984035BECDAC7B3F45
:101E2000CF6E3BBEFC617B3F379B41BEBE147B3F08
:101E3000C2C547BE16C57A3F60EE4DBE02737A3FFB
:101E4000011554BE841E7A3F97395ABE9DC7793F0B
:101E5000135C60BE4E6E793F667C66BE9812793F19
:101E60007F9A6CBE7BB4783F51B672BEF853783F10
:101E7000CCCF78BE10F1773FE1E67EBEC58B773FD1
:101E8000C07D82BE1724773FCE8685BE07BA763FD7
:101E9000938E88BE974D763F07958BBEC6DE753F05
:101EA000229A8EBE976D753FDD9D91BE0BFA743FF1
:101EB00031A094BE2284743F17A197BEDD0B743FFE
:101EC00086A09ABE3F91733F789E9DBE4714733F94
:101ED000E59AA0BEF894723FC595A3BE5213723F17
:101EE000128FA6BE578F713FC486A9BE0809713FE5
:101EF000D47CACBE6680703F3A71AFBE73F56F3F65
:101F0000EF63B2BE30686F3FEC54B5BE9ED86E3FF3
:101F10002A44B8BEBE466E3FA031BBBE93B26D3FF1
:101F20004A1DBEBE1D1C6D3F1E07C1BE5E836C3FB9
:101F300015EFC3BE58E86B3F29D5C6BE0C4B6B3FAF
:101F400053B9C9BE7BAB6A3F8B9BCCBEA7096A3F26
:101F5000CA7BCFBE9165693F095AD2BE3CBF683F7C
:101F60004136D5BEA816683F6B10D8BED86B673F08
:101F700080E8DABECCBE663F79BEDDBE880F663F24
:101F80004F92E0BE0B5E653FFA63E3BE59AA643F21
:101F90007533E6BE73F4633FB700E9BE5A3C633F56
:101FA000BBCBEBBE1082623F7994EEBE98C5613F19
:101FB000EA5AF1BEF206613F071FF4BE2146603FB8
:101FC000CBE0F6BE27835F3F2DA0F9BE05BE5E3F86
:101FD000275DFCBEBEF65D3FB217FFBE532D5D3FD1
:101FE000E4E700BFC7615C3FB14202BF1A945B3FA8
:101FF0003D9C03BF50C45A3F84F404BF6AF2593F6A
:10200000824B06BF6A1E593F36A107BF5348583F4F
:102010009BF508BF2670573FAD480ABFE595563F70
:102020006B9A0BBF93B9553FD0EA0CBF31DB543FDD
:10203000DA390EBFC3FA533F84870FBF4918533FA5
:10204000CDD310BFC633523FB01E12BF3D4D513FDE
:102050002A6813BFAF64503F39B014BF1F7A4F3F97
:10206000D9F615BF908D4E3F073C17BF029F4D3FDD
:10207000C07F18BF79AE4C3F00C219BFF8BB4B3FC1
:10208000C6021BBF7FC74A3F0C421CBF12D1493F4B
:10209000D17F1DBFB3D8483F12BC1EBF65DE473F8E
:1020A000CBF61FBF2AE2463FF92F21BF03E4453F8D
:1020B000996722BFF5E3443FA99D23BF00E2433F58
:1020C00025D224BF29DE423F0A0526BF70D8413FF2
:1020D000563627BFDAD0403F056628BF67C73F3F67
:1020E000159429BF1BBC3E3F82C02ABFF9AE3D3FBD
:1020F0004AEB2BBF03A03C3F69142DBF3B8F3B3FF6
:10210000DE3B2EBFA47C3A3FA5612FBF4268393F1A
:10211000BB8530BF1652383F1DA831BF233A373F29
:10212000C9C832BF6C20363FBCE733BFF304353F2C
:10213000F30435BFBCE7333F6C2036BFC9C8323F1C
:10214000233A37BF1DA8313F165238BFBB85303FF9
:10215000426839BFA5612F3FA47C3ABFDE3B2E3FCA
:102160003B8F3BBF69142D3F03A03CBF4AEB2B3F85
:10217000F9AE3DBF82C02A3F1BBC3EBF1594293F2C
:1021800067C73FBF0566283FDAD040BF5636273FB6
:1021900070D841BF0A05263F29DE42BF25D2243F21
:1021A00000E243BFA99D233FF5E344BF9967223F67
:1021B00003E445BFF92F213F2AE246BFCBF61F3F7C
:1021C00065DE47BF12BC1E3FB3D848BFD17F1D3F5D
:1021D00012D149BF0C421C3F7FC74ABFC6021B3FFA
:1021E000F8BB4BBF00C2193F79AE4CBFC07F183F50
:1021F000029F4DBF073C173F908D4EBFD9F6153F4C
:102200001F7A4FBF39B0143FAF6450BF2A68133FE5
:102210003D4D51BFB01E123FC63352BFCDD3103F0C
:10222000491853BF84870F3FC3FA53BFDA390E3FB3
:1022300031DB54BFD0EA0C3F93B955BF6B9A0B3FCB
:10224000E59556BFAD480A3F267057BF9BF5083F3E
:10225000534858BF36A1073F6A1E59BF824B063FFD
:102260006AF259BF84F4043F50C45ABF3D9C033FF7
:102270001A945BBFB142023FC7615CBFE4E7003F15
:10228000532D5DBFB217FF3EBEF65DBF275DFC3E1E
:1022900005BE5EBF2DA0F93E27835FBFCBE0F63EB3
:1022A000214660BF071FF43EF20661BFEA5AF13EC5
:1022B00098C561BF7994EE3E108262BFBBCBEB3E06
:1022C0005A3C63BFB700E93E73F463BF7533E63E23
:1022D00059AA64BFFA63E33E0B5E65BF4F92E03ECE
:1022E000880F66BF79BEDD3ECCBE66BF80E8DA3EB1
:1022F000D86B67BF6B10D83EA81668BF4136D53E75
:102300003CBF68BF095AD23E916569BFCA7BCF3EC8
:10231000A7096ABF8B9BCC3E7BAB6ABF53B9C93E52
:102320000C4B6BBF29D5C63E58E86BBF15EFC33EBB
:102330005E836CBF1E07C13E1D1C6DBF4A1DBE3EA5
:1023400093B26DBFA031BB3EBE466EBF2A44B83EBD
:102350009ED86EBFEC54B53E30686FBFEF63B23E9F
:1023600073F56FBF3A71AF3E668070BFD47CAC3EF0
:10237000080971BFC486A93E578F71BF128FA63E50
:10238000521372BFC595A33EF89472BFE59AA03E62
:10239000471473BF789E9D3E3F9173BF86A09A3EBF
:1023A000DD0B74BF17A1973E228474BF31A0943E09
:1023B0000BFA74BFDD9D913E976D75BF229A8E3EDC
:1023C000C6DE75BF07958B3E974D76BF938E883ED0
:1023D00007BA76BFCE86853E172477BFC07D823E82
:1023E000C58B77BFE1E67E3E10F177BFCCCF783E5C
:1023F000F85378BF51B6723E7BB478BF7F9A6C3E7B
:10240000981279BF667C663E4E6E79BF135C603E63
:102410009DC779BF97395A3E841E7ABF0115543E35
:1024200002737ABF60EE4D3E16C57ABFC2C5473E05
:10243000BE147BBF379B413EFC617BBFCF6E3B3EF2
:10244000CDAC7BBF9840353E31F57BBFA2102F3E0F
:10245000283B7CBFFCDE283EB07E7CBFB6AB223E74
:10246000C9BF7CBFDE761C3E73FE7CBF8340163E38
:10247000AC3A7DBFB708103E74747DBF86CF093E6D
:10248000CCAB7DBF0295033EB1E07DBF73B2FA3D98
:1024900024137EBF7638EE3D23437EBF2EBCE13D44
:1024A000B0707EBFB93DD53DC99B7EBF36BDC83D2E
:1024B0006DC47EBFC33ABC3D9DEA7EBF80B6AF3DD2
:1024C000580E7FBF8C30A33D9D2F7FBF05A9963D41
:1024D0006D4E7FBF0A208A3DC76A7FBF742B7B3D4C
:1024E000AB847FBF6814623D189C7FBF2FFB483DC3
:1024F0000FB17FBF07E02F3D8FC37FBF2CC3163DB9
:1025000098D37FBFB949FB3C29E17FBFB00AC93CE2
:1025100043EC7FBFB6C9963CE6F47FBF900E493CC2
:1025200011FB7FBF890FC93BC4FE7FBF00000000C5
:102530000000803FC70F493BB1FF7F3F890FC93B78
:10254000C4FE7F3F59CB163C39FD7F3F900E493C7E
:1025500011FB7F3F4B517B3C4AF87F3FB6C9963C0D
:10256000E6F47F3F69EAAF3CE3F07F3FB00AC93C45
:1025700043EC7F3F7B2AE23C05E77F3FB949FB3CC8
:1025800029E17F3F2F340A3DAFDA7F3F2CC3163D50
:1025900098D37F3FCC51233DE2CB7F3F07E02F3DD7
:1025A0008FC37F3FD56D3C3D9EBA7F3F2FFB483D9B
:1025B0000FB17F3F0E88553DE3A67F3F6814623D13
:1025C000189C7F3F38A06E3DB1907F3F742B7B3DC0
:1025D000AB847F3F0ADB833D08787F3F0A208A3D3A
:1025E000C76A7F3FB464903DE95C7F3F05A9963D93
:1025F0006D4E7F3FF9EC9C3D543F7F3F8C30A33DB7
:102600009D2F7F3FBA73A93D491F7F3F80B6AF3DE5
:10261000580E7F3FDAF8B53DC9FC7E3FC33ABC3D5A
:102620009DEA7E3F397CC23DD4D77E3F36BDC83D52
:102630006DC47E3FB7FDCE3D69B07E3FB93DD53D0F
:10264000C99B7E3F377DDB3D8B867E3F2EBCE13DC7
:10265000B0707E3F9AFAE73D385A7E3F7638EE3DBD
:1026600023437E3FC075F43D722B7E3F73B2FA3D2B
:1026700024137E3F4577003E38FA7D3F0295033EA6
:10268000B1E07D3F6EB2063E8CC67D3F86CF093EEF
:10269000CCAB7D3F4AEC0C3E6E907D3FB708103EC0
:1026A00074747D3FCA24133EDE577D3F8340163E3F
:1026B000AC3A7D3FE05B193EDD1C7D3FDE761C3E83
:1026C00073FE7C3F7B911F3E6CDF7C3FB6AB223EAE
:1026D000C9BF7C3F8CC5253E8A9F7C3FFCDE283EDF
:1026E000B07E7C3F04F82B3E3A5D7C3FA2102F3E2B
:1026F000283B7C3FD428323E7A187C3F9840353EB8
:1027000031F57B3FEC57383E4DD17B3FCF6E3B3EA2
:10271000CDAC7B3F3E853E3EB2877B3F379B413E03
:10272000FC617B3FB9B0443EAB3B7B3FC2C5473EFB
:10273000BE147B3F4FDA4A3E37ED7A3F60EE4D3EA6
:1027400016C57A3FF101513E599C7A3F0115543E1E
:1027500002737A3F8F27573E10497A3F97395A3E86
:10276000841E7A3F1A4B5D3E5EF3793F135C603EF8
:102770009DC7793F836C633E439B793F667C663E91
:102780004E6E793FBA8B693EC040793F7F9A6C3E6E
:102790009812793FB2A86F3ED6E3783F51B6723EA9
:1027A0007BB4783F5AC3753E8684783FCCCF783E61
:1027B000F853783FA4DB7B3ED122783FE1E67E3EB2
:1027C00010F1773FC0F8803EB7BE773FC07D823EB4
:1027D000C58B773F7002843E3A58773FCE86853E60
:1027E0001724773FDA0A873E5BEF763F938E883E69
:1027F00007BA763FF8118A3E1B84763F07958B3ED9
:10280000974D763FC0178D3E7A16763F229A8E3EC0
:10281000C6DE753F2C1C903E7BA6753FDD9D913E2C
:10282000976D753F351F933E1D34753F31A0943E23
:102830000BFA743FD220963E62BF743F17A1973EB9
:102840002284743FFE20993E4B48743F86A09A3EF6
:10285000DD0B743FAF1F9C3ED9CE733F789E9D3EEB
:102860003F91733FDF1C9F3E0E53733FE59AA03E9E
:102870004714733F8718A23EEBD4723FC595A33E21
:10288000F894723F9F12A53E7054723F128FA63E7D
:102890005213723F1F0BA83E9FD1713FC486A93EC1
:1028A000578F713F0102AB3E7A4C713FD47CAC3EF6
:1028B0000809713F3CF7AD3E02C5703F3A71AF3E2B
:1028C0006680703FCBEAB03E373B703FEF63B23E6D
:1028D00073F56F3FA5DCB33E1BAF6F3FEC54B53EC5
:1028E00030686F3FC3CCB63EB0206F3F2A44B83E3D
:1028F0009ED86E3F1EBBB93EF88F6E3FA031BB3EE7
:10290000BE466E3FAFA7BC3EF2FC6D3F4A1DBE3EC9
:1029100093B26D3F6F92BF3EA1676D3F1E07C13EF0
:102920001D1C6D3F557BC23E07D06C3F15EFC33E6B
:102930005E836C3F5C62C53E24366C3F29D5C63E43
:1029400058E86B3F7C47C83EFB996B3F53B9C93E83
:102950000C4B6B3FAE2ACB3E8CFB6A3F8B9BCC3E35
:102960007BAB6A3FEA0BCE3ED95A6A3FCA7BCF3E69
:10297000A7096A3F2AEBD03EE4B7693F095AD23E25
:102980009165693F67C8D33EAE12693F4136D53E77
:102990003CBF683F99A3D63E396B683F6B10D83E69
:1029A000A816683FB97CD93E87C1673F80E8DA3E08
:1029B000D86B673FC153DC3E9915673F79BEDD3E5A
:1029C000CCBE663FA928DF3E7167663F4F92E03E6E
:1029D000880F663F6AFBE13E10B7653FFA63E33E4E
:1029E0000B5E653FFECBE43E7904653F7533E63E02
:1029F00059AA643F5D9AE73EAC4F643FB700E93E99
:102A000073F4633F8166EA3EAC98633FBBCBEB3E19
:102A10005A3C633F6330ED3E7BDF623F7994EE3E8C
:102A20001082623FFBF7EF3E1A24623FEA5AF13E02
:102A300098C5613F43BDF23E8A66613F071FF43E81
:102A4000F206613F3580F53ECFA6603FCBE0F63E13
:102A50002146603FC840F83EE9E45F3F2DA0F93EC3
:102A600027835F3FF7FEFA3EDB205F3F275DFC3E9A
:102A700005BE5E3FBBBAFD3EA65A5E3FB217FF3EA3
:102A8000BEF65D3F063A003F4D925D3FE4E7003FF2
:102A9000532D5D3F7395013FD1C75C3FB142023F6B
:102AA000C7615C3F9FEF023F34FB5B3F3D9C033FB0
:102AB0001A945B3F8948043F792C5B3F84F4043FC0
:102AC00050C45A3F2CA0053FA05B5A3F824B063FA3
:102AD0006AF2593F86F6063FAD88593F36A1073F57
:102AE0006A1E593F924B083FA1B3583F9BF5083FE0
:102AF0005348583F4E9F093F7FDC573FAD480A3F40
:102B00002670573FB7F10A3F4803573F6B9A0B3F78
:102B1000E595563FC9420C3FFE27563FD0EA0C3F91
:102B200093B9553F81920D3FA44A553FDA390E3F84
:102B300031DB543FDBE00E3F3B6B543F84870F3F5C
:102B4000C3FA533FD52D103FC789533FCDD3103F14
:102B50004918533F6B79113F49A6523FB01E123FAF
:102B6000C633523F9AC3123FC2C0513F2A68133F37
:102B70003D4D513F5F0C143F37D9503F39B0143FA2
:102B8000AF64503FB753153FA8EF4F3FD9F6153FFD
:102B90001F7A4F3F9F99163F17044F3F073C173F3F
:102BA000908D4E3F12DE173F89164E3FC07F183F73
:102BB000029F4D3F0F21193FFD264D3F00C2193F97
:102BC00079AE4C3F93621A3F78354C3FC6021B3FAB
:102BD000F8BB4B3F99A21B3FFA414B3F0C421C3FB5
:102BE0007FC74A3F1FE11C3F874C4A3FD17F1D3FB3
:102BF00012D1493F221E1E3F2155493F12BC1E3FA4
:102C0000B3D8483F9F591F3FCA5B483FCBF61F3F91
:102C100065DE473F9393203F8560473FF92F213F73
:102C20002AE2463FFBCB213F5463463F9967223F50
:102C300003E4453FD302233F3964453FA99D233F29
:102C4000F5E3443F1A38243F3763443F25D2243FFD
:102C500000E2433FCB6B253F5160433F0A05263FCF
:102C600029DE423FE39D263F895B423F5636273FA0
:102C700070D8413F61CE273FE154413F0566283F70
:102C8000DAD0403F41FD283F5C4C403F1594293F3E
:102C900067C73F3F802A2A3FFC413F3F82C02A3F0F
:102CA0001BBC3E3F1B562B3FC5353E3F4AEB2B3FDF
:102CB000F9AE3D3F0F802C3FB8273D3F69142D3FB3
:102CC00003A03C3F59A82D3FD9173C3FDE3B2E3F88
:102CD0003B8F3B3FF7CE2E3F29063B3FA5612F3F61
:102CE000A47C3A3FE6F32F3FACF2393FBB85303F3F
:102CF0004268393F2217313F65DD383F1DA8313F1B
:102D00001652383FAA38323F55C6373FC9C8323FFE
:102D1000233A373F7A58333F7FAD363FBCE7333FE6
:102D20006C20363F8F76343FE792353FF304353FD2
:102D3000F304353FE792353F8F76343F6C20363FC2
:102D4000BCE7333F7FAD363F7A58333F233A373FB6
:102D5000C9C8323F55C6373FAA38323F1652383FAE
:102D60001DA8313F65DD383F2217313F4268393FAA
:102D7000BB85303FACF2393FE6F32F3FA47C3A3FAE
:102D8000A5612F3F29063B3FF7CE2E3F3B8F3B3FB0
:102D9000DE3B2E3FD9173C3F59A82D3F03A03C3FB7
:102DA00069142D3FB8273D3F0F802C3FF9AE3D3FC2
:102DB0004AEB2B3FC5353E3F1B562B3F1BBC3E3FCE
:102DC00082C02A3FFC413F3F802A2A3F67C73F3FDE
:102DD0001594293F5C4C403F41FD283FDAD0403FED
:102DE0000566283FE154413F61CE273F70D8413FFF
:102DF0005636273F895B423FE39D263F29DE423F0F
:102E00000A05263F5160433FCB6B253F00E2433F1D
:102E100025D2243F3763443F1A38243FF5E3443F2B
:102E2000A99D233F3964453FD302233F03E4453F37
:102E30009967223F5463463FFBCB213F2AE2463F3E
:102E4000F92F213F8560473F9393203F65DE473F41
:102E5000CBF61F3FCA5B483F9F591F3FB3D8483F3F
:102E600012BC1E3F2155493F221E1E3F12D1493F31
:102E7000D17F1D3F874C4A3F1FE11C3F7FC74A3F20
:102E80000C421C3FFA414B3F99A21B3FF8BB4B3F02
:102E9000C6021B3F78354C3F93621A3F79AE4C3FD8
:102EA00000C2193FFD264D3F0F21193F029F4D3FA4
:102EB000C07F183F89164E3F12DE173F908D4E3F60
:102EC000073C173F17044F3F9F99163F1F7A4F3F0C
:102ED000D9F6153FA8EF4F3FB753153FAF64503FAA
:102EE00039B0143F37D9503F5F0C143F3D4D513F2F
:102EF0002A68133FC2C0513F9AC3123FC633523FA4
:102F0000B01E123F49A6523F6B79113F4918533FFB
:102F1000CDD3103FC789533FD52D103FC3FA533F40
:102F200084870F3F3B6B543FDBE00E3F31DB543F68
:102F3000DA390E3FA44A553F81920D3F93B9553F70
:102F4000D0EA0C3FFE27563FC9420C3FE595563F5D
:102F50006B9A0B3F4803573FB7F10A3F2670573F24
:102F6000AD480A3F7FDC573F4E9F093F5348583FCB
:102F70009BF5083FA1B3583F924B083F6A1E593F4B
:102F800036A1073FAD88593F86F6063F6AF2593FA2
:102F9000824B063FA05B5A3F2CA0053F50C45A3FCE
:102FA00084F4043F792C5B3F8948043F1A945B3FCB
:102FB0003D9C033F34FB5B3F9FEF023FC7615C3F9B
:102FC000B142023FD1C75C3F7395013F532D5D3F36
:102FD000E4E7003F4D925D3F063A003FBEF65D3F9D
:102FE000B217FF3EA65A5E3FBBBAFD3E05BE5E3F2E
:102FF000275DFC3EDB205F3FF7FEFA3E27835F3F05
:103000002DA0F93EE9E45F3FC840F83E2146603F0D
:10301000CBE0F63ECFA6603F3580F53EF206613F3D
:10302000071FF43E8A66613F43BDF23E98C5613F8B
:10303000EA5AF13E1A24623FFBF7EF3E1082623FEC
:103040007994EE3E7BDF623F6330ED3E5A3C633F56
:10305000BBCBEB3EAC98633F8166EA3E73F4633FC3
:10306000B700E93EAC4F643F5D9AE73E59AA643F22
:103070007533E63E7904653FFECBE43E0B5E653F6B
:10308000FA63E33E10B7653F6AFBE13E880F663F97
:103090004F92E03E7167663FA928DF3ECCBE663F97
:1030A00079BEDD3E9915673FC153DC3ED86B673F63
:1030B00080E8DA3E87C1673FB97CD93EA816683FF1
:1030C0006B10D83E396B683F99A3D63E3CBF683F32
:1030D0004136D53EAE12693F67C8D33E9165693F20
:1030E000095AD23EE4B7693F2AEBD03EA7096A3FAE
:1030F000CA7BCF3ED95A6A3FEA0BCE3E7BAB6A3FD2
:103100008B9BCC3E8CFB6A3FAE2ACB3E0C4B6B3F7D
:1031100053B9C93EFB996B3F7C47C83E58E86B3FAB
:1031200029D5C63E24366C3F5C62C53E5E836C3F4B
:1031300015EFC33E07D06C3F557BC23E1D1C6D3F53
:103140001E07C13EA1676D3F6F92BF3E93B26D3FB8
:103150004A1DBE3EF2FC6D3FAFA7BC3EBE466E3F71
:10316000A031BB3EF88F6E3F1EBBB93E9ED86E3F6E
:103170002A44B83EB0206F3FC3CCB63E30686F3FA4
:10318000EC54B53E1BAF6F3FA5DCB33E73F56F3F0C
:10319000EF63B23E373B703FCBEAB03E6680703F94
:1031A0003A71AF3E02C5703F3CF7AD3E0809713F32
:1031B000D47CAC3E7A4C713F0102AB3E578F713FDD
:1031C000C486A93E9FD1713F1F0BA83E5213723F88
:1031D000128FA63E7054723F9F12A53EF894723F24
:1031E000C595A33EEBD4723F8718A23E4714733FA8
:1031F000E59AA03E0E53733FDF1C9F3E3F91733F05
:10320000789E9D3ED9CE733FAF1F9C3EDD0B743F31
:1032100086A09A3E4B48743FFE20993E2284743F1C
:1032200017A1973E62BF743FD220963E0BFA743FBF
:1032300031A0943E1D34753F351F933E976D753F09
:10324000DD9D913E7BA6753F2C1C903EC6DE753FF2
:10325000229A8E3E7A16763FC0178D3E974D763F66
:1032600007958B3E1B84763FF8118A3E07BA763F5E
:10327000938E883E5BEF763FDA0A873E1724773FCE
:10328000CE86853E3A58773F7002843EC58B773FA5
:10329000C07D823EB7BE773FC0F8803E10F1773FD9
:1032A000E1E67E3ED122783FA4DB7B3EF853783FB7
:1032B000CCCF783E8684783F5AC3753E7BB4783F46
:1032C00051B6723ED6E3783FB2A86F3E9812793F6E
:1032D0007F9A6C3EC040793FBA8B693E4E6E793F13
:1032E000667C663E439B793F836C633E9DC7793F16
:1032F000135C603E5EF3793F1A4B5D3E841E7A3F5D
:1033000097395A3E10497A3F8F27573E02737A3FCA
:103310000115543E599C7A3FF101513E16C57A3F42
:1033200060EE4D3E37ED7A3F4FDA4A3EBE147B3FAA
:10333000C2C5473EAB3B7B3FB9B0443EFC617B3FDF
:10334000379B413EB2877B3F3E853E3ECDAC7B3FC7
:10335000CF6E3B3E4DD17B3FEC57383E31F57B3F46
:103360009840353E7A187C3FD428323E283B7C3F3B
:10337000A2102F3E3A5D7C3F04F82B3EB07E7C3F8E
:10338000FCDE283E8A9F7C3F8CC5253EC9BF7C3F22
:10339000B6AB223E6CDF7C3F7B911F3E73FE7C3FD1
:1033A000DE761C3EDD1C7D3FE05B193EAC3A7D3F86
:1033B0008340163EDE577D3FCA24133E74747D3F22
:1033C000B708103E6E907D3F4AEC0C3ECCAB7D3F83
:1033D00086CF093E8CC67D3F6EB2063EB1E07D3F92
:1033E0000295033E38FA7D3F4577003E24137E3F29
:1033F00073B2FA3D722B7E3FC075F43D23437E3F8E
:103400007638EE3D385A7E3F9AFAE73DB0707E3FFF
:103410002EBCE13D8B867E3F377DDB3DC99B7E3FE9
:10342000B93DD53D69B07E3FB7FDCE3D6DC47E3F11
:1034300036BDC83DD4D77E3F397CC23D9DEA7E3F34
:10344000C33ABC3DC9FC7E3FDAF8B53D580E7F3F1C
:1034500080B6AF3D491F7F3FBA73A93D9D2F7F3F87
:103460008C30A33D543F7F3FF9EC9C3D6D4E7F3F38
:1034700005A9963DE95C7F3FB464903DC76A7F3FF4
:103480000A208A3D08787F3F0ADB833DAB847F3F7B
:10349000742B7B3DB1907F3F38A06E3D189C7F3FE1
:1034A0006814623DE3A67F3F0E88553D0FB17F3F14
:1034B0002FFB483D9EBA7F3FD56D3C3D8FC37F3F7C
:1034C00007E02F3DE2CB7F3FCC51233D98D37F3F98
:1034D0002CC3163DAFDA7F3F2F340A3D29E17F3FF1
:1034E000B949FB3C05E77F3F7B2AE23C43EC7F3F49
:1034F000B00AC93CE3F07F3F69EAAF3CE6F47F3FA6
:10350000B6C9963C4AF87F3F4B517B3C11FB7F3F4D
:10351000900E493C39FD7F3F59CB163CC4FE7F3F9E
:10352000890FC93BB1FF7F3FC70F493B0000803F78
:1035300000000000B1FF7F3FC70F49BBC4FE7F3FC3
:10354000890FC9BB39FD7F3F59CB16BC11FB7F3FAB
:10355000900E49BC4AF87F3F4B517BBCE6F47F3F5D
:10356000B6C996BCE3F07F3F69EAAFBC43EC7F3F4E
:10357000B00AC9BC05E77F3F7B2AE2BC29E17F3F57
:10358000B949FBBCAFDA7F3F2F340ABD98D37F3FE8
:103590002CC316BDE2CB7F3FCC5123BD8FC37F3FF1
:1035A00007E02FBD9EBA7F3FD56D3CBD0FB17F3F79
:1035B0002FFB48BDE3A67F3F0E8855BD189C7F3F7B
:1035C000681462BDB1907F3F38A06EBDAB847F3F71
:1035D000742B7BBD08787F3F0ADB83BDC76A7F3FC2
:1035E0000A208ABDE95C7F3FB46490BD6D4E7F3F89
:1035F00005A996BD543F7F3FF9EC9CBD9D2F7F3FB1
:103600008C30A3BD491F7F3FBA73A9BD580E7F3FC1
:1036100080B6AFBDC9FC7E3FDAF8B5BD9DEA7E3FFE
:10362000C33ABCBDD4D77E3F397CC2BD6DC47E3F9A
:1036300036BDC8BD69B07E3FB7FDCEBDC99B7E3FDC
:10364000B93DD5BD8B867E3F377DDBBDB0707E3FFB
:103650002EBCE1BD385A7E3F9AFAE7BD23437E3F38
:103660007638EEBD722B7E3FC075F4BD24137E3FCD
:1036700073B2FABD38FA7D3F457700BEB1E07D3FB9
:10368000029503BE8CC67D3F6EB206BECCAB7D3FBD
:1036900086CF09BE6E907D3F4AEC0CBE74747D3FB0
:1036A000B70810BEDE577D3FCA2413BEAC3A7D3F3B
:1036B000834016BEDD1C7D3FE05B19BE73FE7C3F80
:1036C000DE761CBE6CDF7C3F7B911FBEC9BF7C3F9A
:1036D000B6AB22BE8A9F7C3F8CC525BEB07E7C3FA8
:1036E000FCDE28BE3A5D7C3F04F82BBE283B7C3FC5
:1036F000A2102FBE7A187C3FD42832BE31F57B3F12
:10370000984035BE4DD17B3FEC5738BECDAC7B3FAA
:10371000CF6E3BBEB2877B3F3E853EBEFC617B3FAA
:10372000379B41BEAB3B7B3FB9B044BEBE147B3F31
:10373000C2C547BE37ED7A3F4FDA4ABE16C57A3F5B
:1037400060EE4DBE599C7A3FF10151BE02737A3F43
:10375000011554BE10497A3F8F2757BE841E7A3F09
:1037600097395ABE5EF3793F1A4B5DBE9DC7793FCC
:10377000135C60BE439B793F836C63BE4E6E793FA2
:10378000667C66BEC040793FBA8B69BE9812793FAD
:103790007F9A6CBED6E3783FB2A86FBE7BB4783F09
:1037A00051B672BE8684783F5AC375BEF853783FCF
:1037B000CCCF78BED122783FA4DB7BBE10F1773F1F
:1037C000E1E67EBEB7BE773FC0F880BEC58B773FCF
:1037D000C07D82BE3A58773F700284BE1724773F7F
:1037E000CE8685BE5BEF763FDA0A87BE07BA763FA4
:1037F000938E88BE1B84763FF8118ABE974D763F24
:1038000007958BBE7A16763FC0178DBEC6DE753F14
:10381000229A8EBE7BA6753F2C1C90BE976D753F7D
:10382000DD9D91BE1D34753F351F93BE0BFA743F6D
:1038300031A094BE62BF743FD22096BE2284743FF2
:1038400017A197BE4B48743FFE2099BEDD0B743F15
:1038500086A09ABED9CE733FAF1F9CBE3F91733FE7
:10386000789E9DBE0E53733FDF1C9FBE4714733F6F
:10387000E59AA0BEEBD4723F8718A2BEF894723FBF
:10388000C595A3BE7054723F9F12A5BE5213723FDE
:10389000128FA6BE9FD1713F1F0BA8BE578F713FDD
:1038A000C486A9BE7A4C713F0102ABBE0809713FC4
:1038B000D47CACBE02C5703F3CF7ADBE6680703FA5
:1038C0003A71AFBE373B703FCBEAB0BE73F56F3F86
:1038D000EF63B2BE1BAF6F3FA5DCB3BE30686F3F76
:1038E000EC54B5BEB0206F3FC3CCB6BE9ED86E3F81
:1038F0002A44B8BEF88F6E3F1EBBB9BEBE466E3FAF
:10390000A031BBBEF2FC6D3FAFA7BCBE93B26D3F12
:103910004A1DBEBEA1676D3F6F92BFBE1D1C6D3FAD
:103920001E07C1BE07D06C3F557BC2BE5E836C3F95
:1039300015EFC3BE24366C3F5C62C5BE58E86B3FD2
:1039400029D5C6BEFB996B3F7C47C8BE0C4B6B3F6D
:1039500053B9C9BE8CFB6A3FAE2ACBBE7BAB6A3F74
:103960008B9BCCBED95A6A3FEA0BCEBEA7096A3FF1
:10397000CA7BCFBEE4B7693F2AEBD0BE9165693FF1
:10398000095AD2BEAE12693F67C8D3BE3CBF683F7A
:103990004136D5BE396B683F99A3D6BEA816683F9D
:1039A0006B10D8BE87C1673FB97CD9BED86B673F63
:1039B00080E8DABE9915673FC153DCBECCBE663FD6
:1039C00079BEDDBE7167663FA928DFBE880F663FFE
:1039D0004F92E0BE10B7653F6AFBE1BE0B5E653FEC
:1039E000FA63E3BE7904653FFECBE4BE59AA643FA7
:1039F0007533E6BEAC4F643F5D9AE7BE73F4633F38
:103A0000B700E9BEAC98633F8166EABE5A3C633FAB
:103A1000BBCBEBBE7BDF623F6330EDBE1082623F0B
:103A20007994EEBE1A24623FFBF7EFBE98C5613F62
:103A3000EA5AF1BE8A66613F43BDF2BEF206613FBB
:103A4000071FF4BECFA6603F3580F5BE2146603F1C
:103A5000CBE0F6BEE9E45F3FC840F8BE27835F3F96
:103A60002DA0F9BEDB205F3FF7FEFABE05BE5E3F2C
:103A7000275DFCBEA65A5E3FBBBAFDBEBEF65D3FEB
:103A8000B217FFBE4D925D3F063A00BF532D5D3F1A
:103A9000E4E700BFD1C75C3F739501BFC7615C3FDE
:103AA000B14202BF34FB5B3F9FEF02BF1A945B3F02
:103AB0003D9C03BF792C5B3F894804BF50C45A3FEB
:103AC00084F404BFA05B5A3F2CA005BF6AF2593FA3
:103AD000824B06BFAD88593F86F606BF6A1E593F26
:103AE00036A107BFA1B3583F924B08BF5348583F78
:103AF0009BF508BF7FDC573F4E9F09BF2670573F9D
:103B0000AD480ABF4803573FB7F10ABFE595563F96
:103B10006B9A0BBFFE27563FC9420CBF93B9553F66
:103B2000D0EA0CBFA44A553F81920DBF31DB543F10
:103B3000DA390EBF3B6B543FDBE00EBFC3FA533F95
:103B400084870FBFC789533FD52D10BF4918533FF6
:103B5000CDD310BF49A6523F6B7911BFC633523F38
:103B6000B01E12BFC2C0513F9AC312BF3D4D513F5C
:103B70002A6813BF37D9503F5F0C14BFAF64503F62
:103B800039B014BFA8EF4F3FB75315BF1F7A4F3F4F
:103B9000D9F615BF17044F3F9F9916BF908D4E3F22
:103BA000073C17BF89164E3F12DE17BF029F4D3FDD
:103BB000C07F18BFFD264D3F0F2119BF79AE4C3F86
:103BC00000C219BF78354C3F93621ABFF8BB4B3F18
:103BD000C6021BBFFA414B3F99A21BBF7FC74A3F9A
:103BE0000C421CBF874C4A3F1FE11CBF12D1493F0A
:103BF000D17F1DBF2155493F221E1EBFB3D8483F6C
:103C000012BC1EBFCA5B483F9F591FBF65DE473FBE
:103C1000CBF61FBF8560473F939320BF2AE2463F04
:103C2000F92F21BF5463463FFBCB21BF03E4453F3F
:103C3000996722BF3964453FD30223BFF5E3443F70
:103C4000A99D23BF3763443F1A3824BF00E2433F96
:103C500025D224BF5160433FCB6B25BF29DE423FB5
:103C60000A0526BF895B423FE39D26BF70D8413FCE
:103C7000563627BFE154413F61CE27BFDAD0403FDF
:103C8000056628BF5C4C403F41FD28BF67C73F3FEA
:103C9000159429BFFC413F3F802A2ABF1BBC3E3FF1
:103CA00082C02ABFC5353E3F1B562BBFF9AE3D3FF4
:103CB0004AEB2BBFB8273D3F0F802CBF03A03C3FF2
:103CC00069142DBFD9173C3F59A82DBF3B8F3B3FEF
:103CD000DE3B2EBF29063B3FF7CE2EBFA47C3A3FEA
:103CE000A5612FBFACF2393FE6F32FBF4268393FE1
:103CF000BB8530BF65DD383F221731BF1652383FD4
:103D00001DA831BF55C6373FAA3832BF233A373FC7
:103D1000C9C832BF7FAD363F7A5833BF6C20363FBB
:103D2000BCE733BFE792353F8F7634BFF304353FAE
:103D3000F30435BF8F76343FE79235BFBCE7333F9E
:103D40006C2036BF7A58333F7FAD36BFC9C8323F8B
:103D5000233A37BFAA38323F55C637BF1DA8313F77
:103D6000165238BF2217313F65DD38BFBB85303F63
:103D7000426839BFE6F32F3FACF239BFA5612F3F50
:103D8000A47C3ABFF7CE2E3F29063BBFDE3B2E3F39
:103D90003B8F3BBF59A82D3FD9173CBF69142D3F1E
:103DA00003A03CBF0F802C3FB8273DBF4AEB2B3F01
:103DB000F9AE3DBF1B562B3FC5353EBF82C02A3FE3
:103DC0001BBC3EBF802A2A3FFC413FBF1594293FC0
:103DD00067C73FBF41FD283F5C4C40BF0566283F99
:103DE000DAD040BF61CE273FE15441BF5636273F6E
:103DF00070D841BFE39D263F895B42BF0A05263F3D
:103E000029DE42BFCB6B253F516043BF25D2243F03
:103E100000E243BF1A38243F376344BFA99D233FC4
:103E2000F5E344BFD302233F396445BF9967223F7E
:103E300003E445BFFBCB213F546346BFF92F213F2D
:103E40002AE246BF9393203F856047BFCBF61F3FD2
:103E500065DE47BF9F591F3FCA5B48BF12BC1E3F6C
:103E6000B3D848BF221E1E3F215549BFD17F1D3FF9
:103E700012D149BF1FE11C3F874C4ABF0C421C3F77
:103E80007FC74ABF99A21B3FFA414BBFC6021B3FE7
:103E9000F8BB4BBF93621A3F78354CBF00C2193F45
:103EA00079AE4CBF0F21193FFD264DBFC07F183F93
:103EB000029F4DBF12DE173F89164EBF073C173FCA
:103EC000908D4EBF9F99163F17044FBFD9F6153FEF
:103ED0001F7A4FBFB753153FA8EF4FBF39B0143FFC
:103EE000AF6450BF5F0C143F37D950BF2A68133FEF
:103EF0003D4D51BF9AC3123FC2C051BFB01E123FC9
:103F0000C63352BF6B79113F49A652BFCDD3103F84
:103F1000491853BFD52D103FC78953BF84870F3F22
:103F2000C3FA53BFDBE00E3F3B6B54BFDA390E3FA1
:103F300031DB54BF81920D3FA44A55BFD0EA0C3FFC
:103F400093B955BFC9420C3FFE2756BF6B9A0B3F32
:103F5000E59556BFB7F10A3F480357BFAD480A3F42
:103F6000267057BF4E9F093F7FDC57BF9BF5083F28
:103F7000534858BF924B083FA1B358BF36A1073FE3
:103F80006A1E59BF86F6063FAD8859BF824B063F71
:103F90006AF259BF2CA0053FA05B5ABF84F4043FCE
:103FA00050C45ABF8948043F792C5BBF3D9C033FF6
:103FB0001A945BBF9FEF023F34FB5BBFB142023FED
:103FC000C7615CBF7395013FD1C75CBFE4E7003FA9
:103FD000532D5DBF063A003F4D925DBFB217FF3EC5
:103FE000BEF65DBFBBBAFD3EA65A5EBF275DFC3E76
:103FF00005BE5EBFF7FEFA3EDB205FBF2DA0F93E97
:1040000027835FBFC840F83EE9E45FBFCBE0F63EE0
:10401000214660BF3580F53ECFA660BF071FF43E46
:10402000F20661BF43BDF23E8A6661BFEA5AF13EC5
:1040300098C561BFFBF7EF3E1A2462BF7994EE3E4C
:10404000108262BF6330ED3E7BDF62BFBBCBEB3ED5
:104050005A3C63BF8166EA3EAC9863BFB700E93E55
:1040600073F463BF5D9AE73EAC4F64BF7533E63EC1
:1040700059AA64BFFECBE43E790465BFFA63E33E10
:104080000B5E65BF6AFBE13E10B765BF4F92E03E35
:10409000880F66BFA928DF3E716766BF79BEDD3E27
:1040A000CCBE66BFC153DC3E991567BF80E8DA3EDF
:1040B000D86B67BFB97CD93E87C167BF6B10D83E4C
:1040C000A81668BF99A3D63E396B68BF4136D53E66
:1040D0003CBF68BF67C8D33EAE1269BF095AD23E23
:1040E000916569BF2AEBD03EE4B769BFCA7BCF3E7A
:1040F000A7096ABFEA0BCE3ED95A6ABF8B9BCC3E5A
:104100007BAB6ABFAE2ACB3E8CFB6ABF53B9C93EBC
:104110000C4B6BBF7C47C83EFB996BBF29D5C63E95
:1041200058E86BBF5C62C53E24366CBF15EFC33EDA
:104130005E836CBF557BC23E07D06CBF1E07C13E7D
:104140001D1C6DBF6F92BF3EA1676DBF4A1DBE3E75
:1041500093B26DBFAFA7BC3EF2FC6DBFA031BB3EBA
:10416000BE466EBF1EBBB93EF88F6EBF2A44B83E36
:104170009ED86EBFC3CCB63EB0206FBFEC54B53EE8
:1041800030686FBFA5DCB33E1BAF6FBFEF63B23EBD
:1041900073F56FBFCBEAB03E373B70BF3A71AF3EAD
:1041A000668070BF3CF7AD3E02C570BFD47CAC3EAC
:1041B000080971BF0102AB3E7A4C71BFC486A93EAB
:1041C000578F71BF1F0BA83E9FD171BF128FA63EA4
:1041D000521372BF9F12A53E705472BFC595A33E85
:1041E000F89472BF8718A23EEBD472BFE59AA03E46
:1041F000471473BFDF1C9F3E0E5373BF789E9D3ED6
:104200003F9173BFAF1F9C3ED9CE73BF86A09A3E2D
:10421000DD0B74BFFE20993E4B4874BF17A1973E3B
:10422000228474BFD220963E62BF74BF31A0943EF8
:104230000BFA74BF351F933E1D3475BFDD9D913E53
:10424000976D75BF2C1C903E7BA675BF229A8E3E43
:10425000C6DE75BFC0178D3E7A1676BF07958B3EBA
:10426000974D76BFF8118A3E1B8476BF938E883EA9
:1042700007BA76BFDA0A873E5BEF76BFCE86853E09
:10428000172477BF7002843E3A5877BFC07D823EC4
:10429000C58B77BFC0F8803EB7BE77BFE1E67E3EF4
:1042A00010F177BFA4DB7B3ED12278BFCCCF783E24
:1042B000F85378BF5AC3753E868478BF51B6723EB4
:1042C0007BB478BFB2A86F3ED6E378BF7F9A6C3ECE
:1042D000981279BFBA8B693EC04079BF667C663E52
:1042E0004E6E79BF836C633E439B79BF135C603E27
:1042F0009DC779BF1A4B5D3E5EF379BF97395A3E31
:10430000841E7ABF8F27573E10497ABF0115543E4D
:1043100002737ABFF101513E599C7ABF60EE4D3E67
:1043200016C57ABF4FDA4A3E37ED7ABFC2C5473E5F
:10433000BE147BBFB9B0443EAB3B7BBF379B413E15
:10434000FC617BBF3E853E3EB2877BBFCF6E3B3E6E
:10435000CDAC7BBFEC57383E4DD17BBF9840353E4E
:1043600031F57BBFD428323E7A187CBFA2102F3E95
:10437000283B7CBF04F82B3E3A5D7CBFFCDE283E28
:10438000B07E7CBF8CC5253E8A9F7CBFB6AB223EEB
:10439000C9BF7CBF7B911F3E6CDF7CBFDE761C3EBD
:1043A00073FE7CBFE05B193EDD1C7DBF8340163E83
:1043B000AC3A7DBFCA24133EDE577DBFB708103E1E
:1043C00074747DBF4AEC0C3E6E907DBF86CF093E73
:1043D000CCAB7DBF6EB2063E8CC67DBF0295033E60
:1043E000B1E07DBF4577003E38FA7DBF73B2FA3D3C
:1043F00024137EBFC075F43D722B7EBF7638EE3D30
:1044000023437EBF9AFAE73D385A7EBF2EBCE13D7A
:10441000B0707EBF377DDB3D8B867EBFB93DD53D1D
:10442000C99B7EBFB7FDCE3D69B07EBF36BDC83DDE
:104430006DC47EBF397CC23DD4D77EBFC33ABC3D7C
:104440009DEA7EBFDAF8B53DC9FC7EBF80B6AF3DC0
:10445000580E7FBFBA73A93D491F7FBF8C30A33D63
:104460009D2F7FBFF9EC9C3D543F7FBF05A9963D32
:104470006D4E7FBFB464903DE95C7FBF0A208A3DEA
:10448000C76A7FBF0ADB833D08787FBF742B7B3D03
:10449000AB847FBF38A06E3DB1907FBF6814623D92
:1044A000189C7FBF0E88553DE3A67FBF2FFB483D7C
:1044B0000FB17FBFD56D3C3D9EBA7FBF07E02F3D5A
:1044C0008FC37FBFCC51233DE2CB7FBF2CC3163DB2
:1044D00098D37FBF2F340A3DAFDA7FBFB949FB3C89
:1044E00029E17FBF7B2AE23C05E77FBFB00AC93CD8
:1044F00043EC7FBF69EAAF3CE3F07FBFB6C9963CAF
:10450000E6F47FBF4B517B3C4AF87FBF900E493C9D
:1045100011FB7FBF59CB163C39FD7FBF890FC93BCB
:10452000C4FE7FBFC70F493BB1FF7FBF0000000043
:104530000000803FD40FC93AECFF7F3FC70F493BD3
:10454000B1FF7F3FC1CB963B4EFF7F3F890FC93BF9
:10455000C4FE7F3F3053FB3B13FE7F3F59CB163CDD
:1045600039FD7F3F02ED2F3C39FC7F3F900E493CE7
:1045700011FB7F3F0030623CC1F97F3F4B517B3CD8
:104580004AF87F3F38398A3CACF67F3FB6C9963C43
:10459000E6F47F3F1C5AA33CF8F27F3F69EAAF3C48
:1045A000E3F07F3F9B7ABC3CA7EE7F3FB00AC93C5B
:1045B00043EC7F3FA69AD53CB8E97F3F7B2AE23C9B
:1045C00005E77F3F2DBAEE3C2BE47F3FB949FB3C2A
:1045D00029E17F3F90EC033D00DE7F3F2F340A3D11
:1045E000AFDA7F3FB87B103D37D77F3F2CC3163DF6
:1045F00098D37F3F880A1D3DD1CF7F3FCC51233DCB
:10460000E2CB7F3FF698293DCCC77F3F07E02F3DA7
:104610008FC37F3FFC26363D2ABF7F3FD56D3C3D93
:104620009EBA7F3F91B4423DEAB57F3F2FFB483DA4
:104630000FB17F3FAF414F3D0DAC7F3F0E88553DE1
:10464000E3A67F3F4CCE5B3D91A17F3F6814623D66
:10465000189C7F3F625A683D78967F3F38A06E3D38
:10466000B1907F3FE9E5743DC28A7F3F742B7B3D6B
:10467000AB847F3F6CB8803D6D7E7F3F0ADB833D1E
:1046800008787F3F94FD863D7B717F3F0A208A3DFD
:10469000C76A7F3F6A428D3DEC637F3FB464903DC3
:1046A000E95C7F3FE786933DBF557F3F05A9963D77
:1046B0006D4E7F3F0ACB993DF4467F3FF9EC9C3D20
:1046C000543F7F3FCF0EA03D8D377F3F8C30A33DC1
:1046D0009D2F7F3F3052A63D87277F3FBA73A93D6C
:1046E000491F7F3F2B95AC3DE4167F3F80B6AF3D21
:1046F000580E7F3FBBD7B23DA4057F3FDAF8B53DEA
:10470000C9FC7E3FDD19B93DC7F37E3FC33ABC3DCE
:104710009DEA7E3F8D5BBF3D4CE17E3F397CC23DD3
:10472000D4D77E3FC69CC53D34CE7E3F36BDC83D06
:104730006DC47E3F86DDCB3D7FBA7E3FB7FDCE3D6B
:1047400069B07E3FC81DD23D2DA67E3FB93DD53D07
:10475000C99B7E3F895DD83D3D917E3F377DDB3DE6
:104760008B867E3FC49CDE3DB17B7E3F2EBCE13D0F
:10477000B0707E3F76DBE43D88657E3F9AFAE73D88
:10478000385A7E3F9A19EB3DC14E7E3F7638EE3D5A
:1047900023437E3F2E57F13D5E377E3FC075F43D8B
:1047A000722B7E3F2C94F73D5E1F7E3F73B2FA3D25
:1047B00024137E3F92D0FD3DC2067E3F4577003EEA
:1047C00038FA7D3F2E06023E88ED7D3F0295033E7E
:1047D000B1E07D3FC223053EB2D37D3F6EB2063EBF
:1047E0008CC67D3F0541083E40B97D3F86CF093EDE
:1047F000CCAB7D3FF35D0B3E309E7D3F4AEC0C3EE3
:104800006E907D3F8B7A0E3E85827D3FB708103ECD
:1048100074747D3FCC96113E3D667D3FCA24133EA5
:10482000DE577D3FB2B2143E59497D3F8340163E6C
:10483000AC3A7D3F3DCE173ED82B7D3FE05B193E25
:10484000DD1C7D3F6BE91A3EBC0D7D3FDE761C3ED4
:1048500073FE7C3F38041E3E03EF7C3F7B911F3E7E
:104860006CDF7C3FA51E213EAECF7C3FB6AB223E27
:10487000C9BF7C3FAD38243EBDAF7C3F8CC5253ED3
:104880008A9F7C3F5152273E318F7C3FFCDE283E81
:10489000B07E7C3F8D6B2A3E086E7C3F04F82B3E39
:1048A0003A5D7C3F61842D3E444C7C3FA2102F3EFC
:1048B000283B7C3FC99C303EE5297C3FD428323ED2
:1048C0007A187C3FC4B4333EE9067C3F9840353EBD
:1048D00031F57B3F50CC363E53E37B3FEC57383EBF
:1048E0004DD17B3F6CE3393E20BF7B3FCF6E3B3EDB
:1048F000CDAC7B3F15FA3C3E539A7B3F3E853E3E16
:10490000B2877B3F4910403EEA747B3F379B413E74
:10491000FC617B3F0726433EE74E7B3FB9B0443EF8
:10492000AB3B7B3F4D3B463E48287B3FC2C5473EA5
:10493000BE147B3F1850493E0E017B3F4FDA4A3E82
:1049400037ED7A3F67644C3E3AD97A3F60EE4D3E90
:1049500016C57A3F38784F3ECBB07A3FF101513ED1
:10496000599C7A3F898B523EC1877A3F0115543E4C
:1049700002737A3F589E553E1C5E7A3F8F27573E02
:1049800010497A3FA4B0583EDD337A3F97395A3EFA
:10499000841E7A3F6AC25B3E04097A3F1A4B5D3E31
:1049A0005EF3793FA8D35E3E91DD793F135C603EB4
:1049B0009DC7793F5CE4613E83B1793F836C633E80
:1049C000439B793F86F4643EDC84793F667C663E97
:1049D0004E6E793F2204683E9A57793FBA8B693E02
:1049E000C040793F2F136B3EBF29793F7F9A6C3EC1
:1049F0009812793FAB216E3E4AFB783FB2A86F3EDA
:104A0000D6E3783F942F713E3BCC783F51B6723E4F
:104A10007BB4783FE83C743E939C783F5AC3753E24
:104A20008684783FA649773E526C783FCCCF783E5B
:104A3000F853783FCB557A3E773B783FA4DB7B3EFB
:104A4000D122783F56617D3E040A783FE1E67E3E02
:104A500010F1773F2236803EF7D7773FC0F8803E8F
:104A6000B7BE773F4ABB813E51A5773FC07D823EAE
:104A7000C58B773F2240833E1372773F7002843E9E
:104A80003A58773FAAC4843E3C3E773FCE86853E67
:104A90001724773FDF48863ECC09773FDA0A873E06
:104AA0005BEF763FC1CC873EC4D4763F938E883E81
:104AB00007BA763F5050893E249F763FF8118A3ED0
:104AC0001B84763F8AD38A3EEC68763F07958B3EFF
:104AD000974D763F6E568C3E1B32763FC0178D3E0B
:104AE0007A16763FFCD88D3EB3FA753F229A8E3EF9
:104AF000C6DE753F325B8F3EB3C2753F2C1C903EC5
:104B00007BA6753F10DD903E1C8A753FDD9D913E72
:104B1000976D753F945E923EED50753F351F933E05
:104B20001D34753FBFDF933E2717753F31A0943E7C
:104B30000BFA743F8D60953EC9DC743FD220963EDF
:104B400062BF743F00E1963ED5A1743F17A1973E26
:104B50002284743F1661983E4966743FFE20993E58
:104B60004B48743FCEE0993E272A743F86A09A3E78
:104B7000DD0B743F27609B3E6EED733FAF1F9C3E85
:104B8000D9CE733F20DF9C3E1FB0733F789E9D3E81
:104B90003F91733FB85D9E3E3972733FDF1C9F3E6D
:104BA0000E53733FEEDB9F3EBE33733FE59AA03E4C
:104BB0004714733FC259A13EACF4723F8718A23E1E
:104BC000EBD4723F33D7A23E04B5723FC595A33EE6
:104BD000F894723F3F54A43EC774723F9F12A53EA3
:104BE0007054723FE5D0A53EF433723F128FA63E5B
:104BF0005213723F254DA73E8CF2713F1F0BA83E0A
:104C00009FD1713FFEC8A83E8EB0713FC486A93EB9
:104C1000578F713F6F44AA3EFB6D713F0102AB3E5F
:104C20007A4C713F77BFAB3ED42A713FD47CAC3E07
:104C30000809713F153AAD3E17E7703F3CF7AD3EAE
:104C400002C5703F49B4AE3EC6A2703F3A71AF3E56
:104C50006680703F102EB03EE15D703FCBEAB03E03
:104C6000373B703F6BA7B13E6718703FEF63B23EB2
:104C700073F56F3F5820B33E5AD26F3FA5DCB33E69
:104C80001BAF6F3FD698B43EB88B6F3FEC54B53E28
:104C900030686F3FE610B63E83446F3FC3CCB63EEC
:104CA000B0206F3F8488B73EBAFC6E3F2A44B83EBE
:104CB0009ED86E3FB2FFB83E5DB46E3F1EBBB93E9C
:104CC000F88F6E3F6E76BA3E6D6B6E3FA031BB3E85
:104CD000BE466E3FB6ECBB3EEB216E3FAFA7BC3E7F
:104CE000F2FC6D3F8B62BD3ED5D76D3F4A1DBE3E87
:104CF00093B26D3FEBD7BE3E2D8D6D3F6F92BF3EA1
:104D0000A1676D3FD54CC03EF2416D3F1E07C13ECD
:104D10001D1C6D3F48C1C13E24F66C3F557BC23E11
:104D200007D06C3F4435C33EC5A96C3F15EFC33E69
:104D30005E836C3FC8A8C43ED45C6C3F5C62C53ED9
:104D400024366C3FD21BC63E500F6C3F29D5C63E61
:104D500058E86B3F628EC73E3BC16B3F7C47C83E05
:104D6000FB996B3F7700C93E95726B3F53B9C93EC3
:104D70000C4B6B3F1072CA3E5E236B3FAE2ACB3E9C
:104D80008CFB6A3F2CE3CB3E95D36A3F8B9BCC3E9A
:104D90007BAB6A3FCA53CD3E3C836A3FEA0BCE3EB3
:104DA000D95A6A3FEAC3CE3E52326A3FCA7BCF3EEF
:104DB000A7096A3F8A33D03ED7E0693F2AEBD03E4D
:104DC000E4B7693FAAA2D13ECC8E693F095AD23ED0
:104DD0009165693F4811D33E323C693F67C8D33E75
:104DE000AE12693F647FD43E07E9683F4136D53E45
:104DF0003CBF683FFDECD53E4C95683F99A3D63E3D
:104E0000396B683F135AD73E0341683F6B10D83E59
:104E1000A816683FA3C6D83E2AEC673FB97CD93EA6
:104E200087C1673FAD32DA3EC196673F80E8DA3E20
:104E3000D86B673F319EDB3ECA40673FC153DC3EC3
:104E40009915673F2E09DD3E45EA663F79BEDD3E96
:104E5000CCBE663FA273DE3E3093663FA928DF3E9C
:104E60007167663F8DDDDF3E8E3B663F4F92E03ED1
:104E7000880F663FEE46E13E5EE3653F6AFBE13E3A
:104E800010B7653FC4AFE23EA08A653FFA63E33ED8
:104E90000B5E653F0E18E43E5431653FFECBE43EA9
:104EA0007904653FCB7FE53E7BD7643F7533E63EB3
:104EB00059AA643FFBE6E63E147D643F5D9AE73EF7
:104EC000AC4F643F9C4DE83E2122643FB700E93E71
:104ED00073F4633FAEB3E93EA1C6633F8166EA3E29
:104EE000AC98633F3019EB3E956A633FBBCBEB3E1A
:104EF0005A3C633F217EEC3EFC0D633F6330ED3E48
:104F00007BDF623F80E2ED3ED7B0623F7994EE3EB8
:104F10001082623F4C46EF3E2653623FFBF7EF3E66
:104F20001A24623F85A9F03EEAF4613FEA5AF13E55
:104F300098C5613F290CF23E2296613F43BDF23E87
:104F40008A66613F386EF33ED036613F071FF43EFC
:104F5000F206613FB1CFF43EF2D6603F3580F53EB8
:104F6000CFA6603F9330F63E8976603FCBE0F63EB9
:104F70002146603FDC90F73E9615603FC840F83E02
:104F8000E9E45F3F8EF0F83E19B45F3F2DA0F93E93
:104F900027835F3FA54FFA3E12525F3FF7FEFA3E6E
:104FA000DB205F3F22AEFB3E81EF5E3F275DFC3E94
:104FB00005BE5E3F040CFD3E678C5E3FBBBAFD3E06
:104FC000A65A5E3F4A69FE3EC3285E3FB217FF3EC7
:104FD000BEF65D3FF3C5FF3E97C45D3F063A003F16
:104FE0004D925D3FFF90003FE15F5D3FE4E7003F92
:104FF000532D5D3FB53E013FA3FA5C3F7395013FE2
:10500000D1C75C3F1CEC013FDD945C3FB142023FE5
:10501000C7615C3F3299023F8E2E5C3F9FEF023F9B
:1050200034FB5B3FF845033FB8C75B3F3D9C033F04
:105030001A945B3F6DF2033F5A605B3F8948043F1F
:10504000792C5B3F919E043F75F85A3F84F4043FEE
:1050500050C45A3F624A053F09905A3F2CA0053F71
:10506000A05B5A3FE2F5053F16275A3F824B063FA9
:105070006AF2593F0EA1063F9CBD593F86F6063F96
:10508000AD88593FE84B073F9C53593F36A1073F36
:105090006A1E593F6FF6073F17E9583F924B083F8A
:1050A000A1B3583FA1A0083F0B7E583F9BF5083F96
:1050B0005348583F7F4A093F7912583F4E9F093F56
:1050C0007FDC573F09F4093F63A6573FAD480A3FCD
:1050D0002670573F3D9D0A3FC739573FB7F10A3FFA
:1050E0004803573F1C460B3FA7CC563F6B9A0B3FDC
:1050F000E595563FA5EE0B3F025F563FC9420C3F78
:10510000FE27563FD7960C3FD9F0553FD0EA0C3FCB
:1051100093B9553FB33E0D3F2C82553F81920D3FD1
:10512000A44A553F38E60D3FFB12553FDA390E3F92
:1051300031DB543F658D0E3F47A3543FDBE00E3F0C
:105140003B6B543F3B340F3F0F33543F84870F3F3B
:10515000C3FA533FB8DA0F3F55C2533FD52D103F26
:10516000C789533FDC80103F1851533FCDD3103FC8
:105170004918533FA726113F59DF523F6B79113F22
:1051800049A6523F19CC113F186D523FB01E123F35
:10519000C633523F3071123F54FA513F9AC3123F07
:1051A000C2C0513FEE15133F1087513F2A68133F8D
:1051B0003D4D513F50BA133F4A13513F5F0C143FCE
:1051C00037D9503F585E143F039F503F39B0143FCA
:1051D000AF64503F0402153F3B2A503FB753153F81
:1051E000A8EF4F3F54A5153FF4B44F3FD9F6153FF4
:1051F0001F7A4F3F4748163F2B3F4F3F9F99163F1F
:1052000017044F3FDFEA163FE4C84E3F073C173F05
:10521000908D4E3F188D173F1C524E3F12DE173FA8
:1052200089164E3FF52E183FD5DA4D3FC07F183F07
:10523000029F4D3F73D0183F10634D3F0F21193F20
:10524000FD264D3F9471193FCBEA4C3F00C2193FF8
:1052500079AE4C3F55121A3F08724C3F93621A3F89
:1052600078354C3FB8B21A3FC7F84B3FC6021B3FD8
:10527000F8BB4B3FBB521B3F097F4B3F99A21B3FE3
:10528000FA414B3F5FF21B3FCC044B3F0C421C3FAB
:105290007FC74A3FA2911C3F138A4A3F1FE11C3F30
:1052A000874C4A3F84301D3FDC0E4A3FD17F1D3F73
:1052B00012D1493F06CF1D3F2993493F221E1E3F71
:1052C0002155493F266D1E3FFA16493F12BC1E3F2D
:1052D000B3D8483FE50A1F3F4E9A483F9F591F3FAA
:1052E000CA5B483F41A81F3F271D483FCBF61F3FE1
:1052F00065DE473F3B45203F849F473F9393203FD8
:105300008560473FD2E1203F6721473FF92F213F8A
:105310002AE2463F067E213FCEA2463FFBCB213FFD
:105320005463463FD719223FBB23463F9967223F2C
:1053300003E4453F43B5223F2DA4453FD302233F1D
:105340003964453F4B50233F2624453FA99D233FC9
:10535000F5E3443FEEEA233FA5A3443F1A38243F38
:105360003763443F2C85243FAB22443F25D2243F62
:1053700000E2433F041F253F38A1433FCB6B253F4D
:105380005160433F77B8253F4C1F433F0A05263FF6
:1053900029DE423F8451263FE89C423FE39D263F61
:1053A000895B423F2AEA263F0B1A423F5636273F87
:1053B00070D8413F6882273FB796413F61CE273F73
:1053C000E154413F401A283FEC12413F0566283F17
:1053D000DAD0403FB0B1283FA98E403F41FD283F81
:1053E0005C4C403FB848293FF009403F1594293FA5
:1053F00067C73F3F57DF293FC0843F3F802A2A3F8E
:10540000FC413F3F8E752A3F1BFF3E3F82C02A3F33
:105410001BBC3E3F5B0B2B3FFF783E3F1B562B3F99
:10542000C5353E3FBFA02B3F6EF23D3F4AEB2B3FC1
:10543000F9AE3D3FB9352C3F676B3D3F0F802C3FA8
:10544000B8273D3F49CA2C3FECE33C3F69142D3F50
:1054500003A03C3F6F5E2D3FFC5B3C3F59A82D3FB6
:10546000D9173C3F29F22D3F98D33B3FDE3B2E3FDF
:105470003B8F3B3F78852E3FC14A3B3FF7CE2E3FC7
:1054800029063B3F5B182F3F75C13A3FA5612F3F6F
:10549000A47C3A3FD3AA2F3FB7373A3FE6F32F3FDA
:1054A000ACF2393FDE3C303F85AD393FBB85303F04
:1054B0004268393F7CCE303FE122393F2217313FED
:1054C00065DD383FAD5F313FCB97383F1DA8313F99
:1054D0001652383F71F0313F430C383FAA38323F03
:1054E00055C6373FC780323F4A80373FC9C8323F31
:1054F000233A373FAF10333FDFF3363F7A58333F1D
:105500007FAD363F29A0333F0467363FBCE7333FCA
:105510006C20363F342F343FB8D9353F8F76343F37
:10552000E792353FCFBD343FFB4B353FF304353F6A
:10553000F304353FFB4B353FCFBD343FE792353F5A
:105540008F76343FB8D9353F342F343F6C20363F07
:10555000BCE7333F0467363F29A0333F7FAD363F7A
:105560007A58333FDFF3363FAF10333F233A373FAC
:10557000C9C8323F4A80373FC780323F55C6373FA0
:10558000AA38323F430C383F71F0313F1652383F52
:105590001DA8313FCB97383FAD5F313F65DD383FC8
:1055A0002217313FE122393F7CCE303F4268393FFC
:1055B000BB85303F85AD393FDE3C303FACF2393FF3
:1055C000E6F32F3FB7373A3FD3AA2F3FA47C3A3FA9
:1055D000A5612F3F75C13A3F5B182F3F29063B3F1E
:1055E000F7CE2E3FC14A3B3F78852E3F3B8F3B3F56
:1055F000DE3B2E3F98D33B3F29F22D3FD9173C3F4E
:1056000059A82D3FFC5B3C3F6F5E2D3F03A03C3F04
:1056100069142D3FECE33C3F49CA2C3FB8273D3F7E
:105620000F802C3F676B3D3FB9352C3FF9AE3D3FB6
:105630004AEB2B3F6EF23D3FBFA02B3FC5353E3FAF
:105640001B562B3FFF783E3F5B0B2B3F1BBC3E3F67
:1056500082C02A3F1BFF3E3F8E752A3FFC413F3FE1
:10566000802A2A3FC0843F3F57DF293F67C73F3F1B
:105670001594293FF009403FB848293F5C4C403F12
:1056800041FD283FA98E403FB0B1283FDAD0403FCE
:105690000566283FEC12413F401A283FE154413F44
:1056A00061CE273FB796413F6882273F70D8413F80
:1056B0005636273F0B1A423F2AEA263F895B423F74
:1056C000E39D263FE89C423F8451263F29DE423F2E
:1056D0000A05263F4C1F433F77B8253F5160433FA3
:1056E000CB6B253F38A1433F041F253F00E2433FDA
:1056F00025D2243FAB22443F2C85243F3763443FCF
:105700001A38243FA5A3443FEEEA233FF5E3443F84
:10571000A99D233F2624453F4B50233F3964453FF5
:10572000D302233F2DA4453F43B5223F03E4453F29
:105730009967223FBB23463FD719223F5463463F18
:10574000FBCB213FCEA2463F067E213F2AE2463FC9
:10575000F92F213F6721473FD2E1203F8560473F36
:105760009393203F849F473F3B45203F65DE473F63
:10577000CBF61F3F271D483F41A81F3FCA5B483F4C
:105780009F591F3F4E9A483FE50A1F3FB3D8483FF5
:1057900012BC1E3FFA16493F266D1E3F2155493F58
:1057A000221E1E3F2993493F06CF1D3F12D1493F7C
:1057B000D17F1D3FDC0E4A3F84301D3F874C4A3F5E
:1057C0001FE11C3F138A4A3FA2911C3F7FC74A3FFB
:1057D0000C421C3FCC044B3F5FF21B3FFA414B3F56
:1057E00099A21B3F097F4B3FBB521B3FF8BB4B3F6E
:1057F000C6021B3FC7F84B3FB8B21A3F78354C3F43
:1058000093621A3F08724C3F55121A3F79AE4C3FD3
:1058100000C2193FCBEA4C3F9471193FFD264D3F22
:105820000F21193F10634D3F73D0183F029F4D3F2A
:10583000C07F183FD5DA4D3FF52E183F89164E3FF1
:1058400012DE173F1C524E3F188D173F908D4E3F72
:10585000073C173FE4C84E3FDFEA163F17044F3FAF
:105860009F99163F2B3F4F3F4748163F1F7A4F3FA8
:10587000D9F6153FF4B44F3F54A5153FA8EF4F3F5D
:10588000B753153F3B2A503F0402153FAF64503FCA
:1058900039B0143F039F503F585E143F37D9503FF3
:1058A0005F0C143F4A13513F50BA133F3D4D513FD7
:1058B0002A68133F1087513FEE15133FC2C0513F76
:1058C0009AC3123F54FA513F3071123FC633523FD0
:1058D000B01E123F186D523F19CC113F49A6523FDE
:1058E0006B79113F59DF523FA726113F4918533FAB
:1058F000CDD3103F1851533FDC80103FC789533F31
:10590000D52D103F55C2533FB8DA0F3FC3FA533F6E
:1059100084870F3F0F33543F3B340F3F3B6B543F63
:10592000DBE00E3F47A3543F658D0E3F31DB543F14
:10593000DA390E3FFB12553F38E60D3FA44A553F7A
:1059400081920D3F2C82553FB33E0D3F93B9553F99
:10595000D0EA0C3FD9F0553FD7960C3FFE27563F73
:10596000C9420C3F025F563FA5EE0B3FE595563FFF
:105970006B9A0B3FA7CC563F1C460B3F4803573F43
:10598000B7F10A3FC739573F3D9D0A3F2670573F41
:10599000AD480A3F63A6573F09F4093F7FDC573FF4
:1059A0004E9F093F7912583F7F4A093F5348583F5D
:1059B0009BF5083F0B7E583FA1A0083FA1B3583F7D
:1059C000924B083F17E9583F6FF6073F6A1E593F51
:1059D00036A1073F9C53593FE84B073FAD88593FDD
:1059E00086F6063F9CBD593F0EA1063F6AF2593F1D
:1059F000824B063F16275A3FE2F5053FA05B5A3F10
:105A00002CA0053F09905A3F624A053F50C45A3FB7
:105A100084F4043F75F85A3F919E043F792C5B3F14
:105A20008948043F5A605B3F6DF2033F1A945B3F25
:105A30003D9C033FB8C75B3FF845033F34FB5B3FEA
:105A40009FEF023F8E2E5C3F3299023FC7615C3F61
:105A5000B142023FDD945C3F1CEC013FD1C75C3F8B
:105A60007395013FA3FA5C3FB53E013F532D5D3F67
:105A7000E4E7003FE15F5D3FFF90003F4D925D3FF7
:105A8000063A003F97C45D3FF3C5FF3EBEF65D3F5B
:105A9000B217FF3EC3285E3F4A69FE3EA65A5E3FEC
:105AA000BBBAFD3E678C5E3F040CFD3E05BE5E3F0B
:105AB000275DFC3E81EF5E3F22AEFB3EDB205F3F79
:105AC000F7FEFA3E12525F3FA54FFA3E27835F3F33
:105AD0002DA0F93E19B45F3F8EF0F83EE9E45F3F38
:105AE000C840F83E9615603FDC90F73E2146603F87
:105AF000CBE0F63E8976603F9330F63ECFA6603F1E
:105B00003580F53EF2D6603FB1CFF43EF206613FFC
:105B1000071FF43ED036613F386EF33E8A66613F20
:105B200043BDF23E2296613F290CF23E98C5613F8B
:105B3000EA5AF13EEAF4613F85A9F03E1A24623F39
:105B4000FBF7EF3E2653623F4C46EF3E1082623F2A
:105B50007994EE3ED7B0623F80E2ED3E7BDF623F5C
:105B60006330ED3EFC0D633F217EEC3E5A3C633FCB
:105B7000BBCBEB3E956A633F3019EB3EAC98633F7D
:105B80008166EA3EA1C6633FAEB3E93E73F4633F6C
:105B9000B700E93E2122643F9C4DE83EAC4F643F94
:105BA0005D9AE73E147D643FFBE6E63E59AA643FFA
:105BB0007533E63E7BD7643FCB7FE53E7904653F96
:105BC000FECBE43E5431653F0E18E43E0B5E653F6C
:105BD000FA63E33EA08A653FC4AFE23E10B7653F7B
:105BE0006AFBE13E5EE3653FEE46E13E880F663FBD
:105BF0004F92E03E8E3B663F8DDDDF3E7167663F34
:105C0000A928DF3E3093663FA273DE3ECCBE663FDE
:105C100079BEDD3E45EA663F2E09DD3E9915673FB8
:105C2000C153DC3ECA40673F319EDB3ED86B673FC5
:105C300080E8DA3EC196673FAD32DA3E87C1673F02
:105C4000B97CD93E2AEC673FA3C6D83EA816683F68
:105C50006B10D83E0341683F135AD73E396B683FFB
:105C600099A3D63E4C95683FFDECD53E3CBF683FBE
:105C70004136D53E07E9683F647FD43EAE12693FA6
:105C800067C8D33E323C693F4811D33E9165693FB6
:105C9000095AD23ECC8E693FAAA2D13EE4B7693FF1
:105CA0002AEBD03ED7E0693F8A33D03EA7096A3F4E
:105CB000CA7BCF3E52326A3FEAC3CE3ED95A6A3FD0
:105CC000EA0BCE3E3C836A3FCA53CD3E7BAB6A3F74
:105CD0008B9BCC3E95D36A3F2CE3CB3E8CFB6A3F3B
:105CE000AE2ACB3E5E236B3F1072CA3E0C4B6B3F1D
:105CF00053B9C93E95726B3F7700C93EFB996B3F24
:105D00007C47C83E3BC16B3F628EC73E58E86B3F45
:105D100029D5C63E500F6C3FD21BC63E24366C3F81
:105D20005C62C53ED45C6C3FC8A8C43E5E836C3FD9
:105D300015EFC33EC5A96C3F4435C33E07D06C3F49
:105D4000557BC23E24F66C3F48C1C13E1D1C6D3FD1
:105D50001E07C13EF2416D3FD54CC03EA1676D3F6D
:105D60006F92BF3E2D8D6D3FEBD7BE3E93B26D3F20
:105D70004A1DBE3ED5D76D3F8B62BD3EF2FC6D3FE6
:105D8000AFA7BC3EEB216E3FB6ECBB3EBE466E3FBE
:105D9000A031BB3E6D6B6E3F6E76BA3EF88F6E3FA4
:105DA0001EBBB93E5DB46E3FB2FFB83E9ED86E3F9B
:105DB0002A44B83EBAFC6E3F8488B73EB0206F3F9D
:105DC000C3CCB63E83446F3FE610B63E30686F3FAB
:105DD000EC54B53EB88B6F3FD698B43E1BAF6F3FC7
:105DE000A5DCB33E5AD26F3F5820B33E73F56F3FE8
:105DF000EF63B23E6718703F6BA7B13E373B703F11
:105E0000CBEAB03EE15D703F102EB03E6680703F41
:105E10003A71AF3EC6A2703F49B4AE3E02C5703F74
:105E20003CF7AD3E17E7703F153AAD3E0809713FAC
:105E3000D47CAC3ED42A713F77BFAB3E7A4C713FE5
:105E40000102AB3EFB6D713F6F44AA3E578F713F1D
:105E5000C486A93E8EB0713FFEC8A83E9FD1713F57
:105E60001F0BA83E8CF2713F254DA73E5213723F87
:105E7000128FA63EF433723FE5D0A53E7054723FB8
:105E80009F12A53EC774723F3F54A43EF894723FE0
:105E9000C595A33E04B5723F33D7A23EEBD4723F03
:105EA0008718A23EACF4723FC259A13E4714733F1B
:105EB000E59AA03EBE33733FEEDB9F3E0E53733F29
:105EC000DF1C9F3E3972733FB85D9E3E3F91733F2A
:105ED000789E9D3E1FB0733F20DF9C3ED9CE733F1E
:105EE000AF1F9C3E6EED733F27609B3EDD0B743F02
:105EF00086A09A3E272A743FCEE0993E4B48743FD5
:105F0000FE20993E4966743F1661983E2284743F94
:105F100017A1973ED5A1743F00E1963E62BF743F42
:105F2000D220963EC9DC743F8D60953E0BFA743FDB
:105F300031A0943E2717753FBFDF933E1D34753F58
:105F4000351F933EED50753F945E923E976D753FC1
:105F5000DD9D913E1C8A753F10DD903E7BA6753F0E
:105F60002C1C903EB3C2753F325B8F3EC6DE753F40
:105F7000229A8E3EB3FA753FFCD88D3E7A16763F54
:105F8000C0178D3E1B32763F6E568C3E974D763F46
:105F900007958B3EEC68763F8AD38A3E1B84763F1A
:105FA000F8118A3E249F763F5050893E07BA763FCB
:105FB000938E883EC4D4763FC1CC873E5BEF763F5C
:105FC000DA0A873ECC09773FDF48863E1724773FC1
:105FD000CE86853E3C3E773FAAC4843E3A58773F02
:105FE0007002843E1372773F2240833EC58B773F19
:105FF000C07D823E51A5773F4ABB813EB7BE773F09
:10600000C0F8803EF7D7773F2236803E10F1773FC9
:10601000E1E67E3E040A783F56617D3ED122783F1C
:10602000A4DB7B3E773B783FCB557A3EF853783FF5
:10603000CCCF783E526C783FA649773E8684783F35
:106040005AC3753E939C783FE83C743E7BB4783FDE
:1060500051B6723E3BCC783F942F713ED6E3783FE9
:10606000B2A86F3E4AFB783FAB216E3E9812793F53
:106070007F9A6C3EBF29793F2F136B3EC040793F1A
:10608000BA8B693E9A57793F2204683E4E6E793F3B
:10609000667C663EDC84793F86F4643E439B793FB0
:1060A000836C633E83B1793F5CE4613E9DC7793F79
:1060B000135C603E91DD793FA8D35E3E5EF3793F8D
:1060C0001A4B5D3E04097A3F6AC25B3E841E7A3FEA
:1060D00097395A3EDD337A3FA4B0583E10497A3F93
:1060E0008F27573E1C5E7A3F589E553E02737A3F7B
:1060F0000115543EC1877A3F898B523E599C7A3FA5
:10610000F101513ECBB07A3F38784F3E16C57A3F09
:1061100060EE4D3E3AD97A3F67644C3E37ED7A3FA8
:106120004FDA4A3E0E017B3F1850493EBE147B3F7A
:10613000C2C5473E48287B3F4D3B463EAB3B7B3F7D
:10614000B9B0443EE74E7B3F0726433EFC617B3FB0
:10615000379B413EEA747B3F4910403EB2877B3F0C
:106160003E853E3E539A7B3F15FA3C3ECDAC7B3F8D
:10617000CF6E3B3E20BF7B3F6CE3393E4DD17B3F32
:10618000EC57383E53E37B3F50CC363E31F57B3FF6
:106190009840353EE9067C3FC4B4333E7A187C3FD4
:1061A000D428323EE5297C3FC99C303E283B7C3FC9
:1061B000A2102F3E444C7C3F61842D3E3A5D7C3FD3
:1061C00004F82B3E086E7C3F8D6B2A3EB07E7C3FF0
:1061D000FCDE283E318F7C3F5152273E8A9F7C3F18
:1061E0008CC5253EBDAF7C3FAD38243EC9BF7C3F4A
:1061F000B6AB223EAECF7C3FA51E213E6CDF7C3F7E
:106200007B911F3E03EF7C3F38041E3E73FE7C3FB4
:10621000DE761C3EBC0D7D3F6BE91A3EDD1C7D3FEA
:10622000E05B193ED82B7D3F3DCE173EAC3A7D3F1B
:106230008340163E59497D3FB2B2143EDE577D3F42
:10624000CA24133E3D667D3FCC96113E74747D3F5B
:10625000B708103E85827D3F8B7A0E3E6E907D3F63
:106260004AEC0C3E309E7D3FF35D0B3ECCAB7D3F58
:1062700086CF093E40B97D3F0541083E8CC67D3F33
:106280006EB2063EB2D37D3FC223053EB1E07D3FF4
:106290000295033E88ED7D3F2E06023E38FA7D3F93
:1062A0004577003EC2067E3F92D0FD3D24137E3FDF
:1062B00073B2FA3D5E1F7E3F2C94F73D722B7E3FFA
:1062C000C075F43D5E377E3F2E57F13D23437E3F40
:1062D0007638EE3DC14E7E3F9A19EB3D385A7E3FEF
:1062E0009AFAE73D88657E3F76DBE43DB0707E3FFD
:1062F0002EBCE13DB17B7E3FC49CDE3D8B867E3F64
:10630000377DDB3D3D917E3F895DD83DC99B7E3F1A
:10631000B93DD53D2DA67E3FC81DD23D69B07E3F1B
:10632000B7FDCE3D7FBA7E3F86DDCB3D6DC47E3F5F
:1063300036BDC83D34CE7E3FC69CC53DD4D77E3FDA
:10634000397CC23D4CE17E3F8D5BBF3D9DEA7E3F87
:10635000C33ABC3DC7F37E3FDD19B93DC9FC7E3F62
:10636000DAF8B53DA4057F3FBBD7B23D580E7F3F5D
:1063700080B6AF3DE4167F3F2B95AC3D491F7F3F74
:10638000BA73A93D87277F3F3052A63D9D2F7F3F9F
:106390008C30A33D8D377F3FCF0EA03D543F7F3FD4
:1063A000F9EC9C3DF4467F3F0ACB993D6D4E7F3F13
:1063B00005A9963DBF557F3FE786933DE95C7F3F4A
:1063C000B464903DEC637F3F6A428D3DC76A7F3F76
:1063D0000A208A3D7B717F3F94FD863D08787F3F90
:1063E0000ADB833D6D7E7F3F6CB8803DAB847F3F91
:1063F000742B7B3DC28A7F3FE9E5743DB1907F3FBE
:1064000038A06E3D78967F3F625A683D189C7F3F6A
:106410006814623D91A17F3F4CCE5B3DE3A67F3F78
:106420000E88553D0DAC7F3FAF414F3D0FB17F3FD3
:106430002FFB483DEAB57F3F91B4423D9EBA7F3F76
:10644000D56D3C3D2ABF7F3FFC26363D8FC37F3F45
:1064500007E02F3DCCC77F3FF698293DE2CB7F3F39
:10646000CC51233DD1CF7F3F880A1D3D98D37F3F3C
:106470002CC3163D37D77F3FB87B103DAFDA7F3F47
:106480002F340A3D00DE7F3F90EC033D29E17F3F42
:10649000B949FB3C2BE47F3F2DBAEE3C05E77F3F3B
:1064A0007B2AE23CB8E97F3FA69AD53C43EC7F3F8C
:1064B000B00AC93CA7EE7F3F9B7ABC3CE3F07F3F2C
:1064C00069EAAF3CF8F27F3F1C5AA33CE6F47F3FF9
:1064D000B6C9963CACF67F3F38398A3C4AF87F3FD4
:1064E0004B517B3CC1F97F3F0030623C11FB7F3F49
:1064F000900E493C39FC7F3F02ED2F3C39FD7F3F38
:1065000059CB163C13FE7F3F3053FB3BC4FE7F3F0D
:10651000890FC93B4EFF7F3FC1CB963BB1FF7F3F09
:10652000C70F493BECFF7F3FD40FC93A0000803FC3
:1065300000000000ECFF7F3FD40FC9BAB1FF7F3FDE
:10654000C70F49BB4EFF7F3FC1CB96BBC4FE7F3F09
:10655000890FC9BB13FE7F3F3053FBBB39FD7F3F23
:1065600059CB16BC39FC7F3F02ED2FBC11FB7F3F9E
:10657000900E49BCC1F97F3F003062BC4AF87F3FB2
:106580004B517BBCACF67F3F38398ABCE6F47F3F89
:10659000B6C996BCF8F27F3F1C5AA3BCE3F07F3F1C
:1065A00069EAAFBCA7EE7F3F9B7ABCBC43EC7F3F60
:1065B000B00AC9BCB8E97F3FA69AD5BC05E77F3FC2
:1065C0007B2AE2BC2BE47F3F2DBAEEBC29E17F3F62
:1065D000B949FBBC00DE7F3F90EC03BDAFDA7F3FE3
:1065E0002F340ABD37D77F3FB87B10BD98D37F3F8C
:1065F0002CC316BDD1CF7F3F880A1DBDE2CB7F3FA4
:10660000CC5123BDCCC77F3FF69829BD8FC37F3FB8
:1066100007E02FBD2ABF7F3FFC2636BD9EBA7F3FD5
:10662000D56D3CBDEAB57F3F91B442BD0FB17F3F10
:106630002FFB48BD0DAC7F3FAF414FBDE3A67F3F71
:106640000E8855BD91A17F3F4CCE5BBD189C7F3F0E
:10665000681462BD78967F3F625A68BDB1907F3FF3
:1066600038A06EBDC28A7F3FE9E574BDAB847F3F31
:10667000742B7BBD6D7E7F3F6CB880BD08787F3FFB
:106680000ADB83BD7B717F3F94FD86BDC76A7F3F78
:106690000A208ABDEC637F3F6A428DBDE95C7F3F83
:1066A000B46490BDBF557F3FE78693BD6D4E7F3F7D
:1066B00005A996BDF4467F3F0ACB99BD543F7F3F65
:1066C000F9EC9CBD8D377F3FCF0EA0BD9D2F7F3F46
:1066D0008C30A3BD87277F3F3052A6BD491F7F3F27
:1066E000BA73A9BDE4167F3F2B95ACBD580E7F3F12
:1066F00080B6AFBDA4057F3FBBD7B2BDC9FC7E3F0E
:10670000DAF8B5BDC7F37E3FDD19B9BD9DEA7E3F1E
:10671000C33ABCBD4CE17E3F8D5BBFBDD4D77E3F4D
:10672000397CC2BD34CE7E3FC69CC5BD6DC47E3FA4
:1067300036BDC8BD7FBA7E3F86DDCBBD69B07E3F2A
:10674000B7FDCEBD2DA67E3FC81DD2BDC99B7E3FE5
:10675000B93DD5BD3D917E3F895DD8BD8B867E3FDD
:10676000377DDBBDB17B7E3FC49CDEBDB0707E3F1C
:106770002EBCE1BD88657E3F76DBE4BD385A7E3FA6
:106780009AFAE7BDC14E7E3F9A19EBBD23437E3F87
:106790007638EEBD5E377E3F2E57F1BD722B7E3FC1
:1067A000C075F4BD5E1F7E3F2C94F7BD24137E3F61
:1067B00073B2FABDC2067E3F92D0FDBD38FA7D3F6E
:1067C000457700BE88ED7D3F2E0602BEB1E07D3FDD
:1067D000029503BEB2D37D3FC22305BE8CC67D3F6A
:1067E0006EB206BE40B97D3F054108BECCAB7D3FD1
:1067F00086CF09BE309E7D3FF35D0BBE6E907D3F20
:106800004AEC0CBE85827D3F8B7A0EBE74747D3F50
:10681000B70810BE3D667D3FCC9611BEDE577D3F6A
:10682000CA2413BE59497D3FB2B214BEAC3A7D3F73
:10683000834016BED82B7D3F3DCE17BEDD1C7D3F6D
:10684000E05B19BEBC0D7D3F6BE91ABE73FE7C3F59
:10685000DE761CBE03EF7C3F38041EBE6CDF7C3F3F
:106860007B911FBEAECF7C3FA51E21BEC9BF7C3F22
:10687000B6AB22BEBDAF7C3FAD3824BE8A9F7C3F05
:106880008CC525BE318F7C3F515227BEB07E7C3FE8
:10689000FCDE28BE086E7C3F8D6B2ABE3A5D7C3FD5
:1068A00004F82BBE444C7C3F61842DBE283B7C3FCA
:1068B000A2102FBEE5297C3FC99C30BE7A187C3FD0
:1068C000D42832BEE9067C3FC4B433BE31F57B3FE9
:1068D000984035BE53E37B3F50CC36BE4DD17B3F15
:1068E000EC5738BE20BF7B3F6CE339BECDAC7B3F5D
:1068F000CF6E3BBE539A7B3F15FA3CBEB2877B3FBF
:106900003E853EBEEA747B3F491040BEFC617B3F42
:10691000379B41BEE74E7B3F072643BEAB3B7B3FE9
:10692000B9B044BE48287B3F4D3B46BEBE147B3FBA
:10693000C2C547BE0E017B3F185049BE37ED7A3FB6
:106940004FDA4ABE3AD97A3F67644CBE16C57A3FE1
:1069500060EE4DBECBB07A3F38784FBE599C7A3F3F
:10696000F10151BEC1877A3F898B52BE02737A3FD3
:10697000011554BE1C5E7A3F589E55BE10497A3FA1
:106980008F2757BEDD337A3FA4B058BE841E7A3FAE
:1069900097395ABE04097A3F6AC25BBE5EF3793FFB
:1069A0001A4B5DBE91DD793FA8D35EBE9DC7793F8E
:1069B000135C60BE83B1793F5CE461BE439B793F69
:1069C000836C63BEDC84793F86F464BE4E6E793F8F
:1069D000667C66BE9A57793F220468BEC040793F04
:1069E000BA8B69BEBF29793F2F136BBE9812793FCE
:1069F0007F9A6CBE4AFB783FAB216EBED6E3783FF0
:106A0000B2A86FBE3BCC783F942F71BE7BB4783F69
:106A100051B672BE939C783FE83C74BE8684783F42
:106A20005AC375BE526C783FA64977BEF853783F7B
:106A3000CCCF78BE773B783FCB557ABED122783F1A
:106A4000A4DB7BBE040A783F56617DBE10F1773F20
:106A5000E1E67EBEF7D7773F223680BEB7BE773FEE
:106A6000C0F880BE51A5773F4ABB81BEC58B773F3A
:106A7000C07D82BE1372773F224083BE3A58773F73
:106A8000700284BE3C3E773FAAC484BE1724773F81
:106A9000CE8685BECC09773FDF4886BE5BEF763F6A
:106AA000DA0A87BEC4D4763FC1CC87BE07BA763F28
:106AB000938E88BE249F763F505089BE1B84763FBC
:106AC000F8118ABEEC68763F8AD38ABE974D763F2E
:106AD00007958BBE1B32763F6E568CBE7A16763F7C
:106AE000C0178DBEB3FA753FFCD88DBEC6DE753FAC
:106AF000229A8EBEB3C2753F325B8FBE7BA6753FB6
:106B00002C1C90BE1C8A753F10DD90BE976D753FA2
:106B1000DD9D91BEED50753F945E92BE1D34753F74
:106B2000351F93BE2717753FBFDF93BE0BFA743F27
:106B300031A094BEC9DC743F8D6095BE62BF743FC6
:106B4000D22096BED5A1743F00E196BE2284743F48
:106B500017A197BE4966743F166198BE4B48743FB3
:106B6000FE2099BE272A743FCEE099BEDD0B743F0C
:106B700086A09ABE6EED733F27609BBED9CE733F51
:106B8000AF1F9CBE1FB0733F20DF9CBE3F91733F81
:106B9000789E9DBE3972733FB85D9EBE0E53733FA3
:106BA000DF1C9FBEBE33733FEEDB9FBE4714733FB7
:106BB000E59AA0BEACF4723FC259A1BEEBD4723FBD
:106BC0008718A2BE04B5723F33D7A2BEF894723FB5
:106BD000C595A3BEC774723F3F54A4BE7054723FA4
:106BE0009F12A5BEF433723FE5D0A5BE5213723F8B
:106BF000128FA6BE8CF2713F254DA7BE9FD1713F6B
:106C00001F0BA8BE8EB0713FFEC8A8BE578F713F44
:106C1000C486A9BEFB6D713F6F44AABE7A4C713F1A
:106C20000102ABBED42A713F77BFABBE0809713FEA
:106C3000D47CACBE17E7703F153AADBE02C5703FBD
:106C40003CF7ADBEC6A2703F49B4AEBE6680703F91
:106C50003A71AFBEE15D703F102EB0BE373B703F62
:106C6000CBEAB0BE6718703F6BA7B1BE73F56F3F3C
:106C7000EF63B2BE5AD26F3F5820B3BE1BAF6F3F17
:106C8000A5DCB3BEB88B6F3FD698B4BE30686F3FFB
:106C9000EC54B5BE83446F3FE610B6BEB0206F3FE4
:106CA000C3CCB6BEBAFC6E3F8488B7BE9ED86E3FDA
:106CB0002A44B8BE5DB46E3FB2FFB8BEF88F6E3FD7
:106CC0001EBBB9BE6D6B6E3F6E76BABEBE466E3FE2
:106CD000A031BBBEEB216E3FB6ECBBBEF2FC6D3FFC
:106CE000AFA7BCBED5D76D3F8B62BDBE93B26D3F23
:106CF0004A1DBEBE2D8D6D3FEBD7BEBEA1676D3F59
:106D00006F92BFBEF2416D3FD54CC0BE1D1C6D3FA2
:106D10001E07C1BE24F66C3F48C1C1BE07D06C3F00
:106D2000557BC2BEC5A96C3F4435C3BE5E836C3F74
:106D300015EFC3BED45C6C3FC8A8C4BE24366C3FFC
:106D40005C62C5BE500F6C3FD21BC6BE58E86B3F9D
:106D500029D5C6BE3BC16B3F628EC7BEFB996B3F58
:106D60007C47C8BE95726B3F7700C9BE0C4B6B3F2A
:106D700053B9C9BE5E236B3F1072CABE8CFB6A3F1B
:106D8000AE2ACBBE95D36A3F2CE3CBBE7BAB6A3F2A
:106D90008B9BCCBE3C836A3FCA53CDBED95A6A3F57
:106DA000EA0BCEBE52326A3FEAC3CEBEA7096A3FA3
:106DB000CA7BCFBED7E0693F8A33D0BEE4B7693F14
:106DC0002AEBD0BECC8E693FAAA2D1BE9165693FA5
:106DD000095AD2BE323C693F4811D3BEAE12693F58
:106DE00067C8D3BE07E9683F647FD4BE3CBF683F35
:106DF0004136D5BE4C95683FFDECD5BE396B683F3A
:106E000099A3D6BE0341683F135AD7BEA816683F60
:106E10006B10D8BE2AEC673FA3C6D8BE87C1673FB8
:106E2000B97CD9BEC196673FAD32DABED86B673F39
:106E300080E8DABECA40673F319EDBBE9915673FE6
:106E4000C153DCBE45EA663F2E09DDBECCBE663FBF
:106E500079BEDDBE3093663FA273DEBE7167663FCA
:106E6000A928DFBE8E3B663F8DDDDFBE880F663F03
:106E70004F92E0BE5EE3653FEE46E1BE10B7653F70
:106E80006AFBE1BEA08A653FC4AFE2BE0B5E653F10
:106E9000FA63E3BE5431653F0E18E4BE7904653FE2
:106EA000FECBE4BE7BD7643FCB7FE5BE59AA643FEF
:106EB0007533E6BE147D643FFBE6E6BEAC4F643F2F
:106EC0005D9AE7BE2122643F9C4DE8BE73F4633FA8
:106ED000B700E9BEA1C6633FAEB3E9BEAC98633F5D
:106EE0008166EABE956A633F3019EBBE5A3C633F48
:106EF000BBCBEBBEFC0D633F217EECBE7BDF623F74
:106F00006330EDBED7B0623F80E2EDBE1082623FDB
:106F10007994EEBE2653623F4C46EFBE1A24623F80
:106F2000FBF7EFBEEAF4613F85A9F0BE98C5613F6B
:106F3000EA5AF1BE2296613F290CF2BE8A66613F91
:106F400043BDF2BED036613F386EF3BEF206613FFC
:106F5000071FF4BEF2D6603FB1CFF4BECFA6603FAC
:106F60003580F5BE8976603F9330F6BE2146603F9E
:106F7000CBE0F6BE9615603FDC90F7BEE9E45F3FDC
:106F8000C840F8BE19B45F3F8EF0F8BE27835F3F5C
:106F90002DA0F9BE12525F3FA54FFABEDB205F3F26
:106FA000F7FEFABE81EF5E3F22AEFBBE05BE5E3F3E
:106FB000275DFCBE678C5E3F040CFDBEA65A5E3F9B
:106FC000BBBAFDBEC3285E3F4A69FEBEBEF65D3F4A
:106FD000B217FFBE97C45D3FF3C5FFBE4D925D3F44
:106FE000063A00BFE15F5D3FFF9000BF532D5D3F5C
:106FF000E4E700BFA3FA5C3FB53E01BFD1C75C3FE9
:10700000739501BFDD945C3F1CEC01BFC7615C3F21
:10701000B14202BF8E2E5C3F329902BF34FB5B3F10
:107020009FEF02BFB8C75B3FF84503BF1A945B3FB1
:107030003D9C03BF5A605B3F6DF203BF792C5B3F01
:10704000894804BF75F85A3F919E04BF50C45A3F07
:1070500084F404BF09905A3F624A05BFA05B5A3FBF
:107060002CA005BF16275A3FE2F505BF6AF2593F2B
:10707000824B06BF9CBD593F0EA106BFAD88593F4C
:1070800086F606BF9C53593FE84B07BF6A1E593F1F
:1070900036A107BF17E9583F6FF607BFA1B3583FA6
:1070A000924B08BF0B7E583FA1A008BF5348583FE2
:1070B0009BF508BF7912583F7F4A09BF7FDC573FD5
:1070C0004E9F09BF63A6573F09F409BF2670573F7B
:1070D000AD480ABFC739573F3D9D0ABF4803573FD8
:1070E000B7F10ABFA7CC563F1C460BBFE595563FEC
:1070F0006B9A0BBF025F563FA5EE0BBFFE27563FB4
:10710000C9420CBFD9F0553FD7960CBF93B9553F34
:10711000D0EA0CBF2C82553FB33E0DBFA44A553F69
:1071200081920DBFFB12553F38E60DBF31DB543F56
:10713000DA390EBF47A3543F658D0EBF3B6B543FFA
:10714000DBE00EBF0F33543F3B340FBFC3FA533F56
:1071500084870FBF55C2533FB8DA0FBFC789533F6B
:10716000D52D10BF1851533FDC8010BF4918533F35
:10717000CDD310BF59DF523FA72611BF49A6523FBA
:107180006B7911BF186D523F19CC11BFC633523FF6
:10719000B01E12BF54FA513F307112BFC2C0513FEE
:1071A0009AC312BF1087513FEE1513BF3D4D513F9B
:1071B0002A6813BF4A13513F50BA13BF37D9503F03
:1071C0005F0C14BF039F503F585E14BFAF64503F25
:1071D00039B014BF3B2A503F040215BFA8EF4F3F00
:1071E000B75315BFF4B44F3F54A515BF1F7A4F3F97
:1071F000D9F615BF2B3F4F3F474816BF17044F3FE7
:107200009F9916BFE4C84E3FDFEA16BF908D4E3FF0
:10721000073C17BF1C524E3F188D17BF89164E3FB3
:1072200012DE17BFD5DA4D3FF52E18BF029F4D3F36
:10723000C07F18BF10634D3F73D018BFFD264D3F70
:107240000F2119BFCBEA4C3F947119BF79AE4C3F67
:1072500000C219BF08724C3F55121ABF78354C3F17
:1072600093621ABFC7F84B3FB8B21ABFF8BB4B3F87
:10727000C6021BBF097F4B3FBB521BBFFA414B3FAE
:1072800099A21BBFCC044B3F5FF21BBF7FC74A3F95
:107290000C421CBF138A4A3FA2911CBF874C4A3F35
:1072A0001FE11CBFDC0E4A3F84301DBF12D1493F95
:1072B000D17F1DBF2993493F06CF1DBF2155493FAF
:1072C000221E1EBFFA16493F266D1EBFB3D8483F87
:1072D00012BC1EBF4E9A483FE50A1FBFCA5B483F1B
:1072E0009F591FBF271D483F41A81FBF65DE473F6D
:1072F000CBF61FBF849F473F3B4520BF8560473F7C
:10730000939320BF6721473FD2E120BF2AE2463F47
:10731000F92F21BFCEA2463F067E21BF5463463FD0
:10732000FBCB21BFBB23463FD71922BF03E4453F18
:10733000996722BF2DA4453F43B522BF3964453F1D
:10734000D30223BF2624453F4B5023BFF5E3443FE0
:10735000A99D23BFA5A3443FEEEA23BF3763443F63
:107360001A3824BFAB22443F2C8524BF00E2433FA0
:1073700025D224BF38A1433F041F25BF5160433F9E
:10738000CB6B25BF4C1F433F77B825BF29DE423F5B
:107390000A0526BFE89C423F845126BF895B423FD5
:1073A000E39D26BF0B1A423F2AEA26BF70D8413F11
:1073B000563627BFB796413F688227BFE154413F09
:1073C00061CE27BFEC12413F401A28BFDAD0403FC0
:1073D000056628BFA98E403FB0B128BF5C4C403F36
:1073E00041FD28BFF009403FB84829BF67C73F3F6C
:1073F000159429BFC0843F3F57DF29BFFC413F3F61
:10740000802A2ABF1BFF3E3F8E752ABF1BBC3E3F12
:1074100082C02ABFFF783E3F5B0B2BBFC5353E3F86
:107420001B562BBF6EF23D3FBFA02BBFF9AE3D3FB9
:107430004AEB2BBF676B3D3FB9352CBFB8273D3FAB
:107440000F802CBFECE33C3F49CA2CBF03A03C3F5C
:1074500069142DBFFC5B3C3F6F5E2DBFD9173C3FCD
:1074600059A82DBF98D33B3F29F22DBF3B8F3B3FFF
:10747000DE3B2EBFC14A3B3F78852EBF29063B3FEE
:10748000F7CE2EBF75C13A3F5B182FBFA47C3A3FA1
:10749000A5612FBFB7373A3FD3AA2FBFACF2393F10
:1074A000E6F32FBF85AD393FDE3C30BF4268393F40
:1074B000BB8530BFE122393F7CCE30BF65DD383F30
:1074C000221731BFCB97383FAD5F31BF1652383FDF
:1074D0001DA831BF430C383F71F031BF55C6373F4F
:1074E000AA3832BF4A80373FC78032BF233A373F7E
:1074F000C9C832BFDFF3363FAF1033BF7FAD363F71
:107500007A5833BF0467363F29A033BF6C20363F1B
:10751000BCE733BFB8D9353F342F34BFE792353F8E
:107520008F7634BFFB4B353FCFBD34BFF304353FBF
:10753000F30435BFCFBD343FFB4B35BF8F76343FAF
:10754000E79235BF342F343FB8D935BFBCE7333F5E
:107550006C2036BF29A0333F046736BF7A58333FCB
:107560007FAD36BFAF10333FDFF336BFC9C8323F00
:10757000233A37BFC780323F4A8037BFAA38323FED
:1075800055C637BF71F0313F430C38BF1DA8313F9E
:10759000165238BFAD5F313FCB9738BF2217313F0E
:1075A00065DD38BF7CCE303FE12239BFBB85303F3F
:1075B000426839BFDE3C303F85AD39BFE6F32F3F2F
:1075C000ACF239BFD3AA2F3FB7373ABFA5612F3FDF
:1075D000A47C3ABF5B182F3F75C13ABFF7CE2E3F50
:1075E00029063BBF78852E3FC14A3BBFDE3B2E3F7D
:1075F0003B8F3BBF29F22D3F98D33BBF59A82D3F6E
:10760000D9173CBF6F5E2D3FFC5B3CBF69142D3F1B
:1076100003A03CBF49CA2C3FECE33CBF0F802C3F8A
:10762000B8273DBFB9352C3F676B3DBF4AEB2B3FB9
:10763000F9AE3DBFBFA02B3F6EF23DBF1B562B3FA7
:10764000C5353EBF5B0B2B3FFF783EBF82C02A3F54
:107650001BBC3EBF8E752A3F1BFF3EBF802A2A3FC0
:10766000FC413FBF57DF293FC0843FBF1594293FEE
:1076700067C73FBFB848293FF00940BF41FD283FD9
:107680005C4C40BFB0B1283FA98E40BF0566283F83
:10769000DAD040BF401A283FEC1241BF61CE273FED
:1076A000E15441BF6882273FB79641BF5636273F16
:1076B00070D841BF2AEA263F0B1A42BFE39D263FFE
:1076C000895B42BF8451263FE89C42BF0A05263FA2
:1076D00029DE42BF77B8253F4C1F43BFCB6B253F08
:1076E000516043BF041F253F38A143BF25D2243F2B
:1076F00000E243BF2C85243FAB2244BF1A38243F0D
:10770000376344BFEEEA233FA5A344BFA99D233FAF
:10771000F5E344BF4B50233F262445BFD302233F0C
:10772000396445BF43B5223F2DA445BF9967223F29
:1077300003E445BFD719223FBB2346BFFBCB213F04
:10774000546346BF067E213FCEA246BFF92F213F9C
:107750002AE246BFD2E1203F672147BF9393203FF3
:10776000856047BF3B45203F849F47BFCBF61F3F07
:1077700065DE47BF41A81F3F271D48BF9F591F3FD8
:10778000CA5B48BFE50A1F3F4E9A48BF12BC1E3F66
:10779000B3D848BF266D1E3FFA1649BF221E1E3FB2
:1077A000215549BF06CF1D3F299349BFD17F1D3FBA
:1077B00012D149BF84301D3FDC0E4ABF1FE11C3F80
:1077C000874C4ABFA2911C3F138A4ABF0C421C3F00
:1077D0007FC74ABF5FF21B3FCC044BBF99A21B3F40
:1077E000FA414BBFBB521B3F097F4BBFC6021B3F39
:1077F000F8BB4BBFB8B21A3FC7F84BBF93621A3FF2
:1078000078354CBF55121A3F08724CBF00C2193F61
:1078100079AE4CBF9471193FCBEA4CBF0F21193F91
:10782000FD264DBF73D0183F10634DBFC07F183F7A
:10783000029F4DBFF52E183FD5DA4DBF12DE173F20
:1078400089164EBF188D173F1C524EBF073C173F7D
:10785000908D4EBFDFEA163FE4C84EBF9F99163F9A
:1078600017044FBF4748163F2B3F4FBFD9F6153F70
:107870001F7A4FBF54A5153FF4B44FBFB753153F00
:10788000A8EF4FBF0402153F3B2A50BF39B0143F49
:10789000AF6450BF585E143F039F50BF5F0C143F4E
:1078A00037D950BF50BA133F4A1351BF2A68133F0C
:1078B0003D4D51BFEE15133F108751BF9AC3123F84
:1078C000C2C051BF3071123F54FA51BFB01E123FB7
:1078D000C63352BF19CC113F186D52BF6B79113F9F
:1078E00049A652BFA726113F59DF52BFCDD3103F43
:1078F000491853BFDC80103F185153BFD52D103F9E
:10790000C78953BFB8DA0F3F55C253BF84870F3FB3
:10791000C3FA53BF3B340F3F0F3354BFDBE00E3F7E
:107920003B6B54BF658D0E3F47A354BFDA390E3F02
:1079300031DB54BF38E60D3FFB1255BF81920D3F3E
:10794000A44A55BFB33E0D3F2C8255BFD0EA0C3F31
:1079500093B955BFD7960C3FD9F055BFC9420C3FDC
:10796000FE2756BFA5EE0B3F025F56BF6B9A0B3F3B
:10797000E59556BF1C460B3FA7CC56BFB7F10A3F53
:10798000480357BF3D9D0A3FC73957BFAD480A3F1F
:10799000267057BF09F4093F63A657BF4E9F093FA2
:1079A0007FDC57BF7F4A093F791258BF9BF5083FDC
:1079B000534858BFA1A0083F0B7E58BF924B083FC9
:1079C000A1B358BF6FF6073F17E958BF36A1073F6D
:1079D0006A1E59BFE84B073F9C5359BF86F6063FC6
:1079E000AD8859BF0EA1063F9CBD59BF824B063FD3
:1079F0006AF259BFE2F5053F16275ABF2CA0053F92
:107A0000A05B5ABF624A053F09905ABF84F4043F05
:107A100050C45ABF919E043F75F85ABF8948043F2D
:107A2000792C5BBF6DF2033F5A605BBF3D9C033F07
:107A30001A945BBFF845033FB8C75BBF9FEF023F97
:107A400034FB5BBF3299023F8E2E5CBFB142023FD6
:107A5000C7615CBF1CEC013FDD945CBF7395013FC7
:107A6000D1C75CBFB53E013FA3FA5CBFE4E7003F6E
:107A7000532D5DBFFF90003FE15F5DBF063A003FC1
:107A80004D925DBFF3C5FF3E97C45DBFB217FF3E89
:107A9000BEF65DBF4A69FE3EC3285EBFBBBAFD3E6F
:107AA000A65A5EBF040CFD3E678C5EBF275DFC3EA0
:107AB00005BE5EBF22AEFB3E81EF5EBFF7FEFA3E23
:107AC000DB205FBFA54FFA3E12525FBF2DA0F93EEB
:107AD00027835FBF8EF0F83E19B45FBFC840F83E01
:107AE000E9E45FBFDC90F73E961560BFCBE0F63E61
:107AF000214660BF9330F63E897660BF3580F53E03
:107B0000CFA660BFB1CFF43EF2D660BF071FF43EF0
:107B1000F20661BF386EF33ED03661BF43BDF23E20
:107B20008A6661BF290CF23E229661BFEA5AF13E95
:107B300098C561BF85A9F03EEAF461BFFBF7EF3E4F
:107B40001A2462BF4C46EF3E265362BF7994EE3E44
:107B5000108262BF80E2ED3ED7B062BF6330ED3E7F
:107B60007BDF62BF217EEC3EFC0D63BFBBCBEB3EF7
:107B70005A3C63BF3019EB3E956A63BF8166EA3EAB
:107B8000AC9863BFAEB3E93EA1C663BFB700E93EA0
:107B900073F463BF9C4DE83E212264BF5D9AE73ECB
:107BA000AC4F64BFFBE6E63E147D64BF7533E63E32
:107BB00059AA64BFCB7FE53E7BD764BFFECBE43ED2
:107BC000790465BF0E18E43E543165BFFA63E33EA5
:107BD0000B5E65BFC4AFE23EA08A65BF6AFBE13EB3
:107BE00010B765BFEE46E13E5EE365BF4F92E03EF3
:107BF000880F66BF8DDDDF3E8E3B66BFA928DF3E66
:107C0000716766BFA273DE3E309366BF79BEDD3E0C
:107C1000CCBE66BF2E09DD3E45EA66BFC153DC3EE1
:107C2000991567BF319EDB3ECA4067BF80E8DA3EE8
:107C3000D86B67BFAD32DA3EC19667BFB97CD93E1B
:107C400087C167BFA3C6D83E2AEC67BF6B10D83E7A
:107C5000A81668BF135AD73E034168BF99A3D63E02
:107C6000396B68BFFDECD53E4C9568BF4136D53EBB
:107C70003CBF68BF647FD43E07E968BF67C8D33E96
:107C8000AE1269BF4811D33E323C69BF095AD23E99
:107C9000916569BFAAA2D13ECC8E69BF2AEBD03EC6
:107CA000E4B769BF8A33D03ED7E069BFCA7BCF3E15
:107CB000A7096ABFEAC3CE3E52326ABFEA0BCE3E84
:107CC000D95A6ABFCA53CD3E3C836ABF8B9BCC3E18
:107CD0007BAB6ABF2CE3CB3E95D36ABFAE2ACB3ECB
:107CE0008CFB6ABF1072CA3E5E236BBF53B9C93E9C
:107CF0000C4B6BBF7700C93E95726BBF7C47C83E8B
:107D0000FB996BBF628EC73E3BC16BBF29D5C63E98
:107D100058E86BBFD21BC63E500F6CBF5C62C53EBD
:107D200024366CBFC8A8C43ED45C6CBF15EFC33EFC
:107D30005E836CBF4435C33EC5A96CBF557BC23E54
:107D400007D06CBF48C1C13E24F66CBF1E07C13EC0
:107D50001D1C6DBFD54CC03EF2416DBF6F92BF3E42
:107D6000A1676DBFEBD7BE3E2D8D6DBF4A1DBE3ED8
:107D700093B26DBF8B62BD3ED5D76DBFAFA7BC3E82
:107D8000F2FC6DBFB6ECBB3EEB216EBFA031BB3E3B
:107D9000BE466EBF6E76BA3E6D6B6EBF1EBBB93E01
:107DA000F88F6EBFB2FFB83E5DB46EBF2A44B83ED6
:107DB0009ED86EBF8488B73EBAFC6EBFC3CCB63EB9
:107DC000B0206FBFE610B63E83446FBFEC54B53EA3
:107DD00030686FBFD698B43EB88B6FBFA5DCB33E9A
:107DE0001BAF6FBF5820B33E5AD26FBFEF63B23E96
:107DF00073F56FBF6BA7B13E671870BFCBEAB03E9B
:107E0000373B70BF102EB03EE15D70BF3A71AF3EA0
:107E1000668070BF49B4AE3EC6A270BF3CF7AD3EAF
:107E200002C570BF153AAD3E17E770BFD47CAC3EBB
:107E3000080971BF77BFAB3ED42A71BF0102AB3EC8
:107E40007A4C71BF6F44AA3EFB6D71BFC486A93ED8
:107E5000578F71BFFEC8A83E8EB071BF1F0BA83EE2
:107E60009FD171BF254DA73E8CF271BF128FA63EE8
:107E7000521372BFE5D0A53EF43372BF9F12A53EE8
:107E8000705472BF3F54A43EC77472BFC595A33EE1
:107E9000F89472BF33D7A23E04B572BF8718A23ED2
:107EA000EBD472BFC259A13EACF472BFE59AA03EBA
:107EB000471473BFEEDB9F3EBE3373BFDF1C9F3E94
:107EC0000E5373BFB85D9E3E397273BF789E9D3E60
:107ED0003F9173BF20DF9C3E1FB073BFAF1F9C3E1E
:107EE000D9CE73BF27609B3E6EED73BF86A09A3ECE
:107EF000DD0B74BFCEE0993E272A74BFFE20993E69
:107F00004B4874BF1661983E496674BF17A1973EEF
:107F1000228474BF00E1963ED5A174BFD220963E64
:107F200062BF74BF8D60953EC9DC74BF31A0943EC2
:107F30000BFA74BFBFDF933E271775BF351F933E03
:107F40001D3475BF945E923EED5075BFDD9D913E30
:107F5000976D75BF10DD903E1C8A75BF2C1C903E3E
:107F60007BA675BF325B8F3EB3C275BF229A8E3E31
:107F7000C6DE75BFFCD88D3EB3FA75BFC0178D3E07
:107F80007A1676BF6E568C3E1B3276BF07958B3EB7
:107F9000974D76BF8AD38A3EEC6876BFF8118A3E49
:107FA0001B8476BF5050893E249F76BF938E883EB7
:107FB00007BA76BFC1CC873EC4D476BFDA0A873E03
:107FC0005BEF76BFDF48863ECC0977BFCE86853E25
:107FD000172477BFAAC4843E3C3E77BF7002843E1C
:107FE0003A5877BF2240833E137277BFC07D823EEE
:107FF000C58B77BF4ABB813E51A577BFC0F8803E95
:10800000B7BE77BF2236803EF7D777BFE1E67E3E28
:1080100010F177BF56617D3E040A78BFA4DB7B3E3A
:10802000D12278BFCB557A3E773B78BFCCCF783E14
:10803000F85378BFA649773E526C78BF5AC3753E55
:10804000868478BFE83C743E939C78BF51B6723EFC
:108050007BB478BF942F713E3BCC78BFB2A86F3E03
:10806000D6E378BFAB216E3E4AFB78BF7F9A6C3E69
:10807000981279BF2F136B3EBF2979BFBA8B693E27
:10808000C04079BF2204683E9A5779BF667C663E3D
:108090004E6E79BF86F4643EDC8479BF836C633EA8
:1080A000439B79BF5CE4613E83B179BF135C603E62
:1080B0009DC779BFA8D35E3E91DD79BF1A4B5D3E67
:1080C0005EF379BF6AC25B3E04097ABF97395A3EB4
:1080D000841E7ABFA4B0583EDD337ABF8F27573E47
:1080E00010497ABF589E553E1C5E7ABF0115543E1A
:1080F00002737ABF898B523EC1877ABFF101513E2C
:10810000599C7ABF38784F3ECBB07ABF60EE4D3E77
:1081100016C57ABF67644C3E3AD97ABF4FDA4A3EF9
:1081200037ED7ABF1850493E0E017BBFC2C5473EAE
:10813000BE147BBF4D3B463E48287BBFB9B0443E92
:10814000AB3B7BBF0726433EE74E7BBF379B413EA1
:10815000FC617BBF4910403EEA747BBF3E853E3EDA
:10816000B2877BBF15FA3C3E539A7BBFCF6E3B3E36
:10817000CDAC7BBF6CE3393E20BF7BBFEC57383EB4
:108180004DD17BBF50CC363E53E37BBF9840353E4C
:1081900031F57BBFC4B4333EE9067CBFD428323E00
:1081A0007A187CBFC99C303EE5297CBFA2102F3EC7
:1081B000283B7CBF61842D3E444C7CBF04F82B3EA1
:1081C0003A5D7CBF8D6B2A3E086E7CBFFCDE283E8C
:1081D000B07E7CBF5152273E318F7CBF8CC5253E7F
:1081E0008A9F7CBFAD38243EBDAF7CBFB6AB223E7C
:1081F000C9BF7CBFA51E213EAECF7CBF7B911F3E79
:108200006CDF7CBF38041E3E03EF7CBFDE761C3E75
:1082100073FE7CBF6BE91A3EBC0D7DBFE05B193E6F
:10822000DD1C7DBF3DCE173ED82B7DBF8340163E63
:10823000AC3A7DBFB2B2143E59497DBFCA24133E49
:10824000DE577DBFCC96113E3D667DBFB708103E20
:1082500074747DBF8B7A0E3E85827DBF4AEC0C3EE6
:108260006E907DBFF35D0B3E309E7DBF86CF093E95
:10827000CCAB7DBF0541083E40B97DBF6EB2063E26
:108280008CC67DBFC223053EB2D37DBF0295033E9F
:10829000B1E07DBF2E06023E88ED7DBF4577003EF2
:1082A00038FA7DBF92D0FD3DC2067EBF73B2FA3D63
:1082B00024137EBF2C94F73D5E1F7EBFC075F43D36
:1082C000722B7EBF2E57F13D5E377EBF7638EE3D76
:1082D00023437EBF9A19EB3DC14E7EBF9AFAE73D1C
:1082E000385A7EBF76DBE43D88657EBF2EBCE13D1B
:1082F000B0707EBFC49CDE3DB17B7EBF377DDB3D71
:108300008B867EBF895DD83D3D917EBFB93DD53D11
:10831000C99B7EBFC81DD23D2DA67EBFB7FDCE3DF9
:1083200069B07EBF86DDCB3D7FBA7EBF36BDC83D1E
:108330006DC47EBFC69CC53D34CE7EBF397CC23D78
:10834000D4D77EBF8D5BBF3D4CE17EBFC33ABC3D01
:108350009DEA7EBFDD19B93DC7F37EBFDAF8B53DB2
:10836000C9FC7EBFBBD7B23DA4057FBF80B6AF3D81
:10837000580E7FBF2B95AC3DE4167FBFBA73A93D65
:10838000491F7FBF3052A63D87277FBF8C30A33D5A
:108390009D2F7FBFCF0EA03D8D377FBFF9EC9C3D59
:1083A000543F7FBF0ACB993DF4467FBF05A9963D58
:1083B0006D4E7FBFE786933DBF557FBFB464903D50
:1083C000E95C7FBF6A428D3DEC637FBF0A208A3D36
:1083D000C76A7FBF94FD863D7B717FBF0ADB833D0B
:1083E00008787FBF6CB8803D6D7E7FBF742B7B3D6E
:1083F000AB847FBFE9E5743DC28A7FBF38A06E3D84
:10840000B1907FBF625A683D78967FBF6814623D25
:10841000189C7FBF4CCE5B3D91A17FBF0E88553D20
:10842000E3A67FBFAF414F3D0DAC7FBF2FFB483D63
:108430000FB17FBF91B4423DEAB57FBFD56D3C3DE2
:108440009EBA7FBFFC26363D2ABF7FBF07E02F3D87
:108450008FC37FBFF698293DCCC77FBFCC51233D4A
:10846000E2CB7FBF880A1D3DD1CF7FBF2CC3163D15
:1084700098D37FBFB87B103D37D77FBF2F340A3DDD
:10848000AFDA7FBF90EC033D00DE7FBFB949FB3C14
:1084900029E17FBF2DBAEE3C2BE47FBF7B2AE23C73
:1084A00005E77FBFA69AD53CB8E97FBFB00AC93CB3
:1084B00043EC7FBF9B7ABC3CA7EE7FBF69EAAF3C31
:1084C000E3F07FBF1C5AA33CF8F27FBFB6C9963CCD
:1084D000E6F47FBF38398A3CACF67FBF4B517B3C1A
:1084E0004AF87FBF0030623CC1F97FBF900E493C23
:1084F00011FB7FBF02ED2F3C39FC7FBF59CB163CEF
:1085000039FD7FBF3053FB3B13FE7FBF890FC93B53
:10851000C4FE7FBFC1CB963B4EFF7FBFC70F493B19
:10852000B1FF7FBFD40FC93AECFF7FBF000000004E
:10853000920E493CB10AC93C2BC3163D2EFB483D67
:10854000752B7B3D04A9963D80B6AF3D36BDC83D39
:108550002FBCE13D73B2FA3D87CF093E8340163E02
:10856000B5AB223EA2102F3ECF6E3B3EC2C5473E6A
:108570000115543E135C603E7F9A6C3ECCCF783E32
:10858000C07D823E938E883E229A8E3E32A0943EDB
:1085900086A09A3EE59AA03E128FA63ED47CAC3EC1
:1085A000EF63B23E2A44B83E491DBE3E15EFC33EBE
:1085B00053B9C93ECA7BCF3E4136D53E80E8DA3E4C
:1085C0004F92E03E7533E63EBBCBEB3EEA5AF13EBE
:1085D000CBE0F63E275DFC3EE4E7003F3D9C033FD9
:1085E000824B063F9BF5083F6B9A0B3FDA390E3FF3
:1085F000CDD3103F2A68133FD9F6153FC07F183FEF
:10860000C6021B3FD17F1D3FCBF61F3F9967223F1C
:1086100025D2243F5636273F1594293F4AEB2B3F5E
:10862000DE3B2E3FBB85303FC9C8323FF304353FA8
:10863000233A373F4268393F3B8F3B3FF9AE3D3FDE
:1086400067C73F3F70D8413F01E2433F03E4453FE6
:1086500065DE473F12D1493FF8BB4B3F029F4D3F7C
:10866000207A4F3F3D4D513F4918533F31DB543F36
:10867000E595563F5348583F6AF2593F1A945B3F7D
:10868000532D5D3F05BE5E3F2146603F97C5613F6C
:108690005A3C633F59AA643F880F663FD86B673FD7
:1086A0003CBF683FA7096A3F0C4B6B3F5E836C3F42
:1086B00093B26D3F9ED86E3F73F56F3F0809713FCF
:1086C0005213723F4714733FDD0B743F0BFA743F34
:1086D000C6DE753F07BA763FC58B773FF853783FC4
:1086E0009812793F9DC7793F02737A3FBE147B3F52
:1086F000CDAC7B3F283B7C3FC9BF7C3FAC3A7D3F44
:10870000CCAB7D3F23137E3FB0707E3F6DC47E3F78
:10871000580E7F3F6D4E7F3FAB847F3F0FB17F3F51
:1087200097D37F3F43EC7F3F11FB7F3F0000803FAB
:1087300011FB7F3F43EC7F3F97D37F3F0FB17F3FDC
:10874000AB847F3F6D4E7F3F580E7F3F6DC47E3FB1
:10875000B0707E3F23137E3FCCAB7D3FAC3A7D3F74
:10876000C9BF7C3F283B7C3FCDAC7B3FBE147B3FE9
:1087700002737A3F9DC7793F9812793FF853783F4B
:10878000C58B773F07BA763FC6DE753F0BFA743F5D
:10879000DD0B743F4714733F5213723F0809713F5A
:1087A00073F56F3F9ED86E3F93B26D3F5E836C3F13
:1087B0000C4B6B3FA7096A3F3CBF683FD86B673FD4
:1087C000880F663F59AA643F5A3C633F97C5613F93
:1087D0002146603F05BE5E3F532D5D3F1A945B3FCF
:1087E0006AF2593F5348583FE595563F31DB543FB5
:1087F0004918533F3D4D513F207A4F3F029F4D3F17
:10880000F8BB4B3F12D1493F65DE473F03E4453F8C
:1088100001E2433F70D8413F67C73F3FF9AE3D3F5C
:108820003B8F3B3F4268393F233A373FF304353FA4
:10883000C9C8323FBB85303FDE3B2E3F4AEB2B3F62
:108840001594293F5636273F25D2243F9967223F6A
:10885000CBF61F3FD17F1D3FC6021B3FC07F183F95
:10886000D9F6153F2A68133FCDD3103FDA390E3FB2
:108870006B9A0B3F9BF5083F824B063F3D9C033FA5
:10888000E4E7003F275DFC3ECBE0F63EEA5AF13ECE
:10889000BBCBEB3E7533E63E4F92E03E80E8DA3EDE
:1088A0004136D53ECA7BCF3E53B9C93E15EFC33ED4
:1088B000491DBE3E2A44B83EEF63B23ED47CAC3E76
:1088C000128FA63EE59AA03E86A09A3E32A0943E24
:1088D000229A8E3E938E883EC07D823ECCCF783EDB
:1088E0007F9A6C3E135C603E0115543EC2C5473E04
:1088F000CF6E3B3EA2102F3EB5AB223E8340163ECC
:1089000087CF093E73B2FA3D2FBCE13D36BDC83D6D
:1089100080B6AF3D04A9963D752B7B3D2EFB483DAF
:108920002BC3163DB10AC93C920E493C0000000021
:10893000920E49BCB10AC9BC2BC316BD2EFB48BD63
:10894000752B7BBD04A996BD80B6AFBD36BDC8BD35
:108950002FBCE1BD73B2FABD87CF09BE834016BEFE
:10896000B5AB22BEA2102FBECF6E3BBEC2C547BE66
:10897000011554BE135C60BE7F9A6CBECCCF78BE2E
:10898000C07D82BE938E88BE229A8EBE32A094BED7
:1089900086A09ABEE59AA0BE128FA6BED47CACBEBD
:1089A000EF63B2BE2A44B8BE491DBEBE15EFC3BEBA
:1089B00053B9C9BECA7BCFBE4136D5BE80E8DABE48
:1089C0004F92E0BE7533E6BEBBCBEBBEEA5AF1BEBA
:1089D000CBE0F6BE275DFCBEE4E700BF3D9C03BFD5
:1089E000824B06BF9BF508BF6B9A0BBFDA390EBFEF
:1089F000CDD310BF2A6813BFD9F615BFC07F18BFEB
:108A0000C6021BBFD17F1DBFCBF61FBF996722BF18
:108A100025D224BF563627BF159429BF4AEB2BBF5A
:108A2000DE3B2EBFBB8530BFC9C832BFF30435BFA4
:108A3000233A37BF426839BF3B8F3BBFF9AE3DBFDA
:108A400067C73FBF70D841BF01E243BF03E445BFE2
:108A500065DE47BF12D149BFF8BB4BBF029F4DBF78
:108A6000207A4FBF3D4D51BF491853BF31DB54BF32
:108A7000E59556BF534858BF6AF259BF1A945BBF79
:108A8000532D5DBF05BE5EBF214660BF97C561BF68
:108A90005A3C63BF59AA64BF880F66BFD86B67BFD3
:108AA0003CBF68BFA7096ABF0C4B6BBF5E836CBF3E
:108AB00093B26DBF9ED86EBF73F56FBF080971BFCB
:108AC000521372BF471473BFDD0B74BF0BFA74BF30
:108AD000C6DE75BF07BA76BFC58B77BFF85378BFC0
:108AE000981279BF9DC779BF02737ABFBE147BBF4E
:108AF000CDAC7BBF283B7CBFC9BF7CBFAC3A7DBF40
:108B0000CCAB7DBF23137EBFB0707EBF6DC47EBF74
:108B1000580E7FBF6D4E7FBFAB847FBF0FB17FBF4D
:108B200097D37FBF43EC7FBF11FB7FBF000080BFA7
:108B300011FB7FBF43EC7FBF97D37FBF0FB17FBFD8
:108B4000AB847FBF6D4E7FBF580E7FBF6DC47EBFAD
:108B5000B0707EBF23137EBFCCAB7DBFAC3A7DBF70
:108B6000C9BF7CBF283B7CBFCDAC7BBFBE147BBFE5
:108B700002737ABF9DC779BF981279BFF85378BF47
:108B8000C58B77BF07BA76BFC6DE75BF0BFA74BF59
:108B9000DD0B74BF471473BF521372BF080971BF56
:108BA00073F56FBF9ED86EBF93B26DBF5E836CBF0F
:108BB0000C4B6BBFA7096ABF3CBF68BFD86B67BFD0
:108BC000880F66BF59AA64BF5A3C63BF97C561BF8F
:108BD000214660BF05BE5EBF532D5DBF1A945BBFCB
:108BE0006AF259BF534858BFE59556BF31DB54BFB1
:108BF000491853BF3D4D51BF207A4FBF029F4DBF13
:108C0000F8BB4BBF12D149BF65DE47BF03E445BF88
:108C100001E243BF70D841BF67C73FBFF9AE3DBF58
:108C20003B8F3BBF426839BF233A37BFF30435BFA0
:108C3000C9C832BFBB8530BFDE3B2EBF4AEB2BBF5E
:108C4000159429BF563627BF25D224BF996722BF66
:108C5000CBF61FBFD17F1DBFC6021BBFC07F18BF91
:108C6000D9F615BF2A6813BFCDD310BFDA390EBFAE
:108C70006B9A0BBF9BF508BF824B06BF3D9C03BFA1
:108C8000E4E700BF275DFCBECBE0F6BEEA5AF1BECA
:108C9000BBCBEBBE7533E6BE4F92E0BE80E8DABEDA
:108CA0004136D5BECA7BCFBE53B9C9BE15EFC3BED0
:108CB000491DBEBE2A44B8BEEF63B2BED47CACBE72
:108CC000128FA6BEE59AA0BE86A09ABE32A094BE20
:108CD000229A8EBE938E88BEC07D82BECCCF78BED7
:108CE0007F9A6CBE135C60BE011554BEC2C547BE00
:108CF000CF6E3BBEA2102FBEB5AB22BE834016BEC8
:108D000087CF09BE73B2FABD2FBCE1BD36BDC8BD69
:108D100080B6AFBD04A996BD752B7BBD2EFB48BDAB
:108D20002BC316BDB10AC9BC920E49BC000000801D
:108D300000000000201D9201BF2A24035D19B60423
:108D40007CD947069E5BD90749906A090568FB0AEA
:108D50005ED38B0CE4C21B0E2B27AB0FCFF0391167
:108D60006F10C812B17655144514E215DED96D178F
:108D70003CB8F81826A0821A6A820B1CE54F931D96
:108D80007BF9191F1C709F20C5A423227F88A6236E
:108D90005E0C28258621A82628B9262885C4A32963
:108DA000EB341F2BBAFB982C620A112E6252872FCC
:108DB0004DC5FB30C7546E3287F2DE3357904D35C8
:108DC0001420BA36B093243832DD8C39B7EEF23A3B
:108DD00070BA563CA632B83DB849173F1DF27340F1
:108DE000651ECE4135C1254350CD7A448F35CD45E2
:108DF000E7EC1C4765E669483315B449986CFB4AB3
:108E0000F4DF3F4CC462814DA5E8BF4E4D65FB4F7A
:108E100094CC33516E126952F02A9B534B0ACA54B8
:108E2000D2A4F555FAEE1D5754DD425898646459A2
:108E30009A79825A54119D5BE020B45C7C9DC75D99
:108E40008A7CD75E8DB3E35F3038EC603F00F16120
:108E5000AC01F2629032EF632689E864D3FBDD65F2
:108E60002081CF66BD0FBD67819EA6686C248C698A
:108E7000A4986D6A79F24A6B6029246CFC34F96C11
:108E8000140DCA6D9DA9966EB2025F6F9A10237081
:108E9000C6CBE270D22C9E71852C5572D0C307735D
:108EA000D1EBB573D19D5F7445D30475CF85A5759E
:108EB0003DAF41768949D976DB4E6C7789B9FA772F
:108EC000148484782DA90979B1238A79ADEE057AC5
:108ED0005B057D7A2363EF7A9E035D7B90E2C57B21
:108EE000EEFB297CDE4B897CB2CEE37CEC80397DC5
:108EF000405F8A7D8F66D67DEA931D7E93E45F7E18
:108F0000FC559D7EC6E5D57EC491097FF657387F16
:108F10008F36627FF32B877FB436A77F9655C27F4B
:108F20008E87D87FC0CBE97F8221F67F5A88FD7F6C
:108F3000FFFFFF7F5A88FD7F8221F67FC0CBE97F4C
:108F40008E87D87F9655C27FB436A77FF32B877F55
:108F50008F36627FF657387FC491097FC6E5D57E8C
:108F6000FC559D7E93E45F7EEA931D7E8F66D67DE1
:108F7000405F8A7DEC80397DB2CEE37CDE4B897C1C
:108F8000EEFB297C90E2C57B9E035D7B2363EF7A39
:108F90005B057D7AADEE057AB1238A792DA9097931
:108FA0001484847889B9FA77DB4E6C778949D9764D
:108FB0003DAF4176CF85A57545D30475D19D5F74CE
:108FC000D1EBB573D0C30773852C5572D22C9E712B
:108FD000C6CBE2709A102370B2025F6F9DA9966EA5
:108FE000140DCA6DFC34F96C6029246C79F24A6B5B
:108FF000A4986D6A6C248C69819EA668BD0FBD67BC
:109000002081CF66D3FBDD652689E8649032EF636B
:10901000AC01F2623F00F1613038EC608DB3E35F88
:109020008A7CD75E7C9DC75DE020B45C54119D5B5B
:109030009A79825A9864645954DD4258FAEE1D5761
:10904000D2A4F5554B0ACA54F02A9B536E126952AA
:1090500094CC33514D65FB4FA5E8BF4EC462814DA2
:10906000F4DF3F4C986CFB4A3315B44965E6694818
:10907000E7EC1C478F35CD4550CD7A4435C12543AB
:10908000651ECE411DF27340B849173FA632B83D68
:1090900070BA563CB7EEF23A32DD8C39B0932438D0
:1090A0001420BA3657904D3587F2DE33C7546E32EE
:1090B0004DC5FB306252872F620A112EBAFB982CE5
:1090C000EB341F2B85C4A32928B926288621A8267E
:1090D0005E0C28257F88A623C5A423221C709F2010
:1090E0007BF9191FE54F931D6A820B1C26A0821A7B
:1090F0003CB8F818DED96D174514E215B176551451
:109100006F10C812CFF039112B27AB0FE4C21B0E22
:109110005ED38B0C0568FB0A49906A099E5BD907F0
:109120007CD947065D19B604BF2A2403201D92018D
:1091300000000000E0E26DFE41D5DBFCA3E649FB48
:109140008426B8F962A426F8B76F95F6FB9704F564
:10915000A22C74F31C3DE4F1D5D854F0310FC6EEC7
:1091600091EF37ED4F89AAEBBBEB1DEA222692E87F
:10917000C44707E7DA5F7DE5967DF4E31BB06CE258
:109180008506E6E0E48F60DF3B5BDCDD817759DC60
:10919000A2F3D7DA7ADE57D9D846D9D77B3B5CD64B
:1091A00015CBE0D4460467D39EF5EED19EAD78D0C2
:1091B000B33A04CF39AB91CD790D21CCA96FB2CAA6
:1091C000ECDF45C9506CDBC7CE2273C649110DC513
:1091D0009045A9C35ACD47C248B6E8C0E30D8CBF3D
:1091E0009BE131BECB3EDABCB03285BB71CA32BA2C
:1091F0001913E3B89B1996B7CDEA4BB6689304B53B
:109200000C20C0B33C9D7EB25B1740B1B39A04B052
:109210006C33CCAE92ED96AD10D564ACB5F535ABF4
:109220002E5B0AAA0611E2A8AC22BDA7689B9BA6EA
:1092300066867DA5ACEE62A420DF4BA3846238A2D3
:10924000768328A1734C1CA0D0C7139FC1FF0E9E2C
:1092500054FE0D9D70CD109CDA76179B2D04229A3A
:10926000E07E309943F042987F61599794DB739682
:109270005C679295870DB594A0D6DB9304CB0693DB
:10928000ECF23592635669914EFDA09066EFDC8F4B
:109290003A341D8F2ED3618E7BD3AA8D303CF88C4F
:1092A0002F144A8C2F62A08BBB2CFB8A317A5A8AEE
:1092B000C350BE8977B6268925B19388774605883D
:1092C000EC7B7B87D356F6864FDC75865311FA8587
:1092D000A5FA8285DD9C108562FCA284701D3A840B
:1092E0001204D68322B476834E311C83147FC68247
:1092F000C0A0758271992982166CE2816D1BA081D4
:1093000004AA62813A1A2A813C6EF6800AA8C780B4
:1093100071C99D800DD478804CC958806AAA3D805F
:1093200072782780403416807EDE0980A67702801E
:1093300000000080A67702807EDE0980403416801F
:10934000727827806AAA3D804CC958800DD47880F5
:1093500071C99D800AA8C7803C6EF6803A1A2A819E
:1093600004AA62816D1BA081166CE2817199298229
:10937000C0A07582147FC6824E311C8322B47683CE
:109380001204D683701D3A8462FCA284DD9C108591
:10939000A5FA82855311FA854FDC7586D356F68679
:1093A000EC7B7B877746058825B1938877B626893D
:1093B000C350BE89317A5A8ABB2CFB8A2F62A08B9C
:1093C0002F144A8C303CF88C7BD3AA8D2ED3618E1F
:1093D0003A341D8F66EFDC8F4EFDA0906356699185
:1093E000ECF2359204CB0693A0D6DB93870DB594AF
:1093F0005C67929594DB73967F61599743F042982E
:10940000E07E30992D04229ADA76179B70CD109C5D
:1094100054FE0D9DC1FF0E9ED0C7139F734C1CA020
:10942000768328A1846238A220DF4BA3ACEE62A42D
:1094300066867DA5689B9BA6AC22BDA70611E2A807
:109440002E5B0AAAB5F535AB10D564AC92ED96AD9E
:109450006C33CCAEB39A04B05B1740B13C9D7EB286
:109460000C20C0B3689304B5CDEA4BB69B1996B7F0
:109470001913E3B871CA32BAB03285BBCB3EDABC3D
:109480009BE131BEE30D8CBF48B6E8C05ACD47C260
:109490009045A9C349110DC5CE2273C6506CDBC7D8
:1094A000ECDF45C9A96FB2CA790D21CC39AB91CD9A
:1094B000B33A04CF9EAD78D09EF5EED1460467D383
:1094C00015CBE0D47B3B5CD6D846D9D77ADE57D9CA
:1094D000A2F3D7DA817759DC3B5BDCDDE48F60DF18
:1094E0008506E6E01BB06CE2967DF4E3DA5F7DE58D
:1094F000C44707E7222692E8BBEB1DEA4F89AAEB97
:1095000091EF37ED310FC6EED5D854F01C3DE4F1A4
:10951000A22C74F3FB9704F5B76F95F662A426F8B6
:109520008426B8F9A3E649FB41D5DBFCE0E26DFEF9
:1095300000000000000092012403B6044806D90789
:109540006B09FB0A8C0C1C0EAB0F3A11C812551498
:10955000E2156E17F918831A0C1C931D1A1F9F2011
:109560002422A7232825A8262728A4291F2B992CA5
:10957000112E872FFC306E32DF334E35BA36253848
:109580008D39F33A573CB83D173F7440CE412643DE
:109590007B44CD451D476A48B449FB4A404C814D48
:1095A000C04EFB4F345169529B53CA54F6551E5757
:1095B00043586459825A9D5BB45CC85DD75EE45FD2
:1095C000EC60F161F262EF63E964DE65D066BD676D
:1095D000A7688C696E6A4B6B246CF96CCA6D976EC8
:1095E0005F6F2370E3709E7155720873B673607479
:1095F0000575A6754276D9766C77FB7785780A79FA
:109600008A79067A7D7AEF7A5D7BC67B2A7C897CB3
:10961000E47C3A7D8A7DD67D1E7E607E9D7ED67EF0
:109620000A7F387F627F877FA77FC27FD97FEA7FEB
:10963000F67FFE7FFF7FFE7FF67FEA7FD97FC27FC6
:10964000A77F877F627F387F0A7FD67E9D7E607E80
:109650001E7ED67D8A7D3A7DE47C897C2A7CC67B11
:109660005D7BEF7A7D7A067A8A790A798578FB774D
:109670006C77D9764276A67505756074B6730873F3
:1096800055729E71E37023705F6F976ECA6DF96CAF
:10969000246C4B6B6E6A8C69A768BD67D066DE650B
:1096A000E964EF63F262F161EC60E45FD75EC85D8C
:1096B000B45C9D5B825A645943581E57F655CA5490
:1096C0009B5369523451FB4FC04E814D404CFB4A75
:1096D000B4496A481D47CD457B442643CE4174407A
:1096E000173FB83D573CF33A8D392538BA364E35D9
:1096F000DF336E32FC30872F112E992C1F2BA429BB
:109700002728A8262825A72324229F201A1F931D37
:109710000C1C831AF9186E17E2155514C8123A1169
:10972000AB0F1C0E8C0CFB0A6B09D9074806B6045C
:109730002403920100006EFEDCFC4AFBB8F927F816
:1097400095F605F574F3E4F155F0C6EE38EDABEBA4
:109750001EEA92E807E77DE5F4E36DE2E6E061DF0B
:10976000DCDD59DCD8DA58D9D9D75CD6E1D467D357
:10977000EFD179D004CF92CD21CCB2CA46C9DBC794
:1097800073C60DC5A9C348C2E9C08CBF32BEDABCDE
:1097900085BB33BAE3B896B74CB605B5C0B37FB254
:1097A00040B105B0CCAE97AD65AC36AB0AAAE2A825
:1097B000BDA79CA67EA563A44CA338A229A11CA08A
:1097C000149F0F9E0E9D119C179B229A30994398CF
:1097D000599774969295B594DC9307933692699154
:1097E000A190DD8F1D8F628EAB8DF88C4A8CA08B83
:1097F000FB8A5A8ABE892789948805887B87F686E2
:109800007686FA8583851185A3843A84D683778307
:109810001C83C68276822A82E281A08163812A81AA
:10982000F680C8809E80798059803E80278016808F
:109830000A800280008002800A80168027803E8095
:10984000598079809E80C880F6802A816381A081BA
:10985000E2812A827682C6821C837783D6833A8409
:10986000A38411858385FA857686F6867B870588AD
:1098700094882789BE895A8AFB8AA08B4A8CF88CE7
:10988000AB8D628E1D8FDD8FA1906991369207930B
:10989000DC93B59492957496599743983099229A8F
:1098A000179B119C0E9D0F9E149F1CA029A138A2EE
:1098B0004CA363A47EA59CA6BDA7E2A80AAA36ABCA
:1098C00065AC97ADCCAE05B040B17FB2C0B305B5C5
:1098D0004CB696B7E3B833BA85BBDABC32BE8CBFA0
:1098E000E9C048C2A9C30DC573C6DBC746C9B2CA21
:1098F00021CC92CD04CF79D0EFD167D3E1D45CD61F
:10990000D9D758D9D8DA59DCDCDD61DFE6E06DE281
:10991000F4E37DE507E792E81EEAABEB38EDC6EE2F
:1099200055F0E4F174F305F595F627F8B8F94AFB1C
:10993000DCFC6EFE00000000100000006C5200080D
:10994000DC7202081400000020000000EC52000845
:10995000047302083000000040000000EC530008CF
:10996000647302083800000080000000EC55000815
:10997000D4730208D000000000010000EC59000878
:1099800074750208B801000000020000EC610008D4
:10999000E4780208C001000000040000EC71000837
:1099A000647C02080807000000080000EC91000831
:1099B000748A0208E00E000000100000ECD10008DC
:1099C00034A80208C00F000010000000EC5101088C
:1099D000B4C702080C000000200000004C5201082F
:1099E000CCC7020818000000400000000C5301081A
:1099F000FCC7020838000000800000008C540108F9
:109A00006CC8020870000000000100008C570108BB
:109A10004CC90208F0000000000200008C5D010843
:109A20002CCB0208E0010000000400008C69010852
:109A3000ECCE0208E0030000000800008C81010861
:109A4000ACD60208C0070000001000008CB101086D
:109A50002CE60208C00F0000100000008C11020864
:109A6000B4C702080C00000020000000BC1102086E
:109A7000CCC7020818000000400000001C120208B9
:109A8000FCC702083800000080000000DC12020859
:109A90006CC8020870000000000100005C1402089D
:109AA0004CC90208F0000000000200005C17020828
:109AB0002CCB0208E0010000000400005C1D02083D
:109AC000ECCE0208E0030000000800005C29020858
:109AD000ACD60208C0070000001000005C4102087C
:109AE0002CE60208C00F000002400000000000A0A9
:109AF0000000000005400000000000C80000000059
:109B00000C4000000000409C0000000019400000D4
:109B10000020BCBE0000000034400000BFC91B8E06
:109B200000000004B5400000504BCFD06607E2CFE4
:109B3000010000006C4100003E8251AADFEEA73414
:109B400001000000D9420000DCB5A0E23A301F97C6
:109B5000FFFFFFFFB4450000FD25A0C8E9A3C14FEA
:109B6000FFFFFFFFFF3F000000000080000000003B
:109B7000FF3F00000000008000000000B89B0308C9
:109B80000000002040000000C4010008F89B03080A
:109B90004000002060500000E00100081C000000B0
:109BA00043000000F8FFFFFF0C0000000E00000063
:109BB0000F0000002E000000007A030A00000000E1
:109BC0000000000001020304060708090000803FAE
:109BD0000000000000000000000080BF000080BF07
:109BE0000000000000000000010203040102030461
:089BF00006070809000000004F
:040000050800018965
:00000001FF
