Copyright 1986-2020 Xilinx, Inc. All Rights Reserved.
--------------------------------------------------------------------------------------------------------------------------------------------------------------------------------
| Tool Version : Vivado v.2020.2 (win64) Build 3064766 Wed Nov 18 09:12:45 MST 2020
| Date         : Sun Jun  1 22:39:35 2025
| Host         : XIAOXINpro14 running 64-bit major release  (build 9200)
| Command      : report_timing_summary -max_paths 10 -file cpu_timing_summary_routed.rpt -pb cpu_timing_summary_routed.pb -rpx cpu_timing_summary_routed.rpx -warn_on_violation
| Design       : cpu
| Device       : 7a100t-csg324
| Speed File   : -1  PRODUCTION 1.23 2018-06-13
--------------------------------------------------------------------------------------------------------------------------------------------------------------------------------

Timing Summary Report

------------------------------------------------------------------------------------------------
| Timer Settings
| --------------
------------------------------------------------------------------------------------------------

  Enable Multi Corner Analysis               :  Yes
  Enable Pessimism Removal                   :  Yes
  Pessimism Removal Resolution               :  Nearest Common Node
  Enable Input Delay Default Clock           :  No
  Enable Preset / Clear Arcs                 :  No
  Disable Flight Delays                      :  No
  Ignore I/O Paths                           :  No
  Timing Early Launch at Borrowing Latches   :  No
  Borrow Time for Max Delay Exceptions       :  Yes
  Merge Timing Exceptions                    :  Yes

  Corner  Analyze    Analyze    
  Name    Max Paths  Min Paths  
  ------  ---------  ---------  
  Slow    Yes        Yes        
  Fast    Yes        Yes        



check_timing report

Table of Contents
-----------------
1. checking no_clock (16)
2. checking constant_clock (0)
3. checking pulse_width_clock (0)
4. checking unconstrained_internal_endpoints (16)
5. checking no_input_delay (1)
6. checking no_output_delay (12)
7. checking multiple_clock (0)
8. checking generated_clocks (0)
9. checking loops (0)
10. checking partial_input_delay (0)
11. checking partial_output_delay (0)
12. checking latch_loops (0)

1. checking no_clock (16)
-------------------------
 There are 16 register/latch pins with no clock driven by root clock pin: cpu_controlunit/stage_reg[0]/Q (HIGH)


2. checking constant_clock (0)
------------------------------
 There are 0 register/latch pins with constant_clock.


3. checking pulse_width_clock (0)
---------------------------------
 There are 0 register/latch pins which need pulse_width check


4. checking unconstrained_internal_endpoints (16)
-------------------------------------------------
 There are 16 pins that are not constrained for maximum delay. (HIGH)

 There are 0 pins that are not constrained for maximum delay due to constant clock.


5. checking no_input_delay (1)
------------------------------
 There is 1 input port with no input delay specified. (HIGH)

 There are 0 input ports with no input delay but user has a false path constraint.


6. checking no_output_delay (12)
--------------------------------
 There are 12 ports with no output delay specified. (HIGH)

 There are 0 ports with no output delay but user has a false path constraint

 There are 0 ports with no output delay but with a timing clock defined on it or propagating through it


7. checking multiple_clock (0)
------------------------------
 There are 0 register/latch pins with multiple clocks.


8. checking generated_clocks (0)
--------------------------------
 There are 0 generated clocks that are not connected to a clock source.


9. checking loops (0)
---------------------
 There are 0 combinational loops in the design.


10. checking partial_input_delay (0)
------------------------------------
 There are 0 input ports with partial input delay specified.


11. checking partial_output_delay (0)
-------------------------------------
 There are 0 ports with partial output delay specified.


12. checking latch_loops (0)
----------------------------
 There are 0 combinational latch loops in the design through latch input



------------------------------------------------------------------------------------------------
| Design Timing Summary
| ---------------------
------------------------------------------------------------------------------------------------

    WNS(ns)      TNS(ns)  TNS Failing Endpoints  TNS Total Endpoints      WHS(ns)      THS(ns)  THS Failing Endpoints  THS Total Endpoints     WPWS(ns)     TPWS(ns)  TPWS Failing Endpoints  TPWS Total Endpoints  
    -------      -------  ---------------------  -------------------      -------      -------  ---------------------  -------------------     --------     --------  ----------------------  --------------------  
      3.507        0.000                      0                 1087        0.174        0.000                      0                 1087        3.750        0.000                       0                   294  


All user specified timing constraints are met.


------------------------------------------------------------------------------------------------
| Clock Summary
| -------------
------------------------------------------------------------------------------------------------

Clock        Waveform(ns)       Period(ns)      Frequency(MHz)
-----        ------------       ----------      --------------
sys_clk_pin  {0.000 5.000}      10.000          100.000         


------------------------------------------------------------------------------------------------
| Intra Clock Table
| -----------------
------------------------------------------------------------------------------------------------

Clock             WNS(ns)      TNS(ns)  TNS Failing Endpoints  TNS Total Endpoints      WHS(ns)      THS(ns)  THS Failing Endpoints  THS Total Endpoints     WPWS(ns)     TPWS(ns)  TPWS Failing Endpoints  TPWS Total Endpoints  
-----             -------      -------  ---------------------  -------------------      -------      -------  ---------------------  -------------------     --------     --------  ----------------------  --------------------  
sys_clk_pin         3.507        0.000                      0                 1087        0.174        0.000                      0                 1087        3.750        0.000                       0                   294  


------------------------------------------------------------------------------------------------
| Inter Clock Table
| -----------------
------------------------------------------------------------------------------------------------

From Clock    To Clock          WNS(ns)      TNS(ns)  TNS Failing Endpoints  TNS Total Endpoints      WHS(ns)      THS(ns)  THS Failing Endpoints  THS Total Endpoints  
----------    --------          -------      -------  ---------------------  -------------------      -------      -------  ---------------------  -------------------  


------------------------------------------------------------------------------------------------
| Other Path Groups Table
| -----------------------
------------------------------------------------------------------------------------------------

Path Group    From Clock    To Clock          WNS(ns)      TNS(ns)  TNS Failing Endpoints  TNS Total Endpoints      WHS(ns)      THS(ns)  THS Failing Endpoints  THS Total Endpoints  
----------    ----------    --------          -------      -------  ---------------------  -------------------      -------      -------  ---------------------  -------------------  


------------------------------------------------------------------------------------------------
| Timing Details
| --------------
------------------------------------------------------------------------------------------------


---------------------------------------------------------------------------------------------------
From Clock:  sys_clk_pin
  To Clock:  sys_clk_pin

Setup :            0  Failing Endpoints,  Worst Slack        3.507ns,  Total Violation        0.000ns
Hold  :            0  Failing Endpoints,  Worst Slack        0.174ns,  Total Violation        0.000ns
PW    :            0  Failing Endpoints,  Worst Slack        3.750ns,  Total Violation        0.000ns
---------------------------------------------------------------------------------------------------


Max Delay Paths
--------------------------------------------------------------------------------------
Slack (MET) :             3.507ns  (required time - arrival time)
  Source:                 cpu_alu/s_result0/CLK
                            (rising edge-triggered cell DSP48E1 clocked by sys_clk_pin  {rise@0.000ns fall@5.000ns period=10.000ns})
  Destination:            cpu_alu/s_result_reg[2]/D
                            (rising edge-triggered cell FDRE clocked by sys_clk_pin  {rise@0.000ns fall@5.000ns period=10.000ns})
  Path Group:             sys_clk_pin
  Path Type:              Setup (Max at Slow Process Corner)
  Requirement:            10.000ns  (sys_clk_pin rise@10.000ns - sys_clk_pin rise@0.000ns)
  Data Path Delay:        6.433ns  (logic 4.257ns (66.173%)  route 2.176ns (33.827%))
  Logic Levels:           2  (LUT4=1 LUT6=1)
  Clock Path Skew:        -0.056ns (DCD - SCD + CPR)
    Destination Clock Delay (DCD):    5.025ns = ( 15.025 - 10.000 ) 
    Source Clock Delay      (SCD):    5.339ns
    Clock Pessimism Removal (CPR):    0.259ns
  Clock Uncertainty:      0.035ns  ((TSJ^2 + TIJ^2)^1/2 + DJ) / 2 + PE
    Total System Jitter     (TSJ):    0.071ns
    Total Input Jitter      (TIJ):    0.000ns
    Discrete Jitter          (DJ):    0.000ns
    Phase Error              (PE):    0.000ns

    Location             Delay type                Incr(ns)  Path(ns)    Netlist Resource(s)
  -------------------------------------------------------------------    -------------------
                         (clock sys_clk_pin rise edge)
                                                      0.000     0.000 r  
    E3                                                0.000     0.000 r  clk_in (IN)
                         net (fo=0)                   0.000     0.000    clk_in
    E3                   IBUF (Prop_ibuf_I_O)         1.482     1.482 r  clk_in_IBUF_inst/O
                         net (fo=1, routed)           2.025     3.506    clk_in_IBUF
    BUFGCTRL_X0Y16       BUFG (Prop_bufg_I_O)         0.096     3.602 r  clk_in_IBUF_BUFG_inst/O
                         net (fo=294, routed)         1.737     5.339    cpu_alu/clk_in_IBUF_BUFG
    DSP48_X0Y38          DSP48E1                                      r  cpu_alu/s_result0/CLK
  -------------------------------------------------------------------    -------------------
    DSP48_X0Y38          DSP48E1 (Prop_dsp48e1_CLK_P[2])
                                                      4.009     9.348 r  cpu_alu/s_result0/P[2]
                         net (fo=1, routed)           1.352    10.700    cpu_decoder/P[2]
    SLICE_X10Y91         LUT6 (Prop_lut6_I3_O)        0.124    10.824 r  cpu_decoder/s_result[2]_i_4/O
                         net (fo=1, routed)           0.824    11.648    cpu_decoder/s_result[2]_i_4_n_0
    SLICE_X7Y92          LUT4 (Prop_lut4_I3_O)        0.124    11.772 r  cpu_decoder/s_result[2]_i_1/O
                         net (fo=1, routed)           0.000    11.772    cpu_alu/s_result_reg[15]_0[2]
    SLICE_X7Y92          FDRE                                         r  cpu_alu/s_result_reg[2]/D
  -------------------------------------------------------------------    -------------------

                         (clock sys_clk_pin rise edge)
                                                     10.000    10.000 r  
    E3                                                0.000    10.000 r  clk_in (IN)
                         net (fo=0)                   0.000    10.000    clk_in
    E3                   IBUF (Prop_ibuf_I_O)         1.411    11.411 r  clk_in_IBUF_inst/O
                         net (fo=1, routed)           1.920    13.331    clk_in_IBUF
    BUFGCTRL_X0Y16       BUFG (Prop_bufg_I_O)         0.091    13.422 r  clk_in_IBUF_BUFG_inst/O
                         net (fo=294, routed)         1.602    15.025    cpu_alu/clk_in_IBUF_BUFG
    SLICE_X7Y92          FDRE                                         r  cpu_alu/s_result_reg[2]/C
                         clock pessimism              0.259    15.284    
                         clock uncertainty           -0.035    15.248    
    SLICE_X7Y92          FDRE (Setup_fdre_C_D)        0.031    15.279    cpu_alu/s_result_reg[2]
  -------------------------------------------------------------------
                         required time                         15.279    
                         arrival time                         -11.772    
  -------------------------------------------------------------------
                         slack                                  3.507    

Slack (MET) :             3.534ns  (required time - arrival time)
  Source:                 cpu_controlunit/stage_reg[4]/C
                            (rising edge-triggered cell FDRE clocked by sys_clk_pin  {rise@0.000ns fall@5.000ns period=10.000ns})
  Destination:            cpu_registerfile/reg_file_reg[1][5]/D
                            (rising edge-triggered cell FDRE clocked by sys_clk_pin  {rise@0.000ns fall@5.000ns period=10.000ns})
  Path Group:             sys_clk_pin
  Path Type:              Setup (Max at Slow Process Corner)
  Requirement:            10.000ns  (sys_clk_pin rise@10.000ns - sys_clk_pin rise@0.000ns)
  Data Path Delay:        6.106ns  (logic 1.621ns (26.549%)  route 4.485ns (73.451%))
  Logic Levels:           5  (LUT3=2 MUXF7=1 MUXF8=1 RAMS64E=1)
  Clock Path Skew:        -0.042ns (DCD - SCD + CPR)
    Destination Clock Delay (DCD):    5.027ns = ( 15.027 - 10.000 ) 
    Source Clock Delay      (SCD):    5.328ns
    Clock Pessimism Removal (CPR):    0.259ns
  Clock Uncertainty:      0.035ns  ((TSJ^2 + TIJ^2)^1/2 + DJ) / 2 + PE
    Total System Jitter     (TSJ):    0.071ns
    Total Input Jitter      (TIJ):    0.000ns
    Discrete Jitter          (DJ):    0.000ns
    Phase Error              (PE):    0.000ns

    Location             Delay type                Incr(ns)  Path(ns)    Netlist Resource(s)
  -------------------------------------------------------------------    -------------------
                         (clock sys_clk_pin rise edge)
                                                      0.000     0.000 r  
    E3                                                0.000     0.000 r  clk_in (IN)
                         net (fo=0)                   0.000     0.000    clk_in
    E3                   IBUF (Prop_ibuf_I_O)         1.482     1.482 r  clk_in_IBUF_inst/O
                         net (fo=1, routed)           2.025     3.506    clk_in_IBUF
    BUFGCTRL_X0Y16       BUFG (Prop_bufg_I_O)         0.096     3.602 r  clk_in_IBUF_BUFG_inst/O
                         net (fo=294, routed)         1.725     5.328    cpu_controlunit/clk_in_IBUF_BUFG
    SLICE_X4Y97          FDRE                                         r  cpu_controlunit/stage_reg[4]/C
  -------------------------------------------------------------------    -------------------
    SLICE_X4Y97          FDRE (Prop_fdre_C_Q)         0.456     5.784 r  cpu_controlunit/stage_reg[4]/Q
                         net (fo=15, routed)          1.168     6.952    cpu_alu/ram_reg_0_255_0_0[0]
    SLICE_X5Y93          LUT3 (Prop_lut3_I1_O)        0.154     7.106 r  cpu_alu/ram_reg_0_255_0_0_i_8/O
                         net (fo=64, routed)          1.852     8.958    cpu_ram/ram_reg_0_255_5_5/A1
    SLICE_X2Y97          RAMS64E (Prop_rams64e_ADR1_O)
                                                      0.327     9.285 r  cpu_ram/ram_reg_0_255_5_5/RAMS64E_D/O
                         net (fo=1, routed)           0.000     9.285    cpu_ram/ram_reg_0_255_5_5/OD
    SLICE_X2Y97          MUXF7 (Prop_muxf7_I0_O)      0.241     9.526 r  cpu_ram/ram_reg_0_255_5_5/F7.B/O
                         net (fo=1, routed)           0.000     9.526    cpu_ram/ram_reg_0_255_5_5/O0
    SLICE_X2Y97          MUXF8 (Prop_muxf8_I0_O)      0.098     9.624 r  cpu_ram/ram_reg_0_255_5_5/F8/O
                         net (fo=2, routed)           0.790    10.413    cpu_ram/data_out[5]
    SLICE_X3Y94          LUT3 (Prop_lut3_I0_O)        0.345    10.758 r  cpu_ram/reg_file[7][5]_i_1/O
                         net (fo=8, routed)           0.675    11.434    cpu_registerfile/reg_file_reg[7][15]_1[5]
    SLICE_X0Y91          FDRE                                         r  cpu_registerfile/reg_file_reg[1][5]/D
  -------------------------------------------------------------------    -------------------

                         (clock sys_clk_pin rise edge)
                                                     10.000    10.000 r  
    E3                                                0.000    10.000 r  clk_in (IN)
                         net (fo=0)                   0.000    10.000    clk_in
    E3                   IBUF (Prop_ibuf_I_O)         1.411    11.411 r  clk_in_IBUF_inst/O
                         net (fo=1, routed)           1.920    13.331    clk_in_IBUF
    BUFGCTRL_X0Y16       BUFG (Prop_bufg_I_O)         0.091    13.422 r  clk_in_IBUF_BUFG_inst/O
                         net (fo=294, routed)         1.604    15.027    cpu_registerfile/clk_in_IBUF_BUFG
    SLICE_X0Y91          FDRE                                         r  cpu_registerfile/reg_file_reg[1][5]/C
                         clock pessimism              0.259    15.286    
                         clock uncertainty           -0.035    15.250    
    SLICE_X0Y91          FDRE (Setup_fdre_C_D)       -0.283    14.967    cpu_registerfile/reg_file_reg[1][5]
  -------------------------------------------------------------------
                         required time                         14.967    
                         arrival time                         -11.434    
  -------------------------------------------------------------------
                         slack                                  3.534    

Slack (MET) :             3.539ns  (required time - arrival time)
  Source:                 cpu_controlunit/stage_reg[4]/C
                            (rising edge-triggered cell FDRE clocked by sys_clk_pin  {rise@0.000ns fall@5.000ns period=10.000ns})
  Destination:            cpu_registerfile/reg_file_reg[7][5]/D
                            (rising edge-triggered cell FDRE clocked by sys_clk_pin  {rise@0.000ns fall@5.000ns period=10.000ns})
  Path Group:             sys_clk_pin
  Path Type:              Setup (Max at Slow Process Corner)
  Requirement:            10.000ns  (sys_clk_pin rise@10.000ns - sys_clk_pin rise@0.000ns)
  Data Path Delay:        6.135ns  (logic 1.621ns (26.423%)  route 4.514ns (73.577%))
  Logic Levels:           5  (LUT3=2 MUXF7=1 MUXF8=1 RAMS64E=1)
  Clock Path Skew:        -0.028ns (DCD - SCD + CPR)
    Destination Clock Delay (DCD):    5.024ns = ( 15.024 - 10.000 ) 
    Source Clock Delay      (SCD):    5.328ns
    Clock Pessimism Removal (CPR):    0.276ns
  Clock Uncertainty:      0.035ns  ((TSJ^2 + TIJ^2)^1/2 + DJ) / 2 + PE
    Total System Jitter     (TSJ):    0.071ns
    Total Input Jitter      (TIJ):    0.000ns
    Discrete Jitter          (DJ):    0.000ns
    Phase Error              (PE):    0.000ns

    Location             Delay type                Incr(ns)  Path(ns)    Netlist Resource(s)
  -------------------------------------------------------------------    -------------------
                         (clock sys_clk_pin rise edge)
                                                      0.000     0.000 r  
    E3                                                0.000     0.000 r  clk_in (IN)
                         net (fo=0)                   0.000     0.000    clk_in
    E3                   IBUF (Prop_ibuf_I_O)         1.482     1.482 r  clk_in_IBUF_inst/O
                         net (fo=1, routed)           2.025     3.506    clk_in_IBUF
    BUFGCTRL_X0Y16       BUFG (Prop_bufg_I_O)         0.096     3.602 r  clk_in_IBUF_BUFG_inst/O
                         net (fo=294, routed)         1.725     5.328    cpu_controlunit/clk_in_IBUF_BUFG
    SLICE_X4Y97          FDRE                                         r  cpu_controlunit/stage_reg[4]/C
  -------------------------------------------------------------------    -------------------
    SLICE_X4Y97          FDRE (Prop_fdre_C_Q)         0.456     5.784 r  cpu_controlunit/stage_reg[4]/Q
                         net (fo=15, routed)          1.168     6.952    cpu_alu/ram_reg_0_255_0_0[0]
    SLICE_X5Y93          LUT3 (Prop_lut3_I1_O)        0.154     7.106 r  cpu_alu/ram_reg_0_255_0_0_i_8/O
                         net (fo=64, routed)          1.852     8.958    cpu_ram/ram_reg_0_255_5_5/A1
    SLICE_X2Y97          RAMS64E (Prop_rams64e_ADR1_O)
                                                      0.327     9.285 r  cpu_ram/ram_reg_0_255_5_5/RAMS64E_D/O
                         net (fo=1, routed)           0.000     9.285    cpu_ram/ram_reg_0_255_5_5/OD
    SLICE_X2Y97          MUXF7 (Prop_muxf7_I0_O)      0.241     9.526 r  cpu_ram/ram_reg_0_255_5_5/F7.B/O
                         net (fo=1, routed)           0.000     9.526    cpu_ram/ram_reg_0_255_5_5/O0
    SLICE_X2Y97          MUXF8 (Prop_muxf8_I0_O)      0.098     9.624 r  cpu_ram/ram_reg_0_255_5_5/F8/O
                         net (fo=2, routed)           0.790    10.413    cpu_ram/data_out[5]
    SLICE_X3Y94          LUT3 (Prop_lut3_I0_O)        0.345    10.758 r  cpu_ram/reg_file[7][5]_i_1/O
                         net (fo=8, routed)           0.704    11.462    cpu_registerfile/reg_file_reg[7][15]_1[5]
    SLICE_X5Y90          FDRE                                         r  cpu_registerfile/reg_file_reg[7][5]/D
  -------------------------------------------------------------------    -------------------

                         (clock sys_clk_pin rise edge)
                                                     10.000    10.000 r  
    E3                                                0.000    10.000 r  clk_in (IN)
                         net (fo=0)                   0.000    10.000    clk_in
    E3                   IBUF (Prop_ibuf_I_O)         1.411    11.411 r  clk_in_IBUF_inst/O
                         net (fo=1, routed)           1.920    13.331    clk_in_IBUF
    BUFGCTRL_X0Y16       BUFG (Prop_bufg_I_O)         0.091    13.422 r  clk_in_IBUF_BUFG_inst/O
                         net (fo=294, routed)         1.601    15.024    cpu_registerfile/clk_in_IBUF_BUFG
    SLICE_X5Y90          FDRE                                         r  cpu_registerfile/reg_file_reg[7][5]/C
                         clock pessimism              0.276    15.300    
                         clock uncertainty           -0.035    15.264    
    SLICE_X5Y90          FDRE (Setup_fdre_C_D)       -0.263    15.001    cpu_registerfile/reg_file_reg[7][5]
  -------------------------------------------------------------------
                         required time                         15.001    
                         arrival time                         -11.462    
  -------------------------------------------------------------------
                         slack                                  3.539    

Slack (MET) :             3.545ns  (required time - arrival time)
  Source:                 cpu_controlunit/stage_reg[4]/C
                            (rising edge-triggered cell FDRE clocked by sys_clk_pin  {rise@0.000ns fall@5.000ns period=10.000ns})
  Destination:            cpu_registerfile/reg_file_reg[2][5]/D
                            (rising edge-triggered cell FDRE clocked by sys_clk_pin  {rise@0.000ns fall@5.000ns period=10.000ns})
  Path Group:             sys_clk_pin
  Path Type:              Setup (Max at Slow Process Corner)
  Requirement:            10.000ns  (sys_clk_pin rise@10.000ns - sys_clk_pin rise@0.000ns)
  Data Path Delay:        6.132ns  (logic 1.621ns (26.434%)  route 4.511ns (73.566%))
  Logic Levels:           5  (LUT3=2 MUXF7=1 MUXF8=1 RAMS64E=1)
  Clock Path Skew:        -0.027ns (DCD - SCD + CPR)
    Destination Clock Delay (DCD):    5.025ns = ( 15.025 - 10.000 ) 
    Source Clock Delay      (SCD):    5.328ns
    Clock Pessimism Removal (CPR):    0.276ns
  Clock Uncertainty:      0.035ns  ((TSJ^2 + TIJ^2)^1/2 + DJ) / 2 + PE
    Total System Jitter     (TSJ):    0.071ns
    Total Input Jitter      (TIJ):    0.000ns
    Discrete Jitter          (DJ):    0.000ns
    Phase Error              (PE):    0.000ns

    Location             Delay type                Incr(ns)  Path(ns)    Netlist Resource(s)
  -------------------------------------------------------------------    -------------------
                         (clock sys_clk_pin rise edge)
                                                      0.000     0.000 r  
    E3                                                0.000     0.000 r  clk_in (IN)
                         net (fo=0)                   0.000     0.000    clk_in
    E3                   IBUF (Prop_ibuf_I_O)         1.482     1.482 r  clk_in_IBUF_inst/O
                         net (fo=1, routed)           2.025     3.506    clk_in_IBUF
    BUFGCTRL_X0Y16       BUFG (Prop_bufg_I_O)         0.096     3.602 r  clk_in_IBUF_BUFG_inst/O
                         net (fo=294, routed)         1.725     5.328    cpu_controlunit/clk_in_IBUF_BUFG
    SLICE_X4Y97          FDRE                                         r  cpu_controlunit/stage_reg[4]/C
  -------------------------------------------------------------------    -------------------
    SLICE_X4Y97          FDRE (Prop_fdre_C_Q)         0.456     5.784 r  cpu_controlunit/stage_reg[4]/Q
                         net (fo=15, routed)          1.168     6.952    cpu_alu/ram_reg_0_255_0_0[0]
    SLICE_X5Y93          LUT3 (Prop_lut3_I1_O)        0.154     7.106 r  cpu_alu/ram_reg_0_255_0_0_i_8/O
                         net (fo=64, routed)          1.852     8.958    cpu_ram/ram_reg_0_255_5_5/A1
    SLICE_X2Y97          RAMS64E (Prop_rams64e_ADR1_O)
                                                      0.327     9.285 r  cpu_ram/ram_reg_0_255_5_5/RAMS64E_D/O
                         net (fo=1, routed)           0.000     9.285    cpu_ram/ram_reg_0_255_5_5/OD
    SLICE_X2Y97          MUXF7 (Prop_muxf7_I0_O)      0.241     9.526 r  cpu_ram/ram_reg_0_255_5_5/F7.B/O
                         net (fo=1, routed)           0.000     9.526    cpu_ram/ram_reg_0_255_5_5/O0
    SLICE_X2Y97          MUXF8 (Prop_muxf8_I0_O)      0.098     9.624 r  cpu_ram/ram_reg_0_255_5_5/F8/O
                         net (fo=2, routed)           0.790    10.413    cpu_ram/data_out[5]
    SLICE_X3Y94          LUT3 (Prop_lut3_I0_O)        0.345    10.758 r  cpu_ram/reg_file[7][5]_i_1/O
                         net (fo=8, routed)           0.702    11.460    cpu_registerfile/reg_file_reg[7][15]_1[5]
    SLICE_X4Y91          FDRE                                         r  cpu_registerfile/reg_file_reg[2][5]/D
  -------------------------------------------------------------------    -------------------

                         (clock sys_clk_pin rise edge)
                                                     10.000    10.000 r  
    E3                                                0.000    10.000 r  clk_in (IN)
                         net (fo=0)                   0.000    10.000    clk_in
    E3                   IBUF (Prop_ibuf_I_O)         1.411    11.411 r  clk_in_IBUF_inst/O
                         net (fo=1, routed)           1.920    13.331    clk_in_IBUF
    BUFGCTRL_X0Y16       BUFG (Prop_bufg_I_O)         0.091    13.422 r  clk_in_IBUF_BUFG_inst/O
                         net (fo=294, routed)         1.602    15.025    cpu_registerfile/clk_in_IBUF_BUFG
    SLICE_X4Y91          FDRE                                         r  cpu_registerfile/reg_file_reg[2][5]/C
                         clock pessimism              0.276    15.301    
                         clock uncertainty           -0.035    15.265    
    SLICE_X4Y91          FDRE (Setup_fdre_C_D)       -0.260    15.005    cpu_registerfile/reg_file_reg[2][5]
  -------------------------------------------------------------------
                         required time                         15.005    
                         arrival time                         -11.460    
  -------------------------------------------------------------------
                         slack                                  3.545    

Slack (MET) :             3.548ns  (required time - arrival time)
  Source:                 cpu_controlunit/stage_reg[4]/C
                            (rising edge-triggered cell FDRE clocked by sys_clk_pin  {rise@0.000ns fall@5.000ns period=10.000ns})
  Destination:            cpu_registerfile/reg_file_reg[4][5]/D
                            (rising edge-triggered cell FDRE clocked by sys_clk_pin  {rise@0.000ns fall@5.000ns period=10.000ns})
  Path Group:             sys_clk_pin
  Path Type:              Setup (Max at Slow Process Corner)
  Requirement:            10.000ns  (sys_clk_pin rise@10.000ns - sys_clk_pin rise@0.000ns)
  Data Path Delay:        6.129ns  (logic 1.621ns (26.447%)  route 4.508ns (73.553%))
  Logic Levels:           5  (LUT3=2 MUXF7=1 MUXF8=1 RAMS64E=1)
  Clock Path Skew:        -0.027ns (DCD - SCD + CPR)
    Destination Clock Delay (DCD):    5.025ns = ( 15.025 - 10.000 ) 
    Source Clock Delay      (SCD):    5.328ns
    Clock Pessimism Removal (CPR):    0.276ns
  Clock Uncertainty:      0.035ns  ((TSJ^2 + TIJ^2)^1/2 + DJ) / 2 + PE
    Total System Jitter     (TSJ):    0.071ns
    Total Input Jitter      (TIJ):    0.000ns
    Discrete Jitter          (DJ):    0.000ns
    Phase Error              (PE):    0.000ns

    Location             Delay type                Incr(ns)  Path(ns)    Netlist Resource(s)
  -------------------------------------------------------------------    -------------------
                         (clock sys_clk_pin rise edge)
                                                      0.000     0.000 r  
    E3                                                0.000     0.000 r  clk_in (IN)
                         net (fo=0)                   0.000     0.000    clk_in
    E3                   IBUF (Prop_ibuf_I_O)         1.482     1.482 r  clk_in_IBUF_inst/O
                         net (fo=1, routed)           2.025     3.506    clk_in_IBUF
    BUFGCTRL_X0Y16       BUFG (Prop_bufg_I_O)         0.096     3.602 r  clk_in_IBUF_BUFG_inst/O
                         net (fo=294, routed)         1.725     5.328    cpu_controlunit/clk_in_IBUF_BUFG
    SLICE_X4Y97          FDRE                                         r  cpu_controlunit/stage_reg[4]/C
  -------------------------------------------------------------------    -------------------
    SLICE_X4Y97          FDRE (Prop_fdre_C_Q)         0.456     5.784 r  cpu_controlunit/stage_reg[4]/Q
                         net (fo=15, routed)          1.168     6.952    cpu_alu/ram_reg_0_255_0_0[0]
    SLICE_X5Y93          LUT3 (Prop_lut3_I1_O)        0.154     7.106 r  cpu_alu/ram_reg_0_255_0_0_i_8/O
                         net (fo=64, routed)          1.852     8.958    cpu_ram/ram_reg_0_255_5_5/A1
    SLICE_X2Y97          RAMS64E (Prop_rams64e_ADR1_O)
                                                      0.327     9.285 r  cpu_ram/ram_reg_0_255_5_5/RAMS64E_D/O
                         net (fo=1, routed)           0.000     9.285    cpu_ram/ram_reg_0_255_5_5/OD
    SLICE_X2Y97          MUXF7 (Prop_muxf7_I0_O)      0.241     9.526 r  cpu_ram/ram_reg_0_255_5_5/F7.B/O
                         net (fo=1, routed)           0.000     9.526    cpu_ram/ram_reg_0_255_5_5/O0
    SLICE_X2Y97          MUXF8 (Prop_muxf8_I0_O)      0.098     9.624 r  cpu_ram/ram_reg_0_255_5_5/F8/O
                         net (fo=2, routed)           0.790    10.413    cpu_ram/data_out[5]
    SLICE_X3Y94          LUT3 (Prop_lut3_I0_O)        0.345    10.758 r  cpu_ram/reg_file[7][5]_i_1/O
                         net (fo=8, routed)           0.699    11.457    cpu_registerfile/reg_file_reg[7][15]_1[5]
    SLICE_X5Y91          FDRE                                         r  cpu_registerfile/reg_file_reg[4][5]/D
  -------------------------------------------------------------------    -------------------

                         (clock sys_clk_pin rise edge)
                                                     10.000    10.000 r  
    E3                                                0.000    10.000 r  clk_in (IN)
                         net (fo=0)                   0.000    10.000    clk_in
    E3                   IBUF (Prop_ibuf_I_O)         1.411    11.411 r  clk_in_IBUF_inst/O
                         net (fo=1, routed)           1.920    13.331    clk_in_IBUF
    BUFGCTRL_X0Y16       BUFG (Prop_bufg_I_O)         0.091    13.422 r  clk_in_IBUF_BUFG_inst/O
                         net (fo=294, routed)         1.602    15.025    cpu_registerfile/clk_in_IBUF_BUFG
    SLICE_X5Y91          FDRE                                         r  cpu_registerfile/reg_file_reg[4][5]/C
                         clock pessimism              0.276    15.301    
                         clock uncertainty           -0.035    15.265    
    SLICE_X5Y91          FDRE (Setup_fdre_C_D)       -0.260    15.005    cpu_registerfile/reg_file_reg[4][5]
  -------------------------------------------------------------------
                         required time                         15.005    
                         arrival time                         -11.457    
  -------------------------------------------------------------------
                         slack                                  3.548    

Slack (MET) :             3.579ns  (required time - arrival time)
  Source:                 cpu_controlunit/stage_reg[4]/C
                            (rising edge-triggered cell FDRE clocked by sys_clk_pin  {rise@0.000ns fall@5.000ns period=10.000ns})
  Destination:            cpu_registerfile/reg_file_reg[5][5]/D
                            (rising edge-triggered cell FDRE clocked by sys_clk_pin  {rise@0.000ns fall@5.000ns period=10.000ns})
  Path Group:             sys_clk_pin
  Path Type:              Setup (Max at Slow Process Corner)
  Requirement:            10.000ns  (sys_clk_pin rise@10.000ns - sys_clk_pin rise@0.000ns)
  Data Path Delay:        6.098ns  (logic 1.621ns (26.582%)  route 4.477ns (73.418%))
  Logic Levels:           5  (LUT3=2 MUXF7=1 MUXF8=1 RAMS64E=1)
  Clock Path Skew:        -0.027ns (DCD - SCD + CPR)
    Destination Clock Delay (DCD):    5.025ns = ( 15.025 - 10.000 ) 
    Source Clock Delay      (SCD):    5.328ns
    Clock Pessimism Removal (CPR):    0.276ns
  Clock Uncertainty:      0.035ns  ((TSJ^2 + TIJ^2)^1/2 + DJ) / 2 + PE
    Total System Jitter     (TSJ):    0.071ns
    Total Input Jitter      (TIJ):    0.000ns
    Discrete Jitter          (DJ):    0.000ns
    Phase Error              (PE):    0.000ns

    Location             Delay type                Incr(ns)  Path(ns)    Netlist Resource(s)
  -------------------------------------------------------------------    -------------------
                         (clock sys_clk_pin rise edge)
                                                      0.000     0.000 r  
    E3                                                0.000     0.000 r  clk_in (IN)
                         net (fo=0)                   0.000     0.000    clk_in
    E3                   IBUF (Prop_ibuf_I_O)         1.482     1.482 r  clk_in_IBUF_inst/O
                         net (fo=1, routed)           2.025     3.506    clk_in_IBUF
    BUFGCTRL_X0Y16       BUFG (Prop_bufg_I_O)         0.096     3.602 r  clk_in_IBUF_BUFG_inst/O
                         net (fo=294, routed)         1.725     5.328    cpu_controlunit/clk_in_IBUF_BUFG
    SLICE_X4Y97          FDRE                                         r  cpu_controlunit/stage_reg[4]/C
  -------------------------------------------------------------------    -------------------
    SLICE_X4Y97          FDRE (Prop_fdre_C_Q)         0.456     5.784 r  cpu_controlunit/stage_reg[4]/Q
                         net (fo=15, routed)          1.168     6.952    cpu_alu/ram_reg_0_255_0_0[0]
    SLICE_X5Y93          LUT3 (Prop_lut3_I1_O)        0.154     7.106 r  cpu_alu/ram_reg_0_255_0_0_i_8/O
                         net (fo=64, routed)          1.852     8.958    cpu_ram/ram_reg_0_255_5_5/A1
    SLICE_X2Y97          RAMS64E (Prop_rams64e_ADR1_O)
                                                      0.327     9.285 r  cpu_ram/ram_reg_0_255_5_5/RAMS64E_D/O
                         net (fo=1, routed)           0.000     9.285    cpu_ram/ram_reg_0_255_5_5/OD
    SLICE_X2Y97          MUXF7 (Prop_muxf7_I0_O)      0.241     9.526 r  cpu_ram/ram_reg_0_255_5_5/F7.B/O
                         net (fo=1, routed)           0.000     9.526    cpu_ram/ram_reg_0_255_5_5/O0
    SLICE_X2Y97          MUXF8 (Prop_muxf8_I0_O)      0.098     9.624 r  cpu_ram/ram_reg_0_255_5_5/F8/O
                         net (fo=2, routed)           0.790    10.413    cpu_ram/data_out[5]
    SLICE_X3Y94          LUT3 (Prop_lut3_I0_O)        0.345    10.758 r  cpu_ram/reg_file[7][5]_i_1/O
                         net (fo=8, routed)           0.667    11.426    cpu_registerfile/reg_file_reg[7][15]_1[5]
    SLICE_X7Y91          FDRE                                         r  cpu_registerfile/reg_file_reg[5][5]/D
  -------------------------------------------------------------------    -------------------

                         (clock sys_clk_pin rise edge)
                                                     10.000    10.000 r  
    E3                                                0.000    10.000 r  clk_in (IN)
                         net (fo=0)                   0.000    10.000    clk_in
    E3                   IBUF (Prop_ibuf_I_O)         1.411    11.411 r  clk_in_IBUF_inst/O
                         net (fo=1, routed)           1.920    13.331    clk_in_IBUF
    BUFGCTRL_X0Y16       BUFG (Prop_bufg_I_O)         0.091    13.422 r  clk_in_IBUF_BUFG_inst/O
                         net (fo=294, routed)         1.602    15.025    cpu_registerfile/clk_in_IBUF_BUFG
    SLICE_X7Y91          FDRE                                         r  cpu_registerfile/reg_file_reg[5][5]/C
                         clock pessimism              0.276    15.301    
                         clock uncertainty           -0.035    15.265    
    SLICE_X7Y91          FDRE (Setup_fdre_C_D)       -0.260    15.005    cpu_registerfile/reg_file_reg[5][5]
  -------------------------------------------------------------------
                         required time                         15.005    
                         arrival time                         -11.426    
  -------------------------------------------------------------------
                         slack                                  3.579    

Slack (MET) :             3.610ns  (required time - arrival time)
  Source:                 cpu_alu/s_result0/CLK
                            (rising edge-triggered cell DSP48E1 clocked by sys_clk_pin  {rise@0.000ns fall@5.000ns period=10.000ns})
  Destination:            cpu_alu/s_result_reg[1]/D
                            (rising edge-triggered cell FDRE clocked by sys_clk_pin  {rise@0.000ns fall@5.000ns period=10.000ns})
  Path Group:             sys_clk_pin
  Path Type:              Setup (Max at Slow Process Corner)
  Requirement:            10.000ns  (sys_clk_pin rise@10.000ns - sys_clk_pin rise@0.000ns)
  Data Path Delay:        6.250ns  (logic 4.257ns (68.110%)  route 1.993ns (31.890%))
  Logic Levels:           2  (LUT6=2)
  Clock Path Skew:        -0.134ns (DCD - SCD + CPR)
    Destination Clock Delay (DCD):    4.947ns = ( 14.947 - 10.000 ) 
    Source Clock Delay      (SCD):    5.339ns
    Clock Pessimism Removal (CPR):    0.259ns
  Clock Uncertainty:      0.035ns  ((TSJ^2 + TIJ^2)^1/2 + DJ) / 2 + PE
    Total System Jitter     (TSJ):    0.071ns
    Total Input Jitter      (TIJ):    0.000ns
    Discrete Jitter          (DJ):    0.000ns
    Phase Error              (PE):    0.000ns

    Location             Delay type                Incr(ns)  Path(ns)    Netlist Resource(s)
  -------------------------------------------------------------------    -------------------
                         (clock sys_clk_pin rise edge)
                                                      0.000     0.000 r  
    E3                                                0.000     0.000 r  clk_in (IN)
                         net (fo=0)                   0.000     0.000    clk_in
    E3                   IBUF (Prop_ibuf_I_O)         1.482     1.482 r  clk_in_IBUF_inst/O
                         net (fo=1, routed)           2.025     3.506    clk_in_IBUF
    BUFGCTRL_X0Y16       BUFG (Prop_bufg_I_O)         0.096     3.602 r  clk_in_IBUF_BUFG_inst/O
                         net (fo=294, routed)         1.737     5.339    cpu_alu/clk_in_IBUF_BUFG
    DSP48_X0Y38          DSP48E1                                      r  cpu_alu/s_result0/CLK
  -------------------------------------------------------------------    -------------------
    DSP48_X0Y38          DSP48E1 (Prop_dsp48e1_CLK_P[1])
                                                      4.009     9.348 r  cpu_alu/s_result0/P[1]
                         net (fo=1, routed)           0.872    10.220    cpu_decoder/P[1]
    SLICE_X12Y95         LUT6 (Prop_lut6_I0_O)        0.124    10.344 r  cpu_decoder/s_result[1]_i_2/O
                         net (fo=1, routed)           1.121    11.465    cpu_decoder/s_result[1]_i_2_n_0
    SLICE_X9Y93          LUT6 (Prop_lut6_I0_O)        0.124    11.589 r  cpu_decoder/s_result[1]_i_1/O
                         net (fo=1, routed)           0.000    11.589    cpu_alu/s_result_reg[15]_0[1]
    SLICE_X9Y93          FDRE                                         r  cpu_alu/s_result_reg[1]/D
  -------------------------------------------------------------------    -------------------

                         (clock sys_clk_pin rise edge)
                                                     10.000    10.000 r  
    E3                                                0.000    10.000 r  clk_in (IN)
                         net (fo=0)                   0.000    10.000    clk_in
    E3                   IBUF (Prop_ibuf_I_O)         1.411    11.411 r  clk_in_IBUF_inst/O
                         net (fo=1, routed)           1.920    13.331    clk_in_IBUF
    BUFGCTRL_X0Y16       BUFG (Prop_bufg_I_O)         0.091    13.422 r  clk_in_IBUF_BUFG_inst/O
                         net (fo=294, routed)         1.524    14.947    cpu_alu/clk_in_IBUF_BUFG
    SLICE_X9Y93          FDRE                                         r  cpu_alu/s_result_reg[1]/C
                         clock pessimism              0.259    15.206    
                         clock uncertainty           -0.035    15.170    
    SLICE_X9Y93          FDRE (Setup_fdre_C_D)        0.029    15.199    cpu_alu/s_result_reg[1]
  -------------------------------------------------------------------
                         required time                         15.199    
                         arrival time                         -11.589    
  -------------------------------------------------------------------
                         slack                                  3.610    

Slack (MET) :             3.611ns  (required time - arrival time)
  Source:                 cpu_alu/s_result0/CLK
                            (rising edge-triggered cell DSP48E1 clocked by sys_clk_pin  {rise@0.000ns fall@5.000ns period=10.000ns})
  Destination:            cpu_alu/s_result_reg[5]/D
                            (rising edge-triggered cell FDRE clocked by sys_clk_pin  {rise@0.000ns fall@5.000ns period=10.000ns})
  Path Group:             sys_clk_pin
  Path Type:              Setup (Max at Slow Process Corner)
  Requirement:            10.000ns  (sys_clk_pin rise@10.000ns - sys_clk_pin rise@0.000ns)
  Data Path Delay:        6.328ns  (logic 4.453ns (70.366%)  route 1.875ns (29.634%))
  Logic Levels:           2  (LUT4=1 LUT5=1)
  Clock Path Skew:        -0.055ns (DCD - SCD + CPR)
    Destination Clock Delay (DCD):    5.026ns = ( 15.026 - 10.000 ) 
    Source Clock Delay      (SCD):    5.339ns
    Clock Pessimism Removal (CPR):    0.259ns
  Clock Uncertainty:      0.035ns  ((TSJ^2 + TIJ^2)^1/2 + DJ) / 2 + PE
    Total System Jitter     (TSJ):    0.071ns
    Total Input Jitter      (TIJ):    0.000ns
    Discrete Jitter          (DJ):    0.000ns
    Phase Error              (PE):    0.000ns

    Location             Delay type                Incr(ns)  Path(ns)    Netlist Resource(s)
  -------------------------------------------------------------------    -------------------
                         (clock sys_clk_pin rise edge)
                                                      0.000     0.000 r  
    E3                                                0.000     0.000 r  clk_in (IN)
                         net (fo=0)                   0.000     0.000    clk_in
    E3                   IBUF (Prop_ibuf_I_O)         1.482     1.482 r  clk_in_IBUF_inst/O
                         net (fo=1, routed)           2.025     3.506    clk_in_IBUF
    BUFGCTRL_X0Y16       BUFG (Prop_bufg_I_O)         0.096     3.602 r  clk_in_IBUF_BUFG_inst/O
                         net (fo=294, routed)         1.737     5.339    cpu_alu/clk_in_IBUF_BUFG
    DSP48_X0Y38          DSP48E1                                      r  cpu_alu/s_result0/CLK
  -------------------------------------------------------------------    -------------------
    DSP48_X0Y38          DSP48E1 (Prop_dsp48e1_CLK_P[5])
                                                      4.009     9.348 r  cpu_alu/s_result0/P[5]
                         net (fo=1, routed)           0.626     9.974    cpu_decoder/P[5]
    SLICE_X12Y96         LUT4 (Prop_lut4_I2_O)        0.116    10.090 r  cpu_decoder/s_result[5]_i_2/O
                         net (fo=1, routed)           1.249    11.340    cpu_decoder/s_result[5]_i_2_n_0
    SLICE_X5Y95          LUT5 (Prop_lut5_I0_O)        0.328    11.668 r  cpu_decoder/s_result[5]_i_1/O
                         net (fo=1, routed)           0.000    11.668    cpu_alu/s_result_reg[15]_0[5]
    SLICE_X5Y95          FDRE                                         r  cpu_alu/s_result_reg[5]/D
  -------------------------------------------------------------------    -------------------

                         (clock sys_clk_pin rise edge)
                                                     10.000    10.000 r  
    E3                                                0.000    10.000 r  clk_in (IN)
                         net (fo=0)                   0.000    10.000    clk_in
    E3                   IBUF (Prop_ibuf_I_O)         1.411    11.411 r  clk_in_IBUF_inst/O
                         net (fo=1, routed)           1.920    13.331    clk_in_IBUF
    BUFGCTRL_X0Y16       BUFG (Prop_bufg_I_O)         0.091    13.422 r  clk_in_IBUF_BUFG_inst/O
                         net (fo=294, routed)         1.603    15.026    cpu_alu/clk_in_IBUF_BUFG
    SLICE_X5Y95          FDRE                                         r  cpu_alu/s_result_reg[5]/C
                         clock pessimism              0.259    15.285    
                         clock uncertainty           -0.035    15.249    
    SLICE_X5Y95          FDRE (Setup_fdre_C_D)        0.029    15.278    cpu_alu/s_result_reg[5]
  -------------------------------------------------------------------
                         required time                         15.278    
                         arrival time                         -11.668    
  -------------------------------------------------------------------
                         slack                                  3.611    

Slack (MET) :             3.631ns  (required time - arrival time)
  Source:                 cpu_alu/s_result0/CLK
                            (rising edge-triggered cell DSP48E1 clocked by sys_clk_pin  {rise@0.000ns fall@5.000ns period=10.000ns})
  Destination:            cpu_alu/s_result_reg[12]/D
                            (rising edge-triggered cell FDRE clocked by sys_clk_pin  {rise@0.000ns fall@5.000ns period=10.000ns})
  Path Group:             sys_clk_pin
  Path Type:              Setup (Max at Slow Process Corner)
  Requirement:            10.000ns  (sys_clk_pin rise@10.000ns - sys_clk_pin rise@0.000ns)
  Data Path Delay:        6.277ns  (logic 4.257ns (67.819%)  route 2.020ns (32.181%))
  Logic Levels:           2  (LUT4=1 LUT6=1)
  Clock Path Skew:        -0.134ns (DCD - SCD + CPR)
    Destination Clock Delay (DCD):    4.947ns = ( 14.947 - 10.000 ) 
    Source Clock Delay      (SCD):    5.339ns
    Clock Pessimism Removal (CPR):    0.259ns
  Clock Uncertainty:      0.035ns  ((TSJ^2 + TIJ^2)^1/2 + DJ) / 2 + PE
    Total System Jitter     (TSJ):    0.071ns
    Total Input Jitter      (TIJ):    0.000ns
    Discrete Jitter          (DJ):    0.000ns
    Phase Error              (PE):    0.000ns

    Location             Delay type                Incr(ns)  Path(ns)    Netlist Resource(s)
  -------------------------------------------------------------------    -------------------
                         (clock sys_clk_pin rise edge)
                                                      0.000     0.000 r  
    E3                                                0.000     0.000 r  clk_in (IN)
                         net (fo=0)                   0.000     0.000    clk_in
    E3                   IBUF (Prop_ibuf_I_O)         1.482     1.482 r  clk_in_IBUF_inst/O
                         net (fo=1, routed)           2.025     3.506    clk_in_IBUF
    BUFGCTRL_X0Y16       BUFG (Prop_bufg_I_O)         0.096     3.602 r  clk_in_IBUF_BUFG_inst/O
                         net (fo=294, routed)         1.737     5.339    cpu_alu/clk_in_IBUF_BUFG
    DSP48_X0Y38          DSP48E1                                      r  cpu_alu/s_result0/CLK
  -------------------------------------------------------------------    -------------------
    DSP48_X0Y38          DSP48E1 (Prop_dsp48e1_CLK_P[12])
                                                      4.009     9.348 r  cpu_alu/s_result0/P[12]
                         net (fo=1, routed)           1.186    10.535    cpu_decoder/P[12]
    SLICE_X12Y96         LUT4 (Prop_lut4_I2_O)        0.124    10.659 r  cpu_decoder/s_result[12]_i_5/O
                         net (fo=1, routed)           0.834    11.492    cpu_decoder/s_result[12]_i_5_n_0
    SLICE_X8Y96          LUT6 (Prop_lut6_I5_O)        0.124    11.616 r  cpu_decoder/s_result[12]_i_1/O
                         net (fo=1, routed)           0.000    11.616    cpu_alu/s_result_reg[15]_0[12]
    SLICE_X8Y96          FDRE                                         r  cpu_alu/s_result_reg[12]/D
  -------------------------------------------------------------------    -------------------

                         (clock sys_clk_pin rise edge)
                                                     10.000    10.000 r  
    E3                                                0.000    10.000 r  clk_in (IN)
                         net (fo=0)                   0.000    10.000    clk_in
    E3                   IBUF (Prop_ibuf_I_O)         1.411    11.411 r  clk_in_IBUF_inst/O
                         net (fo=1, routed)           1.920    13.331    clk_in_IBUF
    BUFGCTRL_X0Y16       BUFG (Prop_bufg_I_O)         0.091    13.422 r  clk_in_IBUF_BUFG_inst/O
                         net (fo=294, routed)         1.524    14.947    cpu_alu/clk_in_IBUF_BUFG
    SLICE_X8Y96          FDRE                                         r  cpu_alu/s_result_reg[12]/C
                         clock pessimism              0.259    15.206    
                         clock uncertainty           -0.035    15.170    
    SLICE_X8Y96          FDRE (Setup_fdre_C_D)        0.077    15.247    cpu_alu/s_result_reg[12]
  -------------------------------------------------------------------
                         required time                         15.247    
                         arrival time                         -11.616    
  -------------------------------------------------------------------
                         slack                                  3.631    

Slack (MET) :             3.670ns  (required time - arrival time)
  Source:                 cpu_controlunit/stage_reg[4]/C
                            (rising edge-triggered cell FDRE clocked by sys_clk_pin  {rise@0.000ns fall@5.000ns period=10.000ns})
  Destination:            cpu_registerfile/reg_file_reg[3][15]/D
                            (rising edge-triggered cell FDRE clocked by sys_clk_pin  {rise@0.000ns fall@5.000ns period=10.000ns})
  Path Group:             sys_clk_pin
  Path Type:              Setup (Max at Slow Process Corner)
  Requirement:            10.000ns  (sys_clk_pin rise@10.000ns - sys_clk_pin rise@0.000ns)
  Data Path Delay:        5.934ns  (logic 1.464ns (24.662%)  route 4.471ns (75.338%))
  Logic Levels:           5  (LUT3=2 MUXF7=1 MUXF8=1 RAMS64E=1)
  Clock Path Skew:        -0.121ns (DCD - SCD + CPR)
    Destination Clock Delay (DCD):    4.948ns = ( 14.948 - 10.000 ) 
    Source Clock Delay      (SCD):    5.328ns
    Clock Pessimism Removal (CPR):    0.259ns
  Clock Uncertainty:      0.035ns  ((TSJ^2 + TIJ^2)^1/2 + DJ) / 2 + PE
    Total System Jitter     (TSJ):    0.071ns
    Total Input Jitter      (TIJ):    0.000ns
    Discrete Jitter          (DJ):    0.000ns
    Phase Error              (PE):    0.000ns

    Location             Delay type                Incr(ns)  Path(ns)    Netlist Resource(s)
  -------------------------------------------------------------------    -------------------
                         (clock sys_clk_pin rise edge)
                                                      0.000     0.000 r  
    E3                                                0.000     0.000 r  clk_in (IN)
                         net (fo=0)                   0.000     0.000    clk_in
    E3                   IBUF (Prop_ibuf_I_O)         1.482     1.482 r  clk_in_IBUF_inst/O
                         net (fo=1, routed)           2.025     3.506    clk_in_IBUF
    BUFGCTRL_X0Y16       BUFG (Prop_bufg_I_O)         0.096     3.602 r  clk_in_IBUF_BUFG_inst/O
                         net (fo=294, routed)         1.725     5.328    cpu_controlunit/clk_in_IBUF_BUFG
    SLICE_X4Y97          FDRE                                         r  cpu_controlunit/stage_reg[4]/C
  -------------------------------------------------------------------    -------------------
    SLICE_X4Y97          FDRE (Prop_fdre_C_Q)         0.456     5.784 r  cpu_controlunit/stage_reg[4]/Q
                         net (fo=15, routed)          1.168     6.952    cpu_alu/ram_reg_0_255_0_0[0]
    SLICE_X5Y93          LUT3 (Prop_lut3_I1_O)        0.124     7.076 r  cpu_alu/ram_reg_0_255_0_0_i_9/O
                         net (fo=64, routed)          1.868     8.944    cpu_ram/ram_reg_0_255_15_15/A0
    SLICE_X6Y98          RAMS64E (Prop_rams64e_ADR0_O)
                                                      0.235     9.178 r  cpu_ram/ram_reg_0_255_15_15/RAMS64E_A/O
                         net (fo=1, routed)           0.000     9.178    cpu_ram/ram_reg_0_255_15_15/OA
    SLICE_X6Y98          MUXF7 (Prop_muxf7_I1_O)      0.214     9.392 r  cpu_ram/ram_reg_0_255_15_15/F7.A/O
                         net (fo=1, routed)           0.000     9.392    cpu_ram/ram_reg_0_255_15_15/O1
    SLICE_X6Y98          MUXF8 (Prop_muxf8_I1_O)      0.088     9.480 r  cpu_ram/ram_reg_0_255_15_15/F8/O
                         net (fo=2, routed)           0.660    10.140    cpu_ram/data_out[15]
    SLICE_X7Y97          LUT3 (Prop_lut3_I0_O)        0.347    10.487 r  cpu_ram/reg_file[7][15]_i_2/O
                         net (fo=8, routed)           0.775    11.262    cpu_registerfile/reg_file_reg[7][15]_1[15]
    SLICE_X8Y98          FDRE                                         r  cpu_registerfile/reg_file_reg[3][15]/D
  -------------------------------------------------------------------    -------------------

                         (clock sys_clk_pin rise edge)
                                                     10.000    10.000 r  
    E3                                                0.000    10.000 r  clk_in (IN)
                         net (fo=0)                   0.000    10.000    clk_in
    E3                   IBUF (Prop_ibuf_I_O)         1.411    11.411 r  clk_in_IBUF_inst/O
                         net (fo=1, routed)           1.920    13.331    clk_in_IBUF
    BUFGCTRL_X0Y16       BUFG (Prop_bufg_I_O)         0.091    13.422 r  clk_in_IBUF_BUFG_inst/O
                         net (fo=294, routed)         1.525    14.948    cpu_registerfile/clk_in_IBUF_BUFG
    SLICE_X8Y98          FDRE                                         r  cpu_registerfile/reg_file_reg[3][15]/C
                         clock pessimism              0.259    15.207    
                         clock uncertainty           -0.035    15.171    
    SLICE_X8Y98          FDRE (Setup_fdre_C_D)       -0.239    14.932    cpu_registerfile/reg_file_reg[3][15]
  -------------------------------------------------------------------
                         required time                         14.932    
                         arrival time                         -11.262    
  -------------------------------------------------------------------
                         slack                                  3.670    





Min Delay Paths
--------------------------------------------------------------------------------------
Slack (MET) :             0.174ns  (arrival time - required time)
  Source:                 cpu_registerfile/rB_data_out_reg[6]/C
                            (rising edge-triggered cell FDRE clocked by sys_clk_pin  {rise@0.000ns fall@5.000ns period=10.000ns})
  Destination:            cpu_ram/ram_reg_0_255_6_6/RAMS64E_D/I
                            (rising edge-triggered cell RAMS64E clocked by sys_clk_pin  {rise@0.000ns fall@5.000ns period=10.000ns})
  Path Group:             sys_clk_pin
  Path Type:              Hold (Min at Fast Process Corner)
  Requirement:            0.000ns  (sys_clk_pin rise@0.000ns - sys_clk_pin rise@0.000ns)
  Data Path Delay:        0.358ns  (logic 0.141ns (39.425%)  route 0.217ns (60.575%))
  Logic Levels:           0  
  Clock Path Skew:        0.040ns (DCD - SCD - CPR)
    Destination Clock Delay (DCD):    2.042ns
    Source Clock Delay      (SCD):    1.522ns
    Clock Pessimism Removal (CPR):    0.479ns

    Location             Delay type                Incr(ns)  Path(ns)    Netlist Resource(s)
  -------------------------------------------------------------------    -------------------
                         (clock sys_clk_pin rise edge)
                                                      0.000     0.000 r  
    E3                                                0.000     0.000 r  clk_in (IN)
                         net (fo=0)                   0.000     0.000    clk_in
    E3                   IBUF (Prop_ibuf_I_O)         0.250     0.250 r  clk_in_IBUF_inst/O
                         net (fo=1, routed)           0.644     0.894    clk_in_IBUF
    BUFGCTRL_X0Y16       BUFG (Prop_bufg_I_O)         0.026     0.920 r  clk_in_IBUF_BUFG_inst/O
                         net (fo=294, routed)         0.603     1.522    cpu_registerfile/clk_in_IBUF_BUFG
    SLICE_X7Y96          FDRE                                         r  cpu_registerfile/rB_data_out_reg[6]/C
  -------------------------------------------------------------------    -------------------
    SLICE_X7Y96          FDRE (Prop_fdre_C_Q)         0.141     1.663 r  cpu_registerfile/rB_data_out_reg[6]/Q
                         net (fo=19, routed)          0.217     1.880    cpu_ram/ram_reg_0_255_6_6/D
    SLICE_X2Y95          RAMS64E                                      r  cpu_ram/ram_reg_0_255_6_6/RAMS64E_D/I
  -------------------------------------------------------------------    -------------------

                         (clock sys_clk_pin rise edge)
                                                      0.000     0.000 r  
    E3                                                0.000     0.000 r  clk_in (IN)
                         net (fo=0)                   0.000     0.000    clk_in
    E3                   IBUF (Prop_ibuf_I_O)         0.438     0.438 r  clk_in_IBUF_inst/O
                         net (fo=1, routed)           0.699     1.136    clk_in_IBUF
    BUFGCTRL_X0Y16       BUFG (Prop_bufg_I_O)         0.029     1.165 r  clk_in_IBUF_BUFG_inst/O
                         net (fo=294, routed)         0.877     2.042    cpu_ram/ram_reg_0_255_6_6/WCLK
    SLICE_X2Y95          RAMS64E                                      r  cpu_ram/ram_reg_0_255_6_6/RAMS64E_D/CLK
                         clock pessimism             -0.479     1.562    
    SLICE_X2Y95          RAMS64E (Hold_rams64e_CLK_I)
                                                      0.144     1.706    cpu_ram/ram_reg_0_255_6_6/RAMS64E_D
  -------------------------------------------------------------------
                         required time                         -1.706    
                         arrival time                           1.880    
  -------------------------------------------------------------------
                         slack                                  0.174    

Slack (MET) :             0.179ns  (arrival time - required time)
  Source:                 cpu_decoder/write_enable_out_reg/C
                            (rising edge-triggered cell FDRE clocked by sys_clk_pin  {rise@0.000ns fall@5.000ns period=10.000ns})
  Destination:            cpu_alu/rD_write_enable_out_reg/D
                            (rising edge-triggered cell FDRE clocked by sys_clk_pin  {rise@0.000ns fall@5.000ns period=10.000ns})
  Path Group:             sys_clk_pin
  Path Type:              Hold (Min at Fast Process Corner)
  Requirement:            0.000ns  (sys_clk_pin rise@0.000ns - sys_clk_pin rise@0.000ns)
  Data Path Delay:        0.283ns  (logic 0.186ns (65.755%)  route 0.097ns (34.245%))
  Logic Levels:           1  (LUT3=1)
  Clock Path Skew:        0.013ns (DCD - SCD - CPR)
    Destination Clock Delay (DCD):    2.039ns
    Source Clock Delay      (SCD):    1.522ns
    Clock Pessimism Removal (CPR):    0.503ns

    Location             Delay type                Incr(ns)  Path(ns)    Netlist Resource(s)
  -------------------------------------------------------------------    -------------------
                         (clock sys_clk_pin rise edge)
                                                      0.000     0.000 r  
    E3                                                0.000     0.000 r  clk_in (IN)
                         net (fo=0)                   0.000     0.000    clk_in
    E3                   IBUF (Prop_ibuf_I_O)         0.250     0.250 r  clk_in_IBUF_inst/O
                         net (fo=1, routed)           0.644     0.894    clk_in_IBUF
    BUFGCTRL_X0Y16       BUFG (Prop_bufg_I_O)         0.026     0.920 r  clk_in_IBUF_BUFG_inst/O
                         net (fo=294, routed)         0.603     1.522    cpu_decoder/clk_in_IBUF_BUFG
    SLICE_X5Y96          FDRE                                         r  cpu_decoder/write_enable_out_reg/C
  -------------------------------------------------------------------    -------------------
    SLICE_X5Y96          FDRE (Prop_fdre_C_Q)         0.141     1.663 r  cpu_decoder/write_enable_out_reg/Q
                         net (fo=1, routed)           0.097     1.760    cpu_decoder/write_enable_out
    SLICE_X4Y96          LUT3 (Prop_lut3_I0_O)        0.045     1.805 r  cpu_decoder/rD_write_enable_out_i_1/O
                         net (fo=1, routed)           0.000     1.805    cpu_alu/rD_write_enable_out_reg_0
    SLICE_X4Y96          FDRE                                         r  cpu_alu/rD_write_enable_out_reg/D
  -------------------------------------------------------------------    -------------------

                         (clock sys_clk_pin rise edge)
                                                      0.000     0.000 r  
    E3                                                0.000     0.000 r  clk_in (IN)
                         net (fo=0)                   0.000     0.000    clk_in
    E3                   IBUF (Prop_ibuf_I_O)         0.438     0.438 r  clk_in_IBUF_inst/O
                         net (fo=1, routed)           0.699     1.136    clk_in_IBUF
    BUFGCTRL_X0Y16       BUFG (Prop_bufg_I_O)         0.029     1.165 r  clk_in_IBUF_BUFG_inst/O
                         net (fo=294, routed)         0.874     2.039    cpu_alu/clk_in_IBUF_BUFG
    SLICE_X4Y96          FDRE                                         r  cpu_alu/rD_write_enable_out_reg/C
                         clock pessimism             -0.503     1.535    
    SLICE_X4Y96          FDRE (Hold_fdre_C_D)         0.091     1.626    cpu_alu/rD_write_enable_out_reg
  -------------------------------------------------------------------
                         required time                         -1.626    
                         arrival time                           1.805    
  -------------------------------------------------------------------
                         slack                                  0.179    

Slack (MET) :             0.209ns  (arrival time - required time)
  Source:                 cpu_registerfile/rB_data_out_reg[15]/C
                            (rising edge-triggered cell FDRE clocked by sys_clk_pin  {rise@0.000ns fall@5.000ns period=10.000ns})
  Destination:            cpu_ram/ram_reg_0_255_15_15/RAMS64E_D/I
                            (rising edge-triggered cell RAMS64E clocked by sys_clk_pin  {rise@0.000ns fall@5.000ns period=10.000ns})
  Path Group:             sys_clk_pin
  Path Type:              Hold (Min at Fast Process Corner)
  Requirement:            0.000ns  (sys_clk_pin rise@0.000ns - sys_clk_pin rise@0.000ns)
  Data Path Delay:        0.418ns  (logic 0.141ns (33.703%)  route 0.277ns (66.297%))
  Logic Levels:           0  
  Clock Path Skew:        0.065ns (DCD - SCD - CPR)
    Destination Clock Delay (DCD):    2.040ns
    Source Clock Delay      (SCD):    1.495ns
    Clock Pessimism Removal (CPR):    0.479ns

    Location             Delay type                Incr(ns)  Path(ns)    Netlist Resource(s)
  -------------------------------------------------------------------    -------------------
                         (clock sys_clk_pin rise edge)
                                                      0.000     0.000 r  
    E3                                                0.000     0.000 r  clk_in (IN)
                         net (fo=0)                   0.000     0.000    clk_in
    E3                   IBUF (Prop_ibuf_I_O)         0.250     0.250 r  clk_in_IBUF_inst/O
                         net (fo=1, routed)           0.644     0.894    clk_in_IBUF
    BUFGCTRL_X0Y16       BUFG (Prop_bufg_I_O)         0.026     0.920 r  clk_in_IBUF_BUFG_inst/O
                         net (fo=294, routed)         0.576     1.495    cpu_registerfile/clk_in_IBUF_BUFG
    SLICE_X9Y97          FDRE                                         r  cpu_registerfile/rB_data_out_reg[15]/C
  -------------------------------------------------------------------    -------------------
    SLICE_X9Y97          FDRE (Prop_fdre_C_Q)         0.141     1.636 r  cpu_registerfile/rB_data_out_reg[15]/Q
                         net (fo=18, routed)          0.277     1.914    cpu_ram/ram_reg_0_255_15_15/D
    SLICE_X6Y98          RAMS64E                                      r  cpu_ram/ram_reg_0_255_15_15/RAMS64E_D/I
  -------------------------------------------------------------------    -------------------

                         (clock sys_clk_pin rise edge)
                                                      0.000     0.000 r  
    E3                                                0.000     0.000 r  clk_in (IN)
                         net (fo=0)                   0.000     0.000    clk_in
    E3                   IBUF (Prop_ibuf_I_O)         0.438     0.438 r  clk_in_IBUF_inst/O
                         net (fo=1, routed)           0.699     1.136    clk_in_IBUF
    BUFGCTRL_X0Y16       BUFG (Prop_bufg_I_O)         0.029     1.165 r  clk_in_IBUF_BUFG_inst/O
                         net (fo=294, routed)         0.875     2.040    cpu_ram/ram_reg_0_255_15_15/WCLK
    SLICE_X6Y98          RAMS64E                                      r  cpu_ram/ram_reg_0_255_15_15/RAMS64E_D/CLK
                         clock pessimism             -0.479     1.560    
    SLICE_X6Y98          RAMS64E (Hold_rams64e_CLK_I)
                                                      0.144     1.704    cpu_ram/ram_reg_0_255_15_15/RAMS64E_D
  -------------------------------------------------------------------
                         required time                         -1.704    
                         arrival time                           1.914    
  -------------------------------------------------------------------
                         slack                                  0.209    

Slack (MET) :             0.213ns  (arrival time - required time)
  Source:                 cpu_registerfile/rB_data_out_reg[6]/C
                            (rising edge-triggered cell FDRE clocked by sys_clk_pin  {rise@0.000ns fall@5.000ns period=10.000ns})
  Destination:            cpu_ram/ram_reg_0_255_6_6/RAMS64E_B/I
                            (rising edge-triggered cell RAMS64E clocked by sys_clk_pin  {rise@0.000ns fall@5.000ns period=10.000ns})
  Path Group:             sys_clk_pin
  Path Type:              Hold (Min at Fast Process Corner)
  Requirement:            0.000ns  (sys_clk_pin rise@0.000ns - sys_clk_pin rise@0.000ns)
  Data Path Delay:        0.358ns  (logic 0.141ns (39.425%)  route 0.217ns (60.575%))
  Logic Levels:           0  
  Clock Path Skew:        0.040ns (DCD - SCD - CPR)
    Destination Clock Delay (DCD):    2.042ns
    Source Clock Delay      (SCD):    1.522ns
    Clock Pessimism Removal (CPR):    0.479ns

    Location             Delay type                Incr(ns)  Path(ns)    Netlist Resource(s)
  -------------------------------------------------------------------    -------------------
                         (clock sys_clk_pin rise edge)
                                                      0.000     0.000 r  
    E3                                                0.000     0.000 r  clk_in (IN)
                         net (fo=0)                   0.000     0.000    clk_in
    E3                   IBUF (Prop_ibuf_I_O)         0.250     0.250 r  clk_in_IBUF_inst/O
                         net (fo=1, routed)           0.644     0.894    clk_in_IBUF
    BUFGCTRL_X0Y16       BUFG (Prop_bufg_I_O)         0.026     0.920 r  clk_in_IBUF_BUFG_inst/O
                         net (fo=294, routed)         0.603     1.522    cpu_registerfile/clk_in_IBUF_BUFG
    SLICE_X7Y96          FDRE                                         r  cpu_registerfile/rB_data_out_reg[6]/C
  -------------------------------------------------------------------    -------------------
    SLICE_X7Y96          FDRE (Prop_fdre_C_Q)         0.141     1.663 r  cpu_registerfile/rB_data_out_reg[6]/Q
                         net (fo=19, routed)          0.217     1.880    cpu_ram/ram_reg_0_255_6_6/D
    SLICE_X2Y95          RAMS64E                                      r  cpu_ram/ram_reg_0_255_6_6/RAMS64E_B/I
  -------------------------------------------------------------------    -------------------

                         (clock sys_clk_pin rise edge)
                                                      0.000     0.000 r  
    E3                                                0.000     0.000 r  clk_in (IN)
                         net (fo=0)                   0.000     0.000    clk_in
    E3                   IBUF (Prop_ibuf_I_O)         0.438     0.438 r  clk_in_IBUF_inst/O
                         net (fo=1, routed)           0.699     1.136    clk_in_IBUF
    BUFGCTRL_X0Y16       BUFG (Prop_bufg_I_O)         0.029     1.165 r  clk_in_IBUF_BUFG_inst/O
                         net (fo=294, routed)         0.877     2.042    cpu_ram/ram_reg_0_255_6_6/WCLK
    SLICE_X2Y95          RAMS64E                                      r  cpu_ram/ram_reg_0_255_6_6/RAMS64E_B/CLK
                         clock pessimism             -0.479     1.562    
    SLICE_X2Y95          RAMS64E (Hold_rams64e_CLK_I)
                                                      0.105     1.667    cpu_ram/ram_reg_0_255_6_6/RAMS64E_B
  -------------------------------------------------------------------
                         required time                         -1.667    
                         arrival time                           1.880    
  -------------------------------------------------------------------
                         slack                                  0.213    

Slack (MET) :             0.217ns  (arrival time - required time)
  Source:                 cpu_registerfile/rB_data_out_reg[6]/C
                            (rising edge-triggered cell FDRE clocked by sys_clk_pin  {rise@0.000ns fall@5.000ns period=10.000ns})
  Destination:            cpu_ram/ram_reg_0_255_6_6/RAMS64E_C/I
                            (rising edge-triggered cell RAMS64E clocked by sys_clk_pin  {rise@0.000ns fall@5.000ns period=10.000ns})
  Path Group:             sys_clk_pin
  Path Type:              Hold (Min at Fast Process Corner)
  Requirement:            0.000ns  (sys_clk_pin rise@0.000ns - sys_clk_pin rise@0.000ns)
  Data Path Delay:        0.358ns  (logic 0.141ns (39.425%)  route 0.217ns (60.575%))
  Logic Levels:           0  
  Clock Path Skew:        0.040ns (DCD - SCD - CPR)
    Destination Clock Delay (DCD):    2.042ns
    Source Clock Delay      (SCD):    1.522ns
    Clock Pessimism Removal (CPR):    0.479ns

    Location             Delay type                Incr(ns)  Path(ns)    Netlist Resource(s)
  -------------------------------------------------------------------    -------------------
                         (clock sys_clk_pin rise edge)
                                                      0.000     0.000 r  
    E3                                                0.000     0.000 r  clk_in (IN)
                         net (fo=0)                   0.000     0.000    clk_in
    E3                   IBUF (Prop_ibuf_I_O)         0.250     0.250 r  clk_in_IBUF_inst/O
                         net (fo=1, routed)           0.644     0.894    clk_in_IBUF
    BUFGCTRL_X0Y16       BUFG (Prop_bufg_I_O)         0.026     0.920 r  clk_in_IBUF_BUFG_inst/O
                         net (fo=294, routed)         0.603     1.522    cpu_registerfile/clk_in_IBUF_BUFG
    SLICE_X7Y96          FDRE                                         r  cpu_registerfile/rB_data_out_reg[6]/C
  -------------------------------------------------------------------    -------------------
    SLICE_X7Y96          FDRE (Prop_fdre_C_Q)         0.141     1.663 r  cpu_registerfile/rB_data_out_reg[6]/Q
                         net (fo=19, routed)          0.217     1.880    cpu_ram/ram_reg_0_255_6_6/D
    SLICE_X2Y95          RAMS64E                                      r  cpu_ram/ram_reg_0_255_6_6/RAMS64E_C/I
  -------------------------------------------------------------------    -------------------

                         (clock sys_clk_pin rise edge)
                                                      0.000     0.000 r  
    E3                                                0.000     0.000 r  clk_in (IN)
                         net (fo=0)                   0.000     0.000    clk_in
    E3                   IBUF (Prop_ibuf_I_O)         0.438     0.438 r  clk_in_IBUF_inst/O
                         net (fo=1, routed)           0.699     1.136    clk_in_IBUF
    BUFGCTRL_X0Y16       BUFG (Prop_bufg_I_O)         0.029     1.165 r  clk_in_IBUF_BUFG_inst/O
                         net (fo=294, routed)         0.877     2.042    cpu_ram/ram_reg_0_255_6_6/WCLK
    SLICE_X2Y95          RAMS64E                                      r  cpu_ram/ram_reg_0_255_6_6/RAMS64E_C/CLK
                         clock pessimism             -0.479     1.562    
    SLICE_X2Y95          RAMS64E (Hold_rams64e_CLK_I)
                                                      0.101     1.663    cpu_ram/ram_reg_0_255_6_6/RAMS64E_C
  -------------------------------------------------------------------
                         required time                         -1.663    
                         arrival time                           1.880    
  -------------------------------------------------------------------
                         slack                                  0.217    

Slack (MET) :             0.218ns  (arrival time - required time)
  Source:                 cpu_registerfile/rB_data_out_reg[10]/C
                            (rising edge-triggered cell FDRE clocked by sys_clk_pin  {rise@0.000ns fall@5.000ns period=10.000ns})
  Destination:            cpu_ram/ram_reg_0_255_10_10/RAMS64E_D/I
                            (rising edge-triggered cell RAMS64E clocked by sys_clk_pin  {rise@0.000ns fall@5.000ns period=10.000ns})
  Path Group:             sys_clk_pin
  Path Type:              Hold (Min at Fast Process Corner)
  Requirement:            0.000ns  (sys_clk_pin rise@0.000ns - sys_clk_pin rise@0.000ns)
  Data Path Delay:        0.427ns  (logic 0.141ns (33.032%)  route 0.286ns (66.968%))
  Logic Levels:           0  
  Clock Path Skew:        0.065ns (DCD - SCD - CPR)
    Destination Clock Delay (DCD):    2.039ns
    Source Clock Delay      (SCD):    1.494ns
    Clock Pessimism Removal (CPR):    0.479ns

    Location             Delay type                Incr(ns)  Path(ns)    Netlist Resource(s)
  -------------------------------------------------------------------    -------------------
                         (clock sys_clk_pin rise edge)
                                                      0.000     0.000 r  
    E3                                                0.000     0.000 r  clk_in (IN)
                         net (fo=0)                   0.000     0.000    clk_in
    E3                   IBUF (Prop_ibuf_I_O)         0.250     0.250 r  clk_in_IBUF_inst/O
                         net (fo=1, routed)           0.644     0.894    clk_in_IBUF
    BUFGCTRL_X0Y16       BUFG (Prop_bufg_I_O)         0.026     0.920 r  clk_in_IBUF_BUFG_inst/O
                         net (fo=294, routed)         0.575     1.494    cpu_registerfile/clk_in_IBUF_BUFG
    SLICE_X9Y96          FDRE                                         r  cpu_registerfile/rB_data_out_reg[10]/C
  -------------------------------------------------------------------    -------------------
    SLICE_X9Y96          FDRE (Prop_fdre_C_Q)         0.141     1.635 r  cpu_registerfile/rB_data_out_reg[10]/Q
                         net (fo=20, routed)          0.286     1.921    cpu_ram/ram_reg_0_255_10_10/D
    SLICE_X6Y96          RAMS64E                                      r  cpu_ram/ram_reg_0_255_10_10/RAMS64E_D/I
  -------------------------------------------------------------------    -------------------

                         (clock sys_clk_pin rise edge)
                                                      0.000     0.000 r  
    E3                                                0.000     0.000 r  clk_in (IN)
                         net (fo=0)                   0.000     0.000    clk_in
    E3                   IBUF (Prop_ibuf_I_O)         0.438     0.438 r  clk_in_IBUF_inst/O
                         net (fo=1, routed)           0.699     1.136    clk_in_IBUF
    BUFGCTRL_X0Y16       BUFG (Prop_bufg_I_O)         0.029     1.165 r  clk_in_IBUF_BUFG_inst/O
                         net (fo=294, routed)         0.874     2.039    cpu_ram/ram_reg_0_255_10_10/WCLK
    SLICE_X6Y96          RAMS64E                                      r  cpu_ram/ram_reg_0_255_10_10/RAMS64E_D/CLK
                         clock pessimism             -0.479     1.559    
    SLICE_X6Y96          RAMS64E (Hold_rams64e_CLK_I)
                                                      0.144     1.703    cpu_ram/ram_reg_0_255_10_10/RAMS64E_D
  -------------------------------------------------------------------
                         required time                         -1.703    
                         arrival time                           1.921    
  -------------------------------------------------------------------
                         slack                                  0.218    

Slack (MET) :             0.219ns  (arrival time - required time)
  Source:                 cpu_controlunit/stage_reg[1]/C
                            (rising edge-triggered cell FDRE clocked by sys_clk_pin  {rise@0.000ns fall@5.000ns period=10.000ns})
  Destination:            cpu_controlunit/stage_reg[0]/D
                            (rising edge-triggered cell FDSE clocked by sys_clk_pin  {rise@0.000ns fall@5.000ns period=10.000ns})
  Path Group:             sys_clk_pin
  Path Type:              Hold (Min at Fast Process Corner)
  Requirement:            0.000ns  (sys_clk_pin rise@0.000ns - sys_clk_pin rise@0.000ns)
  Data Path Delay:        0.351ns  (logic 0.186ns (52.923%)  route 0.165ns (47.077%))
  Logic Levels:           1  (LUT6=1)
  Clock Path Skew:        0.040ns (DCD - SCD - CPR)
    Destination Clock Delay (DCD):    2.043ns
    Source Clock Delay      (SCD):    1.523ns
    Clock Pessimism Removal (CPR):    0.479ns

    Location             Delay type                Incr(ns)  Path(ns)    Netlist Resource(s)
  -------------------------------------------------------------------    -------------------
                         (clock sys_clk_pin rise edge)
                                                      0.000     0.000 r  
    E3                                                0.000     0.000 r  clk_in (IN)
                         net (fo=0)                   0.000     0.000    clk_in
    E3                   IBUF (Prop_ibuf_I_O)         0.250     0.250 r  clk_in_IBUF_inst/O
                         net (fo=1, routed)           0.644     0.894    clk_in_IBUF
    BUFGCTRL_X0Y16       BUFG (Prop_bufg_I_O)         0.026     0.920 r  clk_in_IBUF_BUFG_inst/O
                         net (fo=294, routed)         0.604     1.523    cpu_controlunit/clk_in_IBUF_BUFG
    SLICE_X4Y97          FDRE                                         r  cpu_controlunit/stage_reg[1]/C
  -------------------------------------------------------------------    -------------------
    SLICE_X4Y97          FDRE (Prop_fdre_C_Q)         0.141     1.664 r  cpu_controlunit/stage_reg[1]/Q
                         net (fo=23, routed)          0.165     1.830    cpu_controlunit/Q[1]
    SLICE_X3Y97          LUT6 (Prop_lut6_I1_O)        0.045     1.875 r  cpu_controlunit/stage[0]_i_1/O
                         net (fo=1, routed)           0.000     1.875    cpu_controlunit/p_0_in[0]
    SLICE_X3Y97          FDSE                                         r  cpu_controlunit/stage_reg[0]/D
  -------------------------------------------------------------------    -------------------

                         (clock sys_clk_pin rise edge)
                                                      0.000     0.000 r  
    E3                                                0.000     0.000 r  clk_in (IN)
                         net (fo=0)                   0.000     0.000    clk_in
    E3                   IBUF (Prop_ibuf_I_O)         0.438     0.438 r  clk_in_IBUF_inst/O
                         net (fo=1, routed)           0.699     1.136    clk_in_IBUF
    BUFGCTRL_X0Y16       BUFG (Prop_bufg_I_O)         0.029     1.165 r  clk_in_IBUF_BUFG_inst/O
                         net (fo=294, routed)         0.878     2.043    cpu_controlunit/clk_in_IBUF_BUFG
    SLICE_X3Y97          FDSE                                         r  cpu_controlunit/stage_reg[0]/C
                         clock pessimism             -0.479     1.563    
    SLICE_X3Y97          FDSE (Hold_fdse_C_D)         0.092     1.655    cpu_controlunit/stage_reg[0]
  -------------------------------------------------------------------
                         required time                         -1.655    
                         arrival time                           1.875    
  -------------------------------------------------------------------
                         slack                                  0.219    

Slack (MET) :             0.221ns  (arrival time - required time)
  Source:                 cpu_controlunit/stage_reg[1]/C
                            (rising edge-triggered cell FDRE clocked by sys_clk_pin  {rise@0.000ns fall@5.000ns period=10.000ns})
  Destination:            cpu_controlunit/stage_reg[2]/D
                            (rising edge-triggered cell FDRE clocked by sys_clk_pin  {rise@0.000ns fall@5.000ns period=10.000ns})
  Path Group:             sys_clk_pin
  Path Type:              Hold (Min at Fast Process Corner)
  Requirement:            0.000ns  (sys_clk_pin rise@0.000ns - sys_clk_pin rise@0.000ns)
  Data Path Delay:        0.352ns  (logic 0.186ns (52.773%)  route 0.166ns (47.227%))
  Logic Levels:           1  (LUT6=1)
  Clock Path Skew:        0.040ns (DCD - SCD - CPR)
    Destination Clock Delay (DCD):    2.043ns
    Source Clock Delay      (SCD):    1.523ns
    Clock Pessimism Removal (CPR):    0.479ns

    Location             Delay type                Incr(ns)  Path(ns)    Netlist Resource(s)
  -------------------------------------------------------------------    -------------------
                         (clock sys_clk_pin rise edge)
                                                      0.000     0.000 r  
    E3                                                0.000     0.000 r  clk_in (IN)
                         net (fo=0)                   0.000     0.000    clk_in
    E3                   IBUF (Prop_ibuf_I_O)         0.250     0.250 r  clk_in_IBUF_inst/O
                         net (fo=1, routed)           0.644     0.894    clk_in_IBUF
    BUFGCTRL_X0Y16       BUFG (Prop_bufg_I_O)         0.026     0.920 r  clk_in_IBUF_BUFG_inst/O
                         net (fo=294, routed)         0.604     1.523    cpu_controlunit/clk_in_IBUF_BUFG
    SLICE_X4Y97          FDRE                                         r  cpu_controlunit/stage_reg[1]/C
  -------------------------------------------------------------------    -------------------
    SLICE_X4Y97          FDRE (Prop_fdre_C_Q)         0.141     1.664 r  cpu_controlunit/stage_reg[1]/Q
                         net (fo=23, routed)          0.166     1.831    cpu_controlunit/Q[1]
    SLICE_X3Y97          LUT6 (Prop_lut6_I4_O)        0.045     1.876 r  cpu_controlunit/stage[2]_i_1/O
                         net (fo=1, routed)           0.000     1.876    cpu_controlunit/p_0_in[2]
    SLICE_X3Y97          FDRE                                         r  cpu_controlunit/stage_reg[2]/D
  -------------------------------------------------------------------    -------------------

                         (clock sys_clk_pin rise edge)
                                                      0.000     0.000 r  
    E3                                                0.000     0.000 r  clk_in (IN)
                         net (fo=0)                   0.000     0.000    clk_in
    E3                   IBUF (Prop_ibuf_I_O)         0.438     0.438 r  clk_in_IBUF_inst/O
                         net (fo=1, routed)           0.699     1.136    clk_in_IBUF
    BUFGCTRL_X0Y16       BUFG (Prop_bufg_I_O)         0.029     1.165 r  clk_in_IBUF_BUFG_inst/O
                         net (fo=294, routed)         0.878     2.043    cpu_controlunit/clk_in_IBUF_BUFG
    SLICE_X3Y97          FDRE                                         r  cpu_controlunit/stage_reg[2]/C
                         clock pessimism             -0.479     1.563    
    SLICE_X3Y97          FDRE (Hold_fdre_C_D)         0.091     1.654    cpu_controlunit/stage_reg[2]
  -------------------------------------------------------------------
                         required time                         -1.654    
                         arrival time                           1.876    
  -------------------------------------------------------------------
                         slack                                  0.221    

Slack (MET) :             0.223ns  (arrival time - required time)
  Source:                 cpu_alu/s_result_reg[5]/C
                            (rising edge-triggered cell FDRE clocked by sys_clk_pin  {rise@0.000ns fall@5.000ns period=10.000ns})
  Destination:            cpu_pcunit/pc_reg[5]/D
                            (rising edge-triggered cell FDRE clocked by sys_clk_pin  {rise@0.000ns fall@5.000ns period=10.000ns})
  Path Group:             sys_clk_pin
  Path Type:              Hold (Min at Fast Process Corner)
  Requirement:            0.000ns  (sys_clk_pin rise@0.000ns - sys_clk_pin rise@0.000ns)
  Data Path Delay:        0.346ns  (logic 0.189ns (54.560%)  route 0.157ns (45.440%))
  Logic Levels:           1  (LUT3=1)
  Clock Path Skew:        0.016ns (DCD - SCD - CPR)
    Destination Clock Delay (DCD):    2.039ns
    Source Clock Delay      (SCD):    1.522ns
    Clock Pessimism Removal (CPR):    0.500ns

    Location             Delay type                Incr(ns)  Path(ns)    Netlist Resource(s)
  -------------------------------------------------------------------    -------------------
                         (clock sys_clk_pin rise edge)
                                                      0.000     0.000 r  
    E3                                                0.000     0.000 r  clk_in (IN)
                         net (fo=0)                   0.000     0.000    clk_in
    E3                   IBUF (Prop_ibuf_I_O)         0.250     0.250 r  clk_in_IBUF_inst/O
                         net (fo=1, routed)           0.644     0.894    clk_in_IBUF
    BUFGCTRL_X0Y16       BUFG (Prop_bufg_I_O)         0.026     0.920 r  clk_in_IBUF_BUFG_inst/O
                         net (fo=294, routed)         0.603     1.522    cpu_alu/clk_in_IBUF_BUFG
    SLICE_X5Y95          FDRE                                         r  cpu_alu/s_result_reg[5]/C
  -------------------------------------------------------------------    -------------------
    SLICE_X5Y95          FDRE (Prop_fdre_C_Q)         0.141     1.663 r  cpu_alu/s_result_reg[5]/Q
                         net (fo=3, routed)           0.157     1.821    cpu_alu/Q[5]
    SLICE_X5Y94          LUT3 (Prop_lut3_I2_O)        0.048     1.869 r  cpu_alu/pc[5]_i_1/O
                         net (fo=1, routed)           0.000     1.869    cpu_pcunit/pc_reg[5]_0
    SLICE_X5Y94          FDRE                                         r  cpu_pcunit/pc_reg[5]/D
  -------------------------------------------------------------------    -------------------

                         (clock sys_clk_pin rise edge)
                                                      0.000     0.000 r  
    E3                                                0.000     0.000 r  clk_in (IN)
                         net (fo=0)                   0.000     0.000    clk_in
    E3                   IBUF (Prop_ibuf_I_O)         0.438     0.438 r  clk_in_IBUF_inst/O
                         net (fo=1, routed)           0.699     1.136    clk_in_IBUF
    BUFGCTRL_X0Y16       BUFG (Prop_bufg_I_O)         0.029     1.165 r  clk_in_IBUF_BUFG_inst/O
                         net (fo=294, routed)         0.874     2.039    cpu_pcunit/clk_in_IBUF_BUFG
    SLICE_X5Y94          FDRE                                         r  cpu_pcunit/pc_reg[5]/C
                         clock pessimism             -0.500     1.538    
    SLICE_X5Y94          FDRE (Hold_fdre_C_D)         0.107     1.645    cpu_pcunit/pc_reg[5]
  -------------------------------------------------------------------
                         required time                         -1.645    
                         arrival time                           1.869    
  -------------------------------------------------------------------
                         slack                                  0.223    

Slack (MET) :             0.228ns  (arrival time - required time)
  Source:                 cpu_alu/s_result_reg[6]/C
                            (rising edge-triggered cell FDRE clocked by sys_clk_pin  {rise@0.000ns fall@5.000ns period=10.000ns})
  Destination:            cpu_pcunit/pc_reg[6]/D
                            (rising edge-triggered cell FDRE clocked by sys_clk_pin  {rise@0.000ns fall@5.000ns period=10.000ns})
  Path Group:             sys_clk_pin
  Path Type:              Hold (Min at Fast Process Corner)
  Requirement:            0.000ns  (sys_clk_pin rise@0.000ns - sys_clk_pin rise@0.000ns)
  Data Path Delay:        0.336ns  (logic 0.186ns (55.317%)  route 0.150ns (44.683%))
  Logic Levels:           1  (LUT3=1)
  Clock Path Skew:        0.016ns (DCD - SCD - CPR)
    Destination Clock Delay (DCD):    2.039ns
    Source Clock Delay      (SCD):    1.522ns
    Clock Pessimism Removal (CPR):    0.500ns

    Location             Delay type                Incr(ns)  Path(ns)    Netlist Resource(s)
  -------------------------------------------------------------------    -------------------
                         (clock sys_clk_pin rise edge)
                                                      0.000     0.000 r  
    E3                                                0.000     0.000 r  clk_in (IN)
                         net (fo=0)                   0.000     0.000    clk_in
    E3                   IBUF (Prop_ibuf_I_O)         0.250     0.250 r  clk_in_IBUF_inst/O
                         net (fo=1, routed)           0.644     0.894    clk_in_IBUF
    BUFGCTRL_X0Y16       BUFG (Prop_bufg_I_O)         0.026     0.920 r  clk_in_IBUF_BUFG_inst/O
                         net (fo=294, routed)         0.603     1.522    cpu_alu/clk_in_IBUF_BUFG
    SLICE_X7Y94          FDRE                                         r  cpu_alu/s_result_reg[6]/C
  -------------------------------------------------------------------    -------------------
    SLICE_X7Y94          FDRE (Prop_fdre_C_Q)         0.141     1.663 r  cpu_alu/s_result_reg[6]/Q
                         net (fo=3, routed)           0.150     1.814    cpu_alu/Q[6]
    SLICE_X5Y94          LUT3 (Prop_lut3_I2_O)        0.045     1.859 r  cpu_alu/pc[6]_i_1/O
                         net (fo=1, routed)           0.000     1.859    cpu_pcunit/pc_reg[6]_0
    SLICE_X5Y94          FDRE                                         r  cpu_pcunit/pc_reg[6]/D
  -------------------------------------------------------------------    -------------------

                         (clock sys_clk_pin rise edge)
                                                      0.000     0.000 r  
    E3                                                0.000     0.000 r  clk_in (IN)
                         net (fo=0)                   0.000     0.000    clk_in
    E3                   IBUF (Prop_ibuf_I_O)         0.438     0.438 r  clk_in_IBUF_inst/O
                         net (fo=1, routed)           0.699     1.136    clk_in_IBUF
    BUFGCTRL_X0Y16       BUFG (Prop_bufg_I_O)         0.029     1.165 r  clk_in_IBUF_BUFG_inst/O
                         net (fo=294, routed)         0.874     2.039    cpu_pcunit/clk_in_IBUF_BUFG
    SLICE_X5Y94          FDRE                                         r  cpu_pcunit/pc_reg[6]/C
                         clock pessimism             -0.500     1.538    
    SLICE_X5Y94          FDRE (Hold_fdre_C_D)         0.092     1.630    cpu_pcunit/pc_reg[6]
  -------------------------------------------------------------------
                         required time                         -1.630    
                         arrival time                           1.859    
  -------------------------------------------------------------------
                         slack                                  0.228    





Pulse Width Checks
--------------------------------------------------------------------------------------
Clock Name:         sys_clk_pin
Waveform(ns):       { 0.000 5.000 }
Period(ns):         10.000
Sources:            { clk_in }

Check Type        Corner  Lib Pin      Reference Pin  Required(ns)  Actual(ns)  Slack(ns)  Location        Pin
Min Period        n/a     BUFG/I       n/a            2.155         10.000      7.845      BUFGCTRL_X0Y16  clk_in_IBUF_BUFG_inst/I
Min Period        n/a     FDRE/C       n/a            1.000         10.000      9.000      SLICE_X4Y96     cpu_alu/rD_write_enable_out_reg/C
Min Period        n/a     FDRE/C       n/a            1.000         10.000      9.000      SLICE_X0Y86     cpu_sevensegdisplay/cnt_reg[0]/C
Min Period        n/a     FDRE/C       n/a            1.000         10.000      9.000      SLICE_X9Y92     cpu_alu/s_result_reg[0]/C
Min Period        n/a     FDRE/C       n/a            1.000         10.000      9.000      SLICE_X9Y99     cpu_alu/s_result_reg[10]/C
Min Period        n/a     FDRE/C       n/a            1.000         10.000      9.000      SLICE_X11Y98    cpu_alu/s_result_reg[11]/C
Min Period        n/a     FDRE/C       n/a            1.000         10.000      9.000      SLICE_X8Y96     cpu_alu/s_result_reg[12]/C
Min Period        n/a     FDRE/C       n/a            1.000         10.000      9.000      SLICE_X9Y98     cpu_alu/s_result_reg[13]/C
Min Period        n/a     FDRE/C       n/a            1.000         10.000      9.000      SLICE_X0Y88     cpu_sevensegdisplay/cnt_reg[10]/C
Min Period        n/a     FDRE/C       n/a            1.000         10.000      9.000      SLICE_X0Y88     cpu_sevensegdisplay/cnt_reg[11]/C
Low Pulse Width   Slow    RAMS64E/CLK  n/a            1.250         5.000       3.750      SLICE_X6Y96     cpu_ram/ram_reg_0_255_10_10/RAMS64E_A/CLK
Low Pulse Width   Slow    RAMS64E/CLK  n/a            1.250         5.000       3.750      SLICE_X6Y96     cpu_ram/ram_reg_0_255_10_10/RAMS64E_B/CLK
Low Pulse Width   Slow    RAMS64E/CLK  n/a            1.250         5.000       3.750      SLICE_X6Y96     cpu_ram/ram_reg_0_255_10_10/RAMS64E_C/CLK
Low Pulse Width   Slow    RAMS64E/CLK  n/a            1.250         5.000       3.750      SLICE_X6Y96     cpu_ram/ram_reg_0_255_10_10/RAMS64E_D/CLK
Low Pulse Width   Slow    RAMS64E/CLK  n/a            1.250         5.000       3.750      SLICE_X6Y95     cpu_ram/ram_reg_0_255_11_11/RAMS64E_A/CLK
Low Pulse Width   Slow    RAMS64E/CLK  n/a            1.250         5.000       3.750      SLICE_X6Y95     cpu_ram/ram_reg_0_255_11_11/RAMS64E_B/CLK
Low Pulse Width   Slow    RAMS64E/CLK  n/a            1.250         5.000       3.750      SLICE_X6Y95     cpu_ram/ram_reg_0_255_11_11/RAMS64E_C/CLK
Low Pulse Width   Slow    RAMS64E/CLK  n/a            1.250         5.000       3.750      SLICE_X6Y95     cpu_ram/ram_reg_0_255_11_11/RAMS64E_D/CLK
Low Pulse Width   Slow    RAMS64E/CLK  n/a            1.250         5.000       3.750      SLICE_X6Y93     cpu_ram/ram_reg_0_255_12_12/RAMS64E_A/CLK
Low Pulse Width   Slow    RAMS64E/CLK  n/a            1.250         5.000       3.750      SLICE_X6Y93     cpu_ram/ram_reg_0_255_12_12/RAMS64E_B/CLK
High Pulse Width  Slow    RAMS64E/CLK  n/a            1.250         5.000       3.750      SLICE_X2Y91     cpu_ram/ram_reg_0_255_0_0/RAMS64E_A/CLK
High Pulse Width  Slow    RAMS64E/CLK  n/a            1.250         5.000       3.750      SLICE_X2Y91     cpu_ram/ram_reg_0_255_0_0/RAMS64E_B/CLK
High Pulse Width  Slow    RAMS64E/CLK  n/a            1.250         5.000       3.750      SLICE_X2Y91     cpu_ram/ram_reg_0_255_0_0/RAMS64E_C/CLK
High Pulse Width  Slow    RAMS64E/CLK  n/a            1.250         5.000       3.750      SLICE_X2Y91     cpu_ram/ram_reg_0_255_0_0/RAMS64E_D/CLK
High Pulse Width  Slow    RAMS64E/CLK  n/a            1.250         5.000       3.750      SLICE_X6Y96     cpu_ram/ram_reg_0_255_10_10/RAMS64E_A/CLK
High Pulse Width  Fast    RAMS64E/CLK  n/a            1.250         5.000       3.750      SLICE_X6Y96     cpu_ram/ram_reg_0_255_10_10/RAMS64E_A/CLK
High Pulse Width  Slow    RAMS64E/CLK  n/a            1.250         5.000       3.750      SLICE_X6Y96     cpu_ram/ram_reg_0_255_10_10/RAMS64E_B/CLK
High Pulse Width  Fast    RAMS64E/CLK  n/a            1.250         5.000       3.750      SLICE_X6Y96     cpu_ram/ram_reg_0_255_10_10/RAMS64E_B/CLK
High Pulse Width  Slow    RAMS64E/CLK  n/a            1.250         5.000       3.750      SLICE_X6Y96     cpu_ram/ram_reg_0_255_10_10/RAMS64E_C/CLK
High Pulse Width  Fast    RAMS64E/CLK  n/a            1.250         5.000       3.750      SLICE_X6Y96     cpu_ram/ram_reg_0_255_10_10/RAMS64E_C/CLK



