
TracePro Release: 7 0 3 
Irradiance Map Data for G:\ee373 lab4-Linear Units in millimeters
Data for Block 2 Surface 2
Data generated at 17:29:46 November 13, 2025

Raytrace Time: mins: 0, secs: 17

Projected Plane Extent from surface geometry 
      TopLeft:(1850,995,-1850) 
      TopRight:(-1850,995,-1850)
      BottomLeft:(1850,995,1850) 
      BottomRight:(-1850,995,1850)
Corners of Data Set (plotted) 
      TopLeft:(1850,995,-1850) 
      TopRight:(-1850,995,-1850)
      BottomLeft:(1850,995,1850) 
      BottomRight:(-1850,995,1850)
Total Absorbed Rays: 813988
Min: 6.41067e-013 Max: 0.0524872 Ave: 0.0336352
Total Flux: 0.460466 W, Emitted Flux: 0.5
Normalization: 0
Data Smoothing is On
Grid Size is 128 x 128
Map Count 50
Data Cells are 28.9063 x 28.9063 millimeters

2.45369e-011	1.86524e-010	1.00597e-009	3.78227e-009	9.92469e-009	1.92152e-008	3.40983e-008	8.0665e-008	2.33842e-007	5.92044e-007	1.20049e-006	2.12305e-006	3.65841e-006	6.11145e-006	9.22985e-006	1.22722e-005	1.43412e-005	1.46038e-005	1.31516e-005	1.13782e-005	1.07071e-005	1.14348e-005	1.28652e-005	1.39526e-005	1.40493e-005	1.33351e-005	1.24658e-005	1.17785e-005	1.10112e-005	1.01305e-005	9.84917e-006	1.07477e-005	1.24721e-005	1.4108e-005	1.50577e-005	1.55406e-005	1.61141e-005	1.69345e-005	1.84838e-005	2.28687e-005	3.22871e-005	4.51625e-005	5.72952e-005	7.07942e-005	9.77603e-005	0.000148994	0.000224156	0.000317713	0.000421535	0.000521128	0.000615455	0.000733959	0.000902837	0.00111047	0.00132934	0.00154881	0.00177303	0.00200015	0.00220838	0.00237342	0.00249596	0.00259015	0.00266556	0.0027389	0.0028165	0.00285734	0.00281433	0.00270035	0.00255697	0.00238848	0.00217058	0.00190192	0.00161801	0.0013576	0.00113182	0.000931131	0.0007514	0.000597669	0.000468583	0.000356804	0.000260705	0.000184412	0.000129518	9.26296e-005	6.84983e-005	5.22705e-005	4.13244e-005	3.52049e-005	3.28482e-005	3.16154e-005	2.95319e-005	2.65797e-005	2.29475e-005	1.84389e-005	1.386e-005	1.05858e-005	8.99926e-006	8.37422e-006	7.90715e-006	7.63239e-006	8.32974e-006	1.03044e-005	1.26419e-005	1.42386e-005	1.47783e-005	1.41305e-005	1.21366e-005	9.36356e-006	6.96432e-006	5.68194e-006	5.1943e-006	4.54057e-006	3.40047e-006	2.43803e-006	2.12644e-006	2.02928e-006	1.58444e-006	8.88009e-007	3.4548e-007	9.28031e-008	1.73495e-008	2.35358e-009	2.75532e-010	3.94258e-011	6.21935e-012	6.41067e-013	1.01954e-012	7.99271e-013	
1.23099e-010	1.00572e-009	5.48367e-009	2.06259e-008	5.384e-008	1.00651e-007	1.51029e-007	2.45132e-007	5.27463e-007	1.18091e-006	2.25125e-006	3.71848e-006	5.92216e-006	9.40549e-006	1.3959e-005	1.83441e-005	2.09574e-005	2.07813e-005	1.84253e-005	1.58426e-005	1.45571e-005	1.48052e-005	1.60379e-005	1.72676e-005	1.74258e-005	1.62633e-005	1.46598e-005	1.34989e-005	1.27496e-005	1.23216e-005	1.28749e-005	1.50158e-005	1.82434e-005	2.10512e-005	2.25488e-005	2.4078e-005	2.7925e-005	3.44885e-005	4.31004e-005	5.62751e-005	7.93081e-005	0.000112823	0.000152099	0.000202808	0.000291861	0.000448407	0.000678462	0.000968085	0.00128728	0.00158792	0.00185452	0.00215069	0.00255024	0.00304491	0.00356422	0.00404984	0.00449187	0.00491186	0.00530608	0.00563305	0.00587945	0.00607635	0.00624316	0.0063893	0.00652506	0.00660036	0.00653285	0.00632894	0.00605713	0.00572177	0.00527708	0.0047363	0.0041731	0.00363483	0.00311915	0.00261917	0.00215429	0.00174947	0.00140096	0.00108918	0.000811801	0.000581975	0.000408132	0.000288063	0.000210676	0.000159292	0.000122635	9.95796e-005	8.85413e-005	8.08145e-005	6.93661e-005	5.58721e-005	4.37473e-005	3.29164e-005	2.35511e-005	1.70796e-005	1.37225e-005	1.23841e-005	1.19999e-005	1.22941e-005	1.36003e-005	1.58558e-005	1.80332e-005	1.91553e-005	1.92181e-005	1.83744e-005	1.64096e-005	1.35155e-005	1.0548e-005	8.3628e-006	6.99108e-006	5.67803e-006	4.12748e-006	2.9929e-006	2.66858e-006	2.54995e-006	1.97627e-006	1.10275e-006	4.31386e-007	1.19561e-007	2.48469e-008	4.48749e-009	8.36293e-010	1.55464e-010	2.39035e-011	6.15239e-012	1.1814e-012	2.20396e-012	
4.72519e-010	3.78124e-009	2.05948e-008	7.7566e-008	2.02702e-007	3.75914e-007	5.31071e-007	6.93414e-007	1.08568e-006	1.99131e-006	3.48786e-006	5.48199e-006	8.2207e-006	1.23064e-005	1.76132e-005	2.26321e-005	2.52334e-005	2.42684e-005	2.08633e-005	1.75598e-005	1.60015e-005	1.62534e-005	1.77469e-005	1.95118e-005	2.00404e-005	1.85637e-005	1.62365e-005	1.47233e-005	1.43704e-005	1.49391e-005	1.68197e-005	2.04538e-005	2.51325e-005	2.911e-005	3.22512e-005	3.85467e-005	5.34279e-005	7.80937e-005	0.000110549	0.000155167	0.00022504	0.000328214	0.000460698	0.000629375	0.000880424	0.00127941	0.00185262	0.00256412	0.00332766	0.00403285	0.00464032	0.00525249	0.00599895	0.00688045	0.00778392	0.00859799	0.00929428	0.00992695	0.0105291	0.0110452	0.011432	0.0117293	0.0119704	0.0121675	0.0123587	0.0125015	0.0124567	0.0121892	0.0117864	0.0112639	0.0105683	0.00974367	0.00889445	0.00803314	0.00711345	0.00614981	0.00522211	0.00438786	0.00362801	0.00290356	0.00222638	0.00164089	0.00117891	0.000847403	0.000624389	0.000466729	0.0003458	0.000262654	0.000216774	0.000185385	0.000148067	0.000108379	7.66991e-005	5.36601e-005	3.68939e-005	2.59642e-005	1.98376e-005	1.69508e-005	1.63182e-005	1.72243e-005	1.89201e-005	2.07e-005	2.19619e-005	2.24628e-005	2.24105e-005	2.18133e-005	2.02813e-005	1.76721e-005	1.44285e-005	1.14118e-005	9.12344e-006	7.15754e-006	5.18102e-006	3.70322e-006	3.05575e-006	2.66486e-006	1.95286e-006	1.07909e-006	4.51085e-007	1.56496e-007	5.24905e-008	1.78359e-008	5.39154e-009	1.28844e-009	2.36294e-010	5.2587e-011	1.40679e-011	1.17187e-011	
1.25011e-009	9.85268e-009	5.35313e-008	2.02059e-007	5.30694e-007	9.88584e-007	1.38034e-006	1.65962e-006	2.13231e-006	3.19799e-006	5.00252e-006	7.41673e-006	1.04324e-005	1.4385e-005	1.91791e-005	2.34806e-005	2.52559e-005	2.34808e-005	1.95556e-005	1.63222e-005	1.54329e-005	1.65408e-005	1.86902e-005	2.09808e-005	2.20174e-005	2.08483e-005	1.85973e-005	1.72062e-005	1.73075e-005	1.89465e-005	2.28162e-005	2.92581e-005	3.686e-005	4.38972e-005	5.31096e-005	7.46269e-005	0.000121162	0.000198793	0.000307969	0.000460207	0.000683209	0.000995532	0.00138656	0.00184755	0.00243685	0.00327601	0.00442955	0.00581305	0.00723489	0.0085071	0.0095764	0.0105715	0.0116517	0.0128332	0.0140059	0.0150509	0.0159305	0.0167128	0.0174654	0.0181327	0.0186286	0.0189685	0.0191984	0.0193712	0.0195898	0.0198298	0.0198751	0.0196159	0.0191409	0.0184877	0.0176276	0.0166563	0.0156835	0.014628	0.0133598	0.0119201	0.0104763	0.00912492	0.00781281	0.00647469	0.00515812	0.00396805	0.00298449	0.00224045	0.00170138	0.00128343	0.000937794	0.000680361	0.000518769	0.000407511	0.000301072	0.000201485	0.000128127	8.24185e-005	5.51954e-005	3.8867e-005	2.85618e-005	2.24017e-005	2.02238e-005	2.09709e-005	2.24888e-005	2.33391e-005	2.36683e-005	2.41871e-005	2.4941e-005	2.52147e-005	2.43431e-005	2.21931e-005	1.90419e-005	1.56582e-005	1.27792e-005	1.023e-005	7.68453e-006	5.60404e-006	4.29349e-006	3.27398e-006	2.20251e-006	1.2853e-006	7.09893e-007	3.93121e-007	2.02752e-007	8.66315e-008	2.8397e-008	7.0543e-009	1.55115e-009	5.57063e-010	2.9213e-010	1.56772e-010	
2.65795e-009	1.87724e-008	9.85858e-008	3.70357e-007	9.80637e-007	1.85369e-006	2.62337e-006	3.11843e-006	3.73086e-006	5.00886e-006	7.14366e-006	9.8873e-006	1.28591e-005	1.59853e-005	1.91712e-005	2.15664e-005	2.18521e-005	1.95778e-005	1.62141e-005	1.42492e-005	1.48473e-005	1.70506e-005	1.94418e-005	2.14676e-005	2.26558e-005	2.24291e-005	2.13402e-005	2.05999e-005	2.10362e-005	2.42237e-005	3.2796e-005	4.75263e-005	6.55114e-005	8.53171e-005	0.000116463	0.000182953	0.000315118	0.000534669	0.000853132	0.0012943	0.00189988	0.00268761	0.00361404	0.00461984	0.00575477	0.00720388	0.00907627	0.0112106	0.0132851	0.015069	0.0165402	0.0178246	0.019044	0.0202238	0.0213326	0.0223359	0.0232166	0.0240176	0.0248119	0.0255674	0.0261561	0.0265098	0.0266559	0.0267263	0.0269251	0.0272485	0.0274093	0.0272247	0.0267607	0.0260654	0.0251598	0.0242089	0.0233187	0.0223084	0.020948	0.0192678	0.0174962	0.0157624	0.0139734	0.0120356	0.0100337	0.00813428	0.00647875	0.00514668	0.00409392	0.00319017	0.0023822	0.00173225	0.00127416	0.000939824	0.000653714	0.000412431	0.000242855	0.000145033	9.4653e-005	6.61767e-005	4.56547e-005	3.11101e-005	2.40169e-005	2.27264e-005	2.33042e-005	2.33759e-005	2.34828e-005	2.48109e-005	2.68697e-005	2.80806e-005	2.7694e-005	2.60429e-005	2.35257e-005	2.05579e-005	1.76118e-005	1.46494e-005	1.16617e-005	9.19017e-006	7.29521e-006	5.46695e-006	3.7692e-006	2.60809e-006	1.89237e-006	1.29125e-006	7.32177e-007	3.22865e-007	1.07754e-007	2.88192e-008	9.05282e-009	5.25174e-009	3.36714e-009	1.70516e-009	
6.71591e-009	3.28113e-008	1.4345e-007	5.064e-007	1.33512e-006	2.57997e-006	3.77114e-006	4.59581e-006	5.48907e-006	7.17297e-006	9.81091e-006	1.28219e-005	1.54327e-005	1.73909e-005	1.87625e-005	1.92085e-005	1.82068e-005	1.60084e-005	1.40084e-005	1.38061e-005	1.57031e-005	1.83529e-005	2.02495e-005	2.12944e-005	2.2137e-005	2.28753e-005	2.3323e-005	2.35679e-005	2.50932e-005	3.28458e-005	5.39499e-005	9.1612e-005	0.00014276	0.000208867	0.000312936	0.000505032	0.000848564	0.00139355	0.0021651	0.00318631	0.0044867	0.0060508	0.00776835	0.0095028	0.0112828	0.0133465	0.0158288	0.0184849	0.0209071	0.0229146	0.0245741	0.0259611	0.0270641	0.027892	0.0285594	0.029203	0.0298632	0.0305379	0.0312843	0.0321123	0.0328549	0.0332914	0.0333656	0.0332918	0.0333897	0.0336925	0.0339046	0.0338198	0.0334459	0.0327839	0.0318908	0.031003	0.0302543	0.0294442	0.028282	0.0267269	0.0249903	0.0232129	0.0212812	0.0190756	0.0166786	0.0142707	0.0120399	0.0101176	0.00845004	0.00686976	0.00535478	0.0040519	0.00303897	0.00223665	0.00155395	0.000991218	0.000588889	0.000348735	0.000221825	0.000147407	9.21936e-005	5.26955e-005	3.15148e-005	2.40017e-005	2.23097e-005	2.19162e-005	2.25944e-005	2.49766e-005	2.77931e-005	2.90358e-005	2.83928e-005	2.69944e-005	2.54406e-005	2.35376e-005	2.11462e-005	1.83881e-005	1.57718e-005	1.37381e-005	1.17585e-005	9.31508e-006	7.10175e-006	5.72986e-006	4.67087e-006	3.33858e-006	1.91208e-006	8.4522e-007	2.89917e-007	9.32799e-008	4.89911e-008	3.89077e-008	2.67139e-008	1.34526e-008	
2.47421e-008	8.10045e-008	2.34654e-007	6.3838e-007	1.5267e-006	2.93968e-006	4.45257e-006	5.64182e-006	6.87848e-006	9.00777e-006	1.21268e-005	1.5232e-005	1.72759e-005	1.81852e-005	1.84215e-005	1.80546e-005	1.69669e-005	1.5648e-005	1.51345e-005	1.60857e-005	1.82124e-005	2.04285e-005	2.16309e-005	2.20059e-005	2.28526e-005	2.4666e-005	2.66056e-005	2.84215e-005	3.41023e-005	5.51655e-005	0.000108033	0.000204707	0.000349476	0.000554366	0.000863096	0.00135939	0.00214467	0.00329179	0.00481611	0.00669529	0.00889415	0.0113305	0.0138271	0.0162	0.0184834	0.0209457	0.023706	0.0264623	0.0288223	0.0307447	0.0323969	0.0337464	0.0345842	0.0348897	0.0349503	0.0350865	0.0353983	0.0358581	0.036516	0.0374138	0.0383421	0.0389175	0.038968	0.0387416	0.0386267	0.0387216	0.0388513	0.0388778	0.0387021	0.0381705	0.037308	0.036411	0.0356988	0.0350673	0.0342435	0.0330862	0.031713	0.0302529	0.0286018	0.0266128	0.0243086	0.0218233	0.0193476	0.0170356	0.0148291	0.0125647	0.0102874	0.0082254	0.00648109	0.00497006	0.00361484	0.00244769	0.00155173	0.000958965	0.00060477	0.000381302	0.000221816	0.000113875	5.518e-005	3.07008e-005	2.27106e-005	2.10174e-005	2.2339e-005	2.53408e-005	2.78033e-005	2.79392e-005	2.63256e-005	2.47489e-005	2.37984e-005	2.28174e-005	2.13324e-005	1.96696e-005	1.85164e-005	1.77292e-005	1.61337e-005	1.35455e-005	1.13675e-005	1.01204e-005	8.64217e-006	6.22056e-006	3.54727e-006	1.5787e-006	5.88291e-007	2.73234e-007	2.28463e-007	2.08423e-007	1.46281e-007	7.37159e-008	
8.69917e-008	2.49753e-007	5.55572e-007	1.06759e-006	1.94593e-006	3.31749e-006	4.92664e-006	6.33189e-006	7.74577e-006	9.97251e-006	1.30662e-005	1.58607e-005	1.73259e-005	1.77078e-005	1.7878e-005	1.82032e-005	1.85378e-005	1.89118e-005	1.96604e-005	2.09435e-005	2.27147e-005	2.46886e-005	2.61833e-005	2.7569e-005	3.06809e-005	3.57477e-005	4.08112e-005	4.71304e-005	6.60662e-005	0.00012324	0.000255147	0.000496489	0.000872785	0.00141411	0.0021804	0.00327094	0.00479299	0.00679927	0.00925011	0.0120349	0.0150219	0.0180644	0.0209723	0.0235993	0.0260349	0.0285476	0.0311988	0.0336831	0.0357235	0.0374255	0.0389836	0.0402316	0.0408051	0.0406769	0.0402607	0.0399847	0.0399874	0.0402534	0.0408216	0.0417062	0.0426656	0.0432664	0.0432917	0.0429489	0.0425781	0.0423421	0.0423017	0.0424723	0.0426208	0.0423445	0.0415516	0.0405785	0.039778	0.039217	0.0386991	0.0379953	0.0371067	0.0361484	0.0350458	0.0336201	0.0318095	0.0296682	0.0273273	0.0249101	0.0223899	0.0196855	0.0169088	0.0142899	0.0118936	0.00962562	0.00743855	0.00541111	0.00369954	0.00242118	0.001551	0.000961259	0.000549296	0.000279087	0.000128512	5.90558e-005	3.2306e-005	2.45749e-005	2.4657e-005	2.69968e-005	2.80587e-005	2.65712e-005	2.39128e-005	2.19162e-005	2.07946e-005	1.98606e-005	1.89628e-005	1.86295e-005	1.91691e-005	1.96043e-005	1.84756e-005	1.61979e-005	1.4586e-005	1.3737e-005	1.19381e-005	8.57546e-006	4.89529e-006	2.26522e-006	1.03126e-006	7.57223e-007	8.20464e-007	7.85175e-007	5.55275e-007	2.80359e-007	
2.26879e-007	6.39877e-007	1.3357e-006	2.20516e-006	3.18747e-006	4.39929e-006	5.80547e-006	7.09525e-006	8.33874e-006	1.01313e-005	1.25083e-005	1.45467e-005	1.55702e-005	1.60728e-005	1.7115e-005	1.9212e-005	2.19083e-005	2.42983e-005	2.59707e-005	2.74382e-005	2.98941e-005	3.38313e-005	3.82162e-005	4.37298e-005	5.37566e-005	6.81328e-005	8.36129e-005	0.000107475	0.000169207	0.000323172	0.000643172	0.00120393	0.0020605	0.00324859	0.00480704	0.00679329	0.00925264	0.0121603	0.0154015	0.0187989	0.0221671	0.0253446	0.028185	0.0306293	0.0328322	0.0350359	0.0372469	0.0392348	0.0408996	0.0424132	0.0438686	0.0449884	0.0453817	0.0450295	0.0443548	0.0438162	0.043619	0.0437887	0.0442976	0.0450509	0.0457996	0.0462179	0.046173	0.0458021	0.0452969	0.0448284	0.0446682	0.0449931	0.0454857	0.0455232	0.0448678	0.0438634	0.0429794	0.0424269	0.042082	0.0416775	0.0411617	0.0406592	0.0401147	0.0393175	0.0381446	0.0365734	0.0346241	0.0323595	0.0298413	0.0271216	0.0243127	0.0215353	0.0187854	0.0159817	0.0130938	0.010197	0.00749219	0.00521892	0.00348181	0.00221517	0.00131026	0.000702427	0.000341206	0.00015634	7.51009e-005	4.49649e-005	3.60146e-005	3.35853e-005	3.12885e-005	2.75468e-005	2.37126e-005	2.11097e-005	1.93854e-005	1.79172e-005	1.69555e-005	1.70231e-005	1.79729e-005	1.85452e-005	1.76025e-005	1.59687e-005	1.52346e-005	1.49517e-005	1.32275e-005	9.65673e-006	5.73716e-006	2.98066e-006	1.81605e-006	1.81014e-006	2.14013e-006	2.07415e-006	1.47319e-006	7.46502e-007	
4.18676e-007	1.19156e-006	2.4875e-006	3.99145e-006	5.31469e-006	6.45198e-006	7.54346e-006	8.45003e-006	9.18588e-006	1.01984e-005	1.15668e-005	1.27564e-005	1.35604e-005	1.46421e-005	1.70245e-005	2.11248e-005	2.5984e-005	2.97319e-005	3.16064e-005	3.33365e-005	3.80302e-005	4.67293e-005	5.73827e-005	7.13195e-005	9.52431e-005	0.000131129	0.000179683	0.000266683	0.000458528	0.000855235	0.0015771	0.00273732	0.00439908	0.00655407	0.00915134	0.0121403	0.0154584	0.0189943	0.0225991	0.0261101	0.0293782	0.0322911	0.0347578	0.0367614	0.0384657	0.040084	0.0416281	0.0430105	0.0443145	0.045695	0.047061	0.0480614	0.0483675	0.0479431	0.0471197	0.0463809	0.0460591	0.0462152	0.0467044	0.0472985	0.0477534	0.0479023	0.0477589	0.0474343	0.0469898	0.0465347	0.0463884	0.0468067	0.0475002	0.0477887	0.0473404	0.0464566	0.0456295	0.0451047	0.0447839	0.0444444	0.044098	0.0438986	0.0437623	0.0434383	0.0427867	0.0417515	0.0402677	0.0383596	0.036184	0.0338715	0.0314323	0.0288314	0.0260543	0.0230946	0.0199083	0.0164665	0.0129225	0.00960977	0.00681173	0.00460243	0.0029196	0.00170279	0.000907257	0.000452464	0.000225444	0.000123467	7.90507e-005	5.78697e-005	4.52145e-005	3.55024e-005	2.80352e-005	2.33852e-005	2.07156e-005	1.88503e-005	1.74675e-005	1.65595e-005	1.59837e-005	1.52931e-005	1.42426e-005	1.36062e-005	1.40931e-005	1.46856e-005	1.362e-005	1.06078e-005	6.99429e-006	4.27933e-006	3.14804e-006	3.38443e-006	4.0099e-006	3.89036e-006	2.77907e-006	1.41781e-006	
5.57103e-007	1.61408e-006	3.43958e-006	5.62399e-006	7.55942e-006	9.11032e-006	1.03666e-005	1.10211e-005	1.09905e-005	1.09709e-005	1.14131e-005	1.2086e-005	1.30346e-005	1.49772e-005	1.87127e-005	2.42104e-005	2.98875e-005	3.337e-005	3.42277e-005	3.57132e-005	4.28227e-005	5.75717e-005	7.80596e-005	0.00010748	0.000158668	0.000244834	0.000388873	0.000659704	0.00118016	0.00209338	0.00353548	0.00560717	0.00831699	0.0115504	0.0151261	0.0188802	0.0226736	0.0263675	0.0298413	0.0330008	0.0357819	0.0381605	0.0401042	0.0415842	0.0427119	0.0436821	0.0445571	0.045367	0.0463018	0.0474833	0.048697	0.0495742	0.0498493	0.0494354	0.0485531	0.047712	0.0473518	0.0475412	0.0480498	0.0485683	0.0488434	0.0487964	0.0485485	0.0482497	0.0479425	0.0476658	0.0476288	0.0480523	0.0487547	0.0491709	0.0489553	0.0483158	0.0476656	0.0472016	0.046834	0.0464445	0.046165	0.0461606	0.0462736	0.0461972	0.0457997	0.0450772	0.0439947	0.0425735	0.0409773	0.0392977	0.0374097	0.0351802	0.0326525	0.0299184	0.0268985	0.0234111	0.0194881	0.0154711	0.0117592	0.00855635	0.00588569	0.00376015	0.00222022	0.00123447	0.000671192	0.000371436	0.000215118	0.000133168	8.87089e-005	6.10833e-005	4.19852e-005	3.03246e-005	2.4646e-005	2.19697e-005	1.99014e-005	1.72837e-005	1.43137e-005	1.19217e-005	1.0871e-005	1.15705e-005	1.35456e-005	1.51841e-005	1.49621e-005	1.26525e-005	9.26685e-006	6.2744e-006	4.7501e-006	4.83381e-006	5.52011e-006	5.3356e-006	3.8446e-006	1.98296e-006	
5.91711e-007	1.73788e-006	3.80293e-006	6.48624e-006	9.25881e-006	1.19388e-005	1.42024e-005	1.499e-005	1.39479e-005	1.25135e-005	1.20714e-005	1.26944e-005	1.42942e-005	1.73471e-005	2.22049e-005	2.80797e-005	3.28075e-005	3.4343e-005	3.34811e-005	3.49722e-005	4.53495e-005	6.89873e-005	0.000108114	0.000173074	0.000291706	0.000507485	0.000894087	0.00158677	0.00275798	0.00454064	0.00699895	0.010131	0.0138273	0.0178597	0.021973	0.0259725	0.0297231	0.0331292	0.0361271	0.0386635	0.0407226	0.0423717	0.0436793	0.0446362	0.045295	0.04582	0.0462885	0.0467238	0.0472886	0.0480965	0.0489688	0.0496294	0.0498802	0.0495803	0.04884	0.0481182	0.0478518	0.0481159	0.0486886	0.0492348	0.0494659	0.0493214	0.0489725	0.0486335	0.0484114	0.0483056	0.0483546	0.0486852	0.0492552	0.0497012	0.0496991	0.0493217	0.0488572	0.04846	0.048083	0.0477105	0.0475351	0.047682	0.0479205	0.0479002	0.0475124	0.0468813	0.0461008	0.0451762	0.0441634	0.0430774	0.0417562	0.0400496	0.0380181	0.0357886	0.0332699	0.0301899	0.0264581	0.0223205	0.018144	0.0141723	0.0105224	0.00733727	0.0047976	0.00297371	0.0017712	0.00102188	0.000576638	0.000328584	0.00019718	0.000122801	7.51971e-005	4.65015e-005	3.25292e-005	2.64673e-005	2.25541e-005	1.81648e-005	1.35586e-005	1.03433e-005	9.69459e-006	1.16295e-005	1.47521e-005	1.69754e-005	1.70575e-005	1.49857e-005	1.15674e-005	8.17371e-006	6.05898e-006	5.60418e-006	5.96929e-006	5.6633e-006	4.09936e-006	2.13755e-006	
6.67728e-007	1.894e-006	4.12131e-006	7.21295e-006	1.08582e-005	1.48425e-005	1.82565e-005	1.91803e-005	1.70384e-005	1.41172e-005	1.28832e-005	1.37297e-005	1.6196e-005	2.02892e-005	2.58508e-005	3.133e-005	3.4248e-005	3.37519e-005	3.29143e-005	3.86283e-005	5.95581e-005	0.000104986	0.000189301	0.000346164	0.000641621	0.00117296	0.00207553	0.003531	0.005695	0.00858671	0.0121012	0.0160848	0.0203248	0.0245642	0.0286	0.0322981	0.0355691	0.0383983	0.0407897	0.0426671	0.043973	0.0448412	0.0454975	0.0460274	0.0464442	0.0468354	0.0472121	0.0474905	0.0477298	0.0480469	0.0484027	0.0487239	0.048932	0.048846	0.0484392	0.0480198	0.0479315	0.0482807	0.0489252	0.0495198	0.0497311	0.0495193	0.049105	0.0487595	0.0486306	0.0486388	0.0486461	0.048738	0.049077	0.0495164	0.0497167	0.0495785	0.0492747	0.0489655	0.0486744	0.0484416	0.0484219	0.0486443	0.0488505	0.0487354	0.048256	0.0476538	0.0471154	0.046569	0.0459359	0.0452486	0.0444478	0.0433763	0.0419933	0.040388	0.0385202	0.0361356	0.0330531	0.0293549	0.0252589	0.020962	0.0166508	0.0125845	0.00904425	0.00618788	0.00401614	0.00245274	0.00140855	0.00078057	0.000437254	0.000250641	0.000142203	8.07935e-005	5.02657e-005	3.55488e-005	2.65962e-005	1.96337e-005	1.43031e-005	1.12873e-005	1.10963e-005	1.34399e-005	1.66447e-005	1.85273e-005	1.81724e-005	1.59499e-005	1.26926e-005	9.49183e-006	7.25061e-006	6.22911e-006	5.89018e-006	5.18512e-006	3.63857e-006	1.87976e-006	
1.0306e-006	2.6341e-006	5.31395e-006	8.8985e-006	1.31083e-005	1.76067e-005	2.11611e-005	2.16765e-005	1.87375e-005	1.50058e-005	1.33578e-005	1.43007e-005	1.70958e-005	2.14676e-005	2.70676e-005	3.20697e-005	3.42089e-005	3.42869e-005	3.85655e-005	5.84418e-005	0.000108835	0.000210721	0.000405491	0.000778296	0.00146471	0.00262181	0.00440236	0.00693942	0.0102546	0.0141652	0.0183841	0.0226762	0.0268438	0.0307222	0.0342372	0.0373177	0.0398842	0.0420037	0.0437785	0.0450941	0.0457962	0.0460565	0.0462643	0.0466059	0.0470339	0.0475093	0.0479406	0.0481564	0.0481478	0.0480286	0.0478772	0.0478328	0.0479611	0.048055	0.0479515	0.0477955	0.0478263	0.0481881	0.0488364	0.04943	0.0495948	0.049324	0.0489212	0.0487166	0.0488179	0.048962	0.0488349	0.0485877	0.0486489	0.0490496	0.0493954	0.0494409	0.0493027	0.0491692	0.0490836	0.0490546	0.0491336	0.0492459	0.0491942	0.0488659	0.0483349	0.047841	0.0475154	0.0471829	0.0467138	0.0462588	0.0459039	0.0454536	0.0447109	0.0437037	0.0424711	0.0408367	0.038573	0.0356149	0.0320301	0.0279385	0.023534	0.0191001	0.0149042	0.0111081	0.0078097	0.00510388	0.00307844	0.00173593	0.000943535	0.00050596	0.000269913	0.00014793	8.80115e-005	5.62087e-005	3.62926e-005	2.38359e-005	1.71207e-005	1.4251e-005	1.40098e-005	1.57317e-005	1.79545e-005	1.87988e-005	1.77046e-005	1.54392e-005	1.29782e-005	1.09331e-005	9.33896e-006	7.95148e-006	6.55339e-006	4.91587e-006	3.06833e-006	1.47486e-006	
1.77255e-006	4.06576e-006	7.39913e-006	1.13435e-005	1.55086e-005	1.94473e-005	2.2002e-005	2.16452e-005	1.84458e-005	1.48303e-005	1.32241e-005	1.39857e-005	1.63469e-005	2.00462e-005	2.50073e-005	3.0103e-005	3.41255e-005	3.94229e-005	5.63222e-005	0.000106905	0.000225791	0.000463654	0.000907982	0.00171179	0.00308008	0.00518951	0.00811796	0.0118285	0.0161206	0.020615	0.0249466	0.0289528	0.0325928	0.0358516	0.0387413	0.0411788	0.0430345	0.0444202	0.0455523	0.046349	0.0466243	0.0465899	0.0467231	0.0471961	0.0478195	0.0484175	0.0488632	0.0490156	0.0488747	0.0485252	0.0480674	0.0477491	0.0477305	0.0478088	0.0477632	0.0476579	0.0476621	0.0479265	0.0484898	0.0490598	0.0492278	0.0489629	0.0486317	0.0486412	0.0490449	0.0493822	0.0492044	0.0487466	0.048601	0.0488685	0.0491514	0.0492176	0.049232	0.0493858	0.0496153	0.049775	0.0497899	0.0495597	0.0490764	0.0485244	0.0480674	0.0477782	0.0476187	0.0473851	0.047009	0.0467365	0.0467224	0.0467496	0.0465332	0.0460323	0.0453045	0.0442506	0.0426699	0.0404441	0.0375694	0.0341024	0.0301776	0.0259996	0.0217151	0.0173939	0.0131568	0.0092433	0.0059654	0.00354179	0.00195808	0.00102586	0.000524604	0.000276196	0.000156604	9.25639e-005	5.35439e-005	3.14265e-005	2.13622e-005	1.76986e-005	1.69293e-005	1.77696e-005	1.88911e-005	1.87319e-005	1.70494e-005	1.49974e-005	1.3763e-005	1.34222e-005	1.29237e-005	1.13148e-005	8.62758e-006	5.58367e-006	2.97138e-006	1.25111e-006	
2.66743e-006	5.6023e-006	9.27794e-006	1.30531e-005	1.66774e-005	1.977e-005	2.12644e-005	2.02203e-005	1.72121e-005	1.4261e-005	1.30533e-005	1.37335e-005	1.56126e-005	1.84496e-005	2.2825e-005	2.96296e-005	3.9808e-005	5.71611e-005	9.91355e-005	0.000213399	0.000483566	0.00101957	0.001959	0.0034847	0.00579675	0.00900267	0.0130315	0.0176457	0.0224604	0.0270055	0.0309625	0.0343402	0.0373103	0.0399809	0.0423501	0.0442603	0.045517	0.0462262	0.0466881	0.0469406	0.0468919	0.0468103	0.0471495	0.047933	0.0487645	0.0493605	0.0496771	0.0497464	0.049631	0.0493389	0.0488834	0.0484672	0.0482525	0.048096	0.0478531	0.0476242	0.0475459	0.0477042	0.0481566	0.0487106	0.0489629	0.0487769	0.0484888	0.0485783	0.0491285	0.0496238	0.0495809	0.0492297	0.0490863	0.0491813	0.0492068	0.049113	0.0491791	0.0495716	0.0500732	0.0503396	0.0501696	0.0495248	0.0486761	0.0480779	0.0478509	0.0477829	0.0476938	0.0475002	0.0472527	0.0471702	0.0473703	0.047679	0.0478415	0.0477471	0.0473755	0.0466664	0.0455144	0.043848	0.0416624	0.038979	0.0358543	0.0323691	0.0285105	0.0242134	0.0195339	0.0147299	0.0102475	0.00654024	0.00383288	0.00207917	0.0010669	0.000538577	0.000278116	0.000146521	7.61799e-005	4.05329e-005	2.53561e-005	2.00242e-005	1.87903e-005	1.94879e-005	2.03983e-005	1.98764e-005	1.78582e-005	1.59411e-005	1.57047e-005	1.68832e-005	1.74132e-005	1.56016e-005	1.16714e-005	7.18856e-006	3.60798e-006	1.4541e-006	
3.33573e-006	6.46626e-006	9.89423e-006	1.30969e-005	1.6326e-005	1.93147e-005	2.07052e-005	1.96696e-005	1.71615e-005	1.50109e-005	1.43765e-005	1.52738e-005	1.70984e-005	1.96908e-005	2.50125e-005	3.77245e-005	6.27724e-005	0.000107904	0.000208099	0.00046493	0.00105149	0.00215545	0.00392117	0.00645538	0.00982796	0.0139865	0.0187068	0.0236624	0.0284639	0.0326948	0.0361142	0.0388395	0.0411873	0.0433499	0.0452756	0.0467252	0.0474755	0.0476383	0.0475724	0.0474298	0.0472029	0.0471475	0.0476219	0.0485213	0.0493259	0.0497042	0.0497482	0.0497292	0.0497896	0.0498158	0.0496479	0.0493304	0.0489631	0.0485028	0.0479778	0.0476173	0.0475567	0.0477383	0.0481263	0.0486332	0.0489449	0.0488253	0.0485008	0.0484736	0.0489134	0.0494017	0.0495329	0.049481	0.049554	0.0496485	0.0495379	0.0493027	0.0492564	0.0495716	0.0500563	0.0503184	0.0500445	0.0492262	0.0483518	0.0479951	0.0480891	0.0481458	0.0479923	0.0478006	0.0477291	0.0478454	0.0481497	0.0485475	0.0489048	0.0490913	0.0489718	0.0484608	0.047552	0.0462698	0.0446401	0.0426692	0.0403521	0.0376555	0.0344494	0.0305922	0.0260568	0.0209772	0.015735	0.0108942	0.00693343	0.00405748	0.00219309	0.00110472	0.000526955	0.000243044	0.000110791	5.26129e-005	2.93455e-005	2.13235e-005	1.98091e-005	2.11714e-005	2.27321e-005	2.23901e-005	2.00725e-005	1.78174e-005	1.78462e-005	1.99487e-005	2.12901e-005	1.94585e-005	1.47831e-005	9.38711e-006	5.01714e-006	2.22736e-006	
3.76678e-006	6.58796e-006	9.38908e-006	1.21341e-005	1.55754e-005	1.93007e-005	2.14033e-005	2.0951e-005	1.91381e-005	1.76772e-005	1.74217e-005	1.84013e-005	2.02275e-005	2.33615e-005	3.25618e-005	5.92162e-005	0.000118087	0.000232463	0.000477465	0.00104259	0.00221375	0.00422566	0.00712725	0.0108219	0.0151621	0.0199102	0.0247415	0.0294019	0.033717	0.0374589	0.0404238	0.0426611	0.0444724	0.0461184	0.0475647	0.0485238	0.048789	0.0485758	0.0483365	0.0482274	0.0481268	0.0480985	0.0483771	0.0489085	0.0492903	0.0492478	0.0489664	0.0488828	0.0491828	0.0496097	0.0498113	0.0496875	0.0492994	0.0486803	0.0479912	0.0475983	0.0476757	0.0480169	0.048422	0.0488551	0.0491363	0.0490159	0.0486281	0.0484333	0.0486326	0.0489247	0.0490398	0.0491584	0.0494748	0.0498081	0.0498999	0.0497234	0.0494601	0.0493525	0.0494997	0.0497024	0.0495718	0.0489983	0.0484822	0.0485288	0.0488602	0.0488763	0.0485762	0.048409	0.0485661	0.0488951	0.0492342	0.0495485	0.0498616	0.0501176	0.0501242	0.0497399	0.0490124	0.0480458	0.0468741	0.0454683	0.043768	0.0416691	0.0390309	0.0357692	0.0318312	0.0271474	0.0218459	0.0163953	0.0113959	0.00729115	0.00425737	0.0022473	0.00107035	0.000467886	0.000195282	8.25696e-005	3.92416e-005	2.47442e-005	2.20687e-005	2.37365e-005	2.55245e-005	2.49931e-005	2.20293e-005	1.89141e-005	1.84997e-005	2.09476e-005	2.30315e-005	2.17173e-005	1.71973e-005	1.17124e-005	6.9402e-006	3.46429e-006	
4.46213e-006	6.74086e-006	8.81599e-006	1.12872e-005	1.50808e-005	1.93914e-005	2.20211e-005	2.22045e-005	2.12215e-005	2.0432e-005	2.04059e-005	2.13131e-005	2.32234e-005	2.79904e-005	4.52561e-005	9.96203e-005	0.000232696	0.000513104	0.0010871	0.00223913	0.00432375	0.00752201	0.0116715	0.0164102	0.0213954	0.0262746	0.0306965	0.0345664	0.0380374	0.041167	0.0437941	0.0457612	0.0471669	0.048301	0.0492477	0.0497223	0.0495402	0.0490909	0.0489712	0.049261	0.0495581	0.0495897	0.049446	0.0492694	0.0489816	0.0484682	0.0479344	0.0478324	0.0483191	0.049012	0.0494323	0.0494528	0.0491691	0.0486159	0.0479458	0.0475962	0.0478227	0.0483543	0.0488511	0.0492613	0.049494	0.0493478	0.0489373	0.0486589	0.0486636	0.0487022	0.0486086	0.0486248	0.0489979	0.0495817	0.0500105	0.0500018	0.0495384	0.048965	0.0487547	0.0489845	0.0492165	0.0491503	0.049116	0.0494474	0.049779	0.0496341	0.0492587	0.0492398	0.0496711	0.0501857	0.0504987	0.0506012	0.0506322	0.0506679	0.0505902	0.0502701	0.0497707	0.0491895	0.0484831	0.0475325	0.0462245	0.0444576	0.0421982	0.0395133	0.0363733	0.0325285	0.0278111	0.0224406	0.0169253	0.0118004	0.00749276	0.00426905	0.00216841	0.000992506	0.000420805	0.00017095	7.15465e-005	3.79938e-005	3.02401e-005	2.98424e-005	2.95048e-005	2.70897e-005	2.27632e-005	1.86438e-005	1.76266e-005	2.00826e-005	2.27683e-005	2.22998e-005	1.84942e-005	1.33813e-005	8.51984e-006	4.56876e-006	
5.68427e-006	7.50514e-006	8.89511e-006	1.09143e-005	1.43514e-005	1.81258e-005	2.03795e-005	2.0943e-005	2.109e-005	2.16318e-005	2.28069e-005	2.49509e-005	2.87794e-005	3.85616e-005	7.31726e-005	0.000185295	0.000478384	0.00111448	0.00232936	0.00443693	0.00771073	0.0121298	0.0172791	0.0226147	0.027737	0.0323018	0.0359966	0.038867	0.0413377	0.0437589	0.046082	0.0479371	0.0490967	0.0498111	0.0503559	0.0505104	0.0500542	0.04946	0.0494462	0.0500708	0.0507254	0.0508374	0.0503494	0.049579	0.0487647	0.0479562	0.047326	0.0472413	0.0477999	0.0485608	0.0490165	0.0490982	0.0489583	0.0485748	0.048002	0.0476873	0.0479766	0.0486106	0.0491744	0.0495852	0.049796	0.049661	0.0493059	0.049065	0.0490273	0.0489568	0.0486942	0.0484799	0.0486729	0.0492522	0.0497994	0.04985	0.0492698	0.0484865	0.0482021	0.0486313	0.0492639	0.0496272	0.0498747	0.0502188	0.0503618	0.050072	0.0497732	0.0499946	0.0506429	0.0512373	0.0514835	0.0513623	0.0510131	0.0506345	0.0503096	0.0500279	0.0498312	0.0496968	0.0494317	0.0488237	0.0477493	0.0461802	0.044233	0.0420959	0.039744	0.0368416	0.0330497	0.0283281	0.0229289	0.0172781	0.0119236	0.00742756	0.00414766	0.00208698	0.000958816	0.000406789	0.000166163	7.82833e-005	5.27489e-005	4.41858e-005	3.71849e-005	2.99814e-005	2.3319e-005	1.84548e-005	1.72507e-005	1.96615e-005	2.25695e-005	2.25864e-005	1.91532e-005	1.40886e-005	9.09838e-006	4.98023e-006	
6.88513e-006	8.53005e-006	9.48513e-006	1.08325e-005	1.30837e-005	1.52961e-005	1.65068e-005	1.73782e-005	1.92238e-005	2.24953e-005	2.74511e-005	3.49986e-005	4.71251e-005	7.3405e-005	0.000152778	0.000392835	0.00100392	0.00228038	0.00451846	0.00791532	0.0124531	0.0177931	0.0233594	0.0286476	0.0333832	0.0373223	0.0402187	0.0421909	0.0437765	0.0455039	0.0474703	0.0491976	0.0501657	0.0505486	0.0508313	0.0509212	0.0504956	0.0498921	0.0498205	0.0504272	0.0511362	0.051272	0.0506793	0.0497212	0.0487658	0.0479316	0.0473345	0.0472486	0.0477585	0.0484631	0.0488868	0.0489993	0.0489749	0.0487405	0.048256	0.0479327	0.0481634	0.0487236	0.0491893	0.0494997	0.0496736	0.0496112	0.049413	0.0493385	0.0494489	0.0495212	0.0493081	0.0489272	0.0487978	0.0490745	0.0494247	0.0493819	0.0487945	0.048088	0.0479769	0.0486484	0.0495192	0.0500433	0.0503041	0.0505091	0.0504914	0.0501736	0.0499814	0.0503102	0.0509814	0.051564	0.0518107	0.0516171	0.0510238	0.0503116	0.0497888	0.0495872	0.0496921	0.0499012	0.0498745	0.0493932	0.0484286	0.0470577	0.0454766	0.0438905	0.0422437	0.0401906	0.0373632	0.0335672	0.0287906	0.023226	0.0173466	0.0118312	0.00730654	0.0040844	0.00207416	0.0009563	0.000408386	0.000182388	0.00010366	7.22625e-005	5.13437e-005	3.56399e-005	2.54024e-005	1.99055e-005	1.88568e-005	2.11994e-005	2.39253e-005	2.3901e-005	2.03447e-005	1.49e-005	9.53301e-006	5.23488e-006	
7.31025e-006	9.06389e-006	1.00075e-005	1.08199e-005	1.17496e-005	1.23461e-005	1.26826e-005	1.41795e-005	1.83372e-005	2.59171e-005	3.86222e-005	6.00832e-005	9.68093e-005	0.000172272	0.000366298	0.000871711	0.00202458	0.00422692	0.00774199	0.0125003	0.0180694	0.0238134	0.0291782	0.0339096	0.0379555	0.0411728	0.0433716	0.0446983	0.0456705	0.0468236	0.0483308	0.0497375	0.0504277	0.0505246	0.0506434	0.0508459	0.0507282	0.0503377	0.0502	0.050561	0.0510551	0.051122	0.0506045	0.0497963	0.0490023	0.0483118	0.0477765	0.0476	0.0479216	0.0484743	0.0488391	0.0489668	0.049033	0.0489639	0.048627	0.0483055	0.048372	0.0486818	0.0488933	0.0490222	0.049167	0.0492403	0.0492546	0.0493951	0.0497514	0.050121	0.0501223	0.0496877	0.0492332	0.0490906	0.0491154	0.0489564	0.0484631	0.0479436	0.0479808	0.0487141	0.049605	0.0501493	0.0503904	0.0505337	0.0505063	0.0502314	0.0499937	0.0501361	0.0506341	0.0512253	0.0516273	0.0515619	0.0509683	0.0501794	0.0496352	0.0495494	0.0498595	0.0502147	0.0501659	0.0495747	0.0486171	0.0474708	0.0462826	0.0451995	0.0441568	0.042808	0.0407809	0.0378605	0.0339317	0.0289766	0.0232282	0.017226	0.0116866	0.00722206	0.00405632	0.00205491	0.000943554	0.000420687	0.000209823	0.00012268	7.53547e-005	4.62196e-005	3.03262e-005	2.3304e-005	2.19253e-005	2.38198e-005	2.60285e-005	2.58387e-005	2.24639e-005	1.7161e-005	1.16279e-005	6.84146e-006	
6.93887e-006	8.88601e-006	1.00477e-005	1.0645e-005	1.08053e-005	1.0591e-005	1.08032e-005	1.33652e-005	2.02045e-005	3.34609e-005	5.90148e-005	0.000108688	0.000203894	0.000402462	0.00085389	0.00184408	0.0037772	0.00704068	0.0117498	0.0175393	0.0236457	0.0293	0.0341223	0.0381551	0.041515	0.0440916	0.0457244	0.0465875	0.0471508	0.0478531	0.0488282	0.0497219	0.050055	0.0499393	0.0499463	0.050255	0.0505145	0.0505206	0.050497	0.0506684	0.050889	0.0508474	0.0504794	0.0499636	0.049455	0.0489742	0.0484872	0.0481102	0.0480712	0.0483261	0.0485659	0.0486985	0.0488806	0.049057	0.0489798	0.0487157	0.0485811	0.0485871	0.0485517	0.0485652	0.0487714	0.0490389	0.0492224	0.0494435	0.0499072	0.0504887	0.0507029	0.0503146	0.0496847	0.0492472	0.0490293	0.0488145	0.0484539	0.0480898	0.0481199	0.0486914	0.0494768	0.050117	0.0505349	0.0507836	0.0508099	0.0505169	0.0500596	0.0498325	0.0501027	0.05077	0.0513962	0.0515102	0.0510326	0.0503346	0.0498635	0.0498413	0.0502073	0.0505605	0.0503901	0.0496397	0.0486953	0.0477953	0.0469457	0.0462241	0.0456228	0.044787	0.0432948	0.0410013	0.0378872	0.0338416	0.0287969	0.022964	0.016932	0.0114626	0.00707821	0.00393824	0.00196573	0.000910567	0.000426053	0.000216362	0.000117101	6.53896e-005	3.96177e-005	2.85098e-005	2.52383e-005	2.58604e-005	2.72622e-005	2.71429e-005	2.4852e-005	2.09751e-005	1.61061e-005	1.06805e-005	
6.77591e-006	8.80624e-006	9.92737e-006	1.03156e-005	1.02983e-005	1.02374e-005	1.10984e-005	1.4939e-005	2.43634e-005	4.41644e-005	8.81288e-005	0.000186238	0.000397499	0.000850852	0.00179072	0.00355118	0.00645615	0.0107028	0.0162062	0.0224384	0.0285317	0.0337632	0.0379661	0.0413893	0.044209	0.0462901	0.0474724	0.0479493	0.0481721	0.0484892	0.0489502	0.0493229	0.0493698	0.0491747	0.0490973	0.0493699	0.049848	0.0502548	0.0505166	0.0506895	0.0507355	0.050608	0.0503839	0.0501566	0.0499735	0.0497978	0.0494471	0.0488689	0.0483642	0.0481931	0.0482555	0.0484189	0.0487389	0.0491347	0.049285	0.0490881	0.0488095	0.0486064	0.04843	0.0484114	0.0487408	0.0492333	0.0495142	0.0495917	0.0498508	0.0503843	0.0507355	0.0505427	0.0500091	0.0495075	0.0491574	0.048912	0.0487001	0.0485224	0.0485338	0.0488557	0.049453	0.0502157	0.0509273	0.0513485	0.0513645	0.0509417	0.0502287	0.0496892	0.0497995	0.0505288	0.0512711	0.0514484	0.0510454	0.0504543	0.0500407	0.0499823	0.050269	0.0505644	0.050361	0.0496142	0.0487851	0.0481171	0.0475015	0.0469724	0.0465999	0.046051	0.0448671	0.0429888	0.0405651	0.0374997	0.0334894	0.0283816	0.0224813	0.0164874	0.0110874	0.00674007	0.00367062	0.00181367	0.000847768	0.000396475	0.000192647	9.85957e-005	5.47008e-005	3.51761e-005	2.77787e-005	2.62709e-005	2.6946e-005	2.7504e-005	2.70318e-005	2.52806e-005	2.16222e-005	1.57248e-005	
8.24103e-006	1.02318e-005	1.06946e-005	1.03783e-005	1.02728e-005	1.0933e-005	1.30154e-005	1.82924e-005	3.02493e-005	5.78965e-005	0.00012797	0.000303946	0.000717119	0.00161111	0.00332441	0.00613443	0.0101037	0.0151144	0.0209266	0.0270412	0.0326856	0.0372687	0.0407972	0.0436443	0.0460091	0.0477326	0.0486276	0.0488571	0.0488292	0.0488202	0.048847	0.0488313	0.0487477	0.0485978	0.0484712	0.0485986	0.0490836	0.0497416	0.0503178	0.0506422	0.050648	0.050454	0.050263	0.0501806	0.0502881	0.050538	0.0505289	0.0499411	0.0490905	0.0485489	0.0484692	0.0486708	0.0490293	0.0494242	0.0496027	0.0494434	0.0491325	0.04883	0.0485321	0.0484256	0.0488106	0.0494958	0.0498526	0.0496862	0.0495227	0.0497862	0.0502247	0.0503992	0.0502219	0.0498328	0.0493952	0.0491143	0.0491002	0.049234	0.0493525	0.0494498	0.049739	0.0504215	0.0512621	0.0517583	0.051674	0.0510718	0.0501981	0.0495473	0.0496135	0.0503341	0.0510349	0.0511637	0.0507975	0.0503148	0.0499532	0.0498139	0.0499602	0.0502098	0.0501328	0.0496046	0.0489608	0.0484178	0.0479051	0.0474642	0.0471696	0.0467289	0.0457273	0.0441657	0.0423011	0.0401073	0.0371825	0.0330871	0.0277874	0.0217769	0.0157618	0.0103949	0.00617562	0.00330108	0.00160782	0.00073428	0.000329804	0.000153433	7.63117e-005	4.24697e-005	2.88398e-005	2.48629e-005	2.53908e-005	2.73695e-005	2.87667e-005	2.85081e-005	2.56528e-005	1.96056e-005	
1.16257e-005	1.35887e-005	1.3021e-005	1.15515e-005	1.10547e-005	1.24226e-005	1.61258e-005	2.3854e-005	4.08939e-005	8.35334e-005	0.000200034	0.000508289	0.00124607	0.00279032	0.00552175	0.00953207	0.0145106	0.0200231	0.0257631	0.031372	0.036264	0.0400059	0.0427431	0.0449517	0.0468705	0.0483324	0.0491184	0.0493338	0.0492783	0.0491028	0.0488171	0.0485202	0.0483599	0.0482744	0.0481487	0.0481602	0.0485626	0.0493141	0.0501239	0.0506523	0.0507147	0.0504464	0.0501245	0.0499672	0.0502117	0.0508432	0.0512584	0.0508864	0.0500106	0.0493908	0.0493194	0.0495301	0.0497449	0.0498906	0.0499294	0.0498086	0.0495509	0.0491664	0.0486631	0.048346	0.048657	0.0494363	0.0498886	0.0496067	0.0491043	0.0490462	0.0494726	0.0499845	0.0502215	0.0500474	0.0496251	0.0493775	0.0495837	0.050035	0.0503005	0.0502301	0.0501561	0.0505084	0.051161	0.0515337	0.0512925	0.0505482	0.049659	0.0491131	0.0492722	0.0499723	0.0505803	0.0506634	0.0503702	0.0500454	0.0498038	0.0496366	0.0496408	0.0498277	0.0499355	0.049738	0.0492986	0.048778	0.0482835	0.0479166	0.0476658	0.0472553	0.0463709	0.0450481	0.0435674	0.0419892	0.0399438	0.0368332	0.0323371	0.0267209	0.0206024	0.0146451	0.00946294	0.0054939	0.00284826	0.00132702	0.000575209	0.000246585	0.000109591	5.24707e-005	2.98664e-005	2.2822e-005	2.32187e-005	2.64893e-005	2.90463e-005	2.91767e-005	2.64806e-005	2.06916e-005	
1.53046e-005	1.7516e-005	1.64368e-005	1.41593e-005	1.3092e-005	1.48024e-005	2.0695e-005	3.42491e-005	6.58551e-005	0.000146314	0.000361194	0.000907023	0.00213928	0.00452516	0.0083818	0.0135242	0.0192903	0.0250357	0.0304542	0.0353345	0.0392962	0.0420876	0.0439847	0.0455471	0.0470294	0.0482347	0.04894	0.0492518	0.0493727	0.0492778	0.048893	0.0484093	0.0481343	0.0480686	0.0480156	0.0480381	0.0483802	0.0490988	0.0499795	0.0506369	0.0507665	0.0504258	0.0499255	0.0496101	0.0498289	0.0505744	0.0511805	0.0510333	0.0504065	0.0500352	0.0501372	0.0503436	0.0503418	0.0501924	0.0500791	0.0500004	0.049804	0.0493447	0.0486455	0.048108	0.0482574	0.0490011	0.0495631	0.0494241	0.0489002	0.0486133	0.0488213	0.0493421	0.0497865	0.0498626	0.0496488	0.0495704	0.0499369	0.0505374	0.0508824	0.0507505	0.0504245	0.0503647	0.0505961	0.0506805	0.0502986	0.049546	0.0488033	0.0484986	0.0488145	0.049503	0.0500581	0.0501786	0.0500175	0.0498915	0.0498593	0.0497776	0.0496565	0.0496539	0.0497793	0.0498339	0.0496283	0.0491994	0.0487706	0.0484902	0.0482736	0.0478713	0.0470677	0.0459014	0.0446148	0.0433309	0.0417989	0.0394325	0.0357706	0.0308832	0.0251926	0.0191755	0.0133773	0.00839652	0.00466782	0.00228621	0.00100738	0.0004209	0.00017614	7.64238e-005	3.67049e-005	2.29489e-005	2.12152e-005	2.4288e-005	2.71133e-005	2.74005e-005	2.49714e-005	1.97651e-005	
1.73333e-005	2.0346e-005	1.99601e-005	1.78611e-005	1.64587e-005	1.851e-005	2.82442e-005	5.4801e-005	0.000121294	0.000288636	0.00070546	0.00166575	0.00360919	0.00698142	0.0119139	0.0179338	0.0241469	0.0298295	0.0347215	0.0387548	0.0417604	0.0436638	0.0448279	0.0458307	0.0468862	0.0477493	0.0482282	0.0485123	0.0488122	0.0489844	0.0487784	0.0483041	0.0479772	0.0479691	0.04809	0.0482377	0.0485247	0.0490493	0.0497425	0.0503075	0.0504091	0.0500425	0.0495305	0.0492413	0.0494397	0.0500265	0.0504482	0.050334	0.0500113	0.0499938	0.0502707	0.0504428	0.0503063	0.0500387	0.0498789	0.0498054	0.0496249	0.0491867	0.0484976	0.047894	0.0478772	0.0484733	0.0490967	0.0492464	0.0489738	0.048624	0.0484973	0.0487047	0.0490789	0.0493344	0.0493994	0.0495099	0.0499096	0.050499	0.0509088	0.0508744	0.0504897	0.0500947	0.0498619	0.0496404	0.0492407	0.0486874	0.0482287	0.0481434	0.0484902	0.0490808	0.0496245	0.0498872	0.0498965	0.0499225	0.0500803	0.0501509	0.0499497	0.0496406	0.0495307	0.0496446	0.0496982	0.0495306	0.0492746	0.0490586	0.0488225	0.0484	0.0476451	0.0465749	0.0453642	0.0441441	0.0428042	0.0409303	0.0380876	0.0341733	0.02931	0.0236666	0.0176252	0.0118632	0.00709244	0.00373346	0.00175087	0.000760431	0.000321192	0.00013563	5.84531e-005	2.8936e-005	2.10377e-005	2.19394e-005	2.45758e-005	2.56463e-005	2.4036e-005	1.9266e-005	
1.74897e-005	2.1794e-005	2.30059e-005	2.19456e-005	2.10098e-005	2.47095e-005	4.2081e-005	9.36794e-005	0.000229636	0.000568728	0.00135435	0.00297369	0.00586442	0.0103065	0.0161624	0.0227309	0.0290126	0.0342927	0.038415	0.0415157	0.0436601	0.044892	0.0455367	0.0460802	0.0466888	0.047135	0.0472787	0.0473787	0.0477298	0.0481893	0.0483361	0.0480894	0.047877	0.0480164	0.0483481	0.0486241	0.0488082	0.0490029	0.0492867	0.0495355	0.049515	0.04924	0.0489979	0.0490201	0.0493142	0.0496376	0.0496653	0.049426	0.0493182	0.0495439	0.0498487	0.0499124	0.0497377	0.0495523	0.0494632	0.0493608	0.0491608	0.0488666	0.0484382	0.0479843	0.0478744	0.0482629	0.0488229	0.0491731	0.049202	0.0489629	0.0486397	0.0485199	0.0487064	0.049001	0.0491852	0.0493029	0.0495844	0.0500977	0.0505952	0.0507376	0.0504161	0.0498389	0.0492934	0.0489052	0.0486297	0.0483932	0.0482257	0.0482153	0.0483961	0.0487827	0.049326	0.0497735	0.0499211	0.0499533	0.0501333	0.0503044	0.0500932	0.0495317	0.0491231	0.0491837	0.0494615	0.0495937	0.0495305	0.0493672	0.0491124	0.0486691	0.0479239	0.0468961	0.0457284	0.0445268	0.0432748	0.0417674	0.0396797	0.0367657	0.0328433	0.0277962	0.0218508	0.0156758	0.010106	0.00579286	0.00295918	0.00137625	0.000602028	0.000252726	0.000102571	4.34531e-005	2.46055e-005	2.17508e-005	2.38823e-005	2.59384e-005	2.5137e-005	2.02534e-005	
1.70685e-005	2.27715e-005	2.58001e-005	2.65772e-005	2.80694e-005	3.69741e-005	6.93244e-005	0.000165953	0.000426688	0.00106347	0.00243248	0.00496645	0.00898256	0.0144808	0.0210374	0.0278069	0.0337889	0.0383514	0.0415102	0.0436592	0.0450939	0.0459016	0.0462396	0.0464021	0.0465612	0.0466429	0.0465598	0.0465159	0.0468404	0.0474668	0.0479052	0.047916	0.0478554	0.0480845	0.0484885	0.0487815	0.0488435	0.0487447	0.0486395	0.0485816	0.0485223	0.0485312	0.04876	0.0491812	0.0495564	0.0496013	0.0492579	0.0488868	0.0488996	0.0492287	0.0494613	0.0493893	0.0492018	0.0491426	0.0491479	0.0490122	0.0487905	0.0486745	0.0485933	0.0484015	0.0482733	0.048447	0.0488413	0.0492288	0.0494671	0.0494469	0.0491751	0.0489202	0.0489442	0.0491461	0.0492258	0.0491609	0.0492716	0.0497381	0.0502958	0.0505185	0.0502357	0.0496286	0.0490325	0.0486805	0.0485671	0.0485453	0.0485114	0.0484522	0.0484435	0.0486613	0.0491716	0.049676	0.0498183	0.0497254	0.0497955	0.04999	0.0498307	0.0491901	0.0486239	0.0486322	0.0490067	0.049276	0.0493287	0.0492873	0.0491633	0.0488094	0.0480925	0.04708	0.0459727	0.0448886	0.0438292	0.0426806	0.0411849	0.0390218	0.035851	0.031422	0.0258514	0.0196858	0.0136752	0.00854239	0.00476073	0.00237684	0.00107781	0.000449742	0.000175135	6.81967e-005	3.28439e-005	2.44389e-005	2.50275e-005	2.70865e-005	2.63302e-005	2.09978e-005	
1.71466e-005	2.41746e-005	2.92407e-005	3.34022e-005	4.10178e-005	6.17595e-005	0.000122691	0.000298874	0.000767765	0.0018594	0.00401943	0.00763117	0.0127818	0.0191539	0.0260825	0.0326683	0.0380319	0.0417397	0.0440006	0.0453778	0.0462968	0.046851	0.0470131	0.0468759	0.0466734	0.0465697	0.0465138	0.0465221	0.0468344	0.0474555	0.0479435	0.0480095	0.0479207	0.0480148	0.0482534	0.0484202	0.0483834	0.0481635	0.0479233	0.0478361	0.0480004	0.0484741	0.0491771	0.0498156	0.0500696	0.0498041	0.0492106	0.0487855	0.0488613	0.0492164	0.0493943	0.0492497	0.0490422	0.0490226	0.0490601	0.04891	0.0486875	0.048673	0.0488006	0.0487866	0.0486531	0.0486767	0.0489346	0.0492804	0.0495917	0.0497511	0.0496475	0.0494127	0.0493185	0.0493393	0.0492078	0.0489808	0.0490932	0.0496822	0.0502972	0.0504385	0.0500536	0.0494504	0.0489813	0.0488063	0.0488225	0.0488408	0.0487653	0.0486214	0.048553	0.0487333	0.0491453	0.0494802	0.0494514	0.0492239	0.0492224	0.0494462	0.0493887	0.0488255	0.0482538	0.0481924	0.0484614	0.0486349	0.0487072	0.0488707	0.0490641	0.0489926	0.0484377	0.0475044	0.0465141	0.0456712	0.044956	0.0441915	0.0430838	0.0413116	0.0385804	0.0346848	0.029666	0.0238427	0.0177257	0.011974	0.00723822	0.0038784	0.00183713	0.000773554	0.000296073	0.000110869	4.82996e-005	2.99634e-005	2.64688e-005	2.68129e-005	2.52998e-005	1.9701e-005	
1.75831e-005	2.59295e-005	3.35238e-005	4.28028e-005	6.06375e-005	0.000102623	0.000215138	0.000525894	0.00131308	0.00301976	0.00610973	0.0108006	0.016878	0.0237408	0.0305847	0.0365818	0.0411271	0.0440915	0.0458052	0.0467879	0.0474396	0.0478536	0.0478985	0.0475509	0.0471344	0.0470193	0.0471619	0.0473597	0.0476865	0.0481646	0.0484582	0.0483417	0.0480449	0.0478678	0.0478263	0.0477839	0.0476383	0.047408	0.0472654	0.0474197	0.0479922	0.0489445	0.0499603	0.0505653	0.0505142	0.0499378	0.0492253	0.048836	0.0489436	0.0492647	0.0494033	0.049253	0.0490418	0.049005	0.0490474	0.0489482	0.0487815	0.0487762	0.048885	0.0488607	0.0487204	0.0487422	0.0489849	0.0492441	0.0494335	0.0495648	0.0495505	0.0493983	0.0492612	0.0491104	0.0488059	0.048592	0.0489645	0.0498737	0.0506001	0.0505867	0.0499759	0.0492901	0.0489287	0.0489332	0.0490627	0.0490887	0.0489506	0.048748	0.0486969	0.0489047	0.0491952	0.0492741	0.0490406	0.0487381	0.04872	0.0489631	0.0490224	0.0486408	0.0481492	0.0479537	0.0479526	0.0479089	0.047956	0.048302	0.0488167	0.0491071	0.048862	0.0481569	0.0473869	0.0468516	0.0465195	0.0461072	0.0452421	0.0436368	0.0411472	0.0377133	0.033329	0.0280537	0.0221089	0.0160008	0.0104269	0.00600089	0.00300679	0.00131092	0.000510046	0.000190585	7.81213e-005	4.03386e-005	2.84336e-005	2.53269e-005	2.27205e-005	1.71733e-005	
1.74914e-005	2.69643e-005	3.69177e-005	5.10422e-005	8.05902e-005	0.00015444	0.000353639	0.000879556	0.00211781	0.00457999	0.00864722	0.0142742	0.0209255	0.0277977	0.0340917	0.0391963	0.0428724	0.0452947	0.0468125	0.0477598	0.0484097	0.0488233	0.0488154	0.0483452	0.0478389	0.0477753	0.0480847	0.0484191	0.0487186	0.0489929	0.0490151	0.0486781	0.0482248	0.0479011	0.0477035	0.0475119	0.0472484	0.0469795	0.0469262	0.0472862	0.0481235	0.0493109	0.0503979	0.0508383	0.0505055	0.0497573	0.0490827	0.0488028	0.0488965	0.0490778	0.0491123	0.048985	0.0488446	0.048839	0.048921	0.0489385	0.0489002	0.0489054	0.0488982	0.0487673	0.0486499	0.0487949	0.0490947	0.0492096	0.0491091	0.0489971	0.0489324	0.0488924	0.0488477	0.0486481	0.0482637	0.0481392	0.048793	0.0499913	0.0508207	0.0506973	0.0498982	0.0490956	0.0487378	0.0488128	0.0490187	0.0491152	0.04903	0.0488476	0.0488086	0.0490176	0.0492261	0.0491405	0.0487769	0.0484119	0.0483012	0.0484449	0.048583	0.0484662	0.0481429	0.0478185	0.0475427	0.0473405	0.0473859	0.0477796	0.0483759	0.0488561	0.0489307	0.0486065	0.0482008	0.047993	0.0479516	0.0477732	0.0470781	0.0456192	0.0433578	0.0403638	0.0366421	0.0320647	0.0265683	0.0204177	0.0142183	0.00874636	0.0046578	0.00213886	0.00086697	0.000331173	0.000131744	5.93077e-005	3.32868e-005	2.50623e-005	2.10682e-005	1.54628e-005	
1.65555e-005	2.67101e-005	3.79646e-005	5.46459e-005	9.51736e-005	0.000213873	0.000550752	0.00140459	0.00325355	0.00659423	0.0116136	0.0179512	0.0247982	0.0312757	0.0367398	0.0408697	0.043728	0.0456842	0.0470887	0.0481342	0.0489543	0.049507	0.049536	0.0490369	0.0485346	0.0485216	0.0488636	0.0491545	0.0493117	0.049387	0.0492599	0.0488999	0.0485188	0.0482821	0.048151	0.047998	0.0477152	0.047371	0.0472379	0.0475178	0.0482372	0.0492705	0.0501881	0.0504715	0.050063	0.0493827	0.0488704	0.0486694	0.0486239	0.0485414	0.0484325	0.0484016	0.0484605	0.0485706	0.0486898	0.0487837	0.0488778	0.0489727	0.0489613	0.0488139	0.0487614	0.0490045	0.0492931	0.0492222	0.0488251	0.048447	0.0483045	0.0484096	0.0485673	0.0484421	0.0480135	0.0478515	0.0485215	0.0497504	0.0505945	0.050479	0.0496896	0.0488806	0.0484841	0.0485012	0.0486824	0.0488471	0.0489059	0.0488327	0.0487917	0.0489278	0.0490434	0.048851	0.0483972	0.0479554	0.0477	0.0476868	0.0478943	0.0481133	0.0480792	0.0477509	0.0473233	0.0470622	0.0471029	0.0473831	0.0477898	0.048214	0.0485204	0.0486543	0.0487048	0.0487829	0.0488737	0.0487871	0.0482444	0.0470286	0.0450824	0.0425136	0.0394109	0.0355965	0.0307524	0.0248279	0.0182499	0.0118838	0.00671291	0.00327234	0.0014029	0.000557039	0.000220084	9.146e-005	4.38848e-005	2.80839e-005	2.15172e-005	1.51093e-005	
1.57188e-005	2.67412e-005	3.93035e-005	5.83774e-005	0.000113729	0.000300687	0.000847141	0.00216892	0.00479942	0.00911403	0.0150074	0.0218073	0.0285406	0.0343964	0.0389836	0.0422458	0.0443941	0.0458599	0.047026	0.0480639	0.0490138	0.0497103	0.0498257	0.0493946	0.048993	0.0490528	0.0493398	0.0494341	0.0493426	0.0492619	0.0491787	0.0490346	0.0489049	0.048857	0.0488816	0.0489022	0.0487536	0.0484137	0.0481414	0.0481494	0.0484776	0.0490966	0.0497236	0.0499221	0.0496154	0.049123	0.0487252	0.0484275	0.0480897	0.0477298	0.047589	0.0477969	0.0481635	0.0484349	0.0485463	0.0486001	0.0487398	0.0489687	0.0491202	0.0491182	0.0491442	0.0493366	0.0494513	0.0491728	0.0485982	0.0481122	0.048006	0.0483094	0.0487082	0.0487076	0.0482164	0.0478414	0.0482384	0.0492481	0.0500371	0.0500637	0.049508	0.0488451	0.0484083	0.0482562	0.0482917	0.0484606	0.0486659	0.0487215	0.0486322	0.0485728	0.0484899	0.0481674	0.0476622	0.047227	0.0469593	0.0469193	0.0472459	0.0478025	0.048126	0.0479436	0.0474782	0.0471437	0.0470764	0.0471479	0.047306	0.0476195	0.0480918	0.0486058	0.0489979	0.0491982	0.0492638	0.0491961	0.0488445	0.0479857	0.0464458	0.0442745	0.0416603	0.0384871	0.0342719	0.0286893	0.0219925	0.0150539	0.0090293	0.00471578	0.00216864	0.000907141	0.000361264	0.000143859	6.34715e-005	3.57536e-005	2.40141e-005	1.54456e-005	
1.61075e-005	2.96131e-005	4.66537e-005	7.47367e-005	0.000162491	0.000464033	0.00131621	0.00324622	0.00677949	0.0120743	0.0186905	0.0257172	0.0321589	0.0373644	0.0411802	0.0437394	0.0453133	0.0463183	0.0471404	0.0479606	0.0488002	0.049477	0.0496674	0.0493972	0.0491802	0.0493323	0.0495253	0.049362	0.0490018	0.0488319	0.0489136	0.0490795	0.0492172	0.0493002	0.0493876	0.0495211	0.0495442	0.0493378	0.0490606	0.04887	0.0488334	0.0490679	0.0494608	0.0496147	0.049375	0.0489545	0.0485249	0.0480371	0.0474429	0.0469637	0.0469556	0.0474615	0.0481165	0.0485393	0.0486371	0.0485941	0.048687	0.04899	0.049306	0.0494605	0.0495103	0.0495439	0.0494333	0.0490234	0.0484401	0.0480327	0.0480983	0.0486481	0.049286	0.0494202	0.0488751	0.0482213	0.0481919	0.0488337	0.0495343	0.0497952	0.0495987	0.049141	0.0486151	0.0481835	0.0479903	0.0481346	0.0484767	0.048641	0.0484501	0.0481047	0.0477701	0.0473854	0.0469855	0.0467237	0.0466094	0.0466731	0.0471081	0.0478676	0.0484759	0.0485089	0.0480698	0.0475884	0.047289	0.0471389	0.0471539	0.0474323	0.0479756	0.0486092	0.0490598	0.0492133	0.0492179	0.049199	0.0490639	0.0485647	0.047424	0.045606	0.04334	0.0405834	0.036814	0.031601	0.0251035	0.0180819	0.0116093	0.00657125	0.00327213	0.001448	0.000583713	0.000226406	9.59313e-005	5.00378e-005	2.95223e-005	1.68274e-005	
1.805e-005	3.63788e-005	6.40981e-005	0.000117231	0.000276641	0.000772603	0.00204991	0.00469846	0.00914976	0.0152887	0.0223781	0.0294059	0.0355054	0.0402052	0.043457	0.0454707	0.046584	0.0472094	0.0476777	0.0481298	0.0486202	0.049102	0.0493584	0.0493304	0.0493281	0.0495232	0.0495654	0.0491434	0.0485719	0.0483706	0.0486067	0.0489964	0.0493028	0.0494443	0.0495	0.04959	0.0496534	0.0495852	0.0494291	0.0492158	0.049022	0.0490921	0.0493943	0.0494766	0.0491259	0.0486094	0.0481606	0.0476998	0.0471393	0.0467312	0.046851	0.0474986	0.0482801	0.048797	0.048908	0.0487926	0.0487924	0.049028	0.0493054	0.0494309	0.0494189	0.0493593	0.0492225	0.0489201	0.0485169	0.0482951	0.0485566	0.0493059	0.0501079	0.0503514	0.0498128	0.0489429	0.0484565	0.0486539	0.0492468	0.0497645	0.0499152	0.049609	0.0489372	0.0481948	0.0477778	0.0479149	0.0483974	0.0486831	0.0484347	0.0478601	0.0473635	0.0470883	0.0469894	0.0470034	0.0470468	0.0471665	0.0475712	0.0482937	0.0489908	0.0492169	0.0488793	0.0482774	0.0477173	0.0473432	0.0472419	0.0474397	0.0478503	0.048308	0.0486313	0.048775	0.0488679	0.0489759	0.0489872	0.048678	0.0477826	0.0462388	0.0442559	0.0418138	0.0384307	0.0337164	0.0277945	0.0211898	0.0146576	0.0090139	0.00484433	0.00225801	0.000923351	0.00035173	0.000144994	7.23848e-005	3.91253e-005	2.00803e-005	
2.28988e-005	4.86879e-005	9.60416e-005	0.000201883	0.000499072	0.0013055	0.00314305	0.00657669	0.0118554	0.0185892	0.0258466	0.0326598	0.0384005	0.0427648	0.045673	0.0472941	0.0480313	0.048338	0.0484986	0.0485962	0.0487137	0.0489805	0.0493291	0.0495769	0.0497579	0.0499086	0.049742	0.0490888	0.048371	0.0481253	0.0483583	0.0487401	0.0490721	0.0493025	0.0494105	0.0494154	0.0493511	0.0492686	0.0491879	0.04903	0.0488609	0.0489645	0.0492782	0.0492696	0.0487445	0.0481544	0.0478922	0.0477961	0.0475493	0.0472642	0.0473294	0.0478559	0.0485794	0.0491258	0.0492657	0.0491149	0.0490009	0.0490336	0.04906	0.0489842	0.0488866	0.0488841	0.0489601	0.0489677	0.0488494	0.0488126	0.0491647	0.0499373	0.0507397	0.0510418	0.0506062	0.0496695	0.0488113	0.0485912	0.049093	0.0498424	0.0502478	0.0500171	0.0492404	0.0483234	0.0477958	0.0479343	0.0484966	0.0488849	0.0486642	0.0480006	0.0474707	0.0474147	0.0476873	0.0479527	0.0480331	0.0480502	0.0482518	0.0487322	0.0493308	0.0497002	0.0495817	0.0490316	0.048309	0.0476881	0.0473464	0.0472728	0.0473348	0.0474608	0.047669	0.0479816	0.0483618	0.0486754	0.0487529	0.0484449	0.0476088	0.0462478	0.044556	0.0425113	0.0396747	0.0356942	0.0306246	0.0246999	0.0182902	0.0120798	0.00692896	0.00339426	0.00142531	0.000542863	0.000218163	0.000103883	5.24342e-005	2.4765e-005	
3.46605e-005	7.24309e-005	0.000152022	0.000348101	0.00086797	0.00212001	0.00464957	0.00889216	0.0148448	0.0218927	0.0290438	0.0354664	0.0407718	0.0448011	0.0474342	0.048771	0.0492366	0.0493126	0.0492718	0.0491752	0.0491032	0.0492731	0.0497181	0.0501711	0.0504515	0.0505029	0.0501411	0.049341	0.0485461	0.0481949	0.048207	0.0483126	0.0485293	0.0489268	0.0492786	0.0493081	0.0490618	0.0488118	0.0486731	0.0485421	0.0484611	0.0486524	0.0489801	0.0489202	0.0483668	0.0479056	0.0480037	0.0483799	0.0484813	0.0482712	0.0481597	0.0484257	0.0489896	0.0495187	0.0497056	0.0495806	0.0493889	0.0491975	0.0489376	0.0486559	0.0484963	0.048569	0.0488348	0.0490948	0.0492108	0.0493049	0.0496293	0.0502434	0.0508925	0.0512124	0.050954	0.0500912	0.0490234	0.0485193	0.0489767	0.0499011	0.0504593	0.0502751	0.04953	0.0486832	0.0482186	0.048347	0.04884	0.0491843	0.0489584	0.0482803	0.0477959	0.0479612	0.0485353	0.0489447	0.0489313	0.0487175	0.0486402	0.0488509	0.0493197	0.0498256	0.0500346	0.0497478	0.0490346	0.0481857	0.0474999	0.0470346	0.0466754	0.046453	0.0465715	0.0471015	0.0478293	0.0484111	0.0485859	0.048252	0.0474247	0.0462325	0.044881	0.0433404	0.0411807	0.0380173	0.0337907	0.028503	0.0222351	0.0155344	0.00943541	0.00488253	0.00214998	0.000843082	0.00033459	0.000150416	7.09072e-005	3.14032e-005	
5.49675e-005	0.000110026	0.000234226	0.000555425	0.00137377	0.00318436	0.00650147	0.0115436	0.0180154	0.0251428	0.0319861	0.037882	0.0426123	0.0461409	0.0483973	0.0494837	0.0498172	0.049839	0.0497658	0.049641	0.0495441	0.0496937	0.0501471	0.0506274	0.0508756	0.0508079	0.0503598	0.0496125	0.0489098	0.0484915	0.04821	0.0479383	0.0479674	0.0485137	0.0491472	0.0492675	0.0488701	0.0484092	0.0481487	0.0480359	0.0480664	0.0483157	0.0485818	0.0484758	0.0480361	0.0478429	0.0482706	0.0489423	0.0492398	0.0490849	0.0488741	0.0489494	0.0493479	0.0498233	0.0500892	0.0501076	0.049979	0.0496919	0.0492537	0.0488229	0.0485723	0.0485978	0.0488659	0.0491955	0.0494332	0.0496127	0.0498734	0.0502656	0.0506862	0.0509615	0.0508495	0.0501141	0.0490007	0.0483749	0.048802	0.0497787	0.050368	0.0502333	0.0496853	0.049147	0.0488935	0.0489854	0.0492502	0.0493595	0.0490113	0.0483251	0.0479373	0.0482971	0.0490647	0.0495152	0.0493513	0.0488943	0.0485995	0.0486755	0.0491243	0.0497852	0.0503295	0.0503978	0.0498344	0.0488654	0.0479129	0.0471574	0.046508	0.0460225	0.0460071	0.0465972	0.047518	0.0483067	0.0486072	0.0483263	0.0476102	0.0466848	0.0457236	0.0446496	0.0430412	0.0404999	0.0368867	0.0320786	0.0259896	0.0190155	0.012197	0.00671075	0.00314791	0.00129782	0.000517155	0.000221097	9.9326e-005	4.37873e-005	
7.55026e-005	0.000148499	0.000323324	0.000792637	0.00195824	0.00438803	0.0085215	0.014318	0.0211914	0.0282468	0.0346339	0.0398678	0.0438938	0.0468091	0.0486319	0.0494998	0.0498344	0.050002	0.050062	0.0499686	0.0498221	0.0498578	0.0501497	0.0504685	0.0505629	0.0503759	0.0499875	0.0495461	0.0491828	0.0488687	0.0484314	0.0479181	0.0478045	0.0483729	0.0490887	0.0491913	0.0486447	0.0480118	0.0476934	0.0476981	0.0479178	0.0482085	0.0483102	0.0480523	0.0476609	0.0476351	0.0481775	0.0488837	0.0492219	0.049144	0.0489823	0.0490158	0.0493026	0.049712	0.0500718	0.0503156	0.0503931	0.0501778	0.0496698	0.0490929	0.0487064	0.0486622	0.048925	0.0492841	0.0495594	0.0497449	0.0499165	0.0500939	0.0502553	0.0503901	0.0503319	0.0497539	0.04877	0.0481867	0.0485677	0.0494315	0.0499158	0.0498402	0.0496106	0.0494889	0.049447	0.0494198	0.049376	0.0492093	0.0487413	0.0480947	0.0478387	0.0483395	0.0491965	0.0496533	0.0494138	0.04884	0.0484588	0.0485265	0.0490256	0.049787	0.0505186	0.050831	0.0504515	0.0495406	0.0485663	0.0477755	0.0470898	0.0465361	0.0464052	0.0468678	0.0476891	0.0484148	0.048695	0.0484866	0.0480058	0.0474533	0.046863	0.0460749	0.0447469	0.0425791	0.0394047	0.0350074	0.029201	0.0222363	0.0150229	0.00879197	0.00440126	0.00191247	0.000770454	0.000317508	0.000139703	6.49499e-005	
8.33158e-005	0.000170913	0.000403332	0.00104833	0.00260572	0.00568031	0.0105895	0.0170333	0.0241881	0.031069	0.0368917	0.0413596	0.0446563	0.0470411	0.0485477	0.0492785	0.0496756	0.0500752	0.0503498	0.0502835	0.0499779	0.0497494	0.0497572	0.0498435	0.0497651	0.0494976	0.0492547	0.0492173	0.0492865	0.0491787	0.0487331	0.0481662	0.0480111	0.0484966	0.0490778	0.0490346	0.048366	0.0476901	0.0474822	0.0477407	0.0481858	0.0484614	0.0483109	0.0478039	0.0473187	0.0472479	0.0476714	0.0482537	0.0485899	0.0486185	0.0485465	0.048558	0.0487292	0.0490532	0.0494639	0.0498802	0.0501706	0.0501173	0.049633	0.0489626	0.0485231	0.0485745	0.0490118	0.0494702	0.0496962	0.0497329	0.0497206	0.0496796	0.0495939	0.0495486	0.0494997	0.0491418	0.0484745	0.0481188	0.0485112	0.0492115	0.0495457	0.0495241	0.0495694	0.0497221	0.049698	0.0494273	0.0491035	0.0488143	0.048417	0.0479497	0.047834	0.0483388	0.0491189	0.0495447	0.0493607	0.0488648	0.0485278	0.0486045	0.0490747	0.049772	0.050453	0.0507929	0.0505586	0.0498844	0.0491419	0.0485228	0.0479927	0.0475765	0.0474605	0.0477556	0.0482671	0.0486356	0.0486632	0.0484568	0.0482453	0.0480681	0.0477467	0.0470627	0.0458445	0.0439606	0.0411984	0.0372188	0.0317888	0.0250663	0.0177554	0.0109945	0.00583689	0.00266145	0.00108782	0.000435592	0.000187648	9.08557e-005	
7.81291e-005	0.000182665	0.000495486	0.00136935	0.00338541	0.00712638	0.0127299	0.0196571	0.0269387	0.0335621	0.0388005	0.042538	0.0452175	0.0472363	0.0485651	0.0492057	0.0496023	0.050114	0.0505278	0.050488	0.0500488	0.0495983	0.0494093	0.0493775	0.0492306	0.0489395	0.0487845	0.0489661	0.049272	0.0492809	0.0488512	0.0483129	0.0481679	0.0485269	0.0488993	0.0487428	0.0481388	0.0476775	0.047766	0.0482857	0.0488088	0.0489268	0.0485196	0.0478543	0.0473194	0.0471431	0.0473586	0.0477931	0.0481633	0.0483044	0.0482268	0.0480514	0.0479645	0.0481064	0.0484559	0.0489006	0.0493157	0.0494781	0.0492017	0.0486753	0.0483892	0.0486537	0.0492809	0.0497698	0.0498199	0.0495691	0.0492952	0.0490783	0.0488775	0.0487545	0.0487292	0.0485943	0.0483164	0.0483159	0.048848	0.0494921	0.0497373	0.0497024	0.0497754	0.0498806	0.0496622	0.0491283	0.0486491	0.0484311	0.0483194	0.0481971	0.0482387	0.0485953	0.0490865	0.0493568	0.0492543	0.0489612	0.0487707	0.0488356	0.0491435	0.0496092	0.0500786	0.0503213	0.0502037	0.049837	0.0494023	0.0489732	0.0486056	0.048397	0.0484308	0.0486894	0.0489459	0.0489099	0.0485764	0.0482682	0.0482388	0.0483384	0.0481871	0.0475562	0.0464473	0.0448346	0.0424237	0.0388079	0.0338006	0.0274977	0.0203338	0.013254	0.00743383	0.00356334	0.00149444	0.000587059	0.000241032	0.000112778	
7.84023e-005	0.000214624	0.000647724	0.00182131	0.00436897	0.00878696	0.0149961	0.0222615	0.0295506	0.035883	0.040613	0.0437769	0.0459912	0.0477195	0.0488808	0.0493962	0.0496494	0.0500076	0.0503294	0.0502854	0.0498794	0.0494707	0.0493573	0.0494387	0.0493866	0.0491089	0.0488788	0.048962	0.0492205	0.0492374	0.0488513	0.0483795	0.0482183	0.0483722	0.0484881	0.0483084	0.0480138	0.0480193	0.0484633	0.04906	0.0494072	0.049281	0.0487677	0.0481989	0.0478179	0.0476476	0.0477085	0.0480171	0.0484122	0.0486135	0.0484296	0.0479456	0.0474929	0.0473365	0.0474605	0.0477543	0.048191	0.0486289	0.0488095	0.0487533	0.0488016	0.0491836	0.0497223	0.0499891	0.049753	0.0492191	0.0487605	0.0485413	0.0484836	0.0484914	0.0485225	0.0485065	0.0485038	0.0488014	0.0494694	0.0500811	0.0502283	0.0500404	0.049864	0.0496864	0.0492703	0.0486649	0.0482251	0.0481745	0.0483975	0.0486839	0.0489401	0.0491443	0.0492656	0.0492545	0.049122	0.0489883	0.048961	0.0490264	0.0491556	0.0493822	0.0496617	0.0498303	0.0498056	0.0496474	0.0493801	0.0490106	0.048698	0.0486407	0.048883	0.0492836	0.0495142	0.0492586	0.0486187	0.0481195	0.0481214	0.0483911	0.0484076	0.0479167	0.0469766	0.0455415	0.0432729	0.0398684	0.0352906	0.02955	0.022752	0.0155791	0.00924124	0.00469054	0.00205302	0.00080761	0.000311416	0.0001296	
0.000107981	0.000303782	0.000908875	0.00245467	0.00558544	0.010655	0.0173741	0.0248813	0.0321172	0.0381336	0.0423905	0.0450739	0.046894	0.0483282	0.0492949	0.0496713	0.0497091	0.0497231	0.0497366	0.0496103	0.0493537	0.0492077	0.0493798	0.0497439	0.0499254	0.0497183	0.0493392	0.0491788	0.0493006	0.0493644	0.0491402	0.0488177	0.0486235	0.0484819	0.0482434	0.0479954	0.04802	0.0484708	0.0491253	0.0495711	0.0496028	0.0493072	0.0489124	0.048644	0.0485306	0.0484452	0.0484187	0.0486014	0.0489411	0.0491339	0.0488933	0.0482666	0.0476038	0.0471542	0.0468909	0.0468223	0.0471347	0.0478168	0.0485462	0.0491025	0.0495234	0.0498659	0.0500497	0.0499086	0.049393	0.0487365	0.048318	0.0483341	0.0486388	0.0489227	0.0490236	0.0490086	0.0490887	0.0494656	0.0500509	0.0504432	0.0503504	0.0498847	0.0493543	0.0489101	0.0485141	0.048157	0.0479612	0.0480518	0.0484322	0.0489855	0.0494792	0.0496859	0.0495805	0.0493056	0.0490242	0.0488736	0.0488849	0.0489501	0.0490248	0.0492011	0.049464	0.0496447	0.0496574	0.0495208	0.0492103	0.0487622	0.0484185	0.0484436	0.0488842	0.0495121	0.0498777	0.0495861	0.0487544	0.0480454	0.0479919	0.0484092	0.0486802	0.0484388	0.0476655	0.0462498	0.0439161	0.0405972	0.0364283	0.0313122	0.0250292	0.0179627	0.0112556	0.00605426	0.0027853	0.00111762	0.000412259	0.000149788	
0.000176953	0.000470303	0.0013079	0.00329715	0.00704442	0.0127114	0.0198176	0.0274369	0.0344944	0.0400583	0.0437309	0.0458888	0.047322	0.0484986	0.049332	0.0496486	0.0495497	0.0492717	0.0489787	0.0487355	0.0485978	0.0486914	0.0491125	0.0497402	0.0502073	0.0501803	0.0497723	0.0494868	0.0495899	0.0498136	0.04986	0.0497825	0.0496311	0.0492498	0.0486567	0.0482073	0.0482609	0.0488087	0.0494262	0.0496574	0.0494563	0.0491262	0.048951	0.0489991	0.0491051	0.0490718	0.0489603	0.0489875	0.0491829	0.0493213	0.0491596	0.0487071	0.048166	0.0475977	0.0469328	0.0463828	0.0464216	0.0471784	0.0482675	0.0492633	0.0499456	0.0502147	0.0500689	0.049593	0.0489332	0.048345	0.0481528	0.0484996	0.0491435	0.0496356	0.0497601	0.0496896	0.049723	0.0499808	0.0502831	0.0503147	0.0499182	0.0491933	0.0484224	0.0479158	0.0477991	0.0479303	0.0480903	0.0482192	0.0484624	0.0489654	0.0495666	0.0498919	0.0497891	0.0494104	0.0489689	0.0486297	0.0484717	0.0484564	0.0485858	0.0489285	0.049379	0.0496866	0.0497363	0.0495368	0.0490808	0.0484791	0.0480471	0.0480887	0.0486615	0.0494776	0.0499865	0.0497376	0.0488457	0.0480309	0.0479548	0.0485266	0.0490715	0.0490721	0.0483932	0.046925	0.0445373	0.0413515	0.0375768	0.0330331	0.0272774	0.0204032	0.0134036	0.00756514	0.00362652	0.00148524	0.000535112	0.000176908	
0.000270443	0.00069732	0.0018222	0.00431388	0.00870403	0.0149233	0.0222884	0.0298219	0.0364631	0.0413534	0.0442972	0.0458792	0.0469536	0.0479548	0.0487541	0.0491108	0.0490212	0.0486676	0.0482682	0.0479807	0.0478952	0.0480772	0.0485573	0.0492752	0.0499517	0.0501678	0.0498886	0.0496485	0.049857	0.0503001	0.0506302	0.0508103	0.0507825	0.0503439	0.0495764	0.0489043	0.0486908	0.0489601	0.0493812	0.0495374	0.049337	0.0490651	0.0490366	0.0492795	0.0495113	0.0494692	0.0492303	0.0490584	0.049046	0.0490649	0.0489877	0.0488404	0.0486547	0.0482466	0.0474406	0.0465703	0.04633	0.0469727	0.0480962	0.0491958	0.0499606	0.0502153	0.0499522	0.0493583	0.0487052	0.0482675	0.0482849	0.0487986	0.0495062	0.0499636	0.0500127	0.049882	0.049849	0.0499557	0.0500192	0.0498246	0.0492897	0.0485057	0.0477605	0.0474439	0.0477286	0.0483504	0.0488307	0.0489312	0.0488662	0.0490303	0.0494718	0.0498391	0.0498551	0.0495336	0.0489986	0.0483982	0.0479137	0.0476942	0.0478512	0.0484031	0.0491233	0.0496711	0.0498817	0.0497266	0.0491877	0.0484244	0.0478378	0.0478034	0.0483997	0.0492914	0.0498741	0.0497144	0.0489474	0.0482359	0.0482014	0.048805	0.0494191	0.0494931	0.0488531	0.0474514	0.0452607	0.0423999	0.0390141	0.0349192	0.0296084	0.022924	0.0156425	0.00914886	0.00450715	0.00186652	0.000661309	0.000206974	
0.00036127	0.000944378	0.00239284	0.00542153	0.0104695	0.0172186	0.0247461	0.0320018	0.0380147	0.0421246	0.0443689	0.045459	0.0462336	0.0470813	0.0478553	0.0482801	0.0482938	0.0480461	0.0477468	0.04755	0.0475481	0.0477658	0.0481709	0.0487713	0.0494563	0.0498273	0.0497042	0.049554	0.0498615	0.0504696	0.0509866	0.0512996	0.0513452	0.0509764	0.0502664	0.0495146	0.048998	0.0488846	0.0491274	0.0494089	0.0494373	0.0492849	0.0492846	0.0495677	0.0498336	0.0497367	0.0493432	0.0489758	0.048772	0.0486371	0.0485359	0.0485778	0.0487495	0.0487202	0.0481664	0.0473496	0.046995	0.0474414	0.0483598	0.0492971	0.0499794	0.0502165	0.0499444	0.0493501	0.0487702	0.0484693	0.0485648	0.0489948	0.0494702	0.0496575	0.0495159	0.0493065	0.0492422	0.0493142	0.0493797	0.0492618	0.0488575	0.0482654	0.0478058	0.0478299	0.048442	0.049355	0.0500473	0.050178	0.0498879	0.0496359	0.0496951	0.0499239	0.0500245	0.0498124	0.0492452	0.0484195	0.0476016	0.047127	0.0472141	0.0478358	0.0487109	0.0494884	0.0499546	0.0499845	0.0494857	0.048623	0.0478856	0.0477387	0.0482681	0.0491029	0.049674	0.049661	0.0492135	0.0487944	0.0488056	0.0492137	0.0495783	0.0495177	0.0489441	0.0478498	0.0461427	0.0437447	0.0406809	0.0368662	0.0318762	0.0253651	0.0178463	0.0107338	0.00539905	0.0022567	0.000793693	0.00024231	
0.000439923	0.00119629	0.00299957	0.00658559	0.0122789	0.0195129	0.0271161	0.0339726	0.0393056	0.0427652	0.0445696	0.0453825	0.0459041	0.0465037	0.0471375	0.0475816	0.0477263	0.0476708	0.0475904	0.047601	0.0477735	0.0480754	0.0483749	0.0487064	0.0491652	0.0495065	0.0494781	0.0493888	0.0496871	0.0502871	0.0508095	0.051082	0.0510853	0.0507977	0.050269	0.0496113	0.0489812	0.0486562	0.0488437	0.0493363	0.0496591	0.0496484	0.0496265	0.049851	0.0500671	0.0498931	0.0493949	0.0489448	0.0486924	0.0485081	0.0483591	0.0484199	0.0487625	0.0490908	0.0489833	0.0484965	0.0482096	0.0484865	0.049128	0.0497947	0.050272	0.0503658	0.049979	0.0493297	0.0488218	0.0486685	0.0488165	0.0490993	0.0492754	0.0491312	0.0487303	0.0483825	0.0482934	0.0484535	0.0487338	0.0488976	0.0487638	0.0484646	0.0483462	0.048639	0.0493551	0.0503141	0.0511306	0.0514134	0.0511069	0.05056	0.0502135	0.0502106	0.0503155	0.050186	0.0496464	0.0487464	0.0477721	0.0471431	0.0471157	0.0476346	0.0484534	0.0492968	0.0499328	0.0501329	0.0497241	0.0488651	0.0480942	0.0478968	0.0483122	0.0489747	0.0494641	0.0496241	0.0495615	0.0494712	0.049514	0.0496576	0.0496701	0.0494212	0.0489847	0.048338	0.047183	0.0451914	0.0423092	0.0385854	0.0337416	0.0273572	0.0197179	0.0121704	0.00627629	0.00268118	0.000958133	0.000295251	
0.000517972	0.00146854	0.00366081	0.00780688	0.0140701	0.0216538	0.0292115	0.0356385	0.0404184	0.0435216	0.0452441	0.0460358	0.0463536	0.0465858	0.0469253	0.0473016	0.0475714	0.0477435	0.0479221	0.0481706	0.048529	0.0489123	0.0490992	0.0491101	0.0492023	0.0493557	0.0493555	0.0493081	0.0494954	0.049913	0.0503144	0.0505067	0.0504492	0.0501957	0.0498121	0.0493275	0.0488148	0.0485275	0.0487417	0.049342	0.0498293	0.0499363	0.0499408	0.0501236	0.0502761	0.0500722	0.0496079	0.0492415	0.0490908	0.0489907	0.0488608	0.0488672	0.0491875	0.0496658	0.0498773	0.0497025	0.0495275	0.0496742	0.0500486	0.0504259	0.0506288	0.0504471	0.0498037	0.0490242	0.0485974	0.0486526	0.0489465	0.0492091	0.0492366	0.0488911	0.0482905	0.0477992	0.0476791	0.0479479	0.0484381	0.0488104	0.0488399	0.0487251	0.0488046	0.0491579	0.049743	0.050554	0.0513983	0.0518622	0.0516763	0.0510256	0.0504297	0.0502375	0.0502939	0.0502113	0.0497853	0.049044	0.0482083	0.0476283	0.0475146	0.0478375	0.0484674	0.0492228	0.049862	0.0501066	0.0497674	0.0490045	0.0483242	0.0481268	0.0483872	0.0488216	0.049203	0.0494853	0.0496864	0.0498206	0.0499488	0.0500397	0.0499287	0.049627	0.0493404	0.0490191	0.0481985	0.0464278	0.0436401	0.0399288	0.0351021	0.0287827	0.0211527	0.0134221	0.00716669	0.00318587	0.00118612	0.000378937	
0.000600384	0.00175601	0.00434612	0.00900828	0.0156915	0.0234039	0.0307608	0.0367863	0.0412099	0.0442299	0.0461547	0.0471789	0.0474675	0.0473904	0.0473818	0.0475837	0.0478861	0.0482145	0.0485801	0.0489988	0.0494802	0.0498943	0.0499753	0.0497143	0.0494256	0.0492851	0.0492137	0.0491746	0.0492457	0.0494947	0.0498554	0.0500998	0.0500541	0.0497781	0.049437	0.0491201	0.0488416	0.0486891	0.0488539	0.0493371	0.0498072	0.0500299	0.0501784	0.0504243	0.0505866	0.0504601	0.0501629	0.0499511	0.04988	0.0498201	0.0497203	0.0497303	0.0500348	0.0505239	0.0508013	0.0507136	0.0505488	0.0505535	0.0506699	0.0507638	0.0506922	0.0502368	0.0493747	0.0485449	0.0482633	0.0485434	0.0490024	0.049325	0.0493425	0.0489587	0.0483117	0.0477892	0.0476833	0.0479996	0.0485003	0.0488033	0.0487572	0.0486644	0.0488167	0.0491316	0.0495117	0.0500703	0.0507813	0.0512837	0.0512039	0.0505967	0.0499575	0.049691	0.0497005	0.0496503	0.0493944	0.0489711	0.0484906	0.048114	0.047952	0.048074	0.0485231	0.04917	0.0497291	0.0499292	0.0496472	0.0490445	0.048513	0.0483192	0.0484271	0.0486782	0.0489617	0.0492389	0.0494857	0.0497159	0.0500135	0.0503051	0.0503436	0.050132	0.0499225	0.0496631	0.048879	0.0471836	0.0445387	0.0409492	0.0361835	0.0299467	0.0224308	0.0146896	0.00818897	0.00382949	0.00150158	0.000500818	
0.000681896	0.00203256	0.00499071	0.0100938	0.0170532	0.0247023	0.0317114	0.0373214	0.0414704	0.0444902	0.0467123	0.0481666	0.048742	0.0486652	0.048453	0.048425	0.0485845	0.0488536	0.04921	0.0496787	0.0502451	0.0507024	0.0507453	0.0503281	0.0497286	0.0492326	0.0489447	0.0488339	0.0488767	0.0491678	0.0496947	0.0501123	0.0501043	0.04978	0.0494718	0.0493358	0.0492543	0.0490921	0.0489808	0.0491351	0.0494969	0.0498845	0.0502773	0.0506587	0.0508813	0.0508769	0.0507535	0.0506262	0.0504928	0.0503191	0.0501944	0.050316	0.0507689	0.0513028	0.0515009	0.0512963	0.0510178	0.0508717	0.0507866	0.0506694	0.0504143	0.0498411	0.0489961	0.0483375	0.0482677	0.0486652	0.049139	0.0494425	0.049448	0.0490764	0.0484852	0.0480559	0.0480301	0.0483336	0.0486691	0.0487105	0.0484703	0.0483467	0.0485563	0.0488823	0.0491455	0.04945	0.0498675	0.0501906	0.0500997	0.0495866	0.0490565	0.0488615	0.0489209	0.0489505	0.0488588	0.04872	0.048564	0.0483537	0.0481122	0.0480533	0.048388	0.0489845	0.0494824	0.0496435	0.0494451	0.0490403	0.0486813	0.04853	0.0485887	0.048778	0.048968	0.0490777	0.0491727	0.0494115	0.0498851	0.0503988	0.050605	0.0504793	0.0502668	0.0499187	0.0490449	0.0474092	0.0450093	0.0417042	0.0371433	0.0310927	0.0237915	0.016133	0.0094175	0.00463566	0.00190941	0.000662013	
0.000773945	0.00231504	0.00561626	0.0111168	0.0183012	0.025823	0.032403	0.0375176	0.0413108	0.0442157	0.0466144	0.0484882	0.0495397	0.0497857	0.0496468	0.0494931	0.0494334	0.0494566	0.0495974	0.0499614	0.0505458	0.0510716	0.0511857	0.0507892	0.0500576	0.0492742	0.0486899	0.0484196	0.0485019	0.0490036	0.0497821	0.0503375	0.0503181	0.0499734	0.0497961	0.0498942	0.0499073	0.0495267	0.0489713	0.0487383	0.0490098	0.0495889	0.0502075	0.0506579	0.0508497	0.0508568	0.0507877	0.050655	0.0504179	0.0501129	0.0499553	0.0502144	0.0508818	0.051528	0.051667	0.0513069	0.0508737	0.0506205	0.0504744	0.0503147	0.0500499	0.0495902	0.0490385	0.0487325	0.0488405	0.0491636	0.0494655	0.0496502	0.0495942	0.049198	0.0486562	0.048343	0.0484031	0.0486714	0.0488464	0.0487028	0.0483725	0.0482536	0.04848	0.0487984	0.0489961	0.0490978	0.0491921	0.0492307	0.0490321	0.048597	0.048243	0.0482444	0.0485063	0.0487253	0.0487789	0.0487649	0.0487053	0.0484639	0.0480469	0.0478053	0.0480533	0.0486233	0.0490991	0.0492825	0.0492236	0.0490508	0.0489077	0.048898	0.0490481	0.0492653	0.0493152	0.0491027	0.0489141	0.0491052	0.0496711	0.0502339	0.0504352	0.0503076	0.0500739	0.04966	0.0487507	0.0472248	0.0450974	0.0421271	0.0378759	0.0321418	0.0251803	0.0177017	0.0108088	0.00557555	0.00239452	0.000857135	
0.000904678	0.00266407	0.00632436	0.0122224	0.0196419	0.0270791	0.0332821	0.0379102	0.0412746	0.0438871	0.0461825	0.0481769	0.0495371	0.0501529	0.0502853	0.0502168	0.0500675	0.0498769	0.0497425	0.0498517	0.0502733	0.050769	0.0509976	0.0507977	0.0501997	0.0493745	0.0485992	0.0481535	0.0482366	0.0488841	0.0497949	0.0503941	0.0503739	0.0500889	0.0501036	0.0504074	0.0504138	0.049776	0.0488954	0.0484592	0.048729	0.0494415	0.0501435	0.0505036	0.0504936	0.0503261	0.0501672	0.0500015	0.0497615	0.0494779	0.0493585	0.0496752	0.0504213	0.0511469	0.0513221	0.0509145	0.050383	0.0500898	0.0500119	0.049965	0.0498411	0.0496501	0.0495096	0.0495395	0.0496787	0.0497966	0.0499167	0.0500464	0.0499703	0.0495369	0.0489929	0.0487148	0.0487761	0.0489922	0.0491252	0.0490187	0.0487815	0.0486836	0.0487853	0.04892	0.0489647	0.048917	0.0488234	0.0486747	0.0483907	0.0480278	0.0478423	0.0480424	0.04854	0.0489917	0.0491681	0.0491347	0.0489552	0.0485221	0.047892	0.047494	0.0476626	0.0481923	0.0486552	0.0488943	0.0490027	0.0490948	0.0492505	0.0495094	0.0498408	0.0500642	0.0498526	0.0491843	0.0486408	0.0487505	0.0493362	0.0498394	0.0499653	0.0498304	0.0496089	0.0491915	0.0483162	0.0468984	0.0449457	0.0422261	0.0383201	0.033024	0.0265215	0.0193104	0.0122893	0.00660278	0.00293324	0.00107607	
0.00108425	0.00309869	0.00713677	0.0134142	0.0210506	0.028474	0.0344897	0.0388357	0.0418441	0.0440351	0.0459106	0.0476144	0.0489252	0.0497268	0.0501493	0.0503291	0.0503046	0.0500877	0.0497724	0.0495717	0.0496515	0.0499318	0.0501735	0.050182	0.0498715	0.0492737	0.048561	0.048044	0.0480371	0.0486133	0.0494776	0.050114	0.0502246	0.0501032	0.0502568	0.0505942	0.0504927	0.0497466	0.0489066	0.0486022	0.0489627	0.0496846	0.0503162	0.0505088	0.0502374	0.0497912	0.0494462	0.0492411	0.0491009	0.0489895	0.0489763	0.049238	0.0498476	0.0505266	0.0507936	0.050497	0.050011	0.0497605	0.0497788	0.0498427	0.0498446	0.049879	0.0500352	0.0502104	0.0502256	0.0501612	0.050292	0.0505881	0.0506467	0.05025	0.0496779	0.0493117	0.0492361	0.0493437	0.0494894	0.0495404	0.0494882	0.0493964	0.0492459	0.049016	0.0487894	0.0486483	0.0485751	0.048466	0.0482585	0.0480456	0.0479919	0.0482323	0.0487599	0.0492972	0.049533	0.0494309	0.0490666	0.0484323	0.0476693	0.0472132	0.0473597	0.0478834	0.0483544	0.0486229	0.0488235	0.0491306	0.0496292	0.0502592	0.0508164	0.0509687	0.0503632	0.049163	0.0482562	0.0482868	0.0489239	0.0494934	0.0497289	0.0497173	0.0495435	0.0491205	0.0482657	0.0468793	0.0449447	0.0423341	0.0387363	0.0339016	0.0278552	0.0208958	0.013762	0.00764864	0.00349647	0.00131104	
0.00129473	0.003569	0.00794937	0.0145186	0.0222842	0.0297122	0.0357191	0.0400287	0.0428366	0.0445905	0.0458912	0.0470973	0.0481658	0.0490081	0.0496696	0.0501643	0.0503922	0.0502655	0.0498583	0.0494024	0.0491269	0.0490913	0.0491737	0.0492048	0.0490964	0.0488276	0.0484119	0.0480043	0.0478876	0.0482353	0.048942	0.0496357	0.0499769	0.0500768	0.050279	0.050466	0.0501922	0.049527	0.049058	0.0491195	0.0495802	0.050185	0.0506847	0.0507935	0.0503809	0.0497001	0.0491499	0.0488944	0.0488893	0.0490128	0.0491325	0.0492665	0.0495697	0.0500278	0.0503267	0.050239	0.0499736	0.0498698	0.0499395	0.0499751	0.0499446	0.0500241	0.0502562	0.0503806	0.050222	0.050101	0.0504334	0.0510551	0.0513867	0.0511505	0.0505951	0.0500857	0.0497839	0.0496996	0.0497748	0.0499132	0.0500141	0.0499278	0.0495112	0.048858	0.0483062	0.0481108	0.0482124	0.0483825	0.04852	0.048646	0.0487289	0.0488097	0.0490454	0.0493887	0.0495698	0.0494196	0.0489366	0.0481968	0.0474307	0.0470299	0.0472232	0.047793	0.0483007	0.0485453	0.0486926	0.0490579	0.0498261	0.0508423	0.0516508	0.0517188	0.0507223	0.0490611	0.0478562	0.0478198	0.0485936	0.0494794	0.0501116	0.0503726	0.0502453	0.0497628	0.0488749	0.0474527	0.0454451	0.0428481	0.039466	0.0349585	0.0291741	0.0223069	0.0150371	0.00857937	0.00402817	0.00155007	
0.00152395	0.00404031	0.00868896	0.0154132	0.023157	0.0304992	0.0365038	0.0408642	0.0436044	0.0450699	0.0459409	0.0467774	0.0476793	0.0485552	0.0494021	0.0501681	0.0506143	0.0505481	0.0500797	0.0494988	0.0490237	0.0487233	0.0485385	0.0483893	0.0483002	0.0482938	0.0482546	0.0481008	0.0479603	0.0480738	0.04856	0.0492241	0.0497404	0.050066	0.0503157	0.050313	0.0498616	0.0493247	0.0492441	0.0496193	0.0501002	0.050539	0.0509373	0.0510801	0.0506897	0.0499176	0.0492328	0.048932	0.0490546	0.0494335	0.0497358	0.0497766	0.0497209	0.0498052	0.0499824	0.0500587	0.0500576	0.0501171	0.0501735	0.0500844	0.0499307	0.0499348	0.0500859	0.0500694	0.0497995	0.0497404	0.0502897	0.0511636	0.0517434	0.0517405	0.0513119	0.0507564	0.0502822	0.0499763	0.0498592	0.0499254	0.0500673	0.0499825	0.0493822	0.0483863	0.047534	0.0472789	0.047601	0.0482242	0.0489613	0.0496026	0.0498404	0.0496536	0.0494004	0.049334	0.049343	0.0491696	0.0486811	0.0479811	0.0473518	0.0470947	0.0473386	0.0478976	0.0483695	0.048511	0.0484983	0.048781	0.0496697	0.0509594	0.0519808	0.0520389	0.0508594	0.0489897	0.0476102	0.0474784	0.048379	0.0496703	0.050785	0.0513192	0.0511924	0.0506227	0.0497135	0.0483025	0.0462891	0.0437511	0.0405513	0.0362164	0.0304384	0.0234296	0.0159564	0.00925672	0.00444961	0.00176296	
0.00177434	0.00452594	0.00939244	0.0161612	0.0237347	0.0308424	0.0367206	0.0410755	0.0438282	0.0452389	0.0459945	0.0467439	0.0476436	0.0485704	0.0494938	0.0503559	0.05087	0.0508176	0.0503713	0.0498516	0.0493839	0.0489389	0.0484853	0.0480865	0.047918	0.0480552	0.0483136	0.048444	0.0483907	0.0483498	0.0485762	0.049074	0.0496491	0.0501917	0.0505635	0.0504514	0.0498301	0.0492695	0.0492784	0.0497048	0.0501326	0.0504659	0.0508048	0.0509809	0.0506828	0.0499932	0.0493244	0.0490053	0.0491978	0.0497885	0.0503188	0.0503954	0.050097	0.0498235	0.0498034	0.0499177	0.0500152	0.0500729	0.0500412	0.0498767	0.0496934	0.0496494	0.0496758	0.049516	0.049213	0.049242	0.0498735	0.0507769	0.0514375	0.0516287	0.0514208	0.0509966	0.0505119	0.0500501	0.0496927	0.0495511	0.0495972	0.0495102	0.0489078	0.0478202	0.0468139	0.0464948	0.0469958	0.048087	0.0494282	0.0504936	0.05078	0.050326	0.0496556	0.049215	0.0490452	0.0488729	0.0484745	0.0479544	0.0475988	0.0475709	0.0478428	0.0482454	0.0485017	0.0484362	0.0482363	0.0483753	0.0491997	0.0505082	0.0515885	0.0517248	0.0506765	0.0489457	0.0475587	0.0472826	0.0481368	0.0495905	0.0509197	0.05154	0.0513777	0.0507983	0.0499985	0.0487736	0.0469661	0.0446783	0.0417695	0.0376105	0.0317369	0.02443	0.0166526	0.00973065	0.00475418	0.00192926	
0.00201927	0.0049974	0.0100722	0.0168723	0.0242491	0.0310695	0.0367407	0.0410253	0.0438143	0.0453098	0.0461554	0.0469957	0.0479754	0.04892	0.0497672	0.050498	0.0509089	0.0508536	0.0505326	0.0502193	0.0498999	0.0494163	0.0487709	0.0481915	0.047963	0.0481586	0.0485719	0.0489044	0.0489685	0.0488547	0.0488705	0.0491924	0.0497665	0.050446	0.050907	0.0507335	0.0499678	0.0492422	0.0490707	0.049354	0.04972	0.0500137	0.0502732	0.0504013	0.0502287	0.0498195	0.0493716	0.0490797	0.0491986	0.0497684	0.0503736	0.0505306	0.0502018	0.0498153	0.0497391	0.0498529	0.04986	0.049728	0.049573	0.0494488	0.049374	0.0493474	0.0492721	0.0490221	0.0487291	0.0487728	0.0492968	0.0500093	0.0505569	0.0508315	0.0508783	0.0507396	0.05042	0.0499253	0.0493631	0.0489548	0.048825	0.0487849	0.0484415	0.0476265	0.0467172	0.0463711	0.0469353	0.0482596	0.0498191	0.0508724	0.0509615	0.0503205	0.0495384	0.0490302	0.0488495	0.0487446	0.0484988	0.0482402	0.0482333	0.048486	0.0487737	0.0489144	0.0488262	0.0485097	0.0481541	0.0481136	0.0486583	0.0496694	0.0506044	0.0508567	0.0501689	0.048853	0.0476516	0.0472446	0.0478145	0.0489821	0.0500767	0.0505661	0.0504252	0.0500229	0.0495255	0.0486775	0.0472744	0.0454009	0.042891	0.0390055	0.0331414	0.025586	0.0174632	0.0102413	0.00504487	0.00206944	
0.00220385	0.00536891	0.0106562	0.0175788	0.0249124	0.0315714	0.0370758	0.0412759	0.0440913	0.045684	0.0466341	0.0475527	0.0485594	0.0494368	0.0500871	0.0505325	0.0507024	0.0505637	0.0503254	0.0501927	0.0500271	0.0495718	0.0488857	0.0483138	0.0481329	0.0483487	0.0487709	0.0491391	0.0492329	0.0490972	0.0490537	0.0493317	0.0498928	0.0505349	0.0508945	0.0506158	0.0497898	0.0489847	0.0486786	0.0488523	0.049173	0.0494055	0.0495447	0.0496346	0.0497027	0.0497662	0.049714	0.049487	0.0493357	0.0494889	0.0497788	0.0498589	0.0496464	0.0494615	0.049585	0.0497822	0.0496761	0.0493472	0.0491274	0.0491246	0.0492066	0.0492219	0.0491038	0.0488586	0.0486009	0.0485345	0.0487419	0.0490724	0.0493666	0.0496583	0.0500067	0.0502935	0.0503006	0.0499135	0.0492553	0.0486463	0.0483721	0.0484288	0.0484788	0.0481529	0.0475332	0.0472047	0.0476619	0.0488122	0.0500257	0.050577	0.050262	0.0495323	0.0489268	0.0486605	0.0486698	0.048736	0.0487246	0.0487851	0.0491211	0.049609	0.0498824	0.0497729	0.0494008	0.0489311	0.0484993	0.0482574	0.048364	0.0488639	0.0495095	0.0498311	0.0495086	0.0486714	0.0477968	0.0473571	0.0475286	0.0481137	0.0487161	0.0490251	0.0490409	0.048999	0.048939	0.0485414	0.0475488	0.0460084	0.0437715	0.0401233	0.0344035	0.026802	0.0184344	0.0108749	0.00537605	0.00220234	
0.00231754	0.00561498	0.0111063	0.0182625	0.0257703	0.0324612	0.0378676	0.0419719	0.0448171	0.0465365	0.0475751	0.0484534	0.0493077	0.0499794	0.0503838	0.0505345	0.0504195	0.0500924	0.0497848	0.0496637	0.0495336	0.0491359	0.0486065	0.0482702	0.0482313	0.048408	0.0486971	0.0489389	0.0489611	0.0488328	0.0488489	0.0491702	0.0496928	0.0501687	0.0502873	0.0498645	0.0490807	0.0484001	0.0481874	0.0484052	0.0487133	0.0488667	0.0489245	0.0490904	0.0495101	0.0501008	0.050476	0.0503211	0.0497898	0.0492638	0.0489343	0.0487517	0.0486672	0.0488194	0.0492567	0.0496033	0.0494867	0.0491066	0.048926	0.0490669	0.0492952	0.0493803	0.0493002	0.0491328	0.0488951	0.0485957	0.0483189	0.0481502	0.0481757	0.0485436	0.0492749	0.0500694	0.0504872	0.0503126	0.0497084	0.0490731	0.048766	0.0488788	0.0491656	0.0492216	0.0489248	0.0486657	0.0488916	0.0495376	0.050053	0.0499262	0.0492058	0.0484238	0.047999	0.047962	0.0481621	0.0484514	0.0487791	0.0492308	0.0498682	0.0504898	0.0507373	0.0505289	0.0501156	0.0497065	0.0493178	0.0489057	0.0485585	0.0485101	0.0488001	0.0490665	0.0489307	0.0484335	0.0478836	0.047508	0.0473812	0.0474837	0.0477333	0.0480133	0.0482817	0.0486117	0.0489321	0.0488648	0.0480736	0.0465601	0.0442644	0.0406349	0.0350535	0.0275734	0.0191632	0.0113997	0.00565758	0.00231029	
0.00240403	0.00578834	0.0114291	0.0188072	0.0265464	0.0333306	0.0386313	0.0426036	0.0455172	0.0474904	0.0487042	0.0494653	0.0499835	0.0503374	0.0505491	0.0505551	0.0502726	0.0497774	0.0493186	0.0490474	0.0488138	0.0484871	0.0482497	0.0482307	0.048276	0.0482995	0.0483858	0.0484928	0.0484714	0.0483707	0.0484049	0.0486685	0.0490699	0.0493854	0.0493365	0.0488446	0.0481696	0.0477128	0.0477218	0.0480932	0.0484679	0.0486152	0.0486577	0.0489153	0.0496059	0.0505776	0.0512789	0.0512113	0.0504095	0.0493479	0.0485101	0.0480791	0.0480164	0.0483189	0.0488937	0.0493436	0.0493429	0.0490912	0.049026	0.0492714	0.0495985	0.0497636	0.0497474	0.0496375	0.0493741	0.0488251	0.0480797	0.047461	0.0473241	0.047878	0.049	0.0502003	0.0509175	0.0509231	0.0504359	0.0498966	0.0496462	0.0497381	0.0500019	0.0502013	0.050204	0.0501253	0.0501498	0.0502164	0.0500384	0.0494156	0.0485006	0.0476926	0.0472521	0.0471622	0.0473328	0.0477428	0.0483908	0.0492179	0.0500883	0.0507762	0.0510557	0.0509648	0.0507865	0.050665	0.0504571	0.0499671	0.0492812	0.0487973	0.0487458	0.0488405	0.0486918	0.048318	0.0479377	0.0476179	0.0473843	0.0473564	0.0476153	0.0480697	0.0485672	0.0490703	0.0494943	0.0494663	0.0485851	0.0468099	0.0441971	0.040396	0.0348657	0.0275621	0.0193066	0.0115912	0.00580202	0.00238172	
0.00248236	0.00590691	0.0115765	0.0189844	0.0267602	0.0335214	0.0386956	0.0425665	0.045602	0.0479151	0.0493983	0.0500915	0.0502919	0.0503918	0.0505692	0.0506569	0.0504261	0.0499071	0.049331	0.0488488	0.0484422	0.0481682	0.0481852	0.0483557	0.0483358	0.0481489	0.0480988	0.0482161	0.0482827	0.0482288	0.0481613	0.0481905	0.048373	0.0485953	0.0485593	0.0481377	0.0475942	0.0473242	0.0475221	0.0480454	0.0485271	0.04871	0.0487025	0.0489096	0.0496571	0.0507939	0.0516844	0.0517323	0.0509179	0.0497686	0.0488655	0.0483868	0.0482156	0.0483367	0.0487521	0.0491959	0.0493641	0.0493132	0.0493456	0.0496087	0.0499539	0.0501361	0.0500996	0.0499635	0.0497039	0.0491076	0.048156	0.0472647	0.0470428	0.0477857	0.0491816	0.0505335	0.0512628	0.0512399	0.0507508	0.0502535	0.0500582	0.050128	0.0503077	0.0505719	0.0508816	0.0510873	0.0510398	0.0506691	0.0500171	0.0492173	0.0484166	0.0477198	0.0471824	0.0468443	0.0467868	0.0471203	0.0478674	0.0488637	0.04984	0.0505705	0.0509414	0.0510626	0.0512132	0.0514689	0.051537	0.0511037	0.0502909	0.0496029	0.0493358	0.0492361	0.0489418	0.0484806	0.0480456	0.0476801	0.0474599	0.0475818	0.0481047	0.0488126	0.0494294	0.0498765	0.0501161	0.0498374	0.048653	0.0465292	0.0436055	0.0396519	0.0341607	0.0270351	0.0190227	0.0115204	0.00583876	0.00243021	
0.00252696	0.00593965	0.0115052	0.0187025	0.0262445	0.0328579	0.0380058	0.0419403	0.0451097	0.0476205	0.049277	0.050002	0.0501286	0.0502098	0.0505106	0.0508146	0.0507997	0.0504264	0.0498581	0.0492233	0.0486241	0.0482814	0.0483478	0.048537	0.0484292	0.0481233	0.0480381	0.0482458	0.0484759	0.0485307	0.0483953	0.0482011	0.0481743	0.0483399	0.0483728	0.0480404	0.0475891	0.0474471	0.0477654	0.0483431	0.0488109	0.0489018	0.0487302	0.0487947	0.0495024	0.0506717	0.0516109	0.0517316	0.0510741	0.0502026	0.0496135	0.0493045	0.049057	0.0489293	0.0490934	0.0494202	0.0496067	0.049587	0.0495848	0.0497982	0.0501198	0.050239	0.050066	0.0498543	0.0497525	0.0494843	0.0487322	0.047766	0.0474075	0.0481687	0.049632	0.0508842	0.0513488	0.0510565	0.050389	0.0498257	0.0496658	0.0497941	0.0500011	0.0503537	0.050884	0.0512924	0.0512253	0.0506277	0.0497974	0.0491258	0.0487134	0.0483342	0.0478231	0.0473127	0.0470637	0.0472348	0.0478289	0.048701	0.0496213	0.0503715	0.0508061	0.0510112	0.0512983	0.051773	0.0520836	0.0518417	0.0511648	0.0505522	0.050249	0.0499896	0.0494603	0.0487426	0.0480918	0.0476294	0.0474853	0.0478342	0.0486096	0.0494558	0.0500615	0.0503773	0.0503665	0.0497421	0.0482232	0.0458728	0.0428561	0.0389345	0.0335636	0.0265968	0.0187572	0.0114162	0.00583746	0.00245899	
0.00252633	0.00589573	0.0113037	0.0182024	0.0254274	0.0319252	0.0372293	0.0413916	0.0446224	0.0470246	0.0485813	0.0493428	0.0496198	0.0498646	0.0502921	0.0507362	0.0509425	0.0508476	0.0504864	0.0498615	0.0490854	0.0485128	0.0484232	0.048574	0.0485051	0.0482214	0.0480927	0.0482649	0.0485805	0.048829	0.0488546	0.0486932	0.0486089	0.048701	0.0486572	0.0482539	0.0478241	0.0478352	0.0482961	0.0488472	0.0491169	0.0489337	0.0485422	0.048537	0.049263	0.050387	0.051195	0.051243	0.0507207	0.0501902	0.0499806	0.0499336	0.049814	0.049708	0.049776	0.0498986	0.0498384	0.0496023	0.0494667	0.0496415	0.0499423	0.0499472	0.0495847	0.049326	0.0495626	0.0499629	0.049788	0.0489586	0.0484009	0.0489276	0.0501851	0.0511418	0.0512207	0.0505819	0.0497069	0.0491066	0.0490547	0.0493362	0.0496217	0.0499581	0.0504359	0.0507643	0.0505865	0.0499286	0.0492172	0.048911	0.0490019	0.0490211	0.0486781	0.048209	0.0479785	0.0480738	0.0484213	0.0489956	0.0497574	0.0504927	0.0508951	0.0509614	0.0510781	0.051476	0.0518771	0.0518976	0.051577	0.0512555	0.0510346	0.050634	0.0498281	0.0488054	0.047949	0.0474808	0.0474877	0.0479867	0.0487749	0.0494938	0.049962	0.0502033	0.0500795	0.0492435	0.0475555	0.0452136	0.0423462	0.0386245	0.0334429	0.0265923	0.0187765	0.0114223	0.00583977	0.00246305	
0.0025024	0.00583766	0.0111459	0.0178674	0.0249388	0.0314749	0.0370203	0.0413941	0.0445694	0.0466674	0.0479248	0.0486216	0.0490373	0.0493936	0.0497771	0.0501462	0.0504468	0.0506587	0.0506698	0.0502706	0.049463	0.048681	0.0483948	0.0485048	0.0485321	0.0483144	0.0480731	0.0480192	0.0482284	0.0486251	0.04896	0.0490772	0.049103	0.049091	0.0487922	0.0481693	0.0477555	0.0480144	0.0487117	0.0492765	0.0493549	0.0489359	0.048428	0.0484586	0.0491987	0.0501278	0.0505937	0.0504072	0.0499244	0.0496283	0.0496534	0.0497974	0.0499135	0.0500448	0.0501763	0.0501229	0.0497746	0.0493191	0.0491043	0.0492659	0.0495005	0.0493485	0.0488218	0.0485771	0.0491996	0.0503351	0.0508962	0.0504136	0.0497381	0.0498787	0.0506744	0.051188	0.050898	0.0500133	0.0490638	0.0485796	0.0487703	0.0492789	0.0496237	0.0497978	0.0499671	0.0499543	0.0495388	0.0488974	0.0484826	0.0485997	0.0490539	0.0493055	0.0491238	0.0488359	0.0487849	0.0489139	0.0490745	0.0493902	0.0500235	0.0507317	0.0510256	0.0508367	0.0506302	0.0507576	0.0510845	0.0513297	0.0514398	0.0514845	0.0513629	0.0508279	0.0498157	0.0486377	0.0477647	0.0474571	0.0476637	0.0481529	0.0486411	0.0489634	0.0492037	0.0494389	0.0493646	0.0485497	0.0469651	0.0448624	0.0422577	0.0387374	0.0337022	0.0269133	0.0190378	0.0115608	0.0058808	0.00245979	
0.00247057	0.00579935	0.0111162	0.017872	0.0250278	0.0317114	0.0374024	0.0418098	0.044862	0.0467225	0.0477364	0.0483028	0.0486845	0.0489432	0.0490997	0.0492617	0.0495488	0.0499723	0.0503475	0.05033	0.0497601	0.0490029	0.0486012	0.0485929	0.0485987	0.0484136	0.0480946	0.0477861	0.0477208	0.0480329	0.0485279	0.0489196	0.0491147	0.0490235	0.048476	0.0476855	0.0473562	0.0478777	0.048807	0.0494708	0.0495877	0.0492406	0.0488343	0.0489084	0.0495131	0.0500776	0.0500885	0.0496097	0.0491176	0.0489638	0.0490857	0.049279	0.0495108	0.0498047	0.0500392	0.0500021	0.0496265	0.0491411	0.0488899	0.048959	0.0490355	0.0487358	0.0481454	0.0479522	0.0487924	0.0503513	0.0514458	0.051366	0.0507351	0.0505281	0.0507854	0.0508449	0.0503197	0.0493962	0.0485665	0.0483275	0.0488099	0.0495624	0.0500082	0.0500693	0.049929	0.0495258	0.0488335	0.0482122	0.0480707	0.0484349	0.0489248	0.049107	0.0489537	0.0488298	0.0489479	0.0491204	0.0491944	0.0494187	0.0500558	0.0507849	0.0509894	0.0505995	0.0501338	0.0499892	0.0501517	0.0504867	0.0509	0.051205	0.0511112	0.0504616	0.0494132	0.0483663	0.0477408	0.0477151	0.0480761	0.0483902	0.0484012	0.0482522	0.0482881	0.0485576	0.0485987	0.0479587	0.0466773	0.0449326	0.0425515	0.0390758	0.034031	0.027249	0.0193488	0.0117782	0.00597744	0.00247302	
0.00241025	0.005725	0.0111007	0.0180219	0.0253931	0.0322175	0.0378897	0.0421676	0.0451179	0.0469629	0.0479848	0.0485133	0.0487656	0.0487764	0.0486456	0.0486361	0.0489065	0.0493991	0.0499497	0.050269	0.0500913	0.0495726	0.0491419	0.0489323	0.0488042	0.048671	0.048437	0.0480339	0.0476729	0.0476562	0.0479915	0.0484478	0.0487782	0.0487239	0.0481407	0.0473803	0.0471735	0.0478091	0.048784	0.0494992	0.0498096	0.0497971	0.049651	0.0497215	0.0500886	0.0503181	0.0500235	0.0493778	0.0488827	0.0487872	0.0489159	0.0490653	0.0492558	0.0495388	0.0498448	0.0499963	0.0498176	0.0493716	0.0489692	0.0488007	0.048691	0.0483541	0.0478535	0.0477302	0.0485203	0.0500038	0.0511759	0.051319	0.050803	0.0504019	0.0502797	0.0500901	0.049611	0.0489535	0.0484561	0.0484862	0.0491305	0.0500073	0.0505807	0.0506768	0.0503886	0.0497208	0.0488356	0.0482338	0.0482291	0.0485865	0.048838	0.0487551	0.048521	0.0484681	0.0486415	0.0487852	0.0488176	0.0490793	0.0498295	0.050643	0.0508329	0.0503687	0.0498077	0.0495389	0.0495793	0.0498693	0.0503204	0.0506401	0.0504657	0.0497511	0.0488458	0.0481725	0.0479673	0.0482088	0.0485634	0.0485766	0.0481546	0.0477128	0.047704	0.0480511	0.0481793	0.0476848	0.0466672	0.0451998	0.0429229	0.039351	0.0341773	0.0273767	0.0195281	0.0119539	0.00607171	0.00248837	
0.00228526	0.00551675	0.0108774	0.0179159	0.0254728	0.0323994	0.0380198	0.0421826	0.0451185	0.0471257	0.0483919	0.0490717	0.0492716	0.0490513	0.0486624	0.0485203	0.0487676	0.0492262	0.049752	0.0501977	0.0503072	0.0500536	0.049677	0.0493405	0.0491464	0.0491519	0.0491298	0.048792	0.0482431	0.0478455	0.047818	0.0481249	0.0485155	0.0486106	0.0482025	0.0476115	0.0474929	0.0480757	0.0488921	0.0494709	0.0498371	0.0501009	0.0502118	0.0502939	0.0505158	0.0506606	0.0504102	0.0498589	0.0493926	0.0492154	0.0492221	0.0492851	0.0494085	0.0496265	0.0499494	0.0502575	0.0502471	0.0497725	0.0491211	0.0486678	0.0484226	0.0481593	0.0478516	0.0478168	0.0484087	0.0494983	0.0503861	0.0505215	0.0501137	0.0497014	0.0494669	0.0492995	0.0491356	0.0490008	0.0489798	0.0492133	0.0497925	0.0505663	0.0511543	0.0512949	0.0509639	0.0502049	0.049285	0.0487292	0.0487413	0.0489472	0.0489061	0.0485863	0.048298	0.0482877	0.0484451	0.048488	0.0484422	0.0487324	0.0495725	0.0504304	0.050595	0.0501206	0.0496356	0.0494933	0.0496097	0.049846	0.0501197	0.0502241	0.0499068	0.0492219	0.0485789	0.048339	0.0485236	0.0488835	0.0490378	0.0486997	0.0480159	0.0475348	0.0476426	0.0480975	0.0482531	0.0477489	0.0467347	0.045283	0.0429894	0.0393405	0.0340813	0.0272691	0.0194744	0.0119338	0.00604287	0.00245296	
0.00208591	0.00514168	0.0103371	0.017311	0.0249145	0.0319349	0.0376528	0.0419113	0.0449675	0.0471822	0.0487436	0.0496789	0.0499618	0.0496408	0.0490524	0.0487217	0.0488601	0.0492662	0.0497451	0.0501753	0.0503643	0.0502607	0.0499968	0.0497118	0.0496134	0.0498014	0.0499513	0.049681	0.0490565	0.0484266	0.0480846	0.04815	0.0484669	0.0486417	0.0483974	0.0479621	0.0479104	0.0484412	0.0490893	0.0494197	0.0495922	0.0498635	0.0501215	0.0502975	0.0505416	0.0507998	0.0508265	0.0505602	0.0501507	0.0497606	0.0494967	0.0494234	0.0495248	0.0497415	0.0500736	0.0504416	0.0505142	0.050031	0.0492232	0.048559	0.0481928	0.0479724	0.0478182	0.0478644	0.0482878	0.0489962	0.0495554	0.0496386	0.0494032	0.0491747	0.0490397	0.0489935	0.0491217	0.0494368	0.0497998	0.0501156	0.0504939	0.0510313	0.0515149	0.0516436	0.0513376	0.0506604	0.0498529	0.0493393	0.0492548	0.0492531	0.0490115	0.0486268	0.0484189	0.0485062	0.0486512	0.0485739	0.0484138	0.0486619	0.0494593	0.0501888	0.0501956	0.0496998	0.0494279	0.0496479	0.0500658	0.0503632	0.0504364	0.0502505	0.0497878	0.0491986	0.048819	0.0488918	0.0493002	0.0496476	0.0495653	0.0489875	0.0482473	0.0478622	0.0480729	0.0485565	0.0486694	0.0480378	0.0467987	0.045124	0.0427354	0.0390904	0.0338155	0.0269399	0.019097	0.0115789	0.00578558	0.00231887	
0.00183988	0.00466331	0.00958725	0.016343	0.0238574	0.0309557	0.036918	0.0414937	0.0448026	0.0471965	0.048951	0.0500924	0.0505226	0.0502512	0.0495862	0.0490637	0.0490302	0.0494053	0.0499228	0.0503367	0.0504777	0.0503814	0.0501928	0.0500328	0.050101	0.0504462	0.0506757	0.0504116	0.0497679	0.0490864	0.048609	0.0484507	0.0485266	0.0485427	0.0482835	0.0479477	0.0480167	0.048614	0.0492345	0.0494066	0.0493211	0.0494006	0.0496648	0.0499535	0.0502704	0.0506152	0.0508618	0.0508569	0.0505124	0.0499164	0.0493562	0.0490961	0.0491571	0.0494218	0.0498421	0.0503313	0.0505615	0.0502094	0.049398	0.0485767	0.04802	0.0477162	0.0476021	0.0476996	0.0480579	0.0485739	0.0489739	0.0491169	0.0491571	0.0492387	0.049287	0.049286	0.0494258	0.0498019	0.0502257	0.0504912	0.0507045	0.0510802	0.051505	0.0516887	0.0515343	0.0510792	0.0504503	0.049916	0.0495963	0.0493108	0.0489355	0.0486414	0.0486383	0.0488628	0.0490031	0.0488551	0.0486613	0.0488825	0.0495198	0.0499385	0.0496787	0.0491694	0.0491589	0.04976	0.0504891	0.050907	0.0508892	0.0505054	0.0499223	0.0493739	0.0491183	0.0493196	0.0498279	0.0501896	0.0500557	0.0495039	0.0489143	0.0486444	0.0487955	0.0491139	0.0490965	0.0483539	0.0469122	0.0449877	0.0424539	0.0387523	0.0333542	0.0262624	0.0182678	0.0108131	0.0052697	0.0020737	
0.00159609	0.00418776	0.00883763	0.0153592	0.0227532	0.0298986	0.0360962	0.041014	0.0446068	0.047152	0.0489893	0.050208	0.0507378	0.0506108	0.0500722	0.0495431	0.0493993	0.0496986	0.0501882	0.0505392	0.0505852	0.0504174	0.0502054	0.0500887	0.0502671	0.0507451	0.0510832	0.0508891	0.0502964	0.0496636	0.0491722	0.0488346	0.0485774	0.0482827	0.0479266	0.0477182	0.0479683	0.048672	0.0493466	0.049526	0.049312	0.0491617	0.0492889	0.0495787	0.0498975	0.0502267	0.050539	0.0506634	0.0503912	0.0497433	0.0490274	0.048565	0.0484612	0.0486956	0.0492528	0.0499936	0.0505077	0.0503709	0.049598	0.0486239	0.0478561	0.0474326	0.0473168	0.047467	0.0478589	0.048357	0.0487534	0.0490087	0.0492771	0.0496023	0.0498051	0.0498009	0.0497707	0.0498899	0.0500864	0.0502127	0.0503521	0.0506882	0.0511458	0.0514819	0.0515687	0.0513674	0.0508987	0.0503053	0.0497028	0.0490983	0.0485977	0.0484312	0.048645	0.0489799	0.0491212	0.0490122	0.0489446	0.0492112	0.0496363	0.0496925	0.0492279	0.0488041	0.049017	0.0497835	0.0505674	0.0509799	0.0509408	0.0505218	0.0498851	0.0492761	0.0489709	0.0491744	0.0497624	0.0502448	0.0502566	0.0499173	0.0495658	0.0493852	0.0493754	0.0494192	0.0492452	0.0485073	0.0470566	0.0449924	0.0422391	0.0382715	0.0325359	0.0251118	0.0169878	0.00972559	0.00458175	0.00175746	
0.00140078	0.00379398	0.00821302	0.0145541	0.0218811	0.0290851	0.0354401	0.0405653	0.0443507	0.0470156	0.0488719	0.050027	0.0505138	0.050507	0.0502508	0.0499702	0.0498711	0.0500232	0.0502786	0.0504186	0.0503477	0.0501262	0.0498632	0.0497156	0.0499196	0.050487	0.0509875	0.0510006	0.0505912	0.0500825	0.0496114	0.0491178	0.0485701	0.0480443	0.0476842	0.0476509	0.0480469	0.0487791	0.0494893	0.0497707	0.0495589	0.0492109	0.049102	0.0492689	0.0495495	0.049876	0.0502072	0.0503625	0.0501626	0.0496279	0.0489423	0.048309	0.0479143	0.0479587	0.0485501	0.0494896	0.0502339	0.0502506	0.0495069	0.0484808	0.0476753	0.0472685	0.0471957	0.0474002	0.0478531	0.0483979	0.0488344	0.0491441	0.0494606	0.0498216	0.0500765	0.0501055	0.0499889	0.0498777	0.049813	0.0497746	0.0498384	0.0501058	0.0505245	0.0509329	0.051186	0.0511686	0.050843	0.0502847	0.0495736	0.0488017	0.0482277	0.0481358	0.0484608	0.0488202	0.0489556	0.0489596	0.0490894	0.0494064	0.0496309	0.0494574	0.0490144	0.0488243	0.0491967	0.0498797	0.0504193	0.0506179	0.0505287	0.0501961	0.0496325	0.0489926	0.0486114	0.0488015	0.0494742	0.0500907	0.0502245	0.049973	0.0496716	0.0494694	0.0493296	0.0491991	0.0489702	0.0483521	0.0470249	0.0448942	0.0418589	0.0374757	0.0313061	0.0235933	0.0154872	0.00856322	0.00389298	0.00145161	
0.00126111	0.00347609	0.00766729	0.013833	0.0211321	0.0284467	0.0349475	0.0401811	0.0440506	0.0467754	0.0485933	0.0495741	0.0498773	0.0498872	0.0499089	0.0499825	0.0500572	0.0501014	0.0500684	0.0499444	0.0497668	0.0495536	0.0493191	0.0491896	0.0493777	0.0499047	0.0504575	0.0506969	0.0505976	0.0503246	0.0499151	0.049319	0.0486306	0.0480588	0.0477646	0.047812	0.0482005	0.0488597	0.0495649	0.0499437	0.0497774	0.0493069	0.0490085	0.0490789	0.0493939	0.0498015	0.0501384	0.0502209	0.0500257	0.0496495	0.0491119	0.048415	0.0477673	0.0475472	0.0479686	0.0488215	0.0495395	0.0495939	0.0489629	0.0481396	0.0476007	0.0474134	0.0474185	0.0475912	0.0479902	0.0485028	0.0489486	0.0492942	0.0495974	0.04986	0.0500079	0.0500075	0.049927	0.0498285	0.0496956	0.0495336	0.0494426	0.0495076	0.0497115	0.0499876	0.0502332	0.0503112	0.0501662	0.0498435	0.0493456	0.0487055	0.0481987	0.0481433	0.0484488	0.0487025	0.0487401	0.0487928	0.0490593	0.0494068	0.0495511	0.0494054	0.0492066	0.0492869	0.0496862	0.0500941	0.050225	0.0501159	0.04997	0.0498077	0.0494801	0.0490072	0.0487111	0.0489554	0.0496834	0.0503289	0.0503764	0.0498754	0.0492628	0.0488415	0.0486026	0.0484422	0.0482645	0.0477791	0.0465534	0.0443689	0.0410949	0.0363454	0.0298197	0.0219526	0.0140157	0.00751909	0.00332109	0.00121465	
0.00113687	0.00315622	0.00707303	0.0130141	0.0202665	0.0277036	0.0343746	0.0397336	0.0436695	0.046398	0.0481197	0.048908	0.0490417	0.0490601	0.0492993	0.0496599	0.0499104	0.0499461	0.049776	0.0495074	0.0492712	0.0490953	0.0489628	0.0489296	0.0490781	0.0494083	0.0498235	0.0502073	0.0504766	0.0505333	0.0502553	0.0496768	0.0490405	0.0485466	0.048237	0.0481331	0.0483093	0.0487875	0.0493927	0.0497599	0.0496332	0.0492065	0.0489564	0.0491249	0.049594	0.0501014	0.0503507	0.0502138	0.0498891	0.0495863	0.0492137	0.04861	0.0479175	0.0475095	0.0476082	0.0480799	0.0485316	0.0485881	0.0482362	0.0478642	0.0477997	0.0479342	0.0479942	0.0480038	0.0481681	0.04849	0.0488667	0.0492915	0.0497066	0.0499244	0.0498374	0.0496006	0.0494956	0.0495781	0.0496144	0.0494411	0.0491759	0.0489968	0.0489485	0.0490107	0.0491261	0.0491979	0.0492196	0.0492493	0.0491915	0.048919	0.0486199	0.0486192	0.0488412	0.0488933	0.0487225	0.0486987	0.0490001	0.049384	0.049604	0.0496809	0.049769	0.0499599	0.0501607	0.0501575	0.0498852	0.0495742	0.0494942	0.0495967	0.0496203	0.0494881	0.0494338	0.0497696	0.050473	0.0510145	0.0508081	0.0498555	0.0487496	0.0480168	0.0476772	0.0475118	0.0473632	0.0469241	0.0457141	0.0434637	0.0400145	0.0349951	0.028216	0.0202994	0.0126227	0.00659626	0.00285536	0.00104079	
0.0009865	0.00277189	0.00635997	0.0120221	0.0191708	0.0266638	0.0334781	0.0390244	0.0431187	0.0458891	0.0475364	0.0482314	0.0483655	0.0485216	0.0489764	0.049517	0.0498452	0.0498855	0.049703	0.0494242	0.0491854	0.0490406	0.0489949	0.0490338	0.0490928	0.0491631	0.0493812	0.0498679	0.0504851	0.0508565	0.0507337	0.0502938	0.0498678	0.0495029	0.0490786	0.0486687	0.0485078	0.0486824	0.0490107	0.0491939	0.0490867	0.0488833	0.0489357	0.0493799	0.0500491	0.0505987	0.0506756	0.0502638	0.0497505	0.0494188	0.0491453	0.0487156	0.0481627	0.0477032	0.0474977	0.0475447	0.0477105	0.0478161	0.0478255	0.0479403	0.0483025	0.0486831	0.0487565	0.0485892	0.0484879	0.0485417	0.0487413	0.0491951	0.0498027	0.0501182	0.0498485	0.0492748	0.0489886	0.0491964	0.049486	0.0494192	0.0490666	0.0487537	0.0486146	0.0485823	0.0485491	0.0484859	0.0485336	0.0488254	0.0491764	0.0492799	0.0492098	0.0492785	0.0494308	0.0493194	0.0489783	0.0488458	0.0490851	0.0494387	0.0497355	0.0500137	0.0502532	0.0503507	0.0502224	0.0498494	0.0493696	0.0490937	0.0492263	0.049601	0.0499102	0.0500732	0.0502424	0.0506117	0.0511719	0.0515052	0.0510424	0.0497519	0.048325	0.0474279	0.0470522	0.0468651	0.0466917	0.0462504	0.0450138	0.0426189	0.0388751	0.0334986	0.0264683	0.0185711	0.0112308	0.00571727	0.00243537	0.000893985	
0.000807494	0.00232969	0.00554601	0.0108718	0.0178401	0.0252944	0.0321827	0.0379442	0.0423386	0.0453411	0.0470961	0.0478612	0.0481184	0.0484465	0.0490507	0.0496591	0.0499762	0.0499863	0.049814	0.0495938	0.0494341	0.0493607	0.0493556	0.049355	0.0492495	0.0490913	0.0491789	0.0497373	0.0505454	0.0510672	0.0510653	0.0508581	0.0507483	0.050569	0.0500891	0.0494682	0.0490259	0.0488334	0.0487431	0.0486368	0.0485351	0.0485865	0.048943	0.0496077	0.050394	0.0509365	0.0508883	0.0503349	0.0497412	0.0493742	0.0491245	0.0488329	0.0484701	0.0480865	0.0477661	0.047592	0.0475939	0.0477263	0.0479548	0.048341	0.04889	0.0493566	0.0494596	0.0492711	0.0490652	0.0489086	0.048854	0.0491779	0.0498737	0.0503594	0.0501242	0.0493844	0.0488799	0.0490287	0.0494406	0.0494966	0.049165	0.0488649	0.0488048	0.0488175	0.0486742	0.0484161	0.048372	0.0487498	0.0492862	0.0495685	0.0496154	0.0497185	0.0498364	0.049689	0.04935	0.049199	0.0493335	0.0495432	0.0497671	0.0500492	0.0502476	0.0501808	0.0498429	0.0493728	0.0489924	0.0489406	0.0492615	0.0497115	0.0500582	0.0503205	0.0506101	0.0509588	0.0513034	0.0513784	0.0507603	0.0494153	0.0480046	0.0471796	0.0468611	0.0466726	0.0465057	0.0461184	0.0448585	0.0421719	0.0378651	0.0319111	0.0245806	0.0167782	0.00985693	0.00488571	0.00204904	0.000757672	
0.000627873	0.00188052	0.00468829	0.00959598	0.0162875	0.0236291	0.0305282	0.0364664	0.0412473	0.0447431	0.0469271	0.0479665	0.0483394	0.0486503	0.0491509	0.0496439	0.0498937	0.0498986	0.0497859	0.0497023	0.0497366	0.0498218	0.0498326	0.0496875	0.0493686	0.0490423	0.0490423	0.0495304	0.0502223	0.0506503	0.050749	0.050883	0.0511779	0.0512742	0.050923	0.0503391	0.049796	0.0492981	0.048812	0.0484612	0.0483635	0.0485214	0.0489132	0.0495471	0.0503244	0.0508795	0.0508419	0.0503281	0.0497923	0.0494419	0.0491988	0.0490052	0.0488493	0.0486984	0.0485403	0.0483919	0.0482791	0.0482497	0.04838	0.0487262	0.0492375	0.0497175	0.0499474	0.0499066	0.0497106	0.0493774	0.0490373	0.0491147	0.0497403	0.0503566	0.05034	0.0497269	0.0491559	0.0491388	0.0494599	0.0495473	0.049305	0.0491148	0.0491681	0.0492317	0.0490339	0.0486889	0.048612	0.0489793	0.0494637	0.0496854	0.04971	0.0497876	0.0498665	0.0497662	0.0495823	0.0495463	0.0496407	0.0497	0.049748	0.049849	0.049869	0.0496843	0.0493664	0.0490926	0.0490221	0.0492043	0.0495147	0.0497609	0.0499193	0.0501476	0.0505154	0.0508749	0.0510493	0.0509046	0.0502391	0.0490645	0.0479106	0.0472717	0.0469973	0.0467822	0.0466463	0.0463476	0.0450483	0.041976	0.0369623	0.030325	0.0226938	0.0150548	0.00860068	0.00415853	0.00171904	0.000637331	
0.000476136	0.00147461	0.00384614	0.00823573	0.0145265	0.0216809	0.0285397	0.0345713	0.0397064	0.0438535	0.0467809	0.0483614	0.0489001	0.0490233	0.0491516	0.0493084	0.0494036	0.0494367	0.0494617	0.0495783	0.0498423	0.0500852	0.0500647	0.0497372	0.0492548	0.0488573	0.0487609	0.0489844	0.0492906	0.0494813	0.0497149	0.0502635	0.0509786	0.0513723	0.0512504	0.0508514	0.0503567	0.0497222	0.0490371	0.048585	0.0484708	0.04854	0.0487146	0.0491481	0.0498802	0.0505093	0.05057	0.0501343	0.0496291	0.0492608	0.0490178	0.0489358	0.0490607	0.0493419	0.0496175	0.0496744	0.0494241	0.0490295	0.048786	0.0488636	0.0492385	0.0497794	0.0502524	0.0504133	0.0501722	0.049587	0.0489428	0.0487587	0.0492334	0.049882	0.050089	0.0497648	0.0493306	0.0491982	0.0493123	0.0493344	0.0492056	0.0491618	0.0492687	0.0493101	0.0491304	0.0488962	0.0489213	0.0492429	0.0495381	0.0495826	0.0495303	0.0495515	0.049579	0.0495711	0.0496347	0.0497969	0.0499062	0.0498564	0.0497504	0.0496748	0.0495436	0.0493165	0.0491185	0.0491155	0.0493466	0.0496373	0.0497483	0.0496505	0.0495723	0.0497607	0.0502126	0.0506375	0.0507531	0.0504915	0.049845	0.0489102	0.0480705	0.0475948	0.0472731	0.0469357	0.0467229	0.0463688	0.0449191	0.0414781	0.0358847	0.0286986	0.0208522	0.0134226	0.00744932	0.00351387	0.00143163	0.00053048	
0.000363041	0.00113857	0.00306995	0.00685514	0.0126012	0.0194618	0.0262483	0.0323413	0.0377539	0.0425152	0.0462926	0.0486398	0.0495615	0.0496049	0.0493426	0.0490687	0.0489163	0.0489256	0.049046	0.0492817	0.0496529	0.0499359	0.0498255	0.0493566	0.0488435	0.0484967	0.0483077	0.0481883	0.0480862	0.048115	0.0485483	0.0494598	0.0504507	0.0509968	0.0509968	0.0507146	0.0502985	0.0497168	0.049094	0.0486878	0.0485292	0.0484359	0.0484058	0.048719	0.0494662	0.0501904	0.0503343	0.049879	0.0492182	0.0486524	0.0483195	0.0483523	0.0488367	0.049679	0.0505093	0.0508417	0.0504904	0.0497421	0.0490787	0.0488066	0.0490163	0.0496723	0.0504569	0.0508305	0.0505038	0.0496384	0.0487121	0.0483029	0.0486069	0.0491798	0.0494645	0.0493629	0.0491311	0.0489815	0.0489149	0.0488519	0.0488238	0.0488971	0.048993	0.0489838	0.0488935	0.0488676	0.0490038	0.0492257	0.0493237	0.0492414	0.0491531	0.0491459	0.0491926	0.0493872	0.0497737	0.0501182	0.0501533	0.0499153	0.0496852	0.049595	0.0495065	0.0493262	0.0491923	0.0493175	0.0496862	0.0499578	0.0498389	0.0494614	0.0492276	0.0494054	0.0499267	0.0504332	0.0505738	0.0502673	0.0496201	0.0488419	0.0482314	0.0478648	0.0474746	0.0469544	0.0464637	0.0457407	0.0439061	0.0401242	0.034218	0.0267825	0.018902	0.0117596	0.00630155	0.00288203	0.00115109	0.000425709	
0.00027991	0.00086993	0.00238997	0.00553647	0.0106234	0.0170828	0.0238053	0.030047	0.0357352	0.0409538	0.0454108	0.0485196	0.0500149	0.0502484	0.0498115	0.049215	0.0488302	0.048748	0.0488165	0.0489848	0.0492962	0.0495222	0.0493267	0.048801	0.0483534	0.0481116	0.047856	0.0474751	0.0471492	0.0471969	0.0478462	0.0489579	0.0499991	0.05049	0.0504187	0.05009	0.0497112	0.0493109	0.0489439	0.0486948	0.048521	0.048342	0.0482822	0.0486297	0.0494169	0.050179	0.0503541	0.0498138	0.048867	0.0479403	0.0474012	0.0475068	0.048326	0.0496342	0.0508513	0.0513497	0.0509816	0.050115	0.0492342	0.0486868	0.0487289	0.0494752	0.0505512	0.0511738	0.0508743	0.0498654	0.0487657	0.0481929	0.0483228	0.0487331	0.048932	0.0488731	0.0487412	0.048589	0.0484155	0.0483125	0.0483635	0.048501	0.0485816	0.0485892	0.0486307	0.0487397	0.0488542	0.0489252	0.0489076	0.0488117	0.0487381	0.048756	0.0489498	0.0494609	0.0501645	0.0505863	0.0504074	0.0498534	0.0494501	0.0494359	0.0495703	0.0495571	0.0494471	0.0495273	0.0498481	0.0500556	0.0498554	0.0494118	0.0491333	0.0492772	0.0497968	0.0503638	0.0505656	0.0502116	0.0494492	0.0486385	0.0480982	0.0478105	0.0474428	0.0467914	0.0458836	0.0445034	0.0420346	0.0378679	0.0318306	0.0244219	0.0167349	0.0100194	0.00514614	0.00226199	0.000877944	0.000322889	
0.000209843	0.000646966	0.00180914	0.00435238	0.00875246	0.0147577	0.0214501	0.0279765	0.0340179	0.0395547	0.0443837	0.0479943	0.0500134	0.050574	0.0501687	0.0494466	0.0489771	0.0488634	0.048849	0.0488768	0.0490639	0.0492125	0.0489773	0.0484592	0.048079	0.0479004	0.0476076	0.047126	0.0467836	0.0469293	0.0476623	0.0487451	0.049671	0.0500204	0.0498013	0.0493609	0.0490244	0.0488764	0.048834	0.0487849	0.0486457	0.0484529	0.0484223	0.0488029	0.0495686	0.0503072	0.0505141	0.0499562	0.0488072	0.0475667	0.0468166	0.0469254	0.0478964	0.0493497	0.0505883	0.0510312	0.0506936	0.049977	0.0492002	0.0486011	0.0485328	0.0492668	0.0504906	0.0513567	0.0512562	0.0503227	0.0492037	0.0485369	0.048488	0.0486823	0.0487179	0.0485977	0.0484633	0.0482812	0.0480525	0.0479474	0.0480461	0.0482159	0.0483455	0.0484823	0.0486522	0.0487461	0.0487104	0.0486447	0.0486076	0.0485556	0.048495	0.0485514	0.048921	0.0496795	0.0505203	0.0508808	0.0504844	0.0496535	0.0490392	0.0490225	0.0493862	0.0496405	0.0496198	0.0495933	0.0497603	0.0499351	0.0498664	0.0495837	0.0493326	0.0493605	0.0497589	0.0503317	0.0506119	0.0502183	0.0492645	0.0482639	0.0476374	0.047381	0.0471256	0.046469	0.0451872	0.0431023	0.0399199	0.0353013	0.0291264	0.0218311	0.0144791	0.00830734	0.00406376	0.00170117	0.000634198	0.000229253	
0.000145442	0.000455789	0.00132222	0.00334333	0.00710206	0.0126421	0.0193003	0.0261762	0.0326465	0.0384409	0.0433839	0.0471674	0.0494954	0.0503505	0.0500847	0.0494133	0.0490353	0.0490421	0.0490851	0.0490861	0.0492073	0.0493035	0.049065	0.0485776	0.0482113	0.048012	0.0477059	0.0472757	0.0470358	0.0471985	0.0477474	0.0485363	0.0492391	0.0494731	0.0491757	0.0487083	0.0484979	0.048628	0.0488598	0.0489517	0.0488269	0.0485897	0.0485092	0.0488526	0.049595	0.0503561	0.0506578	0.0501978	0.0490366	0.0476674	0.0467705	0.0467689	0.0476218	0.0488901	0.0498925	0.050172	0.0498962	0.0494802	0.0490632	0.048673	0.0485886	0.0491629	0.0502804	0.0512641	0.0514522	0.0507799	0.049779	0.0490586	0.0488014	0.0487479	0.0486432	0.0485278	0.0484636	0.0483271	0.0480984	0.0479665	0.0480184	0.048161	0.0483686	0.0486725	0.048927	0.0489253	0.0487319	0.0485973	0.0485908	0.0485732	0.0484894	0.0485275	0.0489345	0.0496924	0.0504227	0.050653	0.0501978	0.0493157	0.048569	0.0484365	0.0488754	0.0493517	0.0494694	0.0493799	0.0494122	0.049606	0.04976	0.0497046	0.0494773	0.049325	0.0495084	0.0500121	0.0503855	0.0500779	0.0490749	0.0479211	0.0471214	0.0467682	0.0465615	0.0459635	0.0444877	0.0419213	0.0381781	0.0330974	0.0266555	0.0193738	0.0123527	0.00674894	0.00311799	0.00122686	0.000431301	0.00015024	
9.27096e-005	0.000302698	0.000933949	0.00251756	0.00568568	0.0107225	0.01725	0.0244139	0.0313172	0.0373536	0.0422863	0.0460455	0.0485368	0.0496864	0.0497043	0.0492664	0.0490877	0.0492695	0.0494591	0.04955	0.0496936	0.0498045	0.0496288	0.0491982	0.0487929	0.0485089	0.0482248	0.0479518	0.0478331	0.0478622	0.0479867	0.0482822	0.0486652	0.0487823	0.0484761	0.0480759	0.048029	0.0483714	0.0487591	0.048909	0.0487697	0.0484647	0.0483068	0.0486463	0.0494827	0.0503842	0.0508348	0.0505242	0.0494756	0.0481164	0.0470963	0.0468568	0.0474011	0.04836	0.0491421	0.0493631	0.0492221	0.0491242	0.0491224	0.0490555	0.0490017	0.0492783	0.0500118	0.0508712	0.0512824	0.0509609	0.0501844	0.0494385	0.0489496	0.048656	0.048498	0.0485457	0.0487404	0.0488091	0.0486357	0.0483959	0.0482575	0.0482663	0.048481	0.0488803	0.0491987	0.0491871	0.0489595	0.0488081	0.0488027	0.0487746	0.0486305	0.0485598	0.0488154	0.0493571	0.0498669	0.0500268	0.0496976	0.048974	0.0482238	0.0479378	0.0482536	0.0487337	0.0489058	0.0488235	0.0488352	0.0490751	0.0493584	0.049412	0.0491724	0.0488787	0.048863	0.0492522	0.0497296	0.0497045	0.0489505	0.0478326	0.046848	0.0462351	0.0458759	0.0452617	0.0437506	0.041003	0.0369238	0.0313994	0.0245593	0.0171635	0.0104253	0.00537531	0.00232009	0.000844747	0.000274351	9.05904e-005	
5.75669e-005	0.000195363	0.000645209	0.00185651	0.0044523	0.00889521	0.0151101	0.0223901	0.0296437	0.0359143	0.0408413	0.0445625	0.0472241	0.0487755	0.0492943	0.0492866	0.0493525	0.0496293	0.0498735	0.0500009	0.0501576	0.0503383	0.0503295	0.0500276	0.0495804	0.0492017	0.048989	0.0489297	0.0489082	0.0487277	0.0483917	0.0481908	0.0482211	0.0481759	0.0478493	0.0475043	0.0475442	0.0479765	0.0484387	0.0486469	0.0485373	0.0482038	0.0479933	0.0483535	0.0493121	0.0503654	0.0509538	0.0508052	0.0499516	0.0487258	0.0476689	0.0472112	0.047447	0.0481418	0.0488178	0.0491153	0.0491608	0.0492947	0.0495607	0.0497282	0.0496861	0.0496203	0.0498194	0.0503218	0.0507587	0.0507285	0.0502342	0.0495522	0.0489254	0.0484994	0.0483824	0.0486451	0.0491331	0.0494415	0.0493143	0.0488941	0.0484928	0.048331	0.0484979	0.0489195	0.0493273	0.0494711	0.0493765	0.0492495	0.0491919	0.049101	0.0488657	0.0486197	0.0486049	0.0488465	0.0491675	0.0493661	0.0492671	0.0487917	0.0481412	0.0477628	0.047869	0.0481475	0.0482316	0.0481927	0.0482966	0.0485726	0.0488079	0.0487886	0.0485103	0.0481883	0.0480973	0.0484128	0.0489941	0.0493258	0.0489701	0.0480044	0.0468687	0.0459472	0.0453032	0.044552	0.0430294	0.0402237	0.0358706	0.0298683	0.0225852	0.0150764	0.00865281	0.00417168	0.00166537	0.000555001	0.00016498	5.17971e-005	
3.83677e-005	0.000129152	0.000442354	0.00133154	0.00335954	0.00710544	0.0127952	0.0199586	0.027427	0.033944	0.0389704	0.0427564	0.0456599	0.0477001	0.0488331	0.0493353	0.049646	0.0499417	0.0501097	0.0501244	0.0501867	0.050429	0.0506807	0.0506297	0.0502137	0.0497504	0.04958	0.0496905	0.0497468	0.0494309	0.0488228	0.0483251	0.0481047	0.0479182	0.0475675	0.0472541	0.0473407	0.0478436	0.0484034	0.0487061	0.0486353	0.0482457	0.0479057	0.0481335	0.0490164	0.0500734	0.0507539	0.0507979	0.0502312	0.0493257	0.0485006	0.0480784	0.0481551	0.0486127	0.0491307	0.0494321	0.0495793	0.0498012	0.0501297	0.0503603	0.0502864	0.049952	0.0496968	0.0497994	0.0500901	0.0502004	0.0499956	0.0495357	0.0489858	0.0485992	0.0485551	0.0488852	0.0494328	0.0498056	0.049656	0.0490679	0.0484795	0.0482453	0.0484073	0.0488145	0.0492638	0.049581	0.0497168	0.0497383	0.0497022	0.0495485	0.0491917	0.0487365	0.0484107	0.0483298	0.0484745	0.0487312	0.0488823	0.0487209	0.0483178	0.048033	0.0480432	0.048106	0.0480364	0.0480277	0.0482481	0.0485181	0.0485685	0.0483448	0.0479979	0.047729	0.0477095	0.0480676	0.0487274	0.0492544	0.0491292	0.0482576	0.047042	0.0459286	0.0450292	0.0440398	0.0423495	0.0393282	0.0345628	0.0280433	0.0204319	0.0130028	0.00703782	0.00316338	0.00116401	0.000355	9.79995e-005	3.05506e-005	
3.0568e-005	9.36281e-005	0.000307849	0.000927797	0.0024211	0.00541645	0.0104002	0.0172011	0.024725	0.0315165	0.0368005	0.0407997	0.0440083	0.0465133	0.0481622	0.04905	0.0495278	0.0498152	0.0498745	0.0497204	0.049637	0.0499265	0.0504914	0.0508216	0.050579	0.0500666	0.0498256	0.049947	0.0500274	0.0496929	0.0490507	0.0485076	0.0482174	0.047987	0.0476653	0.0474424	0.0476668	0.0483405	0.0490443	0.0493897	0.0492399	0.0486802	0.0481023	0.0480388	0.0486543	0.0495919	0.0503409	0.0505758	0.0502977	0.0498151	0.0494663	0.0493524	0.0494231	0.0496132	0.0497921	0.0498654	0.0499284	0.0501128	0.0503878	0.0505629	0.0504164	0.0499367	0.049466	0.0493513	0.049521	0.0497141	0.0497952	0.049654	0.0493065	0.0490135	0.0489643	0.0491491	0.0494918	0.0497456	0.0495502	0.0489056	0.0482925	0.0481185	0.0483207	0.0486396	0.0489533	0.0492697	0.0496178	0.0499593	0.0501586	0.0500517	0.0495906	0.0489304	0.0483087	0.0478982	0.0477894	0.0479735	0.0482984	0.0485237	0.0485732	0.0486276	0.0487475	0.0487227	0.0485405	0.0485271	0.0487865	0.0489747	0.0487971	0.0483605	0.0479565	0.0477807	0.0479255	0.0484099	0.0490727	0.0495166	0.0493187	0.0484209	0.0472021	0.0460311	0.0449174	0.0435541	0.0414189	0.0378972	0.0325705	0.0256063	0.017934	0.0109011	0.00559914	0.00236992	0.00081503	0.000233091	6.35005e-005	2.18165e-005	
3.11074e-005	8.00207e-005	0.000227281	0.000641166	0.00168174	0.00395781	0.00813027	0.0143413	0.0217237	0.0287703	0.0344538	0.0388243	0.0423915	0.0452812	0.0472715	0.048361	0.0488834	0.0491129	0.0490806	0.0488395	0.0487052	0.0490628	0.0498933	0.0506161	0.050684	0.0502636	0.049948	0.0499575	0.0499743	0.0496522	0.0490847	0.0486232	0.0483697	0.0481566	0.0479064	0.0478368	0.0482587	0.0491015	0.0498616	0.0501047	0.0497583	0.0490219	0.0483014	0.0480654	0.0485028	0.0493696	0.050176	0.0505071	0.0503664	0.050175	0.0502402	0.0504396	0.0505449	0.0504975	0.0503143	0.0500733	0.0499411	0.0500011	0.0501641	0.0502394	0.0500301	0.0495385	0.049091	0.0490042	0.0492323	0.049586	0.049924	0.050011	0.0497509	0.0494063	0.0491946	0.0491139	0.0491885	0.0493164	0.0491439	0.0485794	0.0480775	0.0480341	0.0482727	0.0484399	0.0485047	0.0486853	0.0491503	0.0498163	0.0503552	0.0504365	0.049991	0.0492218	0.0483951	0.047703	0.0472669	0.0471834	0.0474936	0.0480562	0.0486454	0.0491628	0.0495096	0.0495276	0.0493352	0.0493012	0.0494756	0.049485	0.0491088	0.0485746	0.0482285	0.0482282	0.0485766	0.049156	0.0496983	0.0498727	0.0494483	0.0484757	0.0472652	0.0460163	0.0445993	0.042698	0.039902	0.0357105	0.0298105	0.0225696	0.0151178	0.00876218	0.00429399	0.00173876	0.000575785	0.000163182	4.86111e-005	2.00404e-005	
3.74867e-005	8.09421e-005	0.000185637	0.000455716	0.001153	0.00281176	0.00615745	0.0115967	0.0185922	0.0257618	0.0318977	0.0367728	0.0407625	0.0440003	0.0462743	0.0475354	0.0480645	0.0481759	0.0480491	0.0478433	0.0478195	0.0482596	0.0491657	0.0500739	0.0504506	0.050312	0.050103	0.0500557	0.0499907	0.04966	0.0491345	0.0487043	0.0484491	0.0482448	0.0480929	0.0481964	0.0487253	0.0495118	0.050085	0.0500985	0.0495948	0.0488681	0.0482873	0.0481945	0.0487177	0.0496303	0.0504378	0.0507055	0.0504998	0.0503472	0.0505432	0.0508438	0.0509356	0.0507705	0.0504351	0.0500589	0.0497876	0.0496704	0.0496564	0.0496384	0.0494572	0.0490863	0.0487891	0.0488496	0.0492551	0.0498218	0.0503218	0.0504323	0.0500449	0.0494653	0.0489636	0.0485925	0.0484531	0.0485161	0.0484301	0.0480376	0.0477283	0.0478418	0.0481236	0.0481947	0.0481199	0.0482295	0.048713	0.0494648	0.0501456	0.0503963	0.0500958	0.0494019	0.0485609	0.0477493	0.0470618	0.0466504	0.0467641	0.047452	0.0484145	0.0492865	0.0498316	0.0499639	0.0498583	0.0498055	0.0497995	0.0495728	0.0490716	0.0485954	0.0484625	0.0487521	0.0493304	0.0499339	0.0502753	0.0501696	0.0495575	0.0485238	0.0472421	0.0457432	0.0438422	0.0412826	0.0377618	0.0328948	0.0265127	0.0191821	0.0121673	0.00665614	0.00309561	0.00120662	0.000394679	0.000117223	4.07535e-005	1.96647e-005	
4.47031e-005	8.60088e-005	0.000162536	0.000336064	0.000791913	0.00196413	0.00454411	0.0091031	0.0154534	0.0224975	0.029	0.0344444	0.0389446	0.0425891	0.0452382	0.046819	0.0474827	0.0475296	0.0473383	0.047246	0.0474213	0.0478978	0.0486285	0.0494051	0.0499348	0.0501507	0.0502299	0.0502798	0.0502043	0.0498532	0.0492854	0.0487649	0.048416	0.0482022	0.0481922	0.0484873	0.0489983	0.0494666	0.0496323	0.0493966	0.0488893	0.0483755	0.0481324	0.0483776	0.049136	0.0501226	0.0508355	0.0508947	0.0504649	0.050148	0.0502484	0.0505	0.0505744	0.0504257	0.050159	0.0498714	0.049606	0.0493681	0.0492125	0.0491725	0.0491093	0.0489068	0.0487456	0.0489149	0.0494585	0.0501646	0.0506904	0.0506684	0.0500462	0.0491852	0.0483972	0.047778	0.0474527	0.0474272	0.0474126	0.0472422	0.0471859	0.0474717	0.0478232	0.0479099	0.0478616	0.0479938	0.0484002	0.0489658	0.0494898	0.0497415	0.0495883	0.0490876	0.048407	0.047691	0.0470087	0.0464953	0.0464638	0.0470967	0.0481234	0.0490721	0.0496699	0.049893	0.0498836	0.0497942	0.0495932	0.0491831	0.0486773	0.0483749	0.048514	0.0490966	0.0498715	0.0504789	0.0506733	0.0503951	0.0496637	0.0485307	0.0470396	0.0451166	0.0426008	0.0393299	0.0350811	0.0295775	0.0228476	0.0156617	0.00931039	0.004749	0.00207407	0.00077741	0.000256068	8.32956e-005	3.41742e-005	1.82182e-005	
4.60501e-005	8.29985e-005	0.000137679	0.000246185	0.000538061	0.00134348	0.00325355	0.00689416	0.0123814	0.0190073	0.0256864	0.0316934	0.0368162	0.0410004	0.0441492	0.0462041	0.0472188	0.0474352	0.0473362	0.0473934	0.0477052	0.0480806	0.0484395	0.0488745	0.0493988	0.0499044	0.0502973	0.0505067	0.0504443	0.0500471	0.0494131	0.048802	0.0483717	0.0481635	0.0482938	0.0487408	0.049158	0.0492319	0.0489832	0.048591	0.0481864	0.0478991	0.0479284	0.0484406	0.0493775	0.0503892	0.0509728	0.0507912	0.0500666	0.0494711	0.0493861	0.0495951	0.0497469	0.0497331	0.049634	0.0495311	0.0494094	0.0492383	0.0491211	0.0491543	0.0491931	0.0490757	0.0489572	0.0491409	0.0496954	0.050382	0.0508053	0.0506141	0.0498106	0.0487763	0.0478402	0.0471064	0.0466563	0.0465118	0.0465197	0.0465592	0.0467403	0.0471539	0.0475655	0.0477171	0.0477134	0.0477901	0.0479978	0.0482862	0.0485943	0.0487782	0.0486753	0.0482718	0.047719	0.0472027	0.0468191	0.046621	0.0467625	0.0473674	0.0482322	0.0489752	0.0494192	0.0495937	0.0495733	0.04941	0.0490969	0.0486723	0.0483137	0.0482352	0.0485646	0.0492524	0.0500374	0.0506	0.050746	0.0504031	0.0495478	0.0482075	0.046395	0.0440077	0.0408928	0.0369191	0.0319286	0.0258268	0.0189335	0.0121933	0.00675315	0.00320098	0.0013148	0.000480729	0.000165718	6.23052e-005	3.01871e-005	1.71859e-005	
3.9225e-005	6.76209e-005	0.000104142	0.000170262	0.000351996	0.000879977	0.00221278	0.00494821	0.00943771	0.0154033	0.0220462	0.0285492	0.0343807	0.0392338	0.0429389	0.0454832	0.0469763	0.0476333	0.0478596	0.0480891	0.0483855	0.0485079	0.0484546	0.0485679	0.0490504	0.0497297	0.0503025	0.0505487	0.0503914	0.0499253	0.0493591	0.0488839	0.0485582	0.048422	0.0486109	0.049037	0.0492588	0.0490177	0.0485458	0.0481462	0.0478388	0.0475983	0.0476253	0.0481428	0.0490821	0.0500709	0.0506006	0.0502993	0.0493607	0.0485101	0.0482568	0.0484808	0.0487994	0.0489952	0.0490972	0.0492151	0.0493432	0.0494032	0.049448	0.049556	0.0495959	0.0494451	0.0492769	0.0493718	0.0497835	0.0502968	0.0505778	0.0503348	0.0495433	0.0485158	0.0475999	0.0469342	0.0465206	0.0463253	0.0463014	0.0464094	0.046657	0.0470486	0.0474354	0.0476195	0.047606	0.0475335	0.0475038	0.0476064	0.047862	0.0480672	0.0479331	0.0474249	0.0468236	0.0464749	0.0465385	0.0469375	0.0475323	0.0482355	0.0488838	0.0492784	0.0494047	0.0493585	0.0491949	0.0489504	0.0486677	0.0484277	0.0483412	0.0484814	0.0488657	0.0494108	0.049941	0.0503121	0.0503939	0.0499858	0.0489468	0.0473262	0.0451987	0.042451	0.0388483	0.0342112	0.0284929	0.0218988	0.0150805	0.00905249	0.00465866	0.00206361	0.000812056	0.000300823	0.000115056	5.23102e-005	2.96152e-005	1.77108e-005	
2.8974e-005	4.73136e-005	6.96927e-005	0.000109201	0.000216742	0.000535743	0.0013897	0.00329738	0.00676078	0.011896	0.0182612	0.0250772	0.031572	0.0371384	0.0414105	0.0443873	0.0463362	0.0475104	0.048141	0.0485084	0.048704	0.0486202	0.0483909	0.048435	0.0489373	0.0496392	0.0501478	0.0502058	0.0498402	0.0493764	0.0491142	0.0490556	0.0490446	0.0490663	0.0492432	0.049467	0.0493813	0.048914	0.0484202	0.0481369	0.0478772	0.0474817	0.0472226	0.0474685	0.0482258	0.0491465	0.0496997	0.0494369	0.0484913	0.0475953	0.0473235	0.0476197	0.0480929	0.0484698	0.0487677	0.0491364	0.0495587	0.0498554	0.0499942	0.0500675	0.0500239	0.0497926	0.0495065	0.0493776	0.0494912	0.0497743	0.0500356	0.0499828	0.0494181	0.0485135	0.0476962	0.0472305	0.0470421	0.0469304	0.0468375	0.0468257	0.046921	0.0471043	0.0473064	0.0474229	0.0474227	0.0473418	0.0472475	0.0472914	0.047562	0.0478028	0.0476046	0.0469475	0.0462802	0.04609	0.046552	0.0474653	0.0484573	0.0492578	0.049719	0.0497786	0.0495456	0.0492046	0.0488619	0.0485799	0.0484353	0.0484919	0.0487273	0.0490545	0.0494011	0.0496771	0.0498238	0.049893	0.0498081	0.0492252	0.0479057	0.0459754	0.043599	0.0406021	0.0365834	0.031314	0.0249643	0.0181107	0.0116482	0.006491	0.00310279	0.00129349	0.0004973	0.000193269	8.50765e-005	4.66078e-005	2.96667e-005	1.81904e-005	
2.13074e-005	3.17262e-005	4.40612e-005	6.62497e-005	0.000124916	0.000299715	0.000798651	0.0020295	0.00453531	0.00871233	0.014485	0.0212617	0.0281866	0.0343993	0.0392794	0.0427336	0.0451002	0.0466548	0.0475125	0.0478993	0.0480553	0.0480717	0.0481097	0.0484226	0.0490099	0.0495703	0.0497858	0.049522	0.048995	0.0486978	0.0488747	0.0492823	0.0495979	0.0497864	0.0499407	0.0499357	0.0495526	0.0489345	0.0485115	0.0483777	0.0481224	0.0474971	0.046881	0.0467899	0.0473022	0.0480931	0.0486223	0.0484299	0.0476545	0.0469857	0.0469141	0.0473442	0.047901	0.0483487	0.0487569	0.0493136	0.0499547	0.0503772	0.0504707	0.0503976	0.0502558	0.049995	0.04959	0.049144	0.0488722	0.0489672	0.0493703	0.04965	0.0493452	0.0485375	0.0478172	0.0476107	0.047772	0.0478914	0.0478081	0.04765	0.0475145	0.0473832	0.0472532	0.0471985	0.047298	0.0474723	0.0475415	0.0475394	0.0476551	0.047761	0.0474899	0.0468689	0.0463882	0.0464735	0.0471906	0.0482815	0.0493406	0.0500714	0.0503413	0.0501252	0.0495897	0.0490249	0.0485902	0.048313	0.04828	0.0485859	0.049111	0.0495925	0.0498674	0.0498934	0.0497411	0.049564	0.0492607	0.0483817	0.046674	0.0443717	0.0417026	0.038401	0.0339224	0.0280698	0.0213073	0.0145454	0.00874303	0.00454611	0.00204003	0.000815188	0.000314667	0.000131986	6.69501e-005	4.19776e-005	2.8347e-005	1.72749e-005	
1.78185e-005	2.40178e-005	3.05582e-005	4.20675e-005	7.18064e-005	0.000161379	0.000433255	0.00117295	0.00286156	0.00602214	0.0108922	0.0171944	0.0241891	0.0308913	0.0364356	0.0405153	0.0433463	0.0451483	0.0460481	0.0464034	0.0466794	0.0471025	0.0477192	0.0484864	0.0491837	0.0495343	0.0494045	0.0488754	0.0483483	0.0483355	0.0488939	0.0495897	0.0500641	0.0503104	0.0504074	0.0502373	0.0496824	0.0490144	0.0486905	0.0486738	0.048394	0.04761	0.0468381	0.0466464	0.0470425	0.0476556	0.0480048	0.0477723	0.0471927	0.0468614	0.0470716	0.0476373	0.0482283	0.0486704	0.0490674	0.0496362	0.0503145	0.0507362	0.0507089	0.0504502	0.0502443	0.0500629	0.0496502	0.0489581	0.0483571	0.0483079	0.0488155	0.0492696	0.0490544	0.0482997	0.0477261	0.0477987	0.048317	0.0487752	0.0489026	0.0487735	0.0485008	0.0480935	0.0476422	0.0474292	0.047672	0.048145	0.0483449	0.0481507	0.0479077	0.0477467	0.0474566	0.0471084	0.0470947	0.0475863	0.0484359	0.0493978	0.0502111	0.0506803	0.0506935	0.0502197	0.0494816	0.0488655	0.0484822	0.0482005	0.0481207	0.0484912	0.0491947	0.0497916	0.0500047	0.0498687	0.0495749	0.0492556	0.0487013	0.0474367	0.0452956	0.0425802	0.0394782	0.0356571	0.0306017	0.0242882	0.0174499	0.0111696	0.00628533	0.00308622	0.00133892	0.000540825	0.000223942	0.000104967	5.89603e-005	3.90082e-005	2.65805e-005	1.58985e-005	
1.65357e-005	2.17968e-005	2.68713e-005	3.39363e-005	4.91288e-005	9.3825e-005	0.000235361	0.000653284	0.00171382	0.00393333	0.00774851	0.0132262	0.0199055	0.0268464	0.0330014	0.0377811	0.0411589	0.0432649	0.0443092	0.0448136	0.0453817	0.04628	0.0474492	0.0486298	0.0494428	0.0496514	0.0492969	0.0486464	0.0482096	0.0484353	0.0492085	0.050009	0.0504903	0.050654	0.0505981	0.0502827	0.0496748	0.0490819	0.0489252	0.0490392	0.0487585	0.0479459	0.0472848	0.0472986	0.0477644	0.0481816	0.0482096	0.0478092	0.0473309	0.0472153	0.0475564	0.048147	0.0487472	0.0491994	0.049544	0.0499839	0.0505229	0.0508308	0.0506628	0.0502464	0.0500092	0.0499592	0.0496672	0.0489527	0.0482395	0.0480823	0.0484753	0.0487868	0.048513	0.0479059	0.0476065	0.047913	0.0486396	0.0493999	0.049868	0.0499432	0.0496867	0.0491789	0.0486166	0.048389	0.048712	0.0492022	0.0492085	0.0486489	0.048068	0.0477832	0.0476445	0.0476818	0.0481549	0.049	0.0498855	0.0506038	0.0510711	0.0512004	0.0508941	0.050163	0.0493393	0.0488462	0.0486185	0.0483089	0.0480567	0.0483202	0.0490491	0.0496903	0.0498748	0.0496759	0.0493219	0.0488396	0.0479148	0.0461685	0.0436048	0.0405081	0.0368934	0.0323912	0.0267113	0.0201421	0.0135963	0.00810985	0.00425894	0.0019927	0.000866207	0.000377407	0.000177089	9.2224e-005	5.4454e-005	3.66225e-005	2.5302e-005	1.53787e-005	
1.56207e-005	2.1754e-005	2.8273e-005	3.52411e-005	4.38292e-005	6.43402e-005	0.000133516	0.000358281	0.00099078	0.00246184	0.00527195	0.0097486	0.0157646	0.0225755	0.0290825	0.034468	0.0384735	0.0411365	0.0426945	0.0436807	0.0446618	0.04591	0.0474048	0.0488524	0.0497899	0.0499719	0.0495327	0.0488486	0.0484601	0.0487506	0.0495411	0.0503185	0.05074	0.0507733	0.0505392	0.0501064	0.0495329	0.0491349	0.0492647	0.0496118	0.0494173	0.0486567	0.0481861	0.0484818	0.0490677	0.0492906	0.0489769	0.0483852	0.0479183	0.0478193	0.0480629	0.0485235	0.0490763	0.0495546	0.0498839	0.0501848	0.0505011	0.0506072	0.0503069	0.049812	0.0495505	0.0495556	0.0494165	0.0489317	0.0484218	0.0482794	0.0484396	0.0484696	0.0481851	0.0478928	0.0479182	0.0482799	0.0489075	0.0497	0.0503569	0.0506	0.0504458	0.050061	0.0496746	0.0495931	0.049872	0.0500462	0.0496018	0.0487031	0.0480466	0.0479493	0.0481481	0.0485229	0.0492359	0.0501728	0.0509719	0.0514758	0.0517052	0.0515945	0.0510222	0.0500927	0.0492762	0.0489599	0.0488799	0.048553	0.0481675	0.0482948	0.0489225	0.0494977	0.0496644	0.0494806	0.0490871	0.0483681	0.0469631	0.0446522	0.0416155	0.038091	0.0339242	0.028756	0.0225858	0.0160335	0.010088	0.00556647	0.00271056	0.00121035	0.000537943	0.000258328	0.000135	7.50454e-005	4.61096e-005	3.26674e-005	2.4221e-005	1.59404e-005	
1.4877e-005	2.19794e-005	3.02247e-005	3.82803e-005	4.38874e-005	5.10222e-005	8.13378e-005	0.000199574	0.000568962	0.00150759	0.00347303	0.00691994	0.012004	0.0182673	0.02474	0.0305411	0.0352506	0.0387579	0.0411756	0.042882	0.0443125	0.0457656	0.0473739	0.0489501	0.0500178	0.0502678	0.0498309	0.0491416	0.0487423	0.0489446	0.0495602	0.0501666	0.0504929	0.0504979	0.0502683	0.0498804	0.0494357	0.049276	0.049722	0.0503562	0.0503164	0.0496149	0.0492226	0.0496249	0.0502231	0.0502856	0.0497659	0.0491022	0.0486468	0.0484555	0.0484713	0.0486848	0.0490721	0.0494997	0.0498342	0.0500664	0.0501866	0.0500868	0.0497149	0.0492438	0.0489537	0.0488989	0.0488768	0.0487787	0.0487218	0.0487858	0.0488409	0.0487503	0.0486405	0.0487372	0.0489723	0.0491303	0.0493077	0.0497188	0.050182	0.050366	0.0502827	0.0501358	0.050076	0.0501945	0.050361	0.0501763	0.0494243	0.0484961	0.0480712	0.0483311	0.048864	0.0493968	0.050038	0.0507705	0.0513503	0.0516933	0.0518607	0.0517352	0.0511164	0.050158	0.0494029	0.0491745	0.0491276	0.0487937	0.0483813	0.0484156	0.0488538	0.049238	0.049343	0.049204	0.0487943	0.0478477	0.0459894	0.0431053	0.039459	0.0352877	0.0304563	0.0247445	0.0183923	0.012206	0.00710864	0.00360792	0.00162162	0.00068975	0.00031326	0.000162328	9.07123e-005	5.30267e-005	3.5253e-005	2.81929e-005	2.36933e-005	1.74664e-005	
1.43367e-005	2.13009e-005	2.95576e-005	3.75681e-005	4.18524e-005	4.33148e-005	5.62028e-005	0.000121515	0.000338864	0.000916819	0.00221281	0.00469518	0.0087116	0.0141197	0.0202324	0.0262688	0.0316918	0.0361435	0.0394821	0.041899	0.0437461	0.0453633	0.0470114	0.0486426	0.0498402	0.0502234	0.0498472	0.0491844	0.0487849	0.0488521	0.0491724	0.0494895	0.0497364	0.0499256	0.0500176	0.0499244	0.0496852	0.0496618	0.0502165	0.0509651	0.0510422	0.0504171	0.0500047	0.0502801	0.0507114	0.0506668	0.0501759	0.0496489	0.0492801	0.0490024	0.048788	0.0487084	0.0488121	0.0490682	0.0493797	0.0496118	0.04964	0.0494401	0.0490977	0.0487233	0.0484226	0.0482854	0.0483534	0.0486292	0.0490435	0.0494078	0.049567	0.0496196	0.0498366	0.0502677	0.0505487	0.0503595	0.0499392	0.0497354	0.0497457	0.0497013	0.0495902	0.0495735	0.0497151	0.0499423	0.0500411	0.0497681	0.0491365	0.0485564	0.0485213	0.0490531	0.0496909	0.0501265	0.0504724	0.0508432	0.0511517	0.0513766	0.051576	0.0515827	0.0511323	0.0503494	0.0497183	0.0494897	0.0493762	0.0490333	0.0486484	0.0485934	0.0487503	0.0487954	0.0487059	0.0485325	0.0480725	0.0469182	0.044694	0.0413078	0.03698	0.0319755	0.026389	0.0203133	0.0141777	0.00875083	0.0047002	0.00219079	0.000909726	0.000369201	0.000170695	9.41529e-005	5.63812e-005	3.62604e-005	2.80639e-005	2.63335e-005	2.48001e-005	1.97691e-005	
1.31876e-005	1.87976e-005	2.53051e-005	3.18108e-005	3.53847e-005	3.60822e-005	4.41044e-005	8.60344e-005	0.000217484	0.000556439	0.00134663	0.00300033	0.00596592	0.0103911	0.0159471	0.0220469	0.0280488	0.0332922	0.0373629	0.0403462	0.0426038	0.0444851	0.0462553	0.0479487	0.0492588	0.049789	0.0495126	0.0489207	0.0485649	0.0485288	0.048571	0.0486392	0.0489199	0.0494799	0.0500914	0.050419	0.0503666	0.0502717	0.0505688	0.0510848	0.0511612	0.0507011	0.0503267	0.0503684	0.0504904	0.0503601	0.0500751	0.0498418	0.0496337	0.0493452	0.0490048	0.0486987	0.0485033	0.0485137	0.0487349	0.0489705	0.0489997	0.0488238	0.0485796	0.0483258	0.0480857	0.0479745	0.0481459	0.0486491	0.0493272	0.0498889	0.0502143	0.0505164	0.0510475	0.0516832	0.0519258	0.0514678	0.0506355	0.049991	0.0496702	0.0494547	0.0492381	0.0491206	0.049208	0.0494312	0.0495747	0.049493	0.0492504	0.0491282	0.0494134	0.0500148	0.0505069	0.0506646	0.0506607	0.0507111	0.0508383	0.0510162	0.0512274	0.0512851	0.0509736	0.0504179	0.0499717	0.0497751	0.0496246	0.0493135	0.0489824	0.048811	0.0485898	0.0481325	0.0476357	0.0472106	0.0465335	0.0450973	0.0425417	0.0387573	0.0338508	0.0280998	0.021902	0.0157434	0.0101977	0.00581939	0.00288296	0.00124119	0.000481602	0.000189596	9.13055e-005	5.55568e-005	3.78486e-005	2.87459e-005	2.64911e-005	2.77263e-005	2.7214e-005	2.19022e-005	
1.11039e-005	1.51625e-005	1.97142e-005	2.44688e-005	2.74144e-005	2.86274e-005	3.57249e-005	6.58199e-005	0.000146341	0.000332635	0.000771296	0.00178327	0.00382574	0.00725234	0.0120832	0.0179735	0.0242334	0.0299689	0.0345803	0.0381051	0.040906	0.0432594	0.0453176	0.0471163	0.0484822	0.0491165	0.048981	0.0485366	0.0482879	0.0482334	0.0481401	0.0481219	0.0485385	0.049456	0.0504825	0.0511061	0.0511208	0.0507964	0.050605	0.0506559	0.0506315	0.0503946	0.0501644	0.0500268	0.049844	0.0496396	0.0495925	0.0496761	0.0496641	0.0494623	0.0491468	0.0487648	0.0483715	0.0481527	0.0482263	0.0484065	0.0484366	0.0483073	0.0481427	0.0480033	0.0479291	0.0480006	0.0483044	0.0488633	0.0495365	0.050085	0.0504702	0.0509217	0.0515986	0.0522837	0.0524872	0.0519585	0.0510492	0.0503356	0.049988	0.0497574	0.0494279	0.049103	0.0490474	0.0492862	0.0495799	0.0497483	0.0497954	0.0499023	0.0502696	0.0507667	0.0510253	0.0509335	0.0507254	0.0506567	0.0507797	0.0509856	0.0511183	0.0510019	0.0506012	0.0501491	0.0498828	0.0497888	0.0496854	0.0494583	0.049193	0.048892	0.0482814	0.0472931	0.0462636	0.0453525	0.0442191	0.0423472	0.0393971	0.0352448	0.0299312	0.0237639	0.0173777	0.011539	0.0068541	0.00358976	0.00164363	0.000662927	0.000247374	9.90034e-005	5.27142e-005	3.72411e-005	2.98398e-005	2.67024e-005	2.76787e-005	3.00478e-005	2.90506e-005	2.25829e-005	
9.0685e-006	1.2507e-005	1.6279e-005	2.01213e-005	2.23946e-005	2.3156e-005	2.81579e-005	4.81885e-005	9.50243e-005	0.000189796	0.000412146	0.000982691	0.00228654	0.00475563	0.0086675	0.0139384	0.0199722	0.0258502	0.0309245	0.0351445	0.0387281	0.0417768	0.0442807	0.0462306	0.0475995	0.0483088	0.0483997	0.0482293	0.0481738	0.0482022	0.0481327	0.0481502	0.0486537	0.0496799	0.0507875	0.05145	0.0514306	0.05091	0.0503232	0.0499631	0.0497885	0.049667	0.0495408	0.0493163	0.0489728	0.04876	0.0489151	0.0492707	0.0494752	0.0494388	0.0492616	0.0489539	0.0485331	0.0482185	0.0481849	0.0482633	0.0482106	0.0480378	0.0478791	0.0478403	0.0479925	0.0483093	0.0487101	0.0491692	0.0496312	0.0499954	0.0503105	0.0507565	0.0513934	0.0520156	0.0522293	0.0518129	0.0510564	0.0504768	0.0502168	0.0500034	0.0496099	0.0491987	0.0491447	0.0495109	0.0499908	0.0503103	0.0504025	0.0504401	0.0506637	0.0509773	0.0510661	0.0508882	0.0506917	0.0507002	0.0509131	0.0511073	0.0510232	0.050573	0.049966	0.049548	0.0494124	0.0493832	0.049301	0.0491371	0.0489221	0.0485261	0.0476668	0.046339	0.0448544	0.0433471	0.0415574	0.0390575	0.0355376	0.0309115	0.0253014	0.0191172	0.0130924	0.00801691	0.00435297	0.00208925	0.000890119	0.000343897	0.000129126	5.60962e-005	3.42894e-005	2.76796e-005	2.53678e-005	2.5915e-005	2.8884e-005	3.12752e-005	2.90614e-005	2.14985e-005	
7.96754e-006	1.18195e-005	1.58784e-005	1.94254e-005	2.08846e-005	2.03758e-005	2.23812e-005	3.36354e-005	5.86545e-005	0.000104569	0.000212597	0.000516665	0.00128817	0.00291581	0.00578766	0.0100468	0.015355	0.0210263	0.026498	0.0315437	0.0360611	0.0399001	0.0429148	0.0450695	0.0464872	0.0473509	0.0477987	0.0480098	0.0481813	0.0483221	0.0483561	0.0484538	0.0489239	0.0497694	0.0506389	0.0511566	0.0511379	0.0506525	0.0499846	0.0494234	0.049066	0.0488563	0.0486841	0.0484073	0.0480301	0.0478532	0.0481378	0.048692	0.0491132	0.0492881	0.0493286	0.0492409	0.0490042	0.0488034	0.0487872	0.0487713	0.0485557	0.0482367	0.0480182	0.0480502	0.0483836	0.0488528	0.0492148	0.0494212	0.0495443	0.0496444	0.0498206	0.0501614	0.0506578	0.0511901	0.0514932	0.0513215	0.0508051	0.0503348	0.0500409	0.0497454	0.0493498	0.0490577	0.0491879	0.0497386	0.0503584	0.0507211	0.0507241	0.0505811	0.0506243	0.0508122	0.0508365	0.0506593	0.0505258	0.0506061	0.0508048	0.0508198	0.0504153	0.049689	0.0490514	0.0488043	0.0487827	0.0486795	0.0484765	0.0483019	0.0481287	0.0477057	0.0467614	0.0452894	0.0434698	0.0413674	0.0388248	0.0355349	0.0312586	0.0260472	0.0202464	0.0144128	0.00922293	0.00523424	0.00262398	0.00117048	0.000473663	0.000181115	7.211e-005	3.57117e-005	2.44579e-005	2.1203e-005	2.1579e-005	2.48056e-005	2.90558e-005	3.07983e-005	2.72607e-005	1.92081e-005	
7.72625e-006	1.2325e-005	1.68047e-005	1.98524e-005	2.01915e-005	1.85389e-005	1.86957e-005	2.48338e-005	3.86039e-005	6.32586e-005	0.00012095	0.000284467	0.000714937	0.0016896	0.00357171	0.00664601	0.010904	0.0160503	0.0216991	0.0274341	0.0327874	0.0373493	0.0408745	0.0433307	0.0449666	0.046163	0.0470948	0.0477259	0.048082	0.048283	0.0484304	0.0486494	0.0490564	0.0495871	0.0500587	0.0503714	0.0504887	0.0503542	0.0499516	0.0493851	0.048836	0.0484325	0.0481495	0.0478304	0.0474251	0.0472034	0.0474724	0.0481034	0.048687	0.0490744	0.0493858	0.0496354	0.0497385	0.0497816	0.0498569	0.0497885	0.0494286	0.0489463	0.0486166	0.0486275	0.0489973	0.0494465	0.0496196	0.0494787	0.0492359	0.0490816	0.0491003	0.0492811	0.0496022	0.0500627	0.0505154	0.0506578	0.050403	0.0499851	0.0495688	0.0491456	0.0487756	0.0486588	0.0489797	0.0496532	0.0503373	0.0507072	0.0506514	0.0504315	0.0504505	0.0506579	0.0506645	0.0504115	0.0501992	0.0501878	0.0501962	0.0499112	0.0492331	0.0484665	0.0481022	0.0482248	0.0483234	0.0480153	0.0475538	0.0473024	0.0471609	0.0467184	0.0456826	0.0440358	0.0418676	0.0391954	0.0359107	0.0317975	0.0267495	0.0210386	0.0152658	0.0100879	0.00599193	0.00316888	0.00149292	0.000635973	0.000252635	9.96608e-005	4.48038e-005	2.66184e-005	2.00839e-005	1.77029e-005	1.8918e-005	2.32496e-005	2.76461e-005	2.83017e-005	2.38007e-005	1.6056e-005	
7.96012e-006	1.31034e-005	1.77229e-005	1.99587e-005	1.89765e-005	1.64536e-005	1.59686e-005	2.00735e-005	2.94051e-005	4.68082e-005	8.53572e-005	0.000180338	0.000410837	0.000937751	0.00203154	0.00401813	0.00714384	0.0114755	0.016844	0.0227877	0.028653	0.033848	0.0379785	0.0409285	0.0429891	0.0446637	0.0461398	0.0471969	0.0477147	0.0479406	0.048197	0.0485863	0.0489949	0.049242	0.0492975	0.0493793	0.0496938	0.0501091	0.0502261	0.0498392	0.0492003	0.0486842	0.0483591	0.0480095	0.0475128	0.047137	0.0472729	0.0478737	0.0485355	0.0490826	0.0496357	0.0501953	0.0505886	0.0507953	0.0509093	0.0508455	0.0504807	0.0499315	0.0494645	0.0493177	0.0495373	0.0498155	0.0497509	0.0493132	0.0488021	0.0484711	0.0483475	0.048343	0.0484723	0.0488624	0.0494616	0.0498972	0.0498812	0.04955	0.0491407	0.0487199	0.0483626	0.0482625	0.0485804	0.0492339	0.0499217	0.0503328	0.0503449	0.0502297	0.0503824	0.0506701	0.0506127	0.0501865	0.0498077	0.049644	0.049435	0.0488958	0.0480838	0.0474532	0.0474799	0.0479906	0.0481587	0.0475708	0.0467764	0.0463782	0.0461973	0.0456371	0.044349	0.042336	0.039696	0.0364384	0.0324629	0.0276445	0.0220684	0.0162198	0.0108416	0.00655429	0.00358246	0.0017753	0.000803448	0.00033736	0.00013606	5.81685e-005	3.21162e-005	2.43093e-005	2.07878e-005	1.85272e-005	1.89879e-005	2.22517e-005	2.51492e-005	2.42778e-005	1.92793e-005	1.24727e-005	
8.48499e-006	1.3873e-005	1.85625e-005	2.02817e-005	1.82962e-005	1.49575e-005	1.3901e-005	1.68332e-005	2.39685e-005	3.79616e-005	6.66041e-005	0.000124024	0.000240267	0.000493875	0.00105949	0.00222213	0.00431717	0.00760994	0.0121448	0.0176433	0.0235742	0.0293029	0.0341896	0.0378461	0.0404758	0.0426698	0.0446734	0.0461615	0.0468992	0.0472236	0.0476387	0.0482385	0.0487263	0.0488213	0.0485857	0.0484595	0.0488778	0.0497411	0.0503925	0.0503462	0.0498569	0.0494423	0.0491789	0.0487843	0.0481493	0.0476132	0.0476232	0.0481646	0.0488503	0.0494939	0.0501825	0.0508674	0.05131	0.0514568	0.0514941	0.0514849	0.0512835	0.0508298	0.0502915	0.0499341	0.0498811	0.0499169	0.0496781	0.0490927	0.0484371	0.0479844	0.0477425	0.0475838	0.0475511	0.0478688	0.0485573	0.0491877	0.0493545	0.0492053	0.0490502	0.0488528	0.0485203	0.0482694	0.0483992	0.0489194	0.0495677	0.0500379	0.050189	0.0502379	0.0504832	0.0507257	0.0505189	0.0499501	0.0495145	0.049337	0.0490741	0.0484487	0.0475974	0.0470463	0.0472711	0.047956	0.0480751	0.0471891	0.0460384	0.0453888	0.0450156	0.044179	0.0424628	0.0399001	0.0366432	0.0327288	0.0281093	0.0228253	0.0171767	0.0117469	0.00720187	0.00395947	0.00198847	0.000937702	0.000422585	0.000182823	7.86145e-005	3.91266e-005	2.78194e-005	2.60415e-005	2.52343e-005	2.36578e-005	2.29625e-005	2.36608e-005	2.36061e-005	2.07204e-005	1.54358e-005	9.70233e-006	
9.16773e-006	1.45302e-005	1.93665e-005	2.12745e-005	1.9146e-005	1.53413e-005	1.36519e-005	1.55461e-005	2.07329e-005	3.0749e-005	4.95543e-005	8.10721e-005	0.000133233	0.000241336	0.000508581	0.00113548	0.00240364	0.00460649	0.00794887	0.0124611	0.0179454	0.0238795	0.0294071	0.033795	0.0370604	0.0398136	0.0423463	0.0442961	0.0453917	0.0460227	0.0467454	0.0475973	0.048205	0.0483137	0.048054	0.047895	0.048316	0.0492946	0.0501976	0.0504848	0.0503448	0.0502167	0.0500783	0.0496418	0.0489145	0.0483055	0.0482236	0.048666	0.0493367	0.0500557	0.0507987	0.0514212	0.0516828	0.0515962	0.0514706	0.0514972	0.0515076	0.0512773	0.0508423	0.0504121	0.0501461	0.0499797	0.0496488	0.0490046	0.0482292	0.0476268	0.0472823	0.0470814	0.0470331	0.0473457	0.0480534	0.0487447	0.0490396	0.0491446	0.0493753	0.0495194	0.0492823	0.0488981	0.0488219	0.0491768	0.0497413	0.0502121	0.0504322	0.0505295	0.0506731	0.0506798	0.0502778	0.0496729	0.0493316	0.0493004	0.0491885	0.048684	0.0478659	0.0472472	0.0473647	0.0479275	0.0478595	0.0466902	0.0451926	0.0441762	0.04341	0.0420973	0.0397841	0.0365304	0.0325493	0.0279507	0.0228282	0.017448	0.0122656	0.0077841	0.0043909	0.00220886	0.00103249	0.000479175	0.000227317	0.000108159	5.37882e-005	3.31395e-005	2.83039e-005	2.92965e-005	3.07157e-005	3.06424e-005	2.95322e-005	2.76548e-005	2.4268e-005	1.92555e-005	1.37622e-005	8.85977e-006	
9.65471e-006	1.46967e-005	1.95158e-005	2.19908e-005	2.06154e-005	1.72819e-005	1.57495e-005	1.74248e-005	2.12794e-005	2.71974e-005	3.66719e-005	5.03639e-005	6.98054e-005	0.000111633	0.00023223	0.000546895	0.00123097	0.0025117	0.00465807	0.00793975	0.0124852	0.0180012	0.0236422	0.0285103	0.0324278	0.0358617	0.0390161	0.0415237	0.0431786	0.0443794	0.0455689	0.0466829	0.0474087	0.0476626	0.0476464	0.0477051	0.0481559	0.0489925	0.0497955	0.0502057	0.0503525	0.0504774	0.0504622	0.0501025	0.0495004	0.0489735	0.0487751	0.048984	0.0495496	0.0503414	0.051136	0.0516378	0.051664	0.0513444	0.0510428	0.0509996	0.0510914	0.0510742	0.0509008	0.0506555	0.0504252	0.0502126	0.0498386	0.0491285	0.0482109	0.0474364	0.0470137	0.0468997	0.0470341	0.0474631	0.0481367	0.0487581	0.0491166	0.0494364	0.049944	0.0503399	0.0502459	0.0498411	0.0496088	0.0497787	0.0502133	0.0506109	0.0507904	0.0508167	0.0507669	0.0505128	0.0499677	0.0493958	0.0491699	0.0492938	0.0494073	0.0491611	0.048499	0.0478301	0.0477044	0.0479221	0.0475123	0.0460413	0.0442126	0.0427516	0.041406	0.0393921	0.0362915	0.0322341	0.0275258	0.0224034	0.0171373	0.0121497	0.00788804	0.00462453	0.00241086	0.00112305	0.000498746	0.000236547	0.000124181	6.90055e-005	4.25256e-005	3.23997e-005	3.04868e-005	3.21898e-005	3.44709e-005	3.55099e-005	3.46649e-005	3.14419e-005	2.58664e-005	1.94739e-005	1.40199e-005	9.67803e-006	
9.51177e-006	1.40146e-005	1.84023e-005	2.11124e-005	2.07845e-005	1.88877e-005	1.86584e-005	2.11333e-005	2.46801e-005	2.80103e-005	3.13944e-005	3.51243e-005	3.99542e-005	5.43587e-005	0.000106605	0.000252903	0.000581951	0.00123566	0.00244995	0.00455865	0.00786225	0.0123316	0.0174087	0.0223394	0.0268138	0.0309872	0.0348403	0.0380261	0.0404459	0.0424158	0.0441442	0.0454945	0.046341	0.0468209	0.047177	0.047597	0.0481822	0.0488646	0.049417	0.0497031	0.0498365	0.0499459	0.0499824	0.0499033	0.0497504	0.0495061	0.0491828	0.0490339	0.0493819	0.0502006	0.051052	0.0514829	0.0513895	0.050989	0.0505889	0.050393	0.0503822	0.0504339	0.0505088	0.0505923	0.0506435	0.0505919	0.0502653	0.049531	0.0485428	0.0476733	0.0472097	0.0472061	0.0475693	0.048139	0.0487245	0.0491799	0.0495056	0.0498778	0.0504007	0.0508276	0.050817	0.050416	0.0500301	0.0500026	0.0503062	0.0506154	0.0507124	0.0506698	0.050555	0.0502551	0.0497363	0.0492328	0.0490401	0.0491941	0.0494238	0.0493846	0.0489392	0.0483563	0.0480366	0.0477977	0.046902	0.0450865	0.0429512	0.0410143	0.0389432	0.0360287	0.0320066	0.0271598	0.0219248	0.0166773	0.0117946	0.00767134	0.00456183	0.00246294	0.00119237	0.000520625	0.000223355	0.00011079	6.63601e-005	4.4967e-005	3.51505e-005	3.20236e-005	3.21172e-005	3.35261e-005	3.49447e-005	3.5729e-005	3.53149e-005	3.24013e-005	2.66303e-005	2.00637e-005	1.48673e-005	1.083e-005	
8.73591e-006	1.28125e-005	1.65715e-005	1.88931e-005	1.91848e-005	1.89281e-005	2.03877e-005	2.37797e-005	2.73976e-005	2.98654e-005	3.0846e-005	3.02774e-005	2.88735e-005	3.14419e-005	5.18617e-005	0.000116084	0.000264972	0.00057252	0.00118905	0.00237421	0.00444102	0.00756696	0.0115993	0.016129	0.0208184	0.0255028	0.0299469	0.0338517	0.0371701	0.040027	0.0423588	0.0440106	0.0450799	0.0458747	0.0466339	0.0474376	0.0482332	0.0488601	0.0491837	0.0492113	0.0490511	0.0488505	0.0488103	0.0490974	0.0495591	0.0497188	0.049354	0.0489116	0.0490386	0.0497995	0.0506398	0.0510578	0.0510193	0.0507312	0.050358	0.0500276	0.0498346	0.0498096	0.0499548	0.0502359	0.0505677	0.0507947	0.0506837	0.0501082	0.0492388	0.0484298	0.0479714	0.0479871	0.048406	0.0489536	0.0493622	0.0496128	0.0498309	0.0500992	0.0504363	0.0507166	0.0506728	0.0502252	0.0497055	0.0495395	0.0497507	0.0499754	0.0499949	0.0499557	0.0499707	0.0498869	0.0495788	0.0491778	0.0489523	0.0490292	0.0492134	0.0491695	0.048789	0.0482735	0.047777	0.0470325	0.0455843	0.0434209	0.0410118	0.0385736	0.0356658	0.0317545	0.026872	0.0215181	0.0162275	0.0114144	0.00740678	0.00440785	0.00240849	0.0012084	0.0005514	0.000230155	9.75032e-005	5.18298e-005	3.63235e-005	3.02573e-005	2.88069e-005	2.98379e-005	3.14333e-005	3.22766e-005	3.21403e-005	3.20188e-005	3.21303e-005	3.05993e-005	2.60665e-005	2.01447e-005	1.51618e-005	1.11499e-005	
7.82167e-006	1.17919e-005	1.50648e-005	1.66966e-005	1.70716e-005	1.80156e-005	2.07085e-005	2.43168e-005	2.75063e-005	2.9784e-005	3.06004e-005	2.8907e-005	2.4956e-005	2.23247e-005	2.91317e-005	5.89253e-005	0.000131182	0.00027691	0.000563269	0.00113549	0.00223214	0.00411949	0.00694996	0.010654	0.0149897	0.0196665	0.0243854	0.0289045	0.0331205	0.0369016	0.0399562	0.0421374	0.0436806	0.0449445	0.0461353	0.0473064	0.0483327	0.0489621	0.0491055	0.0488789	0.0483772	0.0477727	0.0475172	0.0479806	0.0488588	0.0493572	0.0491267	0.0486951	0.0487723	0.0494087	0.050103	0.0504996	0.050624	0.050562	0.0502952	0.0498863	0.0495319	0.0493687	0.049392	0.049578	0.0499362	0.0503637	0.0505815	0.0503806	0.0498621	0.0493059	0.0489347	0.0488799	0.0491198	0.0494074	0.0495372	0.0495991	0.0497323	0.0499035	0.0500726	0.0501956	0.0500613	0.0495543	0.04899	0.0487798	0.0488977	0.0489976	0.0489564	0.0489906	0.0492128	0.0494071	0.0493338	0.0490284	0.0487807	0.0488082	0.0489077	0.0486781	0.0480834	0.0473873	0.0465737	0.0452633	0.0432199	0.0406493	0.0378914	0.0348843	0.0311357	0.0263773	0.0209988	0.0156919	0.0109741	0.00712027	0.00425344	0.00234514	0.00120801	0.000584275	0.000261393	0.00010859	4.77541e-005	2.83463e-005	2.27254e-005	2.13042e-005	2.23886e-005	2.50404e-005	2.74856e-005	2.81405e-005	2.72486e-005	2.67114e-005	2.72288e-005	2.68827e-005	2.38348e-005	1.89904e-005	1.4381e-005	1.03966e-005	
7.1064e-006	1.0974e-005	1.3805e-005	1.48565e-005	1.5225e-005	1.69039e-005	2.01875e-005	2.33666e-005	2.54975e-005	2.73083e-005	2.86805e-005	2.7739e-005	2.38021e-005	1.97513e-005	2.15258e-005	3.73713e-005	7.70073e-005	0.000149746	0.000272986	0.000506601	0.000997652	0.0019875	0.00373427	0.00636896	0.00982634	0.0139309	0.0184942	0.0233311	0.0282162	0.0327828	0.036608	0.0395619	0.041873	0.0437844	0.0454313	0.0469266	0.0481707	0.0488486	0.0488978	0.0485458	0.0478899	0.0470502	0.0465514	0.0468837	0.0477733	0.048436	0.0485457	0.0485097	0.0487648	0.0492386	0.0496416	0.0499221	0.0501702	0.0503062	0.0501468	0.0497174	0.0492799	0.049009	0.0488414	0.0487354	0.0488365	0.049218	0.0496632	0.0499015	0.049913	0.0498115	0.0496542	0.0495191	0.0494588	0.0493635	0.0491831	0.0491009	0.049228	0.0494355	0.0496112	0.0496886	0.0494786	0.0489357	0.0484142	0.0482278	0.0482365	0.0481789	0.0481068	0.0482541	0.0486342	0.0489671	0.0489748	0.0486775	0.0484193	0.0484628	0.0485219	0.0480637	0.0470659	0.0458981	0.044531	0.0425368	0.0397797	0.0365869	0.0332588	0.0296321	0.0252725	0.0201603	0.0149237	0.0103	0.00665557	0.00401505	0.00225775	0.00120093	0.000620109	0.000310264	0.000144557	6.2907e-005	3.02222e-005	1.98526e-005	1.63639e-005	1.51285e-005	1.61354e-005	1.89363e-005	2.16574e-005	2.2618e-005	2.21074e-005	2.1804e-005	2.22675e-005	2.21061e-005	1.99761e-005	1.63549e-005	1.25534e-005	8.96136e-006	
6.32785e-006	9.73575e-006	1.20521e-005	1.2881e-005	1.34097e-005	1.52713e-005	1.83524e-005	2.07673e-005	2.18091e-005	2.299e-005	2.50012e-005	2.59231e-005	2.4071e-005	2.10226e-005	2.10006e-005	2.89802e-005	4.95344e-005	8.42686e-005	0.000133117	0.000214717	0.000405356	0.000865697	0.0018114	0.00342402	0.00579425	0.00895717	0.0129109	0.0175514	0.0225935	0.0275646	0.0320157	0.035816	0.0390574	0.0417358	0.0438637	0.0456447	0.0470948	0.047911	0.0480406	0.0477823	0.0472581	0.046506	0.0459491	0.0460672	0.0467369	0.0474377	0.0479743	0.0485044	0.0490164	0.0492875	0.0493064	0.0493521	0.0495793	0.0497843	0.0496945	0.0493325	0.0489661	0.0487328	0.0484853	0.0481209	0.0478514	0.0479343	0.0483303	0.0488417	0.0493714	0.0498089	0.0499637	0.0498182	0.0495199	0.0491448	0.0487744	0.0486095	0.0487331	0.0489983	0.0492456	0.0493296	0.0490627	0.0485133	0.0480964	0.0480071	0.0479737	0.0478104	0.04773	0.0479625	0.0484079	0.0487291	0.0486439	0.0482013	0.0478027	0.0477283	0.0476506	0.0469555	0.0455352	0.0437481	0.0416337	0.0388341	0.0352552	0.0312742	0.0272666	0.0231679	0.0186798	0.0139092	0.00948488	0.00598942	0.00356539	0.00202857	0.00111876	0.000615949	0.000346769	0.000192204	9.7975e-005	4.67935e-005	2.48789e-005	1.67896e-005	1.30037e-005	1.12571e-005	1.19906e-005	1.45603e-005	1.7076e-005	1.82425e-005	1.84335e-005	1.86832e-005	1.90397e-005	1.85077e-005	1.64439e-005	1.33637e-005	1.01612e-005	7.12062e-006	
5.07807e-006	7.8107e-006	9.83003e-006	1.09095e-005	1.16393e-005	1.29503e-005	1.49342e-005	1.64232e-005	1.69529e-005	1.79924e-005	2.06467e-005	2.3551e-005	2.46313e-005	2.38992e-005	2.34441e-005	2.57679e-005	3.30527e-005	4.59401e-005	6.2842e-005	8.9068e-005	0.000159417	0.000358644	0.000815875	0.00167526	0.00308622	0.00521325	0.00819368	0.0120432	0.0165756	0.0214068	0.0261479	0.0306233	0.0347271	0.0381953	0.0408857	0.0430207	0.0447362	0.0458322	0.0462768	0.04636	0.0462192	0.0458538	0.0455459	0.0456702	0.0462055	0.0468951	0.0476956	0.0485884	0.0492303	0.049304	0.0490016	0.0488085	0.0489114	0.0490584	0.0489826	0.0487465	0.0485985	0.0485953	0.048493	0.0480938	0.0475816	0.0473138	0.0474305	0.0478879	0.0486156	0.0493805	0.0498151	0.0497893	0.0494865	0.0491146	0.0487898	0.0486147	0.0486315	0.0487674	0.0489177	0.0489287	0.0486321	0.0481586	0.047915	0.0479834	0.0480047	0.0478258	0.0477211	0.0479186	0.0482989	0.0485109	0.0482348	0.0474993	0.0467145	0.0461822	0.0456611	0.044609	0.0428009	0.0404181	0.0375284	0.033942	0.0296534	0.0250638	0.0206397	0.0164811	0.0124304	0.00858523	0.00537044	0.00309178	0.00169643	0.000925871	0.000524721	0.000319853	0.000206605	0.00013015	7.5212e-005	4.15985e-005	2.4715e-005	1.64944e-005	1.20167e-005	1.03332e-005	1.13539e-005	1.37202e-005	1.55945e-005	1.63739e-005	1.68133e-005	1.76263e-005	1.83571e-005	1.77388e-005	1.51671e-005	1.1458e-005	7.91315e-006	5.08865e-006	
3.45136e-006	5.56717e-006	7.57704e-006	9.10974e-006	9.94897e-006	1.04426e-005	1.11425e-005	1.18901e-005	1.25148e-005	1.39165e-005	1.7003e-005	2.11785e-005	2.48786e-005	2.69575e-005	2.70645e-005	2.56955e-005	2.46877e-005	2.62021e-005	3.06568e-005	3.98853e-005	6.8365e-005	0.000154468	0.000361696	0.0007763	0.00151873	0.00275112	0.00464638	0.00733424	0.0108303	0.0149737	0.0195036	0.0242093	0.0288381	0.0329594	0.0362817	0.038936	0.0411029	0.0427037	0.0437169	0.0443532	0.0447491	0.0449274	0.0450886	0.0454936	0.0461049	0.0467512	0.0474945	0.0483598	0.0489774	0.0490101	0.0486649	0.04842	0.0484329	0.0484694	0.0483415	0.0481833	0.0482432	0.0485343	0.0487491	0.0485783	0.0480989	0.0476567	0.047462	0.0475685	0.0480059	0.0486417	0.0491655	0.0493823	0.0493693	0.0492969	0.049209	0.0490672	0.0488829	0.0487011	0.048557	0.0484155	0.048179	0.0479217	0.0478851	0.0480439	0.0480816	0.0478976	0.0477079	0.0476941	0.0478093	0.047774	0.0472395	0.0461535	0.0448462	0.0436084	0.0423486	0.0407146	0.0384476	0.0355327	0.0320103	0.0278766	0.0232743	0.0186076	0.014332	0.0106307	0.0074344	0.00475455	0.00274706	0.00146338	0.000756645	0.000408563	0.000246429	0.000169087	0.000124464	8.97021e-005	6.10631e-005	4.05149e-005	2.71067e-005	1.84324e-005	1.34692e-005	1.21448e-005	1.35576e-005	1.56103e-005	1.66225e-005	1.66188e-005	1.66733e-005	1.75111e-005	1.85868e-005	1.82108e-005	1.52469e-005	1.0593e-005	6.25435e-006	3.33575e-006	
1.94606e-006	3.49147e-006	5.34278e-006	6.98985e-006	7.83741e-006	7.98866e-006	8.15607e-006	8.72581e-006	9.75989e-006	1.16152e-005	1.4808e-005	1.95026e-005	2.51319e-005	2.99103e-005	3.11638e-005	2.77082e-005	2.20858e-005	1.86202e-005	1.92279e-005	2.39688e-005	3.77161e-005	7.6747e-005	0.000170269	0.000361134	0.00071357	0.00132293	0.0023233	0.00389063	0.0061918	0.00927339	0.0130375	0.0173301	0.0218921	0.0262632	0.0300639	0.0333089	0.036155	0.0385466	0.0403629	0.0416815	0.0426664	0.0434196	0.0441103	0.0449212	0.0457432	0.0463425	0.0468346	0.0474639	0.0480675	0.0483169	0.0482691	0.048234	0.048291	0.0482548	0.0480485	0.0478765	0.0480059	0.0484843	0.0490209	0.0491987	0.048933	0.0484979	0.048101	0.0477969	0.047675	0.0478114	0.0481636	0.0486098	0.0490531	0.0494344	0.0496257	0.0495031	0.0491178	0.0486226	0.0481776	0.0479206	0.0478567	0.0479049	0.0480106	0.0480586	0.0479158	0.0476065	0.0472309	0.0468526	0.0464978	0.0460287	0.0451478	0.0437308	0.0419648	0.0400559	0.0379928	0.0356012	0.0327136	0.029284	0.025367	0.0210953	0.0167237	0.0126031	0.00905304	0.00620826	0.00401486	0.00239515	0.00130964	0.000675005	0.000349405	0.000196741	0.000126849	9.38927e-005	7.64582e-005	6.35571e-005	5.13361e-005	3.98026e-005	2.95672e-005	2.14404e-005	1.64985e-005	1.52087e-005	1.64151e-005	1.78673e-005	1.81687e-005	1.75333e-005	1.68157e-005	1.67547e-005	1.73046e-005	1.69768e-005	1.41933e-005	9.47331e-006	4.98418e-006	2.15744e-006	
9.11505e-007	1.86928e-006	3.18361e-006	4.44726e-006	5.20702e-006	5.54464e-006	5.98607e-006	6.97085e-006	8.66225e-006	1.10237e-005	1.42119e-005	1.89513e-005	2.55584e-005	3.20021e-005	3.41056e-005	2.9649e-005	2.19197e-005	1.67789e-005	1.67125e-005	2.03774e-005	2.79981e-005	4.61788e-005	8.83476e-005	0.000173047	0.000324899	0.000583468	0.0010278	0.00180423	0.00310102	0.00505524	0.00770262	0.0110149	0.0148466	0.0188416	0.0226574	0.0262759	0.0298203	0.0331415	0.0358841	0.0379446	0.039542	0.0408777	0.0420906	0.0433057	0.0443716	0.0449947	0.0453352	0.0458602	0.0466109	0.0472496	0.0476702	0.0480088	0.0482564	0.048263	0.0480382	0.0478253	0.0479125	0.0484335	0.0491687	0.0496112	0.0495089	0.0490834	0.0485825	0.0480447	0.0475023	0.0471161	0.0471219	0.0476223	0.0484417	0.0492227	0.0496068	0.0494544	0.0489241	0.0482504	0.0476535	0.0473912	0.0475319	0.0478183	0.0479125	0.047654	0.0471396	0.0465494	0.0458848	0.0450686	0.0441498	0.0431279	0.0418058	0.0400386	0.0378952	0.035472	0.0327395	0.0296178	0.0261022	0.0222915	0.0183301	0.0144036	0.0107585	0.00762078	0.00511858	0.00326465	0.00197319	0.00112423	0.000608092	0.00032235	0.000176761	0.000106028	7.15286e-005	5.56532e-005	4.99246e-005	4.71655e-005	4.2899e-005	3.66414e-005	2.98594e-005	2.39332e-005	1.97542e-005	1.78873e-005	1.79066e-005	1.83554e-005	1.81776e-005	1.72516e-005	1.57717e-005	1.43729e-005	1.37278e-005	1.31061e-005	1.09645e-005	7.26328e-006	3.64439e-006	1.38762e-006	
3.51894e-007	8.11591e-007	1.49074e-006	2.20048e-006	2.78179e-006	3.36792e-006	4.32288e-006	6.04206e-006	8.60566e-006	1.15329e-005	1.46252e-005	1.88937e-005	2.51583e-005	3.14617e-005	3.34054e-005	2.87795e-005	2.11496e-005	1.64289e-005	1.67208e-005	1.98378e-005	2.40659e-005	3.1792e-005	4.88956e-005	8.24272e-005	0.000140373	0.000237655	0.000413931	0.000755056	0.00138744	0.00243467	0.00398765	0.0061127	0.00879618	0.0118618	0.0151204	0.0186155	0.0224721	0.0264537	0.0299865	0.0327784	0.0350351	0.0369876	0.03872	0.0403092	0.0416239	0.0424123	0.0428926	0.0436175	0.0446792	0.045718	0.0465657	0.0472817	0.0478083	0.0480143	0.0479256	0.047751	0.0477786	0.0482382	0.0489995	0.0495168	0.0494293	0.0489381	0.0483768	0.0478203	0.0471912	0.0465486	0.0462391	0.0466041	0.0475279	0.0484627	0.0488749	0.0486338	0.0479865	0.0472266	0.0466084	0.0464182	0.0466915	0.0470235	0.046926	0.0462734	0.0453504	0.0444373	0.0434558	0.0422126	0.0407527	0.0391652	0.037327	0.0351038	0.0325366	0.0296834	0.0264921	0.0229317	0.0191435	0.0153829	0.0118584	0.00871268	0.0060787	0.0040318	0.00254697	0.00153813	0.000896799	0.000512879	0.000291889	0.000165967	9.55097e-005	5.84583e-005	4.07802e-005	3.45733e-005	3.44869e-005	3.51953e-005	3.37452e-005	3.06732e-005	2.76687e-005	2.5106e-005	2.23688e-005	1.96942e-005	1.79092e-005	1.69665e-005	1.61636e-005	1.48979e-005	1.28514e-005	1.054e-005	8.97778e-006	8.07744e-006	6.68973e-006	4.43809e-006	2.20109e-006	7.97804e-007	
1.08333e-007	2.71084e-007	5.25534e-007	8.32167e-007	1.21741e-006	1.89234e-006	3.2458e-006	5.64579e-006	8.89675e-006	1.20794e-005	1.47979e-005	1.81754e-005	2.3161e-005	2.80228e-005	2.90885e-005	2.5009e-005	1.92383e-005	1.64871e-005	1.77462e-005	2.03727e-005	2.2172e-005	2.40697e-005	2.88277e-005	3.90338e-005	5.78091e-005	9.22618e-005	0.000160437	0.000300121	0.000571274	0.00104664	0.00180326	0.00292494	0.00447123	0.00642443	0.00876209	0.0116092	0.0151245	0.0191017	0.0229412	0.0262485	0.0291049	0.0316396	0.0338622	0.0358217	0.0374458	0.0385897	0.0395031	0.0406669	0.042102	0.043449	0.0445693	0.0455323	0.0463169	0.0468509	0.0471128	0.0471545	0.0471851	0.0475093	0.0481181	0.0485354	0.0484013	0.0478842	0.0473356	0.0468857	0.0464182	0.0458491	0.0454499	0.045634	0.0463728	0.04713	0.0473717	0.0469714	0.0461745	0.0453179	0.0447034	0.0445695	0.0448306	0.044988	0.0445567	0.0435185	0.0422771	0.041127	0.0398942	0.0382814	0.0363223	0.034176	0.0317823	0.0290412	0.0260342	0.0228652	0.0195206	0.0160195	0.012563	0.00942587	0.00676792	0.00462613	0.00300263	0.00186433	0.00112114	0.00066301	0.000396239	0.000246258	0.000156475	9.57412e-005	5.54778e-005	3.3405e-005	2.45344e-005	2.31768e-005	2.45854e-005	2.53978e-005	2.4813e-005	2.4059e-005	2.42366e-005	2.4652e-005	2.35845e-005	2.07639e-005	1.76565e-005	1.53135e-005	1.34933e-005	1.15138e-005	9.04008e-006	6.52184e-006	4.78328e-006	3.89436e-006	3.12626e-006	2.06744e-006	1.02337e-006	3.65721e-007	
2.54141e-008	6.71151e-008	1.38512e-007	2.55439e-007	5.18898e-007	1.21998e-006	2.82174e-006	5.5763e-006	8.94873e-006	1.18675e-005	1.40819e-005	1.6704e-005	2.05017e-005	2.39846e-005	2.44382e-005	2.14541e-005	1.81749e-005	1.78252e-005	2.01867e-005	2.23706e-005	2.23508e-005	2.10242e-005	2.05295e-005	2.20725e-005	2.68399e-005	3.83432e-005	6.43521e-005	0.000118914	0.000224433	0.000411596	0.000719768	0.00120556	0.00193945	0.00297876	0.00438832	0.00632255	0.00896328	0.0122257	0.0156881	0.0190036	0.0221133	0.0249854	0.0275624	0.0298802	0.0319115	0.0335856	0.0351079	0.0368003	0.038595	0.0401703	0.0414333	0.0424867	0.043424	0.0443049	0.0450506	0.0454681	0.0455896	0.0457509	0.0460985	0.0463393	0.0462146	0.0458219	0.0453994	0.0450959	0.0448641	0.0445749	0.0443395	0.0444367	0.0448552	0.0452231	0.0451608	0.0445399	0.0435475	0.0425614	0.0419126	0.0417119	0.041725	0.0414698	0.040609	0.0392459	0.0377955	0.0364886	0.0350633	0.0331403	0.0307306	0.0280638	0.0251934	0.0221054	0.0189248	0.0157909	0.0127406	0.00982644	0.00720719	0.00504483	0.00338236	0.00216525	0.00132197	0.000782038	0.000462821	0.000284368	0.000188665	0.000135363	9.65236e-005	6.23602e-005	3.68508e-005	2.31851e-005	1.85266e-005	1.81215e-005	1.85264e-005	1.84951e-005	1.85821e-005	1.95253e-005	2.12429e-005	2.28135e-005	2.28623e-005	2.07943e-005	1.75098e-005	1.4248e-005	1.13891e-005	8.67276e-006	5.97224e-006	3.64992e-006	2.16677e-006	1.47402e-006	1.09624e-006	7.12062e-007	3.5125e-007	1.24968e-007	
4.4e-009	1.22777e-008	3.0104e-008	8.58054e-008	3.0364e-007	1.0146e-006	2.68268e-006	5.38901e-006	8.41839e-006	1.09163e-005	1.29461e-005	1.53469e-005	1.84847e-005	2.12546e-005	2.18554e-005	2.03104e-005	1.91741e-005	2.05119e-005	2.33442e-005	2.48538e-005	2.35357e-005	2.07492e-005	1.87679e-005	1.82052e-005	1.86732e-005	2.12783e-005	2.9859e-005	5.0647e-005	9.14571e-005	0.000160527	0.000269184	0.000445228	0.000740994	0.00121643	0.00193778	0.00302708	0.00464682	0.0068255	0.00938051	0.0121161	0.0149256	0.0176866	0.0203148	0.0228326	0.0252187	0.0274087	0.0295085	0.0316828	0.0338195	0.0356449	0.0370685	0.0381917	0.039221	0.0403629	0.0415248	0.0423147	0.0425771	0.0426289	0.0427551	0.0428823	0.04288	0.0427376	0.0425094	0.042332	0.042279	0.0422606	0.042241	0.0423031	0.0424339	0.0424586	0.04214	0.041322	0.0401498	0.0390344	0.0382658	0.0377784	0.037246	0.0363508	0.0350172	0.0334267	0.0318556	0.0303929	0.0287609	0.0266043	0.0239236	0.0209822	0.0179638	0.0149696	0.0121274	0.00953138	0.00721086	0.00520325	0.00357308	0.00234872	0.00148817	0.000910785	0.000540733	0.000319781	0.000198428	0.000135236	0.000102685	8.26609e-005	6.32323e-005	4.31117e-005	2.78526e-005	2.00252e-005	1.72593e-005	1.62509e-005	1.54183e-005	1.51374e-005	1.62534e-005	1.8262e-005	1.98715e-005	2.06737e-005	2.06778e-005	1.93571e-005	1.65045e-005	1.29399e-005	9.61484e-006	6.74467e-006	4.21549e-006	2.21737e-006	1.01231e-006	4.8926e-007	2.93688e-007	1.78567e-007	8.68383e-008	3.07537e-008	
5.78303e-010	1.89555e-009	8.24054e-009	4.55587e-008	2.2794e-007	8.52529e-007	2.30195e-006	4.5726e-006	7.08931e-006	9.44745e-006	1.18695e-005	1.45607e-005	1.73502e-005	1.97137e-005	2.0792e-005	2.0616e-005	2.09102e-005	2.29705e-005	2.55739e-005	2.62241e-005	2.4001e-005	2.06619e-005	1.85899e-005	1.80516e-005	1.76341e-005	1.71559e-005	1.91889e-005	2.78125e-005	4.60053e-005	7.34992e-005	0.000110128	0.000168159	0.000278443	0.000475397	0.000791506	0.00129388	0.00209562	0.00327194	0.00480316	0.00663611	0.00870502	0.010905	0.0131719	0.0155171	0.0179117	0.020283	0.0226581	0.0251065	0.0275097	0.0296173	0.0312961	0.0326076	0.0337968	0.0351384	0.0365607	0.0376145	0.0380438	0.038108	0.0381615	0.0383156	0.0385386	0.0386935	0.0386633	0.038574	0.0385963	0.0386737	0.0386671	0.038566	0.0384555	0.03833	0.0379581	0.0370838	0.0358088	0.0345291	0.0334681	0.0324727	0.0312475	0.029691	0.0279654	0.0262655	0.0246521	0.0230505	0.0212543	0.0190578	0.0164847	0.0137629	0.011124	0.00872791	0.00665785	0.00491779	0.00348727	0.00236369	0.00153686	0.000965019	0.000589781	0.000354855	0.000213906	0.00013416	9.24639e-005	7.14113e-005	6.00061e-005	5.12804e-005	4.11284e-005	3.04719e-005	2.263e-005	1.85232e-005	1.65338e-005	1.50518e-005	1.39639e-005	1.43351e-005	1.65748e-005	1.90286e-005	1.97384e-005	1.89811e-005	1.80382e-005	1.66954e-005	1.4066e-005	1.05895e-005	7.47826e-006	5.10086e-006	3.13763e-006	1.56902e-006	6.08356e-007	1.97936e-007	7.18495e-008	3.37448e-008	1.5369e-008	5.3534e-009	
8.23043e-011	4.09505e-010	3.74978e-009	2.79012e-008	1.51319e-007	5.76446e-007	1.56096e-006	3.13227e-006	5.08588e-006	7.49523e-006	1.05617e-005	1.38153e-005	1.65719e-005	1.87026e-005	2.00518e-005	2.06159e-005	2.15282e-005	2.37679e-005	2.61446e-005	2.62979e-005	2.35067e-005	1.96871e-005	1.73928e-005	1.70691e-005	1.71644e-005	1.68805e-005	1.77459e-005	2.24137e-005	3.2077e-005	4.47714e-005	5.84961e-005	7.91603e-005	0.000121765	0.000198329	0.000315262	0.00049984	0.000816147	0.00133002	0.00207709	0.00307301	0.00430656	0.00573393	0.0073309	0.00910793	0.011047	0.0131017	0.0152868	0.0176405	0.0200498	0.0222692	0.0241316	0.0256647	0.0270831	0.0286236	0.0302183	0.0314614	0.0320837	0.0322646	0.0323635	0.0326298	0.0331026	0.0335411	0.0337075	0.0337077	0.0337433	0.0337484	0.0335219	0.0330815	0.0327121	0.0325601	0.032313	0.0315448	0.0302398	0.028722	0.0272241	0.0256989	0.0239797	0.0220714	0.020197	0.018513	0.0169512	0.0153631	0.0136427	0.0117406	0.00970262	0.00767445	0.00583004	0.00429289	0.00308382	0.00214818	0.00143767	0.000928739	0.000586697	0.000363079	0.000219961	0.000133397	8.44493e-005	5.85897e-005	4.61e-005	4.02966e-005	3.69232e-005	3.33006e-005	2.84673e-005	2.35339e-005	1.97747e-005	1.71839e-005	1.51417e-005	1.34514e-005	1.27691e-005	1.40243e-005	1.69009e-005	1.92288e-005	1.91432e-005	1.73406e-005	1.55203e-005	1.36916e-005	1.09515e-005	7.67618e-006	5.05356e-006	3.35953e-006	2.09209e-006	1.05539e-006	3.95068e-007	1.08224e-007	2.40977e-008	6.02771e-009	2.04783e-009	6.48655e-010	
2.37124e-011	1.43221e-010	1.7515e-009	1.36858e-008	7.5176e-008	2.88108e-007	7.9179e-007	1.66533e-006	3.01841e-006	5.22261e-006	8.48229e-006	1.21392e-005	1.52997e-005	1.76939e-005	1.91653e-005	1.97293e-005	2.05285e-005	2.27235e-005	2.52493e-005	2.55246e-005	2.25554e-005	1.82224e-005	1.53554e-005	1.50106e-005	1.61293e-005	1.75106e-005	1.92654e-005	2.25582e-005	2.80474e-005	3.44848e-005	4.06636e-005	4.95153e-005	6.67584e-005	9.35546e-005	0.000127401	0.000178131	0.000277068	0.000462343	0.000764602	0.00120781	0.00180324	0.00254778	0.00344547	0.00451339	0.005758	0.00717913	0.00881137	0.010686	0.0127055	0.0146582	0.0163975	0.0179461	0.0194619	0.0210913	0.0227465	0.0240908	0.0248729	0.025186	0.0253588	0.0257246	0.0263701	0.0270195	0.0273872	0.02752	0.0275678	0.0274492	0.0269636	0.0261923	0.0255793	0.0253894	0.0252741	0.0246721	0.0234115	0.0217242	0.0199232	0.0181619	0.0163981	0.014602	0.0128971	0.0113907	0.0100289	0.00870488	0.00737588	0.00604951	0.00475982	0.00357272	0.00256795	0.00179177	0.00122457	0.000812192	0.000519189	0.00032729	0.000209046	0.000133504	8.36873e-005	5.34093e-005	3.71621e-005	2.94083e-005	2.64036e-005	2.57567e-005	2.56314e-005	2.46716e-005	2.28146e-005	2.08477e-005	1.88563e-005	1.64337e-005	1.37494e-005	1.16324e-005	1.11233e-005	1.26782e-005	1.53397e-005	1.7097e-005	1.67186e-005	1.49258e-005	1.29952e-005	1.0919e-005	8.12897e-006	5.13208e-006	2.97056e-006	1.80283e-006	1.09713e-006	5.56397e-007	2.08447e-007	5.5264e-008	1.04747e-008	1.56119e-009	2.79724e-010	4.95314e-011	
1.41735e-011	4.25413e-011	6.18108e-010	4.84717e-009	2.68184e-008	1.03993e-007	2.96529e-007	6.85672e-007	1.472e-006	3.06729e-006	5.76122e-006	9.24516e-006	1.28285e-005	1.58116e-005	1.7476e-005	1.77624e-005	1.8076e-005	1.99336e-005	2.25353e-005	2.32142e-005	2.0661e-005	1.64814e-005	1.34545e-005	1.30721e-005	1.48831e-005	1.75247e-005	1.99758e-005	2.23601e-005	2.5412e-005	2.89086e-005	3.22745e-005	3.67471e-005	4.38711e-005	5.18118e-005	5.77346e-005	6.59238e-005	9.03631e-005	0.000147982	0.00025316	0.00041803	0.000651557	0.000960781	0.0013585	0.0018661	0.00250777	0.0033095	0.0043064	0.0055154	0.00687064	0.00823919	0.00953639	0.0107887	0.0120934	0.0135187	0.0149767	0.0162165	0.0170209	0.0174096	0.017646	0.0180548	0.0187313	0.0194508	0.0199663	0.0202397	0.0203104	0.0201063	0.019502	0.0186152	0.0178893	0.0176141	0.0175068	0.0170295	0.0159364	0.0143782	0.0126965	0.0111516	0.00975559	0.00841253	0.00713103	0.0059836	0.00498475	0.00409997	0.0033	0.00257467	0.00193234	0.00139407	0.000975012	0.000668579	0.000448441	0.000289116	0.000179988	0.000114185	7.70859e-005	5.38074e-005	3.80674e-005	2.84663e-005	2.31054e-005	2.02032e-005	1.9038e-005	1.91109e-005	1.96e-005	1.97921e-005	1.98108e-005	1.98153e-005	1.89415e-005	1.64439e-005	1.29999e-005	1.02128e-005	9.40796e-006	1.05908e-005	1.23745e-005	1.3251e-005	1.28101e-005	1.16314e-005	1.02299e-005	8.40005e-006	5.90346e-006	3.35783e-006	1.6262e-006	8.02063e-007	4.34163e-007	2.1325e-007	7.95636e-008	2.09938e-008	3.87094e-009	4.83204e-010	6.15014e-011	7.88869e-012	
7.57396e-012	5.57445e-012	1.63146e-010	1.212e-009	6.77836e-009	2.69586e-008	8.26611e-008	2.22755e-007	5.89018e-007	1.47502e-006	3.21022e-006	5.90428e-006	9.24506e-006	1.236e-005	1.41419e-005	1.43594e-005	1.43037e-005	1.55132e-005	1.76749e-005	1.87279e-005	1.73944e-005	1.45961e-005	1.22971e-005	1.18474e-005	1.33202e-005	1.57176e-005	1.78033e-005	1.93043e-005	2.09877e-005	2.31502e-005	2.5459e-005	2.83605e-005	3.21277e-005	3.49044e-005	3.48716e-005	3.415e-005	3.85951e-005	5.4653e-005	8.73655e-005	0.000140037	0.000214995	0.000316452	0.000454729	0.000649251	0.000926827	0.00131242	0.00182045	0.00244842	0.00316366	0.00391253	0.0046667	0.00544804	0.00630504	0.00726466	0.00827426	0.00918527	0.00984102	0.0102185	0.0104832	0.0108603	0.011418	0.0120327	0.012554	0.012889	0.0129762	0.0127645	0.0122248	0.0114735	0.0108227	0.0104895	0.0103094	0.00991748	0.00911692	0.0079944	0.00680967	0.00578189	0.00492373	0.00412806	0.00335592	0.00265425	0.0020699	0.00160605	0.00123214	0.000919634	0.000665275	0.000475835	0.000343623	0.000248003	0.000172545	0.000113256	7.23938e-005	4.87269e-005	3.60574e-005	2.87392e-005	2.45848e-005	2.23349e-005	2.02769e-005	1.79308e-005	1.60293e-005	1.50393e-005	1.49038e-005	1.55736e-005	1.71028e-005	1.87446e-005	1.87649e-005	1.6263e-005	1.2365e-005	9.20257e-006	8.2147e-006	9.00792e-006	9.87339e-006	9.7474e-006	8.99613e-006	8.26103e-006	7.49953e-006	6.22022e-006	4.27856e-006	2.28273e-006	9.45143e-007	3.45052e-007	1.38436e-007	5.92974e-008	2.1325e-008	5.5688e-009	1.03458e-009	1.21403e-010	2.45022e-011	8.89593e-012	
6.42955e-012	3.39014e-012	2.98336e-011	2.08008e-010	1.23114e-009	5.11584e-009	1.77106e-008	5.86818e-008	1.92918e-007	5.75749e-007	1.46215e-006	3.10416e-006	5.46084e-006	7.90519e-006	9.51784e-006	9.95986e-006	9.92182e-006	1.0489e-005	1.19148e-005	1.3285e-005	1.36477e-005	1.29446e-005	1.18036e-005	1.10588e-005	1.12707e-005	1.22636e-005	1.3327e-005	1.41409e-005	1.51647e-005	1.67218e-005	1.86472e-005	2.11276e-005	2.41753e-005	2.64637e-005	2.67995e-005	2.60785e-005	2.64883e-005	3.02954e-005	3.94257e-005	5.44448e-005	7.47014e-005	0.000100926	0.000138658	0.00020145	0.000309355	0.00047693	0.00070252	0.000973992	0.00127682	0.00159664	0.00193	0.00229127	0.00270297	0.00318015	0.00370915	0.00422723	0.0046462	0.00493324	0.00516008	0.00543215	0.00578268	0.0061774	0.00656183	0.00684759	0.00693746	0.00679134	0.0064296	0.00594088	0.0054899	0.00519345	0.0049852	0.00469309	0.00421761	0.00359927	0.00297368	0.00245949	0.00205948	0.00170104	0.00134573	0.0010151	0.000746577	0.000551293	0.000408397	0.00029565	0.000210716	0.000156828	0.000125061	0.000100575	7.65298e-005	5.51527e-005	3.96902e-005	3.00549e-005	2.44071e-005	2.13848e-005	2.03496e-005	2.01042e-005	1.89697e-005	1.65883e-005	1.38856e-005	1.17463e-005	1.08499e-005	1.17386e-005	1.41777e-005	1.6567e-005	1.68055e-005	1.43079e-005	1.05758e-005	7.78494e-006	7.14188e-006	7.93634e-006	8.29899e-006	7.41206e-006	6.15927e-006	5.45097e-006	5.09946e-006	4.39306e-006	3.07202e-006	1.61773e-006	6.22903e-007	1.81232e-007	4.68289e-008	1.35761e-008	4.17284e-009	1.03897e-009	1.94002e-010	1.29497e-011	7.21213e-012	7.66398e-012	
2.17384e-012	2.61462e-012	8.79652e-012	2.46356e-011	1.50207e-010	6.86761e-010	2.96251e-009	1.26695e-008	5.16397e-008	1.83336e-007	5.42851e-007	1.3101e-006	2.54169e-006	3.9853e-006	5.1932e-006	5.85711e-006	6.03877e-006	6.23668e-006	7.0477e-006	8.53512e-006	1.01089e-005	1.0972e-005	1.06939e-005	9.64214e-006	8.68313e-006	8.34602e-006	8.51249e-006	8.88027e-006	9.49991e-006	1.05884e-005	1.21881e-005	1.43955e-005	1.70885e-005	1.93675e-005	2.04736e-005	2.07366e-005	2.07857e-005	2.12929e-005	2.33699e-005	2.74103e-005	3.24299e-005	3.77596e-005	4.56506e-005	6.36728e-005	0.000103415	0.000171932	0.000264992	0.000372523	0.000485214	0.000595384	0.00070237	0.000815835	0.00094966	0.00111681	0.00132256	0.00154957	0.00175891	0.00192638	0.0020687	0.00221455	0.00237493	0.00255903	0.00276702	0.00294832	0.00302534	0.00296256	0.00278	0.00253064	0.0022853	0.0020928	0.0019369	0.0017632	0.00153992	0.00128064	0.00103332	0.000842992	0.000710168	0.000599849	0.000485233	0.000368007	0.000266624	0.000191915	0.000138163	9.74236e-005	6.97072e-005	5.55599e-005	4.93163e-005	4.40664e-005	3.76326e-005	3.13325e-005	2.61127e-005	2.19298e-005	1.88584e-005	1.7052e-005	1.64541e-005	1.64144e-005	1.57216e-005	1.38266e-005	1.12084e-005	8.73295e-006	7.49071e-006	8.28772e-006	1.06138e-005	1.25872e-005	1.24603e-005	1.02052e-005	7.32572e-006	5.47698e-006	5.38452e-006	6.27519e-006	6.5042e-006	5.42618e-006	3.99736e-006	3.22958e-006	3.03869e-006	2.73659e-006	1.97814e-006	1.05547e-006	4.01334e-007	1.08049e-007	2.14076e-008	3.6136e-009	6.67057e-010	1.27983e-010	2.87614e-011	2.45837e-012	5.60875e-012	2.61672e-012	
