
TracePro Release: 7 0 3 
Irradiance Map Data for G:\ee373 lab4-Linear Units in millimeters
Data for ob Surface 2
Data generated at 17:35:51 November 13, 2025

Raytrace Time: mins: 0, secs: 17

Projected Plane Extent from surface geometry 
      TopLeft:(1850,995,-1850) 
      TopRight:(-1850,995,-1850)
      BottomLeft:(1850,995,1850) 
      BottomRight:(-1850,995,1850)
Corners of Data Set (plotted) 
      TopLeft:(1850,995,-1850) 
      TopRight:(-1850,995,-1850)
      BottomLeft:(1850,995,1850) 
      BottomRight:(-1850,995,1850)
Total Absorbed Rays: 818132
Min: 5.88998e-013 Max: 0.0537222 Ave: 0.0336456
Total Flux: 0.460608 W, Emitted Flux: 0.5
Normalization: 0
Data Smoothing is On
Grid Size is 128 x 128
Map Count 50
Data Cells are 28.9063 x 28.9063 millimeters

2.41431e-012	1.82085e-012	4.25418e-012	4.40007e-011	2.8055e-010	1.92706e-009	1.20004e-008	5.93363e-008	2.1462e-007	5.51622e-007	1.00627e-006	1.33509e-006	1.38261e-006	1.29389e-006	1.29997e-006	1.52752e-006	2.15557e-006	3.36528e-006	4.97186e-006	6.49025e-006	7.56913e-006	8.23522e-006	9.11748e-006	1.12504e-005	1.48984e-005	1.88221e-005	2.12989e-005	2.15254e-005	1.96975e-005	1.63091e-005	1.21205e-005	8.49883e-006	6.76323e-006	6.99139e-006	8.19943e-006	9.90801e-006	1.25726e-005	1.62645e-005	2.02149e-005	2.36221e-005	2.62998e-005	2.91645e-005	3.46844e-005	4.81286e-005	7.77453e-005	0.000128024	0.000191194	0.000254477	0.000315394	0.000374762	0.000425389	0.000476481	0.000572751	0.000751183	0.000987343	0.00121758	0.00141151	0.00158972	0.00177115	0.00194206	0.00208208	0.00219191	0.00228701	0.00237408	0.00243724	0.00244818	0.00238551	0.00223777	0.00201262	0.00175675	0.00153606	0.00138298	0.00127327	0.00115548	0.000997282	0.000807332	0.000620745	0.00046333	0.000336967	0.000236469	0.000160528	0.00010746	7.313e-005	5.30157e-005	4.28462e-005	3.74937e-005	3.24011e-005	2.65405e-005	2.13737e-005	1.80412e-005	1.65685e-005	1.57677e-005	1.40698e-005	1.14769e-005	9.75199e-006	1.03421e-005	1.26911e-005	1.47945e-005	1.51076e-005	1.36114e-005	1.1318e-005	9.15213e-006	7.55979e-006	7.00059e-006	7.92239e-006	1.00078e-005	1.22675e-005	1.37261e-005	1.35199e-005	1.12967e-005	7.99324e-006	5.28241e-006	4.02744e-006	3.72614e-006	3.33659e-006	2.40674e-006	1.31514e-006	5.50176e-007	1.91203e-007	6.68537e-008	2.7974e-008	1.22359e-008	4.38674e-009	1.14153e-009	2.04403e-010	2.57437e-011	2.24491e-012	1.82463e-012	
2.66826e-012	1.73769e-011	7.86213e-011	3.60096e-010	1.6211e-009	7.37542e-009	3.29973e-008	1.34283e-007	4.44567e-007	1.11251e-006	2.06137e-006	2.90196e-006	3.35301e-006	3.56571e-006	3.7226e-006	3.73427e-006	3.73133e-006	4.24359e-006	5.40722e-006	6.63586e-006	7.39503e-006	7.88046e-006	9.02079e-006	1.19021e-005	1.67198e-005	2.22125e-005	2.63384e-005	2.75998e-005	2.58065e-005	2.17454e-005	1.67325e-005	1.2585e-005	1.08796e-005	1.1548e-005	1.30877e-005	1.48298e-005	1.79403e-005	2.35856e-005	3.13912e-005	4.02135e-005	5.03783e-005	6.55256e-005	9.31843e-005	0.000146813	0.000245413	0.000399176	0.000593303	0.000802304	0.001015	0.00121927	0.00139237	0.00156058	0.00182749	0.00226985	0.00282845	0.00336403	0.00380729	0.00419162	0.00455381	0.00488096	0.00515327	0.00537916	0.0055764	0.00574421	0.00586068	0.00588961	0.00578229	0.00549285	0.00503524	0.00451663	0.00406408	0.00372444	0.00344619	0.00313441	0.00272688	0.00224641	0.00177761	0.00138139	0.0010579	0.000788527	0.00056804	0.000397476	0.000274641	0.000194132	0.000147005	0.000118493	9.45412e-005	7.13271e-005	5.23939e-005	4.05294e-005	3.48441e-005	3.12923e-005	2.61123e-005	1.95958e-005	1.47729e-005	1.35883e-005	1.5467e-005	1.82322e-005	1.97804e-005	1.92955e-005	1.72595e-005	1.46021e-005	1.22712e-005	1.13997e-005	1.27144e-005	1.55324e-005	1.82599e-005	1.95481e-005	1.85447e-005	1.52736e-005	1.11371e-005	8.01547e-006	6.65323e-006	6.24615e-006	5.50001e-006	3.98878e-006	2.31747e-006	1.12884e-006	5.16262e-007	2.56692e-007	1.38516e-007	6.70792e-008	2.48163e-008	6.53256e-009	1.19871e-009	1.49791e-010	1.38253e-011	1.71341e-012	
3.04937e-011	1.69763e-010	7.74488e-010	2.86368e-009	9.78377e-009	3.20644e-008	1.00119e-007	2.96033e-007	7.98186e-007	1.82117e-006	3.34846e-006	5.00095e-006	6.42123e-006	7.55599e-006	8.19921e-006	7.81125e-006	6.5031e-006	5.44265e-006	5.41352e-006	5.89812e-006	6.21178e-006	6.66466e-006	8.27078e-006	1.17575e-005	1.69538e-005	2.28185e-005	2.7597e-005	2.94449e-005	2.77752e-005	2.36368e-005	1.88084e-005	1.51752e-005	1.41505e-005	1.56066e-005	1.82033e-005	2.1791e-005	2.88583e-005	4.29196e-005	6.57687e-005	9.73134e-005	0.000140277	0.000205079	0.000310157	0.000483238	0.000758505	0.00115287	0.00164267	0.00218296	0.00273556	0.00325204	0.00368766	0.00410024	0.00466489	0.00549697	0.00650196	0.00747036	0.00828173	0.00894631	0.00949827	0.00995097	0.0103342	0.01069	0.0110192	0.0112814	0.0114468	0.0114858	0.0113208	0.0108692	0.0101675	0.00939009	0.00869962	0.00813078	0.00761219	0.00702172	0.00625938	0.00534703	0.00442281	0.00359994	0.00288896	0.00226193	0.00171523	0.00126227	0.000910514	0.000657345	0.000489032	0.000375474	0.000284831	0.000205343	0.000141851	9.99743e-005	7.74208e-005	6.36083e-005	4.89331e-005	3.34009e-005	2.21585e-005	1.7453e-005	1.78294e-005	2.05753e-005	2.31028e-005	2.37226e-005	2.20776e-005	1.89456e-005	1.58956e-005	1.47294e-005	1.619e-005	1.91874e-005	2.18185e-005	2.25821e-005	2.07639e-005	1.69029e-005	1.27595e-005	1.00275e-005	9.04351e-006	8.74161e-006	7.79352e-006	5.91793e-006	3.85117e-006	2.27465e-006	1.33515e-006	8.35494e-007	5.14412e-007	2.62192e-007	9.86211e-008	2.60791e-008	4.77815e-009	5.94015e-010	5.86854e-011	1.48356e-012	
2.51828e-010	1.37398e-009	5.7648e-009	1.85922e-008	5.09524e-008	1.29364e-007	3.09503e-007	6.85778e-007	1.41353e-006	2.69538e-006	4.62321e-006	7.03683e-006	9.62587e-006	1.19727e-005	1.32729e-005	1.25499e-005	1.0011e-005	7.45191e-006	6.23323e-006	5.99862e-006	6.11122e-006	7.01751e-006	9.58984e-006	1.38196e-005	1.88036e-005	2.37171e-005	2.76165e-005	2.8944e-005	2.70047e-005	2.31041e-005	1.9348e-005	1.73797e-005	1.8224e-005	2.2394e-005	3.05322e-005	4.4916e-005	7.12918e-005	0.000119411	0.000199141	0.000315759	0.000475672	0.000697613	0.00101473	0.00147233	0.00211772	0.00296732	0.0039805	0.00507574	0.00615634	0.00712299	0.00793426	0.00869757	0.00962431	0.0108285	0.0122138	0.0135806	0.014773	0.0157075	0.0163621	0.0168053	0.0171869	0.0176278	0.0180976	0.0184653	0.0186581	0.0186521	0.0183786	0.0177906	0.016983	0.0161339	0.0153355	0.0145738	0.0138087	0.0129537	0.0118819	0.0105731	0.0091691	0.00781728	0.00655248	0.00536138	0.00426746	0.00331685	0.00253331	0.00191753	0.00145532	0.00110666	0.000823961	0.000585607	0.00039539	0.000262295	0.000182493	0.000133903	9.42641e-005	5.94137e-005	3.55365e-005	2.42713e-005	2.17458e-005	2.34222e-005	2.58031e-005	2.65148e-005	2.4661e-005	2.0982e-005	1.74757e-005	1.61828e-005	1.7547e-005	2.02086e-005	2.2325e-005	2.245e-005	2.00661e-005	1.61905e-005	1.27471e-005	1.10256e-005	1.09075e-005	1.11401e-005	1.03908e-005	8.45612e-006	6.13269e-006	4.17862e-006	2.88728e-006	2.0795e-006	1.38444e-006	7.27875e-007	2.76685e-007	7.34481e-008	1.34768e-008	1.68908e-009	1.55706e-010	1.22555e-012	
1.5305e-009	7.92486e-009	3.1572e-008	9.38539e-008	2.19551e-007	4.44196e-007	8.36927e-007	1.47543e-006	2.41015e-006	3.72752e-006	5.58934e-006	8.10634e-006	1.11123e-005	1.39874e-005	1.56687e-005	1.51614e-005	1.27709e-005	1.02796e-005	8.91949e-006	8.37048e-006	8.39343e-006	9.85475e-006	1.34675e-005	1.83444e-005	2.27265e-005	2.59459e-005	2.80769e-005	2.83405e-005	2.6273e-005	2.35263e-005	2.2718e-005	2.54032e-005	3.25396e-005	4.72583e-005	7.6389e-005	0.000129616	0.000221802	0.000378496	0.000629822	0.000991306	0.00146308	0.00205653	0.00281226	0.00379084	0.00503972	0.00655323	0.00825759	0.0100135	0.0116389	0.0130033	0.0141401	0.0152291	0.0164422	0.0178221	0.0193119	0.0208292	0.0222316	0.023306	0.0239308	0.0242232	0.0244766	0.0249257	0.0255249	0.0260216	0.0262326	0.0261075	0.025663	0.0250189	0.0243465	0.0236882	0.0229359	0.0220282	0.021042	0.0200166	0.0188394	0.017407	0.0157732	0.0140522	0.0122858	0.0104934	0.00876392	0.00720244	0.00584395	0.00467909	0.00369599	0.0028661	0.00215474	0.00154924	0.00105793	0.000695371	0.000457081	0.000305888	0.000199219	0.000119782	6.77753e-005	4.05876e-005	2.99707e-005	2.77084e-005	2.80068e-005	2.74652e-005	2.49045e-005	2.09824e-005	1.75327e-005	1.63024e-005	1.74444e-005	1.96254e-005	2.12544e-005	2.10288e-005	1.86062e-005	1.52222e-005	1.26954e-005	1.1967e-005	1.27318e-005	1.36795e-005	1.33261e-005	1.13491e-005	8.66596e-006	6.34117e-006	4.85419e-006	3.8461e-006	2.69684e-006	1.44659e-006	5.5365e-007	1.47404e-007	2.70968e-008	3.43098e-009	3.12029e-010	1.63128e-011	
7.55431e-009	3.35156e-008	1.25906e-007	3.55391e-007	7.5315e-007	1.27563e-006	1.89866e-006	2.65621e-006	3.53204e-006	4.52665e-006	5.83146e-006	7.68618e-006	1.0017e-005	1.23536e-005	1.40676e-005	1.46386e-005	1.42013e-005	1.36199e-005	1.32605e-005	1.27189e-005	1.24061e-005	1.38467e-005	1.77176e-005	2.25219e-005	2.60328e-005	2.77485e-005	2.85281e-005	2.84878e-005	2.77366e-005	2.88259e-005	3.60846e-005	5.24148e-005	8.04924e-005	0.000130611	0.000224435	0.000390176	0.000664245	0.00110105	0.00175868	0.00265008	0.00372821	0.00495525	0.00636994	0.00805381	0.0100325	0.0122404	0.0145648	0.016829	0.0187816	0.0202983	0.0215505	0.0228006	0.0241167	0.0254178	0.0266956	0.0280242	0.0293309	0.0303411	0.0308567	0.0309902	0.0311018	0.0315069	0.032176	0.0327753	0.0329876	0.0327067	0.0320998	0.0315339	0.0312013	0.0308782	0.0302191	0.0291678	0.027963	0.026823	0.0257219	0.0244907	0.023042	0.0213775	0.0194707	0.0173413	0.0151622	0.0131159	0.0112355	0.00948059	0.00783488	0.00629988	0.0048928	0.00364627	0.00259583	0.00177479	0.00118477	0.000777717	0.000492946	0.00029443	0.000165291	9.04074e-005	5.27531e-005	3.66873e-005	3.05229e-005	2.73413e-005	2.42048e-005	2.05772e-005	1.7364e-005	1.59685e-005	1.66955e-005	1.85273e-005	2.01247e-005	2.02849e-005	1.86326e-005	1.6193e-005	1.44588e-005	1.4214e-005	1.52746e-005	1.64415e-005	1.607e-005	1.36624e-005	1.03815e-005	7.76664e-006	6.3654e-006	5.39004e-006	3.90356e-006	2.11762e-006	8.14779e-007	2.18585e-007	4.08935e-008	5.48896e-009	5.9216e-010	8.10739e-011	
3.2536e-008	1.09416e-007	3.69456e-007	9.95412e-007	1.98952e-006	3.00323e-006	3.66971e-006	4.01008e-006	4.25336e-006	4.59451e-006	5.26099e-006	6.37436e-006	7.76481e-006	9.30923e-006	1.12028e-005	1.34377e-005	1.55498e-005	1.71256e-005	1.77631e-005	1.71741e-005	1.63125e-005	1.71052e-005	2.02206e-005	2.41361e-005	2.68655e-005	2.80754e-005	2.89168e-005	3.03893e-005	3.39578e-005	4.4957e-005	7.30833e-005	0.000127643	0.00021907	0.000373299	0.000639037	0.00107825	0.00176259	0.00277495	0.00417343	0.00591051	0.0078227	0.00978891	0.0118761	0.0142273	0.0168258	0.0194954	0.0220985	0.0245074	0.0264809	0.0279229	0.0291173	0.0303672	0.031613	0.0326553	0.0335278	0.034425	0.0353678	0.0361408	0.0365512	0.0366549	0.0367451	0.0371019	0.0377122	0.0382681	0.0384036	0.0379724	0.0372893	0.036919	0.0369834	0.0369791	0.03641	0.0352641	0.0338798	0.0326155	0.0315932	0.0306773	0.0296993	0.0285252	0.0269689	0.0249657	0.0227332	0.0205138	0.0183334	0.0161293	0.0138943	0.0116613	0.00948693	0.00744562	0.00562315	0.00410034	0.00289913	0.00197684	0.00128395	0.00078712	0.000452973	0.000244402	0.000126066	6.63746e-005	3.98397e-005	2.92714e-005	2.47925e-005	2.14393e-005	1.80545e-005	1.59356e-005	1.59705e-005	1.75218e-005	1.9424e-005	2.05269e-005	2.02204e-005	1.90465e-005	1.81085e-005	1.80586e-005	1.87601e-005	1.91882e-005	1.79046e-005	1.46061e-005	1.07759e-005	8.19375e-006	7.13374e-006	6.29804e-006	4.6135e-006	2.51485e-006	9.83238e-007	2.7568e-007	5.77506e-008	1.05953e-008	2.28468e-009	6.35469e-010	
1.2465e-007	2.97364e-007	8.2602e-007	2.07853e-006	3.98779e-006	5.63606e-006	6.04574e-006	5.33539e-006	4.44756e-006	4.13045e-006	4.58566e-006	5.52445e-006	6.5406e-006	7.91553e-006	1.05514e-005	1.45057e-005	1.84323e-005	2.10182e-005	2.18117e-005	2.0941e-005	1.95509e-005	1.94364e-005	2.11589e-005	2.36696e-005	2.58669e-005	2.78919e-005	3.13344e-005	3.87015e-005	5.47754e-005	9.25381e-005	0.000176351	0.000334715	0.000598195	0.00101592	0.00166588	0.00264513	0.00405643	0.00597682	0.00838536	0.0110865	0.0137623	0.0162428	0.0187034	0.0214102	0.0243032	0.0270636	0.02954	0.0317381	0.0335231	0.0348302	0.0359528	0.0371447	0.0382266	0.0389394	0.0393761	0.0398036	0.0403039	0.0407709	0.0410906	0.0412675	0.0414462	0.04176	0.0421792	0.0425186	0.0424955	0.0419669	0.0413047	0.0411303	0.0414745	0.0416989	0.0412852	0.0402334	0.038843	0.0374931	0.0364442	0.0357054	0.035165	0.0346241	0.0337296	0.0322668	0.0303946	0.0283317	0.0260924	0.0236573	0.0211026	0.0184908	0.0158209	0.0131236	0.010535	0.00821376	0.00620556	0.00448276	0.00305856	0.00196558	0.0011872	0.00066756	0.000346059	0.00016648	7.85397e-005	4.22245e-005	2.96717e-005	2.44429e-005	2.02485e-005	1.72831e-005	1.65616e-005	1.75767e-005	1.93693e-005	2.10141e-005	2.17723e-005	2.17459e-005	2.16641e-005	2.18861e-005	2.19632e-005	2.09336e-005	1.80887e-005	1.39806e-005	1.03961e-005	8.69461e-006	8.32615e-006	7.54244e-006	5.51879e-006	3.07085e-006	1.29323e-006	4.29027e-007	1.26186e-007	4.02443e-008	1.44723e-008	4.82205e-009	
3.93925e-007	7.05161e-007	1.48623e-006	3.3282e-006	6.12253e-006	8.33717e-006	8.34441e-006	6.45774e-006	4.55479e-006	4.06289e-006	4.9996e-006	6.40366e-006	7.60818e-006	9.38238e-006	1.3093e-005	1.84607e-005	2.33353e-005	2.60629e-005	2.65537e-005	2.53658e-005	2.35968e-005	2.25847e-005	2.26454e-005	2.3424e-005	2.53697e-005	3.05641e-005	4.33624e-005	7.07471e-005	0.000125913	0.000240604	0.00047267	0.000890259	0.0015532	0.00251919	0.00385933	0.00566828	0.00804931	0.0110255	0.0144225	0.0178577	0.0209138	0.02347	0.0258564	0.0284661	0.0312245	0.0337206	0.0358067	0.0376252	0.0391663	0.0403683	0.0414359	0.0425265	0.0434064	0.0438287	0.0439429	0.0440338	0.0441803	0.0443467	0.0445204	0.0447151	0.0449548	0.0452082	0.0454057	0.0455009	0.0453664	0.044884	0.0443424	0.0442615	0.0446558	0.0449913	0.0448431	0.0441483	0.0430283	0.0417438	0.0406198	0.0398531	0.0394915	0.0393867	0.03913	0.0383757	0.0371139	0.0354323	0.0333327	0.0309171	0.0284169	0.0259013	0.0231976	0.0202051	0.0171063	0.0141472	0.0113652	0.00871502	0.00630075	0.00429737	0.00276766	0.00166553	0.000920813	0.000462953	0.000214489	9.85604e-005	5.24731e-005	3.52333e-005	2.72115e-005	2.27414e-005	2.0681e-005	2.01048e-005	2.04596e-005	2.13431e-005	2.21144e-005	2.2533e-005	2.29402e-005	2.33541e-005	2.28701e-005	2.04571e-005	1.63444e-005	1.22877e-005	1.02292e-005	1.04762e-005	1.12396e-005	1.04461e-005	7.82162e-006	4.69352e-006	2.3125e-006	9.91614e-007	4.13348e-007	1.82437e-007	7.81301e-008	2.75737e-008	
9.39592e-007	1.41205e-006	2.25915e-006	4.27428e-006	7.44125e-006	9.90569e-006	9.65111e-006	7.16155e-006	5.01473e-006	5.1257e-006	7.19929e-006	9.49438e-006	1.10843e-005	1.32508e-005	1.77289e-005	2.39212e-005	2.92073e-005	3.18822e-005	3.222e-005	3.11838e-005	2.97493e-005	2.85053e-005	2.73876e-005	2.70936e-005	3.08856e-005	4.63594e-005	8.74375e-005	0.000174821	0.000342451	0.000659377	0.00123892	0.00219916	0.003608	0.00546991	0.00776608	0.0105272	0.0138363	0.0176613	0.0216843	0.0253902	0.0283778	0.0306558	0.032652	0.0347843	0.0369981	0.0389294	0.0404977	0.0419315	0.0432635	0.0443483	0.0452545	0.0461147	0.0467781	0.0470502	0.0470445	0.0469727	0.0468755	0.0467511	0.0466781	0.0467408	0.0469308	0.0471146	0.0471873	0.0471954	0.0471479	0.0469384	0.0466515	0.0465797	0.046799	0.0470878	0.0472209	0.047038	0.0463982	0.045353	0.0442175	0.0433408	0.0429279	0.0429462	0.0430655	0.0428888	0.0422118	0.0409638	0.0391683	0.0370737	0.0350187	0.0329963	0.0306296	0.0277104	0.0244841	0.0212595	0.0180059	0.0145888	0.0111771	0.00812363	0.00561932	0.00366329	0.00221419	0.00122903	0.000629329	0.000305561	0.000150497	8.3227e-005	5.46834e-005	4.09469e-005	3.26057e-005	2.68276e-005	2.32978e-005	2.18212e-005	2.1519e-005	2.15953e-005	2.18882e-005	2.21699e-005	2.12883e-005	1.81695e-005	1.37594e-005	1.06999e-005	1.07928e-005	1.31829e-005	1.50906e-005	1.44611e-005	1.15279e-005	7.80568e-006	4.58993e-006	2.45008e-006	1.28128e-006	6.67419e-007	3.10708e-007	1.13947e-007	
1.60509e-006	2.21417e-006	2.92072e-006	4.65286e-006	7.62227e-006	1.00536e-005	9.88057e-006	7.62688e-006	6.09502e-006	7.31354e-006	1.06291e-005	1.3734e-005	1.55951e-005	1.78518e-005	2.24367e-005	2.86522e-005	3.37879e-005	3.6246e-005	3.68527e-005	3.73327e-005	3.84314e-005	3.9434e-005	4.01207e-005	4.37234e-005	5.93524e-005	0.00010745	0.000225849	0.000468699	0.000910745	0.00167119	0.00291259	0.00476617	0.00723892	0.0101947	0.0134548	0.0169714	0.0208416	0.0250334	0.029161	0.0326691	0.0352572	0.0370877	0.0385944	0.0400896	0.0415365	0.0427345	0.0437404	0.0448315	0.045987	0.0468842	0.0474592	0.0479475	0.0484102	0.0486944	0.0487491	0.0486308	0.0483597	0.0479817	0.0476448	0.0475132	0.0476021	0.0477427	0.0478236	0.0479468	0.0481949	0.048437	0.0485154	0.0484502	0.0483821	0.048456	0.0487086	0.0489234	0.0487268	0.0479813	0.0469659	0.0460917	0.0456188	0.0455906	0.0458004	0.0458918	0.0455556	0.0446354	0.0432208	0.0416792	0.0403345	0.0390072	0.037162	0.0345802	0.0315886	0.0285188	0.0252242	0.0214301	0.0173192	0.013392	0.00995705	0.00706101	0.00471238	0.00293853	0.0017122	0.000937637	0.000493257	0.000263712	0.000153506	9.74869e-005	6.349e-005	4.14352e-005	2.88271e-005	2.31305e-005	2.11823e-005	2.06508e-005	2.05539e-005	2.04563e-005	1.92775e-005	1.60955e-005	1.21744e-005	1.02895e-005	1.17572e-005	1.50461e-005	1.73665e-005	1.72471e-005	1.5055e-005	1.16985e-005	8.09134e-006	5.13099e-006	3.1421e-006	1.82369e-006	9.02028e-007	3.44062e-007	
1.9242e-006	2.57859e-006	3.14052e-006	4.58071e-006	7.3228e-006	9.86152e-006	1.02408e-005	8.87453e-006	8.37176e-006	1.04505e-005	1.41073e-005	1.70975e-005	1.88197e-005	2.0983e-005	2.51416e-005	3.05177e-005	3.4785e-005	3.68605e-005	3.85691e-005	4.29583e-005	5.0774e-005	6.02916e-005	7.30561e-005	9.92454e-005	0.000161731	0.000307891	0.000620187	0.00120834	0.00219853	0.00373703	0.00596389	0.00892456	0.0124879	0.0163533	0.0202153	0.0240177	0.0279325	0.0319694	0.0357332	0.0386905	0.0406607	0.0419517	0.0429793	0.0439105	0.04469	0.0452568	0.0457808	0.0465692	0.0475419	0.0482061	0.0483968	0.0484981	0.0488008	0.0491702	0.0493522	0.0492398	0.0488715	0.0483776	0.0479503	0.047763	0.0478095	0.0479088	0.0480077	0.0482851	0.0488439	0.0494991	0.0499184	0.0499103	0.0496162	0.0494189	0.0495624	0.0498427	0.0498086	0.049284	0.0485286	0.047895	0.0475535	0.0475099	0.0476377	0.047703	0.0474415	0.0466948	0.0456164	0.0446579	0.0440734	0.0434807	0.0422178	0.0401007	0.0375554	0.034935	0.0319798	0.0282724	0.0239686	0.0196352	0.0156333	0.0120261	0.00884525	0.00617198	0.00405614	0.00249123	0.00143477	0.000798699	0.000449004	0.000255879	0.000141028	7.35321e-005	3.95568e-005	2.60661e-005	2.18973e-005	2.07316e-005	2.02064e-005	1.96615e-005	1.83001e-005	1.55373e-005	1.25603e-005	1.14447e-005	1.27326e-005	1.50048e-005	1.66189e-005	1.71132e-005	1.65686e-005	1.47063e-005	1.16725e-005	8.48418e-006	5.85598e-006	3.69812e-006	1.93609e-006	7.74258e-007	
1.641e-006	2.25687e-006	2.90435e-006	4.51331e-006	7.56109e-006	1.07489e-005	1.22072e-005	1.21282e-005	1.26248e-005	1.47258e-005	1.71953e-005	1.87062e-005	1.97494e-005	2.17177e-005	2.49972e-005	2.86298e-005	3.13201e-005	3.31033e-005	3.69593e-005	4.76419e-005	6.77928e-005	9.90897e-005	0.000152052	0.00025459	0.000459924	0.00086196	0.00159798	0.00282399	0.00468409	0.00727869	0.0106093	0.0145342	0.0187841	0.0230031	0.0268923	0.0304652	0.0339822	0.0374876	0.0405986	0.0428269	0.0440879	0.0448041	0.0454139	0.0460084	0.0464794	0.0467554	0.0469795	0.0474681	0.048197	0.0486522	0.0485933	0.0484346	0.0485997	0.0490052	0.0492865	0.0492175	0.0488643	0.0484671	0.0482396	0.0482357	0.0483035	0.0482571	0.0481988	0.0484447	0.0490989	0.0499267	0.0505408	0.0506484	0.0503194	0.049976	0.0499282	0.0500106	0.0498691	0.0494601	0.0490383	0.0487987	0.0487346	0.0487437	0.0487299	0.0486177	0.048279	0.0475948	0.0467551	0.0462639	0.0463243	0.0463918	0.0456734	0.043998	0.0419211	0.0398724	0.0375176	0.0343199	0.0303713	0.0262089	0.0221789	0.0183359	0.0146815	0.0112627	0.00816123	0.00550902	0.00345652	0.00205002	0.0011734	0.000643011	0.000323942	0.000146392	6.39392e-005	3.38386e-005	2.48479e-005	2.1928e-005	2.04576e-005	1.94585e-005	1.82593e-005	1.6484e-005	1.49036e-005	1.42964e-005	1.42581e-005	1.41146e-005	1.40431e-005	1.4609e-005	1.54465e-005	1.52469e-005	1.34562e-005	1.08821e-005	8.27028e-006	5.62886e-006	3.12925e-006	1.32415e-006	
1.16117e-006	1.82676e-006	2.89472e-006	5.19159e-006	9.07208e-006	1.33086e-005	1.6107e-005	1.74098e-005	1.86235e-005	1.99483e-005	2.02408e-005	1.96311e-005	1.97605e-005	2.12414e-005	2.29842e-005	2.40957e-005	2.48768e-005	2.67806e-005	3.36491e-005	5.25116e-005	9.31781e-005	0.000173554	0.000331253	0.000631439	0.00117678	0.00211453	0.00360581	0.00577838	0.00870579	0.012364	0.0165564	0.0209538	0.0252549	0.0292205	0.0326709	0.0356843	0.0385603	0.0413681	0.043753	0.0452732	0.0459041	0.0461374	0.0464687	0.046997	0.0475379	0.0478544	0.0479183	0.0480417	0.0484145	0.0487111	0.0486195	0.0483714	0.0483862	0.0487179	0.0490436	0.0490604	0.0488182	0.0486466	0.0487675	0.049042	0.0491086	0.0488	0.0484195	0.0484308	0.0489501	0.0497391	0.0504366	0.0507028	0.0504935	0.0501668	0.0500196	0.0499135	0.0496381	0.0493179	0.0491766	0.0492207	0.0493094	0.0493107	0.0491774	0.0489286	0.0485074	0.0478354	0.0471451	0.0469574	0.0474361	0.0479576	0.0476446	0.0463326	0.0447047	0.043273	0.0416546	0.0392374	0.036041	0.0325098	0.0289318	0.0253409	0.0216697	0.0178488	0.0139223	0.0101469	0.00689207	0.00439378	0.00263545	0.00145995	0.000721984	0.000313821	0.000127832	5.93623e-005	3.65035e-005	2.7088e-005	2.22652e-005	2.01686e-005	1.93589e-005	1.88863e-005	1.88196e-005	1.86267e-005	1.70491e-005	1.42631e-005	1.20952e-005	1.18269e-005	1.28096e-005	1.33524e-005	1.26126e-005	1.10301e-005	9.05134e-006	6.58595e-006	3.89226e-006	1.7539e-006	
1.22472e-006	2.28736e-006	4.12198e-006	7.36076e-006	1.21068e-005	1.71619e-005	2.0917e-005	2.31129e-005	2.44542e-005	2.46763e-005	2.3187e-005	2.12705e-005	2.0838e-005	2.14191e-005	2.10676e-005	1.96652e-005	1.93164e-005	2.2935e-005	3.57436e-005	6.99317e-005	0.000153072	0.000342551	0.000733091	0.0014462	0.00262654	0.00443344	0.0069714	0.010232	0.0141325	0.0185148	0.02306	0.0273769	0.0312529	0.0346388	0.037476	0.0398445	0.0420288	0.0441214	0.0458135	0.0467328	0.0469206	0.0468883	0.0471399	0.0477824	0.0485513	0.0490139	0.0489487	0.0486679	0.0486377	0.0488294	0.0488686	0.0486688	0.0485418	0.0487214	0.0490215	0.0490925	0.0489199	0.0488712	0.0491884	0.0496106	0.0496508	0.0491757	0.0485864	0.048388	0.0487331	0.0494623	0.0502608	0.0507081	0.0506182	0.0503075	0.0501178	0.0499518	0.0496711	0.0494662	0.0494736	0.0495319	0.0494808	0.0493367	0.0491789	0.0489895	0.0486039	0.0479466	0.0473252	0.0472625	0.0478863	0.0485853	0.0485227	0.0475891	0.0465017	0.0457161	0.0447881	0.0431372	0.0407871	0.0380791	0.0351974	0.0321266	0.0287378	0.0248602	0.02049	0.0159386	0.0116665	0.00801645	0.00511727	0.00296733	0.00152567	0.000695102	0.000297932	0.000137296	7.43603e-005	4.48442e-005	2.95703e-005	2.33814e-005	2.2075e-005	2.24103e-005	2.31623e-005	2.29819e-005	2.02826e-005	1.57607e-005	1.19955e-005	1.04985e-005	1.064e-005	1.09307e-005	1.05541e-005	9.59858e-006	8.2086e-006	6.23794e-006	3.89602e-006	1.89852e-006	
2.34865e-006	4.29586e-006	7.14212e-006	1.11946e-005	1.62522e-005	2.12498e-005	2.49618e-005	2.70364e-005	2.77479e-005	2.70347e-005	2.50922e-005	2.33934e-005	2.30238e-005	2.2672e-005	2.07149e-005	1.85259e-005	2.01007e-005	3.09055e-005	6.18427e-005	0.000140039	0.000329431	0.000755301	0.00159498	0.00301759	0.00514149	0.0080316	0.0116476	0.0158054	0.0202783	0.0248562	0.0292544	0.0331639	0.0364781	0.0392582	0.0415112	0.0432993	0.0448568	0.0462655	0.0472788	0.0476778	0.047634	0.047605	0.0479423	0.0486828	0.0495435	0.050029	0.0498329	0.0492644	0.048961	0.0491212	0.0493452	0.0492716	0.0490732	0.0491127	0.0493314	0.0493458	0.0490688	0.0488849	0.0490997	0.0494732	0.0495364	0.0491837	0.0487368	0.0485697	0.0488567	0.0495822	0.0504945	0.0510738	0.0509934	0.0505682	0.0502618	0.0500633	0.049848	0.0497686	0.049839	0.0497605	0.0494175	0.0490781	0.0490027	0.0490592	0.0488545	0.0482605	0.047657	0.0475827	0.0481608	0.0488599	0.0489925	0.0485369	0.0480927	0.047877	0.0473889	0.0462306	0.044551	0.0426038	0.0404154	0.0378845	0.0348656	0.0311847	0.026843	0.0221215	0.0173635	0.0128379	0.00878965	0.00546363	0.00304136	0.00152714	0.000721312	0.000343876	0.000173177	8.98996e-005	4.78711e-005	3.02287e-005	2.56453e-005	2.56543e-005	2.6235e-005	2.54531e-005	2.21548e-005	1.72965e-005	1.31913e-005	1.1017e-005	1.02961e-005	1.00188e-005	9.49321e-006	8.51551e-006	7.14498e-006	5.45363e-006	3.62948e-006	2.04744e-006	
4.55054e-006	7.71202e-006	1.1512e-005	1.59196e-005	2.04941e-005	2.43853e-005	2.69171e-005	2.793e-005	2.76711e-005	2.65432e-005	2.51831e-005	2.44605e-005	2.44385e-005	2.38384e-005	2.24074e-005	2.35603e-005	3.43125e-005	6.73005e-005	0.000151262	0.000350306	0.000791502	0.00168296	0.00326663	0.00569392	0.00894261	0.0128607	0.0172243	0.0217619	0.0262474	0.0305474	0.0345114	0.0379441	0.0407563	0.043002	0.0447411	0.0460583	0.0471113	0.0479132	0.0482989	0.0482913	0.0482317	0.0484204	0.0488776	0.0495004	0.05012	0.0504042	0.0501104	0.0495065	0.0491915	0.0494074	0.0497684	0.0497993	0.0495858	0.0495597	0.0497399	0.049694	0.0492505	0.0488033	0.0487517	0.0489657	0.0490861	0.0490424	0.0489941	0.0490678	0.0493714	0.0500142	0.0508605	0.0513938	0.0512197	0.0506312	0.050173	0.0499407	0.04983	0.049906	0.0500497	0.0498658	0.049287	0.0487995	0.0488302	0.04916	0.0492025	0.0487584	0.0482194	0.0481154	0.0485945	0.0492564	0.0495909	0.0496077	0.0496792	0.0497662	0.0494048	0.0484561	0.0472171	0.0458662	0.0442771	0.0422551	0.0396483	0.036339	0.032402	0.028075	0.0234567	0.0185732	0.0136764	0.00923061	0.00567133	0.00318659	0.00166469	0.000828563	0.000401197	0.00018849	8.56054e-005	4.22558e-005	2.919e-005	2.73946e-005	2.73243e-005	2.57535e-005	2.23148e-005	1.82347e-005	1.50552e-005	1.31798e-005	1.20992e-005	1.13087e-005	1.03665e-005	8.93769e-006	7.19015e-006	5.54797e-006	4.15843e-006	2.91156e-006	
7.22495e-006	1.1462e-005	1.57123e-005	1.98691e-005	2.34876e-005	2.58232e-005	2.66793e-005	2.64511e-005	2.56845e-005	2.48695e-005	2.43464e-005	2.4258e-005	2.44495e-005	2.47684e-005	2.71838e-005	3.87126e-005	7.42557e-005	0.000165735	0.000383398	0.000861395	0.00181139	0.00349513	0.0061226	0.00970875	0.0140077	0.0186187	0.0231796	0.0274827	0.0314878	0.0352359	0.0386903	0.0416795	0.0440423	0.0457929	0.0470725	0.0480188	0.0487009	0.0490507	0.0490003	0.0488035	0.0489025	0.0493643	0.049826	0.0500528	0.0501064	0.0499984	0.0496624	0.0492765	0.0492092	0.0495605	0.0499567	0.0499625	0.0496856	0.0496302	0.0498798	0.0499414	0.0495226	0.0489721	0.0487389	0.0488027	0.0489371	0.0491334	0.049438	0.0497403	0.0499954	0.0503588	0.0508648	0.051155	0.0508676	0.0502041	0.0496739	0.0494825	0.04958	0.0498944	0.0501439	0.049896	0.0491626	0.0485777	0.0486679	0.0491802	0.0494614	0.0492884	0.0489867	0.0489675	0.0493697	0.0499658	0.0504167	0.0506746	0.0508834	0.0509172	0.0504808	0.0496309	0.0487028	0.0478111	0.0467643	0.045307	0.0432222	0.0403981	0.0370262	0.033397	0.0294033	0.0247519	0.0195545	0.0143493	0.00973041	0.00607635	0.00348206	0.00183049	0.000888745	0.000400278	0.000166718	6.81282e-005	3.55571e-005	2.87228e-005	2.75342e-005	2.54049e-005	2.21872e-005	1.93414e-005	1.76986e-005	1.68269e-005	1.59076e-005	1.4716e-005	1.31437e-005	1.10148e-005	8.80201e-006	7.1999e-006	6.11775e-006	4.8934e-006	
9.38221e-006	1.40439e-005	1.79221e-005	2.12131e-005	2.38262e-005	2.50222e-005	2.47928e-005	2.412e-005	2.38748e-005	2.41574e-005	2.45309e-005	2.47143e-005	2.52136e-005	2.78443e-005	3.8354e-005	7.25472e-005	0.000166309	0.000395697	0.000906404	0.00192666	0.00373175	0.00654094	0.010381	0.0150186	0.0200003	0.0247956	0.0290393	0.0326974	0.0359886	0.0391275	0.0420987	0.0446506	0.0465399	0.0477938	0.048648	0.0492726	0.049671	0.0497528	0.0495431	0.0493942	0.0497021	0.0503081	0.0505996	0.0503016	0.0497155	0.0492033	0.0488951	0.0488593	0.0491582	0.0496617	0.0499895	0.0498241	0.049373	0.0492266	0.04955	0.0498428	0.0497015	0.0493472	0.0491647	0.049177	0.0492701	0.0495179	0.0499541	0.0503433	0.0504828	0.0504967	0.0505702	0.0505684	0.0502126	0.04956	0.0490122	0.0489014	0.0492586	0.0498343	0.0501679	0.0498552	0.0490294	0.0484002	0.0485036	0.0490954	0.0495928	0.0498098	0.0499303	0.0501252	0.0504674	0.0509164	0.0512994	0.0514861	0.0514727	0.0512128	0.0506328	0.0498704	0.0491886	0.0486441	0.0480604	0.0471878	0.0457231	0.0434768	0.0407194	0.0378597	0.0347115	0.0307339	0.0258319	0.0204395	0.0151195	0.0103402	0.00644698	0.00363138	0.00185189	0.00085964	0.000361405	0.000139289	5.74806e-005	3.50161e-005	2.97229e-005	2.63326e-005	2.30647e-005	2.11886e-005	2.09587e-005	2.13881e-005	2.1274e-005	2.0142e-005	1.78791e-005	1.47319e-005	1.1864e-005	1.02127e-005	9.19837e-006	7.58374e-006	
1.02783e-005	1.45404e-005	1.7371e-005	1.94284e-005	2.11499e-005	2.18869e-005	2.16269e-005	2.16114e-005	2.27881e-005	2.476e-005	2.64391e-005	2.75126e-005	2.95525e-005	3.71796e-005	6.38583e-005	0.000146306	0.00036709	0.000884398	0.00194744	0.00385227	0.00683215	0.0109195	0.0158579	0.0211673	0.026299	0.0307769	0.034385	0.0372931	0.0399079	0.0425231	0.045062	0.0471556	0.0485234	0.0492695	0.0497093	0.0500092	0.050147	0.0500896	0.0499371	0.0499756	0.0504122	0.0509447	0.0509505	0.0502407	0.0492599	0.0485533	0.0483705	0.0486822	0.049283	0.0498459	0.050006	0.0495824	0.0488784	0.0485298	0.0487904	0.0492561	0.0494965	0.0495556	0.049629	0.0496943	0.0497217	0.0498898	0.050309	0.050735	0.0508429	0.0506517	0.0504073	0.0501729	0.0497768	0.0491496	0.0485814	0.0485103	0.0490329	0.0497609	0.0501359	0.0498343	0.0490624	0.0484685	0.0485185	0.0490649	0.0497212	0.0503312	0.0508582	0.0512289	0.0514853	0.0517454	0.0519474	0.0519034	0.0515536	0.0509765	0.0502796	0.0496217	0.0491495	0.0488228	0.0484904	0.0480137	0.0471218	0.0455423	0.0434861	0.0413736	0.0390248	0.0358506	0.0316418	0.026637	0.021182	0.015664	0.010589	0.00648051	0.00359736	0.00181713	0.000826188	0.000334045	0.000127976	5.91927e-005	3.89574e-005	3.0321e-005	2.52597e-005	2.34234e-005	2.4015e-005	2.56255e-005	2.6804e-005	2.6326e-005	2.35374e-005	1.92615e-005	1.57167e-005	1.4007e-005	1.27998e-005	1.0364e-005	
9.72951e-006	1.30322e-005	1.47143e-005	1.57455e-005	1.68697e-005	1.76419e-005	1.8117e-005	1.94585e-005	2.2349e-005	2.60864e-005	2.96322e-005	3.34244e-005	4.0874e-005	6.19345e-005	0.000126894	0.000315282	0.000792175	0.00183099	0.00377	0.00686396	0.0111264	0.0162891	0.0218742	0.0273287	0.0321546	0.0360219	0.0389092	0.0411445	0.0432082	0.0453869	0.0475263	0.0491614	0.0500133	0.0502862	0.0503572	0.0503647	0.0502712	0.0501284	0.0501028	0.0503372	0.0507943	0.0511173	0.0508547	0.0499731	0.0489293	0.048264	0.0482602	0.0488255	0.0495725	0.0500559	0.0499693	0.0492689	0.0483169	0.0477356	0.0478436	0.0483904	0.0489843	0.0494863	0.0498566	0.0499986	0.0499665	0.0500619	0.0504925	0.0510296	0.0512377	0.0509915	0.0505245	0.0500657	0.0495958	0.0490005	0.0484675	0.0484366	0.0490094	0.0497591	0.0501686	0.0500147	0.0494669	0.0489689	0.0488892	0.0492803	0.0499936	0.050808	0.0514404	0.0517403	0.0518657	0.0520133	0.052084	0.0518419	0.051258	0.0505255	0.0498649	0.0494223	0.0491883	0.0489619	0.0486032	0.0481801	0.047627	0.0466736	0.0453447	0.0438877	0.0421351	0.0396373	0.0362407	0.0320306	0.0270593	0.0214699	0.0157281	0.0105433	0.00646671	0.00361662	0.00181051	0.000794934	0.000314071	0.000128042	6.44108e-005	3.98408e-005	2.90604e-005	2.58024e-005	2.63897e-005	2.84456e-005	3.04253e-005	3.04772e-005	2.73958e-005	2.2581e-005	1.90886e-005	1.77877e-005	1.64176e-005	1.29654e-005	
7.94819e-006	1.0227e-005	1.12017e-005	1.18342e-005	1.2848e-005	1.41416e-005	1.60385e-005	1.92866e-005	2.37741e-005	2.87185e-005	3.44922e-005	4.44368e-005	6.72204e-005	0.00012635	0.000287798	0.000703961	0.00164793	0.00349481	0.00658393	0.0109695	0.0162972	0.022002	0.02759	0.0326865	0.0369541	0.0401799	0.0424544	0.0441532	0.0457321	0.047459	0.0491699	0.0503664	0.0507791	0.0506911	0.0505284	0.0503956	0.0501998	0.0500107	0.050051	0.0503978	0.0508503	0.0510311	0.0506641	0.0498296	0.0489036	0.048331	0.048396	0.0490018	0.0496968	0.0500053	0.0496941	0.0488297	0.0477947	0.0471463	0.047213	0.047854	0.0486903	0.0494335	0.0499218	0.0500869	0.0500757	0.0502409	0.0507889	0.051453	0.051724	0.0513965	0.0506992	0.0499918	0.0494255	0.0489163	0.0485368	0.0486038	0.0491752	0.0498768	0.0503085	0.0503317	0.050038	0.0496547	0.0494808	0.0497628	0.0504771	0.0512279	0.0515706	0.0515265	0.0515088	0.0516825	0.0517515	0.0514299	0.0507976	0.0501571	0.0497618	0.0496732	0.0496946	0.0494842	0.0489377	0.0483239	0.0478257	0.0472643	0.0464853	0.0454949	0.0441149	0.0420934	0.039438	0.0361938	0.0321721	0.0271979	0.0214991	0.0157363	0.0106132	0.00652404	0.00357686	0.00171702	0.000730477	0.000295004	0.000125799	6.08856e-005	3.62631e-005	2.91519e-005	2.8707e-005	3.00847e-005	3.15776e-005	3.13682e-005	2.81801e-005	2.36673e-005	2.09629e-005	2.04171e-005	1.91408e-005	1.50346e-005	
5.65303e-006	7.36285e-006	8.28743e-006	9.0213e-006	1.02436e-005	1.25677e-005	1.67546e-005	2.2616e-005	2.8508e-005	3.38147e-005	4.23299e-005	6.44938e-005	0.000123245	0.000275404	0.000654564	0.00151063	0.00320085	0.0061045	0.0104237	0.0159093	0.0218368	0.0274649	0.03248	0.0368478	0.0404504	0.0431494	0.045026	0.0463534	0.0474755	0.0486769	0.0498963	0.0506856	0.0507772	0.0504789	0.0502496	0.0501739	0.0500591	0.0498796	0.0498888	0.0502579	0.0507837	0.0510434	0.0508021	0.0501686	0.0494154	0.048858	0.0487548	0.0490813	0.0494896	0.049584	0.0491881	0.0484088	0.0475869	0.0471548	0.0473791	0.0481396	0.0490109	0.0496352	0.049948	0.0500793	0.0502322	0.0506255	0.0512989	0.0519293	0.0520611	0.0515611	0.0506974	0.0498725	0.0493148	0.0489653	0.048784	0.0489378	0.0494567	0.0500546	0.0504295	0.0505096	0.0503704	0.0501222	0.0500034	0.0503186	0.051016	0.0515359	0.051432	0.0510128	0.0509188	0.051203	0.0513526	0.051067	0.0505514	0.0501774	0.0501505	0.0503859	0.0505349	0.0502453	0.0495233	0.0487487	0.0482182	0.0478275	0.0473344	0.0465905	0.0454158	0.0437019	0.0415988	0.0392063	0.0362426	0.0322804	0.0272265	0.0214872	0.0157088	0.0104807	0.00626054	0.00330516	0.0015494	0.000662705	0.000270119	0.000111335	5.31986e-005	3.58777e-005	3.22602e-005	3.18437e-005	3.19736e-005	3.11565e-005	2.81464e-005	2.41452e-005	2.1764e-005	2.13095e-005	2.01545e-005	1.61373e-005	
4.13553e-006	6.13102e-006	7.66272e-006	8.65467e-006	9.97946e-006	1.34006e-005	2.01693e-005	2.87692e-005	3.57387e-005	4.12326e-005	5.47065e-005	9.98738e-005	0.000230503	0.000569644	0.00135452	0.00292454	0.00562187	0.00966723	0.015015	0.0211515	0.0271442	0.0322362	0.0363616	0.0398335	0.0427729	0.0451079	0.046809	0.047924	0.0486454	0.0493156	0.0500457	0.0505021	0.0504198	0.0500621	0.0498685	0.0499135	0.0499263	0.0497596	0.0496851	0.0500566	0.0507597	0.0512767	0.0512981	0.0509409	0.0504148	0.0498609	0.0494388	0.049266	0.0492634	0.0491857	0.0488478	0.0483112	0.0478425	0.0477359	0.0481578	0.0489599	0.0496741	0.0499551	0.0499426	0.0500144	0.0503755	0.0509896	0.0516608	0.0520689	0.0519482	0.0513376	0.0505351	0.0498621	0.0494786	0.0493037	0.0492457	0.0494064	0.0498177	0.0502362	0.0504167	0.0503898	0.0503097	0.0502325	0.0502688	0.0506297	0.0512143	0.0514853	0.0511335	0.050623	0.0505973	0.0509821	0.0512045	0.0510248	0.0507023	0.0505869	0.0508132	0.0511822	0.051271	0.0508291	0.0500395	0.0493167	0.0488792	0.0485847	0.0481902	0.0475496	0.0465181	0.0450175	0.0432226	0.0413334	0.0391716	0.0362309	0.0321263	0.026909	0.0210122	0.0150757	0.00980079	0.00571938	0.00298588	0.0013977	0.000592547	0.000235203	9.75357e-005	5.22076e-005	3.87671e-005	3.43508e-005	3.28619e-005	3.20805e-005	2.99651e-005	2.63582e-005	2.31481e-005	2.14473e-005	1.98684e-005	1.62726e-005	
4.33727e-006	7.55048e-006	1.02948e-005	1.16608e-005	1.27894e-005	1.65692e-005	2.4655e-005	3.46044e-005	4.23303e-005	5.05509e-005	7.76375e-005	0.000169978	0.000435496	0.00109787	0.00250894	0.00503293	0.00885241	0.0138899	0.0198338	0.0260556	0.0316484	0.0359828	0.0391982	0.0418435	0.0442314	0.0463332	0.0479642	0.0489437	0.0493602	0.0496205	0.0499846	0.0502589	0.0502008	0.0499508	0.049817	0.0498533	0.0498248	0.049586	0.0494451	0.0498742	0.0507909	0.0515531	0.0517678	0.051621	0.0513464	0.0508872	0.0502237	0.0496326	0.049359	0.0492614	0.0490362	0.0486511	0.0483451	0.0483531	0.048783	0.0494915	0.0500387	0.0501075	0.0499128	0.049927	0.0503397	0.050963	0.0514865	0.0516689	0.0514382	0.050941	0.0504075	0.0500062	0.0498126	0.0497578	0.0497674	0.0499288	0.050239	0.0504158	0.0502688	0.050015	0.049952	0.0500679	0.0502544	0.0505504	0.0508873	0.0509532	0.0506365	0.0503497	0.0505207	0.050979	0.0512516	0.0512036	0.0510582	0.0510751	0.0513595	0.0517047	0.0516839	0.0511473	0.0504254	0.0499106	0.0496409	0.0493789	0.0489627	0.0483816	0.0475404	0.0462602	0.0446009	0.0428705	0.0411485	0.0390066	0.0358452	0.0313954	0.025869	0.019831	0.0140009	0.00900959	0.00522138	0.00269416	0.00123361	0.000511848	0.000207168	9.36985e-005	5.29601e-005	3.79272e-005	3.344e-005	3.33193e-005	3.2973e-005	3.00997e-005	2.57555e-005	2.20763e-005	1.92524e-005	1.55878e-005	
5.9441e-006	1.08974e-005	1.52588e-005	1.73215e-005	1.8172e-005	2.11447e-005	2.81622e-005	3.73036e-005	4.70606e-005	6.74662e-005	0.000134091	0.000332867	0.000851524	0.00202642	0.00427819	0.00788088	0.0127431	0.0184601	0.0245252	0.0303423	0.0352117	0.0387301	0.0411719	0.043173	0.0451262	0.0469973	0.0484864	0.0493037	0.0495153	0.0495484	0.0497319	0.0500156	0.0502002	0.0502247	0.0501495	0.0500082	0.0497478	0.0493825	0.0492567	0.049807	0.0508723	0.0517075	0.0518855	0.0517144	0.0515536	0.0512333	0.0505482	0.0498529	0.0496028	0.0496624	0.0495711	0.0492086	0.0488153	0.0486397	0.0488308	0.0493442	0.0498321	0.0499643	0.049837	0.0498156	0.0500749	0.0504739	0.0507878	0.0508966	0.0508095	0.050612	0.0503527	0.050075	0.0499105	0.0499225	0.0500619	0.0503261	0.0506041	0.0505624	0.0500946	0.0496197	0.0495752	0.0498819	0.0502007	0.0503832	0.0504222	0.0502851	0.0500547	0.0500328	0.0504117	0.0509599	0.0513049	0.0513646	0.0513061	0.0513288	0.0515606	0.0518579	0.0518335	0.0513731	0.0508301	0.0505258	0.0503619	0.0500552	0.0495466	0.0489888	0.0483519	0.047318	0.0457667	0.044073	0.0425758	0.0409711	0.0385491	0.0348765	0.0300408	0.0244436	0.0186019	0.0130539	0.00829613	0.00469207	0.00234326	0.00104919	0.000442289	0.000187776	8.4886e-005	4.49568e-005	3.29622e-005	3.24695e-005	3.3782e-005	3.21017e-005	2.76024e-005	2.27458e-005	1.86202e-005	1.4315e-005	
7.65791e-006	1.41029e-005	2.00399e-005	2.322e-005	2.41644e-005	2.57425e-005	3.01675e-005	3.82077e-005	5.6116e-005	0.000111191	0.000274496	0.000698432	0.00166869	0.00360294	0.00688613	0.0115814	0.0172909	0.0233625	0.0292014	0.0343197	0.0382868	0.040958	0.0427011	0.0441434	0.045663	0.0471953	0.0484111	0.0490267	0.0491114	0.0490537	0.0491916	0.0496062	0.0501448	0.0505209	0.0505264	0.0501976	0.0497127	0.0492795	0.0492382	0.0498924	0.0509843	0.051733	0.0516893	0.0512369	0.0509193	0.0506487	0.050133	0.0496418	0.0496121	0.0498921	0.0499914	0.0497363	0.049279	0.0488395	0.0486821	0.0489419	0.0493747	0.0496116	0.0495948	0.0495394	0.0495977	0.049741	0.0499048	0.0500769	0.050247	0.0503414	0.0502129	0.0498543	0.0495602	0.0496043	0.0499517	0.0504189	0.0507533	0.0506391	0.0500626	0.0495234	0.049517	0.0499669	0.0504115	0.0505353	0.0503334	0.0499726	0.0496918	0.0497428	0.0502027	0.050823	0.0512421	0.0513341	0.05124	0.0511963	0.0513776	0.051684	0.0517709	0.0515097	0.0511696	0.0510011	0.0509048	0.0506043	0.0500313	0.0494133	0.0488499	0.0480104	0.0466376	0.0450754	0.0437664	0.0424886	0.0405593	0.0375789	0.0335975	0.0287859	0.0233384	0.0175987	0.0120959	0.00743342	0.00404272	0.00196121	0.000871907	0.000365035	0.00014568	5.94134e-005	3.27042e-005	2.9112e-005	3.07025e-005	3.01263e-005	2.67638e-005	2.25005e-005	1.81625e-005	1.33608e-005	
8.15421e-006	1.51188e-005	2.21178e-005	2.67899e-005	2.87426e-005	2.97727e-005	3.27104e-005	4.37076e-005	8.43086e-005	0.000215598	0.000572133	0.00140152	0.00308107	0.00602999	0.0104716	0.0161866	0.0225138	0.0286643	0.0340585	0.0383563	0.0413624	0.0431388	0.0441329	0.0449593	0.0459583	0.0470466	0.0479304	0.0483655	0.048391	0.0483106	0.0484387	0.0489547	0.0497593	0.0504252	0.050574	0.0502357	0.0497024	0.0492776	0.0492802	0.0499281	0.0509598	0.0516274	0.0514122	0.0506384	0.0499996	0.0496695	0.0494204	0.0492963	0.0495049	0.0499271	0.0502403	0.0502691	0.0499674	0.0494206	0.04898	0.0489555	0.0491847	0.0492831	0.0491655	0.0490347	0.0490313	0.0491295	0.0493031	0.0495789	0.0499208	0.0501549	0.0500387	0.04955	0.0490789	0.0490692	0.049551	0.0502014	0.0506431	0.0506149	0.050171	0.0497465	0.0497787	0.0502589	0.0507708	0.0509105	0.0506119	0.0501095	0.0497036	0.0496287	0.0499703	0.0505399	0.0509615	0.0510162	0.0508351	0.0507391	0.0509258	0.0512693	0.0514581	0.0513604	0.0511396	0.0510187	0.0510106	0.0508601	0.0503516	0.0496609	0.0490499	0.0483334	0.0472194	0.0459297	0.0448337	0.0437461	0.0421377	0.0397764	0.0367025	0.0328291	0.0280183	0.0223975	0.0164423	0.0108743	0.00639564	0.00333942	0.0015597	0.000654929	0.000246499	8.63633e-005	3.61229e-005	2.63067e-005	2.66775e-005	2.67098e-005	2.49274e-005	2.2295e-005	1.87858e-005	1.39535e-005	
7.29268e-006	1.36613e-005	2.09666e-005	2.71998e-005	3.11302e-005	3.35309e-005	3.87373e-005	6.22803e-005	0.000152634	0.000427939	0.00111521	0.00256543	0.00519593	0.0093143	0.0148862	0.021416	0.0280618	0.0339946	0.0387541	0.0422129	0.0443428	0.0452809	0.0455172	0.045697	0.046146	0.0467697	0.0473226	0.0476048	0.0476149	0.0475485	0.0476432	0.048112	0.0489371	0.0497197	0.0500621	0.0499354	0.0495419	0.0491458	0.0490878	0.049634	0.0506186	0.051359	0.0512343	0.0503853	0.0495274	0.0491241	0.0491232	0.0493471	0.0497136	0.0501583	0.0506044	0.0509295	0.0509092	0.0504575	0.0499025	0.0496236	0.0495011	0.0491842	0.0487259	0.048506	0.0486696	0.0490064	0.0493257	0.0496371	0.0499667	0.0501889	0.0500776	0.0495668	0.0489751	0.0487961	0.0491893	0.0498366	0.050298	0.0503577	0.0501219	0.0499087	0.049992	0.0503961	0.0508647	0.0510441	0.0508149	0.0503571	0.0499022	0.049646	0.0497531	0.0501538	0.0504807	0.0504511	0.0502099	0.0501378	0.0503773	0.0507064	0.0508639	0.0507892	0.050584	0.0504513	0.0505213	0.0505766	0.0502647	0.0496477	0.0490535	0.048455	0.0476105	0.0466137	0.0456963	0.0447246	0.0433795	0.0415991	0.0394003	0.0364868	0.0324492	0.0271989	0.0210961	0.0148694	0.00938066	0.00524418	0.00258186	0.0011119	0.000416185	0.000138678	4.90789e-005	2.801e-005	2.56656e-005	2.56916e-005	2.49877e-005	2.36902e-005	2.11189e-005	1.64187e-005	
6.54912e-006	1.18164e-005	1.86585e-005	2.57089e-005	3.14939e-005	3.67719e-005	4.96479e-005	0.000102116	0.000287606	0.000809618	0.00200274	0.00428171	0.00799779	0.0132379	0.019688	0.0266459	0.0331839	0.0385325	0.0424668	0.0451414	0.0466319	0.0470025	0.0466962	0.0463886	0.0464184	0.0466802	0.0469508	0.0470795	0.0470698	0.0470276	0.0470607	0.0473333	0.04791	0.0485521	0.048985	0.0491257	0.0489612	0.0486086	0.0484625	0.0489357	0.0499863	0.0509911	0.0512496	0.050672	0.0498362	0.0493669	0.0494246	0.0497761	0.0501731	0.0505767	0.05106	0.051552	0.0517698	0.051529	0.0510412	0.0506041	0.050092	0.0492546	0.0483961	0.0481551	0.0486514	0.0493556	0.0498018	0.0500025	0.0501657	0.0503248	0.0502983	0.0499276	0.0493576	0.049014	0.0491565	0.0495656	0.0498336	0.049818	0.0496986	0.0496938	0.0498616	0.0501775	0.0505514	0.0507677	0.0506929	0.0504021	0.0500058	0.0496582	0.0495999	0.0498384	0.0500049	0.0498238	0.0495194	0.0495124	0.049822	0.0500821	0.0500973	0.0499553	0.0497561	0.0496401	0.0497529	0.0499276	0.0498181	0.0494181	0.0489839	0.0485328	0.047889	0.047066	0.0462154	0.045327	0.0442754	0.0430514	0.0416031	0.0395336	0.0362903	0.0316023	0.0256732	0.0191384	0.0128822	0.00771468	0.00405513	0.00184717	0.00072316	0.000246682	8.13423e-005	3.61691e-005	2.7472e-005	2.64548e-005	2.61969e-005	2.57668e-005	2.40746e-005	1.96847e-005	
7.50687e-006	1.19844e-005	1.78191e-005	2.43575e-005	3.08302e-005	4.00315e-005	6.85574e-005	0.000176542	0.000525533	0.00142899	0.00331455	0.00656649	0.0113348	0.0174289	0.0243238	0.0312175	0.0371905	0.0416407	0.0446574	0.0466729	0.047816	0.0480095	0.0475458	0.0470523	0.0468968	0.0470035	0.0471454	0.0471799	0.047134	0.0470795	0.0470255	0.0470562	0.0472549	0.0475281	0.0477878	0.0479982	0.0479851	0.0476923	0.0475307	0.0480457	0.0492857	0.0506623	0.0514268	0.0512808	0.0505801	0.0499716	0.0498237	0.0500315	0.0503391	0.0506963	0.0511952	0.05177	0.0521533	0.0521441	0.051807	0.0512716	0.0504208	0.0491909	0.0481163	0.047963	0.0487551	0.0496886	0.0500969	0.0500668	0.0500518	0.0502335	0.0503954	0.0502604	0.0498391	0.0494611	0.049404	0.0495355	0.0495178	0.0492924	0.0491219	0.0491791	0.0493774	0.0496535	0.0500243	0.0503475	0.0504322	0.0502596	0.049913	0.0495755	0.049497	0.0496425	0.0496222	0.0492384	0.0488389	0.0488809	0.0492691	0.0495046	0.0494282	0.0492623	0.0491373	0.0491097	0.0492514	0.0494299	0.0494033	0.0491767	0.0489177	0.048621	0.0481294	0.0473873	0.0465386	0.0457583	0.0450634	0.0443518	0.043432	0.0419151	0.0392915	0.0352253	0.0297591	0.0233327	0.016706	0.0107472	0.00610941	0.00301788	0.001279	0.000465431	0.000152212	5.45413e-005	3.06064e-005	2.60632e-005	2.55289e-005	2.5885e-005	2.53917e-005	2.18275e-005	
1.015e-005	1.45798e-005	1.94536e-005	2.49411e-005	3.20921e-005	4.88273e-005	0.000108615	0.000316709	0.000923897	0.00235601	0.00508097	0.00933946	0.0149795	0.0215427	0.028406	0.0347881	0.0398809	0.0433328	0.0455261	0.0470659	0.0480987	0.0484286	0.0481401	0.0477164	0.0475653	0.0477167	0.0479393	0.0480157	0.0479412	0.0478053	0.0476355	0.0474912	0.0474124	0.0473279	0.0472607	0.0472783	0.0472061	0.0469148	0.0467736	0.0473497	0.0487362	0.050379	0.0514968	0.0516402	0.0509872	0.0501702	0.0497329	0.0497307	0.0499215	0.0502269	0.0507498	0.0514249	0.0519744	0.0521576	0.0518976	0.0512193	0.0501467	0.0488554	0.0479117	0.0479245	0.0487928	0.0496631	0.0498577	0.0495806	0.0494979	0.0498376	0.050221	0.0502474	0.0499225	0.0495783	0.0495008	0.049585	0.0494769	0.0491018	0.0487649	0.048674	0.0487551	0.0490049	0.0495122	0.0500809	0.0503312	0.0501386	0.0497105	0.0493809	0.0493414	0.0494103	0.0492031	0.0486477	0.04817	0.0482243	0.0486804	0.0489978	0.0490015	0.0489356	0.0489371	0.0490066	0.0491534	0.0492727	0.0492055	0.0489908	0.0488028	0.0486687	0.0484034	0.0478339	0.0470835	0.0464832	0.0461469	0.0458383	0.0452041	0.0439057	0.0416063	0.0380473	0.0331667	0.0271726	0.0206066	0.0142429	0.0088105	0.0047743	0.00222228	0.000879246	0.000300152	9.78136e-005	4.02874e-005	2.60832e-005	2.29388e-005	2.31677e-005	2.36387e-005	2.11684e-005	
1.30677e-005	1.80805e-005	2.28266e-005	2.88474e-005	4.02866e-005	7.44777e-005	0.00019537	0.000577063	0.00157172	0.00368051	0.00732168	0.0125108	0.018785	0.0254731	0.0319317	0.0374974	0.0415808	0.0441166	0.045687	0.0469448	0.0480239	0.0486391	0.0486585	0.0483975	0.0483229	0.048612	0.0490356	0.0492494	0.0491604	0.0489033	0.0486238	0.0484353	0.0483338	0.048169	0.0479009	0.047615	0.0472618	0.0468158	0.0465971	0.04707	0.0483435	0.0499559	0.0511359	0.0513443	0.0506668	0.0497297	0.0491629	0.0490738	0.0491762	0.0493872	0.049892	0.0506677	0.0513865	0.0517043	0.0514286	0.0506128	0.0495385	0.0485518	0.0479985	0.0481382	0.0488284	0.0494186	0.0493591	0.0489215	0.0488736	0.0494084	0.0499359	0.04994	0.0495223	0.0491535	0.0491792	0.0494574	0.0495035	0.0491336	0.0486696	0.0484003	0.0483283	0.0485462	0.0492288	0.0501067	0.0505359	0.0502308	0.0495837	0.0491743	0.049136	0.0491239	0.0487981	0.0481933	0.0476937	0.0476836	0.0481017	0.0485092	0.0486992	0.0488244	0.0489766	0.0491047	0.049181	0.0491628	0.0489708	0.0486767	0.048525	0.0486254	0.0487413	0.0485357	0.0480381	0.0476323	0.0475112	0.0474131	0.0469083	0.045677	0.0435153	0.0402913	0.0359363	0.0305126	0.024355	0.0180213	0.0121084	0.00718696	0.00367005	0.00158608	0.000583821	0.000195083	7.02094e-005	3.33697e-005	2.2215e-005	1.97502e-005	1.97977e-005	1.79114e-005	
1.48583e-005	2.07178e-005	2.69397e-005	3.76393e-005	6.15578e-005	0.000131035	0.000359539	0.00102	0.00256697	0.00550069	0.0100712	0.0160306	0.0226902	0.0292656	0.0351321	0.0397798	0.042882	0.0446392	0.0457548	0.0468608	0.0480439	0.0489164	0.0491601	0.0489961	0.0489849	0.049414	0.0500225	0.0503447	0.0502259	0.0498785	0.0495826	0.0495137	0.0496431	0.0497034	0.0494449	0.0488536	0.0480743	0.0473416	0.0469502	0.0471567	0.0480528	0.0493662	0.0504378	0.0506817	0.0500958	0.0492411	0.048707	0.0485699	0.0485362	0.0485702	0.0489355	0.0496665	0.0504422	0.0508615	0.0506545	0.0499162	0.0491023	0.0485756	0.0483831	0.0485027	0.0488828	0.0491733	0.0489676	0.0485097	0.0485412	0.0492135	0.0498144	0.0497422	0.0491766	0.0487378	0.0488263	0.0492303	0.0493587	0.0489981	0.0485362	0.0483159	0.0483118	0.0485911	0.0493863	0.0504493	0.0509782	0.0505264	0.0496048	0.0490311	0.0489532	0.048935	0.0486733	0.0482158	0.0477866	0.0476416	0.0478475	0.0481893	0.048483	0.0487731	0.0490859	0.0492663	0.049183	0.0488868	0.048493	0.0481602	0.0481477	0.0485693	0.0491217	0.0493335	0.0491144	0.048806	0.048669	0.0485751	0.0481614	0.0470648	0.0450579	0.0420885	0.0381764	0.033376	0.0278736	0.0219309	0.0158518	0.0101816	0.00564118	0.00265201	0.00106475	0.000383152	0.000137459	5.55786e-005	2.77713e-005	1.90835e-005	1.6871e-005	1.45096e-005	
1.51843e-005	2.20476e-005	3.17488e-005	5.26714e-005	0.000101029	0.000232589	0.000631345	0.00169334	0.00395818	0.00782949	0.0132749	0.0197781	0.0265564	0.0328527	0.0381071	0.0419387	0.0442257	0.0453675	0.0461457	0.0471398	0.0483528	0.0493029	0.049571	0.0493791	0.0493817	0.0498888	0.050555	0.0508423	0.050632	0.0502599	0.0500942	0.0503017	0.0508035	0.0512082	0.0510353	0.0501697	0.0489951	0.0480562	0.0476073	0.0476046	0.0480627	0.0489738	0.0499217	0.0503091	0.0499737	0.0493074	0.04878	0.0484669	0.0481865	0.0479744	0.0480759	0.0485611	0.0492347	0.0497667	0.0498281	0.0494187	0.0489554	0.0487499	0.048716	0.0487417	0.0488681	0.0489455	0.0486949	0.0483219	0.0484543	0.0492204	0.0499426	0.0499868	0.0494846	0.0490478	0.0490437	0.0492267	0.049077	0.0485493	0.048175	0.0482878	0.0486741	0.0491785	0.049978	0.0509473	0.051373	0.0507618	0.0496182	0.0488732	0.0487556	0.048839	0.048825	0.048697	0.0484833	0.0482691	0.0482024	0.0483172	0.0485411	0.0488812	0.0493213	0.0495683	0.0493054	0.0486551	0.048026	0.0477234	0.0479111	0.0485774	0.0493853	0.0498609	0.0498433	0.049549	0.0492437	0.049021	0.0487064	0.0478682	0.0461295	0.0434567	0.0400103	0.0359155	0.0312235	0.0258597	0.0198001	0.0135302	0.00802643	0.00408071	0.00178972	0.000700416	0.000261296	0.000100568	4.32121e-005	2.35956e-005	1.70971e-005	1.3059e-005	
1.494e-005	2.31248e-005	3.7686e-005	7.35338e-005	0.000161825	0.000397213	0.00105117	0.00263766	0.0057269	0.0105372	0.0167044	0.0234949	0.0301569	0.0360696	0.0407622	0.0439305	0.0455887	0.0462832	0.0468303	0.0477048	0.0488121	0.0496674	0.049862	0.0496079	0.0495561	0.0499901	0.050521	0.0506174	0.0502514	0.0498782	0.0499046	0.0504315	0.0512812	0.0519512	0.0518461	0.050854	0.0495538	0.0486929	0.0484504	0.048467	0.048614	0.0491223	0.0498924	0.0503842	0.050266	0.0497266	0.0491189	0.0485702	0.0480564	0.0476511	0.0475125	0.0477347	0.0482991	0.0489961	0.0494161	0.0493466	0.0490625	0.0489042	0.0488663	0.0488385	0.0488204	0.0487235	0.0484319	0.0481712	0.0484011	0.0492201	0.0501148	0.0504886	0.0503102	0.0500034	0.0498227	0.0495615	0.0489244	0.0481378	0.0478806	0.048429	0.0493115	0.0500528	0.0506978	0.0513035	0.0514463	0.0507147	0.0494947	0.048653	0.0484953	0.0486773	0.0489088	0.0491211	0.0492157	0.0491117	0.0489224	0.0488322	0.0489111	0.0492006	0.0496797	0.0499772	0.0496291	0.0487525	0.0479557	0.0476643	0.0479143	0.0485464	0.04928	0.0497988	0.0499411	0.04972	0.0492864	0.0489133	0.0486603	0.0480867	0.0466783	0.0443947	0.0415116	0.0381965	0.0343386	0.0295609	0.0236066	0.0169344	0.010673	0.00585399	0.0028021	0.00119148	0.000467563	0.000179167	7.17922e-005	3.35302e-005	1.99389e-005	1.31676e-005	
1.56392e-005	2.5894e-005	4.65754e-005	0.000103307	0.000257158	0.000665692	0.00169391	0.00392323	0.00785555	0.0134616	0.0200959	0.0269304	0.0333354	0.0388373	0.0430087	0.0455815	0.0467061	0.0470638	0.0474435	0.0481719	0.0491104	0.0498906	0.0501405	0.0499129	0.04972	0.0498861	0.0501396	0.0500132	0.0494966	0.0490759	0.0491893	0.0499033	0.0509412	0.0517376	0.0517332	0.0508833	0.0497916	0.0492115	0.0492802	0.0494644	0.0494708	0.049616	0.0500614	0.0504264	0.0503382	0.0498465	0.0492077	0.0485822	0.0480286	0.0476056	0.0474127	0.0475897	0.048235	0.049178	0.0498935	0.0499742	0.0496188	0.0492947	0.0491459	0.0490477	0.0489034	0.048666	0.0483768	0.0482425	0.0485128	0.0492575	0.0501853	0.0508149	0.0509692	0.0508531	0.050613	0.0501128	0.0492387	0.048353	0.0481783	0.0489663	0.050104	0.0508848	0.0512417	0.0513988	0.0512339	0.0504539	0.0492884	0.0484305	0.0482137	0.0483996	0.0487244	0.0491122	0.0494519	0.0495798	0.0494935	0.0493538	0.0493024	0.0494572	0.0498589	0.0501879	0.0499461	0.0491318	0.0483076	0.0479373	0.0480299	0.0483746	0.0487905	0.0491745	0.0494358	0.0494116	0.049051	0.0486362	0.0483871	0.047966	0.0468612	0.0450314	0.0427676	0.0401833	0.0370106	0.0327153	0.0269757	0.0202196	0.0135373	0.00801188	0.00416791	0.00190907	0.000783798	0.000300322	0.000114035	4.71228e-005	2.36485e-005	1.36799e-005	
1.8419e-005	3.29267e-005	6.49036e-005	0.000158941	0.000427504	0.00111621	0.00267088	0.00565437	0.010387	0.0165671	0.0233763	0.0300312	0.036074	0.0411474	0.0448314	0.0468889	0.0476024	0.047724	0.0479363	0.0484614	0.0492496	0.0501008	0.0505861	0.0504504	0.0500291	0.049811	0.0497691	0.0494905	0.0488709	0.0483371	0.0483648	0.0490544	0.0501081	0.0509824	0.0512077	0.0507345	0.0499956	0.049611	0.0497731	0.050015	0.0499591	0.049838	0.0499093	0.0499938	0.049829	0.0494106	0.0488978	0.0484207	0.0480162	0.047705	0.0476214	0.0479898	0.0489183	0.0501497	0.0510431	0.0511088	0.0505675	0.0500109	0.0496759	0.0494259	0.0491666	0.0489484	0.0488511	0.048914	0.0491666	0.0496676	0.0503316	0.0508723	0.0511254	0.0511833	0.0511225	0.0508272	0.0501667	0.0493762	0.0491072	0.0497216	0.0507249	0.0513693	0.051497	0.0513669	0.0509951	0.0501707	0.0490426	0.0481746	0.0479058	0.0480759	0.0484213	0.048849	0.0493071	0.0496608	0.0497861	0.0496808	0.0494621	0.0493654	0.0495961	0.0499915	0.050068	0.0495918	0.0488689	0.0483504	0.0481749	0.0481931	0.0482585	0.0483899	0.0486409	0.0488529	0.048793	0.0485436	0.0483279	0.0479879	0.0471453	0.0457506	0.044015	0.0419501	0.0392094	0.0352871	0.0299288	0.02346	0.0167107	0.0106408	0.00595862	0.00289946	0.00122861	0.000465303	0.000166397	6.20151e-005	2.77045e-005	1.49567e-005	
2.31207e-005	4.58386e-005	0.000100677	0.000263688	0.000721962	0.0018252	0.00406562	0.00789204	0.0133623	0.01992	0.0266624	0.0329147	0.0384089	0.0429433	0.0461856	0.0479542	0.0485498	0.048616	0.048665	0.0489295	0.0495667	0.0505103	0.0512034	0.051118	0.0504818	0.0499395	0.0496451	0.0492129	0.0484704	0.0477901	0.0476459	0.0481712	0.0491419	0.0501259	0.0506967	0.0506668	0.0502117	0.0498038	0.0497574	0.0498384	0.0497106	0.0494598	0.0492845	0.0491483	0.0489513	0.0486943	0.0484418	0.0482335	0.0480134	0.0477784	0.0477924	0.0483991	0.0496248	0.0510443	0.0519628	0.0519417	0.0512578	0.0505381	0.0500403	0.0496571	0.0493897	0.0493929	0.0496751	0.0500348	0.0503026	0.0504966	0.0506662	0.0507951	0.0509195	0.0511256	0.0513983	0.0515425	0.0512755	0.0505961	0.0500561	0.0502061	0.050844	0.0513407	0.0514558	0.0513144	0.0508709	0.0499498	0.0487493	0.047838	0.0475671	0.0477958	0.0482166	0.0486862	0.0492097	0.0497265	0.0500293	0.0499341	0.0494966	0.0490827	0.0491145	0.0496129	0.0501024	0.050076	0.0495031	0.0488011	0.0483442	0.0481294	0.0479528	0.0478062	0.0479215	0.0483397	0.0487282	0.0488425	0.0487716	0.0485283	0.0478965	0.0467974	0.0453521	0.0435391	0.041047	0.0374838	0.0326734	0.0267661	0.0202107	0.0137357	0.0081929	0.00419732	0.00182896	0.000686558	0.000233057	7.99755e-005	3.34522e-005	1.806e-005	
2.79259e-005	6.19649e-005	0.000151853	0.000418143	0.00114089	0.00277789	0.00582413	0.0105329	0.0166638	0.0234575	0.0299809	0.0356527	0.0403839	0.0442152	0.0470406	0.0487576	0.049526	0.0497138	0.0496605	0.0496817	0.0501183	0.0509708	0.0516472	0.0515744	0.0509321	0.0503072	0.0498225	0.0491457	0.0482053	0.0473984	0.0471252	0.0474768	0.0483218	0.0493719	0.0502076	0.0504749	0.050154	0.0496373	0.0493471	0.0492603	0.0491105	0.0488476	0.0485638	0.0483038	0.0481257	0.0480866	0.0481702	0.0482657	0.0481775	0.0478966	0.0478575	0.048534	0.0498479	0.051214	0.051979	0.0518504	0.0511316	0.0503796	0.0498303	0.0494329	0.0492738	0.0495525	0.0502047	0.0508699	0.0512312	0.0512088	0.0509006	0.0505544	0.0504791	0.0507981	0.0513527	0.051808	0.051789	0.0511959	0.0505016	0.0503146	0.0506387	0.0510269	0.0512346	0.0512178	0.0507813	0.0497709	0.0485065	0.0476086	0.0473948	0.0476936	0.0481857	0.0487147	0.0492993	0.0499098	0.0503138	0.0502349	0.0496702	0.0490439	0.0489239	0.0494822	0.0502761	0.050599	0.0501155	0.049182	0.0484233	0.0480382	0.0477491	0.0474324	0.0474532	0.0480869	0.0489474	0.0494693	0.0495646	0.049366	0.0488099	0.047812	0.046452	0.0447561	0.0425017	0.0393739	0.0352088	0.0299814	0.0237912	0.0170987	0.010799	0.00583443	0.00265147	0.00101703	0.000342378	0.000112505	4.42349e-005	2.32144e-005	
3.0344e-005	7.49032e-005	0.000204616	0.000593685	0.00162237	0.00384954	0.00773923	0.0133005	0.0199836	0.0268848	0.0331061	0.0381605	0.0421004	0.0451985	0.0475924	0.0492602	0.0502015	0.0505305	0.0504683	0.0503591	0.0505635	0.0511049	0.0515548	0.0515337	0.0511585	0.0507171	0.050151	0.0492543	0.0481774	0.0473558	0.0470617	0.0472941	0.0479677	0.0489029	0.0497162	0.0500007	0.0496835	0.0491411	0.048825	0.048785	0.0487648	0.0485994	0.0482792	0.0478984	0.0476803	0.0478092	0.04822	0.0486108	0.0486271	0.0482489	0.0480199	0.0485074	0.0496027	0.0506804	0.0512012	0.0510132	0.0503762	0.0497157	0.0492381	0.0489327	0.0488907	0.0492929	0.0500661	0.0508433	0.0512737	0.0511981	0.0506843	0.0500964	0.0499135	0.0502939	0.0509473	0.0514353	0.0514547	0.0510104	0.0505044	0.0503769	0.0506027	0.0508748	0.0510612	0.0510745	0.0506323	0.0496181	0.0484504	0.0477203	0.0476054	0.047881	0.0483158	0.0488333	0.0494273	0.0500365	0.050469	0.0504714	0.0499835	0.0493677	0.049204	0.049747	0.0506196	0.0510516	0.050536	0.0493673	0.0483385	0.04783	0.0475472	0.0472732	0.0473989	0.0482672	0.0494156	0.0501007	0.0501604	0.0498346	0.0492132	0.0482539	0.0470064	0.0455127	0.0435961	0.0409565	0.0374086	0.032829	0.0270998	0.0204342	0.0136362	0.00782316	0.0037809	0.00153523	0.000538672	0.000177327	6.47143e-005	3.03213e-005	
2.97128e-005	8.253e-005	0.000253827	0.000777428	0.002129	0.00494564	0.00963538	0.0159535	0.0230503	0.0299229	0.0357962	0.0403389	0.0436977	0.0462323	0.0481863	0.0496072	0.0504729	0.0508219	0.0508132	0.050701	0.0507017	0.0508411	0.0509803	0.0510309	0.0510181	0.0508669	0.0503623	0.0494822	0.0485454	0.047904	0.0476644	0.0477715	0.0481866	0.0488115	0.0493376	0.0494185	0.0490435	0.0485973	0.0484561	0.0486212	0.0488438	0.0488938	0.0486274	0.0481123	0.0477287	0.0478522	0.0484307	0.049011	0.0491268	0.0487293	0.048329	0.0484901	0.0491773	0.0498811	0.0501974	0.0500359	0.0495662	0.0491056	0.0488423	0.0487178	0.048709	0.0489629	0.0494997	0.0500858	0.0504613	0.0504597	0.0500666	0.0495757	0.0494506	0.0498407	0.0504085	0.0507275	0.0506721	0.0504302	0.0503313	0.0505332	0.050822	0.0509525	0.0509713	0.0508933	0.0504455	0.0495325	0.0485924	0.0481172	0.0481158	0.0483189	0.0486136	0.0490233	0.0495102	0.0499844	0.0503429	0.0504198	0.050115	0.0496697	0.0495736	0.0500749	0.0508448	0.0511707	0.0505757	0.0493405	0.0482595	0.0477598	0.0475934	0.0475514	0.0479428	0.0489418	0.0499792	0.0503682	0.0500891	0.0495307	0.0489007	0.0481663	0.0472748	0.046176	0.044675	0.042476	0.0393925	0.0352998	0.0300159	0.0235703	0.0165687	0.0101151	0.00523642	0.00227699	0.000845432	0.000284337	9.80388e-005	4.0128e-005	
2.89389e-005	9.40035e-005	0.00032274	0.00101693	0.00273448	0.00614271	0.0115503	0.018474	0.0258167	0.0325263	0.0380187	0.0421777	0.0451973	0.0473749	0.0489338	0.0499899	0.0506133	0.0508778	0.0508986	0.0508035	0.0506449	0.0504388	0.0502954	0.0503704	0.050619	0.0507152	0.0503974	0.0498103	0.0492875	0.0489522	0.0487343	0.0486137	0.0486827	0.0489513	0.0491602	0.0489999	0.0485557	0.0482559	0.0483441	0.0486986	0.049119	0.0493965	0.0492432	0.0486233	0.0480136	0.0479614	0.0484779	0.04908	0.0492958	0.0490336	0.0486402	0.0485737	0.0489004	0.0492905	0.0494539	0.0493214	0.0490145	0.0488214	0.0489022	0.0490304	0.0489657	0.0488554	0.0489337	0.049181	0.0494502	0.0495822	0.0494692	0.0492445	0.049224	0.0495132	0.0498506	0.0499448	0.0498248	0.0497862	0.0500745	0.0505855	0.0509155	0.0508682	0.0506843	0.0505354	0.0501799	0.049467	0.048764	0.0484954	0.0486147	0.0488395	0.0490736	0.0493401	0.0495973	0.0498094	0.0499778	0.0500183	0.049835	0.0495727	0.0495829	0.0500365	0.0506324	0.0508011	0.0502407	0.0492344	0.0483913	0.0480213	0.0479694	0.0481563	0.0487842	0.0497379	0.0503516	0.0501542	0.0494141	0.0487081	0.0483061	0.0480831	0.0477724	0.0471554	0.0460248	0.044136	0.0413261	0.037523	0.0325918	0.0264477	0.0194452	0.0125412	0.006898	0.00318372	0.00124148	0.000427675	0.000143939	5.41279e-005	
3.34901e-005	0.00012623	0.000452995	0.00139556	0.00357279	0.00760583	0.0136318	0.0209587	0.0283502	0.0347722	0.0398373	0.0436384	0.0463992	0.048321	0.0495845	0.0503701	0.0508242	0.0510126	0.0509788	0.0507937	0.0504854	0.0500928	0.0498286	0.0499373	0.0503234	0.0505694	0.0504648	0.0502533	0.0501715	0.0500869	0.04979	0.0493529	0.0490808	0.0491368	0.0492311	0.0489491	0.0484207	0.0481935	0.048452	0.0489266	0.0494148	0.04976	0.0496177	0.0488859	0.04807	0.0477873	0.048124	0.0486886	0.0490695	0.0490935	0.0488929	0.0487879	0.0489094	0.0490708	0.0490756	0.0489048	0.0487059	0.0487668	0.0491859	0.04955	0.0494143	0.0489383	0.0485877	0.0485533	0.0487688	0.0490735	0.0492599	0.0492609	0.0492146	0.0492359	0.0492668	0.0492012	0.0491073	0.0492512	0.0497812	0.0504129	0.0506479	0.0503863	0.0500381	0.0498865	0.049698	0.049227	0.0487295	0.0486144	0.0488923	0.0492829	0.0495844	0.0497178	0.0496803	0.0495813	0.0495291	0.0494815	0.0493603	0.0492444	0.0493295	0.049687	0.050086	0.0501701	0.0498173	0.0492277	0.0487042	0.0483765	0.0482343	0.0484326	0.0491449	0.050019	0.0503081	0.0496981	0.048669	0.0479691	0.04793	0.0482932	0.0485387	0.0482915	0.0473891	0.0456833	0.0430255	0.039386	0.0347263	0.0289017	0.0220145	0.0148249	0.00855659	0.00414736	0.00168762	0.000596679	0.000200733	7.32274e-005	
4.9465e-005	0.000194566	0.000675089	0.00196073	0.00470072	0.00938629	0.0159145	0.023433	0.0306952	0.0367349	0.0412918	0.0446185	0.0470276	0.0487025	0.0497832	0.0504616	0.0508994	0.0510898	0.0509616	0.0505889	0.050141	0.0497692	0.0496576	0.0499288	0.0503914	0.0506626	0.0506585	0.0506729	0.0508414	0.0508746	0.0504716	0.0497614	0.0492579	0.0493	0.0495285	0.0493084	0.0487065	0.0484185	0.0487336	0.0493112	0.0498339	0.0501007	0.0497883	0.0488391	0.0477742	0.0472216	0.0473689	0.0479712	0.0486355	0.0490344	0.0491006	0.0490445	0.0490264	0.048976	0.0488182	0.0486239	0.0485555	0.048821	0.0494295	0.0499216	0.0497903	0.0491509	0.0485438	0.0482999	0.0484701	0.0489488	0.0494212	0.0495793	0.0494175	0.0491483	0.0489478	0.048828	0.0487827	0.0489888	0.04955	0.0501198	0.0501968	0.0497781	0.0493481	0.0492013	0.0491179	0.0488402	0.0485497	0.0486087	0.0490612	0.0496287	0.0499998	0.0499971	0.0496776	0.0493149	0.0491253	0.0490802	0.0490774	0.0491205	0.049256	0.0494627	0.0496326	0.0496703	0.0495684	0.0493387	0.0489628	0.0484439	0.0479652	0.0479575	0.048649	0.0495649	0.0498891	0.0493016	0.0482887	0.0476837	0.0479015	0.0486175	0.0491692	0.04912	0.0483595	0.0467986	0.044266	0.040742	0.0362959	0.0307804	0.0240922	0.0167938	0.0101004	0.00512422	0.00217814	0.000794241	0.000269368	9.67292e-005	
8.1743e-005	0.000306395	0.000991821	0.00269117	0.0060515	0.011381	0.0183102	0.0258717	0.0328901	0.0384831	0.0424396	0.0451302	0.0470375	0.0484193	0.0493629	0.050009	0.0505054	0.0507718	0.0506113	0.0500922	0.0495727	0.0493772	0.0496121	0.0501454	0.0506456	0.0508327	0.0507818	0.050816	0.0510318	0.051109	0.0506851	0.0498611	0.0492656	0.0493875	0.0498551	0.049853	0.0492883	0.0488985	0.0491635	0.0498348	0.0504669	0.0506887	0.0501645	0.048919	0.047506	0.0465928	0.0465165	0.0471734	0.0481304	0.0488914	0.0492236	0.0492188	0.0490291	0.0487363	0.0484658	0.0483786	0.04855	0.0489907	0.0496247	0.05012	0.0500651	0.0494719	0.0487747	0.0483618	0.0484325	0.0489761	0.0496181	0.0498979	0.0497434	0.0494396	0.0492546	0.0491631	0.049033	0.0490342	0.0493939	0.0498371	0.0498579	0.0494402	0.0490232	0.048861	0.0488036	0.0486906	0.0486461	0.0488789	0.049385	0.0499392	0.0502433	0.0500904	0.0495608	0.049019	0.0487736	0.048813	0.0489807	0.0492035	0.0494177	0.0495147	0.0494786	0.0494426	0.0494819	0.0494266	0.049015	0.0482038	0.0473668	0.0471484	0.0478158	0.0488404	0.0493927	0.0490981	0.0483235	0.0478613	0.0481619	0.0489233	0.0495284	0.0495895	0.0489813	0.0475748	0.045166	0.0417426	0.03746	0.0322134	0.0257843	0.0185486	0.0116201	0.00618452	0.00276014	0.00104549	0.000358076	0.000124613	
0.000131173	0.000459031	0.00138618	0.00353385	0.00752008	0.0134604	0.0207336	0.0282658	0.0349623	0.0400553	0.0433946	0.0454334	0.0467885	0.0477992	0.0485448	0.049136	0.0496878	0.0500532	0.0499545	0.0494345	0.0489474	0.048942	0.0494776	0.0502194	0.0507255	0.0508053	0.0506485	0.050597	0.0507682	0.050889	0.0505645	0.0498104	0.0492358	0.0493969	0.0500178	0.0502799	0.049913	0.0495049	0.0496563	0.0503409	0.0511032	0.051395	0.0508071	0.0493858	0.0476932	0.0464494	0.0461228	0.0466997	0.0477442	0.0487227	0.0492965	0.0493642	0.0490011	0.0484769	0.0481713	0.048295	0.0487493	0.0493239	0.0498908	0.0502858	0.0502424	0.0497089	0.0490113	0.0485505	0.0485581	0.0490067	0.0495571	0.0498546	0.0498799	0.0498665	0.0499648	0.0499764	0.0496377	0.049224	0.0492545	0.0496201	0.0497347	0.0494206	0.0490262	0.0488405	0.0488535	0.0489803	0.0492018	0.04951	0.049866	0.0501855	0.0502968	0.050009	0.0493611	0.0487129	0.0484251	0.0485181	0.048802	0.0491582	0.0494804	0.0496056	0.0495182	0.0494348	0.0494937	0.0494718	0.0490044	0.0480457	0.0470808	0.0468191	0.0474808	0.048524	0.0492064	0.049182	0.0487025	0.0484255	0.0487469	0.0494123	0.0499406	0.0500348	0.0495187	0.0481992	0.0458849	0.0425824	0.038466	0.033478	0.0273723	0.0203425	0.0133039	0.00744539	0.00350071	0.00138557	0.000481257	0.000160602	
0.00019414	0.000643341	0.00183861	0.00445063	0.00904521	0.0155531	0.0231243	0.0305661	0.0368607	0.0414372	0.0442946	0.0459065	0.0468449	0.0474517	0.0478972	0.0483577	0.0488903	0.049278	0.0492528	0.0488522	0.0484805	0.0485814	0.049231	0.0500624	0.0505936	0.0506369	0.0503992	0.0502461	0.0503702	0.050584	0.0504736	0.0499268	0.0494146	0.0494788	0.0500308	0.0504399	0.0503171	0.0499674	0.0499826	0.0505826	0.0514171	0.051847	0.051393	0.0500702	0.048401	0.0471068	0.0466668	0.0470517	0.0478991	0.0488412	0.0495482	0.0497035	0.0492529	0.0486061	0.0483259	0.048606	0.0492026	0.0498016	0.050255	0.0504508	0.0502155	0.0495745	0.0489039	0.0485889	0.0486888	0.0489903	0.0492564	0.0494402	0.0496549	0.05	0.0504264	0.0505774	0.0500977	0.049349	0.0491103	0.0494457	0.0496839	0.0494522	0.0490378	0.0488602	0.0490544	0.0494721	0.049864	0.0500937	0.0501955	0.0502339	0.0501458	0.04977	0.0491109	0.0484761	0.0481989	0.0483037	0.0486011	0.048969	0.0493381	0.0495896	0.049657	0.049643	0.0496691	0.0496043	0.049157	0.0483033	0.0475041	0.047359	0.0479776	0.0488736	0.0494906	0.0495882	0.0493425	0.0492554	0.0496324	0.0502332	0.0506424	0.0506153	0.0499927	0.0486142	0.0463562	0.0432327	0.0393704	0.03473	0.0290588	0.0223479	0.0152579	0.0089603	0.00442564	0.00182728	0.000644864	0.000207158	
0.000268069	0.000855801	0.00234588	0.00543889	0.0106199	0.0176284	0.0253993	0.0326352	0.0384415	0.0425422	0.0451424	0.0466521	0.0474287	0.0477328	0.0478679	0.0481226	0.0484967	0.0487407	0.0486962	0.0484416	0.0482392	0.0484081	0.0490578	0.0499089	0.0504966	0.0505794	0.05031	0.0500735	0.0501761	0.0505368	0.0507056	0.0503975	0.0498957	0.0496967	0.0499306	0.0502575	0.0502621	0.0499674	0.0498788	0.0503975	0.0512903	0.0518808	0.0516623	0.0506479	0.0493238	0.0483472	0.0480649	0.0483121	0.0488107	0.04947	0.0500997	0.0502869	0.0498823	0.0493071	0.0491048	0.0493799	0.0498743	0.0503435	0.0506265	0.0505312	0.0499382	0.049074	0.0484518	0.0483652	0.0486082	0.0488057	0.048866	0.0489962	0.0493473	0.0498594	0.0503731	0.0505575	0.0500854	0.0492771	0.0489168	0.0491673	0.0494189	0.0492511	0.0489067	0.0488692	0.0493153	0.0499412	0.050307	0.0503102	0.0501517	0.0499795	0.0497502	0.0493618	0.0488668	0.0484874	0.0483785	0.0484815	0.0486577	0.0488621	0.0491372	0.0494937	0.049814	0.0499592	0.049943	0.0498028	0.0494556	0.0489083	0.0484615	0.0484792	0.0489698	0.0495868	0.0500045	0.0500995	0.0499964	0.0500675	0.0505397	0.0511471	0.0514289	0.0511418	0.0502453	0.0487277	0.046545	0.0436862	0.040205	0.0360375	0.0308806	0.0245209	0.0173892	0.0106429	0.00547983	0.0023426	0.000836577	0.000259167	
0.000354588	0.00110507	0.00293053	0.00653704	0.012281	0.0196776	0.0274672	0.0343243	0.0395649	0.0432386	0.0457235	0.0473258	0.048173	0.0484114	0.0483985	0.048469	0.0485839	0.0485373	0.0483523	0.0482002	0.0482023	0.0484817	0.0491178	0.0499249	0.0505048	0.0506054	0.050329	0.050051	0.0501595	0.0506621	0.05107	0.0509477	0.0504148	0.0498969	0.0496827	0.0497251	0.049697	0.0494548	0.0493847	0.0499352	0.0509198	0.0516398	0.0516096	0.0509146	0.0500484	0.0495566	0.049575	0.0497658	0.0499156	0.0501877	0.0505961	0.0507973	0.0506156	0.05033	0.0502576	0.0503924	0.0506107	0.0508441	0.0509013	0.0504919	0.0495882	0.0486066	0.0480683	0.0480705	0.0482594	0.048348	0.0484403	0.0487738	0.0493136	0.0498063	0.050106	0.0501106	0.049672	0.0489837	0.0485775	0.0486255	0.0487778	0.0487663	0.0487342	0.0490152	0.0497081	0.0504175	0.0506301	0.0503269	0.04988	0.0495108	0.0491759	0.0488631	0.0487302	0.0488546	0.049044	0.049068	0.0489219	0.0487795	0.0488484	0.049228	0.0497213	0.0499858	0.049963	0.0498505	0.0497351	0.0495841	0.0494747	0.049563	0.0498516	0.0501678	0.0503588	0.0503873	0.0503714	0.0505888	0.0511697	0.0517908	0.0519253	0.0513391	0.0501697	0.0485989	0.0466267	0.0441678	0.041175	0.0375027	0.0327689	0.0266463	0.0194438	0.0122966	0.0065517	0.00288357	0.0010404	0.000311953	
0.000453077	0.00139343	0.00360121	0.00775867	0.014029	0.0216572	0.0292372	0.0355385	0.040159	0.0434232	0.0458043	0.0475292	0.0485876	0.0490175	0.0491114	0.0491467	0.0490503	0.0486997	0.0483119	0.048192	0.0483805	0.048785	0.0493803	0.0500499	0.0504932	0.0504987	0.0501629	0.0498511	0.0499724	0.0505613	0.0511196	0.0511608	0.0506915	0.05	0.0494008	0.0490863	0.0489427	0.0488173	0.0489345	0.0496134	0.0506463	0.0513719	0.0513884	0.0508892	0.0503763	0.0502478	0.0504367	0.0505129	0.0503525	0.0502993	0.0505507	0.0509034	0.0511512	0.0513025	0.051364	0.0512864	0.0511782	0.0511476	0.0509667	0.0503324	0.0493609	0.0485182	0.0481144	0.0480221	0.0479493	0.0478994	0.048164	0.0488554	0.0496322	0.0500349	0.0499777	0.0496499	0.0491512	0.0485716	0.0481272	0.0479582	0.0480405	0.0483076	0.0487189	0.0493294	0.0501697	0.050904	0.0510169	0.0504702	0.0497288	0.0491384	0.0487038	0.0484916	0.0487476	0.0493866	0.0498357	0.0496727	0.0490708	0.0485123	0.0483683	0.0486908	0.0491574	0.0494	0.0494561	0.0496075	0.0498939	0.0501111	0.050164	0.0501729	0.0502615	0.0503817	0.050408	0.0503447	0.0503844	0.0507529	0.0514332	0.052021	0.0519817	0.0511497	0.0498483	0.0484194	0.0468432	0.0449013	0.042409	0.0391107	0.0345825	0.0285209	0.0212268	0.0137812	0.00756832	0.00342916	0.00126035	0.000374196	
0.000561136	0.00170673	0.00431198	0.00900476	0.0157112	0.0233979	0.0305832	0.0362292	0.0402297	0.0431136	0.045399	0.0472541	0.0485774	0.0493078	0.0496472	0.049805	0.0496828	0.0491967	0.04866	0.0484905	0.0487463	0.0492042	0.0497332	0.0502514	0.0505121	0.0503078	0.04977	0.0493416	0.0494515	0.0500866	0.0507449	0.0509801	0.0507309	0.0500983	0.0493089	0.0487173	0.0484853	0.0485504	0.0489303	0.0496951	0.0506144	0.0511735	0.0511207	0.0507243	0.0504276	0.0504529	0.050593	0.0504423	0.0500067	0.0497492	0.0499862	0.0506186	0.0513662	0.0519465	0.0521118	0.0518454	0.0514682	0.0512008	0.050823	0.0501244	0.0493458	0.0488468	0.0486286	0.0484287	0.0481386	0.0480082	0.0484002	0.0493066	0.0501855	0.0504483	0.0500566	0.0493991	0.0487682	0.0482344	0.0478197	0.0476159	0.0477683	0.0482766	0.0489346	0.0496502	0.0505069	0.051288	0.0514468	0.0508104	0.0498518	0.0490724	0.0485645	0.0484084	0.0488628	0.0497488	0.0502844	0.0499348	0.048989	0.0481554	0.0478925	0.048112	0.048378	0.0484679	0.0486338	0.0491497	0.0498504	0.0503337	0.0504375	0.0503648	0.0503744	0.050436	0.0503395	0.0501251	0.0501307	0.0505794	0.0513087	0.0518476	0.0517086	0.0508168	0.0496058	0.0484725	0.0473287	0.0458249	0.0436712	0.0405644	0.036107	0.0300694	0.0227542	0.0151408	0.00857549	0.00402184	0.0015314	0.000468951	
0.000686331	0.00204376	0.00501695	0.0101427	0.0171181	0.0247076	0.031445	0.0365061	0.0400125	0.0426235	0.0448843	0.0468958	0.0484358	0.0493526	0.0498398	0.0501529	0.050218	0.049888	0.0493692	0.049084	0.0492113	0.0495922	0.0500684	0.0505232	0.0506616	0.0502244	0.0494091	0.0488209	0.0489219	0.0495843	0.0502893	0.0506864	0.0506915	0.0502416	0.049455	0.0487672	0.0485436	0.0487956	0.0493431	0.0500294	0.0506584	0.0509384	0.0507912	0.0505011	0.0503837	0.050491	0.0505456	0.0502046	0.049567	0.0491583	0.0493633	0.0501429	0.0511765	0.0520293	0.0523304	0.0520706	0.051617	0.0512145	0.0507433	0.0501513	0.0497041	0.0495583	0.0494801	0.0492254	0.048885	0.0487718	0.0491517	0.049958	0.0506712	0.0507404	0.050154	0.0493264	0.0486073	0.0481287	0.0478939	0.0479079	0.0482119	0.0487153	0.0492221	0.0497738	0.0505869	0.0514668	0.0517551	0.0511225	0.0500344	0.0491507	0.0486556	0.0485496	0.0489875	0.0497886	0.0502377	0.0498338	0.0488545	0.0480181	0.0477622	0.0478853	0.0479229	0.0478295	0.0480182	0.0487167	0.0496304	0.0502957	0.0505459	0.0505966	0.0506887	0.0507068	0.0503948	0.0499038	0.0497257	0.0501046	0.0508139	0.0513769	0.0513614	0.050709	0.0497897	0.0489229	0.0479865	0.0466213	0.0445447	0.0415001	0.0371503	0.0312818	0.0241184	0.0164891	0.00967043	0.00473225	0.00189768	0.000619326	
0.000840416	0.00242281	0.00572652	0.0111551	0.0182211	0.0256205	0.0320006	0.0367132	0.0399806	0.0424854	0.0447711	0.0468844	0.0484873	0.0493645	0.0497883	0.0501824	0.0505589	0.0506272	0.0503217	0.0499465	0.0498129	0.0499601	0.0503005	0.0506679	0.0507078	0.0501511	0.0492576	0.0487061	0.0488905	0.0495381	0.0501679	0.0505887	0.0507298	0.0504261	0.049744	0.0491349	0.0490009	0.0493443	0.0498735	0.0503249	0.0505771	0.0505554	0.050331	0.0501562	0.0502101	0.0504521	0.0506052	0.0503231	0.0496441	0.049068	0.0490401	0.0496184	0.0505718	0.0515138	0.0520544	0.0520817	0.0518012	0.0514128	0.050972	0.0505895	0.0504449	0.0504726	0.0503541	0.0500015	0.0496826	0.0496269	0.0498682	0.0503085	0.0506486	0.0505546	0.0500218	0.0493062	0.0486647	0.0483184	0.0483713	0.0487131	0.0491026	0.0493137	0.0493475	0.0495579	0.0502829	0.0512468	0.0516585	0.0510904	0.0500047	0.0491587	0.0487871	0.0487606	0.0490583	0.049557	0.0498236	0.0495198	0.0488041	0.0481973	0.0480313	0.0480913	0.0479911	0.0477885	0.0479128	0.0485661	0.0495019	0.0503332	0.0508783	0.0512263	0.0514286	0.0512559	0.0505616	0.0497032	0.049256	0.049471	0.0501626	0.0508928	0.0512217	0.05099	0.0503674	0.0495492	0.048494	0.0469921	0.0448474	0.0418571	0.0377164	0.0321736	0.0253268	0.0178304	0.0108593	0.00556439	0.00235774	0.000821336	
0.00101626	0.00283274	0.00644605	0.0121082	0.0191925	0.0264201	0.032595	0.0371962	0.0404486	0.04296	0.0452246	0.0472745	0.0487453	0.0494182	0.0496576	0.0500583	0.0507217	0.051221	0.0512402	0.0509337	0.0506231	0.0504595	0.0504641	0.0505296	0.0503814	0.0498589	0.0492373	0.0490444	0.0494346	0.0500203	0.0504714	0.0508084	0.0509791	0.0507519	0.0501944	0.0497306	0.0496599	0.0499348	0.0502866	0.0504524	0.050348	0.0500484	0.049741	0.0496208	0.049759	0.050144	0.0505905	0.0506717	0.0501852	0.0494824	0.0490661	0.0491795	0.0498103	0.0507226	0.0515222	0.0519303	0.0519315	0.0516608	0.0513138	0.0510953	0.0510725	0.0510443	0.0507461	0.0502843	0.0500285	0.0500382	0.0500673	0.0500209	0.0499466	0.0498232	0.0496115	0.0492903	0.0489292	0.0488009	0.0491219	0.0496919	0.0500146	0.0497825	0.0492302	0.0489982	0.0495143	0.0504526	0.0509806	0.0506399	0.049819	0.0492056	0.0490077	0.0490217	0.0491135	0.0492452	0.0493068	0.049164	0.0488348	0.0485553	0.0484967	0.0484937	0.0483199	0.0480908	0.0481578	0.0487111	0.0496275	0.0506234	0.0514774	0.0520956	0.0522907	0.0517765	0.0506434	0.0494634	0.0487972	0.0488886	0.0496421	0.0506252	0.0512988	0.051371	0.0508617	0.0499133	0.0486195	0.0469571	0.0448061	0.0419539	0.0380761	0.0328871	0.0263968	0.0191028	0.0120475	0.00642427	0.00283924	0.00103172	
0.00118552	0.0032162	0.00711906	0.0130255	0.0201989	0.0273785	0.0334828	0.0380774	0.0413667	0.0438546	0.0459637	0.0477529	0.0489367	0.0493612	0.0494354	0.0498071	0.0506055	0.0513562	0.0516715	0.0516191	0.05138	0.0510182	0.0506264	0.05027	0.0498703	0.04942	0.049172	0.0494087	0.0500069	0.0505286	0.0508465	0.0511706	0.0514341	0.0513248	0.050897	0.0505191	0.0503582	0.0503641	0.0504246	0.0503461	0.0500015	0.0495068	0.0491219	0.0489768	0.0490639	0.0494834	0.0502206	0.0507888	0.0506968	0.0500505	0.0493377	0.0489946	0.0492581	0.0500234	0.0508719	0.0514403	0.0516341	0.0515351	0.0513204	0.0511624	0.0510696	0.0508675	0.05044	0.0500211	0.0499462	0.0500531	0.0498674	0.0493662	0.0489671	0.0489263	0.0491227	0.0492692	0.049282	0.0494304	0.049946	0.0505658	0.0506976	0.0500574	0.04903	0.0483815	0.0485875	0.0493812	0.0500291	0.0500796	0.0497375	0.0494617	0.0493915	0.0493632	0.0492594	0.0491166	0.0490297	0.0490203	0.0490269	0.0490351	0.0490269	0.0488845	0.0485779	0.0483034	0.0483341	0.0488276	0.049734	0.0508353	0.0518906	0.0526675	0.0527988	0.0520046	0.0505918	0.0492564	0.0485087	0.0485832	0.0494171	0.0505195	0.0512682	0.051363	0.0508417	0.0498418	0.0484858	0.0468371	0.0448238	0.0422011	0.0385975	0.0337012	0.0274805	0.0203244	0.0131577	0.00720602	0.00325914	0.00120453	
0.00133074	0.00353613	0.00769769	0.0138761	0.0212431	0.0285141	0.0346627	0.0392972	0.0425738	0.0449038	0.0466872	0.0480721	0.0489133	0.0491487	0.0491609	0.0494999	0.050249	0.0509978	0.0514608	0.0516862	0.0516667	0.0513009	0.0507106	0.0501142	0.0495541	0.0490707	0.0489118	0.0492805	0.0499396	0.0504407	0.0507857	0.0512875	0.0518285	0.051983	0.0517263	0.0513425	0.0509206	0.0504962	0.0502019	0.0499665	0.0495736	0.0490573	0.048663	0.048457	0.0483956	0.0486996	0.049529	0.0504434	0.0508017	0.0504493	0.0497127	0.0491	0.0490288	0.0494794	0.0500451	0.0504434	0.0506799	0.0507994	0.0508199	0.0507681	0.0506106	0.0502822	0.0498476	0.0496051	0.0497724	0.0499889	0.0496683	0.0488872	0.0483101	0.0483433	0.0487835	0.0492068	0.0495088	0.0499319	0.0505906	0.0511464	0.0510688	0.0502086	0.0490101	0.0481687	0.0481066	0.0486828	0.0493768	0.0497695	0.0498396	0.0498018	0.0497633	0.0496704	0.0494866	0.0492836	0.0492026	0.0493131	0.0495195	0.0496499	0.0495488	0.0491586	0.0486296	0.048237	0.0482039	0.048641	0.0494962	0.0505691	0.0516449	0.052473	0.052637	0.0518684	0.0505129	0.049254	0.0485797	0.0487	0.0494761	0.0503729	0.0508587	0.0508033	0.0503414	0.0495389	0.048388	0.0469319	0.0451529	0.0428148	0.0394991	0.034836	0.0287499	0.0215771	0.0141956	0.00789092	0.00360866	0.00134174	
0.00147059	0.00382608	0.00820899	0.0146269	0.0221805	0.029581	0.0358581	0.0406064	0.043858	0.0459392	0.0473166	0.0482969	0.0488881	0.0490929	0.0491886	0.0495161	0.0500845	0.0506278	0.0510198	0.0513068	0.0513831	0.0510922	0.0505706	0.0500525	0.0495101	0.0488786	0.0484414	0.0485702	0.0491329	0.0496705	0.0501698	0.0509464	0.0518374	0.052324	0.052268	0.0518462	0.0511315	0.0503111	0.0497559	0.0495031	0.0492378	0.0488488	0.0484993	0.0482261	0.0480207	0.0481675	0.0488894	0.0498721	0.0505476	0.0505824	0.0500305	0.0493249	0.0489672	0.0490078	0.0491223	0.049193	0.0493646	0.0496745	0.0500208	0.0502781	0.050296	0.0500156	0.0496187	0.0494627	0.0496953	0.0498947	0.0495176	0.0487041	0.048143	0.0482381	0.0487392	0.0492044	0.0495956	0.050142	0.0508173	0.0512403	0.0510343	0.0502207	0.0492188	0.0484967	0.0483056	0.0486306	0.049225	0.0497409	0.0499825	0.0500053	0.0499317	0.0498059	0.0496595	0.0495875	0.0496896	0.0499452	0.050184	0.0501938	0.0498518	0.0492248	0.048559	0.0481079	0.0480237	0.0483756	0.0490864	0.0499456	0.0508	0.0515242	0.0518114	0.0513775	0.0503995	0.0494229	0.0489221	0.0490477	0.0495481	0.0499656	0.0500562	0.0499283	0.0497285	0.049346	0.0485783	0.0474079	0.0458783	0.0438137	0.0407674	0.0362762	0.0302012	0.0228736	0.0151982	0.00853808	0.00394827	0.00148479	
0.00163544	0.00414153	0.00870693	0.015267	0.0228767	0.030307	0.036685	0.041574	0.0448531	0.0467703	0.0478691	0.0486038	0.0491239	0.049476	0.0497731	0.0500984	0.0504124	0.0506302	0.0507455	0.0507938	0.0507164	0.050461	0.0501634	0.0499396	0.0495814	0.048857	0.0480724	0.0478352	0.048227	0.0488031	0.04944	0.0503677	0.0514064	0.0520471	0.0521072	0.0516802	0.0508546	0.0499406	0.049401	0.0492649	0.0491426	0.0488398	0.0484826	0.048172	0.048002	0.0481946	0.0488134	0.0496292	0.0503228	0.0505638	0.0501809	0.0494612	0.0489047	0.0486269	0.0484132	0.048242	0.0482895	0.0486267	0.0492112	0.0498862	0.0503347	0.0503367	0.0500293	0.0497764	0.0497439	0.0496564	0.0492007	0.0485613	0.0482589	0.0485487	0.0491208	0.0495263	0.0497765	0.0501294	0.0505457	0.0507244	0.0504761	0.0499265	0.0493769	0.0490055	0.0488451	0.048962	0.0493622	0.0498135	0.0500553	0.0500659	0.0499609	0.0498073	0.0496826	0.0497502	0.0500765	0.050454	0.050574	0.0503035	0.0497407	0.049114	0.0486302	0.0483727	0.048357	0.0486088	0.0490605	0.0495301	0.0499618	0.0504296	0.0508023	0.0507491	0.0502009	0.0495305	0.049171	0.0491868	0.0492743	0.0491905	0.0490541	0.0491217	0.0493917	0.0495324	0.0491995	0.048319	0.0469707	0.0450663	0.0421752	0.0377581	0.031617	0.0240949	0.0161428	0.00917764	0.00431474	0.00165592	
0.00182528	0.00449257	0.00921788	0.015842	0.0233787	0.0306764	0.0369863	0.0419139	0.0452816	0.0472619	0.0483517	0.0490307	0.0495751	0.0501127	0.0506088	0.0509087	0.0509596	0.050846	0.0506249	0.0503199	0.0499902	0.0497292	0.0496486	0.0497324	0.0496508	0.0490633	0.0482211	0.0477957	0.048013	0.0485113	0.0491059	0.0499171	0.0507612	0.0512416	0.0512566	0.050896	0.0502558	0.0496202	0.0493156	0.049263	0.0491014	0.0487081	0.0482796	0.0480606	0.0482471	0.0488506	0.0495611	0.0501049	0.0504712	0.0505547	0.0501504	0.0494145	0.0487753	0.048395	0.0481389	0.0479405	0.0478651	0.0480275	0.0485847	0.0495007	0.0503834	0.0508246	0.0507576	0.0503913	0.0499149	0.0493582	0.0487825	0.0484364	0.0485829	0.0492163	0.0499193	0.0502219	0.0501559	0.0500517	0.049985	0.0498199	0.0495357	0.0492922	0.0492399	0.0493067	0.0493291	0.0493707	0.0495855	0.0498813	0.0500596	0.0500814	0.0499853	0.0497752	0.0495624	0.0496207	0.0500271	0.0504047	0.0503375	0.0498511	0.0493122	0.0490473	0.0491049	0.0493062	0.0494846	0.0496299	0.0497481	0.0497637	0.0497485	0.0499336	0.050284	0.0503976	0.0500393	0.049483	0.0491172	0.0489419	0.0486799	0.0483279	0.0482752	0.0487616	0.04953	0.050085	0.0500715	0.0493925	0.0481102	0.0461991	0.0432908	0.0388429	0.0326302	0.0249878	0.0168751	0.00971748	0.0046516	0.00182334	
0.00200516	0.00483462	0.00972259	0.0164124	0.0238495	0.0309012	0.0369318	0.0417081	0.0451515	0.0473707	0.0486761	0.0494303	0.0499877	0.0505988	0.0511789	0.0514351	0.0513157	0.0509997	0.0505684	0.0500552	0.0495973	0.0493337	0.0493297	0.0495326	0.0496491	0.0493653	0.0488329	0.0485445	0.048662	0.048925	0.0492351	0.0497051	0.0501758	0.0503617	0.0502628	0.0500158	0.0497067	0.0494585	0.0493387	0.0491872	0.0488043	0.0482518	0.0478366	0.0479083	0.0486684	0.0498633	0.0508065	0.0511086	0.0509904	0.0506554	0.0500307	0.0492181	0.0485735	0.0482892	0.0482455	0.0482177	0.0480745	0.0479489	0.0482104	0.0490214	0.0500685	0.0508781	0.05115	0.0508162	0.0500334	0.0491373	0.0485398	0.0485356	0.0491263	0.0500323	0.0507656	0.0509004	0.0505002	0.0499658	0.049499	0.0490734	0.0487408	0.0486765	0.0489621	0.0493873	0.0496323	0.049678	0.0497257	0.0498265	0.0499173	0.0499703	0.0499117	0.0496518	0.0493199	0.0492597	0.0495561	0.0497759	0.049537	0.0490482	0.0488313	0.0491741	0.0499138	0.0506214	0.0509865	0.0510263	0.0508756	0.0505819	0.0502945	0.0502748	0.050475	0.0504651	0.0499963	0.0493366	0.0488565	0.048548	0.0481877	0.0478907	0.0481168	0.0489879	0.0500328	0.0507093	0.0507693	0.0501431	0.0488264	0.0467801	0.0437075	0.0391499	0.0329053	0.0252744	0.0171742	0.00999047	0.00484682	0.00192597	
0.0021289	0.00508679	0.0101192	0.016895	0.0242729	0.0310674	0.036707	0.0411737	0.0445969	0.0470697	0.0486836	0.0496121	0.0501987	0.0507855	0.0513422	0.051579	0.0514382	0.0510834	0.0506025	0.0500838	0.0496803	0.049451	0.0493792	0.0494408	0.0495114	0.04946	0.049392	0.0494877	0.0496426	0.0496187	0.0495037	0.049568	0.0497518	0.0497974	0.0496717	0.0495081	0.0493904	0.0493201	0.0492094	0.0489057	0.0483636	0.0477902	0.0475603	0.0480123	0.0492286	0.0507808	0.0518661	0.0520609	0.0516358	0.0509336	0.0500173	0.04904	0.0483809	0.0482707	0.0485356	0.0487463	0.048582	0.0481694	0.0480193	0.0484726	0.0493743	0.050303	0.0508215	0.0506415	0.0498605	0.0489719	0.0485428	0.0488257	0.0496237	0.0505223	0.0511084	0.0510859	0.0505255	0.0498357	0.0492966	0.0488843	0.0485766	0.0485397	0.0489121	0.0494748	0.049784	0.0497142	0.0495182	0.0494105	0.0494379	0.0495375	0.0495315	0.0492874	0.0489406	0.048798	0.0488953	0.0488629	0.0485034	0.0481857	0.048428	0.049359	0.0506152	0.05162	0.052047	0.0520329	0.05184	0.0515489	0.0512398	0.0510662	0.0509594	0.0506048	0.0498793	0.0490707	0.048518	0.0482295	0.0480219	0.0479798	0.0484656	0.04951	0.0505892	0.051189	0.0511621	0.0504819	0.0490666	0.0468012	0.0434556	0.0387256	0.0324755	0.0249575	0.0170116	0.00994988	0.00485648	0.00193644	
0.0021686	0.00517759	0.0102654	0.0170714	0.0244047	0.0310082	0.0363042	0.0404433	0.0437877	0.0464673	0.0483893	0.0495435	0.0502149	0.0507826	0.051312	0.051597	0.0515489	0.0512357	0.0507531	0.0502829	0.0499893	0.0498282	0.0496629	0.0494505	0.0492533	0.0492204	0.0494956	0.049973	0.0502482	0.0500329	0.0495652	0.0493187	0.0493877	0.0495036	0.0494823	0.0493525	0.0491963	0.049055	0.0489086	0.0486497	0.0482172	0.0478117	0.0478205	0.0485061	0.0497993	0.0512659	0.0522942	0.052555	0.0521799	0.0513787	0.0502548	0.0490849	0.0483599	0.0483616	0.0488384	0.0491972	0.0490092	0.0483889	0.0478911	0.0479614	0.0485868	0.049434	0.0500492	0.0500682	0.0495321	0.0489151	0.0487288	0.0491027	0.0497595	0.0503673	0.0507284	0.0506816	0.0502275	0.0496907	0.0493732	0.0492045	0.0490213	0.0489584	0.0492675	0.0497817	0.0499421	0.0495359	0.0489534	0.0486358	0.0486776	0.0488743	0.0489348	0.0487525	0.0484945	0.0483624	0.0482926	0.0480385	0.0476388	0.0475449	0.0481584	0.049427	0.0508623	0.0518799	0.052269	0.0523137	0.0523226	0.0522799	0.0520796	0.0517325	0.0512337	0.0505037	0.0495772	0.0487062	0.0481457	0.047921	0.0479086	0.0481239	0.04877	0.0498409	0.0508951	0.0514633	0.0514026	0.0506836	0.0491591	0.0466442	0.0429949	0.0380862	0.0318435	0.0244566	0.016686	0.00977608	0.00477385	0.00189673	
0.00214086	0.00511761	0.0101385	0.0168616	0.024125	0.0306368	0.0357574	0.0397083	0.043031	0.0458915	0.0480423	0.0493511	0.050094	0.0506845	0.0512591	0.0516716	0.0517788	0.051544	0.0510532	0.0505488	0.0502398	0.0500894	0.0498821	0.0494644	0.048972	0.0487876	0.0491341	0.0497568	0.0501024	0.0498583	0.0492949	0.0489437	0.0489992	0.0492342	0.0493613	0.0492612	0.0489774	0.0486926	0.0485955	0.0486106	0.0485135	0.0483659	0.0485011	0.049115	0.0501086	0.0512221	0.0521497	0.0526387	0.0525538	0.0518467	0.0506363	0.0493423	0.048546	0.0485491	0.0490511	0.0494016	0.0491682	0.0484558	0.0477823	0.047613	0.0480169	0.0487443	0.0494072	0.04965	0.0494302	0.0491029	0.0490615	0.0493289	0.0496421	0.0498562	0.0499967	0.0500043	0.0498133	0.0496251	0.0496618	0.0497693	0.0497108	0.0496527	0.0499426	0.0504185	0.0503874	0.0495611	0.0485196	0.0479886	0.0481002	0.0484379	0.0485444	0.048358	0.0481526	0.0480845	0.0479855	0.0476861	0.0473787	0.0474839	0.048248	0.0495245	0.0508269	0.0516678	0.0519944	0.0521715	0.0524356	0.0526109	0.0524509	0.0519424	0.0512097	0.0503383	0.0493875	0.0484922	0.0478271	0.0475009	0.047534	0.047919	0.0486833	0.0497561	0.0508005	0.0514164	0.0514241	0.0507435	0.0491826	0.0465352	0.0427359	0.0377658	0.0315557	0.0242441	0.0165581	0.00971465	0.00474551	0.00188017	
0.00209042	0.00499652	0.00989093	0.016475	0.0236679	0.0301935	0.0353456	0.039323	0.0427231	0.0456997	0.0479064	0.0491907	0.0499038	0.0505094	0.0511631	0.0517237	0.0520063	0.0519078	0.051455	0.0508424	0.0503258	0.0500248	0.0497833	0.049323	0.0486923	0.0483418	0.0485625	0.0490939	0.0494061	0.0492392	0.0488255	0.0485854	0.0486895	0.048987	0.0492054	0.0491331	0.0487694	0.0484167	0.0484328	0.0487611	0.0490391	0.0491519	0.0492737	0.0495456	0.050039	0.0508222	0.0518061	0.0526321	0.0528402	0.0521962	0.0509222	0.0495888	0.0487862	0.048759	0.0491805	0.0494384	0.0491642	0.0484546	0.0477583	0.0475033	0.0477779	0.048409	0.0491155	0.0495528	0.0495514	0.0493494	0.0493178	0.0494797	0.0495913	0.0495724	0.0495228	0.049479	0.0494605	0.049627	0.0500244	0.0503352	0.0503238	0.0502852	0.0506451	0.0511895	0.0510923	0.049989	0.0485986	0.0478996	0.0480835	0.0485395	0.0486128	0.0482623	0.0479521	0.0479444	0.0480078	0.0479268	0.0478827	0.0481777	0.0489288	0.0499995	0.050994	0.0515524	0.0517569	0.0519763	0.0523037	0.0524506	0.0522032	0.0516762	0.0510761	0.0504331	0.0496398	0.0486712	0.0477074	0.0470699	0.047	0.0474862	0.0483613	0.0494295	0.0504183	0.0510244	0.0510686	0.050441	0.0489547	0.046418	0.042753	0.0378936	0.0317294	0.0244155	0.0167165	0.00984902	0.00483543	0.00192292	
0.00203526	0.00488276	0.0096964	0.016214	0.0234094	0.0300393	0.0353743	0.039535	0.0430368	0.0459917	0.0480628	0.049172	0.0497571	0.0503001	0.0509375	0.051536	0.0519247	0.0519797	0.0516377	0.0509625	0.0502028	0.0496605	0.0493453	0.0489477	0.0483777	0.04801	0.0481384	0.0485334	0.0487486	0.0486347	0.0484227	0.0483949	0.0486179	0.0489621	0.0491953	0.0491141	0.0487536	0.0484554	0.0485778	0.0490772	0.0496025	0.049919	0.0499733	0.049844	0.049873	0.0504809	0.0516456	0.052766	0.0531106	0.0524057	0.0510469	0.0497382	0.0490248	0.0490326	0.0493964	0.0495749	0.0492779	0.0485966	0.0479242	0.0476394	0.0478084	0.0483162	0.0489856	0.0494755	0.0495109	0.0492741	0.0492022	0.0494021	0.0496222	0.0496673	0.0495209	0.0492834	0.049195	0.0495229	0.0501742	0.0506371	0.0506501	0.0506131	0.0510077	0.0516	0.0515254	0.0503854	0.0489319	0.0482365	0.0484971	0.0489795	0.0489129	0.0482891	0.0477646	0.0477801	0.0481039	0.0484022	0.0487236	0.0492335	0.0499754	0.050844	0.0515047	0.0516926	0.0516214	0.0516732	0.0518279	0.0517739	0.0514428	0.051098	0.0509209	0.0507419	0.0502154	0.0491795	0.0478898	0.0469218	0.0467129	0.0472181	0.0481068	0.0490949	0.0499598	0.0504681	0.050453	0.0498297	0.0484857	0.0462498	0.0429245	0.0382764	0.0321481	0.0247814	0.017023	0.0100906	0.00499242	0.00199924	
0.0019554	0.00476699	0.00958805	0.0161754	0.0234843	0.0302755	0.0358337	0.0401853	0.0436993	0.0464875	0.0483469	0.0493001	0.0497721	0.0501648	0.0505922	0.0510067	0.051334	0.0514717	0.0512905	0.0507286	0.0499495	0.0493054	0.0489419	0.0486309	0.0482378	0.0480249	0.0481937	0.0484886	0.0485442	0.0483649	0.048252	0.0484011	0.0487616	0.0491586	0.0493674	0.0492673	0.0490025	0.0488664	0.0490638	0.0495635	0.0501444	0.050541	0.0505343	0.0501717	0.0499801	0.0505538	0.0518184	0.0529904	0.0532631	0.0524615	0.0511117	0.0499453	0.0494204	0.0495358	0.0498764	0.0499651	0.0495978	0.048898	0.048239	0.0479419	0.0480169	0.0483649	0.0488748	0.0492417	0.0491974	0.0489264	0.0488674	0.0491565	0.0495643	0.0498002	0.0496737	0.0492491	0.0489425	0.0491983	0.0499251	0.0505147	0.0506356	0.0506439	0.0509894	0.0514794	0.0513743	0.0503567	0.0491357	0.0486546	0.0489803	0.0493451	0.0490685	0.0482538	0.0476136	0.0476303	0.0481082	0.0486696	0.0492444	0.04991	0.0506921	0.0514718	0.0518811	0.0516927	0.0512502	0.0510172	0.0509677	0.0508122	0.0505515	0.0504767	0.0506998	0.0509161	0.0506627	0.0497319	0.0484201	0.0473835	0.0470789	0.047413	0.0480415	0.0487612	0.0494418	0.0498443	0.0497504	0.0491125	0.0479224	0.0460257	0.0430811	0.0386735	0.0325957	0.0251746	0.0173381	0.0103179	0.00512603	0.00205824	
0.00183963	0.00461463	0.00947828	0.0162006	0.0236788	0.0306454	0.0363914	0.0408482	0.0442652	0.0468329	0.0485588	0.0495298	0.0500165	0.0502418	0.0503215	0.0503757	0.0504861	0.0506069	0.0506006	0.0503323	0.0498301	0.0493468	0.0490661	0.0488791	0.0486871	0.0486461	0.0488245	0.0489423	0.0487468	0.0484067	0.0482876	0.0484984	0.0488823	0.0492437	0.0494094	0.0493635	0.0493045	0.0493871	0.0496406	0.0500779	0.0506075	0.0509564	0.0508734	0.0504713	0.0503223	0.0509372	0.0521041	0.0530183	0.0530442	0.0522178	0.0510971	0.0502704	0.0500335	0.0502803	0.0505681	0.0504703	0.0498925	0.0490825	0.0484502	0.0482292	0.0483205	0.0485845	0.0489323	0.0491342	0.0490311	0.0488275	0.0488312	0.0490805	0.0494275	0.0496866	0.0496119	0.0491491	0.0487141	0.0488342	0.0494884	0.0501346	0.0504359	0.0506003	0.0509224	0.0512456	0.0510574	0.0502195	0.0493511	0.0491132	0.0493858	0.0495005	0.0490564	0.0482946	0.0477633	0.047748	0.0481047	0.0485924	0.0491419	0.0497898	0.0505565	0.0512883	0.0515777	0.0512147	0.0505854	0.0502063	0.05013	0.0500986	0.0500354	0.0501233	0.0504331	0.0507107	0.0506133	0.0500257	0.0491755	0.0484749	0.048145	0.0480722	0.0481203	0.048362	0.0488066	0.0491392	0.0490074	0.0483582	0.0472744	0.0456317	0.0430015	0.0388402	0.0328776	0.0254599	0.0175586	0.0104457	0.00517528	0.00206718	
0.00170967	0.0044252	0.00928655	0.0160848	0.0236898	0.0308142	0.0367243	0.0412593	0.0445999	0.0470364	0.0487628	0.049884	0.0504663	0.0505558	0.0503117	0.0500255	0.0499051	0.0499641	0.0501034	0.0501705	0.0500624	0.0498737	0.0497697	0.0497469	0.0497262	0.0497287	0.0497332	0.0495596	0.0491259	0.0486754	0.0485098	0.0486082	0.0487645	0.0488848	0.0489691	0.0490947	0.0493551	0.0496715	0.0499685	0.0503657	0.0508477	0.0510913	0.0508841	0.0504943	0.0504891	0.051142	0.052046	0.0524932	0.0521864	0.0514353	0.0507535	0.0504532	0.0505915	0.0509842	0.051207	0.0508723	0.0499972	0.0490256	0.0484609	0.048427	0.0486706	0.0489846	0.0492969	0.0494575	0.0493954	0.0492963	0.0493046	0.0493249	0.0493113	0.0493276	0.0492412	0.0489038	0.0485813	0.0486858	0.0492038	0.0497799	0.0502152	0.0505967	0.0510109	0.0512881	0.0511277	0.0505381	0.0499632	0.049758	0.0497636	0.0495886	0.0491259	0.0486232	0.048302	0.0481477	0.0481081	0.0482313	0.0485593	0.0490718	0.0497235	0.05035	0.050632	0.0504323	0.0500337	0.0498308	0.0499236	0.0501016	0.0501772	0.0501892	0.0502007	0.0501477	0.0499988	0.0498374	0.0497349	0.0496335	0.0493636	0.0488348	0.0482556	0.0480305	0.0482723	0.0485564	0.0483805	0.0476634	0.0465717	0.045039	0.0426032	0.0386465	0.03284	0.0254938	0.0175738	0.0104029	0.00510424	0.00201199	
0.00158954	0.00421452	0.00898856	0.0157387	0.0233739	0.0306289	0.0367319	0.0414391	0.0448828	0.0473812	0.0491884	0.0503939	0.0509624	0.0508951	0.0504288	0.049952	0.0497167	0.0497628	0.0500322	0.0503793	0.0506015	0.0506388	0.0506273	0.0506732	0.0507193	0.0506502	0.0504122	0.0500267	0.0495787	0.0492182	0.0490142	0.0488141	0.0484812	0.0481546	0.0480964	0.0484525	0.0490897	0.0496329	0.049941	0.0502724	0.0506931	0.050836	0.0505163	0.0501381	0.0502526	0.0508719	0.0514033	0.0513095	0.0506818	0.0500706	0.0498959	0.0501764	0.0507286	0.0513079	0.051541	0.0510875	0.0500464	0.0490146	0.0485632	0.048708	0.0490606	0.04939	0.0497021	0.0499321	0.0499987	0.04999	0.0499383	0.0496789	0.0492345	0.0488933	0.0487219	0.0485799	0.0485487	0.0487811	0.0491798	0.0495967	0.0500489	0.050594	0.0511658	0.0515721	0.0516522	0.0514263	0.0510356	0.0505831	0.0501121	0.04966	0.0492973	0.0490924	0.0489309	0.0485845	0.0481053	0.0478263	0.0479352	0.0483354	0.0488494	0.049318	0.0496174	0.049753	0.0498494	0.0500471	0.050393	0.0507207	0.0507894	0.0505344	0.0500287	0.0494296	0.0490488	0.0491796	0.0497444	0.050237	0.0501249	0.0493605	0.0484647	0.0480455	0.0481894	0.0483806	0.0480745	0.0472118	0.0460281	0.044496	0.0421213	0.0382391	0.0324968	0.0251824	0.017257	0.0100952	0.00486721	0.00187846	
0.00147902	0.00397861	0.00858629	0.0151855	0.0227711	0.0301266	0.0364499	0.0414399	0.0451805	0.0479175	0.0498072	0.0508938	0.0512202	0.050928	0.0503216	0.0497766	0.0495353	0.0496514	0.0500807	0.0506709	0.0511399	0.0512924	0.0512199	0.0511384	0.0510949	0.0509488	0.050639	0.0503208	0.0501416	0.0500411	0.0498047	0.049221	0.0483252	0.0475204	0.0472988	0.0478272	0.0487499	0.0494479	0.0497065	0.0498753	0.0501557	0.0502491	0.0499706	0.0497027	0.0498923	0.0503545	0.0504446	0.0498671	0.0490172	0.0485374	0.0487307	0.0494327	0.0503128	0.0510824	0.0514281	0.0510867	0.0501879	0.0493155	0.0489906	0.0491586	0.0493894	0.0494979	0.0496395	0.0498805	0.0500948	0.0502181	0.0501966	0.0498451	0.0491972	0.0486433	0.0484169	0.0484557	0.0487179	0.0491123	0.049439	0.0496819	0.0500238	0.0505703	0.051233	0.0518436	0.0523038	0.0525079	0.0522326	0.0514011	0.0503718	0.049634	0.049351	0.0493713	0.0493717	0.0490314	0.0483987	0.0479063	0.0478654	0.0481776	0.0485672	0.0488682	0.0491076	0.0494241	0.0498727	0.0504049	0.0509717	0.0514157	0.0514617	0.0509516	0.0499677	0.0488569	0.0481949	0.0484428	0.0494478	0.0504026	0.0505157	0.0497716	0.0488844	0.0484864	0.0485337	0.0485046	0.0479856	0.046989	0.0457319	0.0441537	0.0417304	0.0377663	0.031902	0.0244655	0.0164971	0.00943826	0.00443004	0.00166212	
0.00136476	0.00370215	0.00809058	0.0144947	0.0219972	0.0294076	0.0359025	0.0411626	0.0452339	0.0482461	0.0501766	0.0510053	0.0509782	0.0504995	0.0498917	0.0493897	0.0491814	0.0493602	0.0499136	0.0506796	0.0513228	0.05156	0.0514144	0.0511415	0.050942	0.0508007	0.050668	0.0506634	0.0508462	0.0509592	0.0506347	0.0497244	0.0484469	0.047371	0.0470745	0.0476587	0.0486395	0.049342	0.0495119	0.0494736	0.0495582	0.0496721	0.0496435	0.049635	0.0498534	0.0500418	0.0497134	0.0488288	0.047885	0.0474386	0.0477018	0.0484853	0.0494384	0.0502753	0.0507671	0.0507369	0.0502505	0.0496953	0.0494554	0.0494894	0.0494205	0.0491203	0.048899	0.0490092	0.0493345	0.0496647	0.0498464	0.0496753	0.0491581	0.048674	0.0485147	0.0486865	0.0491209	0.0496174	0.0499075	0.0499841	0.0500799	0.0504055	0.0510023	0.0517787	0.0525953	0.0531507	0.0529709	0.0519055	0.0505144	0.0495487	0.0492373	0.0493614	0.0495957	0.0495993	0.049239	0.048793	0.0486316	0.0487835	0.049013	0.0491548	0.0492583	0.0495047	0.0499794	0.0506009	0.0512707	0.0518308	0.0519558	0.0513611	0.0501109	0.0486956	0.0478606	0.0481696	0.0494412	0.0506979	0.0509965	0.0503395	0.0495152	0.0490838	0.0488935	0.0485333	0.047811	0.0467648	0.0454613	0.0437662	0.0411991	0.0370707	0.030988	0.0233431	0.0153375	0.00849682	0.0038521	0.00140015	
0.00123065	0.00336734	0.00749554	0.0136857	0.0210906	0.0284971	0.0350508	0.0404449	0.0447092	0.0478853	0.0498212	0.0504536	0.0502164	0.0497624	0.0493962	0.0491201	0.0489826	0.049125	0.0496283	0.0503629	0.0510084	0.0513027	0.0512115	0.0509039	0.0506442	0.0505936	0.0507588	0.0511301	0.0515751	0.0517102	0.0512066	0.0500943	0.0487262	0.0476789	0.0474479	0.0479995	0.0488253	0.0493999	0.0495218	0.0493836	0.0493248	0.0494883	0.0497772	0.0500717	0.0502801	0.0501809	0.0495672	0.0485799	0.0476388	0.047136	0.0472319	0.0477794	0.0484833	0.0491517	0.0496938	0.0499803	0.0499187	0.0496471	0.049443	0.049335	0.0490173	0.048376	0.047822	0.047787	0.0482026	0.0487408	0.0491489	0.0492233	0.0489718	0.0487099	0.0486708	0.0488796	0.0493368	0.0498805	0.0501954	0.0501623	0.0499637	0.0499328	0.0503234	0.0511363	0.0521195	0.0528229	0.0527576	0.0518068	0.0504896	0.0495052	0.0491077	0.0492003	0.0496321	0.050102	0.0502408	0.0500336	0.049806	0.049754	0.0498008	0.0498252	0.0498225	0.0499242	0.0502497	0.050763	0.0513759	0.0519597	0.0521739	0.0516332	0.0503668	0.04894	0.0481465	0.0485298	0.0498725	0.0511756	0.0515117	0.0509046	0.0500826	0.0494892	0.0489698	0.0483014	0.0474717	0.0464471	0.0450684	0.043141	0.0403184	0.0359907	0.0297342	0.0219727	0.0140418	0.00751927	0.00329351	0.00116656	
0.00106219	0.00296176	0.00678451	0.0127288	0.0200183	0.0273842	0.0339135	0.0393164	0.0436253	0.0468434	0.0487929	0.0494138	0.0492206	0.049002	0.049059	0.0491756	0.049188	0.0492334	0.0495014	0.0499389	0.0503375	0.0505867	0.0506465	0.0505046	0.0503259	0.0503735	0.0507666	0.0514267	0.0520327	0.0521011	0.0514177	0.0502341	0.0489907	0.0481473	0.0480285	0.0485016	0.0491136	0.0495478	0.0497153	0.0496658	0.049611	0.0498154	0.0503016	0.0507935	0.0509806	0.0506945	0.0499596	0.049012	0.0481704	0.0476892	0.0476442	0.0478573	0.0481018	0.0483779	0.0487734	0.0491491	0.0492487	0.0490803	0.0489015	0.0487783	0.0484253	0.0477099	0.0470635	0.0470034	0.0474851	0.0480962	0.0485268	0.048644	0.048545	0.0484899	0.0485594	0.0487215	0.0490835	0.049621	0.0500136	0.0499987	0.0496507	0.0493386	0.0494465	0.0500603	0.0509092	0.051564	0.0516739	0.0511503	0.0502778	0.0495005	0.049068	0.0490681	0.0495367	0.0502549	0.0507701	0.050862	0.0507188	0.0505876	0.0505346	0.0505154	0.0504847	0.0504956	0.0506582	0.050983	0.0514115	0.0518461	0.0520008	0.0515234	0.0504444	0.0492941	0.0487396	0.0491579	0.0502987	0.0513355	0.0515717	0.0510624	0.0503246	0.0496244	0.0488707	0.0480332	0.0471981	0.0462231	0.0447428	0.0425063	0.0393115	0.0347034	0.0283107	0.020576	0.012864	0.00671566	0.00287534	0.00100909	
0.000871498	0.00251946	0.00600462	0.0116656	0.018825	0.0261622	0.0326805	0.038089	0.0424325	0.0456987	0.0477257	0.0484782	0.0484707	0.0485192	0.0489414	0.0494064	0.0495767	0.0495383	0.0495377	0.0495997	0.049656	0.0497692	0.0499397	0.0500066	0.0499605	0.0500452	0.0504838	0.0512453	0.0519312	0.0519847	0.0512598	0.0501634	0.0491595	0.0485318	0.0484553	0.0488289	0.0493092	0.0496872	0.049945	0.050072	0.0501404	0.0503883	0.0509153	0.0514472	0.0516112	0.0512655	0.0505345	0.0497065	0.049076	0.0487965	0.0487789	0.048736	0.0485208	0.0483525	0.0484625	0.0486716	0.0486543	0.0484465	0.0483287	0.0483351	0.0481635	0.0476426	0.0471161	0.0470639	0.0474687	0.047923	0.04813	0.0480786	0.0480159	0.0481757	0.0484377	0.0486057	0.0488135	0.0492037	0.0495808	0.0496617	0.0494019	0.0490315	0.0488631	0.0490504	0.0495053	0.0500102	0.0503525	0.0503775	0.0500682	0.0495821	0.0491592	0.0490447	0.0493798	0.0500319	0.0506506	0.0509911	0.0510845	0.0510759	0.0510625	0.0510707	0.0510619	0.0510228	0.0510319	0.0511535	0.0513664	0.0515622	0.0515254	0.0510667	0.050281	0.049556	0.0492945	0.0496572	0.0504055	0.0510018	0.0510925	0.0507762	0.0502906	0.0496792	0.0488916	0.04803	0.0472278	0.0462745	0.0446689	0.0420839	0.0384086	0.033389	0.0268126	0.0191683	0.0117735	0.00604189	0.00255851	0.000901296	
0.000699525	0.00211469	0.00525498	0.0105871	0.0175715	0.0248922	0.0314735	0.0369907	0.0414865	0.0449277	0.0471435	0.0481111	0.0483243	0.048551	0.0490923	0.0496202	0.0497855	0.0496645	0.0495155	0.0494014	0.0492959	0.0492977	0.0494585	0.0496285	0.0496967	0.0497879	0.0501177	0.0507282	0.0512943	0.0513199	0.0507148	0.0499014	0.0492409	0.0488224	0.0487423	0.0490215	0.0494319	0.0497614	0.0500048	0.0502016	0.0503922	0.0507198	0.0512422	0.051718	0.0518342	0.0514892	0.050822	0.0501542	0.0497955	0.0497835	0.049845	0.0496449	0.0491508	0.0486994	0.0485454	0.0485066	0.0483298	0.0481309	0.0481566	0.0483768	0.0485008	0.0483102	0.047958	0.0478061	0.0479356	0.0480776	0.0479934	0.0477527	0.0477089	0.048087	0.0486081	0.0488732	0.0489162	0.048993	0.0491579	0.0492869	0.0492598	0.0490533	0.0487523	0.0485207	0.0485351	0.0488678	0.0494184	0.049941	0.0501512	0.0499195	0.0494304	0.0490825	0.049152	0.0495937	0.0501587	0.0506272	0.0509298	0.0510977	0.0511954	0.0512887	0.0513539	0.0513103	0.0511989	0.0511669	0.0512579	0.0513155	0.0511428	0.0507293	0.0502568	0.0499292	0.0498753	0.0501189	0.0504798	0.0506587	0.0505836	0.0504169	0.0501983	0.0497833	0.0491063	0.0483092	0.0475228	0.0465059	0.044688	0.041665	0.0373899	0.0318493	0.0250538	0.0175462	0.0105542	0.00531255	0.00222126	0.000782512	
0.000570385	0.00178323	0.00457282	0.00949334	0.0161786	0.0234179	0.030112	0.0358671	0.0406734	0.0444465	0.0469766	0.0482438	0.0487183	0.0490621	0.0495073	0.0498132	0.0497793	0.0495469	0.0493769	0.0493353	0.0493209	0.0493012	0.0493582	0.0495111	0.0496747	0.0498156	0.0500084	0.0502912	0.0504917	0.0503537	0.0499203	0.0495195	0.0492904	0.0491472	0.0491502	0.0493864	0.0496733	0.0497918	0.0497967	0.0498752	0.0501355	0.0506066	0.0511737	0.0515571	0.0515571	0.0511691	0.050542	0.0500149	0.0498934	0.0500814	0.0501818	0.0499297	0.0494034	0.0488852	0.048541	0.0482942	0.048101	0.0481052	0.048394	0.0488548	0.0492608	0.0493786	0.0491646	0.0488577	0.0486809	0.0485567	0.0482954	0.0479597	0.0478971	0.0483076	0.0488824	0.0491517	0.0490335	0.0487861	0.0486759	0.0487951	0.0490159	0.0491043	0.0489013	0.0484951	0.0482346	0.0484325	0.0490974	0.0499492	0.0505329	0.0504625	0.0498084	0.049124	0.0489098	0.0491952	0.049683	0.0501096	0.0504036	0.0505964	0.0507397	0.0509044	0.0510634	0.0510737	0.0509401	0.0508848	0.051017	0.0511295	0.0510033	0.0507567	0.0506429	0.0506858	0.0507801	0.0508974	0.0509478	0.0507792	0.0504743	0.0502564	0.0501045	0.0498028	0.0492634	0.048584	0.0478053	0.0466331	0.0444781	0.0409067	0.0359537	0.0298723	0.0229126	0.0156442	0.00915874	0.00448266	0.00182809	0.000633608	
0.000469355	0.0014946	0.003913	0.00832014	0.0145424	0.021578	0.0283857	0.0344862	0.0397495	0.0439848	0.0469228	0.0485502	0.0493125	0.0497514	0.0500423	0.0500773	0.0498334	0.0495043	0.0493434	0.0494291	0.0495734	0.0495523	0.0494365	0.04947	0.0496907	0.0499356	0.0500826	0.0500786	0.0498682	0.0494897	0.0491793	0.04916	0.0493487	0.0495499	0.0497841	0.0500681	0.05017	0.0499259	0.0495477	0.0494118	0.0497159	0.0503587	0.050981	0.0512253	0.0510398	0.0505582	0.0499265	0.0494502	0.0494218	0.049696	0.0498602	0.0497319	0.0493909	0.0489323	0.0484173	0.0479848	0.047875	0.0482133	0.0488505	0.0495515	0.050145	0.0504365	0.0502967	0.0498962	0.0495434	0.0492822	0.0489603	0.0486104	0.0484771	0.0486707	0.0489616	0.0490257	0.0487708	0.0483711	0.0481404	0.0482874	0.0487172	0.0491157	0.0491576	0.0488041	0.0484568	0.04858	0.0492593	0.0501988	0.0508826	0.0508252	0.0500349	0.0491535	0.0488347	0.0491031	0.0495217	0.0497765	0.0498779	0.0499214	0.0499497	0.0500335	0.0501782	0.050236	0.0501711	0.0501966	0.0504339	0.050665	0.0506913	0.0507386	0.0511022	0.0516136	0.0519136	0.0519234	0.0516866	0.0512064	0.0506323	0.0501737	0.0498272	0.0494571	0.0490118	0.0484876	0.0477424	0.0463859	0.0438595	0.0397722	0.0342325	0.0277017	0.0206555	0.0137042	0.0077838	0.00368722	0.0014531	0.000487311	
0.000373026	0.0012086	0.00323555	0.00706507	0.0127206	0.0194665	0.02637	0.0328552	0.0386298	0.0433745	0.0467581	0.0487591	0.049773	0.0502539	0.0504191	0.0503359	0.0500705	0.0497576	0.049606	0.0497346	0.0499359	0.0498391	0.0494718	0.0492739	0.0494541	0.0497907	0.049989	0.0498709	0.0494201	0.0488915	0.0486827	0.0489388	0.0494285	0.0499233	0.0504171	0.0508089	0.0507901	0.0502655	0.0495767	0.0492274	0.0495014	0.0502115	0.0508009	0.0508855	0.0505866	0.0501384	0.0495812	0.0490726	0.0489112	0.0491008	0.0493651	0.0495312	0.0495199	0.0491872	0.0485323	0.0479195	0.0478385	0.0484171	0.0493344	0.0502194	0.0508887	0.0512075	0.0510709	0.0506205	0.0501585	0.0497811	0.0494149	0.0491078	0.048966	0.0489435	0.0488943	0.0487319	0.0484362	0.0480807	0.0479079	0.048126	0.0486834	0.0493009	0.0495804	0.0493505	0.048981	0.0490187	0.0496119	0.0504393	0.0509695	0.0507902	0.0499808	0.0491835	0.0490088	0.0493894	0.049795	0.049928	0.0498781	0.0497404	0.0495014	0.0492716	0.0492012	0.0492293	0.0492523	0.0493522	0.049595	0.0498188	0.0499311	0.0502609	0.0511138	0.0521334	0.0526934	0.0526234	0.0521126	0.0513632	0.0505496	0.0497838	0.049106	0.0485649	0.0481817	0.0478183	0.0471275	0.0456314	0.0428404	0.0384427	0.0325576	0.0257251	0.0186179	0.0119671	0.00659269	0.00303442	0.00116146	0.00037641	
0.000276359	0.000922276	0.00255869	0.00580549	0.010878	0.0173114	0.0242737	0.031065	0.037235	0.0424031	0.0462347	0.0486545	0.0499068	0.0503607	0.0504027	0.050348	0.0502767	0.0501481	0.0500648	0.0501827	0.050341	0.0501137	0.0494807	0.0489934	0.0490176	0.0493466	0.0495786	0.0494319	0.048905	0.0483906	0.0483592	0.0488424	0.0494861	0.0500888	0.0506978	0.0511786	0.0511943	0.0506601	0.0498741	0.0493197	0.0493824	0.0499336	0.0503826	0.0504069	0.0502599	0.0501486	0.0498675	0.0493254	0.0488579	0.0487827	0.0490739	0.049523	0.049832	0.0496604	0.0489766	0.0482612	0.0481119	0.0486938	0.0496791	0.0506281	0.0512908	0.0515629	0.0513847	0.0508573	0.0502423	0.0497073	0.0492983	0.0490899	0.04908	0.0490936	0.0490037	0.0488496	0.0486473	0.048403	0.0482873	0.0484771	0.0489869	0.0496503	0.0500723	0.0499532	0.0495419	0.04941	0.0498281	0.0505044	0.050866	0.0505767	0.049839	0.0492651	0.0493336	0.0498962	0.050423	0.0506446	0.050633	0.0503804	0.0497856	0.0490568	0.0486065	0.0485525	0.0487063	0.0489067	0.0490832	0.0491496	0.0491619	0.0495356	0.0505946	0.0519114	0.0526874	0.0526077	0.0519004	0.0509192	0.0498821	0.0488491	0.0479173	0.0472747	0.0469627	0.0467227	0.0460799	0.0445139	0.0415863	0.0370424	0.0309814	0.023953	0.0167969	0.0104142	0.00555222	0.00249452	0.000939029	0.000298541	
0.000189572	0.000663249	0.00193949	0.00463707	0.00914142	0.0152369	0.0221744	0.0291132	0.0354662	0.0408947	0.045168	0.0481273	0.0497294	0.0501879	0.0500921	0.0500602	0.0502157	0.0503362	0.0503772	0.0504928	0.0505968	0.0502964	0.0495316	0.0488434	0.0486686	0.048864	0.0490122	0.048792	0.0482434	0.0478557	0.0480802	0.0487663	0.0494318	0.0499505	0.0505068	0.0510249	0.0511906	0.0508749	0.0501813	0.0494402	0.0491395	0.0493576	0.0496419	0.0497689	0.0500087	0.0504125	0.0505021	0.0499784	0.0492307	0.0488585	0.0490451	0.0495631	0.0500024	0.0499597	0.0493919	0.0487422	0.0485366	0.0489723	0.049863	0.0508023	0.0514449	0.0516609	0.0514203	0.0507878	0.0500157	0.0493775	0.0489982	0.0489123	0.0490698	0.0492992	0.0494625	0.0495438	0.049495	0.0492907	0.0490831	0.0490514	0.0493079	0.0498336	0.0502872	0.0502599	0.0498103	0.0494649	0.0496634	0.0502436	0.0505876	0.0503274	0.049712	0.0493348	0.0495997	0.0503508	0.0510987	0.0515546	0.0516854	0.051359	0.0504197	0.0491892	0.0483587	0.0482782	0.0486971	0.049148	0.0493326	0.0491963	0.0489313	0.0490209	0.0498548	0.0511169	0.0520064	0.0520363	0.0512936	0.0501436	0.048892	0.0476943	0.0467046	0.0460883	0.0458249	0.0456259	0.0450123	0.0434297	0.0403937	0.035653	0.0293541	0.0221294	0.0149687	0.00889032	0.00454925	0.00198355	0.000734888	0.000231287	
0.000123572	0.000458999	0.00142906	0.0036281	0.00756729	0.0132564	0.0200548	0.0270145	0.0334163	0.0389845	0.043649	0.0471995	0.0492979	0.0499434	0.0498006	0.0497102	0.049916	0.0501498	0.0502764	0.0504185	0.0505345	0.0502968	0.0496206	0.048934	0.048625	0.048617	0.0485718	0.0482213	0.0476707	0.0474393	0.0478833	0.0486754	0.0492551	0.0495951	0.0500248	0.0505472	0.0508754	0.0508204	0.0502912	0.0494511	0.0488504	0.0487905	0.0489972	0.0492887	0.0498435	0.0505629	0.0508634	0.0504053	0.0495942	0.0490893	0.0491204	0.0494876	0.0498395	0.049854	0.0494971	0.0490679	0.0489056	0.0492202	0.0500272	0.0510016	0.0516776	0.0518511	0.051535	0.0508151	0.0499638	0.0493313	0.0490442	0.0490338	0.0492389	0.0496038	0.0500201	0.0503432	0.0503986	0.0501312	0.0497111	0.0493674	0.0493112	0.0496326	0.0500572	0.0501225	0.049697	0.0491853	0.0491398	0.0495875	0.0499567	0.0498156	0.0493639	0.0491605	0.04958	0.0504841	0.0514139	0.052039	0.0522347	0.0518313	0.050704	0.0492369	0.0482547	0.0482674	0.049005	0.0497589	0.050022	0.0497395	0.0491867	0.0488692	0.0492427	0.0501962	0.051075	0.0512949	0.0507251	0.0495929	0.0482449	0.0470008	0.0460745	0.0455126	0.0452069	0.044929	0.0442798	0.0426583	0.0394396	0.0343275	0.0276093	0.0201297	0.0130278	0.00733587	0.00354853	0.001473	0.000527897	0.000163395	
8.05144e-005	0.000314212	0.00103577	0.00278702	0.00615336	0.0113558	0.01793	0.0248973	0.0313849	0.037075	0.0419881	0.0459475	0.0485196	0.0495596	0.0496185	0.0495314	0.0496439	0.0497949	0.0499061	0.0500995	0.050315	0.050256	0.0498333	0.0493294	0.0489943	0.0487783	0.0484736	0.0479576	0.0474231	0.0473322	0.0478802	0.0486305	0.0490418	0.0491843	0.0494798	0.0499825	0.050406	0.0505067	0.0501144	0.0493287	0.0486981	0.048612	0.0488716	0.049242	0.0497859	0.0504017	0.0506498	0.0502959	0.0496682	0.049254	0.0491979	0.0493613	0.0495377	0.0495485	0.0493925	0.0492203	0.0491771	0.0494649	0.0502576	0.051299	0.0520196	0.0521426	0.0517513	0.0510024	0.050165	0.0495834	0.0493633	0.0493622	0.0495043	0.0498395	0.0503269	0.0507441	0.050806	0.0504133	0.0497703	0.0491987	0.0489712	0.0491877	0.0496153	0.0498049	0.0494942	0.0489194	0.0486281	0.0488225	0.0490979	0.0490397	0.0487721	0.0487654	0.0493244	0.0502975	0.0512509	0.0518537	0.0519714	0.0515047	0.0504344	0.0491303	0.0483134	0.0484539	0.0492991	0.0501297	0.0504212	0.0501246	0.0494924	0.048959	0.048973	0.0495825	0.0503394	0.0507159	0.0504529	0.0495735	0.048325	0.0471137	0.0462344	0.0456627	0.0452177	0.044721	0.043862	0.0420332	0.0384971	0.0329115	0.0257227	0.0180209	0.0110746	0.00584844	0.00262614	0.00101003	0.000340323	0.000102411	
5.44908e-005	0.000212435	0.000727343	0.00206695	0.00485018	0.00950265	0.0158072	0.0228419	0.0295558	0.035419	0.040393	0.0444214	0.0472559	0.0487812	0.0493351	0.0495124	0.0496155	0.0496257	0.0496553	0.049913	0.0502958	0.0504743	0.0503395	0.0500505	0.0497291	0.0493315	0.0487608	0.0480622	0.0475438	0.0475746	0.0481405	0.0487291	0.0488958	0.0488232	0.0489781	0.0494263	0.0498589	0.0499938	0.0496945	0.049103	0.0487066	0.0488181	0.0491993	0.0495295	0.0498086	0.0500765	0.0501678	0.0499595	0.0496112	0.0493679	0.0492992	0.0493398	0.0493822	0.0493541	0.0493175	0.0493517	0.0494579	0.0497714	0.0505036	0.0514509	0.0520477	0.0520245	0.0515523	0.0508619	0.0501571	0.0496786	0.0495148	0.049527	0.0496228	0.0498842	0.0503257	0.0507164	0.0507164	0.0501961	0.049412	0.0487867	0.0485912	0.048842	0.0493206	0.049651	0.0495255	0.0490191	0.0485795	0.0485134	0.048622	0.0485833	0.0484644	0.0486029	0.0491821	0.0500264	0.0507716	0.0511759	0.0511697	0.0507345	0.0499383	0.0490806	0.0486114	0.0487746	0.0493666	0.049932	0.0501617	0.0500028	0.0495527	0.0490913	0.0489955	0.0493786	0.0499757	0.0504183	0.0504476	0.0499214	0.0489049	0.0477727	0.0468914	0.0462396	0.0455709	0.0446984	0.0433894	0.041116	0.0371434	0.0311276	0.0236244	0.0158886	0.00925115	0.00455935	0.00187919	0.000655466	0.000202765	5.97033e-005	
3.87357e-005	0.000137707	0.000478224	0.00144289	0.00364721	0.00769067	0.0136381	0.0207176	0.0277341	0.033831	0.0387642	0.0426241	0.04553	0.0475397	0.0487774	0.0494731	0.0497511	0.0497015	0.0496706	0.050011	0.0506029	0.051033	0.0511057	0.0509025	0.0505432	0.0500448	0.0493504	0.0485666	0.0480777	0.0481937	0.048721	0.0490703	0.04891	0.0485575	0.0485185	0.0488611	0.0492651	0.0494222	0.0492387	0.048908	0.048823	0.049153	0.0496058	0.0498326	0.0498495	0.0498723	0.0499386	0.0499068	0.0497288	0.0495185	0.049408	0.0494225	0.0494491	0.0494167	0.0494418	0.0496163	0.0498667	0.0502029	0.0507417	0.05132	0.0515211	0.051202	0.0506301	0.0500916	0.0496857	0.0494627	0.0494407	0.0495177	0.0496197	0.0498356	0.0502063	0.0505182	0.05044	0.0498647	0.0490969	0.048587	0.0485263	0.0488256	0.0493061	0.0497222	0.0497991	0.0494854	0.0490822	0.0489175	0.0489452	0.0489254	0.0488599	0.0489425	0.0492538	0.0496593	0.0499634	0.0501079	0.050095	0.049878	0.0495007	0.0491662	0.0490407	0.0491034	0.0492315	0.0493664	0.049509	0.049556	0.0493659	0.0490574	0.0489592	0.0492258	0.0497247	0.0502111	0.0504421	0.0501991	0.0494329	0.0484307	0.047552	0.0467772	0.0458065	0.0444385	0.0425345	0.0396954	0.0352614	0.0289275	0.0213219	0.0137809	0.00761821	0.00351647	0.00133624	0.000424098	0.000121714	3.70845e-005	
2.95958e-005	8.64297e-005	0.000294726	0.000951487	0.00262278	0.0060005	0.0114055	0.0183186	0.0255478	0.0319357	0.0369295	0.0406777	0.0436561	0.0461307	0.0480513	0.0492911	0.0497971	0.0497737	0.0497568	0.0501909	0.0509592	0.0515767	0.0517378	0.0515019	0.0511095	0.0506877	0.05014	0.0494733	0.0490396	0.0491415	0.0495297	0.0495883	0.049067	0.0483824	0.0480774	0.0482646	0.0486723	0.0489613	0.0489875	0.0489197	0.0490631	0.0494804	0.0498705	0.0499401	0.0498029	0.0498159	0.0500497	0.0501935	0.0500124	0.0496432	0.0494173	0.0494831	0.049661	0.0497611	0.0498558	0.0500696	0.0503688	0.0506933	0.0510008	0.0511146	0.0508215	0.0501725	0.0495212	0.0491904	0.0491901	0.0493461	0.0495329	0.0496863	0.04981	0.050003	0.0502818	0.0504436	0.0502419	0.0496734	0.0490541	0.04873	0.0487523	0.0489889	0.0493655	0.0497899	0.0500479	0.049992	0.049768	0.0496636	0.0497163	0.0497283	0.049616	0.0494405	0.0492478	0.0490413	0.0488648	0.0488437	0.0489886	0.0491309	0.0492047	0.0492948	0.0493708	0.049281	0.0490262	0.0488604	0.048981	0.0491832	0.0491084	0.0487918	0.0486196	0.0488462	0.0493999	0.0499935	0.0503082	0.0501554	0.0495448	0.048694	0.0478469	0.0469413	0.0456625	0.043819	0.0413502	0.0379625	0.0330824	0.0264867	0.0189001	0.0117158	0.00615822	0.00268381	0.000957608	0.000285896	8.06103e-005	2.7398e-005	
2.49595e-005	5.80467e-005	0.000184973	0.000626241	0.00185513	0.00454799	0.0092015	0.0156257	0.0228445	0.0295628	0.0348897	0.0388424	0.0420617	0.0449609	0.0473847	0.0489695	0.0495954	0.0496115	0.0496497	0.0501233	0.0509098	0.0515464	0.0517147	0.0515076	0.0512655	0.0511468	0.0509507	0.050528	0.0501435	0.0501153	0.0502595	0.0500343	0.0492503	0.0483299	0.0477999	0.0478429	0.048297	0.0487984	0.0490675	0.0491794	0.049396	0.0497549	0.0499711	0.0498277	0.0495763	0.0496756	0.0501287	0.0504295	0.0502023	0.049643	0.0492903	0.0494367	0.0498667	0.0502269	0.0504186	0.0505443	0.050725	0.05099	0.051169	0.05099	0.0503753	0.0495486	0.0489158	0.0488089	0.0491792	0.0496559	0.0499708	0.0501437	0.0503114	0.0505423	0.0507273	0.0506414	0.0501945	0.0495729	0.0490855	0.0488738	0.0488422	0.0489153	0.0491599	0.0495818	0.0499984	0.0502009	0.0501956	0.05018	0.0502367	0.0502328	0.0500334	0.0496041	0.0490121	0.0484244	0.0480447	0.0480285	0.048335	0.0487518	0.0491417	0.0494328	0.0494846	0.0492308	0.048846	0.048669	0.0488611	0.0491069	0.0489538	0.0484629	0.0481772	0.0484959	0.0492972	0.0500521	0.0502865	0.0499577	0.0493101	0.0485513	0.0477427	0.046733	0.0452164	0.0430066	0.0400543	0.0361206	0.0307442	0.0238639	0.0163604	0.00966094	0.00481479	0.00199199	0.000680628	0.000199075	5.83533e-005	2.22771e-005	
2.30823e-005	4.68181e-005	0.000133933	0.000443325	0.00133563	0.00338957	0.00718047	0.0128478	0.0197805	0.026755	0.032627	0.0371315	0.0408145	0.0441095	0.0468271	0.0485304	0.049147	0.0491618	0.0492214	0.0496319	0.0502427	0.0507024	0.0508383	0.0508327	0.0510003	0.051356	0.0515445	0.0513387	0.0509819	0.0508069	0.050714	0.050299	0.0494487	0.0485281	0.047969	0.0479715	0.0484767	0.0491202	0.0494821	0.0495301	0.0495584	0.0497045	0.0497398	0.0494739	0.049204	0.0493904	0.049983	0.0504235	0.0502671	0.0496681	0.0492368	0.0493772	0.0499194	0.0504401	0.0506696	0.0506328	0.0506065	0.0507865	0.0509441	0.0506938	0.0500104	0.0492253	0.0487548	0.0489005	0.049551	0.050181	0.050449	0.0505448	0.0507765	0.0511133	0.0512308	0.0508642	0.0501095	0.0493679	0.0489356	0.0487247	0.0485225	0.0483909	0.0485413	0.0489861	0.0495281	0.04995	0.0501575	0.0502174	0.0502241	0.0501534	0.0498971	0.0493945	0.0487677	0.0482754	0.048076	0.0481591	0.0484521	0.0488933	0.0493771	0.0496492	0.0495126	0.0491215	0.0488195	0.0488271	0.0491052	0.0492863	0.048965	0.0482851	0.0479485	0.0484804	0.0496274	0.0505298	0.0505513	0.0498532	0.0489876	0.0482131	0.0474082	0.0462891	0.0445445	0.0419799	0.0385175	0.0339645	0.0280332	0.0209106	0.0136464	0.00760989	0.00357136	0.00139984	0.000461648	0.000135197	4.1983e-005	1.73766e-005	
2.25565e-005	4.41028e-005	0.000113456	0.000342241	0.000984525	0.00249149	0.00543973	0.0102195	0.0165992	0.0235841	0.0299618	0.0351868	0.0395188	0.0432503	0.0461825	0.0479348	0.04853	0.0485249	0.0485561	0.0488547	0.0492232	0.0494172	0.049496	0.0497805	0.0504749	0.0513303	0.0518193	0.0517419	0.0514191	0.0511838	0.0509537	0.0504446	0.0496463	0.0488896	0.0484916	0.0485897	0.0491453	0.0497924	0.0500139	0.0497005	0.0492515	0.0490341	0.0489702	0.0488552	0.0488377	0.049188	0.0498285	0.0503586	0.0503927	0.0499535	0.0495378	0.0495502	0.0498965	0.0502404	0.0503134	0.0500935	0.049893	0.0499826	0.0501326	0.0499233	0.0493484	0.0487666	0.0485607	0.0489678	0.0498006	0.0504359	0.0505331	0.0504775	0.0507328	0.0511477	0.0512032	0.0506462	0.0497351	0.0489847	0.0486265	0.0483771	0.0479562	0.0475918	0.0476413	0.0480795	0.0486608	0.0492093	0.0496177	0.0498316	0.0498787	0.0497916	0.0495425	0.0491384	0.0487658	0.048654	0.0487667	0.048894	0.0490236	0.0493336	0.0497734	0.0499456	0.0496453	0.0492083	0.0490479	0.049216	0.0495017	0.0495657	0.0491089	0.0483259	0.047989	0.0486964	0.0500937	0.0510795	0.0509075	0.0498816	0.0487733	0.0478923	0.0469735	0.0456062	0.0434802	0.0404116	0.0363117	0.0310778	0.0246665	0.0175389	0.0108223	0.00566863	0.00249239	0.000920402	0.000291803	8.58854e-005	2.85203e-005	1.26657e-005	
2.1891e-005	4.2541e-005	0.00010016	0.000269003	0.000715874	0.00177331	0.00397074	0.00784059	0.0134663	0.0201693	0.0268478	0.0327599	0.0378008	0.0420142	0.0451941	0.0470846	0.0477877	0.0478481	0.0478978	0.048175	0.0484385	0.0484655	0.0484894	0.0489684	0.0500177	0.0511706	0.0517991	0.0517868	0.0515344	0.0513173	0.0510004	0.0503857	0.0495893	0.0489718	0.0487807	0.0490466	0.0496578	0.0502332	0.0502364	0.0495351	0.048616	0.0480568	0.0479755	0.0481968	0.0486453	0.0492645	0.0498995	0.0503962	0.0505791	0.0503933	0.0501194	0.0500211	0.0500183	0.0499385	0.0496958	0.049306	0.0489883	0.0489533	0.0490319	0.0488911	0.0485216	0.0482073	0.048249	0.0488047	0.0496409	0.0501498	0.0500494	0.0498171	0.049984	0.0503592	0.0503825	0.0498716	0.0491334	0.0485937	0.0483507	0.048051	0.0474477	0.0468886	0.0468182	0.0471692	0.0476443	0.0481544	0.0487052	0.0491909	0.0494633	0.0494649	0.049258	0.0490041	0.0489242	0.0491094	0.0493454	0.0493894	0.0493782	0.0496222	0.0500318	0.0501491	0.0498247	0.0494436	0.049372	0.0495816	0.0498286	0.0498207	0.0493222	0.0485275	0.0481989	0.0489524	0.0504116	0.0514244	0.0512262	0.0501199	0.0488727	0.0477778	0.0465163	0.0446532	0.0419257	0.0381705	0.0333134	0.0274153	0.0207362	0.0139552	0.00811102	0.00399127	0.00164894	0.000575045	0.000175386	5.25691e-005	1.94785e-005	9.56042e-006	
2.02755e-005	3.88798e-005	8.41076e-005	0.000200078	0.000487926	0.0011829	0.00273747	0.0057323	0.0104999	0.0167209	0.0234981	0.029948	0.0356133	0.040289	0.043762	0.0458951	0.0468489	0.0471359	0.0473902	0.0478879	0.0483402	0.0484404	0.0484455	0.0488963	0.0499069	0.0509724	0.0515221	0.0515343	0.0513737	0.0511686	0.0507263	0.0499552	0.0491032	0.0485775	0.048577	0.0490019	0.0496226	0.0500887	0.0499843	0.0492136	0.0482141	0.0475569	0.0474681	0.0478943	0.0486891	0.0495374	0.0501277	0.0504491	0.0505963	0.0505844	0.0505091	0.0504242	0.0502021	0.0498081	0.049365	0.048947	0.0486088	0.0484254	0.0483405	0.048217	0.0480537	0.0479868	0.048181	0.0487057	0.0493374	0.0496124	0.0493333	0.048899	0.0488109	0.0490138	0.0491064	0.0489469	0.0486915	0.048489	0.0483005	0.0479064	0.0472334	0.0466416	0.0465042	0.046693	0.0469085	0.0471948	0.0477564	0.0485116	0.0490859	0.0492132	0.0490173	0.0488349	0.0488844	0.0491074	0.0492444	0.0491894	0.0492122	0.0495676	0.0500243	0.0501391	0.049864	0.0495506	0.0494919	0.0496998	0.0499802	0.0500202	0.049565	0.0488085	0.0484976	0.0492195	0.0506048	0.0516078	0.0515523	0.0506012	0.0492697	0.0477805	0.0459339	0.0434252	0.0400304	0.0355425	0.0299139	0.0234483	0.0167381	0.0105805	0.00577274	0.00267704	0.00105096	0.000352513	0.000106207	3.42765e-005	1.53303e-005	8.62448e-006	
1.85891e-005	3.41894e-005	6.64058e-005	0.000137332	0.000303029	0.000721856	0.00175099	0.00394657	0.00781926	0.0134038	0.0200577	0.0268311	0.0329998	0.0381487	0.0419954	0.0444334	0.0456865	0.0463074	0.0469505	0.0478986	0.0487988	0.0491958	0.0492391	0.0494832	0.0501184	0.0507765	0.0510777	0.0510656	0.0509549	0.0507025	0.0501266	0.0492778	0.0485002	0.0481896	0.0484509	0.0490169	0.0495401	0.0497915	0.0496248	0.0490469	0.0483323	0.0478303	0.0477149	0.0480565	0.0488164	0.0496422	0.0501103	0.0502084	0.0501981	0.0502132	0.0502537	0.0502341	0.050023	0.0496681	0.0493774	0.0492162	0.0490675	0.0488383	0.0485467	0.0482959	0.0481988	0.0482922	0.0485687	0.0489804	0.0493426	0.0493776	0.0489477	0.0482755	0.0478161	0.0477875	0.0480364	0.0483705	0.0486712	0.0487752	0.048561	0.0480605	0.0474395	0.0469761	0.0468337	0.04682	0.0467145	0.0467017	0.0471425	0.0480132	0.0487892	0.048998	0.04875	0.0484891	0.0484514	0.0485504	0.0486066	0.0486475	0.0489308	0.0495198	0.0500459	0.0501438	0.0498659	0.0495203	0.0493871	0.04959	0.0499803	0.050152	0.0497764	0.0490641	0.0487716	0.0494274	0.0506434	0.0515422	0.0516152	0.0508452	0.0493823	0.0473782	0.0448894	0.041814	0.0378838	0.0327759	0.0265066	0.0196686	0.0131483	0.00775227	0.0039589	0.00173971	0.000661035	0.000220472	6.92073e-005	2.61958e-005	1.49161e-005	9.74802e-006	
1.84544e-005	3.08604e-005	5.10696e-005	8.83404e-005	0.000172288	0.000403509	0.00103942	0.00255387	0.00552999	0.010284	0.0164894	0.0233094	0.029904	0.0356394	0.0400294	0.0428813	0.0444792	0.0454666	0.04651	0.0478747	0.0491983	0.0499375	0.0500944	0.0501531	0.0503713	0.0505792	0.0506044	0.0505077	0.050359	0.050042	0.0494633	0.0487889	0.0483639	0.0484737	0.0490692	0.0497297	0.0500472	0.0499492	0.0495834	0.0491064	0.0486703	0.048385	0.0482718	0.0483865	0.0487842	0.0492653	0.0494967	0.0494433	0.0493369	0.0493056	0.0493183	0.0493182	0.0492785	0.049265	0.0494084	0.0497075	0.0499476	0.0498766	0.0494495	0.0489345	0.0486897	0.0488128	0.0491396	0.0494665	0.049634	0.0495068	0.0489714	0.0481209	0.0474093	0.0472717	0.0476864	0.0483556	0.0489769	0.0492371	0.0489971	0.0484736	0.0479895	0.0477036	0.0475647	0.047373	0.0470539	0.046863	0.0471523	0.047933	0.048699	0.0488937	0.0485372	0.0480832	0.0478577	0.0478836	0.0480719	0.0484541	0.0491282	0.0499378	0.0504737	0.0504984	0.0501275	0.0496345	0.0493378	0.0494753	0.0499238	0.0501842	0.0498543	0.0491613	0.0488724	0.0494383	0.0504202	0.0510815	0.051088	0.0503237	0.0486778	0.0462488	0.0432735	0.0397602	0.0353663	0.0297331	0.0230406	0.0161423	0.0100738	0.00552628	0.00264893	0.00111961	0.00042478	0.000147184	5.06912e-005	2.34236e-005	1.65348e-005	1.23021e-005	
2.01218e-005	2.95157e-005	4.00437e-005	5.57145e-005	9.32307e-005	0.000213156	0.00058401	0.00156331	0.00369297	0.00744942	0.0128569	0.0194019	0.0263012	0.0326945	0.0377941	0.0412495	0.0433577	0.0447855	0.0461283	0.047622	0.0490345	0.049943	0.0502802	0.0503689	0.05042	0.0503806	0.0502052	0.0499582	0.0496845	0.0493511	0.0489896	0.0487863	0.0489451	0.0495176	0.05029	0.0508421	0.0508742	0.0504473	0.0498432	0.0493016	0.0489377	0.0487511	0.0486507	0.0485779	0.0485621	0.0485845	0.0485428	0.0484288	0.0483268	0.0482436	0.0481626	0.048174	0.0483774	0.0487717	0.0493299	0.0500068	0.0506064	0.0507856	0.0503465	0.0495831	0.0490977	0.0491526	0.0494887	0.0497537	0.0498023	0.0495987	0.0490597	0.04825	0.0476212	0.047605	0.0481095	0.0487705	0.0493247	0.0495376	0.0493092	0.0489002	0.048642	0.0485589	0.0484473	0.0481676	0.0478235	0.047656	0.0478321	0.0483344	0.0488426	0.0489087	0.0484507	0.047847	0.0475373	0.047672	0.0481608	0.0489383	0.0499227	0.0508123	0.0512529	0.0511435	0.0506271	0.0499558	0.0494838	0.0495099	0.0499176	0.0501573	0.0497937	0.0490717	0.0487568	0.049229	0.0500064	0.0504199	0.0502077	0.04924	0.0473744	0.0446932	0.0413854	0.0373913	0.0323843	0.0262031	0.0193138	0.0127252	0.00740241	0.00378518	0.00172258	0.00072146	0.000286101	0.000107634	4.17092e-005	2.26895e-005	1.81857e-005	1.45913e-005	
2.18586e-005	2.86846e-005	3.28255e-005	3.71575e-005	5.22632e-005	0.000112557	0.000318413	0.000910073	0.00231906	0.00506359	0.00946863	0.0154315	0.0223634	0.0292642	0.0350811	0.0392929	0.0421201	0.0441267	0.0457416	0.0471381	0.0482985	0.0491227	0.0496312	0.0499711	0.0501791	0.0501694	0.0499226	0.0495203	0.0490875	0.0487719	0.0487417	0.0491235	0.0498675	0.0507161	0.051335	0.0515016	0.051228	0.0507046	0.0501395	0.0496552	0.0492908	0.049042	0.0488553	0.0486467	0.0483969	0.0481546	0.0479504	0.0477982	0.0476845	0.0475507	0.0474377	0.0475443	0.0479791	0.0486194	0.0493366	0.050108	0.050813	0.0511109	0.0507142	0.0498677	0.0492582	0.049243	0.0495353	0.0497271	0.0497137	0.0495408	0.0491631	0.0486396	0.0483315	0.0484841	0.0488771	0.0492146	0.0494361	0.0494788	0.0492889	0.0490911	0.0491431	0.0493311	0.0493256	0.0490444	0.0487555	0.0486726	0.0487238	0.0488161	0.0489076	0.048823	0.0484122	0.0478876	0.0477113	0.0480925	0.0488879	0.0499257	0.0510044	0.0517813	0.0520072	0.0516922	0.0510016	0.0501951	0.0496383	0.0496127	0.0499682	0.0501384	0.0497018	0.0489148	0.0485191	0.0488758	0.0495383	0.0498358	0.0494015	0.0480787	0.0458839	0.0429753	0.0393539	0.0347722	0.0290218	0.0223223	0.015471	0.00950137	0.00512362	0.00244192	0.00106923	0.000459268	0.000198583	8.38852e-005	3.73553e-005	2.28112e-005	1.88101e-005	1.51458e-005	
2.17892e-005	2.68518e-005	2.79874e-005	2.80734e-005	3.4146e-005	6.45715e-005	0.000174325	0.000509738	0.0013788	0.0032587	0.00665135	0.0117995	0.0183803	0.0254295	0.0317782	0.0367444	0.0403721	0.0430445	0.0450199	0.0463871	0.0472755	0.0479087	0.0484984	0.0491178	0.0496403	0.0498803	0.0497784	0.0493962	0.0489004	0.048596	0.0487834	0.0495263	0.0505585	0.0514036	0.0516824	0.0514055	0.050927	0.0505754	0.0503941	0.0502179	0.0499108	0.049511	0.0491374	0.0488299	0.0485691	0.0483378	0.0481153	0.0479086	0.0477337	0.0475885	0.0475607	0.0478166	0.0483564	0.0489876	0.0496051	0.0502401	0.0508126	0.0510302	0.0506429	0.049873	0.0493385	0.0493423	0.0495893	0.0497148	0.0496981	0.0496589	0.0495687	0.049415	0.0493696	0.0494692	0.0494961	0.049384	0.0492923	0.049229	0.0491066	0.0490959	0.0494135	0.049869	0.0500225	0.0497699	0.0494719	0.0493637	0.0492311	0.0489254	0.0486647	0.0485653	0.0484213	0.048201	0.0482562	0.0488242	0.049797	0.050959	0.0520119	0.0525961	0.0525509	0.051968	0.0510603	0.0501393	0.0495837	0.0496033	0.0499626	0.0500969	0.0496384	0.0488192	0.0482994	0.0484724	0.0490263	0.0492726	0.0486212	0.046831	0.0441312	0.0408474	0.0368505	0.0317266	0.0253981	0.0184426	0.011905	0.00673892	0.00333164	0.00146845	0.000620697	0.000278807	0.000134462	6.5695e-005	3.49369e-005	2.36553e-005	1.89399e-005	1.44236e-005	
1.9549e-005	2.37435e-005	2.43125e-005	2.38478e-005	2.70903e-005	4.38055e-005	0.000102638	0.000285747	0.000794808	0.00201894	0.00450021	0.00868784	0.0145374	0.0213044	0.0278879	0.0334748	0.037852	0.0411909	0.0436501	0.045266	0.0461815	0.046753	0.0473423	0.048093	0.0488887	0.049511	0.0498199	0.0497529	0.0493919	0.0490955	0.0492537	0.0499256	0.0508133	0.051439	0.0514438	0.0509328	0.0504318	0.0503642	0.0506361	0.0507979	0.0505561	0.0500335	0.0495423	0.049253	0.0491282	0.0490284	0.0488478	0.04862	0.0484496	0.0483996	0.04852	0.0488375	0.0492639	0.0496767	0.0500796	0.0505214	0.0508976	0.0509482	0.050518	0.0498777	0.0495621	0.0497315	0.0500162	0.050086	0.0500312	0.0500899	0.0502644	0.0504117	0.0504639	0.0503205	0.0499033	0.0494427	0.0492533	0.0492675	0.0492433	0.0492751	0.0496273	0.0501755	0.0504389	0.0502163	0.0498524	0.0496299	0.0493299	0.048812	0.0484531	0.0485271	0.0487497	0.0488456	0.0489928	0.0494799	0.0503937	0.0515971	0.0526977	0.0532343	0.0530231	0.0521956	0.0510383	0.0499528	0.0493754	0.0494601	0.0498573	0.0500036	0.0496107	0.0488488	0.0482126	0.0480964	0.0483641	0.0483817	0.047411	0.0451224	0.0418473	0.0380343	0.0335704	0.0280471	0.0215118	0.0147365	0.00883094	0.00457396	0.0020501	0.000823754	0.000331994	0.000155728	8.47348e-005	4.9344e-005	3.19851e-005	2.39658e-005	1.88386e-005	1.3622e-005	
1.62597e-005	2.02497e-005	2.15189e-005	2.18675e-005	2.43823e-005	3.48127e-005	6.84073e-005	0.000168476	0.000456599	0.00121611	0.00292587	0.00610282	0.0109416	0.0170372	0.0235277	0.029553	0.0346171	0.0386361	0.0416993	0.0438378	0.0451258	0.0458571	0.0464381	0.047179	0.0481553	0.0491947	0.0500282	0.0504151	0.0503142	0.0500353	0.0499679	0.0502412	0.0507232	0.0510841	0.0509871	0.0504895	0.050104	0.0502601	0.0507772	0.0510616	0.0508074	0.0502682	0.0498657	0.0497654	0.0498294	0.049841	0.0497318	0.0496059	0.0495851	0.0496991	0.0498969	0.0500805	0.0501843	0.0502652	0.0504394	0.0507144	0.0509264	0.0508354	0.0503706	0.0498712	0.049839	0.0502974	0.0507248	0.0507302	0.0504988	0.0504736	0.0507779	0.0511524	0.0513001	0.0510318	0.0503911	0.0498132	0.0497089	0.0499058	0.0499521	0.0498321	0.049918	0.0502901	0.050537	0.0503588	0.0500011	0.0497496	0.0494344	0.0489586	0.048741	0.0490573	0.0495497	0.0497988	0.0498333	0.04998	0.050583	0.0517116	0.0529536	0.0536711	0.0535122	0.0525781	0.0512208	0.0499312	0.0492481	0.049342	0.04977	0.0499503	0.0496646	0.0490118	0.0482634	0.0477215	0.0473997	0.0468523	0.0454073	0.0426974	0.0389578	0.0345813	0.0295689	0.0237449	0.017346	0.0111843	0.00621952	0.00294658	0.00119457	0.000434335	0.000164708	8.01455e-005	4.96851e-005	3.48079e-005	2.68147e-005	2.1971e-005	1.76654e-005	1.27839e-005	
1.39512e-005	1.82583e-005	2.07717e-005	2.23697e-005	2.46287e-005	3.11514e-005	5.09258e-005	0.000106534	0.000266217	0.000714441	0.00181388	0.00404411	0.00775892	0.0129107	0.0189912	0.025231	0.0309183	0.0356793	0.0394721	0.0423031	0.0441542	0.0451878	0.0458102	0.0465224	0.0476278	0.0489801	0.050153	0.0508182	0.0509335	0.0507104	0.0504172	0.0502797	0.0504227	0.050666	0.050642	0.0503056	0.0500754	0.0503133	0.0507907	0.050929	0.0505546	0.0500725	0.0499194	0.0501138	0.0503489	0.0504219	0.0504316	0.050534	0.0507318	0.0509415	0.0510486	0.0509283	0.0506055	0.0503094	0.0502287	0.0503131	0.0503606	0.0501888	0.0497955	0.0495145	0.0497864	0.0505569	0.0512007	0.0512171	0.0507928	0.0505597	0.0508425	0.0513728	0.0517172	0.0516129	0.051095	0.0506181	0.0506307	0.05093	0.0509328	0.0505297	0.0501856	0.0502013	0.0503068	0.050173	0.0499439	0.0498512	0.0497321	0.0494847	0.0494703	0.0499105	0.0504605	0.0507034	0.0505772	0.0503682	0.0505719	0.05148	0.0527751	0.053706	0.0537222	0.0528409	0.051434	0.0500264	0.049234	0.0492977	0.0497532	0.0499898	0.049806	0.0492306	0.0483244	0.0472436	0.0461135	0.0447645	0.0427368	0.0396603	0.0355581	0.0306576	0.0251097	0.0191001	0.0131067	0.00787588	0.00404683	0.00175762	0.000651505	0.000219384	8.09552e-005	4.17016e-005	2.91629e-005	2.35498e-005	2.03481e-005	1.79332e-005	1.5172e-005	1.1409e-005	
1.4061e-005	1.90758e-005	2.28197e-005	2.56349e-005	2.7901e-005	3.16712e-005	4.27484e-005	7.3353e-005	0.000159481	0.000408371	0.00106033	0.0024997	0.00514277	0.00922346	0.0146074	0.0207518	0.0268861	0.0323911	0.0370053	0.040611	0.0430798	0.0444795	0.0452382	0.0460023	0.0472037	0.0486553	0.0498186	0.0504425	0.0506545	0.0505934	0.0503111	0.0500438	0.0501195	0.0504574	0.0506297	0.0504847	0.0503403	0.0504928	0.0507334	0.0505988	0.0500715	0.0496673	0.0497926	0.0502675	0.0505938	0.0506344	0.0507133	0.0510158	0.0513629	0.0515583	0.0514984	0.051086	0.0503925	0.0497256	0.0493231	0.049126	0.0489588	0.0487613	0.0485998	0.0486753	0.0492435	0.0502342	0.0511123	0.0513468	0.050979	0.0506211	0.0507566	0.0512629	0.0517471	0.0519217	0.0517293	0.0514909	0.0515885	0.051846	0.0517128	0.0510695	0.0503893	0.0500673	0.0499659	0.0498162	0.0497298	0.0498853	0.0500733	0.0500939	0.0501796	0.0505405	0.0509678	0.0511474	0.050963	0.0505951	0.0505242	0.0511325	0.0522274	0.0531102	0.0531834	0.0524139	0.0511429	0.049833	0.0490595	0.0491086	0.0495881	0.0499071	0.0498323	0.0493024	0.0482085	0.0465887	0.0446706	0.0425299	0.0398877	0.0363697	0.0318448	0.0264577	0.0205343	0.0145804	0.0092405	0.00509504	0.00239435	0.000953396	0.000330693	0.000111131	4.52593e-005	2.62617e-005	1.97607e-005	1.68089e-005	1.51793e-005	1.4068e-005	1.25857e-005	9.90535e-006	
1.55844e-005	2.12625e-005	2.55828e-005	2.88903e-005	3.12522e-005	3.37723e-005	3.9952e-005	5.59007e-005	9.85827e-005	0.000223374	0.000572354	0.00141947	0.00315569	0.00616757	0.0106293	0.0163032	0.0225409	0.0286086	0.0340002	0.038375	0.0414755	0.043332	0.0443951	0.045345	0.0466123	0.047967	0.0488808	0.0492889	0.049555	0.0498059	0.0498504	0.0497759	0.0499787	0.0504849	0.0508571	0.0508358	0.0506348	0.0505506	0.0505043	0.0501816	0.0496283	0.0493652	0.0497441	0.0504094	0.0506933	0.0505255	0.0504577	0.0507553	0.0511348	0.051334	0.0512572	0.0507747	0.0499045	0.0489605	0.0482333	0.0477105	0.0473054	0.0471328	0.0473173	0.0478114	0.0485667	0.0495501	0.0505332	0.0511127	0.0511012	0.0508331	0.0507866	0.0510559	0.0514485	0.0517555	0.0518707	0.0519335	0.0521432	0.0523341	0.0521076	0.0514053	0.0506217	0.0501152	0.0498427	0.0496344	0.049608	0.0499187	0.0503208	0.0504876	0.0505142	0.050663	0.0509223	0.051082	0.050978	0.050682	0.0505468	0.0508697	0.05152	0.0519912	0.0518604	0.0511516	0.0501489	0.0491532	0.0485478	0.0485717	0.0489738	0.0493114	0.0493514	0.0488936	0.0476514	0.0456032	0.0430865	0.0403117	0.0370598	0.0329654	0.0279092	0.0221295	0.0161399	0.010604	0.00613931	0.00306915	0.00130725	0.00047876	0.000162191	6.14811e-005	3.16665e-005	2.1525e-005	1.70198e-005	1.44773e-005	1.30235e-005	1.23425e-005	1.14955e-005	9.3824e-006	
1.60352e-005	2.18551e-005	2.58212e-005	2.85127e-005	3.06576e-005	3.31637e-005	3.75082e-005	4.54868e-005	6.33104e-005	0.000116786	0.000283601	0.000739898	0.00179368	0.00385504	0.00728913	0.0121582	0.0180618	0.0243129	0.0302358	0.03526	0.0390075	0.0414867	0.0431033	0.0444257	0.045789	0.0469882	0.0476482	0.047908	0.0482989	0.048961	0.0494918	0.0497117	0.049975	0.0504927	0.0509517	0.0509965	0.0506826	0.0503189	0.0500256	0.049642	0.0491922	0.0491304	0.0497486	0.0505504	0.0507205	0.0502126	0.0497729	0.0498533	0.0502311	0.0506066	0.0507727	0.0504534	0.049607	0.0485925	0.0477354	0.047026	0.0464724	0.0463768	0.0468798	0.0476371	0.0483056	0.0489464	0.0497244	0.0504815	0.0508736	0.0508698	0.050762	0.0507608	0.0508966	0.0511304	0.0514111	0.0517416	0.0521084	0.0523161	0.0521085	0.0514859	0.0507538	0.0502261	0.0499404	0.0497699	0.0497719	0.0500789	0.0504757	0.0505859	0.0504359	0.050369	0.0505274	0.0507539	0.0508477	0.0507851	0.0507343	0.0508235	0.0509468	0.0508423	0.0503706	0.0496743	0.0489641	0.0483353	0.0479058	0.0477909	0.047902	0.0480662	0.0481243	0.0477054	0.0463364	0.0439818	0.0410509	0.0377593	0.033882	0.0291431	0.0235952	0.0176794	0.0120474	0.00731956	0.00388381	0.0017696	0.000689363	0.000238334	8.52014e-005	4.05496e-005	2.67349e-005	2.10862e-005	1.79275e-005	1.55241e-005	1.38817e-005	1.3145e-005	1.23564e-005	1.02075e-005	
1.44016e-005	1.97631e-005	2.28236e-005	2.42957e-005	2.58664e-005	2.87055e-005	3.28781e-005	3.75809e-005	4.3881e-005	6.3516e-005	0.000138218	0.00037189	0.000972919	0.00228532	0.00473097	0.00858511	0.0137338	0.0196834	0.0257504	0.0312367	0.0356644	0.0389619	0.0413783	0.0432699	0.0448542	0.0460208	0.0466142	0.0469205	0.0475215	0.0485678	0.049528	0.049945	0.0500589	0.0503175	0.0506931	0.0508127	0.0505006	0.0499748	0.0495119	0.0490863	0.0486856	0.0487308	0.0495332	0.0505147	0.0506843	0.0499013	0.0490309	0.0488176	0.0492654	0.0500153	0.0505746	0.0504641	0.049724	0.0488813	0.0482298	0.0476243	0.0471034	0.0471101	0.0477459	0.0484361	0.0487052	0.0487471	0.04902	0.0496119	0.0501918	0.0504764	0.0504825	0.0503665	0.0502902	0.050379	0.0506656	0.0510952	0.0515366	0.051773	0.0516153	0.0510865	0.0504511	0.0500317	0.0499255	0.0499635	0.0500594	0.050299	0.0505428	0.0504658	0.0501245	0.0499351	0.0500888	0.0504227	0.0507228	0.0508902	0.0509173	0.0508121	0.0505433	0.0500664	0.0494361	0.0488219	0.0483202	0.0478743	0.0474357	0.0470337	0.0467139	0.0465383	0.0464067	0.0458185	0.0442162	0.0415838	0.0382944	0.0344735	0.0299413	0.0246393	0.0188666	0.0132265	0.00837183	0.00471643	0.00232792	0.000994006	0.000369419	0.000128989	5.33143e-005	3.21648e-005	2.5533e-005	2.29347e-005	2.10461e-005	1.86586e-005	1.64891e-005	1.51956e-005	1.39345e-005	1.13253e-005	
1.17155e-005	1.63111e-005	1.8662e-005	1.94336e-005	2.06762e-005	2.36266e-005	2.77874e-005	3.15515e-005	3.42176e-005	4.16018e-005	7.69966e-005	0.000198006	0.00052794	0.00130692	0.00290194	0.00566995	0.00973907	0.0149136	0.0207089	0.026465	0.0316051	0.0358487	0.0391761	0.0417321	0.0436889	0.0450615	0.0458568	0.0464068	0.0472545	0.0485641	0.0497991	0.0503257	0.0502206	0.0500849	0.0502301	0.0504017	0.0502271	0.0497366	0.0492477	0.0488049	0.0483458	0.0483088	0.0491536	0.0503465	0.0507062	0.0498484	0.0486471	0.048185	0.0487798	0.0499707	0.0508863	0.0508865	0.0502366	0.0496944	0.0494538	0.0491451	0.0487775	0.0488562	0.0494163	0.0497937	0.0495575	0.0490041	0.048695	0.0488791	0.0493614	0.0497902	0.0499691	0.0499267	0.0498381	0.0498697	0.0500603	0.050358	0.0506605	0.0508021	0.0506446	0.0502174	0.0497367	0.0494994	0.0496355	0.0499514	0.0502279	0.0504613	0.050555	0.0502886	0.0498272	0.0496379	0.0498545	0.0502358	0.050571	0.0507629	0.0507377	0.0504957	0.0501259	0.0497067	0.0492817	0.0488689	0.0484142	0.047838	0.0471437	0.046409	0.0457433	0.0452394	0.0447422	0.0437198	0.0416865	0.0386554	0.0348865	0.0304354	0.0252864	0.0196773	0.0141039	0.00917038	0.00535862	0.0028035	0.00130932	0.000545038	0.000206533	7.96231e-005	3.98235e-005	2.88268e-005	2.62451e-005	2.60034e-005	2.49437e-005	2.20506e-005	1.87427e-005	1.63155e-005	1.42491e-005	1.12319e-005	
9.22371e-006	1.30724e-005	1.54868e-005	1.69987e-005	1.89878e-005	2.19817e-005	2.53936e-005	2.81993e-005	2.97977e-005	3.3358e-005	5.20305e-005	0.000116106	0.000290237	0.000715767	0.00164729	0.00340486	0.00625489	0.0103123	0.0154427	0.0211912	0.0269157	0.0320408	0.0362196	0.0394334	0.0418857	0.0436941	0.0449206	0.0458619	0.0469772	0.048432	0.0497927	0.050429	0.0502738	0.0498902	0.0497848	0.0499075	0.0498646	0.0495492	0.0492317	0.0489339	0.048493	0.0483203	0.0490488	0.0503256	0.0508944	0.0501075	0.0487442	0.0481337	0.0488602	0.0503637	0.051478	0.0515117	0.05095	0.0506769	0.0507458	0.0506321	0.0503612	0.0504625	0.050909	0.0510336	0.0504766	0.049541	0.0487664	0.048486	0.0486563	0.048999	0.0492775	0.0494357	0.0495477	0.049664	0.0497547	0.0498068	0.0498305	0.0497913	0.0496619	0.0494648	0.0492499	0.0491697	0.049417	0.0499255	0.0504176	0.0507235	0.0507176	0.0503118	0.0498029	0.0496626	0.0499134	0.0502132	0.0503681	0.0503728	0.0502167	0.0499544	0.0497492	0.0496764	0.0496231	0.0493834	0.0487917	0.047859	0.0467878	0.0457983	0.0449794	0.0442551	0.0433318	0.0417305	0.039094	0.0354428	0.0309817	0.0258496	0.0202822	0.0147571	0.0098153	0.00588629	0.00316841	0.00154537	0.000694512	0.000292657	0.000120247	5.44198e-005	3.27187e-005	2.71139e-005	2.72239e-005	2.85114e-005	2.76764e-005	2.39115e-005	1.92002e-005	1.5456e-005	1.2631e-005	9.59552e-006	
7.36164e-006	1.06381e-005	1.38157e-005	1.73022e-005	2.10827e-005	2.42776e-005	2.6242e-005	2.72258e-005	2.77194e-005	2.94601e-005	3.89403e-005	7.08017e-005	0.000155745	0.00036474	0.000841017	0.00180745	0.00355252	0.00639565	0.0105377	0.0158195	0.0216669	0.0273212	0.0321754	0.0360542	0.039133	0.0415391	0.0433237	0.0447357	0.046141	0.0476776	0.049064	0.0498347	0.049865	0.0495363	0.0493309	0.0493594	0.0493599	0.0492328	0.0492062	0.049244	0.0490579	0.0489141	0.0494677	0.050578	0.0511357	0.0504141	0.0490568	0.0484187	0.0491751	0.0507232	0.0518334	0.0519074	0.0515306	0.0514828	0.0516276	0.0514404	0.0510999	0.0511943	0.0516537	0.0517871	0.0512002	0.0501223	0.0490621	0.0484024	0.0481943	0.0482842	0.04855	0.0489247	0.0493122	0.0495778	0.0496305	0.0495042	0.0493141	0.0491933	0.0492684	0.0495038	0.0496488	0.0496274	0.0497598	0.0502624	0.0508835	0.0512563	0.0511992	0.0507503	0.0502469	0.0500633	0.0501666	0.0502471	0.0501659	0.0499874	0.0497577	0.049554	0.0495482	0.0497696	0.0499566	0.0497358	0.0488991	0.0475738	0.0461512	0.0449742	0.0440608	0.0431139	0.0417193	0.0394848	0.0361452	0.0317207	0.0265017	0.0208697	0.0152902	0.0103018	0.00631259	0.0034813	0.0017308	0.000795039	0.000350923	0.000154718	7.19358e-005	3.91982e-005	2.78501e-005	2.55612e-005	2.7114e-005	2.90339e-005	2.83223e-005	2.42683e-005	1.88442e-005	1.41927e-005	1.07554e-005	7.77044e-006	
6.11492e-006	9.00538e-006	1.29357e-005	1.82111e-005	2.35715e-005	2.68948e-005	2.74815e-005	2.67335e-005	2.6291e-005	2.70024e-005	3.08299e-005	4.37596e-005	7.9608e-005	0.000169691	0.000380675	0.00084056	0.00178172	0.00356569	0.00656509	0.0108855	0.0161852	0.0217942	0.0270428	0.0315913	0.0354237	0.0385402	0.0409543	0.0428858	0.044613	0.0462379	0.0476395	0.0485706	0.048915	0.0488715	0.0487998	0.048851	0.0488763	0.0488575	0.0490481	0.0494251	0.0496423	0.0497441	0.0501899	0.0509449	0.0512128	0.0504519	0.0492302	0.0487065	0.049407	0.0507251	0.0516287	0.0517731	0.0517395	0.0519957	0.0521434	0.0517371	0.0511979	0.0512307	0.0517667	0.0520693	0.0516409	0.0506226	0.0495046	0.0486698	0.048181	0.0479853	0.0481284	0.0485942	0.0491519	0.0495267	0.0495943	0.0493973	0.0491169	0.0490596	0.0494866	0.0502495	0.0507759	0.0507618	0.050629	0.0508832	0.051405	0.0517592	0.0517509	0.0514538	0.0510493	0.0506973	0.0504381	0.0502167	0.0499999	0.0497947	0.0495615	0.0493281	0.0493015	0.0495746	0.049836	0.0495683	0.0485009	0.0468385	0.0450938	0.0436721	0.0425189	0.0411744	0.0391663	0.0362069	0.0321325	0.0270219	0.021331	0.0156863	0.010644	0.00660088	0.00371007	0.00187896	0.000866459	0.000380206	0.000169841	8.20078e-005	4.52554e-005	3.02726e-005	2.50124e-005	2.44777e-005	2.62617e-005	2.81985e-005	2.79865e-005	2.46977e-005	1.95866e-005	1.45559e-005	1.04846e-005	7.1534e-006	
5.54773e-006	8.1619e-006	1.20996e-005	1.76182e-005	2.31824e-005	2.64392e-005	2.66766e-005	2.55991e-005	2.52399e-005	2.58945e-005	2.7042e-005	3.03584e-005	4.19908e-005	7.47068e-005	0.000155518	0.000349244	0.000808179	0.00181826	0.00374637	0.00684536	0.0110655	0.0160465	0.0212798	0.0263267	0.0308958	0.0347718	0.0378989	0.0404498	0.0426017	0.0444213	0.0459339	0.0470834	0.0477806	0.0481153	0.0483512	0.0485983	0.0487116	0.0487108	0.0489136	0.0494165	0.0499408	0.050344	0.0507755	0.0511626	0.0510269	0.050169	0.0491863	0.048928	0.0495736	0.0505061	0.0510601	0.0512501	0.0516185	0.0522639	0.0525115	0.0519611	0.0512184	0.0511018	0.0516033	0.0520134	0.0517932	0.0510203	0.0501163	0.0493687	0.0487807	0.0483527	0.0482688	0.0486155	0.0491631	0.0495904	0.0497039	0.0494686	0.0490984	0.0490688	0.0497488	0.0508999	0.0517473	0.0518103	0.0514551	0.0513088	0.0514788	0.0516998	0.0518301	0.0518473	0.0516472	0.0511587	0.0505611	0.0501221	0.0499074	0.0497767	0.049512	0.0490694	0.0487656	0.0488918	0.0491638	0.0488788	0.047629	0.0456585	0.0435614	0.0417549	0.0401253	0.0381334	0.0353128	0.0315218	0.0267916	0.0213481	0.015764	0.0107331	0.00671013	0.00382806	0.00197983	0.000926209	0.000400292	0.000172127	8.23277e-005	4.69326e-005	3.21781e-005	2.61059e-005	2.41048e-005	2.42345e-005	2.56578e-005	2.74278e-005	2.78483e-005	2.55768e-005	2.10385e-005	1.58391e-005	1.1185e-005	7.31703e-006	
5.76259e-006	8.14832e-006	1.13081e-005	1.55749e-005	2.01532e-005	2.34533e-005	2.46723e-005	2.47898e-005	2.53783e-005	2.6574e-005	2.71445e-005	2.6919e-005	2.846e-005	3.69674e-005	6.32581e-005	0.0001385	0.000347163	0.000865411	0.00195866	0.00389963	0.00685275	0.0108022	0.0155258	0.020626	0.025634	0.0301552	0.0340375	0.0373475	0.0401192	0.0423466	0.0441417	0.0456029	0.0466954	0.0474503	0.0480536	0.0485626	0.0488062	0.0487945	0.0488756	0.0492757	0.0498489	0.0503846	0.0508111	0.0509725	0.0505875	0.0497435	0.0490872	0.0491562	0.0497594	0.05029	0.0504694	0.0506294	0.0512577	0.0521918	0.0526052	0.0521008	0.0513038	0.0510425	0.0513833	0.051744	0.0516678	0.0512157	0.0506938	0.0502301	0.0497284	0.0491787	0.0488221	0.0488814	0.0492906	0.0497667	0.0499699	0.0496988	0.0491739	0.0490119	0.0496765	0.0509265	0.0519583	0.052198	0.0518006	0.0512869	0.0509861	0.0509591	0.0511522	0.0513923	0.051372	0.0509263	0.0503189	0.0499509	0.0498754	0.0498187	0.0494627	0.048758	0.0481294	0.048043	0.0482502	0.0478858	0.046419	0.0441308	0.0416508	0.0393338	0.0370021	0.0341359	0.030379	0.025801	0.0206874	0.0154161	0.0105379	0.00659001	0.00378442	0.00199846	0.00096684	0.000428189	0.000179663	8.04923e-005	4.47961e-005	3.14004e-005	2.58313e-005	2.37562e-005	2.33115e-005	2.36185e-005	2.46664e-005	2.62698e-005	2.70112e-005	2.52493e-005	2.10044e-005	1.5783e-005	1.09345e-005	6.90167e-006	
6.3675e-006	8.62208e-006	1.09447e-005	1.37438e-005	1.7143e-005	2.05821e-005	2.31706e-005	2.47591e-005	2.61565e-005	2.77842e-005	2.8729e-005	2.79822e-005	2.61675e-005	2.58239e-005	3.24557e-005	6.11342e-005	0.000152008	0.000392675	0.000935644	0.00199293	0.00380439	0.00657428	0.0103473	0.0148983	0.0197943	0.0246114	0.0291187	0.0332269	0.0367901	0.0396709	0.0419574	0.0438449	0.0453957	0.0466132	0.0475781	0.0483024	0.0486661	0.0487094	0.0487364	0.0489686	0.0493425	0.0497272	0.0500707	0.0502148	0.049923	0.0493474	0.0490701	0.0493803	0.0498826	0.0500713	0.0499643	0.050041	0.0506919	0.0516576	0.0521671	0.0518509	0.0512081	0.0509411	0.0511432	0.0513769	0.051316	0.0510481	0.0508145	0.0506497	0.0503689	0.0498665	0.0493297	0.0490983	0.0493408	0.0498531	0.0501437	0.0498644	0.0492334	0.0489161	0.0494072	0.0505215	0.051558	0.0519574	0.0516584	0.0509551	0.0502762	0.0499571	0.0500196	0.0501999	0.0501849	0.0498915	0.0495896	0.0495722	0.0497429	0.0497408	0.0492959	0.0484456	0.0476404	0.0473588	0.0473528	0.0467139	0.0449035	0.0422501	0.039354	0.0364333	0.0332503	0.0294167	0.0248153	0.0197646	0.0147406	0.0101489	0.00636302	0.00363529	0.00192302	0.000957363	0.000449455	0.000198645	8.704e-005	4.43812e-005	2.95794e-005	2.38225e-005	2.15289e-005	2.11812e-005	2.14541e-005	2.16462e-005	2.22125e-005	2.34606e-005	2.41815e-005	2.26842e-005	1.88408e-005	1.40224e-005	9.50902e-006	5.78311e-006	
6.52249e-006	8.79391e-006	1.09077e-005	1.30591e-005	1.55797e-005	1.86045e-005	2.1538e-005	2.35937e-005	2.49822e-005	2.64918e-005	2.77841e-005	2.74967e-005	2.5284e-005	2.29436e-005	2.42458e-005	3.62383e-005	7.4728e-005	0.000175328	0.00041062	0.000910824	0.00187931	0.00357049	0.00617752	0.00968867	0.0138844	0.0184803	0.0232406	0.0279428	0.0322831	0.0359723	0.0389606	0.0414224	0.043506	0.0452256	0.0465519	0.0474572	0.047954	0.0481845	0.0483432	0.0484854	0.0485582	0.0486191	0.0488157	0.0490724	0.0491257	0.0490176	0.0491308	0.0495615	0.0499046	0.049847	0.0495871	0.0495796	0.0500742	0.0508259	0.0512628	0.0511041	0.0506891	0.0505374	0.0507285	0.050913	0.050818	0.050531	0.0503228	0.050297	0.0502612	0.0499743	0.0494839	0.0491448	0.0492571	0.0496791	0.0499088	0.0496396	0.0490999	0.048821	0.0491787	0.0500499	0.0509084	0.0513031	0.0510976	0.0504217	0.0496517	0.0491799	0.0490552	0.0490231	0.0488684	0.0486401	0.048611	0.0489329	0.0493363	0.049375	0.0488627	0.0479613	0.0470877	0.0465942	0.0461929	0.0450523	0.0427373	0.039617	0.0362222	0.0326464	0.0286495	0.0240496	0.0190123	0.0140425	0.00964637	0.00609587	0.00349926	0.00183634	0.000912082	0.000445799	0.000215654	0.000102257	5.06765e-005	3.05922e-005	2.30642e-005	1.95251e-005	1.82439e-005	1.8722e-005	1.94162e-005	1.93336e-005	1.91654e-005	1.97357e-005	2.02623e-005	1.91885e-005	1.61496e-005	1.21552e-005	8.27271e-006	4.9697e-006	
5.73713e-006	8.11525e-006	1.06388e-005	1.2927e-005	1.47341e-005	1.6514e-005	1.84987e-005	2.00821e-005	2.10247e-005	2.19583e-005	2.29001e-005	2.28202e-005	2.14174e-005	2.02585e-005	2.17883e-005	2.83436e-005	4.41205e-005	8.14372e-005	0.00017132	0.000379799	0.000831467	0.00171999	0.00325713	0.00557761	0.00870197	0.0125668	0.0170365	0.0218711	0.0267074	0.0311467	0.0349469	0.0381349	0.0408584	0.0431514	0.0449152	0.0460938	0.0468235	0.047345	0.0477417	0.0479024	0.0477929	0.0476393	0.0477264	0.0480452	0.0483713	0.0486818	0.0491328	0.0496304	0.0498363	0.0496541	0.0493679	0.0493001	0.0495546	0.0499629	0.0501865	0.0500466	0.0497638	0.0497231	0.0500082	0.0503136	0.0503067	0.0499721	0.0496209	0.0495423	0.0496578	0.0496562	0.0494283	0.049208	0.04924	0.0494027	0.0493629	0.0490722	0.0487921	0.0487548	0.0490669	0.0496462	0.050168	0.050342	0.0501217	0.0496292	0.0491013	0.0487677	0.0486407	0.048524	0.0482537	0.0479217	0.047847	0.0481959	0.0486415	0.0486425	0.0480139	0.0470044	0.0459968	0.0451684	0.0441638	0.0422995	0.0393169	0.035619	0.0316715	0.0275274	0.0230244	0.0181855	0.0133673	0.00909368	0.00572759	0.00332491	0.00176561	0.00087127	0.00042307	0.000214386	0.00011314	6.0909e-005	3.56243e-005	2.5127e-005	2.05687e-005	1.77313e-005	1.64853e-005	1.71331e-005	1.81578e-005	1.80773e-005	1.74088e-005	1.73366e-005	1.76252e-005	1.69502e-005	1.46628e-005	1.13987e-005	8.04803e-006	5.01027e-006	
4.24934e-006	6.6756e-006	9.71529e-006	1.23694e-005	1.36587e-005	1.41529e-005	1.50059e-005	1.62035e-005	1.7095e-005	1.75245e-005	1.74808e-005	1.68046e-005	1.5977e-005	1.64398e-005	1.93364e-005	2.42881e-005	3.07883e-005	4.27754e-005	7.39037e-005	0.000153705	0.000342185	0.00074914	0.00152952	0.00285076	0.00486722	0.00769736	0.0113714	0.0157687	0.020596	0.0254387	0.0299124	0.0338571	0.0373188	0.0403012	0.0426715	0.044345	0.0454667	0.0462898	0.0468858	0.0471623	0.0471507	0.047092	0.0472049	0.04748	0.0478328	0.0483163	0.0489377	0.0494424	0.0495687	0.0493984	0.0492131	0.0491427	0.0491687	0.0492498	0.0492672	0.0490919	0.0488359	0.0488287	0.0492267	0.0497813	0.0500463	0.0498001	0.0493054	0.0490362	0.0491358	0.0493478	0.0494338	0.049424	0.0494118	0.0492839	0.0489268	0.0485824	0.0485535	0.0487779	0.0490719	0.0493519	0.0494678	0.0493051	0.0489892	0.0487302	0.0486188	0.0486389	0.0487229	0.0487138	0.0484225	0.0478945	0.0474952	0.0475069	0.0476791	0.0474422	0.0465621	0.0453023	0.0439985	0.0426544	0.0408512	0.0380952	0.0343502	0.0300724	0.0256947	0.0212951	0.0168134	0.0123919	0.00841229	0.00525018	0.00303281	0.00163032	0.000818176	0.000394001	0.000195721	0.000107011	6.3905e-005	4.06293e-005	2.84208e-005	2.2937e-005	2.02353e-005	1.77993e-005	1.60292e-005	1.61642e-005	1.7346e-005	1.77905e-005	1.74064e-005	1.72353e-005	1.73752e-005	1.67532e-005	1.4626e-005	1.15545e-005	8.4451e-006	5.55857e-006	
2.68608e-006	4.94295e-006	8.1211e-006	1.09553e-005	1.21111e-005	1.21068e-005	1.25526e-005	1.39392e-005	1.53903e-005	1.5874e-005	1.50415e-005	1.34226e-005	1.2269e-005	1.30422e-005	1.621e-005	2.04079e-005	2.37474e-005	2.72299e-005	3.73803e-005	6.71874e-005	0.000141984	0.000312974	0.000666858	0.00132796	0.00246072	0.00425708	0.00688016	0.0103771	0.0146177	0.0192934	0.0240144	0.0285026	0.0326508	0.0363656	0.0394867	0.041878	0.0435511	0.0446818	0.0454529	0.045962	0.0463034	0.0466051	0.046932	0.0472439	0.0475593	0.0480066	0.0485561	0.0489489	0.0490493	0.0490265	0.0490565	0.0490697	0.0489678	0.0488439	0.0487642	0.0486039	0.0483592	0.0483427	0.0488199	0.0496196	0.0501996	0.0501147	0.0494943	0.0489281	0.0488352	0.0491192	0.0494364	0.0495894	0.0495487	0.0492562	0.0487519	0.0484057	0.0485208	0.0488907	0.0491651	0.0492234	0.0490174	0.0485838	0.0481932	0.0481213	0.0483548	0.0486906	0.0489738	0.0490398	0.0486746	0.0479048	0.0471048	0.0465965	0.0462263	0.0455136	0.0442275	0.0425861	0.0408328	0.0388333	0.0361642	0.0325447	0.0281586	0.0235224	0.0190581	0.0148802	0.0109813	0.0074881	0.00465832	0.00265566	0.00141303	0.000716276	0.000351746	0.000172843	9.13156e-005	5.58791e-005	3.9578e-005	3.04859e-005	2.491e-005	2.21315e-005	2.05742e-005	1.83527e-005	1.59935e-005	1.54375e-005	1.66268e-005	1.77359e-005	1.79813e-005	1.79844e-005	1.79803e-005	1.7103e-005	1.46815e-005	1.14504e-005	8.47625e-006	5.85128e-006	
1.51467e-006	3.34365e-006	6.13678e-006	8.7909e-006	1.00465e-005	1.0215e-005	1.07923e-005	1.25329e-005	1.4677e-005	1.57618e-005	1.50332e-005	1.30885e-005	1.13839e-005	1.14435e-005	1.37551e-005	1.70925e-005	1.95647e-005	2.09828e-005	2.43767e-005	3.56594e-005	6.52584e-005	0.000134553	0.000283577	0.000580849	0.00113975	0.00212817	0.00374188	0.00613683	0.00935698	0.0132844	0.017658	0.0221987	0.0266914	0.0309454	0.0347713	0.0379547	0.0403108	0.0418987	0.0430193	0.0439399	0.044765	0.045531	0.0462491	0.0468622	0.0473328	0.0477249	0.0480625	0.0482852	0.0484268	0.0486217	0.0488776	0.0490125	0.0489177	0.0487443	0.0486404	0.0485046	0.0482968	0.0483192	0.0488672	0.0497957	0.0505305	0.0505071	0.0497252	0.0488126	0.048442	0.048722	0.0492172	0.0494953	0.0494526	0.0491471	0.0487015	0.0484301	0.0485805	0.0489669	0.0492371	0.049227	0.0489062	0.0483836	0.0479662	0.0479279	0.0482351	0.0486375	0.0489123	0.0488305	0.0481844	0.0470838	0.0459125	0.0449022	0.0439083	0.0425917	0.0407956	0.0386751	0.0363645	0.0336682	0.0302513	0.0260556	0.0214282	0.0168886	0.0128137	0.00931766	0.00637586	0.00400132	0.00226785	0.00117538	0.000580949	0.000287785	0.000146628	7.76964e-005	4.5474e-005	3.26121e-005	2.80906e-005	2.54836e-005	2.32717e-005	2.20391e-005	2.10147e-005	1.88436e-005	1.63454e-005	1.56423e-005	1.6888e-005	1.81624e-005	1.82644e-005	1.77276e-005	1.71248e-005	1.58188e-005	1.3165e-005	9.94995e-006	7.29959e-006	5.18811e-006	
7.92433e-007	2.04357e-006	4.09165e-006	6.23136e-006	7.54209e-006	8.10458e-006	8.97144e-006	1.09103e-005	1.34611e-005	1.52082e-005	1.52109e-005	1.38332e-005	1.22464e-005	1.17985e-005	1.31517e-005	1.55673e-005	1.75633e-005	1.85259e-005	1.9692e-005	2.37103e-005	3.47376e-005	6.10957e-005	0.000119272	0.000240411	0.000483779	0.000952749	0.00179625	0.00318563	0.00526801	0.00809412	0.011574	0.0155316	0.0197735	0.0241046	0.0283234	0.0321367	0.0352094	0.0374964	0.0393015	0.0408896	0.0422985	0.0435399	0.0447035	0.0457786	0.0465999	0.0470728	0.047296	0.0474602	0.0477185	0.0480941	0.0484767	0.0487209	0.0487722	0.0487142	0.0486249	0.0484614	0.0482843	0.0483956	0.0489984	0.0498943	0.0505611	0.0504783	0.049574	0.0484219	0.0478405	0.0481329	0.0488233	0.0492658	0.0492717	0.0490087	0.0486562	0.0484183	0.0484892	0.0488035	0.0490994	0.0491769	0.0489632	0.0485181	0.0480465	0.047788	0.0478128	0.0479758	0.0480347	0.0476605	0.0466285	0.0451482	0.043622	0.0421579	0.0405652	0.0386193	0.0362535	0.0335876	0.0306932	0.0273995	0.0235276	0.0192221	0.0149028	0.0109914	0.00773946	0.00519946	0.00328878	0.00190495	0.00098768	0.000466812	0.000218628	0.000112545	6.43389e-005	3.86824e-005	2.57552e-005	2.16637e-005	2.1681e-005	2.21148e-005	2.22877e-005	2.25494e-005	2.20783e-005	2.0199e-005	1.82188e-005	1.79732e-005	1.92029e-005	1.98215e-005	1.86245e-005	1.64902e-005	1.4559e-005	1.25622e-005	9.88766e-006	7.07998e-006	5.01137e-006	3.57773e-006	
3.73727e-007	1.07279e-006	2.31243e-006	3.80417e-006	5.0811e-006	6.12604e-006	7.4894e-006	9.68964e-006	1.23926e-005	1.43878e-005	1.49214e-005	1.4388e-005	1.35852e-005	1.33476e-005	1.42786e-005	1.60373e-005	1.74948e-005	1.78978e-005	1.77065e-005	1.82791e-005	2.13768e-005	3.01118e-005	5.08695e-005	9.57862e-005	0.000188932	0.000378078	0.000747602	0.00142494	0.00256315	0.00428134	0.0066112	0.00951744	0.0129351	0.0167659	0.0208455	0.0248674	0.0284673	0.0315376	0.0342597	0.0367337	0.0388487	0.0405706	0.0420855	0.0435131	0.044675	0.0453717	0.0457268	0.0460566	0.0465245	0.0470543	0.0475276	0.047929	0.0482687	0.0484844	0.0484918	0.0483023	0.0481211	0.0482572	0.0488014	0.0495121	0.0499976	0.0498948	0.04909	0.0479766	0.0473336	0.0476165	0.0484407	0.0490449	0.049097	0.048786	0.0483743	0.0480502	0.0479951	0.0482283	0.0485454	0.0487375	0.0487065	0.0483915	0.047803	0.0471439	0.0466552	0.0463607	0.0460565	0.0453756	0.0440616	0.0423026	0.0404294	0.0384621	0.03623	0.0336272	0.0306687	0.0274795	0.0241399	0.0205581	0.0166969	0.0128103	0.00928198	0.00636562	0.00414341	0.00257144	0.00151481	0.000823793	0.000400365	0.000178157	8.40398e-005	4.95028e-005	3.38704e-005	2.36255e-005	1.78517e-005	1.65387e-005	1.76554e-005	1.94081e-005	2.14072e-005	2.31918e-005	2.36274e-005	2.26024e-005	2.16506e-005	2.19745e-005	2.27935e-005	2.21837e-005	1.93541e-005	1.54956e-005	1.20298e-005	9.09859e-006	6.36364e-006	4.08845e-006	2.65597e-006	1.83648e-006	
1.47061e-007	4.59047e-007	1.0848e-006	2.03309e-006	3.24965e-006	4.77573e-006	6.80016e-006	9.44811e-006	1.22086e-005	1.40063e-005	1.45459e-005	1.45687e-005	1.45908e-005	1.48699e-005	1.58647e-005	1.74281e-005	1.84727e-005	1.81001e-005	1.66011e-005	1.52061e-005	1.52153e-005	1.80022e-005	2.58289e-005	4.22621e-005	7.42078e-005	0.000138909	0.000275574	0.000556828	0.00108493	0.00196088	0.00325932	0.00504253	0.00736722	0.0102516	0.013626	0.0172873	0.0209731	0.0245577	0.0280522	0.0313531	0.0341899	0.036418	0.0382115	0.0398117	0.0411779	0.0421495	0.0428393	0.0435421	0.0443587	0.0451576	0.0458556	0.0465373	0.0472401	0.0477826	0.047964	0.0478254	0.0476403	0.0477068	0.0480821	0.0485621	0.0489104	0.0489359	0.0484917	0.0477004	0.0471141	0.0472654	0.0480091	0.0486311	0.0486303	0.0481132	0.0474627	0.0469936	0.0468899	0.0470986	0.047356	0.0474881	0.0474732	0.047194	0.0464942	0.0455164	0.0445844	0.0437998	0.0430181	0.0419749	0.0404646	0.0385505	0.0363542	0.0338161	0.0308852	0.0276396	0.0241972	0.0207094	0.0172912	0.0139216	0.0106121	0.00758073	0.00508682	0.00322384	0.0019427	0.00112987	0.000638725	0.000340643	0.000164759	7.59359e-005	4.15126e-005	3.05588e-005	2.49327e-005	2.0007e-005	1.68801e-005	1.59337e-005	1.63556e-005	1.78764e-005	2.04385e-005	2.29315e-005	2.39905e-005	2.38608e-005	2.39227e-005	2.45909e-005	2.47767e-005	2.31364e-005	1.95073e-005	1.50139e-005	1.07385e-005	7.03627e-006	4.08234e-006	2.12487e-006	1.12947e-006	6.97099e-007	
4.6204e-008	1.61925e-007	4.54207e-007	1.07739e-006	2.22684e-006	4.03615e-006	6.50298e-006	9.42456e-006	1.20715e-005	1.35103e-005	1.39009e-005	1.42433e-005	1.48172e-005	1.55546e-005	1.68602e-005	1.85035e-005	1.91518e-005	1.78814e-005	1.52749e-005	1.29032e-005	1.2167e-005	1.38918e-005	1.86143e-005	2.64337e-005	3.79648e-005	5.84994e-005	0.000104413	0.000208939	0.000420856	0.00079553	0.00139647	0.00230878	0.0036315	0.00544645	0.00778817	0.0106191	0.0138412	0.0173526	0.0210484	0.0247242	0.0280555	0.0307817	0.0329213	0.0347016	0.0362411	0.0375174	0.038642	0.0398371	0.0411409	0.0423875	0.0434787	0.0444967	0.0454721	0.0462155	0.0465514	0.0465433	0.0464235	0.0464472	0.0467016	0.0470561	0.0473778	0.0475971	0.0475798	0.0472225	0.0467633	0.046695	0.0471473	0.0476066	0.0474739	0.0467086	0.0457688	0.045147	0.0450404	0.045227	0.0453075	0.0451535	0.0448833	0.0444544	0.0436751	0.0425977	0.0414551	0.0402855	0.0389805	0.0374514	0.0356384	0.0335258	0.0310323	0.0280208	0.0245599	0.0209216	0.0173477	0.0140086	0.0110099	0.00833505	0.00595137	0.00394867	0.00244109	0.00142505	0.000803669	0.000455266	0.000263665	0.000149106	7.92831e-005	4.36295e-005	3.04121e-005	2.63608e-005	2.35934e-005	2.08708e-005	1.90777e-005	1.79236e-005	1.71189e-005	1.75553e-005	1.95832e-005	2.16652e-005	2.22779e-005	2.20023e-005	2.21796e-005	2.2738e-005	2.25018e-005	2.06949e-005	1.75966e-005	1.39261e-005	1.00327e-005	6.20898e-006	3.12731e-006	1.27636e-006	4.74852e-007	2.11717e-007	
1.27417e-008	5.75248e-008	2.20178e-007	6.97893e-007	1.76651e-006	3.56347e-006	5.94968e-006	8.56926e-006	1.07466e-005	1.18481e-005	1.22906e-005	1.30572e-005	1.4281e-005	1.57658e-005	1.76481e-005	1.92575e-005	1.91187e-005	1.67622e-005	1.34038e-005	1.09223e-005	1.06099e-005	1.27867e-005	1.70949e-005	2.25956e-005	2.86268e-005	3.70379e-005	5.42719e-005	9.2305e-005	0.000167548	0.000301364	0.000530379	0.000916924	0.00154107	0.00248687	0.00384014	0.00567767	0.00802975	0.0108494	0.0140296	0.0174173	0.0207728	0.0237898	0.0262935	0.0283778	0.0302173	0.0318875	0.0334894	0.0351962	0.0370349	0.0388073	0.0403288	0.0416047	0.042663	0.0434219	0.0438541	0.0440429	0.0440967	0.044183	0.0444241	0.0447613	0.0451028	0.0454357	0.0456979	0.0457126	0.0454509	0.0452353	0.0453569	0.0455828	0.0453669	0.0445098	0.0433979	0.042619	0.0424086	0.0424395	0.042228	0.0416725	0.0409839	0.0402487	0.0393535	0.0382565	0.0369983	0.0355103	0.0337129	0.0316466	0.0293903	0.0269696	0.0242706	0.0211375	0.0176628	0.0141863	0.0110141	0.00830507	0.00610107	0.00433601	0.00291394	0.00181135	0.00104061	0.000565891	0.000307825	0.000181398	0.000116918	7.57833e-005	4.81952e-005	3.33246e-005	2.72858e-005	2.46367e-005	2.26171e-005	2.12659e-005	2.04788e-005	1.92494e-005	1.77347e-005	1.75583e-005	1.91639e-005	2.05351e-005	1.99187e-005	1.82215e-005	1.71681e-005	1.6876e-005	1.63512e-005	1.50662e-005	1.3313e-005	1.12877e-005	8.65271e-006	5.47724e-006	2.67183e-006	9.73733e-007	2.72504e-007	7.10749e-008	
4.51909e-009	2.93696e-008	1.46476e-007	5.397e-007	1.4559e-006	2.95514e-006	4.78622e-006	6.60386e-006	8.03943e-006	8.86524e-006	9.59617e-006	1.11139e-005	1.35483e-005	1.6453e-005	1.91794e-005	2.04506e-005	1.91345e-005	1.57004e-005	1.2023e-005	1.00291e-005	1.05749e-005	1.32294e-005	1.69974e-005	2.10443e-005	2.5293e-005	3.09621e-005	4.02416e-005	5.55074e-005	7.92249e-005	0.000116978	0.000185714	0.000319434	0.000564399	0.000976136	0.00163002	0.00262304	0.00403221	0.00586402	0.00808182	0.0106541	0.0134802	0.0163092	0.0188967	0.0212244	0.0234054	0.0254792	0.0274936	0.0296094	0.031891	0.0341172	0.0359983	0.0374546	0.0385299	0.0392829	0.0398488	0.0403113	0.0406164	0.0408014	0.0410241	0.0413376	0.0416824	0.0420325	0.0423974	0.0426604	0.0426427	0.0424285	0.0423076	0.042316	0.0421032	0.0413608	0.0402737	0.0393783	0.038934	0.0386203	0.0379929	0.0370001	0.0358818	0.0348018	0.0337212	0.0325114	0.0310478	0.029223	0.0270215	0.0245486	0.0219508	0.0193427	0.0167147	0.0139592	0.0111037	0.00838792	0.00606299	0.00423892	0.0028951	0.00193118	0.00123312	0.000733867	0.000404743	0.000214071	0.00011938	7.85592e-005	5.91926e-005	4.55993e-005	3.53444e-005	2.8879e-005	2.48836e-005	2.19768e-005	2.03282e-005	2.01277e-005	1.99871e-005	1.85967e-005	1.68742e-005	1.68572e-005	1.8668e-005	1.98098e-005	1.83045e-005	1.51089e-005	1.22948e-005	1.05978e-005	9.54736e-006	8.72303e-006	8.13984e-006	7.56108e-006	6.29326e-006	4.19557e-006	2.09066e-006	7.52985e-007	1.94179e-007	3.72806e-008	
2.41287e-009	1.85828e-008	1.00339e-007	3.80904e-007	1.02633e-006	2.02822e-006	3.1282e-006	4.0917e-006	4.85238e-006	5.51874e-006	6.68121e-006	9.19381e-006	1.31974e-005	1.77631e-005	2.12668e-005	2.20795e-005	1.97684e-005	1.56646e-005	1.19817e-005	1.05271e-005	1.16935e-005	1.43206e-005	1.69946e-005	1.94162e-005	2.24556e-005	2.73377e-005	3.44637e-005	4.24918e-005	4.91557e-005	5.48791e-005	6.76588e-005	0.000104384	0.000186876	0.000341111	0.000608254	0.00105333	0.0017411	0.00270209	0.00395814	0.00555644	0.0074936	0.00963627	0.0118304	0.0140471	0.0162976	0.0185105	0.0206702	0.0229389	0.0254185	0.0278926	0.0300248	0.0316823	0.0329038	0.0338177	0.0346364	0.035417	0.0359637	0.0362012	0.0363571	0.0366467	0.037036	0.0374202	0.0378339	0.0382509	0.0384327	0.0382596	0.0379422	0.0377176	0.0374858	0.0369262	0.0360067	0.0350909	0.0343844	0.0336226	0.0325012	0.0310807	0.029619	0.0282713	0.0269873	0.0255732	0.0238513	0.021767	0.0193906	0.0168593	0.0143264	0.011945	0.00978681	0.00779282	0.00591145	0.00422198	0.00285055	0.00184636	0.00116849	0.000731441	0.000449442	0.000265053	0.000149152	8.39094e-005	5.29985e-005	4.09038e-005	3.58946e-005	3.24951e-005	2.94533e-005	2.6268e-005	2.25417e-005	1.91998e-005	1.79988e-005	1.87451e-005	1.89108e-005	1.71688e-005	1.52359e-005	1.53482e-005	1.72613e-005	1.84276e-005	1.69592e-005	1.3454e-005	9.67109e-006	6.7587e-006	4.96367e-006	4.11641e-006	3.97447e-006	4.05983e-006	3.67131e-006	2.58317e-006	1.32872e-006	4.8614e-007	1.24941e-007	2.25612e-008	
1.23451e-009	9.86425e-009	5.38931e-008	2.04549e-007	5.4504e-007	1.05017e-006	1.55412e-006	1.94746e-006	2.30658e-006	2.90525e-006	4.40011e-006	7.65877e-006	1.28109e-005	1.85512e-005	2.26702e-005	2.34912e-005	2.09825e-005	1.66811e-005	1.28432e-005	1.13421e-005	1.24502e-005	1.46248e-005	1.62673e-005	1.75382e-005	1.99127e-005	2.45241e-005	3.10106e-005	3.69283e-005	3.87621e-005	3.56707e-005	3.27701e-005	3.95814e-005	6.52803e-005	0.000117776	0.000211843	0.000377814	0.0006519	0.00106126	0.00164076	0.00244548	0.00350272	0.00478287	0.00626436	0.00796329	0.00983393	0.0117448	0.0136598	0.0157273	0.0180467	0.0204402	0.0226156	0.0244291	0.0258748	0.0270541	0.0281595	0.0292041	0.0299228	0.0302087	0.0303797	0.0307645	0.0312993	0.0317878	0.0322704	0.032774	0.0330292	0.0328063	0.0322666	0.0317702	0.0314225	0.0309714	0.0302473	0.0293991	0.0285061	0.0273578	0.0258242	0.0240997	0.0224556	0.0209857	0.0195792	0.0180331	0.0162281	0.0141975	0.0120554	0.00992645	0.00793077	0.00618593	0.00475399	0.00358814	0.00260311	0.00177694	0.0011366	0.000690116	0.000408101	0.00024308	0.000149103	9.36683e-005	6.01985e-005	4.14314e-005	3.22815e-005	2.82012e-005	2.66052e-005	2.64361e-005	2.63265e-005	2.46101e-005	2.0942e-005	1.72934e-005	1.61876e-005	1.72661e-005	1.75507e-005	1.57613e-005	1.38455e-005	1.38186e-005	1.5243e-005	1.61513e-005	1.52221e-005	1.25198e-005	8.88717e-006	5.41867e-006	2.99259e-006	1.82639e-006	1.58487e-006	1.70915e-006	1.65339e-006	1.21698e-006	6.43791e-007	2.39692e-007	6.21954e-008	1.12115e-008	
4.71536e-010	3.78246e-009	2.06355e-008	7.80489e-008	2.06131e-007	3.90251e-007	5.61667e-007	6.89595e-007	8.64216e-007	1.36509e-006	2.82527e-006	6.1104e-006	1.14761e-005	1.76977e-005	2.24929e-005	2.40917e-005	2.22103e-005	1.80115e-005	1.37405e-005	1.16024e-005	1.2115e-005	1.37708e-005	1.49576e-005	1.59809e-005	1.8433e-005	2.31199e-005	2.91681e-005	3.40133e-005	3.43269e-005	2.9275e-005	2.302e-005	2.20647e-005	3.03313e-005	4.83496e-005	7.86016e-005	0.000131277	0.000221288	0.000363456	0.000580424	0.000904163	0.00135673	0.00195517	0.00274419	0.00376842	0.00498863	0.00630184	0.00768973	0.00926159	0.0110817	0.0130293	0.0149107	0.0166092	0.0180787	0.0193636	0.0205907	0.0217346	0.0225462	0.0229613	0.0233231	0.0239231	0.0246193	0.0251861	0.0256906	0.0261787	0.0263772	0.0260435	0.0253312	0.0246318	0.0241443	0.02371	0.0231287	0.0223895	0.0214528	0.0201533	0.0184901	0.0167296	0.0151289	0.0137312	0.0124024	0.010986	0.009447	0.00786295	0.00632355	0.00489923	0.00365634	0.00265129	0.00189885	0.00135269	0.000942192	0.000624905	0.000389764	0.000230757	0.000134622	8.31499e-005	5.78563e-005	4.47206e-005	3.68634e-005	3.18856e-005	2.80462e-005	2.44936e-005	2.23937e-005	2.26687e-005	2.3751e-005	2.30485e-005	1.97767e-005	1.59741e-005	1.43429e-005	1.48346e-005	1.49609e-005	1.36616e-005	1.24588e-005	1.26223e-005	1.35331e-005	1.40229e-005	1.35292e-005	1.17444e-005	8.6452e-006	5.1105e-006	2.39548e-006	9.98146e-007	5.72714e-007	5.58468e-007	5.56374e-007	4.22691e-007	2.28396e-007	8.62233e-008	2.25721e-008	4.09194e-009	
1.20064e-010	1.00666e-009	5.48293e-009	2.07045e-008	5.4355e-008	1.01781e-007	1.44348e-007	1.79942e-007	2.66779e-007	6.07644e-007	1.71685e-006	4.42119e-006	9.2267e-006	1.53103e-005	2.05541e-005	2.30203e-005	2.20511e-005	1.84272e-005	1.42365e-005	1.17522e-005	1.17321e-005	1.30127e-005	1.41631e-005	1.54533e-005	1.83498e-005	2.32798e-005	2.88112e-005	3.24123e-005	3.16209e-005	2.62189e-005	1.96555e-005	1.66117e-005	1.9231e-005	2.65672e-005	3.74517e-005	5.35067e-005	7.88106e-005	0.000118837	0.000183199	0.000284889	0.000435315	0.000654522	0.00098558	0.00146891	0.00209474	0.00281893	0.00364154	0.00462224	0.00578894	0.00707608	0.00838375	0.00963891	0.0107958	0.0118722	0.012938	0.0139544	0.0147507	0.01532	0.0159182	0.0166776	0.0174019	0.0179221	0.0183378	0.0186973	0.0187779	0.0183955	0.0176883	0.0169778	0.0164453	0.0160098	0.0155202	0.0149099	0.0140957	0.0129571	0.0115336	0.01006	0.00874704	0.00763131	0.00661649	0.00560569	0.00459512	0.00363794	0.00277112	0.00201759	0.00140478	0.000948188	0.000635028	0.000429388	0.000291525	0.000194557	0.000126016	8.03137e-005	5.32676e-005	4.02549e-005	3.56762e-005	3.42308e-005	3.30267e-005	3.10668e-005	2.76853e-005	2.33366e-005	2.02799e-005	2.00055e-005	2.1074e-005	2.08076e-005	1.81199e-005	1.44597e-005	1.21041e-005	1.14522e-005	1.10765e-005	1.03679e-005	1.02314e-005	1.10706e-005	1.20295e-005	1.24188e-005	1.21597e-005	1.08348e-005	8.07061e-006	4.6854e-006	2.05027e-006	6.91294e-007	2.32115e-007	1.46883e-007	1.37052e-007	1.05441e-007	5.77871e-008	2.20373e-008	5.80642e-009	1.05974e-009	
2.22913e-011	1.89437e-010	1.00231e-009	3.78265e-009	9.88251e-009	1.84015e-008	2.61049e-008	3.54538e-008	7.5191e-008	2.66093e-007	9.75364e-007	2.92286e-006	6.7591e-006	1.20279e-005	1.68963e-005	1.95555e-005	1.943e-005	1.71447e-005	1.4234e-005	1.24105e-005	1.23807e-005	1.33787e-005	1.43067e-005	1.55031e-005	1.84494e-005	2.3414e-005	2.84199e-005	3.0789e-005	2.90177e-005	2.37407e-005	1.76837e-005	1.39904e-005	1.4264e-005	1.81254e-005	2.40561e-005	3.07669e-005	3.8047e-005	4.70122e-005	6.08807e-005	8.45023e-005	0.000123081	0.000186936	0.00029749	0.000478189	0.00073611	0.00106381	0.00146504	0.00196158	0.00256194	0.00323945	0.00395063	0.00465612	0.00533473	0.00600869	0.00671817	0.00743488	0.00807839	0.00867129	0.00933053	0.0100358	0.010609	0.0109782	0.0112467	0.011446	0.0114333	0.011108	0.0105719	0.010024	0.00957508	0.00919382	0.00880142	0.00834824	0.00777406	0.00700659	0.00606579	0.00508948	0.00421975	0.00350533	0.00290719	0.00237089	0.00187936	0.00143707	0.00104643	0.000718066	0.000468567	0.000299357	0.000193849	0.000130706	9.25422e-005	6.7806e-005	5.04933e-005	3.83767e-005	3.09124e-005	2.79624e-005	2.83655e-005	2.97072e-005	3.01152e-005	2.90634e-005	2.65246e-005	2.30094e-005	2.00998e-005	1.89564e-005	1.8787e-005	1.79153e-005	1.55062e-005	1.22086e-005	9.45466e-006	7.85905e-006	6.95578e-006	6.56122e-006	7.12749e-006	8.55691e-006	9.91559e-006	1.05998e-005	1.05644e-005	9.42785e-006	6.90852e-006	3.87544e-006	1.6058e-006	4.88155e-007	1.1747e-007	3.66798e-008	2.49596e-008	1.86246e-008	1.02677e-008	3.94181e-009	1.0423e-009	1.91103e-010	
5.88998e-013	2.27796e-011	1.24465e-010	4.82763e-010	1.25458e-009	2.33766e-009	3.40656e-009	5.94394e-009	2.24805e-008	1.17814e-007	5.26061e-007	1.77755e-006	4.44166e-006	8.28545e-006	1.19761e-005	1.42595e-005	1.49181e-005	1.43864e-005	1.33996e-005	1.28829e-005	1.32931e-005	1.40239e-005	1.4238e-005	1.45124e-005	1.6582e-005	2.08387e-005	2.50663e-005	2.65248e-005	2.44536e-005	2.00719e-005	1.53043e-005	1.19706e-005	1.14106e-005	1.38952e-005	1.82073e-005	2.24237e-005	2.52584e-005	2.66342e-005	2.78126e-005	3.1081e-005	3.88162e-005	5.44699e-005	8.51053e-005	0.000140695	0.000229357	0.000353997	0.000515988	0.000720185	0.000970202	0.00125787	0.00156093	0.00185654	0.00214522	0.00245712	0.00281778	0.00321378	0.00362324	0.00406971	0.00457143	0.00504706	0.00538474	0.0055862	0.00572996	0.00581946	0.00577352	0.00555627	0.00523352	0.00490071	0.00460536	0.00433932	0.00407608	0.00379719	0.00348016	0.00309271	0.00262877	0.00213566	0.00168718	0.00133105	0.00106515	0.000860061	0.00068785	0.000528224	0.00037563	0.0002449	0.000152434	9.74337e-005	6.7599e-005	5.17148e-005	4.27295e-005	3.62857e-005	3.04783e-005	2.52922e-005	2.15106e-005	2.01043e-005	2.10072e-005	2.26551e-005	2.36804e-005	2.39981e-005	2.37242e-005	2.25496e-005	2.06719e-005	1.86992e-005	1.67471e-005	1.46088e-005	1.20746e-005	9.19367e-006	6.55741e-006	4.70261e-006	3.64352e-006	3.37003e-006	4.07882e-006	5.60053e-006	7.18603e-006	8.17818e-006	8.32187e-006	7.34522e-006	5.23578e-006	2.82669e-006	1.11391e-006	3.1567e-007	6.51e-008	1.15823e-008	3.74052e-009	2.32877e-009	1.26861e-009	4.88184e-010	1.3071e-010	2.37313e-011	
1.31494e-012	4.97059e-012	1.01415e-011	3.75566e-011	9.21074e-011	1.77277e-010	2.97203e-010	1.04954e-009	7.61915e-009	5.14544e-008	2.59296e-007	9.40997e-007	2.45615e-006	4.71253e-006	6.998e-006	8.72692e-006	9.90633e-006	1.06515e-005	1.10682e-005	1.15695e-005	1.23868e-005	1.28757e-005	1.23185e-005	1.14647e-005	1.21567e-005	1.49375e-005	1.78922e-005	1.87382e-005	1.72129e-005	1.45174e-005	1.16721e-005	9.47305e-006	8.98084e-006	1.0698e-005	1.36707e-005	1.62455e-005	1.74075e-005	1.71392e-005	1.62493e-005	1.60448e-005	1.75362e-005	2.14671e-005	2.94315e-005	4.45555e-005	7.08381e-005	0.000110782	0.000164739	0.000234485	0.00032367	0.00042893	0.000533821	0.000623888	0.000709009	0.000816363	0.000959725	0.00113229	0.0013335	0.0015778	0.00185047	0.00208414	0.00222854	0.00231101	0.00237781	0.00241486	0.00237549	0.00225484	0.00209427	0.00193194	0.00178004	0.00163718	0.00150028	0.0013682	0.00123893	0.00110189	0.000941512	0.000758362	0.000580881	0.000442821	0.000353142	0.000296696	0.000251748	0.000200985	0.000142219	8.95246e-005	5.53356e-005	3.86255e-005	3.17431e-005	2.88973e-005	2.70234e-005	2.44619e-005	2.09103e-005	1.70387e-005	1.38378e-005	1.23337e-005	1.26946e-005	1.39461e-005	1.53487e-005	1.70707e-005	1.89225e-005	1.97762e-005	1.88957e-005	1.6582e-005	1.36022e-005	1.07461e-005	8.27658e-006	5.9675e-006	3.89223e-006	2.39072e-006	1.56678e-006	1.39595e-006	1.94674e-006	3.15699e-006	4.56433e-006	5.53263e-006	5.66605e-006	4.85921e-006	3.33566e-006	1.73549e-006	6.57723e-007	1.7774e-007	3.40406e-008	4.77098e-009	6.76493e-010	2.2471e-010	1.12188e-010	4.16515e-011	1.13878e-011	1.16332e-012	
