
TracePro Release: 7 0 3 
Irradiance Map Data for G:\ee373 lab4-Linear Units in millimeters
Data for ob Surface 2
Data generated at 17:12:35 November 13, 2025

Raytrace Time: mins: 0, secs: 17

Projected Plane Extent from surface geometry 
      TopLeft:(1850,995,-1850) 
      TopRight:(-1850,995,-1850)
      BottomLeft:(1850,995,1850) 
      BottomRight:(-1850,995,1850)
Corners of Data Set (plotted) 
      TopLeft:(1850,995,-1850) 
      TopRight:(-1850,995,-1850)
      BottomLeft:(1850,995,1850) 
      BottomRight:(-1850,995,1850)
Total Absorbed Rays: 814352
Min: 9.24655e-014 Max: 0.0524473 Ave: 0.0336345
Total Flux: 0.460457 W, Emitted Flux: 0.5
Normalization: 0
Data Smoothing is On
Grid Size is 128 x 128
Map Count 50
Data Cells are 28.9063 x 28.9063 millimeters

2.88218e-012	9.24655e-014	6.78629e-012	1.27109e-012	3.85016e-011	5.49343e-010	4.24906e-009	2.28347e-008	8.74346e-008	2.52382e-007	6.17916e-007	1.46002e-006	3.28175e-006	6.21295e-006	9.15366e-006	1.03706e-005	9.42024e-006	7.78662e-006	7.38781e-006	8.98597e-006	1.20338e-005	1.52298e-005	1.69199e-005	1.60528e-005	1.34367e-005	1.12001e-005	1.06277e-005	1.12961e-005	1.21816e-005	1.26162e-005	1.24764e-005	1.23413e-005	1.32131e-005	1.55819e-005	1.8613e-005	2.07036e-005	2.1529e-005	2.28896e-005	2.75705e-005	3.777e-005	5.24266e-005	6.61748e-005	7.60835e-005	9.0856e-005	0.000127195	0.000192696	0.00027784	0.000371396	0.000474344	0.000591701	0.000725763	0.000880815	0.00105898	0.00125379	0.00146018	0.00168455	0.00193268	0.00218576	0.00240154	0.00256018	0.00268968	0.00280604	0.00287969	0.00290725	0.00292707	0.00294615	0.00293936	0.00288919	0.00277663	0.00258781	0.0023442	0.00208075	0.00180679	0.00152241	0.00124821	0.00101134	0.000817464	0.000654045	0.000514177	0.000400391	0.000308634	0.00022909	0.000163043	0.000119641	9.59601e-005	7.81086e-005	6.10688e-005	5.14355e-005	5.12654e-005	5.28261e-005	5.00239e-005	4.40285e-005	3.68546e-005	2.90274e-005	2.27518e-005	1.96909e-005	1.79473e-005	1.51562e-005	1.15483e-005	8.87626e-006	8.61793e-006	1.08677e-005	1.37002e-005	1.46171e-005	1.31133e-005	1.09466e-005	9.90541e-006	1.01082e-005	1.07465e-005	1.12326e-005	1.09944e-005	9.74893e-006	8.17196e-006	6.91075e-006	5.58503e-006	3.78119e-006	1.96985e-006	7.77706e-007	2.45279e-007	7.05367e-008	2.11368e-008	6.35529e-009	1.65063e-009	3.6016e-010	8.11679e-011	3.65429e-011	1.42041e-011	9.70755e-012	
5.18116e-012	8.37989e-012	5.25312e-013	2.9386e-011	2.07233e-010	1.95654e-009	1.34602e-008	6.7304e-008	2.41624e-007	6.34818e-007	1.3062e-006	2.41753e-006	4.48827e-006	7.84208e-006	1.13912e-005	1.30936e-005	1.23755e-005	1.10596e-005	1.13737e-005	1.38928e-005	1.76819e-005	2.13741e-005	2.33457e-005	2.22213e-005	1.86637e-005	1.54539e-005	1.46315e-005	1.56205e-005	1.66493e-005	1.6914e-005	1.69919e-005	1.7831e-005	1.98325e-005	2.29502e-005	2.67664e-005	3.04584e-005	3.44302e-005	4.14171e-005	5.49169e-005	7.76239e-005	0.000109673	0.000147113	0.000189229	0.000251343	0.000360475	0.000532193	0.000759806	0.0010303	0.00133935	0.00168719	0.00207046	0.00247973	0.00290599	0.00334924	0.00381295	0.00429835	0.00480219	0.00528774	0.00568359	0.00597416	0.0062346	0.00648628	0.00663897	0.0066763	0.00670936	0.00678223	0.00681399	0.00672642	0.00649801	0.00613746	0.0056731	0.00513716	0.00454954	0.00393592	0.00334437	0.00282097	0.00237019	0.00195904	0.00156956	0.00122018	0.000927334	0.000684181	0.000488182	0.000349142	0.000259845	0.000195333	0.000145645	0.000119099	0.000113848	0.000111806	0.000101135	8.47031e-005	6.67641e-005	4.84627e-005	3.36074e-005	2.54333e-005	2.15252e-005	1.79599e-005	1.40348e-005	1.13937e-005	1.16292e-005	1.47589e-005	1.8456e-005	1.96314e-005	1.7563e-005	1.44179e-005	1.24723e-005	1.1966e-005	1.2033e-005	1.21353e-005	1.18782e-005	1.11004e-005	1.03108e-005	9.66688e-006	8.32667e-006	5.8909e-006	3.26982e-006	1.46758e-006	5.90578e-007	2.39651e-007	9.73457e-008	3.49262e-008	9.87299e-009	2.07284e-009	2.85547e-010	1.85288e-011	1.81512e-011	2.56363e-013	
1.33841e-011	1.12199e-011	1.31445e-011	7.7453e-011	7.4892e-010	6.32688e-009	3.82636e-008	1.70613e-007	5.57324e-007	1.3433e-006	2.4759e-006	3.8603e-006	5.91418e-006	9.22013e-006	1.2988e-005	1.51308e-005	1.49176e-005	1.4207e-005	1.51511e-005	1.7926e-005	2.14275e-005	2.47498e-005	2.66434e-005	2.53761e-005	2.12435e-005	1.73682e-005	1.6285e-005	1.73579e-005	1.85229e-005	1.93699e-005	2.14502e-005	2.56686e-005	3.08065e-005	3.58209e-005	4.1601e-005	4.96927e-005	6.30185e-005	8.71349e-005	0.000127082	0.000186698	0.000272241	0.000389475	0.000543102	0.000751786	0.00105116	0.00146887	0.00200717	0.00264966	0.00337433	0.00416782	0.00501531	0.00586642	0.00666663	0.00742378	0.00817637	0.00894012	0.00971583	0.0104513	0.0110375	0.0114696	0.0118848	0.012299	0.0125315	0.0125523	0.0125933	0.0127733	0.012921	0.0128386	0.0124988	0.0119661	0.0112818	0.0104582	0.00951962	0.00851161	0.00749636	0.00654336	0.00567177	0.00482701	0.0039743	0.00316386	0.00245657	0.00185731	0.00135977	0.000978106	0.000705055	0.000504222	0.000357044	0.00026935	0.000231395	0.000209877	0.000180857	0.000143967	0.000105757	7.07552e-005	4.47421e-005	3.05221e-005	2.39446e-005	1.96038e-005	1.5913e-005	1.40204e-005	1.5105e-005	1.88263e-005	2.27369e-005	2.37323e-005	2.11749e-005	1.7465e-005	1.49068e-005	1.36051e-005	1.28741e-005	1.26235e-005	1.27274e-005	1.28581e-005	1.29627e-005	1.26455e-005	1.10027e-005	7.99324e-006	4.83792e-006	2.61115e-006	1.38455e-006	7.36418e-007	3.58265e-007	1.42508e-007	4.31798e-008	9.7754e-009	1.71851e-009	3.1879e-010	5.84814e-011	3.17828e-011	
1.87283e-011	3.29191e-011	1.6796e-011	3.46264e-010	2.85603e-009	2.03331e-008	1.06694e-007	4.15e-007	1.19696e-006	2.59087e-006	4.34277e-006	6.10253e-006	8.24853e-006	1.1618e-005	1.56787e-005	1.82725e-005	1.84209e-005	1.78361e-005	1.84699e-005	2.02528e-005	2.23125e-005	2.45026e-005	2.60357e-005	2.49146e-005	2.09783e-005	1.71146e-005	1.57755e-005	1.65181e-005	1.80461e-005	2.12995e-005	2.88391e-005	4.04065e-005	5.17444e-005	6.11347e-005	7.34871e-005	9.61382e-005	0.000138235	0.000213115	0.00033294	0.00050914	0.000762699	0.00111335	0.00156111	0.002112	0.00280828	0.00369684	0.00478246	0.00602203	0.00735263	0.00874223	0.010172	0.011538	0.0127076	0.0136857	0.014573	0.0154475	0.0163566	0.0172462	0.0179646	0.0185072	0.0190476	0.0195786	0.0198471	0.0198271	0.0198757	0.0201991	0.0205281	0.0205081	0.0200934	0.0194352	0.018623	0.0176659	0.0165778	0.0153536	0.0139878	0.0125642	0.0111683	0.00975969	0.0082932	0.00685446	0.00554711	0.00438053	0.00335374	0.00250916	0.00185512	0.00134473	0.000948282	0.000672913	0.000509436	0.000410659	0.000328387	0.000244824	0.000165672	0.000102171	6.11518e-005	4.00788e-005	3.0024e-005	2.40113e-005	2.00383e-005	1.85656e-005	1.99533e-005	2.34455e-005	2.68505e-005	2.7504e-005	2.49405e-005	2.14381e-005	1.8792e-005	1.67292e-005	1.50824e-005	1.46555e-005	1.55204e-005	1.67227e-005	1.73412e-005	1.65875e-005	1.40081e-005	1.0278e-005	6.80366e-006	4.39408e-006	2.8916e-006	1.83091e-006	9.97088e-007	4.26872e-007	1.37351e-007	3.36862e-008	7.17564e-009	1.79052e-009	4.80522e-010	1.40862e-010	
1.22162e-011	1.40225e-010	2.58596e-010	1.37625e-009	9.33516e-009	5.75745e-008	2.69495e-007	9.38374e-007	2.42601e-006	4.73116e-006	7.23528e-006	9.39229e-006	1.17072e-005	1.5223e-005	1.95428e-005	2.25073e-005	2.28794e-005	2.18838e-005	2.11316e-005	2.08329e-005	2.0897e-005	2.18117e-005	2.30187e-005	2.25266e-005	1.98129e-005	1.69128e-005	1.56038e-005	1.58889e-005	1.83141e-005	2.63503e-005	4.37434e-005	6.76831e-005	8.97644e-005	0.000110328	0.000145286	0.00021552	0.000343565	0.000559035	0.000892159	0.00137373	0.00204343	0.0029159	0.00394196	0.00507765	0.00637857	0.00793533	0.00973845	0.0116691	0.0135987	0.0154919	0.017365	0.0190961	0.0204658	0.0214285	0.0221352	0.0227897	0.0235644	0.0244402	0.0252243	0.0258685	0.0265018	0.0270801	0.0273473	0.0272985	0.0273546	0.0277853	0.0282622	0.0282952	0.0278099	0.02705	0.026197	0.0253144	0.0244131	0.0233486	0.0219259	0.0201969	0.0183556	0.0164414	0.0144345	0.0124434	0.0105671	0.0087841	0.00710668	0.00563399	0.00440318	0.00335751	0.00246621	0.00176433	0.0012736	0.000945915	0.000698968	0.000483919	0.000303278	0.000176095	0.000104045	6.88962e-005	5.022e-005	3.78828e-005	2.98277e-005	2.58604e-005	2.53919e-005	2.73697e-005	2.99372e-005	3.07129e-005	2.90109e-005	2.64933e-005	2.4131e-005	2.13243e-005	1.86703e-005	1.79326e-005	1.92552e-005	2.10502e-005	2.1706e-005	2.022e-005	1.66436e-005	1.23233e-005	8.78798e-006	6.50908e-006	4.97115e-006	3.53277e-006	2.08118e-006	9.45413e-007	3.26447e-007	9.40516e-008	2.93e-008	1.11095e-008	3.84852e-009	1.03858e-009	
4.49454e-010	1.29489e-009	2.59831e-009	6.55157e-009	2.80502e-008	1.38506e-007	5.66919e-007	1.78053e-006	4.21473e-006	7.58847e-006	1.08115e-005	1.32177e-005	1.55294e-005	1.88892e-005	2.30117e-005	2.60493e-005	2.66575e-005	2.52018e-005	2.27885e-005	2.0465e-005	1.93357e-005	2.00388e-005	2.16098e-005	2.21681e-005	2.12168e-005	1.99014e-005	1.90975e-005	1.93232e-005	2.37004e-005	3.97588e-005	7.37613e-005	0.000120525	0.000168975	0.000228704	0.000339143	0.000547466	0.000899522	0.00144694	0.00223883	0.00332218	0.00474033	0.00645818	0.0083077	0.0101499	0.0120787	0.0142805	0.0167274	0.0191812	0.0214426	0.0235115	0.0254931	0.0273109	0.0286695	0.0293905	0.0296166	0.029731	0.0301181	0.0308426	0.0316787	0.0324687	0.0331964	0.0337731	0.0340193	0.0339689	0.0340226	0.0344579	0.0349448	0.0349502	0.0343882	0.0335472	0.0326687	0.0319064	0.0313376	0.0307089	0.0295943	0.0279246	0.0259472	0.0238143	0.0215867	0.0193828	0.0172405	0.0150722	0.0128901	0.0108359	0.00896733	0.00722918	0.00561541	0.00422087	0.00313147	0.00231986	0.00167685	0.00113076	0.00069493	0.000402971	0.000242159	0.000160405	0.000111175	7.53648e-005	5.0588e-005	3.62409e-005	2.99304e-005	2.89896e-005	3.06322e-005	3.19249e-005	3.15764e-005	3.04126e-005	2.86169e-005	2.54812e-005	2.2155e-005	2.07429e-005	2.13706e-005	2.25545e-005	2.27889e-005	2.10056e-005	1.72741e-005	1.30737e-005	9.95046e-006	8.19919e-006	6.98206e-006	5.37871e-006	3.35126e-006	1.60943e-006	6.23475e-007	2.41364e-007	1.14556e-007	5.49805e-008	2.05454e-008	5.476e-009	
3.76904e-009	9.93141e-009	1.90599e-008	3.38555e-008	8.59328e-008	3.02107e-007	1.00949e-006	2.75453e-006	5.89778e-006	9.88352e-006	1.34041e-005	1.58933e-005	1.82251e-005	2.14317e-005	2.52224e-005	2.80925e-005	2.87055e-005	2.68164e-005	2.34313e-005	2.0688e-005	2.06693e-005	2.34331e-005	2.67287e-005	2.86134e-005	2.93803e-005	2.99374e-005	3.02089e-005	3.1283e-005	4.00949e-005	7.13605e-005	0.000138958	0.000241879	0.000375181	0.000569691	0.000899615	0.00144406	0.00227155	0.00344227	0.00498974	0.00693469	0.00929193	0.0119493	0.0145931	0.0169859	0.0192944	0.0218429	0.0246008	0.0272173	0.0294495	0.031359	0.0331493	0.0348185	0.036025	0.0364258	0.0361048	0.0356197	0.035574	0.0361182	0.0369969	0.0379183	0.0386814	0.039157	0.0392994	0.0392259	0.0392683	0.0396233	0.0399939	0.0399426	0.0394181	0.0386327	0.0377313	0.0369229	0.0364793	0.0362447	0.0356658	0.0344569	0.0327679	0.0308264	0.0287971	0.0267931	0.0247777	0.0226072	0.0202608	0.0178632	0.0154838	0.0131036	0.0107548	0.00857876	0.00672259	0.00519295	0.00387379	0.00270105	0.00173667	0.00105994	0.000654518	0.00042333	0.000274607	0.000167507	9.50423e-005	5.38506e-005	3.51165e-005	2.92686e-005	2.91814e-005	3.03271e-005	3.09569e-005	3.11486e-005	3.03117e-005	2.76817e-005	2.44818e-005	2.23675e-005	2.14097e-005	2.10591e-005	2.06692e-005	1.91386e-005	1.60333e-005	1.25065e-005	1.01023e-005	9.12648e-006	8.46843e-006	6.90068e-006	4.48489e-006	2.31816e-006	1.09803e-006	6.11802e-007	3.81514e-007	2.00851e-007	7.68304e-008	2.04942e-008	
2.08064e-008	5.41201e-008	1.01267e-007	1.54888e-007	2.69611e-007	6.49727e-007	1.66818e-006	3.73216e-006	6.91614e-006	1.05823e-005	1.37424e-005	1.61628e-005	1.86643e-005	2.20483e-005	2.59818e-005	2.89832e-005	2.95331e-005	2.73739e-005	2.42261e-005	2.33017e-005	2.70382e-005	3.42868e-005	4.08833e-005	4.4807e-005	4.813e-005	5.20605e-005	5.53123e-005	6.07758e-005	8.31048e-005	0.00015097	0.000297816	0.000545373	0.000915476	0.00147123	0.00230988	0.00350895	0.00512145	0.00717811	0.00964498	0.0124586	0.0155806	0.0188551	0.0219009	0.0244565	0.0267713	0.0292708	0.0319302	0.0343536	0.036303	0.037883	0.0393397	0.0407297	0.0417262	0.0418894	0.0412317	0.0403932	0.0400934	0.0405128	0.0413647	0.0422706	0.0429073	0.0431261	0.0430258	0.0428553	0.0428728	0.0431218	0.0433559	0.0433535	0.0431229	0.0426458	0.0417851	0.0407418	0.04009	0.0399975	0.0399453	0.0393968	0.0382858	0.0368528	0.0353342	0.0338114	0.0321995	0.0303353	0.0281377	0.0256746	0.023047	0.0203039	0.017494	0.0147458	0.0122257	0.00996394	0.00784179	0.00581334	0.00401568	0.00262604	0.00168261	0.001075	0.0006666	0.000382154	0.000197965	9.68755e-005	5.14533e-005	3.47603e-005	2.97506e-005	2.86665e-005	2.90586e-005	3.0002e-005	2.99273e-005	2.80199e-005	2.54648e-005	2.32228e-005	2.1162e-005	1.96131e-005	1.8769e-005	1.74977e-005	1.48805e-005	1.18059e-005	9.93847e-006	9.67766e-006	9.61485e-006	8.20358e-006	5.61878e-006	3.26698e-006	1.96577e-006	1.3964e-006	9.65021e-007	5.20247e-007	1.9982e-007	5.32609e-008	
7.9776e-008	2.05698e-007	3.80426e-007	5.46114e-007	7.649e-007	1.34988e-006	2.69376e-006	4.90474e-006	7.66527e-006	1.04494e-005	1.28679e-005	1.49587e-005	1.72897e-005	2.06104e-005	2.48905e-005	2.86375e-005	2.99367e-005	2.85975e-005	2.7073e-005	2.91935e-005	3.74284e-005	4.98263e-005	6.10621e-005	6.96344e-005	7.94656e-005	9.15379e-005	0.000104677	0.000129912	0.000199726	0.000368362	0.00070466	0.00127631	0.00215413	0.00342849	0.00516398	0.00734279	0.00991948	0.0128672	0.0160999	0.0194764	0.0229024	0.0262328	0.0291462	0.0314571	0.0334711	0.0356241	0.0378913	0.0399051	0.0414612	0.0426697	0.0437699	0.0448571	0.045666	0.0457368	0.0450023	0.0440763	0.0436958	0.0440316	0.0447703	0.0455199	0.045936	0.0458617	0.0454839	0.0451693	0.0451207	0.0452439	0.0453781	0.0455524	0.045809	0.0458237	0.0451252	0.043872	0.0429045	0.0427454	0.0430117	0.0429952	0.0424312	0.0415422	0.0405887	0.0396133	0.038513	0.037117	0.0352789	0.0330209	0.0304818	0.0277575	0.0248836	0.0219452	0.0190935	0.0163603	0.0136062	0.0107606	0.00799721	0.00561481	0.00378694	0.00247188	0.00153508	0.000879325	0.000457408	0.00022287	0.000111092	6.27309e-005	4.24169e-005	3.44873e-005	3.22445e-005	3.17698e-005	3.03544e-005	2.76516e-005	2.51685e-005	2.3315e-005	2.1387e-005	1.96913e-005	1.86542e-005	1.72968e-005	1.46934e-005	1.16694e-005	9.97623e-006	1.01348e-005	1.05927e-005	9.56651e-006	7.15715e-006	4.79849e-006	3.37393e-006	2.58244e-006	1.80066e-006	9.65922e-007	3.69606e-007	9.83275e-008	
2.1981e-007	5.53971e-007	1.01505e-006	1.42224e-006	1.78031e-006	2.5131e-006	4.07986e-006	6.36214e-006	8.73815e-006	1.07891e-005	1.25341e-005	1.40729e-005	1.57212e-005	1.83303e-005	2.23637e-005	2.66739e-005	2.94091e-005	3.03392e-005	3.15617e-005	3.6265e-005	4.69353e-005	6.28324e-005	8.04835e-005	0.000100003	0.000125355	0.000157196	0.000202676	0.000298058	0.000512843	0.000940119	0.00168635	0.00285871	0.00456643	0.00689658	0.00980587	0.0130727	0.01647	0.0199341	0.0234549	0.0269258	0.0302143	0.0331815	0.0356034	0.0373984	0.0389053	0.0405483	0.0423171	0.0438755	0.0450229	0.0458646	0.0466468	0.0474895	0.0481686	0.0482236	0.04752	0.0466117	0.0462125	0.0464697	0.0470633	0.0476524	0.0479365	0.0477264	0.0471928	0.0467434	0.0465633	0.0465266	0.0465869	0.0469447	0.0476245	0.0480876	0.0476741	0.0464832	0.0454025	0.0451197	0.0454148	0.045586	0.0453047	0.0447693	0.0442175	0.043666	0.0430187	0.042108	0.0407611	0.0389734	0.0368586	0.0344861	0.0318809	0.0291125	0.0263043	0.0234807	0.0204813	0.0171575	0.0136287	0.0102604	0.00737657	0.00507324	0.00329786	0.00198866	0.00110424	0.000576325	0.000294987	0.00015466	8.90163e-005	6.22722e-005	5.20181e-005	4.49718e-005	3.6891e-005	2.9375e-005	2.4714e-005	2.25064e-005	2.09546e-005	1.95637e-005	1.85139e-005	1.71272e-005	1.46973e-005	1.18531e-005	1.01914e-005	1.04096e-005	1.12109e-005	1.08407e-005	9.04381e-006	6.83216e-006	5.10641e-006	3.85096e-006	2.59974e-006	1.36677e-006	5.18023e-007	1.37246e-007	
4.68113e-007	1.10884e-006	1.98582e-006	2.76242e-006	3.30484e-006	4.05562e-006	5.58752e-006	7.80774e-006	9.97325e-006	1.16013e-005	1.28446e-005	1.39335e-005	1.51428e-005	1.71615e-005	2.03526e-005	2.39731e-005	2.71757e-005	3.02578e-005	3.42545e-005	4.05599e-005	5.16505e-005	7.03145e-005	9.87646e-005	0.000140686	0.00020057	0.000286009	0.000432188	0.000726476	0.00129506	0.0022684	0.00375027	0.00581416	0.00854446	0.0119968	0.016004	0.0201133	0.0238945	0.0272889	0.0304985	0.0336001	0.0364716	0.0389278	0.0407586	0.0419275	0.0428125	0.0438916	0.0452029	0.0463913	0.0471966	0.0477157	0.048227	0.048861	0.0494016	0.0494128	0.0487674	0.0479817	0.0476806	0.0479264	0.0484113	0.0489054	0.0491901	0.0490271	0.0484808	0.047915	0.0475502	0.0473503	0.0473595	0.0477877	0.0486049	0.0492756	0.049203	0.0483999	0.0475118	0.0471423	0.0472345	0.0472852	0.0470642	0.0467377	0.0464337	0.0461103	0.0456999	0.0451083	0.0442298	0.0430399	0.04154	0.0397219	0.0376299	0.0353318	0.0328874	0.0303114	0.0274638	0.0241285	0.0203137	0.0163385	0.0125769	0.00924597	0.00643281	0.00418601	0.00253526	0.00144211	0.000782292	0.000411983	0.000224785	0.000144533	0.000110102	8.42423e-005	5.83829e-005	3.81026e-005	2.68189e-005	2.19239e-005	1.94564e-005	1.78194e-005	1.6884e-005	1.60545e-005	1.44674e-005	1.22708e-005	1.07765e-005	1.08323e-005	1.16242e-005	1.17851e-005	1.0761e-005	8.8859e-006	6.87964e-006	5.06819e-006	3.2953e-006	1.6889e-006	6.31779e-007	1.66468e-007	
8.71908e-007	1.82902e-006	3.08878e-006	4.25408e-006	5.06299e-006	5.81856e-006	7.1481e-006	9.17568e-006	1.11456e-005	1.23604e-005	1.30886e-005	1.40393e-005	1.56926e-005	1.81631e-005	2.08301e-005	2.28096e-005	2.45761e-005	2.78912e-005	3.3759e-005	4.2401e-005	5.62803e-005	8.22802e-005	0.000131576	0.000218657	0.000361767	0.000597235	0.00101331	0.00176176	0.00301387	0.00489031	0.00739906	0.0104652	0.0140832	0.0183053	0.02293	0.0273698	0.0310498	0.0339153	0.0363723	0.0387461	0.0410127	0.0429324	0.0442175	0.0448075	0.0451144	0.0456879	0.0466242	0.0475548	0.0481452	0.048432	0.0486866	0.0490622	0.0493879	0.04931	0.0487862	0.0483044	0.0483089	0.0486903	0.0491426	0.0495701	0.0498781	0.0498314	0.0493678	0.0487396	0.0482163	0.0478956	0.047844	0.0481647	0.0487969	0.0494085	0.0496412	0.0493861	0.0488674	0.0484685	0.0482924	0.0481321	0.0479444	0.0478483	0.0477686	0.0475348	0.0471219	0.0465928	0.0459889	0.0452793	0.0443428	0.0431273	0.0417204	0.0401356	0.0382989	0.0362039	0.0337793	0.0308151	0.0272346	0.0232224	0.0190516	0.0149641	0.0111771	0.00788238	0.00522677	0.00326303	0.0019206	0.00107056	0.000590237	0.000356538	0.00024462	0.000168812	0.000104402	5.86382e-005	3.45259e-005	2.41049e-005	1.89754e-005	1.60548e-005	1.50798e-005	1.51486e-005	1.46791e-005	1.32837e-005	1.21143e-005	1.19801e-005	1.23713e-005	1.2545e-005	1.20721e-005	1.07122e-005	8.70773e-006	6.45628e-006	4.12438e-006	2.07603e-006	7.69142e-007	2.02909e-007	
1.54963e-006	2.83007e-006	4.35868e-006	5.83652e-006	7.00157e-006	7.92681e-006	9.16773e-006	1.10704e-005	1.28701e-005	1.36132e-005	1.37485e-005	1.46341e-005	1.70799e-005	2.06594e-005	2.36633e-005	2.45553e-005	2.44451e-005	2.69213e-005	3.51046e-005	5.05158e-005	7.61801e-005	0.000123265	0.000218692	0.000407713	0.00075308	0.00134785	0.00233841	0.00390543	0.00618816	0.00919773	0.0127511	0.0165704	0.0205794	0.0249144	0.0294716	0.0336858	0.0369479	0.0391582	0.0407632	0.0422652	0.0438124	0.045185	0.0460263	0.046236	0.046201	0.0464387	0.0470647	0.0477848	0.0482657	0.0484197	0.0484224	0.0484763	0.0485387	0.048379	0.0480287	0.0479168	0.0482903	0.048876	0.0493531	0.0497153	0.0499977	0.0500504	0.0497465	0.0492031	0.0486711	0.0483044	0.0481365	0.048191	0.0484681	0.0488965	0.0493388	0.0495499	0.0493801	0.0490244	0.0487048	0.0484438	0.0483422	0.0484686	0.0485668	0.0483599	0.0478715	0.0472909	0.0467699	0.0462972	0.0457252	0.0450392	0.0443509	0.0435495	0.0424007	0.0408756	0.038986	0.0365982	0.0336167	0.0300682	0.0260293	0.0216676	0.0172686	0.0131364	0.00951329	0.00653833	0.00423251	0.00256226	0.00147511	0.000854725	0.000521659	0.00032003	0.000180883	9.39941e-005	5.1317e-005	3.30995e-005	2.34678e-005	1.75986e-005	1.55254e-005	1.58549e-005	1.59086e-005	1.48342e-005	1.38427e-005	1.35904e-005	1.35548e-005	1.34946e-005	1.33118e-005	1.24087e-005	1.04793e-005	7.83142e-006	4.9436e-006	2.46171e-006	9.1834e-007	2.54107e-007	
2.5331e-006	4.26972e-006	6.11057e-006	7.90031e-006	9.49403e-006	1.07696e-005	1.21392e-005	1.41048e-005	1.59134e-005	1.63783e-005	1.59694e-005	1.64132e-005	1.88225e-005	2.28272e-005	2.66165e-005	2.82931e-005	2.86988e-005	3.26482e-005	4.70429e-005	7.84635e-005	0.00013489	0.000238742	0.000449114	0.0008711	0.00164118	0.00291236	0.00484306	0.00754366	0.0109996	0.0150268	0.0192495	0.0232691	0.0270456	0.0308687	0.0347914	0.0383846	0.0411153	0.0428044	0.0437565	0.0444954	0.0453421	0.0462046	0.0467576	0.0468754	0.0468306	0.0469748	0.0473832	0.0478996	0.04829	0.0483587	0.0481389	0.0478733	0.0476868	0.047469	0.0472431	0.047326	0.0478547	0.0485294	0.0490398	0.0493766	0.0496174	0.0497182	0.0495953	0.0492843	0.0489329	0.0486251	0.0483425	0.0481238	0.0480979	0.048375	0.048901	0.0493451	0.0494129	0.0492183	0.0489832	0.0487717	0.048708	0.0488398	0.0489015	0.0486654	0.0481956	0.0476503	0.0471504	0.0467377	0.0463715	0.0461085	0.0460052	0.0458133	0.0452227	0.0442144	0.0428616	0.0411242	0.0389153	0.0361116	0.0325985	0.02845	0.023968	0.0195068	0.0153224	0.0115348	0.00819332	0.00540248	0.00330244	0.00191162	0.00107731	0.000589977	0.000305102	0.000152606	8.42219e-005	5.47555e-005	3.69543e-005	2.46505e-005	1.90086e-005	1.81322e-005	1.78268e-005	1.64563e-005	1.52858e-005	1.49876e-005	1.49408e-005	1.49533e-005	1.49291e-005	1.40353e-005	1.17478e-005	8.53417e-006	5.2392e-006	2.62029e-006	1.0603e-006	3.68064e-007	
3.6061e-006	5.97272e-006	8.29401e-006	1.04472e-005	1.24497e-005	1.41141e-005	1.57084e-005	1.78014e-005	1.97068e-005	2.00948e-005	1.92314e-005	1.87545e-005	1.99339e-005	2.31158e-005	2.77784e-005	3.27821e-005	3.83245e-005	4.90828e-005	7.67226e-005	0.00014039	0.00026872	0.000516723	0.000996221	0.00188245	0.0033721	0.00562643	0.00872289	0.0125911	0.0169917	0.0215687	0.0258783	0.0295665	0.0327228	0.0357589	0.0388247	0.0416399	0.0438102	0.0451091	0.0456434	0.0458382	0.0461268	0.0466145	0.0470977	0.0474076	0.0476153	0.0478634	0.04818	0.0485268	0.0487912	0.0487591	0.0483666	0.0478578	0.0474813	0.04721	0.0469868	0.0469907	0.0473684	0.0479565	0.0484937	0.0488737	0.0490885	0.0491541	0.0491136	0.0490225	0.048922	0.0487753	0.0485092	0.0481932	0.048047	0.048243	0.0487136	0.0491519	0.0493555	0.0494275	0.0494526	0.0493682	0.0492256	0.0490949	0.0488775	0.0485365	0.0481595	0.0477437	0.0472812	0.0468931	0.0467036	0.0467788	0.0470361	0.0471678	0.0469322	0.0463453	0.0454907	0.0443927	0.0429596	0.040939	0.0381032	0.0344954	0.0304214	0.0262272	0.0220929	0.0179788	0.0138302	0.00985453	0.00645021	0.00389059	0.00217887	0.00113798	0.000558637	0.000272143	0.000148962	9.46666e-005	6.06984e-005	3.67027e-005	2.4403e-005	2.09783e-005	2.00867e-005	1.84876e-005	1.7023e-005	1.65888e-005	1.67262e-005	1.70239e-005	1.69697e-005	1.55541e-005	1.24798e-005	8.67445e-006	5.29275e-006	2.93102e-006	1.56359e-006	8.11361e-007	
4.57864e-006	7.60808e-006	1.03799e-005	1.26716e-005	1.47644e-005	1.66724e-005	1.85545e-005	2.07874e-005	2.26395e-005	2.28166e-005	2.14714e-005	1.99702e-005	1.95619e-005	2.1546e-005	2.76475e-005	3.89338e-005	5.54683e-005	8.09442e-005	0.000134892	0.000265668	0.000554847	0.00112075	0.00212846	0.00377949	0.00625106	0.00961574	0.0137857	0.0184841	0.0233118	0.0278766	0.0318223	0.0349552	0.0374894	0.0398407	0.0421349	0.0441773	0.0457157	0.0465699	0.0467555	0.0465828	0.0465033	0.0467919	0.0473856	0.0480313	0.0485499	0.0489245	0.0492094	0.0494504	0.049599	0.0494775	0.0489994	0.0483777	0.0479017	0.0475843	0.0472871	0.0470842	0.0471956	0.0476437	0.0482139	0.0486645	0.0488492	0.0487902	0.0486566	0.0485998	0.0486421	0.048677	0.0485804	0.0483899	0.048315	0.0485045	0.0488512	0.0491382	0.0493524	0.0496264	0.0498984	0.0499513	0.0497274	0.0493142	0.0488016	0.0483372	0.0480139	0.0476887	0.0472618	0.0469404	0.0469514	0.0472686	0.0476711	0.0479212	0.0479294	0.0477048	0.0472697	0.0466849	0.0458798	0.044537	0.0423819	0.039465	0.0360906	0.0325714	0.0289745	0.0250373	0.0205182	0.015643	0.0110002	0.00710699	0.0042048	0.00227898	0.00114436	0.000554461	0.000282548	0.000159787	9.29246e-005	5.15942e-005	3.06494e-005	2.41063e-005	2.30204e-005	2.19363e-005	2.0467e-005	1.95344e-005	1.92548e-005	1.93717e-005	1.90158e-005	1.70436e-005	1.34983e-005	9.63124e-006	6.59066e-006	4.64076e-006	3.31569e-006	2.1181e-006	
5.46745e-006	8.98198e-006	1.18534e-005	1.37489e-005	1.54117e-005	1.74126e-005	1.98838e-005	2.25993e-005	2.43912e-005	2.40847e-005	2.20456e-005	1.96033e-005	1.80654e-005	1.96324e-005	2.85653e-005	4.96665e-005	8.54512e-005	0.000142369	0.000258604	0.00053922	0.00115774	0.00231129	0.00417232	0.00686887	0.010446	0.0147965	0.0196444	0.0246021	0.0292913	0.0334344	0.0368301	0.039442	0.0415372	0.0434303	0.0451404	0.0464829	0.0473109	0.0475944	0.0474307	0.0470516	0.0467994	0.0469905	0.047665	0.048502	0.0491244	0.0494539	0.0496585	0.0498645	0.0500161	0.0499353	0.0495213	0.0489303	0.0484323	0.0480774	0.0477262	0.0474105	0.0473827	0.0477638	0.0483682	0.0488804	0.0490548	0.0488596	0.04851	0.048276	0.0482603	0.0483675	0.0484474	0.0484739	0.0485928	0.0488983	0.0492207	0.0493659	0.0494412	0.0496596	0.0499691	0.050118	0.0499602	0.0495354	0.0489919	0.0485299	0.0482196	0.047881	0.0474367	0.0471766	0.0473402	0.0477725	0.0481858	0.0484827	0.0487009	0.0487781	0.048631	0.0483547	0.0479736	0.0471868	0.0456664	0.0434233	0.0407606	0.0379886	0.0350955	0.0316456	0.0272372	0.0220336	0.0166313	0.0116294	0.0074716	0.00439469	0.00237177	0.00118751	0.000571264	0.000278776	0.000140166	7.08941e-005	3.8838e-005	2.82304e-005	2.6794e-005	2.67127e-005	2.55452e-005	2.36448e-005	2.19889e-005	2.12043e-005	2.05149e-005	1.86305e-005	1.56324e-005	1.26208e-005	1.03466e-005	8.68971e-006	6.90087e-006	4.58058e-006	
6.27144e-006	9.89552e-006	1.24264e-005	1.35636e-005	1.45655e-005	1.66795e-005	2.01275e-005	2.39147e-005	2.60956e-005	2.54117e-005	2.24982e-005	1.9013e-005	1.67888e-005	1.9034e-005	3.27747e-005	6.91938e-005	0.000141206	0.000273175	0.000545086	0.00114658	0.00235746	0.00441946	0.00741703	0.011294	0.0158892	0.0208874	0.0258684	0.0304916	0.034593	0.0380957	0.0409113	0.043075	0.0448395	0.0464029	0.047684	0.0484667	0.0486643	0.0484429	0.0480685	0.0476964	0.0474516	0.0475544	0.0480843	0.0487226	0.0490514	0.0490587	0.0490711	0.0492914	0.0496139	0.0497805	0.0496092	0.0491601	0.0486645	0.0482525	0.0478879	0.0476109	0.0476206	0.0480194	0.048657	0.0492502	0.0495034	0.0492623	0.0487042	0.0482103	0.048002	0.0480306	0.0481516	0.048305	0.0485961	0.0490907	0.0495445	0.0496651	0.0495403	0.049485	0.0496169	0.0498018	0.0498744	0.0497693	0.0495296	0.0492594	0.0489782	0.0485642	0.0480572	0.0478164	0.048051	0.0485153	0.0488987	0.0491964	0.0495154	0.0497437	0.0497288	0.0496013	0.049501	0.0491641	0.0481617	0.0464147	0.0442589	0.0420679	0.0398112	0.0369795	0.0330936	0.0282022	0.0227338	0.0171703	0.012018	0.00773784	0.00455495	0.00243597	0.00118795	0.00054267	0.000242742	0.000110611	5.49583e-005	3.54299e-005	3.17666e-005	3.20496e-005	3.07623e-005	2.73448e-005	2.38043e-005	2.19539e-005	2.12936e-005	2.02398e-005	1.85497e-005	1.69089e-005	1.55417e-005	1.39322e-005	1.12311e-005	7.39726e-006	
7.1897e-006	1.04809e-005	1.23162e-005	1.26915e-005	1.31736e-005	1.53451e-005	1.95636e-005	2.44635e-005	2.75525e-005	2.72209e-005	2.39601e-005	1.97497e-005	1.7293e-005	2.13166e-005	4.3472e-005	0.00010856	0.000258854	0.000568963	0.00119222	0.0024043	0.00453686	0.00776725	0.011975	0.0168662	0.0221081	0.027255	0.0318371	0.0356797	0.0389362	0.0417428	0.0440379	0.0458058	0.0472315	0.0484611	0.0493985	0.0498158	0.0496641	0.0492525	0.0489406	0.0487716	0.0486504	0.0486535	0.0488405	0.0489437	0.048654	0.0481222	0.047832	0.0480589	0.0486496	0.0492099	0.0494012	0.0491578	0.0486757	0.0481799	0.0477735	0.047545	0.0476438	0.0481135	0.0488081	0.0494968	0.049876	0.0496823	0.0490286	0.0483684	0.048014	0.047947	0.0480173	0.048138	0.0484152	0.0489581	0.049508	0.0496569	0.0493962	0.0490931	0.0490406	0.0492704	0.0496573	0.0500193	0.0502075	0.0501693	0.0498957	0.0494027	0.0488919	0.0487406	0.0490788	0.049591	0.0499291	0.0500994	0.0502699	0.0503918	0.05034	0.0502699	0.050373	0.0503798	0.0497505	0.0483268	0.0464918	0.0446928	0.0429339	0.0407412	0.0376328	0.0335282	0.0286233	0.0231656	0.0175429	0.0122977	0.00790068	0.00459853	0.00240468	0.00113701	0.000501297	0.000215857	9.66796e-005	5.30264e-005	4.20894e-005	4.04255e-005	3.69706e-005	3.05939e-005	2.48318e-005	2.2334e-005	2.22666e-005	2.22354e-005	2.1439e-005	2.04287e-005	1.93028e-005	1.73377e-005	1.37587e-005	8.92069e-006	
8.81981e-006	1.15912e-005	1.24656e-005	1.20142e-005	1.1954e-005	1.37212e-005	1.77127e-005	2.28489e-005	2.68596e-005	2.79102e-005	2.59873e-005	2.29724e-005	2.22492e-005	3.1398e-005	7.28925e-005	0.000202313	0.000525834	0.00121285	0.00250725	0.00471054	0.0080599	0.0125038	0.0176409	0.0230056	0.0282588	0.033005	0.0368394	0.0397582	0.0421735	0.0443865	0.0463026	0.0477477	0.0487887	0.0496022	0.0501954	0.0503989	0.0502041	0.0499453	0.0499173	0.0500292	0.0500574	0.0499761	0.0498047	0.0493476	0.0484506	0.0474071	0.0467986	0.0469828	0.0478087	0.0487451	0.0492777	0.04924	0.0488101	0.0482507	0.0477333	0.0474283	0.0475456	0.0480989	0.0488419	0.0495212	0.0499168	0.0497964	0.0492093	0.048582	0.0482753	0.0482904	0.0483941	0.0483936	0.0484103	0.0486924	0.0490983	0.0492105	0.0489314	0.0485813	0.0485058	0.048837	0.0494848	0.0501731	0.0506106	0.0506659	0.0503595	0.0498522	0.049474	0.0495577	0.0501031	0.0507123	0.0509835	0.050901	0.0507066	0.0505003	0.0502671	0.0501776	0.0503966	0.0506222	0.0502739	0.0491632	0.0476438	0.0461411	0.0447353	0.0431128	0.0408477	0.03774	0.0337913	0.029011	0.0235347	0.017805	0.0124273	0.00790668	0.00452872	0.00232881	0.00109332	0.000482432	0.000208947	0.000102119	6.96487e-005	5.96706e-005	4.9149e-005	3.62768e-005	2.68834e-005	2.38684e-005	2.48583e-005	2.56325e-005	2.44623e-005	2.22765e-005	1.99222e-005	1.70567e-005	1.31154e-005	8.45315e-006	
1.11388e-005	1.36456e-005	1.3581e-005	1.21219e-005	1.11867e-005	1.19119e-005	1.46285e-005	1.8913e-005	2.34438e-005	2.68668e-005	2.91616e-005	3.21195e-005	3.98619e-005	6.64508e-005	0.000159016	0.000433843	0.00110292	0.00245688	0.0047925	0.00830475	0.0129508	0.018331	0.0238135	0.0289472	0.0335864	0.0375447	0.0405614	0.0427267	0.0445304	0.0463252	0.0479663	0.049113	0.0497204	0.0500499	0.0502735	0.050333	0.0502686	0.0503454	0.050674	0.0510273	0.0511485	0.0509915	0.0505755	0.0497993	0.0486253	0.047358	0.0465515	0.046637	0.0475467	0.0486853	0.0494065	0.0494926	0.0491338	0.0485753	0.0479581	0.0475089	0.0475536	0.048105	0.0487707	0.0492501	0.0495054	0.0494616	0.0490845	0.048669	0.048609	0.0489381	0.0492542	0.0491618	0.0487904	0.0485931	0.0486631	0.0486917	0.0485057	0.0482697	0.0482597	0.0486426	0.0493397	0.0500288	0.0504262	0.0504739	0.050226	0.049842	0.0496466	0.0499302	0.0506422	0.0513537	0.0516142	0.0513542	0.0508352	0.0502883	0.0498397	0.0496762	0.0498987	0.0501956	0.0500457	0.049273	0.0481098	0.04686	0.045706	0.0445772	0.0431176	0.0409918	0.0380745	0.0342502	0.0294109	0.023766	0.0178739	0.0123648	0.00776675	0.00440654	0.00227508	0.00108172	0.000484921	0.000226799	0.000133915	9.82761e-005	7.12445e-005	4.64798e-005	3.09442e-005	2.66008e-005	2.84776e-005	2.98035e-005	2.75064e-005	2.29644e-005	1.83764e-005	1.43964e-005	1.06924e-005	7.07617e-006	
1.29303e-005	1.55295e-005	1.49798e-005	1.28017e-005	1.10658e-005	1.06356e-005	1.17435e-005	1.46669e-005	1.95078e-005	2.66672e-005	3.80117e-005	5.69873e-005	9.09281e-005	0.000169421	0.000387928	0.000957923	0.00221412	0.00452751	0.00813521	0.0129796	0.0186417	0.0244193	0.0296467	0.0340899	0.0378612	0.040959	0.0432599	0.044909	0.046339	0.0478216	0.0491474	0.0499073	0.0500464	0.049922	0.0498268	0.0497996	0.0499306	0.0503839	0.0510428	0.0515343	0.0516211	0.0513376	0.0507926	0.0499972	0.0489487	0.0478147	0.0469858	0.0469148	0.0476896	0.0487897	0.0495207	0.0496278	0.0493259	0.0488554	0.0482847	0.0477888	0.0477086	0.0480759	0.0484916	0.0487016	0.0488137	0.048859	0.048729	0.0486003	0.0488837	0.0496113	0.0502043	0.050101	0.0494417	0.0488333	0.0485951	0.0485655	0.0485005	0.0483692	0.0483452	0.0486248	0.0491502	0.0496065	0.0498304	0.0499246	0.0499276	0.0497946	0.0496756	0.0498825	0.0505322	0.051308	0.0517091	0.0515251	0.0509242	0.0502011	0.0496174	0.0493828	0.0495491	0.0498289	0.0497763	0.0492199	0.0482892	0.0472086	0.0462731	0.0456172	0.0448894	0.0435728	0.0414772	0.0385451	0.0345756	0.0295109	0.0236849	0.0176717	0.012118	0.00759027	0.00433735	0.00225564	0.00107567	0.000501098	0.000262258	0.000162047	0.000102501	6.01017e-005	3.62378e-005	2.89984e-005	3.04303e-005	3.18107e-005	2.88571e-005	2.27555e-005	1.65621e-005	1.19424e-005	8.77247e-006	6.18588e-006	
1.33425e-005	1.60982e-005	1.55854e-005	1.34915e-005	1.17982e-005	1.08848e-005	1.07473e-005	1.23769e-005	1.78604e-005	3.11925e-005	5.96088e-005	0.000113307	0.000211726	0.000419133	0.000908979	0.00200061	0.00409856	0.00752476	0.012321	0.0181334	0.0242566	0.0298837	0.0345234	0.0382372	0.0412911	0.0436964	0.0453846	0.0465829	0.0476881	0.0488439	0.0497617	0.0500644	0.0497882	0.0493433	0.0490375	0.0489699	0.0492924	0.0500843	0.0510134	0.0515484	0.0514736	0.0509813	0.0503623	0.0497421	0.0490799	0.048334	0.0476514	0.0474061	0.0478424	0.048668	0.0492826	0.0494017	0.0492145	0.0489476	0.0485993	0.0482085	0.0479985	0.0480383	0.0481299	0.0481821	0.048291	0.0484203	0.0484505	0.0485633	0.0491377	0.0501159	0.050844	0.0507828	0.0500882	0.0493449	0.0489497	0.0488611	0.0488261	0.0487015	0.0485901	0.0487028	0.0490123	0.0492512	0.0493766	0.0496141	0.0499522	0.0500771	0.0498829	0.0497361	0.0500779	0.0508352	0.0514632	0.0515349	0.051055	0.050334	0.0497255	0.0494576	0.0495862	0.0498705	0.0498623	0.049335	0.0484129	0.0473842	0.0466376	0.0463789	0.0462	0.045434	0.043877	0.0416305	0.0385563	0.0344067	0.0292168	0.0233417	0.0173596	0.0119191	0.00748813	0.00425493	0.00218091	0.00104236	0.000506026	0.000267514	0.000147552	7.93055e-005	4.40432e-005	3.11928e-005	2.98185e-005	3.04191e-005	2.78882e-005	2.22065e-005	1.59759e-005	1.13394e-005	8.49054e-006	6.27813e-006	
1.28516e-005	1.56865e-005	1.54715e-005	1.40875e-005	1.32837e-005	1.2684e-005	1.18593e-005	1.26271e-005	1.97132e-005	4.26102e-005	9.87675e-005	0.000216034	0.000447612	0.000924827	0.00191885	0.00381205	0.0069389	0.0114016	0.0169853	0.0231658	0.0291942	0.0343614	0.0383938	0.0415494	0.0441221	0.0460313	0.0471777	0.0478655	0.0485425	0.0493037	0.0498199	0.0497819	0.049301	0.048729	0.0482899	0.0481509	0.0485804	0.049617	0.0507494	0.0512915	0.0510227	0.0502943	0.0495996	0.0491764	0.0489593	0.0487381	0.0483844	0.0480506	0.0480448	0.0484079	0.0488226	0.0490337	0.0490966	0.0491162	0.049042	0.0488345	0.0485651	0.0482921	0.0480773	0.0480616	0.0482586	0.0484498	0.0485218	0.0487219	0.0493608	0.0502943	0.0509626	0.0509964	0.050506	0.0498643	0.0494057	0.0492102	0.0491367	0.0490362	0.0489241	0.0489502	0.0491236	0.0492765	0.049437	0.0498329	0.0503887	0.0506294	0.0502696	0.0496989	0.0496237	0.0502286	0.0509897	0.0513045	0.0510246	0.0504305	0.049878	0.0495923	0.0496907	0.0500101	0.0500603	0.0495169	0.0485355	0.047525	0.0469014	0.0468186	0.0468584	0.0463747	0.0451872	0.0434837	0.0412342	0.0381473	0.0340118	0.0288683	0.0230553	0.017137	0.011701	0.0072295	0.00400919	0.00202073	0.000966149	0.000463851	0.000229308	0.000115009	5.92836e-005	3.56654e-005	2.88719e-005	2.80878e-005	2.68415e-005	2.30497e-005	1.78208e-005	1.32272e-005	1.00016e-005	7.299e-006	
1.21422e-005	1.51358e-005	1.53861e-005	1.48101e-005	1.4925e-005	1.48216e-005	1.38813e-005	1.49782e-005	2.5842e-005	6.27165e-005	0.000159223	0.000379964	0.000849429	0.00180283	0.00359149	0.00654476	0.0107518	0.0159824	0.0218187	0.0277787	0.0333148	0.0379235	0.0414507	0.0441814	0.0463883	0.0479343	0.0486477	0.0488285	0.0489992	0.0493213	0.0495246	0.0493781	0.048975	0.0484806	0.0479728	0.0477169	0.0481533	0.0493156	0.0505566	0.0510882	0.05069	0.049806	0.0490485	0.0487589	0.0489313	0.0492743	0.0493773	0.0490766	0.0486547	0.0484952	0.0486642	0.048994	0.0493317	0.0495733	0.0496866	0.0496903	0.0495004	0.0490251	0.048493	0.0483234	0.048546	0.0487785	0.0488323	0.0489289	0.0493207	0.0499381	0.0504773	0.0507167	0.0505869	0.0501585	0.049676	0.0493845	0.0493371	0.0493976	0.0494198	0.0494313	0.0495128	0.049651	0.0498927	0.0503528	0.0508902	0.0510429	0.0505167	0.0496739	0.0492662	0.0496187	0.0503232	0.0507564	0.050677	0.0502806	0.0498431	0.0495567	0.0495999	0.0499137	0.0500421	0.0495987	0.0487002	0.0477785	0.0472072	0.047066	0.0470269	0.0466272	0.0457231	0.0444642	0.0428967	0.0407992	0.0378273	0.0337267	0.0285381	0.0226414	0.0166128	0.0111019	0.00667958	0.00361366	0.00178418	0.000832341	0.000384017	0.000179666	8.50505e-005	4.35352e-005	2.93825e-005	2.71362e-005	2.74589e-005	2.59285e-005	2.19976e-005	1.72995e-005	1.30647e-005	9.14275e-006	
1.16675e-005	1.51062e-005	1.6073e-005	1.60199e-005	1.62671e-005	1.62186e-005	1.59548e-005	1.99042e-005	3.93317e-005	9.91219e-005	0.000257742	0.000642266	0.00148852	0.0031475	0.00597551	0.010101	0.0152642	0.0209337	0.0266069	0.0319566	0.0367177	0.040631	0.0436349	0.0459807	0.0478946	0.0492024	0.0496513	0.0494688	0.0492001	0.0491043	0.0490461	0.0489054	0.0487323	0.0484734	0.0480349	0.0477399	0.0481592	0.0493221	0.0505209	0.0509893	0.0505643	0.049688	0.0489594	0.0487943	0.0492871	0.0500942	0.0505675	0.0503113	0.049606	0.0490753	0.0490476	0.0494103	0.0498408	0.0501048	0.0502867	0.0505077	0.0504814	0.0498716	0.0489904	0.0485306	0.0486508	0.0489054	0.0489643	0.0488835	0.0488606	0.0490439	0.0494565	0.049955	0.0502442	0.050125	0.0497567	0.049503	0.0495692	0.049819	0.0499679	0.0499588	0.0499596	0.0500761	0.0503157	0.0506636	0.0509742	0.0509285	0.0503376	0.0495001	0.0490126	0.0491633	0.0496819	0.0500809	0.050127	0.0499314	0.0496723	0.0494629	0.0494483	0.0496599	0.0498141	0.0495709	0.0489205	0.0481612	0.0476014	0.0473294	0.0471537	0.0467785	0.0460703	0.0451111	0.0439889	0.0425743	0.0405107	0.0374003	0.0330632	0.0276593	0.0216128	0.0155342	0.010118	0.00590844	0.00308759	0.00146526	0.000654536	0.000285893	0.000123643	5.54604e-005	3.17764e-005	2.72936e-005	2.83867e-005	2.8563e-005	2.60658e-005	2.17858e-005	1.6837e-005	1.1603e-005	
1.17441e-005	1.60159e-005	1.79743e-005	1.80921e-005	1.7581e-005	1.71604e-005	1.87885e-005	2.95863e-005	6.69555e-005	0.00017154	0.000442442	0.001093	0.00248034	0.00502469	0.00897432	0.0141576	0.0199969	0.0258163	0.0311418	0.0357507	0.0395454	0.0425069	0.0447892	0.0467028	0.0483841	0.0495543	0.0498957	0.0495736	0.0490839	0.0487056	0.0484119	0.0482177	0.0482174	0.0482543	0.048081	0.0479453	0.0483928	0.0494294	0.0504097	0.050743	0.0503762	0.0496653	0.0490834	0.0490642	0.0497624	0.0507779	0.0513501	0.0510613	0.0502676	0.0496579	0.049564	0.0498412	0.0501302	0.050244	0.0504081	0.0507622	0.0508299	0.0501264	0.0490144	0.0483139	0.0482899	0.0485564	0.0487022	0.0485727	0.0482604	0.0480701	0.0482836	0.0488672	0.0494546	0.0497107	0.0496734	0.0496413	0.0498124	0.0500842	0.0502206	0.0501913	0.0501668	0.0502201	0.0502947	0.0503704	0.0504147	0.0502608	0.0497856	0.0491994	0.0488944	0.0490166	0.049368	0.049647	0.0497125	0.0496525	0.049589	0.0495163	0.0494299	0.0494094	0.0494551	0.0494011	0.0490868	0.0485563	0.048038	0.0477175	0.0475265	0.0472111	0.0466102	0.0457854	0.0448376	0.0436847	0.0420704	0.0396699	0.0362201	0.031659	0.0261495	0.0200774	0.014071	0.00885703	0.00495575	0.00246783	0.00111558	0.00047418	0.000195659	8.17856e-005	4.02592e-005	2.90722e-005	2.81817e-005	2.85515e-005	2.73401e-005	2.44013e-005	1.99048e-005	1.41127e-005	
1.1913e-005	1.7224e-005	2.04236e-005	2.0917e-005	1.98927e-005	1.97991e-005	2.54773e-005	4.9303e-005	0.000122256	0.000318661	0.000804933	0.00189044	0.00400463	0.00752774	0.0125061	0.0184721	0.0246368	0.0303272	0.0351914	0.0390651	0.0418791	0.0437773	0.0451806	0.0465393	0.0479139	0.04892	0.0492208	0.0489507	0.0485159	0.0481254	0.0477501	0.0474742	0.0475118	0.0477844	0.047982	0.0481586	0.0486606	0.0494491	0.0500596	0.0501843	0.0499045	0.0494521	0.0490938	0.0491746	0.0498582	0.0507681	0.0512067	0.0508673	0.0501576	0.0496737	0.0495942	0.049713	0.0497621	0.0497076	0.0498191	0.0501504	0.050188	0.0495235	0.0485189	0.0478587	0.0477777	0.0480428	0.0483226	0.0483422	0.0480319	0.0476443	0.0475554	0.0479144	0.0485125	0.049044	0.0494103	0.0496725	0.0498719	0.0499925	0.0500317	0.0500517	0.0500804	0.0500094	0.0497724	0.0495245	0.0494267	0.0493739	0.0491745	0.0489197	0.0488725	0.0490918	0.0494122	0.0496383	0.0496783	0.0496358	0.0496591	0.0496615	0.0494584	0.0491319	0.0489683	0.0490436	0.0490983	0.0488935	0.0485288	0.0482731	0.0481482	0.0478861	0.0473123	0.0465168	0.0455717	0.0443752	0.0428304	0.0408438	0.0381939	0.0346283	0.0300062	0.0243982	0.0182455	0.012331	0.00743462	0.00397645	0.00190383	0.000839811	0.000354557	0.00014799	6.53298e-005	3.64379e-005	2.85778e-005	2.68482e-005	2.60284e-005	2.45576e-005	2.13128e-005	1.58767e-005	
1.17126e-005	1.79791e-005	2.27472e-005	2.50499e-005	2.61343e-005	2.96054e-005	4.40057e-005	9.22808e-005	0.000234229	0.000608984	0.00148355	0.00324739	0.00629525	0.0108288	0.0166531	0.023088	0.0292213	0.0344332	0.0385847	0.0416886	0.0437141	0.0448212	0.0454912	0.0462134	0.047074	0.0477624	0.0479969	0.0478623	0.0476759	0.0475723	0.0474215	0.0472204	0.0472372	0.0475783	0.0480249	0.0484596	0.048956	0.0494085	0.0495701	0.04943	0.049208	0.0490429	0.0489541	0.0490648	0.0495129	0.0500923	0.0503241	0.0500037	0.0494574	0.0491134	0.0490216	0.0489625	0.0488137	0.048692	0.0487965	0.0490485	0.0490524	0.04862	0.048052	0.04772	0.0477052	0.0479314	0.0482756	0.0485016	0.0483944	0.0479972	0.0476224	0.0475899	0.0479455	0.0485178	0.0491174	0.0495579	0.0497257	0.0497192	0.0497585	0.049924	0.050024	0.0497791	0.0492036	0.0486785	0.0485243	0.048637	0.048708	0.0486894	0.0487771	0.049064	0.0494612	0.049778	0.0498395	0.0497324	0.0496965	0.0496647	0.0493441	0.0487816	0.0484258	0.0485521	0.0489067	0.0490668	0.0489688	0.048862	0.0488046	0.0485409	0.0479408	0.0471517	0.0462014	0.0449248	0.0433402	0.0415939	0.0395896	0.0369693	0.0333137	0.0283845	0.0224216	0.0161696	0.0105171	0.00611549	0.00318301	0.00150937	0.00066991	0.000283568	0.000117734	5.39634e-005	3.29709e-005	2.67341e-005	2.47662e-005	2.3607e-005	2.11532e-005	1.63095e-005	
1.20622e-005	1.9326e-005	2.6251e-005	3.28913e-005	4.10402e-005	5.48085e-005	8.78793e-005	0.000182843	0.000452147	0.00113768	0.00262769	0.0053394	0.00950131	0.0150188	0.021456	0.0280226	0.0337733	0.0381673	0.0413333	0.0436027	0.0450864	0.0458559	0.0461656	0.0463348	0.0465564	0.0468126	0.0469522	0.0469618	0.0470637	0.047364	0.0476306	0.0476717	0.0476617	0.0478533	0.0482482	0.0487145	0.0491192	0.0492785	0.0490955	0.0487532	0.0485685	0.0486567	0.0488456	0.0489873	0.04915	0.0493518	0.0494024	0.0491685	0.0487987	0.0485329	0.0483679	0.0481342	0.0478604	0.0477766	0.0479706	0.0482389	0.0483129	0.0481797	0.0480601	0.0480694	0.0481455	0.0482968	0.048593	0.0489251	0.0490239	0.0487396	0.0482495	0.0479208	0.0479706	0.0483707	0.0489297	0.0493604	0.0495251	0.0496068	0.049843	0.0501715	0.0502514	0.0498317	0.0490631	0.048391	0.0481394	0.0482348	0.0483749	0.0484231	0.0484912	0.0487263	0.0491626	0.0496151	0.0497823	0.0496736	0.049579	0.0494931	0.0491159	0.0484586	0.0479768	0.0480294	0.0484617	0.0488466	0.0490108	0.0491057	0.0491601	0.0489374	0.0483647	0.0476421	0.046786	0.0455929	0.0441019	0.0425692	0.0410306	0.0391335	0.0362831	0.0320176	0.0264293	0.0201743	0.0140971	0.00891948	0.0050745	0.00260132	0.00121152	0.00051658	0.00020644	8.5794e-005	4.51753e-005	3.18114e-005	2.62837e-005	2.31091e-005	1.99055e-005	1.52049e-005	
1.4139e-005	2.27584e-005	3.23427e-005	4.51306e-005	6.48261e-005	9.76838e-005	0.000166776	0.000347388	0.000831486	0.00198774	0.00430333	0.00813595	0.0134471	0.019797	0.026528	0.03284	0.0379183	0.0413922	0.0435962	0.0451023	0.0461834	0.0468457	0.0470471	0.0468507	0.0465506	0.0464641	0.0465845	0.0467642	0.0470784	0.0476064	0.0481077	0.0482887	0.0481788	0.0480559	0.0481482	0.0484544	0.0487665	0.0488451	0.0486413	0.0483583	0.0482945	0.0485777	0.0489874	0.0492032	0.049185	0.0490865	0.0489828	0.0488374	0.0486245	0.0483865	0.0481041	0.0477216	0.0474105	0.0474435	0.0477898	0.0481559	0.0483332	0.048356	0.0483851	0.0484668	0.0485297	0.048614	0.0488397	0.0491541	0.0493209	0.0491697	0.0487853	0.0484194	0.0482683	0.0483972	0.048726	0.0490638	0.0493579	0.0497678	0.050316	0.0506918	0.0505659	0.0499657	0.0492127	0.0486032	0.0482694	0.048185	0.0482051	0.0482079	0.0482057	0.0483234	0.0486811	0.0491603	0.0494301	0.0494173	0.0493617	0.0492791	0.0489211	0.0482932	0.0477626	0.0476463	0.0478983	0.0482286	0.0484803	0.048735	0.0489727	0.0489531	0.0486007	0.0480938	0.0474527	0.0465148	0.0453091	0.0440467	0.0427996	0.0412918	0.0389337	0.0352075	0.0301143	0.0241653	0.0180365	0.0123609	0.00766351	0.00424325	0.00207885	0.000899087	0.000352933	0.000141567	7.10535e-005	4.57278e-005	3.24564e-005	2.39782e-005	1.81407e-005	1.29743e-005	
1.74261e-005	2.74759e-005	3.91757e-005	5.68243e-005	8.79559e-005	0.00014659	0.000275623	0.000601531	0.00141557	0.00319666	0.00644642	0.0113625	0.0176161	0.0244702	0.0311031	0.036812	0.0410977	0.0438505	0.0454506	0.0464616	0.0472258	0.0477559	0.0478494	0.0474289	0.0468647	0.0466667	0.0468948	0.0472685	0.047674	0.0481208	0.048454	0.048473	0.0481614	0.0477316	0.0475058	0.0476148	0.0478746	0.0480571	0.0481309	0.0482056	0.048428	0.0488859	0.049415	0.0496834	0.04957	0.0492614	0.0490172	0.0489098	0.0487863	0.0485119	0.0480842	0.0476158	0.047389	0.0476151	0.0481254	0.0485741	0.0487745	0.0487484	0.0486388	0.0485524	0.0485133	0.0485804	0.0487857	0.0489934	0.0490376	0.0489236	0.048762	0.0485971	0.0484277	0.0483265	0.0483911	0.0486595	0.0491998	0.0500449	0.050893	0.0511877	0.0507084	0.049865	0.0491864	0.0487738	0.048487	0.0482954	0.0482147	0.0481881	0.0481721	0.0482301	0.0484735	0.0488428	0.0490803	0.0490982	0.0490659	0.0490032	0.0487328	0.0482569	0.0478059	0.0475701	0.04755	0.0476164	0.0477205	0.0479628	0.0483343	0.0486076	0.0486457	0.0484991	0.0481536	0.0475499	0.0467459	0.0458201	0.044749	0.0433363	0.0411779	0.0378911	0.0334314	0.0280926	0.0222817	0.0164254	0.0110161	0.00656456	0.00340265	0.00151947	0.00060182	0.000239597	0.000116734	6.96905e-005	4.31826e-005	2.64835e-005	1.6804e-005	1.07766e-005	
1.98608e-005	3.06993e-005	4.30023e-005	6.20109e-005	0.000100874	0.000190187	0.000411414	0.000968298	0.0022571	0.00480167	0.00898673	0.0147632	0.0215592	0.0284688	0.0346295	0.0395409	0.0430892	0.0454014	0.0467719	0.0476001	0.048206	0.0486078	0.0485592	0.0480062	0.0473925	0.0472369	0.0475627	0.048028	0.0484005	0.0486056	0.0485742	0.048297	0.0478361	0.0473175	0.0469789	0.0469608	0.0471369	0.0473725	0.0477104	0.0481841	0.0487334	0.0493175	0.0498323	0.0500485	0.0498516	0.0494227	0.0490923	0.0489827	0.048866	0.0485083	0.0479523	0.0474617	0.0473756	0.0478064	0.0484685	0.048979	0.0491512	0.04901	0.0487347	0.0485103	0.0484299	0.0485355	0.0487343	0.0487761	0.0485665	0.0483442	0.0483382	0.0484438	0.0484255	0.0482549	0.0481203	0.0482857	0.0489803	0.0501466	0.0512175	0.0514485	0.050679	0.049572	0.0488424	0.0485289	0.048334	0.0481974	0.0481834	0.0482383	0.0483011	0.0484074	0.0486032	0.0488156	0.0488736	0.048748	0.0486069	0.0485235	0.0483958	0.0481701	0.0479041	0.0476697	0.0474908	0.0473356	0.0472248	0.0473015	0.0476393	0.0480912	0.0484747	0.0486841	0.048641	0.0483832	0.0480065	0.0474452	0.0465322	0.0451283	0.0430767	0.0402226	0.0365185	0.0320171	0.0267951	0.0210025	0.0150256	0.00953232	0.00522502	0.00244398	0.00100086	0.000400079	0.000184978	0.000100776	5.63134e-005	3.06667e-005	1.72345e-005	1.01042e-005	
1.98185e-005	3.07881e-005	4.29125e-005	6.19416e-005	0.00010941	0.000244025	0.000611081	0.00151987	0.0034587	0.0069011	0.011983	0.0183564	0.0252829	0.0318386	0.0372693	0.0413355	0.0442296	0.0462023	0.0474468	0.0482372	0.048852	0.0492591	0.0491745	0.0486191	0.048084	0.0479777	0.0482337	0.0485675	0.0488029	0.0488319	0.0485918	0.0481956	0.0478104	0.0474943	0.0472991	0.0472651	0.0473189	0.0474456	0.0477898	0.0483743	0.0489977	0.0495091	0.0498674	0.049968	0.0497228	0.0492732	0.0489243	0.048792	0.0486463	0.0482521	0.0476742	0.0472165	0.0472234	0.0477669	0.0485226	0.0490818	0.0492459	0.0490736	0.0488093	0.0486653	0.0486945	0.0488637	0.0490184	0.0488931	0.0484451	0.0480324	0.0480052	0.0482771	0.0484977	0.0484524	0.0482155	0.0481515	0.0486991	0.0498719	0.0510155	0.0512858	0.0504652	0.0492137	0.0483201	0.0479109	0.0477353	0.0477461	0.0479538	0.0482053	0.0484024	0.048587	0.0487551	0.0487901	0.0485852	0.0482063	0.0478811	0.0477703	0.0478234	0.0478703	0.0477937	0.0476289	0.0474685	0.0473076	0.04712	0.0470315	0.0472139	0.0476546	0.0481955	0.0486429	0.048854	0.0488868	0.0488429	0.0485827	0.047867	0.046598	0.0447839	0.0424379	0.0395229	0.035891	0.0313075	0.0256593	0.0192368	0.0128232	0.00741174	0.00366634	0.00157971	0.000641093	0.00027923	0.000137737	7.15681e-005	3.76981e-005	2.09544e-005	1.21233e-005	
1.84794e-005	3.02713e-005	4.3492e-005	6.57037e-005	0.000133184	0.000348777	0.000947446	0.00235821	0.00512291	0.00956878	0.0154977	0.0222589	0.0290277	0.0349908	0.0396103	0.0428839	0.0451574	0.0467062	0.0476878	0.0483647	0.049005	0.0495134	0.0495538	0.0491608	0.0487934	0.0487103	0.0487574	0.0487871	0.0488258	0.0488086	0.0486028	0.0483081	0.0481429	0.0481365	0.0481943	0.0482636	0.0483019	0.0483264	0.04848	0.0487977	0.0491049	0.0493119	0.0494783	0.0495325	0.0493034	0.0488485	0.0484515	0.0482572	0.0481068	0.0478086	0.0473835	0.0470585	0.0471382	0.047697	0.0484285	0.0489479	0.0490982	0.0489971	0.0489179	0.0490201	0.0492356	0.0494424	0.0495146	0.0492749	0.0487008	0.0481218	0.0479493	0.0482382	0.0486704	0.0488506	0.0486145	0.0482829	0.0484549	0.0493165	0.0503239	0.0506716	0.0500212	0.0488136	0.0477756	0.0471963	0.0470103	0.0472125	0.047702	0.0481735	0.0484638	0.0486312	0.048677	0.048483	0.0480066	0.0474028	0.0469484	0.0468577	0.0471075	0.0474248	0.0475558	0.0475252	0.0474831	0.0474174	0.0472332	0.0470278	0.0470477	0.0473955	0.0479741	0.0485747	0.048982	0.0491825	0.0492757	0.0491706	0.0486641	0.0476789	0.0462616	0.0444738	0.0422566	0.0393145	0.0352104	0.0296989	0.0230421	0.0160533	0.00981655	0.00518827	0.00238218	0.000994382	0.000414227	0.000187724	9.34491e-005	5.01865e-005	2.89158e-005	1.68599e-005	
1.9587e-005	3.4805e-005	5.25206e-005	8.50857e-005	0.000194068	0.000546028	0.00148288	0.00353756	0.00723886	0.0126942	0.0193564	0.0263191	0.0327505	0.0380458	0.0419327	0.0445635	0.0462892	0.0473544	0.047941	0.0483559	0.04888	0.0494242	0.0496597	0.0495607	0.0494346	0.0493777	0.0491933	0.048893	0.048736	0.0487258	0.0486201	0.0484214	0.0483583	0.0484932	0.0487153	0.0489614	0.0491789	0.0492746	0.0492427	0.0491292	0.0489624	0.0488783	0.0490047	0.0491336	0.0489001	0.0483108	0.0477474	0.047474	0.0474093	0.047351	0.0472154	0.0471184	0.0473064	0.047833	0.0484152	0.0487679	0.0488596	0.048858	0.0489846	0.049292	0.0496092	0.0497849	0.0497691	0.0494853	0.0489153	0.0483031	0.0480386	0.0482786	0.0487834	0.0490977	0.0489235	0.0484811	0.0483441	0.0487918	0.0495162	0.0499079	0.0495244	0.0484822	0.0473637	0.0466447	0.0464874	0.0468975	0.0476237	0.0482178	0.0484697	0.0484782	0.0483163	0.0479301	0.0473269	0.0466686	0.0462039	0.0461694	0.0466002	0.0472061	0.0476404	0.0478333	0.0478722	0.047746	0.0474236	0.0470681	0.0469593	0.0472193	0.0477846	0.0484729	0.0490174	0.0493082	0.049438	0.0494033	0.049065	0.0483444	0.0472779	0.0459292	0.0441979	0.0416907	0.0379131	0.032652	0.0261752	0.0191538	0.0125013	0.00712331	0.0035129	0.00152799	0.000624455	0.000266028	0.000128364	7.01285e-005	4.07535e-005	2.31267e-005	
2.51508e-005	4.70804e-005	7.52528e-005	0.000132524	0.000319012	0.000882548	0.00227129	0.00507081	0.00970883	0.0160328	0.0232055	0.0301612	0.0361345	0.0407766	0.0440711	0.0462382	0.0475489	0.0482049	0.0484256	0.0485308	0.0487941	0.0492238	0.0496202	0.0498782	0.0500359	0.0499963	0.0495906	0.0490157	0.0487099	0.0486993	0.0486265	0.0483988	0.0482507	0.0483158	0.048553	0.0489227	0.0493293	0.0495478	0.049417	0.0489985	0.0485661	0.0484759	0.0487969	0.0490691	0.0487565	0.0479274	0.0471695	0.0468988	0.0470342	0.0472639	0.0473905	0.0474741	0.0477261	0.0481609	0.0485259	0.0486751	0.0487009	0.0487524	0.0489451	0.0492554	0.0495036	0.0495876	0.0495264	0.04929	0.0488659	0.0484311	0.0482705	0.048497	0.0489121	0.0491655	0.0490477	0.0486978	0.0484767	0.0486118	0.0490449	0.0494376	0.0492931	0.0484208	0.0472492	0.0464266	0.0463196	0.0468985	0.0477432	0.0483076	0.0483923	0.0481767	0.0478536	0.0474659	0.0470041	0.0465008	0.0461107	0.0461205	0.0466768	0.047538	0.0482963	0.0487085	0.0486976	0.048285	0.0476489	0.0471043	0.0468946	0.04704	0.0474705	0.0480848	0.0486656	0.0490731	0.0493489	0.0494622	0.0492562	0.0486463	0.0477021	0.0465434	0.0450788	0.0428797	0.0394743	0.0347425	0.0289196	0.0223704	0.0156485	0.00961885	0.00509955	0.00233649	0.000962077	0.000392647	0.000180776	9.71775e-005	5.53341e-005	2.99402e-005	
3.33374e-005	6.4762e-005	0.00011369	0.000223626	0.000548408	0.00142858	0.00339511	0.00700307	0.0124824	0.0194176	0.026803	0.033551	0.0390133	0.043065	0.0458695	0.0476579	0.048635	0.0490003	0.0489958	0.0488841	0.0488825	0.0491207	0.0495997	0.0501757	0.0505867	0.050518	0.049877	0.0490791	0.0486798	0.0486662	0.0485981	0.0483412	0.0481308	0.0481298	0.0483173	0.0486253	0.0489483	0.049096	0.0489008	0.0484264	0.0480647	0.0482406	0.0488633	0.049266	0.0488914	0.0479462	0.0471782	0.047058	0.0474136	0.0478043	0.0480017	0.0481032	0.0483051	0.0485817	0.0487339	0.0487373	0.04872	0.0487447	0.0488472	0.0490073	0.0491019	0.0490987	0.0490529	0.0489378	0.048755	0.0486404	0.0487276	0.0489917	0.0492563	0.0493619	0.049273	0.0490606	0.0488529	0.0488053	0.0490499	0.0494508	0.0494873	0.0487686	0.0475965	0.0467085	0.0466107	0.0472469	0.0480666	0.0484734	0.0483303	0.0479262	0.0475772	0.0473971	0.047274	0.0470204	0.0466993	0.0466903	0.0472547	0.0482144	0.049145	0.0496604	0.0495384	0.0488449	0.0479504	0.0472794	0.0469821	0.0469342	0.0470571	0.0473782	0.0478391	0.0483629	0.0489037	0.0492793	0.0492249	0.048637	0.0476633	0.0465581	0.045324	0.0435303	0.0406837	0.0366955	0.0317429	0.0258758	0.0192607	0.0126646	0.007185	0.00348848	0.00147729	0.000588008	0.000253888	0.000130292	7.24997e-005	3.81154e-005	
4.30202e-005	8.72054e-005	0.000171645	0.000373602	0.000916242	0.00223619	0.00490422	0.00934803	0.0155194	0.0227704	0.0300703	0.0364466	0.0413914	0.0449232	0.0472847	0.0486859	0.049328	0.0494751	0.049382	0.0492167	0.0491077	0.0492277	0.049712	0.0504399	0.0509678	0.0508066	0.0499348	0.0489696	0.0485283	0.0485222	0.0484772	0.0482849	0.0481777	0.0482693	0.0484436	0.0485423	0.0485247	0.048413	0.0481658	0.0478185	0.0477091	0.0481702	0.0489522	0.0493583	0.0489905	0.0481844	0.0476624	0.0477836	0.0482636	0.0486296	0.0487389	0.0487783	0.0489103	0.0490488	0.0490446	0.0489521	0.0488776	0.0488151	0.0487962	0.0488375	0.0488396	0.0487939	0.0487742	0.0487699	0.0488084	0.0489794	0.0492621	0.0495199	0.0496431	0.0496438	0.0495654	0.0493799	0.0490993	0.0489208	0.0491123	0.0496066	0.0498581	0.0493893	0.048377	0.0475014	0.0473312	0.0478706	0.0485444	0.048733	0.048364	0.0478394	0.0475722	0.0476929	0.0479409	0.0479053	0.0475852	0.0474437	0.0478253	0.0486404	0.0495273	0.0500666	0.049985	0.0493385	0.048484	0.0478081	0.0474042	0.0471049	0.0468427	0.0467377	0.0469051	0.0473871	0.0480936	0.0487165	0.0488775	0.0484061	0.0474942	0.0465429	0.0456717	0.0444295	0.0422248	0.0389351	0.0347194	0.0294508	0.0230092	0.0160045	0.00965866	0.00498	0.00220019	0.000874651	0.000357212	0.000172873	9.46515e-005	5.03653e-005	
5.6582e-005	0.000117035	0.000251036	0.000583096	0.00141789	0.0032776	0.00671752	0.0119635	0.0186622	0.0259803	0.0329466	0.0387813	0.0431455	0.0461696	0.048128	0.049186	0.0495486	0.0495519	0.0494545	0.049351	0.0493048	0.0494348	0.0498657	0.0505332	0.0510051	0.0507395	0.0497523	0.0487631	0.0483686	0.0483839	0.0483393	0.0482002	0.0482212	0.0484519	0.0486537	0.0485849	0.0482811	0.0479586	0.0477045	0.0475259	0.0476303	0.0481801	0.0488342	0.0490353	0.0486496	0.0480872	0.047889	0.0482128	0.0487309	0.0490519	0.0491339	0.0491983	0.0493464	0.0494322	0.049339	0.0491656	0.0490119	0.0488799	0.0488306	0.0488651	0.0488447	0.0487623	0.0487355	0.0488093	0.0490178	0.04935	0.0496432	0.0497378	0.0496643	0.049578	0.0494993	0.0492641	0.0488448	0.048556	0.0487678	0.049407	0.0499254	0.0498452	0.0492015	0.0484712	0.0481935	0.0485163	0.0489771	0.0489719	0.0484515	0.0478848	0.0477352	0.0481179	0.0486567	0.0487824	0.0484217	0.0480437	0.0480531	0.0485168	0.0492298	0.0498344	0.0500597	0.0498501	0.0493273	0.0487323	0.0482145	0.0477058	0.047135	0.0466071	0.0463467	0.0465447	0.0471716	0.047912	0.0483269	0.0481486	0.0475316	0.0469114	0.046437	0.045649	0.0439282	0.0411427	0.0374458	0.0326418	0.0264506	0.0192934	0.012331	0.00676193	0.00315459	0.00128842	0.000513439	0.000234203	0.000124713	6.83804e-005	
7.47996e-005	0.000152244	0.000344642	0.000839237	0.00202974	0.00449534	0.00871304	0.0146712	0.0217466	0.0289673	0.0354205	0.0405249	0.0441635	0.0466286	0.0482532	0.0491564	0.0494781	0.049517	0.0494746	0.0494061	0.0493915	0.049517	0.0498267	0.0502884	0.0505984	0.0503017	0.0494404	0.0486853	0.0484893	0.0485612	0.0484658	0.0482595	0.0482402	0.0484459	0.0486178	0.0485121	0.0481658	0.0478131	0.047592	0.0475212	0.0477006	0.0481369	0.0484768	0.0483631	0.0478856	0.0474652	0.0474478	0.047843	0.0483788	0.0487821	0.0490132	0.0492112	0.0494184	0.0494892	0.0493435	0.0491056	0.0489142	0.0488306	0.048881	0.0489515	0.0488743	0.0487197	0.0486904	0.0488737	0.0492474	0.049647	0.0497936	0.0495801	0.0492262	0.0490288	0.0489725	0.0487581	0.0483007	0.0479751	0.0481953	0.0488797	0.0495466	0.0498142	0.0496196	0.0491646	0.0488351	0.0489036	0.0491387	0.0490496	0.0485593	0.0480673	0.0479974	0.0484753	0.0491442	0.0493981	0.0490595	0.048489	0.0481102	0.0481805	0.048699	0.0494066	0.0500294	0.0503527	0.0502255	0.049757	0.0492018	0.0486136	0.0478881	0.0470574	0.0463952	0.0462288	0.0466383	0.0473525	0.0479236	0.048058	0.0478517	0.0475982	0.0473332	0.0466807	0.045206	0.0428326	0.0396184	0.0352747	0.0294472	0.0223958	0.015105	0.00881108	0.00437467	0.00187494	0.000750234	0.000322272	0.000160733	8.80177e-005	
9.29075e-005	0.000186698	0.000446894	0.00114125	0.00275659	0.00589019	0.0108752	0.017441	0.0247514	0.0317568	0.0376003	0.0418853	0.0447362	0.0466238	0.0479709	0.048904	0.0494605	0.0497584	0.0498332	0.0496943	0.0495159	0.0494695	0.0495677	0.0497535	0.049844	0.0495717	0.0490386	0.0487447	0.0488779	0.0490393	0.0488758	0.0485417	0.0483559	0.0483687	0.0484093	0.0483227	0.0480929	0.0478345	0.04767	0.0476519	0.0478049	0.0480367	0.048071	0.0477401	0.0472195	0.0468551	0.0468637	0.0472154	0.0477365	0.0482387	0.0486111	0.0488742	0.0490626	0.0490987	0.0489271	0.0486627	0.0485175	0.0486267	0.0488834	0.0489805	0.0487896	0.048557	0.0485672	0.048879	0.0493782	0.0497749	0.0497216	0.0491952	0.0486076	0.048369	0.0484123	0.0483289	0.0479744	0.0477062	0.0479064	0.0484866	0.0490766	0.0494625	0.0495867	0.049413	0.0490797	0.0488953	0.0489249	0.0489107	0.0487008	0.0484219	0.0483279	0.0486287	0.0491896	0.0495281	0.0493686	0.0488716	0.0483672	0.0481898	0.0484957	0.0491541	0.0499336	0.0505471	0.0507089	0.0504432	0.0499979	0.0494433	0.0486851	0.0477671	0.0469787	0.0466664	0.0469264	0.0474954	0.0479815	0.0482146	0.0482934	0.048271	0.0479951	0.0472594	0.0459442	0.0440242	0.0413572	0.0375195	0.0321393	0.0253661	0.0179683	0.0111133	0.00587926	0.00266815	0.00108948	0.000441768	0.000197552	0.000100811	
0.000107103	0.000222709	0.000571332	0.00151465	0.00362843	0.00748626	0.0132195	0.0202804	0.027674	0.0343688	0.0396287	0.0432326	0.0454631	0.046854	0.0478818	0.0487727	0.0495475	0.0501235	0.050324	0.0500902	0.0496833	0.0494036	0.0492833	0.0492053	0.0490509	0.048764	0.0485468	0.0487114	0.0491562	0.0493929	0.0491823	0.0487743	0.048473	0.048317	0.0482313	0.0481719	0.0480943	0.0479918	0.047938	0.0479848	0.0480768	0.0480776	0.0478782	0.0475117	0.0471293	0.0469065	0.0469491	0.0472335	0.0476605	0.0480842	0.0483496	0.0484439	0.0484706	0.0484378	0.0482624	0.0480017	0.0479497	0.0483198	0.0488468	0.0490353	0.0488156	0.0485785	0.0486224	0.048955	0.0494387	0.0497611	0.0495465	0.0488303	0.0481748	0.0480402	0.0482495	0.0483064	0.0480746	0.0478966	0.0480847	0.0485378	0.0489707	0.0492904	0.0494944	0.0494261	0.0490157	0.0485645	0.0484206	0.0485912	0.0488236	0.0488533	0.0486691	0.048594	0.048842	0.0491831	0.0493129	0.0491809	0.0488938	0.048659	0.0486815	0.0490104	0.0495725	0.050157	0.0504897	0.0505095	0.0502952	0.0498271	0.0491128	0.0483464	0.0478097	0.0476936	0.0479516	0.0482989	0.0484861	0.0485689	0.0486951	0.0487127	0.0483385	0.0475456	0.0464478	0.0449703	0.0427624	0.03935	0.0344289	0.0280656	0.0207754	0.0135666	0.00763738	0.00368536	0.00155718	0.000608808	0.000241343	0.000106883	
0.000125417	0.00028003	0.000754051	0.00200788	0.00468692	0.00929003	0.0157011	0.0231035	0.0304167	0.0367361	0.0415246	0.044712	0.0466076	0.0476498	0.0482758	0.0488435	0.0494831	0.0500475	0.0502509	0.0499933	0.0495478	0.0492437	0.049099	0.0489332	0.0486379	0.04829	0.0481853	0.0485567	0.0491578	0.0494591	0.0492721	0.0488756	0.048556	0.048348	0.0482192	0.0481929	0.0482539	0.0483485	0.0484762	0.0486206	0.0486443	0.0484191	0.0480421	0.0477515	0.0476453	0.0476823	0.0478262	0.0480435	0.0482888	0.0484633	0.0484334	0.0482267	0.0480254	0.0478777	0.0476398	0.0473245	0.0473212	0.0479209	0.0487548	0.049206	0.049196	0.0490847	0.0490924	0.0492475	0.0495404	0.0497517	0.0494872	0.0487537	0.0481584	0.0481659	0.0485075	0.0486464	0.0484985	0.0483963	0.0485892	0.0489966	0.0493647	0.0495731	0.0496298	0.0494071	0.048801	0.0481236	0.0478809	0.0482258	0.0488237	0.0491416	0.0489536	0.0486035	0.0485541	0.0488297	0.0491704	0.0493809	0.0493536	0.0491128	0.0488513	0.048779	0.0489873	0.0493719	0.0497303	0.0499611	0.0499697	0.0496218	0.0490248	0.0485499	0.0484699	0.0487496	0.0491228	0.049278	0.0491317	0.0489447	0.0489242	0.0488432	0.048408	0.047704	0.0468768	0.0456869	0.0436579	0.0404474	0.0359458	0.0301526	0.0232632	0.0160123	0.0095928	0.00493919	0.00219073	0.000857983	0.000316852	0.000122433	
0.000163589	0.000385828	0.00103704	0.00267382	0.00597567	0.0113022	0.0182589	0.0258103	0.0328794	0.0387488	0.0430961	0.0459755	0.0476847	0.0485318	0.048832	0.0489646	0.0491687	0.0493814	0.0493922	0.0491545	0.0489021	0.0488627	0.04897	0.0489967	0.0488034	0.0484528	0.0482609	0.0485333	0.0491258	0.0495426	0.0495115	0.049208	0.0489026	0.0486676	0.0484889	0.0484235	0.0485316	0.0487814	0.0490852	0.0493121	0.0492787	0.048922	0.0484928	0.0483342	0.0484796	0.0487202	0.048904	0.0489913	0.0489985	0.0489038	0.0486403	0.0482745	0.0479768	0.0477277	0.0473156	0.0467963	0.0467131	0.0474439	0.0485651	0.0493846	0.0497446	0.04984	0.0497619	0.0496211	0.0496316	0.0497418	0.0495655	0.0489977	0.048536	0.0486154	0.0489968	0.0491912	0.0491257	0.0490614	0.0492091	0.0495717	0.0499073	0.0499653	0.0497256	0.0492157	0.0484675	0.04779	0.047617	0.0480309	0.0486802	0.0490949	0.0490539	0.0487802	0.0486934	0.0489273	0.0492736	0.049472	0.0493737	0.0490185	0.0486345	0.0484582	0.0485509	0.0487743	0.0489873	0.0491843	0.0492682	0.0490286	0.04857	0.0483557	0.0486752	0.0493351	0.049883	0.0499614	0.0495689	0.049088	0.048833	0.0486551	0.0483041	0.0478417	0.0472783	0.0461891	0.0440827	0.0408784	0.0367516	0.0316671	0.0254563	0.0184669	0.0117575	0.00644505	0.00301232	0.00121303	0.000444507	0.000163235	
0.000226785	0.000550908	0.00143648	0.00352279	0.00747535	0.0134561	0.0207967	0.0283246	0.0350237	0.040342	0.044128	0.0465592	0.0480012	0.0487458	0.0489809	0.0489368	0.0488084	0.0486213	0.0483451	0.0480813	0.0480478	0.0483301	0.0487623	0.049121	0.0492437	0.0490529	0.0487513	0.0487638	0.0492324	0.0497986	0.050043	0.0499231	0.0496438	0.0493287	0.0490068	0.0487739	0.0487622	0.0489927	0.0493425	0.0495973	0.0495614	0.0492504	0.0489619	0.0489807	0.0492475	0.0495063	0.0496035	0.04952	0.0493012	0.048986	0.0486172	0.0483264	0.048195	0.0480112	0.0474475	0.0466491	0.0463669	0.0470879	0.0483448	0.0493783	0.0499767	0.0502293	0.0501289	0.0498113	0.049621	0.0496568	0.0496197	0.0493209	0.049048	0.0491509	0.0495165	0.0497748	0.0497949	0.0496949	0.0496648	0.0498272	0.0499943	0.0498381	0.0493272	0.0486645	0.0480595	0.0477505	0.0478727	0.0482454	0.0485732	0.0487648	0.048866	0.0489341	0.0490907	0.0493839	0.0496009	0.0494521	0.0489223	0.0483235	0.0480128	0.0481165	0.0484629	0.0487321	0.0487918	0.0488026	0.048798	0.0485564	0.0481422	0.0480493	0.0485802	0.0494539	0.0501147	0.0501674	0.0496137	0.0488918	0.0484625	0.048325	0.0482306	0.0480924	0.0477555	0.0467209	0.0445559	0.0413882	0.0376293	0.0332564	0.0277929	0.0211597	0.0141976	0.00818319	0.00398578	0.00165013	0.000612576	0.000224225	
0.000308455	0.000767882	0.0019405	0.00451888	0.00910091	0.0156249	0.0231973	0.0305817	0.0368283	0.0415054	0.0446049	0.046432	0.0474751	0.0481259	0.0485192	0.0486747	0.0485984	0.0482798	0.0478071	0.0474485	0.0474754	0.0478839	0.0484428	0.0490025	0.0494563	0.0495597	0.0492654	0.0490237	0.0492994	0.0499709	0.0505235	0.0506527	0.0504181	0.0499791	0.0494663	0.049031	0.0488041	0.0488335	0.0490712	0.049328	0.0493817	0.0492464	0.0491859	0.0493619	0.049636	0.049805	0.0497978	0.0496039	0.0492207	0.0486997	0.0482305	0.0480871	0.0482942	0.0484141	0.0479344	0.0470064	0.046528	0.0470954	0.0482379	0.0491725	0.0497225	0.0500217	0.0500377	0.0498163	0.049626	0.0496124	0.0496272	0.0495056	0.0493479	0.0493982	0.0496913	0.0499951	0.0500857	0.0499155	0.0496415	0.0494789	0.0493643	0.0490424	0.048494	0.0479824	0.0478186	0.0481474	0.0487338	0.0490567	0.0488898	0.04861	0.0486568	0.0490177	0.0494788	0.049882	0.0499418	0.0493516	0.0482937	0.0474321	0.0472741	0.0477901	0.0485516	0.0490622	0.0491582	0.0490776	0.0489345	0.0485487	0.048036	0.0479313	0.0484944	0.0493705	0.0499941	0.0500024	0.0493972	0.0486123	0.0481779	0.0481853	0.0483509	0.0484432	0.0482619	0.0474053	0.0454918	0.0426214	0.0392429	0.0353971	0.0304783	0.0240655	0.0167634	0.00998986	0.00499617	0.00210621	0.000787489	0.000285851	
0.000403307	0.00103098	0.00254674	0.00565747	0.010834	0.0177855	0.0254556	0.0325866	0.0382887	0.0422622	0.0446781	0.0459528	0.0466275	0.0471666	0.0477239	0.0482111	0.0484621	0.0483254	0.0478588	0.0474326	0.0474203	0.047788	0.0482434	0.0487315	0.0493047	0.0496513	0.0494499	0.0490543	0.0491539	0.049866	0.0506595	0.0510225	0.0508407	0.0502713	0.049575	0.0489949	0.048617	0.0484561	0.0485728	0.0488721	0.0490723	0.0490948	0.0491671	0.0494184	0.0496891	0.0498097	0.0497477	0.0494822	0.0489754	0.0482863	0.0477027	0.0476249	0.0481082	0.0486162	0.0484752	0.0477078	0.0471732	0.0475165	0.0483653	0.0490306	0.0494036	0.0496719	0.0498086	0.0497612	0.049657	0.0496117	0.049586	0.0494698	0.0492541	0.0491203	0.0492371	0.0495	0.0496321	0.0494671	0.0490918	0.0487214	0.0484257	0.0481272	0.047821	0.0476813	0.0480111	0.0489276	0.0499671	0.0503367	0.0498147	0.0490861	0.0489161	0.049346	0.0499511	0.0503607	0.0502148	0.04925	0.0478222	0.0468099	0.0467777	0.0475711	0.0486166	0.0493594	0.0496266	0.0496158	0.0493858	0.0487984	0.048108	0.0479034	0.0483677	0.0491115	0.0496454	0.0496837	0.04922	0.0486039	0.0483007	0.0484118	0.0486508	0.0487535	0.0486269	0.0480802	0.046727	0.044395	0.0413504	0.0377278	0.033016	0.0266374	0.018996	0.0115778	0.00591044	0.00253284	0.000949546	0.000335846	
0.000502521	0.00133162	0.00325988	0.00697353	0.0127462	0.0200314	0.0276575	0.0344058	0.0394924	0.0427942	0.044679	0.0456204	0.0460781	0.0464692	0.0470015	0.0476479	0.0482106	0.0484034	0.048154	0.0478272	0.0478601	0.0481981	0.0484746	0.0486897	0.0490916	0.0494584	0.0493319	0.0489235	0.0489497	0.0496221	0.0504557	0.0509226	0.0508243	0.0502251	0.049411	0.0487472	0.0483623	0.0482246	0.048392	0.0487899	0.049081	0.049117	0.0491645	0.0494477	0.0498111	0.0499828	0.049857	0.0494636	0.0488723	0.0481779	0.0476092	0.047523	0.0480423	0.0487398	0.0489424	0.0485127	0.0480939	0.0482638	0.0488214	0.0492818	0.0495425	0.0496925	0.0496887	0.0495251	0.0493557	0.0492905	0.049274	0.0491622	0.0488801	0.0485761	0.0484828	0.0485997	0.0487078	0.0486322	0.0483734	0.0480532	0.0478076	0.0477183	0.0477728	0.0479774	0.0485528	0.0496796	0.0509242	0.0514088	0.0508307	0.0499158	0.0495744	0.0499322	0.0504699	0.0506937	0.0502796	0.0491124	0.0476344	0.0466781	0.0467199	0.0475613	0.0486367	0.049438	0.0498205	0.0499082	0.049646	0.0489076	0.0480554	0.047694	0.0479639	0.0485484	0.0490902	0.0493359	0.049197	0.0488777	0.0487295	0.0488567	0.0490232	0.0490164	0.0488898	0.0486465	0.0478733	0.0460834	0.043271	0.0396254	0.0348487	0.0284081	0.0205865	0.0128139	0.0067083	0.00294551	0.00111161	0.000379292	
0.000591898	0.00164592	0.00404024	0.00841574	0.0147909	0.0223244	0.029762	0.0360292	0.040555	0.0434046	0.0450509	0.0459125	0.0462731	0.0464476	0.0467292	0.047258	0.0479225	0.0483928	0.0484825	0.0484499	0.048662	0.0490231	0.0491511	0.0490706	0.0491423	0.0493104	0.0491818	0.048867	0.0489084	0.0494162	0.0500012	0.0503679	0.0504095	0.0500194	0.0493046	0.0486759	0.0483978	0.0484442	0.0487653	0.0492156	0.0494626	0.0493891	0.0493462	0.0496793	0.050215	0.0504856	0.050273	0.0497527	0.0492063	0.0487439	0.0483893	0.0483028	0.0486526	0.0492384	0.0495436	0.0493616	0.0490936	0.049173	0.0495479	0.0499333	0.0501449	0.050049	0.0495817	0.04895	0.0485342	0.0484865	0.0486237	0.0486857	0.0485472	0.0482892	0.0480915	0.048028	0.0480392	0.0480294	0.0479323	0.0477775	0.0477195	0.0478948	0.0482253	0.048553	0.0490052	0.0498702	0.0509537	0.0515017	0.0510944	0.0502759	0.049917	0.0501739	0.0505027	0.0504343	0.0498301	0.0487712	0.0476432	0.0469872	0.0470775	0.0477693	0.0486619	0.0493617	0.0497431	0.0498647	0.0495978	0.0488136	0.0478763	0.0473363	0.0473551	0.0477951	0.0484464	0.0490108	0.0492397	0.049188	0.0491454	0.0492611	0.0493764	0.0493348	0.0492508	0.0491928	0.0487496	0.0473055	0.0446626	0.0409509	0.0360253	0.0295299	0.0217282	0.0138854	0.00753214	0.00343238	0.0013221	0.000440988	
0.00067383	0.00195681	0.00480794	0.00980059	0.0166925	0.0243629	0.0315115	0.0372875	0.0414151	0.0441209	0.0458528	0.0468678	0.047256	0.0472512	0.0472262	0.0474618	0.047962	0.0484767	0.0488238	0.049125	0.0495478	0.0499309	0.0499673	0.049702	0.0494691	0.0493433	0.0491353	0.0489314	0.0490097	0.0492862	0.0494759	0.0496015	0.0497776	0.0497912	0.0494603	0.0490502	0.0488818	0.0489794	0.0492544	0.0495725	0.0497051	0.0495931	0.0495722	0.0499849	0.0506316	0.0509458	0.0506864	0.05018	0.0498448	0.0497328	0.0496644	0.0496328	0.0498326	0.0502313	0.0504493	0.0502841	0.0500093	0.0499686	0.0502136	0.0505749	0.050744	0.0503757	0.0494181	0.0483256	0.0477137	0.0477534	0.0481232	0.0484693	0.0486208	0.0485381	0.0483027	0.0480829	0.0479947	0.047987	0.0479324	0.0478542	0.0479475	0.048306	0.0487345	0.048971	0.0490786	0.0494146	0.0500616	0.0505252	0.0503321	0.0497581	0.0494872	0.0496427	0.0497407	0.049472	0.0489282	0.0483079	0.0478059	0.0475778	0.0476834	0.0480966	0.0486856	0.049218	0.0495499	0.0496652	0.0494326	0.0487385	0.0478514	0.0471916	0.0469657	0.0472483	0.0479715	0.0487746	0.0492529	0.0493539	0.049353	0.0494576	0.0495909	0.0496423	0.0496836	0.0496981	0.0492943	0.0479591	0.0454669	0.0418044	0.0368461	0.0304292	0.0228466	0.0151241	0.00860022	0.00412498	0.00165712	0.000561036	
0.000768767	0.00227085	0.00551158	0.010969	0.0181811	0.0258396	0.0326563	0.0380007	0.0418586	0.0445742	0.0465365	0.0478518	0.0484625	0.048524	0.048389	0.0483515	0.0485056	0.0487822	0.0491335	0.0496058	0.0501652	0.0505747	0.0505967	0.0502656	0.0498205	0.049415	0.0490865	0.0489469	0.0490643	0.0492156	0.0491593	0.0490696	0.0492621	0.0496128	0.0497653	0.049685	0.0495328	0.0493678	0.0492493	0.0492603	0.04935	0.0494425	0.0496715	0.050192	0.0507912	0.0510132	0.0507303	0.050327	0.0501957	0.0503108	0.0504286	0.0505113	0.0507597	0.0511582	0.0513249	0.0510494	0.0506021	0.050359	0.0504627	0.0507896	0.0509384	0.0504587	0.0493457	0.0481853	0.0476355	0.0478096	0.0483484	0.0488926	0.0491934	0.049089	0.0486878	0.0483465	0.0482767	0.0483189	0.0482431	0.048136	0.0482684	0.0486657	0.0490391	0.0491112	0.048917	0.0487841	0.0489338	0.0491421	0.049048	0.0487437	0.0486332	0.0487407	0.0487215	0.0484768	0.0482334	0.0481613	0.0482178	0.0482625	0.0482502	0.0483083	0.0485685	0.0489503	0.0492624	0.0494051	0.0492917	0.0488509	0.0482093	0.0475999	0.0472238	0.0473043	0.0478983	0.0486679	0.0491798	0.0493301	0.0493335	0.0493964	0.049532	0.049706	0.049907	0.0499431	0.0494204	0.0480308	0.045654	0.0421757	0.0374299	0.0313599	0.0242184	0.0167364	0.0100369	0.0050931	0.00215508	0.000759095	
0.000889933	0.00260686	0.00617783	0.0119545	0.0192922	0.026801	0.0332753	0.0382525	0.0418642	0.0445235	0.046614	0.048191	0.0491259	0.0494863	0.0495016	0.0493636	0.0492126	0.0491648	0.0493232	0.0497363	0.0502999	0.0507436	0.0508171	0.0504907	0.049927	0.0493313	0.0488897	0.0487472	0.0489015	0.0491133	0.0491052	0.0489489	0.0490132	0.0494206	0.0499025	0.0501569	0.0500068	0.0494534	0.0488133	0.0485174	0.0486922	0.0491584	0.0497428	0.0503353	0.0507434	0.0507515	0.0503854	0.0499749	0.0498141	0.0498958	0.0500613	0.0502986	0.0507576	0.0513459	0.0516017	0.0512667	0.0506535	0.0502417	0.0502424	0.0505329	0.0506924	0.0502969	0.0494106	0.0485951	0.0483338	0.0486289	0.0492085	0.0497663	0.0499233	0.049467	0.0487392	0.0483593	0.0484974	0.0487329	0.048695	0.0485419	0.0486208	0.0489291	0.0491627	0.0490956	0.0487725	0.0484376	0.04826	0.0481606	0.0480224	0.0479457	0.0480573	0.0482134	0.0482113	0.0481331	0.0482159	0.0485067	0.0487761	0.0487546	0.0484344	0.0481123	0.0480984	0.0483941	0.0487642	0.0490472	0.0491858	0.0491249	0.0488685	0.0484948	0.0481449	0.0480428	0.0482856	0.0486818	0.0489977	0.0491599	0.0492001	0.0491964	0.0492532	0.0494668	0.0497734	0.0498167	0.0491836	0.0477237	0.0454387	0.0422236	0.0379099	0.0324242	0.0258529	0.0186261	0.0117026	0.00621759	0.0027416	0.000999943	
0.00103944	0.00298787	0.0068871	0.0129369	0.0203214	0.0276327	0.0337977	0.0384749	0.0418353	0.0443084	0.0463119	0.0479319	0.0490459	0.0496779	0.0499364	0.0498845	0.0496533	0.0494334	0.0493639	0.0495294	0.0499241	0.0503403	0.0504747	0.0502094	0.0496683	0.0490632	0.048593	0.0484054	0.0485467	0.0488695	0.0490669	0.0490027	0.0489238	0.0491578	0.0497195	0.0502426	0.0502129	0.0494719	0.0485322	0.0481163	0.0484448	0.0491962	0.0499499	0.0504515	0.0506093	0.0504152	0.0499373	0.0493699	0.048961	0.0488464	0.0489919	0.0493544	0.049993	0.0507732	0.0511942	0.0509173	0.0502582	0.0498043	0.0498036	0.0500894	0.0502632	0.0500084	0.0494622	0.0490905	0.0491406	0.0495153	0.05008	0.0505858	0.0505149	0.0496692	0.0486794	0.0483617	0.0487487	0.0491706	0.0491774	0.0489795	0.0489558	0.0491155	0.0491944	0.0490187	0.0486734	0.0483695	0.0481465	0.0478971	0.0476998	0.0477755	0.048071	0.0482781	0.0483019	0.048345	0.0485765	0.048916	0.0490672	0.0487731	0.0481183	0.0475235	0.0473661	0.0476482	0.0481242	0.0486241	0.0490709	0.0493652	0.0494563	0.0493978	0.0492774	0.049149	0.0489759	0.0487583	0.0486903	0.0488664	0.0490618	0.0490856	0.049061	0.0492135	0.0494966	0.0495173	0.0488862	0.0474883	0.04534	0.0423994	0.0385546	0.0336427	0.0275343	0.0204488	0.0132689	0.00727253	0.00329667	0.00123292	
0.00121588	0.00341613	0.00766094	0.0139954	0.0214531	0.0286386	0.0346119	0.0391078	0.042261	0.0444621	0.046176	0.047592	0.0486626	0.0494122	0.0498769	0.0500215	0.0499146	0.0496835	0.0493882	0.0491644	0.0492106	0.0494622	0.0495952	0.0494342	0.0490856	0.0487103	0.0483893	0.0481912	0.0482251	0.0485116	0.0488515	0.0489915	0.0489343	0.0489925	0.0494411	0.0500484	0.0501565	0.0494849	0.0486119	0.0483331	0.0488111	0.0496085	0.0502423	0.0505214	0.0505029	0.0502552	0.0497521	0.0490471	0.0484202	0.0481621	0.0482767	0.0486288	0.0492304	0.0500127	0.0505252	0.0503513	0.0497464	0.0493647	0.0494726	0.049819	0.05	0.0498024	0.0494333	0.0493041	0.0495239	0.0499524	0.0505642	0.0511563	0.0511188	0.050233	0.0492248	0.0489318	0.0492997	0.0496359	0.0495646	0.0493067	0.0491767	0.0491877	0.0491325	0.048856	0.0484731	0.0482435	0.0481602	0.0480206	0.047915	0.0481015	0.048448	0.0486059	0.0485936	0.0486578	0.0488365	0.0489673	0.0488421	0.0483325	0.0475809	0.0469999	0.0469035	0.0472278	0.047741	0.048321	0.0488873	0.0493257	0.0496263	0.0499018	0.0501736	0.05021	0.049705	0.0488117	0.0482374	0.0483848	0.0488621	0.0491584	0.0492466	0.0493419	0.0494613	0.0493768	0.0488329	0.0476459	0.0457026	0.042991	0.0394692	0.0348902	0.028985	0.021909	0.0145248	0.0081565	0.00379139	0.00145595	
0.00141409	0.00386046	0.00842032	0.0150108	0.0225765	0.0297582	0.0357002	0.0401465	0.0431501	0.0450393	0.0463542	0.0474581	0.0484102	0.0492175	0.0498562	0.0502216	0.0502861	0.0500655	0.0495474	0.0489244	0.0485588	0.0485197	0.0485336	0.0484433	0.048355	0.0483518	0.0483387	0.0482121	0.0480662	0.0481285	0.04847	0.0488622	0.0490334	0.0490826	0.0493614	0.0498065	0.0498516	0.049289	0.0487082	0.0487463	0.0493645	0.0500803	0.0505237	0.0506443	0.0505689	0.0503551	0.049913	0.049239	0.0486316	0.0484077	0.0485046	0.0487102	0.0490581	0.0495966	0.0500003	0.0498606	0.0493541	0.0491105	0.0493775	0.0498179	0.0499929	0.0497555	0.0493758	0.0492666	0.0495104	0.0499818	0.0507237	0.0515745	0.0518851	0.0513243	0.050459	0.0500198	0.0500253	0.0500131	0.0497747	0.0494658	0.0492406	0.0490915	0.048889	0.048495	0.0480205	0.0477979	0.0479006	0.048085	0.0482828	0.0486022	0.0488937	0.0489401	0.0488895	0.0489406	0.0489667	0.0487792	0.0483652	0.0477998	0.0472394	0.0469471	0.0470618	0.0474268	0.0478332	0.0482269	0.048594	0.0489301	0.0493504	0.0499874	0.0507043	0.0509709	0.0502517	0.0488007	0.0477114	0.0477253	0.0484989	0.0493035	0.0497952	0.0499526	0.0498347	0.0495431	0.0490671	0.0481185	0.0463791	0.0438181	0.0404468	0.0359759	0.0300963	0.0229929	0.0155103	0.00892298	0.00427019	0.00169496	
0.00163781	0.00431604	0.00913692	0.0159115	0.0235518	0.0307586	0.0367176	0.041138	0.0439999	0.0455996	0.0465643	0.0474199	0.0482986	0.049158	0.0499277	0.05046	0.0506343	0.0504065	0.0497847	0.0489877	0.0483734	0.0480414	0.0478267	0.0476859	0.0477548	0.04805	0.048338	0.0483318	0.0480268	0.0478034	0.0480293	0.0485886	0.049047	0.0492763	0.0495119	0.0497186	0.0495104	0.0489193	0.048592	0.048954	0.0497365	0.0504442	0.0508343	0.0509065	0.0507487	0.0504578	0.0500567	0.0495671	0.0491979	0.0491506	0.0492872	0.0493748	0.0494544	0.0496387	0.0497736	0.049583	0.049176	0.0490436	0.0493782	0.0498287	0.0499627	0.0496756	0.0492636	0.0491246	0.0493423	0.0498403	0.0507053	0.0517907	0.0524473	0.0522455	0.0515358	0.0509198	0.0505458	0.0502112	0.0498317	0.0494668	0.0491218	0.0487775	0.0483978	0.04789	0.0473468	0.047142	0.0474713	0.0480959	0.0487042	0.0491467	0.0493179	0.0492397	0.0491572	0.0491763	0.0490707	0.0486684	0.0480968	0.0475875	0.047297	0.0473062	0.0475692	0.0478858	0.0480933	0.0481901	0.0482398	0.0483862	0.0488766	0.0498077	0.050849	0.0512774	0.050485	0.0487693	0.047342	0.0471575	0.048086	0.0493761	0.050365	0.0506816	0.0503634	0.0498378	0.0493517	0.0485495	0.0469512	0.0445091	0.0412729	0.0369106	0.0310664	0.0239451	0.0163908	0.00963607	0.00474192	0.00194392	
0.00189617	0.0048163	0.00988805	0.0167957	0.024404	0.031488	0.0373162	0.0416057	0.0443061	0.0457077	0.0464914	0.0472561	0.0481316	0.0490166	0.0498342	0.0504447	0.050683	0.0505091	0.0499972	0.0493366	0.0487399	0.0482318	0.0477579	0.0474489	0.0475072	0.0479177	0.0483913	0.0485309	0.048194	0.0477607	0.0477591	0.0482432	0.0488552	0.0493738	0.0497907	0.0499134	0.0494639	0.0487116	0.0484174	0.0489379	0.0498819	0.0506969	0.0511319	0.0511391	0.0507793	0.0502819	0.0498641	0.0495689	0.0494517	0.0495917	0.0498425	0.0499604	0.049916	0.0498385	0.0497634	0.0495679	0.0492607	0.0491417	0.0493798	0.04971	0.0497526	0.0494239	0.049015	0.048878	0.0490777	0.0495807	0.0504728	0.0515574	0.052227	0.0521366	0.0515896	0.0510605	0.0506605	0.0502397	0.0497569	0.0492709	0.0487765	0.0482802	0.047801	0.0472771	0.0467858	0.0467084	0.0473133	0.0483422	0.0492464	0.0496712	0.0496268	0.0493673	0.0491689	0.049091	0.0489514	0.0486005	0.0481242	0.0477537	0.0476543	0.0478123	0.0480746	0.0482524	0.0482584	0.0481409	0.0479982	0.048019	0.0484857	0.0494676	0.0505634	0.0510455	0.0503698	0.0487969	0.0473819	0.0470602	0.0479022	0.0493048	0.0505076	0.0509323	0.0505466	0.0498951	0.0493562	0.0486054	0.0471473	0.04494	0.0420173	0.0379403	0.0322235	0.0250448	0.0173105	0.0103147	0.00516844	0.00216294	
0.00216462	0.00533222	0.0106664	0.0176949	0.0251769	0.0319563	0.0374683	0.0415291	0.044091	0.0454255	0.0462161	0.0470499	0.047987	0.0488612	0.0496292	0.0502253	0.0505052	0.0504459	0.0501555	0.0497664	0.0493316	0.0487716	0.048107	0.0476257	0.0476038	0.0480282	0.048615	0.0489279	0.0486958	0.0481717	0.0478833	0.0480741	0.0486467	0.0494042	0.0500694	0.0502403	0.0496787	0.0487641	0.048325	0.048787	0.049785	0.0506834	0.0511191	0.0510137	0.0504982	0.049912	0.0495242	0.0493243	0.0492796	0.0494665	0.0497945	0.0499849	0.0499203	0.0497773	0.0497407	0.0497125	0.0495383	0.0493811	0.0494714	0.0496611	0.0495911	0.0491735	0.0487136	0.0485408	0.048693	0.0491455	0.0499309	0.0507569	0.0511025	0.0508939	0.0505763	0.0504766	0.0504402	0.0501563	0.0496024	0.0489676	0.0483769	0.0478935	0.0475146	0.047131	0.0467907	0.0468809	0.0476954	0.0489211	0.049846	0.050044	0.04968	0.0491662	0.0487638	0.0485418	0.0484397	0.0483216	0.0481282	0.047994	0.0481016	0.048421	0.0487151	0.0487728	0.0485841	0.0482993	0.0480617	0.048009	0.048335	0.0490902	0.0499624	0.0503963	0.0499878	0.0488924	0.0478257	0.0474881	0.0480233	0.0490545	0.0500004	0.0503589	0.0500501	0.0494815	0.0489732	0.0483106	0.0471203	0.04534	0.0428868	0.0391841	0.0336189	0.0263251	0.0182919	0.0109523	0.00551619	0.00231511	
0.00238485	0.00575966	0.0113347	0.0185072	0.0259131	0.0324198	0.0376188	0.0414661	0.0439609	0.0453561	0.0462827	0.0472495	0.048228	0.0490145	0.0496276	0.0501015	0.050334	0.0503028	0.0501257	0.0499141	0.049627	0.0491035	0.0483976	0.0478734	0.0478248	0.0482494	0.0489022	0.0493502	0.0492553	0.0487517	0.0482889	0.048209	0.0486261	0.0493828	0.050048	0.0501752	0.049612	0.0487076	0.0481868	0.0485072	0.0494008	0.0502174	0.0505422	0.0503715	0.0499661	0.0496417	0.0494867	0.049344	0.0491806	0.0491875	0.0493875	0.0495099	0.0494176	0.0493475	0.0495168	0.0497294	0.0496952	0.0495462	0.0495991	0.0497641	0.0496535	0.0491655	0.0486222	0.0483403	0.0483447	0.0486159	0.0491444	0.0495889	0.0495503	0.0492366	0.0492442	0.0497261	0.0501934	0.0501453	0.0496034	0.0489114	0.0483404	0.0480213	0.0478982	0.0477466	0.0475484	0.0477004	0.0485202	0.0496608	0.0503472	0.0501827	0.0494737	0.0487324	0.0481902	0.0478831	0.0477977	0.047834	0.0479017	0.0480972	0.0485848	0.0492606	0.0497426	0.049745	0.0493464	0.0488568	0.0485024	0.0483496	0.048444	0.0488092	0.0493018	0.0496154	0.0494902	0.0489458	0.0483194	0.0480099	0.0481613	0.0486119	0.0490618	0.0492475	0.049108	0.0488182	0.0485222	0.0480969	0.0472924	0.0459544	0.0438419	0.040347	0.0348677	0.0274936	0.019202	0.0115208	0.00578836	0.00240351	
0.00252353	0.00603496	0.0117994	0.0191669	0.0266926	0.0331819	0.0382458	0.0419554	0.0444445	0.0459865	0.0470798	0.0480838	0.0489406	0.0495176	0.0499103	0.0501883	0.050249	0.0500633	0.0497727	0.0495308	0.0492998	0.0488915	0.048338	0.0479437	0.0479265	0.0483028	0.0489099	0.049368	0.0493651	0.049008	0.0486354	0.0485003	0.0487215	0.0491585	0.0494326	0.0493046	0.048808	0.0481753	0.0478427	0.0481396	0.0488633	0.0494616	0.0496247	0.0495076	0.0494708	0.0496936	0.0499679	0.0499406	0.0495913	0.0492568	0.0491275	0.0490364	0.0488721	0.04884	0.0490838	0.0493615	0.0494053	0.0493712	0.04956	0.0498504	0.0498458	0.0494456	0.0489181	0.0485134	0.0482731	0.0482263	0.0483775	0.0484537	0.0482291	0.0480544	0.0484869	0.0494684	0.0502962	0.0504214	0.0499489	0.0493059	0.0488252	0.048687	0.0488105	0.0488679	0.0487577	0.048858	0.0494866	0.0503004	0.0505754	0.0500227	0.0490582	0.0482454	0.0477612	0.047504	0.0473856	0.0473997	0.0476284	0.0482225	0.0492115	0.0502812	0.0509153	0.0508521	0.0503098	0.0497105	0.0492789	0.0489794	0.048752	0.048661	0.048764	0.0489502	0.0490113	0.0488263	0.0484626	0.0481333	0.0480127	0.048092	0.0482496	0.0483904	0.0484796	0.0485209	0.0485085	0.0483517	0.0478282	0.0466492	0.0444966	0.0409183	0.0354684	0.0281673	0.0198323	0.0119658	0.00601383	0.00247628	
0.00259468	0.00616587	0.0120344	0.0195881	0.0273682	0.0340523	0.0391287	0.0427458	0.0452549	0.0469883	0.0482324	0.0491376	0.0497087	0.0500223	0.0502525	0.0503953	0.0502761	0.049854	0.0492943	0.0488198	0.04851	0.048258	0.0480161	0.0478596	0.0478515	0.0480661	0.0484828	0.0488333	0.048908	0.048833	0.0487727	0.0487333	0.048723	0.0486621	0.0483706	0.0479178	0.047549	0.0473699	0.0474611	0.0479053	0.0485097	0.0488982	0.0489685	0.0490157	0.0493905	0.0500972	0.0507117	0.0507702	0.0502712	0.0496535	0.0492512	0.0490079	0.0487885	0.0486602	0.0486997	0.0487945	0.048849	0.0490084	0.0494237	0.0499043	0.0501051	0.0499317	0.049525	0.0490354	0.0485632	0.0482034	0.0479706	0.0477446	0.0475547	0.0477637	0.0486467	0.0498905	0.0507748	0.0508783	0.0504073	0.0498165	0.0494393	0.0494497	0.049734	0.0499134	0.0498569	0.0499049	0.0502934	0.0506643	0.0504499	0.0495706	0.0485192	0.0478094	0.0475145	0.0473862	0.047253	0.0472296	0.0476221	0.0486111	0.0499746	0.0511546	0.0516671	0.0514821	0.0509862	0.0505487	0.0501978	0.0497499	0.0491651	0.0486793	0.0485273	0.0486382	0.0487279	0.0485849	0.0482083	0.047804	0.047624	0.047737	0.0480311	0.0483866	0.0487226	0.0489658	0.0490668	0.0489556	0.0483927	0.047005	0.0445175	0.0407154	0.0353141	0.0282279	0.0200614	0.0122211	0.00619748	0.00257281	
0.00262966	0.00619329	0.0120479	0.0196468	0.0275725	0.0344098	0.0395146	0.0430778	0.0456395	0.0475831	0.0489856	0.0497951	0.0501074	0.0502424	0.0504556	0.0506352	0.0504901	0.0499344	0.0491254	0.0483399	0.047837	0.0476881	0.0477652	0.0478395	0.0477886	0.0477595	0.0479041	0.0481106	0.0482941	0.0485577	0.0488172	0.0488161	0.0485372	0.0480692	0.0474199	0.0468278	0.0466606	0.0469488	0.0474844	0.0480981	0.0485918	0.0487976	0.0488484	0.0491049	0.0497598	0.0506113	0.0511871	0.051125	0.0505322	0.0498916	0.0495449	0.0494073	0.0492321	0.0489556	0.0486907	0.0485476	0.0485908	0.0488881	0.0494374	0.0500426	0.0504291	0.05046	0.0501519	0.049631	0.0490927	0.0486339	0.0481738	0.0477175	0.0475944	0.0481622	0.0493214	0.0505142	0.0511526	0.0510381	0.0504607	0.0498967	0.0496763	0.0498885	0.0503014	0.0505046	0.0504393	0.0504618	0.0506816	0.0506812	0.0500941	0.0490952	0.0481706	0.0476402	0.0474664	0.0474045	0.0473169	0.0473844	0.0479777	0.0491991	0.0506033	0.0515393	0.0517276	0.0514367	0.0511465	0.0510425	0.0508823	0.0503777	0.0496169	0.049018	0.0488478	0.0489176	0.0488472	0.0484645	0.0478768	0.0473722	0.0472635	0.0476438	0.0483141	0.0489894	0.0494855	0.0497298	0.049702	0.0493494	0.0484616	0.0467288	0.0439834	0.0401169	0.0348468	0.027979	0.0200119	0.0123028	0.00632803	0.00268541	
0.00266234	0.00620271	0.0119724	0.0194387	0.0272444	0.0340221	0.0391285	0.0427464	0.0454309	0.0475531	0.049091	0.0498949	0.0501034	0.0501729	0.0504382	0.0507616	0.0507621	0.0502694	0.0494012	0.0484495	0.047785	0.0476314	0.047855	0.0480466	0.0479377	0.0476892	0.0475894	0.0476861	0.0479749	0.0484764	0.0488867	0.0488074	0.0483191	0.0477088	0.0470549	0.0465626	0.0466233	0.0472619	0.0480867	0.0487227	0.0489768	0.0489044	0.0488903	0.0493204	0.0501256	0.0508531	0.0510791	0.0507111	0.0500718	0.0496539	0.0496608	0.0498348	0.0497932	0.0494458	0.0490259	0.0487905	0.0488165	0.0490811	0.0495651	0.0501706	0.0506482	0.0507431	0.0504192	0.049922	0.04956	0.0493272	0.0489235	0.0483594	0.0481985	0.0488465	0.0499506	0.0508056	0.0510055	0.0505816	0.0498963	0.0494332	0.04948	0.0499673	0.0504864	0.0506057	0.0504047	0.0503346	0.0504456	0.0502965	0.0496927	0.0489493	0.0483788	0.0480064	0.0477636	0.0476203	0.0475925	0.0478198	0.0485319	0.0496972	0.0508254	0.051382	0.0513066	0.0510104	0.0509244	0.0510579	0.051048	0.0506562	0.0500899	0.0497503	0.0497252	0.049683	0.0492861	0.0485432	0.0477259	0.0471598	0.0471211	0.0476784	0.0485673	0.0493712	0.0498449	0.0499704	0.0497487	0.0490845	0.0478399	0.0459175	0.0432591	0.0396412	0.0345978	0.0278612	0.0199755	0.0123452	0.00642502	0.00278391	
0.00271989	0.00627903	0.011982	0.0192334	0.0267367	0.0333189	0.0384688	0.0422852	0.0451355	0.0473071	0.0488325	0.0496314	0.0498381	0.0498778	0.0501281	0.0505374	0.0507267	0.0504561	0.0497944	0.0489861	0.0483512	0.0481361	0.0482875	0.0484358	0.0482613	0.047871	0.0476124	0.047634	0.0479409	0.0484872	0.0489151	0.0488285	0.0483584	0.0478373	0.0473158	0.0469338	0.0471047	0.0479002	0.0488313	0.0493622	0.049294	0.0488763	0.0487206	0.0492229	0.0500726	0.0506072	0.0504657	0.0498197	0.0491941	0.0490532	0.0494209	0.0498842	0.0500054	0.0497454	0.0494182	0.049256	0.0492312	0.0493108	0.0496016	0.0501234	0.0505753	0.0505655	0.0501006	0.0496442	0.0496094	0.0498343	0.0497637	0.0493029	0.0490927	0.0495962	0.0503999	0.050786	0.0505038	0.0497853	0.0490863	0.0488491	0.0492142	0.0499253	0.0504638	0.0504307	0.0500131	0.0497439	0.0497324	0.049643	0.0493933	0.0492206	0.0491087	0.0488061	0.0483385	0.0480135	0.0480217	0.0483631	0.0490234	0.0498842	0.0505997	0.0508563	0.050702	0.0505019	0.0505421	0.0507169	0.0507344	0.0505601	0.0504506	0.0505558	0.0506526	0.0503645	0.0495751	0.0485457	0.0476675	0.0472012	0.0472449	0.0477525	0.0484776	0.0490733	0.04937	0.0494042	0.0491225	0.0483215	0.0469305	0.045074	0.0427369	0.0394818	0.0346515	0.0279685	0.0200711	0.0124327	0.00650718	0.00284599	
0.00279196	0.00639865	0.0120674	0.019123	0.026347	0.0327969	0.0380837	0.0421529	0.0451131	0.0471533	0.0484548	0.0491463	0.0493662	0.0493823	0.0495384	0.0499187	0.0502401	0.0502552	0.0499955	0.0495956	0.0491851	0.0489209	0.048872	0.0488564	0.0485997	0.0481365	0.0477833	0.0476993	0.0478745	0.0482993	0.0487512	0.0488977	0.0487244	0.0483734	0.0478577	0.0473834	0.0474411	0.0481764	0.0490978	0.0495746	0.0493583	0.0487711	0.0485064	0.0489325	0.0496503	0.0499696	0.0496036	0.0488513	0.0483032	0.0483427	0.0488711	0.0494586	0.0497358	0.0497193	0.0496778	0.049674	0.0495722	0.0494422	0.0495569	0.0499673	0.0502748	0.050028	0.0493512	0.0489084	0.0491757	0.0498691	0.0502485	0.0500719	0.0499082	0.0502313	0.0507004	0.0506878	0.0500408	0.0491311	0.0485113	0.0485368	0.0491415	0.0499382	0.0504383	0.0503254	0.0497736	0.0492794	0.0490781	0.0490675	0.0492337	0.0495941	0.049805	0.0494677	0.0487676	0.0483015	0.0483549	0.0487399	0.0492141	0.04967	0.0500098	0.0501175	0.0500256	0.0499808	0.0501247	0.0502562	0.0502012	0.0501746	0.0504579	0.0508977	0.0509865	0.0504025	0.049322	0.0482327	0.0475549	0.0474012	0.0476058	0.0479289	0.0482054	0.048373	0.048473	0.0485322	0.0483474	0.0476168	0.0463323	0.0446989	0.0426126	0.0394953	0.034694	0.0280148	0.0201268	0.0124897	0.00654704	0.00286126	
0.00282254	0.00643982	0.0120697	0.0190172	0.0261451	0.0326322	0.0380829	0.0423005	0.0452556	0.0470929	0.0481053	0.0486274	0.0488356	0.0488236	0.0488496	0.0491274	0.0495219	0.0498208	0.0500119	0.0500883	0.0499528	0.049648	0.0493705	0.0491689	0.0488774	0.0484537	0.0480728	0.0478208	0.0477153	0.0478968	0.0483818	0.0489022	0.0491563	0.0489538	0.0482961	0.0475636	0.047348	0.0478776	0.0487544	0.0493347	0.0492891	0.0488586	0.0486124	0.0488358	0.0492301	0.0492979	0.0488492	0.0481584	0.0477326	0.0478487	0.0483555	0.0488979	0.0492384	0.0494513	0.0497051	0.0498717	0.0497516	0.0495285	0.0495555	0.0498316	0.0499139	0.0494224	0.0486013	0.0481776	0.0486205	0.0496103	0.0503384	0.0504287	0.050311	0.0504513	0.050657	0.0504407	0.0496785	0.0487679	0.0482881	0.0484971	0.0491929	0.0499871	0.0505081	0.0504856	0.0499513	0.049263	0.0487865	0.0486948	0.0490301	0.0496045	0.0498959	0.0495084	0.048742	0.0482982	0.0484408	0.0488231	0.0490741	0.0491811	0.0492953	0.0494011	0.0494233	0.0495108	0.0497509	0.0498775	0.0497561	0.0497436	0.0501368	0.0506147	0.0505596	0.049774	0.0486712	0.0478345	0.0475726	0.0478055	0.0481634	0.0482647	0.0480511	0.0477988	0.0477795	0.0479406	0.0478941	0.0473113	0.0462502	0.0448352	0.0427741	0.0394783	0.0345005	0.0277944	0.019983	0.012418	0.00650266	0.00282233	
0.00275128	0.0063014	0.0118775	0.0188422	0.0260891	0.0327361	0.0382653	0.0424384	0.0452997	0.0470432	0.0479563	0.0484096	0.048586	0.0484788	0.0482951	0.0483851	0.0487961	0.0493478	0.0499288	0.0503814	0.0504444	0.0500885	0.0496128	0.0492798	0.0490782	0.0488816	0.0486073	0.048198	0.0477441	0.0475865	0.0479874	0.0487658	0.0493762	0.0493034	0.0485077	0.0475198	0.047024	0.047336	0.0481804	0.0489473	0.0492488	0.0491887	0.0490982	0.0491356	0.0491883	0.0490545	0.0486505	0.0481464	0.0478816	0.0480167	0.0483882	0.048732	0.0489407	0.0491641	0.0495291	0.0498039	0.0497452	0.0495387	0.0494945	0.0495762	0.0494376	0.0488617	0.0481181	0.0478091	0.0483215	0.0493802	0.0502247	0.050408	0.0502292	0.0501555	0.05018	0.0499721	0.0493783	0.0486889	0.0483885	0.0486507	0.0492824	0.0500333	0.0506553	0.0508306	0.0503846	0.0495305	0.0487428	0.0484226	0.048663	0.0491663	0.0493945	0.0490459	0.0484447	0.0482034	0.0484647	0.048801	0.0488578	0.048772	0.0488556	0.049057	0.0491366	0.0492107	0.0494653	0.0496705	0.0496327	0.0496299	0.0498988	0.0501292	0.0498348	0.0490166	0.0481993	0.0478647	0.0480688	0.0485486	0.0488977	0.048762	0.0481954	0.0476866	0.0476248	0.0478609	0.0478887	0.047417	0.0465423	0.0452354	0.0430269	0.0394048	0.0341748	0.0274266	0.0197059	0.0122323	0.00636912	0.00272734	
0.0025608	0.00596839	0.0114634	0.0185081	0.0259668	0.032785	0.0383059	0.0423426	0.0451238	0.0469579	0.0480686	0.0486766	0.0488671	0.0486006	0.048107	0.0478876	0.0482023	0.0489114	0.0497589	0.0504438	0.0506301	0.0502537	0.0496413	0.0492166	0.0491756	0.0493502	0.0493449	0.0488949	0.0481524	0.0476221	0.0477447	0.0484816	0.0492441	0.0493173	0.0485341	0.0474397	0.0467844	0.046968	0.0477901	0.0486715	0.049232	0.0495161	0.0496641	0.0496953	0.0496121	0.0494344	0.0491747	0.0489298	0.04886	0.0489753	0.0491132	0.0491317	0.049051	0.0490894	0.0493805	0.0496664	0.0496425	0.0493922	0.0491564	0.0489685	0.0486871	0.0482402	0.0477932	0.0477038	0.048242	0.0492123	0.0499887	0.0501534	0.0499113	0.0496972	0.0496539	0.0496038	0.0493549	0.0490146	0.0488817	0.0490607	0.0494804	0.050112	0.0508175	0.051186	0.0508559	0.0499307	0.0489306	0.0483686	0.0483741	0.0486469	0.0487479	0.0485082	0.0482218	0.0482988	0.0486867	0.0489283	0.0488163	0.0486783	0.048868	0.0491706	0.0491792	0.049069	0.0492546	0.0496357	0.049891	0.0500253	0.050118	0.0499808	0.0494412	0.0487383	0.0483643	0.0485433	0.0490606	0.0495544	0.0497151	0.0493489	0.0486199	0.0480585	0.0480222	0.0482796	0.0482959	0.0478371	0.0470105	0.0456766	0.043281	0.0393854	0.0339487	0.0271378	0.019447	0.0120108	0.00618255	0.0025961	
0.00228726	0.00549643	0.0108419	0.0178869	0.025466	0.0323892	0.0379405	0.041991	0.0448547	0.0469117	0.0483651	0.0492755	0.0495858	0.0492399	0.0484905	0.0479236	0.0479913	0.0486657	0.0496078	0.0503969	0.0506612	0.05031	0.049625	0.0491111	0.0491758	0.0496884	0.0500059	0.0496554	0.0487986	0.0479864	0.0477022	0.0480789	0.048732	0.048955	0.0483953	0.0474382	0.0468246	0.0470028	0.0477853	0.0486115	0.0491742	0.0495833	0.0499349	0.050145	0.0501849	0.0501181	0.0500176	0.0499974	0.0501053	0.0501864	0.0500599	0.0497217	0.0493346	0.0491766	0.0493846	0.0496755	0.0496458	0.0492444	0.0487041	0.0482236	0.0478693	0.0476264	0.0474841	0.0475645	0.0480615	0.0488784	0.0495529	0.0497565	0.0496208	0.0494751	0.0495026	0.049643	0.0497165	0.0496765	0.0496206	0.0496146	0.0497602	0.050232	0.0509487	0.051429	0.0512293	0.0503985	0.0494073	0.0487246	0.0484669	0.048406	0.0482845	0.0481009	0.0481221	0.0485311	0.0490468	0.0491967	0.0489763	0.0488906	0.0492276	0.0495543	0.0493727	0.0490052	0.0491155	0.0497198	0.0503426	0.0506815	0.0506557	0.0502304	0.0495533	0.0490313	0.0490127	0.0494596	0.0500262	0.0503744	0.0503058	0.0497798	0.0490521	0.048604	0.0486777	0.0489704	0.0489449	0.0483907	0.0474301	0.0459494	0.0434323	0.0394379	0.0338923	0.0269739	0.0192113	0.0117507	0.00595625	0.00245018	
0.0019946	0.00497522	0.0100899	0.0169869	0.0245185	0.0314823	0.0372048	0.0415528	0.0447172	0.0470163	0.0487039	0.0498371	0.0503167	0.0500875	0.0493505	0.0486078	0.0483828	0.0488292	0.0496653	0.0504002	0.0506314	0.0502737	0.0495761	0.0490387	0.0491458	0.049809	0.0503136	0.0501201	0.0493696	0.0485047	0.0478855	0.0477664	0.0481032	0.0483983	0.0481731	0.047563	0.0471863	0.0474551	0.0481648	0.0487948	0.0491313	0.0493961	0.0497747	0.050176	0.0504613	0.0505825	0.0505987	0.0506815	0.0508759	0.0509346	0.0506153	0.0499722	0.049309	0.0490131	0.0492488	0.0496888	0.0497922	0.0493533	0.0486048	0.0479052	0.0474783	0.047322	0.0472785	0.0473246	0.0476653	0.0483299	0.0489828	0.0493371	0.0494365	0.0494803	0.0496154	0.0498547	0.050086	0.0501836	0.0500894	0.049887	0.0498675	0.0502957	0.0510109	0.0514829	0.0513421	0.0506925	0.04992	0.0493251	0.0489116	0.0485085	0.0480785	0.0478247	0.0480122	0.0486335	0.049237	0.0493772	0.0492163	0.0493127	0.0497871	0.0500369	0.0496082	0.0490107	0.0490622	0.0498007	0.0506178	0.0510349	0.0509353	0.0504143	0.0497607	0.049373	0.0494489	0.0498466	0.0502734	0.0504822	0.0503137	0.049773	0.0491548	0.0488857	0.0491119	0.049497	0.0494927	0.0488326	0.0476293	0.0459157	0.0433344	0.0393803	0.0337836	0.0266856	0.0187615	0.0112837	0.00560928	0.00226414	
0.00173515	0.00448317	0.00932389	0.0159853	0.0233883	0.0304022	0.0364178	0.0412165	0.0447495	0.0472039	0.0489114	0.0500442	0.0505923	0.0505785	0.0501404	0.0495523	0.0492104	0.0493848	0.0499388	0.0504162	0.0504456	0.0500065	0.0493679	0.0489546	0.0491249	0.0497535	0.0502374	0.0501716	0.0496809	0.049009	0.0483085	0.0478408	0.0478239	0.048044	0.0480538	0.0478099	0.0477389	0.0481207	0.0487342	0.0491519	0.0492187	0.0491814	0.0493474	0.0497546	0.0502235	0.0505527	0.0506954	0.0508186	0.0510165	0.0510487	0.0505962	0.0496729	0.0487035	0.048261	0.0485947	0.049329	0.0497825	0.0495932	0.0489248	0.0481779	0.0476618	0.0474183	0.047257	0.0471277	0.047304	0.0479226	0.0486773	0.0492049	0.0494424	0.049532	0.0496334	0.04983	0.0500674	0.0501568	0.0499459	0.049608	0.0496054	0.0501591	0.0509098	0.051295	0.0511192	0.050625	0.0501527	0.0498138	0.0494203	0.0487866	0.0480752	0.0476867	0.0478766	0.0485	0.0490692	0.0492606	0.0493196	0.0496749	0.0502288	0.0503457	0.0497355	0.0490354	0.0490525	0.0497539	0.0504705	0.0507409	0.0505657	0.0501198	0.0496061	0.0492627	0.0492294	0.0494477	0.0497485	0.0499418	0.0498374	0.0493905	0.0488762	0.0486974	0.0489883	0.0494602	0.0495778	0.0489527	0.0475911	0.0456431	0.0429472	0.0389731	0.0332612	0.0259194	0.0178281	0.0104398	0.00505198	0.00199582	
0.00152642	0.00404674	0.0086014	0.0150248	0.0223562	0.029532	0.0358978	0.0410625	0.0448022	0.047273	0.0488743	0.0498401	0.0502678	0.0503522	0.0502756	0.0500976	0.0499358	0.0499789	0.0501931	0.0502843	0.0500377	0.049529	0.0490281	0.0488296	0.0490783	0.0495942	0.049982	0.0500348	0.0498351	0.0494517	0.0488939	0.0483475	0.0480963	0.0481351	0.0481639	0.0481012	0.0482176	0.0486442	0.049162	0.0494655	0.0493994	0.049093	0.0489066	0.0491013	0.0496041	0.0501222	0.0504543	0.0506703	0.0508738	0.0508677	0.0502917	0.0491064	0.0478366	0.0472367	0.0476185	0.048551	0.0493093	0.0494973	0.0491773	0.0486254	0.0481095	0.0477278	0.0473826	0.0471058	0.0472359	0.0479441	0.0488702	0.0495109	0.049704	0.0496188	0.0495225	0.0496003	0.0498013	0.0498292	0.0494829	0.0490635	0.0491398	0.0498106	0.0505417	0.0508075	0.0505911	0.0502354	0.0500474	0.0500042	0.0497458	0.0490352	0.0481729	0.0476954	0.0478055	0.0482459	0.0486107	0.0487927	0.0490554	0.0495835	0.050116	0.0501503	0.0495858	0.0490218	0.04908	0.0496254	0.0500401	0.0500294	0.0497777	0.0494855	0.0491656	0.0488707	0.048772	0.0489457	0.0492702	0.049533	0.0495041	0.049082	0.0485073	0.0481941	0.0483303	0.0487452	0.0489945	0.0485897	0.04732	0.0452577	0.0423405	0.0381275	0.0321593	0.0245812	0.0164384	0.0093025	0.00434921	0.0016722	
0.00135837	0.00364878	0.0079041	0.0141125	0.0214781	0.0289476	0.0356679	0.0410184	0.0447469	0.0471362	0.0486314	0.0494089	0.0496047	0.0496013	0.0497276	0.0499612	0.050147	0.0502418	0.0502089	0.0499658	0.0495353	0.0490718	0.0487567	0.0487153	0.048958	0.0493636	0.0497553	0.0500123	0.0500796	0.0499161	0.0495385	0.0490901	0.0487752	0.0486337	0.0484921	0.0483309	0.0483874	0.0487329	0.049171	0.0494824	0.0494657	0.0490676	0.0486162	0.0485658	0.0490052	0.0496221	0.0501018	0.0504216	0.0506637	0.0506571	0.0500368	0.0487491	0.0473731	0.0467058	0.0469865	0.0477496	0.0484408	0.0488501	0.048973	0.0488403	0.0485351	0.0481391	0.0476784	0.0473185	0.0474387	0.0481999	0.0492155	0.0499059	0.0500279	0.0497542	0.049458	0.0494432	0.0496531	0.0496784	0.0492786	0.048822	0.0488762	0.0494301	0.0499274	0.0500017	0.0497863	0.0496142	0.0496988	0.0499258	0.0498498	0.0492048	0.0483567	0.0478912	0.0479249	0.0480991	0.0481337	0.0481695	0.0484716	0.0490002	0.0494556	0.0495596	0.0493151	0.0490962	0.0492396	0.0495662	0.0496368	0.0493765	0.0491013	0.0489912	0.0489011	0.04876	0.0487879	0.0491309	0.0496019	0.0499021	0.0497955	0.0491925	0.0483406	0.0476815	0.047458	0.0476243	0.0478973	0.0477762	0.0467928	0.0447536	0.041558	0.0369355	0.0306225	0.02289	0.0148697	0.00812816	0.00366793	0.0013713	
0.00120938	0.00326357	0.00720912	0.0132148	0.0206435	0.0283904	0.0353701	0.0407977	0.0444785	0.0468263	0.048283	0.0489465	0.0489722	0.0488633	0.0490645	0.0495569	0.0500238	0.0502149	0.0500487	0.0496098	0.0491297	0.0487992	0.0486438	0.0486259	0.0487563	0.0490899	0.0496251	0.0501862	0.0504935	0.0504323	0.0501564	0.0498752	0.0496583	0.0494096	0.0489918	0.048515	0.0483023	0.0484535	0.0487984	0.0491467	0.0492578	0.048962	0.0485177	0.0484214	0.0488134	0.0493778	0.0498011	0.0500897	0.0503439	0.0503947	0.0498811	0.0487607	0.047583	0.0469843	0.0470098	0.0472629	0.047559	0.0479797	0.0484689	0.0488116	0.0488714	0.0486267	0.0481586	0.0477463	0.0477827	0.0484088	0.0493135	0.0499978	0.0501662	0.0498865	0.0495296	0.0494786	0.0497216	0.0498373	0.0495499	0.0491384	0.0490384	0.0492102	0.0492697	0.0490983	0.0489233	0.0489688	0.0493021	0.0497525	0.0498799	0.0494231	0.0487369	0.0483722	0.0483634	0.048296	0.048004	0.0478172	0.0480081	0.0484282	0.0488381	0.0491429	0.0493117	0.0494068	0.0495162	0.0495396	0.0493098	0.0489379	0.048757	0.0488724	0.0490324	0.0490974	0.0493278	0.0499091	0.050553	0.0508291	0.0504992	0.0495629	0.0483419	0.0473131	0.0467382	0.046639	0.0468621	0.046933	0.0461817	0.0441414	0.0406266	0.0355356	0.0288667	0.0210703	0.0133154	0.00705903	0.00309327	0.00113422	
0.00105644	0.00287427	0.00651856	0.0123216	0.0197339	0.0275526	0.0345795	0.0400575	0.0438511	0.0463249	0.0478295	0.0484715	0.0485004	0.0484742	0.0488262	0.0494942	0.0500822	0.0502669	0.0499809	0.0494245	0.0489555	0.0487521	0.0486835	0.0486067	0.0485998	0.0488799	0.0495459	0.0503454	0.0508188	0.0508041	0.0506079	0.0505511	0.0505574	0.050301	0.0496376	0.0488406	0.0483316	0.0482294	0.048386	0.0486437	0.0488025	0.0487041	0.0485333	0.0486538	0.0490952	0.0495243	0.0497268	0.0498359	0.0500023	0.0500639	0.049705	0.0489206	0.0481382	0.0476949	0.0474449	0.0471784	0.0470882	0.0474395	0.0481071	0.0487457	0.0490992	0.0490419	0.0486545	0.048276	0.048249	0.0486355	0.0492546	0.0498431	0.0501351	0.050031	0.0497599	0.0496767	0.0498625	0.05005	0.0499797	0.049704	0.0494261	0.0491683	0.0488408	0.0485345	0.048441	0.0486227	0.0490561	0.049611	0.0499238	0.0497262	0.0492804	0.0490529	0.0490434	0.0488492	0.0483742	0.0480187	0.0480585	0.048351	0.0487489	0.0492329	0.0496565	0.0498301	0.0497278	0.0494125	0.0489783	0.0486403	0.0486496	0.0489917	0.049339	0.0495192	0.0498315	0.0505265	0.0512724	0.0515096	0.0509692	0.0497562	0.0482926	0.0470782	0.0463594	0.0461636	0.0463768	0.0465223	0.0458118	0.0436094	0.0396759	0.0340551	0.0270095	0.0191972	0.0117988	0.00608722	0.00261312	0.000957086	
0.00088632	0.00247206	0.00581853	0.011381	0.0186421	0.0263022	0.0331781	0.0387022	0.0427911	0.0456004	0.0472951	0.0480257	0.0481918	0.0484007	0.0490006	0.0498159	0.0504023	0.0504778	0.0500678	0.0494659	0.0490705	0.0489948	0.0489888	0.048862	0.04873	0.0488615	0.0494058	0.0501524	0.0506431	0.0507052	0.0506807	0.0509079	0.0511871	0.051035	0.0503227	0.0494206	0.0487491	0.0483987	0.0482584	0.0482536	0.0483144	0.048384	0.0485697	0.0490144	0.0495833	0.0499454	0.0499899	0.0499187	0.0498954	0.0498188	0.049509	0.0490293	0.0486537	0.0484292	0.0480904	0.0475881	0.0473	0.0475251	0.0481301	0.0487858	0.0492075	0.0492183	0.0489257	0.0486959	0.0487423	0.0489632	0.0492647	0.0496641	0.0500281	0.0501363	0.0499974	0.0498305	0.049821	0.0499686	0.0500894	0.0499899	0.049647	0.0491844	0.0487644	0.0485306	0.0485084	0.0486241	0.0489047	0.0493911	0.0498308	0.0498856	0.0496542	0.04953	0.0495594	0.0494062	0.0489788	0.0486136	0.04855	0.0487078	0.0490348	0.0495308	0.0499656	0.050049	0.0497561	0.0492739	0.0488284	0.0486295	0.0487914	0.0491968	0.0495351	0.0496722	0.0499121	0.0505343	0.0512367	0.0514319	0.0508362	0.0496036	0.0481852	0.0470352	0.0463464	0.0461457	0.0463551	0.0465086	0.0457448	0.0432981	0.0388789	0.0326683	0.0252069	0.0173819	0.0103707	0.00521845	0.00221616	0.000829706	
0.000703825	0.00204965	0.0050481	0.0102487	0.0172125	0.0246224	0.0313259	0.0369238	0.0414052	0.0447476	0.0468839	0.0478908	0.048232	0.048578	0.0492605	0.0500542	0.0505244	0.0504786	0.0500475	0.0495673	0.0493829	0.0494963	0.0495755	0.0494189	0.0491392	0.0489719	0.0490975	0.0494741	0.0498259	0.050008	0.0502509	0.0507626	0.0512773	0.0513321	0.0508318	0.0500826	0.0494013	0.0488744	0.0484589	0.0481662	0.0480653	0.0482057	0.0486135	0.0492415	0.0498811	0.0502736	0.0503395	0.0501955	0.0499718	0.0496897	0.0493319	0.0490278	0.0489765	0.049076	0.0489644	0.048551	0.0481648	0.0481297	0.0484662	0.0489586	0.0492857	0.0492376	0.0489846	0.0489011	0.0490635	0.0492271	0.0493125	0.0494987	0.0498062	0.0500081	0.0499382	0.0496647	0.049451	0.0495205	0.0497569	0.0498153	0.0495621	0.0491916	0.0489389	0.0488518	0.0487959	0.0486689	0.0486413	0.0489583	0.0494568	0.0496844	0.0495623	0.0494554	0.0495358	0.0495819	0.0494487	0.0492741	0.0491788	0.0491574	0.0492827	0.049604	0.0499019	0.049915	0.0496502	0.0493082	0.0490932	0.0491036	0.0492879	0.0495004	0.0495975	0.0495798	0.0496954	0.0501413	0.0506729	0.0508163	0.0503319	0.0493464	0.0482227	0.0472833	0.0466351	0.0463363	0.0464175	0.0464928	0.04566	0.0430121	0.0381789	0.0314525	0.0236229	0.0157881	0.0091311	0.00448421	0.00189339	0.000730465	
0.000530135	0.00161816	0.00417928	0.00884914	0.0153814	0.0225747	0.0292537	0.0350206	0.0399265	0.0439114	0.0467185	0.0482114	0.0487488	0.0490228	0.0494561	0.0499379	0.050152	0.0500092	0.0496926	0.0494902	0.049607	0.0499135	0.0500352	0.0498049	0.049365	0.0489056	0.0485848	0.04852	0.0486827	0.0489987	0.0495182	0.050231	0.0508715	0.0511471	0.0509826	0.0504853	0.0498516	0.0492463	0.0487126	0.0482861	0.0480886	0.0482129	0.0486222	0.0491863	0.049753	0.0501865	0.0503529	0.0501822	0.049791	0.0493583	0.04896	0.0487514	0.0489755	0.0495319	0.0499245	0.0498129	0.0493482	0.0489465	0.0489074	0.0491817	0.0494144	0.0493476	0.0491448	0.0491161	0.0492734	0.0493847	0.0493606	0.0493526	0.0494703	0.049597	0.0495268	0.049231	0.0489644	0.0489953	0.0492318	0.0493538	0.0492722	0.0491657	0.0491377	0.0490914	0.0488763	0.0484887	0.0482158	0.0483974	0.0489025	0.0492007	0.0490958	0.0489503	0.0490889	0.049433	0.0497468	0.0498732	0.0497557	0.0494878	0.0493284	0.0494287	0.0496158	0.0496601	0.0495635	0.0494921	0.0495875	0.0498118	0.0499599	0.0499011	0.0497034	0.0495253	0.0495362	0.0497957	0.050118	0.0502042	0.0498896	0.0492402	0.0484705	0.0477331	0.047058	0.046554	0.0463607	0.0461869	0.0451518	0.0422812	0.0371505	0.0301118	0.0220981	0.0143383	0.00802646	0.00383102	0.00159483	0.000621201	
0.00038938	0.00122077	0.00329426	0.00731722	0.0133121	0.0203109	0.0271094	0.0331659	0.0385086	0.0431055	0.0466056	0.0486649	0.04945	0.0495878	0.0495994	0.0495925	0.0494697	0.0492478	0.0490837	0.0491369	0.0494546	0.0498249	0.0498863	0.049545	0.0490246	0.0484869	0.0479808	0.0476597	0.0477046	0.0481461	0.0488716	0.0496547	0.050271	0.0506423	0.0507078	0.0503761	0.0497685	0.0491664	0.0486968	0.0483596	0.0482028	0.0482765	0.0485412	0.0489068	0.0493381	0.0497952	0.0500323	0.0497815	0.0491846	0.0485949	0.0481548	0.0480286	0.0485402	0.0496313	0.0506434	0.0509223	0.0504245	0.0496653	0.0492106	0.0492198	0.049415	0.0495053	0.049499	0.049517	0.0495733	0.0495959	0.0495019	0.0493056	0.0491514	0.0491081	0.0490421	0.0488555	0.0486716	0.0486315	0.04868	0.0487211	0.0488191	0.0490286	0.0491801	0.0490513	0.0486178	0.0480608	0.0477107	0.0478572	0.0483594	0.0486956	0.0486153	0.0484509	0.0486562	0.0492995	0.0500318	0.0503818	0.050143	0.0495691	0.0491648	0.0491987	0.0494714	0.0496492	0.0496537	0.0496636	0.0498646	0.0501941	0.0503653	0.0502193	0.0499005	0.049652	0.0496026	0.0497268	0.0498837	0.0498941	0.0496588	0.0492384	0.0487405	0.0481571	0.0474533	0.0467539	0.0461965	0.045525	0.043979	0.0406992	0.035307	0.0281671	0.0202293	0.0127494	0.00688995	0.00317097	0.00127828	0.000485346	
0.000289695	0.000897914	0.00250834	0.00586051	0.0112349	0.0179632	0.0248864	0.0312878	0.0370627	0.042155	0.0461968	0.0487587	0.0498523	0.0499693	0.0496448	0.0492023	0.0488193	0.0485999	0.0485657	0.0487014	0.0489871	0.0492631	0.0492387	0.048862	0.048406	0.0480129	0.0475885	0.0472149	0.0471934	0.0476612	0.0484311	0.0491614	0.0496646	0.0499885	0.0500883	0.0497919	0.0492074	0.048695	0.048443	0.0483879	0.0484041	0.0484349	0.0485075	0.0486637	0.0489739	0.0494424	0.0497286	0.049401	0.0485734	0.047727	0.0471325	0.0470179	0.0477569	0.0493051	0.0508595	0.0514989	0.0510284	0.0500205	0.0491858	0.0488676	0.0489939	0.0493303	0.0496731	0.0498724	0.0499129	0.0498776	0.049715	0.0493373	0.0489229	0.048721	0.0486925	0.048668	0.0485777	0.048386	0.0481263	0.0480221	0.0482945	0.0488061	0.0490953	0.0488559	0.0482293	0.0475937	0.0472895	0.0474831	0.0480042	0.0484048	0.0484036	0.0482414	0.0484619	0.0492919	0.0502905	0.0507103	0.0502467	0.0493465	0.0487768	0.0489202	0.0494765	0.0498721	0.0498674	0.0496936	0.0497108	0.0499936	0.0502579	0.0502236	0.0499432	0.0496908	0.0496398	0.0497578	0.0498892	0.0498301	0.0495109	0.0491067	0.048755	0.0483394	0.0477216	0.0469287	0.0459635	0.0445635	0.0421969	0.0382946	0.0326215	0.0255252	0.0178945	0.0109326	0.00569106	0.00251224	0.000966502	0.000346707	
0.000218488	0.00065344	0.00187241	0.00459434	0.00929157	0.0156133	0.02255	0.0292585	0.0354192	0.0408609	0.0452385	0.0481784	0.0496348	0.0499312	0.049508	0.0488446	0.0483983	0.048327	0.0484329	0.048526	0.0486411	0.0487839	0.0487461	0.0484421	0.0481204	0.0479226	0.0476686	0.0473259	0.0471905	0.0474723	0.0480609	0.0486726	0.0491132	0.0493686	0.0493798	0.0490408	0.0485209	0.0481998	0.0482659	0.0485714	0.0488038	0.0487992	0.0486777	0.0486336	0.0488125	0.0492503	0.0496072	0.0493555	0.0484524	0.047352	0.0464688	0.0461637	0.0468714	0.0485844	0.0504244	0.0512881	0.0509027	0.0498709	0.0488808	0.0482994	0.048263	0.0487247	0.0494095	0.0499394	0.0501473	0.0501199	0.0498717	0.0493448	0.0487553	0.0484417	0.0484335	0.0485333	0.0485298	0.0482419	0.0477676	0.0475664	0.0479513	0.04864	0.0490121	0.0487479	0.04808	0.0474775	0.0472731	0.0475279	0.0480373	0.0484443	0.048474	0.0482676	0.0484073	0.0492643	0.0503692	0.0507865	0.0501328	0.0489745	0.0482561	0.0484659	0.0492573	0.0498561	0.0498431	0.0494558	0.0492228	0.0494125	0.0497772	0.0498639	0.0495743	0.0492464	0.0492007	0.0494544	0.0497572	0.0497331	0.0492708	0.0487143	0.0483621	0.0480947	0.0476568	0.0468785	0.0455556	0.0434144	0.0401827	0.0356197	0.0296589	0.0226417	0.0154081	0.00908513	0.00454594	0.00192365	0.000704587	0.000236178	
0.000160984	0.000471971	0.00138442	0.00355	0.00755114	0.0133395	0.0201541	0.0271086	0.0336177	0.0392981	0.0438264	0.0469974	0.0488258	0.0494804	0.0492285	0.0486041	0.0482598	0.0483874	0.0486302	0.0487122	0.0487559	0.04888	0.0488942	0.0486499	0.0483715	0.0482649	0.0481588	0.0478844	0.0475985	0.0475401	0.0478002	0.04828	0.0487375	0.0489572	0.0488319	0.0484074	0.0479701	0.0478811	0.0482473	0.0488162	0.0491716	0.0491172	0.048849	0.0486691	0.0487587	0.0491651	0.0496249	0.0496156	0.0488917	0.0477171	0.0465436	0.0458614	0.0462121	0.0476978	0.0494686	0.0503683	0.0501393	0.0493893	0.048631	0.0480438	0.0478315	0.048188	0.0489885	0.0497936	0.0502293	0.0502527	0.0499523	0.0493709	0.0487101	0.0482943	0.0482337	0.0484128	0.048576	0.0484014	0.0479162	0.0476338	0.0479271	0.0485383	0.0489099	0.0487839	0.0483388	0.0479278	0.0478276	0.0480773	0.0484714	0.0487252	0.0486326	0.0483121	0.0483217	0.0490747	0.0501313	0.0505341	0.0498703	0.0486708	0.0478393	0.0479045	0.0486319	0.0492737	0.0493195	0.0489194	0.0486142	0.0487655	0.0491639	0.0492532	0.0488375	0.0483344	0.0482362	0.0486383	0.0492053	0.0493777	0.0489234	0.0482293	0.0477349	0.0474356	0.0470724	0.0463227	0.0447941	0.04218	0.0383651	0.0333109	0.0270732	0.0200529	0.0131383	0.00741118	0.00353792	0.00142938	0.00050073	0.000160001	
0.000116272	0.000345317	0.00103009	0.00272176	0.00603575	0.0111938	0.0177707	0.0249434	0.0318462	0.0377836	0.0424012	0.045704	0.0478541	0.0489321	0.0490399	0.0486585	0.0484655	0.0486652	0.0489287	0.0490544	0.0492079	0.0494632	0.0495556	0.0492858	0.0489092	0.0487744	0.0487865	0.0486229	0.0482352	0.0478717	0.0478236	0.0481578	0.0485887	0.0487338	0.0484531	0.0479285	0.0475478	0.0476303	0.0481535	0.0487684	0.0490783	0.0489635	0.0486774	0.0485539	0.0487362	0.0492056	0.0497636	0.0499968	0.049561	0.0484996	0.0471864	0.0461725	0.046088	0.047139	0.0485814	0.0493658	0.0493305	0.049051	0.0488085	0.0485008	0.0482291	0.0483169	0.0488701	0.0495943	0.0500762	0.0501782	0.0499878	0.0495344	0.0489006	0.048358	0.0481637	0.0483892	0.0488032	0.0489274	0.0485789	0.0481675	0.0481363	0.0484298	0.0487223	0.0488431	0.0487997	0.0486745	0.0486365	0.0487881	0.0489967	0.0490248	0.0487341	0.0482712	0.0481277	0.0486644	0.0495257	0.0499154	0.049471	0.0485464	0.0477638	0.0475742	0.0479723	0.0484733	0.0486064	0.0483796	0.0481741	0.0482921	0.0485834	0.0485683	0.0480599	0.0474626	0.0473007	0.0477354	0.0484786	0.0489327	0.0487004	0.0479893	0.0472459	0.0466628	0.0461504	0.0453707	0.0438009	0.0410398	0.0369619	0.0315765	0.0250351	0.0178913	0.0111784	0.00595567	0.00267081	0.00101487	0.000339146	0.000106963	
8.79028e-005	0.000264336	0.000779672	0.0020687	0.00472245	0.00918618	0.0154137	0.0227521	0.0301051	0.036414	0.0412095	0.0446613	0.0470917	0.0485637	0.0490853	0.0490376	0.0489804	0.049098	0.0492244	0.0493453	0.0496391	0.0500616	0.0502508	0.0499535	0.0494479	0.0492346	0.0493225	0.0492673	0.0488517	0.04833	0.0480955	0.0482715	0.0485663	0.0485653	0.0481436	0.0475565	0.0472282	0.0474111	0.0479462	0.0484209	0.0485559	0.0484014	0.0482581	0.0483909	0.048812	0.0493873	0.0499657	0.050297	0.050064	0.0491744	0.0479168	0.0468487	0.0465836	0.0473092	0.0483943	0.0490077	0.04911	0.0492198	0.0494607	0.0495269	0.0493312	0.0491338	0.0491652	0.0493962	0.0496518	0.0498522	0.0499629	0.0498021	0.0492543	0.0485624	0.0481715	0.0483624	0.0489631	0.0493937	0.049259	0.0487835	0.048426	0.0483631	0.0485359	0.0488572	0.0491711	0.0492997	0.0492762	0.0492742	0.049307	0.0492036	0.048813	0.0482298	0.047869	0.0480894	0.0487001	0.0491296	0.049068	0.0486408	0.048116	0.0477906	0.04786	0.048158	0.0483369	0.0482914	0.0481917	0.0481989	0.0482378	0.0480623	0.0475987	0.0471156	0.0469684	0.0473383	0.048107	0.0487756	0.0487949	0.0480945	0.047054	0.046081	0.0453241	0.0445061	0.0429963	0.0402173	0.0359188	0.0301374	0.0232067	0.0159126	0.00941789	0.00469437	0.00194924	0.000683987	0.000216167	6.95388e-005	
7.11267e-005	0.000207367	0.00058482	0.00152679	0.00356875	0.00731208	0.0130567	0.0203922	0.028117	0.0348514	0.0399366	0.0436119	0.0463272	0.0481614	0.0490736	0.0493555	0.049435	0.0494691	0.0494461	0.0495066	0.0498311	0.0503256	0.0506168	0.0503902	0.0498453	0.0495417	0.0496087	0.0496001	0.0492221	0.0486985	0.0484101	0.0484612	0.0485894	0.0484417	0.0479418	0.0473761	0.0471565	0.0474502	0.0479715	0.0482641	0.0481926	0.0480142	0.0480604	0.0484354	0.0489828	0.0495269	0.0500147	0.050336	0.0502145	0.0495068	0.0484787	0.047663	0.0475343	0.0481422	0.0489514	0.0493783	0.0494862	0.0497344	0.0501894	0.0504729	0.0503526	0.0499532	0.0495027	0.0491846	0.0491476	0.0494487	0.0498849	0.0500054	0.0495279	0.0486975	0.0480979	0.0481465	0.0487336	0.0493025	0.0493983	0.0490762	0.0486692	0.048421	0.0484562	0.048803	0.0492867	0.049604	0.0496316	0.0495125	0.0494044	0.0492725	0.0489239	0.0482874	0.0476827	0.0475596	0.0479472	0.048452	0.0487636	0.0488366	0.0487009	0.0484937	0.0484541	0.0486079	0.0487515	0.0487687	0.0486976	0.0485587	0.0483098	0.0479543	0.0475866	0.0473235	0.0472723	0.0475745	0.0482554	0.0489437	0.0490449	0.048315	0.0470645	0.0458196	0.0448804	0.0440184	0.0425083	0.0395745	0.0348423	0.0284772	0.0211319	0.0138403	0.00775629	0.00362357	0.00139445	0.000451466	0.00013613	4.64507e-005	
5.89171e-005	0.000157908	0.000416383	0.00106513	0.00256904	0.00560325	0.0107228	0.0177865	0.0256434	0.0327124	0.0381118	0.042051	0.0450669	0.0472604	0.0485362	0.0491167	0.0493724	0.0494599	0.0494323	0.0494648	0.0497179	0.0501534	0.0505179	0.0504648	0.0500064	0.0496266	0.0495814	0.0495684	0.0492949	0.0488795	0.0486079	0.0485655	0.0485567	0.0483265	0.0478542	0.0474277	0.0474096	0.0478752	0.0484416	0.0486191	0.0483727	0.0481243	0.0482275	0.0486293	0.0490611	0.0494141	0.0497762	0.0501076	0.0501137	0.0496339	0.048951	0.0485331	0.0486495	0.0491949	0.0497339	0.0499176	0.0499023	0.0500855	0.0504816	0.0507055	0.0505176	0.050024	0.0494256	0.0489348	0.0488267	0.049222	0.0498118	0.0500237	0.0495489	0.048648	0.0479256	0.0478108	0.0482284	0.0487413	0.0490006	0.0489812	0.0487986	0.0485591	0.0484264	0.0485812	0.0490224	0.0495028	0.0497397	0.0496809	0.0495042	0.0493453	0.0490625	0.0484433	0.0476771	0.0472628	0.0474084	0.0478704	0.0483655	0.0487903	0.049072	0.0491908	0.0492705	0.0493844	0.0494625	0.0494564	0.0493727	0.0491475	0.0487222	0.0482416	0.0479388	0.0478645	0.0479447	0.048208	0.048693	0.0491652	0.0491752	0.048462	0.0472082	0.0458686	0.0447575	0.0436787	0.0418838	0.0385045	0.0331419	0.0261684	0.0185816	0.011586	0.00616729	0.00273002	0.00099223	0.000305039	9.17935e-005	3.44839e-005	
5.13057e-005	0.00012009	0.000286584	0.000709833	0.00177227	0.00414213	0.00852588	0.0150431	0.022727	0.0299516	0.0356419	0.039886	0.0432282	0.0457849	0.0474155	0.0482892	0.0487624	0.0489969	0.0490568	0.0491035	0.0492682	0.049589	0.0499791	0.0501205	0.0498433	0.049482	0.0493737	0.0493963	0.0492749	0.0489712	0.0486596	0.0484629	0.0483059	0.0480529	0.0477276	0.0475591	0.0477922	0.0484068	0.0489962	0.049094	0.0487139	0.0483502	0.0483797	0.048688	0.0489714	0.0491863	0.0495106	0.0499246	0.0500921	0.0498362	0.0494536	0.0493428	0.0496003	0.0500115	0.050235	0.0501274	0.0499424	0.0499967	0.0502003	0.0501877	0.0498376	0.049358	0.04894	0.0486922	0.0487988	0.0493187	0.0498952	0.0500008	0.0494437	0.0485277	0.0477924	0.047581	0.0478156	0.0481888	0.0484976	0.0487031	0.0487517	0.0485719	0.0482636	0.0481149	0.0483795	0.0490055	0.0496038	0.0498237	0.0497023	0.0494878	0.0491904	0.0485979	0.0477768	0.0471441	0.0469747	0.0471881	0.0476263	0.0482246	0.0488569	0.0493371	0.0496228	0.0497939	0.0498849	0.0498809	0.049778	0.0495326	0.049115	0.0486876	0.0485025	0.0486088	0.0488467	0.0490792	0.0492661	0.0493547	0.0491882	0.0485577	0.0474205	0.0460094	0.04458	0.0429806	0.040537	0.0364626	0.0304656	0.0231113	0.0156195	0.0092284	0.00466297	0.00197141	0.000691465	0.000210708	6.73582e-005	2.81919e-005	
5.16045e-005	0.000102835	0.000211455	0.000482566	0.00120777	0.00298189	0.00656655	0.0123115	0.0195346	0.0267388	0.0327415	0.0374204	0.0411844	0.0441378	0.0461517	0.0473576	0.0480466	0.0483484	0.0483869	0.0484098	0.0485501	0.0488284	0.0492255	0.0495002	0.0494353	0.0492445	0.0492459	0.049402	0.049428	0.049146	0.0486733	0.0482423	0.04793	0.0477067	0.0476029	0.0477128	0.0480941	0.0486571	0.0490902	0.0490537	0.048599	0.0482042	0.0482441	0.0486046	0.0489571	0.0492295	0.0496055	0.0500928	0.0503579	0.0502069	0.0499337	0.0499155	0.0501634	0.0503914	0.0503274	0.0499929	0.0497008	0.0496525	0.0496633	0.0494528	0.0490467	0.0486949	0.0485364	0.0486086	0.0490209	0.0497338	0.0503107	0.0502625	0.0495333	0.0485187	0.0477376	0.0474497	0.0475408	0.0477788	0.0480532	0.0483164	0.0484369	0.0482725	0.0478755	0.0475392	0.0476505	0.0483468	0.0492417	0.0497656	0.049771	0.0495202	0.0491605	0.0485773	0.0477756	0.0470251	0.0465669	0.0464546	0.0467011	0.0473278	0.0481755	0.0489115	0.0493541	0.0495973	0.0497475	0.0497573	0.0495938	0.0493362	0.0490843	0.0489423	0.0490393	0.049405	0.0498452	0.0500727	0.0499683	0.0496499	0.0492372	0.0485932	0.0474705	0.0458615	0.0439405	0.0416078	0.0383176	0.0334736	0.0269821	0.0195626	0.0125039	0.00693957	0.00329961	0.00132883	0.000455454	0.000143367	5.16317e-005	2.40924e-005	
5.68359e-005	9.92826e-005	0.00017436	0.000349291	0.000828818	0.00209293	0.00487138	0.00968667	0.0162047	0.023224	0.0295736	0.0348648	0.0392256	0.0426896	0.045177	0.0467775	0.0476452	0.0478636	0.0477206	0.0476739	0.0478767	0.0482171	0.0486183	0.0489372	0.0490449	0.0490987	0.0493232	0.0496566	0.049777	0.0494365	0.0487862	0.0481993	0.0478521	0.0477323	0.0478246	0.0480764	0.048377	0.0486318	0.0487167	0.0484893	0.0480435	0.0477792	0.0480097	0.0486097	0.0492048	0.0496297	0.0500206	0.0504327	0.0506177	0.0504171	0.0501191	0.0500853	0.0502689	0.0503394	0.05011	0.0497338	0.0494947	0.0494318	0.0493209	0.0490494	0.0487727	0.048646	0.0486555	0.0488405	0.0493929	0.0502615	0.0509122	0.0507886	0.049853	0.0485893	0.0476038	0.0471602	0.0471008	0.0472203	0.0474715	0.0477763	0.0479237	0.047779	0.0474519	0.0471876	0.0472719	0.0478798	0.0487518	0.0493462	0.04944	0.049225	0.0488546	0.0482884	0.0475499	0.046816	0.0462548	0.0459682	0.0460834	0.0467004	0.0476585	0.0485353	0.0490342	0.049228	0.0492734	0.049131	0.048795	0.048507	0.0484989	0.048766	0.0492452	0.0499103	0.0505564	0.0508356	0.0505974	0.0500117	0.0493084	0.0484447	0.047136	0.0452169	0.042751	0.0396668	0.0355501	0.030008	0.0231813	0.0159452	0.0095588	0.00493084	0.0021796	0.000829846	0.000280813	9.54108e-005	4.04643e-005	2.09886e-005	
5.72656e-005	9.20201e-005	0.000144014	0.000255761	0.000562245	0.00142005	0.003461	0.00729459	0.012929	0.0195678	0.0261777	0.0321389	0.0372444	0.0413769	0.0444469	0.0464834	0.0475337	0.0476974	0.047448	0.0474085	0.0476991	0.0480604	0.0483789	0.048641	0.0488289	0.0490622	0.0494725	0.0499358	0.0500836	0.0496871	0.0490093	0.0485096	0.0483282	0.0483633	0.0485385	0.0487369	0.04879	0.0486542	0.0483799	0.0479926	0.0476069	0.0475051	0.0478983	0.0486576	0.049416	0.0499409	0.0502679	0.0504378	0.0503374	0.0499758	0.049682	0.0497194	0.0499065	0.0498981	0.0496567	0.0494517	0.0494672	0.0495414	0.0494106	0.0491367	0.0490226	0.0491243	0.04922	0.0493172	0.0497461	0.0505627	0.0512364	0.0511318	0.0501025	0.0486124	0.0473594	0.0466789	0.0464195	0.0464271	0.0467302	0.0471893	0.0474432	0.0473675	0.0472259	0.0472289	0.0473878	0.0477525	0.0482721	0.0486757	0.048808	0.0487247	0.0484184	0.047843	0.0471263	0.0464853	0.0460415	0.0458593	0.0460676	0.046774	0.0478214	0.0487652	0.0492345	0.0492374	0.0489534	0.0484415	0.0478326	0.0475058	0.0477149	0.0483107	0.0490701	0.049905	0.0506226	0.0509428	0.0507597	0.0501523	0.049244	0.0480641	0.0464576	0.0442141	0.0412555	0.037484	0.0326076	0.0264503	0.0194238	0.012566	0.0070163	0.00334851	0.00137313	0.000496648	0.000169853	6.48895e-005	3.25501e-005	1.85603e-005	
4.75283e-005	7.3727e-005	0.000109332	0.000180046	0.000370263	0.000928182	0.00235526	0.00525804	0.00991187	0.0159474	0.0225787	0.0290764	0.0349461	0.0398405	0.0435401	0.0460156	0.0473461	0.0477239	0.0476759	0.0477859	0.0480863	0.0482867	0.0483806	0.0485187	0.048728	0.0490429	0.0495132	0.0499728	0.050067	0.0496905	0.0492141	0.0490247	0.0490929	0.04922	0.0493363	0.0493682	0.0491892	0.0488143	0.0483774	0.047958	0.0476227	0.0475296	0.0478173	0.0484196	0.0490915	0.0496238	0.0499054	0.0498201	0.0493525	0.0488074	0.0486345	0.0489072	0.0492192	0.0492419	0.0491236	0.0492159	0.0495832	0.0498883	0.0498079	0.049507	0.0494315	0.0496286	0.049721	0.049635	0.0497916	0.0503998	0.0510348	0.0510466	0.0501492	0.0486667	0.0472744	0.0463719	0.0458976	0.0458016	0.0461631	0.0467593	0.0470976	0.0470729	0.0471003	0.0473695	0.0476133	0.0477131	0.04781	0.0479616	0.0481401	0.0482406	0.0480144	0.0473689	0.0465974	0.0460663	0.0458925	0.046044	0.0465462	0.0474295	0.0485214	0.0494199	0.0497801	0.0495835	0.0490005	0.0481706	0.04736	0.047022	0.0473474	0.0480634	0.0488619	0.0496035	0.0501336	0.0503562	0.0502864	0.0498375	0.0488744	0.0474263	0.0455276	0.0430048	0.039621	0.0351897	0.0295581	0.0228573	0.0158116	0.00954935	0.00495768	0.00220815	0.000859976	0.000307646	0.000111406	4.83043e-005	2.74438e-005	1.694e-005	
3.3177e-005	5.28077e-005	7.98721e-005	0.000127229	0.000242122	0.000585261	0.00152433	0.0035972	0.00724314	0.0124762	0.0188377	0.0256366	0.0321687	0.037802	0.0421018	0.0450011	0.046713	0.0475333	0.0478827	0.0481604	0.0483675	0.0483424	0.0482497	0.04835	0.0486355	0.0490014	0.0493981	0.0496791	0.0496514	0.0494132	0.0493234	0.0495009	0.0496964	0.0497273	0.0496626	0.0495415	0.0492842	0.0489152	0.0485643	0.0482558	0.0479328	0.0476508	0.0475685	0.0477653	0.0481794	0.0486743	0.0489921	0.0487874	0.0480724	0.0474522	0.0475077	0.0480949	0.0486009	0.0487545	0.0488401	0.0491995	0.0497877	0.0502046	0.0501419	0.0498142	0.0497096	0.0498561	0.0498041	0.0494618	0.0493425	0.0497864	0.050448	0.0506689	0.0500638	0.0488059	0.04747	0.0464883	0.0459262	0.0458062	0.0461574	0.0466972	0.0469501	0.0468672	0.0469147	0.0472674	0.0475363	0.0474943	0.0473416	0.0473244	0.0475257	0.0477462	0.0475743	0.0468993	0.046156	0.0458324	0.0460123	0.046529	0.0472801	0.0482271	0.0491989	0.0498687	0.0500106	0.0496897	0.0490775	0.0482732	0.047528	0.0472852	0.0476759	0.0483579	0.0489787	0.049381	0.0495105	0.0494891	0.0494296	0.0490726	0.0480405	0.0463376	0.0441587	0.0413851	0.0376189	0.0325542	0.0262311	0.0191857	0.01242	0.0069816	0.00338712	0.0014404	0.000561674	0.000214701	8.6611e-005	4.12857e-005	2.49911e-005	1.62945e-005	
2.22791e-005	3.82233e-005	6.14968e-005	9.60732e-005	0.000163097	0.00035628	0.000922923	0.00229558	0.00497548	0.00927247	0.0150883	0.0218985	0.0288841	0.0351418	0.0400055	0.0433373	0.0454327	0.04665	0.0472936	0.0476338	0.0477707	0.0477429	0.0477751	0.0480719	0.0485409	0.0489596	0.0492012	0.0492214	0.0490959	0.0490972	0.0494283	0.0498657	0.0499963	0.0497711	0.04949	0.0493144	0.0491431	0.0489269	0.0487497	0.0485725	0.0482115	0.0476475	0.0471432	0.0469814	0.0472253	0.047721	0.0480936	0.0478838	0.0471435	0.0466362	0.0469443	0.0477525	0.0483963	0.0486982	0.0489513	0.0493889	0.0499069	0.0501912	0.050079	0.0498282	0.0498196	0.049936	0.0496793	0.0490336	0.0486482	0.0489742	0.0496949	0.0501134	0.0497851	0.0488062	0.0476795	0.0468511	0.0464627	0.0465033	0.0468557	0.047221	0.0472672	0.0470152	0.0468991	0.0471258	0.0473726	0.0473539	0.0471481	0.0470044	0.0471015	0.0472849	0.0471515	0.0466248	0.0461663	0.0462178	0.0467337	0.0474127	0.0481049	0.0488205	0.0494577	0.0497554	0.0496089	0.0492276	0.0488091	0.0483289	0.0478987	0.0478957	0.0484177	0.049066	0.0494267	0.0493901	0.0491026	0.048833	0.0486176	0.0480449	0.0466945	0.0446256	0.0421082	0.0390314	0.0348802	0.0292848	0.0225206	0.0155111	0.00938479	0.00492873	0.00226328	0.000949522	0.000394141	0.000171116	7.78307e-005	3.95656e-005	2.46796e-005	1.65172e-005	
1.66371e-005	2.9552e-005	4.85884e-005	7.41979e-005	0.000113679	0.000214792	0.0005266	0.00136282	0.0031972	0.00651083	0.0115247	0.0179738	0.025078	0.0317854	0.0372214	0.041068	0.043543	0.0450232	0.0458117	0.0461988	0.0464519	0.0467546	0.047232	0.0478971	0.0485741	0.0490069	0.0490692	0.0488715	0.0487259	0.0489603	0.0495795	0.050122	0.0501174	0.049663	0.0492528	0.0491208	0.0490876	0.0489927	0.0488827	0.0487213	0.048278	0.0475037	0.0467872	0.0465854	0.0469316	0.0474802	0.047791	0.0475422	0.046926	0.0466581	0.0471239	0.0479319	0.0485655	0.0489398	0.0492246	0.0495177	0.0497446	0.0497698	0.0496325	0.04962	0.0499082	0.0501443	0.0497721	0.0488644	0.0481807	0.048274	0.0489034	0.0493821	0.0492342	0.0485241	0.0477156	0.0472306	0.0472078	0.0475596	0.0480353	0.0483298	0.0482263	0.0477826	0.0474092	0.0474225	0.047654	0.0477435	0.0475461	0.0472356	0.0470931	0.0471167	0.0470449	0.0468499	0.046879	0.0473659	0.0480888	0.0486725	0.0490107	0.0492421	0.0493918	0.0492841	0.0489097	0.0485559	0.0483793	0.048222	0.0480954	0.0483524	0.049082	0.0498028	0.0499853	0.049593	0.0490238	0.0485875	0.0480717	0.04696	0.0450229	0.0424687	0.0395157	0.0359828	0.0313615	0.0253773	0.0185388	0.0119892	0.00678341	0.00335395	0.00148779	0.000640142	0.000294716	0.000145802	7.31907e-005	3.95207e-005	2.5355e-005	1.7083e-005	
1.39216e-005	2.32182e-005	3.63356e-005	5.45757e-005	8.13904e-005	0.000137397	0.000300053	0.00077256	0.00194117	0.00432404	0.00834995	0.0140466	0.0208562	0.0277756	0.0337835	0.0382877	0.0412843	0.0431082	0.0441294	0.0447323	0.0453122	0.0461007	0.0470765	0.0480752	0.048874	0.049233	0.0490885	0.0487134	0.0485615	0.0489242	0.0496625	0.0502286	0.0501625	0.0496283	0.0491961	0.0491178	0.0491568	0.0490902	0.0489537	0.0487392	0.0482405	0.0474497	0.0468638	0.0469857	0.0476402	0.0481909	0.0482302	0.0477951	0.0472941	0.0472396	0.0476996	0.0482999	0.048791	0.0491591	0.049402	0.049509	0.0494691	0.0493007	0.0491959	0.0494464	0.0500367	0.050424	0.0500284	0.0489745	0.0480337	0.0478024	0.048175	0.0485865	0.0485824	0.0481777	0.0477477	0.0476265	0.0479211	0.0485345	0.0491883	0.0495747	0.049492	0.0489616	0.0483792	0.0482032	0.0484166	0.0485703	0.0483237	0.0478109	0.0474155	0.0472952	0.0473467	0.0475529	0.0480661	0.0488841	0.0496809	0.0500984	0.0500822	0.0498302	0.0494659	0.0489728	0.0484853	0.0482689	0.0482885	0.0482367	0.0481457	0.0484728	0.0493609	0.0502427	0.050427	0.0498779	0.0491592	0.0485643	0.0476585	0.0459066	0.0433305	0.0402579	0.036762	0.0325729	0.0273521	0.0211097	0.0145456	0.00878525	0.00463226	0.00216772	0.000953745	0.000440083	0.000228368	0.000124948	6.75884e-005	3.87817e-005	2.54698e-005	1.70482e-005	
1.25336e-005	1.8595e-005	2.62633e-005	3.87876e-005	5.98468e-005	9.62844e-005	0.000181356	0.000434071	0.00113361	0.00273397	0.00573575	0.0104135	0.0165453	0.0233627	0.0298204	0.0350711	0.0388221	0.0412688	0.0427911	0.0438288	0.0448226	0.0460082	0.0473105	0.0485074	0.0493476	0.0495829	0.0492182	0.0486729	0.0484754	0.048851	0.0495828	0.0501413	0.0501085	0.0496237	0.0492097	0.0491202	0.0491545	0.0491133	0.0490262	0.0488615	0.048425	0.0477944	0.0475543	0.0481312	0.0490622	0.0494718	0.0490884	0.0483527	0.0478565	0.0478714	0.0481817	0.0484852	0.0487935	0.0491552	0.049432	0.0495143	0.0493984	0.049167	0.0490761	0.0493968	0.0500166	0.0503623	0.0499349	0.0489006	0.0479342	0.0475455	0.0477196	0.0480757	0.0482485	0.0481802	0.0480802	0.0481668	0.0485511	0.049192	0.0498611	0.050311	0.0503603	0.049931	0.0493085	0.049015	0.0491684	0.0492967	0.0489592	0.0482906	0.0477528	0.0476105	0.0478489	0.0483976	0.0492123	0.050151	0.0509205	0.0512625	0.0511445	0.05068	0.0499595	0.0491426	0.0485883	0.0485259	0.0486561	0.048505	0.0481813	0.04833	0.0492086	0.0502111	0.050514	0.0499967	0.0492117	0.048408	0.0471044	0.044834	0.0417309	0.0381118	0.0339385	0.0289607	0.0231316	0.0168235	0.0108376	0.0060704	0.0029641	0.00131714	0.00059341	0.000306435	0.000178564	0.000105086	6.07779e-005	3.70644e-005	2.45622e-005	1.61008e-005	
1.21171e-005	1.6397e-005	2.08422e-005	2.92439e-005	4.50923e-005	6.96258e-005	0.00011523	0.000248156	0.000651094	0.00166555	0.0037552	0.00734054	0.0125299	0.018895	0.0255222	0.0314307	0.0360556	0.0393545	0.0415957	0.0431883	0.0445608	0.0459736	0.0474292	0.0487587	0.0496732	0.0498643	0.049375	0.0487304	0.0484787	0.0487597	0.0493314	0.0497914	0.0498408	0.0495342	0.0492116	0.0491029	0.0491403	0.0492138	0.0493232	0.0493519	0.049069	0.0486186	0.0486402	0.0494571	0.050416	0.0505748	0.0498212	0.0488365	0.0482661	0.0482011	0.0482868	0.0483255	0.0485166	0.048947	0.0493681	0.049549	0.0494564	0.0492173	0.0490939	0.0492857	0.0496541	0.0497555	0.0492924	0.0484824	0.0478168	0.0475964	0.0478075	0.0482402	0.0486447	0.0488715	0.0489332	0.0489812	0.0492051	0.0496141	0.0500119	0.0502858	0.0503879	0.0501627	0.0496777	0.0493726	0.0494657	0.0495752	0.0492522	0.048592	0.0480661	0.0480078	0.0484356	0.0491784	0.0500223	0.0507969	0.0513711	0.0516697	0.0516908	0.0513651	0.05059	0.049606	0.0489912	0.0489816	0.0491025	0.048783	0.0481847	0.0480645	0.0487573	0.0496891	0.0500429	0.0496348	0.0488674	0.047883	0.0462492	0.0435858	0.0399937	0.0357127	0.0307384	0.0250142	0.0188164	0.0127805	0.00764997	0.00396248	0.00179074	0.000762334	0.000362379	0.000212336	0.000136277	8.59927e-005	5.43253e-005	3.57065e-005	2.37784e-005	1.50949e-005	
1.21115e-005	1.60248e-005	1.96434e-005	2.56998e-005	3.61265e-005	5.0873e-005	7.63934e-005	0.000150475	0.000381252	0.00099251	0.00235295	0.00492516	0.0090597	0.014676	0.0211102	0.0274014	0.0327908	0.0369567	0.0399592	0.042118	0.0438408	0.0454406	0.0470405	0.0485439	0.0496208	0.0499033	0.0494501	0.0488341	0.0485608	0.0486563	0.0489028	0.0491502	0.0493187	0.0493555	0.0493048	0.0493044	0.0494342	0.0496785	0.0499898	0.0501889	0.0500268	0.0496535	0.0496703	0.0503221	0.0509916	0.0509047	0.0500456	0.0490445	0.048436	0.0482245	0.0480788	0.0479408	0.0481262	0.0487032	0.0492847	0.0495035	0.0493436	0.0490555	0.0488997	0.0489352	0.0489988	0.04886	0.0484725	0.0480624	0.0478717	0.0479785	0.0483779	0.0490098	0.0496926	0.0501409	0.0501824	0.0499895	0.0498985	0.0499464	0.0499163	0.0498254	0.0498085	0.0497063	0.0493918	0.0491509	0.0492539	0.0494808	0.0494182	0.0490188	0.0486501	0.0486878	0.0491958	0.0499283	0.05055	0.0509137	0.05111	0.0513012	0.0515266	0.0515053	0.0508966	0.0499428	0.0493377	0.0493144	0.0493581	0.0489318	0.0482156	0.0479052	0.0482891	0.0488858	0.049058	0.0486656	0.0479415	0.046855	0.044961	0.0419041	0.0377323	0.0326783	0.0269121	0.0206807	0.014532	0.00916564	0.00509002	0.00244948	0.00103616	0.000430151	0.000217832	0.000140907	9.76784e-005	6.76084e-005	4.83401e-005	3.49323e-005	2.37891e-005	1.47405e-005	
1.17901e-005	1.60732e-005	2.03505e-005	2.57184e-005	3.21964e-005	4.01838e-005	5.65932e-005	0.000104893	0.000240921	0.000589492	0.00140996	0.00313043	0.00622604	0.0108971	0.016786	0.0230887	0.0289655	0.0338458	0.0375508	0.0402865	0.0424525	0.0444005	0.0462891	0.048018	0.0492539	0.0496614	0.0493325	0.0488385	0.0485985	0.0485103	0.0484095	0.0484378	0.0487506	0.0492083	0.0495745	0.0498404	0.0501273	0.0504463	0.0507458	0.0509221	0.0507963	0.0504414	0.0502735	0.0504663	0.0506534	0.0504265	0.0497922	0.0490662	0.0485334	0.0481934	0.0478594	0.0476205	0.0478408	0.0485284	0.0491699	0.0493079	0.049005	0.0486629	0.0485118	0.0484412	0.0482891	0.0480701	0.0479252	0.0479608	0.0481437	0.0484462	0.048982	0.0498224	0.05076	0.0513366	0.0512596	0.0507938	0.0504187	0.0501704	0.0498021	0.0494135	0.0492471	0.0491522	0.0489108	0.0487194	0.0488867	0.0493459	0.0497147	0.0497478	0.0496234	0.0497047	0.0501188	0.0506452	0.0509282	0.0508571	0.0506993	0.0507922	0.0511399	0.0512796	0.0507962	0.0499901	0.0495357	0.0495671	0.0495846	0.0491682	0.0484979	0.048082	0.0480728	0.0481214	0.0478521	0.0472287	0.0463768	0.0451227	0.0429461	0.0394457	0.0346551	0.0289015	0.0225877	0.0162446	0.0105728	0.00615553	0.00317026	0.00142919	0.000576026	0.00023742	0.000126319	8.6787e-005	6.46748e-005	5.0511e-005	4.16759e-005	3.3444e-005	2.39292e-005	1.48933e-005	
1.12711e-005	1.6209e-005	2.14699e-005	2.66729e-005	3.068e-005	3.49171e-005	4.78634e-005	8.55609e-005	0.000170987	0.000358755	0.000810833	0.00187326	0.00402926	0.00765137	0.0126933	0.0186257	0.0246663	0.0300844	0.0344752	0.0378964	0.0407015	0.043215	0.045511	0.0474248	0.0487125	0.0492007	0.0490318	0.0487206	0.0485854	0.0484331	0.0481513	0.0480739	0.0484925	0.0492388	0.0499483	0.0504826	0.0508691	0.0510723	0.0511127	0.0510878	0.0509456	0.0506305	0.0502931	0.050031	0.0497803	0.0495386	0.049321	0.0490554	0.0487184	0.0483338	0.0479024	0.0476133	0.0478021	0.0484275	0.0489636	0.0489895	0.0486501	0.048368	0.0482521	0.0480853	0.0478163	0.0476885	0.0478692	0.0482186	0.0485015	0.048762	0.0493033	0.0502536	0.0513022	0.0518688	0.0516686	0.0510839	0.0506309	0.0502746	0.0497654	0.0492808	0.0490869	0.0489957	0.0487644	0.0485874	0.0488058	0.0494358	0.0501221	0.0504977	0.0505732	0.0506377	0.0508581	0.0511102	0.0511121	0.0508003	0.0505217	0.0506308	0.0509766	0.0509987	0.0504602	0.0498264	0.0496327	0.0498126	0.0498851	0.049557	0.0489821	0.0484546	0.0480101	0.0474557	0.0466276	0.0455345	0.0442416	0.0425478	0.039926	0.0359398	0.0306354	0.0244752	0.0180696	0.012105	0.00725833	0.00388322	0.00185568	0.000791269	0.000309437	0.000128251	7.06958e-005	5.09333e-005	4.14171e-005	3.71149e-005	3.51361e-005	3.11664e-005	2.37651e-005	1.52213e-005	
1.1106e-005	1.68529e-005	2.27167e-005	2.72014e-005	2.91765e-005	3.12242e-005	4.20586e-005	7.28931e-005	0.000129655	0.000227412	0.000455979	0.0010594	0.00243789	0.00501347	0.00899804	0.0142115	0.0200826	0.0258586	0.0309563	0.0352189	0.0388338	0.0419985	0.0446701	0.0466742	0.0479579	0.0485658	0.0486505	0.0485881	0.0486067	0.0485271	0.0482906	0.0482512	0.0486904	0.0494628	0.050242	0.0508524	0.0512137	0.051225	0.0509671	0.0506983	0.0504831	0.0501937	0.0497819	0.0492653	0.048761	0.0485484	0.0487042	0.0489139	0.048894	0.048649	0.0482951	0.0480325	0.0481197	0.0485123	0.0488069	0.0487467	0.0485173	0.0483882	0.0482957	0.048049	0.0477831	0.0478437	0.0482582	0.0486555	0.0487806	0.048866	0.049327	0.0502303	0.0511844	0.051639	0.0514218	0.0509629	0.0506632	0.0503554	0.0498204	0.0493409	0.0492015	0.0491718	0.0489908	0.0488489	0.0490755	0.0497	0.0504098	0.050845	0.0509477	0.0509417	0.0510083	0.0510864	0.0509568	0.0506012	0.0503735	0.050537	0.0507803	0.0505655	0.0499315	0.049477	0.0495304	0.0498297	0.049948	0.0497018	0.0491843	0.0485121	0.0476779	0.0466344	0.0453225	0.0436937	0.0417351	0.0392949	0.0359753	0.0314295	0.025776	0.0195994	0.0136229	0.00850374	0.00471198	0.00232901	0.00104381	0.000429702	0.000167892	7.1833e-005	4.17563e-005	3.24848e-005	2.95477e-005	2.9859e-005	3.09697e-005	2.92546e-005	2.33472e-005	1.53911e-005	
1.09993e-005	1.72626e-005	2.30169e-005	2.61746e-005	2.64118e-005	2.70562e-005	3.50781e-005	5.7476e-005	9.44142e-005	0.00014672	0.00025997	0.00058285	0.00139095	0.00305472	0.00593042	0.0101614	0.0154991	0.0213444	0.02704	0.0321752	0.036638	0.0404119	0.0433836	0.0454742	0.0468506	0.0477295	0.0482072	0.048449	0.0486122	0.0486541	0.0485916	0.0486687	0.0490584	0.0496527	0.0502456	0.0507428	0.0510588	0.0510255	0.050644	0.0501723	0.0497837	0.0494202	0.0489672	0.0483651	0.0477599	0.0475434	0.0478895	0.0484528	0.0488237	0.0489396	0.0489044	0.0488339	0.0488722	0.0489893	0.0489806	0.0488235	0.0487119	0.0486948	0.0485887	0.0483298	0.0481741	0.0483785	0.0487845	0.0489661	0.0488249	0.0487441	0.049071	0.0497464	0.05044	0.0507962	0.0507451	0.0506098	0.0505789	0.0503718	0.0498233	0.0493254	0.0492262	0.0493043	0.0492584	0.0492037	0.0494144	0.0499203	0.0504625	0.0507442	0.0507291	0.0506464	0.0506762	0.0507192	0.0505514	0.0501965	0.0499772	0.0500565	0.0501126	0.0497609	0.0491948	0.0489447	0.0491192	0.0493799	0.04943	0.0491932	0.0486918	0.0479081	0.0468176	0.0454588	0.0438056	0.0417208	0.0390724	0.0357294	0.0315071	0.0263258	0.0204897	0.0146673	0.00954077	0.00555687	0.00287307	0.00133545	0.000576534	0.000238273	9.82714e-005	4.64122e-005	3.02594e-005	2.63697e-005	2.63943e-005	2.79933e-005	2.92739e-005	2.76676e-005	2.23186e-005	1.50265e-005	
1.02394e-005	1.61591e-005	2.10495e-005	2.28968e-005	2.22049e-005	2.22215e-005	2.72477e-005	4.09335e-005	6.37065e-005	9.60102e-005	0.00016001	0.000332669	0.000774192	0.00175427	0.00364375	0.00678275	0.01125	0.0167379	0.0226681	0.0284504	0.0336632	0.0380317	0.0413644	0.043686	0.0453381	0.0466463	0.0476214	0.0481953	0.0484617	0.0485772	0.0486658	0.0488392	0.0491431	0.0494932	0.0498158	0.0501792	0.0505857	0.0507801	0.0505328	0.0499563	0.04933	0.0487814	0.0482407	0.0476092	0.0470012	0.0467853	0.0471729	0.0478983	0.0485654	0.0490759	0.0494999	0.0498358	0.0500169	0.049938	0.049609	0.0492946	0.0492112	0.0492162	0.0490712	0.048838	0.0487759	0.048961	0.0491354	0.0489934	0.0486311	0.0484481	0.0485965	0.0489215	0.0492856	0.0495933	0.0498025	0.0500265	0.0502518	0.0501576	0.0496282	0.0491082	0.0490129	0.0491805	0.0492808	0.0493261	0.0495285	0.0499345	0.0503359	0.0504951	0.0504253	0.0503738	0.0504625	0.0504918	0.0502437	0.0498111	0.0494529	0.0492489	0.0490333	0.0486789	0.0483714	0.0483562	0.0485174	0.0485631	0.0484054	0.0480901	0.0475738	0.0467246	0.0454842	0.0439102	0.041987	0.0395269	0.0362775	0.0320689	0.0269349	0.0211761	0.015369	0.0102019	0.00615206	0.00334122	0.00162904	0.000728055	0.000312981	0.000136277	6.38503e-005	3.62492e-005	2.75921e-005	2.6174e-005	2.69685e-005	2.80266e-005	2.79737e-005	2.54901e-005	2.04878e-005	1.41864e-005	
8.94745e-006	1.38701e-005	1.76668e-005	1.88157e-005	1.80939e-005	1.7993e-005	2.07742e-005	2.84404e-005	4.32759e-005	6.83493e-005	0.000113523	0.000210763	0.000439713	0.000969561	0.00209865	0.00421204	0.00760756	0.0122871	0.0178921	0.0238586	0.0296116	0.0346284	0.0385261	0.0413069	0.0434051	0.0452299	0.0467383	0.0476637	0.0480284	0.0481633	0.0483226	0.0485477	0.0487793	0.0489256	0.0490191	0.0493022	0.0499035	0.0505115	0.050644	0.0501836	0.0494362	0.048708	0.0480354	0.0473603	0.0468047	0.0466516	0.0470453	0.0477826	0.0485323	0.0492158	0.0499736	0.0507774	0.0512772	0.0511429	0.0505403	0.0500305	0.0498923	0.049858	0.0496496	0.0493898	0.049306	0.0493579	0.0492809	0.048896	0.048396	0.048128	0.0481002	0.0481241	0.0482216	0.0484829	0.0488703	0.0493309	0.0497319	0.0497755	0.0493702	0.0489047	0.0487756	0.0489054	0.0490297	0.0491255	0.0493448	0.0497264	0.050111	0.05033	0.0504155	0.0505374	0.0506873	0.0506106	0.0501898	0.0496105	0.0490432	0.0484936	0.0479936	0.0476833	0.0476856	0.0479003	0.0479832	0.047726	0.0472823	0.0468185	0.0462076	0.0452166	0.043779	0.0419541	0.0397089	0.0368359	0.0330368	0.0281402	0.0223688	0.0163574	0.0109	0.00660625	0.00365564	0.00185189	0.000863774	0.000381585	0.00016938	8.16054e-005	4.63716e-005	3.28342e-005	2.84272e-005	2.76506e-005	2.76922e-005	2.72573e-005	2.56784e-005	2.26405e-005	1.836e-005	1.32224e-005	
7.76546e-006	1.19198e-005	1.52323e-005	1.65389e-005	1.62838e-005	1.60307e-005	1.71254e-005	2.12911e-005	3.19401e-005	5.31062e-005	8.79498e-005	0.000144982	0.000257991	0.000520718	0.00113245	0.00241431	0.0047247	0.00827553	0.0129963	0.0185686	0.024494	0.0301014	0.0347414	0.0382114	0.0408882	0.043236	0.0452439	0.0465566	0.0471224	0.0473507	0.0476025	0.0479177	0.0481691	0.0482334	0.0481912	0.0483923	0.049091	0.0500375	0.0506413	0.0505665	0.0500011	0.0492834	0.0485236	0.0477647	0.0472206	0.0471302	0.0475348	0.0482344	0.0489232	0.0495223	0.0502975	0.0513361	0.0521158	0.0520616	0.0513582	0.0507285	0.0505152	0.0504184	0.0501278	0.0497666	0.049575	0.0495245	0.0493665	0.0489157	0.0483204	0.0479084	0.047728	0.0476234	0.0476194	0.0478364	0.0482647	0.0488082	0.0492966	0.0494792	0.0492748	0.0489396	0.0487576	0.048736	0.0487772	0.0489065	0.0491936	0.0495965	0.0499899	0.0503047	0.0505709	0.0508204	0.0509324	0.0507007	0.050146	0.0494999	0.0488477	0.0481319	0.0474769	0.0471761	0.0473389	0.0476649	0.0476464	0.0471156	0.0464003	0.0457373	0.0448922	0.0435612	0.0417363	0.0395013	0.0367636	0.0333047	0.028921	0.02359	0.0176944	0.0120007	0.00730066	0.00400818	0.00202715	0.00096917	0.000449145	0.000207891	0.000100515	5.54094e-005	3.84295e-005	3.26999e-005	3.07431e-005	2.9583e-005	2.7867e-005	2.53897e-005	2.2573e-005	1.96594e-005	1.63585e-005	1.21486e-005	
7.09742e-006	1.12796e-005	1.5068e-005	1.72328e-005	1.75931e-005	1.69682e-005	1.6437e-005	1.78312e-005	2.46019e-005	4.01809e-005	6.4604e-005	9.7082e-005	0.00014981	0.000270234	0.000573254	0.00127182	0.00265818	0.00501342	0.00851174	0.0131652	0.0187245	0.0245712	0.0298859	0.0341526	0.0374933	0.0403436	0.0428081	0.0445773	0.0455484	0.0461032	0.0466276	0.0471677	0.0475719	0.0477089	0.0476615	0.0477825	0.0483968	0.0494051	0.0503073	0.0506852	0.0505432	0.0500766	0.0493684	0.0485549	0.0479692	0.047855	0.0481855	0.0487728	0.0493484	0.0497931	0.0503821	0.0513178	0.0521325	0.0521963	0.0516099	0.0510302	0.0508091	0.0507032	0.0503892	0.0499372	0.0496294	0.0495448	0.0494609	0.0490848	0.0484189	0.0477945	0.0474446	0.0473283	0.0473773	0.0476017	0.0480126	0.0485675	0.0491076	0.049401	0.0493678	0.0491624	0.048957	0.0488113	0.0487929	0.0490064	0.0494357	0.0498937	0.0502184	0.0504203	0.0505738	0.0506799	0.050638	0.0503446	0.0498649	0.0493701	0.0488804	0.0482885	0.0476639	0.0473032	0.0473768	0.0476124	0.0474668	0.0467443	0.0458015	0.0448712	0.0436328	0.0417555	0.0393213	0.0364598	0.0330294	0.0288369	0.0238918	0.0184438	0.0129902	0.00818896	0.00457839	0.00229757	0.00107929	0.000506952	0.000251621	0.000132202	7.24632e-005	4.50382e-005	3.59264e-005	3.43498e-005	3.38597e-005	3.19062e-005	2.80454e-005	2.3366e-005	1.95241e-005	1.69718e-005	1.44925e-005	1.08291e-005	
7.00792e-006	1.16586e-005	1.63059e-005	1.95425e-005	2.06471e-005	1.98371e-005	1.79832e-005	1.69584e-005	1.98401e-005	2.91095e-005	4.37326e-005	6.07052e-005	8.40916e-005	0.000137754	0.000281542	0.000629775	0.00136126	0.0027184	0.00498998	0.00843133	0.0130818	0.0185701	0.0241317	0.0290145	0.0330052	0.0364062	0.0393988	0.0417502	0.0433343	0.0444633	0.0454642	0.0463505	0.0469886	0.0473052	0.0473919	0.04754	0.0480505	0.0489244	0.0498282	0.0504174	0.0506001	0.0504181	0.0499068	0.0492459	0.048764	0.0486084	0.0486918	0.04895	0.049325	0.0497187	0.0502155	0.0509212	0.05153	0.0516092	0.0512124	0.0507944	0.0506544	0.0506504	0.0504626	0.0500526	0.0496974	0.049598	0.0495927	0.0492973	0.048568	0.0477289	0.0472015	0.0470954	0.0472613	0.047546	0.047946	0.0485207	0.049152	0.0495629	0.0496369	0.0495017	0.0492813	0.0490395	0.0489448	0.0492052	0.0497901	0.0503721	0.0506434	0.0505865	0.0503649	0.0501184	0.0498946	0.0496681	0.0494239	0.0492	0.0489866	0.0486606	0.048179	0.0477522	0.0476181	0.0476414	0.0473318	0.0464355	0.0452353	0.0439198	0.042131	0.0395421	0.0363086	0.0326369	0.0284342	0.0236098	0.0183905	0.013246	0.00868098	0.00509039	0.00264933	0.00124745	0.000568368	0.000279208	0.000156682	9.42456e-005	5.76251e-005	3.97473e-005	3.51622e-005	3.60623e-005	3.64361e-005	3.37405e-005	2.81378e-005	2.17411e-005	1.70524e-005	1.45953e-005	1.25573e-005	9.30018e-006	
7.1069e-006	1.17843e-005	1.67046e-005	2.07017e-005	2.28237e-005	2.26355e-005	2.05798e-005	1.84723e-005	1.90802e-005	2.41711e-005	3.24037e-005	4.07935e-005	5.0949e-005	7.64233e-005	0.000147916	0.000315965	0.000664075	0.00135095	0.00264715	0.00488623	0.00830898	0.0128517	0.0180048	0.0230254	0.0275008	0.0315381	0.0352248	0.0383018	0.0406337	0.0424776	0.0440521	0.0453154	0.0462082	0.0467754	0.0471331	0.0474922	0.0480587	0.0488185	0.049534	0.0499823	0.0501191	0.0500086	0.0497522	0.0495224	0.0494425	0.0493751	0.0491243	0.048849	0.0488959	0.0493212	0.0499245	0.0504992	0.0508342	0.0507983	0.0505033	0.0502286	0.0501975	0.0503574	0.0504101	0.0501943	0.0499108	0.0498268	0.0498503	0.0495647	0.0487606	0.0477749	0.0471359	0.0470432	0.0473024	0.0476366	0.0480207	0.0486181	0.0493684	0.0499254	0.050091	0.0499713	0.0496635	0.0492147	0.0488778	0.049011	0.0496602	0.0504105	0.0507603	0.0505727	0.050076	0.0495824	0.0492781	0.0491496	0.04907	0.0489861	0.0489172	0.0487744	0.0484334	0.0479909	0.0476782	0.0474543	0.0469065	0.045762	0.0442232	0.0424116	0.039942	0.0365089	0.0323529	0.0278225	0.0229969	0.0179455	0.0130012	0.00864374	0.00522675	0.00284867	0.00139664	0.000634642	0.000292965	0.000155659	9.69956e-005	6.39525e-005	4.33585e-005	3.42298e-005	3.35824e-005	3.5855e-005	3.65417e-005	3.36191e-005	2.74432e-005	2.03642e-005	1.50923e-005	1.23354e-005	1.04393e-005	7.74028e-006	
6.83115e-006	1.07163e-005	1.49876e-005	1.92036e-005	2.24963e-005	2.38436e-005	2.31826e-005	2.20087e-005	2.25198e-005	2.59073e-005	3.08683e-005	3.4838e-005	3.87025e-005	5.15796e-005	9.08393e-005	0.00017612	0.000335797	0.000650013	0.00130125	0.00257156	0.0047653	0.00804411	0.0122217	0.0168077	0.0214245	0.0260014	0.0303945	0.0342369	0.0373926	0.0400482	0.0422591	0.0439281	0.0451275	0.0460474	0.0468165	0.0475444	0.0483007	0.0489974	0.0494455	0.0495387	0.0493532	0.0491003	0.0490217	0.0492604	0.0496838	0.0498466	0.0494145	0.0487002	0.0484084	0.0488124	0.0495454	0.0501164	0.0503051	0.0501702	0.0499029	0.0497049	0.0497421	0.0500124	0.0502614	0.0502545	0.0501013	0.0500857	0.050164	0.0499103	0.0491024	0.0480985	0.0474511	0.047368	0.0476352	0.0479411	0.0482668	0.048829	0.0496136	0.0502643	0.0505165	0.0503967	0.0499434	0.0492052	0.048532	0.048424	0.0490101	0.0498375	0.0502894	0.0501588	0.049704	0.0492903	0.0490937	0.049039	0.0489592	0.0488264	0.0487193	0.0485812	0.0482502	0.0477293	0.047186	0.0466146	0.045701	0.0442165	0.0422855	0.0399124	0.0366752	0.0323479	0.0273318	0.0221705	0.0171383	0.012419	0.00829886	0.00506726	0.00282464	0.00144005	0.000674874	0.000301417	0.000142796	8.14521e-005	5.50532e-005	3.97094e-005	3.095e-005	2.87346e-005	3.05765e-005	3.28961e-005	3.34749e-005	3.11931e-005	2.59086e-005	1.92446e-005	1.36982e-005	1.04354e-005	8.53748e-006	6.50172e-006	
6.05816e-006	8.87635e-006	1.21587e-005	1.61855e-005	2.03295e-005	2.33955e-005	2.50826e-005	2.61852e-005	2.77304e-005	3.03422e-005	3.31933e-005	3.43684e-005	3.44366e-005	3.99065e-005	6.17577e-005	0.000108355	0.000185794	0.000322991	0.000610859	0.00122958	0.00244008	0.00449187	0.00745444	0.0111729	0.0154571	0.020152	0.0249388	0.0294072	0.0334194	0.0369976	0.0399606	0.0421557	0.0437893	0.0451712	0.0464313	0.047579	0.0485291	0.0491125	0.0492326	0.0489541	0.0484699	0.0480512	0.0479756	0.0483745	0.0490479	0.0494675	0.0492056	0.0484967	0.0480805	0.0483686	0.0490759	0.0496859	0.0499376	0.0498721	0.0496622	0.0494785	0.0494711	0.0496923	0.0499617	0.0500205	0.0499103	0.0499424	0.0501458	0.0500951	0.0495079	0.048678	0.0481144	0.0480123	0.048176	0.0483508	0.0485655	0.0490183	0.0496919	0.0502999	0.0505881	0.0504813	0.0499453	0.0490535	0.0482026	0.047912	0.0483222	0.04901	0.0494124	0.0493807	0.0491817	0.0490894	0.0491222	0.0491197	0.0489843	0.0487905	0.0486094	0.0483363	0.0478117	0.0470239	0.0460836	0.0449891	0.0435351	0.0415684	0.0391305	0.0360998	0.0320749	0.0270098	0.0215153	0.0162805	0.0116469	0.0077652	0.00475898	0.0026722	0.0013911	0.000682061	0.000316423	0.000142136	6.91825e-005	4.25481e-005	3.20812e-005	2.61365e-005	2.33647e-005	2.41104e-005	2.63334e-005	2.79209e-005	2.85299e-005	2.76689e-005	2.42218e-005	1.86189e-005	1.3069e-005	9.35573e-006	7.38223e-006	5.82789e-006	
5.0441e-006	7.20174e-006	9.82918e-006	1.34571e-005	1.76688e-005	2.15912e-005	2.50923e-005	2.82223e-005	3.07009e-005	3.26863e-005	3.40289e-005	3.35768e-005	3.17008e-005	3.27292e-005	4.3464e-005	6.87396e-005	0.000109452	0.000170607	0.000282956	0.000537131	0.00110808	0.0022233	0.00407188	0.00674591	0.0102548	0.0144836	0.0191364	0.0239083	0.0286495	0.0331308	0.0369175	0.0398064	0.042053	0.0439707	0.0456752	0.0471633	0.0482684	0.0487432	0.048585	0.0480691	0.0474851	0.047014	0.0468155	0.0470403	0.0476482	0.0482839	0.0485125	0.0482924	0.0480555	0.0482035	0.0487152	0.0493028	0.0497118	0.049846	0.0497482	0.0495236	0.049336	0.0493404	0.0494528	0.0493893	0.0491355	0.0490855	0.0494321	0.0497835	0.0496952	0.0492472	0.0488437	0.0486897	0.0486602	0.0486265	0.0487029	0.0490283	0.0495247	0.0499892	0.050239	0.0501418	0.0496382	0.048842	0.0480912	0.0477545	0.0479159	0.0482807	0.0485	0.0485491	0.0486429	0.0488691	0.0490588	0.0490288	0.0488361	0.0486548	0.0484449	0.0479646	0.0470855	0.0458727	0.0444065	0.0426363	0.0404242	0.0377172	0.0345505	0.030784	0.0261459	0.020801	0.0154821	0.0108645	0.00718216	0.00441983	0.00250878	0.00132604	0.000674938	0.000339775	0.000166167	7.8283e-005	4.01487e-005	2.73422e-005	2.32754e-005	2.06421e-005	1.91657e-005	1.98258e-005	2.13985e-005	2.26579e-005	2.39041e-005	2.46197e-005	2.29321e-005	1.84275e-005	1.31012e-005	9.1526e-006	7.00781e-006	5.54337e-006	
3.93405e-006	5.84215e-006	8.15519e-006	1.11629e-005	1.45546e-005	1.80328e-005	2.18798e-005	2.58006e-005	2.87871e-005	3.06952e-005	3.17222e-005	3.12419e-005	2.95136e-005	2.91623e-005	3.38648e-005	4.64504e-005	6.73278e-005	9.45807e-005	0.000133316	0.000221409	0.000456	0.000992648	0.00201807	0.00371764	0.00622406	0.00953795	0.0135381	0.0181167	0.0231382	0.0281858	0.0326744	0.0363638	0.0394192	0.0419765	0.0440745	0.0458061	0.0470905	0.0476449	0.0474655	0.0469473	0.0464501	0.0460537	0.0457866	0.0458303	0.046337	0.0471687	0.0479356	0.0483257	0.048377	0.048389	0.0486109	0.0490544	0.0495293	0.0498211	0.0498223	0.049546	0.0491769	0.0489692	0.0488903	0.0486051	0.048066	0.0477951	0.048213	0.0490009	0.0495087	0.0495301	0.0493363	0.0491485	0.0489352	0.0487114	0.0486764	0.0489085	0.0492505	0.0495411	0.0496657	0.049508	0.0490691	0.0485198	0.0480659	0.047825	0.0477817	0.0478115	0.0478417	0.0479736	0.0483113	0.0487148	0.0488698	0.0486563	0.0483102	0.0480656	0.0477464	0.0469661	0.0456194	0.0438747	0.0418038	0.0392648	0.0361367	0.0325124	0.0285548	0.0242343	0.0194486	0.0144793	0.0099936	0.00648425	0.00398995	0.00232006	0.0012774	0.000686297	0.000376743	0.000210519	0.000112339	5.63892e-005	3.07249e-005	2.22343e-005	1.96794e-005	1.7571e-005	1.58635e-005	1.58434e-005	1.71213e-005	1.89746e-005	2.1378e-005	2.33209e-005	2.26983e-005	1.89166e-005	1.38457e-005	9.71511e-006	7.12967e-006	5.28784e-006	
2.74993e-006	4.43943e-006	6.45846e-006	8.67896e-006	1.08362e-005	1.31791e-005	1.63485e-005	2.00426e-005	2.31948e-005	2.55811e-005	2.74118e-005	2.82506e-005	2.81456e-005	2.85404e-005	3.11633e-005	3.70111e-005	4.5795e-005	5.54995e-005	6.62833e-005	9.3831e-005	0.000184865	0.000424147	0.000938327	0.00189272	0.00344854	0.00570055	0.00870179	0.0125273	0.0171281	0.0221083	0.0269245	0.0313273	0.0352901	0.0386453	0.0412611	0.0433159	0.0449096	0.0458116	0.0459554	0.045709	0.0454529	0.0452596	0.0451322	0.0452607	0.0458427	0.0468138	0.0478455	0.0485471	0.0487416	0.0486246	0.0485867	0.0488333	0.0492323	0.0495166	0.0495077	0.0492031	0.0488292	0.0486433	0.0485383	0.048122	0.0473685	0.0468945	0.0472668	0.0482408	0.049065	0.0493773	0.0493767	0.0492719	0.049062	0.0488259	0.0487771	0.0489416	0.0491287	0.0492015	0.0490958	0.0487727	0.0483527	0.0480587	0.0479621	0.0479467	0.0478647	0.0476765	0.0475348	0.0476809	0.0481416	0.048569	0.0485305	0.0479919	0.0473271	0.04678	0.0460953	0.0448299	0.0428943	0.0405177	0.037777	0.0344763	0.0305257	0.0261786	0.0217674	0.0173908	0.0130536	0.0090161	0.00573028	0.0034289	0.00198631	0.00113602	0.000657589	0.000399084	0.000253674	0.00015784	8.99072e-005	4.78756e-005	2.75114e-005	1.98039e-005	1.68158e-005	1.46464e-005	1.31079e-005	1.30804e-005	1.45865e-005	1.73657e-005	2.10392e-005	2.40114e-005	2.40172e-005	2.05326e-005	1.54331e-005	1.08509e-005	7.44652e-006	4.87023e-006	
1.72198e-006	3.16254e-006	4.93484e-006	6.57559e-006	7.83738e-006	9.3089e-006	1.17209e-005	1.47291e-005	1.74843e-005	2.00309e-005	2.28073e-005	2.54855e-005	2.75568e-005	2.93704e-005	3.16225e-005	3.41318e-005	3.58087e-005	3.60574e-005	3.67828e-005	4.62263e-005	8.44753e-005	0.000189733	0.000429759	0.000910725	0.00175685	0.00307899	0.00500378	0.00770671	0.0112721	0.0155099	0.0200917	0.0248183	0.0294825	0.0336388	0.0369562	0.0395776	0.0417006	0.0431859	0.0439344	0.0442156	0.0443754	0.0445361	0.0447487	0.0451741	0.0459189	0.046878	0.0478168	0.048473	0.0486711	0.0485317	0.048431	0.0485935	0.0488758	0.0489959	0.0488198	0.0484744	0.0482752	0.0483701	0.0484638	0.0481403	0.0474467	0.0469731	0.0472241	0.0479828	0.0485918	0.0488028	0.0488883	0.0490251	0.0491154	0.0491376	0.0492037	0.0492952	0.0492708	0.0490631	0.0486701	0.0481529	0.0477299	0.047629	0.0478332	0.0480848	0.0480824	0.047741	0.0473471	0.0473139	0.0476891	0.0479917	0.0476869	0.046779	0.0456884	0.0446174	0.0432967	0.0413485	0.0387296	0.0356745	0.0322725	0.0283826	0.0240099	0.0194984	0.0152355	0.0113668	0.0079207	0.00504728	0.00294557	0.00162795	0.000900797	0.000530128	0.000346509	0.000247072	0.000177126	0.000118113	7.18095e-005	4.20525e-005	2.62906e-005	1.88003e-005	1.50825e-005	1.29194e-005	1.1865e-005	1.19903e-005	1.33731e-005	1.63906e-005	2.08486e-005	2.47697e-005	2.54551e-005	2.21992e-005	1.69132e-005	1.17678e-005	7.53969e-006	4.29536e-006	
1.14592e-006	2.518e-006	4.33433e-006	5.9135e-006	6.95878e-006	8.14848e-006	1.00792e-005	1.22492e-005	1.40258e-005	1.59488e-005	1.90341e-005	2.31624e-005	2.70783e-005	2.99554e-005	3.18305e-005	3.22091e-005	3.00707e-005	2.62081e-005	2.41057e-005	2.87727e-005	4.75755e-005	9.54455e-005	0.000204654	0.00043143	0.00084496	0.00151603	0.00255191	0.00413616	0.00645034	0.00954097	0.0133467	0.0177758	0.022547	0.0271019	0.0310167	0.0343307	0.0371843	0.0394544	0.0410078	0.0420012	0.0427273	0.0433614	0.0439984	0.0447434	0.0455997	0.0464429	0.0471732	0.0477168	0.0479717	0.0480044	0.0481025	0.048395	0.0486599	0.0486031	0.0481969	0.0477854	0.0478031	0.048246	0.0486164	0.0485174	0.0480746	0.0477566	0.047867	0.0481671	0.0481975	0.0479892	0.0480076	0.0484316	0.0489981	0.0494579	0.0497361	0.0497626	0.049495	0.0490006	0.0483768	0.0477591	0.0473695	0.0473784	0.0477388	0.0481478	0.0481637	0.047592	0.046796	0.0463598	0.0464112	0.0464321	0.0458348	0.0445954	0.0430729	0.041389	0.0393063	0.0365898	0.0332845	0.029617	0.0257122	0.0215786	0.0173456	0.013317	0.00976554	0.00678816	0.0043883	0.00259243	0.0014072	0.000732854	0.00039764	0.000248879	0.000185537	0.000148719	0.000114172	8.10507e-005	5.47764e-005	3.70372e-005	2.59372e-005	1.92583e-005	1.54242e-005	1.32992e-005	1.22401e-005	1.18748e-005	1.23895e-005	1.46891e-005	1.8919e-005	2.30876e-005	2.42684e-005	2.14487e-005	1.63581e-005	1.11758e-005	6.80183e-006	3.50312e-006	
9.56994e-007	2.39906e-006	4.42797e-006	6.26223e-006	7.51295e-006	8.74734e-006	1.03618e-005	1.17895e-005	1.26022e-005	1.36828e-005	1.64636e-005	2.10139e-005	2.56376e-005	2.87439e-005	2.99459e-005	2.89354e-005	2.54402e-005	2.11192e-005	1.93807e-005	2.27778e-005	3.30137e-005	5.55872e-005	0.000106192	0.000212186	0.000402681	0.00070329	0.00116921	0.00193441	0.00319466	0.00513026	0.00786342	0.0114069	0.0155233	0.0197479	0.0237497	0.0275275	0.031103	0.0342578	0.0367322	0.038526	0.0398845	0.041049	0.0421416	0.0431989	0.0441687	0.0449836	0.0456836	0.0463095	0.046779	0.0471183	0.0475533	0.0481293	0.0485546	0.0485102	0.0480239	0.0475989	0.0477742	0.0484489	0.048995	0.0490364	0.0487406	0.0484837	0.0484274	0.0483075	0.047802	0.0471496	0.0469858	0.0475485	0.0484856	0.0493515	0.0498707	0.0498763	0.0493948	0.0486733	0.0479594	0.0474011	0.0470993	0.0471185	0.0474353	0.0477866	0.0476579	0.0467652	0.0454955	0.0445214	0.0440401	0.0436023	0.0426609	0.0411178	0.0391836	0.0368984	0.0340939	0.0306942	0.0268503	0.0228135	0.018769	0.0148636	0.0112844	0.00819477	0.00566593	0.00369447	0.00224377	0.00126113	0.00066587	0.000346373	0.000192627	0.000126748	0.000100317	8.41163e-005	6.76086e-005	5.24967e-005	4.09684e-005	3.21195e-005	2.50646e-005	2.0101e-005	1.70097e-005	1.48393e-005	1.30771e-005	1.17452e-005	1.13242e-005	1.26415e-005	1.56755e-005	1.87427e-005	1.95289e-005	1.71423e-005	1.28755e-005	8.54981e-006	4.992e-006	2.41898e-006	
8.20257e-007	2.15724e-006	4.10721e-006	5.98082e-006	7.39106e-006	8.70946e-006	1.01351e-005	1.1168e-005	1.15562e-005	1.21856e-005	1.44199e-005	1.83887e-005	2.25722e-005	2.54484e-005	2.64741e-005	2.5399e-005	2.24561e-005	1.94009e-005	1.86211e-005	2.09762e-005	2.62745e-005	3.68272e-005	6.08932e-005	0.0001119	0.000199805	0.000325686	0.000505035	0.000812389	0.00139613	0.00244322	0.00412089	0.00649124	0.0094249	0.0126763	0.0161265	0.0198327	0.0237613	0.0275974	0.0309059	0.0334809	0.0354902	0.0372298	0.0388425	0.0402979	0.0415161	0.0425153	0.0434425	0.0443639	0.0451595	0.0458216	0.0465556	0.047409	0.0481223	0.0483709	0.0481134	0.0478233	0.0480815	0.0488092	0.0493637	0.0493638	0.048981	0.0485895	0.0483395	0.0479722	0.0472168	0.0463564	0.0460328	0.0465204	0.0475238	0.0485641	0.0492218	0.0491936	0.0485242	0.0476491	0.0469808	0.0466075	0.046415	0.046344	0.0464241	0.0464972	0.0460938	0.0449114	0.0432738	0.0417728	0.0406149	0.0395273	0.0381191	0.036213	0.0338432	0.031017	0.0276784	0.0238873	0.0198806	0.0159461	0.0122973	0.00909834	0.00647819	0.0044499	0.00292733	0.0018234	0.0010728	0.000603471	0.000333201	0.000186728	0.000109958	7.19844e-005	5.47851e-005	4.55916e-005	3.86136e-005	3.36161e-005	3.01751e-005	2.6689e-005	2.302e-005	2.02166e-005	1.81293e-005	1.57875e-005	1.3228e-005	1.12306e-005	1.04244e-005	1.10211e-005	1.24398e-005	1.34721e-005	1.30529e-005	1.09241e-005	7.87788e-006	5.00048e-006	2.78819e-006	1.29266e-006	
5.64174e-007	1.5065e-006	2.91852e-006	4.37021e-006	5.63234e-006	6.93755e-006	8.32778e-006	9.36036e-006	9.83645e-006	1.04238e-005	1.21498e-005	1.51903e-005	1.86736e-005	2.16883e-005	2.35477e-005	2.35601e-005	2.18479e-005	1.98396e-005	1.90768e-005	1.99252e-005	2.21942e-005	2.69902e-005	3.82678e-005	6.2573e-005	0.000103417	0.000155627	0.000218075	0.000324442	0.000561449	0.0010535	0.00191997	0.00321948	0.00492436	0.00699408	0.00949378	0.0125613	0.0162003	0.0201226	0.0238353	0.0269811	0.0295929	0.0319194	0.034088	0.0360308	0.0376613	0.0390513	0.0403832	0.0416931	0.0428309	0.0437732	0.0446997	0.0457035	0.046673	0.0473709	0.0476234	0.0476671	0.0480012	0.0486527	0.0490841	0.0489308	0.0483691	0.0478057	0.0474051	0.0469311	0.0461897	0.0454585	0.0452013	0.0455712	0.0463724	0.0472548	0.0477806	0.0475708	0.0466891	0.0457033	0.0451133	0.0448994	0.0447491	0.0445084	0.0442384	0.0438892	0.0431469	0.0417898	0.0400086	0.03813	0.0362723	0.0343942	0.0323608	0.0299809	0.0271694	0.0239673	0.0204506	0.0167609	0.0131478	0.00987533	0.00710172	0.0048926	0.00325831	0.0021214	0.00134713	0.000827581	0.00049603	0.000297046	0.000180558	0.00011101	6.85091e-005	4.38134e-005	3.14549e-005	2.5819e-005	2.31361e-005	2.23441e-005	2.25322e-005	2.22593e-005	2.11655e-005	1.97906e-005	1.79865e-005	1.53556e-005	1.25094e-005	1.04277e-005	9.50203e-006	9.4523e-006	9.44155e-006	8.74526e-006	7.32542e-006	5.50406e-006	3.67044e-006	2.17706e-006	1.14343e-006	5.06287e-007	
2.83361e-007	7.62772e-007	1.50237e-006	2.3343e-006	3.22857e-006	4.37663e-006	5.75666e-006	6.96848e-006	7.79766e-006	8.69034e-006	1.03669e-005	1.30214e-005	1.63078e-005	1.97955e-005	2.26144e-005	2.35429e-005	2.24023e-005	2.03795e-005	1.88391e-005	1.85463e-005	1.97098e-005	2.22842e-005	2.70099e-005	3.66855e-005	5.34483e-005	7.38743e-005	9.45994e-005	0.000129513	0.00021986	0.000424574	0.000798509	0.00137689	0.00218603	0.00328799	0.00481697	0.00693554	0.00971245	0.0130002	0.0164396	0.0196838	0.0226324	0.0253781	0.0279787	0.0303698	0.0324854	0.0343906	0.0362058	0.0379075	0.0393705	0.0405918	0.0416817	0.0427204	0.0437734	0.0448216	0.0456499	0.04618	0.0466793	0.0472404	0.0475105	0.0472261	0.0465947	0.0460051	0.0455549	0.0450268	0.0444058	0.0440477	0.0441586	0.0445794	0.0451099	0.0455863	0.0457015	0.0451424	0.044024	0.0429309	0.0423104	0.0420385	0.0417378	0.0412426	0.0405949	0.0397914	0.0387034	0.0372517	0.0354884	0.0334094	0.0309787	0.0283481	0.0256682	0.0228467	0.0197851	0.0165762	0.0133752	0.0103214	0.00758218	0.0053142	0.00357061	0.0023096	0.00145579	0.000911927	0.000573678	0.000363972	0.000235834	0.000156473	0.00010367	6.69967e-005	4.2668e-005	2.82274e-005	2.0841e-005	1.73595e-005	1.59567e-005	1.64773e-005	1.84663e-005	2.033e-005	2.07028e-005	1.94207e-005	1.70257e-005	1.42009e-005	1.16153e-005	9.62695e-006	8.29701e-006	7.4638e-006	6.57032e-006	5.19351e-006	3.60463e-006	2.26288e-006	1.31289e-006	7.01506e-007	3.39717e-007	1.41902e-007	
1.01203e-007	2.74786e-007	5.55442e-007	9.25051e-007	1.47048e-006	2.37613e-006	3.63004e-006	4.9274e-006	6.14677e-006	7.74193e-006	1.02938e-005	1.3704e-005	1.73242e-005	2.06778e-005	2.31837e-005	2.39145e-005	2.26086e-005	2.01317e-005	1.79122e-005	1.72865e-005	1.85626e-005	2.05093e-005	2.18501e-005	2.36443e-005	2.80727e-005	3.44117e-005	4.11828e-005	5.4917e-005	9.30777e-005	0.000175431	0.000315893	0.000529966	0.000853777	0.00135913	0.00215451	0.00336483	0.00508606	0.00731524	0.00991147	0.0126709	0.0154516	0.018207	0.0209187	0.0235375	0.0260189	0.0283757	0.0306168	0.0326719	0.0344852	0.0360805	0.0374441	0.0385399	0.0395355	0.0406885	0.041915	0.0429211	0.043661	0.0441847	0.0443507	0.0440873	0.0436242	0.0432192	0.0428142	0.042222	0.0416777	0.0416867	0.0422337	0.0428123	0.043137	0.0431959	0.0428622	0.0419603	0.0406521	0.0394338	0.0385975	0.037958	0.0372383	0.0363709	0.0353604	0.0341751	0.0327982	0.0312494	0.0294841	0.0272923	0.0245446	0.0214946	0.0184906	0.0155896	0.0127398	0.010029	0.0075875	0.00548459	0.00376653	0.00246675	0.00156113	0.000969246	0.000599745	0.000376047	0.000242707	0.000164641	0.00011814	8.60381e-005	6.01056e-005	4.02356e-005	2.76287e-005	2.07349e-005	1.68448e-005	1.4165e-005	1.27133e-005	1.356e-005	1.66176e-005	1.97661e-005	2.0615e-005	1.87453e-005	1.57378e-005	1.31237e-005	1.10527e-005	9.02101e-006	7.07973e-006	5.613e-006	4.43728e-006	3.13375e-006	1.83114e-006	8.99948e-007	4.02763e-007	1.75147e-007	7.40155e-008	2.83403e-008	
2.55538e-008	7.0878e-008	1.54782e-007	3.14076e-007	6.75475e-007	1.41157e-006	2.50408e-006	3.71132e-006	5.11725e-006	7.51947e-006	1.16209e-005	1.66958e-005	2.08982e-005	2.3231e-005	2.41373e-005	2.40998e-005	2.29074e-005	2.04651e-005	1.78368e-005	1.68054e-005	1.78709e-005	1.93325e-005	1.92268e-005	1.79799e-005	1.76724e-005	1.8825e-005	2.13569e-005	2.94031e-005	5.08966e-005	8.97379e-005	0.000143471	0.000216951	0.000336419	0.000546114	0.00090031	0.0014658	0.00232181	0.0035339	0.00511466	0.00701348	0.00914557	0.011437	0.0138371	0.0162973	0.0187761	0.0212426	0.0236408	0.0259077	0.0280523	0.030082	0.0318387	0.0331348	0.0341343	0.035287	0.036711	0.0380503	0.0389929	0.0395023	0.0396583	0.0396141	0.0395575	0.0395022	0.0392101	0.0385718	0.0380521	0.0382348	0.0389313	0.0394614	0.0395665	0.0393592	0.0388019	0.0377625	0.0363742	0.0350015	0.0337918	0.0325731	0.0312589	0.0299378	0.0286014	0.0271615	0.0256105	0.0239711	0.0221575	0.0199575	0.0172787	0.0143837	0.0116528	0.00922698	0.00707959	0.00522459	0.00370246	0.00251151	0.00162243	0.0010022	0.000607204	0.000375941	0.000243195	0.000161416	0.000108735	7.74066e-005	5.94908e-005	4.63401e-005	3.45748e-005	2.58572e-005	2.11173e-005	1.84575e-005	1.59034e-005	1.31023e-005	1.12654e-005	1.20495e-005	1.5396e-005	1.87857e-005	1.94514e-005	1.71532e-005	1.4064e-005	1.18916e-005	1.0242e-005	8.17282e-006	5.97444e-006	4.43634e-006	3.43962e-006	2.39463e-006	1.30127e-006	5.28379e-007	1.66911e-007	4.63701e-008	1.35163e-008	4.13388e-009	
4.68264e-009	1.46113e-008	4.4662e-008	1.50477e-007	4.78032e-007	1.19264e-006	2.21802e-006	3.25199e-006	4.52018e-006	7.26579e-006	1.25082e-005	1.90268e-005	2.37571e-005	2.51037e-005	2.46449e-005	2.44869e-005	2.43071e-005	2.24894e-005	1.92974e-005	1.69808e-005	1.68121e-005	1.7614e-005	1.75625e-005	1.66084e-005	1.60779e-005	1.63907e-005	1.77534e-005	2.31308e-005	3.69771e-005	5.91477e-005	8.42836e-005	0.000113055	0.000159796	0.000243338	0.000379716	0.000593534	0.00093139	0.00145582	0.00222478	0.00327019	0.00458689	0.00614454	0.00789975	0.00980263	0.0118176	0.0139175	0.0160617	0.0182378	0.0204839	0.0227537	0.0247943	0.0263406	0.0275112	0.0287808	0.0303619	0.031897	0.0329335	0.0334078	0.0336077	0.0338617	0.0342584	0.0345601	0.0344244	0.0338663	0.0334591	0.0336711	0.0341438	0.0342583	0.0340022	0.0336472	0.0331295	0.0321966	0.0308383	0.0292932	0.0276806	0.0259385	0.0241377	0.0224532	0.0208875	0.0193398	0.0177792	0.0161885	0.0144857	0.0125586	0.0103938	0.00818823	0.00622032	0.00461685	0.00334187	0.00233537	0.00156703	0.00101002	0.000625556	0.000374064	0.000224569	0.000146494	0.00010568	7.71469e-005	5.42106e-005	3.93084e-005	3.15545e-005	2.65852e-005	2.2487e-005	2.02934e-005	1.97163e-005	1.86387e-005	1.61466e-005	1.31128e-005	1.12113e-005	1.1924e-005	1.4866e-005	1.74756e-005	1.74181e-005	1.48564e-005	1.18523e-005	9.82788e-006	8.31148e-006	6.45104e-006	4.61754e-006	3.53301e-006	2.92873e-006	2.13532e-006	1.16852e-006	4.53414e-007	1.23931e-007	2.4469e-008	3.94673e-009	6.0136e-010	
7.82799e-010	4.16083e-009	2.43551e-008	1.21379e-007	4.44807e-007	1.14827e-006	2.10316e-006	2.92709e-006	3.83776e-006	6.22193e-006	1.12897e-005	1.78405e-005	2.25599e-005	2.36857e-005	2.32685e-005	2.40846e-005	2.54455e-005	2.44701e-005	2.07446e-005	1.69646e-005	1.53664e-005	1.57407e-005	1.67494e-005	1.7852e-005	1.92424e-005	2.05531e-005	2.15519e-005	2.40974e-005	3.11185e-005	4.26811e-005	5.547e-005	6.90436e-005	8.94262e-005	0.000122468	0.000169493	0.000236197	0.000342668	0.000522757	0.000820271	0.00128206	0.00194071	0.00279981	0.00383346	0.00500884	0.00631624	0.00775813	0.00933443	0.0110778	0.013031	0.015111	0.0170598	0.018648	0.0199719	0.0214079	0.0231047	0.0246927	0.0257053	0.0261255	0.0263692	0.0268251	0.0274842	0.0279908	0.0280327	0.0277342	0.0275985	0.0278252	0.0279256	0.0274817	0.0268025	0.0263277	0.0259486	0.0252423	0.0240064	0.022376	0.0205444	0.0186145	0.0167157	0.0149777	0.0134043	0.0119453	0.0105814	0.00927588	0.00796582	0.00661039	0.00522375	0.0039027	0.00278722	0.0019484	0.00134841	0.000912006	0.000593191	0.000372411	0.000229098	0.000139706	8.87158e-005	6.46489e-005	5.33214e-005	4.35374e-005	3.33964e-005	2.61554e-005	2.27393e-005	2.08592e-005	1.9345e-005	1.90685e-005	1.94755e-005	1.85866e-005	1.61113e-005	1.34728e-005	1.22413e-005	1.32567e-005	1.55589e-005	1.67503e-005	1.54173e-005	1.23206e-005	9.16943e-006	6.97714e-006	5.47689e-006	4.07634e-006	2.93464e-006	2.40456e-006	2.14606e-006	1.62571e-006	9.01908e-007	3.49595e-007	9.36211e-008	1.72759e-008	2.2415e-009	1.86701e-010	
2.25687e-010	2.27793e-009	1.73022e-008	9.3335e-008	3.48487e-007	8.9918e-007	1.6242e-006	2.18525e-006	2.72396e-006	4.35294e-006	8.12206e-006	1.32167e-005	1.7081e-005	1.83519e-005	1.88537e-005	2.09564e-005	2.36349e-005	2.36354e-005	2.02626e-005	1.6239e-005	1.41916e-005	1.46166e-005	1.67472e-005	1.98534e-005	2.33021e-005	2.5949e-005	2.68697e-005	2.69122e-005	2.82922e-005	3.2145e-005	3.74913e-005	4.36281e-005	5.21171e-005	6.45233e-005	8.02418e-005	9.96128e-005	0.000128198	0.000178092	0.000271039	0.000439087	0.00071075	0.00109325	0.00157478	0.00215052	0.00283754	0.00365228	0.00460602	0.0057427	0.00710523	0.00862067	0.0100961	0.0113938	0.012606	0.013976	0.01554	0.0169478	0.017817	0.0181854	0.0184603	0.018966	0.0196401	0.0201698	0.0203663	0.0203868	0.020539	0.0207751	0.0206099	0.0198317	0.0189081	0.0183398	0.0180328	0.0175209	0.0164996	0.0150249	0.0133408	0.0116607	0.0100999	0.00868468	0.00740068	0.00625613	0.0052666	0.00440297	0.00361484	0.00287803	0.00219386	0.0015827	0.00108427	0.000725625	0.000488351	0.000327776	0.000213458	0.000135556	8.68979e-005	5.78406e-005	4.21223e-005	3.57286e-005	3.34544e-005	3.0901e-005	2.72168e-005	2.41893e-005	2.27192e-005	2.13434e-005	1.92819e-005	1.78542e-005	1.73346e-005	1.63946e-005	1.48032e-005	1.35734e-005	1.36152e-005	1.51103e-005	1.67606e-005	1.64608e-005	1.36621e-005	9.7815e-006	6.39935e-006	4.16314e-006	2.84624e-006	1.97147e-006	1.42418e-006	1.24075e-006	1.16556e-006	9.02303e-007	5.04321e-007	1.95935e-007	5.24395e-008	9.66526e-009	1.23772e-009	1.16113e-010	
9.89012e-011	1.23131e-009	9.62086e-009	5.23791e-008	1.95767e-007	5.04204e-007	9.05711e-007	1.20527e-006	1.49194e-006	2.44595e-006	4.74917e-006	7.95637e-006	1.0499e-005	1.1592e-005	1.26191e-005	1.52661e-005	1.85616e-005	1.96813e-005	1.78137e-005	1.50841e-005	1.37784e-005	1.4582e-005	1.70607e-005	2.0598e-005	2.45259e-005	2.75878e-005	2.84569e-005	2.73095e-005	2.5986e-005	2.60818e-005	2.74725e-005	2.92333e-005	3.14267e-005	3.50711e-005	4.05312e-005	4.70913e-005	5.4728e-005	6.65163e-005	9.15115e-005	0.000145002	0.000239868	0.000377299	0.000554812	0.000785514	0.00109471	0.00149114	0.00197178	0.00256643	0.00331568	0.00418243	0.00505695	0.00587892	0.0067221	0.00771822	0.0088464	0.00984928	0.0104791	0.010789	0.0110679	0.0115118	0.0120466	0.0124763	0.0127338	0.0129436	0.0132238	0.0134228	0.01319	0.0124464	0.0115884	0.0110235	0.0107169	0.010325	0.00958772	0.00851334	0.00730233	0.00616028	0.00516265	0.00427326	0.00346079	0.00275258	0.00218065	0.00173026	0.00136216	0.00105307	0.000794767	0.000578407	0.00040034	0.000266678	0.000177896	0.000121096	8.24442e-005	5.5869e-005	3.88931e-005	2.91275e-005	2.48377e-005	2.42375e-005	2.499e-005	2.52612e-005	2.45157e-005	2.36144e-005	2.30968e-005	2.15947e-005	1.83039e-005	1.49595e-005	1.31118e-005	1.25356e-005	1.27744e-005	1.35889e-005	1.4734e-005	1.61087e-005	1.68906e-005	1.55505e-005	1.1903e-005	7.58594e-006	4.19438e-006	2.17993e-006	1.19026e-006	7.20709e-007	5.07847e-007	4.60045e-007	4.45871e-007	3.49253e-007	1.9589e-007	7.6168e-008	2.03365e-008	3.72101e-009	4.44182e-010	3.96978e-011	
3.21549e-011	4.78219e-010	3.73168e-009	2.03784e-008	7.61531e-008	1.96098e-007	3.52639e-007	4.76293e-007	6.34538e-007	1.18042e-006	2.47681e-006	4.2731e-006	5.66533e-006	6.26224e-006	7.08714e-006	9.37665e-006	1.25456e-005	1.45261e-005	1.44226e-005	1.34922e-005	1.3373e-005	1.45703e-005	1.65739e-005	1.88924e-005	2.14129e-005	2.3512e-005	2.40776e-005	2.30378e-005	2.17722e-005	2.14233e-005	2.15504e-005	2.1099e-005	2.02113e-005	2.02577e-005	2.20418e-005	2.4691e-005	2.70456e-005	2.98652e-005	3.67168e-005	5.3006e-005	8.20345e-005	0.000122573	0.000176506	0.000258894	0.000388426	0.000563841	0.000771071	0.0010219	0.00134575	0.00173298	0.0021361	0.00253513	0.00297196	0.00350705	0.00412024	0.0046741	0.00504329	0.0052649	0.00549141	0.00580722	0.00615129	0.0064269	0.00663349	0.00684913	0.00709047	0.00722313	0.00705649	0.00656791	0.00598397	0.00554883	0.00527338	0.00498545	0.00453823	0.00392369	0.00325309	0.00265325	0.00216286	0.00174079	0.00135637	0.0010257	0.000770895	0.000585922	0.000448572	0.000344304	0.000267052	0.00020722	0.000154443	0.000108541	7.5269e-005	5.4596e-005	4.10005e-005	3.0601e-005	2.27732e-005	1.80558e-005	1.66271e-005	1.74412e-005	1.88189e-005	1.9682e-005	1.98455e-005	1.99018e-005	2.00299e-005	1.87971e-005	1.5267e-005	1.11393e-005	8.77347e-006	8.97855e-006	1.11186e-005	1.35781e-005	1.49366e-005	1.52479e-005	1.48738e-005	1.31585e-005	9.78112e-006	5.87722e-006	2.85552e-006	1.17008e-006	4.57564e-007	2.08717e-007	1.31681e-007	1.19901e-007	1.18169e-007	9.31858e-008	5.23775e-008	2.04186e-008	5.48176e-009	1.04137e-009	1.37599e-010	2.76723e-011	
7.42111e-012	1.32806e-010	1.00032e-009	5.46309e-009	2.03932e-008	5.25896e-008	9.56199e-008	1.37958e-007	2.28748e-007	5.40196e-007	1.24665e-006	2.19376e-006	2.86079e-006	3.05662e-006	3.49015e-006	5.05996e-006	7.54559e-006	9.62712e-006	1.04966e-005	1.07507e-005	1.14278e-005	1.27404e-005	1.39774e-005	1.46951e-005	1.52821e-005	1.58766e-005	1.59712e-005	1.55264e-005	1.53104e-005	1.56842e-005	1.5826e-005	1.48209e-005	1.31066e-005	1.20657e-005	1.23656e-005	1.33409e-005	1.42047e-005	1.53031e-005	1.78616e-005	2.31083e-005	3.127e-005	4.16801e-005	5.67738e-005	8.58312e-005	0.000138293	0.000210723	0.000291216	0.000381508	0.000495247	0.000631561	0.000775159	0.000921254	0.00108674	0.00129633	0.00154518	0.00177943	0.00194801	0.00206817	0.00220295	0.00237798	0.00255375	0.0026887	0.00280018	0.00293252	0.00307612	0.00315085	0.00307273	0.00283572	0.00253577	0.002285	0.0021045	0.00193429	0.00171559	0.00144031	0.00115265	0.000908668	0.000724452	0.00057683	0.000446812	0.000336854	0.000252687	0.000190971	0.00014532	0.000112736	9.13961e-005	7.64363e-005	6.22591e-005	4.83296e-005	3.7846e-005	3.13257e-005	2.60868e-005	2.05564e-005	1.54233e-005	1.20145e-005	1.10053e-005	1.17099e-005	1.27145e-005	1.32413e-005	1.3411e-005	1.37278e-005	1.41423e-005	1.34379e-005	1.07767e-005	7.39969e-006	5.53268e-006	6.40368e-006	9.40069e-006	1.22782e-005	1.30917e-005	1.21775e-005	1.08956e-005	9.37407e-006	7.06512e-006	4.29631e-006	2.02235e-006	7.30369e-007	2.11801e-007	6.01149e-008	2.62756e-008	2.19585e-008	2.1649e-008	1.71217e-008	9.60769e-009	3.72246e-009	9.61191e-010	1.58719e-010	3.63956e-013	2.00898e-012	
