
TracePro Release: 7 0 3 
Irradiance Map Data for G:\ee373 lab4-Linear Units in millimeters
Data for ob Surface 2
Data generated at 17:38:10 November 13, 2025

Raytrace Time: mins: 0, secs: 19

Projected Plane Extent from surface geometry 
      TopLeft:(1850,995,-1850) 
      TopRight:(-1850,995,-1850)
      BottomLeft:(1850,995,1850) 
      BottomRight:(-1850,995,1850)
Corners of Data Set (plotted) 
      TopLeft:(1850,995,-1850) 
      TopRight:(-1850,995,-1850)
      BottomLeft:(1850,995,1850) 
      BottomRight:(-1850,995,1850)
Total Absorbed Rays: 648031
Min: 0.000887876 Max: 0.158031 Ave: 0.0294699
Total Flux: 0.403442 W, Emitted Flux: 0.5
Normalization: 0
Data Smoothing is On
Grid Size is 128 x 128
Map Count 50
Data Cells are 28.9063 x 28.9063 millimeters

0.000985333	0.00137054	0.00161198	0.00168535	0.00166171	0.0016715	0.00182419	0.00210013	0.00234155	0.00241586	0.00237377	0.00238859	0.00253599	0.0027079	0.00278261	0.00278415	0.00280261	0.00284374	0.0028577	0.00286397	0.00293923	0.00310154	0.00328947	0.00344554	0.00355872	0.0036223	0.00360117	0.00348369	0.00335973	0.00337568	0.00357328	0.00381603	0.00390901	0.00381376	0.00370452	0.00373387	0.0038443	0.00391091	0.00393763	0.00401649	0.00418508	0.00440675	0.00462943	0.00481201	0.00495836	0.00510277	0.00521806	0.00524139	0.00516178	0.00501617	0.00488643	0.00486098	0.00495662	0.00514448	0.00538528	0.00559173	0.00567004	0.00563578	0.00560068	0.00564776	0.00576257	0.00584023	0.00577298	0.00557687	0.00538691	0.00530534	0.00531528	0.00535817	0.00542924	0.00556311	0.00574698	0.00585567	0.00573731	0.00541966	0.00512293	0.00500601	0.00501322	0.00502695	0.00504082	0.005081	0.00508529	0.00499499	0.004859	0.00474495	0.00465475	0.00455801	0.00441369	0.00420694	0.00401282	0.00393533	0.00399111	0.0041199	0.00423174	0.0042209	0.00407248	0.00392888	0.00391379	0.00398054	0.00403148	0.00406167	0.00409107	0.00405919	0.0038848	0.00356145	0.00316888	0.00285115	0.00271721	0.00271761	0.00271247	0.00266764	0.00266043	0.00270155	0.00270784	0.0026464	0.00256262	0.00247764	0.00237941	0.00229363	0.00226832	0.00229639	0.00230633	0.0022303	0.00205052	0.00179818	0.00154403	0.0013428	0.00115356	0.000887876	
0.0013473	0.00184037	0.00214947	0.00227848	0.0023089	0.00234929	0.0024953	0.00273936	0.00294617	0.003009	0.00300235	0.00310127	0.00335358	0.00361911	0.00376901	0.00384166	0.00393086	0.00401521	0.00401218	0.0039494	0.00395646	0.00409757	0.00431317	0.00452493	0.00470263	0.00481416	0.00480179	0.00466557	0.00453733	0.0045799	0.00480038	0.00503531	0.0051095	0.00501044	0.00491528	0.00497508	0.00514157	0.0052962	0.00542704	0.00559244	0.00580996	0.00606041	0.00631893	0.00653493	0.00668335	0.00679811	0.00687558	0.00687845	0.00681203	0.00669919	0.00658761	0.00655621	0.00664361	0.0068411	0.00711958	0.00740196	0.00759048	0.00767334	0.00773625	0.00785923	0.0080308	0.00812064	0.00798149	0.00764575	0.00732818	0.00718853	0.00720382	0.00728633	0.00741183	0.00760029	0.00781733	0.00791354	0.00773034	0.0073249	0.00696827	0.00683948	0.00684912	0.00684743	0.00684486	0.00689591	0.00693207	0.00687411	0.00677136	0.00669581	0.00663244	0.00652422	0.00631279	0.00599862	0.00569799	0.00552525	0.00547536	0.00549423	0.00552207	0.00545559	0.00525677	0.00506643	0.00503493	0.00511598	0.00516532	0.00515399	0.00515311	0.00516711	0.00510796	0.00489813	0.00455102	0.00419196	0.0039567	0.00384328	0.00374721	0.00364096	0.00358754	0.00358034	0.00354523	0.00348497	0.00345044	0.00341562	0.0033262	0.00320939	0.0031328	0.00310492	0.00307104	0.00297418	0.00278568	0.00251212	0.00221139	0.00194071	0.00165505	0.00125803	
0.0015694	0.00210999	0.00245436	0.0026499	0.00276746	0.00284456	0.00293229	0.00305501	0.00315633	0.0032005	0.00327329	0.00349364	0.00385036	0.00419564	0.00441945	0.00456674	0.00472196	0.00483851	0.00480366	0.00464867	0.00455292	0.00463256	0.00484495	0.0051033	0.0053547	0.00553199	0.00555634	0.00544018	0.00533578	0.00539305	0.00558401	0.0057563	0.00579802	0.00572291	0.00566504	0.00574747	0.00596265	0.0062316	0.00650332	0.00675142	0.00695785	0.00715066	0.00737187	0.00758499	0.00773128	0.00782236	0.00787577	0.00789201	0.00788592	0.00784293	0.0077505	0.00766909	0.00768762	0.00785654	0.00816902	0.0085474	0.00887097	0.00907705	0.0092135	0.00936901	0.00955305	0.00962344	0.00940269	0.00893305	0.0084909	0.00829175	0.00832518	0.00847952	0.00868946	0.00893362	0.00914775	0.00918806	0.00894288	0.00851334	0.00817151	0.00806929	0.00810169	0.00812083	0.00812841	0.00816774	0.00818893	0.00814018	0.00807319	0.00804714	0.00803333	0.00794982	0.00771144	0.00733078	0.00695404	0.00667866	0.00647026	0.00630304	0.00618019	0.00604288	0.00585399	0.00571246	0.00572351	0.00581715	0.00583064	0.00573628	0.00566415	0.00570038	0.00577421	0.00573971	0.00550962	0.00514058	0.00478385	0.0045303	0.00435396	0.00421891	0.00413192	0.00406552	0.00398334	0.00393566	0.00397083	0.00401747	0.00398813	0.00390091	0.0038145	0.00374009	0.00365389	0.00352696	0.00332953	0.00305058	0.00272756	0.00240104	0.00202184	0.00150785	
0.00167729	0.00223745	0.00260234	0.00285249	0.00303953	0.00312952	0.00313797	0.00313447	0.00314763	0.00320313	0.00337455	0.0037032	0.00412192	0.00449874	0.00475294	0.00492508	0.00508999	0.00520114	0.00513882	0.00493237	0.00478196	0.00483095	0.00505025	0.00535127	0.00566491	0.00590318	0.00597778	0.00589733	0.00580569	0.00584583	0.00599384	0.00612553	0.00617057	0.00614346	0.0061266	0.00622104	0.00646705	0.00682155	0.00719498	0.00749429	0.00767576	0.00779415	0.00794093	0.00811918	0.00827412	0.00839114	0.00847488	0.00853622	0.00859195	0.00860481	0.00851744	0.00836652	0.00828859	0.0084157	0.00877532	0.00925684	0.00967769	0.00992914	0.0100564	0.0101754	0.0103135	0.0103345	0.0100688	0.00955591	0.00906215	0.00881536	0.00883879	0.00903186	0.0093059	0.00960439	0.00982813	0.00983301	0.00956131	0.00915572	0.00886079	0.00879169	0.00887011	0.0089749	0.00904263	0.00904015	0.0089514	0.00880699	0.00868543	0.00864377	0.00865719	0.00861535	0.00838451	0.00798036	0.00758093	0.00726989	0.00698029	0.0066928	0.00645756	0.00628678	0.00618205	0.00618247	0.0062844	0.00636928	0.00629958	0.00609053	0.00591425	0.00590517	0.00602071	0.00608739	0.00593568	0.00554495	0.00508046	0.00472815	0.00452467	0.00440374	0.00431194	0.00421482	0.00411396	0.00408135	0.00415509	0.00425323	0.00429061	0.00427668	0.00423897	0.00416908	0.00406103	0.00391154	0.00369757	0.00340296	0.00305282	0.00267454	0.00222094	0.00162876	
0.00174642	0.00233333	0.00271609	0.00298507	0.00318864	0.0032676	0.00322903	0.00317346	0.00317264	0.00326981	0.00351161	0.00388551	0.00429797	0.00464046	0.0048576	0.00498463	0.00509597	0.00517314	0.00511993	0.00495607	0.00485602	0.00495215	0.00521879	0.00556376	0.0059122	0.00618699	0.00630575	0.00624658	0.00612469	0.00611136	0.00623541	0.00638913	0.00648966	0.00653034	0.0065624	0.00667508	0.00692907	0.00729131	0.00766456	0.00796265	0.00814975	0.00826016	0.00836925	0.00851386	0.00868446	0.00885589	0.00898502	0.00905679	0.00910672	0.00913485	0.00907928	0.00892994	0.00881282	0.00891216	0.00929503	0.00982165	0.0102574	0.010482	0.0105637	0.0106287	0.0106961	0.0106577	0.0104013	0.00995855	0.00951268	0.00924519	0.00921283	0.00935763	0.00960748	0.00991257	0.0101631	0.0101999	0.00997554	0.00963239	0.00937495	0.00930781	0.00941623	0.00961154	0.0097406	0.00967351	0.00942543	0.00911413	0.00885486	0.00872245	0.00871393	0.0086912	0.0084658	0.00805618	0.00768503	0.00744762	0.00723928	0.00699043	0.00674931	0.00659777	0.00659583	0.00673508	0.00690369	0.00693954	0.00675309	0.00641938	0.00613219	0.0060363	0.00610882	0.00617906	0.00603619	0.00561111	0.00508502	0.00470202	0.0045132	0.00441349	0.00431931	0.00421213	0.00411864	0.00409867	0.00417	0.00426573	0.00432819	0.00436916	0.00439308	0.00436548	0.00427474	0.00413181	0.00392282	0.00362187	0.00324202	0.0028179	0.00232137	0.00169646	
0.00179126	0.00241335	0.0028153	0.00307764	0.00326642	0.00334559	0.00332593	0.00330035	0.00333669	0.00347143	0.00373464	0.00409795	0.00446375	0.00472992	0.00485045	0.00487196	0.00489404	0.00494442	0.00496104	0.00493557	0.00497185	0.00516503	0.00549734	0.00588203	0.00624966	0.00655143	0.00671137	0.00665787	0.00647277	0.00638194	0.00649181	0.00670014	0.00688389	0.0070113	0.00711426	0.00725996	0.00750016	0.00780446	0.00809759	0.00834697	0.00856018	0.00874263	0.00889725	0.00904184	0.00920915	0.00939147	0.00950781	0.00951055	0.00947353	0.00948129	0.00950165	0.00946225	0.00940806	0.00949869	0.00982401	0.0102748	0.0106504	0.0108595	0.0109647	0.0110464	0.0110894	0.0110234	0.0108126	0.0104865	0.0101347	0.00987582	0.00978435	0.00983462	0.0099712	0.010178	0.0103929	0.0104785	0.0103642	0.0101302	0.00991882	0.00983366	0.00992095	0.0101261	0.0102507	0.0101165	0.00975773	0.00932772	0.00894341	0.00868973	0.00859641	0.00852826	0.00827924	0.00787912	0.00758181	0.00749638	0.00747975	0.007384	0.00722082	0.00710836	0.00714976	0.00732764	0.0074863	0.00744747	0.00715657	0.00673076	0.00637469	0.00622455	0.00625053	0.00628157	0.00610577	0.00565288	0.00511829	0.00475849	0.00460235	0.00450642	0.00437892	0.00423643	0.00413672	0.00411969	0.00417008	0.00422822	0.00426245	0.00429849	0.00434483	0.00435554	0.00430153	0.00419871	0.00404141	0.00377961	0.00339982	0.00295178	0.00243749	0.00179908	
0.00179364	0.00244892	0.0028817	0.00314854	0.00333314	0.00344177	0.00348806	0.00352508	0.00359336	0.00373284	0.00398605	0.00433269	0.00466847	0.00486531	0.0048658	0.00475376	0.0046912	0.0047551	0.00489547	0.00505092	0.0052372	0.00551109	0.00587852	0.00628032	0.00666445	0.00700202	0.00721075	0.00717333	0.0069441	0.00679066	0.00688444	0.0071361	0.00739719	0.00761628	0.00779584	0.00796342	0.00816437	0.00839514	0.00860759	0.0088069	0.00905422	0.00935447	0.00962319	0.00979577	0.00990486	0.00998974	0.00999967	0.00989217	0.0097622	0.00974327	0.00983224	0.00992418	0.00997865	0.0100685	0.0102638	0.0105355	0.0108098	0.0110584	0.0112933	0.0114962	0.0116025	0.0115792	0.0114556	0.0112584	0.0110062	0.0107744	0.010653	0.0106262	0.0106175	0.0106267	0.0106892	0.0107627	0.010765	0.0106804	0.0105612	0.010477	0.0105001	0.0106284	0.0106918	0.0105097	0.0101102	0.00963574	0.00917481	0.00879915	0.00856583	0.00838275	0.00808544	0.00772464	0.00753768	0.00760821	0.00776808	0.00783221	0.00777959	0.0077074	0.00771892	0.00782917	0.00791474	0.00780884	0.00746835	0.00702372	0.00667527	0.00653227	0.00653116	0.00649662	0.00625812	0.0057898	0.00529088	0.0049902	0.00488219	0.004792	0.00461842	0.0044107	0.00426775	0.0042244	0.00423216	0.00422448	0.00418907	0.00417276	0.00420154	0.00422945	0.00421207	0.00416708	0.00409528	0.00391768	0.00358229	0.00314063	0.00261713	0.00195404	
0.00179887	0.00248239	0.00295273	0.00324325	0.00344534	0.00360204	0.00372547	0.00381751	0.00388871	0.00400166	0.00423474	0.00458106	0.00491658	0.00506908	0.00496601	0.00474904	0.00465784	0.00479372	0.0050755	0.00537768	0.00565304	0.00594385	0.00629048	0.00667338	0.00706016	0.00742441	0.00767393	0.00767478	0.00746703	0.00731847	0.00741967	0.00769795	0.00800635	0.00828545	0.0085057	0.00865562	0.00879173	0.00895746	0.00912433	0.00930488	0.00959656	0.0100181	0.0104171	0.0106287	0.0106439	0.0105554	0.0104147	0.0102359	0.0100875	0.0100549	0.0101358	0.0102632	0.0103888	0.0104967	0.0105844	0.0106797	0.0108564	0.0111692	0.0115719	0.0119322	0.0121388	0.0122026	0.0122092	0.0121691	0.0120287	0.01183	0.0116937	0.0116242	0.0115035	0.0113067	0.0111614	0.0111555	0.011229	0.01129	0.011295	0.0112328	0.0111681	0.0111853	0.0111947	0.0110048	0.0105915	0.0100785	0.00955495	0.0090808	0.00871204	0.00839827	0.00804932	0.00774713	0.00767289	0.00784027	0.00807494	0.00822684	0.00827164	0.00824281	0.00820439	0.00821329	0.00820989	0.0080593	0.00772797	0.00733719	0.00705182	0.00693301	0.00688569	0.00675305	0.00643503	0.00596344	0.00552216	0.00528863	0.0052326	0.00517256	0.00499585	0.00475335	0.00456109	0.00445814	0.00438538	0.00428011	0.00415457	0.00407575	0.00407382	0.00409865	0.00410147	0.00410502	0.00411358	0.00402529	0.0037524	0.00333208	0.0027953	0.00209336	
0.00188851	0.00258893	0.00307064	0.00337148	0.0035953	0.00380296	0.00399319	0.00412422	0.00419007	0.0042808	0.00450416	0.00485367	0.00518115	0.00529048	0.00512276	0.00487753	0.00483645	0.00507893	0.00546691	0.00583006	0.00610699	0.006356	0.00664972	0.00699346	0.00735761	0.00770871	0.00796111	0.00800211	0.00787355	0.00780686	0.00796222	0.0082698	0.00859288	0.00887855	0.00909227	0.00920481	0.00927643	0.00937894	0.00950145	0.00966592	0.00998858	0.0104925	0.0109891	0.0112508	0.0112217	0.0110218	0.0108007	0.010631	0.0105225	0.0104634	0.0104472	0.0105027	0.0106482	0.0108119	0.0108958	0.0109285	0.0110773	0.0114607	0.0119887	0.0124426	0.01269	0.0127937	0.0128872	0.012968	0.0129263	0.012773	0.0126516	0.0125906	0.0124369	0.0121191	0.0118101	0.0117001	0.0117732	0.0119124	0.0120044	0.011945	0.0117815	0.0116993	0.0116961	0.0115442	0.0111346	0.0105816	0.0100195	0.00951725	0.00910098	0.00872406	0.00835461	0.00810241	0.00808775	0.00825188	0.00843707	0.00857064	0.00864783	0.00864332	0.00858073	0.00853321	0.00847332	0.00830002	0.00800686	0.00769864	0.00747883	0.00735357	0.00722331	0.00698072	0.00659588	0.0061314	0.00573385	0.00553182	0.00549704	0.00547566	0.00535378	0.00515064	0.00495378	0.00479589	0.00463074	0.00442239	0.00421366	0.00408095	0.00404036	0.00403645	0.00403124	0.00405516	0.00411111	0.00408424	0.00386172	0.00345746	0.00289864	0.0021555	
0.00207002	0.00276382	0.00320479	0.00347589	0.00370635	0.00394757	0.00417228	0.00432648	0.00441585	0.00453808	0.00478558	0.00512758	0.00540854	0.00546267	0.00528368	0.00509266	0.00513827	0.0054492	0.00585924	0.00620101	0.00643434	0.00663965	0.00690158	0.00721906	0.007544	0.00784388	0.00806982	0.00815286	0.00813131	0.00817642	0.00840038	0.00873355	0.00904841	0.00930322	0.00948669	0.00957168	0.00959782	0.00963679	0.00970329	0.00984042	0.0101658	0.0106919	0.0112228	0.0115308	0.0115536	0.0114031	0.0112378	0.0111271	0.011039	0.0109263	0.0108114	0.0108037	0.0109708	0.0112077	0.0113594	0.0114489	0.0116708	0.0121408	0.0127241	0.0131657	0.0133491	0.0133748	0.0134011	0.013454	0.0134541	0.0134035	0.0133968	0.0134187	0.0132899	0.0129251	0.0125231	0.0123285	0.0123602	0.0125008	0.0125965	0.0124875	0.0122272	0.0120774	0.0120865	0.0119892	0.0116159	0.0110785	0.0105491	0.0101085	0.00975889	0.00943925	0.00912694	0.00891377	0.00886047	0.00888609	0.00890237	0.00892535	0.00895943	0.00893799	0.00886942	0.00882415	0.00876069	0.00858617	0.00832364	0.00807485	0.00789407	0.00774081	0.00752094	0.00718362	0.00675416	0.00629412	0.00590069	0.00567412	0.00561449	0.00561131	0.00555637	0.00543094	0.00527614	0.00510417	0.00488231	0.00460712	0.00434532	0.00417047	0.00408543	0.00404029	0.00401052	0.00402601	0.00408852	0.00408853	0.00390334	0.00351783	0.00294259	0.00216551	
0.00226192	0.00292743	0.00329103	0.00349841	0.00370768	0.00394634	0.00416813	0.00434785	0.00452088	0.00474932	0.0050529	0.00536641	0.00556694	0.00556978	0.00542942	0.00533309	0.0054409	0.00574264	0.00610055	0.00639372	0.0066091	0.00682359	0.00709985	0.00740926	0.00768886	0.00793383	0.00815722	0.00832436	0.00843177	0.00857076	0.00882019	0.00913397	0.00940798	0.00961235	0.00975536	0.00980924	0.00979183	0.00978497	0.00983677	0.00998865	0.0103218	0.0108246	0.011318	0.0116322	0.0117561	0.011779	0.0117706	0.0117271	0.0116239	0.0114825	0.0113799	0.0114266	0.0116574	0.0119403	0.0121319	0.0122896	0.0126039	0.0131338	0.0136949	0.0140371	0.0140828	0.01395	0.0137954	0.0136998	0.0136921	0.0137975	0.0139893	0.0141226	0.0139996	0.0135917	0.0131507	0.0129434	0.0129819	0.0131187	0.0131642	0.0129622	0.012618	0.0124351	0.0124584	0.0124019	0.0120918	0.0116432	0.0112131	0.0108696	0.0106262	0.0104362	0.0102505	0.0100739	0.00988888	0.00965307	0.00941995	0.00930198	0.00927838	0.0092227	0.00912834	0.00907311	0.00901252	0.00884602	0.00859986	0.00838291	0.00823167	0.00806593	0.00778341	0.00737816	0.00691747	0.00644993	0.00603117	0.00575386	0.00565075	0.00563911	0.00561145	0.00553052	0.00541037	0.0052416	0.00499525	0.00469432	0.00441828	0.00422982	0.00412719	0.00406844	0.00402633	0.00401842	0.0040523	0.00404675	0.00389335	0.00354987	0.00298778	0.00219115	
0.00238168	0.0030253	0.0033268	0.0034651	0.00361847	0.00381729	0.0040336	0.00428402	0.00460643	0.0049806	0.00533326	0.00559217	0.00570776	0.00567979	0.0055892	0.00556513	0.00569445	0.00595882	0.00626458	0.00654087	0.00679575	0.00707748	0.00739501	0.00768724	0.00790797	0.00811651	0.00839213	0.00869919	0.00895113	0.0091528	0.00936679	0.00959029	0.0097742	0.0099189	0.0100277	0.0100487	0.009995	0.00998207	0.0100801	0.0102943	0.0106491	0.011114	0.0115371	0.0118217	0.0120409	0.0122754	0.0124685	0.0125099	0.0124107	0.0123069	0.0123148	0.0124816	0.0127771	0.0130682	0.0132487	0.013405	0.0137155	0.0141971	0.0146473	0.0148472	0.0147639	0.0145285	0.014273	0.0140754	0.0140284	0.0141979	0.0144866	0.0146511	0.0144907	0.0140488	0.0136326	0.0135092	0.0136476	0.0138339	0.0138403	0.0135567	0.0131644	0.0129749	0.0129967	0.0129511	0.0127116	0.0123956	0.0120942	0.0118223	0.0116212	0.0115048	0.0114155	0.0112547	0.010917	0.0104153	0.00995889	0.00974513	0.00970927	0.00964003	0.00947998	0.00932186	0.00918522	0.00900321	0.00878449	0.00861993	0.00852252	0.00836584	0.00803693	0.0075789	0.00709818	0.00663063	0.00620419	0.0059086	0.00578621	0.00575052	0.00569148	0.00558128	0.00543184	0.0052203	0.00492857	0.00461322	0.00436072	0.00420901	0.00414068	0.00410819	0.00407185	0.00404062	0.00403062	0.00399377	0.00385721	0.00356752	0.00304535	0.00224713	
0.00240464	0.00306918	0.00338209	0.00348897	0.00356434	0.00369399	0.00392385	0.00429742	0.0047965	0.00529392	0.00565362	0.00584289	0.00590027	0.00587085	0.00581514	0.00581883	0.00594993	0.00619825	0.0064861	0.00677339	0.00709452	0.00746842	0.00783112	0.0080843	0.00822736	0.00840818	0.00875988	0.00921834	0.00960635	0.00985139	0.00999823	0.0100896	0.0101661	0.0102832	0.0104135	0.0104563	0.0104208	0.0104338	0.0105596	0.0107874	0.0111351	0.0115767	0.0119656	0.0122375	0.0125414	0.01298	0.0133946	0.0135633	0.0135123	0.01346	0.0135307	0.0137178	0.0139965	0.0142924	0.0144975	0.0146368	0.0148571	0.0151917	0.0154795	0.0155523	0.0154195	0.0152268	0.0150615	0.0149057	0.01479	0.0148092	0.014943	0.0150065	0.0148179	0.0144137	0.0140823	0.0140723	0.0143305	0.0146005	0.0146321	0.014351	0.0139657	0.0137484	0.0136887	0.0135855	0.0133998	0.0132356	0.0130835	0.0128707	0.0126395	0.0124746	0.0123614	0.0121666	0.0117387	0.0111196	0.0105931	0.0103817	0.0103845	0.010326	0.010075	0.00972328	0.00940319	0.00914816	0.00895942	0.00887185	0.00884414	0.0087008	0.00832678	0.00782047	0.00733392	0.0069012	0.00652846	0.0062863	0.00619085	0.00612708	0.0059908	0.0057885	0.00554206	0.00522323	0.0048472	0.0045216	0.00432953	0.00425392	0.00423525	0.00421595	0.00416271	0.00409666	0.00404027	0.00396261	0.00382325	0.00357014	0.00308577	0.00229765	
0.00236373	0.00310488	0.00352685	0.00367984	0.00369586	0.00373837	0.00396436	0.00444192	0.00507543	0.00564169	0.00597699	0.0061054	0.00614165	0.00614591	0.00613533	0.00616048	0.00628883	0.00651623	0.00677094	0.00704353	0.00740236	0.0078445	0.0082378	0.00845364	0.00853796	0.00870388	0.00911037	0.0096746	0.0101672	0.0104508	0.0105334	0.0105064	0.0105307	0.0107182	0.0109787	0.0111429	0.0111924	0.0112173	0.0112726	0.011411	0.0117194	0.012177	0.0125898	0.0128725	0.0132305	0.0138213	0.0144373	0.0147607	0.0147823	0.0147291	0.0147145	0.0147488	0.0149176	0.0152492	0.0155774	0.0157776	0.0159409	0.0161539	0.0163252	0.0163353	0.0162231	0.0161454	0.0161564	0.0161297	0.0159632	0.0157301	0.0155575	0.0154421	0.0152529	0.0149448	0.014701	0.0147395	0.0150429	0.0153805	0.0155038	0.0153247	0.01498	0.0146528	0.0143734	0.0141131	0.013944	0.0139236	0.0139308	0.0138029	0.013545	0.0132702	0.0130306	0.0127507	0.0123082	0.0117459	0.0113142	0.0111842	0.0112354	0.0111893	0.0108712	0.0103488	0.00983372	0.00946273	0.00924849	0.00917142	0.00915215	0.00900551	0.00861651	0.00809753	0.0076286	0.00726415	0.00700424	0.00688144	0.00685304	0.00676663	0.0065414	0.00623309	0.00587426	0.00543656	0.00498528	0.00468209	0.00458166	0.00457655	0.00455032	0.00445746	0.00431006	0.00416735	0.0040637	0.00396742	0.00383621	0.00360311	0.00313081	0.00234112	
0.00231581	0.00315995	0.00374786	0.00401957	0.00403431	0.00399971	0.00416621	0.00464476	0.0053125	0.00589518	0.00620799	0.00630755	0.00636162	0.0064405	0.00651853	0.00659727	0.00672125	0.00689198	0.00706849	0.00728249	0.00762036	0.0080583	0.00843814	0.00864193	0.00874231	0.00894398	0.00938194	0.00998188	0.0105256	0.0108341	0.0108656	0.0107639	0.0108206	0.0111889	0.011691	0.0120639	0.0122279	0.0122257	0.0121484	0.0121738	0.0124696	0.0129798	0.0134262	0.0136848	0.0140048	0.014613	0.0153171	0.0157609	0.0158783	0.0158246	0.0156742	0.0155042	0.0155494	0.0159303	0.0164125	0.0167305	0.0169232	0.0171203	0.0172761	0.0172889	0.0172071	0.017199	0.0173253	0.0174285	0.017309	0.0169579	0.0165598	0.0162699	0.0160525	0.0158121	0.0156181	0.0156445	0.0159133	0.016244	0.0164281	0.0163669	0.0160728	0.0156035	0.0150535	0.0145926	0.0143903	0.014446	0.0145613	0.0145256	0.0142876	0.0139274	0.0135424	0.0131587	0.0127279	0.0122762	0.0119618	0.0118764	0.0119119	0.0118577	0.0115565	0.0110297	0.0104616	0.0100107	0.0097024	0.00950427	0.00936322	0.00916094	0.00879778	0.00833218	0.00791207	0.00762003	0.00748171	0.00749493	0.00754612	0.00745299	0.00717098	0.00679529	0.00635873	0.00584477	0.00537421	0.00513593	0.00512397	0.00513465	0.00501359	0.00476003	0.00446119	0.00422794	0.00410896	0.00405308	0.00397149	0.00375334	0.00325513	0.00242332	
0.00228284	0.00320786	0.0039424	0.00435181	0.0044249	0.0043582	0.0044322	0.00480327	0.00539199	0.00593585	0.00623554	0.0063529	0.00647814	0.00667625	0.00687904	0.00703562	0.00716161	0.00727556	0.0073826	0.00753777	0.00781049	0.00816575	0.00847959	0.00868909	0.00887442	0.00917194	0.00964423	0.0102214	0.0107349	0.0110164	0.0110071	0.0108887	0.0110302	0.0116014	0.0123629	0.012967	0.0132557	0.013252	0.0131228	0.0131397	0.0134788	0.0140191	0.0144321	0.0145907	0.0147634	0.0152144	0.0158172	0.016282	0.0165293	0.0166013	0.0164788	0.0162602	0.0162606	0.0166474	0.017173	0.0175313	0.0177502	0.0179828	0.0181898	0.0182516	0.0182068	0.0182259	0.0183905	0.0185888	0.018622	0.0183878	0.017975	0.0175701	0.0172631	0.0170196	0.0168605	0.0168905	0.0170844	0.0172706	0.0173502	0.0173169	0.0171	0.0166077	0.0159271	0.0153324	0.0150464	0.0150577	0.0151774	0.0151993	0.0150029	0.0145932	0.0140881	0.0136085	0.0131725	0.0127738	0.0124722	0.0123052	0.0122222	0.0121264	0.0119143	0.0115463	0.0110951	0.0106578	0.0102571	0.00987864	0.00953377	0.00921845	0.00888229	0.00850727	0.00815185	0.00789598	0.00780299	0.00786953	0.00795253	0.00787077	0.00760345	0.00723545	0.00677663	0.00624304	0.00580743	0.00563898	0.00565576	0.00560732	0.00535525	0.00495765	0.00456497	0.00431694	0.00425172	0.00427857	0.00425225	0.00402641	0.00346775	0.00255811	
0.00225656	0.00321514	0.00402507	0.00453381	0.00469509	0.00466035	0.00467309	0.00490205	0.00533854	0.00578759	0.00607007	0.00624332	0.00647955	0.00680734	0.0071203	0.00734212	0.00748608	0.00759817	0.00770987	0.00785464	0.00806137	0.0083125	0.00855516	0.00878032	0.00906068	0.00946433	0.00997063	0.0104808	0.01087	0.011046	0.0110148	0.0109673	0.0112176	0.0118922	0.0127743	0.0135313	0.0139653	0.0140904	0.0141124	0.0142842	0.0146929	0.0151638	0.0154187	0.0154067	0.0153885	0.0155925	0.0159644	0.0163627	0.0167596	0.017103	0.0172516	0.0172308	0.017307	0.0176335	0.0180184	0.0182378	0.0183752	0.0186098	0.0188906	0.0190585	0.0191166	0.0191955	0.0193665	0.0195995	0.019798	0.0198193	0.0195751	0.0191582	0.0187596	0.0184792	0.0183591	0.0184185	0.018507	0.0184263	0.0182414	0.0181297	0.0180149	0.0176692	0.0170765	0.0164748	0.0160927	0.0159784	0.0160343	0.0160741	0.0158912	0.0154188	0.0148043	0.0142393	0.0137744	0.0133666	0.0129981	0.0126813	0.0124353	0.0122631	0.0121065	0.0118855	0.011582	0.0112202	0.0107975	0.0103069	0.00980635	0.00938614	0.00906122	0.00877075	0.00847179	0.00818484	0.00798383	0.00791902	0.00791518	0.00784113	0.00766264	0.00738614	0.00697113	0.00647209	0.00609454	0.00595506	0.00591992	0.00577219	0.00544124	0.00502364	0.00467574	0.00451234	0.00452841	0.00459636	0.00455607	0.00427643	0.00365171	0.00267905	
0.00226516	0.00321534	0.00401777	0.00455896	0.00480685	0.0048606	0.00488402	0.00501509	0.00530018	0.0056402	0.00590959	0.00614625	0.00646568	0.006855	0.00720114	0.00744262	0.00761678	0.00779321	0.0079936	0.00819041	0.00837141	0.00856565	0.00879393	0.00906386	0.00941643	0.00987541	0.0103704	0.0107721	0.0109863	0.011027	0.0110174	0.011127	0.0114883	0.0121147	0.0128985	0.0136683	0.0142566	0.0146372	0.014968	0.015399	0.0158849	0.0162134	0.016228	0.0160267	0.0158619	0.0158705	0.0160396	0.0163794	0.0169276	0.0175763	0.0180998	0.0184151	0.0186426	0.0188616	0.0189719	0.0189154	0.0188822	0.0190813	0.0194416	0.0197611	0.0199839	0.0201563	0.0203087	0.0204982	0.0207695	0.0210078	0.0209949	0.0206936	0.0203099	0.0200327	0.0199304	0.0199609	0.0198927	0.0195415	0.0191019	0.01888	0.0188348	0.0186839	0.0182984	0.0178015	0.0173897	0.0171852	0.0171851	0.0172066	0.0169738	0.0164044	0.0156987	0.0150779	0.0145833	0.0141473	0.0137143	0.0132831	0.0129057	0.0126282	0.0124173	0.0122007	0.0119514	0.0116621	0.0112899	0.0107997	0.0102526	0.00978503	0.00947196	0.00925639	0.0090099	0.00864197	0.00820185	0.00784297	0.00763948	0.00753427	0.00744863	0.0072902	0.00696822	0.00655187	0.00623639	0.00607934	0.00594381	0.00570625	0.00538219	0.00506738	0.00485662	0.00479506	0.0048362	0.00485098	0.00471196	0.00434089	0.0036691	0.00268802	
0.00237327	0.003297	0.00403324	0.00455019	0.00486355	0.00502169	0.00509947	0.00518993	0.00537535	0.00564984	0.00594115	0.00623729	0.00657217	0.00691501	0.00719195	0.00738883	0.00758044	0.0078529	0.00819512	0.00850307	0.00872602	0.00893676	0.00921097	0.00954876	0.00993976	0.0103768	0.0107959	0.0110884	0.0111916	0.0111807	0.011248	0.0115217	0.0119453	0.012415	0.0129596	0.0136345	0.0143399	0.0149697	0.0155863	0.0162533	0.0168294	0.0170646	0.0169108	0.0166124	0.0164106	0.0163418	0.0164187	0.0167706	0.0174667	0.0183528	0.0191715	0.0197651	0.0200997	0.0201698	0.0199803	0.019655	0.0194819	0.0196679	0.0201043	0.020551	0.0209005	0.021125	0.0212235	0.0213117	0.0215247	0.0218086	0.0219502	0.0218564	0.0216662	0.0215194	0.02143	0.0213228	0.0210238	0.0204654	0.0198937	0.0195942	0.0195473	0.0195169	0.0193305	0.0189992	0.0186593	0.0184542	0.0184183	0.0183742	0.0180495	0.017407	0.016685	0.0160787	0.015586	0.0151274	0.0146499	0.0141493	0.0136738	0.013275	0.0129406	0.0126272	0.0123358	0.0120722	0.0117688	0.0113359	0.010794	0.0102957	0.00998309	0.00983978	0.00966683	0.0092418	0.00857569	0.00793168	0.00752463	0.00733928	0.0072504	0.00712837	0.00688754	0.00658734	0.00635658	0.00618242	0.00594751	0.00563732	0.00535257	0.00516694	0.00507881	0.00505529	0.00504334	0.00495282	0.0046975	0.00423574	0.00352827	0.00256867	
0.00261018	0.00352141	0.00418432	0.00466087	0.00501349	0.00524075	0.0053501	0.00541168	0.00553777	0.0057937	0.0061449	0.00651642	0.00685059	0.00710199	0.00724834	0.00733628	0.00749052	0.0078225	0.00829937	0.00875802	0.00910119	0.00939339	0.00972244	0.01009	0.0104625	0.0108284	0.011172	0.0114435	0.0115964	0.0116764	0.0118428	0.0121925	0.0125994	0.0129077	0.0132258	0.0137727	0.0145234	0.0153071	0.016097	0.0169082	0.017555	0.0177786	0.0176184	0.0173959	0.0172864	0.0172306	0.0172853	0.0176819	0.0184892	0.0195006	0.0204484	0.0211435	0.0214579	0.0213577	0.0209603	0.0205193	0.020344	0.0205905	0.0211073	0.021625	0.022002	0.0221864	0.0221849	0.022129	0.0221606	0.0222894	0.0224355	0.0225672	0.022727	0.0228781	0.0228772	0.0226095	0.0220432	0.0213029	0.0206619	0.0203112	0.0202203	0.0202255	0.0201614	0.0199654	0.0197089	0.0195157	0.019432	0.0193209	0.0189636	0.0183477	0.0176896	0.0171453	0.0166837	0.016212	0.0156885	0.0151268	0.0145723	0.0140758	0.0136398	0.0132242	0.0128366	0.0125208	0.0122282	0.0118242	0.0112715	0.0107225	0.0103854	0.010295	0.0102062	0.00979848	0.00904996	0.00827951	0.00776109	0.0074725	0.00726498	0.00705615	0.00683746	0.00666	0.00655205	0.00641078	0.00612386	0.00576136	0.0054948	0.00538173	0.00533937	0.00528005	0.0051757	0.00499547	0.004676	0.0041617	0.00341143	0.0024413	
0.00291021	0.00383795	0.00446174	0.00491573	0.00528548	0.00552707	0.0056169	0.00563358	0.00571226	0.0059555	0.00636079	0.00682455	0.00721426	0.00743674	0.0074753	0.00742125	0.00746114	0.00775283	0.00828037	0.0088718	0.00938334	0.00980033	0.0101603	0.0104863	0.0107957	0.0111179	0.0114742	0.0118405	0.0121568	0.0123939	0.0126266	0.0129542	0.0133142	0.0135608	0.0137743	0.0142183	0.0149628	0.0158537	0.0167871	0.0176896	0.0183363	0.0185346	0.0184526	0.0184259	0.0184927	0.0184954	0.018542	0.0189411	0.0197566	0.0207515	0.0216606	0.0222883	0.0224878	0.0222684	0.02185	0.0215239	0.0215186	0.0219077	0.0225344	0.0231224	0.0234827	0.0235541	0.0233824	0.0231049	0.0228459	0.0226925	0.0227478	0.0230774	0.0236093	0.0240951	0.0242386	0.0238995	0.0231593	0.0222875	0.0215898	0.0212029	0.0210734	0.0210586	0.0210031	0.0208165	0.0205323	0.0202733	0.020139	0.0200612	0.0198263	0.0193349	0.0187239	0.0181738	0.0177046	0.0172107	0.0166369	0.0160292	0.0154516	0.0149419	0.0144822	0.0140012	0.0134905	0.0130347	0.0126413	0.012185	0.0116013	0.0110242	0.0106743	0.0106042	0.0105649	0.0102208	0.00952809	0.00877781	0.00822414	0.00783386	0.00747335	0.00713855	0.00690902	0.00682862	0.00683196	0.00674378	0.00645818	0.00609023	0.00583771	0.00574725	0.00569906	0.00558051	0.00538924	0.00515055	0.00481674	0.00428783	0.00348397	0.00244367	
0.00314321	0.00410809	0.00473219	0.00517779	0.00553648	0.0057488	0.00579465	0.00577468	0.00582573	0.00604484	0.00645941	0.00699866	0.0075029	0.00780135	0.00781506	0.00764227	0.00753236	0.00770137	0.00817676	0.00882539	0.00948062	0.0100195	0.0103907	0.0106509	0.0109263	0.0113025	0.01177	0.0122594	0.0127002	0.0130396	0.013297	0.013587	0.013947	0.0142531	0.0144864	0.0148785	0.0156181	0.0166443	0.0177743	0.0187699	0.0193512	0.0194604	0.0194334	0.0196015	0.0198615	0.0199653	0.020026	0.0203729	0.0210782	0.0219235	0.0226644	0.0231197	0.0231854	0.0229535	0.0227036	0.0226752	0.0229533	0.023537	0.0243177	0.0250313	0.0254013	0.0253251	0.0249073	0.0243343	0.0237577	0.0233563	0.0233633	0.0238556	0.0246036	0.0252091	0.02537	0.0250189	0.0242871	0.0234433	0.0227693	0.0223873	0.0222307	0.0221517	0.0220149	0.0217352	0.0213255	0.0209371	0.0207641	0.0208018	0.020773	0.0204156	0.019772	0.019101	0.0185456	0.0180103	0.0173989	0.0167773	0.0162466	0.0158216	0.0154214	0.0149207	0.0142901	0.0136414	0.0130505	0.0124602	0.0118311	0.0112706	0.0109486	0.0108874	0.0108623	0.0105896	0.0100121	0.00933066	0.00874267	0.00824501	0.00777011	0.00737211	0.00715605	0.0071297	0.00716214	0.00706681	0.00678434	0.006449	0.00623018	0.00615658	0.00611111	0.00597192	0.00573158	0.0054458	0.00509757	0.00456626	0.00372124	0.00259217	
0.00322513	0.0042429	0.0048991	0.00533174	0.00564103	0.00579866	0.00581281	0.00579377	0.00585064	0.00604429	0.00642935	0.00700636	0.00762818	0.00805013	0.00810959	0.00789036	0.00768591	0.0077474	0.00813061	0.00875439	0.00946394	0.0100605	0.0104238	0.0106561	0.0109898	0.011522	0.0121356	0.0126805	0.0131219	0.0134725	0.0137536	0.0140739	0.0145062	0.0149181	0.015209	0.0155893	0.0163557	0.0175392	0.0188763	0.0199565	0.0204631	0.0204806	0.020474	0.0207687	0.0211953	0.0214488	0.0215793	0.021874	0.0224325	0.0230912	0.0236329	0.023908	0.0238932	0.0237584	0.0237712	0.0240578	0.0245779	0.0253201	0.0262547	0.0271088	0.0274838	0.0272305	0.0265564	0.0257617	0.0250427	0.0245996	0.0246715	0.0252588	0.0259838	0.026399	0.0263456	0.0259375	0.0253365	0.0246955	0.0241718	0.0238289	0.0235969	0.0233846	0.0231401	0.0227905	0.0222971	0.0218104	0.021586	0.0216581	0.021717	0.0214155	0.0207299	0.0199485	0.0193103	0.0187573	0.0181432	0.0175141	0.0170202	0.0166922	0.0163853	0.0158993	0.0151735	0.014339	0.0135379	0.0127917	0.0120991	0.0115485	0.0112596	0.0112146	0.0112076	0.0110114	0.0105553	0.00993198	0.00927112	0.00863723	0.00807843	0.00768927	0.00752868	0.00752838	0.00751744	0.007352	0.00704708	0.0067403	0.00654318	0.00646335	0.00641483	0.00628502	0.00603522	0.0057134	0.00534371	0.00483316	0.00400965	0.00284225	
0.00316613	0.00424448	0.00495522	0.0053742	0.00561864	0.00573037	0.00575344	0.00577561	0.00585406	0.00602101	0.00636972	0.00696297	0.00765744	0.00816069	0.0082771	0.00809619	0.00791608	0.00795982	0.00827218	0.00881978	0.00948656	0.010053	0.0103874	0.0106488	0.0111212	0.0118412	0.0125637	0.0130928	0.0134679	0.0137944	0.0141225	0.0145375	0.015073	0.015555	0.015867	0.0162543	0.0170736	0.0183741	0.0198241	0.0209308	0.0214035	0.021417	0.0214543	0.0218148	0.022348	0.0227468	0.0229703	0.0232381	0.0237014	0.0242806	0.0247765	0.0250382	0.0250923	0.0251468	0.0254019	0.025858	0.0264223	0.027157	0.0281188	0.0290025	0.0293128	0.0288999	0.0280958	0.0273162	0.0267447	0.0264662	0.0266176	0.0271612	0.0276997	0.0278083	0.0274685	0.0269736	0.0265296	0.0261642	0.0258551	0.0255302	0.0251031	0.0246245	0.0242195	0.023856	0.0234125	0.0229521	0.0226858	0.0226528	0.0226101	0.0222803	0.0216217	0.0208511	0.0202074	0.0196786	0.0190873	0.0184226	0.0178734	0.0175444	0.0172747	0.016784	0.0159741	0.0150079	0.014088	0.0132691	0.0125372	0.0119616	0.0116581	0.0116039	0.0116041	0.0114655	0.0111065	0.0105263	0.00978147	0.00899624	0.00835088	0.0079896	0.00790359	0.00793241	0.00788275	0.00766795	0.00735646	0.00706632	0.00684847	0.00669005	0.00655312	0.00637862	0.0061219	0.00580101	0.00545732	0.00503462	0.00432096	0.00318332	
0.00302272	0.00412939	0.00488042	0.00529511	0.0055087	0.00563255	0.00573094	0.00583543	0.00594237	0.00609029	0.00642703	0.00703703	0.00774816	0.00825621	0.00840397	0.00831442	0.00825056	0.00835284	0.00862928	0.00908609	0.00965291	0.0101321	0.0104337	0.0107664	0.011391	0.0122416	0.0130019	0.013507	0.0138601	0.0141954	0.014571	0.0150633	0.0156609	0.0161526	0.0164527	0.0168641	0.0177401	0.0190661	0.02047	0.0215131	0.0220157	0.0221738	0.02236	0.0227952	0.0233811	0.0238634	0.024142	0.0243774	0.0247991	0.0254589	0.0261709	0.0266912	0.0269889	0.0272626	0.027657	0.0280944	0.0284891	0.0290018	0.0297723	0.0305129	0.0307435	0.0303423	0.0296518	0.0290869	0.0287771	0.028663	0.0287724	0.0291293	0.029464	0.0293941	0.0289246	0.0284286	0.0281492	0.0280308	0.0279004	0.0275459	0.0268442	0.0259823	0.0252948	0.0248609	0.0245196	0.0241971	0.0239631	0.0238212	0.0236332	0.0232547	0.0226506	0.0219264	0.0212659	0.0207104	0.0201053	0.0193876	0.0187322	0.0182989	0.0179501	0.0173741	0.0164711	0.015452	0.0145565	0.0138135	0.0131328	0.012542	0.0121765	0.0120426	0.0119748	0.0118214	0.0115071	0.0109663	0.0101796	0.00928599	0.00856457	0.00821872	0.00819537	0.00826362	0.00822701	0.00804004	0.00777393	0.00750732	0.00724913	0.00696294	0.00664521	0.00632784	0.00602574	0.00574192	0.00549067	0.00520902	0.004638	0.00354955	
0.00287204	0.00394023	0.00467171	0.00507947	0.00531657	0.00552794	0.00577055	0.00600833	0.00618384	0.00635707	0.00671356	0.00732472	0.00800048	0.00847301	0.00864174	0.00864156	0.00868972	0.00886288	0.0091372	0.0095278	0.0099912	0.0103782	0.0106675	0.0110866	0.0118168	0.0127	0.0134367	0.0139484	0.0143571	0.0147419	0.0151341	0.0156309	0.0162383	0.0167484	0.0170859	0.0175585	0.0184711	0.0197178	0.0209204	0.0218048	0.02238	0.0228261	0.0233105	0.0239028	0.0245409	0.0250704	0.025388	0.0255923	0.025974	0.0267502	0.0277742	0.0286572	0.0292275	0.029647	0.0300579	0.0303749	0.0305301	0.0307317	0.0311849	0.0317149	0.0319798	0.0318575	0.0315046	0.0311834	0.0310159	0.0309315	0.0309104	0.0310419	0.0312119	0.0310979	0.0306698	0.0302866	0.0301772	0.0302174	0.030159	0.029748	0.0288466	0.0276746	0.0266746	0.026061	0.0257237	0.0255041	0.0253357	0.0251678	0.0249163	0.024506	0.0238898	0.0230941	0.0222756	0.0215567	0.0208706	0.020135	0.0194368	0.0188896	0.0183744	0.0176322	0.0166316	0.0156282	0.0148552	0.0142857	0.013744	0.0132002	0.0127855	0.0125252	0.0123017	0.0120366	0.011691	0.0111646	0.0103748	0.00944323	0.00869117	0.00835676	0.00836982	0.00847824	0.00850414	0.0084092	0.00822081	0.00798191	0.00769658	0.00730873	0.00681141	0.00631135	0.00592019	0.00566202	0.00550337	0.00533008	0.0048441	0.00377826	
0.00281086	0.0038063	0.00446873	0.00485524	0.00514116	0.00547014	0.00587581	0.00627482	0.00657611	0.00683588	0.00722142	0.00778397	0.00838092	0.00882741	0.00903657	0.00909107	0.00918179	0.00940031	0.00971559	0.0101025	0.0105082	0.0108377	0.0111334	0.0116111	0.0123665	0.0132004	0.0138808	0.0144093	0.0148906	0.0153259	0.0157079	0.0161773	0.016833	0.0175078	0.0180517	0.0186598	0.0195681	0.0206341	0.0215276	0.0221819	0.0228207	0.0235985	0.0244369	0.0252121	0.0258954	0.0264823	0.0269016	0.027138	0.0274536	0.028212	0.0293711	0.0304643	0.0311851	0.0316435	0.0320093	0.0322354	0.0322552	0.0322529	0.0324653	0.0328676	0.0332875	0.0335688	0.0336052	0.0334655	0.0333285	0.0332305	0.0331279	0.033079	0.0330644	0.0328844	0.0325247	0.0322726	0.0322743	0.0323458	0.0322378	0.0317712	0.0308591	0.0296608	0.0285526	0.0277936	0.0273521	0.0270721	0.0268475	0.026619	0.0263139	0.0258428	0.0251194	0.0241392	0.0230757	0.0221393	0.0213634	0.0206618	0.0200028	0.0193938	0.0187191	0.0178137	0.0167396	0.015772	0.0151103	0.0146884	0.0142912	0.0138469	0.0134459	0.0130924	0.0127004	0.0122635	0.0117966	0.0112047	0.0103892	0.00946242	0.00873466	0.00842399	0.00845451	0.00860107	0.00870976	0.00871032	0.00857396	0.00833827	0.00803545	0.00760531	0.00701818	0.00640001	0.00592356	0.00564879	0.00551336	0.00535254	0.00485792	0.00378384	
0.00289004	0.00385262	0.00446281	0.00482679	0.00514307	0.00554737	0.00605659	0.00657746	0.00701627	0.00739541	0.00780848	0.00828722	0.00878667	0.00922748	0.00950239	0.00960381	0.00971121	0.0099798	0.0103847	0.0108298	0.0112291	0.0115299	0.0118109	0.0122633	0.0129456	0.0136849	0.0143159	0.0148628	0.0153981	0.0158781	0.0162693	0.0167498	0.0175383	0.0185348	0.0194551	0.0202683	0.0211091	0.0218942	0.0224433	0.0228866	0.0235883	0.0246377	0.0257224	0.0265637	0.0272142	0.0278548	0.0284487	0.0288101	0.0290674	0.0296707	0.0307456	0.0318705	0.0326568	0.0331369	0.0334886	0.0337095	0.0337376	0.0337208	0.0338913	0.0343025	0.0348722	0.0354176	0.0356859	0.0356526	0.0355545	0.0355015	0.0353974	0.0352085	0.0349735	0.0346718	0.034345	0.0341515	0.0341252	0.0340876	0.033852	0.0333475	0.0325818	0.0316464	0.0307403	0.0300231	0.0294679	0.0289609	0.0284684	0.0280122	0.0275418	0.0269352	0.0260835	0.0249794	0.0237928	0.022751	0.0219293	0.0212411	0.0205915	0.0199385	0.0191879	0.0182296	0.0171425	0.0161821	0.0155396	0.0151625	0.0148403	0.0144735	0.0141069	0.0137256	0.0132504	0.0126772	0.012037	0.0112886	0.0104003	0.00950376	0.00885051	0.00858282	0.00861678	0.00877291	0.00891074	0.00891844	0.00874429	0.00845649	0.00812224	0.00769537	0.00713886	0.00654384	0.00605594	0.00574436	0.00555604	0.00531915	0.00474737	0.00364538	
0.00305838	0.00405625	0.00467449	0.00503471	0.00535016	0.00576216	0.00628835	0.00685248	0.00738379	0.00787151	0.00832318	0.00873868	0.00915349	0.00958842	0.00994064	0.0101353	0.0103248	0.0106934	0.0112047	0.0117011	0.0120846	0.0123427	0.0125593	0.0128955	0.0134306	0.014074	0.0147018	0.0153014	0.0159096	0.0164763	0.0169473	0.0174939	0.0184092	0.0196766	0.0209331	0.0219129	0.0226055	0.0230478	0.023322	0.0237249	0.0246007	0.025884	0.0270871	0.0278814	0.0284339	0.0290807	0.0298191	0.0303325	0.0306004	0.0310793	0.0320263	0.0331238	0.0339784	0.0345534	0.0349799	0.0352611	0.0353718	0.035482	0.0357982	0.0363235	0.0369424	0.0374752	0.0377133	0.0376907	0.0376609	0.0376937	0.0376147	0.0373251	0.0369221	0.036539	0.0362333	0.0360022	0.0358022	0.0355541	0.0351728	0.0346498	0.0340624	0.0334753	0.0329136	0.0323527	0.031694	0.0308743	0.0299921	0.0291898	0.0284551	0.0276728	0.0267643	0.0257244	0.0246462	0.0236664	0.0228341	0.0220818	0.0213401	0.0206132	0.0198663	0.0189781	0.0179301	0.0169248	0.0162117	0.0158067	0.0154928	0.0151136	0.0146991	0.0142973	0.0138498	0.0132577	0.0124796	0.0115507	0.0105822	0.00975035	0.00921427	0.00900526	0.00901273	0.009091	0.00912366	0.00900547	0.00870717	0.00832276	0.00793428	0.00753301	0.00710643	0.00667407	0.00626777	0.00592484	0.00563944	0.00528721	0.0046203	0.00348548	
0.00324002	0.00430134	0.00496803	0.00535484	0.00567592	0.00607747	0.00657906	0.00712248	0.00766902	0.00820925	0.00870562	0.00911457	0.00948832	0.00991669	0.0103459	0.010679	0.0110105	0.0114877	0.012045	0.0125064	0.0128108	0.0129976	0.013138	0.0133535	0.0137608	0.0143576	0.015038	0.0157362	0.0164636	0.0171785	0.0178008	0.0184457	0.0193967	0.0207044	0.0220402	0.0230252	0.0235244	0.0236884	0.0238799	0.0245085	0.0257537	0.0273229	0.02864	0.0294191	0.029902	0.030484	0.0312129	0.0317875	0.0321415	0.0326643	0.0335865	0.0346437	0.0355336	0.0362411	0.0368291	0.0372445	0.0374921	0.0377915	0.0383148	0.0389558	0.0395129	0.0398365	0.039877	0.0398151	0.0398826	0.0400227	0.0399785	0.0396423	0.0391684	0.0387637	0.0384498	0.0380976	0.03765	0.037164	0.0366557	0.0361266	0.0356608	0.0353025	0.0349584	0.0344633	0.0336699	0.0325641	0.0313322	0.0301849	0.0291567	0.0281977	0.0272972	0.0264396	0.0255986	0.024773	0.0239625	0.0231412	0.0223005	0.0215035	0.0207712	0.0199537	0.0189143	0.0178183	0.0170157	0.0165963	0.0162868	0.0158328	0.0152777	0.0148036	0.0144081	0.0138675	0.0130179	0.01195	0.0109234	0.010163	0.00974115	0.00957994	0.00951684	0.00941996	0.00923856	0.00894775	0.00854622	0.00808484	0.0076263	0.00723726	0.00696734	0.00675316	0.00647036	0.00609923	0.00570496	0.00524965	0.00452137	0.0033741	
0.00342548	0.00454013	0.00526241	0.00571061	0.00608838	0.00652025	0.00700305	0.00748115	0.00795374	0.0084612	0.00898023	0.00942696	0.00981518	0.0102572	0.0107522	0.0112	0.0116251	0.0121168	0.0126035	0.0129442	0.0131395	0.0132753	0.0134097	0.0136211	0.0140236	0.0146492	0.015409	0.0162265	0.0171023	0.0179904	0.0187843	0.0195308	0.0204458	0.0215989	0.0227615	0.023608	0.0239909	0.0241165	0.0244812	0.0255122	0.0272045	0.0290828	0.030566	0.0314336	0.031918	0.0323859	0.0329539	0.0334657	0.0339272	0.0346344	0.0356477	0.0366594	0.0375045	0.0382934	0.0390673	0.0396905	0.040124	0.0405695	0.0411698	0.0417841	0.0422007	0.0423309	0.0422712	0.0423011	0.0425599	0.0428186	0.042768	0.0423664	0.0418392	0.0414058	0.0410315	0.0405212	0.0398463	0.0391727	0.0385778	0.0380446	0.0376261	0.0373256	0.0369793	0.0363901	0.0354413	0.0341381	0.0326543	0.0312108	0.0299076	0.0287838	0.0278792	0.0271586	0.0265043	0.0258035	0.0250264	0.0242095	0.0233852	0.0225886	0.0218193	0.0209355	0.0198073	0.0186359	0.0178281	0.0174691	0.0172073	0.0167158	0.016051	0.0154812	0.0150515	0.0144919	0.0135798	0.0124266	0.0113577	0.0106131	0.0102223	0.010052	0.00989483	0.00961986	0.00925813	0.00888228	0.00847773	0.00798609	0.00743956	0.00701308	0.00684434	0.00680725	0.006634	0.00623716	0.00574409	0.00521582	0.00447376	0.00334362	
0.00361572	0.00478686	0.00557695	0.00611579	0.00659403	0.00709975	0.00758802	0.00799127	0.0083488	0.00877133	0.00927183	0.00973782	0.0101385	0.0105812	0.0110912	0.0115683	0.0119885	0.0124012	0.012756	0.0129751	0.0131131	0.0132811	0.0135342	0.01391	0.0144522	0.0151509	0.0159591	0.016869	0.0178881	0.0189375	0.0198802	0.020707	0.0215604	0.0225067	0.0234255	0.0241446	0.0246102	0.0250043	0.0257269	0.0271115	0.0290731	0.0311157	0.0327313	0.0337407	0.0342975	0.0346909	0.0351029	0.0355462	0.0361217	0.0370328	0.0381561	0.0391139	0.0398614	0.0406622	0.0415839	0.0424129	0.043004	0.0434686	0.0439308	0.0443309	0.0445786	0.0446869	0.0448187	0.0452002	0.0457568	0.0460752	0.0458819	0.0453015	0.0446562	0.0441491	0.0436862	0.0430479	0.0422526	0.0415189	0.0409052	0.0403418	0.0398679	0.039483	0.0390053	0.0382668	0.0372021	0.0357923	0.0341551	0.0325269	0.0310665	0.0298311	0.0288532	0.0281117	0.0274725	0.0267542	0.0259231	0.0251117	0.0243866	0.0236618	0.0228063	0.0217114	0.020416	0.0192439	0.0185652	0.0183469	0.0181737	0.0177303	0.0170761	0.0164414	0.0158716	0.0151681	0.0141722	0.0129966	0.0119237	0.0111474	0.0106895	0.0104404	0.0102011	0.00984299	0.00943374	0.00907616	0.00870401	0.008174	0.00752387	0.00702318	0.00687654	0.00693238	0.0068361	0.0064318	0.00586478	0.00527496	0.00452513	0.00340874	
0.00373406	0.00498947	0.00588326	0.00653238	0.00711565	0.00770498	0.00823007	0.00861062	0.00890954	0.00927525	0.00972773	0.0101356	0.0104582	0.0108082	0.0112298	0.0116481	0.0120398	0.0124233	0.0127343	0.0129272	0.0130981	0.0133819	0.013845	0.014488	0.0152423	0.0160105	0.0167986	0.0177197	0.0188204	0.0199862	0.0210379	0.0219123	0.0227063	0.0235077	0.0242903	0.0250183	0.0257374	0.0265527	0.027638	0.02918	0.0311215	0.0330838	0.0346907	0.0358114	0.0365049	0.0369473	0.0373529	0.0378722	0.0386457	0.0397488	0.0409188	0.0417703	0.0423858	0.0431699	0.0442049	0.0451835	0.0458623	0.04627	0.0464985	0.0465961	0.0466732	0.0468838	0.0473884	0.0482321	0.0490652	0.0493549	0.0489639	0.0481953	0.0474113	0.0467816	0.0462076	0.0455086	0.044749	0.0441178	0.0435498	0.0428806	0.0421792	0.0415339	0.0408321	0.0399653	0.0388882	0.0375161	0.0359013	0.0342987	0.0328707	0.0315847	0.0304311	0.0294814	0.0286693	0.0277691	0.0267459	0.0258422	0.0251795	0.0245423	0.0236085	0.0222647	0.0207668	0.0196109	0.0191023	0.0190437	0.0189681	0.0186146	0.0180388	0.0173732	0.0166427	0.0157762	0.0147303	0.0136079	0.0126016	0.0118266	0.0112979	0.0109571	0.0106549	0.0102819	0.00989546	0.00955869	0.00916227	0.00856669	0.00785297	0.00731194	0.00714321	0.00720357	0.00713804	0.00674795	0.00614326	0.00548828	0.00468829	0.00353769	
0.00369189	0.00504456	0.00607342	0.00684662	0.00751992	0.00816962	0.0087386	0.00915691	0.00949014	0.0098687	0.0102792	0.0105786	0.0107467	0.0109223	0.0111812	0.0115045	0.011914	0.0124036	0.0128375	0.0131338	0.013407	0.0138296	0.014493	0.0153745	0.0163209	0.0171616	0.0179207	0.0187914	0.0198748	0.0210616	0.022151	0.0230403	0.0238055	0.0245681	0.025354	0.0261786	0.0271317	0.0282597	0.0295616	0.0311142	0.0329028	0.0346571	0.0361261	0.0372699	0.0381013	0.0386741	0.039204	0.0399646	0.0410959	0.0424823	0.0437158	0.0444569	0.0449509	0.0457416	0.046894	0.0479826	0.0487178	0.0491135	0.0491991	0.0490494	0.048948	0.049199	0.049937	0.0510189	0.0519309	0.0521862	0.0518086	0.0511148	0.0503251	0.0495546	0.0488264	0.0481103	0.0474992	0.0470567	0.0465315	0.045657	0.0445435	0.0434172	0.0423317	0.0413125	0.0403346	0.0391971	0.0378143	0.0363996	0.0350881	0.0337471	0.0323398	0.0310718	0.0299859	0.0288372	0.0275742	0.0265061	0.0258164	0.0252339	0.0242821	0.0227776	0.0210964	0.0198778	0.0194136	0.0194089	0.0193675	0.0190642	0.0185466	0.0178818	0.0170907	0.0161865	0.0151785	0.0141436	0.0132246	0.0125	0.0119703	0.0115823	0.0112144	0.0107958	0.0103867	0.0100133	0.0095603	0.00894546	0.0082854	0.00780503	0.00761664	0.00759906	0.00748778	0.00710363	0.00649346	0.00577788	0.00488359	0.00364759	
0.0035285	0.00496054	0.0061249	0.00702803	0.00777675	0.0084379	0.0089964	0.00943574	0.0098253	0.0102457	0.0106409	0.0108709	0.010938	0.0110005	0.0111566	0.0114238	0.0118651	0.0124831	0.0130967	0.0135615	0.0139699	0.014517	0.0153153	0.0163369	0.0174183	0.0183744	0.0191915	0.020033	0.0210209	0.0221048	0.0231367	0.0240243	0.0248192	0.0256212	0.0264422	0.0272938	0.0282864	0.0294754	0.0308289	0.0323901	0.0341265	0.0357606	0.0370913	0.0381786	0.0390659	0.0397515	0.0404557	0.0415447	0.0431418	0.0449378	0.046376	0.0471588	0.0476683	0.0485435	0.0498185	0.0509803	0.0517636	0.0522485	0.0523931	0.0521644	0.0518845	0.0519788	0.0525928	0.053493	0.0542028	0.0544539	0.0543933	0.0541507	0.0536238	0.0528142	0.051925	0.0511553	0.0506325	0.0502814	0.0497124	0.0485948	0.0470334	0.045339	0.0437623	0.0425317	0.0416737	0.0408444	0.0397452	0.0384885	0.0372263	0.0358201	0.034214	0.032672	0.0313189	0.0299378	0.0284716	0.0272401	0.0264697	0.0259072	0.0250146	0.0235216	0.0217737	0.0204281	0.0198011	0.0196317	0.0194724	0.0191249	0.0186177	0.0179901	0.0172664	0.0164686	0.0155712	0.0146094	0.0137324	0.0130453	0.0125376	0.0121111	0.0116395	0.0111111	0.0106301	0.0102139	0.00974562	0.00918772	0.00867749	0.00834638	0.00817248	0.00803538	0.007804	0.0073817	0.00676605	0.00599968	0.00500633	0.00367951	
0.00340452	0.00489646	0.00617263	0.00719297	0.00799563	0.00860955	0.00907287	0.00945768	0.00984774	0.0102736	0.0106636	0.0109054	0.0110069	0.011111	0.0113074	0.0115957	0.0120296	0.0126566	0.0133513	0.0139528	0.0144996	0.0151704	0.016077	0.0171859	0.0183685	0.0194726	0.0204146	0.0212457	0.0220794	0.0229712	0.0238976	0.0248123	0.0257055	0.0265789	0.0273946	0.0281643	0.0290177	0.0300681	0.0313752	0.0330113	0.0348648	0.0365592	0.0378665	0.0389014	0.0397885	0.0405793	0.0415161	0.0429601	0.0449744	0.0471398	0.0488466	0.0498493	0.0505742	0.0516291	0.0529937	0.0541554	0.054964	0.0556242	0.0560262	0.0559119	0.0554893	0.0552762	0.0555103	0.0559611	0.0562724	0.0564449	0.0567455	0.0571045	0.0570711	0.056443	0.0554923	0.0545943	0.0539366	0.0534146	0.0526562	0.0513437	0.0495157	0.0474556	0.0455232	0.0440955	0.0432519	0.0425737	0.0416106	0.0403813	0.0390944	0.0376891	0.0360684	0.0344144	0.0328604	0.0312674	0.0296278	0.0282711	0.0274356	0.0268814	0.0260781	0.0247264	0.0230524	0.0215814	0.0206348	0.0200978	0.0196743	0.0192079	0.0186831	0.018099	0.0174699	0.0168	0.0160184	0.015124	0.0142758	0.013599	0.013059	0.0125205	0.0118892	0.0112401	0.0107189	0.0103097	0.0098578	0.00934715	0.00895401	0.00875949	0.0086232	0.00839608	0.00804578	0.00756021	0.00691807	0.00610777	0.00504843	0.00366982	
0.00344886	0.00499846	0.00635211	0.00744586	0.00825574	0.008773	0.00909732	0.0093918	0.00974486	0.010143	0.0105286	0.0108286	0.0110278	0.0112235	0.0114999	0.0118409	0.0122578	0.0128267	0.0135227	0.0142169	0.0148914	0.0156867	0.0167044	0.017896	0.0191613	0.0203865	0.0214187	0.0221967	0.0228461	0.0235517	0.0244086	0.0253944	0.0264201	0.0273879	0.0282278	0.0289516	0.0296748	0.0305615	0.0318004	0.0335127	0.0355069	0.037329	0.0387253	0.0398162	0.0407854	0.0417665	0.0430061	0.0447693	0.0470236	0.0493398	0.0511911	0.0524344	0.0534669	0.0547309	0.0561092	0.0571777	0.0579711	0.0588224	0.0595542	0.0596582	0.0591728	0.0587059	0.0586403	0.0587438	0.058678	0.0586197	0.0590031	0.0597373	0.0601695	0.0598734	0.059036	0.0580578	0.0571449	0.0562503	0.0551609	0.0536747	0.0517905	0.0497052	0.0477369	0.046234	0.0452771	0.0445087	0.0435013	0.0422146	0.040866	0.0394884	0.0379731	0.0363664	0.0347316	0.0329876	0.0312071	0.0297632	0.0288896	0.0283137	0.0275333	0.0262978	0.0247312	0.0231647	0.0218797	0.0209236	0.0201877	0.0195782	0.0190327	0.0184835	0.0179023	0.0172795	0.0165502	0.0157181	0.014928	0.0142611	0.0136284	0.0129084	0.0121145	0.0114097	0.0109145	0.0105317	0.0100693	0.00954104	0.00916236	0.00899836	0.00886145	0.00859761	0.00820937	0.0077008	0.00703575	0.00619286	0.00510167	0.00370241	
0.00365161	0.00526687	0.00666652	0.00777129	0.00852164	0.00890526	0.00909144	0.00931335	0.00965026	0.0100513	0.0104702	0.010845	0.0111022	0.0112875	0.0115321	0.0118868	0.0123428	0.0129425	0.0137004	0.014513	0.0153118	0.0161955	0.0172688	0.0184936	0.0197963	0.0210863	0.0221583	0.022882	0.0234206	0.0240513	0.024905	0.0259476	0.0270713	0.0281636	0.0291419	0.0299797	0.0307442	0.0316145	0.0328384	0.0345426	0.0365159	0.0383498	0.0398499	0.0411348	0.0423667	0.043663	0.0452147	0.0471921	0.0495062	0.051771	0.0535983	0.0549769	0.0562446	0.05762	0.0588929	0.0597881	0.0605219	0.0614989	0.062493	0.0628326	0.0624284	0.0619549	0.0619071	0.0619991	0.0617794	0.0614449	0.0615748	0.0622322	0.0628032	0.0627616	0.0621629	0.0612946	0.0602679	0.0590548	0.0576081	0.0558968	0.0539875	0.0520522	0.0502892	0.0488591	0.0477577	0.046761	0.0455979	0.0441976	0.0427028	0.0412178	0.0397273	0.038228	0.0366646	0.0348945	0.0330079	0.0314384	0.0304549	0.0297757	0.0289297	0.0277245	0.0262312	0.0246322	0.0231353	0.0218596	0.0208311	0.0200527	0.0194776	0.0189785	0.0184378	0.0178063	0.0170593	0.0162473	0.0154963	0.0148181	0.0140805	0.013221	0.012369	0.0117113	0.0112744	0.0108937	0.0104098	0.00987488	0.009476	0.0092439	0.00902821	0.00873865	0.00837611	0.00789096	0.007219	0.00635088	0.00522994	0.00379779	
0.00390758	0.00560183	0.00703297	0.00809603	0.00872735	0.00895263	0.00900489	0.00916	0.0095005	0.00996368	0.0104911	0.0109786	0.0112697	0.011372	0.0115042	0.0118447	0.012402	0.0131441	0.0140516	0.0150245	0.0159503	0.0168689	0.0178907	0.0190414	0.02031	0.0216219	0.022739	0.0235035	0.024096	0.0247951	0.0256815	0.0267152	0.0278675	0.0290882	0.0302735	0.0313422	0.0323288	0.0333843	0.0346958	0.0363343	0.0381359	0.039846	0.0414054	0.0429482	0.0445548	0.0462269	0.048053	0.0501539	0.0524476	0.0545942	0.0563213	0.0577324	0.0590905	0.0604115	0.0614667	0.0621674	0.062844	0.0638882	0.0650646	0.0656739	0.0655518	0.0653409	0.0655536	0.065878	0.0657711	0.0653162	0.0650645	0.0652572	0.065556	0.0655492	0.0651817	0.0645217	0.063509	0.0621184	0.0604229	0.058499	0.0565044	0.0546736	0.0531292	0.0518118	0.050569	0.049275	0.0478462	0.0462279	0.0444719	0.0427261	0.0411316	0.0397335	0.0383433	0.0366328	0.0346073	0.0327575	0.031477	0.0305853	0.0296584	0.0284955	0.0271077	0.025587	0.0240573	0.02261	0.0213322	0.0203501	0.0197107	0.0192664	0.0187905	0.0181626	0.0173905	0.0165701	0.0158072	0.0150773	0.0142711	0.0134008	0.0126283	0.0120713	0.0116708	0.0112837	0.0108392	0.0103888	0.0100114	0.00968749	0.00935375	0.00901389	0.00865616	0.00817257	0.00748378	0.00658749	0.0054187	0.00392031	
0.00413724	0.00591816	0.00736775	0.00834635	0.00882238	0.00889524	0.00883973	0.00893431	0.00927786	0.0098344	0.0105266	0.0111752	0.0115473	0.0116402	0.0117441	0.0121254	0.0128018	0.0136727	0.0146837	0.0157654	0.0167971	0.0177385	0.0186644	0.0196716	0.0208302	0.0220928	0.0232448	0.0241464	0.0249357	0.0257941	0.0267232	0.0277104	0.028843	0.0301392	0.0314864	0.0328058	0.0341252	0.035501	0.0369849	0.0386014	0.0402739	0.0418988	0.043531	0.0453156	0.0472517	0.0492319	0.0512563	0.0534229	0.055678	0.0577228	0.0593679	0.0607892	0.0621623	0.0633549	0.0641961	0.0647902	0.0655084	0.0666572	0.0680019	0.0689067	0.0691648	0.0692847	0.0697311	0.0702866	0.0704557	0.0701362	0.069634	0.0692628	0.0690824	0.0689676	0.0687548	0.0681838	0.0670235	0.0653852	0.0635248	0.0615211	0.0594879	0.0576887	0.0562242	0.0548876	0.0534061	0.0517211	0.0499108	0.0479707	0.0459073	0.0439018	0.0422127	0.0409254	0.0397295	0.0380941	0.0358899	0.0336319	0.0318871	0.0306812	0.0296798	0.028628	0.0274346	0.0261022	0.0246717	0.0231788	0.0217288	0.0205451	0.0197863	0.0193368	0.018901	0.0182919	0.0175284	0.0167254	0.0159598	0.0151978	0.0143893	0.0136005	0.0129455	0.012441	0.0120178	0.0116317	0.0112836	0.0109657	0.0106382	0.0102555	0.00983176	0.00942826	0.00902547	0.00850793	0.00780729	0.00690079	0.00568085	0.00409081	
0.00433633	0.00618254	0.00761358	0.00847615	0.00880667	0.00879229	0.00871873	0.00881524	0.00917555	0.00981116	0.0106515	0.0114607	0.0119647	0.0121765	0.0124081	0.0129146	0.0136828	0.0145784	0.0155535	0.0166135	0.0176862	0.0186678	0.0195523	0.0204366	0.0214156	0.0224957	0.0236031	0.0246811	0.0257563	0.0268396	0.0278633	0.0288453	0.0299341	0.0311949	0.0325842	0.0341198	0.0358059	0.0375178	0.039173	0.0408378	0.0425471	0.044263	0.0460683	0.0480953	0.0502791	0.0524371	0.0545202	0.0566287	0.0587682	0.0607266	0.0623895	0.0639268	0.0653868	0.0665269	0.0672675	0.0679009	0.0688188	0.070188	0.0717037	0.0727929	0.0732627	0.0735157	0.0739886	0.0746342	0.0750793	0.0750388	0.0745055	0.0737618	0.073211	0.0730397	0.0729677	0.0723445	0.0707835	0.0686633	0.066554	0.0645513	0.0626065	0.0608609	0.0593435	0.057789	0.0559366	0.0538342	0.0516548	0.0493977	0.0470605	0.044879	0.0431654	0.041988	0.0409603	0.0394323	0.0371417	0.0345545	0.0323591	0.0307979	0.0296703	0.0287056	0.0277175	0.0266024	0.0253186	0.0238621	0.022329	0.0209706	0.0200294	0.0194708	0.0189969	0.0183715	0.0176014	0.0168167	0.016093	0.0153904	0.0146661	0.0139772	0.0133808	0.012845	0.0123449	0.0119299	0.0116289	0.0113766	0.0110729	0.0106737	0.0102238	0.00978933	0.00935499	0.00883933	0.00818476	0.0073157	0.00606328	0.00437013	
0.00451676	0.00637498	0.00773729	0.00849023	0.00875764	0.00878552	0.00882586	0.00901554	0.0094054	0.0100502	0.0109343	0.0118321	0.0124687	0.0128648	0.0132962	0.0139381	0.0147408	0.0155889	0.0164608	0.017411	0.0184296	0.0194187	0.0203186	0.021146	0.0219233	0.0227301	0.0237379	0.0250209	0.0264602	0.0278739	0.0291286	0.0302137	0.0312415	0.0323274	0.0336108	0.0352783	0.0372711	0.0392279	0.0409613	0.0426594	0.0444889	0.0464134	0.0484795	0.0508001	0.0532466	0.0555428	0.0575866	0.059504	0.0614249	0.0633177	0.0651485	0.0669701	0.068636	0.0698216	0.0705559	0.0713187	0.0725429	0.0742225	0.0758816	0.0769693	0.077396	0.0775773	0.0779446	0.0785403	0.0790696	0.0791758	0.0786972	0.0778606	0.0772179	0.0771392	0.0772525	0.0765889	0.0746168	0.071925	0.069417	0.0673395	0.0655361	0.0639093	0.0622994	0.0604273	0.058181	0.0557563	0.0533339	0.0508528	0.0483264	0.0460569	0.0443558	0.0432454	0.0423305	0.0409382	0.0387025	0.0359949	0.0335346	0.0316898	0.0303737	0.0293656	0.0284531	0.027446	0.0262345	0.0247989	0.0232181	0.0217284	0.020617	0.0199198	0.0193525	0.018639	0.0177668	0.0169074	0.0162022	0.0156243	0.0150595	0.0144742	0.0138926	0.0133046	0.0127155	0.0121976	0.0118005	0.0114767	0.0111357	0.0107412	0.0103312	0.0099442	0.00955745	0.00911108	0.0085439	0.00773511	0.00647389	0.00469733	
0.00465237	0.00646557	0.00772819	0.00841748	0.00874115	0.00894832	0.0092081	0.0095449	0.00994612	0.0104961	0.0112766	0.012151	0.0128725	0.0134332	0.01403	0.0147501	0.0155377	0.0163366	0.0171392	0.0179752	0.0188616	0.0197783	0.0206964	0.0215403	0.0222095	0.0228351	0.0238062	0.0253067	0.0271161	0.0289237	0.0305269	0.0318121	0.0327901	0.0336377	0.034727	0.036425	0.0386009	0.0406767	0.0423864	0.0440412	0.0459382	0.0480454	0.0503645	0.0529862	0.0557314	0.0582314	0.0603125	0.0621055	0.0638747	0.0657905	0.0678586	0.0699528	0.0717709	0.0730022	0.0737838	0.0747108	0.0762378	0.0782096	0.079985	0.0810419	0.081439	0.0816455	0.0820147	0.0824957	0.0828047	0.0827248	0.0822192	0.0814739	0.0809351	0.0809564	0.0811523	0.0804629	0.0782736	0.0751909	0.0722956	0.070067	0.0683772	0.0668973	0.0652208	0.0630506	0.060457	0.0577699	0.0551567	0.0525421	0.0499923	0.0478086	0.0462024	0.0451276	0.044232	0.0428966	0.040725	0.0380252	0.0354848	0.0334714	0.0319434	0.0307674	0.029762	0.028666	0.0273192	0.025741	0.024062	0.0225376	0.0214381	0.0207421	0.0201089	0.0192441	0.0181601	0.0171066	0.0163292	0.0158341	0.0154148	0.0149205	0.0143635	0.013774	0.0131289	0.0124482	0.0118245	0.0113143	0.0108842	0.0104973	0.0101695	0.00989932	0.00962067	0.00925178	0.00873082	0.0079466	0.00669149	0.00488901	
0.00469982	0.0064324	0.00760216	0.00828618	0.00874257	0.00917947	0.00967318	0.0101548	0.0105497	0.0109466	0.0115237	0.0122717	0.012997	0.0136536	0.014357	0.0151239	0.0158952	0.0166603	0.0174238	0.0181766	0.0189338	0.0197621	0.0207097	0.0216559	0.022404	0.0230759	0.0241197	0.0257575	0.0277772	0.0298615	0.0317549	0.0332401	0.0342463	0.0349872	0.035978	0.0376854	0.0399285	0.0420207	0.0436724	0.0452664	0.0471865	0.0494277	0.051941	0.0547591	0.0577012	0.0604058	0.0626623	0.0645795	0.0664869	0.0686036	0.0708215	0.0728842	0.0745861	0.0758222	0.0767773	0.0779631	0.0797545	0.0819271	0.083824	0.0850209	0.0856748	0.086212	0.0868029	0.0871889	0.0870808	0.0865725	0.0859458	0.0853375	0.0848871	0.0847797	0.0847266	0.0838537	0.0815765	0.0783612	0.0752705	0.0729569	0.071355	0.0699694	0.0682106	0.0657831	0.0628925	0.0599468	0.0571316	0.0544598	0.0520728	0.0501641	0.0487366	0.0476537	0.046648	0.0452398	0.0430926	0.0404627	0.0379261	0.0357672	0.0339784	0.0325547	0.031363	0.0300433	0.0283764	0.0264845	0.0246547	0.023215	0.0223458	0.0218235	0.0211788	0.0201428	0.0188193	0.0175468	0.0166361	0.016102	0.0156872	0.0151985	0.014666	0.0141255	0.0134673	0.0126298	0.0117637	0.0110593	0.0105457	0.0101719	0.00992706	0.0097728	0.0095824	0.00923012	0.00867451	0.00786538	0.00662562	0.00485696	
0.00466076	0.00631072	0.00743372	0.00816778	0.00875797	0.00935403	0.0099896	0.0105671	0.0109685	0.011251	0.011635	0.0122184	0.0128841	0.0135746	0.0143426	0.0151507	0.0159185	0.0166462	0.0173641	0.0180736	0.0187942	0.0196284	0.0206634	0.0217757	0.0227372	0.023613	0.0247677	0.0264087	0.0284137	0.0305311	0.0324953	0.0340848	0.0352416	0.0361651	0.0373335	0.0391597	0.041425	0.0434764	0.0450917	0.04669	0.0486906	0.0511018	0.05377	0.0566154	0.0595215	0.0622617	0.0646659	0.0668634	0.0692044	0.0717331	0.0740188	0.0757736	0.0771929	0.0785215	0.079864	0.0814456	0.083479	0.0857569	0.0877749	0.0892695	0.0903814	0.0913547	0.0921759	0.0924738	0.0920086	0.0911523	0.0904388	0.0899164	0.0894009	0.0889039	0.0883083	0.0870678	0.0847019	0.0814956	0.0783919	0.076089	0.0745055	0.0730439	0.0710949	0.0684601	0.065429	0.0623789	0.0594585	0.0567673	0.0545228	0.0528158	0.0514665	0.0502648	0.0490427	0.0475126	0.0454397	0.0429745	0.0404869	0.0381535	0.0360336	0.0342787	0.0328292	0.0312624	0.0293203	0.0272189	0.0253597	0.0240756	0.0234229	0.0230128	0.0223144	0.021128	0.0196479	0.0182475	0.0172106	0.0165099	0.0159089	0.0152974	0.0147557	0.0142702	0.0136231	0.0126987	0.0117061	0.0109238	0.0103965	0.0100389	0.00982084	0.00969442	0.00950017	0.00908557	0.00844675	0.00760466	0.0064029	0.00470689	
0.00460192	0.00621514	0.00737063	0.00820419	0.00888644	0.00951573	0.0101504	0.0107323	0.0111358	0.0113786	0.0116656	0.0121455	0.0127737	0.0134869	0.0142718	0.0150644	0.0157991	0.0164852	0.0171661	0.0178729	0.0186466	0.0195779	0.0207294	0.0219857	0.0231447	0.0242281	0.0254935	0.0271154	0.0290277	0.0310116	0.0328431	0.0344304	0.0358205	0.0371595	0.0387498	0.0408332	0.0431644	0.0452194	0.046886	0.0485881	0.0507455	0.0533551	0.0561291	0.0588694	0.0615552	0.0641309	0.0665142	0.0689317	0.0717778	0.0748385	0.0772971	0.0788923	0.0802773	0.0819596	0.0838201	0.0857667	0.0879202	0.0901736	0.0922349	0.093987	0.0954523	0.09663	0.097436	0.0976187	0.0970688	0.096218	0.0955666	0.0950336	0.0942843	0.0932994	0.0921443	0.0905494	0.0881258	0.0850008	0.081946	0.0795937	0.0778226	0.0760524	0.0738209	0.0711059	0.0682212	0.0653658	0.0624971	0.0597019	0.0572959	0.0554294	0.0539154	0.0525058	0.0510509	0.0493937	0.0473962	0.0451138	0.0427208	0.0402865	0.0378853	0.0357456	0.0339206	0.0321031	0.0301104	0.0281658	0.0265635	0.0254511	0.0247782	0.0242005	0.0233097	0.0220024	0.0204889	0.0190782	0.0179455	0.0170047	0.0161052	0.0153004	0.0147318	0.0143023	0.0136956	0.0127832	0.0118235	0.0111147	0.0106489	0.0102804	0.00997738	0.00973226	0.00941529	0.00888474	0.00816711	0.00732437	0.00619551	0.00459379	
0.00458981	0.00624401	0.0075159	0.00848536	0.00922321	0.00979697	0.0103197	0.0107937	0.0111262	0.0113451	0.0116321	0.0121294	0.0128163	0.0135871	0.0143453	0.0150417	0.0156984	0.0163586	0.0170417	0.017774	0.0186142	0.0196327	0.0208448	0.0221426	0.0233862	0.024614	0.0260334	0.0277686	0.029703	0.031574	0.0332348	0.0347922	0.0364127	0.0381625	0.0401449	0.0424534	0.0448923	0.0471041	0.0490179	0.0509567	0.0532874	0.0560171	0.0588082	0.0614083	0.0638648	0.0662451	0.0685539	0.071102	0.0743148	0.0778316	0.0806434	0.0825315	0.0843542	0.0866109	0.0889099	0.0909821	0.0930163	0.0950645	0.0970013	0.0988002	0.10038	0.101558	0.102254	0.102428	0.102091	0.10152	0.100974	0.100287	0.0991849	0.0977626	0.0962338	0.0944756	0.0921425	0.0892174	0.0862166	0.0836357	0.0814379	0.0792396	0.0767627	0.0741003	0.0715281	0.069003	0.0662096	0.0631555	0.0602749	0.0579236	0.0560656	0.0544296	0.0527677	0.0509329	0.048864	0.046617	0.0442949	0.0418918	0.0393904	0.0369438	0.0347031	0.0326291	0.0307248	0.0291525	0.0279483	0.0269778	0.0261114	0.0251825	0.0240204	0.02263	0.021173	0.0198218	0.0186215	0.0174592	0.0162896	0.0153126	0.0147269	0.0143763	0.0138657	0.0130519	0.0122189	0.0116498	0.011258	0.01083	0.0103449	0.00987194	0.00936341	0.00871827	0.00796535	0.0071553	0.006103	0.00457842	
0.00465126	0.00639124	0.00780183	0.00889857	0.00967275	0.0101797	0.0105687	0.010872	0.0110499	0.0112073	0.0115384	0.0121424	0.0129602	0.0138156	0.0145448	0.0151425	0.0157343	0.0164035	0.0171364	0.017923	0.0188158	0.0198766	0.0210864	0.0223324	0.0235448	0.0248413	0.0264396	0.0283996	0.0304889	0.0323718	0.033983	0.0355881	0.0373928	0.0393543	0.0414494	0.0437652	0.0462716	0.0487749	0.0511275	0.0534205	0.0559142	0.0586805	0.061441	0.063935	0.066244	0.0685531	0.0709426	0.0736657	0.0770504	0.0807569	0.0839163	0.08638	0.0888807	0.0916913	0.0942532	0.09628	0.0980743	0.0998196	0.101489	0.103146	0.104752	0.106057	0.106916	0.107334	0.107304	0.106884	0.106181	0.10515	0.103699	0.102002	0.100311	0.0985673	0.0964727	0.0938824	0.090988	0.0881295	0.0854937	0.0829662	0.0803175	0.0776236	0.0751616	0.072779	0.0699813	0.0666813	0.0633436	0.0604724	0.0581919	0.0562463	0.0543168	0.0522433	0.0499876	0.0476159	0.0452579	0.0429147	0.0404647	0.0379022	0.0353909	0.0331183	0.031252	0.0298904	0.0288957	0.0279736	0.0269369	0.025732	0.0243826	0.0229877	0.021638	0.0203571	0.0191053	0.0178068	0.0164941	0.0154175	0.0148135	0.0145343	0.0141414	0.0134448	0.0127151	0.0122254	0.0118532	0.0113474	0.0106952	0.010029	0.00938229	0.00869495	0.00796733	0.00719067	0.00615133	0.00462539	
0.00481006	0.00660993	0.00807387	0.00920505	0.00998489	0.0104757	0.010817	0.0110121	0.011054	0.011142	0.0115103	0.0122134	0.0131326	0.014045	0.0147742	0.0153507	0.0159418	0.0166548	0.0174791	0.0183743	0.0193558	0.0204738	0.0216912	0.022876	0.0240064	0.0252937	0.0269963	0.0291224	0.0313499	0.0333171	0.0350303	0.036805	0.038761	0.040729	0.0426744	0.0448167	0.0473323	0.0501362	0.0529487	0.0556168	0.0582978	0.0611326	0.0639017	0.066327	0.0685486	0.0709293	0.0736024	0.0765886	0.079963	0.0835112	0.0867737	0.0897387	0.0928308	0.0960325	0.0987736	0.100816	0.10247	0.103963	0.10537	0.10691	0.10868	0.110375	0.111666	0.112443	0.112574	0.111928	0.110694	0.109203	0.107581	0.105866	0.104158	0.102456	0.100591	0.0983427	0.0956159	0.0926482	0.0898374	0.0871829	0.0843093	0.0812487	0.078457	0.0759184	0.073114	0.0698247	0.0663574	0.0631661	0.0604518	0.0580542	0.055742	0.0534125	0.0509828	0.0484487	0.0459727	0.0436281	0.0412558	0.0387187	0.0361291	0.0337656	0.0318584	0.0304556	0.029394	0.0284009	0.0272687	0.0259526	0.0245715	0.0232744	0.0220604	0.02082	0.0195018	0.0181394	0.0168167	0.0157263	0.0150837	0.0147911	0.0144261	0.0137584	0.0130218	0.0124922	0.0120727	0.0115169	0.0108029	0.0100836	0.00943973	0.00882667	0.00818628	0.00742155	0.00630357	0.00468002	
0.00505747	0.00686181	0.00824863	0.00927966	0.0100167	0.0105535	0.0109768	0.0112139	0.01125	0.0113302	0.01171	0.0124252	0.0133425	0.0142557	0.0150145	0.0156394	0.016265	0.0170179	0.0179471	0.0190073	0.0201466	0.0213721	0.0226408	0.0238248	0.0249222	0.0261792	0.0278732	0.0299942	0.032213	0.0342301	0.0361225	0.0381526	0.0402638	0.0421687	0.0438971	0.0458427	0.0483386	0.0513467	0.054504	0.0575278	0.0604882	0.0634899	0.0662969	0.0686629	0.0708791	0.0734901	0.0765933	0.07988	0.0831294	0.0862924	0.0894137	0.0926715	0.0961743	0.0996379	0.102545	0.104688	0.106273	0.107549	0.108786	0.110415	0.112577	0.114768	0.116445	0.117457	0.117578	0.11652	0.114636	0.112749	0.11119	0.109692	0.108053	0.106342	0.104555	0.102424	0.099727	0.0967362	0.0939514	0.0912688	0.0880955	0.0844833	0.0811585	0.0783335	0.0755172	0.0723531	0.0689497	0.0656332	0.0626126	0.059833	0.0571965	0.0546623	0.0520908	0.0494125	0.0468093	0.0443976	0.0420118	0.0394714	0.0368671	0.0345031	0.0325993	0.0311296	0.0299214	0.0287742	0.0275193	0.0261369	0.0248077	0.0236794	0.0226262	0.0214114	0.0200132	0.0186151	0.0173554	0.0163164	0.015617	0.015193	0.0147025	0.0139398	0.0131095	0.012479	0.0119888	0.0114094	0.0106959	0.0100023	0.00944424	0.00897924	0.0084703	0.00772135	0.00649981	0.00474926	
0.00529572	0.00707645	0.00833295	0.00920469	0.00986849	0.010462	0.0110168	0.0113973	0.0115673	0.0117419	0.0121339	0.0127811	0.0136126	0.0145017	0.0153203	0.0160242	0.0166791	0.0174387	0.0184365	0.0196422	0.0209313	0.0222496	0.0235699	0.0248191	0.0259998	0.0273019	0.0289579	0.0309604	0.0330466	0.0350396	0.0370858	0.0393595	0.0416352	0.0435411	0.045154	0.046976	0.0494311	0.0525245	0.0559176	0.0593208	0.0626803	0.0659015	0.0686919	0.0709919	0.0733397	0.0763537	0.0799757	0.0836052	0.0868112	0.0896867	0.0926746	0.0961054	0.0998531	0.10345	0.106432	0.108592	0.11002	0.111027	0.112149	0.114012	0.116679	0.119355	0.121315	0.122458	0.122559	0.121201	0.118835	0.11667	0.115232	0.113996	0.112488	0.110791	0.108928	0.106561	0.103536	0.100318	0.0974405	0.0946669	0.0913205	0.0874721	0.0838836	0.0807821	0.0776816	0.0742655	0.070704	0.0673195	0.0642662	0.0614579	0.0587795	0.0561568	0.0534417	0.0506066	0.0478641	0.045313	0.0427777	0.0401134	0.0374655	0.0351648	0.03338	0.0319695	0.0306808	0.0293307	0.0278409	0.0263198	0.0250405	0.0241094	0.0232438	0.0220804	0.0206242	0.0191942	0.0179915	0.0170093	0.0162481	0.0156452	0.0149687	0.0140964	0.0132141	0.0125409	0.012014	0.0114078	0.0106633	0.00994728	0.00942349	0.00906553	0.0086733	0.00796915	0.00671069	0.0048905	
0.00542252	0.00718288	0.00835695	0.00911788	0.00970964	0.0103065	0.0109303	0.0114476	0.0118158	0.0121662	0.0126094	0.0131806	0.0139152	0.0147972	0.0157091	0.0165246	0.0172369	0.0180001	0.0189906	0.0202002	0.0214844	0.0227755	0.0240955	0.0254454	0.0268151	0.0282854	0.0299964	0.0319405	0.0339352	0.0359005	0.0380132	0.0403941	0.0427597	0.0447244	0.0463647	0.0481885	0.050638	0.0537589	0.0573127	0.0610815	0.064869	0.0683074	0.0710604	0.073344	0.0759226	0.0793539	0.0834232	0.0874236	0.0908363	0.0937749	0.0968311	0.100377	0.104169	0.107699	0.110593	0.112657	0.113921	0.114752	0.115843	0.117903	0.120956	0.124082	0.126399	0.127738	0.127876	0.126402	0.123813	0.121465	0.119998	0.118831	0.117388	0.115693	0.113646	0.110847	0.107338	0.103772	0.100622	0.0976333	0.0943077	0.0907014	0.0872195	0.0837815	0.0799424	0.0757244	0.0716726	0.0682276	0.0653978	0.0628871	0.0604019	0.0577748	0.0549077	0.0518843	0.0489624	0.0462268	0.0435019	0.0406901	0.0380026	0.0357827	0.0341294	0.0327994	0.0314525	0.0298758	0.0280845	0.0263731	0.0251259	0.0243796	0.0236855	0.0225734	0.02107	0.0195865	0.0183793	0.0174082	0.0166019	0.0158939	0.0151428	0.0142987	0.0135098	0.0129038	0.012376	0.0117183	0.0109005	0.0101164	0.0095592	0.00921391	0.00885526	0.00817664	0.00692951	0.00509539	
0.00543485	0.00718013	0.00832811	0.00904264	0.0095798	0.010135	0.0107556	0.0113531	0.0118901	0.0124154	0.0129428	0.0134955	0.014185	0.0150827	0.0160958	0.017059	0.017899	0.0186985	0.0196024	0.0206424	0.0217422	0.0228916	0.0241728	0.02563	0.0272204	0.0289262	0.0308064	0.0328541	0.0349342	0.0369701	0.039094	0.0414202	0.043731	0.0457088	0.0474408	0.049401	0.0519614	0.0551239	0.0587381	0.0627117	0.0668019	0.0704732	0.0733609	0.0758187	0.0786457	0.0822834	0.0865254	0.090798	0.0945752	0.0978377	0.101093	0.104682	0.108357	0.111677	0.114387	0.116377	0.117712	0.118753	0.120082	0.12226	0.125374	0.128693	0.131297	0.132795	0.132938	0.13149	0.128997	0.126673	0.12507	0.123669	0.121978	0.120027	0.11768	0.114615	0.111036	0.107514	0.104224	0.100942	0.097577	0.0942602	0.0908977	0.0869948	0.0822353	0.0770975	0.0725196	0.0690363	0.0664729	0.0642746	0.0619526	0.0592851	0.0562621	0.0530588	0.049964	0.0470914	0.0442912	0.0414636	0.0387978	0.0365906	0.0348972	0.03347	0.0319735	0.0301861	0.02817	0.0263358	0.0251272	0.0245022	0.0238848	0.0227527	0.0211686	0.0196037	0.0183514	0.0173706	0.0165661	0.0158807	0.0152261	0.0145705	0.0139852	0.0134816	0.0129191	0.0121652	0.0112842	0.0104947	0.00995019	0.00959049	0.00917837	0.00843263	0.0071332	0.00525612	
0.00540674	0.00713992	0.0082591	0.00892678	0.00942889	0.0099752	0.0106082	0.0112503	0.0118656	0.012479	0.0130883	0.013709	0.0144387	0.0153575	0.0164255	0.0175153	0.0185009	0.0193475	0.0201418	0.0209779	0.0218771	0.0228883	0.0241297	0.0256616	0.0274144	0.0293133	0.0313765	0.0336064	0.0358812	0.0380666	0.0402111	0.0424367	0.044628	0.0465653	0.0483853	0.0505471	0.0533016	0.0565236	0.0600982	0.0640655	0.0682597	0.0721758	0.0754499	0.0783343	0.0814282	0.0850751	0.0892388	0.0935962	0.0976594	0.101248	0.10471	0.108345	0.111949	0.115122	0.117691	0.119715	0.121409	0.123085	0.124977	0.127254	0.130024	0.13295	0.135315	0.13662	0.136645	0.135393	0.133382	0.131405	0.129712	0.127849	0.125538	0.122999	0.120311	0.117373	0.114369	0.111457	0.108326	0.104748	0.101086	0.0976724	0.0941362	0.0897757	0.0844372	0.0788345	0.0739983	0.070446	0.0679145	0.0657341	0.0633368	0.0605189	0.0573623	0.0540725	0.0509064	0.0480047	0.0452779	0.0426006	0.0400347	0.0377559	0.0358086	0.0340379	0.0322307	0.0302518	0.0281797	0.0263865	0.0252492	0.0246528	0.0239841	0.0227507	0.0210759	0.0194639	0.0182122	0.0172682	0.0165204	0.0159211	0.0154125	0.0149541	0.0145331	0.014059	0.013388	0.0125096	0.0116071	0.0108969	0.0104347	0.0100772	0.00958066	0.00870701	0.00727854	0.00530167	
0.00541893	0.0071636	0.00822332	0.00879249	0.00925878	0.00986005	0.0105702	0.011246	0.0118447	0.0124486	0.0131367	0.0139252	0.0147985	0.0157519	0.0168065	0.0179307	0.0189833	0.0198553	0.0206173	0.0214	0.022233	0.0231492	0.0242971	0.0257987	0.0276045	0.0296076	0.0317882	0.0341348	0.0365224	0.0387942	0.0409634	0.0431491	0.0452948	0.0472581	0.0492105	0.0515705	0.0544735	0.0577176	0.0612318	0.0651255	0.0693003	0.0733843	0.0770915	0.0805114	0.0839541	0.0876476	0.0916908	0.095977	0.100155	0.104024	0.10779	0.111653	0.1154	0.118626	0.121201	0.123373	0.125528	0.127912	0.130419	0.13279	0.135005	0.137025	0.138511	0.139158	0.138942	0.138056	0.136798	0.135362	0.133628	0.131257	0.128261	0.125129	0.122232	0.119636	0.117328	0.115006	0.112026	0.108194	0.104119	0.100293	0.0963841	0.0917902	0.0864645	0.0810179	0.0762421	0.0725316	0.0696801	0.0671349	0.0644078	0.0613639	0.0581535	0.0549439	0.0518652	0.0490312	0.0464423	0.0439859	0.0415754	0.039225	0.0369558	0.0347148	0.0324682	0.0302696	0.0282407	0.0266047	0.0255561	0.0249089	0.024105	0.0227655	0.0210816	0.0195361	0.0183781	0.0175302	0.0168667	0.0163304	0.0158694	0.0154455	0.0150158	0.0144551	0.0136534	0.0126965	0.01182	0.0111839	0.0107465	0.0103339	0.00975191	0.00880643	0.00731226	0.00527367	
0.00549564	0.00729814	0.00831052	0.0087664	0.00918466	0.00983868	0.0106095	0.0112625	0.0117656	0.0123137	0.0131045	0.0141398	0.0152419	0.0162768	0.0173042	0.0183902	0.0194266	0.0203213	0.0211799	0.0221018	0.0229924	0.0237916	0.024709	0.0260237	0.0277826	0.0298524	0.0321143	0.034467	0.0367803	0.0389766	0.0411272	0.043338	0.0455558	0.0476819	0.0498691	0.0524181	0.055368	0.0585596	0.0620289	0.0659041	0.0700598	0.0741976	0.0781635	0.0820366	0.0859276	0.0898386	0.0937968	0.0978883	0.102108	0.106393	0.11073	0.115054	0.11909	0.122489	0.125217	0.127637	0.130164	0.132982	0.135866	0.138341	0.140154	0.141295	0.141744	0.141587	0.141138	0.140693	0.140167	0.139165	0.137339	0.134572	0.131167	0.127755	0.124783	0.122296	0.120076	0.11766	0.114495	0.110495	0.106187	0.102009	0.0978027	0.0932094	0.0882047	0.0831638	0.0785643	0.0746484	0.0713248	0.0682717	0.0651542	0.0619154	0.0587477	0.0557439	0.0528667	0.0501633	0.0477085	0.0454336	0.0431629	0.0407748	0.0382416	0.0355764	0.0329003	0.0304503	0.02841	0.0268698	0.025842	0.025085	0.0241405	0.0227734	0.0212137	0.0198547	0.018854	0.0181208	0.0175407	0.0170361	0.016526	0.0159718	0.0153592	0.0146215	0.0137218	0.0127776	0.0119713	0.0113562	0.0108204	0.0102342	0.00953327	0.00859886	0.00718956	0.00521829	
0.00559376	0.00750125	0.00854638	0.00896873	0.00935652	0.0099919	0.0107009	0.0112217	0.0115757	0.0120639	0.0129541	0.0142081	0.0155242	0.0166784	0.0177366	0.0188116	0.0198399	0.0207907	0.0218151	0.0229493	0.023928	0.0245722	0.0251656	0.0261982	0.0278793	0.0300577	0.0324371	0.0347427	0.0368475	0.0388388	0.0409135	0.0431688	0.0455193	0.0478734	0.050334	0.0530685	0.0560442	0.0591693	0.0625725	0.0664132	0.070559	0.0747147	0.0788042	0.0830128	0.0873711	0.091559	0.0953851	0.0992048	0.103546	0.108484	0.113608	0.118444	0.122671	0.126141	0.129014	0.131703	0.134516	0.137529	0.140562	0.143164	0.144907	0.145645	0.145501	0.1449	0.144461	0.144453	0.144383	0.143482	0.141442	0.138438	0.134923	0.131445	0.128296	0.125405	0.122532	0.119432	0.115918	0.111956	0.107729	0.103454	0.0991113	0.0945123	0.0896255	0.0847291	0.0801721	0.0761139	0.0725274	0.0692125	0.0658931	0.0625514	0.0594205	0.0565635	0.0538608	0.0513135	0.0489852	0.0467963	0.0445481	0.0420706	0.0393183	0.0363684	0.033431	0.0307987	0.0286628	0.027056	0.0259095	0.024982	0.0239249	0.0226147	0.0212696	0.0201598	0.0193386	0.0187026	0.0181681	0.01767	0.0171075	0.0164085	0.0155713	0.0146302	0.0136615	0.0127846	0.0120795	0.011483	0.0108196	0.0100055	0.00913111	0.00820233	0.00694349	0.00513211	
0.00566073	0.00770407	0.00888178	0.00938535	0.00977928	0.0103314	0.0108828	0.0112267	0.0114477	0.0118828	0.0127955	0.014115	0.0155132	0.0167601	0.0179039	0.0190334	0.020101	0.0211293	0.0223049	0.0236153	0.024665	0.0251788	0.0254952	0.0262936	0.0279545	0.0303088	0.0328543	0.0351288	0.0370143	0.0387617	0.0407061	0.0429694	0.0454407	0.0479974	0.0506769	0.0535759	0.056655	0.059819	0.0631426	0.0668243	0.0708876	0.075104	0.0793722	0.0838942	0.0886214	0.0929578	0.0965811	0.10019	0.104794	0.110469	0.116323	0.12149	0.125669	0.128982	0.131835	0.134722	0.137818	0.140984	0.144035	0.146697	0.148586	0.149426	0.149308	0.148827	0.148739	0.149139	0.149186	0.148039	0.14568	0.142545	0.139012	0.135364	0.131735	0.12808	0.124356	0.120665	0.117062	0.113352	0.109339	0.105085	0.100665	0.095929	0.0908448	0.0857759	0.0811443	0.077097	0.0735665	0.0702899	0.0669302	0.063482	0.0602401	0.0573189	0.0546542	0.0522589	0.0500738	0.0478818	0.045487	0.0427969	0.0398387	0.0367709	0.0338236	0.0312094	0.0290392	0.027305	0.0259307	0.0247562	0.0235726	0.022328	0.0211915	0.0203183	0.0196586	0.0190618	0.0184663	0.0178874	0.0172838	0.0165381	0.0155809	0.0145003	0.0134908	0.0126961	0.0121186	0.0116	0.0108926	0.00991379	0.00886448	0.00788122	0.00670993	0.00503467	
0.005682	0.00785479	0.00920668	0.00984282	0.0102566	0.0107182	0.011139	0.0113863	0.0115573	0.0119482	0.0127869	0.0140091	0.0153429	0.016609	0.0178178	0.0189812	0.0200566	0.0211424	0.0224592	0.023937	0.0250833	0.0255645	0.0257544	0.0264611	0.0281759	0.0306939	0.03337	0.0356398	0.0373828	0.0389214	0.0406956	0.0429051	0.0454585	0.0481813	0.0510145	0.0540413	0.057305	0.0606539	0.0639444	0.0673693	0.0712455	0.0755453	0.0801064	0.0849789	0.0899471	0.0942831	0.0977459	0.101331	0.106261	0.11247	0.118718	0.123931	0.127895	0.130957	0.13372	0.136764	0.140145	0.143439	0.146373	0.148948	0.151016	0.152191	0.152418	0.15236	0.152772	0.153492	0.153455	0.151938	0.149262	0.146021	0.142375	0.138327	0.134035	0.129704	0.125554	0.121836	0.118486	0.114973	0.110918	0.106505	0.101963	0.097123	0.0919134	0.0867826	0.0822379	0.0783796	0.074987	0.0716787	0.0681345	0.0644416	0.0609516	0.0578179	0.055075	0.0527882	0.0507452	0.0485187	0.0459052	0.042965	0.0398637	0.0368384	0.0340949	0.0317142	0.0296774	0.0278879	0.0262558	0.0247606	0.0233857	0.0221398	0.0211196	0.0203801	0.0197848	0.0191208	0.0183349	0.0175592	0.0168809	0.0161707	0.0152501	0.0141731	0.0131954	0.0125023	0.0120734	0.011695	0.0110567	0.0100478	0.00890414	0.00783258	0.00663048	0.0049789	
0.00569003	0.00792421	0.00939097	0.0101231	0.0105473	0.0109598	0.0113538	0.011634	0.0118489	0.0122189	0.0129438	0.0139972	0.0151942	0.0164146	0.0176093	0.0186964	0.0196732	0.0207725	0.0222501	0.0239382	0.0252567	0.0258516	0.0261073	0.0268621	0.0286194	0.0311479	0.0338019	0.0360502	0.037756	0.0392029	0.0408671	0.0430311	0.0456428	0.0484836	0.0514094	0.0545286	0.0580075	0.0616246	0.0649625	0.0681459	0.0717588	0.0760339	0.0808199	0.0859853	0.0911175	0.0954782	0.0990002	0.102791	0.107999	0.114396	0.120621	0.125628	0.129357	0.132312	0.135147	0.138395	0.141986	0.145305	0.148049	0.150487	0.152668	0.154076	0.154532	0.154762	0.155486	0.15636	0.15627	0.154605	0.1518	0.14845	0.144582	0.140121	0.135398	0.130885	0.126915	0.123597	0.120503	0.116814	0.112232	0.107291	0.102475	0.0976481	0.0926651	0.0879046	0.0838005	0.0802843	0.0769101	0.0732677	0.0692787	0.0652515	0.0615392	0.0582167	0.0553282	0.05299	0.0509602	0.0487137	0.0460088	0.0429665	0.0398496	0.0369616	0.0344821	0.0323847	0.030539	0.0287503	0.0268928	0.0250716	0.0234665	0.0221461	0.0211174	0.0203398	0.0196422	0.0188072	0.0178012	0.0168286	0.0160679	0.0154141	0.0146334	0.013711	0.0128686	0.0122966	0.0119984	0.011768	0.0112741	0.0103685	0.009245	0.00809344	0.00675989	0.00500704	
0.00573063	0.00791304	0.00936787	0.0101196	0.0105462	0.0109609	0.0114193	0.0118309	0.0121689	0.0125702	0.0132079	0.0141005	0.0151585	0.0163114	0.0174409	0.0183811	0.0191877	0.0202389	0.0218238	0.0236901	0.0252195	0.0260737	0.0265864	0.0274796	0.0291716	0.031462	0.0338626	0.0360021	0.0377602	0.0393272	0.0411119	0.0433711	0.0460326	0.0488794	0.0518038	0.0549947	0.0586839	0.0625669	0.0660368	0.0691237	0.072491	0.076547	0.0812591	0.086446	0.0916101	0.0961047	0.09998	0.104204	0.109656	0.115998	0.121951	0.126676	0.130323	0.133442	0.136548	0.139994	0.143624	0.146841	0.149442	0.151833	0.154047	0.155417	0.155739	0.155847	0.156501	0.157386	0.157472	0.156096	0.153476	0.150094	0.146076	0.141527	0.136919	0.132754	0.129236	0.126217	0.123016	0.118778	0.113421	0.10776	0.102504	0.0976608	0.0930909	0.0890062	0.0855718	0.0824331	0.0789663	0.0748789	0.0704459	0.0661928	0.0623956	0.0589596	0.0558318	0.0531631	0.0508858	0.0486162	0.0460453	0.0431421	0.0401379	0.0373869	0.0350596	0.0330723	0.0312673	0.0294402	0.0274502	0.0254371	0.0236741	0.0222651	0.0211392	0.0201845	0.019261	0.0182284	0.0170952	0.01606	0.0152828	0.0146782	0.0140519	0.0133596	0.0127219	0.0122671	0.0120335	0.0118835	0.0115181	0.0107623	0.00972611	0.008524	0.00703107	0.0051204	
0.00581408	0.00785928	0.00919851	0.00991058	0.0103345	0.0107694	0.0113126	0.0118811	0.0123854	0.0128797	0.0134928	0.0142797	0.0152459	0.0163663	0.0174699	0.0183251	0.0189971	0.0199296	0.0214552	0.0233432	0.0250288	0.0262075	0.0270965	0.0281775	0.0297107	0.0315625	0.033485	0.0353584	0.0371761	0.0390656	0.0412662	0.0438363	0.0465676	0.0492904	0.0520951	0.0553106	0.0591329	0.0631786	0.0668397	0.0700952	0.0734449	0.0772389	0.0815611	0.0863443	0.0912262	0.095804	0.100194	0.105026	0.110762	0.116973	0.122616	0.12719	0.131016	0.134508	0.137907	0.141418	0.144925	0.147973	0.150507	0.152959	0.155208	0.156399	0.156309	0.15592	0.156209	0.157083	0.157594	0.156837	0.154643	0.151389	0.14745	0.143202	0.139106	0.135431	0.132131	0.12892	0.125203	0.120382	0.114534	0.108452	0.102861	0.0979458	0.0937087	0.0902332	0.0873348	0.084371	0.0806992	0.0762684	0.0716361	0.0673867	0.0636387	0.0601168	0.0566532	0.0534464	0.0507244	0.0483909	0.0460724	0.0434599	0.0406415	0.0379676	0.0356026	0.0334737	0.0315017	0.0295827	0.0275991	0.0256225	0.0238666	0.0224207	0.0211904	0.020053	0.0189248	0.0177512	0.0165892	0.0156095	0.0148942	0.0143439	0.013837	0.013349	0.0129049	0.0125393	0.0122967	0.0121118	0.0117545	0.0110637	0.0100864	0.00886348	0.00727426	0.005256	
0.00590631	0.00780915	0.00901174	0.00966766	0.0100812	0.01051	0.0110771	0.0117314	0.0123676	0.0129795	0.0136365	0.0144056	0.0153587	0.0165036	0.0176565	0.0185587	0.0192198	0.0200303	0.0213625	0.0231135	0.024838	0.0262695	0.027516	0.0288185	0.0302535	0.0317033	0.0330995	0.0345719	0.0363265	0.0385373	0.0412798	0.0443191	0.0471986	0.049755	0.0523287	0.0554187	0.0591582	0.0631487	0.0669662	0.0706317	0.0743362	0.0780981	0.08196	0.0860483	0.0903416	0.0948192	0.0996789	0.105149	0.11117	0.117176	0.122471	0.126983	0.131102	0.134961	0.138551	0.142068	0.145501	0.148483	0.151036	0.153626	0.156029	0.15718	0.156722	0.15576	0.155602	0.156455	0.157393	0.157233	0.155492	0.152503	0.148858	0.145071	0.141455	0.137981	0.134432	0.130617	0.126299	0.121227	0.115464	0.10952	0.103964	0.0990924	0.0950375	0.0918083	0.0889999	0.0858553	0.0818431	0.0771517	0.072506	0.0684336	0.0648457	0.0612928	0.0575347	0.0538445	0.0506998	0.0482395	0.046078	0.0437143	0.0410656	0.0383827	0.0358191	0.0334032	0.0311989	0.0292165	0.0273626	0.0255973	0.0239875	0.0225746	0.0213041	0.0201015	0.0189052	0.0176748	0.0165032	0.0155811	0.0149485	0.0144657	0.0140329	0.0136506	0.0133106	0.0129846	0.0126785	0.0123487	0.0118469	0.0110836	0.0101029	0.0089062	0.00734319	0.00533026	
0.00594836	0.00775087	0.00885892	0.00948837	0.00990777	0.0103107	0.0108253	0.0114575	0.012143	0.0128533	0.013595	0.0144074	0.0153745	0.0165168	0.0176906	0.0186874	0.0194657	0.0202824	0.0214821	0.0230797	0.0247465	0.0262652	0.0277225	0.0292506	0.0307954	0.0321663	0.0332966	0.0344244	0.035966	0.0382668	0.0413775	0.0448388	0.0479187	0.0503597	0.0526518	0.0554358	0.0588399	0.0625386	0.0663524	0.0704174	0.0746709	0.0787203	0.082404	0.085963	0.089706	0.0939717	0.0990782	0.104969	0.111112	0.11678	0.121624	0.12597	0.130214	0.134261	0.138007	0.141693	0.145316	0.148457	0.151135	0.153882	0.156512	0.157846	0.157333	0.156056	0.155546	0.156256	0.157316	0.157426	0.155968	0.153278	0.150032	0.146685	0.143309	0.139658	0.135549	0.131105	0.126482	0.121578	0.116245	0.110684	0.105382	0.100683	0.0966842	0.093299	0.0901354	0.0865664	0.0821959	0.0773199	0.072736	0.0689163	0.0655859	0.0621376	0.0583002	0.0544106	0.0510376	0.048395	0.0461538	0.043823	0.0412147	0.0384232	0.0355986	0.0329262	0.0305863	0.0286227	0.0269465	0.0254425	0.0240409	0.0227252	0.0215007	0.0203535	0.0192042	0.0179693	0.0167565	0.0158146	0.0152072	0.0147653	0.0143554	0.0139816	0.0136555	0.0133218	0.0129112	0.0123602	0.0116187	0.010718	0.00974227	0.00865896	0.00723821	0.00531601	
0.00588407	0.00762177	0.00869342	0.00935168	0.00982342	0.0102301	0.0106929	0.0112793	0.0119838	0.0127724	0.0135945	0.0144352	0.0153417	0.0163344	0.0173596	0.0183482	0.0192818	0.0202746	0.0215415	0.0231045	0.0246959	0.0261531	0.0276353	0.0293332	0.0311751	0.0328584	0.034151	0.0352077	0.0365485	0.0387088	0.0418311	0.0454043	0.048568	0.050968	0.0530892	0.0555846	0.0585921	0.0618958	0.0655106	0.0696938	0.0743242	0.0788069	0.0827613	0.0863095	0.089811	0.0937963	0.0987702	0.10467	0.11074	0.11612	0.120624	0.124765	0.128931	0.133017	0.136974	0.141002	0.144946	0.148302	0.151079	0.153838	0.156514	0.158031	0.15773	0.156504	0.155869	0.156393	0.15731	0.157366	0.155953	0.153447	0.150548	0.14757	0.144291	0.140309	0.135634	0.130813	0.126257	0.121724	0.116734	0.111365	0.106215	0.101654	0.0976006	0.0938582	0.0901835	0.0861848	0.0815843	0.0766951	0.0722989	0.0687934	0.0657695	0.0625346	0.0588353	0.0550367	0.0516527	0.0488311	0.0463203	0.0437842	0.0410431	0.0380858	0.0350799	0.0323256	0.0300089	0.0281175	0.0265821	0.0253015	0.0241265	0.0229643	0.021831	0.0207502	0.0196374	0.0183827	0.0170899	0.0160455	0.0153656	0.0148932	0.0144675	0.0140882	0.0137825	0.0134503	0.0129267	0.0121371	0.0111562	0.0101524	0.00924916	0.0083498	0.0071052	0.00527195	
0.00570121	0.00740211	0.00848146	0.00919342	0.00973619	0.0101946	0.0106857	0.0113055	0.0120674	0.012921	0.0137855	0.0146088	0.0153852	0.0161233	0.0168695	0.0177202	0.0187366	0.0199392	0.0213808	0.023003	0.0245463	0.025891	0.0272945	0.0290847	0.031252	0.0334017	0.0351001	0.0363477	0.0376633	0.0396515	0.0425066	0.0458109	0.0488359	0.051267	0.0534815	0.0559587	0.0587576	0.0617486	0.0650756	0.0690751	0.0737228	0.0785167	0.0829613	0.0868428	0.0902724	0.093835	0.0983126	0.10391	0.109921	0.115376	0.119983	0.12416	0.128298	0.132464	0.136687	0.140963	0.144937	0.148167	0.150764	0.153254	0.155664	0.15716	0.157098	0.156146	0.155665	0.156198	0.157008	0.156916	0.155401	0.152915	0.150202	0.147488	0.144304	0.140082	0.135012	0.130006	0.125602	0.121315	0.116423	0.111062	0.105985	0.1015	0.097342	0.093303	0.0892983	0.0850612	0.0803863	0.0756361	0.0715331	0.0683328	0.0655396	0.062486	0.0589824	0.0553806	0.0520741	0.0491055	0.0462988	0.0435031	0.0406092	0.0375737	0.034582	0.0319535	0.0297887	0.0279875	0.0265198	0.0253673	0.0243703	0.0233528	0.0222786	0.021184	0.0200272	0.0187128	0.0173191	0.0161326	0.0153198	0.0147605	0.0142969	0.0139398	0.0137138	0.0134477	0.0128832	0.011949	0.0108303	0.00980233	0.00901002	0.00827845	0.00714244	0.00531838	
0.00547477	0.00717913	0.00828889	0.0090247	0.00959606	0.0101165	0.0107038	0.0114261	0.012256	0.0131178	0.0139527	0.0147316	0.0154174	0.0159937	0.0165536	0.0172762	0.0182727	0.0195441	0.0210608	0.0226952	0.0241917	0.0254699	0.026837	0.0286887	0.0310534	0.0334954	0.0354978	0.0369998	0.0384724	0.0404208	0.0429615	0.0458177	0.0485728	0.0510843	0.0536027	0.0563298	0.0591648	0.0620267	0.0651366	0.0688303	0.0731952	0.0779813	0.0827239	0.0868794	0.0902328	0.0933533	0.0972851	0.102566	0.10866	0.114521	0.119608	0.124109	0.128438	0.132845	0.137323	0.141552	0.145045	0.147631	0.149685	0.151709	0.153737	0.155126	0.155269	0.15465	0.154485	0.155227	0.156056	0.155842	0.154217	0.151726	0.149133	0.146633	0.143621	0.139367	0.13409	0.128904	0.124427	0.12007	0.115119	0.109854	0.104994	0.100623	0.0963898	0.0922566	0.0882677	0.0840827	0.0794643	0.0748599	0.0709573	0.0678802	0.0651257	0.062133	0.058767	0.0553056	0.0520067	0.0488597	0.045811	0.0428867	0.0400203	0.0371167	0.0343305	0.0319463	0.0299956	0.0283174	0.0268803	0.0257297	0.0247624	0.0237784	0.0226805	0.0215105	0.0202921	0.0189436	0.0174875	0.0161924	0.0152657	0.0146034	0.0140485	0.0136508	0.0134719	0.0133108	0.0128386	0.0119534	0.0108663	0.00989698	0.00920751	0.0085684	0.00743374	0.00552002	
0.00533449	0.00708336	0.00823264	0.00895612	0.00950321	0.0100544	0.0107307	0.0115371	0.0123696	0.0131346	0.0138473	0.014561	0.0152437	0.0158484	0.016446	0.0171757	0.0181212	0.0193095	0.0207314	0.0222525	0.0236598	0.0249386	0.0263808	0.0283025	0.0306737	0.0330834	0.0351287	0.0368381	0.0385975	0.04067	0.0430024	0.0454538	0.0479526	0.050552	0.0533875	0.056406	0.0593725	0.0622578	0.0653017	0.0687223	0.0726283	0.0770523	0.0817268	0.085996	0.0894213	0.0924598	0.0962015	0.101331	0.107458	0.113566	0.118993	0.123801	0.128424	0.133136	0.137742	0.141659	0.1444	0.14612	0.147495	0.149074	0.150878	0.152329	0.152776	0.152515	0.152639	0.153546	0.154356	0.154001	0.152308	0.149904	0.147496	0.145246	0.14249	0.138392	0.13314	0.127865	0.123159	0.118484	0.113385	0.108306	0.103754	0.099514	0.0952731	0.0912485	0.0875344	0.0836017	0.0791205	0.0745965	0.070709	0.0675411	0.0646647	0.0616377	0.0583484	0.0549744	0.0516366	0.0482975	0.0450497	0.042092	0.0393793	0.0367317	0.0342259	0.0321018	0.0303839	0.0288872	0.0275065	0.0262734	0.025175	0.0240782	0.0228795	0.0216361	0.0204201	0.0191317	0.0177108	0.0163954	0.0154128	0.0146451	0.0139238	0.0133575	0.0131024	0.0130069	0.0127082	0.0120244	0.0111002	0.0102426	0.00963243	0.00901899	0.00781602	0.00576682	
0.00534545	0.00715189	0.00833446	0.00903811	0.00955032	0.0101048	0.0108208	0.0116421	0.0124	0.0130055	0.0135613	0.014208	0.0149308	0.0156544	0.0164015	0.0172373	0.0181879	0.0192851	0.0205448	0.0218657	0.0231356	0.0244427	0.0260251	0.0280067	0.0302198	0.0323337	0.0342169	0.036086	0.0381997	0.0404963	0.042732	0.044903	0.0472442	0.0499427	0.0530029	0.0561883	0.0592343	0.0622099	0.0653319	0.0686021	0.0720501	0.07595	0.0803303	0.0846429	0.0883795	0.0918181	0.0958217	0.100924	0.106791	0.112597	0.117834	0.12265	0.127462	0.132347	0.136874	0.140397	0.142542	0.143627	0.144482	0.145764	0.147542	0.149256	0.150167	0.150343	0.150704	0.151634	0.152299	0.151766	0.150023	0.147701	0.145411	0.143281	0.140661	0.136768	0.13184	0.126846	0.122116	0.117161	0.111885	0.106893	0.102472	0.0982398	0.0940275	0.0902066	0.0867901	0.0831031	0.0787873	0.0743473	0.0704162	0.0670905	0.0640371	0.0609083	0.0576474	0.0544069	0.051188	0.0478468	0.0445037	0.0414814	0.0388233	0.0363531	0.0340815	0.032177	0.0306652	0.0293657	0.0280846	0.026776	0.0254763	0.0241574	0.0227933	0.0214959	0.0203526	0.0192051	0.0179019	0.0166375	0.0156389	0.0147831	0.0139071	0.0131603	0.0127735	0.0126696	0.012499	0.0120089	0.0112487	0.010485	0.00991208	0.00928579	0.00801768	0.00588125	
0.0054529	0.00730589	0.00849957	0.00918172	0.00967765	0.0102415	0.0109628	0.011741	0.0124054	0.0129124	0.0134089	0.0140542	0.0148304	0.0156341	0.0164573	0.0173585	0.0183581	0.0194389	0.0205614	0.0216698	0.022805	0.0241604	0.0258886	0.0278906	0.029852	0.0315439	0.033136	0.0350577	0.0374668	0.0400053	0.0422504	0.0442993	0.046612	0.0494331	0.0526267	0.0558562	0.0589205	0.0620061	0.0653025	0.0686152	0.0718522	0.0753854	0.0794456	0.0836703	0.087643	0.0915358	0.0958862	0.100908	0.106273	0.11145	0.116211	0.120835	0.125646	0.130482	0.134788	0.138033	0.139956	0.140828	0.141452	0.14258	0.144376	0.146361	0.1478	0.14854	0.149216	0.150129	0.15058	0.149846	0.148019	0.145623	0.143145	0.140724	0.13785	0.134016	0.129602	0.125261	0.120876	0.115959	0.110685	0.10571	0.10119	0.0967915	0.0925321	0.0887971	0.0854959	0.0819673	0.0778919	0.0736599	0.069765	0.0663155	0.0630741	0.0597889	0.0565227	0.0535015	0.0506371	0.0475821	0.0443129	0.0411865	0.0384261	0.0360018	0.033894	0.0321513	0.0307691	0.0296038	0.0284264	0.0270939	0.0256015	0.0239917	0.0223858	0.0210142	0.0199593	0.0189705	0.0178129	0.0166357	0.0156526	0.0147684	0.0138591	0.0130748	0.0126295	0.0124761	0.0123234	0.0119155	0.0112336	0.010496	0.00990394	0.00924718	0.00796878	0.00584715	
0.00556042	0.0074542	0.00864264	0.00929432	0.00979042	0.0103876	0.0111062	0.0118146	0.01242	0.0129651	0.0135751	0.014333	0.0151816	0.0159942	0.0167573	0.0175928	0.0185797	0.0196397	0.020648	0.0216079	0.0227012	0.0241519	0.0259915	0.0279571	0.0296553	0.0309392	0.03218	0.0339779	0.0365002	0.0392485	0.0416447	0.0437557	0.0461194	0.0490056	0.0522207	0.0554333	0.0585271	0.0617361	0.0652298	0.068762	0.0721532	0.075656	0.0794606	0.083355	0.0871545	0.0910793	0.0954266	0.100153	0.105001	0.109731	0.114261	0.118789	0.123491	0.128123	0.132199	0.135347	0.137358	0.138377	0.139075	0.140173	0.1419	0.143969	0.145813	0.147114	0.148149	0.149055	0.149266	0.14828	0.146264	0.143629	0.140728	0.137701	0.134277	0.130333	0.126362	0.122676	0.118827	0.114329	0.109404	0.104582	0.099958	0.0953556	0.0909354	0.0870597	0.0836704	0.0802684	0.0765393	0.0726344	0.0688448	0.0652886	0.0618544	0.0584245	0.0551821	0.0524068	0.0499268	0.0472134	0.0440854	0.0408974	0.0380475	0.0356661	0.0337038	0.0320917	0.0307892	0.0296915	0.0285822	0.0272563	0.0256263	0.023743	0.021862	0.0203545	0.0193189	0.0184375	0.0174246	0.0163779	0.0154625	0.0146084	0.0137548	0.0130485	0.012629	0.0124211	0.0122096	0.0118015	0.0111431	0.0103955	0.00975647	0.00906859	0.00782505	0.00578244	
0.00561217	0.00754444	0.00872844	0.00935249	0.00986306	0.0105156	0.0112436	0.0118884	0.0124608	0.0131024	0.0139018	0.014832	0.0157681	0.0165601	0.0172005	0.0178788	0.0187404	0.0196939	0.0206041	0.0215449	0.0227327	0.0242935	0.0261424	0.0279958	0.0295004	0.0305471	0.031533	0.0331104	0.0355469	0.0384068	0.0410313	0.0433134	0.0456911	0.048463	0.0515283	0.0546689	0.0578261	0.0611761	0.0648503	0.0686753	0.0724536	0.0761933	0.0798516	0.0832839	0.0865945	0.0901533	0.0941294	0.0983648	0.102761	0.107318	0.111932	0.116542	0.121137	0.12551	0.129343	0.132445	0.134705	0.136181	0.137278	0.138475	0.14002	0.141925	0.143882	0.145475	0.146674	0.14749	0.147442	0.146143	0.143821	0.1409	0.137668	0.134216	0.130427	0.126415	0.122647	0.119272	0.115867	0.111998	0.107675	0.103182	0.0986376	0.0940238	0.0895251	0.0854705	0.0819396	0.0786285	0.0751841	0.0715336	0.0678157	0.0641563	0.0605702	0.0570938	0.0539668	0.0513926	0.0490925	0.0464956	0.0434307	0.0402914	0.0375352	0.0353003	0.033485	0.0319917	0.0307773	0.0297277	0.0286386	0.0273242	0.0256708	0.0236832	0.0216304	0.0199593	0.0188293	0.0179528	0.017056	0.0161741	0.0153676	0.0145445	0.0137084	0.0130418	0.0126297	0.0123479	0.0120448	0.0116173	0.0109987	0.0102766	0.00961917	0.00890994	0.00769324	0.00571535	
0.0055848	0.00753052	0.00871409	0.00933383	0.00987632	0.0105936	0.0113564	0.0119726	0.0124988	0.013149	0.0140367	0.0150876	0.0161093	0.0169146	0.017492	0.0180524	0.0187678	0.0195792	0.0204228	0.0214313	0.0227484	0.0243353	0.0260539	0.0277421	0.0291779	0.0302489	0.0312251	0.032662	0.0349117	0.0377243	0.0404815	0.0428891	0.0451826	0.0476626	0.0503956	0.0533379	0.0564961	0.0599634	0.0637908	0.0678604	0.0720036	0.07606	0.0797544	0.0829084	0.0858163	0.0889752	0.0924919	0.0961917	0.100135	0.104489	0.109139	0.113832	0.118353	0.122419	0.125837	0.128722	0.131261	0.133478	0.13531	0.136756	0.138057	0.139604	0.141374	0.14291	0.143999	0.144595	0.144261	0.14262	0.139955	0.136837	0.133614	0.130284	0.126669	0.122807	0.119016	0.11553	0.112288	0.108959	0.105222	0.101111	0.0968649	0.0925869	0.0883243	0.0842693	0.0806158	0.0772524	0.0738547	0.070269	0.0665764	0.0628868	0.0592798	0.0559074	0.0529893	0.0505533	0.0482241	0.0455281	0.0424504	0.0394566	0.0369484	0.0349307	0.0332421	0.0318427	0.0307173	0.0296991	0.0285811	0.0272697	0.0257114	0.0238426	0.0218162	0.0200496	0.0187739	0.0178109	0.0169582	0.0162029	0.0154838	0.0146545	0.0137617	0.0130364	0.0125476	0.0121424	0.0117187	0.0112606	0.0107093	0.010077	0.00946402	0.00874882	0.00751752	0.00555605	
0.00546728	0.00737984	0.008564	0.00921607	0.00980296	0.010559	0.0113473	0.0119568	0.0124151	0.0129588	0.0137839	0.0148578	0.0159552	0.0168523	0.017512	0.0181063	0.0187817	0.0195069	0.020287	0.0212915	0.0226037	0.0240875	0.0256171	0.0271652	0.0286284	0.0298809	0.031041	0.0325023	0.0346136	0.0372763	0.039989	0.0423924	0.0445583	0.0467234	0.0490438	0.0516411	0.0546412	0.0581123	0.0620018	0.0661563	0.0704434	0.0747064	0.0785912	0.0818338	0.0847082	0.0876902	0.0908651	0.0941247	0.0976227	0.101593	0.106005	0.11063	0.115078	0.118799	0.121588	0.123959	0.126612	0.129627	0.13237	0.134217	0.135333	0.136444	0.137829	0.139111	0.139999	0.140366	0.139764	0.13784	0.134955	0.131839	0.12893	0.126151	0.123107	0.119541	0.115617	0.111799	0.108459	0.105398	0.102052	0.0982916	0.0944941	0.0908312	0.0870836	0.0831597	0.0793071	0.0756929	0.0721814	0.0686246	0.0650261	0.0614358	0.0579639	0.0548275	0.0521728	0.0498534	0.047458	0.04465	0.0415572	0.0386986	0.036421	0.0346082	0.0330387	0.0317076	0.0306218	0.0295851	0.0283977	0.027068	0.0256356	0.0239852	0.0221218	0.0203757	0.0190072	0.0179343	0.0170341	0.0162872	0.0155703	0.0147089	0.0137633	0.0129665	0.012372	0.0118279	0.0112706	0.0107475	0.0102352	0.00970635	0.00917556	0.0084676	0.00719953	0.00524128	
0.00527528	0.00712156	0.00831902	0.00904469	0.00967394	0.0103951	0.0111244	0.0116911	0.0120809	0.0125041	0.013217	0.0142563	0.0154176	0.0164746	0.0173487	0.0181209	0.0188724	0.0195704	0.0202457	0.0211028	0.02226	0.0236024	0.025022	0.0265193	0.0280248	0.0294249	0.0307771	0.032353	0.0344214	0.0369173	0.0394464	0.0417177	0.0437661	0.0457336	0.0477405	0.0499959	0.0527475	0.0560845	0.0598878	0.0639462	0.0681311	0.0723541	0.0763438	0.0798373	0.0829617	0.0860087	0.0890473	0.0920803	0.0952742	0.0988291	0.102847	0.107276	0.11165	0.115112	0.117288	0.118953	0.121334	0.124746	0.128203	0.130553	0.13173	0.132522	0.13342	0.134308	0.135002	0.135271	0.134572	0.132591	0.129769	0.126866	0.124324	0.122049	0.119511	0.116223	0.112273	0.108304	0.104892	0.101912	0.0987577	0.0952582	0.0918657	0.088791	0.0855681	0.0817639	0.0776191	0.0736607	0.0700729	0.0666998	0.0633442	0.0599408	0.0566486	0.0537528	0.0513466	0.0491837	0.0468443	0.044043	0.0409474	0.0381254	0.035967	0.0343264	0.0328913	0.0315905	0.0304456	0.0293159	0.0280418	0.0266809	0.0253296	0.0238569	0.0221735	0.0205251	0.0191513	0.0179991	0.0169857	0.0161271	0.0153346	0.0144579	0.0135362	0.0127418	0.0121005	0.0114808	0.0108327	0.010223	0.00967911	0.00919011	0.00871028	0.00800271	0.00671277	0.00479765	
0.00504755	0.00684406	0.00808994	0.00891406	0.00956092	0.0101653	0.0107411	0.011223	0.0115821	0.0119612	0.0126007	0.0135823	0.0147679	0.0159714	0.0170719	0.018037	0.0188683	0.0195308	0.0200812	0.020772	0.0217981	0.0230972	0.0245423	0.0260743	0.027607	0.0290691	0.0305264	0.0321672	0.034159	0.0364192	0.0386407	0.0406642	0.0425966	0.0445253	0.0464586	0.0485605	0.0510997	0.054199	0.0577872	0.0616765	0.0656726	0.0696413	0.0734475	0.0769961	0.0803331	0.0835387	0.08664	0.089698	0.0928217	0.0961472	0.0998863	0.104154	0.108507	0.111924	0.113784	0.114818	0.116573	0.119747	0.123427	0.12625	0.127811	0.128571	0.12898	0.129276	0.129647	0.129879	0.12928	0.127516	0.12506	0.122544	0.12025	0.118101	0.115687	0.112585	0.108909	0.105257	0.102053	0.0991289	0.0960026	0.0925781	0.0893367	0.086543	0.0836458	0.0799575	0.0756193	0.0714091	0.0678351	0.0647636	0.0617612	0.0585865	0.0554099	0.0526004	0.0503108	0.0483261	0.0462031	0.0435647	0.0405143	0.0376786	0.0355676	0.0340608	0.032723	0.0313596	0.0300351	0.0287504	0.0274069	0.0260356	0.02472	0.0233409	0.0217878	0.0202463	0.0189163	0.0177349	0.0166194	0.0156339	0.0147856	0.0139677	0.0131523	0.012417	0.0117775	0.0111469	0.0104761	0.00981407	0.00921899	0.00870999	0.00821552	0.00747526	0.00617732	0.004341	
0.00483224	0.00663011	0.00794925	0.00885051	0.00948289	0.00996192	0.0103996	0.0108369	0.0112389	0.0116557	0.0122601	0.0131546	0.0142816	0.015515	0.0167146	0.0177583	0.0185812	0.0191727	0.0196532	0.020318	0.0213794	0.0227609	0.0242841	0.0258459	0.0273847	0.0288857	0.030393	0.0319845	0.033747	0.0356341	0.0374571	0.0391958	0.0410565	0.0431029	0.0451959	0.0473301	0.0496827	0.0524274	0.0556796	0.0593938	0.0632705	0.0669751	0.0704221	0.0737413	0.0770399	0.0803078	0.0835226	0.0867135	0.0899254	0.0932744	0.0970058	0.101262	0.105654	0.109187	0.111071	0.111815	0.113004	0.115613	0.119048	0.122081	0.124077	0.12502	0.125101	0.124789	0.124689	0.124733	0.12417	0.122671	0.120707	0.118714	0.116673	0.114441	0.111872	0.108877	0.105673	0.102633	0.0998152	0.0969311	0.0936881	0.090154	0.0868274	0.0840193	0.081255	0.0777777	0.0735479	0.0693097	0.0657567	0.0629102	0.0602631	0.0573781	0.0542973	0.0514107	0.049034	0.0471345	0.045288	0.0429624	0.0401131	0.0373572	0.0352891	0.0338314	0.0324774	0.0309531	0.0293939	0.0279566	0.0265979	0.0252729	0.0239847	0.0226237	0.0211143	0.0196258	0.0183375	0.0171809	0.0160525	0.0150399	0.0142396	0.013569	0.012897	0.0122026	0.0115241	0.0108576	0.0101898	0.00955611	0.00899425	0.00849549	0.00796463	0.00716436	0.0058435	0.00405722	
0.00466817	0.00648955	0.00785265	0.00877196	0.00938866	0.00983858	0.0102701	0.0107576	0.0112482	0.011722	0.0122971	0.0130846	0.0140735	0.0151886	0.0163192	0.0173159	0.0180745	0.0186185	0.0191344	0.0199215	0.021134	0.022619	0.0241382	0.0256104	0.0270891	0.0286273	0.03018	0.031668	0.0331216	0.0345952	0.0360699	0.0376512	0.0395788	0.0418483	0.0441741	0.0463746	0.0485149	0.0508275	0.0536451	0.0571108	0.0608808	0.0644139	0.0675477	0.0705268	0.0735891	0.0767722	0.0800131	0.0832698	0.0865832	0.0900914	0.0939588	0.0982192	0.102555	0.10616	0.108259	0.109171	0.110258	0.112438	0.11536	0.118152	0.120246	0.121358	0.12142	0.120884	0.120447	0.120122	0.119286	0.11779	0.116158	0.114679	0.113049	0.11092	0.108274	0.10536	0.10254	0.0999884	0.0974556	0.0945602	0.0911735	0.0875174	0.084069	0.0811273	0.0783867	0.0752236	0.0714206	0.0674095	0.0638496	0.0610332	0.0586407	0.0561083	0.0532121	0.0502345	0.047648	0.0456763	0.0440167	0.0420543	0.0395671	0.0370371	0.0350302	0.0335274	0.0320734	0.0304067	0.0287061	0.0272088	0.0259097	0.0247	0.0234689	0.0220817	0.0205298	0.0190295	0.0177707	0.016679	0.0156183	0.0146695	0.0139776	0.0134639	0.0129054	0.0122053	0.0114268	0.0106597	0.00997924	0.00943893	0.00900844	0.0085897	0.00806178	0.00723011	0.00588499	0.00408436	
0.00455321	0.00636565	0.00771359	0.00860773	0.00923667	0.00976633	0.0103159	0.0109147	0.0114791	0.0119701	0.0125029	0.0131882	0.0140044	0.0149023	0.0158512	0.0167505	0.0174852	0.0180757	0.0187053	0.0196236	0.0209237	0.0224082	0.0238063	0.0250891	0.0264576	0.0280266	0.0296373	0.0310639	0.0322928	0.0334802	0.0347884	0.0364152	0.0385285	0.0409952	0.043447	0.0456462	0.0476182	0.0496284	0.0520943	0.0552334	0.0587378	0.0620334	0.0648848	0.0675321	0.0703164	0.0733647	0.0765714	0.0798244	0.0831937	0.0868143	0.090691	0.0947356	0.0987669	0.102274	0.104657	0.106091	0.107522	0.109519	0.111824	0.113994	0.11577	0.116905	0.117235	0.117019	0.116669	0.11606	0.114752	0.112896	0.111193	0.109953	0.108749	0.10698	0.104509	0.101725	0.099131	0.0968335	0.0944476	0.091568	0.0881676	0.0845341	0.0810511	0.0779498	0.0751294	0.0722447	0.0689951	0.0653986	0.0618983	0.0590352	0.0568204	0.0546583	0.0520241	0.049018	0.04621	0.0440647	0.0424645	0.0408001	0.0386811	0.0363875	0.0344112	0.0328233	0.031298	0.0296224	0.0279584	0.0265352	0.0253675	0.0243188	0.0231793	0.0217812	0.0201991	0.0187239	0.0175407	0.0165361	0.0155415	0.0146346	0.0139898	0.0135418	0.0130373	0.0123373	0.0114867	0.010617	0.00989999	0.00943303	0.00911837	0.00878344	0.00831366	0.00754124	0.00622891	0.00438843	
0.00447692	0.00623618	0.00753552	0.00839765	0.00903977	0.00965491	0.0103424	0.0110714	0.0117042	0.0121886	0.0126612	0.0132383	0.0138682	0.0145109	0.0152304	0.016028	0.0168154	0.0175577	0.0183257	0.0192629	0.0204548	0.0217775	0.023012	0.024169	0.025513	0.0271508	0.0288308	0.0302609	0.0314182	0.0325159	0.0338338	0.0355954	0.0378406	0.040325	0.0427057	0.0448249	0.0467571	0.0487653	0.0511676	0.0540453	0.0571149	0.059973	0.0624759	0.0648409	0.067416	0.070357	0.0735139	0.0767289	0.0800916	0.0836869	0.0873661	0.0909901	0.0945556	0.0978597	0.100502	0.102498	0.104329	0.106198	0.107908	0.109375	0.110666	0.111711	0.112393	0.112783	0.112912	0.112377	0.110738	0.108331	0.106124	0.104674	0.103621	0.102185	0.10001	0.0974678	0.0951341	0.0931041	0.0909182	0.0881601	0.084881	0.0814009	0.0779793	0.0747397	0.071741	0.0689442	0.0661095	0.0629735	0.0597258	0.0569961	0.0550212	0.0531969	0.0507778	0.0477286	0.0447031	0.0423729	0.0407919	0.039351	0.037485	0.0353001	0.0332834	0.0316323	0.0301153	0.0285171	0.0269634	0.0256754	0.024675	0.0237888	0.0227505	0.0214161	0.0199457	0.0186465	0.017631	0.0167181	0.015728	0.0147695	0.0140654	0.0135953	0.0131251	0.0124843	0.011649	0.0107278	0.00995048	0.00946266	0.00915395	0.00885398	0.00848668	0.00786837	0.00666507	0.0048066	
0.00449079	0.0061815	0.00741992	0.00823608	0.00883499	0.00944066	0.0101941	0.0110445	0.0117819	0.0122945	0.0127087	0.0131576	0.0136011	0.0140171	0.0145237	0.0152149	0.0160754	0.0170242	0.0179532	0.0188367	0.0197695	0.0208102	0.0219123	0.0231221	0.0246242	0.0263992	0.0281246	0.0295481	0.0307088	0.0318429	0.0332387	0.0350684	0.0372572	0.0395279	0.0416451	0.0435969	0.0455478	0.0477359	0.0502903	0.0530489	0.0557027	0.0581029	0.0603351	0.0625951	0.0650962	0.0679227	0.0709169	0.0739715	0.0772415	0.0807592	0.0842352	0.0874847	0.0906209	0.0936618	0.0963575	0.0985848	0.100498	0.102157	0.103472	0.104508	0.105466	0.10642	0.107322	0.10815	0.108758	0.108575	0.106967	0.104147	0.101252	0.0992219	0.097957	0.0966476	0.0947757	0.0926126	0.0907038	0.0890811	0.087192	0.0846027	0.081461	0.0781564	0.0748588	0.0715662	0.0683921	0.0655187	0.062871	0.0601453	0.0573677	0.0550547	0.0534165	0.0518304	0.0495073	0.0463889	0.043193	0.0407346	0.0391852	0.0379133	0.0362074	0.0340633	0.0320146	0.0303663	0.0288933	0.0273145	0.0257574	0.0245224	0.0236563	0.0229086	0.0219724	0.0207814	0.0195591	0.0185459	0.0177394	0.0169099	0.0158918	0.0148372	0.0140361	0.0135331	0.0131107	0.0125496	0.011761	0.010831	0.0100012	0.00943448	0.00905653	0.00876122	0.00851003	0.00807059	0.00700043	0.00515245	
0.00464698	0.00627881	0.00743757	0.00817222	0.00866785	0.00916839	0.00987676	0.0107719	0.0116088	0.0121984	0.0126016	0.0129526	0.013276	0.0135914	0.0139891	0.0145717	0.0154296	0.0165383	0.017665	0.0185749	0.0192979	0.0200694	0.0210921	0.0224735	0.0242275	0.0261287	0.027804	0.0291085	0.030198	0.0313334	0.0327602	0.0345674	0.0365906	0.0385526	0.0403296	0.0420384	0.0439147	0.0461696	0.0487941	0.0514684	0.0538728	0.0560552	0.0582916	0.0606965	0.0632318	0.0658553	0.068492	0.0712282	0.0743613	0.0778772	0.081314	0.0843619	0.0871353	0.089783	0.0921986	0.0942304	0.0959317	0.0974297	0.0987233	0.0997805	0.100703	0.101608	0.102467	0.103244	0.103926	0.104078	0.102861	0.100058	0.096662	0.0939521	0.09227	0.0909724	0.08943	0.0877306	0.0862726	0.084987	0.0832992	0.080837	0.0778322	0.0746968	0.0715306	0.0682538	0.0649975	0.0620585	0.0595113	0.0571494	0.0549366	0.0531579	0.051819	0.0503196	0.0480287	0.0449512	0.0417677	0.0392939	0.0377593	0.0365734	0.0349977	0.0329635	0.0309916	0.0294176	0.0279864	0.0263443	0.0246388	0.0233003	0.0224527	0.0217871	0.0209427	0.0198991	0.0189101	0.018148	0.0175367	0.016832	0.0158621	0.0147722	0.0138971	0.0133562	0.0129455	0.0124005	0.011623	0.0107227	0.00991677	0.00932236	0.00888929	0.00858114	0.00838963	0.00805367	0.00707402	0.00526062	
0.00486762	0.00645411	0.00753144	0.00818917	0.00859745	0.0089732	0.00953534	0.0103282	0.0111674	0.0118404	0.0123107	0.0126689	0.0130092	0.0133972	0.0138293	0.0143183	0.015049	0.0161744	0.0174884	0.0185844	0.0193219	0.0199806	0.0209647	0.0224647	0.0243526	0.0262386	0.0277416	0.0288124	0.0296912	0.0306834	0.0320406	0.0338056	0.0357347	0.0375233	0.0390926	0.0405995	0.0422816	0.04434	0.0467627	0.0492481	0.051521	0.0537041	0.0561153	0.0587427	0.061301	0.0636427	0.0658461	0.0682393	0.0712287	0.0747333	0.0781537	0.0810452	0.0834521	0.085615	0.0876153	0.0893768	0.090938	0.0924863	0.094029	0.095354	0.0964092	0.0972834	0.0978855	0.0982016	0.0985443	0.0988566	0.0982333	0.0959265	0.0924892	0.089317	0.0872369	0.0859185	0.0846589	0.0833039	0.08206	0.0808054	0.0791063	0.076776	0.0740506	0.0711839	0.068143	0.0648641	0.0615882	0.0586927	0.0562988	0.0542559	0.0525052	0.0511325	0.0499431	0.0484124	0.0461732	0.0433384	0.0404455	0.0381264	0.0365847	0.0353708	0.0338812	0.032025	0.0302182	0.0287585	0.0274013	0.0257587	0.0239285	0.0223818	0.0213608	0.0206281	0.0198052	0.0188323	0.0179496	0.0173347	0.0169208	0.0164481	0.0156742	0.0146535	0.0137121	0.0130614	0.012568	0.0119723	0.0111987	0.0103876	0.00970411	0.0091743	0.00873012	0.00837561	0.00813902	0.00778911	0.00684197	0.00509437	
0.00497691	0.00652477	0.00756455	0.00822109	0.00862954	0.00892751	0.00929839	0.00986368	0.0105793	0.0112896	0.0118797	0.0123556	0.0128288	0.0133873	0.0139356	0.0143717	0.0149204	0.0159253	0.017324	0.0186549	0.019601	0.0203428	0.021324	0.0227808	0.0245518	0.0262362	0.0275171	0.0283723	0.0290162	0.029787	0.0310088	0.032736	0.034686	0.0365266	0.0381482	0.0396291	0.0411273	0.0428505	0.0448931	0.0470921	0.0492376	0.0514144	0.0538751	0.0565395	0.0590138	0.0610982	0.0629817	0.065117	0.0678864	0.0711537	0.0743421	0.076986	0.0790515	0.0808508	0.0826713	0.0844922	0.0862068	0.0878808	0.0895116	0.0909193	0.0920805	0.0930169	0.0934395	0.09327	0.0931129	0.093339	0.0931959	0.0916294	0.0886825	0.0855498	0.0833095	0.0819351	0.0807401	0.0794107	0.0780418	0.0765608	0.0747654	0.072669	0.0704127	0.0679421	0.0650251	0.0616765	0.0583567	0.0555685	0.0534094	0.0516637	0.0502165	0.0490567	0.0479004	0.0462958	0.0441147	0.0416328	0.0392488	0.0372657	0.0357306	0.0343759	0.0328738	0.0311812	0.0295662	0.0282465	0.0270349	0.0255503	0.0237465	0.0219817	0.0206061	0.0196095	0.01871	0.0177596	0.0169108	0.0163746	0.016143	0.0159377	0.0154205	0.0145142	0.0134908	0.0126636	0.0120402	0.0114081	0.0106854	0.0100031	0.00947311	0.00903657	0.00858787	0.0081501	0.00780271	0.00739002	0.00647686	0.00483719	
0.00486839	0.00638371	0.00745061	0.00818985	0.00867389	0.00895506	0.0091722	0.00949816	0.0100203	0.0106867	0.0113684	0.0119935	0.0126287	0.0133408	0.0139918	0.0144283	0.014863	0.0157126	0.0170405	0.0184573	0.0195997	0.0205203	0.0215449	0.0228631	0.0243564	0.0257598	0.0268872	0.0276838	0.0282355	0.028859	0.0299495	0.0316072	0.0335824	0.0355658	0.0373831	0.0389828	0.0404381	0.0419572	0.0437106	0.0456509	0.0476234	0.0496488	0.0519023	0.0543292	0.0565881	0.0584832	0.0602034	0.0621486	0.0645812	0.0673738	0.0701248	0.072457	0.0742794	0.0759485	0.0779067	0.0800918	0.0821003	0.0837439	0.0850706	0.0862154	0.0874102	0.0885837	0.0891015	0.0886635	0.0879914	0.0878232	0.0877849	0.0868926	0.0848191	0.0823018	0.0803	0.0789341	0.0776272	0.0760812	0.0744289	0.0727147	0.0708969	0.0690583	0.0672007	0.0650214	0.0621614	0.0587181	0.0553422	0.0526833	0.0508387	0.0494609	0.0482934	0.0472672	0.0461037	0.0444016	0.0422023	0.0400007	0.038153	0.0365942	0.0350983	0.033549	0.0319617	0.0304069	0.0290037	0.0278523	0.0268107	0.0255232	0.0238066	0.0218753	0.0201463	0.0188524	0.0178737	0.0169903	0.0162097	0.015719	0.015563	0.0154873	0.0151207	0.0142921	0.0132063	0.012247	0.0115521	0.0109436	0.010295	0.00971368	0.00929219	0.00891573	0.00843488	0.0078901	0.0074361	0.00700896	0.00620142	0.00471405	
0.00459968	0.00609391	0.00722382	0.00807293	0.00865512	0.00897748	0.00915205	0.00934656	0.00969355	0.0102329	0.0108988	0.0116055	0.0123554	0.0131465	0.0138272	0.0142743	0.0146834	0.0154151	0.0165576	0.0178475	0.0190144	0.0200562	0.0211501	0.022384	0.0236694	0.0248921	0.0259993	0.0269009	0.0275381	0.0281494	0.0291438	0.0306711	0.0325669	0.0345815	0.0364962	0.0382001	0.0397703	0.0413762	0.0430912	0.0448536	0.0465931	0.0483691	0.0503116	0.0523771	0.0543328	0.0560526	0.0576732	0.0594495	0.0615232	0.0638195	0.0661184	0.0681502	0.0698136	0.0714857	0.0736626	0.0761877	0.0783965	0.0798959	0.080799	0.0815668	0.0827109	0.0840934	0.0847727	0.084213	0.0831174	0.0824484	0.0822434	0.0818106	0.0806606	0.0790557	0.0776243	0.0764693	0.0751357	0.0734425	0.0716364	0.0698624	0.0680948	0.0663374	0.0644986	0.0622646	0.0593567	0.0559273	0.052629	0.0501603	0.0486658	0.0476985	0.0468106	0.0458545	0.044621	0.0427936	0.0405196	0.0384637	0.037	0.0357849	0.0343342	0.0326314	0.0309867	0.0295808	0.0284015	0.0274149	0.0264765	0.0252637	0.0235742	0.0215959	0.0197661	0.0183937	0.0174356	0.0166534	0.0159522	0.0154498	0.0152133	0.0150667	0.0146958	0.0139111	0.0128588	0.0119093	0.0112324	0.0106607	0.010052	0.0095173	0.00915217	0.00880171	0.00827207	0.00762225	0.00709124	0.00670344	0.00605494	0.00473824	
0.00433016	0.00580883	0.00698049	0.0079057	0.00858116	0.00900334	0.00926056	0.00946722	0.00971751	0.0100987	0.0106488	0.0113345	0.0121109	0.0128921	0.013515	0.0139237	0.0143254	0.0149858	0.015938	0.0170053	0.0180358	0.0190506	0.0201725	0.0214263	0.0226961	0.0239044	0.0250688	0.0261189	0.0269304	0.0276335	0.0285677	0.0299146	0.0316109	0.0334748	0.0352964	0.0370096	0.0387537	0.0405993	0.0423889	0.0439799	0.0454668	0.0470678	0.0488474	0.0506448	0.0522987	0.0538145	0.0553115	0.0569331	0.0587645	0.0607522	0.062722	0.0644677	0.065965	0.0676198	0.069885	0.0725176	0.0747645	0.0761756	0.0768735	0.0774091	0.0783744	0.0796307	0.080223	0.0795947	0.0783669	0.077491	0.0772032	0.0770562	0.0765624	0.0757147	0.074851	0.0739924	0.0727945	0.0711994	0.0695111	0.067873	0.0661686	0.0642821	0.0621282	0.0595971	0.0566553	0.0534734	0.0505084	0.0483368	0.0471301	0.0464162	0.0456121	0.0445249	0.0431001	0.0411866	0.0389471	0.0370098	0.0357175	0.034622	0.0331495	0.0313675	0.0297432	0.0284843	0.0274734	0.0265832	0.0256644	0.0244495	0.0228158	0.0210048	0.019408	0.018216	0.0173333	0.0165713	0.0158634	0.0152806	0.0148791	0.014568	0.014133	0.0134217	0.012532	0.0117253	0.0111012	0.0105231	0.00991324	0.00939941	0.00905513	0.00870291	0.00813953	0.00743262	0.00685705	0.00649397	0.00595689	0.00476675	
0.00419241	0.00565575	0.00680793	0.00773259	0.00846497	0.00899949	0.00938315	0.00967112	0.00990585	0.0101862	0.0106283	0.0112467	0.0119628	0.0126449	0.0131492	0.0134863	0.0138817	0.014525	0.0153697	0.0162521	0.0170822	0.0179339	0.0189858	0.0202846	0.0216461	0.0229016	0.0240733	0.0251846	0.0261501	0.0269915	0.0279128	0.0290956	0.0305713	0.0322261	0.0338951	0.035576	0.037415	0.0393508	0.0410657	0.0424332	0.0437546	0.0453794	0.0472232	0.0489199	0.0503483	0.0516719	0.0530461	0.054589	0.0563913	0.058342	0.0601354	0.0615602	0.0627557	0.0642216	0.0663521	0.068859	0.0710248	0.0724297	0.0731659	0.0736771	0.0744077	0.075244	0.0755251	0.0749085	0.0738916	0.0732302	0.0731447	0.0732465	0.073066	0.0725439	0.0718921	0.0710936	0.0699576	0.068565	0.0671794	0.0658059	0.0641937	0.0621585	0.0596985	0.0569601	0.0541641	0.0514769	0.0490898	0.0473261	0.0462959	0.0455609	0.0445397	0.0430973	0.041402	0.0395047	0.0374859	0.0357225	0.0344411	0.0332475	0.0316714	0.0298635	0.0282949	0.0271009	0.0261063	0.0251943	0.024275	0.0231569	0.0217727	0.0203493	0.01916	0.0182201	0.0173594	0.0165051	0.0157228	0.0150686	0.0145482	0.0141146	0.013642	0.0130316	0.0123466	0.0117139	0.0111364	0.0105361	0.00992852	0.00942484	0.00904756	0.00864812	0.0080814	0.00740319	0.00683168	0.0064425	0.00589605	0.00473049	
0.00422948	0.00569641	0.00677927	0.00760902	0.00830345	0.00886788	0.00930466	0.00964002	0.00990656	0.0102007	0.0106456	0.011237	0.0118532	0.0123805	0.0127578	0.0130476	0.0134566	0.0141149	0.0149209	0.0156917	0.0163435	0.0169875	0.0178976	0.0191943	0.020624	0.0218701	0.0229327	0.0239726	0.0250004	0.0259544	0.0269047	0.0280198	0.0293941	0.030953	0.0325639	0.0342364	0.0360386	0.03781	0.0392603	0.0404105	0.0416862	0.0434175	0.0453695	0.0470572	0.0483959	0.0496481	0.0510108	0.0526265	0.0546003	0.0567033	0.0584051	0.0594338	0.0601164	0.0611205	0.0628642	0.065083	0.0671084	0.0685248	0.0693942	0.0700311	0.0706371	0.0710822	0.071074	0.0705461	0.0698717	0.0696108	0.0699148	0.070299	0.0702124	0.0696371	0.0688225	0.0677882	0.0665069	0.0651986	0.0640536	0.06291	0.0614307	0.0594269	0.0569525	0.0543029	0.0518636	0.0498106	0.0481183	0.0468105	0.0458639	0.0449241	0.0435473	0.0417227	0.0397927	0.0379484	0.0361733	0.0345725	0.0332425	0.0319087	0.0302732	0.0285189	0.0270022	0.0257494	0.0246054	0.0235673	0.0226619	0.0217655	0.0207792	0.019802	0.0189652	0.0181821	0.0172841	0.0163411	0.01555	0.0149353	0.0144114	0.0139267	0.0134157	0.0128349	0.0122493	0.0117197	0.0111993	0.010645	0.0100931	0.00958543	0.00911041	0.00861733	0.00806633	0.0074838	0.00697096	0.00654264	0.00590553	0.00467748	
0.00439332	0.00589937	0.0069127	0.0075899	0.00813425	0.00859291	0.00896166	0.00927495	0.00958608	0.00997979	0.010531	0.0111676	0.0117233	0.0121331	0.0124359	0.012711	0.0131047	0.0137217	0.0144777	0.0151895	0.0157496	0.0162629	0.0170504	0.018293	0.0197055	0.0208659	0.0217618	0.0226725	0.023683	0.0246689	0.0256269	0.0267429	0.0281456	0.0297469	0.0313987	0.0330825	0.0347826	0.0363188	0.0375394	0.0385943	0.0398541	0.0415315	0.043411	0.0450997	0.0465182	0.0478768	0.0493615	0.0511363	0.0532975	0.0555149	0.0570932	0.0577074	0.0578133	0.0582241	0.0594426	0.0612851	0.0631101	0.0644694	0.0654316	0.0662477	0.066899	0.0671839	0.0670566	0.0666557	0.0662843	0.0663748	0.067009	0.0675815	0.0674521	0.0666834	0.0656464	0.0644037	0.0629752	0.0616255	0.0604988	0.059386	0.0580053	0.0562188	0.0540448	0.0517545	0.0497763	0.0483077	0.0471983	0.0462345	0.0452855	0.0441319	0.0425226	0.0405299	0.0385096	0.0366718	0.034979	0.033432	0.032071	0.0307222	0.0291996	0.0276243	0.0261824	0.024828	0.0234881	0.0222901	0.0213699	0.0206602	0.0199999	0.0193289	0.0186614	0.0179053	0.016973	0.0160523	0.0153952	0.014953	0.0145186	0.0139971	0.0133725	0.0126783	0.0120321	0.0115123	0.011074	0.0106554	0.0102156	0.00970097	0.00910921	0.00851762	0.00798522	0.00751124	0.00709682	0.00667809	0.00596584	0.00465404	
0.00453977	0.00609605	0.00708551	0.00764472	0.00800816	0.00828116	0.00851229	0.00876846	0.0091115	0.00959979	0.0102549	0.0109611	0.0115419	0.0119604	0.0122852	0.0125571	0.0128607	0.0133327	0.0139833	0.014668	0.0152522	0.015786	0.0165325	0.0176658	0.0189429	0.0199705	0.0207576	0.0216151	0.0226109	0.0235515	0.0244172	0.0254631	0.0268757	0.0285456	0.0302605	0.0319372	0.0335307	0.0349361	0.0361358	0.0372582	0.0384617	0.0398684	0.0414833	0.0431525	0.0447475	0.0462943	0.0479005	0.0497209	0.0518395	0.0539348	0.0553236	0.0556797	0.0554625	0.0554831	0.0562656	0.0577027	0.0592093	0.060368	0.0613034	0.0622316	0.0629824	0.063304	0.063266	0.0630924	0.0630228	0.0633549	0.0640805	0.0645888	0.064306	0.0634006	0.0623136	0.0610908	0.0597007	0.0583649	0.0571853	0.0559822	0.0546215	0.0530829	0.0513421	0.0495374	0.0479976	0.0468909	0.0460334	0.0451422	0.0441015	0.0428452	0.0412626	0.0394074	0.0375012	0.0356722	0.0339271	0.0323368	0.0309791	0.0297404	0.0284569	0.0271347	0.025816	0.0244384	0.0229989	0.0216815	0.0206831	0.0200056	0.0194754	0.0189203	0.0182634	0.0174437	0.0164845	0.0156549	0.0152034	0.0149931	0.0146855	0.0141138	0.0133185	0.0124441	0.0116743	0.0111131	0.0107343	0.010447	0.0101162	0.00960966	0.00894661	0.00829944	0.00779443	0.0074293	0.00715068	0.00680542	0.00605603	0.00465538	
0.00450783	0.00607857	0.007091	0.00763179	0.00789984	0.00803914	0.00816983	0.0083829	0.00872181	0.00922362	0.00989702	0.0106385	0.0112951	0.0118148	0.0122158	0.0124869	0.0126843	0.0129867	0.0135042	0.0141689	0.0148567	0.0155376	0.0163198	0.0172991	0.018339	0.0192148	0.0199907	0.0209067	0.0219258	0.0227878	0.0234778	0.0243246	0.0256125	0.0272699	0.0290074	0.0306323	0.0321072	0.0334693	0.0347876	0.0360479	0.03717	0.0382578	0.0395705	0.041171	0.0428791	0.0445418	0.0461521	0.0478018	0.0495798	0.0513199	0.052526	0.0528972	0.0527663	0.0527847	0.0533728	0.0544458	0.0555513	0.0564198	0.0572303	0.0581282	0.0588902	0.0593247	0.0595486	0.0597279	0.0599697	0.060412	0.0610004	0.0612861	0.0608918	0.0600101	0.0589871	0.0578228	0.0565218	0.055318	0.0542363	0.05304	0.0516885	0.0503324	0.0490083	0.0477172	0.0465586	0.0455749	0.044625	0.0435564	0.0423873	0.041149	0.0397573	0.0381859	0.0365049	0.0347426	0.0329541	0.0313306	0.0300169	0.0289131	0.0278278	0.0266944	0.0255147	0.0242464	0.0228799	0.0215527	0.0204713	0.019716	0.0191638	0.0186062	0.0179014	0.0169951	0.0159844	0.0151922	0.0148693	0.0148276	0.0146243	0.0140249	0.0131281	0.0121789	0.0113719	0.0107735	0.0103687	0.010094	0.00979847	0.00931482	0.00865094	0.00800555	0.00755227	0.0073185	0.0072089	0.0069546	0.00615213	0.00463443	
0.00429062	0.0058213	0.00685338	0.00743621	0.00772389	0.00786636	0.00800259	0.00820071	0.00848033	0.00890476	0.00953197	0.0102906	0.0110204	0.0116113	0.0120327	0.0122886	0.0124483	0.0126638	0.013066	0.0136871	0.0144766	0.0153417	0.0162148	0.0170789	0.0178929	0.0186284	0.0194069	0.0203616	0.0213643	0.0221512	0.022711	0.0233655	0.0244541	0.0259859	0.0276482	0.0291592	0.0304989	0.031826	0.0332364	0.0345778	0.0356362	0.0365237	0.0376052	0.0390456	0.0406981	0.0423603	0.0439072	0.0452946	0.0466167	0.0479452	0.0490393	0.0496159	0.0498383	0.0501493	0.0507848	0.0516194	0.0523768	0.0529929	0.0536582	0.0544257	0.0551115	0.0556437	0.0561204	0.0565725	0.0569729	0.0573558	0.0577152	0.0578602	0.0575906	0.0569465	0.0560085	0.054753	0.0533882	0.0522893	0.0514068	0.0503454	0.0490452	0.0478218	0.0468676	0.0460992	0.045325	0.0443822	0.0432099	0.0419068	0.0406536	0.0394716	0.0382071	0.0367822	0.0352211	0.0335219	0.0317737	0.0302324	0.0290395	0.0280344	0.0269928	0.0258853	0.0248034	0.0237441	0.0226154	0.0214386	0.020383	0.0195677	0.0189303	0.0183028	0.0175466	0.0165935	0.0155329	0.0146909	0.0143409	0.0143123	0.0141415	0.0135744	0.0127403	0.011907	0.0112059	0.0106138	0.0101111	0.00971179	0.00934576	0.00886967	0.00825547	0.00766811	0.00729914	0.00720086	0.0072283	0.00700991	0.00611987	0.00449805	
0.00404029	0.00549609	0.00649804	0.00710094	0.0074558	0.0076933	0.0078983	0.00807769	0.00824787	0.00854804	0.00912751	0.00993259	0.0107306	0.0113226	0.0116755	0.011889	0.0120755	0.0122933	0.0126088	0.0131456	0.0139694	0.0149775	0.0159816	0.0168523	0.0175648	0.0181978	0.0188986	0.0197386	0.0206028	0.021321	0.0218908	0.0225228	0.0234817	0.0248196	0.0262868	0.0276181	0.0288188	0.0300861	0.0314973	0.032849	0.0339107	0.0347561	0.0356715	0.0368424	0.0382775	0.0398757	0.041406	0.0426255	0.0436023	0.0446182	0.0456518	0.0464548	0.0470849	0.0478122	0.0486582	0.0494037	0.0499253	0.0503554	0.0508925	0.0515361	0.0521575	0.052713	0.0532049	0.0535982	0.0538769	0.0540625	0.0542029	0.0543288	0.0543643	0.0541174	0.0533429	0.0519945	0.0505082	0.049433	0.0487023	0.0477896	0.0465598	0.0454228	0.0447321	0.0443904	0.0439712	0.0431133	0.0418218	0.040411	0.0391479	0.0379686	0.0366472	0.0351362	0.0335279	0.0318669	0.0302643	0.0289503	0.0279543	0.0269923	0.0258373	0.0246025	0.0235479	0.0227089	0.021887	0.0209815	0.0200908	0.0193051	0.0185908	0.0178653	0.0170658	0.0161308	0.0150906	0.0142066	0.0137452	0.0135933	0.0133693	0.0128724	0.0122196	0.0116106	0.0110883	0.0105496	0.0099471	0.00935656	0.00882671	0.00829837	0.00774157	0.00726908	0.0070251	0.00702305	0.00707311	0.00679187	0.00582006	0.00419018	
0.00387593	0.00525682	0.00619411	0.00677667	0.00717819	0.00749247	0.00772824	0.00785421	0.00791247	0.00810614	0.00865071	0.00950174	0.0103581	0.0109442	0.0112306	0.0114042	0.0116247	0.0118688	0.0121198	0.0125499	0.0133312	0.0144031	0.0155288	0.0164892	0.0172103	0.0177769	0.0183322	0.0189468	0.0195905	0.0202299	0.0208986	0.0216708	0.0226335	0.0238041	0.0250387	0.0261688	0.0272232	0.0283934	0.0297559	0.0311249	0.0322719	0.03317	0.033951	0.0347971	0.0359179	0.0373924	0.0389331	0.0401054	0.0409039	0.0417129	0.0426687	0.0436293	0.0446404	0.0458151	0.0469432	0.0476938	0.0480636	0.0483573	0.0488068	0.0493898	0.0499716	0.0504226	0.0506441	0.0506675	0.0506307	0.0505819	0.0505283	0.0505981	0.0508357	0.0509368	0.0504382	0.0492436	0.0478592	0.0468819	0.046271	0.0454881	0.0443476	0.0432667	0.042673	0.0424791	0.0421773	0.0413682	0.0401177	0.0387842	0.0375714	0.0363366	0.0348765	0.0332432	0.0316236	0.0301055	0.0287676	0.0277367	0.0269082	0.0259137	0.0245755	0.0231741	0.0221147	0.0214418	0.0208706	0.020211	0.0194888	0.0187561	0.0180102	0.0172446	0.0164568	0.0156008	0.0146717	0.0138516	0.0133345	0.0130248	0.0126719	0.0122013	0.0117172	0.0113119	0.0109488	0.0104798	0.00981753	0.00905192	0.00832413	0.00768479	0.0071629	0.0068399	0.00675327	0.00680605	0.00677484	0.00636028	0.00534072	0.00380226	
0.00379541	0.00513739	0.00603414	0.00659462	0.0070044	0.00732058	0.0075136	0.00757726	0.00759198	0.00775001	0.00824745	0.00905528	0.00989661	0.0104924	0.0107898	0.0109754	0.0112272	0.0115026	0.0117325	0.0120797	0.012776	0.0138239	0.0149848	0.0159888	0.0167143	0.0172182	0.0176365	0.0180581	0.0185111	0.0190628	0.019813	0.0207545	0.0217989	0.0228979	0.0239927	0.0249813	0.0258842	0.0269113	0.028206	0.0296137	0.0308545	0.0317968	0.0324787	0.0330687	0.0338747	0.0351126	0.0365426	0.0376723	0.0384046	0.0390735	0.0399101	0.0409628	0.0423178	0.0439026	0.0452909	0.0460868	0.0463917	0.0466363	0.0470606	0.0475862	0.0480313	0.048218	0.0480556	0.0476849	0.0473636	0.0471438	0.0469327	0.0468307	0.0469864	0.0471812	0.0469559	0.0461609	0.0451622	0.0444267	0.0439485	0.043295	0.0422934	0.0413164	0.0407382	0.0404215	0.0399191	0.0390142	0.0378615	0.0366902	0.0355366	0.0342608	0.0327902	0.0312737	0.029912	0.0287344	0.0276971	0.0268212	0.0259969	0.0249138	0.0234695	0.0220293	0.0210344	0.0204868	0.0200391	0.0194484	0.0187106	0.0179217	0.0171732	0.0164917	0.0158285	0.0151046	0.0143281	0.0136566	0.0131813	0.0127482	0.0122159	0.011681	0.0112813	0.0110083	0.0107411	0.0103131	0.00963046	0.00878169	0.0079386	0.00722372	0.00674039	0.00656249	0.006622	0.00670738	0.00657272	0.00602222	0.00497152	0.00353135	
0.00373436	0.00508618	0.00599923	0.00656597	0.00696793	0.00724844	0.00738939	0.00744547	0.00751564	0.00770892	0.00813499	0.00878893	0.0095024	0.0100724	0.0104255	0.0106833	0.0110019	0.0113519	0.0116333	0.0119508	0.0125464	0.0134827	0.0145506	0.015479	0.0161365	0.0165659	0.0169003	0.0172286	0.0175805	0.0180702	0.0188504	0.0198727	0.0209549	0.0220402	0.0231199	0.0240702	0.0248527	0.0257164	0.0269119	0.0283135	0.0295656	0.0304805	0.0311065	0.0315927	0.0321804	0.0330862	0.034207	0.0352066	0.0359497	0.0365801	0.0373225	0.0384295	0.0400384	0.0419004	0.0434542	0.0443093	0.0446307	0.0448913	0.0452902	0.045663	0.0458085	0.0456421	0.045202	0.0446679	0.0442546	0.0439732	0.0436661	0.0433559	0.0432407	0.0433001	0.0432467	0.0428885	0.042334	0.0418371	0.0414387	0.0408742	0.0400353	0.0392348	0.0387126	0.0382292	0.0374501	0.0364104	0.0353258	0.0342454	0.0330922	0.0318386	0.0305717	0.029464	0.0286086	0.0278624	0.0270207	0.0260866	0.0251103	0.0239535	0.0225713	0.0213012	0.0205001	0.0200692	0.0196117	0.0188826	0.0179218	0.0169549	0.0162056	0.0156927	0.0152405	0.0146828	0.0140476	0.0135108	0.0130895	0.0125618	0.0118588	0.0112268	0.0108557	0.010648	0.0103926	0.00994451	0.00928278	0.00850547	0.00773686	0.00708913	0.00669976	0.00663966	0.00678674	0.00687998	0.006672	0.00602856	0.00494056	0.00352325	
0.003613	0.00497482	0.00592321	0.00652082	0.00693858	0.00722313	0.00738466	0.00752063	0.0077111	0.00796506	0.00831121	0.00877373	0.00929922	0.00978775	0.0101805	0.0105382	0.0109726	0.0114553	0.0118478	0.0121693	0.0126367	0.0133712	0.0142391	0.0150201	0.015593	0.0159809	0.016296	0.016604	0.016928	0.0174062	0.018181	0.019149	0.0201332	0.0211634	0.0222717	0.023265	0.0240224	0.0247896	0.025874	0.0271821	0.0283312	0.0291315	0.0296941	0.0301675	0.0306521	0.0312468	0.0319739	0.0327744	0.0335702	0.0342925	0.0350589	0.0362224	0.0379474	0.0398957	0.0414841	0.042356	0.0426692	0.042876	0.0431533	0.0432967	0.0431261	0.0427004	0.0421922	0.0417305	0.0413759	0.04109	0.0407389	0.0403047	0.0399762	0.0398819	0.0399057	0.0398317	0.0395594	0.039174	0.0387544	0.0381959	0.0374792	0.0368589	0.0364363	0.0359051	0.0350358	0.0340001	0.0329853	0.0319294	0.0307691	0.0296078	0.0286188	0.0279383	0.0275327	0.0271037	0.0263462	0.0253079	0.0242071	0.0230515	0.0218345	0.0208364	0.0202798	0.0199288	0.019356	0.0183866	0.0171718	0.0160544	0.0153221	0.0149569	0.0146856	0.0142778	0.0137551	0.0132849	0.012851	0.0122358	0.0114348	0.0107599	0.0104033	0.0101969	0.00987953	0.00938247	0.00880418	0.00823634	0.00769507	0.00722979	0.00697426	0.00698969	0.00715002	0.00721923	0.00697825	0.00630782	0.00519732	0.00374019	
0.00338743	0.00468099	0.00560527	0.00622294	0.00669369	0.00705831	0.00733463	0.00761727	0.00794053	0.00824171	0.00851103	0.00880283	0.00914648	0.00953272	0.00994019	0.0103924	0.0109559	0.0115911	0.0121178	0.0124607	0.012782	0.0132605	0.0138888	0.0145379	0.0150892	0.015516	0.0158782	0.0162088	0.016543	0.0170358	0.0177704	0.0185833	0.0193684	0.0202818	0.0213887	0.0224506	0.02329	0.0240838	0.0250919	0.026242	0.0271963	0.0278035	0.0282326	0.0286579	0.0290882	0.029495	0.0299432	0.0305798	0.0314338	0.032336	0.0332695	0.0345247	0.0362415	0.0381032	0.039594	0.0403808	0.0405685	0.0405806	0.0406384	0.0405822	0.0402658	0.0398129	0.0394205	0.0391112	0.0387968	0.0384431	0.0380504	0.0376431	0.0373301	0.0372107	0.0372328	0.0372211	0.0370234	0.0366344	0.0361271	0.0355167	0.0348803	0.0344089	0.0340858	0.0336094	0.0328392	0.0319543	0.0310732	0.0301251	0.0290944	0.0280926	0.0272632	0.0267225	0.0264326	0.0260984	0.0254239	0.0244593	0.0234201	0.022335	0.0212434	0.0204297	0.0200229	0.0196699	0.018935	0.0177587	0.0164231	0.015307	0.0146415	0.0143487	0.0141458	0.013817	0.0133663	0.0129027	0.0123971	0.0117128	0.0109152	0.0102848	0.0099431	0.00969197	0.00930556	0.00881162	0.00837729	0.00803794	0.00770563	0.00739438	0.00723323	0.00726274	0.00737153	0.00738915	0.00714897	0.00652528	0.00545259	0.00397253	
0.00309478	0.00423209	0.00504605	0.00563849	0.00616564	0.00665072	0.00708937	0.00753087	0.00795669	0.00826958	0.00845264	0.0085905	0.00877608	0.00906916	0.00947681	0.009991	0.010643	0.0113967	0.0120608	0.0124805	0.0127332	0.0130185	0.0134503	0.0140001	0.0145616	0.015066	0.0155183	0.0159132	0.0162851	0.016784	0.0174459	0.0180967	0.0187102	0.0195183	0.0205909	0.0216819	0.0226009	0.0234485	0.0243979	0.0253812	0.0261282	0.0265346	0.0267983	0.0271207	0.0274932	0.0278327	0.028198	0.0288038	0.0297551	0.0308815	0.0320394	0.0333521	0.0349226	0.036554	0.0378528	0.0385019	0.0385367	0.038328	0.038146	0.0379374	0.0376356	0.037363	0.0372094	0.0370384	0.0366595	0.0361137	0.0356298	0.0353561	0.0352623	0.0352395	0.0352065	0.035108	0.0348631	0.0344114	0.0337883	0.0331137	0.0325636	0.0322456	0.0320182	0.0316089	0.0309579	0.0302288	0.0295203	0.0288093	0.0280584	0.027243	0.026417	0.0257361	0.0252742	0.0248748	0.0243339	0.0236338	0.022812	0.0218103	0.0207303	0.019929	0.0195205	0.0191	0.0182344	0.0169531	0.0156365	0.0146478	0.0140984	0.0138321	0.0136008	0.0132633	0.0128265	0.0123341	0.0117571	0.0110658	0.0103793	0.00987889	0.00957003	0.00927203	0.00886314	0.00843881	0.00814281	0.00792994	0.00767123	0.00740245	0.00725491	0.00723808	0.00725039	0.0071896	0.00695596	0.00642721	0.00546636	0.00403842	
0.00281296	0.0037881	0.00447596	0.0050151	0.00556116	0.00612806	0.00668572	0.00722691	0.00769165	0.00797498	0.00806439	0.0080729	0.00814288	0.00836824	0.00875692	0.00927741	0.00994839	0.010759	0.0115432	0.0121078	0.0124414	0.0126959	0.013022	0.0134648	0.0139766	0.0145077	0.015035	0.015511	0.0159421	0.0164466	0.0170482	0.017617	0.0181789	0.0189614	0.0199997	0.0210401	0.021905	0.0226866	0.0235349	0.0243849	0.0249946	0.0252809	0.0254474	0.025699	0.0260239	0.026341	0.0267288	0.0274208	0.0285406	0.0298941	0.0311944	0.0324012	0.0336373	0.0348931	0.0359425	0.0365129	0.0365547	0.0362972	0.0359629	0.0356091	0.0353354	0.035302	0.035439	0.0354061	0.0349321	0.0341535	0.0335372	0.0333961	0.0335771	0.0337167	0.0336637	0.0334914	0.0332145	0.032726	0.0320115	0.0312751	0.0307859	0.0305867	0.0304219	0.0300243	0.0293907	0.0287073	0.0281222	0.0276559	0.0271814	0.0265086	0.0256287	0.0247605	0.0240829	0.0235806	0.0231731	0.0227799	0.0222126	0.0212811	0.0201424	0.0192486	0.0187553	0.0182645	0.0173475	0.0160691	0.0148589	0.0140529	0.0136467	0.0133909	0.0130642	0.0126294	0.0121458	0.0116285	0.011054	0.0104641	0.00998241	0.00966474	0.00940994	0.00908272	0.00867	0.00829397	0.00804697	0.00784431	0.00756928	0.00727947	0.00709533	0.00700337	0.00690587	0.00674708	0.00649991	0.00607405	0.00527089	0.00396233	
0.0026031	0.00349991	0.00413969	0.00464956	0.00516767	0.00571476	0.00626459	0.00679026	0.00722434	0.00746749	0.00750364	0.0074601	0.00750354	0.00771506	0.00807227	0.00854417	0.00917774	0.0099926	0.0108433	0.0115331	0.0120024	0.0123257	0.0126097	0.0129357	0.0133421	0.0138301	0.0143607	0.0148677	0.0153537	0.0159027	0.0165182	0.0171125	0.017734	0.0185593	0.0195619	0.0204722	0.0211512	0.0217556	0.0224777	0.023247	0.0237983	0.0240435	0.0241931	0.0244407	0.0247461	0.025033	0.0254304	0.0262052	0.0274633	0.0289406	0.030228	0.0311898	0.0319895	0.0327842	0.0335374	0.0340849	0.0343128	0.0342465	0.0339568	0.0335367	0.0332509	0.0333639	0.0337208	0.0338172	0.0333151	0.032406	0.0317006	0.0316369	0.0320191	0.0323356	0.0323706	0.0322453	0.0320329	0.0316146	0.0309134	0.030118	0.0295496	0.0292898	0.0290822	0.0286542	0.0279969	0.0273103	0.0267913	0.0264631	0.0261189	0.0254979	0.0245876	0.0236247	0.0228052	0.0221948	0.0218394	0.0216628	0.021316	0.0204742	0.0193047	0.0183332	0.0177727	0.0172593	0.0163812	0.0152208	0.0142089	0.0136239	0.0133559	0.0130762	0.0125877	0.0119743	0.0114007	0.0109031	0.0104474	0.0100661	0.00982244	0.00966839	0.0094587	0.00910799	0.0086572	0.00823091	0.007924	0.00768837	0.00742002	0.00713244	0.00690984	0.0067467	0.00655832	0.00631121	0.00604053	0.00570188	0.00505364	0.00387837	
0.00250395	0.00342558	0.00410874	0.00462476	0.00508305	0.00552052	0.00593761	0.00633692	0.00669392	0.00692954	0.00700385	0.00702366	0.00714639	0.0074091	0.00774281	0.00813917	0.0087119	0.00950945	0.0103676	0.0110765	0.0115709	0.0118902	0.0121117	0.0123468	0.0126847	0.0131224	0.0135872	0.0140449	0.0145627	0.0152023	0.0159016	0.0165701	0.0172629	0.0181052	0.0190277	0.0197855	0.0203022	0.0207861	0.0214405	0.0221701	0.0226837	0.0228962	0.0230356	0.0232908	0.0235967	0.0238703	0.0242543	0.0250111	0.0262188	0.0276005	0.0287481	0.0295014	0.0299949	0.0304276	0.0308978	0.0313834	0.0317874	0.0320062	0.0319612	0.0316772	0.0314388	0.0315763	0.0319642	0.0320816	0.0315975	0.0307244	0.0300608	0.0300338	0.0304706	0.030894	0.0310775	0.0310866	0.0309924	0.0307205	0.0301373	0.0292905	0.0284813	0.0279493	0.0275959	0.0271673	0.0265854	0.0260017	0.0255879	0.0253181	0.0249617	0.0243088	0.0233872	0.0223912	0.0214641	0.0207063	0.0202694	0.020141	0.0199277	0.0192129	0.0181146	0.0171614	0.0165987	0.0161161	0.0153612	0.0144422	0.0137331	0.0133933	0.013224	0.0128818	0.0122137	0.0113999	0.0107166	0.0102582	0.00997207	0.00981636	0.00975754	0.00969459	0.00950928	0.00915359	0.00865241	0.00811577	0.0077006	0.00745064	0.00725842	0.00703556	0.006805	0.00658762	0.00633108	0.0060198	0.00572733	0.00543851	0.0048889	0.00380849	
0.00252896	0.00352475	0.0042686	0.00477735	0.00515565	0.00546426	0.00571964	0.00596362	0.00624263	0.00651341	0.00670118	0.00685798	0.00710382	0.00743475	0.00775186	0.00807689	0.00859446	0.00938364	0.0102383	0.0108939	0.0112722	0.0114383	0.0115245	0.011698	0.0120418	0.0124701	0.0128525	0.0132182	0.0137348	0.014452	0.01522	0.0159138	0.0165877	0.0173494	0.0181567	0.0188485	0.0193867	0.0199226	0.0205812	0.0212528	0.0216924	0.0218605	0.0219884	0.0222489	0.0225809	0.0228959	0.0232745	0.023898	0.0248312	0.0259007	0.0268359	0.027501	0.0279395	0.0282707	0.0286029	0.0289963	0.0294409	0.0298553	0.0301111	0.0301377	0.0300955	0.0302348	0.0304694	0.0304147	0.0299021	0.0291897	0.0287125	0.0287106	0.0290436	0.0294164	0.0296694	0.0297714	0.0297469	0.0295858	0.0291235	0.0282363	0.0271714	0.0263526	0.0258822	0.025529	0.0251268	0.0247447	0.024485	0.0242641	0.0238639	0.0231616	0.0222366	0.0212344	0.020228	0.0193101	0.0186828	0.018417	0.0181938	0.017601	0.0166798	0.0158587	0.0153498	0.0149201	0.0143326	0.0137219	0.0133502	0.013227	0.0131117	0.0127253	0.0119642	0.0110224	0.010228	0.00974768	0.00953836	0.00949501	0.00951055	0.00947279	0.009313	0.00900199	0.00851466	0.00792414	0.00743924	0.0071967	0.00710252	0.00698325	0.00679104	0.00655205	0.00624725	0.0058847	0.00555405	0.00524749	0.00470561	0.00366407	
0.00265504	0.00370491	0.00444947	0.00488772	0.00516003	0.00536664	0.00553077	0.005707	0.00597365	0.00629923	0.00658408	0.00683846	0.00714854	0.0074957	0.00778747	0.00806552	0.00854107	0.00931778	0.0101784	0.0107985	0.011051	0.0110338	0.0109739	0.0111044	0.0114822	0.0119272	0.0122459	0.012509	0.0129647	0.0136715	0.0144285	0.015072	0.0156422	0.0162667	0.0169875	0.0177325	0.0184394	0.0191203	0.0197868	0.020356	0.0207109	0.0208926	0.0210946	0.0214273	0.0218305	0.0222073	0.0225491	0.0229493	0.0234997	0.0241774	0.0248706	0.0254858	0.0260022	0.0264433	0.0268292	0.0271937	0.0276018	0.0280773	0.02854	0.0288903	0.0291445	0.0293562	0.029392	0.0290536	0.0284505	0.0279318	0.0277005	0.0277173	0.0278541	0.0280322	0.0282016	0.0282785	0.0282473	0.0281203	0.0277016	0.0267718	0.0255693	0.0246504	0.02423	0.0240475	0.0238369	0.0235906	0.023385	0.0231575	0.0227311	0.0220226	0.0211339	0.0201851	0.0191893	0.0181914	0.0173816	0.0168908	0.0165344	0.0160009	0.0152829	0.0146483	0.0142174	0.0138406	0.0134141	0.0130729	0.0129497	0.0129449	0.0128421	0.0124696	0.0117523	0.0108109	0.00994214	0.0093656	0.00908726	0.00900699	0.00900386	0.00896282	0.00883199	0.0085942	0.00820191	0.00767584	0.00719886	0.00695157	0.00689885	0.0068638	0.0067488	0.00654737	0.00624268	0.00585351	0.00546662	0.00507484	0.00446002	0.00341651	
0.00282335	0.00387755	0.00455109	0.00486355	0.00501116	0.00514469	0.00531021	0.00555148	0.00589692	0.00626659	0.00655949	0.00680091	0.00707436	0.00737267	0.00763757	0.00790448	0.00833297	0.00902705	0.00983835	0.010463	0.0107137	0.0106554	0.0105487	0.0106626	0.0110535	0.0115109	0.011801	0.011978	0.0123119	0.0129029	0.0135741	0.0141408	0.0146088	0.0151243	0.0157976	0.0165982	0.0174201	0.0181821	0.0188386	0.0193435	0.0196849	0.0199651	0.0203297	0.0208164	0.0213389	0.0217671	0.0220273	0.0221928	0.0224217	0.0227915	0.0232626	0.0237738	0.0243128	0.024867	0.0253587	0.0257378	0.0260935	0.0265417	0.0270802	0.0276384	0.028144	0.0284698	0.0284038	0.0278771	0.0272193	0.0268504	0.02679	0.0267818	0.0267128	0.026672	0.0267068	0.0267384	0.0267301	0.0266428	0.026214	0.0252125	0.0239481	0.0230773	0.0228431	0.0228997	0.0228564	0.0226301	0.0223157	0.0219496	0.0214458	0.0207464	0.0199415	0.0191174	0.0182317	0.017277	0.0164069	0.0157629	0.0152641	0.0147294	0.0141513	0.0136598	0.0132904	0.0129701	0.0126851	0.0125158	0.0124787	0.0124471	0.0122896	0.0119458	0.0113555	0.0105397	0.00970289	0.00906045	0.00867287	0.00850492	0.00846762	0.00842516	0.00829701	0.00808983	0.00779937	0.00740517	0.00698469	0.00669604	0.00659502	0.00658283	0.00654838	0.00643012	0.00618213	0.0058158	0.00539775	0.00491266	0.00420086	0.00314183	
0.00294013	0.00395865	0.00453464	0.00473093	0.00478796	0.00488558	0.00509756	0.00545512	0.00590435	0.006296	0.00654548	0.00671955	0.00691137	0.00713911	0.00739254	0.00767776	0.00803825	0.00854712	0.00919575	0.00981465	0.0101827	0.0102447	0.0101942	0.0103051	0.0106791	0.0111545	0.0114893	0.0116579	0.0118728	0.0122827	0.0128069	0.0132925	0.0137131	0.0141862	0.0148145	0.015565	0.016339	0.0170805	0.0177594	0.0183118	0.0187091	0.0190582	0.0195128	0.0201146	0.020762	0.0212721	0.0215201	0.0215854	0.0216749	0.021894	0.0222029	0.0225688	0.0230276	0.0235675	0.0240516	0.0243799	0.0246526	0.0250318	0.0255576	0.0261672	0.0267396	0.0270957	0.0270333	0.0265266	0.0259303	0.0256465	0.0256175	0.0255216	0.0252914	0.0251239	0.0251293	0.0252411	0.025386	0.0254198	0.0249929	0.0239028	0.0225669	0.0217293	0.0216362	0.0218656	0.0219411	0.0217304	0.0213143	0.0207715	0.0201179	0.0193822	0.0186585	0.0179716	0.0172206	0.0163773	0.0155766	0.0149292	0.0143857	0.0138548	0.0133454	0.012912	0.012565	0.0123035	0.0121359	0.0120376	0.0119417	0.0117687	0.011494	0.0111425	0.0106844	0.0100837	0.009427	0.00884889	0.00843183	0.00822293	0.0081789	0.00813206	0.00795835	0.00770289	0.00744879	0.00716425	0.0068016	0.0064515	0.00624724	0.00619551	0.00619827	0.00614412	0.00595931	0.00565323	0.00526701	0.00475593	0.00399466	0.00293383	
0.00290324	0.0038607	0.0043627	0.00451564	0.00457123	0.0046885	0.00493929	0.00535592	0.00585479	0.00626523	0.00651369	0.00666643	0.00680246	0.00696913	0.00720968	0.00750428	0.00778284	0.00807626	0.00851011	0.00908338	0.00957671	0.00979308	0.00981498	0.00991395	0.0102636	0.0107853	0.0112429	0.0115016	0.0116603	0.0118815	0.0122044	0.0125815	0.0129972	0.0134906	0.0140781	0.0147106	0.0153508	0.0160366	0.0167764	0.0174302	0.0178525	0.0181199	0.0184635	0.0190165	0.0197082	0.0203356	0.0207253	0.0208935	0.0210095	0.0211802	0.0213965	0.0216758	0.0220714	0.0225344	0.0229013	0.0230967	0.0232537	0.0235436	0.0240003	0.0245207	0.02495	0.025182	0.0251394	0.0247922	0.0243538	0.024125	0.0240598	0.0238866	0.023588	0.02341	0.0234936	0.0237685	0.0241012	0.0242572	0.0238584	0.0227528	0.0214095	0.020578	0.0204809	0.0206899	0.0207707	0.0206332	0.0203008	0.0197475	0.0190013	0.0182032	0.0174937	0.0168573	0.0161685	0.0154206	0.0147512	0.0142232	0.0137551	0.0132771	0.0128078	0.0123861	0.0120485	0.0118406	0.0117339	0.0116043	0.0113725	0.0110501	0.0106791	0.0103102	0.00996284	0.00961072	0.00922656	0.00881301	0.00843743	0.00821306	0.00814168	0.00805013	0.00780102	0.00747205	0.00720586	0.00697271	0.00664824	0.00625666	0.00595481	0.00582138	0.0057894	0.00573595	0.00558553	0.00535212	0.00505025	0.00459648	0.00386472	0.00283312	
0.00269894	0.0035801	0.00404625	0.00422546	0.00434671	0.00451592	0.00477606	0.00517308	0.0056626	0.0061111	0.00643642	0.00664251	0.00676376	0.00687509	0.00707072	0.00733279	0.00754648	0.00771877	0.00802261	0.00853913	0.00907379	0.00936953	0.00943742	0.00953158	0.00986605	0.0104257	0.0109903	0.0113555	0.0115195	0.0116083	0.0117346	0.0119862	0.0124093	0.0129612	0.0135475	0.0140987	0.0146287	0.0152493	0.0160086	0.0167047	0.0170724	0.0171506	0.0172526	0.0176097	0.0182136	0.0189109	0.0195007	0.0198544	0.0200204	0.0201367	0.0203176	0.0206502	0.0211296	0.0215972	0.0218695	0.0219358	0.0219632	0.0221151	0.022426	0.0227708	0.0229683	0.0230024	0.0229566	0.0228083	0.0225829	0.0224389	0.0223733	0.0222057	0.0219326	0.0217849	0.0219138	0.0222467	0.0226087	0.0227625	0.0224143	0.0214679	0.0203154	0.0195709	0.0194008	0.0194447	0.019417	0.0193561	0.0192574	0.0189233	0.0182673	0.0174504	0.0166609	0.0159225	0.0151729	0.0144618	0.0139294	0.01358	0.0132599	0.0128713	0.0124441	0.012046	0.0117466	0.0115817	0.0114552	0.0112117	0.0108482	0.0104673	0.0101003	0.00975421	0.00949481	0.00934706	0.00920327	0.0089383	0.00858373	0.00828865	0.00810454	0.0079111	0.00760688	0.0072682	0.00701282	0.00679946	0.00650245	0.00611633	0.00576233	0.00553	0.00539903	0.00529392	0.00516648	0.0050158	0.00481215	0.00444501	0.00378517	0.00280571	
0.00245456	0.00325956	0.0037038	0.0039113	0.00407728	0.0042713	0.0045148	0.00486187	0.00532065	0.00581797	0.00626106	0.00656688	0.00670612	0.00677015	0.00689653	0.00710008	0.00729678	0.00749384	0.00781027	0.00828636	0.00876518	0.00905028	0.0091496	0.0092621	0.00957449	0.010101	0.0106627	0.011064	0.0112622	0.0113173	0.0113399	0.0115111	0.0119485	0.0125676	0.0131995	0.0137454	0.0142122	0.0147307	0.0154032	0.0160468	0.0163415	0.0162752	0.016175	0.0163151	0.0167497	0.0174131	0.0181063	0.0185554	0.0186827	0.0186889	0.0188554	0.0193344	0.0200197	0.0206159	0.0209066	0.020915	0.0208043	0.0207386	0.0208222	0.0209784	0.0209969	0.0208812	0.0208443	0.0209145	0.0209552	0.0209519	0.0209297	0.0208104	0.0205807	0.0204102	0.0204475	0.0206446	0.0208503	0.0209178	0.0206848	0.0200578	0.0192471	0.018673	0.018461	0.0183493	0.0181953	0.0181643	0.0182888	0.0182622	0.0178308	0.0170591	0.0161457	0.0152171	0.0143399	0.0136284	0.0132059	0.0130166	0.0128402	0.0125497	0.0121921	0.0118631	0.0116328	0.0114827	0.0112658	0.0108826	0.0104524	0.0101193	0.00983672	0.00953896	0.00932508	0.00928006	0.00926424	0.00906721	0.00867682	0.0082502	0.00789309	0.00757725	0.00726003	0.00698014	0.00677173	0.00657756	0.0063198	0.00598874	0.00563636	0.00532305	0.00508193	0.00492085	0.00483202	0.00477433	0.0046499	0.00433266	0.0037161	0.00277659	
0.00231342	0.00305389	0.00345854	0.0036441	0.00379174	0.003975	0.00420854	0.00452295	0.00494349	0.00546086	0.00600424	0.00642517	0.00662015	0.00667015	0.0067418	0.00689525	0.00710621	0.00738997	0.00777333	0.00820722	0.00857628	0.00879907	0.00891409	0.00904633	0.00931859	0.00975542	0.0102346	0.0106156	0.0108569	0.0109598	0.0109924	0.01116	0.0116177	0.0122808	0.0129586	0.0135235	0.0139453	0.0143422	0.0148686	0.0154206	0.0156898	0.0155995	0.015424	0.0154386	0.0157375	0.0163074	0.0169627	0.0173675	0.0173802	0.0172459	0.0173652	0.0179422	0.0188066	0.0195652	0.0199499	0.019957	0.0197167	0.0194195	0.0192812	0.0192999	0.019226	0.0190368	0.0190443	0.0193446	0.0196656	0.019816	0.0198349	0.0197509	0.0195413	0.019291	0.0191334	0.0190823	0.0190856	0.0191187	0.0190809	0.0187891	0.0182744	0.0178398	0.0176233	0.0174409	0.0172184	0.0171839	0.017425	0.017618	0.0173982	0.0167135	0.0157443	0.0147027	0.0137575	0.0130549	0.0126862	0.0125622	0.0124562	0.0122527	0.0120063	0.0117932	0.011634	0.0114522	0.011107	0.0106083	0.0101723	0.00991545	0.00969825	0.00941295	0.00919374	0.00917218	0.00920239	0.00902522	0.00858989	0.00805352	0.00756456	0.00716423	0.00684659	0.00660869	0.00642388	0.00624541	0.00604188	0.00578702	0.00546833	0.00512761	0.00484669	0.00469512	0.00468249	0.00471807	0.00463733	0.00430453	0.00365715	0.00270997	
0.00229955	0.00298872	0.00333375	0.00346458	0.003579	0.00377389	0.00404482	0.0043566	0.00471748	0.00518988	0.00576754	0.00627921	0.00655365	0.00663499	0.00669632	0.00682868	0.00704293	0.00735169	0.0077269	0.00807834	0.00833089	0.00848525	0.00860293	0.00875468	0.00900446	0.00937008	0.00977555	0.0101355	0.0104183	0.0105902	0.0106806	0.0108721	0.0113179	0.0119524	0.0126004	0.013136	0.0135248	0.0138649	0.0143083	0.0148045	0.0150828	0.0150283	0.01487	0.0148849	0.015163	0.0156581	0.0161861	0.0164547	0.01634	0.0160806	0.0161009	0.0166505	0.0175727	0.0184308	0.0188888	0.0188988	0.018588	0.0181797	0.0179375	0.0178845	0.0177616	0.0175536	0.0176306	0.0181056	0.018605	0.0188387	0.0188872	0.0188632	0.0187096	0.0184058	0.018065	0.01779	0.0176578	0.0177335	0.0178883	0.0178113	0.0174277	0.0170238	0.0167839	0.0165739	0.0163334	0.0162805	0.0165189	0.0167691	0.0166723	0.0161283	0.0152742	0.0143136	0.0134239	0.0127474	0.0123603	0.0121903	0.0120661	0.0119172	0.0117931	0.0117068	0.0115943	0.0113444	0.01088	0.0103175	0.00989523	0.00965866	0.00941777	0.00908336	0.00883121	0.00881217	0.00886996	0.00871769	0.00828399	0.00772923	0.00721651	0.00679889	0.00647107	0.00621653	0.00601097	0.00583891	0.00567847	0.00546951	0.0051779	0.00487108	0.00466457	0.00462785	0.00473658	0.00485183	0.00477522	0.00437509	0.00363567	0.00263314	
0.00235642	0.00301035	0.00330077	0.00339126	0.0035098	0.00376532	0.00411113	0.0044288	0.00470275	0.00506732	0.00559405	0.00612484	0.00645481	0.00659212	0.00669516	0.00685408	0.00706714	0.00731969	0.00757932	0.007794	0.00794092	0.00805464	0.00819921	0.00841346	0.00870221	0.00904286	0.00938844	0.00971369	0.0100065	0.0102187	0.010353	0.0105443	0.0109148	0.0114217	0.0119336	0.0123723	0.0127471	0.0131338	0.0136091	0.014099	0.0143674	0.0143235	0.0142094	0.0143136	0.0146778	0.0151534	0.0155339	0.0156363	0.0154288	0.0151147	0.015048	0.0154947	0.0163637	0.0172201	0.0176742	0.017679	0.0174114	0.0170781	0.016859	0.0167581	0.0165999	0.0164334	0.0165957	0.0171314	0.0176365	0.0178538	0.0179364	0.0180245	0.0179788	0.0176748	0.0172308	0.0168425	0.0166646	0.0167828	0.0170285	0.0170224	0.0166476	0.0161915	0.015874	0.0156099	0.0153416	0.0152254	0.0153416	0.0155039	0.0154698	0.0151591	0.0146244	0.0139458	0.0132184	0.012573	0.0121205	0.0118493	0.0116568	0.0115164	0.0114705	0.0114651	0.0113521	0.0110179	0.0104815	0.00992393	0.00952759	0.00926052	0.00894336	0.00854115	0.00824924	0.00820744	0.00826003	0.00813489	0.00776225	0.0072858	0.0068399	0.00645011	0.00611034	0.0058336	0.00562817	0.00547918	0.00533078	0.00510665	0.00481357	0.00457641	0.00451685	0.00465125	0.00488677	0.00504575	0.00493526	0.00445028	0.00361432	0.00255493	
0.00244291	0.0030806	0.0033354	0.00341133	0.003561	0.00388197	0.00428134	0.00458536	0.004768	0.0050073	0.00542337	0.00588852	0.00621393	0.00640148	0.00658441	0.00682236	0.00706967	0.00726386	0.00737915	0.00744023	0.00749786	0.00760356	0.00780907	0.00812888	0.00849973	0.00882489	0.00907176	0.00929822	0.00954596	0.00977418	0.00996074	0.0101683	0.0104529	0.0107877	0.0111081	0.0114039	0.0117381	0.0121742	0.0127028	0.0131886	0.0134216	0.0133727	0.0133206	0.0135503	0.0140413	0.0145405	0.0148117	0.0147876	0.0145626	0.0143057	0.0142373	0.0145787	0.0153074	0.0160428	0.0164123	0.0164291	0.0163162	0.0161778	0.016028	0.0158735	0.0157088	0.015651	0.0159067	0.0164136	0.0168263	0.0169938	0.0171034	0.0172544	0.0172367	0.0168996	0.0164197	0.0160501	0.0159169	0.0160466	0.0162696	0.0162425	0.0158432	0.0153191	0.0148907	0.0145211	0.0141598	0.0139007	0.0138113	0.0138244	0.0138484	0.01384	0.0137392	0.0134536	0.0129675	0.0124031	0.0119228	0.0115775	0.0113156	0.0111409	0.0110955	0.0110823	0.0109036	0.010479	0.00992859	0.00944401	0.00909909	0.00880526	0.00844097	0.00801648	0.0076941	0.00757867	0.00755296	0.00742268	0.00713996	0.0067922	0.00643711	0.00606554	0.00571027	0.00545733	0.00533073	0.00524647	0.00508334	0.00479406	0.00447679	0.00430699	0.0043769	0.00463706	0.00493952	0.00508717	0.00491484	0.00436492	0.00349302	0.00243923	
0.00254011	0.00317796	0.00340789	0.00347119	0.00363995	0.00398473	0.00437788	0.00464212	0.00476475	0.00492476	0.00523706	0.00559693	0.00586713	0.00607639	0.00633227	0.00665128	0.00695043	0.00713187	0.00716701	0.00713549	0.00714595	0.00725175	0.00748767	0.00786616	0.00828518	0.00857612	0.00869797	0.00878519	0.00896241	0.00922846	0.00953974	0.00985828	0.0101327	0.0103341	0.0104743	0.0106026	0.0108129	0.0111812	0.011673	0.012122	0.0123375	0.0123329	0.0123877	0.0127495	0.0133496	0.0138846	0.0141122	0.0140509	0.0138898	0.0137612	0.0137444	0.0139823	0.0145017	0.0150215	0.0152644	0.0153209	0.015401	0.0154617	0.015375	0.0151934	0.0150718	0.0151462	0.0154735	0.0159279	0.0162669	0.0164105	0.0164912	0.0165378	0.0163633	0.0159197	0.0154666	0.015238	0.0152395	0.0153875	0.0155366	0.0154481	0.0150262	0.0144599	0.0139401	0.0134482	0.0129398	0.0125012	0.0122319	0.0121485	0.0122417	0.0124753	0.0127037	0.0127362	0.0125136	0.0121438	0.0117735	0.0114534	0.0111559	0.0109153	0.010789	0.0106715	0.0103658	0.00985876	0.00934996	0.00898322	0.00870232	0.00839865	0.00803726	0.00765296	0.00733827	0.00715201	0.00703078	0.00687927	0.00667641	0.00643534	0.00612452	0.00572049	0.00533308	0.00513543	0.00513576	0.00513658	0.00494678	0.00457903	0.00423099	0.00409765	0.00422172	0.00451038	0.00479907	0.00488961	0.00464891	0.00408002	0.00326447	0.00230363	
0.00259606	0.00324671	0.00346503	0.00351192	0.00367785	0.00400832	0.00435242	0.00456587	0.00467365	0.00483259	0.00510871	0.00539497	0.0056054	0.00580247	0.00607032	0.00639241	0.0066833	0.00685492	0.00688467	0.00686083	0.00688673	0.00698127	0.0071639	0.00748424	0.00786906	0.00812419	0.00817533	0.00817356	0.00831047	0.00865286	0.00915361	0.0096671	0.0100142	0.0101441	0.0101407	0.0101055	0.0101477	0.010373	0.0107711	0.0111725	0.0113933	0.0114606	0.0116244	0.0120795	0.0127397	0.0133112	0.0135688	0.0135634	0.0135012	0.0134685	0.0134568	0.0135597	0.0138441	0.0141386	0.0142767	0.0143874	0.0146228	0.014831	0.0148164	0.0146648	0.0145998	0.0147439	0.0150824	0.0154947	0.0158073	0.0159317	0.0159074	0.0157286	0.0153228	0.0148015	0.0144599	0.0144386	0.0146078	0.0147878	0.0148629	0.0147118	0.0142913	0.0137473	0.0132187	0.0126583	0.0120255	0.011466	0.0111456	0.0110796	0.011215	0.0114838	0.0117401	0.0118461	0.0118081	0.011707	0.0115774	0.0113867	0.0111007	0.0107859	0.0105316	0.010255	0.00979954	0.00923321	0.00879861	0.00855654	0.00833794	0.00803801	0.00770014	0.00738113	0.00712402	0.00694684	0.00680851	0.00667074	0.00652304	0.00632023	0.00598148	0.0055096	0.00509092	0.00494403	0.00503764	0.00508884	0.00487555	0.00446489	0.00410889	0.0039907	0.00411343	0.00436803	0.00459341	0.00460152	0.0042965	0.00374534	0.00304363	0.00221787	
0.00253675	0.00320457	0.00343789	0.00348488	0.00364727	0.00396227	0.00426401	0.00443969	0.00455551	0.00475148	0.00504511	0.00531774	0.00550751	0.00568093	0.00589715	0.00613221	0.00633004	0.00644509	0.00647851	0.00650271	0.0065713	0.00664998	0.00674373	0.00694745	0.00725745	0.00750971	0.00759243	0.00760231	0.00774469	0.00815729	0.00881586	0.00950238	0.00993669	0.0100322	0.00991676	0.0097465	0.00966906	0.00982721	0.0102102	0.0106029	0.0108057	0.0108702	0.0110388	0.0114779	0.0121262	0.0127464	0.013125	0.0132613	0.0132892	0.0132594	0.0131661	0.0131094	0.0131874	0.0133145	0.0133999	0.0135601	0.0138854	0.0141922	0.0142699	0.0141745	0.0141107	0.0142111	0.0144884	0.0148555	0.0151451	0.0152276	0.0150957	0.0147631	0.0142636	0.0137932	0.0136068	0.0137452	0.0140036	0.0141658	0.0141563	0.0139649	0.0136142	0.0132068	0.0127897	0.0122541	0.011579	0.0110078	0.0107704	0.0108063	0.010922	0.0110053	0.0110077	0.0109581	0.0109697	0.0110761	0.0111691	0.0111163	0.0108682	0.0105122	0.0101632	0.00976782	0.00921476	0.008625	0.00824653	0.00808571	0.00792808	0.00766655	0.00736452	0.00710507	0.00693621	0.00684465	0.00676204	0.00665676	0.00652348	0.00629688	0.00589969	0.00538703	0.0049822	0.00487507	0.00498316	0.00501777	0.00479635	0.00441506	0.00411054	0.00403063	0.00415619	0.00436767	0.00450535	0.00440867	0.00403452	0.00349935	0.00289259	0.00217059	
0.00236479	0.00303828	0.00330214	0.00336995	0.00354401	0.00386812	0.00416531	0.00432649	0.00443588	0.00463208	0.00492632	0.00521118	0.00542028	0.00558283	0.00573549	0.00587219	0.00596793	0.00600751	0.00601349	0.00604786	0.00613245	0.00620864	0.00626625	0.00640548	0.00667168	0.00695784	0.00713619	0.0072202	0.00737626	0.00778725	0.00847687	0.00922563	0.00971316	0.00980197	0.00960747	0.00933765	0.0092214	0.00944007	0.00992345	0.0103522	0.0104989	0.0104681	0.0105306	0.0108498	0.0114172	0.0120893	0.0126619	0.0130071	0.0131164	0.0130311	0.0128278	0.0126441	0.0125796	0.012594	0.0126457	0.0128265	0.0131794	0.0135322	0.0136828	0.0136223	0.0135044	0.0134956	0.0136666	0.0139487	0.014169	0.0142024	0.0140616	0.0137812	0.013402	0.0130824	0.0130063	0.0131726	0.0133756	0.0134188	0.0132878	0.0130768	0.0128656	0.0126848	0.0124499	0.0119975	0.0113577	0.0108587	0.010755	0.0108942	0.0109448	0.0107691	0.010451	0.0101861	0.0101473	0.0103053	0.0104637	0.0104579	0.0102506	0.00993351	0.00961198	0.00923609	0.00870682	0.00813698	0.00775463	0.00758868	0.0074719	0.00728328	0.0070392	0.00683597	0.00675706	0.00676456	0.00673635	0.00662536	0.00644825	0.00616538	0.00573127	0.00524004	0.00490448	0.00483695	0.00490909	0.0048921	0.00468842	0.00439499	0.00418826	0.00417543	0.00432189	0.00449011	0.00452402	0.00431554	0.00388131	0.0033496	0.0027781	0.00209183	
0.00218075	0.00283589	0.00311653	0.00321099	0.00341087	0.00375821	0.00406279	0.00420395	0.00426863	0.00440808	0.00466352	0.00495333	0.00518387	0.00533609	0.00545117	0.00555624	0.00562871	0.00564314	0.00562385	0.00563353	0.00570467	0.00579891	0.00589243	0.00604738	0.00631428	0.0066347	0.00689184	0.00703526	0.00716467	0.00747223	0.00805197	0.00875325	0.00926368	0.00937815	0.00915635	0.00884672	0.00875594	0.00907226	0.00965109	0.0100969	0.0101808	0.0100609	0.0100312	0.0102415	0.0107186	0.0114161	0.0121601	0.0126998	0.0128843	0.0127636	0.0125109	0.0122858	0.0121502	0.0120758	0.0120724	0.0122324	0.0125598	0.0128905	0.0130514	0.0130019	0.0128482	0.0127593	0.0128207	0.0129682	0.0130647	0.0130572	0.0130052	0.0129244	0.0127745	0.0126116	0.0125647	0.012646	0.0126934	0.0125647	0.0123135	0.012105	0.012035	0.0120469	0.0119501	0.0115777	0.0110231	0.0106334	0.0106292	0.0108081	0.010793	0.0104503	0.00993911	0.00952739	0.00938532	0.00944817	0.00952062	0.00948021	0.00933064	0.00915586	0.0090127	0.0088075	0.00840547	0.00787294	0.00742973	0.00718937	0.00707622	0.00695216	0.00676656	0.00660887	0.00658879	0.00666067	0.00666626	0.00653374	0.00629667	0.00596122	0.00551946	0.0050777	0.00481617	0.00477858	0.00481757	0.00477505	0.00461434	0.00440246	0.00425809	0.00427188	0.0044063	0.00451131	0.00444819	0.00417125	0.00373882	0.00324429	0.00268667	0.00199171	
0.00207907	0.00269123	0.00296025	0.00307616	0.00330451	0.00365703	0.00392775	0.00400177	0.00398811	0.00406575	0.00430187	0.00460824	0.0048406	0.00495857	0.00505405	0.00519393	0.00532675	0.00538565	0.00538112	0.00537662	0.0054296	0.00554107	0.00568481	0.00588162	0.00616287	0.00648897	0.00676466	0.0069177	0.0069851	0.00713882	0.00754513	0.00814978	0.00866067	0.0088071	0.00860316	0.00833078	0.00831078	0.0086714	0.0092279	0.00961498	0.00965192	0.00951966	0.00950213	0.00971447	0.0101674	0.0108527	0.0116328	0.0122245	0.0124313	0.0123263	0.0121247	0.0119596	0.0118317	0.0117082	0.0116472	0.011761	0.0120254	0.0122779	0.0123972	0.0123605	0.0122273	0.012112	0.0120781	0.012083	0.0120629	0.0120439	0.0121042	0.0122164	0.0122595	0.0122028	0.0121346	0.0120907	0.0119771	0.0117264	0.0114327	0.0112563	0.0112526	0.0113108	0.011233	0.0109128	0.0104767	0.010211	0.0102612	0.0104245	0.0103723	0.00999794	0.00945111	0.00896922	0.00869996	0.00860242	0.00854132	0.00845399	0.00838497	0.00841032	0.00851861	0.00853027	0.00825115	0.00773115	0.00723055	0.00694203	0.00683074	0.00673055	0.00655795	0.0064019	0.00638419	0.00647724	0.006527	0.00642884	0.00619252	0.00584756	0.00541711	0.00500896	0.00477681	0.00473914	0.00476603	0.00474038	0.00461985	0.0044209	0.00423984	0.00418756	0.004242	0.00425833	0.00412893	0.00386082	0.00352285	0.0031404	0.00263538	0.0019369	
0.00206908	0.0026246	0.00286207	0.00298737	0.00322293	0.00353372	0.00371281	0.00368281	0.00359805	0.00366725	0.00395329	0.00431537	0.00454765	0.00461945	0.00469689	0.00488541	0.00509973	0.00522883	0.00526621	0.00526749	0.00529682	0.00538637	0.00552896	0.00573467	0.00601516	0.00632219	0.00658153	0.00673901	0.00678975	0.00685462	0.00712884	0.00763522	0.00810972	0.00824938	0.00806204	0.00785955	0.0079153	0.00824725	0.00866628	0.00892491	0.00892786	0.0088475	0.00892803	0.00924402	0.00975027	0.010391	0.0110389	0.0114867	0.0116282	0.0115746	0.0115068	0.0114807	0.0114332	0.0113241	0.0112416	0.0113146	0.0115122	0.0116845	0.0117612	0.0117469	0.0116479	0.0115033	0.0113719	0.0112809	0.0112414	0.011289	0.0114521	0.0116645	0.011795	0.0117876	0.0116881	0.0115355	0.0113174	0.0110457	0.010802	0.0106629	0.0106145	0.0105599	0.0104009	0.0101227	0.00982977	0.00970004	0.00979853	0.00993921	0.00986978	0.00952852	0.00903107	0.00854393	0.00819024	0.00797415	0.00781771	0.00769501	0.00768067	0.00785145	0.00813272	0.00825835	0.00800678	0.00748112	0.00700906	0.00678846	0.00672973	0.00662586	0.00640625	0.00618728	0.00611081	0.00618764	0.00629292	0.00628849	0.00612643	0.00582232	0.00541832	0.00502827	0.0047935	0.00473945	0.00477092	0.00477487	0.00465879	0.00440237	0.00412185	0.00396119	0.00390842	0.00383179	0.00366655	0.00346231	0.00327153	0.00303939	0.00261764	0.00193625	
0.00212066	0.00262099	0.00281629	0.00292503	0.00312253	0.00334287	0.00341219	0.00330921	0.00321783	0.0033424	0.00371206	0.00413256	0.00436666	0.00440831	0.00447569	0.00470069	0.0049809	0.00517249	0.0052503	0.00525618	0.00524521	0.00526789	0.00534737	0.00550478	0.00574112	0.00600193	0.00624537	0.00645867	0.00660851	0.00672693	0.0069608	0.00736925	0.0077494	0.00782859	0.00763537	0.00748861	0.00758576	0.00783323	0.00805534	0.00814891	0.00812456	0.00813436	0.00835052	0.00879541	0.00936658	0.00993354	0.0103649	0.0105835	0.0106381	0.0106689	0.0107691	0.0108925	0.0109246	0.0108386	0.0107579	0.0108243	0.0110057	0.011154	0.0112168	0.0112126	0.0111089	0.0108937	0.0106604	0.0105405	0.0105928	0.0107779	0.0110178	0.0112294	0.0113427	0.0113343	0.0112138	0.0110083	0.0107749	0.0105749	0.0104262	0.0102898	0.0101047	0.00985558	0.00959777	0.00938939	0.00926385	0.00927892	0.00943367	0.00955098	0.00944317	0.00911745	0.00869272	0.00827421	0.00794119	0.0077067	0.00751614	0.00736322	0.00734284	0.00752875	0.00780474	0.00787494	0.00756063	0.00705128	0.0067029	0.00664092	0.00667871	0.00657599	0.00628799	0.0059659	0.00578741	0.00581359	0.00595395	0.00604533	0.00597732	0.0057298	0.00535506	0.00498248	0.00475149	0.00470031	0.0047582	0.0047901	0.00465302	0.00432881	0.00397715	0.00375277	0.00362521	0.00347502	0.00329136	0.00315847	0.00309094	0.00296113	0.00259005	0.00192628	
0.00221897	0.00267772	0.00281898	0.00287101	0.00298595	0.00310336	0.00310568	0.00301581	0.00299974	0.00320552	0.00361512	0.00402723	0.00423672	0.00426773	0.00434414	0.00460173	0.00493861	0.00519044	0.00530681	0.00531285	0.00525833	0.00520867	0.00520637	0.00527437	0.00541042	0.00558016	0.00579277	0.00608427	0.00640563	0.00668417	0.0069502	0.00724771	0.00746985	0.00745221	0.00726282	0.0071797	0.0073025	0.0074547	0.00748482	0.00741822	0.00737745	0.00750278	0.00786298	0.00839575	0.00896583	0.0094306	0.00969067	0.00977207	0.00981499	0.00994618	0.0101744	0.0103763	0.0104096	0.0102887	0.0102011	0.0103077	0.0105463	0.0107239	0.0107747	0.0107418	0.0105986	0.0103192	0.0100341	0.00994788	0.0101163	0.0103952	0.0106223	0.0107441	0.0107798	0.0107466	0.0106308	0.0104525	0.0103021	0.0102316	0.0101695	0.00999005	0.00964179	0.00923007	0.00894388	0.00886135	0.00891714	0.00905717	0.00923091	0.00927841	0.00908146	0.00873523	0.00838938	0.0080944	0.00785972	0.00767084	0.0074837	0.0073179	0.00727455	0.00739607	0.00754074	0.00745465	0.00705079	0.00657062	0.00633569	0.0063926	0.00650312	0.00642063	0.00610481	0.0057114	0.00544389	0.00540962	0.00555226	0.00570081	0.00570066	0.0054957	0.0051426	0.00478813	0.00457328	0.00454601	0.00464875	0.00471967	0.00458268	0.00424145	0.00388917	0.00366253	0.00349864	0.00329575	0.00309782	0.00300717	0.00298929	0.00287019	0.00249063	0.00184005	
0.00229366	0.00273728	0.00283648	0.00281659	0.00283785	0.00288126	0.00288424	0.002881	0.00297945	0.00324356	0.00361665	0.00394223	0.00409793	0.00413394	0.00423473	0.00451209	0.0048786	0.00517623	0.00533441	0.00535429	0.00528045	0.00519091	0.00513298	0.00511513	0.00513253	0.00518316	0.00532601	0.00564345	0.00609736	0.00653781	0.00685802	0.00704187	0.00707908	0.006961	0.0068084	0.00681805	0.00698214	0.0070819	0.0069972	0.00683534	0.00680478	0.00705052	0.00754136	0.00810749	0.00859433	0.00892922	0.00910717	0.00919459	0.00929459	0.00947882	0.00973649	0.00993682	0.00992446	0.00974014	0.00963559	0.009796	0.0101061	0.0102969	0.0102887	0.0101841	0.0100124	0.00975763	0.00954334	0.00955219	0.00977627	0.01001	0.0101075	0.0101018	0.0100786	0.010051	0.00997901	0.00988376	0.00985208	0.00988706	0.00985233	0.00960021	0.00913616	0.00867309	0.00846393	0.00854825	0.00875805	0.00894817	0.00904807	0.00895437	0.00863791	0.00826868	0.00801093	0.00785628	0.00773698	0.0076027	0.00742986	0.00728288	0.00726336	0.00735408	0.00738231	0.00715942	0.00668065	0.00618373	0.00593716	0.00596918	0.00606656	0.00600645	0.00573555	0.00537374	0.00510594	0.0050511	0.00517755	0.00533113	0.00535384	0.00517551	0.00484841	0.00451885	0.00432128	0.00430993	0.00444345	0.00455601	0.00446048	0.00416659	0.00386393	0.00365897	0.00347205	0.00322801	0.0030101	0.00292042	0.00288608	0.00272023	0.00230617	0.00167473	
0.00220351	0.00266434	0.00278481	0.00274604	0.00271245	0.002721	0.00275871	0.00285263	0.00304384	0.00331783	0.00360074	0.00381019	0.00391823	0.00398369	0.00411915	0.0043879	0.00472347	0.00500885	0.00518124	0.00522132	0.00515881	0.00507206	0.00500459	0.00494674	0.00488798	0.00484736	0.00491	0.00518953	0.00567874	0.00619878	0.0065443	0.0066378	0.00653529	0.00635599	0.00625514	0.00634473	0.00654396	0.00664319	0.00655405	0.00640036	0.00641488	0.00675292	0.00733231	0.00789947	0.00827147	0.00845961	0.00858297	0.008718	0.00885875	0.00901415	0.0092228	0.00940689	0.00939402	0.0091961	0.00908262	0.00925903	0.0095767	0.00971471	0.00959813	0.00940374	0.00924122	0.00911461	0.00909021	0.00923408	0.00944041	0.00952262	0.00945243	0.00936321	0.0093506	0.00937805	0.0093742	0.00935602	0.00938305	0.00942049	0.00933709	0.00902624	0.00854228	0.00813659	0.00805461	0.00827661	0.00855661	0.00869809	0.0086541	0.00840482	0.00799289	0.00761624	0.00743285	0.00739822	0.00739276	0.00733309	0.00720978	0.00712921	0.00719482	0.00733245	0.00733456	0.00705247	0.0065172	0.00593609	0.00555529	0.00544311	0.00544803	0.00538622	0.00519876	0.00495667	0.00478633	0.00477115	0.00487721	0.00497999	0.00496506	0.00478964	0.0045014	0.00421815	0.00404623	0.00403257	0.00415268	0.00427397	0.00423563	0.00403393	0.003809	0.00362993	0.00342498	0.0031541	0.00292133	0.00281917	0.00275756	0.00255213	0.0021115	0.00149451	
0.00189185	0.00237933	0.00258902	0.00261762	0.00259639	0.00259914	0.00265752	0.00279941	0.00302071	0.0032554	0.00343182	0.00354146	0.00362903	0.00374009	0.00390983	0.00415235	0.00441697	0.00463029	0.00475777	0.00478574	0.00473867	0.00468453	0.00465145	0.00461106	0.00454691	0.00448473	0.00450503	0.00472088	0.00515268	0.00563987	0.00595438	0.00599588	0.00584611	0.00567129	0.0056176	0.00573741	0.00593633	0.00605498	0.0060318	0.00595617	0.00602139	0.00638113	0.00696616	0.00750689	0.00778575	0.00784207	0.00788721	0.00801847	0.00814568	0.00823357	0.00838113	0.00857377	0.00862451	0.00848644	0.00839351	0.00854956	0.00881189	0.00886547	0.00865321	0.00839723	0.00826703	0.00828684	0.00845405	0.00869797	0.00883458	0.00875547	0.00857385	0.00847656	0.00851574	0.00860195	0.00864913	0.00866497	0.00867491	0.00863938	0.00849228	0.0081933	0.00779512	0.00749756	0.00749647	0.00774728	0.00798909	0.00802846	0.00786577	0.00753825	0.00709948	0.00672458	0.00656489	0.00658954	0.00668108	0.00674093	0.00674636	0.00679398	0.00696703	0.00716898	0.00719438	0.00691567	0.00635632	0.00568896	0.00516544	0.00490715	0.00481273	0.00472811	0.00459896	0.00446765	0.00441066	0.00445978	0.00454897	0.00456805	0.00446402	0.00425716	0.00400598	0.00378599	0.00365591	0.003637	0.00371042	0.00379858	0.00380487	0.00371333	0.00358402	0.00343713	0.00322564	0.00295479	0.00274002	0.00265921	0.00261298	0.00241202	0.00196364	0.00134828	
0.00143909	0.00191406	0.00220881	0.00233805	0.0023739	0.00238961	0.00244129	0.002566	0.00274774	0.0029089	0.00299437	0.00304137	0.00312265	0.00325622	0.00342788	0.0036345	0.00383787	0.0039769	0.0040295	0.00400622	0.00395199	0.00393048	0.00394824	0.00395871	0.00394224	0.00392053	0.00394313	0.00409019	0.00439836	0.00476364	0.00500394	0.00503032	0.00491238	0.00479237	0.00477754	0.00489091	0.00506266	0.00519096	0.00523137	0.00522421	0.00529469	0.00557971	0.0060649	0.00653403	0.00675358	0.00673225	0.00670323	0.00678866	0.00687632	0.00690899	0.00700728	0.00719747	0.00730847	0.00726077	0.00722487	0.00736526	0.00756572	0.00757023	0.00734357	0.00709642	0.00700052	0.00708489	0.00731081	0.00754232	0.00758428	0.00740854	0.00720491	0.00714519	0.00722275	0.00732706	0.00738543	0.0074025	0.00738014	0.00728993	0.00713096	0.00691592	0.00666526	0.00647743	0.00647995	0.00664951	0.00678454	0.00673936	0.00654626	0.00624724	0.00586125	0.00551376	0.00534375	0.00535995	0.00549515	0.00567276	0.00584339	0.00603124	0.00626298	0.00646236	0.00648997	0.00625162	0.00574364	0.00509317	0.00454057	0.00423212	0.00409707	0.00399846	0.0038843	0.00379324	0.0037914	0.00388111	0.00396034	0.003915	0.00373533	0.00349794	0.00327716	0.00311426	0.00302623	0.00300871	0.00303893	0.00308444	0.00311688	0.00312083	0.00308144	0.00297003	0.00276864	0.0025287	0.00236811	0.0023439	0.00234884	0.00218963	0.00177024	0.00118653	
0.000952904	0.0013417	0.00164012	0.00181978	0.00190221	0.00193458	0.00196808	0.00204096	0.00214596	0.002228	0.00225646	0.00227663	0.00234582	0.00245618	0.00258261	0.00273549	0.00289328	0.00299002	0.00299298	0.00292555	0.00285477	0.00284647	0.00289517	0.0029477	0.00298399	0.00301431	0.00305079	0.00313248	0.00330193	0.00351966	0.00367588	0.00370569	0.00364787	0.00359199	0.00360286	0.00369403	0.00382698	0.00394118	0.00400068	0.00401039	0.00403644	0.00418907	0.0045064	0.00485598	0.00502963	0.00499446	0.00493874	0.00498141	0.00503103	0.00502897	0.00507667	0.00521647	0.00532935	0.00534722	0.00537398	0.00550801	0.0056629	0.00566854	0.00550936	0.00533793	0.00527448	0.0053331	0.00547867	0.00560351	0.00556919	0.00538959	0.00523602	0.00522128	0.00530417	0.00539001	0.00543443	0.00544544	0.00541647	0.00532714	0.00520262	0.00508121	0.00496432	0.00486624	0.0048454	0.00490784	0.00494289	0.00486655	0.00471403	0.00450587	0.00422956	0.00395978	0.00380176	0.00378668	0.00390323	0.00411954	0.00437534	0.00461874	0.00481928	0.00494223	0.00494084	0.00476787	0.00439861	0.00390398	0.0034672	0.00321529	0.00310228	0.00301617	0.00290827	0.00281864	0.0028193	0.00290911	0.00297939	0.00292218	0.00274286	0.00252925	0.00235127	0.00223126	0.0021703	0.00215663	0.0021661	0.00218697	0.00222934	0.00228512	0.00230131	0.00222284	0.0020529	0.001867	0.00176761	0.001788	0.00182853	0.00172187	0.00138876	0.000919887	
