
TracePro Release: 7 0 3 
Irradiance Map Data for G:\ee373 lab4-Linear Units in millimeters
Data for ob Surface 2
Data generated at 17:34:22 November 13, 2025

Raytrace Time: mins: 0, secs: 17

Projected Plane Extent from surface geometry 
      TopLeft:(1850,995,-1850) 
      TopRight:(-1850,995,-1850)
      BottomLeft:(1850,995,1850) 
      BottomRight:(-1850,995,1850)
Corners of Data Set (plotted) 
      TopLeft:(1850,995,-1850) 
      TopRight:(-1850,995,-1850)
      BottomLeft:(1850,995,1850) 
      BottomRight:(-1850,995,1850)
Total Absorbed Rays: 818510
Min: 7.60724e-014 Max: 0.0528459 Ave: 0.0336471
Total Flux: 0.460629 W, Emitted Flux: 0.5
Normalization: 0
Data Smoothing is On
Grid Size is 128 x 128
Map Count 50
Data Cells are 28.9063 x 28.9063 millimeters

1.24943e-012	3.29917e-012	9.44744e-012	4.4647e-011	2.22326e-010	1.58424e-009	1.11641e-008	6.06849e-008	2.38822e-007	6.83498e-007	1.46928e-006	2.50176e-006	3.59206e-006	4.59423e-006	5.5016e-006	6.54671e-006	7.95165e-006	9.34613e-006	1.0011e-005	9.89809e-006	9.55084e-006	9.20267e-006	8.98192e-006	9.34377e-006	1.03494e-005	1.12451e-005	1.12452e-005	1.04693e-005	9.95063e-006	1.06042e-005	1.23619e-005	1.4339e-005	1.56142e-005	1.58652e-005	1.56893e-005	1.63162e-005	1.80646e-005	1.96074e-005	2.01862e-005	2.13412e-005	2.50312e-005	3.21083e-005	4.373e-005	6.26231e-005	9.35736e-005	0.000141812	0.000206903	0.000280877	0.000354603	0.000422611	0.000488956	0.000575572	0.000714169	0.000916183	0.00115389	0.00138361	0.00158578	0.00177646	0.001977	0.00216939	0.00230441	0.00237022	0.00241984	0.00250957	0.00263031	0.00270718	0.00267053	0.00252085	0.00230459	0.00206037	0.00181553	0.00159159	0.00139471	0.00122087	0.00105922	0.000889849	0.000710234	0.000547197	0.000416486	0.000307219	0.000213502	0.000142453	9.64811e-005	7.01594e-005	5.67364e-005	4.97208e-005	4.36843e-005	3.66791e-005	3.00322e-005	2.53448e-005	2.23833e-005	1.95234e-005	1.59892e-005	1.28633e-005	1.10879e-005	1.00308e-005	8.96698e-006	8.38048e-006	8.85824e-006	9.81853e-006	1.05781e-005	1.15894e-005	1.34129e-005	1.58397e-005	1.8331e-005	1.99931e-005	1.97433e-005	1.73492e-005	1.36912e-005	1.00185e-005	7.23634e-006	5.544e-006	4.53214e-006	3.68286e-006	2.76918e-006	1.82558e-006	9.94705e-007	4.22894e-007	1.3553e-007	3.3365e-008	7.38699e-009	1.99203e-009	6.22231e-010	1.66007e-010	2.68852e-011	5.28735e-012	2.01663e-012	1.63824e-012	
7.60724e-014	3.57136e-011	1.3532e-010	5.35405e-010	1.62966e-009	5.61252e-009	2.60551e-008	1.23835e-007	4.708e-007	1.34687e-006	2.92986e-006	5.02872e-006	7.11066e-006	8.59978e-006	9.27466e-006	9.56902e-006	1.01598e-005	1.10139e-005	1.14783e-005	1.14346e-005	1.1382e-005	1.1676e-005	1.26458e-005	1.4613e-005	1.7186e-005	1.92943e-005	2.00271e-005	1.94604e-005	1.87537e-005	1.9011e-005	2.01697e-005	2.12341e-005	2.15386e-005	2.14762e-005	2.18755e-005	2.34579e-005	2.6661e-005	3.11567e-005	3.65133e-005	4.40851e-005	5.73278e-005	8.06659e-005	0.000118769	0.000178353	0.00027485	0.000430819	0.000652455	0.000911848	0.00116279	0.00137295	0.00155457	0.00177554	0.00211951	0.0026091	0.00317046	0.00369236	0.00412586	0.00451846	0.00492918	0.00531729	0.00558209	0.00571512	0.00582543	0.00600278	0.00621374	0.00632965	0.00624425	0.00596395	0.00555933	0.00508391	0.00458885	0.00412821	0.00371448	0.00332361	0.0029198	0.00246801	0.00198871	0.00156255	0.00122637	0.000943515	0.000690331	0.000484185	0.000338257	0.0002451	0.000188376	0.000149781	0.000116352	8.67323e-005	6.58302e-005	5.50179e-005	4.95851e-005	4.30796e-005	3.35384e-005	2.465e-005	1.95751e-005	1.71054e-005	1.48781e-005	1.26291e-005	1.13548e-005	1.12856e-005	1.20134e-005	1.34778e-005	1.55324e-005	1.78005e-005	2.01183e-005	2.18822e-005	2.1983e-005	2.00855e-005	1.69027e-005	1.33822e-005	1.02048e-005	7.76373e-006	6.19897e-006	5.27569e-006	4.45077e-006	3.31521e-006	1.98492e-006	9.06138e-007	3.14696e-007	9.29852e-008	3.12905e-008	1.31271e-008	5.06518e-009	1.50019e-009	3.09263e-010	5.70309e-011	2.51497e-012	8.57516e-012	
4.96586e-011	3.06463e-010	1.1881e-009	4.14352e-009	1.11691e-008	2.63116e-008	6.95256e-008	2.28665e-007	7.47188e-007	2.03465e-006	4.39592e-006	7.58361e-006	1.06742e-005	1.25506e-005	1.27811e-005	1.21328e-005	1.18382e-005	1.22119e-005	1.25894e-005	1.26559e-005	1.28171e-005	1.35839e-005	1.54359e-005	1.8452e-005	2.19415e-005	2.5012e-005	2.6936e-005	2.73294e-005	2.66431e-005	2.58458e-005	2.54455e-005	2.52361e-005	2.52569e-005	2.64294e-005	2.95199e-005	3.51008e-005	4.5478e-005	6.38812e-005	9.14064e-005	0.000129136	0.000183506	0.000265409	0.000384132	0.000552558	0.000809949	0.00121922	0.00180188	0.0024813	0.00312097	0.0036273	0.00403177	0.00448808	0.0051643	0.00609362	0.00712357	0.00804183	0.00876563	0.00939242	0.0100315	0.0106193	0.0110086	0.0112113	0.0114029	0.0116915	0.0119944	0.0121272	0.0119641	0.0115312	0.0109313	0.0102336	0.00950141	0.00880296	0.00814152	0.00746284	0.0066969	0.00579531	0.00482808	0.0039558	0.00323145	0.00257686	0.00195934	0.001432	0.00103472	0.000758754	0.000570056	0.00042904	0.000312064	0.000220501	0.000161443	0.000129085	0.000108275	8.64281e-005	6.15487e-005	4.08637e-005	2.96539e-005	2.5181e-005	2.20084e-005	1.7865e-005	1.38733e-005	1.1704e-005	1.17624e-005	1.33776e-005	1.53881e-005	1.71642e-005	1.90301e-005	2.07896e-005	2.12516e-005	1.98384e-005	1.71794e-005	1.41641e-005	1.12926e-005	8.92677e-006	7.46168e-006	6.7956e-006	6.14719e-006	4.8335e-006	3.02278e-006	1.45774e-006	5.79025e-007	2.44539e-007	1.32576e-007	7.1733e-008	3.02588e-008	9.27719e-009	2.00569e-009	3.36056e-010	1.97322e-011	1.98859e-011	
5.86192e-010	2.27984e-009	7.71868e-009	2.38115e-008	5.97065e-008	1.22039e-007	2.31473e-007	4.90231e-007	1.1611e-006	2.66929e-006	5.36747e-006	9.04026e-006	1.26122e-005	1.46895e-005	1.47928e-005	1.397e-005	1.3728e-005	1.43214e-005	1.4712e-005	1.43677e-005	1.39707e-005	1.44394e-005	1.62433e-005	1.90892e-005	2.22373e-005	2.53815e-005	2.82135e-005	2.97191e-005	2.92268e-005	2.75048e-005	2.61186e-005	2.62037e-005	2.86401e-005	3.49315e-005	4.65964e-005	6.62425e-005	0.000102507	0.000168829	0.000273592	0.000419876	0.000616441	0.000877412	0.00121164	0.00163786	0.00223105	0.003111	0.00431063	0.00566515	0.00689648	0.00783074	0.00854049	0.00929221	0.010342	0.0117168	0.0131713	0.0144089	0.0153497	0.0161431	0.0169181	0.0175942	0.018026	0.0182715	0.018552	0.01895	0.019305	0.019399	0.019138	0.0185966	0.0179105	0.0171477	0.0163384	0.0155165	0.0146716	0.0137423	0.0126285	0.0112638	0.00977387	0.0083859	0.00713393	0.00589342	0.00466145	0.00356984	0.00270601	0.00206023	0.00157078	0.00117285	0.000841716	0.000590674	0.000424165	0.000316648	0.000236002	0.000165508	0.000105404	6.36192e-005	4.26335e-005	3.50566e-005	3.08977e-005	2.49161e-005	1.78798e-005	1.29301e-005	1.15576e-005	1.28035e-005	1.46985e-005	1.62572e-005	1.80146e-005	2.00173e-005	2.08147e-005	1.9349e-005	1.63013e-005	1.3111e-005	1.06158e-005	9.01271e-006	8.28088e-006	7.9792e-006	7.27237e-006	5.67375e-006	3.57924e-006	1.86196e-006	9.69872e-007	6.53933e-007	4.83002e-007	2.92088e-007	1.29582e-007	4.13404e-008	9.46694e-009	1.64185e-009	1.94308e-010	5.39873e-011	
4.3157e-009	1.38598e-008	3.86651e-008	1.00906e-007	2.30666e-007	4.36835e-007	7.19611e-007	1.17291e-006	2.02134e-006	3.54786e-006	5.98735e-006	9.21296e-006	1.23763e-005	1.42928e-005	1.46365e-005	1.45195e-005	1.53034e-005	1.6756e-005	1.71827e-005	1.59039e-005	1.42818e-005	1.39312e-005	1.52278e-005	1.73631e-005	1.94789e-005	2.17302e-005	2.43109e-005	2.61292e-005	2.61272e-005	2.53825e-005	2.66237e-005	3.20026e-005	4.31253e-005	6.37016e-005	9.97561e-005	0.000160996	0.000270616	0.000466224	0.000778286	0.00121598	0.00177783	0.00245874	0.00324847	0.00416445	0.0053134	0.0068577	0.00881757	0.0109212	0.0127543	0.0140947	0.0150802	0.0160714	0.0173639	0.0189467	0.0205083	0.0217591	0.0227048	0.0235315	0.0243147	0.0249465	0.0253336	0.0255942	0.0259558	0.02643	0.0267662	0.0267561	0.0264139	0.0258976	0.0253363	0.0247222	0.0239884	0.0231208	0.0221542	0.0210948	0.0198309	0.018253	0.0164959	0.0147842	0.0130839	0.0112333	0.0092959	0.00750953	0.00602483	0.00483071	0.00382934	0.00294147	0.00217126	0.00156374	0.00112213	0.000799346	0.000548407	0.000351066	0.000208113	0.000119758	7.50172e-005	5.54349e-005	4.47641e-005	3.44167e-005	2.36909e-005	1.57232e-005	1.24257e-005	1.28752e-005	1.47528e-005	1.66237e-005	1.8787e-005	2.13086e-005	2.25171e-005	2.08566e-005	1.7009e-005	1.31027e-005	1.056e-005	9.45351e-006	9.1696e-006	8.84686e-006	7.74109e-006	5.77853e-006	3.65167e-006	2.2127e-006	1.69642e-006	1.60242e-006	1.35127e-006	8.61087e-007	3.97571e-007	1.32841e-007	3.28771e-008	6.58176e-009	1.19857e-009	2.69823e-010	
2.25935e-008	6.57639e-008	1.54764e-007	3.30152e-007	6.55266e-007	1.14464e-006	1.74755e-006	2.5099e-006	3.57561e-006	4.99619e-006	6.78601e-006	8.90936e-006	1.09524e-005	1.22596e-005	1.27717e-005	1.34609e-005	1.52917e-005	1.75452e-005	1.81284e-005	1.63477e-005	1.40325e-005	1.32812e-005	1.44293e-005	1.62156e-005	1.74094e-005	1.8226e-005	1.94605e-005	2.09013e-005	2.25119e-005	2.70035e-005	3.92815e-005	6.28213e-005	0.000100357	0.000161605	0.000265996	0.000441596	0.000738026	0.00123082	0.00198193	0.00299534	0.00422515	0.00561291	0.00711351	0.00873235	0.0105728	0.0127871	0.0153676	0.0179899	0.0201942	0.0217715	0.022909	0.0239777	0.0252314	0.0266155	0.0278406	0.0287424	0.0294676	0.0302142	0.0309621	0.0315563	0.0319311	0.0322192	0.0326152	0.0330604	0.033257	0.0330707	0.0326933	0.0323845	0.0321743	0.0318455	0.0311899	0.0302124	0.0290965	0.027993	0.0268163	0.0253994	0.0238096	0.0221847	0.0203985	0.0182537	0.0158503	0.0135053	0.011436	0.00963863	0.00798896	0.00641717	0.0049782	0.00375604	0.00276825	0.00198006	0.00135356	0.000870285	0.000526604	0.000309992	0.000186834	0.00011831	7.75487e-005	5.06535e-005	3.19409e-005	2.00973e-005	1.46561e-005	1.40461e-005	1.57872e-005	1.80953e-005	2.08346e-005	2.38753e-005	2.54902e-005	2.40025e-005	2.00981e-005	1.61032e-005	1.3492e-005	1.21155e-005	1.12294e-005	1.01332e-005	8.33854e-006	6.00608e-006	3.96717e-006	2.97766e-006	2.98938e-006	3.18601e-006	2.79555e-006	1.83629e-006	8.84306e-007	3.18223e-007	9.25411e-008	2.53716e-008	7.16141e-009	2.00413e-009	
8.39057e-008	2.33611e-007	4.92916e-007	8.73148e-007	1.4356e-006	2.22659e-006	3.18737e-006	4.30777e-006	5.61878e-006	6.96736e-006	8.19241e-006	9.26259e-006	1.00532e-005	1.04646e-005	1.08202e-005	1.18946e-005	1.41246e-005	1.65254e-005	1.72399e-005	1.585e-005	1.40913e-005	1.38701e-005	1.54609e-005	1.7461e-005	1.83352e-005	1.82365e-005	1.86579e-005	2.08289e-005	2.70606e-005	4.47682e-005	8.62273e-005	0.000161493	0.000278155	0.000457541	0.00074487	0.00120275	0.00191524	0.00298511	0.0044712	0.00631574	0.00838128	0.0105619	0.0128216	0.0151632	0.0176214	0.0202598	0.0230621	0.0257868	0.0280666	0.0297327	0.030932	0.0319169	0.0328364	0.0336613	0.0342676	0.0346754	0.0351061	0.0357225	0.0364575	0.0371292	0.0376163	0.037967	0.0383097	0.0385546	0.0384366	0.0379671	0.0375555	0.0375603	0.0378278	0.0378245	0.0372057	0.0360797	0.0348051	0.0336705	0.0326678	0.031622	0.0305043	0.0293388	0.0279324	0.0260273	0.0236525	0.0211123	0.0186698	0.0163653	0.0141127	0.0118812	0.0097368	0.00775424	0.00598313	0.00446503	0.00320815	0.00219274	0.00141594	0.000874534	0.000525821	0.000307386	0.000172694	9.37873e-005	5.0761e-005	2.90407e-005	1.96245e-005	1.71229e-005	1.78296e-005	1.97159e-005	2.2453e-005	2.55691e-005	2.72809e-005	2.62539e-005	2.33986e-005	2.06958e-005	1.88186e-005	1.70426e-005	1.48873e-005	1.24412e-005	9.75763e-006	7.10802e-006	5.20368e-006	4.54061e-006	4.79911e-006	5.00544e-006	4.33673e-006	2.89874e-006	1.48595e-006	6.2633e-007	2.51188e-007	1.03371e-007	3.96133e-008	1.33527e-008	
2.19374e-007	6.03521e-007	1.21282e-006	1.9037e-006	2.59763e-006	3.40552e-006	4.45721e-006	5.81722e-006	7.41086e-006	8.95902e-006	1.02069e-005	1.09024e-005	1.08149e-005	1.03242e-005	1.04179e-005	1.18511e-005	1.43732e-005	1.65555e-005	1.69636e-005	1.58469e-005	1.49271e-005	1.55877e-005	1.77976e-005	2.0326e-005	2.20379e-005	2.35072e-005	2.69011e-005	3.4771e-005	5.35181e-005	0.000102569	0.000215691	0.000425303	0.000753776	0.00123593	0.00194201	0.0029685	0.00441926	0.00637463	0.00880566	0.0115089	0.0142354	0.0169111	0.0196259	0.0224214	0.0252062	0.0278891	0.0304739	0.0329312	0.0350943	0.036811	0.0380667	0.0388971	0.0393474	0.0395157	0.0395447	0.0396017	0.039837	0.0403152	0.0409967	0.0417382	0.0423409	0.0427323	0.0429666	0.0429323	0.0424232	0.0416111	0.0411038	0.0413436	0.042017	0.0423193	0.041817	0.0407144	0.0394318	0.038288	0.0373825	0.0366278	0.0359591	0.0353476	0.0345961	0.0333711	0.0315207	0.029204	0.0266619	0.0240378	0.0214104	0.0188189	0.0162357	0.0136253	0.011073	0.00874677	0.00671146	0.00492826	0.0034099	0.00222184	0.00137251	0.000801642	0.000438179	0.000224063	0.000109577	5.4575e-005	3.16255e-005	2.37816e-005	2.15799e-005	2.1373e-005	2.27483e-005	2.50212e-005	2.63003e-005	2.56519e-005	2.42705e-005	2.36068e-005	2.32275e-005	2.1646e-005	1.85633e-005	1.48985e-005	1.14707e-005	8.79514e-006	7.27439e-006	6.85637e-006	6.89846e-006	6.5615e-006	5.37044e-006	3.63206e-006	2.12151e-006	1.22016e-006	7.27681e-007	3.9625e-007	1.77741e-007	6.92965e-008	
4.03654e-007	1.1204e-006	2.24332e-006	3.37172e-006	4.09631e-006	4.52251e-006	5.159e-006	6.39444e-006	8.16171e-006	1.01278e-005	1.19709e-005	1.30428e-005	1.27304e-005	1.18203e-005	1.21898e-005	1.47786e-005	1.84384e-005	2.07122e-005	2.01834e-005	1.81294e-005	1.71328e-005	1.83935e-005	2.11786e-005	2.45556e-005	2.91146e-005	3.74145e-005	5.30808e-005	8.07134e-005	0.000135702	0.00026487	0.000549101	0.00106714	0.00186251	0.00296291	0.00442136	0.00632337	0.00875191	0.0117108	0.0150198	0.0183064	0.021261	0.0239363	0.0266232	0.0294223	0.0321121	0.0344584	0.0365095	0.0384837	0.0404339	0.0421795	0.0434827	0.0441742	0.0442624	0.0439887	0.0436878	0.0435821	0.0437079	0.0440273	0.0445319	0.0451441	0.0456721	0.0460193	0.0461941	0.0460295	0.0453269	0.0443319	0.0437176	0.0439683	0.0447826	0.0453171	0.0451039	0.0443163	0.0432699	0.0421994	0.0412858	0.0405867	0.0401068	0.0398674	0.0397308	0.0393109	0.0382464	0.0364522	0.0340626	0.0313644	0.0287062	0.0262075	0.0236409	0.0207727	0.0177209	0.0147899	0.0120703	0.00946094	0.00698433	0.00482863	0.00313948	0.00192295	0.0011038	0.000588779	0.00029023	0.000135332	6.66581e-005	4.08379e-005	3.10374e-005	2.62139e-005	2.41676e-005	2.40511e-005	2.40282e-005	2.32544e-005	2.2832e-005	2.3679e-005	2.46013e-005	2.35942e-005	2.0296e-005	1.60595e-005	1.24052e-005	1.01986e-005	9.48251e-006	9.48572e-006	9.15087e-006	7.91504e-006	6.01546e-006	4.22241e-006	3.13921e-006	2.58632e-006	1.99011e-006	1.23051e-006	6.06985e-007	2.72143e-007	
5.30881e-007	1.50667e-006	3.1023e-006	4.7579e-006	5.67988e-006	5.73592e-006	5.69542e-006	6.41371e-006	8.01367e-006	1.01561e-005	1.24851e-005	1.41393e-005	1.42702e-005	1.39262e-005	1.56273e-005	2.03549e-005	2.5882e-005	2.84781e-005	2.66739e-005	2.31901e-005	2.22791e-005	2.52431e-005	2.9983e-005	3.57647e-005	4.70377e-005	7.22879e-005	0.000121162	0.000206692	0.000366461	0.000698463	0.00135691	0.00247444	0.00408677	0.00614906	0.00861535	0.0114991	0.0148449	0.0185837	0.0224008	0.0258289	0.0286034	0.0309345	0.0332481	0.0356514	0.0378411	0.0395409	0.0408877	0.042297	0.0439608	0.0456307	0.046889	0.0474809	0.0474535	0.0470766	0.0466591	0.0464067	0.0463633	0.0464885	0.0467482	0.0470651	0.0473362	0.0475744	0.0477881	0.0477461	0.0472277	0.0464168	0.0458277	0.0458998	0.0465498	0.0471836	0.0473434	0.0470235	0.0463528	0.0454607	0.0445357	0.0437395	0.0432137	0.0431074	0.0433592	0.0435552	0.0431843	0.0419492	0.0398777	0.0373928	0.0350882	0.033114	0.0309922	0.028274	0.0251145	0.0219379	0.018826	0.0155835	0.012209	0.00899523	0.00625423	0.00411981	0.00256378	0.001488	0.000791676	0.000387655	0.00018692	0.000100931	6.4783e-005	4.62937e-005	3.50521e-005	2.83538e-005	2.43465e-005	2.19048e-005	2.13647e-005	2.27529e-005	2.42417e-005	2.35605e-005	2.02823e-005	1.59435e-005	1.24779e-005	1.09685e-005	1.11875e-005	1.17922e-005	1.1324e-005	9.39527e-006	6.95596e-006	5.38842e-006	5.14236e-006	5.21698e-006	4.43132e-006	2.90055e-006	1.55085e-006	7.99269e-007	
5.36488e-007	1.54493e-006	3.3175e-006	5.40615e-006	6.84547e-006	7.0719e-006	6.71466e-006	6.95228e-006	8.17474e-006	1.00232e-005	1.21612e-005	1.39576e-005	1.47697e-005	1.57219e-005	1.93716e-005	2.63061e-005	3.32475e-005	3.57429e-005	3.30222e-005	2.97745e-005	3.22208e-005	4.16231e-005	5.37162e-005	6.82297e-005	9.76632e-005	0.000165357	0.000299976	0.000540531	0.000967561	0.00174491	0.00309278	0.00515278	0.00786803	0.0110263	0.0144285	0.0180307	0.0219024	0.0259629	0.0298155	0.0329787	0.0353128	0.0371633	0.0389712	0.0407761	0.0422478	0.0431828	0.0438447	0.0447426	0.0460657	0.0474857	0.0485382	0.0490329	0.0490769	0.0488291	0.0484044	0.0479678	0.0477005	0.0476752	0.0478019	0.0478991	0.0479171	0.0480189	0.0482679	0.0484404	0.0483343	0.0479962	0.0476334	0.0475423	0.0478876	0.0484405	0.0488079	0.0488001	0.048429	0.0477877	0.0469922	0.0461798	0.045597	0.0455197	0.0459251	0.0463811	0.0463401	0.0454559	0.0437533	0.0417364	0.0400832	0.0388828	0.037443	0.0351627	0.032234	0.02916	0.0260047	0.0225042	0.0186082	0.014614	0.0109202	0.00779378	0.0053021	0.00339101	0.00200217	0.00109189	0.000572761	0.000310633	0.000182782	0.000114535	7.31098e-005	4.71105e-005	3.17772e-005	2.39743e-005	2.1746e-005	2.29862e-005	2.44823e-005	2.35372e-005	1.99402e-005	1.55521e-005	1.23938e-005	1.14335e-005	1.22727e-005	1.33374e-005	1.29757e-005	1.08852e-005	8.43246e-006	7.3911e-006	8.05904e-006	8.69606e-006	7.5691e-006	5.11414e-006	2.9582e-006	1.73891e-006	
5.39841e-007	1.44544e-006	3.08967e-006	5.31083e-006	7.32543e-006	8.25175e-006	8.25745e-006	8.46812e-006	9.43319e-006	1.07923e-005	1.22838e-005	1.37511e-005	1.5029e-005	1.72032e-005	2.23778e-005	3.04155e-005	3.73702e-005	3.90948e-005	3.63766e-005	3.6104e-005	4.67337e-005	7.0469e-005	0.000102603	0.000147043	0.000233396	0.000416429	0.000766195	0.00136925	0.00235277	0.00391018	0.00625226	0.0094407	0.0132419	0.017228	0.0210918	0.0248549	0.0287159	0.0326328	0.0361519	0.0387876	0.0405176	0.0418037	0.0430766	0.0442897	0.0451018	0.0454216	0.0456243	0.0461866	0.0471696	0.0481959	0.0489016	0.049255	0.049405	0.0493569	0.0490182	0.0484968	0.048112	0.0480967	0.0483411	0.0484966	0.0484264	0.0483647	0.0484955	0.0487176	0.0488992	0.0489807	0.048924	0.0488517	0.0489915	0.049335	0.0496017	0.049579	0.0493149	0.0489402	0.0484547	0.0478581	0.0473903	0.0473564	0.0477184	0.0480743	0.0479852	0.0472269	0.0459026	0.0444898	0.0435539	0.0430795	0.0423008	0.0405785	0.0381116	0.035413	0.0325425	0.0292337	0.0253796	0.0211578	0.0169253	0.0130391	0.00966614	0.00680424	0.00447082	0.00273534	0.00159052	0.00090864	0.000521801	0.000300075	0.000169455	9.33706e-005	5.1876e-005	3.20432e-005	2.53325e-005	2.52552e-005	2.60256e-005	2.41082e-005	1.97216e-005	1.52417e-005	1.25193e-005	1.20457e-005	1.31722e-005	1.4298e-005	1.39083e-005	1.19574e-005	9.95771e-006	9.5591e-006	1.07491e-005	1.14535e-005	9.87035e-006	6.79983e-006	4.25153e-006	2.81038e-006	
7.77377e-007	1.7131e-006	3.19091e-006	5.25442e-006	7.54998e-006	9.24522e-006	1.00127e-005	1.05157e-005	1.1282e-005	1.21558e-005	1.30849e-005	1.42544e-005	1.58325e-005	1.87719e-005	2.45035e-005	3.21147e-005	3.7655e-005	3.82602e-005	3.65278e-005	4.12393e-005	6.41664e-005	0.000113416	0.000193676	0.000326562	0.000575496	0.00104623	0.00186593	0.00316286	0.00505689	0.00766012	0.0110543	0.0151695	0.019627	0.0238622	0.027571	0.0309437	0.0343375	0.0377567	0.0407281	0.0427411	0.0438062	0.0444881	0.0452805	0.0460905	0.0465311	0.0465612	0.0465878	0.0469722	0.0476376	0.0482345	0.0485634	0.0487342	0.0489174	0.0490392	0.0488785	0.0484427	0.048099	0.0482365	0.0487926	0.0492551	0.0492657	0.0490124	0.0488507	0.0488913	0.0490799	0.0493105	0.0494601	0.0495308	0.0496426	0.0498052	0.0498452	0.04966	0.0494088	0.0492641	0.0491298	0.0488726	0.0486412	0.0486425	0.0487894	0.0488024	0.0484788	0.0477879	0.0468774	0.0460616	0.0456708	0.0456392	0.0453232	0.0441481	0.0422522	0.0400892	0.0377548	0.0350426	0.0317695	0.0279074	0.0236895	0.0195155	0.0156104	0.0119722	0.00865699	0.00586313	0.00374078	0.0022709	0.0013169	0.000725638	0.000378636	0.000190066	9.58886e-005	5.26585e-005	3.5427e-005	3.02901e-005	2.83095e-005	2.47448e-005	1.96256e-005	1.52763e-005	1.31153e-005	1.30988e-005	1.42898e-005	1.50932e-005	1.43402e-005	1.24485e-005	1.09469e-005	1.09533e-005	1.20027e-005	1.21734e-005	1.01884e-005	7.13288e-006	4.83655e-006	3.53141e-006	
1.42649e-006	2.68368e-006	4.21192e-006	6.04264e-006	8.24775e-006	1.03601e-005	1.17808e-005	1.25447e-005	1.30085e-005	1.33828e-005	1.39055e-005	1.48674e-005	1.65616e-005	1.97734e-005	2.51982e-005	3.12874e-005	3.47476e-005	3.46608e-005	3.55573e-005	4.86711e-005	9.2873e-005	0.000193436	0.000385703	0.000734942	0.001357	0.00240935	0.00405067	0.00638705	0.00942264	0.0130647	0.0171976	0.0216717	0.0261333	0.0300671	0.0332487	0.0359692	0.0386421	0.0413259	0.0436295	0.0450471	0.0455428	0.0457312	0.0462098	0.046893	0.0473263	0.0474091	0.0474526	0.0476829	0.0480055	0.0482129	0.0482411	0.0482269	0.048343	0.0485516	0.0485843	0.048299	0.0480202	0.0482647	0.0490735	0.0498492	0.0499969	0.0495751	0.0490972	0.0489146	0.0490398	0.0493145	0.0495661	0.0497276	0.0498425	0.0499156	0.0498421	0.049605	0.0494217	0.0494565	0.0495591	0.0495367	0.049445	0.0493676	0.0492027	0.0488436	0.0483277	0.04777	0.0472775	0.0469291	0.0468235	0.0469442	0.0469053	0.0462346	0.0449289	0.0433321	0.0416251	0.0397087	0.0373192	0.0342122	0.0304805	0.0265201	0.0225664	0.0185658	0.0145306	0.0107103	0.00740818	0.00479462	0.00288228	0.00159337	0.000811577	0.000393436	0.000193062	0.00010176	6.00341e-005	4.10022e-005	3.18376e-005	2.57384e-005	2.04849e-005	1.65553e-005	1.45141e-005	1.42493e-005	1.50208e-005	1.54146e-005	1.4456e-005	1.26933e-005	1.14647e-005	1.143e-005	1.19059e-005	1.14179e-005	9.36312e-006	6.83779e-006	5.08383e-006	3.9553e-006	
2.65679e-006	4.44276e-006	6.2241e-006	7.86239e-006	9.64011e-006	1.15729e-005	1.3249e-005	1.43544e-005	1.49043e-005	1.50865e-005	1.51226e-005	1.5372e-005	1.64674e-005	1.92158e-005	2.36849e-005	2.80584e-005	3.02804e-005	3.18769e-005	4.06458e-005	7.48705e-005	0.000171088	0.000390517	0.000825614	0.0016084	0.002903	0.0048699	0.00761447	0.0111232	0.0152068	0.0195521	0.0239046	0.0281432	0.0320954	0.0354567	0.0380911	0.040213	0.0421286	0.0439469	0.0454667	0.0463105	0.0464345	0.0464087	0.0468175	0.0475786	0.0482224	0.0485531	0.0486894	0.0487306	0.0486933	0.0485947	0.0484426	0.0482858	0.048281	0.0484891	0.0486339	0.0484119	0.0480564	0.0481618	0.0489134	0.0497877	0.050072	0.0496365	0.0490198	0.0487699	0.0489912	0.0494447	0.0498165	0.0499653	0.0499871	0.0499776	0.0498677	0.0496569	0.0495783	0.049767	0.0500105	0.05005	0.0498699	0.0495469	0.0490965	0.0485624	0.0480578	0.0476979	0.0475128	0.0474215	0.0474034	0.0475466	0.0477208	0.0475363	0.0468138	0.0457551	0.0446155	0.043414	0.0418629	0.0395949	0.0365879	0.0331748	0.0295674	0.0256647	0.02138	0.0168898	0.0125433	0.00867791	0.00552415	0.00319753	0.00168717	0.000837652	0.000413417	0.000211618	0.000113086	6.34356e-005	3.93826e-005	2.84897e-005	2.3017e-005	1.92403e-005	1.62984e-005	1.45943e-005	1.43206e-005	1.46013e-005	1.43293e-005	1.33666e-005	1.24048e-005	1.2019e-005	1.19138e-005	1.11735e-005	9.50226e-006	7.61459e-006	6.09615e-006	4.69921e-006	
4.80005e-006	7.09715e-006	9.03011e-006	1.03388e-005	1.13475e-005	1.25691e-005	1.42614e-005	1.62501e-005	1.799e-005	1.88115e-005	1.83542e-005	1.72187e-005	1.68361e-005	1.82934e-005	2.14045e-005	2.50176e-005	2.9368e-005	3.97e-005	7.15163e-005	0.000162617	0.000388996	0.000870803	0.00176807	0.00326504	0.00551913	0.00859487	0.0124392	0.0168688	0.0215493	0.026088	0.0302369	0.0339506	0.0372213	0.0399715	0.0421615	0.0438567	0.0451507	0.0461183	0.0467566	0.0469894	0.0469302	0.0470141	0.0475732	0.0484355	0.0492019	0.0496791	0.0498488	0.0497364	0.0494841	0.0492735	0.0490996	0.0488863	0.0487772	0.0489278	0.0490736	0.0488051	0.0482538	0.0480035	0.0483824	0.0491077	0.0495284	0.0492975	0.0487831	0.0486123	0.049012	0.0496994	0.0502046	0.0503193	0.0502331	0.0501336	0.0499471	0.0496822	0.0496365	0.0499539	0.0503255	0.0503483	0.0499341	0.0492932	0.0486993	0.0482899	0.0480329	0.047873	0.0477906	0.0477311	0.047713	0.0479017	0.0482898	0.0485343	0.0483516	0.0478152	0.0471499	0.0464115	0.045377	0.0437376	0.0414356	0.0386885	0.0356402	0.0321701	0.0281078	0.02349	0.0185814	0.0137575	0.0094085	0.00587929	0.00335992	0.00178733	0.0009091	0.000451913	0.000221719	0.000108107	5.53822e-005	3.43152e-005	2.67153e-005	2.23449e-005	1.80068e-005	1.44294e-005	1.28424e-005	1.31733e-005	1.42684e-005	1.48977e-005	1.46165e-005	1.3959e-005	1.34192e-005	1.27162e-005	1.15235e-005	9.94653e-006	8.06117e-006	5.83227e-006	
7.90013e-006	1.04322e-005	1.20625e-005	1.27216e-005	1.28643e-005	1.34004e-005	1.52549e-005	1.85943e-005	2.23075e-005	2.44793e-005	2.39151e-005	2.15509e-005	1.96737e-005	1.97236e-005	2.20442e-005	2.80147e-005	4.28152e-005	7.98504e-005	0.000173314	0.000404054	0.000918466	0.00190632	0.00355649	0.00602415	0.0093653	0.0134613	0.018056	0.0228456	0.0275118	0.0317909	0.0355578	0.0387777	0.0414343	0.0435757	0.0453111	0.0466648	0.047533	0.047846	0.0477138	0.0474298	0.0473601	0.0477387	0.0484801	0.0492484	0.0497849	0.0500553	0.0500915	0.0499461	0.0497893	0.0497589	0.0497289	0.0495322	0.0493353	0.0493792	0.0494678	0.0491985	0.0485914	0.0480737	0.0480184	0.0484446	0.0489167	0.048948	0.0486519	0.0485919	0.0490533	0.0497725	0.050271	0.0503648	0.0502733	0.0501628	0.0499181	0.0495716	0.0495008	0.0498809	0.050328	0.0503101	0.0496939	0.0488612	0.0483436	0.0482911	0.0484039	0.0483919	0.0482443	0.0480813	0.0480631	0.0483597	0.048921	0.0494265	0.0496326	0.0495589	0.0492759	0.048737	0.047835	0.046496	0.0447408	0.042657	0.0402519	0.037373	0.0338337	0.0295816	0.0247411	0.0195764	0.0144776	0.00991203	0.00625862	0.00364559	0.00195958	0.000974349	0.000453255	0.000201187	8.93056e-005	4.59508e-005	3.17816e-005	2.59829e-005	2.08692e-005	1.60454e-005	1.30802e-005	1.28672e-005	1.48544e-005	1.71174e-005	1.78763e-005	1.72041e-005	1.62071e-005	1.52618e-005	1.40631e-005	1.22689e-005	9.67293e-006	6.53348e-006	
1.07961e-005	1.31006e-005	1.40015e-005	1.40045e-005	1.38212e-005	1.43446e-005	1.65473e-005	2.08446e-005	2.60586e-005	2.956e-005	2.95209e-005	2.6942e-005	2.44803e-005	2.40931e-005	2.81768e-005	4.39948e-005	8.82367e-005	0.000195066	0.000439506	0.000976089	0.00204198	0.0038656	0.00655788	0.0101089	0.0143954	0.0191315	0.0239369	0.0285	0.0326593	0.0364073	0.0397726	0.0426312	0.0447934	0.0463212	0.0475014	0.0484509	0.0489865	0.0489266	0.0484317	0.0480167	0.0481412	0.0487807	0.0494829	0.0498254	0.0497602	0.049516	0.0493089	0.0492686	0.0494662	0.0497965	0.0499474	0.0497387	0.0494126	0.0492972	0.0493348	0.0492412	0.0489217	0.0485093	0.0482528	0.0483748	0.0487211	0.0488607	0.0487549	0.0487971	0.0491739	0.0496578	0.0499472	0.0499866	0.0499377	0.0498648	0.0496458	0.0493338	0.0492819	0.0496407	0.050039	0.0499621	0.0492985	0.0485212	0.0482639	0.0486083	0.049044	0.0491524	0.0489686	0.0487572	0.0487826	0.0491707	0.0497662	0.0502721	0.0505792	0.0507375	0.0506542	0.0501306	0.0491695	0.0479705	0.0466728	0.0452392	0.0434913	0.0412154	0.0382835	0.0346734	0.0304113	0.0255813	0.0204142	0.0152957	0.0106459	0.00679538	0.00392443	0.00203511	0.000954299	0.000413093	0.000170698	7.4584e-005	4.25555e-005	3.27095e-005	2.72124e-005	2.15627e-005	1.67231e-005	1.47947e-005	1.64022e-005	1.94173e-005	2.08713e-005	2.0094e-005	1.84332e-005	1.68178e-005	1.51364e-005	1.29147e-005	9.85517e-006	6.34031e-006	
1.1501e-005	1.31799e-005	1.34269e-005	1.34048e-005	1.39231e-005	1.5256e-005	1.77736e-005	2.21297e-005	2.77942e-005	3.22289e-005	3.31837e-005	3.12451e-005	2.90386e-005	2.98037e-005	4.05927e-005	8.09436e-005	0.000194584	0.000464848	0.00104077	0.00216506	0.00413244	0.00711455	0.0110056	0.0155131	0.0203316	0.0251488	0.029644	0.033598	0.0370114	0.0401053	0.0430426	0.0456017	0.047393	0.0484191	0.0490577	0.0495141	0.0496616	0.049396	0.0489586	0.0488474	0.0493239	0.0500659	0.0504492	0.0501459	0.0493797	0.0486339	0.0482687	0.0484274	0.0490108	0.0496266	0.0498131	0.0494704	0.0489514	0.0486423	0.0486274	0.0487938	0.0489846	0.049029	0.0489173	0.0488714	0.0489776	0.0490568	0.0490932	0.0492681	0.049541	0.0496979	0.0496854	0.0495998	0.0495068	0.0493888	0.0491967	0.0489958	0.0490018	0.0492904	0.0495912	0.0495236	0.0490079	0.0484717	0.0484827	0.0490571	0.0496697	0.0499418	0.0499181	0.0498361	0.0499416	0.0503171	0.0507563	0.051005	0.051076	0.0510951	0.0509394	0.050366	0.0494499	0.0485205	0.0477335	0.0469261	0.0457649	0.0439973	0.0416095	0.0386981	0.0352652	0.0312389	0.0266197	0.0215396	0.0162798	0.0112828	0.00705173	0.00393836	0.00197417	0.000901477	0.000380622	0.000154993	7.20374e-005	4.73004e-005	3.88331e-005	3.12643e-005	2.33381e-005	1.85481e-005	1.85995e-005	2.10762e-005	2.22335e-005	2.09651e-005	1.86817e-005	1.658e-005	1.46674e-005	1.24298e-005	9.50505e-006	6.17414e-006	
9.25573e-006	1.02289e-005	1.03137e-005	1.09997e-005	1.29153e-005	1.54936e-005	1.83792e-005	2.24881e-005	2.81597e-005	3.32772e-005	3.5323e-005	3.44685e-005	3.37084e-005	3.92092e-005	6.71292e-005	0.000161539	0.000422336	0.00102681	0.00222574	0.00430808	0.00749993	0.0117713	0.0167258	0.021806	0.0266161	0.0309807	0.0347991	0.0379868	0.0406144	0.0430119	0.0454493	0.0476897	0.0492348	0.0500005	0.0503048	0.050324	0.0500348	0.0495577	0.0492799	0.0495796	0.0503786	0.0510755	0.051045	0.0501844	0.0489716	0.0480274	0.0477093	0.0480772	0.0488892	0.049577	0.0496297	0.0490752	0.0483616	0.0478718	0.0477668	0.0480902	0.0487088	0.0492689	0.0494894	0.0494342	0.0493321	0.0493248	0.0495142	0.0498916	0.0501754	0.0501144	0.0498201	0.0495203	0.0492639	0.049021	0.048802	0.0486541	0.0486697	0.0488955	0.0491929	0.0492907	0.0490646	0.0487943	0.0489268	0.0495016	0.0501415	0.0505675	0.0507718	0.050883	0.0510781	0.0513916	0.051599	0.0514882	0.0511401	0.0507639	0.0503553	0.0497783	0.0491251	0.0486407	0.0483605	0.0480332	0.0472832	0.0458879	0.0439582	0.0417118	0.0391552	0.0361068	0.0323577	0.0277655	0.0224072	0.0167067	0.0113378	0.00694495	0.00384695	0.00193882	0.000886992	0.000369175	0.000152342	7.97402e-005	5.7898e-005	4.49686e-005	3.23116e-005	2.38595e-005	2.15726e-005	2.22754e-005	2.20667e-005	2.00967e-005	1.77375e-005	1.59732e-005	1.46397e-005	1.30822e-005	1.07515e-005	7.64572e-006	
5.54751e-006	6.03769e-006	6.3578e-006	7.88498e-006	1.1011e-005	1.47041e-005	1.81987e-005	2.24611e-005	2.82533e-005	3.38697e-005	3.71831e-005	3.91063e-005	4.47366e-005	6.69624e-005	0.000140633	0.000354973	0.00090067	0.00208319	0.00424093	0.00759459	0.0121138	0.017449	0.022991	0.0281176	0.032489	0.036112	0.0391146	0.0415348	0.0434449	0.045183	0.0470793	0.0489408	0.0502741	0.0509557	0.0511774	0.0509891	0.0504012	0.0497106	0.0494451	0.0499275	0.0508371	0.0513902	0.0510484	0.0499434	0.0486855	0.0478591	0.0477014	0.0481707	0.0489857	0.0495759	0.049478	0.0488127	0.0480448	0.0474915	0.0473167	0.0476526	0.0484208	0.049222	0.0496354	0.0496004	0.0494202	0.0494463	0.0498385	0.050456	0.0508736	0.05076	0.0502332	0.0496414	0.0491863	0.0488819	0.0486623	0.0484886	0.0484387	0.0486281	0.0490127	0.0493379	0.0493847	0.0492935	0.0494369	0.0499196	0.050485	0.0508872	0.0510992	0.0512661	0.0515513	0.0518964	0.0520059	0.0516748	0.0510143	0.0502964	0.0496831	0.0492053	0.0489132	0.0488256	0.0488126	0.048645	0.0480573	0.0469149	0.0453989	0.0437773	0.0420401	0.0399155	0.037056	0.033176	0.0282288	0.0225052	0.0165837	0.0111867	0.00688783	0.00385903	0.00194152	0.000865011	0.000352536	0.00015482	9.02003e-005	6.28983e-005	4.34602e-005	3.11512e-005	2.62182e-005	2.43349e-005	2.20595e-005	1.93516e-005	1.74473e-005	1.67206e-005	1.65903e-005	1.61352e-005	1.44647e-005	1.11956e-005	
2.50261e-006	2.81748e-006	3.45132e-006	5.45894e-006	9.13867e-006	1.35015e-005	1.76823e-005	2.23959e-005	2.83614e-005	3.45465e-005	4.06719e-005	5.09236e-005	7.66721e-005	0.000147284	0.000337053	0.00080685	0.00184846	0.00386562	0.00720178	0.0118797	0.0174899	0.0233664	0.0288819	0.0336075	0.0373658	0.0402603	0.0425279	0.0442896	0.0456149	0.0468016	0.0481631	0.0495376	0.0505282	0.0510835	0.0513344	0.0512143	0.0506672	0.0499622	0.0496362	0.0500394	0.0508232	0.0511879	0.0507183	0.0496922	0.0486809	0.0480852	0.047992	0.0483302	0.0489117	0.0493185	0.0491962	0.0486693	0.0481061	0.0477095	0.047595	0.0478907	0.0485275	0.0491532	0.0494229	0.0493441	0.0492692	0.049523	0.050134	0.0508794	0.051373	0.0512665	0.0505842	0.0497476	0.0491891	0.0489748	0.0488456	0.048624	0.0484539	0.0485782	0.0489995	0.0494306	0.0496068	0.0496345	0.0498494	0.0503234	0.0507608	0.0509062	0.0508536	0.0509179	0.0512754	0.0517465	0.0519507	0.0516666	0.0509888	0.0501959	0.0495674	0.0492689	0.049279	0.0493789	0.0493191	0.0489928	0.0483437	0.0473454	0.0461746	0.0450715	0.0439903	0.0425856	0.0404571	0.0373543	0.0332311	0.0281635	0.0223968	0.0164955	0.0111658	0.00688367	0.00380026	0.00184762	0.000798284	0.000331764	0.000155895	8.90514e-005	5.65552e-005	3.95847e-005	3.19049e-005	2.74378e-005	2.32778e-005	2.00147e-005	1.86361e-005	1.89549e-005	1.99933e-005	2.04582e-005	1.90547e-005	1.51669e-005	
1.06325e-006	1.47959e-006	2.39959e-006	4.58186e-006	8.36767e-006	1.30128e-005	1.75807e-005	2.24211e-005	2.83984e-005	3.60886e-005	4.91324e-005	7.9079e-005	0.000152541	0.000335983	0.000777053	0.00172663	0.00352688	0.00655337	0.0110291	0.0167341	0.0229337	0.0287826	0.0338112	0.0379148	0.041095	0.0434499	0.0451919	0.0464651	0.0473482	0.0480874	0.048917	0.0496846	0.0501475	0.050405	0.0506232	0.0507219	0.0505575	0.0501751	0.0499205	0.050169	0.0507315	0.0509638	0.0505759	0.0498604	0.0492166	0.0488028	0.0485807	0.0485373	0.0486872	0.0488564	0.0488184	0.0486179	0.0484386	0.048353	0.0484079	0.0486583	0.0490016	0.0491916	0.0491125	0.048984	0.0491833	0.0498001	0.0505481	0.0511475	0.051454	0.0512905	0.0506096	0.0497769	0.0493068	0.0492684	0.0492562	0.0490034	0.0487177	0.0487379	0.0490857	0.0494539	0.0496227	0.0497722	0.0501826	0.0507374	0.0510022	0.0507931	0.0504366	0.0503857	0.0507567	0.0513022	0.0516609	0.0516041	0.0511493	0.0505199	0.0500343	0.0499113	0.0500667	0.0501633	0.0499377	0.0493989	0.0486408	0.0477062	0.0467343	0.0459176	0.0452016	0.0442241	0.0426076	0.0402352	0.0371307	0.0331418	0.0280941	0.0222551	0.0163098	0.0109396	0.00660825	0.0035418	0.00168435	0.000733248	0.000315357	0.000147706	7.93927e-005	5.00331e-005	3.70257e-005	2.99435e-005	2.49284e-005	2.18006e-005	2.08627e-005	2.173e-005	2.33313e-005	2.39911e-005	2.21392e-005	1.73542e-005	
1.12319e-006	1.97459e-006	3.29531e-006	5.61772e-006	9.40329e-006	1.40926e-005	1.8469e-005	2.25733e-005	2.82041e-005	3.90619e-005	6.53414e-005	0.000132492	0.000299197	0.000701762	0.00159599	0.00330712	0.00610815	0.0101654	0.0154821	0.0216688	0.0278609	0.0332257	0.0375312	0.0409732	0.0436938	0.0457378	0.0471963	0.048157	0.0487128	0.0490813	0.0494126	0.0495765	0.0495003	0.0494094	0.0495046	0.0497586	0.0500103	0.0500798	0.0500456	0.050248	0.0506921	0.0509423	0.0507961	0.0504848	0.0502264	0.0499756	0.0495885	0.0491181	0.0487939	0.0486941	0.0487102	0.0487744	0.0488793	0.0490107	0.0491745	0.0493511	0.0494176	0.0492366	0.0488876	0.0487664	0.0492536	0.0501757	0.0509015	0.05111	0.0510031	0.0507416	0.0502847	0.0497847	0.049568	0.0496451	0.0496635	0.0494314	0.049167	0.0491679	0.0494171	0.0496174	0.0496691	0.0498858	0.0504681	0.0510495	0.0511006	0.0506248	0.0501538	0.0500968	0.0504238	0.0509196	0.0513573	0.0515195	0.0513332	0.0509567	0.0506751	0.0506497	0.0507561	0.0507309	0.050432	0.0498929	0.0491712	0.0482986	0.0473934	0.0466261	0.0459866	0.0451855	0.0439034	0.0421173	0.0399178	0.0370227	0.0329439	0.0276467	0.0216626	0.0156897	0.0103531	0.00613784	0.00325057	0.00154994	0.00068546	0.000298995	0.000138923	7.26469e-005	4.42359e-005	3.16949e-005	2.60096e-005	2.35396e-005	2.29669e-005	2.39077e-005	2.54695e-005	2.56622e-005	2.28797e-005	1.72727e-005	
2.46294e-006	4.16563e-006	6.09553e-006	8.59268e-006	1.23332e-005	1.6884e-005	2.05889e-005	2.3347e-005	2.87846e-005	4.56085e-005	9.47004e-005	0.000226436	0.00055689	0.00132732	0.00290927	0.00563217	0.00955619	0.0145086	0.0202571	0.0263625	0.0320205	0.0365626	0.0400173	0.0428096	0.0451684	0.0470633	0.0484157	0.0492102	0.0495639	0.0496986	0.0496942	0.0494535	0.0490583	0.0487955	0.0488007	0.0490234	0.0493563	0.0496245	0.0498051	0.050147	0.0506804	0.0510502	0.0510926	0.0510305	0.0510486	0.0510261	0.0507052	0.050082	0.0494784	0.0491624	0.0491267	0.0492094	0.0492846	0.0493529	0.0494501	0.0495293	0.049474	0.04919	0.0487859	0.0486926	0.0492949	0.0502926	0.0508605	0.0506702	0.0501986	0.0499169	0.0498237	0.0498027	0.0498572	0.0499328	0.0498989	0.0497715	0.0497194	0.0498455	0.0500219	0.0499989	0.0498438	0.0499998	0.0505865	0.0510588	0.0509018	0.0503241	0.0499358	0.0499738	0.0502634	0.0506692	0.0510951	0.0513473	0.051335	0.051195	0.0511098	0.0510916	0.051016	0.050836	0.0505952	0.050262	0.0497236	0.0489624	0.0481172	0.0473502	0.0467009	0.0459923	0.0449517	0.0435491	0.0419151	0.0398032	0.0366374	0.0321739	0.0267065	0.0207508	0.0148774	0.00969398	0.00567642	0.00297368	0.00140776	0.000625034	0.000275519	0.000125589	6.14678e-005	3.58095e-005	2.70225e-005	2.43456e-005	2.36248e-005	2.43254e-005	2.57419e-005	2.55846e-005	2.22361e-005	1.63092e-005	
4.86226e-006	7.64214e-006	1.01842e-005	1.27014e-005	1.61993e-005	2.04806e-005	2.37063e-005	2.61756e-005	3.44962e-005	6.56617e-005	0.000160096	0.000412072	0.00102281	0.00235025	0.00483083	0.00868221	0.0136591	0.0192583	0.0250855	0.0307322	0.0355401	0.0390681	0.0416031	0.0437489	0.0457627	0.0475103	0.0487703	0.0494664	0.0497575	0.0498665	0.0497884	0.0494229	0.0489724	0.0487706	0.0488231	0.0489247	0.0490159	0.0491582	0.0494623	0.0500604	0.0507923	0.051211	0.0511655	0.0509791	0.0509942	0.0511807	0.051184	0.050793	0.0502415	0.0498885	0.0497976	0.0497461	0.0495757	0.0493839	0.0492989	0.0492884	0.049238	0.0490339	0.0487114	0.0486312	0.0491579	0.0500027	0.0503763	0.0500143	0.0494739	0.0492961	0.0494723	0.049739	0.0499219	0.0499714	0.0499514	0.0500095	0.0502159	0.0504745	0.0505762	0.0503614	0.0500357	0.0500759	0.0505207	0.0507855	0.0504609	0.0498775	0.0496033	0.0497292	0.0500315	0.0504239	0.0508267	0.0510605	0.0511138	0.0511506	0.0512174	0.0511685	0.0509244	0.0506468	0.0505095	0.0504087	0.0500893	0.0494998	0.0488056	0.0481464	0.0475622	0.0469465	0.0460581	0.0448345	0.0434395	0.0417678	0.0393411	0.0358177	0.0312198	0.0257649	0.0198305	0.0140048	0.00894045	0.00510119	0.00260028	0.00120832	0.000531075	0.000226967	9.67743e-005	4.62136e-005	2.9748e-005	2.4768e-005	2.27874e-005	2.2762e-005	2.42002e-005	2.45469e-005	2.1737e-005	1.61426e-005	
7.73244e-006	1.13275e-005	1.41469e-005	1.64146e-005	1.94569e-005	2.35421e-005	2.75259e-005	3.36374e-005	5.43353e-005	0.000122393	0.000315529	0.000800274	0.00188043	0.0039914	0.00751719	0.0124408	0.0182132	0.0241354	0.0297706	0.0347732	0.0386405	0.041154	0.0428126	0.0443419	0.0459733	0.0474506	0.0484839	0.0490362	0.0493259	0.0495511	0.0495981	0.0493058	0.0489403	0.0489094	0.0491394	0.0492329	0.0490971	0.0490274	0.0493436	0.0501016	0.0509265	0.0512499	0.0509245	0.0503793	0.0501434	0.0503506	0.0506448	0.0506328	0.0503804	0.0502211	0.0502232	0.0501315	0.0497976	0.0494	0.0491481	0.0490399	0.0489624	0.0487994	0.0485488	0.0484766	0.0488575	0.0494511	0.0496708	0.0493963	0.0490929	0.049101	0.049316	0.0495119	0.0496198	0.0497038	0.0498523	0.0501121	0.0504405	0.0507182	0.0507878	0.050558	0.0502335	0.0501947	0.0504294	0.0504596	0.0500228	0.0494522	0.0491923	0.0492839	0.0495817	0.0500303	0.0504711	0.0506927	0.0507565	0.0508691	0.0510059	0.0509562	0.0506827	0.0504162	0.0503584	0.0504071	0.0502887	0.0499285	0.0494584	0.0489565	0.0484303	0.0478178	0.0469482	0.0457859	0.0445109	0.0431255	0.0412966	0.038661	0.0350079	0.0302783	0.0246523	0.0186046	0.0128041	0.00791547	0.00435948	0.00215044	0.000967328	0.000403987	0.000160125	6.65125e-005	3.59438e-005	2.63253e-005	2.20313e-005	2.06388e-005	2.20292e-005	2.36076e-005	2.23025e-005	1.7414e-005	
1.01956e-005	1.40691e-005	1.68103e-005	1.8759e-005	2.13934e-005	2.57157e-005	3.27318e-005	4.98429e-005	0.000102272	0.00025339	0.0006444	0.00154158	0.00334164	0.00646919	0.0111156	0.0169463	0.0231713	0.0290534	0.0342283	0.0384491	0.0413822	0.0430046	0.0439312	0.0449199	0.0461499	0.0472596	0.0479415	0.0482571	0.0484956	0.0488217	0.0490276	0.0488743	0.0486313	0.048778	0.0492512	0.0495231	0.0493701	0.0491401	0.0492999	0.0499452	0.0506648	0.0508782	0.0504211	0.0497	0.0492608	0.0493166	0.0496295	0.04985	0.0499504	0.0501179	0.0503321	0.0503525	0.0500762	0.0496742	0.0493402	0.0490922	0.0488677	0.0486205	0.0483718	0.0482996	0.0485584	0.0489427	0.0490828	0.0490016	0.0490312	0.0492382	0.0493725	0.0492979	0.0491894	0.0492924	0.0496117	0.0499561	0.0502243	0.0504633	0.0506366	0.0506001	0.0504066	0.0503112	0.0503487	0.0502376	0.0498226	0.0493165	0.0489787	0.0488616	0.0490049	0.0494518	0.0499815	0.0502774	0.0503403	0.0503944	0.0504916	0.0504892	0.0503409	0.0501904	0.0501875	0.0502871	0.0502988	0.0501529	0.0498923	0.0494831	0.0489028	0.048177	0.0472665	0.0461876	0.0450787	0.0439535	0.0425854	0.0406461	0.0378096	0.033863	0.0288387	0.0230321	0.0169701	0.0113379	0.00677186	0.00359226	0.00169667	0.000718689	0.000277403	0.000104947	4.7479e-005	2.96204e-005	2.24076e-005	1.94887e-005	2.05822e-005	2.32997e-005	2.35895e-005	1.94164e-005	
1.15055e-005	1.54095e-005	1.81199e-005	1.9982e-005	2.24933e-005	2.78524e-005	4.12418e-005	8.08538e-005	0.000197952	0.000510551	0.00124963	0.00278124	0.00553768	0.00982947	0.0155727	0.0221078	0.0284618	0.0339533	0.0383943	0.0417114	0.0437529	0.0446322	0.0449689	0.0454754	0.0463084	0.0470632	0.0474143	0.0474884	0.0476271	0.0479624	0.0482348	0.0481724	0.0480229	0.048291	0.0489682	0.0494844	0.0494527	0.0491136	0.048994	0.0493344	0.0498788	0.050147	0.0499148	0.0494028	0.0489895	0.0488625	0.0489709	0.0492173	0.0495982	0.0500772	0.050465	0.0505893	0.0504591	0.0501909	0.0498583	0.0494605	0.0490303	0.0486411	0.0483465	0.0482536	0.0484515	0.0487751	0.0489512	0.0490258	0.0492558	0.0495994	0.0497092	0.0494337	0.0490847	0.049061	0.0493237	0.0495309	0.049618	0.0498332	0.0501946	0.0503959	0.0503156	0.0501785	0.0501519	0.0501161	0.0499086	0.0495441	0.0490991	0.0486711	0.0485242	0.0488699	0.0494814	0.0498906	0.0499334	0.0498422	0.0498443	0.049917	0.049944	0.049917	0.0499218	0.0499738	0.0499913	0.0499545	0.0498361	0.04948	0.048839	0.0480498	0.0471862	0.0462577	0.0453311	0.0444133	0.0433483	0.0418726	0.0396805	0.0365291	0.0323204	0.0271235	0.0212426	0.0152479	0.0098524	0.00564966	0.00285284	0.00126591	0.000496991	0.000180165	6.94204e-005	3.50605e-005	2.35678e-005	1.94233e-005	2.00656e-005	2.31039e-005	2.42297e-005	2.06078e-005	
1.14477e-005	1.55344e-005	1.85991e-005	2.07433e-005	2.35908e-005	3.14155e-005	5.64377e-005	0.000136208	0.000368683	0.000958267	0.00223934	0.00462517	0.00846764	0.0138732	0.0204975	0.027437	0.0335999	0.0384211	0.0419868	0.0444557	0.0457958	0.0461304	0.045984	0.0460031	0.0464137	0.0468798	0.0470445	0.0470086	0.0471089	0.0474241	0.0476602	0.0475691	0.0473916	0.0476178	0.0483049	0.0489331	0.0490246	0.0486725	0.0483714	0.0484939	0.0490107	0.0495862	0.04987	0.0497696	0.049445	0.0490925	0.0488775	0.0489924	0.0495234	0.0502393	0.0507498	0.0509137	0.0508644	0.050711	0.0504195	0.0499305	0.0493268	0.0487864	0.0484144	0.0482902	0.0484946	0.0489066	0.0492286	0.0493929	0.0496304	0.0500012	0.0501825	0.0499155	0.0494476	0.0492092	0.0491981	0.0491166	0.0490038	0.0491943	0.049652	0.0499303	0.0498548	0.0497309	0.049833	0.0500515	0.0501037	0.0498455	0.0492957	0.0486471	0.0483193	0.0486075	0.0492494	0.0496648	0.0496178	0.0494091	0.0493962	0.0495689	0.0496814	0.0496244	0.0495125	0.0494456	0.0494075	0.0494034	0.0493819	0.0491308	0.0485847	0.0479254	0.0472314	0.046445	0.0456204	0.0448359	0.0439884	0.04285	0.0411885	0.0387852	0.0354221	0.0309651	0.0255128	0.0194603	0.0134741	0.00831848	0.00451801	0.00213905	0.00088085	0.000321914	0.000113186	4.61494e-005	2.61044e-005	2.02259e-005	2.00516e-005	2.22526e-005	2.3038e-005	1.9703e-005	
1.06103e-005	1.50776e-005	1.88015e-005	2.16567e-005	2.58486e-005	3.91057e-005	8.50226e-005	0.000232648	0.000651824	0.00166192	0.00368863	0.00709387	0.0120042	0.0182536	0.025309	0.0321746	0.0377828	0.0417809	0.0445649	0.0464757	0.0474733	0.0475612	0.0470913	0.0466401	0.0466045	0.0468477	0.0469924	0.0470203	0.0471993	0.0475387	0.0477059	0.0474951	0.0471546	0.0471395	0.0475675	0.0480467	0.0481494	0.0478967	0.0476738	0.0478532	0.0485701	0.0496262	0.0505092	0.0507572	0.0503517	0.0496155	0.0489574	0.0487928	0.0493085	0.0501902	0.0508813	0.0511476	0.0511358	0.0510009	0.0507226	0.0502049	0.0494956	0.0488223	0.048381	0.0482582	0.0485029	0.0490102	0.0494495	0.0496269	0.0497493	0.0500384	0.0503013	0.050218	0.0498684	0.0495603	0.0493247	0.0490318	0.0488318	0.0489969	0.0493675	0.0494826	0.0492852	0.0492071	0.0495268	0.0500067	0.0502079	0.0499341	0.0493065	0.0486642	0.0484439	0.0488158	0.0493963	0.0496164	0.0493896	0.0491606	0.0492741	0.0495626	0.0496299	0.0493687	0.0490334	0.0488463	0.0487966	0.0488316	0.0488879	0.0487886	0.0484783	0.048103	0.047655	0.0469979	0.0462353	0.045575	0.044965	0.0441684	0.0429699	0.0411477	0.0384289	0.0346058	0.0296416	0.0237301	0.0174094	0.0114974	0.00672995	0.00343902	0.0015167	0.000580244	0.000201438	7.22787e-005	3.37159e-005	2.31789e-005	2.10352e-005	2.11549e-005	2.03624e-005	1.68312e-005	
1.03217e-005	1.54025e-005	2.01135e-005	2.46542e-005	3.25569e-005	5.6913e-005	0.000139873	0.000399261	0.00110015	0.00268165	0.00561054	0.0100897	0.0159159	0.0226212	0.0295567	0.0358049	0.0405281	0.0436832	0.045895	0.0475445	0.0485094	0.0486537	0.0481253	0.0473919	0.047031	0.0471725	0.0474425	0.0476374	0.0479156	0.0482689	0.0483771	0.0480671	0.0475638	0.0472503	0.0472679	0.04738	0.0473277	0.047173	0.0471706	0.0475562	0.0485105	0.0499572	0.0512914	0.0517469	0.0511496	0.049973	0.0488682	0.0483958	0.0487817	0.0497055	0.0505723	0.0510426	0.0511416	0.0509989	0.050673	0.0501292	0.0493908	0.0486854	0.0482745	0.0482329	0.0485196	0.0490023	0.0493807	0.0494562	0.0494205	0.0495603	0.0498091	0.0499057	0.049822	0.0496849	0.0494918	0.0492454	0.0491447	0.0493102	0.0494581	0.0492434	0.04884	0.0487764	0.049256	0.0499092	0.0501904	0.0498856	0.049242	0.0487363	0.0487398	0.0491991	0.0496076	0.0495147	0.0490845	0.0488832	0.049138	0.0494945	0.0494876	0.049071	0.048604	0.0483762	0.0483596	0.0484276	0.0485024	0.0484878	0.0483872	0.0483193	0.0481942	0.0477952	0.0472188	0.0467444	0.0463954	0.0459489	0.04513	0.0436513	0.041279	0.037893	0.0333996	0.0277896	0.0214312	0.0150872	0.00954076	0.00530491	0.00254058	0.0010428	0.000377524	0.000132103	5.40107e-005	3.13045e-005	2.46037e-005	2.14398e-005	1.80443e-005	1.35542e-005	
1.22128e-005	1.85251e-005	2.51449e-005	3.36488e-005	4.98859e-005	9.52989e-005	0.000242691	0.000682943	0.00179198	0.00409332	0.00800044	0.0134706	0.0199588	0.0267398	0.0331195	0.0383836	0.0420627	0.044432	0.0462126	0.0477206	0.0487673	0.0491368	0.0488021	0.0480929	0.0476813	0.0479052	0.0483985	0.0487502	0.0489971	0.0492273	0.0492666	0.0489755	0.0484753	0.0480032	0.0476762	0.0473987	0.0470919	0.0468864	0.0469414	0.0473517	0.0482865	0.0497845	0.0512907	0.0519059	0.051297	0.0499646	0.0487079	0.0481261	0.048355	0.0490839	0.0498947	0.0505303	0.0508484	0.0507732	0.0503769	0.0497893	0.0491114	0.0485402	0.0483013	0.0484161	0.0487517	0.0491176	0.0492764	0.0491607	0.0489954	0.048998	0.0491148	0.0492025	0.0492721	0.0493677	0.0494178	0.0494144	0.0495001	0.0496528	0.049542	0.0490119	0.0484573	0.048414	0.0489796	0.0497493	0.0501569	0.0499242	0.0493002	0.048829	0.0488633	0.0492496	0.0494541	0.0491299	0.0485674	0.0483359	0.0485657	0.0488799	0.0488976	0.0486082	0.0482897	0.048144	0.0481301	0.0481358	0.0481079	0.0480305	0.0480031	0.0481842	0.0484598	0.0485165	0.0483084	0.0480628	0.0479074	0.0477161	0.0471537	0.0458487	0.0436456	0.0405733	0.0365485	0.0314145	0.0253563	0.0189717	0.0129278	0.00780681	0.00406572	0.00180691	0.000699769	0.000253307	9.82545e-005	4.84679e-005	3.19508e-005	2.40307e-005	1.74667e-005	1.13688e-005	
1.70058e-005	2.54147e-005	3.53129e-005	5.09693e-005	8.24808e-005	0.000166219	0.000424619	0.00114884	0.00282327	0.00597809	0.0108522	0.0171093	0.0239446	0.0305062	0.036141	0.0403703	0.0430703	0.044753	0.0461638	0.0475494	0.0486765	0.0492691	0.049184	0.0486648	0.0483985	0.0487976	0.0494882	0.0498935	0.0499442	0.0499005	0.0498555	0.0497271	0.0494564	0.04906	0.048603	0.0481102	0.0476008	0.047199	0.0470248	0.0471447	0.047738	0.0489426	0.0503603	0.0511418	0.0508304	0.0497984	0.0487936	0.0482978	0.0482849	0.0485263	0.048976	0.0496367	0.050216	0.0503146	0.0499161	0.0493248	0.0487879	0.0484751	0.0485008	0.0488051	0.0492013	0.0494519	0.0493751	0.0490705	0.0488312	0.0487641	0.0487422	0.048697	0.0487349	0.04893	0.0491631	0.0493184	0.049447	0.0494983	0.0492155	0.0486093	0.0481494	0.0482469	0.048877	0.0496898	0.0502004	0.050063	0.0494115	0.0487845	0.0486141	0.0488225	0.0489201	0.0485692	0.0480015	0.047681	0.0477281	0.0479295	0.0480826	0.0481523	0.0481908	0.0481899	0.0480891	0.0478917	0.0476535	0.0474405	0.0474248	0.0478086	0.0484784	0.0490232	0.049193	0.0490995	0.0489818	0.0488712	0.0484535	0.0473197	0.045331	0.0425841	0.0390551	0.0345438	0.0290533	0.0229317	0.0166492	0.0107884	0.00605919	0.00291098	0.00121453	0.000464815	0.000179595	7.90888e-005	4.35098e-005	2.8126e-005	1.8119e-005	1.04204e-005	
2.29072e-005	3.37351e-005	4.78582e-005	7.34379e-005	0.000129103	0.000280093	0.000723921	0.00186827	0.00426793	0.00835067	0.0140781	0.0208366	0.027707	0.0338765	0.038807	0.0421963	0.0441324	0.0452703	0.0463746	0.0476436	0.0487871	0.0494673	0.0494979	0.0491123	0.0489639	0.0494257	0.0501256	0.0504416	0.0502477	0.0499388	0.049858	0.0499874	0.0500817	0.0499317	0.0495543	0.0490791	0.0485611	0.0480502	0.0476284	0.0473853	0.0475299	0.0482801	0.0494109	0.0502276	0.0502622	0.0497235	0.0491207	0.0486748	0.0482505	0.0478365	0.047798	0.0483857	0.0492106	0.0496006	0.0493737	0.0488744	0.0484791	0.0484081	0.0486983	0.0491789	0.049606	0.0497584	0.0495345	0.0491218	0.0488363	0.0487598	0.0487602	0.0487559	0.0488088	0.0489844	0.0491575	0.049159	0.0490482	0.0489041	0.0486318	0.0482988	0.048229	0.0485779	0.0491986	0.0498599	0.0502639	0.0500896	0.0493516	0.0485364	0.0481615	0.0482501	0.0483546	0.0481227	0.0476798	0.0473517	0.0472788	0.0474302	0.0477361	0.0481148	0.0484403	0.0485232	0.0482593	0.0477831	0.0473265	0.0470486	0.0471127	0.0476697	0.0485831	0.0493957	0.0497312	0.0496227	0.0493875	0.0492067	0.0488817	0.0480292	0.0464198	0.0440853	0.0410787	0.0372439	0.0324229	0.0267	0.0203637	0.0139751	0.00839376	0.00434807	0.00196002	0.000800469	0.000316761	0.00013166	6.22843e-005	3.38954e-005	1.92464e-005	1.01749e-005	
2.63964e-005	3.89462e-005	5.76655e-005	9.6393e-005	0.000190586	0.0004553	0.00118709	0.00290099	0.00614678	0.0111401	0.0175224	0.0244888	0.0311616	0.0368825	0.0412383	0.044014	0.0453986	0.0461336	0.0469858	0.0480884	0.0491026	0.0497008	0.0497329	0.049415	0.0492839	0.0496104	0.0500753	0.0501646	0.0497819	0.0493688	0.0493727	0.0497777	0.0502012	0.0503019	0.0500854	0.0497723	0.049472	0.0491602	0.0487935	0.0483974	0.0482086	0.0485298	0.0492479	0.0498101	0.0498725	0.0496161	0.0492965	0.0488284	0.0480154	0.0470737	0.0466411	0.0471137	0.0481295	0.0489134	0.0490537	0.0487241	0.0483606	0.0483526	0.0487795	0.0493499	0.0497174	0.0497442	0.0494735	0.0490718	0.0487704	0.0487305	0.0489657	0.0493286	0.0496356	0.0498091	0.0497509	0.0493669	0.0488422	0.0484715	0.0483365	0.0484495	0.0488418	0.0493722	0.0498214	0.0501186	0.050195	0.0498424	0.0490413	0.0482165	0.0478505	0.0479395	0.0480648	0.0479506	0.0476993	0.0475233	0.0475341	0.0477515	0.0481149	0.048538	0.048915	0.0490227	0.048673	0.048017	0.0474325	0.0471796	0.0473504	0.0479514	0.0488082	0.0495253	0.0497662	0.0495524	0.0491856	0.0489041	0.0486599	0.0481441	0.0470016	0.0451406	0.0426707	0.0394979	0.0353442	0.0300848	0.0238784	0.0172388	0.0110407	0.00616937	0.00301149	0.00131746	0.000541352	0.000221746	9.60288e-005	4.49187e-005	2.20649e-005	1.08255e-005	
2.61457e-005	3.96071e-005	6.45171e-005	0.00012575	0.000289641	0.000741351	0.0018817	0.00429195	0.00843122	0.0142359	0.0210508	0.0279934	0.0343411	0.0396169	0.043483	0.0457627	0.0467208	0.0471381	0.047721	0.0485347	0.0492784	0.049743	0.0498324	0.0496496	0.0495324	0.0496515	0.0497726	0.0495502	0.0489941	0.0485775	0.048732	0.0493523	0.0499581	0.0501968	0.0501059	0.0499582	0.0499436	0.0500179	0.0499572	0.04963	0.0492861	0.0493101	0.0496261	0.0497555	0.049537	0.0492746	0.0491081	0.0487289	0.0478602	0.0467774	0.0461704	0.0465112	0.0476077	0.0487559	0.0493159	0.049159	0.0486903	0.0485001	0.0488183	0.0493068	0.0495224	0.0494173	0.0491851	0.04891	0.0486554	0.0486668	0.0491743	0.0500082	0.0507138	0.0510023	0.0507773	0.0500561	0.0491698	0.0486076	0.0485814	0.0490034	0.0496328	0.0501395	0.0503291	0.050266	0.0500058	0.0494433	0.0486415	0.0480092	0.0478579	0.0480189	0.04813	0.0480935	0.0480448	0.0480844	0.0482438	0.0484962	0.0487334	0.0489387	0.0492103	0.0494369	0.0492974	0.0487426	0.0481368	0.0478487	0.0479546	0.048329	0.0487811	0.0490871	0.0491048	0.0488789	0.0485642	0.0483117	0.048171	0.0479286	0.0471757	0.0457494	0.0437903	0.0412379	0.0377301	0.0330126	0.0271701	0.0206194	0.014093	0.00849595	0.00447972	0.00208752	0.000886652	0.000361673	0.000149908	6.41772e-005	2.81698e-005	1.28997e-005	
2.51128e-005	4.09247e-005	7.86831e-005	0.000185742	0.000479335	0.00122634	0.00290443	0.00608663	0.0110677	0.0175004	0.024509	0.0312344	0.0371682	0.0419992	0.0454194	0.0472869	0.0479369	0.0481097	0.0483821	0.0488156	0.0492779	0.0497139	0.049993	0.0500175	0.0499532	0.0499447	0.0498101	0.0492832	0.0484808	0.0479607	0.0481454	0.0488326	0.0494915	0.0498174	0.0498489	0.0498017	0.0499044	0.050186	0.0503594	0.0501643	0.0498012	0.0496653	0.049706	0.0495211	0.049083	0.0487881	0.0487577	0.0486207	0.0480469	0.0472095	0.0466735	0.0469295	0.0479946	0.0493218	0.0501511	0.0501048	0.0494831	0.0489654	0.0489419	0.0491625	0.049192	0.0490339	0.0489426	0.048898	0.0487695	0.0487854	0.0493413	0.0503785	0.0513672	0.0518472	0.0516306	0.0507767	0.049725	0.0490824	0.049106	0.0495981	0.0501633	0.0504821	0.0504988	0.0503151	0.0499046	0.0491843	0.0483906	0.0479811	0.0480492	0.048248	0.0483425	0.0484375	0.0486374	0.0488612	0.0490402	0.0491433	0.0490891	0.0489797	0.0491492	0.0496511	0.0500198	0.0498269	0.0492242	0.0486928	0.0484525	0.0483674	0.0482573	0.0480856	0.0479454	0.0479041	0.0478988	0.0478918	0.047927	0.0478551	0.0473056	0.0461497	0.0445794	0.0425539	0.0396447	0.0355284	0.030268	0.0241356	0.0175773	0.0113814	0.00643292	0.00316051	0.00137111	0.000550744	0.000219158	8.88677e-005	3.65507e-005	1.59063e-005	
2.75205e-005	5.07914e-005	0.000114379	0.00030303	0.000807934	0.00198278	0.00433074	0.00831664	0.0140058	0.0208092	0.0277379	0.0340315	0.0394155	0.043755	0.0467932	0.0484165	0.0489568	0.0490172	0.0490348	0.0491523	0.0494538	0.0499629	0.0504228	0.0505692	0.0505173	0.0504475	0.0501815	0.0494393	0.0483812	0.0476317	0.0476339	0.0481904	0.0488405	0.0493395	0.0496067	0.0496411	0.0496338	0.0497773	0.049922	0.0497928	0.0494643	0.0492311	0.0491065	0.048849	0.0484824	0.0483266	0.0484648	0.0485959	0.0484196	0.0479737	0.0476478	0.0479107	0.0489115	0.050226	0.0511035	0.0510946	0.0503935	0.0496038	0.049174	0.0490313	0.0488908	0.0487963	0.048957	0.0492297	0.049296	0.0492563	0.0495762	0.0504269	0.0514287	0.0520315	0.0518869	0.0510422	0.0500099	0.049424	0.0495057	0.0499581	0.0503294	0.0504422	0.0504389	0.0503736	0.0500021	0.0492072	0.0483992	0.0480765	0.0481582	0.0482524	0.0483388	0.048666	0.0491898	0.0495758	0.049657	0.0494929	0.0491486	0.0488389	0.0490049	0.0498002	0.0506737	0.0508472	0.0501895	0.0492612	0.0485295	0.0479828	0.0474684	0.0470429	0.0469428	0.0472438	0.047706	0.0480955	0.048355	0.0483375	0.0477709	0.0466553	0.04528	0.0436374	0.0412524	0.0377615	0.0332116	0.0276997	0.0213323	0.014696	0.00882624	0.00454965	0.00201647	0.00079704	0.000301948	0.000115662	4.53901e-005	1.90365e-005	
3.45758e-005	7.13138e-005	0.00017322	0.000474222	0.00125992	0.00297771	0.00610961	0.0109154	0.0171745	0.0241144	0.0307354	0.0364047	0.0410666	0.0448143	0.047527	0.0490929	0.0497134	0.0497985	0.0497106	0.0497032	0.0499725	0.0505036	0.0509455	0.0510219	0.0508829	0.0507192	0.0503621	0.0495612	0.0484633	0.0476048	0.047367	0.0476474	0.0482092	0.0489133	0.0494857	0.0496261	0.0494408	0.0492906	0.0492475	0.0491175	0.0488422	0.0485405	0.0482843	0.0480503	0.0478988	0.0479786	0.0482825	0.0486008	0.0487	0.0485276	0.0483604	0.0486559	0.0496043	0.0508128	0.0515918	0.051579	0.0509384	0.0500928	0.0493915	0.0489194	0.0486443	0.0486875	0.0491475	0.0497315	0.0499771	0.0498552	0.0498454	0.0503433	0.0511832	0.051782	0.0516561	0.0508488	0.0499097	0.0494279	0.0495743	0.0500211	0.0503005	0.0503268	0.0503757	0.0504613	0.0501828	0.0494027	0.0486073	0.048239	0.0481199	0.0479811	0.0480494	0.0486171	0.0494355	0.0499497	0.0499318	0.0495639	0.0490996	0.0488137	0.0490719	0.0500041	0.0510808	0.0514103	0.0506808	0.0494445	0.0483417	0.0475282	0.0469058	0.0465253	0.0466324	0.0472924	0.0481814	0.0489225	0.0493175	0.049201	0.0484553	0.0472544	0.0459637	0.0445976	0.0426824	0.0398346	0.036028	0.0311627	0.0250689	0.0181501	0.0114968	0.00623628	0.00287363	0.00114829	0.000421486	0.000152278	5.70273e-005	2.31892e-005	
4.29621e-005	9.50939e-005	0.000240068	0.000667192	0.00176741	0.00408579	0.00805684	0.0136799	0.0204228	0.0273817	0.0336081	0.038579	0.0424195	0.0454908	0.0478694	0.0494223	0.0501595	0.0503153	0.0502363	0.0502349	0.0504715	0.0508545	0.0510755	0.0509766	0.0507275	0.0504647	0.050071	0.0494199	0.0486163	0.0479498	0.0476121	0.0475928	0.0479362	0.0486628	0.0493856	0.0495906	0.049292	0.048927	0.0487419	0.0486625	0.0485359	0.0482712	0.0479175	0.0476382	0.0475899	0.0478182	0.0482119	0.0485868	0.0487615	0.0486581	0.0485073	0.048764	0.0496228	0.0506879	0.0513296	0.0513198	0.0508605	0.0501878	0.0494427	0.0487765	0.048416	0.0485945	0.0492851	0.05004	0.050338	0.0501219	0.0498732	0.0501032	0.0507812	0.051323	0.0511888	0.0504361	0.0496109	0.0492289	0.0494405	0.0499611	0.0503146	0.0503743	0.0504301	0.0505323	0.0503001	0.0496168	0.0489129	0.0484872	0.0481456	0.0478083	0.0478554	0.0485207	0.0494158	0.0499323	0.0498581	0.0494489	0.0490733	0.0489792	0.0493346	0.050183	0.0511372	0.0514426	0.0507414	0.0494693	0.0482658	0.0474052	0.046877	0.0467024	0.0470432	0.0479108	0.0489533	0.049743	0.050028	0.0497043	0.048834	0.0476894	0.046577	0.0454776	0.0439888	0.0417518	0.0386165	0.0342929	0.0284592	0.0214209	0.014246	0.00818672	0.00400817	0.00168009	0.000623844	0.000218812	7.87993e-005	3.10379e-005	
4.72639e-005	0.000112711	0.000304469	0.000873844	0.0023147	0.00524955	0.0100391	0.0164166	0.0235645	0.0304886	0.0363199	0.0406404	0.0437245	0.0461568	0.0481685	0.0496066	0.0503542	0.0505318	0.0504547	0.0504176	0.0505049	0.0506193	0.0505973	0.0503978	0.0501442	0.0498978	0.0496037	0.0492542	0.0489027	0.0485788	0.0482609	0.0479964	0.0480483	0.0485724	0.0491897	0.0493448	0.0489906	0.04855	0.0483699	0.0484716	0.0486188	0.0485235	0.0481532	0.0477707	0.0476494	0.0478444	0.0481951	0.0485052	0.0486328	0.0485099	0.0483098	0.0484367	0.0490981	0.0499647	0.0504966	0.0505444	0.0503198	0.0499341	0.0493524	0.048703	0.0483513	0.0486087	0.049363	0.0500764	0.0502634	0.0499252	0.0495311	0.0495908	0.050129	0.0506148	0.0505327	0.0499356	0.0493107	0.0490926	0.049414	0.0500288	0.050458	0.050517	0.050485	0.0504991	0.050292	0.0497609	0.0491948	0.0487683	0.0483701	0.0480511	0.0481326	0.0486931	0.0493492	0.0496669	0.0495474	0.0492438	0.0490972	0.0492295	0.0495898	0.0501791	0.0508457	0.0510837	0.0505386	0.0494686	0.0483944	0.0476284	0.0472543	0.0473006	0.0478213	0.0487012	0.0495376	0.0499487	0.0498363	0.0493206	0.0485989	0.0478405	0.0471106	0.0463018	0.0451435	0.0433634	0.0407142	0.0367961	0.0312583	0.0243438	0.016988	0.010387	0.00545686	0.0024437	0.00094749	0.000335275	0.00011878	4.54958e-005	
4.6655e-005	0.000127373	0.000385646	0.00114728	0.00299429	0.00656943	0.0121046	0.0190842	0.0264762	0.0332494	0.0386543	0.0424272	0.0449692	0.0469505	0.0486317	0.0498558	0.0504835	0.0505787	0.0504001	0.0502153	0.0501019	0.0500264	0.049939	0.0498111	0.0496738	0.0495493	0.0494344	0.049368	0.0493571	0.0492671	0.0489312	0.0484461	0.0482241	0.0484867	0.0488873	0.0489344	0.0485895	0.0482367	0.0482234	0.0485598	0.0489318	0.0489758	0.0486387	0.0481958	0.0479461	0.047985	0.0481894	0.0483883	0.0484773	0.048387	0.0481799	0.0481369	0.0484794	0.0490427	0.049459	0.0496048	0.0496141	0.0495337	0.0492725	0.0488884	0.0486967	0.0489796	0.0495995	0.0500564	0.049999	0.0495226	0.0490361	0.0489452	0.0492924	0.0496871	0.0497278	0.0494345	0.0491497	0.0491864	0.0496404	0.0502665	0.0505968	0.0504846	0.050273	0.0501863	0.0500326	0.049658	0.049193	0.0488037	0.0485615	0.0485474	0.0488096	0.0491843	0.0494004	0.0493623	0.0491697	0.0490295	0.0491343	0.049421	0.0496836	0.0499523	0.0503131	0.0504917	0.0501511	0.0493945	0.0485896	0.0479881	0.0477149	0.047871	0.0484789	0.0492821	0.0497645	0.0495954	0.048953	0.0483012	0.0479362	0.0477803	0.0475548	0.0470399	0.0461024	0.0445754	0.0421864	0.0385705	0.0334574	0.0269703	0.0197475	0.0128054	0.0071766	0.00342196	0.00139528	0.000507698	0.000180267	6.78685e-005	
4.96601e-005	0.000160025	0.000527804	0.00156543	0.00391501	0.00815846	0.0143309	0.0216971	0.029107	0.0355613	0.0404781	0.043803	0.0460373	0.0477975	0.0492587	0.0502551	0.0506756	0.0505779	0.0501983	0.0498236	0.0495937	0.0495404	0.0496246	0.0497239	0.0497548	0.0497346	0.049722	0.0497855	0.0499201	0.0499198	0.0495222	0.0488401	0.0483865	0.0484232	0.0486208	0.0485762	0.0483314	0.0482361	0.0484993	0.0489852	0.0493587	0.0493647	0.0490231	0.0485675	0.0482364	0.0481386	0.0482176	0.0483512	0.0484623	0.0484683	0.0483172	0.0481346	0.0481093	0.0482517	0.0484375	0.0486099	0.0488016	0.0490076	0.0491512	0.0492089	0.0493061	0.0495819	0.0499144	0.04998	0.0496609	0.0491517	0.0487207	0.0485547	0.0486745	0.0489006	0.0490451	0.0491136	0.0492233	0.04949	0.0499811	0.0504873	0.0505696	0.0501512	0.0496774	0.0494704	0.0493788	0.0491383	0.0487311	0.0484017	0.0484377	0.0488908	0.0494713	0.0497501	0.0495691	0.0491764	0.0488943	0.0488866	0.049154	0.0494737	0.0495955	0.0496099	0.0497402	0.0498659	0.0497098	0.0492995	0.0488454	0.0484264	0.0481184	0.0481608	0.0487049	0.0494438	0.049719	0.0491542	0.0481054	0.047343	0.0472959	0.0476948	0.0479547	0.0477376	0.0469869	0.0455862	0.0432749	0.0398463	0.0352063	0.0293211	0.0224167	0.0152664	0.00901242	0.00452663	0.00193217	0.000723993	0.000257817	9.50886e-005	
7.03816e-005	0.000237655	0.000772176	0.00217387	0.00510211	0.0100003	0.0166742	0.0242321	0.0314934	0.0375217	0.041901	0.0447936	0.0468	0.0484491	0.0497823	0.0505861	0.0507821	0.0504777	0.049925	0.0494205	0.049159	0.0492304	0.049579	0.0499697	0.0501871	0.0502106	0.050161	0.050193	0.0503664	0.0504709	0.0501585	0.0494597	0.0488708	0.0486883	0.048658	0.048495	0.0483384	0.0484953	0.048978	0.0494866	0.049741	0.0496478	0.0492637	0.0487586	0.0483512	0.0481844	0.0482389	0.0484089	0.0486078	0.0487253	0.0486471	0.0483865	0.0480481	0.0477321	0.0475575	0.0476165	0.0478874	0.0483003	0.0488011	0.0493019	0.0496966	0.0499197	0.0498964	0.0495814	0.0491385	0.0488257	0.0486963	0.048649	0.0486452	0.048711	0.0488928	0.0492106	0.0495515	0.0498351	0.0501671	0.0504606	0.0503084	0.0496173	0.0488761	0.0485297	0.0485023	0.0484276	0.0481465	0.0479438	0.0482365	0.0490509	0.0498921	0.0501636	0.0497608	0.0491381	0.048777	0.0488171	0.0491076	0.0493491	0.0493477	0.0492496	0.0492864	0.0493935	0.0493839	0.0492822	0.0491536	0.0488597	0.0483894	0.0481581	0.0485485	0.0492879	0.0495954	0.0489818	0.047814	0.0470168	0.0471614	0.0479242	0.0485373	0.0485658	0.047965	0.0466154	0.0442722	0.0409	0.0366018	0.031251	0.0247108	0.0174888	0.0107647	0.00564891	0.00251195	0.000966206	0.00034203	0.0001212	
0.000120571	0.000378478	0.00113841	0.00297791	0.00652572	0.0120305	0.0190786	0.0266997	0.0337308	0.0392733	0.0430333	0.0453784	0.0470431	0.048523	0.0497384	0.0503981	0.0504467	0.0500641	0.0495099	0.0490215	0.0487769	0.0489105	0.0494104	0.050022	0.0504215	0.0504778	0.0503242	0.0502429	0.0504236	0.0507086	0.0507014	0.0502728	0.0497398	0.0493833	0.0491064	0.0487751	0.0485711	0.0487557	0.0492579	0.0497458	0.0500008	0.0499544	0.0495675	0.0489526	0.0484055	0.0481546	0.0482128	0.0484803	0.0488274	0.0490669	0.0490491	0.0487611	0.0482353	0.047574	0.0470648	0.0469604	0.0472184	0.0477054	0.0484021	0.0491973	0.0497802	0.0498901	0.0495243	0.0489318	0.0485078	0.0485114	0.048797	0.0490404	0.0491429	0.0492203	0.0494171	0.0497471	0.0499917	0.0500233	0.0500544	0.0501341	0.049868	0.0490702	0.0481944	0.0477892	0.0478833	0.0480759	0.0480911	0.0481266	0.0485657	0.0494375	0.0502628	0.0504605	0.0499464	0.0492062	0.0487569	0.0487285	0.0489145	0.0490242	0.0489558	0.048892	0.0489924	0.0491558	0.0492523	0.0493203	0.0493284	0.0490175	0.0483619	0.0479237	0.0482466	0.0490785	0.0495751	0.0491814	0.048198	0.047527	0.0477803	0.0486572	0.0493651	0.0494482	0.0488571	0.0474787	0.0451074	0.0417898	0.0377154	0.0327435	0.0265479	0.0193959	0.0123889	0.0067708	0.00313312	0.00123839	0.000435568	0.000147148	
0.000201297	0.000580895	0.0016154	0.00394684	0.00813726	0.0142088	0.0215347	0.0290994	0.035785	0.0407428	0.0437983	0.0455031	0.0467099	0.0479107	0.0489661	0.0495373	0.049558	0.0492324	0.0488224	0.0485014	0.0483669	0.048528	0.0490367	0.0497331	0.050275	0.0504007	0.0501866	0.0500021	0.0501474	0.0505405	0.0508256	0.0507699	0.0504601	0.050096	0.049717	0.0492868	0.0489506	0.0489604	0.0493404	0.0498473	0.0502469	0.0503621	0.0500292	0.0493324	0.0486368	0.0482429	0.0482279	0.0485465	0.0490318	0.0493905	0.0494404	0.0492041	0.0486839	0.047924	0.0472633	0.0470556	0.0472627	0.0477216	0.0484513	0.0493323	0.0499178	0.0498489	0.0492286	0.0485015	0.0481336	0.0483279	0.0488665	0.0493825	0.0497426	0.0499852	0.0501619	0.0502776	0.0502129	0.0499534	0.0497636	0.0497261	0.0494658	0.0487409	0.047938	0.0476279	0.0479073	0.0484076	0.0487888	0.049077	0.049511	0.050145	0.0506627	0.0506427	0.0500424	0.049272	0.0487605	0.0486101	0.0486416	0.0486288	0.0485469	0.0485949	0.0488551	0.0491481	0.0493259	0.0494032	0.0493248	0.0488812	0.0481296	0.047672	0.0480394	0.0489679	0.049661	0.0496072	0.0490182	0.048605	0.048865	0.0495571	0.0500428	0.0499646	0.0492757	0.0478766	0.0456161	0.042523	0.0387248	0.0340847	0.0282393	0.0212662	0.0140964	0.0080255	0.00386694	0.00157637	0.000557605	0.000183799	
0.00029652	0.00081965	0.00216182	0.0050124	0.00984795	0.0164603	0.0239928	0.0313552	0.0375185	0.0418117	0.0442456	0.0454627	0.0462801	0.047149	0.0479847	0.0484993	0.0485673	0.0483228	0.0480372	0.0478921	0.047928	0.04818	0.0486974	0.0494129	0.0500422	0.0502531	0.0500511	0.0498245	0.0498988	0.0502239	0.0505403	0.0506537	0.0505477	0.0503466	0.0501098	0.0497644	0.0493621	0.0491912	0.0494479	0.0499766	0.0504736	0.0506915	0.0504591	0.049826	0.0490857	0.0485413	0.0483853	0.0486644	0.0491806	0.0495825	0.0497149	0.049655	0.0493677	0.0487815	0.0481732	0.0479356	0.0480854	0.0484828	0.0491492	0.0499161	0.0502819	0.0499612	0.0492191	0.0485319	0.0482152	0.04837	0.0488662	0.0494627	0.0500034	0.0503585	0.0504278	0.0502631	0.049967	0.0496441	0.0494631	0.0494421	0.0492852	0.0487834	0.0482396	0.0481435	0.0485868	0.0492545	0.0498038	0.0501354	0.0503794	0.0506316	0.0507359	0.0504513	0.0498204	0.0491739	0.0487661	0.0485927	0.0485124	0.0484066	0.0483257	0.048466	0.0488582	0.0492771	0.0495275	0.0495712	0.0493744	0.0488506	0.048132	0.0477385	0.048085	0.0489404	0.049682	0.0499237	0.0497768	0.0496598	0.0498491	0.050172	0.0502617	0.0499632	0.0492463	0.0479763	0.0459979	0.0432757	0.0398389	0.0355632	0.03011	0.0233911	0.0161053	0.00954856	0.00478196	0.0020105	0.000722064	0.00023746	
0.000382566	0.00106395	0.00273747	0.00611461	0.0115712	0.0186854	0.0263658	0.0334115	0.0389399	0.04262	0.0447104	0.0457862	0.0464069	0.0469363	0.0474872	0.0479448	0.0481033	0.0479347	0.0476693	0.0475416	0.04765	0.0480207	0.0486209	0.0493501	0.0499758	0.0501914	0.0499979	0.0497925	0.0498634	0.0500968	0.050256	0.0502442	0.0501263	0.0500577	0.050058	0.0499266	0.0495916	0.04935	0.0495113	0.0499793	0.0504373	0.0506932	0.0506515	0.0502589	0.0496053	0.0489713	0.0486989	0.0488952	0.0493071	0.0496164	0.0497955	0.0499754	0.0500475	0.0498007	0.0493943	0.0492053	0.0493179	0.0496472	0.050189	0.0507005	0.0507055	0.0501203	0.0493785	0.0488448	0.048556	0.0485179	0.0487832	0.0492851	0.0498281	0.050148	0.0500769	0.049739	0.0493966	0.0491813	0.049121	0.0491906	0.0492154	0.0490398	0.0488613	0.0490282	0.049567	0.050191	0.0505981	0.050692	0.0506193	0.0505183	0.0502996	0.0498476	0.0493174	0.0489872	0.0488867	0.0488151	0.0486426	0.04842	0.0483232	0.0485164	0.0489548	0.0494145	0.0497151	0.0497937	0.0496262	0.0491842	0.0485857	0.0482145	0.0483887	0.0489799	0.0495847	0.0499556	0.050142	0.0503111	0.0505008	0.0505422	0.0503024	0.0498629	0.0492559	0.0482675	0.0466453	0.04428	0.0411639	0.0372167	0.0321375	0.0256897	0.0183187	0.0112725	0.00584836	0.00253152	0.000924144	0.000301832	
0.000452208	0.00130457	0.00333209	0.00723903	0.0132668	0.0207835	0.0285034	0.0351613	0.040075	0.0433042	0.0453354	0.0465648	0.047173	0.0474171	0.0476763	0.0480741	0.0483532	0.0482891	0.0479803	0.0477033	0.0477315	0.0481717	0.0488578	0.0495458	0.0500298	0.0501036	0.0498381	0.0496749	0.0498766	0.0502097	0.0503111	0.0500741	0.0497052	0.0495256	0.0496052	0.0496664	0.0494962	0.0492849	0.0493536	0.0497004	0.0500989	0.0504351	0.0506373	0.0505227	0.05002	0.0494219	0.0491558	0.049287	0.0494974	0.049585	0.0497168	0.0500775	0.0504827	0.0506069	0.0504878	0.0504302	0.0505362	0.0507603	0.0510802	0.051243	0.0508997	0.0501669	0.0495186	0.0491365	0.0488489	0.0486401	0.0487151	0.0491019	0.0495606	0.0497894	0.0496333	0.049235	0.0488851	0.0487091	0.0486907	0.048821	0.0490039	0.049111	0.0492704	0.0497083	0.0503475	0.0508752	0.0510346	0.0508161	0.0504566	0.0501164	0.0497162	0.0492429	0.0489438	0.0490137	0.0492512	0.0492619	0.048926	0.0485044	0.0483505	0.0485783	0.0490124	0.0494384	0.0497629	0.0499396	0.0499118	0.0496365	0.0491898	0.0488485	0.0488669	0.0491963	0.0495824	0.0498925	0.0502087	0.0506011	0.0509315	0.0509378	0.0505663	0.0500754	0.0496071	0.0489038	0.0476014	0.0455221	0.0426446	0.0389189	0.0340806	0.0278173	0.0203898	0.0129586	0.00695644	0.00310763	0.00115735	0.000373131	
0.000519776	0.00155184	0.00394447	0.00836483	0.0148659	0.0225879	0.0301394	0.0363339	0.0407334	0.043689	0.0458178	0.0473451	0.0481189	0.0482663	0.048341	0.0486658	0.0490104	0.0490234	0.0486465	0.0481796	0.0480969	0.0485862	0.0493281	0.0499173	0.0501663	0.0499901	0.0495558	0.0493653	0.0497139	0.0503137	0.0506166	0.05033	0.0496751	0.049174	0.0491033	0.0492522	0.049275	0.0491521	0.0491534	0.0494146	0.0498299	0.0502806	0.0506313	0.0506489	0.0502804	0.0498605	0.0497439	0.0498405	0.0497953	0.0495744	0.0495592	0.0500132	0.0507023	0.051186	0.0513529	0.0514096	0.0514631	0.0514916	0.0514641	0.0512167	0.0506283	0.0499341	0.0494664	0.049218	0.0489733	0.0487614	0.0488178	0.0491577	0.0495397	0.0497067	0.0495126	0.0490532	0.0486124	0.0483671	0.0483254	0.0484454	0.0486205	0.0487855	0.0491218	0.0498016	0.0506182	0.051175	0.0512323	0.0508566	0.0503354	0.0498244	0.0492995	0.0488889	0.0488611	0.0492431	0.049659	0.0496449	0.049119	0.0484879	0.0482389	0.0484508	0.0488406	0.0492084	0.0495513	0.0498342	0.0499442	0.0498201	0.0495432	0.04934	0.0493908	0.0496207	0.0498128	0.0499307	0.0501738	0.0506536	0.0511594	0.0513178	0.0510146	0.0505371	0.0501084	0.0495289	0.0484413	0.0466349	0.0440133	0.0404604	0.0357199	0.0295118	0.0220563	0.0144171	0.0080157	0.00371711	0.00142771	0.000462028	
0.000603558	0.00182104	0.0045708	0.00944727	0.0162682	0.0239495	0.0311045	0.0367745	0.0407779	0.0436064	0.0458907	0.0477526	0.0488445	0.0491378	0.0491744	0.0493813	0.0496568	0.0496603	0.0492251	0.0486438	0.0485193	0.0490806	0.0498962	0.0504309	0.050471	0.0500238	0.0493548	0.0490074	0.0493405	0.0501455	0.0507961	0.0507477	0.050043	0.0492823	0.0489863	0.0491171	0.0492692	0.0492291	0.0491958	0.0494128	0.0498591	0.0503644	0.0507187	0.0507344	0.0504851	0.0503057	0.0503635	0.0504055	0.0500951	0.0495579	0.0493622	0.0498742	0.0508327	0.051644	0.0520039	0.0520435	0.0519261	0.0516721	0.0512637	0.0506763	0.0500068	0.0494994	0.0492684	0.0491697	0.0490343	0.0489345	0.049057	0.0493756	0.0496972	0.0498281	0.0495939	0.0490298	0.0484616	0.0481788	0.0481879	0.0482929	0.0483068	0.0482967	0.0486137	0.0494389	0.0504359	0.0510994	0.0511975	0.0508342	0.0502545	0.0495825	0.0489345	0.048617	0.0488272	0.0493492	0.0497237	0.0496019	0.048999	0.0483215	0.0480207	0.0481458	0.0484218	0.0487073	0.0490539	0.0494215	0.0496618	0.0497039	0.0496295	0.0496302	0.0498143	0.0500342	0.050061	0.0499467	0.0500209	0.0504673	0.0510772	0.0514367	0.0513318	0.0509215	0.0504091	0.0497406	0.0487308	0.0471913	0.044882	0.0415305	0.0368608	0.0306952	0.0233092	0.0156569	0.00903456	0.00437178	0.00175189	0.000585192	
0.000718564	0.00213848	0.00524111	0.0105068	0.0175035	0.0249714	0.0316138	0.036756	0.0404526	0.043243	0.0456826	0.0478167	0.0492298	0.0497687	0.0498426	0.0499059	0.0500418	0.0500203	0.0496196	0.049064	0.0489539	0.0495349	0.0503784	0.0508952	0.0508066	0.0501642	0.0493101	0.0487754	0.0489404	0.0497385	0.0506323	0.0509481	0.0504879	0.0497388	0.0493117	0.0493327	0.0494692	0.0494479	0.0493903	0.0495504	0.0499472	0.0503959	0.0506829	0.0507085	0.0506163	0.0506349	0.0507555	0.0506948	0.0501992	0.0494742	0.0491689	0.0497198	0.0508545	0.0518534	0.0522707	0.0522164	0.0519155	0.051422	0.0507741	0.0500916	0.0495516	0.0492872	0.0492535	0.0492714	0.0492141	0.0491571	0.049264	0.0495306	0.0498157	0.0499357	0.0496704	0.0490222	0.048379	0.0481455	0.0483083	0.0484801	0.0483581	0.0481156	0.0482698	0.049051	0.0500585	0.0507272	0.0508516	0.0505488	0.0499683	0.0492017	0.0485272	0.0483755	0.0487868	0.0492912	0.0494355	0.0491358	0.0485874	0.0480871	0.0478596	0.0478846	0.0479946	0.0481559	0.0484532	0.0488648	0.0492643	0.0495607	0.0497575	0.049955	0.0501993	0.0503188	0.0501156	0.0497398	0.0496255	0.0499926	0.0506337	0.0511513	0.0512731	0.0509775	0.0503624	0.0495101	0.0484606	0.0470885	0.0450352	0.0419008	0.037401	0.0314468	0.024334	0.0168506	0.0101192	0.00512396	0.00215417	0.000753847	
0.00087277	0.00252762	0.00599772	0.0116189	0.0187345	0.025985	0.0321897	0.0368928	0.0403138	0.0430184	0.0454773	0.0476756	0.04922	0.0499193	0.0500537	0.0500564	0.0501387	0.0501767	0.0499452	0.0495674	0.0494985	0.0499446	0.0506016	0.0509825	0.0508027	0.050122	0.0492836	0.0487272	0.0487623	0.0494038	0.0502874	0.0508171	0.050676	0.0501451	0.0497197	0.0495843	0.0495782	0.0495287	0.0494947	0.0496248	0.0499047	0.0501877	0.0503642	0.0504381	0.050498	0.0505844	0.0506301	0.0504964	0.0500306	0.0493703	0.0490787	0.0496041	0.0507149	0.0516868	0.0520682	0.0519936	0.0516754	0.0511264	0.0504522	0.0498998	0.049608	0.049545	0.0496008	0.0496417	0.0495589	0.0494023	0.0493704	0.0495599	0.0498653	0.0500433	0.04982	0.0491846	0.0485536	0.0484038	0.0487362	0.0490592	0.0489541	0.0485631	0.0484407	0.0488965	0.0496341	0.0501604	0.0502782	0.0500402	0.0495085	0.0487986	0.048298	0.0484129	0.0489793	0.0493663	0.0492062	0.0486992	0.0482398	0.0480033	0.0479239	0.0478796	0.0478286	0.0478452	0.0480339	0.0484217	0.0489648	0.0495743	0.0501355	0.0505784	0.0508299	0.0507122	0.0501263	0.049374	0.0490073	0.049262	0.0498971	0.050529	0.0508749	0.0507738	0.0501822	0.0492108	0.0480407	0.046643	0.0446805	0.0417522	0.0375766	0.0320601	0.0254092	0.0181968	0.0113795	0.00601959	0.00264412	0.000963325	
0.00105688	0.00297472	0.00682293	0.0127873	0.020045	0.0272192	0.0332327	0.0377009	0.0408519	0.0432583	0.0454091	0.0473434	0.0487623	0.0495002	0.0497586	0.0499023	0.0501205	0.0503061	0.0502932	0.0501549	0.0501169	0.0502644	0.0504839	0.0505528	0.0502864	0.0497232	0.0491184	0.0487644	0.0488391	0.0493395	0.0500423	0.0505448	0.0505806	0.0502905	0.0499679	0.049721	0.049535	0.0494444	0.0495197	0.0497281	0.049908	0.0499652	0.0499866	0.0500752	0.0501693	0.0501347	0.0500085	0.0499157	0.0497501	0.0494008	0.0491906	0.0495716	0.0504613	0.0512588	0.0515894	0.0516047	0.0514371	0.0510019	0.0504281	0.0500408	0.0499353	0.049977	0.0500489	0.0500653	0.0499214	0.0496376	0.0494467	0.0495552	0.0499008	0.0501809	0.050076	0.0495627	0.0490433	0.0490064	0.0494834	0.0499801	0.0500011	0.0495342	0.0490175	0.0488655	0.0490917	0.0494329	0.0496421	0.0495713	0.0491864	0.0486681	0.0484388	0.0487799	0.0493915	0.0496579	0.049328	0.0487306	0.0483416	0.0482679	0.0482659	0.0481498	0.0479705	0.0478696	0.0479465	0.0482651	0.0488736	0.0497322	0.0506623	0.0514172	0.0517264	0.051343	0.0502879	0.0490787	0.048418	0.0485513	0.0491901	0.0499489	0.0505384	0.0506987	0.0502526	0.0492492	0.0479116	0.0463406	0.0443563	0.0416467	0.0379006	0.0329139	0.026735	0.0197466	0.0127867	0.00700595	0.00317434	0.00118261	
0.00125167	0.00343756	0.00764625	0.0139256	0.0213465	0.0285779	0.0346366	0.0390844	0.0419914	0.0438954	0.045447	0.0468993	0.0480756	0.0488181	0.0492805	0.049737	0.0502279	0.0505701	0.050689	0.050686	0.0505891	0.0503546	0.0500623	0.0497901	0.0494746	0.0490932	0.0487759	0.0487003	0.0489453	0.0494326	0.0499784	0.0503518	0.0504378	0.050361	0.0502327	0.049975	0.0496098	0.0494115	0.0495809	0.0499293	0.0500791	0.0499521	0.0498316	0.0498909	0.0499127	0.0496619	0.0493577	0.0493923	0.0496529	0.0496996	0.0495514	0.0496755	0.0502121	0.0507479	0.0509893	0.051079	0.0510799	0.0508345	0.0504349	0.0501884	0.050165	0.0502269	0.0502904	0.0503006	0.050158	0.0498549	0.0495958	0.0496181	0.0499153	0.0502066	0.0501784	0.0498111	0.0494789	0.0496213	0.050246	0.0508752	0.0509955	0.0504487	0.0495083	0.0486798	0.0483457	0.0485398	0.0489716	0.0492519	0.0491948	0.0489541	0.0488946	0.0492148	0.0496781	0.0498646	0.0496113	0.0491426	0.0488172	0.048725	0.0486469	0.0484283	0.0481625	0.0480064	0.0480381	0.0483155	0.0489175	0.0498535	0.0509735	0.0519637	0.0523863	0.0518711	0.0504998	0.0489749	0.0481255	0.0482034	0.0488936	0.0498004	0.0505945	0.0509425	0.0506125	0.0496171	0.0481798	0.0465	0.0445498	0.0420894	0.0387425	0.0341596	0.0282525	0.0213076	0.0141184	0.00791212	0.00365077	0.00137405	
0.00144508	0.00387561	0.00838894	0.014913	0.0224538	0.0297506	0.0359108	0.0404222	0.0431578	0.0446027	0.0456138	0.0466906	0.0477151	0.0484701	0.0490872	0.0498015	0.0505111	0.0509265	0.0510212	0.0509496	0.0506766	0.0501315	0.0495265	0.0491005	0.0488151	0.0485482	0.0483508	0.0484186	0.0488395	0.0494411	0.0499667	0.0502892	0.0504698	0.0506562	0.0507811	0.0505551	0.0499878	0.0495688	0.0496789	0.0500761	0.0502221	0.0499999	0.0497857	0.0498131	0.0498132	0.0494919	0.0491328	0.04928	0.0498596	0.0502247	0.0501234	0.0499809	0.0501164	0.0503023	0.050324	0.0503317	0.0503973	0.0503645	0.0502487	0.0502233	0.0502856	0.0503336	0.0503636	0.0503709	0.0502694	0.0500305	0.0497943	0.0497501	0.0499226	0.0500968	0.0500138	0.0496993	0.0495198	0.0498268	0.0505401	0.0511785	0.0512781	0.0506578	0.049486	0.0482658	0.0475729	0.0476649	0.0483171	0.0490364	0.0494589	0.0495526	0.049525	0.0495706	0.0496867	0.0497563	0.0496898	0.0494814	0.0492219	0.0489857	0.0487354	0.0484384	0.0481706	0.048031	0.0480646	0.0483088	0.0488196	0.0496224	0.0506588	0.0516982	0.0522696	0.0518871	0.0505646	0.0490237	0.0481355	0.048193	0.0489197	0.0499108	0.0507724	0.0511447	0.0508503	0.0499453	0.048636	0.0471067	0.0453527	0.0431523	0.0400829	0.035683	0.029778	0.0226586	0.0151691	0.00860615	0.00402599	0.00153716	
0.00163502	0.00425956	0.00898333	0.0156424	0.0232171	0.0305165	0.0367225	0.0412974	0.0439998	0.0452636	0.0460613	0.0470322	0.0480397	0.0487739	0.0493629	0.0500777	0.0507902	0.051151	0.0511003	0.0508131	0.0503344	0.0496912	0.0491307	0.0488359	0.0486526	0.048355	0.048021	0.048004	0.0484903	0.0492278	0.0498514	0.0502946	0.0507295	0.0512251	0.0515146	0.0512173	0.0504303	0.0497905	0.049743	0.0500314	0.050089	0.0497736	0.0494764	0.0495175	0.0496857	0.0495866	0.049344	0.0495126	0.0501777	0.0507111	0.0506666	0.0503362	0.0501286	0.0499751	0.049723	0.0495355	0.049551	0.0496833	0.0498897	0.0501701	0.0503952	0.0504728	0.0504752	0.0504384	0.050291	0.0500389	0.0498276	0.0497993	0.0499444	0.0500498	0.0498887	0.0495432	0.0493774	0.0496472	0.0502076	0.0506413	0.0506239	0.0500588	0.0490431	0.0479191	0.04719	0.0472124	0.0479477	0.0489827	0.0498238	0.050199	0.0501391	0.0498576	0.0495862	0.0494849	0.0495523	0.0495916	0.0494105	0.0490335	0.0486389	0.0483603	0.048211	0.0481449	0.0481415	0.0482441	0.0485131	0.0489957	0.0497426	0.0506818	0.0514186	0.0513916	0.0504456	0.0491366	0.0482716	0.0482236	0.0488334	0.0497274	0.0504977	0.0508211	0.0505965	0.0499242	0.0489717	0.0478135	0.0463669	0.0444255	0.0415798	0.0372805	0.0312599	0.0238493	0.0160221	0.00916552	0.0043582	0.00170765	
0.00182164	0.00458202	0.00942387	0.0161286	0.0236803	0.0309397	0.0371406	0.0417793	0.0445934	0.0459414	0.046766	0.0477459	0.0487579	0.0494522	0.0499192	0.0504349	0.0509339	0.0511102	0.0508624	0.0503571	0.0497617	0.0492276	0.0489647	0.0489799	0.0489383	0.0485504	0.0479952	0.0477842	0.0481779	0.048908	0.049603	0.0502513	0.0509978	0.0517009	0.0519301	0.0514052	0.0504456	0.0497529	0.0496417	0.0497636	0.0496179	0.0491471	0.0487901	0.0489584	0.0494923	0.0498327	0.049819	0.049922	0.0504259	0.0508798	0.0507701	0.0502663	0.0498286	0.0495121	0.0491665	0.0488849	0.0488259	0.0490018	0.0494022	0.0499483	0.0504149	0.05066	0.0507154	0.050576	0.0502128	0.0497753	0.0495192	0.0495758	0.049865	0.0501129	0.0500563	0.049752	0.0495	0.0494803	0.0496055	0.049661	0.0495212	0.0491836	0.0486576	0.0480113	0.0474954	0.0474659	0.0481079	0.0491902	0.0501767	0.0506329	0.0504851	0.0499704	0.049454	0.0492476	0.0494082	0.0496492	0.0495959	0.049201	0.0487821	0.0486159	0.0486556	0.0486856	0.0486018	0.0484704	0.0483943	0.0484672	0.0488429	0.0495982	0.0504299	0.0507414	0.0502224	0.0492113	0.0483738	0.0481212	0.0484212	0.0490084	0.0495901	0.0499331	0.0499223	0.0495972	0.0490569	0.048271	0.0470977	0.0453949	0.0428124	0.0387129	0.032689	0.0250626	0.0169247	0.00977314	0.00472672	0.00189953	
0.00200213	0.00487288	0.00981348	0.0165658	0.0240931	0.0312605	0.0373579	0.0420044	0.0449992	0.0465741	0.0474885	0.0484041	0.0493366	0.0500228	0.0504611	0.0507908	0.0509804	0.0508667	0.0504098	0.0497883	0.0492208	0.0488861	0.0489285	0.0492258	0.0493325	0.0489534	0.0483419	0.0480237	0.0482208	0.0487237	0.0493034	0.0500144	0.0508917	0.0515951	0.0516304	0.050877	0.0498588	0.0492867	0.0492723	0.0493095	0.0489758	0.0483902	0.048087	0.0485049	0.0494662	0.0502793	0.0505429	0.0505575	0.0506811	0.0506908	0.0502166	0.0494514	0.0488958	0.0486624	0.0485311	0.0484056	0.04834	0.0484311	0.048818	0.0494987	0.0502348	0.0507743	0.0509649	0.0507005	0.0500571	0.0493755	0.0490071	0.0490867	0.0495408	0.0500919	0.0503809	0.0502909	0.0499743	0.0495973	0.0492542	0.0489781	0.0487741	0.0486833	0.04868	0.0486067	0.0484077	0.048333	0.0487267	0.0495701	0.0504001	0.0507362	0.0504508	0.0497817	0.049154	0.0489302	0.0491748	0.0495858	0.0497342	0.0495052	0.0492278	0.049235	0.0494492	0.0495642	0.0494464	0.0491795	0.0488602	0.0485861	0.048595	0.049093	0.0498461	0.0502545	0.0499546	0.0491522	0.048349	0.04789	0.0478103	0.0480187	0.0484429	0.0489435	0.0492882	0.0493499	0.049138	0.048576	0.04753	0.0459497	0.0435667	0.0397046	0.0338336	0.0261864	0.0178574	0.0104224	0.00509886	0.00207089	
0.00216986	0.00517174	0.0102736	0.0171507	0.0246659	0.0316291	0.0374299	0.0419442	0.0451382	0.0470708	0.0481531	0.0489409	0.0496756	0.0503181	0.0508074	0.0510657	0.0509999	0.0505928	0.0499654	0.0493552	0.0489382	0.0487935	0.0489883	0.049384	0.0495626	0.0492851	0.0488145	0.048545	0.0485614	0.048731	0.0490245	0.0495617	0.0503043	0.050868	0.0507823	0.0499691	0.0489976	0.0485783	0.048724	0.0488237	0.0484922	0.0479715	0.0478298	0.0484633	0.049703	0.0508748	0.0514339	0.0514083	0.0510514	0.050365	0.0493204	0.0482891	0.0477776	0.0478556	0.0481801	0.0483959	0.0483526	0.048215	0.0483665	0.0489897	0.0498755	0.0506478	0.0509613	0.0506492	0.0498967	0.0491127	0.0486041	0.0485281	0.0489825	0.0498233	0.0505694	0.0508103	0.0505202	0.0499367	0.0493701	0.0489904	0.0487825	0.0487959	0.0490976	0.0494707	0.0495822	0.0494604	0.0494896	0.0498763	0.0503617	0.0505184	0.0501383	0.049372	0.0486445	0.0483576	0.0486012	0.0491128	0.0494893	0.0495623	0.0495735	0.0498122	0.0501846	0.0503965	0.0503753	0.0502166	0.0499127	0.0494614	0.0491432	0.0492912	0.0497504	0.0499719	0.0496561	0.0489761	0.0482561	0.0476811	0.0473174	0.0472777	0.0476906	0.048443	0.0491545	0.0495375	0.0495344	0.0490619	0.0479917	0.0463097	0.0438363	0.0399903	0.0342493	0.0267362	0.0184199	0.0108539	0.00534173	0.00216734	
0.00231121	0.0054577	0.0107581	0.0177916	0.0252714	0.0319273	0.0372844	0.0415577	0.0449572	0.0473745	0.0487824	0.0495153	0.0499941	0.0504627	0.0509369	0.0512135	0.0510721	0.0505187	0.0498141	0.0492822	0.0490342	0.0490146	0.0492115	0.049509	0.0496009	0.0493784	0.049104	0.0489802	0.0489061	0.0487929	0.0487817	0.0490461	0.049536	0.0499464	0.0498678	0.0491496	0.0482687	0.0479349	0.0482067	0.048492	0.048396	0.0481141	0.0481094	0.0487351	0.0499666	0.0513048	0.0521315	0.0521735	0.0514944	0.0502581	0.0487928	0.0476799	0.0473866	0.0478712	0.0486704	0.049201	0.049101	0.0485868	0.0483002	0.0486284	0.0494048	0.0501868	0.0505553	0.0503477	0.0497599	0.0490758	0.0484397	0.048062	0.0483268	0.0493217	0.0504723	0.0510531	0.0508725	0.0502784	0.0497424	0.0494439	0.0492784	0.0492991	0.0497082	0.0503398	0.0506728	0.0504739	0.0500753	0.0499081	0.0500005	0.0500296	0.0496784	0.0489258	0.0481144	0.0476799	0.0477982	0.0482934	0.0488161	0.0491671	0.049489	0.0499936	0.0505688	0.0509643	0.0511879	0.051335	0.0512548	0.0507897	0.0502068	0.0499343	0.0499236	0.0497666	0.0493207	0.0487643	0.0482115	0.0476481	0.0471874	0.0471298	0.0476831	0.0486667	0.0495993	0.0501343	0.0502068	0.0497333	0.0485387	0.0465523	0.0436639	0.039507	0.0337205	0.0263839	0.0182947	0.0108671	0.00538243	0.00218642	
0.00240344	0.00563692	0.0110355	0.0181069	0.0254805	0.0318541	0.0368538	0.0409317	0.0444918	0.0473465	0.0491413	0.0499569	0.0502584	0.050513	0.0509199	0.0513031	0.051314	0.0508311	0.0501299	0.0496007	0.0493605	0.0493303	0.0494607	0.049604	0.0495281	0.0492825	0.0491602	0.0491932	0.0491124	0.0488431	0.0486354	0.0486894	0.0489517	0.0492181	0.0491739	0.0486058	0.0478502	0.0475674	0.0479062	0.0483852	0.0485966	0.0485776	0.0486037	0.0490096	0.049997	0.0513105	0.0523321	0.0525847	0.0519533	0.0506214	0.0491023	0.0480966	0.0480058	0.0486995	0.0496953	0.0503371	0.0501317	0.0492686	0.04851	0.048398	0.0488643	0.0495091	0.0499269	0.0499385	0.0496486	0.049164	0.0484813	0.04785	0.0478779	0.0488676	0.0502328	0.0510358	0.0509607	0.0504317	0.0499966	0.0498066	0.0497212	0.0497956	0.0502671	0.0510098	0.0514371	0.0511258	0.0503173	0.0496293	0.0493779	0.0493573	0.0491632	0.0485979	0.0478477	0.0473108	0.0472494	0.047605	0.04811	0.0485847	0.0491262	0.0498821	0.050703	0.0513388	0.0518229	0.052249	0.0523941	0.0519989	0.0512679	0.0506344	0.05015	0.0495991	0.0490028	0.0485263	0.0481097	0.04762	0.0472463	0.047381	0.0481614	0.0492938	0.0502797	0.0508096	0.0508406	0.0502838	0.0489154	0.0465897	0.0432252	0.0386529	0.0327089	0.0255079	0.0177292	0.0106074	0.0053069	0.00217888	
0.00242874	0.00564142	0.0109471	0.0178516	0.0250522	0.031316	0.0362707	0.0403414	0.0439535	0.0469653	0.0489676	0.0499006	0.0501795	0.0503621	0.0507821	0.0513446	0.051646	0.051407	0.0507775	0.0501143	0.0496183	0.049374	0.0493975	0.0494605	0.0492939	0.0490283	0.0489916	0.0491416	0.0491457	0.0489258	0.048719	0.0486769	0.0487414	0.0488162	0.0487293	0.0482941	0.0477243	0.0475475	0.0479238	0.0484805	0.048841	0.0489403	0.0489086	0.04905	0.0497343	0.0509246	0.0520783	0.0526397	0.0523429	0.0512673	0.0499383	0.049062	0.04896	0.0494847	0.0502837	0.050832	0.0506141	0.0496696	0.0486593	0.0481972	0.0483844	0.0489376	0.0494557	0.0496802	0.0496233	0.0493331	0.0487667	0.048134	0.0480437	0.0488775	0.0501378	0.0508908	0.0507942	0.050293	0.0499279	0.0498041	0.0497882	0.0499451	0.0504749	0.0512595	0.0517299	0.0513538	0.0502573	0.0491719	0.0486721	0.0486851	0.0487525	0.0485277	0.0480226	0.047523	0.0473121	0.0474467	0.0477936	0.0482684	0.0489634	0.0499316	0.0509282	0.051662	0.0521827	0.0526358	0.0528459	0.0525403	0.0518282	0.0510644	0.050359	0.0496249	0.0489148	0.0483339	0.0478155	0.0473272	0.047146	0.047579	0.0485698	0.0497476	0.0506916	0.0511658	0.0511178	0.0504376	0.0489166	0.0464104	0.0428362	0.0380821	0.0320618	0.0249278	0.017334	0.0104219	0.0052624	0.00218832	
0.00239178	0.00551508	0.0106234	0.0172706	0.0243255	0.0306918	0.0359084	0.0401444	0.0436849	0.0465108	0.0484022	0.0493432	0.0496984	0.0499718	0.0504662	0.051133	0.051656	0.0517283	0.051303	0.0505458	0.049708	0.0491253	0.0489797	0.0490036	0.0488322	0.0485645	0.0485372	0.048748	0.0489282	0.0489773	0.0489801	0.048955	0.0488575	0.0487127	0.0484943	0.0481155	0.047751	0.0477668	0.0482129	0.0487405	0.0490433	0.0490867	0.0489602	0.0489056	0.0493355	0.0503665	0.0515754	0.0523925	0.0524287	0.051651	0.0505433	0.0497486	0.0494955	0.0496602	0.0500821	0.0504647	0.0503519	0.0495967	0.0486406	0.0480874	0.0481772	0.0487163	0.0492935	0.0496081	0.0496667	0.0495704	0.0493002	0.0489364	0.0488691	0.0494122	0.0502475	0.0506707	0.0504226	0.0499241	0.0496469	0.0495972	0.049598	0.0497437	0.0502604	0.0510564	0.0515807	0.0512225	0.049997	0.0486926	0.0480884	0.0482216	0.0485694	0.0486749	0.0484587	0.0481123	0.0478646	0.0478258	0.0480143	0.0484875	0.0493248	0.0504148	0.051373	0.0519013	0.052143	0.0523711	0.0525131	0.0523089	0.0517669	0.0511501	0.0505855	0.0499803	0.049244	0.0483964	0.047555	0.0469768	0.0469842	0.0476379	0.0486551	0.0497006	0.0505252	0.0509503	0.0508471	0.0500693	0.0484906	0.0460516	0.0426523	0.0380897	0.0321849	0.0250619	0.0174251	0.0104756	0.00529597	0.00220725	
0.00231261	0.00536275	0.0103494	0.0168715	0.0239242	0.0305054	0.0360483	0.0404528	0.0438411	0.0463096	0.0478951	0.0487385	0.0491753	0.0495456	0.0499994	0.0505299	0.0510411	0.0513542	0.0512716	0.0506912	0.0497712	0.0489771	0.0486566	0.0485986	0.0483975	0.0480906	0.0480009	0.0481957	0.0485055	0.0488216	0.0490805	0.0491652	0.0490312	0.0487744	0.0484439	0.0480549	0.0478369	0.0480634	0.0486312	0.0491306	0.0493157	0.0492551	0.0490693	0.0489158	0.0491411	0.0499484	0.0510551	0.0519168	0.0520807	0.0514789	0.050566	0.0498887	0.0495802	0.049527	0.0496826	0.0499165	0.0498806	0.0493564	0.0486112	0.0481575	0.0482392	0.0486859	0.0491467	0.0494223	0.0495833	0.0497452	0.049856	0.0498277	0.0497892	0.0499677	0.0502832	0.0503476	0.0499898	0.0495495	0.0494155	0.0494907	0.0495071	0.0495848	0.0500314	0.0507765	0.0512532	0.0508429	0.0495641	0.0482519	0.0477465	0.048052	0.0485472	0.0487679	0.0487174	0.0485884	0.0484901	0.0484633	0.0486169	0.0491322	0.0500527	0.0510982	0.0517883	0.0518914	0.0517009	0.0516306	0.0516907	0.051619	0.0513424	0.0510427	0.0508208	0.0504996	0.0498133	0.0487486	0.0476604	0.0470441	0.0471526	0.0477694	0.048498	0.0491876	0.0498171	0.0502095	0.0500937	0.0492904	0.0477847	0.0456053	0.0426084	0.0384415	0.0327618	0.0256254	0.017815	0.0106727	0.0053635	0.00221361	
0.00221054	0.00524108	0.0102609	0.0168864	0.0240988	0.0308696	0.0365734	0.041011	0.0442495	0.0464529	0.0478187	0.0486054	0.0490836	0.0493943	0.0495826	0.0497654	0.0500755	0.0504668	0.0507032	0.0505256	0.0499103	0.0492211	0.0488438	0.0486731	0.0483733	0.047989	0.0478183	0.047918	0.0481439	0.048441	0.0487775	0.048999	0.0489998	0.0488361	0.0485435	0.0481777	0.0480387	0.048408	0.0490975	0.0496126	0.04972	0.049587	0.0494079	0.0492757	0.0493998	0.0499708	0.0508228	0.0514882	0.0515519	0.0510052	0.0502877	0.0498286	0.0496689	0.0496671	0.0497542	0.0498295	0.0496822	0.0492064	0.0486183	0.0482747	0.0482949	0.0485111	0.0487345	0.0489643	0.0493148	0.0497839	0.0501813	0.0502992	0.0501546	0.0499867	0.0499393	0.0498581	0.0495738	0.0492909	0.0493256	0.0495528	0.0496669	0.0497848	0.0502085	0.0508107	0.0510306	0.0503967	0.0490906	0.047972	0.0477344	0.0481791	0.0486072	0.0486837	0.0486291	0.0487075	0.0488729	0.0489955	0.0491866	0.049706	0.0505867	0.0514768	0.0518771	0.0516093	0.0510542	0.0507288	0.0507304	0.0508245	0.0508682	0.0509162	0.0509782	0.0508253	0.050179	0.0491132	0.0481006	0.0476057	0.0476818	0.0479612	0.0481491	0.0483864	0.0488468	0.0492744	0.0492207	0.048489	0.0471624	0.0452923	0.0426559	0.0387996	0.0332985	0.0261739	0.0182433	0.0109265	0.00546492	0.00222687	
0.00210063	0.00512845	0.0102473	0.0170841	0.0245219	0.0314199	0.0371343	0.0415128	0.0446797	0.0468439	0.0482375	0.0491047	0.0495744	0.049633	0.0493932	0.0492012	0.0493056	0.0496432	0.0500086	0.0501975	0.050073	0.0497494	0.0494753	0.0492171	0.0487984	0.0483571	0.0481535	0.0481335	0.0480964	0.0480881	0.0482683	0.0485568	0.0487556	0.0488036	0.0486758	0.0484132	0.0483458	0.048804	0.0495855	0.050125	0.0501676	0.0499523	0.0497838	0.0497718	0.0499774	0.0504449	0.0510249	0.0513632	0.0511845	0.0506064	0.0500649	0.0498709	0.0499837	0.0502074	0.0503506	0.0502313	0.0497779	0.0491307	0.0485707	0.0482916	0.0482366	0.0482438	0.0483028	0.0485695	0.0491275	0.0497966	0.0502393	0.0502408	0.0498802	0.0494644	0.049253	0.0492016	0.0491201	0.0490871	0.0493202	0.049703	0.0499919	0.0502829	0.0507383	0.0511283	0.0510028	0.0501534	0.0489338	0.0481242	0.0481509	0.0486067	0.0488183	0.0486333	0.048449	0.0485789	0.04887	0.0490602	0.0492278	0.0496653	0.0504506	0.0512689	0.051611	0.0512385	0.0505	0.0499805	0.0499189	0.0501727	0.0505262	0.0508352	0.0509646	0.0507241	0.0500455	0.0491985	0.048586	0.0483483	0.0482721	0.0480416	0.0476693	0.047589	0.0480391	0.0486011	0.0486558	0.0480121	0.0468429	0.0451922	0.0427506	0.0390247	0.0336157	0.0265606	0.0186361	0.0112245	0.00561555	0.00226687	
0.00198649	0.00496843	0.0101084	0.0170704	0.0246793	0.0317019	0.0374659	0.0418509	0.045048	0.0473247	0.0488992	0.0499094	0.0503214	0.0500568	0.0494046	0.0489461	0.0489421	0.0492086	0.0495699	0.0499744	0.0502796	0.0503604	0.0502481	0.0499427	0.0494633	0.0490479	0.048869	0.0487405	0.0484352	0.0481011	0.0480538	0.0482893	0.0485557	0.0487049	0.0486765	0.0485124	0.0485548	0.0491315	0.0499941	0.0505396	0.0505227	0.0502128	0.0499964	0.0500817	0.0504623	0.0509727	0.0513693	0.0513996	0.050968	0.0503245	0.0499037	0.0499324	0.0503186	0.0508076	0.0510578	0.0507742	0.0499975	0.0491242	0.0485442	0.0483286	0.0482734	0.0482225	0.0482691	0.0485959	0.0492018	0.0498146	0.0500863	0.0498902	0.0493878	0.0488768	0.0486051	0.0485945	0.0487206	0.0489988	0.0494806	0.0500044	0.0504387	0.0508791	0.051324	0.0515063	0.051179	0.0503474	0.0493666	0.0488189	0.0489214	0.0492348	0.0492243	0.0488525	0.0485052	0.0484476	0.0485413	0.0485752	0.0486237	0.0489473	0.0496705	0.0505566	0.0510721	0.0508646	0.0501838	0.0496196	0.0495335	0.0498912	0.0504199	0.0507925	0.0507569	0.0502385	0.0494898	0.0489922	0.0489499	0.0490373	0.0487883	0.0480892	0.0473474	0.0471927	0.047775	0.0484755	0.0485534	0.0478528	0.0466618	0.0450716	0.0427191	0.0390588	0.0337066	0.0267217	0.0188364	0.011382	0.00568417	0.00227327	
0.00185022	0.00470925	0.00972412	0.0166293	0.0242896	0.03146	0.0374142	0.0419582	0.0452726	0.0476862	0.0494105	0.0504796	0.0507959	0.0503335	0.0494872	0.0489087	0.0488612	0.0491368	0.0495681	0.0501427	0.0507045	0.0510002	0.0509363	0.05059	0.0501756	0.0499345	0.0498346	0.0495933	0.0491058	0.0486366	0.0484774	0.0485634	0.0486371	0.0485938	0.0484426	0.0482998	0.0485113	0.049278	0.0502142	0.0507418	0.0507073	0.0503458	0.0500112	0.0500392	0.0504998	0.0510863	0.0514057	0.0512423	0.0506426	0.049949	0.0495939	0.049767	0.050354	0.0510534	0.0514319	0.0511306	0.0502365	0.0492712	0.0486868	0.0485102	0.0484934	0.0484949	0.0486038	0.0489098	0.0493339	0.0496791	0.0497611	0.049543	0.0491353	0.0486998	0.0484133	0.0483889	0.0486521	0.0492018	0.0498933	0.0504772	0.0509218	0.051351	0.0517078	0.0518038	0.0515503	0.0509694	0.050245	0.0497559	0.0496842	0.049759	0.0496358	0.0492821	0.048891	0.0485748	0.048292	0.0480341	0.0479115	0.048096	0.0487101	0.0495966	0.0502663	0.0503449	0.049982	0.0496464	0.0496821	0.0501018	0.0506191	0.0508434	0.050514	0.0496985	0.048906	0.0487477	0.0492266	0.049629	0.0493117	0.0483725	0.047525	0.0474434	0.0481107	0.048791	0.048743	0.0478558	0.0464888	0.0448058	0.0424517	0.0388153	0.0334509	0.0264169	0.0184922	0.0110577	0.00544719	0.00214465	
0.00167238	0.00433538	0.00910434	0.0158084	0.0234144	0.0307159	0.0369288	0.041737	0.0452446	0.047794	0.0495721	0.0505523	0.0507453	0.0503063	0.0495748	0.0490198	0.0489356	0.0492877	0.0499212	0.0506781	0.051306	0.0515381	0.0513149	0.050878	0.0506324	0.0507239	0.0508047	0.0505032	0.0499463	0.0495348	0.0493878	0.0492458	0.0488919	0.04841	0.0479938	0.0478716	0.0483282	0.0493197	0.0502893	0.0507572	0.050712	0.0503132	0.0498101	0.0496586	0.0500906	0.0507417	0.0510551	0.050787	0.0500825	0.0493522	0.0490271	0.049269	0.0499325	0.0507134	0.0512239	0.0511268	0.0504343	0.0495621	0.048944	0.0486925	0.0486654	0.0487423	0.0489094	0.0491073	0.049235	0.049295	0.0493405	0.0493554	0.0492708	0.0490509	0.0487954	0.0487129	0.0489785	0.0495937	0.0502985	0.0508091	0.051132	0.0514041	0.0516595	0.0518757	0.0519614	0.0517293	0.0511377	0.0504751	0.0500507	0.04986	0.0497397	0.0495987	0.0493765	0.0489939	0.0484852	0.0480329	0.0477832	0.0478067	0.0481764	0.0488152	0.0494035	0.0496917	0.0497498	0.0498237	0.0501103	0.050597	0.0510151	0.0510156	0.0504111	0.0493891	0.0485926	0.0486656	0.0494818	0.0501324	0.0499016	0.0490029	0.0482531	0.0482215	0.0487432	0.0491595	0.0489185	0.0479338	0.046452	0.0445974	0.0420724	0.038279	0.0327173	0.0254588	0.0174276	0.0101346	0.00484993	0.00186312	
0.00146574	0.00389343	0.00836423	0.0148185	0.0223331	0.0297278	0.0361704	0.0412662	0.0450284	0.0477305	0.0494927	0.0502808	0.0503309	0.0500487	0.0496282	0.0492079	0.0490861	0.0494675	0.0502343	0.051058	0.0515956	0.0516235	0.0511622	0.0506063	0.0505168	0.0509557	0.0513121	0.0511315	0.0506928	0.0504362	0.0502731	0.0498106	0.0489768	0.0480982	0.04753	0.0475338	0.0482467	0.0493852	0.0503073	0.0506558	0.050527	0.0500424	0.0494092	0.0491622	0.0496132	0.0503248	0.0506026	0.0502056	0.0494029	0.0486689	0.04839	0.0486402	0.0492155	0.0498869	0.0504728	0.0507476	0.0505289	0.0498922	0.0491689	0.0486835	0.0485395	0.0486571	0.0488803	0.0489986	0.0489091	0.0488006	0.0489217	0.049243	0.0495238	0.0495671	0.049395	0.0492526	0.0493924	0.0498345	0.0503499	0.0507155	0.050896	0.0509814	0.0511714	0.0516307	0.0521472	0.0522257	0.0516459	0.050727	0.0499566	0.049553	0.0494804	0.0495921	0.0496367	0.0493983	0.0489489	0.0485656	0.0483803	0.0483435	0.0484381	0.0486677	0.0489639	0.0492742	0.0496054	0.049982	0.0504443	0.0509469	0.051265	0.0511099	0.050338	0.0492044	0.0484342	0.0486715	0.0497028	0.0505515	0.0505064	0.0498043	0.0492009	0.049093	0.0492386	0.0492131	0.0487931	0.0478963	0.0464783	0.0444807	0.0416703	0.0375432	0.031617	0.0240395	0.0159283	0.008907	0.00409822	0.00152744	
0.00126747	0.00346068	0.00763659	0.0138533	0.0212841	0.0287428	0.0353585	0.0407138	0.0447357	0.0475691	0.0492695	0.0498555	0.0497783	0.0496482	0.049556	0.0493567	0.0492511	0.0495328	0.0501426	0.0507618	0.0511018	0.051002	0.0504832	0.0499326	0.0499306	0.0505308	0.051109	0.0512302	0.0511267	0.0510434	0.0507211	0.0498783	0.0487339	0.0477672	0.0473018	0.0474897	0.0483192	0.0494255	0.0502286	0.0504525	0.0502075	0.0496403	0.0490194	0.0488845	0.0494604	0.0501859	0.050317	0.0497343	0.048886	0.0482632	0.0481024	0.0483139	0.0486402	0.0489946	0.0494947	0.0501019	0.0504211	0.0500766	0.0492212	0.0484135	0.0480588	0.0481705	0.0484989	0.0486988	0.0486014	0.0484492	0.0485983	0.0490506	0.0495202	0.0497499	0.0496912	0.0495445	0.0495533	0.0497662	0.0500737	0.0503499	0.0504752	0.0504474	0.050572	0.0511416	0.05187	0.0520895	0.0515125	0.0505107	0.0496458	0.0491926	0.0491607	0.0494056	0.0496202	0.0495538	0.0493134	0.0492023	0.0492805	0.049345	0.0492723	0.0491473	0.0491398	0.0493596	0.0497537	0.0501811	0.0505816	0.0509367	0.0511295	0.0509249	0.0501374	0.0490089	0.0483143	0.0486928	0.049866	0.0508473	0.0509636	0.0504251	0.0498706	0.0495694	0.049285	0.0488307	0.0482687	0.0475008	0.0461923	0.044115	0.0410926	0.0366828	0.0304268	0.0225966	0.0145	0.00780666	0.00345984	0.00125684	
0.00109901	0.00307759	0.00697753	0.0129695	0.0203132	0.0278034	0.0345269	0.0400601	0.0442617	0.0471622	0.0488004	0.0492817	0.0491736	0.04918	0.0493802	0.0494793	0.0494781	0.0495648	0.0497617	0.049956	0.0500461	0.0499545	0.0496506	0.0493402	0.0494089	0.0499158	0.0504901	0.0509001	0.0512129	0.0512851	0.0507326	0.0495825	0.0483929	0.0476361	0.0474175	0.0477117	0.0484465	0.0493517	0.0500122	0.0501923	0.0499375	0.0494106	0.0489505	0.0490454	0.0497602	0.0504301	0.0503654	0.0496415	0.0488646	0.0484618	0.048453	0.0485816	0.0485688	0.0484715	0.0486796	0.0493544	0.0499811	0.0498455	0.0489313	0.0479202	0.0474176	0.0475377	0.0480195	0.0484353	0.0485075	0.0484041	0.0484897	0.0488383	0.0492544	0.0495351	0.049586	0.0494936	0.0494313	0.0494919	0.0496967	0.0499819	0.0501512	0.0501115	0.0501313	0.0505091	0.0510414	0.051186	0.0507182	0.0499675	0.049368	0.0490698	0.049064	0.0492864	0.049521	0.0495635	0.0495219	0.0496749	0.05002	0.0502441	0.0501451	0.0498535	0.0496761	0.0498085	0.0501557	0.050473	0.050642	0.0507142	0.0507365	0.0505603	0.0499425	0.0490256	0.0484999	0.0489331	0.0500537	0.0509822	0.0511172	0.0506048	0.0499733	0.0494659	0.0489118	0.0482308	0.047577	0.0468193	0.045492	0.0433267	0.0401931	0.0356384	0.0292069	0.0212975	0.0133495	0.00700156	0.00303025	0.00108956	
0.000952753	0.00273183	0.00636113	0.0121192	0.0193597	0.0268586	0.033632	0.0392314	0.0434956	0.0464158	0.048059	0.0486062	0.0486363	0.0488361	0.0493089	0.0497055	0.0498227	0.0497099	0.0495062	0.0493342	0.0492417	0.0492198	0.0492283	0.0492603	0.049383	0.049616	0.049945	0.0504563	0.0510804	0.0512978	0.0506426	0.0494223	0.0484011	0.0479461	0.0479394	0.0482182	0.048708	0.049288	0.0497459	0.0499211	0.0497952	0.0494726	0.0492736	0.0496073	0.0504113	0.0509967	0.0507987	0.0500477	0.0493932	0.0491652	0.049238	0.0492578	0.0489298	0.0483954	0.0482073	0.0486492	0.0492138	0.0491418	0.0483712	0.0475182	0.0471298	0.0473231	0.0478905	0.0484471	0.0486847	0.0486603	0.0486525	0.0487844	0.0490194	0.0492881	0.0494589	0.0494367	0.0492892	0.049203	0.0493437	0.0496607	0.0498942	0.0498936	0.049799	0.0498074	0.049894	0.0498605	0.0496211	0.0493448	0.0492043	0.0491711	0.0491978	0.0493155	0.0494822	0.0495914	0.0496865	0.049958	0.0504142	0.0507663	0.0507714	0.0505077	0.0502756	0.0502984	0.0505082	0.0506622	0.0506217	0.0504695	0.0503689	0.0502867	0.0499965	0.0495051	0.0492439	0.0496004	0.0503999	0.0510192	0.0509814	0.0503665	0.0496291	0.0490497	0.0484997	0.0478326	0.0471213	0.046237	0.0447444	0.0423837	0.0390276	0.0342544	0.0277005	0.0198814	0.0122529	0.00632425	0.00270599	0.000973724	
0.000815604	0.00239693	0.00573507	0.0112186	0.0183249	0.0258293	0.0326457	0.0382712	0.0425648	0.0455407	0.0473027	0.0480713	0.0483675	0.048783	0.0494286	0.0499711	0.0501215	0.0498907	0.0495311	0.049276	0.0491726	0.0492125	0.0493948	0.0496109	0.0496903	0.0496125	0.0496388	0.0501004	0.050862	0.051225	0.050719	0.0497371	0.0490085	0.0487913	0.0488945	0.0490868	0.0492557	0.0493884	0.0494999	0.049589	0.0496202	0.0495857	0.0496992	0.0502568	0.0510974	0.0515761	0.0512981	0.0505769	0.0499976	0.0498175	0.0498876	0.0498232	0.0493054	0.0485099	0.0480218	0.0481157	0.048391	0.0483406	0.0479825	0.0476756	0.0476421	0.0479011	0.0483724	0.0488512	0.0490965	0.0490736	0.0489481	0.0488703	0.0489622	0.0492822	0.0496259	0.0496673	0.0493685	0.0490685	0.0490978	0.0493858	0.0496123	0.0496185	0.0494504	0.0491907	0.0489454	0.0488178	0.0488262	0.0489567	0.0491731	0.0493629	0.0494376	0.0494443	0.0494983	0.0496297	0.0497961	0.0500483	0.0504521	0.0508598	0.051022	0.050879	0.0506138	0.0504487	0.0504315	0.0504457	0.0503788	0.0502603	0.0502285	0.0503199	0.050397	0.0503776	0.0503879	0.0505883	0.0509215	0.0510645	0.0507079	0.0499337	0.0491752	0.0487145	0.0483687	0.0478408	0.0470929	0.0460456	0.0443277	0.0416093	0.0377363	0.0324819	0.0257407	0.0181201	0.0109644	0.00556585	0.00235144	0.000841679	
0.000684352	0.00205525	0.00505006	0.0101654	0.0170458	0.0245226	0.0314225	0.0371679	0.0416294	0.0448275	0.046848	0.0478992	0.0484298	0.0489335	0.0495394	0.0500146	0.0501265	0.0499094	0.0496319	0.0494965	0.0494815	0.0495423	0.0497077	0.0498807	0.0498403	0.0495755	0.0494395	0.0497965	0.0505003	0.0509474	0.0507845	0.0502967	0.0499478	0.0498923	0.0500147	0.0500916	0.0499323	0.0495755	0.0492644	0.0491887	0.0493138	0.0495191	0.0498936	0.0506025	0.0513962	0.0517003	0.0512964	0.0505645	0.0500256	0.0498945	0.0500064	0.049949	0.0494246	0.0486461	0.0481048	0.0479423	0.0479186	0.0479237	0.0480889	0.0484191	0.0487286	0.0489581	0.0492207	0.0495033	0.0496085	0.0494458	0.0491488	0.0489182	0.0489731	0.0494208	0.0499579	0.050055	0.0496027	0.0490898	0.0489767	0.0491618	0.0492965	0.0492705	0.0491264	0.048877	0.0486306	0.0485781	0.0487512	0.0490339	0.0493392	0.0495889	0.0496655	0.0495638	0.049492	0.0496134	0.0498187	0.0499956	0.0502406	0.0505756	0.0507932	0.0507094	0.0503749	0.0500115	0.0498143	0.0498235	0.0499485	0.0501054	0.0503071	0.0505974	0.0509545	0.0512848	0.051482	0.051518	0.0514297	0.051134	0.0504768	0.0495919	0.048898	0.0485978	0.0484172	0.0479993	0.0472729	0.0461607	0.0442493	0.0410674	0.0364655	0.0305443	0.0235528	0.016162	0.00953679	0.00472029	0.00194697	0.000682029	
0.000555627	0.0016929	0.00427387	0.00889166	0.0153985	0.0227631	0.0297802	0.0357969	0.0406577	0.0443136	0.0467295	0.0480442	0.0486701	0.0490774	0.0494678	0.0497643	0.0498431	0.0497275	0.0495908	0.0495627	0.0496147	0.0496823	0.0497658	0.0498131	0.0496939	0.0494288	0.049269	0.0494307	0.0498356	0.0502114	0.0504177	0.0505301	0.0506237	0.0507091	0.0507967	0.0507693	0.050402	0.0497245	0.049114	0.0488972	0.049042	0.0493472	0.0498077	0.0505047	0.0511579	0.0512516	0.0506745	0.0498715	0.0493805	0.0493993	0.0496785	0.0497522	0.0494064	0.0488978	0.0485348	0.0482713	0.0480232	0.0480383	0.0485322	0.0492322	0.0496911	0.0498659	0.0500136	0.0501575	0.0500547	0.0496423	0.0491473	0.0488177	0.0488623	0.0493765	0.0500192	0.0501646	0.0496607	0.0490583	0.0488495	0.0489122	0.0489408	0.0489223	0.0489411	0.0489471	0.0489335	0.049026	0.0492539	0.0494994	0.0496974	0.0498285	0.0497932	0.0495708	0.0494166	0.0495658	0.04985	0.0499954	0.0500608	0.0501974	0.0503021	0.0501653	0.0497568	0.0492936	0.0490705	0.0492059	0.0495718	0.0499667	0.0503042	0.0506596	0.0511463	0.051691	0.0520143	0.0519525	0.0516265	0.0511239	0.0503713	0.0494949	0.0488523	0.0485578	0.0483361	0.0479277	0.0472854	0.0462259	0.0441867	0.0405734	0.0352859	0.0287329	0.0214919	0.0143063	0.00818107	0.00391987	0.00156648	0.000532269	
0.000425155	0.00131493	0.00343813	0.00746325	0.0134642	0.0206062	0.0277085	0.034055	0.0394411	0.0437065	0.046643	0.0482758	0.048979	0.0492435	0.0493878	0.049499	0.0495386	0.0494915	0.0494392	0.049478	0.0496024	0.0497006	0.0496913	0.0495913	0.0494425	0.0492787	0.0491255	0.0489977	0.0489602	0.0491392	0.0495961	0.0502005	0.0506842	0.050902	0.0509565	0.0509008	0.0505547	0.0498716	0.0491943	0.0488937	0.048974	0.0492155	0.0495659	0.0501079	0.050624	0.0506354	0.0500124	0.0491819	0.0487113	0.0488321	0.0492626	0.0495243	0.0494749	0.0493485	0.0492537	0.0489971	0.0485943	0.0484979	0.0489807	0.0496855	0.0501382	0.050355	0.0505683	0.0506621	0.0503375	0.0496629	0.0490092	0.0486059	0.0485659	0.0489826	0.0495848	0.0497673	0.0493543	0.0488556	0.048688	0.0487018	0.0486721	0.0486976	0.0489126	0.0492022	0.0494134	0.0495948	0.049822	0.0500172	0.0500921	0.0500351	0.0498173	0.049483	0.0493136	0.0495472	0.0499647	0.0501652	0.0501121	0.0500178	0.0499312	0.049718	0.0493057	0.0488682	0.0487194	0.0489714	0.0494208	0.0497848	0.0499607	0.050125	0.0505527	0.0512137	0.0516944	0.0516977	0.0513623	0.0508767	0.0501982	0.049394	0.0487487	0.0483552	0.048014	0.0475776	0.0469914	0.0459431	0.043758	0.0398037	0.0340329	0.0270382	0.0196318	0.0126562	0.00700491	0.00325415	0.00126756	0.000422174	
0.000301921	0.000963025	0.00264825	0.00606354	0.011476	0.0182733	0.0253547	0.0319567	0.0378043	0.0426551	0.0462017	0.0483578	0.0493582	0.0496244	0.0495804	0.049492	0.0494198	0.0493608	0.0493797	0.0495424	0.0497791	0.0498652	0.0496596	0.0493175	0.0490988	0.0490367	0.0489181	0.0485891	0.0482351	0.0482505	0.0488035	0.0496386	0.0503106	0.0505884	0.0506252	0.0506254	0.0504817	0.0500329	0.0494591	0.0490923	0.0490174	0.049083	0.0492418	0.0496217	0.0501133	0.0502733	0.0498675	0.0491557	0.0486203	0.048584	0.0489473	0.0493485	0.0496222	0.0498478	0.0499738	0.0497661	0.0492856	0.0490296	0.0492979	0.0498029	0.0501975	0.0505324	0.0508793	0.0509457	0.0504533	0.0496264	0.0489134	0.0484723	0.048319	0.0485638	0.0490416	0.0492295	0.0489635	0.0486817	0.048684	0.048764	0.0487207	0.0487055	0.0489175	0.0492729	0.0495731	0.0498172	0.0500902	0.0503059	0.0503189	0.0501141	0.0497557	0.049379	0.0492656	0.049603	0.0501389	0.0504141	0.0503021	0.0500276	0.0497807	0.049528	0.0491726	0.0488354	0.048802	0.0491274	0.0495272	0.0496786	0.0495079	0.049301	0.0494901	0.0501421	0.0508004	0.0510145	0.0507917	0.0503223	0.0496434	0.0488568	0.0482318	0.0478546	0.0475389	0.0471184	0.0464691	0.0452379	0.0427879	0.0385371	0.0324584	0.0252135	0.0177724	0.0110852	0.0059471	0.00269747	0.0010382	0.000345726	
0.000203671	0.000683588	0.00199685	0.00483669	0.0096151	0.0159677	0.0229449	0.0297296	0.0359038	0.0411697	0.045274	0.048108	0.049673	0.0501493	0.0499786	0.0496431	0.0493984	0.0493284	0.0494819	0.0498183	0.0501227	0.0500738	0.0495566	0.048901	0.0485558	0.0485582	0.0485428	0.0482441	0.0478561	0.0478384	0.0483898	0.0492234	0.0498593	0.050071	0.0500642	0.0501416	0.0502405	0.0500825	0.0496575	0.0492292	0.0489812	0.0488811	0.0489117	0.0492173	0.0497658	0.0501724	0.0501165	0.0496095	0.0489219	0.0484799	0.0485518	0.049014	0.0495825	0.0500694	0.050324	0.0501868	0.0497465	0.0494282	0.0494998	0.049788	0.0501243	0.0505737	0.0510259	0.0510768	0.0505265	0.0496908	0.0490159	0.0486163	0.048456	0.0486207	0.0489934	0.0491356	0.0489232	0.0487603	0.0488894	0.0490597	0.0490045	0.0488173	0.0487631	0.0489297	0.0492162	0.0495667	0.0499558	0.0502197	0.0501928	0.0499108	0.0495367	0.0492685	0.0493332	0.0498047	0.050399	0.0506824	0.050511	0.0501097	0.0497469	0.0494615	0.0491702	0.0489788	0.0491142	0.0495236	0.0498562	0.0498121	0.0493739	0.0488752	0.0488084	0.0493326	0.0500572	0.0504449	0.0502891	0.0496846	0.048803	0.0479267	0.0473704	0.04715	0.0469828	0.0465968	0.0457804	0.044215	0.0414086	0.0368718	0.030564	0.023161	0.0157697	0.00945223	0.00488875	0.00216159	0.000823804	0.000275708	
0.0001375	0.000486007	0.00149633	0.00380867	0.00794501	0.0138217	0.0207045	0.0276991	0.0341361	0.0396274	0.0440823	0.0475083	0.0497076	0.0505208	0.0502858	0.0496921	0.0492827	0.0492689	0.0496121	0.0500911	0.0503756	0.0501538	0.0493955	0.04853	0.0480746	0.0480718	0.0481334	0.0479681	0.0477015	0.0477224	0.0482269	0.0489517	0.0494329	0.0494878	0.0493997	0.0495435	0.0498587	0.0499514	0.0496566	0.0491997	0.0488595	0.0486945	0.0486959	0.0489867	0.0495663	0.0501245	0.0503206	0.0499628	0.0490982	0.0482056	0.0479057	0.0483395	0.0491116	0.0497737	0.050126	0.0501294	0.0498779	0.049648	0.0496256	0.0497588	0.0500705	0.0506405	0.0512082	0.0512996	0.0507693	0.0499645	0.0493401	0.0490419	0.0489966	0.0491898	0.0494922	0.0495435	0.0492588	0.0490279	0.0491036	0.0492506	0.0491349	0.0487497	0.0483966	0.0483448	0.0486024	0.0490282	0.0494612	0.0497018	0.0496277	0.0493476	0.0491073	0.0491242	0.049496	0.0501232	0.0507103	0.050939	0.0507125	0.0502224	0.0497451	0.0494029	0.0491981	0.0492222	0.0495553	0.0499961	0.0502046	0.0500203	0.0495269	0.0490252	0.0489013	0.0492915	0.0499189	0.0503208	0.050166	0.0493925	0.0482371	0.0471825	0.0466188	0.0464853	0.046401	0.0459988	0.044981	0.0430573	0.0398811	0.0350631	0.0285519	0.0210308	0.0137298	0.0078083	0.00382463	0.00161409	0.000595774	0.000196567	
9.53618e-005	0.00034714	0.0011089	0.0029518	0.00648252	0.0118964	0.018703	0.0259391	0.0326392	0.0382646	0.0428654	0.0466298	0.0493017	0.0504691	0.0503077	0.0496044	0.0491363	0.0492269	0.0497309	0.050271	0.0505064	0.0502349	0.0494882	0.0486484	0.0481637	0.0480708	0.0480548	0.0478986	0.0476919	0.0477187	0.0481321	0.0486947	0.0489805	0.0488576	0.0486791	0.0488759	0.0493719	0.0496662	0.0494876	0.0490683	0.0487537	0.0486165	0.0486313	0.048916	0.0494939	0.0501116	0.050431	0.0501508	0.0491816	0.0479779	0.0473242	0.0475707	0.0483461	0.0490858	0.0495614	0.0497964	0.0498353	0.0497743	0.0497177	0.0497496	0.0500659	0.0507546	0.0514574	0.0516513	0.0511859	0.0503983	0.0497765	0.0495281	0.049553	0.0497413	0.0499593	0.0499311	0.0495896	0.0492626	0.0491879	0.0491858	0.0489534	0.0484685	0.0480407	0.0479774	0.0482584	0.0486332	0.0489122	0.0490044	0.0488775	0.0486598	0.0486297	0.048983	0.0496373	0.0503155	0.0507802	0.0509182	0.0507048	0.0502157	0.0496441	0.0492229	0.0491171	0.0493804	0.0498633	0.0502255	0.0502404	0.0499594	0.0495644	0.0492693	0.0492676	0.0495836	0.0500411	0.050377	0.0502892	0.0495463	0.0482855	0.0470542	0.046323	0.0460652	0.0459007	0.0453969	0.0441632	0.0419014	0.0383504	0.0332152	0.0265003	0.0189362	0.0118223	0.006329	0.00288086	0.00112325	0.000385187	0.000120749	
6.57024e-005	0.000241278	0.000797675	0.00223552	0.00521022	0.0101428	0.0167812	0.0241615	0.0310913	0.0368517	0.0415065	0.0453618	0.0482497	0.0497385	0.0499012	0.0494523	0.0491766	0.0494104	0.0499683	0.0504592	0.0506483	0.0504781	0.0499722	0.0493416	0.0488962	0.0486808	0.0484872	0.0482096	0.0479594	0.0479298	0.0481784	0.0484827	0.048519	0.0482303	0.0479798	0.0481958	0.0487909	0.0492157	0.0491608	0.0488773	0.0487024	0.0486444	0.0486646	0.0489304	0.0495161	0.0502085	0.0506543	0.0504894	0.0495693	0.0482742	0.0473528	0.0472728	0.047828	0.0484992	0.0490364	0.0494696	0.049784	0.0499035	0.0498445	0.0497862	0.0500283	0.0506717	0.0513775	0.0516682	0.0513708	0.0507204	0.0501221	0.0497882	0.049682	0.049742	0.0498807	0.0498808	0.0496433	0.0493565	0.0491784	0.0490012	0.048658	0.0482142	0.0479621	0.0481051	0.0484846	0.0487491	0.0487712	0.0486596	0.0484838	0.0483275	0.0484357	0.0489583	0.0496633	0.0501685	0.0503536	0.0503471	0.0502182	0.0498827	0.0493447	0.0488697	0.0487825	0.0491458	0.049657	0.0499178	0.0498226	0.049542	0.0492617	0.0491108	0.0491735	0.0494184	0.0497416	0.0500678	0.0501987	0.0497696	0.0486933	0.0474112	0.0464516	0.0459291	0.0455502	0.0448532	0.0433868	0.0408173	0.0368725	0.0313261	0.024345	0.0168078	0.010033	0.00506422	0.00213459	0.000755648	0.000233039	6.7482e-005	
4.34034e-005	0.000158162	0.000545861	0.00163137	0.00406826	0.00842968	0.0146964	0.0220141	0.0290967	0.0350433	0.0397724	0.0435842	0.0464961	0.0482818	0.0490119	0.0491934	0.0493736	0.0497751	0.0502643	0.0506063	0.0507466	0.0507431	0.0505522	0.0501691	0.0497729	0.0494711	0.0491753	0.0488418	0.048568	0.0484504	0.0484485	0.0483891	0.0481292	0.0477153	0.0474427	0.0476415	0.0482208	0.0486908	0.0487937	0.0487575	0.0487965	0.0488068	0.048765	0.0489288	0.0494662	0.050241	0.0508791	0.0509258	0.0502006	0.0490332	0.0480569	0.0477446	0.0480458	0.0485286	0.0489378	0.0493656	0.0498416	0.0501565	0.0501635	0.0500049	0.0499878	0.0502614	0.050668	0.0509471	0.0509576	0.0507058	0.0502857	0.0498178	0.0494561	0.0493502	0.0494787	0.0496203	0.0495996	0.0494407	0.0492082	0.0488823	0.0484747	0.0481566	0.0481678	0.048569	0.0490786	0.0492866	0.0491321	0.0488975	0.0487316	0.0486246	0.0487099	0.0490917	0.0495259	0.0496697	0.0495229	0.0493703	0.0493582	0.0493051	0.0490147	0.0486234	0.0484651	0.0486705	0.0490102	0.0491857	0.0491441	0.0489772	0.0487541	0.0485658	0.0485353	0.0486924	0.0489831	0.0494058	0.0498321	0.0498283	0.0490899	0.0478807	0.0467509	0.0459579	0.0452972	0.0443337	0.0426281	0.0397896	0.0354443	0.0294051	0.0220825	0.0146006	0.0082852	0.00394401	0.0015492	0.000502627	0.000141147	3.9119e-005	
2.90378e-005	9.99364e-005	0.000356106	0.00113588	0.00303609	0.00670996	0.0123739	0.0194106	0.0265863	0.0328159	0.0377243	0.0415049	0.04441	0.046518	0.0479151	0.0488235	0.0494647	0.0499432	0.0502657	0.0504329	0.0505486	0.0507146	0.0508106	0.0506576	0.0503339	0.0500353	0.0497982	0.0495747	0.0493591	0.0491429	0.0488635	0.0484558	0.0479554	0.0474959	0.047271	0.0474519	0.0479439	0.0484148	0.0487149	0.0489669	0.0491741	0.0491469	0.0489212	0.0488439	0.0492026	0.0499999	0.0508539	0.0511522	0.0506499	0.0497184	0.0489415	0.0487022	0.0489531	0.0492708	0.0494077	0.0496159	0.0501141	0.0506346	0.0507978	0.0505673	0.0501746	0.0498426	0.0497023	0.0498434	0.0502262	0.0505563	0.0504803	0.0499815	0.0494505	0.0492645	0.049423	0.0496624	0.0497654	0.0496687	0.049377	0.0489341	0.0484905	0.0482855	0.0484865	0.0490424	0.0496232	0.0498213	0.0496271	0.0494284	0.0493998	0.0493743	0.0492941	0.0492497	0.0491693	0.048908	0.0485524	0.0483681	0.0484807	0.0487302	0.0488664	0.048802	0.0486448	0.0485397	0.0485175	0.0485561	0.0486311	0.0486231	0.0484266	0.0481327	0.0479668	0.0480753	0.0484439	0.049022	0.0496518	0.0499038	0.0493952	0.0482621	0.0470319	0.0460201	0.0450601	0.0437689	0.0417634	0.0386072	0.0338354	0.0273199	0.019722	0.0123964	0.00663435	0.00296314	0.00108713	0.000328854	8.83015e-005	2.588e-005	
2.28505e-005	6.79658e-005	0.000234197	0.000770219	0.00217099	0.00509328	0.00996749	0.0165183	0.0237113	0.0303025	0.0355381	0.039447	0.0425036	0.0450358	0.0470547	0.0484732	0.0492849	0.0496303	0.0497337	0.0497825	0.0499234	0.0502332	0.0505783	0.0507169	0.050623	0.0504839	0.0504058	0.0503279	0.050145	0.0498063	0.0493202	0.0487238	0.0481282	0.0477072	0.0475911	0.0478021	0.0482266	0.0487021	0.0491644	0.0495707	0.0497458	0.0495265	0.0490472	0.0486972	0.0488485	0.0496414	0.0506875	0.0511907	0.0508227	0.0500754	0.0495996	0.0496578	0.0500538	0.0502952	0.0501611	0.0500749	0.0504763	0.0511305	0.0514688	0.0512306	0.0505335	0.0496758	0.0490618	0.0490906	0.0498045	0.0506507	0.0509181	0.0505027	0.0499604	0.0497672	0.0498734	0.0499959	0.049988	0.0498327	0.0495055	0.0490265	0.0485875	0.0484531	0.0487277	0.0492896	0.0498333	0.0500269	0.0499096	0.0498934	0.0500982	0.0501604	0.0498419	0.0492891	0.0486915	0.0481343	0.0477318	0.0476067	0.0477916	0.0482486	0.0488436	0.049284	0.0493127	0.0489869	0.0486198	0.0485064	0.0486476	0.0487319	0.0485353	0.0481702	0.0479299	0.0480577	0.048568	0.0492696	0.0498866	0.0500787	0.049583	0.0484973	0.0472402	0.0460673	0.0448046	0.0431063	0.0406399	0.0369835	0.031706	0.0248211	0.0171919	0.010261	0.00517135	0.00216419	0.000743466	0.000213215	5.77472e-005	1.92144e-005	
2.22504e-005	5.58266e-005	0.000170466	0.000536289	0.00152458	0.00372333	0.0077102	0.0135815	0.0206156	0.0275125	0.0331924	0.0375018	0.0410008	0.0440755	0.046572	0.0481775	0.048849	0.0489171	0.0488305	0.0488436	0.0490201	0.0493927	0.049933	0.0504734	0.0508482	0.0510494	0.0511351	0.0510782	0.0507993	0.0503174	0.0497405	0.0491251	0.0485471	0.0482088	0.0482509	0.0485832	0.0490286	0.049508	0.0499652	0.0502248	0.0500977	0.0495892	0.0489402	0.0485064	0.0486397	0.0495044	0.0506707	0.0512462	0.0508989	0.0502529	0.0500367	0.0503735	0.0508609	0.0509739	0.0505988	0.0502568	0.0504792	0.0511109	0.0515359	0.0513314	0.0505224	0.0494872	0.0487828	0.0488922	0.0498313	0.0509376	0.0513928	0.0510877	0.0506162	0.050401	0.0503046	0.0500894	0.0497919	0.0495285	0.0492326	0.0488187	0.0484519	0.0483946	0.0486866	0.0491613	0.0496039	0.0498285	0.0499089	0.0501705	0.0505907	0.0506649	0.0501306	0.0492683	0.0484355	0.0477891	0.0473971	0.047278	0.0474356	0.04797	0.0488724	0.0497099	0.0499469	0.0495752	0.0490935	0.0489432	0.0490768	0.0491004	0.0488183	0.0483999	0.0481635	0.0483968	0.0490886	0.0498444	0.0502517	0.0501466	0.0495337	0.0485313	0.0473423	0.0460381	0.0444261	0.0422156	0.0391222	0.0347886	0.0289375	0.0218204	0.0144552	0.0081961	0.00390211	0.00153849	0.000499994	0.000139338	3.99447e-005	1.51983e-005	
2.37916e-005	5.32657e-005	0.000140977	0.000397322	0.00107657	0.00265706	0.0057759	0.0108345	0.0174578	0.0244486	0.0305925	0.0355626	0.0397575	0.0433813	0.0461493	0.0477443	0.0482367	0.0481224	0.0479654	0.0479986	0.0481685	0.0484831	0.0490891	0.0499799	0.0508718	0.0514734	0.0516977	0.0515723	0.0511528	0.0505834	0.050012	0.0494236	0.0488444	0.0485645	0.0487894	0.0493197	0.0498575	0.0502971	0.0505331	0.0503722	0.0497938	0.0490417	0.0484336	0.0482364	0.0486653	0.0497288	0.0508889	0.0513227	0.0508831	0.0503115	0.0502962	0.0507605	0.051119	0.0509344	0.0503164	0.0498055	0.0498426	0.0503325	0.0507418	0.0505882	0.0498522	0.0489779	0.0485235	0.0488389	0.0498529	0.050965	0.051452	0.0512257	0.0508181	0.0505359	0.0501732	0.0495935	0.0490433	0.0487333	0.0485004	0.0481577	0.0478841	0.0479424	0.0482718	0.0486525	0.0489934	0.0492934	0.049652	0.0502234	0.0507895	0.0508125	0.0501858	0.0493454	0.0486302	0.0480594	0.0476233	0.0473988	0.0474927	0.0480458	0.049014	0.0498937	0.0501233	0.0497646	0.0493815	0.0493344	0.0494354	0.0492974	0.0488592	0.0483883	0.0482323	0.0486745	0.0495966	0.0503835	0.0505279	0.0500659	0.049293	0.0483778	0.0472642	0.0457621	0.0436754	0.0408407	0.0370456	0.0319967	0.0256108	0.0184307	0.011591	0.00622294	0.00280455	0.0010504	0.000328607	9.21036e-005	2.92022e-005	1.26599e-005	
2.5735e-005	5.35012e-005	0.00012432	0.000305802	0.000760688	0.00185569	0.00421025	0.00840814	0.0143891	0.0212122	0.0277342	0.0334569	0.0383996	0.0424488	0.0453315	0.0469606	0.0475456	0.0475538	0.0475011	0.0476077	0.047773	0.0479747	0.0484658	0.0494034	0.0505194	0.0513603	0.0516847	0.05153	0.051082	0.0505643	0.0500555	0.0494235	0.0487257	0.0484253	0.0487878	0.049483	0.0500897	0.0504392	0.0503757	0.0497825	0.0488654	0.0480458	0.0476657	0.0479102	0.0488229	0.0501543	0.0512135	0.0513437	0.0506977	0.0501208	0.0501913	0.0506429	0.0507817	0.0503051	0.0495448	0.0490113	0.0489643	0.0493146	0.0496613	0.0495628	0.0489936	0.0483893	0.0482017	0.0486177	0.0495395	0.0505124	0.0509417	0.0507243	0.050298	0.049898	0.0493406	0.0486174	0.0480804	0.0478728	0.0476761	0.0472983	0.047057	0.0472434	0.0476508	0.0479598	0.0481788	0.0484963	0.0490658	0.0498851	0.0505593	0.0505742	0.0500039	0.0493825	0.0489369	0.0484835	0.0479573	0.0476131	0.0477284	0.0483518	0.0492309	0.0498548	0.0498629	0.0494812	0.0492458	0.0493502	0.0494775	0.0492621	0.048744	0.0482713	0.0482363	0.0489041	0.0500387	0.0508688	0.0508351	0.0500873	0.0491057	0.0481199	0.0469001	0.0450451	0.0423629	0.0388277	0.0343143	0.0286135	0.0218595	0.0148615	0.00878202	0.0044344	0.00189348	0.000681678	0.000210831	6.24286e-005	2.31533e-005	1.1746e-005	
2.78459e-005	5.41973e-005	0.000110308	0.000232743	0.000520602	0.00124535	0.00295285	0.0062894	0.0114618	0.0178889	0.0246169	0.0309693	0.0365372	0.0409225	0.0439559	0.0458353	0.0468517	0.047292	0.0475285	0.0478207	0.048094	0.0482425	0.0484936	0.0491348	0.0500659	0.0508682	0.0511985	0.0510441	0.0506648	0.0502953	0.0498736	0.0491682	0.0483387	0.0480025	0.0484049	0.0491056	0.0496608	0.0498987	0.049645	0.0488682	0.0479044	0.0472048	0.0470716	0.047652	0.0489086	0.0504252	0.0513994	0.0512774	0.0503935	0.0496455	0.0495857	0.0499424	0.0500265	0.0495649	0.0489295	0.0485635	0.0485765	0.0488448	0.0490893	0.049003	0.0485883	0.0481829	0.0480988	0.0484487	0.0491718	0.0499297	0.0502207	0.0499172	0.0493635	0.0487881	0.0481505	0.0475856	0.047381	0.0474231	0.0472244	0.0467067	0.0464144	0.0466828	0.0471482	0.0473608	0.047378	0.0475512	0.0481252	0.0490367	0.0498016	0.0499016	0.0494442	0.048982	0.0487269	0.0484148	0.0479233	0.0476157	0.0478939	0.0486708	0.0494503	0.0497603	0.0495134	0.049071	0.0488924	0.0490854	0.0493264	0.0492557	0.0488821	0.0485186	0.0485542	0.0492632	0.05042	0.0512605	0.051187	0.0502883	0.0490464	0.047738	0.046138	0.0438048	0.0405236	0.0362866	0.0310489	0.0247938	0.0179257	0.011412	0.00627875	0.00296231	0.00120076	0.00042258	0.000134539	4.54972e-005	2.11935e-005	1.26671e-005	
2.90367e-005	5.26477e-005	9.39703e-005	0.000168497	0.000333394	0.00078026	0.00194658	0.00445191	0.0087109	0.0145305	0.0212001	0.027922	0.0339811	0.0387962	0.0422183	0.044558	0.0461368	0.0471109	0.047742	0.0483393	0.0488553	0.0490643	0.0491021	0.0493436	0.0498912	0.0504563	0.0506582	0.0504304	0.0500819	0.0498444	0.0495371	0.0488943	0.0481588	0.0479331	0.0483236	0.0488517	0.0491856	0.0492481	0.048921	0.0482323	0.0474938	0.0470269	0.0470168	0.0475953	0.0487912	0.0502448	0.0511612	0.0509709	0.0499606	0.0489794	0.048655	0.0489176	0.0491911	0.0491061	0.0488667	0.0488042	0.0489472	0.0491452	0.0492335	0.0490914	0.0487681	0.0484768	0.0484221	0.0486926	0.0492201	0.049711	0.0497776	0.0493227	0.0486019	0.0478595	0.0472594	0.0470535	0.0473277	0.0476405	0.0474158	0.0467609	0.0463894	0.0466238	0.0470083	0.0470458	0.0468235	0.0467716	0.0471966	0.0480537	0.0488652	0.0490624	0.0486294	0.0481086	0.0478867	0.0478065	0.0476365	0.0476197	0.0481462	0.0490624	0.04976	0.0498439	0.0494223	0.0488879	0.0486181	0.0487583	0.0491089	0.0493325	0.0493123	0.0491802	0.049197	0.0496497	0.0505092	0.0512379	0.0512249	0.0503248	0.0488443	0.0470788	0.0449483	0.0421182	0.0383143	0.033427	0.0275068	0.020852	0.0141556	0.00838913	0.00427982	0.00188561	0.000731617	0.000257979	8.9347e-005	3.75485e-005	2.21506e-005	1.46512e-005	
2.72555e-005	4.57016e-005	7.25421e-005	0.000112369	0.000196642	0.0004507	0.00119209	0.00295163	0.00625624	0.0112459	0.0175075	0.0242891	0.0307638	0.0362166	0.0403225	0.0432496	0.0453121	0.0466874	0.0476246	0.0484712	0.0492229	0.0495992	0.0496438	0.0497096	0.0499726	0.0502516	0.0502155	0.0498233	0.0494474	0.0493261	0.0492137	0.0488578	0.0485084	0.0485846	0.048988	0.0492553	0.0492183	0.0489745	0.0485666	0.0480748	0.0476732	0.0474547	0.0474285	0.0477014	0.0484561	0.0495541	0.0503294	0.0501784	0.0492298	0.0481863	0.0477158	0.0479737	0.0485434	0.0489662	0.0492212	0.0494782	0.0497115	0.0498019	0.0497208	0.0495062	0.049221	0.048987	0.0489679	0.049221	0.0495973	0.0498218	0.0496633	0.0490864	0.0482637	0.0474679	0.0470419	0.0472594	0.0479425	0.0484124	0.0481619	0.0474808	0.0470603	0.0471017	0.0471979	0.0470081	0.0466686	0.0465446	0.0468792	0.0476293	0.048372	0.0485257	0.0479553	0.0472103	0.0469337	0.0471761	0.0475694	0.0480351	0.0487951	0.0497143	0.05027	0.0501889	0.0496556	0.049007	0.0485521	0.0485128	0.0488501	0.0492958	0.0496394	0.0497981	0.049798	0.0498494	0.0501662	0.0505977	0.0506188	0.0498007	0.0481806	0.0460362	0.0434376	0.040151	0.0358415	0.0303429	0.0238763	0.0170745	0.0108268	0.00596052	0.00283056	0.00118133	0.000451556	0.000166308	6.57029e-005	3.43908e-005	2.37058e-005	1.63494e-005	
2.20811e-005	3.44392e-005	4.96047e-005	6.87431e-005	0.000109282	0.000246504	0.000688676	0.00184086	0.00422709	0.00821064	0.0137228	0.0202572	0.0270436	0.0332355	0.0381982	0.0417977	0.0442764	0.045884	0.046901	0.0477277	0.0485175	0.0491093	0.049478	0.0497787	0.0500395	0.0501028	0.0497886	0.0492082	0.0488236	0.0488748	0.0490713	0.0491512	0.0492934	0.0497005	0.0501163	0.0501156	0.049674	0.0490922	0.0485996	0.0482756	0.0481176	0.0480254	0.0478732	0.047743	0.0479419	0.0485417	0.0490559	0.0489345	0.0482007	0.0473756	0.0470361	0.047414	0.0482246	0.0490283	0.0496685	0.0501523	0.0504035	0.0503769	0.0501744	0.0499082	0.049607	0.0493543	0.0493196	0.0495138	0.0497241	0.0497469	0.0494953	0.0489369	0.048151	0.0474437	0.0472684	0.047836	0.0487503	0.0492647	0.049047	0.048473	0.0480353	0.0477788	0.0474945	0.047154	0.0469366	0.0470015	0.0473823	0.0479651	0.0484297	0.0483458	0.0475996	0.0467121	0.046443	0.047011	0.0479758	0.0489323	0.0498498	0.050624	0.0509293	0.0506585	0.0500319	0.0493095	0.0487139	0.0484785	0.0486725	0.0491235	0.0496211	0.0499847	0.0500496	0.0498392	0.0496397	0.0496459	0.0495397	0.0487326	0.0470184	0.0446251	0.0416794	0.0379382	0.0330432	0.0269553	0.0201715	0.013563	0.0080236	0.00411657	0.00184647	0.000756841	0.000301183	0.000120979	5.38881e-005	3.22637e-005	2.4241e-005	1.72875e-005	
1.59619e-005	2.38589e-005	3.22039e-005	4.16714e-005	6.21886e-005	0.000135314	0.000384389	0.00108448	0.00267596	0.00562821	0.0101928	0.016213	0.0230811	0.0298544	0.0356084	0.039908	0.0428619	0.044713	0.0457201	0.046331	0.0469622	0.0477342	0.0486086	0.0494445	0.0499628	0.0499457	0.0494161	0.0487082	0.0483624	0.0486137	0.0491521	0.0496597	0.0501778	0.0507484	0.05107	0.0508027	0.0500713	0.0493547	0.0489496	0.048792	0.0487014	0.0485288	0.0481733	0.0477325	0.0475266	0.0476957	0.047907	0.0477595	0.0472894	0.0468674	0.0468665	0.0474254	0.0483395	0.0492816	0.0500733	0.0506288	0.0508552	0.0507623	0.0504992	0.0501723	0.0497913	0.0494633	0.04935	0.0493928	0.049398	0.0493045	0.0491129	0.0487288	0.0481338	0.0476133	0.0476173	0.0482914	0.0492009	0.0497121	0.0496383	0.0492725	0.0488537	0.0483743	0.0478818	0.0475949	0.0476526	0.0479624	0.0483157	0.0485399	0.0485351	0.0482042	0.0475285	0.0468396	0.0467402	0.0475058	0.0487714	0.0500066	0.0509797	0.0515595	0.0515727	0.0510801	0.0503789	0.0496802	0.0490756	0.0487212	0.0487394	0.0490373	0.0494319	0.0497801	0.0499192	0.0497165	0.049295	0.0489287	0.0485049	0.0474797	0.0455484	0.042887	0.039591	0.0353363	0.0297989	0.0232139	0.0164011	0.0103307	0.00570556	0.00274943	0.00119266	0.000502822	0.000217919	9.57676e-005	4.58747e-005	2.96912e-005	2.41055e-005	1.82064e-005	
1.2389e-005	1.82644e-005	2.37339e-005	2.92969e-005	4.0335e-005	7.77937e-005	0.000208406	0.000602413	0.0015912	0.00365063	0.00724104	0.0125269	0.019124	0.0260954	0.0323597	0.0372855	0.0408318	0.0431388	0.0443617	0.0449305	0.045465	0.0463604	0.0476412	0.0489719	0.0498093	0.0498532	0.0492862	0.0485903	0.0482961	0.0486399	0.0493734	0.0501379	0.0508191	0.0513492	0.0514595	0.0509521	0.0501287	0.049584	0.0495298	0.0496434	0.0495683	0.0492199	0.048677	0.0481052	0.0477275	0.0476144	0.0475457	0.0473167	0.0470544	0.0470234	0.0473489	0.0479968	0.0488298	0.049685	0.0504195	0.0509052	0.0510628	0.050925	0.0506121	0.0502059	0.0497631	0.0494441	0.0493334	0.0492684	0.0491254	0.0489878	0.048889	0.0487053	0.0483832	0.0480959	0.0481284	0.0485839	0.0492133	0.0496574	0.0497967	0.0496918	0.0493706	0.0489116	0.0485525	0.0485135	0.048768	0.0490535	0.0490747	0.0487533	0.0483189	0.048011	0.0477997	0.0476513	0.0478187	0.0485515	0.0496993	0.0508686	0.0517755	0.0522123	0.0520207	0.0513488	0.050593	0.0499692	0.0494429	0.0490615	0.0489716	0.0491224	0.0493043	0.0494387	0.0495447	0.0494998	0.0491604	0.0485746	0.0476991	0.0461973	0.0438553	0.0408062	0.0370592	0.0322447	0.0261532	0.0193074	0.0127709	0.00748101	0.00384586	0.00175123	0.000750701	0.000335089	0.000158521	7.44451e-005	3.77914e-005	2.66843e-005	2.38226e-005	1.94219e-005	
1.30171e-005	1.86672e-005	2.30669e-005	2.65039e-005	3.17648e-005	4.88338e-005	0.000112353	0.000322308	0.00090833	0.0022792	0.00496065	0.00933576	0.0152754	0.0219924	0.0284211	0.0338467	0.0380777	0.0410915	0.0429092	0.043877	0.0446216	0.0456309	0.0470415	0.0485706	0.0496293	0.0498694	0.0495002	0.0489695	0.0486947	0.0489352	0.0495888	0.0503316	0.0509616	0.0513552	0.0512859	0.0506788	0.0499625	0.0497552	0.0501391	0.0505811	0.0505945	0.0501669	0.0495774	0.049057	0.0486793	0.0484098	0.0481394	0.0478439	0.0477125	0.0479064	0.0483406	0.0488495	0.0493956	0.0500079	0.0505935	0.0509631	0.0510144	0.0507856	0.0503842	0.0499196	0.0495381	0.0494115	0.0494818	0.0494866	0.0493717	0.0492804	0.0492269	0.0491459	0.0490559	0.0489889	0.0489617	0.0490223	0.0491999	0.0494676	0.0497345	0.0498184	0.049625	0.0493744	0.0493742	0.049634	0.0498802	0.0498147	0.0493002	0.0485224	0.0479877	0.0480469	0.048489	0.0489058	0.0492413	0.0497188	0.0504375	0.0512755	0.0520279	0.0524132	0.0521743	0.0514206	0.0506054	0.0500077	0.0495521	0.0492065	0.0491139	0.0492235	0.0492498	0.0491265	0.0490784	0.0491161	0.0488963	0.0481382	0.0467506	0.0446447	0.0417929	0.0382717	0.0339865	0.0286325	0.0222151	0.0154694	0.00951892	0.00513995	0.00243837	0.00104655	0.000447052	0.000212092	0.000107631	5.33998e-005	2.92441e-005	2.30571e-005	2.26848e-005	1.99144e-005	
1.65345e-005	2.28382e-005	2.67486e-005	2.86138e-005	3.03124e-005	3.70329e-005	6.75577e-005	0.000179496	0.000519196	0.00139037	0.00327013	0.00664115	0.011623	0.0177125	0.0240259	0.02984	0.0347815	0.0386217	0.0412701	0.0429819	0.0442285	0.0453974	0.0467372	0.0482123	0.0493909	0.0499124	0.0498745	0.0495677	0.0492897	0.0493313	0.0497116	0.0501868	0.0506008	0.050875	0.0508111	0.0503396	0.049858	0.0499119	0.0505271	0.051152	0.0512791	0.0509259	0.0504674	0.0501263	0.0498325	0.0495071	0.0491821	0.0489527	0.0489544	0.0491982	0.0494788	0.0496221	0.0497267	0.0500041	0.0504308	0.0507476	0.0507512	0.0504328	0.0499308	0.0494486	0.0492078	0.0493279	0.0496309	0.0498387	0.0499421	0.0500234	0.0500241	0.0499812	0.0500455	0.0501587	0.0501068	0.0498645	0.0496495	0.0496575	0.0498176	0.0498481	0.0496629	0.0495919	0.04991	0.0503689	0.0504752	0.0500039	0.0491194	0.0482779	0.0480354	0.0485826	0.0494835	0.050146	0.0504126	0.0505331	0.0507781	0.0512453	0.0518482	0.0522726	0.0521309	0.0514066	0.0505416	0.0498953	0.0494411	0.049134	0.0490978	0.0492417	0.0492016	0.0488926	0.0486396	0.0485493	0.0482168	0.0471901	0.0453171	0.0426367	0.0392319	0.0351335	0.0302349	0.0244337	0.0180056	0.011776	0.00671703	0.00332283	0.0014403	0.000576713	0.000244236	0.000122365	6.621e-005	3.52512e-005	2.15846e-005	1.91944e-005	2.03931e-005	1.88603e-005	
1.99463e-005	2.68246e-005	3.03687e-005	3.13629e-005	3.16505e-005	3.42651e-005	5.03339e-005	0.000113645	0.000310672	0.000839018	0.00206536	0.00446548	0.00835193	0.0135752	0.0195612	0.0256396	0.0312333	0.0358791	0.0393847	0.0419262	0.0437833	0.0451855	0.046463	0.0478405	0.0490906	0.0498469	0.05005	0.0498744	0.049612	0.0495515	0.0496824	0.0498207	0.0499885	0.0502593	0.0504347	0.0502982	0.05005	0.0501231	0.0506191	0.051166	0.0513384	0.0511305	0.0508827	0.0507389	0.0505327	0.0502156	0.0499698	0.0499468	0.0501333	0.0503509	0.0503475	0.0500387	0.0496611	0.0495619	0.0498168	0.0501537	0.0502293	0.049918	0.049395	0.0489713	0.0488793	0.0491482	0.0495814	0.0499913	0.0503724	0.0506698	0.0507611	0.0507913	0.0510108	0.0513049	0.0513311	0.0510098	0.0506055	0.0503612	0.0502124	0.0499481	0.0496177	0.0496011	0.0500664	0.0505728	0.0505324	0.0498641	0.049003	0.048502	0.0487066	0.049528	0.050458	0.0509892	0.051031	0.0508565	0.0507786	0.0509894	0.0514964	0.0520007	0.0520279	0.0514351	0.0506016	0.0499177	0.049419	0.049103	0.0490892	0.049228	0.0491096	0.048663	0.0482097	0.0478193	0.0471129	0.0457036	0.0434324	0.0402698	0.0362418	0.0314001	0.0258312	0.0197591	0.0136811	0.00834359	0.00439393	0.00198501	0.000781815	0.000289555	0.000120845	6.4105e-005	3.79708e-005	2.32e-005	1.70227e-005	1.68064e-005	1.81439e-005	1.67806e-005	
2.05858e-005	2.72531e-005	3.04155e-005	3.14113e-005	3.19846e-005	3.34246e-005	4.23708e-005	7.98569e-005	0.000195197	0.00050246	0.00124491	0.00281679	0.00562712	0.00984865	0.0152793	0.0213971	0.0274894	0.0328697	0.0371927	0.0405092	0.0429516	0.0446596	0.0460081	0.0473719	0.0486709	0.049537	0.0497857	0.0495876	0.0493527	0.0493309	0.0493546	0.0492841	0.0493811	0.049862	0.0504448	0.0506824	0.0505422	0.0503882	0.0505002	0.0507783	0.0509078	0.0508128	0.0507282	0.0507151	0.0505729	0.0503067	0.050196	0.0503919	0.0507326	0.0509039	0.0506591	0.0500005	0.0492381	0.0487816	0.0488072	0.0491085	0.0492628	0.0490424	0.0486549	0.0484638	0.0486094	0.0489987	0.0494862	0.0500087	0.0505329	0.0509072	0.0510448	0.0511867	0.0515824	0.0520464	0.0521927	0.0519341	0.0515185	0.0511378	0.0507071	0.0501321	0.04963	0.0496002	0.0500937	0.0505709	0.0504613	0.0498288	0.0492586	0.0492269	0.0497423	0.0504781	0.0510654	0.0512822	0.0511428	0.0508538	0.0506532	0.0507332	0.0511563	0.0516619	0.0517747	0.0513211	0.0506245	0.0500265	0.0495583	0.0492391	0.0491785	0.0491846	0.0488662	0.048229	0.0475631	0.0468159	0.0456307	0.0437855	0.0411662	0.037586	0.0329186	0.0273019	0.0211659	0.0150971	0.00969189	0.00545686	0.00263794	0.00108715	0.000390822	0.000135686	5.7269e-005	3.35497e-005	2.36814e-005	1.86491e-005	1.69621e-005	1.72177e-005	1.716e-005	1.4696e-005	
1.77327e-005	2.33557e-005	2.62429e-005	2.79915e-005	2.98034e-005	3.12385e-005	3.56008e-005	5.64934e-005	0.000121984	0.000291248	0.000705335	0.00164606	0.003514	0.00668389	0.0113009	0.0171038	0.0234047	0.0293656	0.034424	0.0384344	0.0414372	0.043563	0.0451654	0.0466249	0.0479558	0.0488452	0.049063	0.0488162	0.0486317	0.0487116	0.0487564	0.0486999	0.0489849	0.0498236	0.0507679	0.0512184	0.0510368	0.0505639	0.0502258	0.050157	0.0501552	0.0500913	0.0501048	0.0501971	0.050152	0.0499959	0.0500269	0.050345	0.0507042	0.0507933	0.0504377	0.0496662	0.048751	0.0480657	0.0478296	0.04794	0.0480362	0.0479109	0.0477937	0.0479913	0.0484692	0.0490084	0.0495196	0.0500367	0.0505178	0.0508166	0.0509399	0.0511546	0.0516296	0.0521398	0.0523322	0.0521463	0.051813	0.0514741	0.0509913	0.0502895	0.0496743	0.0495886	0.0500663	0.0505614	0.0505186	0.050036	0.0497344	0.0499953	0.050571	0.0510094	0.0511567	0.0511033	0.05095	0.0507723	0.0506414	0.0506658	0.0509229	0.0512211	0.0511906	0.0507565	0.0502271	0.0498362	0.0495363	0.0492986	0.0491721	0.048957	0.0483526	0.0474506	0.0465051	0.0453745	0.0437123	0.041396	0.0383566	0.0343324	0.0291255	0.0229966	0.0166779	0.0109876	0.00647353	0.0033371	0.00147573	0.000558443	0.000189059	6.69629e-005	3.23665e-005	2.29442e-005	2.03266e-005	1.9929e-005	2.00526e-005	1.94467e-005	1.71776e-005	1.30108e-005	
1.3119e-005	1.73803e-005	2.01554e-005	2.2856e-005	2.59206e-005	2.77521e-005	2.93424e-005	3.91531e-005	7.28369e-005	0.000158569	0.000370093	0.000884875	0.00202202	0.00420959	0.00782822	0.0129204	0.018988	0.0251779	0.0307464	0.0353503	0.0389653	0.0417085	0.0438072	0.0455139	0.0468982	0.047798	0.0480604	0.04791	0.0478749	0.0481132	0.0482991	0.0484303	0.0489755	0.0500275	0.0510442	0.0514765	0.0512157	0.0505299	0.0498325	0.0493929	0.0491657	0.0490688	0.0491897	0.0494463	0.0495528	0.0495159	0.0496332	0.0499679	0.0502611	0.0502898	0.0499763	0.0493341	0.0485422	0.0478818	0.0475213	0.0474051	0.047332	0.0472485	0.0473821	0.047886	0.048557	0.0491136	0.0495224	0.0499073	0.0502907	0.0505684	0.050729	0.050929	0.0512802	0.0516567	0.0518121	0.0516845	0.0514723	0.0513022	0.0509765	0.0503292	0.0496537	0.0494734	0.0499251	0.0505178	0.0506465	0.0503079	0.0500809	0.0503347	0.0507774	0.050961	0.0508565	0.0507209	0.0507157	0.0508054	0.0508526	0.0508054	0.0507452	0.0506348	0.0503021	0.0497988	0.049398	0.0492026	0.0490835	0.0489514	0.0487744	0.0483728	0.0475458	0.0463808	0.0450606	0.0434605	0.0412857	0.0384085	0.0347733	0.0302035	0.0246256	0.0184494	0.0125215	0.00763078	0.00412983	0.00195191	0.0007947	0.000283176	9.8256e-005	4.2607e-005	2.72157e-005	2.28904e-005	2.22124e-005	2.26718e-005	2.2554e-005	2.06909e-005	1.67236e-005	1.1392e-005	
9.21709e-006	1.24111e-005	1.50928e-005	1.82394e-005	2.17613e-005	2.38999e-005	2.46212e-005	2.88104e-005	4.47727e-005	8.56758e-005	0.000188804	0.000455177	0.00109972	0.00249227	0.00509542	0.00918589	0.0145377	0.0204597	0.026199	0.0312998	0.0356291	0.0391826	0.0419835	0.0441114	0.0456597	0.0466468	0.0470752	0.0471778	0.0474053	0.0478927	0.0483397	0.0487003	0.0493146	0.0502105	0.0509783	0.0512811	0.0510403	0.0503455	0.0494549	0.0486877	0.0482028	0.0480678	0.0483461	0.0488102	0.0490271	0.0489659	0.0489947	0.049265	0.049583	0.0497545	0.0496743	0.0492971	0.04878	0.0483912	0.0481988	0.0480461	0.0478248	0.0476719	0.0478379	0.0483513	0.0489269	0.0492734	0.0493866	0.0494997	0.0497936	0.0501948	0.0504939	0.0506119	0.0506888	0.0508532	0.0509922	0.0509578	0.0508614	0.0508385	0.0506826	0.0501516	0.0494941	0.0492781	0.0497302	0.050421	0.0507032	0.0504457	0.0501401	0.0501931	0.0504439	0.0505437	0.0504531	0.0504043	0.0505693	0.0508602	0.050995	0.0507892	0.0503563	0.0498763	0.0493731	0.0489005	0.0485928	0.0484425	0.0483289	0.048186	0.0479493	0.0474618	0.0465498	0.045171	0.0434005	0.0412136	0.0384173	0.0348434	0.0304568	0.0252998	0.0195714	0.0138132	0.0087776	0.00498816	0.00251333	0.00110692	0.000424004	0.000149302	5.98824e-005	3.54107e-005	2.8076e-005	2.48782e-005	2.34521e-005	2.2712e-005	2.15397e-005	1.90436e-005	1.48003e-005	9.5252e-006	
7.16452e-006	9.8093e-006	1.22655e-005	1.51668e-005	1.83873e-005	2.0761e-005	2.21515e-005	2.51874e-005	3.41274e-005	5.58865e-005	0.000110316	0.000250672	0.000602658	0.00143083	0.00315108	0.00613894	0.0104244	0.0156283	0.0212108	0.026716	0.0318157	0.0362401	0.0397895	0.0424361	0.0443024	0.045527	0.0462355	0.0466739	0.0472209	0.0480053	0.0487419	0.0492492	0.0496892	0.0501512	0.0505223	0.0507044	0.0506023	0.0501059	0.0492758	0.0483924	0.0477693	0.047647	0.0480907	0.0487157	0.0489133	0.0486065	0.0483015	0.0483988	0.0488837	0.0494903	0.0498545	0.0497695	0.049473	0.0493901	0.0495482	0.0495795	0.0492956	0.0489485	0.0488855	0.0491538	0.0494759	0.0495297	0.0492654	0.0490036	0.049129	0.0496256	0.0500565	0.0500879	0.0499202	0.0499599	0.0501877	0.0502947	0.0502592	0.0502434	0.0501215	0.0496823	0.0491422	0.04901	0.0494957	0.0502327	0.0506178	0.0504382	0.0500574	0.049903	0.0500012	0.0501237	0.0501493	0.0501819	0.0503558	0.050588	0.0506029	0.0502178	0.0495986	0.0490734	0.0487397	0.0484943	0.0482437	0.0479298	0.0475741	0.0472507	0.046914	0.0463921	0.0454597	0.0439018	0.0416698	0.0388208	0.0352752	0.0308942	0.0257503	0.0201568	0.0145749	0.00957759	0.00567276	0.00302603	0.00144575	0.00060915	0.000227001	8.38019e-005	4.18184e-005	3.15592e-005	2.7529e-005	2.42688e-005	2.17748e-005	1.99027e-005	1.80939e-005	1.57372e-005	1.22021e-005	7.76684e-006	
6.74864e-006	9.12414e-006	1.11676e-005	1.35257e-005	1.63904e-005	1.92354e-005	2.19741e-005	2.58424e-005	3.30373e-005	4.78169e-005	8.12059e-005	0.000159267	0.000347371	0.000808625	0.00184593	0.00380882	0.00689813	0.01109	0.0161975	0.0218766	0.02761	0.0328171	0.037069	0.0402658	0.0425654	0.0441716	0.0452778	0.0461411	0.0470614	0.0481184	0.0490348	0.049554	0.0497427	0.0497852	0.0498041	0.0498672	0.0499133	0.0497614	0.0493114	0.0486856	0.0481857	0.0481534	0.0486925	0.0493406	0.0493882	0.0487287	0.0479755	0.047802	0.0484575	0.0496048	0.0505001	0.0506776	0.0504608	0.0505007	0.0508869	0.0510927	0.0507816	0.0502303	0.0498954	0.0499047	0.0500008	0.0498129	0.0492292	0.0486014	0.0484488	0.0488495	0.0492877	0.0492787	0.0490322	0.0491087	0.0495175	0.0497811	0.0497502	0.0496493	0.0495039	0.0491725	0.0487958	0.0487507	0.0492183	0.0499564	0.0504716	0.0504677	0.0501314	0.049872	0.0498653	0.049977	0.0500244	0.0500011	0.0499938	0.0499701	0.0497753	0.0493189	0.0487874	0.0485138	0.0485414	0.0485693	0.0482934	0.0476608	0.0469105	0.0463042	0.0458039	0.0451645	0.0441065	0.042327	0.0396624	0.036142	0.0317789	0.0266051	0.0209187	0.0152594	0.0101933	0.0061697	0.00338631	0.00170374	0.00078611	0.00032625	0.00012309	5.03797e-005	3.12084e-005	2.71621e-005	2.46823e-005	2.18624e-005	1.96172e-005	1.78955e-005	1.61124e-005	1.38942e-005	1.0777e-005	6.87135e-006	
7.32904e-006	9.51988e-006	1.1097e-005	1.29835e-005	1.57213e-005	1.90736e-005	2.28557e-005	2.75165e-005	3.42324e-005	4.54733e-005	6.63456e-005	0.000107996	0.00020206	0.00043807	0.000999832	0.00214181	0.00412295	0.00717871	0.0114553	0.0168164	0.0227385	0.0284728	0.0333672	0.0371639	0.0399924	0.042105	0.0437469	0.045157	0.046511	0.0477943	0.0487742	0.0492583	0.0493291	0.0492093	0.0490689	0.0490229	0.0491185	0.0492856	0.0493783	0.0493054	0.0491791	0.049308	0.0498282	0.0503035	0.05009	0.0491472	0.0481036	0.0477229	0.0484429	0.0499342	0.0511985	0.0515681	0.0513815	0.0513899	0.051744	0.051908	0.0515259	0.0509012	0.0505174	0.0504761	0.0504629	0.0500851	0.0492544	0.0483371	0.0478697	0.048013	0.04834	0.0483536	0.0481975	0.0484153	0.0489987	0.0493741	0.0493403	0.0492364	0.0492364	0.0491654	0.0489685	0.0488944	0.0492026	0.0498526	0.050471	0.0506796	0.0504997	0.0502783	0.0502192	0.0502191	0.0501219	0.0499233	0.0497011	0.0494735	0.049178	0.0487666	0.0483955	0.0483419	0.0485822	0.0487001	0.0482751	0.0472885	0.0461602	0.0452736	0.0445298	0.0435629	0.0420946	0.0398931	0.0367498	0.0325943	0.0275143	0.0218091	0.0160352	0.0108241	0.00663962	0.00368282	0.00187071	0.000895017	0.000407418	0.000172561	6.96647e-005	3.35332e-005	2.5026e-005	2.37268e-005	2.23845e-005	2.07366e-005	1.97837e-005	1.89575e-005	1.73162e-005	1.47484e-005	1.12576e-005	7.12649e-006	
8.20341e-006	1.04306e-005	1.17534e-005	1.31942e-005	1.55388e-005	1.87828e-005	2.27718e-005	2.76851e-005	3.42068e-005	4.32044e-005	5.5187e-005	7.31183e-005	0.000112519	0.00021967	0.00048941	0.00107255	0.00219288	0.00417133	0.0073389	0.0117991	0.0172552	0.0230459	0.0283909	0.0328054	0.036285	0.0390715	0.0414065	0.0434463	0.0452419	0.0467464	0.0478277	0.048396	0.0485654	0.0485592	0.04851	0.048478	0.0485646	0.048873	0.0493564	0.0498029	0.0500951	0.0503962	0.0508116	0.0509853	0.0504821	0.0494286	0.0483968	0.0480086	0.0486988	0.0502014	0.0515166	0.0519674	0.05187	0.0518845	0.0521022	0.0520622	0.0515625	0.050997	0.0507992	0.0509296	0.0509531	0.0504653	0.0494538	0.0483188	0.0475689	0.0474213	0.0476049	0.0476968	0.0477347	0.0481067	0.0487437	0.0490938	0.0490451	0.0490928	0.0494761	0.0498413	0.0498608	0.0496982	0.0497462	0.0501523	0.0506663	0.0509319	0.0509169	0.0508643	0.0508379	0.0506705	0.0503125	0.0499094	0.0495966	0.0493773	0.0491401	0.0487859	0.0484531	0.0484199	0.0486405	0.0486276	0.0479124	0.0465521	0.0450974	0.0439499	0.0428802	0.0413747	0.0391805	0.0362505	0.0324733	0.0277575	0.0222855	0.0165818	0.0113241	0.00704324	0.00395839	0.00201004	0.000947008	0.000436239	0.000201901	9.21387e-005	4.32731e-005	2.61221e-005	2.29587e-005	2.31306e-005	2.26034e-005	2.18885e-005	2.18196e-005	2.14134e-005	1.96179e-005	1.6599e-005	1.2669e-005	8.16514e-006	
8.75346e-006	1.13005e-005	1.265e-005	1.34898e-005	1.48048e-005	1.71226e-005	2.06118e-005	2.54395e-005	3.19967e-005	4.0025e-005	4.71945e-005	5.21313e-005	6.27565e-005	0.000103289	0.000217472	0.000480571	0.0010405	0.00216512	0.00420335	0.00742782	0.0118492	0.017083	0.0224324	0.0273006	0.031503	0.0351308	0.0382889	0.041	0.0432581	0.0450799	0.0464297	0.0472458	0.0476322	0.0478469	0.0480509	0.0482261	0.0483864	0.0487019	0.0492719	0.0499181	0.0504155	0.0507908	0.0510878	0.0510409	0.0504213	0.0494763	0.048673	0.0484094	0.0490078	0.0502805	0.0513938	0.0518009	0.0518107	0.0519214	0.0520751	0.0518637	0.0512769	0.0508066	0.0508171	0.0511584	0.0513349	0.0509222	0.0499155	0.0487148	0.0478076	0.0474431	0.047483	0.0476307	0.0478658	0.0483603	0.0489178	0.049075	0.0489254	0.0491253	0.0498925	0.0506611	0.0508948	0.0507062	0.0505357	0.0506116	0.0508145	0.0509321	0.050984	0.0511059	0.0511635	0.0508857	0.0503262	0.0498226	0.0495827	0.0495105	0.0493503	0.0489658	0.0485714	0.0485119	0.04869	0.0484718	0.047339	0.0454983	0.0436479	0.0421562	0.0406503	0.0384876	0.0354151	0.0315678	0.0270601	0.0219544	0.0165629	0.0114754	0.00725011	0.00415347	0.00214288	0.00099822	0.000437545	0.000197195	9.70755e-005	5.15238e-005	3.07119e-005	2.39443e-005	2.39973e-005	2.49526e-005	2.46187e-005	2.40826e-005	2.40242e-005	2.33249e-005	2.11496e-005	1.79667e-005	1.41343e-005	9.66521e-006	
8.69131e-006	1.14915e-005	1.29379e-005	1.32357e-005	1.34516e-005	1.46453e-005	1.73412e-005	2.17207e-005	2.79104e-005	3.51445e-005	4.029e-005	4.03164e-005	3.89339e-005	4.93511e-005	9.15608e-005	0.000199223	0.000451773	0.00101765	0.00216377	0.00419813	0.0073305	0.0114835	0.0162574	0.0211818	0.0259478	0.0303832	0.0343642	0.0377963	0.0406603	0.0429991	0.0447729	0.0458978	0.0465042	0.046948	0.0474721	0.0479914	0.0483549	0.0486724	0.0491333	0.0496643	0.050064	0.0503289	0.0505211	0.050482	0.050051	0.0494098	0.0488909	0.0487476	0.0492128	0.0501789	0.0510121	0.0512963	0.0513309	0.0515034	0.0516451	0.0513776	0.0508044	0.0504262	0.0505267	0.0509553	0.0513081	0.0511827	0.0504806	0.0495011	0.0486689	0.0482033	0.0480475	0.048104	0.0484261	0.0490018	0.0494508	0.049367	0.0490328	0.0492094	0.0500759	0.0509705	0.0513069	0.0511675	0.0509233	0.0507736	0.0506861	0.0505841	0.0505554	0.0506994	0.0508093	0.0505762	0.0500722	0.0496891	0.0496284	0.0496721	0.04946	0.0489193	0.048419	0.0483631	0.048539	0.048118	0.0465397	0.0441785	0.0418485	0.0398462	0.0377138	0.0348029	0.030888	0.0262241	0.0211717	0.0160319	0.0112085	0.00717108	0.00418887	0.00222774	0.00107016	0.000464568	0.0001923	8.72374e-005	4.84982e-005	3.21157e-005	2.51167e-005	2.42582e-005	2.61841e-005	2.7154e-005	2.64628e-005	2.58351e-005	2.57732e-005	2.49059e-005	2.24636e-005	1.91888e-005	1.55616e-005	1.12571e-005	
8.18427e-006	1.07348e-005	1.21207e-005	1.24198e-005	1.24637e-005	1.3204e-005	1.52061e-005	1.87175e-005	2.36815e-005	2.91782e-005	3.26441e-005	3.14218e-005	2.70298e-005	2.67212e-005	4.04753e-005	8.31708e-005	0.000191708	0.000452977	0.00102876	0.00215563	0.0040819	0.00694665	0.0107088	0.0151747	0.0200295	0.0248985	0.0294892	0.0336477	0.0373033	0.0403705	0.0426792	0.0441456	0.045024	0.0457872	0.046704	0.0476129	0.0482295	0.0485921	0.0489337	0.0492484	0.0493633	0.0493338	0.0493833	0.0495008	0.049454	0.0492007	0.0489462	0.0488996	0.0492395	0.0499302	0.0505336	0.0507186	0.0507248	0.0508597	0.0509316	0.0506363	0.0501465	0.0498896	0.0500214	0.0504151	0.0508521	0.0510427	0.0507981	0.0502567	0.0497113	0.0492694	0.0489048	0.0487476	0.0490039	0.0495639	0.049922	0.0497006	0.0492422	0.0492853	0.0499719	0.0506848	0.0509328	0.0508182	0.0506314	0.0504861	0.0503085	0.0500291	0.049793	0.0497924	0.0499166	0.0498791	0.0496615	0.0495452	0.0496675	0.0497509	0.0494074	0.0486474	0.0479593	0.047762	0.047756	0.0470426	0.0450952	0.0423617	0.039601	0.0369608	0.0339929	0.0302433	0.0256431	0.0205383	0.0154382	0.0107771	0.00690708	0.00405626	0.00220205	0.00111203	0.000517299	0.0002195	8.98543e-005	4.28355e-005	2.80209e-005	2.3413e-005	2.28476e-005	2.49566e-005	2.74302e-005	2.78271e-005	2.66124e-005	2.5989e-005	2.63538e-005	2.596e-005	2.36524e-005	2.01476e-005	1.62567e-005	1.18379e-005	
7.52258e-006	9.35082e-006	1.05239e-005	1.14789e-005	1.2551e-005	1.3867e-005	1.56105e-005	1.80946e-005	2.1247e-005	2.4216e-005	2.54756e-005	2.37793e-005	2.00143e-005	1.79146e-005	2.26092e-005	4.10762e-005	8.91838e-005	0.00020539	0.000468724	0.00101469	0.00203481	0.00375253	0.00636723	0.00993519	0.0142549	0.0189575	0.0237471	0.0284644	0.0329396	0.036858	0.0398478	0.0418275	0.0431824	0.0444413	0.0458204	0.0470962	0.0479456	0.0483969	0.0487052	0.0488601	0.0486681	0.0482756	0.0481301	0.048374	0.0486789	0.04879	0.0488147	0.04892	0.0492052	0.0496948	0.0501533	0.0503193	0.0503236	0.0503727	0.0502919	0.0498961	0.0494499	0.0493219	0.0495094	0.0498211	0.0501744	0.0504597	0.050512	0.0503698	0.0501912	0.0499393	0.0495492	0.0492534	0.0493252	0.0496614	0.0498476	0.0496088	0.0492241	0.0492588	0.0497587	0.0501743	0.0501689	0.0499535	0.0498448	0.0498843	0.0498267	0.0494699	0.0490124	0.0488332	0.0489693	0.0491286	0.0491576	0.0492184	0.0494402	0.0495691	0.04919	0.048283	0.0473299	0.0467298	0.0462016	0.0449721	0.0426474	0.0396445	0.036511	0.0332078	0.0293709	0.0248686	0.0199005	0.0148935	0.0103497	0.00663087	0.00389179	0.00210902	0.00108715	0.000547118	0.000264446	0.000118464	5.12664e-005	2.639e-005	1.9729e-005	1.93383e-005	2.12701e-005	2.42524e-005	2.64927e-005	2.64805e-005	2.50597e-005	2.43659e-005	2.49089e-005	2.49962e-005	2.30782e-005	1.94612e-005	1.51552e-005	1.05998e-005	
6.52717e-006	7.70171e-006	8.84157e-006	1.07913e-005	1.34145e-005	1.59306e-005	1.79314e-005	1.95664e-005	2.0856e-005	2.13783e-005	2.06596e-005	1.87592e-005	1.65498e-005	1.55836e-005	1.80512e-005	2.73401e-005	4.99842e-005	0.000100579	0.000210181	0.000439564	0.000904109	0.00180404	0.00340005	0.00587543	0.00919723	0.0131783	0.0176586	0.0225298	0.0275649	0.032272	0.0360889	0.0388622	0.0409686	0.0428792	0.0447394	0.0463323	0.0473956	0.0479943	0.048366	0.0484537	0.0480656	0.0474449	0.047165	0.0474329	0.0479118	0.0482997	0.0486344	0.0489588	0.0492532	0.0496021	0.04996	0.0501239	0.0501177	0.0500647	0.0498265	0.0493115	0.0488515	0.0488034	0.049052	0.0492807	0.0494307	0.0495601	0.0496339	0.0497031	0.0498631	0.0499688	0.0498411	0.049601	0.0494352	0.0493445	0.049226	0.0490023	0.0488419	0.0490702	0.0495717	0.0497823	0.0494701	0.0490097	0.0488719	0.0491151	0.0493103	0.0490529	0.0485414	0.0482996	0.0484355	0.0486068	0.0486021	0.048592	0.0487734	0.048948	0.0486566	0.0477434	0.0465457	0.0453878	0.0440687	0.0420463	0.0391202	0.0356841	0.0321077	0.0282353	0.0238048	0.0189646	0.0141484	0.00980012	0.00626785	0.003696	0.00201371	0.00103673	0.000534545	0.000288107	0.000155341	7.82061e-005	3.78661e-005	2.12258e-005	1.65518e-005	1.67048e-005	1.87194e-005	2.14059e-005	2.35076e-005	2.39413e-005	2.30594e-005	2.22845e-005	2.2221e-005	2.18547e-005	1.99661e-005	1.65699e-005	1.2463e-005	8.32886e-006	
4.96902e-006	6.05301e-006	7.64986e-006	1.05427e-005	1.431e-005	1.78161e-005	2.02778e-005	2.14811e-005	2.14595e-005	2.03709e-005	1.85778e-005	1.68281e-005	1.59364e-005	1.6221e-005	1.81728e-005	2.33691e-005	3.41956e-005	5.49166e-005	9.54593e-005	0.000178735	0.000362712	0.000778213	0.00163072	0.0031162	0.0053299	0.00828791	0.0120031	0.0164731	0.0215292	0.0266706	0.0312492	0.0349657	0.0380055	0.0406727	0.043053	0.044976	0.0462776	0.0470872	0.0476164	0.0477726	0.0474205	0.0468731	0.0466597	0.0469277	0.0474189	0.047942	0.0484928	0.0489659	0.0492521	0.0494892	0.049748	0.049851	0.0497599	0.0495912	0.0492808	0.0487758	0.0483728	0.0483956	0.0486992	0.0488932	0.0488766	0.0487868	0.0487164	0.0487956	0.0491506	0.0496153	0.0498802	0.0498278	0.0494895	0.0490112	0.0486248	0.0484177	0.0484481	0.0488654	0.0494544	0.0496017	0.0490651	0.0483136	0.0480067	0.0483281	0.0487878	0.0488139	0.0485084	0.0483787	0.0484808	0.0484341	0.0481075	0.0477836	0.0477126	0.0477433	0.0474425	0.0465494	0.045172	0.0434602	0.0412648	0.0382781	0.0345098	0.0304168	0.0263477	0.0221557	0.0176561	0.0131142	0.00902686	0.00573925	0.00337022	0.00184443	0.000958902	0.000494879	0.000273692	0.000166459	0.000102704	5.97401e-005	3.36518e-005	2.07036e-005	1.56392e-005	1.44565e-005	1.52193e-005	1.71678e-005	1.94661e-005	2.10309e-005	2.143e-005	2.10387e-005	2.00805e-005	1.82893e-005	1.56202e-005	1.24926e-005	9.29846e-006	6.24554e-006	
3.37591e-006	4.8675e-006	7.16315e-006	1.05141e-005	1.44026e-005	1.79863e-005	2.06232e-005	2.19084e-005	2.1719e-005	2.03371e-005	1.84013e-005	1.68741e-005	1.65347e-005	1.72963e-005	1.89814e-005	2.22091e-005	2.74173e-005	3.49327e-005	4.7539e-005	7.37288e-005	0.00013908	0.00031168	0.000714638	0.00149521	0.00278721	0.00471588	0.00741253	0.0109925	0.0154371	0.0204094	0.0253369	0.0297983	0.0337078	0.0371543	0.0401548	0.0425373	0.0441755	0.0452725	0.0460822	0.0465273	0.0465167	0.0463567	0.0464435	0.0468174	0.0472964	0.0478039	0.0483319	0.0487534	0.0489837	0.0491685	0.0493656	0.0493799	0.049171	0.0489148	0.0486369	0.048289	0.0480651	0.0482137	0.0486165	0.0488971	0.048883	0.0486577	0.0483577	0.0482122	0.0484658	0.0490515	0.0496013	0.0497718	0.0494569	0.0489049	0.0485143	0.0483892	0.048471	0.0488486	0.0493921	0.049548	0.0489818	0.0480745	0.0475516	0.0477585	0.0483265	0.0486573	0.0486915	0.048741	0.0487298	0.0483133	0.0475347	0.0467685	0.0462236	0.045774	0.045122	0.0440345	0.0424209	0.0402048	0.037232	0.0333863	0.028864	0.0242154	0.0198618	0.0157537	0.0117555	0.00807984	0.00509404	0.00295945	0.00160062	0.000826832	0.000426275	0.000233323	0.00014445	9.99771e-005	7.08082e-005	4.82409e-005	3.17241e-005	2.12048e-005	1.54116e-005	1.26927e-005	1.21336e-005	1.34346e-005	1.59446e-005	1.85189e-005	2.02823e-005	2.07036e-005	1.91703e-005	1.57305e-005	1.17324e-005	8.55098e-006	6.34044e-006	4.52464e-006	
2.36441e-006	4.22962e-006	6.81012e-006	9.79592e-006	1.27637e-005	1.54715e-005	1.77818e-005	1.94555e-005	2.02077e-005	1.98982e-005	1.87725e-005	1.76313e-005	1.7253e-005	1.76768e-005	1.88169e-005	2.09827e-005	2.3815e-005	2.64034e-005	2.95296e-005	3.69162e-005	5.90505e-005	0.00012601	0.000298966	0.000665084	0.00133045	0.0024271	0.00411782	0.00658901	0.00997131	0.0141612	0.0187865	0.0234237	0.0278064	0.0318574	0.0355062	0.0385016	0.040661	0.0422195	0.0435149	0.0445182	0.0451132	0.0455212	0.0460409	0.046673	0.0472509	0.0476954	0.0480232	0.0482552	0.0484378	0.0486698	0.0488931	0.0488788	0.0486339	0.0483987	0.048231	0.0480549	0.0479913	0.0482585	0.0488078	0.0493079	0.0494641	0.0491925	0.0486129	0.048056	0.0479169	0.0483147	0.0489455	0.0493334	0.0492569	0.0489633	0.0488274	0.0488554	0.0488771	0.04899	0.0492943	0.0494603	0.0490837	0.0482867	0.0476284	0.0475356	0.0479154	0.048347	0.0486189	0.0487268	0.0484487	0.0475771	0.0463547	0.0451542	0.0440494	0.0429039	0.0415766	0.0399491	0.0378656	0.0351252	0.0315806	0.0272571	0.0224666	0.0177731	0.0136213	0.0100544	0.00696184	0.00440976	0.00254383	0.00135575	0.00068708	0.000348089	0.000187283	0.000112362	7.78675e-005	6.10197e-005	4.97243e-005	3.92275e-005	2.91904e-005	2.09195e-005	1.52653e-005	1.20951e-005	1.11978e-005	1.24026e-005	1.49739e-005	1.781e-005	2.00384e-005	2.07046e-005	1.86138e-005	1.39194e-005	8.84514e-006	5.45143e-006	3.81642e-006	2.87339e-006	
1.77242e-006	3.52249e-006	5.65025e-006	7.62594e-006	9.27424e-006	1.08564e-005	1.26428e-005	1.46361e-005	1.65765e-005	1.79864e-005	1.85027e-005	1.83635e-005	1.80849e-005	1.78707e-005	1.80334e-005	1.91172e-005	2.08145e-005	2.20788e-005	2.29922e-005	2.53129e-005	3.30068e-005	5.76597e-005	0.000125563	0.000279236	0.000579618	0.00111609	0.00201969	0.00347672	0.00568798	0.00872594	0.0124374	0.0165288	0.0207466	0.0249694	0.0290491	0.0326419	0.0354858	0.0377626	0.0398027	0.0415832	0.0429214	0.0439267	0.0448791	0.0458506	0.0466673	0.0471531	0.0473411	0.0474406	0.0476394	0.0479832	0.0483046	0.04837	0.0482535	0.0482131	0.0482369	0.0481684	0.0481182	0.0483804	0.0490253	0.0497487	0.0500957	0.049807	0.0490068	0.0480999	0.0475413	0.0476052	0.0481582	0.0487282	0.0489814	0.0490412	0.0491683	0.0492974	0.0492086	0.0490058	0.0489953	0.0491414	0.0490768	0.0486148	0.0479404	0.0474186	0.0473	0.0475154	0.0477881	0.0477787	0.0471269	0.0457891	0.0441625	0.0425559	0.0409081	0.0390727	0.0369976	0.0346317	0.0318564	0.0285479	0.024676	0.0203647	0.0159302	0.0118261	0.00840498	0.00572425	0.00366469	0.00214989	0.00114809	0.000571753	0.000281932	0.000149699	8.91416e-005	5.90915e-005	4.49464e-005	3.92149e-005	3.58873e-005	3.16734e-005	2.60255e-005	2.02027e-005	1.57175e-005	1.3264e-005	1.29898e-005	1.4553e-005	1.6991e-005	1.92759e-005	2.06782e-005	2.03151e-005	1.72329e-005	1.19156e-005	6.65624e-006	3.3574e-006	1.98553e-006	1.45509e-006	
1.18709e-006	2.37737e-006	3.65188e-006	4.60427e-006	5.30645e-006	6.21753e-006	7.67138e-006	9.71251e-006	1.22687e-005	1.50287e-005	1.73401e-005	1.8751e-005	1.9262e-005	1.89595e-005	1.81954e-005	1.7754e-005	1.80006e-005	1.84975e-005	1.90726e-005	2.02856e-005	2.31882e-005	3.14143e-005	5.49014e-005	0.00011148	0.000228805	0.00045203	0.000860367	0.00159068	0.00282516	0.00469906	0.00720869	0.0102401	0.0136915	0.0175085	0.021528	0.0253984	0.0288505	0.0319551	0.0348788	0.0375122	0.0396114	0.0411939	0.0425442	0.043843	0.0449427	0.0456057	0.0458759	0.0460577	0.0463961	0.0469089	0.0473976	0.0476685	0.0478472	0.0481517	0.0484404	0.0484469	0.0482979	0.0484203	0.0490195	0.0498019	0.050192	0.0498608	0.0490044	0.0480406	0.0473142	0.0471126	0.0475098	0.0481759	0.0486736	0.0489073	0.0490483	0.0491189	0.0489525	0.0485783	0.0483252	0.0484003	0.0485995	0.0485056	0.0478636	0.0468777	0.0460932	0.0458296	0.0458655	0.0456456	0.0446872	0.0429967	0.0409901	0.038908	0.0366683	0.0341971	0.0314972	0.0284925	0.0250973	0.0213805	0.0175156	0.0136783	0.0100818	0.00698907	0.00459019	0.00288396	0.00172437	0.000961024	0.000493039	0.000239275	0.000121285	7.24193e-005	4.97979e-005	3.64536e-005	2.95158e-005	2.73501e-005	2.70596e-005	2.63227e-005	2.40012e-005	2.05668e-005	1.75045e-005	1.59155e-005	1.61129e-005	1.76391e-005	1.95092e-005	2.08194e-005	2.08801e-005	1.90301e-005	1.50167e-005	9.7629e-006	5.09026e-006	2.21887e-006	9.96875e-007	5.90888e-007	
6.07276e-007	1.18864e-006	1.74484e-006	2.09552e-006	2.41961e-006	3.1202e-006	4.4104e-006	6.28678e-006	8.89511e-006	1.23245e-005	1.59885e-005	1.90095e-005	2.09652e-005	2.15839e-005	2.05914e-005	1.85116e-005	1.66135e-005	1.56959e-005	1.57951e-005	1.66891e-005	1.80846e-005	2.05743e-005	2.75645e-005	4.61098e-005	8.69129e-005	0.000167566	0.000325339	0.000638755	0.00122886	0.00220969	0.00363319	0.0055122	0.00789241	0.0108215	0.014207	0.0178117	0.0214602	0.0251319	0.028769	0.0321221	0.0349051	0.0370678	0.0388395	0.0404261	0.041742	0.0426267	0.0431889	0.0437227	0.0444083	0.0452163	0.0459722	0.0465575	0.0471168	0.0477896	0.0483315	0.0484156	0.0481836	0.0481528	0.0486134	0.0492725	0.0495259	0.0491151	0.0483609	0.0476376	0.0470469	0.0467333	0.0469395	0.0475671	0.0481148	0.0482426	0.0481055	0.0479782	0.0478274	0.0474972	0.0471208	0.0470346	0.047283	0.0473833	0.046756	0.0454293	0.0440702	0.0432323	0.0428263	0.0423052	0.0411517	0.0392706	0.0369149	0.0342636	0.0313471	0.0282657	0.025116	0.0217987	0.0182242	0.0145849	0.0111803	0.00816768	0.0056183	0.0036126	0.00219067	0.00128464	0.000742745	0.000417918	0.000221979	0.000112984	6.27799e-005	4.36679e-005	3.45503e-005	2.73833e-005	2.26065e-005	2.11774e-005	2.22356e-005	2.38944e-005	2.42586e-005	2.29321e-005	2.10011e-005	1.95486e-005	1.90294e-005	1.93317e-005	1.99738e-005	2.03317e-005	1.96165e-005	1.71435e-005	1.30158e-005	8.30321e-006	4.33575e-006	1.8311e-006	6.58009e-007	2.47433e-007	
2.22605e-007	4.25373e-007	6.05092e-007	7.24989e-007	9.41006e-007	1.52145e-006	2.61721e-006	4.30094e-006	6.87948e-006	1.06355e-005	1.51073e-005	1.93799e-005	2.29256e-005	2.51316e-005	2.48138e-005	2.17906e-005	1.79507e-005	1.54043e-005	1.46735e-005	1.51063e-005	1.58773e-005	1.66849e-005	1.87134e-005	2.51008e-005	3.99159e-005	6.82552e-005	0.000123669	0.000242957	0.000490104	0.000931444	0.00161147	0.00258213	0.003949	0.00582364	0.00821785	0.0110638	0.014327	0.017968	0.021793	0.0254742	0.0287227	0.0314225	0.0336559	0.035533	0.0370303	0.0381646	0.0391645	0.0402785	0.0415331	0.042774	0.0438446	0.0447342	0.0456051	0.0465248	0.047231	0.0474262	0.0472474	0.0471898	0.0475371	0.0480031	0.0480541	0.0475918	0.0470556	0.046737	0.0464619	0.04615	0.0461328	0.0465668	0.0469848	0.0468704	0.0463649	0.0459834	0.0458486	0.0456338	0.0451975	0.0448612	0.0448807	0.0448864	0.0442216	0.0427846	0.041137	0.0398022	0.0387986	0.0377844	0.0363726	0.0343464	0.0317021	0.028551	0.0250844	0.0215869	0.0182644	0.0150623	0.0118887	0.00890632	0.00635999	0.00432174	0.00275705	0.00163851	0.000923981	0.000522139	0.000312124	0.000192741	0.000114041	6.46742e-005	4.07684e-005	3.21336e-005	2.77559e-005	2.3023e-005	1.91094e-005	1.80748e-005	2.0091e-005	2.34628e-005	2.60186e-005	2.67492e-005	2.58713e-005	2.39319e-005	2.16008e-005	1.96488e-005	1.85695e-005	1.81528e-005	1.74322e-005	1.5368e-005	1.18166e-005	7.68134e-006	4.11392e-006	1.75961e-006	5.86641e-007	1.57248e-007	
5.72305e-008	1.07604e-007	1.52287e-007	1.99219e-007	3.41932e-007	7.53305e-007	1.63173e-006	3.23381e-006	5.91053e-006	9.78958e-006	1.44077e-005	1.9114e-005	2.36297e-005	2.727e-005	2.82201e-005	2.55107e-005	2.10048e-005	1.75064e-005	1.59254e-005	1.54824e-005	1.53717e-005	1.53488e-005	1.59738e-005	1.89385e-005	2.60311e-005	3.80904e-005	5.85427e-005	0.000101921	0.000196645	0.000371665	0.000647048	0.0010621	0.00170971	0.00270406	0.00411823	0.00600388	0.00843268	0.0114035	0.0147368	0.0181641	0.0214593	0.0244546	0.0270574	0.0292364	0.0309968	0.0324903	0.0340312	0.0358307	0.0377569	0.0394761	0.0408116	0.0418726	0.0428775	0.0438814	0.0446804	0.0450541	0.0450895	0.0451415	0.0454221	0.0457086	0.04563	0.0452447	0.0450168	0.045125	0.0451944	0.0449444	0.0446995	0.0448273	0.0450301	0.0447515	0.0440249	0.0433966	0.0431235	0.0428937	0.0423921	0.0417803	0.0413629	0.0409823	0.04015	0.0387212	0.0370152	0.0353324	0.0337066	0.0320411	0.0301951	0.027954	0.0251405	0.0218116	0.0182598	0.0148456	0.0118073	0.00914647	0.00678237	0.00476682	0.00319133	0.00203297	0.00121324	0.000675183	0.000364222	0.000209679	0.000138463	9.70988e-005	6.44159e-005	4.09814e-005	2.88876e-005	2.43067e-005	2.16871e-005	1.85185e-005	1.59719e-005	1.60882e-005	1.91523e-005	2.36289e-005	2.7684e-005	3.01052e-005	3.0149e-005	2.76339e-005	2.3405e-005	1.91655e-005	1.64237e-005	1.54159e-005	1.50188e-005	1.37092e-005	1.08444e-005	7.12273e-006	3.78322e-006	1.58154e-006	5.04956e-007	1.2064e-007	
1.02237e-008	1.91937e-008	2.83791e-008	4.78511e-008	1.2793e-007	4.02887e-007	1.14877e-006	2.77489e-006	5.55464e-006	9.24582e-006	1.32461e-005	1.73025e-005	2.16591e-005	2.58782e-005	2.80144e-005	2.65987e-005	2.29689e-005	1.97119e-005	1.76746e-005	1.61633e-005	1.48546e-005	1.40129e-005	1.40618e-005	1.58708e-005	2.0255e-005	2.7002e-005	3.62036e-005	5.25687e-005	8.71137e-005	0.000149832	0.000245363	0.000392613	0.000648495	0.00109231	0.00179506	0.00283628	0.00431834	0.00628593	0.00866062	0.0113175	0.0141405	0.0169693	0.0196198	0.02197	0.0240138	0.0259173	0.0279776	0.0303648	0.032853	0.0349822	0.0365428	0.0377197	0.0387891	0.0398344	0.0407278	0.0413193	0.0416214	0.0418081	0.0420253	0.0421894	0.0421279	0.0419649	0.042063	0.0424892	0.0428121	0.042649	0.042233	0.0420385	0.0420183	0.0417102	0.0409672	0.0401517	0.039594	0.0391614	0.0385141	0.0376036	0.0366559	0.0357187	0.0345666	0.0330746	0.0313356	0.0294228	0.0273331	0.0251202	0.0228546	0.0204429	0.0177097	0.0146925	0.011666	0.00892156	0.00662491	0.00478022	0.00331428	0.00219373	0.00139708	0.000855564	0.000494471	0.000269613	0.000147416	9.12127e-005	6.72114e-005	5.24044e-005	3.8777e-005	2.78358e-005	2.1191e-005	1.77616e-005	1.55851e-005	1.37125e-005	1.3052e-005	1.49468e-005	1.91083e-005	2.39277e-005	2.81152e-005	3.08073e-005	3.09725e-005	2.80265e-005	2.27391e-005	1.71779e-005	1.3432e-005	1.21046e-005	1.2043e-005	1.14009e-005	9.17991e-006	5.95576e-006	3.03711e-006	1.19675e-006	3.57652e-007	7.95119e-008	
1.25371e-009	2.45365e-009	4.27764e-009	1.274e-008	5.97613e-008	2.6762e-007	9.54309e-007	2.59264e-006	5.34582e-006	8.61898e-006	1.162e-005	1.44587e-005	1.79573e-005	2.19842e-005	2.47288e-005	2.47481e-005	2.29639e-005	2.1102e-005	1.92996e-005	1.69525e-005	1.4549e-005	1.30564e-005	1.28219e-005	1.39876e-005	1.67756e-005	2.09524e-005	2.59219e-005	3.25949e-005	4.46582e-005	6.51546e-005	9.41728e-005	0.000139206	0.000228186	0.00040217	0.000700969	0.00117701	0.00190879	0.00295813	0.00433308	0.0060258	0.00801961	0.0102226	0.0124764	0.0146547	0.0167366	0.018832	0.0211447	0.0237811	0.0265057	0.0288655	0.0306536	0.0320508	0.0333171	0.0345239	0.0355744	0.0363644	0.0368645	0.0371335	0.0373086	0.0374666	0.0375804	0.0377267	0.0380927	0.0386611	0.0390629	0.0389289	0.0383822	0.0379001	0.0376676	0.0373921	0.0367723	0.0358934	0.0350445	0.0342645	0.0332974	0.0320041	0.0305547	0.0291232	0.0276527	0.0260247	0.0242037	0.0221721	0.0199274	0.017567	0.0152395	0.0129722	0.0106892	0.00842042	0.00632693	0.00455398	0.0031614	0.00212532	0.00137851	0.000864563	0.000533979	0.000326619	0.000193816	0.000111911	6.73408e-005	4.68127e-005	3.84685e-005	3.36546e-005	2.84838e-005	2.29056e-005	1.78804e-005	1.41451e-005	1.18254e-005	1.07981e-005	1.17079e-005	1.51616e-005	2.00404e-005	2.43244e-005	2.71084e-005	2.83304e-005	2.75388e-005	2.42335e-005	1.88983e-005	1.33073e-005	9.48574e-006	8.15087e-006	8.28684e-006	8.11145e-006	6.59374e-006	4.1891e-006	2.0337e-006	7.46728e-007	2.05578e-007	4.20508e-008	
1.00332e-010	2.44294e-010	7.61787e-010	5.36353e-009	3.804e-008	2.06541e-007	8.15045e-007	2.3246e-006	4.84845e-006	7.65318e-006	9.8664e-006	1.18561e-005	1.48387e-005	1.87335e-005	2.17377e-005	2.28143e-005	2.29882e-005	2.30791e-005	2.21288e-005	1.94431e-005	1.6296e-005	1.43291e-005	1.3843e-005	1.43889e-005	1.58512e-005	1.83303e-005	2.1406e-005	2.46368e-005	2.87319e-005	3.4541e-005	4.20956e-005	5.48441e-005	8.4677e-005	0.000147912	0.000258598	0.00043804	0.000728814	0.00118001	0.00182721	0.00270598	0.00384899	0.00523637	0.00678681	0.00842662	0.0101505	0.0120233	0.0141509	0.0165749	0.019106	0.0214007	0.0233	0.0249379	0.026489	0.0279524	0.0292059	0.0301619	0.0307892	0.0311185	0.031322	0.0315974	0.0319861	0.0324637	0.0330349	0.033604	0.033894	0.0336444	0.0329371	0.0322053	0.0317863	0.0315592	0.0311386	0.0303415	0.0292974	0.0281152	0.0267027	0.0250183	0.0232518	0.0215913	0.019998	0.0183297	0.0165216	0.0145887	0.0125756	0.0105631	0.00866298	0.00693787	0.0053843	0.00401213	0.00285929	0.00194929	0.00127831	0.000812913	0.00050221	0.000304278	0.000186911	0.000119063	7.79079e-005	5.2824e-005	3.87154e-005	3.20098e-005	2.99242e-005	2.92869e-005	2.73373e-005	2.32238e-005	1.80368e-005	1.36213e-005	1.09283e-005	1.00697e-005	1.15761e-005	1.5665e-005	2.06279e-005	2.39895e-005	2.49602e-005	2.4223e-005	2.21673e-005	1.86229e-005	1.38315e-005	9.03019e-006	5.74341e-006	4.52686e-006	4.6069e-006	4.6244e-006	3.77984e-006	2.35367e-006	1.09418e-006	3.77123e-007	9.59943e-008	1.7996e-008	
1.48512e-011	2.33782e-011	2.94715e-010	3.11637e-009	2.54951e-008	1.48386e-007	6.13837e-007	1.81369e-006	3.8778e-006	6.19084e-006	8.00199e-006	9.81426e-006	1.29418e-005	1.71304e-005	2.04276e-005	2.21768e-005	2.37516e-005	2.54989e-005	2.56848e-005	2.33749e-005	2.00877e-005	1.78044e-005	1.69332e-005	1.68136e-005	1.72646e-005	1.87507e-005	2.11362e-005	2.35161e-005	2.53159e-005	2.64229e-005	2.7281e-005	3.02508e-005	4.006e-005	6.14822e-005	9.71942e-005	0.000153091	0.000247196	0.000405862	0.000654382	0.00102324	0.00154911	0.00224604	0.00309178	0.00406884	0.00520201	0.00654041	0.00813175	0.00998035	0.0119589	0.0138487	0.0155553	0.0171777	0.0188112	0.0203851	0.0217419	0.0227911	0.0235114	0.0239393	0.0242565	0.0246944	0.0253147	0.0260314	0.0267273	0.0272257	0.0273089	0.0268632	0.0260093	0.025123	0.0245889	0.0244048	0.0241721	0.0235321	0.0224364	0.0209941	0.0192926	0.0174573	0.0156952	0.0141283	0.0126799	0.0112078	0.00967052	0.00813222	0.00666495	0.00530806	0.00409939	0.00307283	0.00223818	0.00158449	0.00108556	0.000714402	0.000454262	0.000284707	0.000177245	0.000109808	6.9862e-005	4.81499e-005	3.73194e-005	3.22377e-005	2.97309e-005	2.88837e-005	2.9516e-005	3.01988e-005	2.8955e-005	2.49733e-005	1.93856e-005	1.4313e-005	1.09488e-005	9.55397e-006	1.0664e-005	1.4367e-005	1.88439e-005	2.15273e-005	2.15878e-005	1.99588e-005	1.74826e-005	1.42143e-005	1.02374e-005	6.33691e-006	3.55271e-006	2.29047e-006	2.07344e-006	2.04007e-006	1.65782e-006	1.01265e-006	4.54306e-007	1.48815e-007	3.55468e-008	6.16817e-009	
1.47002e-011	8.58858e-012	1.5032e-010	1.65531e-009	1.44615e-008	8.80875e-008	3.81629e-007	1.18052e-006	2.6349e-006	4.36922e-006	5.87445e-006	7.63863e-006	1.08009e-005	1.50083e-005	1.83815e-005	2.04306e-005	2.26079e-005	2.52606e-005	2.66358e-005	2.54914e-005	2.28186e-005	2.0484e-005	1.91954e-005	1.84893e-005	1.83126e-005	1.9363e-005	2.16811e-005	2.42722e-005	2.60185e-005	2.61431e-005	2.50426e-005	2.46945e-005	2.71104e-005	3.30453e-005	4.24625e-005	5.70521e-005	8.32994e-005	0.000130805	0.000209079	0.000332485	0.000523509	0.000799011	0.00116164	0.00162246	0.00221842	0.00298929	0.00395733	0.00511724	0.00639489	0.00766551	0.00888633	0.0101409	0.0114889	0.0128412	0.0140399	0.0150048	0.0157368	0.0162743	0.0167367	0.01728	0.0179529	0.0186921	0.0193693	0.0197702	0.0197028	0.0191608	0.0183088	0.0174436	0.0168982	0.0167238	0.0165832	0.0160922	0.0151153	0.0137441	0.0121651	0.0105819	0.0091588	0.00794395	0.00685877	0.00580091	0.00475059	0.00377113	0.00291948	0.00219976	0.0016017	0.00112692	0.000776101	0.000532681	0.000363635	0.000241725	0.00015743	0.000104714	7.21333e-005	5.00843e-005	3.521e-005	2.72489e-005	2.50467e-005	2.57204e-005	2.70042e-005	2.84675e-005	2.98419e-005	3.02099e-005	2.87198e-005	2.48912e-005	1.93467e-005	1.38749e-005	9.84399e-006	7.7775e-006	8.16228e-006	1.09574e-005	1.45761e-005	1.68214e-005	1.69093e-005	1.56391e-005	1.3848e-005	1.15872e-005	8.72203e-006	5.63169e-006	3.06994e-006	1.53598e-006	9.18081e-007	7.19972e-007	5.46928e-007	3.24078e-007	1.40781e-007	4.42125e-008	1.00551e-008	1.62428e-009	
1.53148e-011	9.84523e-012	7.41495e-011	7.12649e-010	6.56615e-009	4.21372e-008	1.93276e-007	6.32012e-007	1.48426e-006	2.57592e-006	3.62832e-006	4.99799e-006	7.4972e-006	1.08909e-005	1.37822e-005	1.57296e-005	1.78707e-005	2.07566e-005	2.31262e-005	2.3417e-005	2.16989e-005	1.95153e-005	1.79363e-005	1.68196e-005	1.62311e-005	1.69711e-005	1.92431e-005	2.21977e-005	2.45709e-005	2.51762e-005	2.4058e-005	2.27621e-005	2.24815e-005	2.32106e-005	2.49076e-005	2.86714e-005	3.67598e-005	5.08762e-005	7.16454e-005	0.000102983	0.00015525	0.000239282	0.000362269	0.000538804	0.000797643	0.00116436	0.00164791	0.00224214	0.00290941	0.00358627	0.00425854	0.00499265	0.00583586	0.00672306	0.00753668	0.00823198	0.00884101	0.00939336	0.00991046	0.0104247	0.0109581	0.0115145	0.0120325	0.0123288	0.0122364	0.0117803	0.0111133	0.0104349	0.00997355	0.00979052	0.00966287	0.00930153	0.00858412	0.007583	0.00647432	0.00542292	0.00451733	0.00376634	0.00312352	0.00253031	0.00196758	0.00146894	0.0010684	0.000760943	0.000525839	0.000352368	0.00023584	0.000165009	0.000120634	8.79536e-005	6.36646e-005	4.81025e-005	3.85143e-005	3.12332e-005	2.53456e-005	2.21859e-005	2.19996e-005	2.32333e-005	2.48261e-005	2.64218e-005	2.71492e-005	2.64932e-005	2.46691e-005	2.13548e-005	1.64437e-005	1.12437e-005	7.24735e-006	5.13714e-006	5.19671e-006	7.19388e-006	9.87158e-006	1.16268e-005	1.18804e-005	1.12343e-005	1.03792e-005	9.33995e-006	7.7681e-006	5.59048e-006	3.28696e-006	1.53822e-006	6.13399e-007	2.66164e-007	1.45023e-007	7.69935e-008	3.19664e-008	9.64584e-009	2.12054e-009	3.11874e-010	
7.95903e-012	9.57889e-012	2.44312e-011	2.30469e-010	2.37268e-009	1.62365e-008	7.90659e-008	2.72442e-007	6.68688e-007	1.20449e-006	1.76098e-006	2.54846e-006	4.06178e-006	6.2687e-006	8.37909e-006	9.96131e-006	1.16764e-005	1.42253e-005	1.69203e-005	1.80775e-005	1.70728e-005	1.51285e-005	1.34957e-005	1.22208e-005	1.13547e-005	1.16527e-005	1.34936e-005	1.63433e-005	1.90944e-005	2.04757e-005	2.01117e-005	1.89621e-005	1.80756e-005	1.77559e-005	1.82313e-005	2.03764e-005	2.50259e-005	3.1222e-005	3.65257e-005	4.09185e-005	4.92675e-005	6.7981e-005	0.000102163	0.000160535	0.000258782	0.000409507	0.000613171	0.000862496	0.00114053	0.00142006	0.00169717	0.00201314	0.00240317	0.00283635	0.00324993	0.00363535	0.00403684	0.00446821	0.00488651	0.0052469	0.00555656	0.00586677	0.00617933	0.00637763	0.00633572	0.00606131	0.00565196	0.00522075	0.00489744	0.00473311	0.00461623	0.00438404	0.003966	0.00341133	0.00282886	0.00230322	0.00186413	0.00151051	0.00122496	0.000973934	0.00073352	0.000516641	0.00034902	0.000233281	0.000154903	0.000102438	7.09668e-005	5.5495e-005	4.79006e-005	4.1421e-005	3.46821e-005	2.93372e-005	2.60103e-005	2.36019e-005	2.14866e-005	2.03336e-005	2.02377e-005	2.04637e-005	2.0883e-005	2.12953e-005	2.08256e-005	1.94527e-005	1.77952e-005	1.53666e-005	1.15905e-005	7.42738e-006	4.29069e-006	2.78544e-006	2.95127e-006	4.4459e-006	6.35417e-006	7.61219e-006	7.81718e-006	7.37677e-006	6.90513e-006	6.57706e-006	6.02519e-006	4.81756e-006	3.08397e-006	1.49529e-006	5.40055e-007	1.54236e-007	4.35411e-008	1.50734e-008	5.37354e-009	1.51245e-009	3.26915e-010	3.57875e-011	
5.54867e-012	3.06906e-012	1.22318e-011	6.71628e-011	6.95912e-010	4.96703e-009	2.53617e-008	9.08117e-008	2.29742e-007	4.24628e-007	6.42662e-007	9.98167e-007	1.77134e-006	3.05443e-006	4.47174e-006	5.59913e-006	6.697e-006	8.44202e-006	1.05953e-005	1.17515e-005	1.1112e-005	9.55338e-006	8.17583e-006	7.07111e-006	6.20724e-006	6.12627e-006	7.24922e-006	9.37826e-006	1.17876e-005	1.34475e-005	1.37487e-005	1.31064e-005	1.246e-005	1.2405e-005	1.32357e-005	1.55053e-005	1.94751e-005	2.36666e-005	2.53997e-005	2.39805e-005	2.23389e-005	2.4495e-005	3.30482e-005	5.13467e-005	8.60555e-005	0.000142309	0.000217425	0.000304557	0.000396821	0.000485005	0.000567173	0.000661964	0.000790157	0.000943935	0.00110096	0.00126829	0.00147793	0.00173043	0.00197404	0.00215617	0.00228324	0.00241084	0.00256317	0.00268213	0.00268798	0.00256731	0.00236417	0.00213686	0.0019511	0.00183946	0.0017598	0.00164174	0.00145622	0.00122879	0.00100591	0.00081488	0.000659241	0.000538817	0.000449429	0.000370469	0.000281437	0.000189279	0.000116604	7.17123e-005	4.66109e-005	3.22712e-005	2.50898e-005	2.35421e-005	2.45493e-005	2.45899e-005	2.26217e-005	2.01331e-005	1.85906e-005	1.78316e-005	1.72184e-005	1.67798e-005	1.6387e-005	1.57001e-005	1.49396e-005	1.41444e-005	1.29422e-005	1.16397e-005	1.0652e-005	9.28059e-006	6.86332e-006	4.10156e-006	2.10668e-006	1.29173e-006	1.56899e-006	2.64852e-006	3.96954e-006	4.86787e-006	4.98578e-006	4.50433e-006	3.97476e-006	3.76814e-006	3.67717e-006	3.19036e-006	2.18344e-006	1.10523e-006	4.01909e-007	1.04687e-007	2.05504e-008	3.67207e-009	7.964e-010	1.82412e-010	4.36891e-011	8.25284e-013	
