
TracePro Release: 7 0 3 
Irradiance Map Data for D:\SUSTech\Linear Units in millimeters
Data for Observation screen 3.5 Screen
Data generated at 11:34:55 October 19, 2025

Raytrace Time: mins: 0, secs: 7

Projected Plane Extent from surface geometry 
      TopLeft:(20,3,-20) 
      TopRight:(-20,3,-20)
      BottomLeft:(20,3,20) 
      BottomRight:(-20,3,20)
Corners of Data Set (plotted) 
      TopLeft:(20,3,-20) 
      TopRight:(-20,3,-20)
      BottomLeft:(20,3,20) 
      BottomRight:(-20,3,20)
Total Incident Rays: 46041
Min: 25.0935 Max: 283.53 Ave: 157.627
Total Flux: 0.252202 W, Emitted Flux: 0.6
Normalization: 0
Data Smoothing is On
Grid Size is 128 x 128
Map Count 50
Data Cells are 0.3125 x 0.3125 millimeters

27.6456	36.0701	40.0291	39.1641	35.8986	33.3531	32.6685	33.4579	36.1893	42.3289	50.6515	56.1658	56.8578	57.6717	62.5041	67.3547	66.7121	61.3029	55.8273	54.2069	57.4257	62.4733	66.259	69.7374	74.1538	78.0983	81.0367	83.9998	85.3582	80.8054	69.638	57.7781	52.2382	55.3228	64.5883	74.7615	79.8192	76.5839	68.0601	62.3216	65.6242	75.4536	82.7679	82.1787	76.5377	71.224	68.3118	67.9289	71.5815	80.323	90.662	96.3799	96.0428	93.6249	89.5559	79.9344	66.5785	58.6789	63.1865	77.2797	89.7945	91.2686	83.4541	75.1592	70.462	67.3035	63.6523	59.5284	57.4137	61.7001	73.2918	86.8966	96.6668	100.474	98.0513	91.1377	83.8921	77.929	70.9576	63.2238	60.0351	64.2257	70.4832	71.8742	68.184	63.6941	60.3289	56.6796	52.0138	47.9232	46.7266	49.811	56.4708	64.0792	69.4861	70.669	67.7993	62.7331	57.9183	55.412	55.7214	57.5168	60.0792	65.6988	76.0266	86.8647	91.2754	87.3705	79.3594	72.3722	68.9812	68.3601	67.6779	65.4012	62.1891	59.0404	56.231	53.8226	52.5598	53.9516	58.5448	64.2066	68.4809	71.2561	72.1887	68.7441	58.9609	43.6594	
41.8985	54.8885	60.8676	59.5298	55.3196	53.2828	54.6648	58.014	62.926	71.194	82.0954	89.3779	89.5078	87.9141	89.7172	91.4083	88.1126	81.7685	77.5353	78.4658	84.6674	93.1976	101.131	108.806	116.519	122.022	123.959	123.361	120.277	112.106	98.0191	83.7253	77.541	82.5541	95.293	108.997	116.395	113.157	102.328	94.5079	98.9388	112.536	122.544	121.127	111.775	101.887	95.1153	92.6323	96.9701	109.257	123.82	131.218	129.208	124.299	119.009	108.391	92.7204	82.1102	85.7958	102.102	118.934	124.699	119.738	112.424	106.647	101.491	96.605	91.4841	87.6302	91.2954	105.744	124.235	136.781	139.302	133.502	124.123	116.588	111.896	106.098	98.1244	93.5655	96.1247	100.34	98.8934	92.2762	86.2179	83.906	84.0349	83.9455	82.7009	82.3479	85.5112	91.3724	96.7875	99.7631	99.8727	97.9435	95.6842	93.9123	91.9532	89.8401	89.2816	92.3102	100.496	112.569	122.175	122.842	115.707	108.215	105.71	107.212	107.73	103.391	95.2205	87.2199	81.5353	77.311	73.7276	72.7119	77.8492	89.6262	102.505	110.094	110.944	105.724	94.1751	77.0324	56.1547	
51.1643	68.0054	76.4965	76.5892	74.1597	74.8441	79.2597	85.0968	90.7105	97.4412	106.498	113.76	115.037	112.975	111.273	108.348	102.536	97.3603	96.964	101.468	109.126	118.872	130.462	143.315	154.551	160.002	158.107	151.372	143.319	133.936	121.071	107.912	102.59	108.801	122.659	137.034	145.15	143.299	134.296	128.24	134.423	149.194	158.379	153.676	139.636	125.361	115.565	111.098	113.995	125.617	140.07	146.713	142.709	135.965	131.179	123.52	110.807	100.772	102.564	116.81	134.265	144.264	145.465	143.086	139.095	134.099	129.973	125.567	120.848	122.835	136.823	156.068	168.068	167.767	159.827	151.493	146.567	143.53	138.218	130.153	124.539	124.572	125.4	121.087	113.344	108.705	110.658	116.649	120.757	119.554	116.319	116.46	120.025	123.58	125.127	124.112	121.917	121.695	123.609	123.68	120.656	118.995	122.582	130.294	137.539	139.178	133.685	126.358	125.025	131.507	139.623	141.034	132.501	118.708	107.138	100.197	94.7116	88.867	86.8172	95.0039	113.603	133.249	143.641	142.118	130.643	111.824	89.303	65.2837	
53.0784	72.1028	83.4014	87.6507	90.8973	97.0486	104.655	110.954	114.247	115.74	119.102	124.508	128.176	127.785	123.443	116.133	108.884	106.886	112.391	121.571	129.976	138.527	150.934	166.678	179.442	182.873	176.199	164.771	155.356	148.502	139.079	127.669	122.848	129.642	143.967	157.745	165.032	164.961	161.229	160.689	168.897	181.461	185.804	175.609	156.85	139.706	129.259	124.9	126.894	136.712	149.051	152.94	145.55	136.135	131.556	127.917	120.845	114.077	114.574	124.77	139.641	151.516	158.492	162.204	161.986	159.632	159.006	158.325	155.233	155.124	164.263	178.471	185.982	181.974	174.164	171.318	172.584	171.075	163.149	152.212	144.979	143.852	143.911	139.894	133.891	132.869	140.123	150.63	154.766	148.186	137.412	131.944	133.922	139.489	143.646	142.407	137.303	134.92	137.523	140.375	140.991	142.949	147.755	150.733	147.141	137.456	127.118	123.854	132.054	147.521	160.129	161.904	152.482	138.935	129.077	123.387	116.211	105.787	99.4791	106.767	127.585	149.891	160.933	157.046	140.975	117.774	93.1625	68.8287	
49.6317	69.3512	83.5279	93.7177	105.027	118.264	128.838	133.477	132.314	127.947	125.343	127.407	131.172	130.928	124.163	114.028	107.094	109.348	121.241	135.861	146.046	152.907	162.854	176.886	187.726	188.265	178.986	167.412	161.002	158.001	150.236	138.024	132.382	140.55	157.515	171.789	176.915	176.621	177.835	183.762	194.083	203.319	202.179	187.383	165.71	147.371	137.759	135.549	139.367	149.928	161.304	161.677	149.128	135.424	129.694	128.843	126.692	123.229	122.946	129.186	140.251	151.828	162.689	171.517	174.706	174.83	178.261	183.445	184.739	183.274	185.195	190.96	192.135	184.328	177.184	180.818	189.625	189.861	177.405	161.157	151.895	152.004	155.269	155.007	152.118	153.918	164.28	176.266	177.338	163.337	144.281	133.454	135.143	144.587	152.703	151.956	144.24	138.825	140.409	146.055	152.98	160.867	166.118	162.163	147.79	130.012	118.688	120.915	136.657	157.188	171.462	174.613	169.491	162.649	158.47	154.569	144.667	128.407	115.693	117.856	135.125	155.37	165.309	159.593	140.187	113.793	87.8961	64.181	
44.4584	63.9182	80.4096	95.9998	114.585	134.531	148.338	151.381	145.918	137.257	130.675	128.926	129.541	126.802	118.393	108.437	103.754	109.46	125.269	143.543	155.565	161.021	166.773	175.842	182.681	181.257	172.93	164.971	162.483	160.734	151.247	136.908	131.352	142.772	164.049	179.126	180.04	175.236	176.729	186.451	198.976	207.096	204.332	189.965	170.144	153.24	144.601	143.914	149.529	160.793	170.604	167.239	150.527	134.219	128.614	130.866	133.021	131.748	129.831	131.688	138.212	147.887	160.356	172.139	177.128	178.131	183.922	194.157	200.675	200.015	196.796	195.143	190.785	180.177	173.234	180.914	195.176	197.138	181.373	160.964	150.596	152.948	160.488	164.667	164.331	166.535	176.448	187.247	185.237	166.366	142.467	128.69	129.868	140.008	148.731	149.139	143.974	141.262	144.763	153.258	164.603	175.252	178.627	169.351	150.027	130.441	120.333	124.537	141.075	161.356	176.287	183.371	185.803	186.623	185.723	180.409	167.559	148.606	132.692	129.895	140.72	155.599	163.269	156.974	136.357	107.757	79.5455	54.9146	
41.2371	59.7252	76.9883	95.673	119.354	145.483	164.058	167.47	158.562	146.067	136.694	132.226	129.729	124.726	116.706	109.786	108.339	115.339	130.8	148.293	159.192	162.357	164.29	169.02	172.688	170.731	165.019	161.014	160.285	156.707	144.725	130.662	128.109	143.044	166.334	180.214	175.845	163.604	159.828	168.806	183.151	193.338	193.925	185.943	173.989	162.471	154.951	152.965	156.564	164.552	169.956	163.483	146.44	131.338	127.786	134.08	141.39	142.566	138.355	135.051	136.543	142.837	153.25	163.733	168.275	169.543	176.328	189.043	199.38	201.465	196.985	190.589	182.201	170.899	165.523	175.599	192.35	195.706	179.915	159.303	149.364	152.755	162.31	169.271	170.612	171.654	178.04	185.044	180.552	160.699	136.765	122.951	122.554	129.054	134.996	137.739	140.065	145.322	153.698	164.63	177.099	186.888	188.238	178.524	161.055	143.536	133.226	133.475	143.4	158.351	172.685	184.134	193.039	197.577	194.577	184.623	170.986	156.492	145.683	143.479	148.969	156.092	158.64	151.535	132.446	104.663	74.9057	48.1137	
43.7354	61.2635	77.7057	97.2827	124.766	157.585	182.832	188.27	175.584	157.316	144.077	138.052	134.738	129.359	122.719	118.892	119.912	126.976	140.203	153.575	159.231	157.898	157.466	161.57	165.311	163.915	159.503	156.636	155.304	150.227	139.089	129.253	131.008	146.359	166.245	176.211	168.348	150.987	141.093	146.685	161.498	174.265	179.553	179.854	178.537	175.204	169.651	164.772	163.892	166.837	167.967	161.029	146.825	133.325	129.206	136.901	148.921	153.676	148.378	141.227	139.423	142.647	147.98	152.447	153.497	154.103	160.79	173.547	185.286	189.646	185.457	176.363	166.083	157.076	155.772	167.702	184.413	189.018	177.022	160.381	151.646	153.733	162.307	170.291	173.237	173.139	174.046	174.272	166.697	149.09	130.054	119.522	117.829	119.666	122.871	128.577	137.736	149.272	160.948	172.398	183.501	191.44	193.445	188.729	177.765	163.741	151.997	145.954	146.504	153.058	163.325	174.812	185.14	189.282	182.676	169.212	158.09	153.773	155.634	160.913	164.393	162.652	156.538	145.895	128.149	102.917	73.6923	45.7548	
52.1605	69.9675	85.4915	104.854	134.43	171.945	202.445	209.722	193.282	168.243	150.039	142.943	140.669	136.292	130.337	126.984	128.266	135.874	148.968	158.757	157.244	149.632	147.981	155.513	163.962	165.455	160.783	155.316	151.501	147.042	140.752	137.326	142.133	153.969	165.904	169.769	160.835	144.112	132.802	135.582	148.243	160.326	167.522	173.604	180.899	184.972	181.917	175.294	171.641	172.52	173.7	170.331	160.18	145.589	135.675	139.367	152.581	160.622	156.791	149.616	148.269	150.968	151.824	149.311	145.172	143.172	147.574	157.711	167.566	171.264	167.197	158.979	151.66	147.902	150.37	160.947	173.943	179.08	173.346	162.874	154.987	153.984	160.124	168.575	173.489	172.871	167.826	159.786	148.905	136.169	125.95	121.275	119.372	117.892	119.902	127.91	140.076	153.345	165.367	175.126	182.295	186.725	189.695	191.303	188.266	179.698	169.78	161.754	156.537	155.392	158.523	164.28	170.341	172.072	164.514	151.109	143.25	148.53	164.696	181.327	186.401	177.667	162.877	146.964	127.788	102.954	74.1545	46.1281	
60.4492	80.3912	96.7979	115.66	143.206	177.934	206.701	213.722	196.61	169.528	149.908	143.875	144.043	141.321	135.234	130.196	130.335	139.614	155.138	163.26	155.424	141.898	139.604	152.398	169.046	176.598	171.871	161.509	153.393	149.483	148.348	150.709	157.399	165.045	168.755	166.009	156.743	144.548	136.443	137.21	144.393	151.905	158.582	168.246	180.556	187.955	185.281	177.371	172.937	174.939	180.114	183.127	177.662	161.655	145.17	142.163	152.491	162.201	162.522	159.543	161.629	166.069	165.468	159.056	151.042	145.738	146.137	151.212	155.859	156.17	153.374	151.795	153.198	155.358	157.292	160.803	165.624	168.68	167.735	162.453	155.194	151.775	156.254	165.299	171.878	171.008	161.589	147.745	135.989	129.86	128.725	128.606	125.265	120.561	121.694	131.271	145.145	159.51	172.126	179.881	181.103	178.919	179.092	182.791	184.993	183.002	179.668	176.325	171.984	167.8	165.113	163.33	162.306	160.772	154.207	142.331	135.044	144.146	169.969	196.789	205.62	194.211	175.361	157.187	136.991	110.935	80.5039	50.7136	
63.3671	86.6975	105.969	124.103	145.116	168.931	188.136	192.534	179.799	159.867	146.946	146.151	149.33	146.966	139.376	132.721	133.372	145.667	163.267	169.438	157.138	140.19	137.617	154.151	177.797	191.35	186.965	171.945	159.023	153.632	154.527	160.374	169.01	175.156	174.6	168.026	159.36	152.215	147.625	145.177	144.687	146.629	153.443	166.994	182.152	188.552	182.296	171.026	165.084	168.082	176.937	185.164	184.137	170.12	152.548	145.496	151.666	161.826	167.697	170.859	176.546	182.411	181.875	174.477	165.033	157.864	154.9	154.693	153.579	151.092	152.175	160.507	171.533	176.694	173.744	167.616	162.96	160.987	160.134	157.111	151.494	148.418	152.45	161.245	168.204	167.445	157.231	143.288	134.678	134.747	138.584	138.013	129.831	120.478	120.043	131.078	148.002	165.825	181.062	187.858	183.414	174.226	169.519	170.799	173.048	174.406	177.319	181.037	182.43	181.489	178.671	172.831	165.643	160.014	153.336	142.041	132.848	140.015	167.583	198.62	210.637	200.675	183.531	168.962	152.987	128.547	95.7598	61.1502	
62.7381	88.899	110.745	127.528	141.118	153.049	161.633	163.639	158.973	152.717	152.037	158.091	162.156	156.377	144.798	137.582	141.768	157.604	174.474	176.975	162.493	145.6	143.166	159.808	184.809	200.074	195.602	178.362	162.29	154.105	153.871	160.619	170.828	178.058	178.337	173.348	168.103	165.287	161.972	155.19	147.828	145.923	153.894	170.787	187.215	191.118	180.571	165.848	157.934	159.824	167.874	175.885	177.029	168.688	157.048	151.261	154.874	164.526	174.104	181.354	188.052	192.628	190.829	183.169	174.343	167.629	163.325	159.984	156.293	154.604	160.743	175.753	190.532	194.215	186.212	174.419	164.7	158.278	154.498	151.472	148.211	146.693	149.328	155.567	161.47	161.639	154.282	145.191	141.925	145.247	148.525	143.631	129.636	115.915	113.75	125.747	145.826	167.338	184.688	190.526	182.759	170.663	164.352	163.382	162.28	161.516	165.558	173.786	181.926	188.044	190.156	185.143	174.716	164.637	155.666	144.16	133.795	137.104	159.605	187.766	201.252	195.395	182.627	173.697	165.048	145.698	112.114	72.1887	
62.1786	88.7097	110.39	125.094	134.43	140.967	145.393	148.615	152.908	159.462	168.24	176.842	177.697	165.93	149.701	142.861	151.12	168.63	182.068	180.878	167.318	153.774	152.118	165.889	186.87	199.644	195.071	178.386	161.039	149.76	146.732	152.143	162.395	171.615	176.596	178.173	178.939	179.333	175.91	166.691	156.352	152.697	160.371	177.056	192.338	194.701	183.559	169.449	161.658	160.895	163.133	165.293	165.879	164.535	162.545	161.978	165.286	173.11	181.958	188.596	192.804	193.409	188.754	180.97	173.988	168.876	164.688	161.491	160.043	162.13	170.749	184.727	195.554	195.195	185.587	174.916	166.865	160.168	154.644	151.249	149.552	148.259	147.637	149.587	153.375	154.286	150.461	146.985	148.272	151.894	151.778	142.815	126.075	110.866	107.587	119.152	140.066	162.162	178.124	181.694	173.349	163.282	159.799	159.483	155.729	150.893	152.576	162.417	175.896	188.254	194.861	191.896	180.937	168.218	156.944	145.814	136.931	137.92	152.845	174.572	189.224	189.048	179.798	172.527	167.311	151.966	119.194	76.7737	
62.5957	86.8308	105.152	116.863	125.141	132.906	140.224	148.41	160.046	173.178	183.307	187.95	183.417	167.7	149.867	143.996	153.88	170.226	180.017	177.526	167.647	159.239	158.92	168.931	184.065	193.246	189.189	174.364	156.582	142.6	136.368	138.831	147.604	158.937	170.251	180.01	186.67	188.897	186.012	178.547	169.649	165.011	169.5	182.206	194.476	196.68	188.75	179.29	173.916	170.378	165.528	161.096	160.674	164.978	170.976	175.423	179.217	184.452	189.584	192.316	192.088	188.331	181.422	173.988	168.172	163.522	160.222	160.829	165.429	171.089	177.027	183.327	186.527	182.985	175.214	169.113	165.736	161.998	157.723	155.549	155.502	154.495	151.748	150.35	151.06	150.005	146.265	145.278	149.708	154.297	152.447	141.561	124.677	109.909	105.523	114.745	133.322	152.265	164.06	165.552	159.351	153.53	153.456	154.729	150.792	144.37	144.416	154.881	171.59	186.51	192.865	189.242	179.426	168.043	156.964	146.879	140.545	141.084	149.716	165.31	181.191	186.954	180.767	172.311	165.632	150.501	118.332	75.96	
65.0435	85.6618	98.6108	106.471	114.678	125.705	137.765	150.753	166.012	179.505	185.48	183.962	175.905	160.725	144.694	139.152	147.524	161.553	170.033	169.027	163.441	159.491	160.176	166.685	176.57	182.711	179.296	166.643	149.996	135.588	127.184	126.029	132.379	145.09	161.092	176.153	186.091	189.538	188.986	186.209	180.615	174.602	174.175	181.395	190.263	193.3	190.401	186.949	184.302	178.649	169.857	163.957	165.593	173.2	181.065	185.233	187.336	190.042	192.293	191.863	187.994	181.522	174.43	168.007	162.044	156.675	155.333	162.21	173.777	180.785	180.35	177.007	173.698	169.462	164.449	161.221	160.254	159.283	158.402	160.252	164.27	166.465	165.508	163.451	160.23	153.461	145.352	143.859	151.891	161.074	160.8	148.518	130.301	114.717	107.98	113.008	126.802	140.944	149.625	152.702	151.916	150.483	151.436	152.308	148.657	142.996	143.229	153.836	171.104	184.728	186.855	180.234	172.396	165.186	155.839	145.525	139.631	139.807	144.613	155.331	170.353	180.173	179.103	173.15	166.189	150.105	117.726	75.7274	
70.4646	88.0105	96.2725	101.838	111.433	125.237	139.125	152.269	166.033	176.577	178.783	174.59	167.343	155.825	142.056	134.595	138.983	151.082	161.208	163.697	161.395	159.356	159.185	161.731	166.809	170.085	166.827	156.869	144.19	132.903	124.247	119.447	122.289	134.23	150.951	166.27	176.228	180.909	183.818	185.793	183.171	176.172	171.412	172.901	177.479	180.881	183.06	185.077	184.084	177.157	169.237	169.06	177.679	187.459	190.889	187.921	184.647	185.119	187.479	187.394	182.551	175.335	169.751	165.684	160.647	155.608	156.595	168.356	184.283	190.893	184.579	173.899	166.693	162.884	159.004	154.808	152.422	152.439	155.459	162.743	172.059	178.973	182.178	181.633	175.066	162.002	149.354	148.219	161.258	176.243	177.694	162.777	141.575	124.242	114.704	114.55	122.384	132.404	141.519	150.565	157.436	159.918	160.152	158.696	153.913	148.856	149.745	159.314	173.625	182.646	179.711	170.75	165.137	161.69	153.207	140.667	132.459	131.398	134.291	140.991	152.095	162.74	168.028	168.862	164.966	149.501	118.01	77.2731	
76.09	93.5819	101.839	109.916	123.496	138.933	150.466	158.746	167.366	174.335	175.617	173.538	171.059	164.331	151.334	139.554	138.311	148.597	162.008	169.396	169.891	167.571	164.296	161.852	162.141	162.471	158.835	151.774	144.713	138.699	131.37	123.354	121.516	130.108	144.289	156.598	164.211	169.066	174.542	180.177	180.901	175.106	167.698	162.798	160.777	162.312	168.034	174.103	173.753	166.661	163.245	172.934	190.751	201.877	198.019	185.309	175.831	175.214	180.124	183.18	179.74	173.225	170.101	170.247	168.968	165.618	166.302	176.963	192.004	197.729	189.688	176.569	167.668	163.345	158.064	150.294	144.433	144.07	149.975	160.978	172.772	181.67	187.952	190.068	183.121	168.046	155.731	158.155	175.193	191.692	191.535	174.315	153.15	137.571	127.507	122.383	123.592	130.134	141.495	157.117	170.237	175.046	174.365	171.118	165.213	160.34	161.319	167.963	175.829	178.083	171.379	162.256	158.669	157.517	150.011	136.598	126.542	124.007	125.565	129.016	135.321	144.271	152.964	157.661	154.661	139.999	112.256	76.3613	
78.5497	100.465	114.68	128.911	146.002	159.95	166.172	168.583	172.906	177.99	180.384	182.614	186.321	184.283	171.448	155.442	148.624	155.948	171.025	182.76	186.435	183.89	177.365	170.579	167.139	164.853	160.269	155.226	153.086	152.412	147.791	138.41	132.296	136.212	146.53	155.177	159.201	161.923	167.934	176.918	182.584	180.081	170.762	158.582	148.478	146.796	154.976	164.276	164.378	157.93	159.823	178.458	202.739	212.706	201.513	181.653	169.491	170.374	178.633	184.615	182.771	177.429	176.74	181.279	184.394	181.701	177.576	180.545	190.1	195.968	192.436	183.614	175.693	169.353	160.379	148.23	138.841	137.454	144.533	156.286	166.547	173.291	179.67	184.096	179.749	167.79	160.246	166.738	183.153	194.685	190.427	174.647	160.197	152.036	144.926	136.574	131.983	135.443	147.964	166.343	180.596	184.291	182.213	178.93	174.153	170.429	170.61	172.4	172.417	168.562	160.513	152.958	151.16	152.253	148.41	138.653	129.909	126.224	125.703	126.518	129.326	135.272	142.022	143.533	136.079	120.414	97.9391	70.0072	
78.1656	106.482	128.456	147.523	163.757	172.113	171.89	170.229	173.303	179.218	184.425	191.302	200.069	201.748	190.813	174.776	165.255	168.084	180.201	192.685	198.924	197.249	189.307	180.611	175.385	171.231	165.743	161.994	162.966	166.041	164.777	156.905	149.134	148.993	155.27	160.766	161.61	161.659	167.578	179.621	189.568	189.361	177.82	159.371	142.973	139.434	150.717	163.92	165.236	159.168	164.091	187.553	213.817	220.205	202.933	179.943	169.458	174.413	185.746	192.487	190.321	184.827	184.393	190.019	194.349	190.187	180.259	175.298	179.808	187.935	193.473	194.283	190.183	181.289	167.52	151.758	140.465	138.264	144.963	155.641	163.183	166.061	169.194	172.722	170.48	163.091	160.296	167.454	178.027	181.206	173.893	163.834	159.86	160.749	158.221	150.343	144.677	147.927	160.361	176.263	185.367	183.449	177.881	174.881	173.434	172.646	171.831	168.375	162.415	156.179	150.112	145.774	146.161	149.843	150.825	146.453	140.163	135.038	131.516	129.955	130.362	132.467	134.162	130.166	117.971	100.959	82.1705	60.8086	
74.9007	106.693	133.283	153.943	166.701	168.772	163.123	158.598	161.214	168.967	178.295	189.817	201.469	205.339	198.861	188.382	180.459	179.006	185.058	194.659	201.171	199.687	191.226	182.563	177.44	173.023	168.085	165.703	167.316	170.432	170.513	165.284	158.489	155.935	158.761	162.717	163.955	165.228	172.517	184.717	192.809	190.092	176.764	157.044	139.716	136.652	150.807	167.978	171.562	165.463	169.991	193.513	218.671	222.011	202.037	179.243	171.842	180.714	194.275	200.568	196.57	188.904	185.545	187.663	188.903	182.581	171.497	166.032	170.725	181.712	194.466	203.987	204.524	194.66	178.378	162.338	152.193	149.802	154.589	163.55	170.171	170.702	168.647	167.025	163.692	159.201	158.985	163.676	166.5	162.566	155.138	151.581	154.906	160.312	161.019	157.425	157.084	164.619	176.958	186.848	186.812	176.426	165.162	161.239	163.887	167.677	166.978	160.095	152.134	148.328	147.893	148.866	151.948	156.657	159.119	156.44	149.951	142.11	135.179	131.439	130.159	129.214	127.326	121.515	109.274	92.5035	74.1804	54.3872	
67.0497	97.4345	124.538	145.401	156.606	156.517	149.176	143.115	144.478	152.856	165.548	180.534	192.791	196.943	195.086	192.041	188.155	184.793	186.402	193.046	198.015	194.618	184.643	176.34	172.861	170.478	167.638	166.015	165.554	165.044	163.365	159.434	154.067	150.319	151.078	156.171	162.969	171.038	181.148	188.692	186.944	176.829	163.929	150.25	138.337	136.629	149.952	167.524	172.975	167.679	170.393	190.295	212.148	214.744	196.939	176.795	170.572	179.909	194.179	200.853	196.249	186.894	180.454	177.878	174.026	165.418	157.313	157.873	166.788	179.048	193.111	205.477	208.666	200.491	186.867	175.312	168.742	165.925	167.443	174.756	182.868	183.941	177.883	170.525	164.994	162.515	164.248	166.431	163.061	155.298	149.797	149.768	153.056	155.939	156.66	158.03	165.476	179.204	191.895	195.718	187.385	170.055	153.817	148.513	154.525	162.458	162.228	154.026	147.764	149.962	157.441	164.697	169.907	173.121	173.081	167.994	158.362	146.451	135.814	130.402	129.732	130.149	129.63	125.878	115.691	98.635	77.1191	53.7359	
56.9875	83.6766	108.873	129.024	140.722	142.98	138.654	133.948	134.7	142.691	156.728	172.923	183.947	186.478	186.412	187.94	187.393	184.224	184.555	190.366	194.417	189.171	177.492	169.059	167.442	168.082	167.164	164.555	160.772	156.707	153.306	150.034	145.897	142.156	142.768	150.637	164.351	179.919	191.884	192.491	179.22	162.336	153.205	150.266	147.091	146.261	154.239	166.611	171.35	167.933	169.831	184.243	200.235	202.399	189.138	172.238	164.545	170.636	183.914	192.433	190.579	183.304	177.69	173.756	166.051	154.077	146.797	151.389	163.423	176.17	189.136	199.938	202.19	195.615	187.026	181.549	178.206	174.392	173.303	180.286	190.925	193.845	186.537	177.2	172.434	173.295	177.534	178.399	171.368	162.76	159.958	160.126	157.743	153.44	151.146	154.763	167.152	185.181	198.719	199.781	188.333	169.632	152.784	147.551	154.792	162.957	160.805	151.848	149.054	157.735	171.625	182.742	188.183	189.223	186.796	179.538	167.055	151.548	137.74	131.796	135.144	142.759	148.59	147.759	136.919	115.865	87.5774	57.2525	
49.8319	73.9328	96.7476	114.501	125.546	130.782	131.612	130.755	132.807	141.032	155.205	170.618	179.401	179.582	178.787	181.171	181.521	177.923	176.925	182.249	187.411	184.184	173.98	165.642	164.305	166.603	166.265	161.295	154.656	149.977	148.38	148.448	147.796	146.272	147.824	156.683	172.239	189	198.903	194.06	175.731	159.203	157.518	165.406	170.178	170.219	172.375	177.131	178.247	175.634	176.838	184.62	192.041	191.258	181.163	167.021	157.491	159.172	170.126	181.173	185.335	184.202	183.147	181.498	172.749	157.02	145.73	147.826	159.792	174.655	189.01	197.607	195.356	186.169	178.708	175.586	173.027	168.884	168.209	176.807	189.16	192.818	185.918	178.572	177.763	182.329	187.78	187.55	179.82	173.548	174.162	173.376	164.599	153.359	147.482	150.399	163.115	181.731	195.979	198.275	189.79	175.871	163.719	161.118	167.542	171.244	164.111	153.904	153.655	165.074	179.348	188.583	191.586	191.59	189.828	183.542	171.396	155.764	141.907	137.456	145.877	161.329	173.442	174.156	160.526	133.864	98.2655	61.011	
46.9286	70.6064	91.975	106.586	115.058	121.213	126.016	129.291	134.259	144.313	158.516	171.84	178.135	177.056	175.743	177.135	175.389	168.077	162.478	165.276	172.825	176.352	172.399	165.243	161.799	163.168	162.638	156.007	148.182	145.667	149.705	157.499	164.016	165.795	165.833	170.111	179.83	190.164	194.018	186.358	171.251	163.269	171.839	188.497	199.051	200.97	200.338	199.095	195.086	190.162	188.343	188.439	186.27	180.872	172.867	162.669	153.743	151.709	158.872	171.519	182.562	188.446	191.589	192.319	184.832	168.047	152.76	150.445	161.923	180.732	198.326	204.961	196.524	180.809	168.722	162.491	158.084	154.33	155.993	166.668	179.532	183.37	178.371	175.183	178.635	184.066	186.632	184.088	178.373	177.135	181.362	180.005	167.902	153.838	146.555	147.951	157.975	173.634	186.962	192.246	190.326	184.614	180.326	182.66	188.272	186.333	174.037	162.174	160.904	168.412	176.143	178.928	178.506	179.243	180.494	177.111	167.765	155.995	146.831	146.337	156.888	172.498	183.295	182.403	167.625	139.601	101.662	61.7621	
46.7351	71.5347	92.5861	104.716	110.467	116.067	122.688	129.077	137.92	151.42	166.33	177.58	182.237	181.789	181.072	180.233	173.253	158.875	146.281	145.336	155.356	166.995	170.856	164.939	157.337	155.42	154.799	149.256	143.127	144.437	155.61	173.206	188.08	191.149	184.342	177.979	177.506	179.335	177.169	169.041	161.092	164.263	182.205	205.127	220.771	226.408	225.647	220.009	210.16	200.29	193.513	186.903	178.185	170.913	166.898	162.733	156.419	150.958	152.398	163.475	177.99	187.554	191.694	192.977	188.375	175.51	162.005	159.857	173.1	194.827	212.662	215.87	202.564	181.761	164.192	152.705	144.917	140.589	143.367	154.898	168.201	173.782	172.745	174.518	181.027	184.514	181.092	174.595	170.571	172.971	178.395	176.535	164.816	152.287	146.222	147.284	154.684	165.776	175.795	182.791	187.221	189.477	192.851	200.301	206.043	201.097	186.99	173.863	167.442	165.738	164.658	162.533	161.849	165.589	170.279	169.043	161.805	154.634	152.657	157.614	166.42	172.657	172.56	166.204	152.899	129.85	96.7322	59.8988	
48.9223	75.9207	97.3295	107.783	111.632	116.406	123.405	131.69	144.097	161.235	177.673	188.667	193.867	195.344	194.868	190.064	176.074	154.546	136.963	134.427	146.642	163.211	171.151	164.714	152.669	146.968	146.377	143.724	140.798	145.133	161.112	186.153	207.365	209.655	193.776	175.597	166.439	163.612	159.293	152.471	150.435	160.5	182.201	207.778	228.753	240.196	240.451	230.281	213.956	198.678	188.101	179.044	170.399	167.228	169.949	171.386	166.342	156.907	151.514	156.789	168.045	175.751	178.638	180.7	180.938	175.927	169.636	172.485	188.683	209.412	221.319	218.062	202.442	182.243	164.401	151.017	141.278	135.851	138.171	149.46	163.059	170.283	172.077	176.706	184.862	187.436	180.585	171.053	165.916	166.401	168.174	164.66	155.13	146.022	142.626	145.875	153.829	161.773	167.087	172.805	180.548	187.974	195.671	204.762	209.731	205.035	193.59	180.608	167.525	156.229	149.748	148.48	151.933	159.552	166.283	165.588	158.858	154.374	158.072	167.832	174.081	169.01	155.719	142.766	131.885	116.672	91.7921	60.2292	
53.9673	84.0755	106.348	115.403	117.527	121.326	128.032	136.825	150.476	168.91	186.412	198.756	205.956	209.021	207.487	198.265	178.969	154.688	138.059	138.272	152.289	168.659	175.242	167.466	154.188	147.152	146.042	144.098	141.503	144.875	160.444	187.521	211.789	214.247	193.845	169.581	157.267	154.651	151.403	145.986	146.168	157.007	176.486	200.62	224.658	240.45	240.686	225.934	204.49	186.435	175.85	169.436	166.64	171.857	181.892	186.137	179.821	167.161	156.693	154.188	156.425	157.438	158.309	163.145	170.218	174.067	175.344	182.588	199.247	214.864	217.16	206.293	190.533	175.848	163.973	154.575	146.95	142.425	145.272	156.859	169.738	174.866	173.852	176.124	183.897	188.62	184.483	175.658	167.853	162.055	156.696	149.931	141.76	135.362	134.945	142.589	154.545	162.355	163.974	167.01	175.446	184.829	191.991	197.062	198.394	195.155	188.976	178.356	161.553	145.077	137.946	140.787	148.487	157.055	162.548	161.232	155.263	152.629	159.314	171.852	177.673	167.748	148.037	131.771	123.205	114.451	96.0065	67.2852	
61.6102	94.8086	117.833	125.211	125.202	127.946	134.385	142.449	154.136	170.193	186.557	199.283	207.175	210.164	207.304	196.002	176.134	155.12	144.646	149.748	163.9	176.212	179.33	173.114	164.747	160.377	157.537	151.518	144.291	142.793	153.596	177.08	200.406	205.02	188.29	167.498	158.091	157.477	154.785	148.94	148.284	157.173	173.159	193.707	215.073	227.67	223.337	204.936	183.389	168.63	162.784	161.71	165.499	177.79	192.374	196.995	189.579	177.556	167.243	159.558	151.754	143.899	141.839	149.838	163.671	174.398	179.246	185.466	197.274	205.485	200.429	186.389	173.845	166.606	162.52	159.092	155.225	153.064	158.269	171.967	184.33	185.012	177.498	174.242	180.048	187.652	188.698	182.263	171.735	159.88	148.448	138.214	129.397	123.911	125.814	137.389	153.196	162.624	163.925	166.768	176.008	185.224	188.042	185.046	180.16	177.126	176.005	170.516	156.362	140.932	135.283	140.247	148.145	153.101	153.611	150.103	145.723	146.415	155.963	170.186	177.506	169.752	152.015	136.919	130.14	124.616	108.849	79.6883	
70.0081	104.566	127.352	133.584	132.776	135.731	142.45	148.619	155.201	165.106	177.166	187.779	194.732	197.783	195.9	186.317	170.041	155.216	150.717	157.352	167.624	173.966	175	174.511	175.926	177.248	172.67	160.538	146.934	140.133	145.204	161.626	180.042	187.198	180.503	170.965	167.78	167.421	162.439	154.557	152.368	159.992	174.538	191.532	205.207	207.126	194.087	174.016	158.502	153.186	155.002	158.302	164.726	178.614	193.385	197.607	191.879	185.36	180.901	173.392	159.37	144.334	139.121	148.465	165.544	178.296	181.447	181.47	184.64	186.026	179.508	169.444	163.611	162.925	163.603	162.792	159.791	157.989	164.531	180.192	192.883	191.262	180.491	174.732	179.497	188.278	191.484	184.766	171.001	156.058	143.074	131.548	121.401	115.792	119.045	131.949	148.166	158.419	162.317	168.503	179.667	187.728	185.278	174.141	162.518	157.741	160.11	161.682	155.279	144.706	139.836	143.353	148.646	148.911	143.257	135.584	131.931	137.445	152.016	168.624	177.472	173.578	160.976	148.949	142.812	137.293	121.394	90.9292	
74.9878	108.576	131.071	139.581	142.442	147.987	154.664	156.659	154.663	154.822	159.814	167.209	174.727	181.624	184.748	179.578	167.881	157.782	154.537	156.231	157.928	157.254	157.076	162.516	173.327	181.513	178.719	164.803	148.475	139.286	140.654	150.36	162.926	172.282	176.655	178.85	179.718	176.113	167.269	158.173	155.306	161.388	173.766	186.371	191.782	184.175	166.138	149.265	143.503	148.469	155.543	158.87	163.23	174.724	187.788	192.639	190.878	191.25	194.068	190.524	176.02	158.672	152.069	160.571	175.445	184.246	182.063	175.003	170.82	169.133	166.41	163.806	164.094	166.393	167.81	166.433	161.835	157.856	162.32	175.995	186.855	184.973	176.561	174.156	180.898	190.04	192.088	181.936	164.345	148.973	138.784	129.54	119.848	114.691	118.92	131.309	144.849	153.194	158.395	167.229	179.326	186.157	180.938	165.617	149.661	142.86	147.322	155.04	155.947	149.546	144.266	145.526	149.463	148.243	138.693	126.231	121.381	130.881	150.96	170.224	179.386	177.231	168.356	158.903	152.289	144.457	126.681	95.5048	
74.3029	106.557	130.411	144.582	153.819	161.828	166.289	162.066	150.588	140.922	139.265	145	156.298	170.459	180.178	179.104	170.546	162.397	156.351	149.403	140.819	132.876	129.978	136.872	152.223	166.725	170.771	162.688	150.255	143.271	144.661	151.545	161.472	173.26	184.497	191.081	189.153	179.327	167.96	160.538	157.594	158.678	163.41	168.477	168.392	160.261	148.302	141.77	145.941	155.886	161.316	159.68	160.205	170.036	183.273	190.478	192.564	196.933	203.723	204.252	193.15	178.02	172.222	178.444	186.885	187.777	179.514	168.066	160.902	160.45	164.183	168.738	172.216	174.118	174.504	172.731	167.606	161.933	162.728	170.462	175.323	171.606	166.874	170.266	180.999	191.148	191.299	177.098	156.31	141.858	136.37	132.435	126.449	123.392	128.423	139.397	148.658	151.737	153.2	159.761	170.183	176.82	173.262	159.65	144.057	137.098	142.599	153.098	157.22	152.727	147.583	148.488	153.238	153.249	142.687	127.114	120.585	131.453	153.521	172.736	180.515	178.439	171.82	164.389	157.043	145.848	124.745	92.5872	
72.8651	105.732	130.836	147.206	157.731	164.158	165.079	156.955	141.563	128.389	124.788	131.78	148.117	168.147	180.733	180.065	172.337	164.848	155.988	142.342	126.429	112.87	105.79	109.648	124.488	142.683	154.511	156.163	152.7	152.133	156.987	165.141	175.932	189.434	201.492	204.722	195.529	179.859	168.911	165.785	163.065	156.048	148.151	142.996	140.593	140.511	143.479	150.445	160.506	168.051	166.369	158.492	157.046	168.182	183.846	193.837	198.136	202.904	209.214	210.778	202.825	191.679	188.502	192.883	194.148	186.456	172.697	158.936	151.013	152.581	162.217	173.387	180.324	182.734	183.329	182.753	179.244	174.411	173.427	175.496	173.192	165.5	161.602	168.211	181.646	192.379	190.687	173.82	152.071	139.605	138.932	141.666	141.93	142.131	146.626	154.074	157.59	153.505	147.836	148.854	156.713	164.589	165.241	156.788	145.406	140.517	145.992	155.542	159.278	155.841	152.482	154.498	159.76	160.503	150.685	135.617	129.47	139.47	158.069	172.298	176.476	174.081	169.837	164.907	157.53	143.187	118.008	84.0369	
75.9421	110.598	133.314	143.42	147.239	149.468	149.548	143.522	132.036	122.698	121.848	131.659	151.394	172.622	182.381	177.962	169.077	162.129	152.733	137.142	119.296	103.974	94.4516	95.3476	108.062	126.227	141.074	149.529	155.095	161.992	171.04	181.301	192.547	204.089	212.049	210.626	198.132	182.173	174.523	175.95	173.736	159.725	140.212	125.923	123.383	133.867	151.76	167.888	177.023	177.338	168.577	157.736	157.265	170.814	188.552	200.144	205.066	207.834	209.613	207.259	199.378	192.77	195.047	200.745	197.753	183.547	164.718	147.786	137.365	137.871	149.807	166.147	178.613	185.357	189.189	191.424	190.929	188.999	188.773	188.156	181.808	171.395	166.11	171.677	184.013	193.044	189.52	172.737	153.514	144.573	148.245	156.918	163.054	165.413	166.857	168.257	165.677	156.257	145.712	143.096	149.755	158.596	161.469	156.699	150.235	148.941	153.966	159.592	159.684	155.726	153.891	156.774	161.828	163.245	156.52	145.951	142.301	149.548	160.322	165.664	164.207	160.949	159.47	158.163	152.255	136.213	107.943	72.628	
79.0331	113.895	131.92	133.595	130.77	132.068	135.693	134.882	128.94	124.334	126.615	138.38	158.482	176.828	181.205	172.528	162.378	155.676	146.607	132.024	116.393	103.607	96.1452	98.4797	111.432	127.879	140.368	149.166	158.497	169.341	180.407	190.974	199.529	204.263	204.964	201.627	193.817	184.974	182.542	186.343	184.098	167.407	143.131	124.95	123.525	141.22	167.267	185.564	189.862	183.609	171.887	162.149	163.625	177.676	194.848	206.013	209.962	208.587	202.437	192.255	182.209	180.666	190.689	201.228	198.902	182.818	160.539	138.9	123.409	119.871	130.119	147.937	164.799	177.276	186.153	192.181	195.282	196.562	197.153	195.251	188.681	179.726	174.487	176.995	184.525	189.145	184.218	170.636	156.928	152.306	159.026	171.175	180.336	182.307	179.019	174.206	167.794	157.88	148.378	146.858	154	161.846	162.721	157.799	154.92	158.281	163.798	164.071	156.938	148.303	144.913	148.075	154.905	160.243	159.737	155.153	152.52	153.684	154.369	150.745	144.447	140.74	142.26	145.272	142.172	126.527	97.7453	62.9474	
74.3445	106.963	123.103	124.03	123.131	129.136	137.423	138.897	133.505	129.337	132.737	145.384	163.654	176.907	176.345	166.008	156.342	149.608	140.214	127.147	115.116	106.688	103.964	111.183	127.499	143.885	153.087	157.801	164.284	173.617	183.799	192.843	196.74	192.882	185.687	181.789	181.834	183.134	186.206	189.981	186.73	171.723	150.993	135.634	135.653	153.961	179.468	195.778	197.729	190.616	180.494	173.179	174.861	186.09	199.488	208.004	209.658	203.54	189.582	172.12	159.944	162.055	177.946	193.928	196.744	184.742	162.799	137.29	116.774	109.255	116.266	131.918	149.302	164.984	177.452	186.074	191.403	193.95	193.098	188.718	182.867	178.192	176.232	177.287	179.409	178.711	172.844	163.449	155.176	153.481	161.284	175.105	185.997	187.117	179.842	170.703	163.235	156.546	152.258	155.004	163.726	169.915	167.166	160.035	159.128	166.862	173.751	169.478	154.218	137.828	129.721	132.752	143.963	156.267	162.807	161.978	156.107	147.641	138.304	129.428	122.738	121.093	125.69	131.964	131.368	117.727	91.3054	58.9392	
63.5167	92.9541	111.29	119.477	127.59	140.449	150.68	149.56	140.106	133.566	137.47	151.227	167.28	175.079	170.684	160.919	153.519	147.578	138.497	127.486	118.539	112.658	112.495	123.175	143.179	161.978	170.738	171.504	172.329	177.166	184.576	190.725	189.861	179.465	166.584	161.56	166.279	174.661	181.727	184.895	181.167	170.964	159.185	150.875	151.361	163.674	181.471	194.391	198.953	196.86	190.373	183.938	183.502	190.253	198.794	204.08	204.212	196.68	180.349	160.228	146.368	147.937	164.578	184.224	194.173	189.617	171.233	144.995	122.529	113.153	117	128.337	142.745	157.875	170.567	178.698	183.079	184.23	180.626	172.771	165.552	163.356	165.653	168.885	169.825	167.124	161.477	154.48	148.118	146.266	153.698	169.556	183.945	186.586	177.819	166.641	159.625	156.628	156.998	162.525	171.509	176.427	171.837	163.681	164.057	174.391	182.27	176.059	156.295	133.638	120.081	122.075	137.265	155.452	166.307	165.697	154.089	135.772	118.752	108.701	105.453	107.442	113.771	120.505	120.815	110.057	88.1863	59.6441	
55.1172	81.8065	102.6	117.967	133.981	151.137	160.441	155.389	142.477	134.921	140.01	154.469	167.948	171.306	165.109	157.736	154.061	150.835	144.372	136.597	129.677	123.48	122.233	132.85	154.366	175.876	186.439	185.499	181.738	182.129	186.02	188.41	183.728	170.395	155.308	148.532	152.815	162.384	170.411	173.359	171.197	167.714	166.074	165.129	164.939	168.448	175.576	184.085	192.284	196.144	192.384	185.105	182.307	186.264	192.164	196.038	197.195	193.449	181.901	164.34	148.867	145.806	158.939	180.105	195.814	196.975	182.023	158.002	137.352	127.91	128.317	134.025	143.221	154.62	164.225	169.138	170.889	171.299	168.071	158.962	148.546	144.631	149.056	156.753	162.172	163.354	160.642	154.482	146.376	141.524	147.459	165.386	184.154	190.058	182.194	171.363	165.969	165.678	167.405	170.625	174.981	176.717	171.996	165.586	167.994	179.611	188.354	183.735	165.152	140.659	123.06	122.526	138.166	158.04	169.836	168.163	152.496	128.082	106.688	96.7079	96.1817	99.6155	104.538	108.957	109.248	102.124	85.8115	61.5839	
53.3323	78.0747	98.4873	114.91	131.96	148.868	156.843	151.012	138.94	133.281	139.581	152.453	161.524	161.319	156.115	153.606	155.235	156.267	153.926	149.974	144.804	137.994	135.276	144.445	164.956	186.821	198.538	196.993	189.81	185.655	185.409	184.631	178.912	166.962	153.087	144.522	144.711	150.589	156.307	158.517	158.827	161.951	168.74	173.943	174.297	172.124	170.939	174.015	181.855	187.963	185.599	178.034	174.37	177.378	182.147	185.503	188.871	191.635	188.96	177.75	162.516	154.3	161.585	180.669	197.548	200.097	186.911	166.667	150.105	141.61	138.947	139.336	142.615	147.963	151.697	152.024	152.479	156.424	159.492	154.07	142.411	135.893	140.474	151.614	162.519	170.011	172.459	168.103	157.989	149.174	151.971	169.428	190.164	198.623	192.646	183.322	179.472	180.226	180.427	177.534	173.351	169.802	165.885	163.475	168.579	180.727	190.938	191.034	178.041	155.741	136.003	131.089	142.265	159.511	171.6	171.926	157.597	132.745	110.012	99.2166	98.0077	98.8691	98.9728	99.2565	99.4554	96.2534	84.857	63.8093	
54.9599	78.7488	96.9197	109.561	122.114	135.946	144.129	141.497	133.569	131.036	137.714	146.926	149.928	146.146	143.155	146.741	154.307	159.523	160.499	159.54	156.622	151.314	149.226	157.036	174.122	192.902	203.725	201.782	191.804	182.554	177.78	175.71	172.88	166.25	155.761	145.4	140.037	140.4	142.481	143.244	144.96	152.164	164.193	174.521	178.655	177.383	173.832	172.316	175.59	179.855	178.7	173.031	169.784	171.051	172.482	172.89	176.641	184.74	190.837	188.297	177.75	167.433	167.072	177.948	189.414	189.726	178.036	162.895	152.079	146.764	144.03	141.67	139.72	137.877	134.285	129.905	130.591	140.085	151.532	153.279	145.452	140.452	145.853	157.761	170.261	181.202	188.422	187.875	178.27	166.288	164.088	177.416	196.986	207.058	203.033	193.953	188.654	187.237	184.168	175.706	165.236	159.124	158.468	161.431	168.689	179.83	190.86	196.279	190.164	171.844	151.176	140.458	143.346	155.301	169.2	176.699	170.002	149.872	128.53	117.238	114.242	110.753	103.943	98.2422	96.9067	95.8351	86.7844	66.4669	
55.7414	79.3431	95.7702	104.717	112.854	124.427	134.437	136.039	131.851	131.72	139.031	145.601	143.102	134.969	132.386	140.449	153.108	161.474	163.587	163.281	162.049	159.504	159.05	164.749	176.309	189.678	198.186	196.173	185.223	173.127	166.13	165.384	167.683	166.96	158.904	145.769	134.824	130.478	130.295	130.734	133.016	140.793	153.602	166.34	175.09	179.325	179.645	177.687	176.737	177.731	177.494	174.99	173.357	172.696	169.059	163.751	164.488	174.116	186.123	192.712	190.728	181.876	173.262	171.24	172.087	167.491	157.056	147.922	145.196	147.29	149.023	146.597	140.008	131.093	121.248	113.815	114.834	126.814	142.491	150.528	149.916	150.567	158.25	169.168	179.588	190.266	200.394	204.412	197.439	183.338	174.713	181.204	198.25	210.786	209.484	198.885	188.395	181.557	174.938	165.067	155.262	152.117	156.607	164.508	172.935	181.862	191.99	200.596	199.488	184.354	163.092	147.272	142.301	148.97	164.714	180.178	182.575	168.895	151.39	143.032	141.727	136.167	122.937	109.902	103.901	100.584	89.6955	67.6211	
55.3688	78.6921	94.4633	102.362	109.257	120.51	132.011	135.628	132.82	134.833	145.585	153.663	147.895	134.079	128.417	137.93	154.163	164.717	166.388	164.564	163.186	162.417	162.925	166.018	172.311	180.77	186.472	183.622	173.236	163.002	159.329	163.145	169.949	171.561	162.361	145.428	130.408	124.025	124.751	127.571	130.463	135.18	143.078	152.688	162.311	171.62	179.024	181.816	180.994	179.997	179.37	179.012	180.447	181.404	176.158	166.258	162.004	169.238	183.317	196.589	202.421	196.134	181.679	168.671	158.907	147.702	136.199	131.805	138.4	150.943	159.558	157.642	146.423	131.891	119.232	112.233	113.821	124.046	137.939	148.061	152.884	158.325	167.593	177.071	184.837	194.04	205.476	213.069	209.085	193.905	179.157	178.344	192.998	209.246	211.755	199.309	182.377	169.613	161.729	156.584	154.678	157.525	164.375	172.734	180.372	187.204	195.576	204.426	204.994	191.327	170.281	153.041	145.377	149.322	164.007	181.089	186.881	177.039	164.344	162.329	166.668	162.833	146.901	128.822	116.972	107.247	90.5734	65.3402	
55.8008	78.633	94.3982	102.95	109.999	120.212	130.282	133.007	130.774	136.336	153.246	165.673	158.232	138.464	128.192	137.287	155.361	167.055	168.415	165.41	162.921	161.972	162.462	164.412	168.743	175.002	177.945	172.331	161.776	156.19	160.586	171.288	179.929	178.592	165.373	146.617	132.445	128.812	133.781	140.706	143.771	142.577	141.286	143.017	148.585	158.637	171.046	180.101	183.302	182.768	180.474	179.395	183.378	189.546	188.805	179.624	172.655	176.794	189.859	204.295	211.81	206.116	190.376	173.771	158.419	141.423	126.831	124.772	139.13	160.721	174.252	171.21	155.718	138.483	127.319	124.217	127.175	133.667	142.005	149.382	154.312	159.808	168.005	176.165	182.913	191.427	202.916	211.944	210.355	196.125	178.613	173.104	186.151	205.486	211.046	196.937	174.976	158.805	153.509	158.187	168.357	177.055	181.071	183.41	186.912	191.346	197	202.845	202.178	190.12	172.386	158.929	154.562	158.731	168.88	179.613	181.735	172.446	163.63	166.887	175.6	174.628	161.082	144.124	129.236	112.224	88.4457	60.2559	
58.4922	82.0831	98.9201	108.361	114.335	120.722	126.353	127.341	127.223	137.126	157.965	171.558	161.922	138.684	126.384	135.501	154.226	166.497	169.041	167.126	164.015	161.216	160.42	162.414	167.321	173.165	174.04	165.69	154.406	153.125	166.149	183.45	190.687	182.049	163.882	147.608	141.068	145.211	155.762	165.923	168.68	162.454	153.323	147.46	146.74	152.435	164.044	176.333	184.326	186.168	182.089	177.474	180.335	189.825	195.169	191.331	187.022	191.414	202.633	212.813	215.227	207.471	193.88	180.009	164.758	145.724	129.655	129.312	148.387	173.928	187.123	180.219	161.513	145.106	138.578	140.496	145.213	149.152	152.412	154.709	155.352	156.646	161.229	168.054	175.486	184.423	195.128	203.94	204.572	193.794	177.907	171.59	183.917	203.985	209.659	193.414	168.998	153.027	152.39	166.215	185.978	198.011	197.155	191.756	190.127	191.425	192.145	191.439	187.796	179.38	168.921	162.721	164.074	169.379	173.436	174.541	170.778	162.028	156.686	161.845	170.139	170.107	161.961	151.471	137.431	114.974	85.3455	55.2246	
64.2262	91.3948	111.422	121.908	125.138	125.656	126.306	127.389	131.542	143.932	161.398	168.459	154.808	131.927	121.791	132.467	152.043	165.605	170.555	170.958	168.143	163.499	160.426	160.937	164.537	168.632	168.491	160.664	150.928	153.034	171.863	193.081	196.81	179.388	156.139	144.015	147.671	160.998	176.126	187.702	190.964	184.591	174.297	165.92	160.432	159.523	165.975	177.467	187.786	191.157	185.382	176.419	174.487	181.241	187.758	188.863	190.708	199.149	210.031	215.221	211.28	201.148	190.291	180.507	168.333	151.79	138.188	140.4	160.897	184.275	191.588	179.045	159.289	146.723	145.328	150.511	157.136	162.917	166.447	165.843	161.345	156.711	156.179	160.899	169.114	178.878	189.121	198.037	201.152	194.219	181.218	175.871	187.567	205.627	208.223	189.659	166.017	153.665	157.07	173.623	194.197	204.822	200.867	192.546	189.305	188.193	182.738	174.036	167.275	163.674	161.499	161.949	166.896	171.627	170.006	163.575	156.489	150.77	150.411	156.926	162.76	161.901	158.756	155.739	144.62	119.236	85.6085	53.8312	
72.0206	104.535	129.381	141.614	141.71	136.09	133.212	137.342	147.58	160.154	168.051	162.816	143.588	122.733	116.503	129.538	150.781	166.255	172.697	174.007	172.265	168.578	164.955	162.519	161.18	160.621	159.53	155.179	150.06	155.206	175.578	196.246	195.639	171.684	144.79	135.181	145.76	165.841	184.482	197.053	201.808	199.14	193.527	188.167	182.022	176.927	178.183	185.633	192.848	193.329	184.95	172.88	165.815	166.294	169.543	173.286	181.174	194.133	205.895	209.145	202.838	192.688	184.096	176.986	168.25	156.545	147.276	151.035	169.045	185.779	185.258	169.093	152.284	145.53	147.302	152.461	160.916	173.16	183.374	184.341	176.357	166.072	160.112	161.569	169.149	179.488	190.468	200.345	204.447	198.08	185.537	180.559	190.934	204.929	202.989	183.54	164.211	158.386	165.464	179.656	193.567	198.698	193.825	187.598	185.828	182.987	172.495	158.674	151.257	152.239	155.818	159.219	163.401	164.583	158.419	148.877	142.413	141.488	147.201	156.909	162.117	160.124	158.889	160.274	152.266	126.721	91.1481	57.4509	
77.5288	113.399	141.953	156.542	155.247	145.57	141.395	150.568	168.036	181.22	180.019	162.943	137.422	116.555	112.378	127.109	150.047	166.881	172.822	172.761	172.076	172.363	172.192	169.329	163.458	157.215	153.499	151.618	151.411	158.852	176.524	191.65	186.558	161.143	135.163	127.587	140.937	164.41	185.786	199.231	204.65	205.196	205.035	204.705	201.451	196.599	194.794	195.444	193.778	187.179	176.017	163.381	154.076	150.546	152.099	158.77	170.837	184.95	195.4	197.839	192.637	185.31	179.66	174.619	168.828	161.773	155.681	157.926	170.229	180.115	175.561	161.376	151.548	150.99	153.411	155.834	164.819	183.457	201.358	205.679	196.028	181.742	171.322	168.73	173.952	184.419	196.805	206.751	208.199	198.266	184.174	179.377	188.2	197.761	192.386	174.597	161.417	162.491	173.31	185.15	191.967	191.567	186.756	183.163	181.581	175.929	163.127	150.358	146.902	152.122	157.994	160.763	161.267	157.415	148.072	138.949	135.825	140.019	151.382	165.093	170.771	165.912	161.052	161.344	155.548	133.038	98.6991	63.9773	
76.848	111.619	140.079	156.258	156.502	147.139	144.178	157.857	181.342	197.26	193.451	171.031	140.699	116.69	110.793	124.583	147.124	163.95	169.302	168.149	167.963	171.731	176.805	178.056	172.619	162.844	154.516	151.038	152.669	160.44	172.891	180.832	174.076	154.109	135.137	130.919	143.843	165.97	186.312	198.206	202.502	204.645	208.425	212.089	212.121	209.458	206.075	199.448	187.974	174.942	163.168	152.917	145.301	142.629	146.393	156.481	169.469	179.609	184.015	183.089	179.1	176.131	174.958	172.879	170.174	167.607	164.442	164.884	172.799	180.376	177.437	167.968	164.062	167.526	169.886	170.007	178.092	198.048	217.612	222.424	212.128	196.499	183.369	176.525	178.535	189.177	202.932	211.064	207.035	192.362	177.825	174.693	182.603	188.706	182.277	168.115	159.782	163.538	174.699	184.617	187.928	185.604	182.145	179.961	176.406	167.727	156.236	149.921	153.243	161.496	167.182	168.342	166.04	159.108	148.712	141.56	142.644	152.308	169.105	185.646	188.919	176.131	161.313	155.59	150.979	133.868	103.747	69.7855	
72.4359	103.033	127.151	142.075	145.09	139.888	139.788	154.909	180.022	199.311	200.608	182.489	152.495	124.706	113.298	121.338	138.832	153.293	159.711	160.949	162.182	166.94	175.079	181.961	181.438	171.97	159.364	151.104	150.008	154.714	161.805	166.785	165.821	158.515	150.177	148.195	155.401	168.586	181.237	188.552	191.808	196.101	203.251	209.243	210.534	208.87	204.889	194.836	179.27	164.913	155.58	149.759	146.365	146.91	152.849	163.088	172.427	174.885	170.433	163.832	159.831	161.267	165.519	167.685	168.954	171.844	174.225	177.777	187.828	199.041	199.155	189.255	183.029	185.477	188.828	190.668	198.854	215.2	228.944	230.093	220.188	206.461	192.918	182.726	182.177	193.784	209.019	214.609	204.88	186.756	173.89	174.028	181.689	184.789	178.036	167.482	161.47	162.501	168.193	173.993	176.513	176.917	177.882	177.93	172.788	162.712	154.621	154.907	162.567	171.085	175.869	177.003	174.945	168.484	159.46	154.519	158.985	173.685	195.276	212.231	208.99	184.505	157.78	145.413	141.705	129.915	104.339	71.9211	
70.2563	96.3032	113.669	124.296	128.993	128.897	131.521	144.43	165.967	186.886	197.549	191.515	168.584	139.571	120.772	118.752	126.829	136.403	144.622	151.489	156.654	161.645	169.517	179.341	184.549	179.465	166.604	153.998	146.595	144.368	146.645	154.108	165.038	173.118	173.994	169.892	165.502	164.045	165.906	169.402	174.179	181.742	191.164	197.455	197.945	195.89	192.558	184.38	172.016	161.939	157.818	157.762	159.23	161.733	165.568	169.941	171.171	165.13	153.282	142.117	137.762	142.343	151.289	158.244	164.243	173.14	183.308	194.94	212.521	229.585	229.785	212.106	195.244	191.635	196.272	203.283	213.688	224.921	229.663	226	218.662	210.521	199.82	188.532	186.507	199.034	215.352	218.701	204.618	184.684	174.556	178.555	186.349	186.087	177.534	168.897	164.377	162.041	160.92	162.036	165.843	172.808	181.182	184.49	177.924	166.194	159.247	161.168	167.955	174.536	179.337	182.113	181.477	176.441	169.246	165.519	170.749	186.983	209.661	224.136	214.36	182.288	149.906	135.314	133.194	125.123	102.407	70.8058	
72.0972	94.4251	105.366	111.266	116.854	121.314	125.821	134.228	148.539	167.651	186.228	193.969	182.716	157.559	134.182	122.569	120.806	124.572	133.335	145.451	155.619	161.476	166.689	174.862	183.535	185.785	178.381	165.135	151.288	140.497	137.408	146.702	166.131	184.201	189.875	181.519	165.531	151.536	146.559	150.791	160.235	171.34	180.89	184.985	183.173	179.984	177.381	172.668	166.229	163.079	166.152	173.211	180.096	183.657	182.393	176.594	166.65	152.396	136.252	123.763	119.875	125.656	136.854	147.913	159.145	173.874	190.959	209.589	232.167	250.86	247.96	222.201	195.399	185.144	189.662	200.862	213.024	219.146	215.619	208.711	206.27	206.722	202.231	192.459	189.326	200.987	216.49	217.326	200.186	180.047	173.429	181.509	190.177	187.499	176.869	169.158	167.072	165.028	161.357	161.077	168.56	183.295	198.281	202.605	192.296	176.136	166.023	164.908	168.378	173.49	179.509	183.547	182.285	176.189	168.87	164.759	168.09	181.055	199.201	208.824	197.073	167.638	139.641	128.001	128.043	122.698	101.921	70.1745	
75.2164	95.118	101.956	104.957	111.847	120.818	127.557	131.603	137.165	150.16	170.481	187.648	189.238	174.363	154.081	138.503	129.982	128.503	135.491	149.166	162.287	169.036	170.641	173.337	181.216	189.591	189.747	179.302	162.473	145.684	136.725	141.919	159.688	178.977	186.964	178.015	157.238	137.985	131.965	140.441	156.482	172.148	181.622	182.004	175.701	169.098	165.098	161.956	159.907	162.566	171.976	185.701	198.745	205.669	201.968	187.382	166.353	144.037	125.003	113.591	111.659	117.661	128.536	141.991	158.514	178.939	200.162	219.546	238.384	251.31	244.791	218.237	190.355	177.271	179.701	190.738	201.321	201.721	191.368	182.466	184.897	193.767	196.526	190.037	186.375	195.796	208.774	206.946	188.161	169.356	166.696	178.582	189.006	186.715	176.703	170.698	171.348	171.747	169.178	170.372	181.718	201.079	217.704	219.409	204.354	183.449	169.159	164.793	166.737	172.54	180.051	183.607	179.22	169.799	160.99	156.31	157.592	165.405	175.961	180.13	170.758	150.726	131.51	123.202	124	120.868	102.64	71.1165	
76.7155	95.8909	101.23	102.955	111.297	125.046	135.83	138.309	136.36	140.165	155.034	174.493	186.755	186.177	176.005	162.497	150.919	145.82	150.12	162.036	175.012	182.169	181.067	177.099	179.218	186.889	189.594	181.415	165.57	148.038	135.19	133.127	143.504	160.269	171.758	167.932	149.659	130.455	124.711	135.901	157.409	178.857	190.554	187.937	175.27	162.339	154.993	152.51	153.532	159.099	170.429	186.548	204.026	216.625	216.284	199.649	172.384	143.963	122.452	112.965	114.702	122.173	132.071	145.652	165.108	188.857	210.177	224.037	232.579	236.43	229.231	210.312	190.173	178.248	176.507	182.073	186.812	180.949	166.003	156.463	161.905	175.428	182.848	179.678	176.795	184.797	196.154	194.072	176.574	160.175	160.102	173.726	185.53	185.688	178.823	174.896	176.371	177.523	176.296	179.589	192.8	211.43	224.242	221.904	204.989	183.548	168.526	163.783	166.722	174.311	182.718	184.926	177.415	165.441	156.24	152.282	152.781	156.256	159.91	159.815	153.539	141.392	127.419	118.674	117.43	115.135	99.7763	70.0484	
75.4746	94.747	99.9454	101.024	110.294	128.342	144.492	148.883	142.966	137.941	143.423	159.281	177.583	189.329	189.607	180.147	168.686	163.746	168.251	178.879	190.393	197.428	195.128	185.544	178.391	177.083	174.19	165.055	152.364	138.621	125.803	119.294	124.77	141.206	158.207	162.367	150.029	132.355	124.567	133.405	155.429	180.205	194.639	191.108	174.01	156.096	146.736	146.127	150.074	155.857	163.984	176.54	193.635	210.103	216.115	204.894	179.683	150.493	128.234	120.783	127.014	137.997	148.154	160.027	177.463	198.019	213.173	217.728	216.365	214.86	211.42	203.899	194.862	186.369	179.514	175.503	170.946	159.692	144.599	137.974	145.57	159.215	166.898	165.614	164.494	172.737	184.919	186.421	173.681	160.202	160.327	172.762	184.269	186.384	182.288	179.013	178.405	177.44	176.734	182.583	196.784	211.943	218.757	213.072	197.685	180.064	167.917	164.661	168.749	177.322	186.218	188.332	180.439	168.748	161.008	158.476	158.161	157.41	155.199	151.636	146.363	137.248	124.351	113.462	109.151	105.863	92.1536	65.1853	
72.185	91.1584	96.6032	97.5368	107.053	127.5	147.745	155.197	148.627	138.051	135.102	145.095	164.294	181.751	187.217	180.67	172.437	172.511	181.338	192.749	202.455	208.067	205.093	192.327	176.628	163.589	151.798	140.742	132.117	123.731	113.449	106.379	110.961	129.046	151.302	162.983	157.043	141.413	130.926	134.622	151.81	173.58	186.953	183.844	167.977	151.458	143.869	145.709	151.249	155.242	157.933	164.119	176.668	192.216	202.802	201.196	186.111	162.944	142.324	135.456	143.8	157.48	168.419	178.061	189.939	201.26	204.945	199.492	192.843	191.702	193.54	194.614	194.616	191.144	181.559	168.183	154.12	139.996	129.593	129.531	139.187	149.842	154.54	153.763	154.486	163.387	177.039	183.252	176.398	166.095	165.744	176.055	186.139	188.542	185.493	181.696	178.048	174.086	173.349	181.084	195.535	207.559	210.069	202.944	190.327	177.167	167.958	165.55	169.904	179.141	189.345	193.538	187.971	178.213	172.105	170.555	168.837	163.189	154.56	146.41	139.543	130.96	119.385	108.916	103.272	98.1913	84.3425	59.4452	
68.9793	88.2515	95.036	96.4272	104.804	124.123	144.826	154.067	148.829	136.864	129.198	133.597	149.392	166.152	172.634	169.259	167.128	174.129	186.766	196.969	202.065	203.559	199.96	188.1	169.736	150.234	133.934	123.958	119.709	115.167	106.767	100.03	104.123	122.022	146.138	162.39	161.728	149.441	139.452	140.515	151.748	166.022	174.275	171.674	161.465	151.576	147.883	150.71	155.543	157.311	156.367	158.007	164.936	175.23	186.188	194.191	193.711	181.651	163.974	153.901	158.01	169.409	179.532	187.737	195.072	197.63	191.025	178.629	170.573	171.484	175.834	179.63	184.309	186.361	178.294	160.443	141.081	127.648	124.103	130.413	140.232	146.06	146.862	146.242	148.492	157.358	170.849	179.418	176.82	169.728	170.013	179.292	188.112	189.898	187.091	183.348	178.663	173.896	173.507	180.834	192.847	202.008	203.29	197.268	187.345	176.665	168.306	165.796	170.792	181.778	194.226	200.867	197.262	188.224	182.533	181.978	179.92	170.192	154.792	140.495	130.283	121.959	113.585	106.391	101.47	94.9674	79.9779	55.6841	
68.7496	90.7477	100.481	101.911	106.293	120.057	137.387	147.244	145.286	135.892	127.14	126.404	135.657	148.636	156.681	159.414	164.617	176.078	187.709	191.687	187.921	182.602	178.619	171.66	157.77	140.223	126.512	120.964	120.13	116.561	108.325	101.641	104.19	118.298	138.564	153.927	156.128	149.113	144.498	147.882	156.288	164.394	168.043	166.269	161.738	157.67	155.886	157.106	159.649	160.155	158.644	158.376	159.949	162.983	170.949	185.284	198.32	198.822	185.14	169.22	163.174	166.909	174.437	183.045	190.147	190.184	180.299	165.958	157.259	157.617	161.058	164.311	170.312	175.902	171.075	153.968	135.043	125.38	127.67	136.515	143.294	144.066	142.443	142.763	146.368	154.404	165.522	172.912	171.741	167.112	168.58	177.527	185.649	187.187	184.912	182.213	178.969	176.644	178.586	185.167	193.435	199.779	201.39	197.225	188.701	178.56	170.363	168.441	174.826	187.367	200.779	207.745	203.747	193.731	188.111	189.679	189.422	177.957	157.314	137.127	123.233	114.974	109.654	105.52	101.354	93.7899	77.7901	53.5227	
72.6653	99.1058	111.942	111.856	109.489	114.707	126.804	137.434	140.72	136.793	129.377	123.855	125.048	133.593	144.965	155.31	165.985	178.12	186.544	184.128	171.664	159.316	154.622	153.276	147.221	136.651	128.583	126.745	126.748	122.599	115.086	110.122	111.795	119.804	130.777	139.384	141.854	141.593	145.392	153.912	162.839	169.418	173.158	174.633	174.545	172.352	168.233	164.646	162.749	160.965	158.562	156.012	152.631	150.119	155.195	171.496	191.661	201.495	193.197	174.133	158.72	154.13	159.107	169.748	180.127	183.357	176.698	164.563	155.37	153.382	155.389	158.523	164.117	169.26	165.167	149.871	133.927	128.518	133.905	141.809	145.019	143.951	143.746	146.393	150.437	155.66	161.427	163.997	161.368	157.916	160.221	168.73	176.575	178.758	177.513	175.9	174.5	175.602	181.443	189.691	196.862	201.942	203.524	199.213	189.897	179.705	173.046	173.278	180.671	192.342	203.877	209.152	203.846	192.829	187.595	191.754	194.637	184.147	161.535	138.052	121.821	113.341	109.024	105.078	99.5335	90.4346	74.2512	50.9827	
77.0648	106.978	121.705	119.707	111.109	108.858	117.205	130.002	139.3	141.257	135.899	126.633	120.474	124.252	137.123	151.356	162.763	173.328	181.669	179.647	164.722	148.035	141.199	142.442	142.97	139.346	134.784	132.497	130.995	127.647	124.101	123.678	125.866	127.312	126.967	126.62	128.285	134.293	145.251	157.506	167.69	176.656	186.247	195.807	201.634	199.336	189.423	177.556	167.792	160.206	153.611	146.889	140.047	136.316	140.773	154.998	173.709	186.127	183.415	167.641	150.263	141.69	145.217	157.375	170.586	177.798	176.591	169.929	163.824	162.431	164.8	168.168	171.595	172.645	165.595	150.024	135.983	132.757	138.217	144.214	147.063	149.65	154.648	159.551	161.178	160.246	158.208	154.615	150.047	147.973	151.701	160.034	167.063	168.637	166.759	164.675	163.754	166.718	175.549	186.913	196.199	202.082	203.185	197.538	187.554	178.734	174.985	177.337	183.79	191.623	199.122	202.45	196.94	185.909	180.745	186.354	192.388	185.174	164.315	141.19	125.134	116.956	111.981	105.468	96.3135	84.8999	69.0561	47.7631	
76.4804	107.028	122.688	120.996	110.773	106.282	115.342	132.827	147.966	153.926	149.591	138.144	127.243	126.023	135.548	146.722	153.828	161.93	173.374	177.864	167.337	150.311	140.256	139.965	143.405	143.986	139.753	134.273	131.438	131.867	135.162	140.161	142.519	137.785	128.199	121.44	122.946	132.736	146.413	158.819	169.643	183.367	202.651	223.49	236.309	233.034	215.557	193.826	175.464	161.891	151.103	141.109	133.103	130.332	133.763	141.913	152.7	161.9	163.645	155.784	143.117	134.639	136.776	148.106	161.519	170.917	174.932	176.179	178.079	181.722	185.508	187.379	186.669	182.401	171.708	155.815	143.502	140.609	143.497	147.391	152.884	162.004	171.781	175.488	170.953	162.662	155.212	149.954	147.59	149.773	157.014	165.927	170.035	166.123	158.453	152.936	151.482	154.974	164.356	176.817	187.602	194.393	195.969	192.183	186.439	182.541	181.479	182.453	183.707	184.621	186.565	187.951	183.748	174.857	170.671	176.446	183.725	179.546	162.352	142.525	129.389	123.375	118.633	109.989	97.7052	84.1106	67.7627	46.9438	
71.3927	99.8571	115.838	117.248	110.794	109.607	123.197	147.099	167.778	175.906	171.207	158.77	146.03	140.584	143.436	147.173	148.315	153.934	167.185	177.025	172.894	159.202	147.478	144.049	147.14	148.782	143.196	134.759	131.941	137.174	146.99	155.852	157.196	147.74	133.227	124.301	126.606	137.454	149.87	160.054	171.54	190.639	218.316	246.454	261.733	255.467	231.739	203.908	182.555	169.263	159.584	149.904	141.838	138.044	136.959	136.412	137.615	141.757	146.232	145.868	138.756	130.893	130.676	139.363	151.551	162.461	171.541	181.071	191.963	201.555	206.547	205.883	200.455	191.263	178.528	165.262	157.356	155.169	154.36	155.979	164.817	179.377	189.974	187.837	174.814	160.895	153.551	153.467	158.612	168.032	180.392	190.441	190.043	176.577	158.691	147.718	146.217	150.562	158.394	167.755	175.796	181.498	185.696	189.94	195.373	199.857	199.395	193.209	184.036	175.565	170.923	169.627	167.59	164.037	163.825	169.249	173.96	169.244	155.022	140.197	132.389	130.962	129.259	122.072	110.236	95.8195	76.7457	52.1646	
69.8645	95.4804	110.68	115.094	113.719	116.909	134.242	162.789	187.884	197.673	192.195	179.16	166.493	159.064	156.359	153.91	151.912	156.354	167.466	176.067	174.928	165.997	156.109	151.799	154.032	154.891	147.447	137.047	134.162	141.651	154.52	165.051	165.821	155.002	140.186	132.243	135.646	145.813	155.128	162.451	174.343	196.187	225.168	250.843	261.62	252.595	229.236	204.338	188.686	182.821	178.994	171.614	162.687	155.266	148.011	139.873	133.74	133.118	137.527	140.786	137.153	130.1	128.391	134.654	144.895	156.169	169.246	185.477	203.001	217.036	223.771	221.862	212.005	197.282	182.667	173.866	172.86	173.553	171.047	171.985	184.283	202.6	211.844	202.742	181.327	162.469	156.211	162.159	174.719	190.026	205.822	216.624	213.383	193.027	167.047	151.847	151.212	156.856	161.98	165.106	166.766	169.78	178.487	194.705	214.177	226.652	223.369	206.037	184.61	167.295	156.68	152.02	151.605	154.661	160.578	166.211	166.502	158.876	146.883	137.875	136.276	139.853	142.283	139.457	131.754	118.145	94.5004	62.5273	
80.257	104.543	116.831	119.752	119.031	122.856	139.703	168.426	195.239	206.427	200.861	188.008	177.397	171.852	168.056	163.457	161.705	166.09	172.085	173.49	169.931	163.899	157.787	155.504	157.988	158.002	149.744	139.293	136.292	142.704	154.277	164.374	165.976	157.447	145.767	140.442	144.776	153.283	158.979	163.621	175.108	195.525	218.063	233.615	237.433	230.355	216.471	203.052	197.85	200.478	201.726	195.387	184.435	173.273	161.861	149.781	139.388	134.206	135.535	138.855	137.949	134.313	134.909	141.039	148.41	156.526	169.793	189.706	211.432	228.725	237.463	234.439	219.344	198.371	181.772	177.205	182.961	188.328	188.052	191.481	207.693	229.258	238.348	225.165	197.416	172.567	163.11	169.007	182.487	197.769	212.875	223.844	222.127	202.984	176.493	160.53	160.48	166.04	167.428	163.675	158.879	159.852	173.317	199.603	228.84	244.626	236.178	209.083	179.19	156.635	141.939	133.877	133.597	141.59	153.615	161.872	161.208	153.165	144.177	140.199	142.601	148.203	152.487	153.426	150.359	138.177	110.702	72.3707	
101.139	126.18	133.349	129.209	123.361	123.727	136.712	161.619	186.589	198.058	193.884	183.969	178.904	179.692	179.234	174.884	173.147	176.252	176.459	169.698	161.191	155.353	151.898	151.171	152.945	152.018	145.076	137.726	136.318	140.778	148.835	157.197	160.196	155.445	148.027	145.556	150.161	156.133	158.31	161.487	173.465	191.693	205.852	210.266	208.529	206.964	207.027	208.005	211.922	218.216	220.067	212.881	200.053	186.521	173.172	159.615	146.989	138.112	135.671	137.84	139.658	141.241	147.031	155.619	160.565	162.689	171.128	189.91	212.524	230.571	238.375	231.452	210.915	186.855	171.766	171.696	181.868	190.874	194.691	202.77	223.141	247.663	258.143	244.496	214.259	184.898	169.515	168.859	175.726	185.538	197.91	209.996	213.533	201.771	180.795	166.492	165.433	168.325	165.18	155.961	147.398	148.342	164.983	194.879	225.38	239.259	227.121	196.923	165.601	142.058	125.277	114.781	114.094	124.888	141.905	155.395	159.012	154.596	148.987	147.08	149.132	152.95	156.326	158.3	156.931	145.282	117.123	77.7704	
117.954	144.742	147.8	136.603	124.86	121.06	129.354	148.412	168.636	178.837	177.298	173.162	176.207	185.587	190.825	187.423	183.245	182.483	178.573	168.635	158.854	153.547	150.593	147.768	145.241	141.781	136.462	132.66	132.988	136.295	142.546	150.984	156.407	155.419	151.519	150.469	153.359	155.493	154.597	157.998	172.719	191.975	202.037	198.978	192.335	193.666	204.202	216.376	224.931	229.406	228.539	220.762	207.992	193.439	178.396	163.418	149.674	139.507	135.752	137.769	141.423	146.143	155.236	166.079	170.173	167.209	168.405	180.818	198.641	212.19	214.66	202.732	180.89	161.087	153.292	158.636	169.977	178.614	184.292	196.167	219.63	245.952	258.402	247.916	221.134	192.739	173.228	163.573	160.223	163.173	173.809	188.148	197.076	193.012	178.707	166.53	163.295	162.52	156.079	144.575	135.6	137.927	155.087	181.668	205.827	214.98	203.313	177.684	151.211	130.237	113.971	103.618	103.62	115.655	135.066	152.809	161.861	162.488	159.746	156.987	155.197	155.342	157.047	157.982	154.803	142.216	116.207	80.4996	
116.169	144.759	149.089	137.432	124.023	117.974	122.649	136.274	151.331	159.567	159.982	160.352	169.594	186.742	199.241	198.427	190.529	184.064	178.918	173.683	170.477	169.278	165.75	157.457	147.642	139.676	133.276	128.457	126.387	128.298	136.484	149.619	160.338	163.769	162.316	160.288	158.929	156.421	153.307	157.258	174.152	195.634	206.009	200.283	189.416	188.62	201.573	217.545	225.605	225.484	221.529	214.941	204.939	191.367	175.335	159.3	145.98	137.967	136.956	140.909	145.127	149.099	156.774	166.764	170.704	166.115	161.906	165.365	172.925	177.053	172.987	160.097	144.248	135.138	137.668	147.962	157.377	161.161	164.499	177.045	200.829	226.54	240.841	236.845	218.817	196.282	175.825	159.122	147.648	146.034	155.86	170.806	181.677	182.357	173.745	163.994	159.183	156.197	149.496	139.535	133.057	137.332	152.65	171.48	185.302	188.903	180.294	162.619	143.277	127.036	114.739	108.29	110.547	122.002	139.554	156.821	168.014	172.646	172.98	169.221	162.907	159.029	158.94	157.929	151.429	137.337	114.286	83.1122	
98.9696	129.774	140.741	134.351	122.156	115.181	118.243	129.253	141.542	148.279	147.963	147.543	157.815	180.708	202.188	206.597	195.497	182.777	178.148	182.407	190.905	196.375	192.123	177.717	160.86	148.382	138.795	128.62	119.797	118.552	129.634	149.415	167.274	176.282	177.148	173.4	168.246	163.232	159.454	161.899	175.342	193.838	203.795	199.167	188.062	184.443	193.592	205.97	209.816	205.261	199.201	194.289	188.154	177.828	163.447	148.827	138.673	136.275	141.363	148.767	152.729	153.91	157.836	165.107	169.185	166.214	160.416	156.148	151.999	145.651	137.431	128.971	123.681	125.995	136.402	148.468	153.272	149.791	148.593	159.955	181.882	204.302	218.608	220.611	211.108	194.631	175.762	157.704	144.881	142.878	151.569	163.736	172.823	175.731	171.727	164.506	159.122	155.61	151.043	145.674	144.421	151.714	164.478	174.347	177.25	174.94	168.069	155.846	141.296	129.626	123.72	123.883	128.872	137.739	149.924	162.505	171.918	178.141	181.385	178.461	170.054	163.485	161.452	157.954	148.17	132.802	112.104	84.211	
81.8945	115.733	134.23	132.947	121.01	112.928	115.913	127.086	139.179	145.007	141.69	136.272	143.225	168.676	197.896	208.316	195.851	178.358	174.368	186.85	205.09	215.358	209.708	190.771	170.179	156.649	146.901	133.961	119.785	114.482	124.893	146.596	168.458	182.375	186.435	183.609	179.413	176.485	173.146	170.384	173.147	181.031	186.488	184.667	178.731	176.304	181.497	188.516	188.786	182.608	175.85	171.234	167.073	159.636	147.86	136.268	131.261	136.014	147.642	158.263	162.014	161.43	163.549	170.186	176.24	177.195	173.276	165.356	152.925	138.406	127.596	124.045	127.339	136.035	147.611	155.84	153.699	143.575	139.297	150.37	170.476	188.27	199.255	202.138	195.969	183.423	169.329	157.162	150.148	151.313	158.83	167.192	173.962	178.121	176.796	170.622	164.514	160.828	158.891	159.494	165.499	177.289	188.326	190.534	184.261	176.022	167.657	156.025	142.244	132.999	132.739	138.863	145.371	150.35	156.095	162.764	168.401	173.458	177.801	177.162	171.079	166.073	163.958	158.114	144.831	127.463	107.482	81.4873	
72.0093	108.113	131.114	132.56	120.679	112.053	114.964	126.136	138.096	143.148	137.274	127.446	129.788	152.847	183.41	197.061	186	168.118	165.584	182.441	204.597	215.004	206.436	185.018	165.15	156.18	153.193	145.736	133.37	126.381	132.044	147.482	165.585	180.091	186.959	187.931	188.998	190.993	187.895	177.84	167.638	162.741	161.812	162.201	162.852	164.747	170.12	176.563	178.394	174.937	169.192	163.332	157.846	149.926	137.895	127.427	126.361	136.206	151.308	163.289	167.519	167.62	171.323	181.202	192.63	200.201	201.699	195.57	180.466	160.337	144.81	140.463	145.317	153.235	159.098	158.673	149.226	135.708	131.171	142.516	160.909	174.163	179.501	178.302	171.559	163.185	157.642	155.825	157.64	163.689	171.926	179.221	185.731	190.42	188.895	181.645	174.46	170.256	169.514	174.432	186.767	203.071	213.679	211.068	198.805	185.663	173.851	159.932	144.68	135.334	137.024	145.525	152.02	153.606	153.923	155.421	157.54	160.834	165.342	167.583	166.979	167.729	168.452	161.29	144.193	123.284	101.731	76.1818	
65.7646	101.462	125.344	129.2	120.617	113.944	115.859	124.087	133.472	137.462	131.62	121.482	120.884	137.631	162.159	174.766	167.445	154.1	154.551	172.861	194.65	202.439	190.738	168.918	153.055	152.103	159.953	163.865	160.174	156	156.371	160.332	167.441	176.31	182.469	185.784	191.147	197.251	194.887	180.735	163.194	150.904	145.673	146.318	150.052	155.004	163.279	174.3	182.461	184.462	180.365	172.247	163.272	152.184	137.225	125.313	125.169	136.023	150.229	160.907	165.425	167.344	174.167	189.314	208.426	224.786	234.305	233.737	219.984	196.025	173.197	161.774	161.404	163.713	161.463	152.869	139.879	127.705	124.678	134.597	149.674	158.596	158.173	151.94	145.29	143.577	147.966	155.164	163.54	174.209	185.759	195.403	203.095	206.915	202.671	192.908	184.524	179.498	178.12	183.902	198.682	217.039	227.795	223.981	210.092	194.567	179.649	163.171	146.155	134.909	134.653	142.266	149.053	150.204	147.855	145.936	146.33	149.968	155.842	160.408	163.852	169.497	173.422	166.442	147.323	123.493	99.319	72.6783	
61.798	95.7401	118.998	126.078	123.826	121.492	121.899	124.138	127.686	129.653	126.001	119.299	118.403	128.411	143.917	153.221	150.552	143.668	146.264	162.557	181.485	187.454	175.772	156.788	146.293	151.86	167.314	180.525	186.313	187.573	185.217	178.921	174.067	174.434	176.106	177.289	182.308	189.988	190.35	178.775	162.677	150.284	144.056	144.095	147.928	153.317	163.13	178.111	191.992	198.603	195.523	184.949	172.309	158.22	141.332	128.617	128.207	137.443	147.766	154.289	156.84	159.267	168.365	187.516	212.292	235.044	250.546	254.731	243.538	218.673	191.029	172.679	166.061	163.496	157.05	146.532	136.418	129.789	128.984	135.554	145.068	148.72	142.987	133.401	129.343	135.613	147.924	158.977	168.098	179.656	193.737	206.395	215.399	217.484	209.245	195.554	184.97	179.5	178.649	185.011	199.372	215.936	225.325	222.792	211.703	197.299	181.069	162.597	143.709	129.871	126.51	133.072	142.413	146.915	145.16	141.869	142.328	148.442	156.664	161.328	163.722	169.386	175.047	170.767	153.934	130.317	103.957	74.6004	
62.197	96.5789	120.942	131.324	134.249	135.56	134.417	129.896	125.984	124.972	123.867	121.505	121.5	126.472	134.468	141.053	143.091	142.057	144.078	153.674	166.34	171.292	163.953	152.221	148.198	156.542	172.067	186.408	195.993	201.111	199.077	188.892	178.303	173.565	171.01	167.801	168.748	174.997	178.217	172.787	162.812	153.839	148.789	149.905	155.37	161.568	170.461	184.2	198.367	206.527	204.399	192.665	177.257	161.455	145.783	135.83	136.858	144.496	150.14	150.483	147.98	148.23	157.652	177.768	202.487	224.063	238.625	243.478	234.949	213.692	188.177	169.24	161.512	160.152	157.476	152.556	149.546	149.343	150.357	152.897	155.221	151.376	139.493	127.586	126.912	140.086	157.692	168.739	173.187	179.481	191.289	204.659	214.424	214.877	202.73	184.667	171.743	167.898	171.681	182.004	196.154	208.161	213.23	211.354	204.503	193.132	177.005	156.992	136.342	121.027	116.875	124.897	138.73	148.07	148.272	144.774	146.252	155.544	165.822	168.238	165.38	167.428	174.445	175.553	164.1	142.185	113.306	79.8092	
66.7859	105.439	134.411	147.286	150.337	151.091	148.468	139.867	130.565	126.84	127.155	127.533	128.018	129.964	133.531	138.935	145.272	149.378	149.991	150.567	153.554	155.581	153.656	151.643	155.458	165.473	176.814	185.267	191.146	195.614	195.332	188.3	180.502	176.91	173.641	167.503	163.457	164.877	166.835	164.763	159.76	154.217	151.442	155.601	165.096	174.054	181.624	190.346	199.742	206.681	206.253	195.363	178.075	161.256	149.332	145.777	150.893	158.548	160.985	155.685	146.604	142.095	149.937	169.201	189.724	203.163	209.751	211.234	205.172	190.357	171.519	157.031	153.605	160.074	168.225	173.169	176.839	180.307	181.796	180.901	176.113	163.348	144.126	129.442	130.596	147.866	168.862	179.449	178.311	176.662	182.536	193.3	201.515	199.591	184.89	165.508	153.921	154.985	165.492	180.473	194.21	200.943	200.339	197.171	192.723	183.434	167.36	146.432	125.797	112.54	111.947	124.09	141.893	153.801	154.434	150.741	153.765	165.974	177.224	176.23	166.997	164.41	172.428	178.914	172.007	150.24	117.984	80.8688	
73.3212	117.879	152.812	166.4	164.488	160.719	157.964	150.913	141.264	135.974	135.679	136.244	136.337	136.758	138.443	143.787	153.5	162.129	162.877	156.446	149.491	146.057	146.588	152.132	163.513	177.41	187.118	189.243	187.651	187.607	188.754	188.682	188.671	189.592	187.699	180.887	173.173	167.58	162.583	157.725	154.065	151.502	151.967	159.033	170.896	181.236	187.341	191.025	194.827	199.79	201.715	193.592	176.344	159.828	152.674	156.298	166.096	175.19	177.44	169.72	155.198	144.862	149.935	168.376	184.882	188.832	184.692	180.25	175.008	165.212	151.632	140.935	142.393	158.265	178.732	193.118	200.673	205.085	207.185	205.692	197.008	177.513	152.194	134.582	135.043	152.38	174.05	184.77	181.221	174.758	175.313	181.09	184.383	178.548	163.064	146.919	141.698	150.033	165.429	180.674	190.54	191.618	186.553	181.994	178.346	169.921	154.144	134.383	117.933	112.144	119.422	136.197	154.093	163.177	160.969	156.682	161.348	174.905	184.876	179.761	164.61	156.755	163.458	172.969	169.55	148.162	113.908	75.5297	
78.4398	126.184	163.801	175.847	168.197	160.627	160.939	161.079	156.234	151.139	149	147.68	145.805	144.323	145.1	151.267	163.556	175.547	177.83	168.246	154.264	144.76	143.848	152.157	168.661	188.03	200.295	199.826	192.386	188.212	191.307	198.873	206.468	210.176	207.592	200.01	190.329	178.106	163.285	151.24	146.318	147.235	152.482	161.922	172.514	179.553	181.757	181.337	181.788	186.058	191.235	188.822	176.756	164.574	162.06	169.021	179.148	187.849	191.339	184.536	167.959	153.721	155.904	172.731	186.28	183.904	171.56	160.978	154.002	145.573	133.738	124.25	128.062	149.472	177.35	196.572	204.748	209.253	214.316	217.15	210.557	190.184	163.3	144.461	142.391	155.55	174.055	184.331	181.41	174.034	171.072	171.447	169.423	160.634	145.952	134.503	136.669	151.874	169.48	180.699	183.147	178.125	170.489	165.631	162.434	155.321	142.364	127.998	120.869	127.131	144.071	162.8	174.55	174.663	166.677	161.316	166.356	178.161	184.522	175.931	156.838	143.498	146.026	156.906	159.643	143.804	111.333	72.6703	
78.5132	124.554	159.874	169.629	160.303	153.479	159.093	167.85	170.143	167.843	165.432	162.157	156.678	151.47	151.073	158.893	173.68	188.036	192.289	182.543	165.057	150.531	145.979	153.639	172.521	195.494	209.838	208.674	199.316	195.428	203.268	218.014	229.838	231.552	223.599	212.306	200.403	183.24	160.442	142.169	136.804	142.722	154.34	166.638	174.404	174.705	170.11	165.611	164.883	170.357	180.407	187.812	188.071	185.848	187.177	190.589	192.599	194.749	196.809	191.986	177.688	164.103	164.085	176.392	185.751	180.834	166.06	152.369	143.026	133.884	122.68	114.673	119.949	142.046	169.419	186.054	190.05	192.632	201.504	212.368	213.634	198.867	175.919	158.684	153.487	159.242	171.031	179.516	178.282	171.187	164.989	161.186	157.422	149.961	138.264	130.603	137.244	156.211	174.218	181.399	177.871	169.064	160.688	155.326	151.262	145.829	138.578	133.007	136.815	154.128	177.526	193.859	195.558	184.686	170.532	163.104	165.543	172.614	175.625	167.681	149.83	133.557	130.872	141.848	153.158	148.133	120.919	80.9982	
73.419	115.229	146.745	156.226	150.069	146.948	155.992	169.154	176.407	178.096	178.164	175.101	166.771	157.79	156.403	166.434	184.038	200.747	207.701	200.233	182.452	164.731	156.406	162.376	181.354	203.375	215.062	212.209	204.485	205.737	220.261	239.5	250.336	245.585	229.432	212.178	196.779	176.586	151.028	132.204	130.28	142.87	160.788	175.455	180.406	173.948	162.156	153.552	152.459	160.206	176.172	195.679	212.461	223.554	227.668	222.403	210.07	199.805	195.834	192.123	183.941	175.852	174.72	179.739	182.638	176.903	164.551	152.364	143.084	134.219	125.217	121.628	130.197	150.129	169.733	176.038	170.081	166.482	176.148	194.256	205.35	199.974	184.672	171.181	163.018	159.927	163.124	169.058	170.052	163.711	154.541	148.27	146.217	143.696	137.448	133.83	142.261	160.963	177.735	184.091	181.304	174.873	167.995	160.301	152.16	146.618	145.013	147.295	157.217	177.284	199.658	211.189	206.007	189.366	171.783	160.96	157.94	159.755	162.774	161.61	151.95	138.013	131.116	138.765	154.224	158.218	136.923	95.9784	
67.2277	105.722	135.4	147.045	145.408	144.562	152.679	164.742	172.569	176.101	178.63	177.523	169.363	159.67	158.92	171.17	190.998	209.794	220.375	217.863	203.26	184.926	174.019	178.063	194.574	210.72	215.209	209.985	207.072	216.06	234.961	252.139	256.163	244.093	223.207	203.649	186.928	166.718	143.3	128.421	131.919	150.379	171.9	186.464	188.735	178.299	162.184	150.596	149	158.264	178.184	206.685	237.346	260.374	266.665	253.245	227.91	204.828	192.306	188.814	189.58	190.948	190.75	188.333	183.523	176.004	166.74	158.361	151.933	145.959	141.968	146.029	160.052	176.588	184.059	175.575	156.86	144.61	151.304	172.27	190.459	194.25	187.341	177.993	167.302	156.26	151.661	155.321	158.791	154.215	144.084	137.648	138.663	141.382	140.938	141.397	149.425	163.888	177.274	185.35	189.515	191.274	188.175	177.108	162.347	153.841	155.072	161.36	170.521	184.407	200.028	208.593	204.216	189.13	170.625	155.325	146.573	145.828	153.005	162.561	165.177	157.722	147.97	147.647	157.836	162.623	144.803	105.036	
63.4614	99.7945	128.405	141.816	142.813	141.747	147.091	156.826	163.26	165.18	166.478	165.907	160.144	153.84	156.174	169.879	189.206	207.208	219.826	223.045	214.322	198.339	186.649	188.687	201.126	209.661	206.202	199.161	202.088	217.723	235.959	244.491	238.854	223.452	206.742	194.059	182.765	166.973	147.836	136.099	141.736	161.816	182.895	194.547	194.384	183.81	168.026	155.792	153.371	161.821	180.799	210.499	246.439	275.596	283.53	266.681	235.244	204.125	184.515	181.653	192.6	205.639	209.337	202.429	191.113	180.544	172.062	165.777	161.69	159.518	162.346	175.4	195.047	207.885	203.679	182.373	154.039	135.696	139.036	159.107	179.696	189.222	188.366	181.636	168.905	152.841	143.625	145.712	150.364	147.74	139.847	137.007	142.698	149.748	152.584	153.755	157.588	164.172	171.386	179.546	190.173	200.859	203.657	192.273	172.983	160.754	161.609	168.083	173.221	179.216	189.515	199.731	200.851	188.821	168.289	148.352	136.65	137.235	150.299	169.244	181.893	180.173	167.977	158.176	157.926	157.419	140.265	103.215	
62.0856	95.3238	120.893	133.877	136.255	135.679	140.967	151.666	158.173	156.527	152.244	148.752	145.372	144.93	151.957	165.822	181.028	193.441	203.121	208.928	206.248	194.776	183.889	184.251	193.71	198.104	190.464	182.093	187.533	205.123	219.099	217.931	204.913	191.586	186.139	187.559	187.917	180.352	165.708	153.843	156.368	173.224	190.923	198.399	196.144	187.847	175.851	165.326	162.248	168.054	182.188	206.193	237.958	264.963	271.776	254.631	223.136	190.48	169.063	168.706	187.914	210.358	219.188	212.42	199.351	187.81	179.111	171.957	166.747	165.726	173.39	192.836	215.7	225.612	214.724	187.746	156.924	138.469	141.964	161.102	181.008	191.615	191.977	184.483	169.625	151.856	141.824	143.216	147.425	146.521	143.796	148.374	161.146	172.438	175.261	172.066	167.962	164.923	163.562	166.519	176.969	192.859	203.741	198.991	182.222	168.899	166.861	169.343	169.311	170.97	181.552	196.822	202.43	189.856	165.431	143.017	132.438	136.366	152.939	174.933	190.042	189.233	175.065	159.902	152.921	148.357	131.47	96.9004	
62.7775	91.5999	112.706	124.504	128.798	130.996	139.479	153.984	162.321	157.434	146.493	138.566	136.47	140.973	151.477	164.077	173.706	178.234	180.843	184.639	185.683	179.03	169.968	169.703	179.078	185.237	179.207	170.045	172.794	186.746	195.537	188.357	172.71	164.294	170.765	186.529	199.285	200.092	188.772	174.573	170.808	181.344	194.524	198.495	194.728	188.69	181.14	174.123	172.329	176.952	186.862	203.126	224.378	241.05	241.526	223.401	194.642	166.437	150.185	154.785	177.723	202.757	214.037	210.259	200.656	192.167	184.657	175.883	167.199	163.435	170.519	190.461	213.284	222.499	211.378	185.64	157.889	143.825	151.073	171.35	190.218	198.928	196.142	184.342	166.623	149.298	141.246	143.43	147.777	149.504	153.168	166.008	186.264	201.429	202.245	192.205	179.782	168.587	158.479	152.183	156.301	173.173	192.785	200.046	192.575	181.832	175.378	169.747	162.838	162.559	176.361	196.298	203.457	188.809	162.517	141.328	133.786	139.552	155.151	173.622	184.209	180.35	166.238	152.684	146.422	142.129	126.378	93.3612	
67.6691	93.1302	111.22	122.798	128.986	133.456	143.794	159.859	169.019	162.648	148.099	137.549	135.676	141.451	151.716	161.913	167.681	167.012	163.524	163.427	165.394	162.582	156.614	157.889	169.824	181.644	181.379	172.499	169.46	176.175	179.806	170.136	155.197	151.578	166.178	191.029	211.267	216.361	205.925	188.91	178.576	181.652	190.045	191.964	187.401	182.101	177.723	175.871	179.615	188.134	197.997	207.758	215.638	216.996	207.72	188.372	164.928	146.098	140.217	151.322	174.049	195.026	203.796	201.31	195.273	190.043	183.975	174.659	163.594	155.818	157.921	173.387	194.787	207.04	201.306	180.252	156.056	145.179	154.638	175.439	193.835	201.419	195.728	179.527	159.265	143.409	138.55	142.878	148.95	153.817	162.065	179.765	204.122	221.101	220.001	205.371	188.295	172.771	156.68	142.198	139.077	154.057	179.05	197.073	200.312	193.96	183.385	169.199	155.955	154.823	171.004	192.4	199.078	184.479	160.492	142.244	135.513	139.33	151.237	164.81	170.179	163.725	152.288	144.748	143.101	140.494	125.361	93.0139	
77.0667	102.24	119.884	131.719	138.225	142.09	149.675	161.831	169.246	163.593	149.377	137.921	134.575	137.95	145.025	152.588	157.211	156.224	151.673	150.092	152.675	153.596	152.339	156.846	171.327	187.824	193.212	185.304	176.523	175.573	174.745	164.613	151.649	150.876	167.776	193.691	214.008	218.969	208.866	191.104	176.162	172.071	175.638	176.602	172.06	166.57	164.259	168.475	180.779	197.091	210.339	215.828	211.793	199.536	182.98	165.579	150.704	143.345	147.82	163.708	183.814	198.103	201.458	196.722	189.79	183.15	175.598	166.254	155.893	146.754	144.361	154.951	176.178	195.238	199.005	183.937	160.427	146.602	151.502	168.681	186.632	196.249	191.931	174.923	153.901	139.559	137.101	142.826	149.895	156.034	164.947	181.948	204.75	220.591	219.605	205.922	189.486	173.373	155.079	137.128	130.147	141.886	166.494	189.356	200.352	198.234	185.44	166.461	151.21	151.54	168.635	187.506	190.966	176.866	156.457	140.177	131.338	131.055	139.862	151.834	156.477	151.03	143.658	141.716	143.35	140.532	124.423	92.3642	
85.6405	112.839	130.951	141.53	146.096	147.6	150.651	157.335	163.452	161.102	148.961	135.192	127.256	126.127	129.641	135.186	140.101	141.927	141.182	142.754	148.683	154.483	158.109	164.585	177.999	193.692	200.456	193.212	181.271	175.439	172.481	164.057	153.952	153.853	167.559	187.641	203.104	207.601	201.414	187.101	169.914	159.082	157.598	158.009	154.68	150.261	150.48	159.635	177.798	199.247	215.485	219.936	210.936	193.785	177.034	165.041	158.468	158.454	166.092	179.942	194.623	203.57	203.977	197.611	187.621	175.865	164.02	154.543	147.551	141.247	138.577	147.326	169.714	196.055	210.314	202.183	177.842	156.358	151.472	162.289	179.876	193.333	193.392	178.81	158.463	144.363	141.416	145.192	149.885	154.259	161.006	173.88	191.424	204.555	205.986	197.553	184.82	169.638	151.352	134.003	127.167	136.41	157.656	181.485	197.863	199.394	185.63	165.04	151.473	154.979	171.473	184.184	180.762	164.565	146.122	131.155	120.773	117.794	125.261	138.343	146.235	145.128	141.939	142.531	143.722	138.386	120.783	89.6939	
87.1835	116.394	133.987	140.867	141.618	141.2	142.893	148.968	158.066	161.161	150.77	132.383	117.594	111.675	112.637	116.74	121.84	126.658	131.131	138.221	149.221	159.566	165.728	170.894	179.238	188.907	192.612	186.172	175.825	170.482	168.747	163.566	156.382	155.576	164.224	177.481	188.868	195.622	196.807	188.465	170.497	153.983	147.962	147.914	146.664	145.124	148.573	159.917	177.527	196.985	212.838	219.354	214.138	202.233	191.446	184.376	179.917	177.54	177.591	180.986	187.225	193.41	196.311	193.597	184.167	169.475	155.034	146.975	145.03	144.259	144.982	154.25	176.062	204.335	224.707	223.56	201.096	174.149	161.061	167.062	184.503	200.358	203.904	192.668	173.782	158.48	151.814	149.892	148.583	148.806	153.282	163.488	177.251	188.466	192.35	188.498	178.662	164.226	146.606	131.167	126.185	134.815	154.539	180.82	203.319	208.392	193.255	170.916	158.571	163.296	176.233	180.876	170.171	151.616	134.964	122.665	113.554	109.823	115.623	128.861	140.471	144.899	145.323	145.303	142.63	133.581	115.242	86.1616	
81.0448	110.953	127.377	130.203	127.249	126.351	130.698	141.451	156.29	164.258	154.913	133.156	114.03	105.796	105.65	108.364	112.465	118.078	125.191	135.457	149.097	161.028	166.801	168.753	171.255	174.177	174.162	170.44	167.34	168.708	171.047	167.941	160.58	156.878	161.366	171.539	182.595	192.514	199.055	194.917	177.854	159.979	152.709	152.891	153.343	154.298	159.908	171.131	184.687	197.824	209.762	218.076	220.155	217.87	214.271	208.579	199.463	187.705	175.216	165.683	162.598	166.145	173.116	177.65	173.978	162.111	150.177	146.668	150.96	156.752	162.57	172.573	189.181	209.9	227.617	231.654	216.382	191.596	176.335	180.271	196.474	211.299	215.793	207.858	191.284	174.488	162.904	154.167	145.752	141.146	144.815	156.333	170.309	180.558	184.283	181.531	173.351	160.824	145.077	131.026	126.585	135.334	157.222	189.919	220.113	228.167	210.572	185.34	171.915	173.823	179.916	177.498	164.3	148.11	136.312	129.31	123.59	118.78	119.739	129.266	141.971	150.482	153.074	150.532	142.64	129.825	110.981	83.4343	
71.0698	100.855	117.595	119.759	116.287	116.722	124.72	139.788	157.015	165.377	156.662	137	121.066	115.677	116.185	117.093	118.404	121.778	127.682	137.009	149.337	159.926	164.217	163.6	162.174	160.949	159.64	161.044	168.608	180.199	187.313	182.997	170.484	160.593	160.817	169.849	181.774	192.729	199.73	196.928	183.87	171.434	167.995	169.556	170.248	171.129	176.298	186.379	197.093	204.931	210.856	216.564	222.086	226.829	228.212	222.248	208.508	189.995	170.025	152.696	141.99	140.234	147.243	157.304	160.918	154.888	147.528	148.686	158.715	171.845	184.621	195.787	203.519	209	216.364	222.805	218.252	202.292	189.776	191.996	203.76	214.124	218.166	213.927	200.505	183.051	168.099	155.135	142.159	134.153	137.851	151.837	166.796	175.119	176.736	174.91	171.287	164.709	153.045	139.248	132.334	140.041	166.064	206.913	243.417	251.427	229.493	200.92	185.623	182.915	181.644	175.532	166.181	158.262	155.036	155.43	153.957	147.061	140.121	141.508	150.484	159.09	161.962	157.495	146.303	130.786	110.336	81.9788	
61.1541	90.9955	110.618	116.952	117.655	121.691	132.191	146.844	159.277	162.033	153.453	141.299	135.457	136.894	138.687	137.07	134.757	135.017	138.63	145.575	154.844	162.685	165.337	163.356	160.114	157.664	158.135	166.203	183.779	203.562	212.628	204.1	184.539	167.792	162.526	167.772	177.886	188.184	194.727	193.743	187.421	184.143	187.013	190.38	190.003	188.307	190.346	198.055	207.297	212.055	211.384	210.271	213.983	221.808	226.731	222.556	209.666	191.763	171.893	153.047	137.951	130.198	133.841	145.842	154.484	152.283	145.578	145.908	157.708	177.879	199.965	214.837	214.954	204.956	200.197	206.176	210.469	204.168	195.872	195.17	199.325	203.484	207.65	208.325	199.259	183.269	168.475	155.578	141.918	132.271	134.43	147.076	159.63	164.96	166.434	170.231	176.503	179.272	172.33	157.257	145.4	150.216	178.957	224.787	262.479	266.307	238.707	207.029	190.217	183.933	178.214	172.878	171.832	175.185	181.177	187.664	189.21	180.669	166.692	158.405	159.271	163.791	166.37	163.277	152.814	136.114	112.815	81.6289	
53.9051	84.083	107.52	120.258	128.031	137.536	149.59	159.971	163.166	157.917	149.744	146.385	150.591	156.811	157.568	152.918	148.807	149.058	153.295	159.774	166.494	170.607	170.3	166.744	162.693	160.96	165.569	180.882	205.239	227.395	233.704	220.463	197.632	178.447	168.423	166.78	172.16	182.069	190.625	193.086	192.526	195.768	202.86	207.509	206.154	201.255	198.458	201.53	207.68	209.451	203.509	196.572	198.288	208.358	216.719	215.848	206.438	191.752	174.23	156.771	141.755	132.621	134.763	147.082	157.7	156.094	145.63	139.177	147.066	170.872	201.74	222.649	220.399	201.567	188.363	191.146	197.672	196.384	191.384	188.149	185.415	185.126	191.382	198.139	194.946	183.45	172.329	162.148	149.551	138.375	135.697	141.269	147.582	150.895	156.719	170.497	187.844	197.742	192.477	174.714	157.914	158.803	185.917	229.675	262.991	262.379	232.671	200.538	182.551	173.626	166.918	166.493	176.045	190.285	202.115	208.987	208.997	199.149	182.424	167.873	160.679	160.071	163.364	164.851	158.039	141.259	115.396	81.9078	
50.6867	80.6897	106.123	123.506	137.544	152.219	165.042	170.541	166.209	156.835	151.551	154.916	162.888	166.834	162.513	155.204	152.875	157.499	165.758	174.092	179.745	180.283	176.082	170.205	165.334	164.569	173.177	194.125	221.233	240.641	241.656	226.382	206.924	191.939	181.02	173.848	174.652	183.642	192.894	196.07	196.662	201.334	209.653	215.488	214.373	207.01	198.981	195.759	196.432	194.451	186.329	178.949	182.366	195.167	205.549	205.671	196.802	182.658	166.23	151.413	140.992	136.753	141.698	154.595	165.365	163.658	150.358	137.192	138.119	159.863	193.976	218.85	217.629	197.192	180.984	179.681	182.784	181.337	178.206	174.914	170.267	170.26	180.479	192.921	195.899	190.623	184.222	176.246	164.092	151.116	142.012	137.402	135.784	138.76	151.501	174.432	197.4	207.304	199.261	179.113	160.034	156.896	177.147	211.968	238.606	238.36	214.706	187.842	170.269	159.136	153.157	159.28	178.763	200.758	213.576	214.984	208.457	195.965	179.799	164.602	153.914	150.102	153.939	159.217	155.889	140.212	114.395	81.5093	
50.9745	79.6774	104.027	122.295	139.202	156.553	169.245	171.843	165.492	158.297	158.299	165.368	171.477	168.715	158.072	149.623	151.387	161.31	172.604	181.725	187.12	186.63	181.196	174.701	169.633	168.905	178.377	200.448	226.534	241.964	239.457	225.723	213.165	205.521	197.797	189.773	187.781	192.401	195.926	194.152	192.201	196.352	205.882	214.304	214.777	205.722	193.292	184.638	179.979	174.678	167.236	163.643	170.649	184.64	194.006	191.856	180.389	164.69	148.897	137.319	132.66	135.16	144.936	159.49	170.658	170.6	159.308	144.822	140.07	155.144	184.653	207.009	205.196	186.398	171.758	168.942	168.839	166.267	164.607	163.574	161.785	165.613	179.384	194.853	202.32	202.659	199.625	191.833	179.102	165.191	151.729	138.918	130.901	134.495	152.765	179.378	200.139	204.11	192.082	172.566	154.833	147.73	157.295	179.669	200.24	204.796	192.777	175.774	161.556	150.099	145.865	157.216	182.087	206.177	216.435	211.613	198.386	182.279	166.638	153.898	144.529	139.77	141.684	146.079	143.81	130.851	108.758	79.468	
51.5597	77.7955	98.9188	115.37	132.491	151.166	165.153	169.131	165.698	162.6	165.045	171.398	174.56	168.289	155.643	148.48	153.893	165.738	174.615	179.435	182.752	183.882	182.588	180.462	177.906	176.842	183.482	201.634	224.427	238.471	236.889	225.96	217.27	213.804	210.026	204.172	199.631	196.083	189.722	181.479	177.5	182.156	194.117	206.4	209.463	199.992	185.654	175.001	167.965	161.172	155.684	156.389	165.566	177.861	183.98	179.183	165.99	149.533	133.989	123.27	120.161	125.328	138.303	155.408	168.821	172.919	168.016	158.035	151.579	159.033	178.502	192.051	186.23	169.557	159.318	158.563	158.529	156.485	156.429	158.26	160.681	167.985	182.127	196.743	206.259	210.883	209.969	201.088	186.694	172.125	157.905	143.38	134.853	140.917	161.363	184.932	197.712	194.511	181.565	167.083	153.759	143.626	142.49	153.08	168.502	177.148	174.477	165.713	155.484	146.172	145.776	161.171	186.165	206.469	212.768	205.59	190.061	170.799	153.284	142.158	136.265	132.624	131.449	131.389	127.786	118.068	101.342	76.4154	
48.2261	70.9221	88.3909	102.811	120.358	142.348	162.278	173.08	174.756	172.178	169.695	169.711	170.608	167.043	158.949	155.641	163.068	173.166	175.504	171.907	170.051	172.711	178.913	185.62	188.362	186.959	188.31	199.265	217.716	233.151	235.85	226.533	215.678	210.571	208.775	205.375	198.409	187.74	175.09	164.849	161.398	166.626	179.666	194.525	200.564	193.383	181.247	172.826	166.987	160.698	156.844	159.929	169.263	178.688	181.868	176.861	165.678	150.742	134.173	119.678	111.634	113.2	125.362	143.947	160.354	169.7	172.8	170.784	167.288	169.936	178.699	181.362	170.925	157.452	152.746	154.405	153.982	151.249	151.573	155.737	161.538	169.825	180.877	191.927	201.778	209.454	210.043	199.638	182.188	165.742	153.401	144.866	144.269	156.261	176.02	190.994	192.47	183.179	172.935	166.595	159.876	149.872	142.987	146.623	158.067	166.425	165.135	157.198	147.45	141.302	147.727	168.389	191.375	204.792	207.052	201.066	186.762	164.662	143.003	131.435	129.188	129.027	127.53	124.161	118.307	109.848	96.3282	73.9465	
41.3485	60.095	74.3511	87.4119	106.18	132.957	161.379	181.532	188.479	183.694	172.87	164.427	162.854	163.876	163.164	164.974	173.424	181.109	178.382	168.027	160.341	162.095	173.704	188.269	195.632	192.837	187.671	190.37	203.914	221.085	228.839	220.745	205.458	195.824	194.012	192.9	186.533	175.659	165.167	158.77	157.316	161.22	171.473	185.105	193.166	190.634	183.981	180.482	178.102	173.024	168.345	169.913	177.688	185.417	187.938	185.355	179.176	168.005	150.755	131.125	115.693	110.441	118.393	135.53	152.379	164.135	172.676	178.664	181.775	184.538	186.309	180.986	168.983	160.744	161.076	162.129	156.821	149.329	148.165	154.399	162.572	169.562	175.978	183.336	192.764	201.343	201.779	189.58	169.131	150.834	141.888	143.469	155.25	174.251	190.885	194.613	184.42	170.474	163.977	165.518	165.86	159.777	154.071	157.362	166.965	171.323	164.168	150.186	137.609	135.391	151.06	178.466	199.554	205.796	203.872	198.89	185.698	161.283	136.299	124.143	124.819	129.378	131.694	129.016	121.13	110.491	96.141	73.7302	
37.2758	53.3957	65.1067	76.4567	94.7861	122.91	155.241	181.013	192.026	187.327	173.461	161.251	157.673	160.689	165.253	171.143	179.623	185.565	182.088	170.843	160.44	159.341	170.384	186.184	193.912	188.415	177.426	173.325	182.617	200.89	213.909	209.945	193.767	180.205	176.091	176.296	174.381	170.859	169.638	170.938	172.101	172.938	176.719	184.819	192.274	193.949	192.978	194.615	195.996	190.951	181.339	176.317	180.209	187.422	191.272	191.636	190.153	183.813	169.368	149.527	131.062	121.276	124.912	138.15	150.694	158.617	166.762	177.916	189.322	197.218	197.883	189.781	179.366	176.204	179.043	176.699	164.27	150.729	148.112	156.776	166.656	171.429	173.905	179.019	186.999	192.617	189.684	175.923	155.719	139.02	134.485	144.264	164.292	185.315	195.852	189.807	172.507	157.236	153.695	159.511	164.337	163.075	162.05	168.362	177.385	177.058	162.911	142.899	129.294	133.127	158.11	190.585	209.294	209.808	203.982	197.537	183.59	158.98	134.873	123.895	125.881	133.447	140.407	140.513	130.95	116.326	99.3124	76.1163	
41.0653	57.2898	67.8454	77.1284	92.2871	115.662	142.984	166.144	178.119	177.402	168.821	159.985	156.403	159.295	166.436	174.527	181.204	184.431	182.494	176.058	168.732	166.193	171.903	181.377	184.653	176.496	162.693	155.096	161.673	180.526	199.267	203.697	192.007	175.603	165.559	163.835	167.099	174.087	184.681	194.596	197.956	194.261	189.455	189.725	194.483	198.725	202.146	207.536	210.654	202.971	185.68	171.595	169.885	176.279	181.69	183.652	184.227	182.195	174.377	161.231	147.043	138.541	140.971	149.714	154.122	153.331	156.952	170.691	190.144	205.457	208.477	199.935	190.27	188.276	190.115	184.747	168.947	153.38	151.255	162.028	172.971	176.696	177.89	181.99	185.974	183.546	173.527	158.98	143.969	134.072	134.893	147.993	167.883	183.656	186.201	174.894	157.898	146.033	144.713	150.458	155.355	156.133	157.887	165.277	172.877	170.181	154.707	135.68	126.498	137.281	167.079	198.556	212.88	210.406	203.249	194.763	179.46	157.566	139	131.464	133.045	139.089	145.735	145.869	135.06	118.686	101.315	78.9169	
51.142	69.7918	81.4567	90.0304	101.182	115.953	131.625	145.09	154.345	158.842	159.159	156.613	154.494	157.692	167.221	177.025	180.792	179.603	178.849	180.465	182.257	182.936	183.169	182.571	178.423	168.138	154.508	146.1	150.45	168.362	191.614	205.729	201.268	182.876	164.71	158.012	164.584	180.872	201.321	216.823	218.836	207.743	193.551	187.03	190.286	197.638	205.192	212.318	213.506	200.827	177.196	157.083	151.047	155.986	162.038	164.216	164.444	164.728	163.764	160.131	155.12	153.608	158.979	164.351	160.134	150.733	150.38	165.883	190.782	210.726	214.089	202.781	190.083	185.224	184.965	180.417	168.274	156.441	155.997	166.541	177.13	181.9	184.921	188.258	185.41	171.568	152.587	137.79	130.643	130.481	137.385	151.121	166.488	174.602	170.815	158.901	147.06	141.203	141.867	145.389	147.123	145.934	146.041	150.784	156.154	154.911	145.597	135.047	133.395	147.292	172.957	195.321	203.028	200.813	196.907	189.37	174.321	156.716	145.634	143.169	143.897	143.895	142.781	137.888	126.79	112.957	98.3744	78.0737	
61.2182	82.8547	97.6753	108.145	117.07	123.924	127.607	130.036	134.839	142.75	149.84	152.106	151.876	156.533	168.597	179.953	181.388	176.037	175.626	185.131	198.366	206.372	205.003	196.437	184.923	171.853	158.389	149.405	150.798	165.491	189.517	209.497	210.854	192.355	169.115	158.896	167.794	190.305	215.532	230.37	225.816	205.181	182.907	172.695	177.102	188.944	200.814	208.468	206.138	189.17	163.351	142.351	134.634	137.692	143.176	145.043	144.058	144.338	147.404	151.963	157.324	165.292	175.24	178.282	167.9	153.71	152.079	168.442	194.029	212.639	212.088	195.712	178.687	171.179	171.499	172.479	168.921	163.345	163.113	169.633	177.43	183.632	189.439	191.775	182.472	159.725	134.386	119.625	118.636	126.545	139.066	153.783	165.855	169.196	162.884	152.971	146.741	146.252	148.593	149.901	147.379	141.394	136.747	137.616	142.246	145.756	145.915	145.168	148.451	158.661	172.324	181.094	182.306	182.977	185.943	183.263	170.574	156.11	150.093	151.966	152.493	145.683	133.967	122.022	111.444	101.629	89.4742	70.3551	
64.5913	87.9071	106.357	120.937	131.441	135.729	133.403	128.973	129.419	137.13	146.957	152.894	156.057	162.713	174.996	185.478	185.228	177.94	177.482	190.859	211.245	226.173	228.031	218.389	203.454	187.195	171.897	161.249	159.453	169.497	189.404	207.934	210.667	194.569	173.343	165.16	176.995	202.054	226.125	234.858	222.087	194.911	169.2	157.914	163.067	177.691	193.234	203.028	200.697	183.412	158.162	137.212	127.238	126.867	130.596	132.702	131.895	132.335	138.393	150.341	165.366	180.463	191.105	189.865	175.52	160.468	159.356	174.544	196.038	208.987	203.548	184.475	166.72	159.844	163.086	170.644	175.52	174.907	172.476	172.056	174.263	179.256	185.829	187.877	177.683	154.77	129.62	115.377	116.28	127.83	144.367	161.026	172.082	173.234	166.001	157.763	155.313	158.376	161.731	161.027	154.194	142.751	133.334	132.197	138.94	148.419	155.802	159.688	162.048	164.57	165.852	163.663	160.849	164.564	174.056	177.497	168.011	154.163	148.677	152.299	153.744	143.664	125.018	108.193	98.2316	90.6207	78.1115	58.2343	
60.1251	82.8468	103.233	122.126	137.903	146.713	146.648	141.232	138.004	142.077	151.606	161.627	170.24	178.711	187.748	193.698	191.594	185.01	184.815	196.484	215.255	231.729	238.832	235.323	223.813	207.604	191.057	178.999	174.396	178.479	189.519	199.792	199.714	187.93	174.662	172.84	186.943	210.328	229.342	231.589	214.945	188.548	165.185	153.578	156.009	169.426	187.549	202.323	204.998	191.366	167.254	143.924	128.638	122.71	123.861	127.214	129.318	133.08	144.782	165.574	188.751	205.272	209.076	198.736	179.932	165.256	164.502	176.208	191.112	198.611	192.429	177.126	164.021	159.26	162.701	172.076	181.405	184.058	179.577	172.401	167.208	167.118	171.676	175.67	172.32	158.653	139.711	125.941	124.465	135.703	155.339	175.361	186.916	185.64	175.213	165.613	164.461	169.661	173.605	171.207	161.002	145.714	133.953	133.599	144.067	158.29	168.486	171.157	168.985	165.737	161.21	153.987	147.796	150.369	161.553	168.794	162.063	147.926	141.177	145.547	149.4	140.254	119.894	101.725	93.0525	86.6301	72.3475	50.047	
55.2353	75.5504	94.5578	115.067	136.396	153.089	159.955	157.496	152.431	152.495	160.267	172.78	185.126	193.606	197.795	198.204	195.064	192.295	194.966	203.115	213.889	225.071	234.145	238.113	234.738	224.365	211.261	200.151	192.261	187.446	185.797	185.064	181.79	176.116	172.718	176.696	189.444	207.093	220.629	221.015	207.659	188.327	170.583	158.503	155.903	165.402	184.156	203.266	211.748	203.722	182.834	158.333	138.102	126.466	124.296	128.091	133.495	142.494	161.988	192.079	220.826	233.782	225.894	203.442	178.387	162.246	159.678	166.305	175.121	180.782	179.976	174.764	169.909	166.23	164.773	169.657	179.146	184.482	180.33	169.087	157.032	150.305	151.787	159.268	166.25	165.306	154.495	140.613	134.302	143.05	165.474	190.248	203.657	199.413	183.41	169.844	168.238	174.787	179.571	176.937	165.912	149.917	138.802	140.997	154.615	170.955	181.261	181.881	177.454	174.293	170.975	161.842	149.043	143.49	149.627	156.46	151.367	137.948	131.246	137.022	143.861	137.382	118.42	101.95	96.4224	92.3825	76.9707	51.1862	
57.854	75.601	90.4612	108.737	132.042	153.513	164.981	165.414	161.371	160.673	166.502	176.869	186.932	192.44	193.127	191.286	190.394	195.2	205.516	214.27	217.745	219.744	223.774	228.497	230.414	227.941	222.667	215.389	203.955	188.453	173.553	163.688	160.289	162.475	167.739	173.926	181.451	191.564	201.468	204.594	198.546	187.869	176.528	165.751	159.919	164.932	180.631	199.199	210.362	208.405	194.745	174.881	154.816	139.907	133.442	134.141	138.886	150.241	175.089	211.34	242.52	251.087	233.848	202.176	171.142	151.102	144.163	145.488	150.372	157.074	164.145	170.822	175.244	173.01	166.158	164.908	172.552	179.859	177.299	164.253	147.404	135.395	134.006	143.299	157.069	165.306	161.371	148.58	139.18	145.484	168.355	194.768	208.296	201.521	182.023	166.842	166.023	174.01	179.88	178.568	169.445	155.539	146.778	151.448	166.278	182.218	192.511	195.128	194.804	197.25	198.168	187.201	165.2	147.342	143.926	146.849	142.11	129.888	123.345	129.061	136.985	132.947	117.346	104.784	103.331	102.26	86.8394	58.0679	
66.6764	83.8075	95.1955	110.01	131.398	150.954	159.627	158.89	157.052	158.845	163.202	167.956	171.62	173.317	173.804	174.87	180.232	194.524	214.435	227.826	228.348	221.887	216.147	213.225	212.46	213.825	216.334	214.572	201.941	179.265	155.626	140.863	139.656	148.933	159.74	165.45	167.763	172.491	180.73	186.503	185.181	180.062	175.406	170.869	167.343	169.147	178.503	192.065	202.83	205.528	199.663	187.597	172.264	157.404	146.829	141.451	140.879	149.586	174.431	211.505	242.396	249.338	230.17	196.679	163.288	139.523	127.835	124.95	127.349	134.455	146.471	161.856	174.525	176.031	167.81	163.066	169.008	177.474	176.418	162.621	142.911	127.553	123.374	131.13	145.376	156.394	156.7	147.958	141.277	147.9	167.193	186.75	193.768	184.262	166.692	156.33	159.997	169.996	176.135	175.672	168.996	157.992	151.087	155.987	169.395	183.623	195.483	204.971	214.1	224.389	229.281	217.244	188.679	160.476	147.045	144.449	139.321	128.112	120.023	121.885	127.336	125.129	114.832	107.285	108.314	108.255	93.3588	63.9264	
73.586	93.0512	105.226	119.288	137.658	150.562	150.439	143.957	142.199	146.048	149.294	149.573	148.979	149.59	152.84	160.042	173.629	195.748	220.87	235.921	234.307	222.543	209.307	197.671	189.884	189.903	196.66	199.976	189.571	166.26	140.732	125	125.333	137.508	149.641	154.276	154.951	158.738	166.459	171.505	169.111	164.79	166.309	172.229	176.495	178.34	182.516	191.644	201.085	204.15	199.801	191.263	180.546	168.404	156.499	146.395	140.354	144.613	165.334	197.764	225.22	232.794	218.434	190.733	160.85	137.071	122.795	116.704	116.144	121.171	133.925	153.484	171.574	177.114	170.019	164.052	169.062	178.499	179.01	165.634	145.338	129.03	123.147	128.163	139.159	147.553	147.968	143.851	144.571	155.122	168.865	174.906	169.51	156.534	144.576	143.297	153.801	165.942	170.634	168.444	162.296	153.223	146.489	148.55	158.314	171.374	187.147	205.682	224.786	241.523	249.615	239.579	210.492	176.615	154.064	144.919	139.525	130.94	121.889	117.903	118.127	116.935	112.928	110.448	111.456	109.402	94.6758	66.8323	
72.9939	96.3264	113.361	130.044	146.352	152.854	145.015	132.876	128.387	130.73	132.411	131.841	132.146	134.984	141.56	154.361	175.12	201.747	225.653	235.285	227.934	213.057	198.853	185.173	173.314	170.267	177.325	183.434	176.794	157.395	134.967	120.728	120.878	131.628	141.867	145.555	147.272	152.767	160.387	162.798	156.59	150.315	155.261	169.653	181.989	187.435	192.591	203.02	212.405	210.861	199.268	186.519	177.132	169.068	159.829	149.675	142.172	143.618	158.017	180.999	201.348	209.609	203.565	187.145	166.695	147.62	132.91	123.141	118.227	120.305	132.566	153.166	172.247	178.497	171.793	165.577	170.394	180.445	182.105	170.217	151.967	137.701	132.526	136.259	143.979	147.492	144.048	141.17	148.107	163.142	172.512	166.245	149.551	133.871	127.346	134.25	151.192	165.686	168.246	161.997	153.594	144.527	136.669	134.824	141.385	155.757	176.923	201.802	225.301	244.304	255.821	252.128	228.021	192.043	160.941	144.246	138.747	135.326	128.448	119.968	114.481	113.378	115.018	117.039	116.861	110.964	95.1061	68.9257	
66.058	92.4646	114.89	134.504	149.182	152.845	144.577	132.939	126.327	124.137	122.485	122.356	125.933	131.822	140.125	155.279	179.422	207.005	226.519	227.86	213.098	196.325	186.035	177.43	167.329	162.606	167.419	173.504	170.105	155.959	138.394	126.585	125.962	134.038	141.94	144.968	147.833	154.937	162.561	162.862	153.724	145.069	149.003	164.061	178.755	188.73	200.817	218.197	229.544	222.035	199.995	179.423	168.942	164.948	160.797	154.338	148.665	148.337	154.961	166.535	179.38	189.463	193.462	190.354	181.32	168.034	152.55	138.027	128.907	130.097	143.239	162.739	177.875	180.522	172.929	167.337	172.475	182.509	184.874	175.021	159.448	147.366	143.513	147.864	155.1	155.954	148.16	142.332	149.521	165.368	172.292	160.469	139.381	123.873	121.234	133.065	154.459	171.505	172.943	162.448	149.79	138.342	128.65	124.686	131.581	150.432	176.174	200.549	219.116	234.81	249.971	255.875	240.358	205.799	169.245	146.417	140.279	141.269	137.435	126.804	117.665	116.857	122.656	127.911	126.504	116.513	97.9168	71.4962	
58.6687	87.0891	113.029	133.341	145.555	149.063	146.44	141.64	136.225	129.218	122.163	120.476	125.914	133.691	142.013	156.178	178.929	203.627	218.143	213.694	195.011	178.829	174.142	173.337	168.895	165.038	167.132	171.263	169.787	160.109	146.564	136.869	136.159	142.807	149.576	152.634	156.737	165.534	173.463	171.842	160.038	148.731	148.345	157.241	168.035	180.344	199.604	223.678	236.984	226.161	198.225	173.003	161.73	160.807	161.565	159.634	156.175	153.475	152.61	155.927	166.393	182.431	197.49	205.529	203.908	192.538	174.217	155.357	144.428	147.221	161.347	176.991	184.738	181.729	172.712	167.549	172.506	182.631	187.076	180.221	165.784	152.753	148.629	155.12	165.801	168.781	159.477	148.778	150.496	162.716	168.651	158.098	139.861	128.137	128.87	142.28	163.889	180.962	181.701	168.388	151.296	135.968	124.311	120.881	131.635	156.143	183.437	200.636	207.115	215.142	232.356	247.316	241.447	212.706	177.471	153.487	146.334	147.408	143.846	133.046	124.405	125.667	133.794	139.671	136.518	123.27	101.649	73.5172	
56.1789	87.2252	115.733	135.281	144.151	146.847	148.769	150.15	146.676	135.882	123.188	118.587	124.668	134.102	142.464	154.186	172.4	191.336	200.366	192.721	174.329	161.377	161.797	167.449	169.28	168.365	169.112	171.48	171.569	165.295	154.05	145.561	145.453	151.568	157.379	160.796	167.193	178.864	187.483	183.238	167.968	154.101	149.737	152.012	157.487	169.291	190.776	215.89	228.57	217.577	190.734	166.669	155.957	156.16	159.766	161.411	159.509	154.486	148.971	149.756	163.482	188.243	213.369	228.219	228.317	214.839	193.273	172.618	162.361	166.159	177.557	185.746	185.476	178.301	168.549	162.545	165.556	175.492	183.3	180.499	166.974	152.52	148.677	158.596	174.184	181.598	173.659	159.057	153.506	160.516	167.335	162.937	152.285	146.762	150.419	161.596	177.005	188.667	187.429	173.275	153.944	135.709	122.497	120.113	134.227	161.551	186.411	193.878	187.813	187.718	204.137	223.811	225.735	205.964	178.56	158.882	151.379	149.098	143.2	133.86	129.487	134.419	142.961	146.481	140.639	125.501	102.34	73.0038	
58.4208	93.2893	125.058	144.471	150.095	149.758	150.922	152.59	148.013	133.824	117.253	111.051	118.67	131.089	140.898	150.484	163.52	176.257	179.962	169.797	152.647	142.924	146.311	155.075	160.947	162.972	163.957	166.542	169.552	166.879	157.131	148.848	148.668	153.382	157.147	160.584	169.521	183.905	192.941	186.686	169.468	155.104	150.001	150.272	153.827	163.987	182.381	202.935	212.724	203.575	182.317	163.043	153.206	152.05	155.636	158.965	157.912	151.889	145.466	147.391	164.465	193.947	223.344	239.784	238.711	223.709	202.588	184.559	176.679	178.959	183.449	182.362	175.829	167.833	159.748	153.269	153.011	160.67	170.039	171.105	161	149.511	149.241	162.264	179.605	189.149	183.61	167.952	157.169	160.176	169.678	173.858	172.388	172.888	177.848	184.172	189.952	193.033	188.627	175.132	156.718	138.196	123.631	119.668	132.392	157.368	177.237	177.282	164.046	159.161	172.91	192.476	199.061	188.677	171.641	158.673	151.789	145.89	137.18	129.305	129.496	138.081	146.575	147.298	138.93	122.697	98.9053	69.2025	
61.3105	99.7629	134.936	155.097	158.489	154.887	153.14	152.058	144.411	127.136	108.502	102.029	111.221	126.328	137.763	145.784	154.775	163.307	163.851	152.216	135.798	127.922	132.465	141.67	148.323	151.131	152.332	156.087	162.43	163.337	154.9	145.694	143.452	145.455	147.435	151.553	161.977	176.285	184.297	178.251	163.125	151.279	148.135	150.586	155.992	164.812	177.689	191.727	198.758	193.002	179.062	165.714	156.821	153.112	154.472	157.033	155.413	149.099	143.871	147.408	163.615	188.854	212.308	223.488	220.347	208.146	193.921	183.53	179.65	180.023	178.577	171.459	161.941	155.224	150.76	145.955	143.328	147.284	155.726	159.899	155.53	150.279	154.07	166.677	180.621	188.857	185.911	172.5	160.358	161.273	172.684	183.046	187.978	191.926	197.059	200.467	200.657	197.898	190.335	176.931	160.385	143.308	127.775	120.032	127.322	146.655	161.904	159.302	145.197	138.994	149.319	166.227	175.558	173.378	165.62	158.491	152.175	143.252	131.372	122.642	124.573	135.93	146.206	147.038	137.823	120.215	94.6356	63.9153	
62.2606	102.016	137.987	157.744	160.231	156.358	154.999	153.916	145.241	126.645	107.248	100.133	108.318	122.696	133.566	140	146.727	153.823	154.177	143.265	128.212	121.939	127.655	137.125	143.387	145.567	145.963	149.148	155.856	157.999	150.235	139.35	133.338	132.45	135.261	142.513	153.454	164.222	169.365	165.596	156.261	148.703	146.991	150.695	157.434	164.853	173.217	182.874	189.202	187.605	180.699	173.398	166.766	161.94	161.11	161.592	157.744	149.489	143.757	147.12	159.701	175.556	186.289	187.226	181.487	175.246	171.54	170.238	170.253	170.483	168.993	163.457	155.469	149.903	147.239	143.939	140.83	143.281	152.065	159.793	160.805	159.63	163.081	170.546	178.344	184.3	184.059	175.064	165.274	165.504	174.95	184.104	188.842	193.033	199.366	205.436	207.948	204.79	194.704	179.596	163.84	148.989	134.761	125.421	127.888	141.279	152.788	150.349	138.172	131.36	137.753	152.18	164.484	168.899	167.058	162.485	154.911	142.437	126.76	115.381	116.838	130.324	144.296	148.282	140.114	121.158	92.8983	60.3157	
61.6857	99.0191	130.776	147.156	149.938	149.992	153.874	157.043	151.036	134.437	116.266	107.872	111.964	121.791	129.491	133.77	139.074	146.149	148.317	140.494	128.266	123.524	129.991	140.34	147.965	151.552	152.101	153.221	156.659	156.853	148.88	136.494	126.549	123.425	129.223	141.251	152.326	158.22	159.995	159.422	157.209	153.786	150.523	150.404	154.337	160.18	167.869	177.988	186.126	187.708	185.024	182.119	178.909	175.845	175.343	174.974	168.382	155.279	144.64	144.954	154.688	164.527	166.034	158.852	150.781	148.731	151.736	154.744	155.736	157.412	161.732	164.718	162.182	156.396	150.595	144.95	141.966	146.977	159.812	171.733	175.525	173.916	172.801	173.59	176.441	181.055	182.711	177.991	172.382	172.535	176.098	176.878	175.186	177.102	185.955	198.664	208.284	208.206	197.128	180.974	166.825	156.16	147.41	141.833	143.015	150.543	156.301	152.284	141.193	133.457	136.671	150.241	165.762	173.784	172.424	165.223	153.763	138.074	120.742	108.896	110.729	125.871	142.783	149.644	142.91	123.709	94.2141	60.5187	
61.6015	93.271	116.672	127.483	131.485	137.962	149.165	158.097	157.126	146.094	131.858	122.24	120.307	123.244	125.856	126.567	129.369	136.218	141.784	139.865	132.314	128.306	132.844	142.228	152.235	160.76	165.459	166.881	167.208	164.596	156.023	142.527	129.18	123.757	131.321	146.274	156.966	159.478	159.296	161.405	164.613	163.84	157.381	150.909	150.39	156.233	167.16	180.878	191.167	193.41	190.72	188.317	187.035	186.938	189.254	190.505	182.945	165.376	148.488	144.186	152.306	161.958	162.979	154.754	145.598	142.57	143.89	144.226	143.614	147.985	160.473	173.697	177.102	169.649	157.602	147.034	144.124	153.296	170.517	184.376	187.538	183.111	177.544	174.342	175.467	179.926	182.485	180.769	178.72	178.09	174.432	165.129	155.252	153.259	163.079	180.85	196.695	200.908	192.661	180.532	172.139	168.506	168.376	170.521	173.082	173.776	169.718	160.104	148.687	141.326	143.374	156.232	172.447	179.93	174.296	160.636	144.611	128.711	114.724	107.142	111.891	127.949	144.375	150.268	143.067	124.487	96.3013	63.4947	
63.2149	88.5528	103.377	109.286	115.367	128.314	145.691	159.125	163.54	159.938	151.223	140.791	132.374	127.144	122.587	117.441	115.95	122.124	132.467	138.871	137.982	134.849	135.1	139.879	150.01	164.41	176.863	182.945	183.882	180.974	172.858	158.34	141.237	131.959	137.672	151.733	161.488	163.416	163.346	166.431	171.263	171.376	163.651	154.592	153.181	161.368	175.486	190.086	198.935	199.103	194.019	189.047	186.47	186.972	190.915	194.327	189.247	173.182	155.305	148.021	153.744	164.045	168.979	165.111	156.779	149.411	143.373	137.624	135.439	142.919	161.365	180.823	187.348	178.121	162.071	149.646	148.285	159.693	176.624	187.642	187.715	181.122	174.197	170.74	172.436	177.3	180.787	181.597	181.478	178.668	169.03	153.379	138.531	132.482	139.285	156.156	173.659	182.092	181.377	179.654	181.308	185.576	193.021	202.118	206.08	199.607	184.435	167.88	156.153	150.634	152.106	161.844	175.15	180.653	171.472	152.577	133.743	120.21	112.35	111.48	120.436	136.003	147.58	147.59	137.318	119.94	95.5864	66.0241	
64.6368	85.6738	95.7412	100.266	109.566	127.639	148.645	164.31	172.432	174.349	169.52	158.596	145.466	132.877	120.406	108.706	103.167	108.979	123.429	136.96	142.566	141.417	138.019	136.925	144.484	162.349	181.901	194.307	199.448	200.094	194.549	179.244	157.998	144.033	146.021	157.174	165.706	168.456	169.088	170.924	173.813	173.799	168.259	162.233	163.754	173.989	187.195	197.175	200.739	198.088	191.73	184.724	179.164	176.346	177.331	180.322	179.651	171.475	159.789	153.162	155.602	163.838	171.333	172.757	167.061	156.347	143.214	132.113	129.203	138.266	157.249	176.018	181.765	172.232	157.946	150.297	153.485	164.613	176.273	181.437	178.878	172.859	167.63	165.351	166.753	170.451	174.32	177.613	178.97	174.338	161.664	144.906	130.261	122.436	124.399	135.823	150.494	161.033	168.389	178.318	189.583	198.364	207.616	218.373	222.247	211.809	191.144	172.027	161.28	156.689	155.721	160.294	170.35	177.246	170.398	150.935	130.598	117.98	113.93	118.141	130.066	142.773	145.92	137.249	123.568	109.277	91.3021	66.7828	
63.4877	83.7602	94.6427	102.012	114.981	135.548	157.043	172.608	181.43	184.021	178.94	167.413	153.012	137.153	120.196	105.325	98.8875	105.105	120.396	135.533	143.747	144.421	139.978	135.685	140.624	158.506	180.954	198.068	208.622	214.221	211.35	195.641	172.55	157.185	157.919	166.965	173.257	174.566	173.244	171.235	170.382	170.377	169.121	168.178	172.028	180.719	189.056	192.835	192.298	189.66	185.566	179.605	171.992	164.131	159.119	158.942	161.137	161.182	157.985	155.047	156.069	161.603	168.768	172.62	169.427	158.404	142.152	128.215	124.821	133.172	147.538	159.273	160.67	152.396	144.898	146.842	156.424	166.286	171.766	172.632	171.058	169.102	166.724	163.514	160.568	159.638	162.242	167.818	171.815	168.055	155.647	140.838	129.607	123.468	123.312	130.167	140.595	149.857	160.426	175.999	190.206	196.253	199.488	205.787	209.323	202.135	186.771	172.933	164.888	159.035	153.625	153.373	162.54	174.634	174.882	158.376	136.374	121.275	117.09	123.418	135.758	143.129	136.681	120.463	106.041	97.3378	86.8273	67.1086	
61.0362	84.3223	100.438	112.559	127.111	145.666	163.916	177.67	185.72	186.493	179.035	166.952	154.052	139.962	124.475	111.524	106.987	113.003	124.892	135.526	141.364	142.188	138.66	134.801	138.811	154.568	176.092	195.35	209.559	217.363	214.751	199.836	179.974	168.919	172.217	180.451	182.771	178.484	171.27	163.846	159.762	160.608	163.329	165.29	167.462	170.527	172.729	172.782	172.362	173.801	175.929	174.864	168.175	157.643	148.981	146.47	148.772	151.815	153.439	154.648	157.352	161.822	166.225	167.99	165.315	156.623	142.166	128.776	125.224	131.005	137.792	139.354	134.867	128.927	129.911	141.195	155.609	164.082	165.903	166.495	169.583	173.442	172.777	165.227	154.523	147.367	148.635	157.001	165.003	164.614	154.541	141.85	133.507	130.146	130.955	136.52	144.284	151.25	160.802	174.754	183.722	180.231	172.594	172.003	176.839	179.021	176.411	172.52	168.223	160.793	151.559	148.154	156.953	172.594	178.552	165.507	142.392	123.985	118.213	125.036	135.959	137.343	123.479	103.858	92.0194	89.5125	84.6564	67.4126	
59.8208	88.1494	110.533	125.968	138.235	150.26	162.473	174.412	183.748	185.447	177.689	165.952	155.615	146.146	135.948	127.012	123.317	126.016	131.28	135.012	136.721	136.497	133.755	131.338	135.448	149.005	168.352	187.282	201.237	207.493	204.515	193.52	180.85	175.855	181.399	188.397	186.453	175.705	162.503	151.957	147.841	150.686	155.463	156.46	152.965	148.051	144.163	141.892	142.693	148.996	159.054	165.741	163.5	155.035	148.584	147.876	149.591	150.643	151.669	154.508	159.227	163.201	163.817	161.716	158.988	154.393	145.499	136.299	133.549	135.171	133.082	125.227	116.693	113.925	121.434	137.66	153.462	160.708	161.192	163.033	170.404	178.368	177.683	165.434	148.501	137.634	139.581	151.523	163.651	167.141	160.083	148.82	140.948	137.907	138.653	143.549	150.845	158.279	167.436	176.849	176.726	162.586	146.135	141.335	148.51	158.92	166.341	169.787	168.974	162.685	153.562	149.29	155.616	168.352	174.002	163.276	141.556	122.144	114.974	120.805	129.354	126.841	110.555	92.2357	84.3863	85.8726	83.0473	65.8891	
59.2804	90.7739	116.128	131.512	139.411	144.691	152.323	165.01	178.9	184.805	178.928	168.344	160.792	156.154	151.062	144.67	138.923	135.632	133.971	132.792	132.234	130.87	127.293	124.714	128.496	140.474	157.702	174.28	184.926	188.726	187.805	183.561	177.807	175.306	179.039	183.325	179.056	165.876	151.809	143.768	143.896	149.967	155.51	153.589	143.166	129.822	119.357	113.338	112.817	120.979	136.554	149.934	152.776	148.717	147.785	151.893	154.856	154.105	153.019	155.023	159.671	162.839	161.838	159.217	158.161	157.061	153.41	149.78	148.744	145.579	135.144	121.183	111.917	112.036	121.927	138.313	153.586	160.395	159.724	160.453	168.208	177.176	176.496	163.362	145.709	135.17	138.761	152.865	166.949	172.886	168.859	159.34	150.762	145.259	142.832	145.407	153.52	164.539	175.085	179.837	171.94	152.55	134.929	130.999	139.423	150.836	158.541	162.21	163.576	162.064	158.001	155.586	158.168	163.37	164.237	155.367	138.417	121.125	111.963	113.382	117.759	114.111	100.614	86.7788	81.9864	83.7779	79.5035	61.2597	
57.2058	87.1191	109.86	122.197	127.311	131.121	140.152	157.218	176.087	184.938	180.012	170.674	165.898	164.537	161.955	156.476	148.986	141.52	135.702	132.409	131.035	128.39	123.124	119.349	121.886	131.599	145.662	158.59	165.915	169.068	171.896	173.713	171.88	168.571	168.4	169.713	165.477	154.876	145.828	144.75	151.124	160.491	166.452	162.405	147.032	126.725	109.391	98.1529	94.3839	101.4	117.96	133.408	138.259	136.554	138.825	146.235	152.013	153.634	154.07	156.308	160.676	164.761	167.106	169.053	170.182	167.916	163.789	162.546	162.723	156.286	141.046	125.046	116.506	117.147	125.556	139.861	154.72	161.835	159.584	157.392	163.391	172.612	174.235	165.345	152.201	144.143	147.46	159.472	171.265	176.68	174.635	167.317	158.455	150.202	144.22	144.646	154.122	168.348	178.55	178.222	166.522	149.502	137.956	138.172	145.957	152.113	152.077	149.842	151.215	155.538	158.734	160.021	160.476	159.804	157.053	151.302	141.884	129.842	119.081	113.295	110.699	105.642	96.2123	87.1028	83.4784	82.6062	74.702	54.9568	
53.4445	78.8354	96.2487	105.246	110.629	118.186	133.062	155.061	175.421	183.372	178.3	170.891	168.611	168.311	165.697	160.973	154.965	148.032	141.552	137.245	134.634	130.741	124.999	121.036	121.805	127.234	135.625	143.98	149.84	154.68	160.901	166.108	166.12	162.058	159.121	158.35	155.469	150.082	148.343	154.175	164.876	175.153	179.783	174.072	156.905	133.43	111.675	96.665	90.7663	96.2517	110.881	124.502	128.444	126.345	127.648	134.077	141.194	147.206	152.759	158.328	164.808	172.983	182.908	191.925	193.235	183.913	172.157	167.432	166.717	159.678	144.623	129.598	120.831	119.154	124.676	137.273	151.724	158.473	154.996	151.452	157.375	168.814	175.908	175.15	169.082	162.988	162.714	168.566	174.748	176.949	174.739	168.541	159.47	149.924	143.434	144.591	155.132	168.501	174.189	168.996	158.215	148.577	144.966	148.432	154.071	153.769	144.85	135.385	134.982	142.839	151.246	155.833	156.897	155.797	154.068	153.01	151.992	148.207	139.98	129.175	118.388	108.34	99.139	91.9615	87.6816	82.9216	70.7535	49.3629	
49.7794	71.9762	86.6011	94.9326	102.061	113.109	131.701	154.526	171.799	176.971	173.197	169.354	169.267	168.647	164.654	159.905	155.965	151.567	146.583	142.712	140.185	136.932	132.621	129.433	128.206	128.076	129.181	132.682	138.774	146.929	156.21	163.669	165.57	161.829	156.849	154.027	152.768	153.039	157.425	166.692	177.514	184.816	184.658	175.625	158.653	137.129	116.65	102.472	97.7472	103.299	115.611	126.212	128.573	125.502	124.294	127.335	133.406	142.345	153.001	162.787	171.881	183.891	200.82	216.035	216.617	199.448	177.982	165.961	161.691	154.729	141.968	128.68	119.071	115.071	119.345	131.719	144.903	149.466	144.802	141.387	148.268	162.705	176.619	185.225	185.99	179.914	173.936	173.145	174.614	173.826	169.999	163.007	153.003	143.555	139.783	144.131	154.216	162.243	161.2	153.817	147.982	146.265	147.125	149.738	151.811	147.418	134.495	122.246	121.37	130.496	140.306	145.613	147.815	149.48	151.32	154.092	159.102	164.265	163.757	154.124	137.857	120.782	107.341	98.3934	91.9457	83.4803	67.7947	45.1579	
47.7151	69.4574	85.1442	95.5414	104.08	115.037	131.851	150.349	161.916	164.697	163.863	164.503	166.807	166.179	160.522	153.607	148.473	144.306	140.77	139.707	141.168	141.871	140.03	137.144	133.783	128.863	123.931	123.843	131.096	142.97	155.316	165.031	169.013	165.774	158.724	153.6	153.361	157.911	166.081	175.985	184.327	186.424	179.468	165.695	149.597	133.74	119.67	110.477	109.541	116.905	128.053	136.001	136.325	131.686	128.308	129.272	135.129	146.168	159.81	171.181	179.419	190.292	208.728	227.296	229.771	211.253	185.133	166.393	156.405	147.203	135.02	122.919	113.919	110.502	116.238	129.616	141.163	142.653	136.03	131.17	136.012	149.991	167.649	182.815	188.077	180.923	170.089	165.519	166.084	165.177	160.636	152.731	142.157	133.851	133.764	141.187	149.215	150.699	144.668	138.483	138.341	141.047	141.273	139.506	137.545	132.304	121.695	113.164	115.571	126.248	135.277	138.255	139.019	141.605	144.805	147.53	153.523	164.154	172.009	168.076	151.936	131.277	113.663	101.568	92.8861	82.4534	65.2554	42.3159	
47.8695	70.0872	87.7425	100.522	109.934	119.15	131.3	142.887	147.982	148.185	149.203	153.438	158.819	159.948	154.029	144.88	136.66	129.68	125.031	126.217	133.081	139.569	141.085	138.66	133.817	126.256	118.617	117.357	125.625	139.445	153.013	163.193	167.656	164.846	157.648	152.01	151.742	157.102	166.437	176.916	184.038	182.473	170.56	153.659	139.41	130.041	122.945	118.313	120.427	130.426	142.932	149.849	146.856	138.135	132.15	133.373	141.522	154.415	167.802	176.836	181.1	187.148	201.999	220.984	228.786	217.209	194.001	172.006	156.096	142.724	129.263	117.875	110.763	109.761	117.877	132.605	143.598	143.527	135.125	126.798	125.854	134.347	149.614	165.435	172.103	164.647	151.658	145.692	147.453	149.258	147.459	142.012	133.454	126.973	128.978	137.288	142.947	140.615	133.637	130.03	132.201	133.785	129.977	123.951	120.015	116.656	111.338	108.812	115.565	128.197	136.445	136.157	133.091	132.999	133.802	132.991	135.596	145.821	156.97	158.081	146.565	128.598	111.139	98.1112	89.4967	80.1754	63.9491	41.5533	
49.9357	72.2636	90.741	104.713	115.028	123.761	132.194	136.947	135.107	130.834	130.309	135.53	143.843	148.834	146.354	139.049	130.054	119.439	110.272	109.128	117.328	128.016	134.385	135.268	131.574	124.274	117.29	116.562	124.033	135.534	145.791	152.596	155.218	153.374	149.184	145.826	144.791	147.31	155.186	166.89	175.625	174.012	161.081	144.462	133.626	129.917	127.095	123.397	125.614	138.114	154.664	162.844	155.931	141.006	131.474	133.552	144.301	157.436	167.565	172.431	173.469	175.763	185.671	202.626	215.639	213.835	197.646	176.501	157.905	142.149	127.758	116.269	109.63	109.586	118.722	134.409	146.755	148.462	140.683	129.716	122.721	123.714	132.172	143.629	149.492	143.291	130.466	123.282	125.38	131.024	135.609	136.582	132.012	126.265	127.066	133.692	137.952	136.049	132.163	131.374	132.058	128.095	118.823	110.494	107.437	107.254	106.15	106.494	113.627	125.618	133.393	131.991	126.492	123.491	121.684	117.882	116.014	120.912	128.652	130.886	124.786	113.243	100.084	89.4805	83.5697	77.5694	63.8961	42.6324	
52.0496	74.5527	93.3277	107.507	118.483	128.06	134.874	134.32	125.724	115.396	110.241	113.123	122.37	131.88	136.36	135.53	129.283	116.652	102.422	95.5279	99.6274	110.51	121.7	128.645	129.289	125.055	120.618	120.262	124.251	129.199	132.065	132.948	133.229	133.27	133.194	132.673	130.683	129.513	134.949	147.629	159.127	159.819	148.444	133.925	126.818	127.358	126.578	121.835	122.659	136.801	157.324	167.2	157.054	136.659	123.784	126.005	138.278	151.281	159.024	161.688	161.974	162.433	167.372	179.509	192.997	196.781	186.857	170.125	154.459	140.729	127.008	114.342	105.644	104.084	112.441	128.381	143.316	149.605	145.465	134.73	124.332	119.196	120.238	125.815	130.594	127.641	117.747	110.476	112.057	120.404	130.786	137.125	134.332	126.621	124.014	128.254	132.573	133.743	134.824	137.008	135.115	124.507	109.613	99.6223	97.9384	100.321	101.338	101.01	103.889	111.254	117.73	117.866	113.68	110.984	109.981	106.909	102.303	99.9756	100.446	100.714	98.6541	93.7545	86.414	79.7846	76.9296	73.9224	62.969	43.481	
51.4613	74.2643	93.2127	106.533	116.627	126.177	132.062	128.234	115.056	99.9075	89.8857	88.669	96.3725	108.63	119.573	125.425	123.028	111.362	96.0929	85.8153	84.8605	92.5742	105.039	115.954	120.577	119.827	117.794	116.785	116.195	114.14	110.087	106.444	105.969	108.236	110.759	111.236	108.408	105.552	109.919	122.987	136.122	139.008	129.742	117.208	112.251	114.752	115.029	110.265	110.673	124.928	145.743	154.76	142.444	119.735	105.435	107.541	120.948	135.684	145.065	149.141	150.236	149.402	149.535	154.629	162.723	165.581	159.13	148.616	139.597	130.853	119.317	105.865	94.6691	90.682	97.205	112.465	129.44	140.263	140.569	132.189	121.355	112.76	108.178	108.924	113.579	116.021	112.888	109.194	111.144	119.533	130.505	136.16	130.647	119.813	115.151	118.701	123.888	127.502	131.523	134.768	130.446	115.543	97.6364	86.8368	85.4021	88.3946	89.9215	88.074	86.0083	87.5877	91.8109	93.9214	92.7513	92.2931	94.1549	94.4477	89.7864	81.9966	75.7479	73.5053	74.2047	74.9154	73.214	70.3249	69.1967	67.4938	58.6838	41.6635	
45.9148	67.606	85.3468	96.269	103.514	110.746	114.581	109.02	94.8908	78.9226	67.0859	63.0262	68.1773	80.0091	92.9004	101.267	101.206	92.8867	81.7433	73.6904	71.321	75.4454	84.7249	93.9454	98.3997	98.7225	97.6474	95.7274	92.2326	86.7958	80.3722	76.0378	76.4982	80.3704	83.6511	83.6475	80.3564	77.8528	82.426	94.6339	106.801	110.305	103.358	93.1503	88.9608	91.1205	91.8549	88.7709	90.0418	102.309	118.632	123.608	110.566	89.8283	77.3451	79.9306	93.7205	110.25	122.64	129.315	131.566	130.329	127.535	126.281	126.882	125.652	120.844	115.78	112.496	108.112	99.5379	87.3794	75.7111	70.1319	74.4892	87.9027	104.69	117.093	119.795	113.904	104.691	95.595	88.2965	86.0856	90.8747	98.5091	103.404	105.778	109.39	116.034	123.152	123.704	114.096	102.293	98.7657	103.271	108.794	112.344	115.138	115.662	108.766	93.7175	78.0918	69.5087	68.332	70.1783	70.5755	67.53	63.0647	61.4909	64.088	67.2127	67.9043	68.3406	71.3051	74.1531	71.289	62.0751	52.671	48.938	51.2155	55.7717	58.4077	58.3326	57.8207	56.2315	49.1567	35.4377	
34.8341	52.4575	66.5974	74.1427	78.0728	81.82	82.6807	76.4912	64.6227	51.9599	42.2687	38.1342	41.1426	49.9611	60.2016	66.9171	67.3168	62.6837	57.3351	54.2588	53.6955	55.8182	60.4481	64.7733	66.1269	65.4003	64.1806	62.0162	58.2989	53.471	48.7295	46.3108	47.9842	52.2845	55.4583	55.1151	52.0596	50.3737	54.464	63.6797	72.2813	74.9323	70.7185	64.0296	60.8247	61.847	62.6083	61.5512	63.5163	71.9656	81.3551	81.7465	70.3715	55.354	47.3384	50.566	62.5087	77.395	89.5656	96.6458	99.3341	98.7882	95.8372	91.722	87.6841	83.8112	80.3788	78.5814	77.8418	75.5629	69.8873	60.9438	51.3862	45.9629	48.4884	58.8811	72.6493	82.9853	85.3667	81.1134	74.4669	67.3134	60.418	57.231	61.1782	70.3603	79.4968	86.0523	91.1013	96.0018	99.1317	95.7521	85.264	75.8973	74.9993	80.0337	84.6339	86.4994	86.0574	82.4778	74.0509	62.3164	52.6854	48.6374	48.5612	48.9712	47.5319	43.7945	39.5953	38.1101	40.4446	43.751	44.7607	44.4002	46.0113	48.9715	47.9954	40.7211	32.034	28.1935	30.6168	36.219	40.6245	41.9509	41.5626	39.8558	34.6158	25.0935	
