
TracePro Release: 7 0 3 
Irradiance Map Data for D:\SUSTech\Linear Units in millimeters
Data for Observation screen 3.5 Screen
Data generated at 10:59:24 October 23, 2025

Raytrace Time: mins: 0, secs: 9

Projected Plane Extent from surface geometry 
      TopLeft:(20,3,-20) 
      TopRight:(-20,3,-20)
      BottomLeft:(20,3,20) 
      BottomRight:(-20,3,20)
Corners of Data Set (plotted) 
      TopLeft:(20,3,-20) 
      TopRight:(-20,3,-20)
      BottomLeft:(20,3,20) 
      BottomRight:(-20,3,20)
Total Incident Rays: 60410
Min: 18.2632 Max: 365.624 Ave: 230.488
Total Flux: 0.368781 W, Emitted Flux: 0.6
Normalization: 0
Data Smoothing is On
Grid Size is 128 x 128
Map Count 50
Data Cells are 0.3125 x 0.3125 millimeters

32.6217	49.1434	59.4036	59.405	54.4282	53.81	60.9505	72.6085	85.1242	95.2789	98.11	91.3443	79.3155	67.8541	59.4822	54.8895	54.5521	58.721	67.6821	79.8651	89.6178	91.8126	87.9152	83.3674	82.0064	84.4646	87.9373	88.2991	85.4514	83.7197	85.0726	87.9864	94.1176	107.287	124.275	133.712	127.231	108.939	90.545	79.3944	75.2107	76.6612	85.6002	101.555	116.258	121.28	119.086	117.876	118.45	115.935	110.971	109.426	112.284	114.669	114.981	116.299	118.412	116.485	109.056	102.322	102.771	106.729	104.372	95.0652	89.0203	92.8666	102.318	108.961	109.657	108.556	109.493	110.6	109.542	106.557	101.063	94.1666	91.1027	93.2062	93.2311	85.1911	73.0039	64.4935	63.6565	71.3637	86.7991	106.098	122.481	130.248	129.367	124.603	120.48	119.752	124.59	132.689	134.533	123.658	106.465	94.0008	89.3096	87.615	84.4356	81.1964	82.134	86.7841	91.3525	94.9872	97.5489	97.5807	95.6887	91.9158	84.1789	75.2812	71.6641	72.7551	72.39	69.3895	67.4573	67.3567	65.9595	62.7166	61.8637	65.8874	70.7535	70.5857	64.5805	55.6537	44.5654	30.7905	
52.2121	78.3942	96.7283	101.813	100.246	103.85	115.892	130.504	143.084	151.728	151.887	141.477	126.885	115.049	106.407	99.7159	96.5105	98.9245	106.974	116.908	121.581	117.321	109.4	105.919	109.623	117.734	124.894	126.406	123.184	121.527	124.808	131.184	141.03	156.902	175.156	185.429	180.087	161.889	140.949	125.498	117.613	117.773	129.699	153.092	174.583	179.759	172.162	165.792	163.691	158.723	149.966	145.074	147.98	154.145	158.772	161.478	161.874	157.986	151.262	148.737	155.072	162.488	158.251	143.736	133.551	136.091	145.82	152.844	153.477	151.213	149.477	148.085	147.021	145.696	140.781	133.541	131.741	137.088	139.934	131.997	116.736	103.342	98.7937	107.224	128.177	154.241	174.28	181.17	177.489	171.825	169.803	172.42	179.989	188.605	186.826	168.768	145.061	130.154	126.632	127.447	126.7	125.561	128.149	133.525	137.546	139.955	141.995	143.257	143.969	141.633	131.268	116.335	107.45	106.966	107.494	104.991	102.407	101.141	97.629	91.515	89.9444	97.9518	110.093	116.772	114.732	105.536	88.1033	61.994	
68.1815	103.504	131.555	145.766	152.326	162.967	179.126	191.957	197.274	197.687	192.142	179.479	166.731	159.684	154.368	146.378	139.012	137.884	143.388	149.189	146.813	134.917	122.584	119.575	126.867	138.979	149.958	155.581	155.585	154.629	157.168	164.238	176.542	193.34	209.293	218.01	215.904	202.723	182.742	164.215	153.594	153.006	165.351	190.038	212.347	215.798	204.507	195.156	192.366	188.035	178.902	172.071	174.172	182.943	191.354	194.728	192.076	185.246	179.396	181.68	193.755	204.709	201.631	188.133	179.979	184.594	194.761	199.4	194.787	184.94	174.69	167.242	165.089	165.97	163.516	158.246	158.199	165.114	170.315	165.986	153.448	140.185	135.429	146.786	173.141	202.307	219.686	219.974	211.179	205.54	206.986	211.624	216.928	220.135	212.431	190.063	164.848	151.104	150.399	155.031	159.194	163.498	170.144	176.65	178.982	178.394	178.75	181.589	186.121	186.676	175.879	157.213	143.458	139.729	139.046	134.953	129.247	125.003	120.101	114.271	115.171	128.621	148.284	162.251	165.15	156.381	132.557	93.7484	
78.5488	120.589	156.4	178.727	192.912	209.324	227.079	234.834	229.231	218.333	206.423	193.78	185.942	185.275	183.761	175.687	166.605	164.628	169.998	174.068	167.204	149.841	133.674	129.378	137.051	150.817	166.298	179.68	186.277	185.085	180.991	181.009	189.299	202.975	215.343	224.13	228.897	224.719	209.357	191.672	182.42	183.137	192.773	210.7	226.658	227.871	217.556	209.17	206.887	204.359	198.215	193.687	196.601	205.196	212.393	212.949	206.752	197.902	192.689	197.026	210.435	221.95	221.59	215.105	216.482	229.523	243.91	246.489	233.669	211.993	190.01	174.406	168.604	168.824	167.702	164.956	166.215	172.261	178.027	179.07	174.351	167.389	167.676	184.58	215.056	242.674	252.254	243.861	231.825	229.047	233.764	235.816	232.371	226.73	215.939	196.124	174.676	162.782	162.361	167.969	175.772	185.989	198.047	207.036	208.697	206.043	205.929	211.615	220.633	224.698	215.613	196.489	179.397	170.321	164.077	154.48	143.266	135.385	131.094	130.033	137.418	156.619	179.844	194.909	196.932	185.284	156.192	110.265	
88.073	134.205	172.762	196.802	212.512	229.808	246.286	249.159	235.204	215.861	200.177	189.852	186.858	188.74	186.551	177.981	171.505	174.57	184.857	191.415	183.824	163.76	144.727	138.364	145.322	161.019	182.627	204.976	217.37	213.054	197.829	184.511	181.349	186.574	195.248	207.671	222.473	229.574	222.958	212.235	209.2	212.43	216.917	223.764	230.901	231.817	226.222	219.578	214.748	210.872	208.639	211.523	219.782	227.637	228.999	222.858	212.891	204.224	200.948	205.677	216.663	225.185	225.385	224.984	235.964	258.293	278.29	280.895	262.846	233.097	203.006	180.529	168.52	163.481	160.328	159.007	161.47	166.245	171.377	176.358	179.375	180.61	187.927	210.019	242.089	266.356	269.715	257.423	247.087	248.594	253.346	247.774	233.278	221.724	214.873	204.892	190.975	179.853	175.108	176.21	183.17	195.994	211.247	222.034	224.073	221.46	222.57	231.144	243.438	250.546	244.9	228.384	209.86	194.216	179.087	162.124	146.674	137.733	136.15	141.533	156.51	180.443	202.709	211.544	205.187	186.519	154.214	108.703	
98.9825	147.542	184.927	205.343	217.458	231.95	245.648	245.116	226.71	203.085	186.852	180.674	181.329	181.005	172.858	161.764	159.805	171.699	190.49	202.486	196.945	176.803	156.826	149.406	156.562	175.396	202.833	230.549	243.803	234.275	209.492	184.532	169.052	163.954	168.317	183.762	206.276	223.074	227.337	227.134	230.952	234.72	233.206	231.015	233.024	236.556	236.129	229.382	219.103	211.355	212.348	224.358	241.087	251.145	248.57	236.655	223.454	215.819	215.797	222.18	231.612	237.15	235.484	235.167	247.182	269.873	288.979	290.537	272.686	244.344	214.973	189.986	171.701	159.954	154.082	154.124	157.834	161.052	163.407	167.49	173.354	180.908	195.302	221.551	253.512	275.865	279.24	270.231	263.993	265.67	263.87	247.883	225.702	214.353	216.233	219.132	215.283	206.519	196.952	191.417	194.873	207.144	221.759	230.915	231.531	228.162	228.538	235.832	246.891	255.29	255.072	244.861	227.692	206.516	183.301	162.116	148.152	142.859	144.238	152.59	170.926	196.012	214.42	214.946	199.376	174.752	142.32	101.145	
105.971	156.387	192.983	210.298	218.63	229.667	240.377	237.351	216.428	190.697	175.626	174.014	176.808	171.894	156.25	141.937	143.778	163.779	190.722	208.591	207.022	190.109	172.619	166.708	175.713	197.9	228.369	255.942	266.051	252.636	223.651	192.692	169.064	155.837	154.767	167.877	190.573	211.322	223.731	231.547	237.921	238.835	233.066	228.408	231.31	238.412	240.841	233.532	220.268	210.506	212.99	229.802	252.48	267.566	267.978	256.712	242.891	235.451	237.094	245.005	254.767	260.184	257.765	254.066	258.799	271.395	281.029	278.454	264.545	245.768	225.02	202.481	181.313	166.881	162.137	164.922	168.577	167.572	163.205	160.94	165.042	178.066	201.347	232.181	261.861	280.973	286.619	283.976	280.867	277.423	264.673	239.464	214.82	206.956	216.321	229.875	236.987	234.798	225.642	217.336	218.669	229.64	241.278	245.212	240.338	232.147	227.2	227.986	233.502	241.832	248.938	248.274	235.243	211.37	184.557	165.552	159.515	161.026	163.072	168.018	182.354	202.703	215.021	209.814	190.989	166.478	136.846	98.9778	
104.153	156.325	195.653	214.761	222.33	230.302	237.56	232.285	209.989	183.636	170.376	171.925	174.249	163.876	142.64	127.028	131.915	157.086	189.206	211.654	215.052	203.785	191.308	189.23	201.977	227.82	259.436	284.504	291.573	277.44	247.983	213.813	184.933	166.225	159.21	165.111	180.909	198.642	212.921	223.308	228.538	226.325	220.429	219.442	226.24	234.743	237.13	230.957	220.191	212.053	213.611	227.844	249.735	268.687	276.37	271.676	260.981	253.351	252.882	258.192	266.952	274.706	275.588	270.478	266.59	266.535	265.244	258.937	251.019	244.512	234.742	217.273	197.486	185.457	184.715	189.469	190.671	183.839	172.013	162.772	165.119	184.964	218.369	251.865	273.504	283.001	287.269	290.018	289.916	282.136	261.484	231.426	206.672	200.564	213.006	233.322	250.121	256.562	252.665	246.286	247.005	255.644	262.963	260.202	247.847	233.257	222.601	217.315	217.777	225.798	238.984	246.711	238.704	216.141	191.701	180.082	184.423	192.2	192.148	189.589	195.163	206.685	211.924	204.359	188.257	168.727	142.514	104.517	
96.2902	149.092	193.243	218.652	229.398	235.838	239.588	232.074	209.265	183.232	170.888	172.435	171.575	156.52	133.412	119.829	128.391	156.916	191.717	217.176	224.95	218.542	209.692	210.369	226.493	255.719	288.29	311.505	317.333	305.047	277.653	242.172	209.669	187.128	175.033	173.151	179.834	190.387	201.598	211.698	216.472	214.076	210.995	214.599	223.346	230.154	231.213	227.896	223.103	218.942	217.952	224.008	238.694	257.096	270.264	272.726	267.111	260.181	255.729	255.272	261.487	272.791	279.688	275.757	265.86	257	249.6	243.343	242.409	246.524	245.677	233.349	216.924	207.837	207.955	210.294	207.915	198.706	185.191	174.582	178.791	205.38	244.629	274.158	281.921	278.294	279.233	286.459	290.694	283.385	261.315	229.921	203.395	194.912	206.951	231.236	254.571	266.828	267.232	262.931	261.872	265.693	267.515	259.613	243.559	228.2	218.818	214.015	213.056	219.271	232.141	241.83	238.142	221.929	205.291	202.168	213.525	223.34	219.361	209.795	207.701	211.551	211.432	203.737	192.204	178.128	154.178	114.051	
88.5176	138.972	185.025	216.421	233.129	242.141	245.729	238.038	216.197	190.585	176.023	172.823	167.163	150.618	130.52	122.297	135.665	166.878	202.448	228.526	238.203	233.926	225.4	225.017	240.927	271.042	303.438	324.561	329.563	321.262	300.368	268.225	234.608	209.226	193.842	187.45	187.953	192.148	199.882	210.352	216.784	215.595	213.749	217.721	224.624	229.212	230.794	231.818	233.799	234.459	230.841	226.834	230.99	244.38	258.062	264.047	262.632	257.682	251.207	246.895	251.977	266.773	278.206	274.784	261.192	248.348	239.612	235.543	239.972	250.831	256.066	248.623	235.606	226.455	221.727	217.724	213.032	206.797	198.211	192.21	200.779	229.964	265.918	284.761	279.853	269.256	271.101	283.065	291.43	286.958	266.856	234.882	204.289	190.784	200.332	225.352	250.162	262.749	263.321	259.184	255.696	253.902	250.37	240.748	227.687	219.554	219.042	220.459	220.193	221.645	227.24	233.184	234.171	228.841	222.672	225.301	236.666	241.803	231.567	217.114	211.597	212.18	209.603	202.175	193.611	182.948	160.665	119.951	
82.3332	127.076	169.128	201.564	223.741	239.507	249.067	246.862	230.457	207.336	188.693	177.072	165.826	150.976	137.774	136.682	154.032	185.037	217.275	239.787	248.175	244.321	235.112	232.103	245.514	274.012	303.53	319.845	322.524	319.441	309.013	284.609	252.231	224.739	207.715	200.463	199.272	200.966	207.534	218.847	226.232	224.877	221.735	222.784	226.259	230.597	236.542	244.308	253.158	258.286	253.105	241.112	235.307	240.978	250.237	255.145	255.77	253.876	248.743	244.023	249.428	266.18	278.838	274.214	258.849	245.855	238.176	235.124	240.489	253.36	262.875	261.049	251.387	239.927	228.043	217.593	212.082	209.871	206.737	206.102	217.863	243.787	268.999	275.962	266.318	259.417	267.769	284.024	294.36	292.117	274.813	243.592	210.494	192.739	197.69	217.863	237.653	246.299	245.906	243.593	240.915	236.154	229.013	220.132	212.921	213.296	221.345	228.502	228.376	223.79	220.907	223.799	232.094	239.782	243.441	247.843	252.829	247.127	227.592	208.757	202.366	202.638	199.259	191.473	183.576	173.997	153.139	114.764	
74.6566	112.581	147.84	177.269	201.776	224.214	243.195	252.077	247.102	231.704	212.29	193.109	175.915	162.694	156.757	162.241	180.417	205.69	229.026	244.165	249.268	245.295	236.659	233.953	247.456	274.098	297.594	305.371	302.959	303.064	302.133	286.487	257.655	230.005	212.381	205	203.795	205.747	212.509	222.798	228.441	226.779	224.519	224.758	225.742	230.259	241.552	257.049	272.07	280.53	276.115	261.838	250.096	247.561	249.271	249.819	250.41	251.664	249.551	245.593	250.763	267.683	279.967	273.983	258.114	246.657	241.05	238.2	241.423	252.902	265.588	269.999	263.512	249.215	231.616	217.007	209.998	207.461	205.099	207.067	219.9	240.048	253.932	252.885	245.04	246.479	261.729	279.884	289.723	288.657	275.491	249.608	220.091	201.3	199.387	208.834	218.751	222.998	225.207	229.967	233.201	229.363	221.016	213.55	209.656	212.054	221.069	229.315	228.528	219.852	212.746	217.539	235.764	255.939	267.058	269.766	264.546	245.421	216	193.114	185.804	185.425	181.218	173.127	165.162	154.908	134.012	98.7	
64.8299	97.9536	128.893	155.464	179.231	204.338	230.939	251.877	260.66	256.759	242.07	219.808	197.131	182.819	181.208	190.927	207.035	223.495	236.501	244.554	246.315	241.291	234.049	235.627	252.89	277.305	291.868	288.973	279.167	277.44	280.641	272.865	251.261	227.396	210.003	200.558	197.67	200.073	207.156	215.201	218.82	219.429	222.149	224.89	224.205	226.332	238.431	257.568	275.828	286.894	286.916	277.163	264.694	255.54	249.546	244.951	243.622	245.771	245.513	242.086	246.538	263.018	275.686	270.391	255.103	244.796	241.758	241.337	243.975	253.308	267.388	276.519	271.871	254.665	233.892	217.68	207.496	199.46	193.636	196.522	210.253	226.275	232.873	227.797	222.058	228.176	245.512	261.986	269.322	268.596	260.991	245.443	225.85	209.483	200.274	197.434	197.735	200.366	208.864	223.314	234.118	233.401	226.533	221.406	217.661	215.004	217.586	223.334	222.94	214.198	207.988	217.906	245.039	274.185	289.452	287.838	271.627	241.912	207.715	184.446	176.277	172.894	165.978	157.439	149.669	137.721	114.522	80.3098	
57.6847	89.4348	119.623	144.721	166.031	189.962	219.907	248.977	267.693	273.025	264.941	244.22	218.594	201.488	200.063	210.038	222.561	232.84	241.46	248.076	248.628	241.686	235.036	240.735	259.928	278.843	283.53	272.558	257.039	250.303	252.41	250.77	238.949	222.009	205.444	192.079	185.54	188.021	196.607	205.118	210.536	215.84	222.925	226.741	223.977	221.764	228.817	244.429	261.766	275.65	283.046	281.351	271.207	258.111	247.309	239.837	235.945	235.293	233.21	228.776	231.926	247.663	262.755	262.752	251.417	242.312	241.586	246.01	251.576	259.841	273.004	283.276	278.107	257.91	235.744	219.651	206.173	191.572	181.967	185.73	200.163	213.406	216.19	209.557	204.138	209.755	224.096	235.998	239.632	238.5	236.241	232.234	225.074	214.343	201.951	191.894	187.233	190.235	202.856	221.663	235.477	237.456	234.569	233.615	229.571	219.799	213.723	216.249	218.183	213.373	211.243	224.992	254.741	285.643	301.05	295.531	273.667	243.271	215.13	198.322	190.109	180.3	166.55	154.992	146.25	131.598	104.257	68.3821	
57.267	90.3376	120.979	144.505	162.897	183.956	212.717	243.156	264.492	273.107	269.978	254.145	229.965	210.94	206.216	211.911	220.184	229.584	242.321	254.691	257.691	249.589	241.962	247.009	261.47	271.526	269.801	258.639	244.442	235.444	234.964	236.055	230.866	218.687	201.834	184.618	175.416	179.26	191.314	203.963	215.115	225.449	232.868	233.897	229.066	223.943	224.403	232.437	246.193	262.392	276.076	280.219	271.807	257.39	246.445	240.679	236.445	231.561	223.986	215.011	213.987	227.141	245.844	255.828	253.466	247.463	247.877	255.727	264.618	272.646	283.35	291.684	284.963	263.038	240.062	223.551	207.828	190.159	179.699	183.84	196.268	205.556	206.617	201.596	197.355	200.514	209.743	216.737	217.116	214.793	215.113	219.038	222.85	221.475	214.376	206.143	201.478	203.159	211.923	224.529	233.75	236.245	237.612	240.402	236.161	221.803	210.154	210.646	215.503	216.433	219.012	232.504	256.805	281.961	295.026	290.267	273.816	256.663	246.06	240.744	231.088	210.13	184.658	166.469	154.599	136.22	103.931	64.6776	
60.5563	95.7363	126.536	148.337	164.624	182.324	205.452	230.405	248.764	257.425	258.187	248.841	229.19	209.606	200.042	199.894	205.608	218.444	238.98	258.751	265.174	256.886	247.368	247.892	254.293	257.58	256.691	253.546	247.81	242.173	240.772	240.392	233.946	219.516	199.962	181.949	175.53	184.031	199.261	214.054	228.95	242.838	250.059	249.004	243.852	238.164	234.143	235.527	244.871	260.238	274.906	279.793	271.516	258.241	251.051	250.39	248.894	242.024	228.827	212.869	204.64	213.018	234.581	255.553	264.679	263.805	263.919	270.283	278.022	284.041	291.44	297.706	292.516	273.574	250.957	231.783	213.854	197.177	189.148	192.659	199.945	203.899	204.832	204.337	203.175	204.269	209.171	213.671	213.047	208.89	207.329	212.709	223.484	233.763	239.18	239.643	237.431	234.826	232.941	232.184	232.31	233.127	235.638	237.365	230.878	216.085	205.353	206.609	213.479	218.904	224.801	235.31	251.284	269.21	280.568	280.442	276.477	279.816	290.062	294.256	278.597	243.005	204.635	180.099	166.002	145.159	109.003	66.315	
61.6843	97.7654	128.26	149.285	165.026	179.421	194.343	210.652	225.354	235.137	239.566	235.487	220.369	201.23	188.241	185.391	193.375	212.762	239.133	260.19	264.382	253.565	241.951	238.986	241.147	244.295	250.14	257.624	261.722	261.867	260.852	256.18	242.665	221.423	199.46	186.107	189.317	205.707	221.532	231.253	241.876	255.932	266.453	269.204	266.409	260.2	252.783	249.381	253.637	263.98	274.719	278.085	271.163	261.662	259.199	262.642	264.08	258.206	242.616	220.877	205.598	209.28	232.446	261.447	279.66	283.268	281.516	281.507	282.143	282.933	287.444	295.14	297.79	288.561	269.296	246.133	224.27	208.912	204.185	207.144	209.607	209.283	210.555	214.086	215.922	216.131	218.9	223.776	224.763	219.282	212.862	214.023	226.312	245.344	262.562	271.751	272.191	265.631	253.894	241.479	234.128	232.713	232.661	228.108	216.83	204.535	200.471	205.957	214.507	222.535	230.568	238.876	249.411	263.001	273.126	275.824	281.033	299.054	321.534	327.12	302.512	255.62	210.66	185.492	173.451	153.675	116.335	71.2094	
60.5752	95.7572	125.04	145.571	161.306	172.985	181.069	191.096	204.847	216.903	222.998	221.165	210.159	194.012	181.574	180.615	194.957	222.262	251.109	265.845	259.755	241.761	227.675	224.267	226.868	232.957	244.851	259.876	271.33	276.542	275.722	266.354	246.412	221.08	200.526	194.677	208.238	231.978	247.392	249.081	249.931	259.883	274.309	284.18	285.104	277.371	265.939	258.064	256.773	260.537	266.716	270.649	268.833	265.399	266.561	271.026	273.67	270.084	255.074	230.277	210.085	210.275	233.496	265.649	287.348	291.806	286.289	278.302	270.6	266.561	270.772	283.615	297.733	301.788	289.16	263.395	236.112	218.897	215.124	218.279	219.797	218.932	220.49	224.904	227.672	227.754	230.031	236.617	240.984	236.035	224.887	219.19	227.616	247.791	268.995	282.179	285.578	279.943	266.032	249.833	239.86	236.896	233.144	221.864	206.094	196.728	200.436	212.189	223.936	234.521	244.413	251.442	257.495	265.633	271.406	272.842	280.687	302.099	323.591	323.171	292.944	245.831	205.466	185.739	177.461	159.775	123.186	77.2703	
62.7179	96.5407	123.584	142.122	156.062	164.999	169.561	177.558	191.851	204.59	210.192	210.361	206.054	197.118	188.82	191.17	211.068	244.254	273.276	279.742	262.092	236.256	219.573	215.902	217.714	222.033	233.212	250.916	268.157	278.518	278.512	266.597	245.055	221.4	204.602	202.236	217.896	243.018	258.991	258.073	252.826	257.536	271.487	284.118	286.651	277.614	263.468	252.702	247.749	246.997	250.643	257.362	262.685	265.89	269.914	274.973	279.172	278.361	265.022	239.315	216.18	212.794	232.985	263.064	283.077	284.998	275.183	262.265	251.615	247.239	252.237	267.554	288.685	303.782	300.175	276.394	245.984	225.411	220.014	223.545	227.61	229.596	231.536	234.113	235.303	234.651	236.578	244.63	252.538	249.278	234.605	221.846	223.353	238.443	256.974	270.97	279.053	280.077	271.75	258.519	249.065	244.687	238.08	223.691	206.922	200.501	210.376	228.727	244.909	257.081	266.054	269.141	267.407	265.384	263.255	262.687	271.464	289.57	301.776	293.32	264.66	229.169	202.57	190.367	182.479	163.48	127.505	82.6557	
70.4831	103.945	129.05	144.517	154.202	159.088	161.462	168.282	180.516	190.712	196.506	203.055	210.381	212.104	208.674	211.884	232.9	267.662	295.416	297.285	275.267	247.415	229.711	223.897	220.651	216.751	220.399	236.454	258.219	274.358	277.316	266.572	247.586	227.709	212.313	206.169	214.138	233.061	248.647	251.075	247.703	250.853	261.106	269.711	269.535	260.085	247.395	238.664	234.963	233.92	237.016	245.619	255.342	262.286	268.016	275.003	282.592	285.063	274.16	250.437	227.47	220.616	234.501	258.292	273.887	272.734	260.67	247.915	240.407	238.402	240.756	250.013	268.495	288.717	294.653	278.207	250.59	230.138	224.377	229.084	236.503	241.44	243.178	243.06	241.603	239.329	239.958	247.258	255.758	252.933	236.086	218.626	214.627	224.674	240.297	255.487	269.093	278.084	277.281	268.632	259.877	253.351	244.407	230.105	216.225	214.152	229.414	253.662	272.996	282.678	285	280.262	269.666	257.799	249.242	249.151	260.01	273.255	274.706	260.255	238.316	219.759	209.736	203.994	192.508	168.49	132.069	89.0428	
78.789	112.761	137.911	152.118	157.953	158.439	157.891	160.976	166.784	171.685	178.901	194.874	215.924	229.194	230.199	231.928	250.145	282.059	306.45	307.282	288.871	266.187	250.901	243.81	235.795	223.507	217.846	228.666	251.134	271.426	279.204	273.163	258.326	240.314	222.571	209.215	206.515	215.798	227.931	233.313	234.509	239.404	247.163	250.563	246.516	237.982	230.548	228.612	231.156	234.474	239.18	247.203	255.221	259.805	263.756	271.106	280.579	285.211	278.415	261.94	244.858	236.887	243.27	258.795	269.38	265.986	253.168	242.049	238.151	237.285	234.26	233.269	243.178	262.115	274.06	266.652	247.273	232.842	231.131	238.984	248.919	254.556	254.966	253.035	250.369	247.193	245.704	248.596	252.44	247.638	231.088	213.879	209.332	218.901	235.055	252.024	268.239	280.425	283.269	277.503	269.095	260.244	249.058	236.055	226.775	229.125	247.457	274.649	295.112	300.493	293.95	280.842	264.821	249.642	240.717	243.621	255.816	263.718	256.942	240.586	227.371	224.103	226.9	224.176	207.081	177.137	139.736	97.8416	
80.6522	114.818	142.035	158.773	165.042	164.109	160.987	158.832	156.911	155.942	163.091	184.734	215.056	237.777	243.858	244.706	258.002	282.506	300.107	300.388	288.528	273.868	263.593	258.72	251.232	236.77	225.37	228.983	246.481	266.568	279.005	280.029	270.991	255.267	236.273	218.383	207.943	208.62	215.33	219.228	220.03	224.2	231.486	234.837	231.848	226.921	225.387	230.188	239.827	249.819	258	263.91	265.451	263.284	262.923	267.29	273.472	276.762	275.425	271.38	265.443	259.037	258.51	266.024	272.031	266.238	250.871	237.587	232.866	231.189	225.545	219.714	223.609	238.038	250.496	250.065	241.534	237.503	243.034	254.269	264.112	267.35	265.247	262.636	260.869	258.592	255.707	252.919	249.425	241.471	227.391	214.791	214.614	228.132	246.795	263.185	275.572	283.003	283.579	278.698	271.564	262.4	251.134	241.14	236.416	239.818	254.624	278.523	298.972	304.245	293.988	275.943	258.135	245.352	241.118	247.544	258.521	260.935	250.285	237.256	234.09	241.608	249.23	243.251	218.994	184.162	146.061	104.558	
75.5681	109.399	139.55	161.496	172.625	174.279	170.528	164.803	158.396	154.074	159.138	179.623	211.143	238.262	248.83	249.571	256.046	269.359	278.578	279.251	274.068	265.698	258.868	256.727	253.551	243.797	233.161	231.174	239.887	254.212	267.715	275.691	275.95	268.868	255.677	238.488	223.129	216.581	217.72	216.902	211.081	209.238	216.261	225.164	229.352	229.938	231.291	237.571	249.827	264.134	275.011	278.447	274.067	268.244	267.716	269.948	269.5	267.855	270.782	279.276	284.822	281.03	275.493	276.598	278.066	268.329	247.658	228.278	218.862	215.481	211.487	208.971	214.429	227.527	239.607	244.477	246.569	253.642	265.878	277.1	281.8	279.121	273.745	270.67	269.308	267.159	263.534	257.805	249.991	240.1	228.545	221.701	228.569	247.964	267.963	279.49	282.296	279.395	273.654	268.095	263.456	257.637	250.91	246.99	246.577	247.244	251.736	265.055	282.688	292.298	286.618	270.082	253.428	244.256	244.53	252.393	260.479	259.109	248.861	242.561	249.15	262.248	266.621	251.823	220.339	182.931	144.895	103.649	
70.3372	104.73	138.168	165.366	181.72	186.395	182.657	175.815	169.764	166.716	170.876	187.215	213.933	238.828	249.585	248.355	246.586	248.534	252.243	257.069	259.545	254.973	247.354	244.208	244.204	241.693	236.806	233.383	233.644	238.093	246.548	257.847	269.475	277.457	276.393	263.541	245.059	232.512	228.639	222.795	209.454	200.592	206.988	221.895	233.153	236.8	236.02	237.589	246.553	260.18	270.313	271.222	266.101	265.847	273.997	278.935	272.592	264.344	267.991	283.991	297.608	297.546	290.851	287.842	283.88	268.273	241.651	216.512	202.628	197.867	196.892	201.011	213.405	230.97	246.259	256.503	266.98	282.309	297.706	304.103	299.218	289.374	282.267	279.122	275.098	268.412	261.93	256.341	249.873	240.949	230.908	228.016	240.801	264.412	283.572	289.345	283.698	272.095	260.139	252.495	249.761	249.31	250.352	253.868	256.743	253.322	245.863	244.519	254.01	266.823	271.479	264.908	254.225	247.526	247.629	253.129	258.401	256.226	248.493	247.536	259.234	272.02	269.044	245.824	211.336	175.186	137.915	96.3668	
69.9297	106.68	143.839	174.853	193.535	198.346	193.57	187.103	184.657	186.461	192.54	205.835	225.578	242.88	248.701	243.849	235.877	230.855	233.567	245.115	255.97	254.923	245.187	238.584	238.513	240.081	239.612	236.176	230.12	224.153	223.636	233.764	254.397	276.979	288.557	282.673	266.174	251.814	243.605	232.984	215.486	203.528	209.014	225.01	237.002	238.667	232.571	227.214	230.513	240.314	246.821	245.75	245.505	257.886	278.633	287.477	276.18	261.389	263.032	282.096	301.681	307.62	303.527	298.046	288.202	266.727	236.313	209.026	194.072	190.045	192.369	202.001	220.306	242.104	260.16	274.049	290.011	309.978	324.667	323.439	308.945	294.997	289.979	288.227	280.043	266.093	255.15	251.073	249.414	243.764	234.346	231.303	243.615	265.7	283.2	288.731	283.564	270.96	255.926	244.908	241.358	244.721	252.775	261.821	265.615	258.742	243.382	229.727	227.968	239.195	254.218	262.876	262.639	257.382	252.685	252.84	256.031	255.089	249.699	250.064	260.575	268.678	259.177	232.679	200.838	168.825	132	88.7446	
71.4383	111.692	153.127	186.904	205.31	207.903	201.863	197.116	199.04	205.395	213.46	224.56	237.463	245.697	245.313	238.749	230.34	224.728	228.777	244.76	261.567	265.159	256.999	249.646	248.409	249.082	246.925	239.62	226.964	212.53	204.698	212.644	237.594	268.397	289.274	293.704	287.395	277.674	265.979	249.771	230.588	219.051	222.975	235.183	243.043	240.931	230.687	220.426	218.81	224.077	226.82	226.218	234.383	259.223	287.198	294.308	276.283	255.047	253.407	273.428	298.294	311.016	309.941	301.804	287.104	262.932	233.309	208.766	197.05	196.89	203.733	217.169	236.4	255.023	267.848	278.987	296.508	318.649	331.436	324.307	304.953	291.709	291.098	291.792	282.535	267.003	256.674	255.844	258.239	254.946	244.846	237.1	240.855	254.985	271.356	283.692	288.052	281.361	266.315	251.719	245.291	249.485	260.958	271.667	274.08	266.239	250.843	233.161	222.445	227.409	246.085	265.966	275.035	270.597	260.283	255.049	257.145	258.552	255.474	255.14	261.695	264.848	252.216	226.364	198.26	168.928	130.838	84.8742	
70.875	114.863	160.886	197.082	214.368	214.397	207.838	205.389	210.006	217.458	225.097	234.28	242.897	245.547	242.254	237.572	233.464	231.203	236.163	251.672	269.711	278.031	276.098	273.102	273.007	271.797	264.449	248.803	226.924	205.589	194.791	202.471	227.385	258.389	283.201	298.23	306.015	305.035	292.327	271.809	252.182	242.052	244.538	253.178	258.501	255.603	244.894	232.516	226.149	225.747	225.916	229.389	247.103	279.414	306.208	305.468	278.693	249.912	241.955	258.646	285.102	302.118	302.615	291.715	274.058	251.035	227.197	210.363	205.313	210.435	222.034	238.265	254.93	263.978	263.454	264.13	277.706	299.871	312.984	306.385	289.313	279.662	281.582	283.704	278.994	273.479	274.084	278.81	280.642	274.822	262.278	248.87	242.001	246.594	261.996	281.995	296.622	297.188	284.921	270.535	263.703	267.276	277.065	284.323	284.102	279.296	271.782	258.377	242.605	237.632	250.09	270.403	282.347	278.226	265.025	256.829	259.301	264.846	266.003	265.642	268.171	267.986	255.703	232.415	206.049	175.803	134.749	86.1199	
70.3676	117.526	166.834	204.455	221.07	219.812	213.164	211.475	215.391	220.501	226.611	235.939	244.816	247.349	245.294	244.282	244.722	245.167	249.409	261.979	278.75	290.4	294.927	297.898	301.552	301.415	291.035	267.684	236.687	209.883	198.614	206.365	226.889	250.537	271.762	291.085	308.491	316.171	307.518	288.609	271.187	262.864	265.314	273.848	280.726	280.494	272.272	259.787	248.415	241.061	239.309	248.289	273.25	307.104	328.697	320.958	288.094	251.669	233.112	239.846	261.743	279.785	282.181	270.607	251.708	231.312	215.729	209.488	212.011	220.384	233.69	250.746	264.393	264.357	250.52	238.644	244.447	264.58	280.931	281.431	271.646	264.884	264.656	265.72	269.249	281.749	299.655	309.648	304.934	290.985	275.514	261.125	250.326	249.514	261.896	281.943	298.839	304.082	299.291	293.88	293.659	297.366	300.706	299.89	296.599	296.846	298.618	290.375	270.388	254.064	254.571	267.204	276.647	273.31	260.997	252.277	255.569	266.146	273.237	273.308	270.765	267.403	258.614	242.01	219.538	188.646	144.787	93.4893	
74.1737	123.085	172.087	208.558	225.431	225.488	219.319	216.02	216.093	217.301	222.562	233.906	244.991	249.342	250.121	252.865	255.921	256.455	259.136	270.459	287.393	300.173	305.969	310.733	317.461	320.574	311.201	285.644	251.253	223.091	212.565	218.574	230.811	242.05	253.361	269.019	288.498	302.45	302.285	291.194	278.968	273.09	276.52	286.481	295.832	298.632	293.645	282.608	268.292	255.943	253.008	265.052	291.29	321.698	339.901	333.376	302.795	262.508	232.504	225.797	239.042	255.841	261.148	251.422	232.477	214.405	206.771	211.063	219.994	228.069	237.836	251.62	262.297	258.232	238.709	219.958	219.291	236.601	256.547	265.292	262.025	254.467	247.767	245.54	256.507	284.951	316.24	327.281	312.746	289.207	272.817	264.447	259.31	258.444	264.279	274.591	284.83	292.455	299.972	311.263	323.655	329.746	325.99	316.227	309.356	311.209	314.795	305.315	280.404	255.706	246.043	250.285	256.749	256.209	248.073	240.375	243.121	255.987	266.704	265.636	256.928	250.619	248.354	244.157	231.753	204.558	159.706	105.415	
81.3851	129.946	174.478	206.946	225.039	229.323	224.733	218.473	213.29	210.487	214.913	226.769	237.346	241.657	245.284	252.337	257.67	257.559	259.115	270.944	288.653	299.433	300.546	302.007	309.586	316.025	309.944	287.5	257.044	233.569	226.039	229.454	232.091	230.395	230.976	240.41	257.952	275.109	283.023	280.945	274.934	271.862	276.08	286.664	297.155	301.285	297.816	288.259	274.73	262.835	260.834	272.583	294.353	318.618	337.054	339.915	319.843	281.77	244.586	226.454	229.789	242.187	248.45	240.941	223.175	207.751	206.877	219.868	233.75	239.589	242.133	248.77	255.91	252.426	235.528	218.072	215.809	231.516	253.596	267.034	265.632	253.378	238.274	231.47	245.404	280.051	313.794	320.438	297.461	268.299	254.701	256.788	262.268	263.499	260.643	257.346	258.314	267.686	287.585	315	339.743	350.366	343.505	327.568	315.891	313.118	310.143	295.007	267.851	241.276	226.485	224.318	228.65	232.507	231.219	226.923	228.55	239.066	247.634	242.895	229.627	223.165	229.154	238.685	238.243	216.772	172.339	115.801	
85.5124	131.48	169.543	197.216	217.345	227.472	225.413	216.278	206.13	199.737	202.447	212.522	220.644	224.397	231.067	242.686	251.041	251.527	252.236	262.438	277.075	282.745	278.303	276.985	285.638	294.677	291.33	273.606	251.107	236.306	233.562	234.854	229.389	218.084	212.044	218.344	234.278	251.78	263.56	267.633	266.783	265.549	269.112	279.351	290.366	294.108	289.289	280.14	270.655	264.567	266.395	277.47	293.852	311.988	330.799	342.977	334.625	303.089	265.609	241.785	236.163	240.705	243.971	237.558	222.526	210.88	214.969	233.092	249.697	253.301	249.059	248.292	252.075	251.426	241.58	230.443	230.49	246.21	269.025	283.449	280.454	262.676	240.636	229.739	242.328	273.599	299.91	298.606	271.198	242.821	235.867	248.931	263.738	265.836	254.749	240.128	233.701	243.307	269.872	305.928	337.804	352.489	345.453	325.715	308.574	299.178	290.085	273.93	251.783	229.939	213.197	204.027	204.174	211.637	218.936	221.122	222.433	226.875	227.961	218.022	203.552	200.325	213.481	231.928	238.649	220.786	177.62	121.223	
81.6865	124.046	157.155	181.737	203.88	219.36	220.609	210.263	196.547	187.157	188.434	198.295	207.135	212.307	220.404	233.232	243.099	244.85	244.486	249.869	257.563	258.131	252.951	254.185	265.43	274.758	271.105	257.112	243.428	237.509	238.375	237.261	226.093	209.546	201.777	209.329	225.996	242.702	254.836	261.871	263.628	261.016	260.543	268.148	278.296	280.452	274.032	267.259	265.299	267.853	274.839	286.391	299.537	312.568	328.009	341.823	339.503	315.324	283.637	260.869	250.124	247.185	246.381	241.044	230.027	222.221	227.963	245.814	261.554	263.767	256.608	251.831	253.651	256.621	255.4	252.217	254.607	267.927	287.499	299.945	295.777	276.534	253.059	241.478	251.759	275.435	290.559	281.401	253.655	230.711	231.701	252.723	272.639	274.819	259.216	237.799	224.582	229.028	253.122	289.59	323.396	338.789	329.642	306.085	285.209	273.554	266.201	258.17	248.307	235.491	218.202	201.006	194.969	204.846	220.914	229.92	229.561	224.818	215.949	201.11	187.483	187.727	204.28	225.514	234.66	219.497	179.807	126.178	
73.1022	113.013	144.856	168.975	192.065	210.694	215.743	206.866	191.536	179.826	181.273	195.118	209.389	216.737	221.62	229.214	236.845	239.734	239.477	240.769	242.848	242.159	241.825	249.107	261.767	267.474	260.773	250.233	245.306	245.866	246.507	241.096	225.435	205.979	198.393	209.239	229.063	246.308	258.185	266.197	267.637	260.091	251.607	252.167	257.846	258.052	253.86	255.269	264.846	276.518	286.784	296.85	306.497	314.958	324.553	333.314	330.637	312.314	289.39	272.385	261.407	255.211	253.304	250.803	244.085	238.25	241.775	254.984	267.673	270.345	264.683	259.415	260.088	266.097	273.68	278.963	281.486	285.84	294.48	301.576	299.076	284.94	266.624	258.157	266.878	283.473	290.273	277.758	253.197	236.263	241.954	265.025	286.038	290.808	278.448	256.658	236.273	228.079	239.482	268.531	299.742	312.308	298.757	272.753	253.228	246.019	246.331	249.787	253.253	250.079	234.101	212.076	202.766	215.795	238.577	250.487	244.733	229.47	212.194	194.754	182.292	183.378	198.683	218.162	227.712	216.548	183.012	133.637	
67.732	107.26	140.573	165.89	188.221	206.215	213.482	208.08	194.064	181.775	184.317	202.922	222.647	230.495	229.021	228.224	232.206	237.414	240.222	240.973	241.234	242.806	249.094	261.227	272.111	272.299	263.839	259.099	262.894	266.716	262.959	250.574	229.348	205.717	195.922	208.094	231.369	250.95	263.508	271.582	271.422	258.919	242.384	233.777	232.327	230.697	231.706	244.266	266.068	284.822	294.312	298.418	302.362	307.956	314.918	319.33	314.16	299.313	283.907	272.899	263.883	257.811	257.722	259.55	256.725	251.065	250.829	259.196	270.046	275.03	272.022	266.02	264.004	270.605	284.981	298.481	301.196	294.104	287.49	286.934	287.487	281.583	270.556	265.059	271.402	282.926	287.193	277.237	257.978	245.027	250.82	270.83	290.718	301.65	300.716	286.414	261.999	238.455	230.2	243.629	266.054	273.889	258.936	237.363	227.28	229.66	236.54	245.102	254.841	258.169	246.393	226.556	219.672	235.787	259.881	268.606	255.648	233.467	213.673	198.065	188.415	189.558	200.455	213.043	218.174	208.75	181.301	136.909	
69.7186	109.668	143.903	169.318	188.173	200.756	206.531	205.338	197.194	188.752	192.649	211.328	230.642	236.785	231.366	226.166	229.341	238.714	246.482	248.58	248.188	251.535	261.817	275.289	282.965	280.499	275.833	280.567	292.61	297.346	287.564	266.98	238.293	207.805	192.13	201.22	224.523	245.21	258.281	266.164	265.645	252.705	234.102	220.448	213.399	209.778	213.756	232.704	260.917	281.725	286.994	283.659	282.929	289.888	300.825	306.463	300.334	286.542	274.439	266.04	257.924	252.3	254.133	260.168	261.556	257.17	255.327	261.632	272.367	278.606	274.54	263.758	256.313	260.652	277.737	297.346	303.594	291.624	274.22	266.168	267.4	267.102	260.844	255.602	257.975	265.551	270.03	264.223	249.809	239.632	244.574	260.964	279.462	296.742	308.958	306.522	284.6	251.841	226.198	221.075	230.287	233.34	222.804	213.946	219.964	233.321	240.857	243.506	248.926	253.919	248.893	237.296	235.95	252.052	270.431	270.931	252.498	230.698	215.966	207.502	204.879	209.299	215.482	215.733	208.176	193.445	168.335	128.792	
76.2116	115.472	147.231	168.884	181.429	186.579	189.357	192.88	194.657	195.537	202.47	216.757	229.423	232.374	227.59	223.905	228.624	240.88	251.749	254.256	252.185	254.777	265.168	277.135	282.615	282.306	286.281	301.31	319.04	323.566	310.035	283.944	249.162	213.284	192.955	197.264	215.792	232.601	242.956	249.335	249.771	241.072	227.513	216.212	208.845	204.19	206.503	222.804	248.073	265.45	266.371	259.419	258.815	270.905	288.87	298.546	292.847	278.925	267.21	258.881	250.588	244.926	247.745	257.367	264.229	264.222	264.148	270.399	280.257	283.949	273.88	254.943	240.944	241.398	256.596	278.007	289.974	282.028	262.224	248.247	245.959	246.489	242.448	236.957	236.206	240.338	243.046	237.718	225.997	219.134	225.151	239.844	256.861	276.331	295.425	302.159	287.406	256.145	224.894	209.273	208.827	208.908	204.396	208.701	229.405	250.659	254.083	244.336	238.615	240.907	241.985	239.601	243.604	257.742	268.099	259.981	239.02	222.447	216.65	217.684	224.302	234.398	237.495	225.178	202.195	177.308	149.561	112.545	
82.3843	119.74	146.126	160.682	166.578	167.557	170.154	178.341	189.626	201.52	214.099	225.277	231.152	231.096	228.411	227.344	231.665	241.741	250.718	251.284	247.228	248.998	259.143	269.938	274.927	278.321	289.511	309.66	327.492	330.563	317.151	291.603	257.459	223.998	206.289	209.029	220.642	228.377	230.832	232.299	232.38	228.072	221.22	216.479	214.588	212.404	210.914	217.572	233.192	245.758	246.508	241.983	245.409	262.271	283.809	294.385	288.07	274.195	263.464	256.31	249.322	244.895	249.018	261.487	273.256	278.175	280.77	286.995	294.557	293.598	276.634	250.631	231.649	227.837	237.569	255.618	270.698	269.591	252.969	235.69	227.822	225.919	223.201	219.684	219.435	221.794	220.535	212.04	201.333	197.886	205.076	217.832	231.856	248.408	266.195	275.713	268.243	246.028	221.574	208.048	206.416	206.042	204.201	213.649	239.893	264.11	264.872	246.776	231.344	228.314	230.791	233.553	241.473	255.642	262.788	251.096	229.581	216.521	216.336	223.172	234.734	247.116	248.427	230.669	200.269	168.078	135.204	97.2499	
87.6529	124.431	146.355	154.027	155.297	156.485	161.409	171.754	187.252	206.386	225.157	238.084	243.14	243.274	242.145	241.09	241.494	244.976	247.917	244.687	239.481	243.005	256.227	268.786	274.292	278.691	290.253	307.185	319.408	319.835	309.101	289.59	263.828	240.616	231.229	235.622	241.411	238.975	230.957	225.176	223.108	220.35	216.353	216.31	221.852	225.63	221.734	217.444	222.582	232.929	238.299	239.536	246.696	264.366	283.511	289.919	280.733	267.203	259.314	255.966	253.133	252.467	258.58	271.229	283.032	288.685	291.818	297.617	303.73	300.413	280.808	252.917	232.592	225.757	229.531	241.262	254.042	256.002	243.891	227.419	216.487	212.088	210.401	210.439	213.624	216.572	212.381	201.021	190.927	189.035	194.444	202.675	211.842	223.021	235.614	243.952	241.8	229.816	216.477	210.721	212.192	212.617	210.972	219.051	242.947	267.24	271.063	254.646	236.11	227.257	225.963	228.975	238.988	254.911	263.907	253.913	232.002	216.787	214.867	220.33	228.893	236.994	236.758	222.554	196.927	165.192	128.665	88.0355	
93.6728	132.735	153.893	157.727	156.323	158.567	164.63	173.165	186.99	207.808	230.443	247.738	257.838	263.193	265.199	263.118	258.355	254.897	252.201	246.146	240.856	246.693	263.294	278.021	283.619	285.938	292.135	300.825	306.126	305.217	298.808	287.562	273.005	260.931	258.174	263.396	265.771	256.866	240.988	229.487	225.823	223.115	218.111	218.113	227.923	237.564	234.302	223.412	221.154	230.019	239.08	244.136	251.966	266.542	279.765	280.067	267.998	256.165	252.738	254.272	256.329	259.859	266.502	274.586	279.901	280.973	281.865	286.617	292.559	290.571	274.647	251.937	235.503	229.665	231.929	239.432	246.039	244.318	234.102	222.439	215.2	212.666	212.546	214.786	220.163	223.903	219.01	207.299	197.804	194.857	195.825	198.352	202.635	208.925	216.724	223.501	225.137	221.197	217.158	217.904	221.279	221.899	220.977	227.945	248.218	271.639	280.745	270.881	253.161	239.16	232.904	235.15	245.853	261.035	270.011	261.238	237.777	217.381	209.777	209.327	209.878	210.296	209.193	203.562	189.778	164.453	127.43	84.6098	
98.2626	139.7	162.468	165.96	163.544	165.818	171.249	176.554	186.638	205.96	229.39	249.454	265.096	277.95	285.448	283.428	274.512	267.075	263.551	259.127	254.836	258.916	272.069	284.426	289.597	290.527	291.275	292.519	293.917	294.877	293.731	289.401	283.105	277.799	277.298	281.897	283.674	273.558	254.794	240.806	236.955	234.618	227.825	224.63	233.302	245.439	245.757	235.523	229.993	234.333	240.616	244.86	251.249	261.445	268.262	263.924	252.326	245.655	248.339	254.254	259.557	264.995	268.838	268.317	263.659	257.798	254.596	256.245	260.446	260.748	253.016	241.494	233.98	234.272	241.957	251.014	251.341	240.331	226.968	221.225	224.593	231.005	234.671	236.322	239.31	240.9	235.505	225.018	216.308	211.531	208.728	207.665	208.851	211.357	215.013	219.708	223.345	225.682	230.098	236.864	241.025	240.33	239.737	246.886	264.538	285.377	295.762	288.643	269.931	251.702	243.797	248.543	259.732	269.328	271.125	258.396	233.044	210.497	199.859	194.334	187.682	182.768	183.3	186.842	184.4	165.955	129.799	85.3507	
98.4294	139.173	163.123	168.588	167.107	169.494	174.948	179.82	188.725	206.483	228.232	247.096	263.861	280.906	292.267	289.865	277.907	270.006	270.963	272.94	270.65	268.371	270.935	277.515	284.871	289.563	289.205	286.352	286.235	289.189	290.403	287.423	282.74	279.523	280.607	287.031	292.159	285.752	269.002	255.396	251.806	249.675	240.775	231.742	233.665	243.731	249.068	246.123	242.432	241.353	240.686	241.824	247.539	254.757	255.983	248.539	239.921	239.767	247.893	257.454	266.216	273.227	272.984	263.332	249.405	237.067	228.947	225.635	226.152	227.731	228.21	228.097	229.596	236.871	252.64	267.6	265.643	246.132	226.861	224.197	238.934	258.19	268.664	269.05	266.026	261.678	254.253	245.926	239.942	235.687	232.124	230.15	229.307	228.022	226.976	227.672	230.68	238.049	251.387	265.173	270.523	267.181	264.184	269.693	284.395	301.188	308.381	298.105	274.675	253.164	247.67	258.022	269.987	271.986	263.025	243.706	217.97	197.914	188.698	182.232	173.957	169.838	174.967	185.271	188.923	173.666	137.217	90.4135	
97.9571	136.622	160.698	168.139	167.873	170.139	176.611	184.881	196.911	214.431	232.524	246.366	259.178	274.656	285.315	280.776	266.222	258.572	263.984	272	271.836	264.421	259.218	264.687	279.997	293.828	296.315	291.201	288.121	288.082	284.759	275.63	265.442	260.28	263.648	275.348	287.959	290.365	281.32	272.013	269.69	266.967	254.214	236.271	226.894	230.306	238.759	245.443	248.714	246.979	241.93	241.466	248.961	256.217	253.725	243.3	235.392	236.486	244.556	256.627	271.957	283.768	281.89	266.801	247.827	231.367	219.185	212.41	211.482	214.472	218.765	222.703	226.215	234.485	253.364	273.615	275.526	255.713	233.215	229.037	248.218	276.705	294.807	295.978	287.17	275.616	265.888	261.987	262.983	263.618	261.826	258.87	254.473	248.596	243.399	240.247	241.112	250.786	269.722	287.674	292.914	286.033	278.79	281.476	294.52	309.434	313.671	298.441	269.124	245.47	243.78	259.212	271.9	269.831	255.635	233.74	208.858	190.72	183.37	180.261	177.543	179.599	189.075	200.554	203.333	186.89	148.803	99.0969	
103.797	143.148	167.509	174.671	172.565	171.746	177.323	189.45	206.816	225.614	239.756	247.249	253.815	264.404	272.608	267.719	252.638	242.851	245.852	253.08	253.557	247.269	244.979	257.662	283.574	306.129	311.568	304.532	296.487	289.016	277.004	259.109	241.033	231.173	234.376	249.368	268.406	280.942	283.55	283.232	285.635	284.133	268.74	243.395	223.392	217.871	224.494	236.862	247.853	250.429	246.011	246.447	257.056	266.367	262.333	248.878	237.343	232.083	233.824	246.941	270.496	288.933	288.117	272.557	253.88	236.759	223.169	217.135	219.741	225.571	228.754	228.158	225.499	226.862	240.293	260.775	269.92	258.743	239.084	231.373	246.26	274.54	296.042	299.715	289.209	274.089	264.842	268.018	279.471	288.751	290.31	284.915	274.856	264.521	258.27	255.051	254.317	261.527	277.767	292.232	293.233	281.797	270.883	272.812	287.994	305.38	310.311	293.495	261.795	238.088	239.068	256.754	270.561	271.093	261.616	243.785	219.043	197.447	188.584	190.602	197.023	205.528	214.912	220.996	217.455	197.111	157.234	105.804	
115.9	159.502	185.088	189.684	181.89	174.093	175.028	187.847	209.298	230.324	242.347	244.991	245.739	251.229	259.125	260.05	250.325	238.259	232.732	232.352	231.276	229.977	236.251	256.895	287.428	311.411	316.975	309.309	298.409	285.903	269.259	248.008	226.204	211.997	211.005	221.909	238.631	254.114	265.269	275.089	285.763	290.448	279.902	257.063	234.978	223.129	223.59	234.051	247.279	253.37	251.683	254.317	266.872	276.459	270.62	254.472	238.39	225.349	220.485	234.421	264.279	287.5	288.506	274.846	258.307	241.791	228.476	225.423	233.498	242.8	244.073	237.644	227.402	218.816	220.861	235.07	248.869	249.146	237.581	229.141	236.294	255.843	273.463	278.767	271.508	258.996	253.232	262.587	282.809	300.907	307.228	300.991	287.608	276.059	272.261	271.945	269.981	270.545	276.775	280.943	273.592	256.368	242.741	245.532	263.813	284.602	293.337	281.412	254.535	233.772	235.117	252.072	268.033	276.263	277.517	267.485	242.886	215.343	202.412	207.515	220.141	230.714	235.945	234.636	224.049	198.82	156.49	104.496	
127.817	176.076	203.126	204.851	190.719	175.439	170.54	181.019	203.186	225.43	236.866	236.82	233.097	234.007	242.826	253.566	255.602	246.949	235.72	228.39	225.542	227.729	238.125	258.327	282.749	299.745	302.894	296.923	288.223	278.121	265.893	249.927	230.422	213.275	204.422	203.968	209.282	218.563	231.23	247.38	265.142	277.924	279.265	270.414	257.477	245.424	238.973	241.738	250.324	255.592	255.78	260.324	271.849	277.311	267.546	249.912	232.905	217.554	211.14	226.673	259.867	286.551	291.264	280.262	263.478	244.597	229.306	226.35	236.563	248.666	251.909	245.945	233.509	217.635	207.392	210.838	223.28	231.37	229.232	224.806	227.672	237.406	246.898	250.733	247.305	239.369	235.951	246.106	268.419	290.943	302.237	300.593	292.288	285.754	285.012	284.956	280.212	274.555	271.848	266.535	251.013	227.849	210.95	211.948	228.085	247.809	260.761	259.344	243.909	228.449	227.6	240.771	258.144	273.818	284.628	282.698	262.301	234.27	219.209	224.04	237.048	245.742	247.53	243.177	229.108	198.68	151.243	97.2201	
135.392	185.128	211.978	211.835	194.596	176.247	168.823	176.363	195.255	215.376	226.188	225.537	219.294	215.793	222.73	239.389	253.312	254.579	247.338	241.204	239.961	242.88	249.926	261.044	272.682	279.474	280.118	277.722	274.893	272.617	270.679	265.134	251.266	230.916	210.608	195.246	187.753	190.265	202.673	221.188	240.064	255.197	266.053	273.231	274.344	267.085	256.157	250.362	251.739	253.907	254.279	258.079	264.483	262.935	250.097	234.972	222.704	211.38	207.595	224.116	258.099	288.952	300.778	293.603	273.979	248.906	228.051	221.236	230.077	245.077	255.189	256.459	247.459	228.304	208.066	199.977	206.589	216.968	221.741	223.493	227.464	232.158	233.785	232.048	227.792	221.387	217.604	224.35	242.595	263.243	277.274	284.685	289.509	292.598	292.119	286.14	276.504	269.366	266.573	260.562	242.708	215.738	194.024	187.964	194.62	207.501	222.748	232.962	230.822	221.169	216.822	224.069	239.825	258.06	273.092	277.755	266.604	246.284	233.547	236.348	245.827	251.725	253.865	252.829	240.347	206.134	151.843	93.0068	
136.683	183.461	207.786	207.59	192.637	177.948	173.058	178.427	190.815	205.414	215.535	216.923	210.733	203.206	204.165	218.097	236.489	247.855	251.728	254.688	258.448	260.245	260.2	260.621	261.174	260.671	260.454	262.115	265.605	270.901	277.677	281.592	274.535	252.585	221.62	193.3	177.66	179.158	194.956	215.002	229.554	238.625	249.318	263.734	274.168	272.441	260.767	249.76	245.844	245.386	244.044	242.838	240.625	232.914	221.885	214.947	212.218	208.935	209.603	225.252	256.332	288.551	305.701	300.93	277.785	246.988	222.173	213.772	223.418	243.126	261.731	271.87	268.377	248.888	222.198	205.102	205.395	214.788	222.883	229.39	236.399	239.522	234.255	224.054	215.233	209.462	207.52	212.612	224.619	238.18	250.713	265.8	283.567	295.145	292.372	277.935	263.356	258.623	262.927	264.488	251.152	223.988	197.184	181.278	175.843	180.321	195.616	213.411	220.338	214.519	207.48	210.317	223.732	240.733	255.023	262.758	260.475	249.869	240.535	239.582	243.153	246.09	250.833	256.81	250.914	218.522	161.192	97.6839	
126.951	168.184	190.347	193.593	186.18	179.848	180.371	185.157	192.002	201.728	212.069	216.517	210.953	199.815	194.003	200.541	215.82	231.862	245.675	257.317	263.339	260.905	254.539	250.275	247.976	245.572	244.787	248.291	255.83	265.093	274.669	283.055	283.567	267.546	236.195	202.944	183.139	184.981	204.548	225.903	235.181	235.26	238.507	249.051	259.245	260.16	251.029	239.772	233.893	231.812	227.826	220.441	210.814	200.806	195.194	197.639	204.488	210.228	216.915	231.5	255.774	281.518	294.769	286.488	259.954	228.457	207.228	205.187	221.229	246.499	270.437	286.212	288.429	272.435	244.587	222.889	218.684	225.819	233.837	241.566	249.808	251.633	240.815	223.827	212.989	212.472	218.508	226.178	231.617	234.312	239.903	255.318	277.661	292.514	288.214	269.497	253.228	251.87	263.093	272.605	265.941	241.931	213.005	190.275	177.154	176.891	190.738	208.683	215.799	209.037	200.633	203.925	219.087	235.652	246.722	253.057	254.876	250	240.445	232.009	226.971	225.908	232.421	244.737	247.99	224.52	172.133	108.172	
106.218	142.444	165.127	174.573	176.227	178.015	183.672	190.979	198.78	208.832	219.559	223.473	215.445	201.513	193.465	196.847	209.077	225.611	242.66	254.63	254.959	244.966	236.041	235.797	239.066	238.088	234.287	235.163	243.366	253.413	260.773	268.165	276.177	275.602	258.205	229.19	204.724	200.456	217.492	238.124	244.952	239.989	235.597	236.585	239.308	239.029	233.526	225.647	220.873	219.12	215.28	207.242	197.334	189.391	187.458	192.92	202.587	213.264	225.45	240.573	257.845	272.126	273.831	257.141	228.117	201.418	190.678	200.321	224.459	252.66	276.539	293.517	301.312	293.077	269.575	247.025	239.663	243.714	248.973	254.524	261.491	261.865	248.529	230.207	223.441	233.364	250.689	262.342	261.531	252.385	246.631	253.405	269.893	282.064	277.703	260.442	247.319	250.544	266.071	279.313	277.467	259.109	233.631	211.172	197.696	197.105	207.644	218.012	216.279	203.345	193.854	201.272	222.357	241.244	249.461	252.727	256.024	253.756	240.421	221.425	206.52	201.363	207.958	222.745	232.488	219.56	177.006	117.233	
86.2767	119.585	143.877	158.231	165.605	171.5	180.253	192.726	207.698	222.271	231.251	228.732	215.083	201.193	198.284	206.99	221.714	238.266	252.417	257.01	247.492	231.399	224.563	232.367	242.738	242.445	233.495	229.174	236.021	245.456	248.394	251.057	264.215	281.929	284.827	263.622	231.812	214.241	221.596	239.124	247.091	242.981	234.844	227.136	221.251	217.715	214.399	210.548	209.479	212.04	214.302	213.451	210.01	205.813	203.306	204.212	208.39	216.372	229.348	245.006	258.067	263.112	254.746	232.241	204.866	187.196	189.034	208.925	236.833	262.443	280.793	294.117	304.132	302.931	285.362	264.243	255.878	258.821	262.569	265.675	269.745	267.49	252.656	235.645	235.145	255.574	282.452	297.762	294.412	278.649	263.107	257.425	261.499	265.466	258.951	244.38	236.999	246.584	265.878	280.246	281.233	269.96	252.969	237.175	227.991	227.797	232.018	230.162	215.933	195.89	186.102	197.921	224.919	247.675	255.759	257.588	261.965	260.974	243.267	214.874	192.859	186.34	193.318	207.009	216.916	208.899	174.263	120.32	
77.259	109.223	134.33	150.895	160.285	166.82	176.357	192.885	214.712	233.301	238.805	228.169	209.936	199.736	205.691	222.256	240.512	255.669	263.801	260.23	245.416	230.102	228.193	240.718	252.993	251.662	239.828	232.78	238.744	247.533	246.57	243.364	256.24	283.901	300.603	285.668	248.236	218.115	214.313	227.81	238.467	238.084	229.287	216.607	205.942	200.835	198.678	197.602	201.008	210.519	221.965	230.181	232.752	230.273	225.656	221.574	219.03	220.574	229.441	242.543	251.557	250.924	239.343	219.571	200.842	195.149	208.074	233.893	260.386	277.911	284.509	286.708	290.525	289.727	276.649	260.579	256.967	264.984	272.965	276.795	277.096	268.946	249.472	230.8	232.273	257.764	290.37	310.482	311.453	298.771	282.129	269.222	261.611	254.227	241.377	226.934	224.1	238.721	259.99	273.292	274.86	269.968	263.432	257.108	252.545	250.108	245.456	231.742	208.601	186.424	179.443	194.701	224.739	251.082	261.738	263.279	265.967	263.3	242.544	209.854	185.99	181.594	190.716	202.374	207.314	196.682	164.568	115.602	
76.142	107.314	132.933	151.392	162.788	170.152	179.431	196.085	219.322	238.763	241.994	227.595	209.249	204.387	216.726	235.57	251.072	260.118	260.989	252.846	239.99	231.385	234.095	245.862	255.636	254.623	245.825	241.337	248.057	256.652	254.158	246.561	253.19	276.846	294.44	283.246	247.566	214.104	204.108	213.976	225.567	227.472	218.766	204.669	194.412	192.128	192.642	192.852	197.745	210.916	227.779	240.043	242.955	238.667	233.2	229.802	227.559	227.496	232.773	240.129	241.552	235.165	224.783	213.753	206.969	211.84	231.63	260.122	284.184	292.333	283.412	268.556	259.229	253.408	244.474	238.165	245.186	262.962	278.98	286.175	283.331	268.347	242.504	218.867	216.238	239.72	274.231	300.372	310.084	306.622	296.868	285.406	272.393	255.832	236.296	221.271	221.56	237.957	256.799	264.5	261.961	259.339	261.179	263.552	261.805	254.638	241.342	220.731	196.666	179.669	179.039	196.432	225.159	251.73	264.413	264.805	262.126	254.982	234.022	203.493	181.875	179.761	190.459	200.332	199.288	182.57	149.246	104.017	
77.1069	108.098	134.575	155.636	170.877	181.472	191.067	204.807	224.34	241.458	243.936	230.6	215.887	216.085	231.188	247.204	254.791	254.507	248.39	238.396	229.875	228.022	233.307	242.337	249.636	251.139	248.787	249.774	258.208	266.98	265.284	256.023	254.333	265.341	274.116	263.583	235.432	208.802	200.561	208.435	217.361	217.789	209.288	197.238	191.311	194.735	199.157	198.968	200.487	211.07	227.571	239.125	238.667	230.398	224.353	225.162	230.039	236.34	243.098	245.033	237.135	224.394	215.37	211.52	211.765	219.6	239.052	266.813	289.808	293.007	273.98	247.122	227.958	218.189	213.637	217.42	234.172	258.37	278.29	287.115	283.396	266.376	238.437	211.399	202.892	220.319	252.75	282.218	298.592	302.656	299.785	292.868	280.458	261.658	241.321	229.875	235.795	254.528	269.016	266.816	254.179	247.236	251.946	259.523	258.583	246.379	227.661	207.506	191.107	184.918	191.572	207.875	228.878	248.5	258.802	257.139	249.417	238.968	221.714	198.63	181.274	178.922	188.086	196.275	192.001	171.365	136.663	93.6836	
81.826	114.533	142.105	164.999	184.039	198.633	208.772	218.628	232.848	246.503	248.386	237.033	225.842	229.273	245.44	258.854	260.315	253.153	242.334	230.804	223.801	224.787	231.059	238.581	244.579	247.325	248.61	253.026	262.599	272.143	272.888	264.367	256.819	256.147	254.332	241.546	220.731	205.211	204.422	212.686	216.939	213.022	204.909	197.829	198.183	206.456	212.626	210.104	206.676	213.345	228.539	239.168	235.897	223.882	215.876	218.424	229.265	243.639	255.298	255.401	241.954	225.949	217.945	216.263	215.524	217.834	229.683	251.547	272.237	276.217	260.133	237.176	220.902	213.006	211.513	219.149	236.612	256.5	270.168	275.241	272.337	259.697	236.798	212.668	203.492	216.808	243.564	268.86	284.695	291.061	290.892	286.19	276.323	261.251	247.053	245.033	261.573	286.883	299.107	286.185	260.514	244.738	246.679	254.443	251.985	235.91	216.278	203.478	201.184	208.355	220.294	230.785	237.87	243.775	247.018	243.074	233.023	221.702	209.824	196.256	184.944	182.449	189.305	196.765	193.125	172.929	138.077	94.6366	
92.1548	128.594	157.085	179.752	200.279	217.315	227.496	234.294	245.122	257.303	259.261	248.27	237	239.564	254.407	266.595	267.024	259.154	247.473	233.925	224.364	223.92	229.886	237.029	242.133	243.739	244.11	247.785	256.838	267.815	272.378	266.722	257.944	252.198	244.666	230.221	214.222	206.972	212.071	220.615	220.666	212.183	203.988	202.445	209.354	220.156	224.553	219.029	214.202	221.772	238.342	248.7	243.726	229.835	219.776	219.886	229.58	245.78	260.516	262.176	249.497	235.495	229.716	227.815	223.191	218.353	220.87	233.109	247.696	254.111	250.734	245.676	244.145	243.511	242.817	246.01	253.073	257.839	257.08	254.209	251.603	245.281	231.69	217.985	217.879	234.057	254.102	267.349	274.791	279.811	281.038	276.858	267.833	256.454	250.263	260.116	288.863	321.477	332.758	312.159	277.213	254.233	251.04	254.404	247.867	229.433	212.649	210.641	224.148	243.952	258.528	260.593	252.57	244.524	240.897	235.493	223.737	210.148	200.485	194.808	191.885	193.777	201.383	208.969	206.831	188.341	152.752	105.579	
101.962	141.206	169.254	189.805	209.999	229.075	241.174	248.169	258.373	270.559	272.791	260.684	246.133	243.599	253.127	262.703	265.106	262.394	254.925	241.205	227.597	222.653	225.969	232.077	236.79	237.589	235.939	237	244.826	257.906	267.432	266.88	261.385	256.822	249.832	237.82	226.215	221.684	224.914	228.617	223.893	211.816	203.067	205.839	218.395	230.409	232.007	225.469	224.428	237.422	255.902	263.874	256.492	242.959	233.472	230.658	234.197	244.759	257.309	260.595	252.452	243.745	241.002	239.163	233.921	228.491	227.34	230.985	236.721	242.758	251.879	267.074	283.094	290.513	288.265	282.157	273.617	260.377	245.272	234.887	230.344	226.245	220.254	220.321	236.112	261.608	277.759	277.407	272.937	274.561	277.375	273.407	262.448	251.309	251.064	270.713	307.027	341.156	350.086	327.659	292.396	268.065	260.357	257.106	245.522	226.371	213.682	220.359	245.189	273.909	290.227	286.36	268.758	253.812	249.743	246.846	233.835	214.742	201.696	199.524	205.178	214.993	225.402	231.369	227.224	207.157	167.899	114.937	
104.444	142.23	167.078	184.451	204.422	227.746	246.561	258.235	268.476	278.268	278.99	266.17	249.251	240.696	241.623	245.21	249.211	254.961	256.926	247.853	232.479	222.052	220.18	223.605	227.999	228.922	226.046	225.582	234.298	251.576	267.253	272.885	271.902	269.816	265.86	259.916	254.654	250.596	246.258	239.44	227.51	212.552	204.016	209.686	225.225	236.98	236.977	232.545	237.585	255.164	272.395	275.381	265.331	254.069	248.294	245.73	244.278	246.606	252.245	254.397	251.225	248.571	247.773	245.164	242.716	244.597	247.561	246.335	242.806	244.833	260.345	289.201	317.567	329.365	323.315	307.925	287.144	262.581	240.587	226.581	217.919	209.664	204.814	214.223	243.315	278.389	295.717	289.308	276.802	273.226	274.067	268.09	254.148	242.732	247.125	272.348	309.133	338.455	344.254	325.623	297.328	275.947	265.324	257.048	243.127	225.516	215.563	224.544	252.113	284.062	302.478	298.733	280.871	268.589	271.718	276.594	265.473	241.45	222.204	218.086	226.67	240.184	250.248	251.774	242.945	218.876	174.395	116.032	
101.835	134.518	154.088	167.967	187.674	215.712	243.108	260.896	270.085	275.357	274.612	264.32	249.463	237.616	229.786	225.474	229.351	243.073	255.493	253.492	238.969	224.229	216.935	217.168	220.664	220.994	216.827	216.32	228.506	251.823	273.749	284.179	284.87	281.979	279.398	279.882	282.341	280.791	271.19	255.405	237.194	220.738	213.008	218.69	231.937	240.345	239.746	239.314	248.989	266.256	278.105	275.8	264.782	256.616	255.235	255.977	254.404	251.339	249.292	248.912	251.064	254.676	253.495	246.399	244.691	254.911	265.091	262.411	251.994	249.56	266.474	300.526	332.959	343.882	332.541	310.824	285.908	261.226	241.913	229.038	216.716	201.825	192.419	201.959	233.935	272.617	294.937	293.82	282.043	272.672	265.477	254.014	239.026	230.778	239.338	265.024	296.996	319.823	323.888	310.932	290.511	272.774	261.684	253.36	242.599	229.36	220.406	225.508	247.544	276.348	295.61	296.586	286.761	284.407	297.314	309.678	301.929	277.052	254.252	245.04	247.261	253.545	256.654	253.608	243.783	219.996	174.103	113.44	
99.9527	127.98	143.496	154.965	173.357	202.474	233.683	253.473	259.934	262.255	263.72	260.285	252.128	241.968	230.054	220.645	223.685	240.922	257.637	258.253	243.874	226.965	217.045	215.94	218.993	218.73	213.874	213.707	227.848	253.753	278.167	290.259	289.735	283.382	279.787	284.192	293.076	296.826	289.542	273.687	254.923	238.085	228.436	228.847	234.815	238.356	238.673	242.947	254.621	267.203	271.319	264.673	253.915	247.349	247.891	252.634	255.644	252.883	247.437	247.48	256.511	265.529	260.679	243.987	236.097	247.803	262.798	262.243	250.842	247.47	264.166	296.69	325.173	330.563	314.034	290.487	269.938	254.793	244.783	236.492	224.034	206.079	191.355	193.675	218.198	253.275	280.29	290.043	285.175	271.89	255.042	238.316	226.381	224.524	234.866	255.18	278.964	296.295	300.237	291.584	276.191	261.603	253.011	249.247	245.509	238.718	231.15	230.569	242.679	262.964	279.486	285.373	287.201	297.557	317.247	329.8	320.894	297.102	275.645	263.124	254.88	246.928	239.3	234.117	229.592	213.182	172.407	113.732	
98.0246	124.663	139.853	151.353	168.566	195.648	224.459	240.137	241.608	242.482	248.574	253.966	255.304	252.275	243.777	234.978	237.06	251.482	263.58	260.071	244.021	227.488	218.884	219.107	223.101	224.402	221.959	222.659	233.932	254.402	274.479	284.765	282.463	273.147	267.626	272.811	285.307	295.718	297.67	290.853	276.834	258.087	240.756	231.27	229.926	232.209	236.703	245.673	256.926	262.911	259.329	249.07	237.661	229.443	228.286	235.76	245.587	248.314	245.84	250.839	266.855	278.097	266.72	238.148	218.901	224.386	240.314	245.275	239.186	238.583	254.538	281.49	301.159	299.152	279.881	259.778	249.52	247.935	248.242	245.241	236.331	220.6	202.9	195.609	208.041	234.953	261.829	277.796	278.522	264.908	244.667	228.973	224.404	229.136	237.695	248.751	262.983	275.731	280.04	273.723	260.58	248.58	244.046	246.029	249.213	249.41	246.056	243.073	245.879	255.166	265.167	272.425	283.16	303.433	325.154	331.282	315.806	291.242	272.59	260.56	246.933	229.678	215.485	211.429	213.895	205.726	171.928	117.453	
92.4834	120.571	138.46	151.961	169.355	194.318	218.253	227.185	222.981	222.099	231.36	244.015	254.704	260.989	259.8	254.262	253.977	260.803	263.892	255.189	239.622	226.909	222.161	224.149	228.766	233.24	236.533	239.311	244.585	254.431	266.051	272.783	269.557	259.346	252.289	255.743	268.525	284.756	299.02	306.263	300.035	278.101	249.446	228.61	222.608	227.798	238.527	251.308	260.515	259.952	250.211	236.924	223.283	211.029	206.122	214.373	229.98	239.813	243.531	254.173	273.591	283.278	266.373	230.605	202.674	200.143	214.288	224.809	225.662	228.042	241.824	261.921	273.119	266.342	248.556	235.415	235.991	245.582	253.453	255.375	252.223	241.404	222.422	206.345	206.707	223.119	243.15	255.962	256.714	245.656	230.419	222.71	227.174	236.675	242.544	246.107	253.249	262.378	265.867	259.145	245.647	235.189	234.751	241.979	250.723	257.599	261.055	260.252	257.596	257.309	259.38	263.084	274.23	295.3	313.787	313.412	293.327	268.282	251.23	241.014	228.87	212.976	202.049	204.039	211.926	206.257	174.237	121.786	
86.5186	117.501	139.208	155.178	172.791	195.062	213.828	218.028	211.609	210.06	219.924	235.519	250.91	262.303	265.565	261.712	257.838	256.561	252.785	244.031	234.338	228.069	226.395	227.441	230.13	236.552	245.34	250.16	249.929	251.033	256.921	262.67	261.407	253.5	246.27	245.782	254.249	272.158	296.633	318.1	322.098	300.612	263.607	232.713	221.299	226.946	241.362	256.86	264.705	259.603	245.743	229.755	212.888	196.566	188.654	196.576	214.976	229.728	238.255	251.114	268.715	274.743	257.156	224.111	196.81	190.307	200.896	212.731	217.146	220.419	230.986	245.587	252.657	246.48	233.792	227.112	233.283	247.323	259.385	267.057	271.518	266.698	247.994	225.686	215.437	219.615	228.09	232.254	229.582	221.198	212.836	212.965	223.604	236.3	242.743	245.388	250.827	257.513	257.289	245.941	229.206	219.023	222.095	234.188	248.083	261.044	271.177	274.258	270.193	265.252	262.279	259.898	261.934	271.601	280.538	277.112	260.82	241.447	227.41	218.255	208.649	198.975	198.182	210.904	223.859	215.746	179.048	124.241	
87.7807	122.234	147.211	164.415	179.819	196.381	209.322	212.377	209.218	210.213	219.55	232.939	245.335	254.05	256.739	253.481	247.899	242.247	236.615	232.678	231.283	230.32	228.556	226.303	226.063	232.414	243.049	247.84	244.239	242.077	248.552	259.009	264.886	263.63	257.953	251.444	250.664	263.957	291.683	321.76	335.608	320.538	283.229	246.456	227.305	227.128	240.039	256.839	264.8	257.57	241.335	223.094	203.423	185.014	176.505	183.983	202.104	218.505	229.797	242.744	256.366	259.086	245.38	222.931	204.609	198.959	204.695	212.576	216.198	219.195	228.041	240.988	249.187	247.654	240.627	236.319	239.62	249.07	260.6	273.731	286.75	289.862	276.081	253.257	235.253	226.488	222.319	218.598	213.568	206.54	200.564	202.019	213.133	227.64	238.361	245.943	254.044	259.225	253.249	234.558	212.611	200.654	204.5	219.11	237.017	255.229	270.691	277.325	274.756	270.937	268.599	262.018	251.093	242.675	238.734	235.229	229.453	222.02	214.028	205.002	194.767	188.539	195.979	217.514	234.17	223.231	181.223	123.091	
98.2015	136.516	163.34	179.198	188.903	196.432	202.167	204.978	207.192	212.991	222.704	231.901	236.918	238.665	238.979	237.59	233.757	228.016	223.513	224.05	227.735	228.611	225.555	222.21	222.649	229.72	239.731	243.019	237.696	235.017	244.533	262.445	278.605	286.36	283.004	270.407	259.626	264.652	287.544	316.411	334.159	326.959	296.178	260.146	235.904	228.848	237.634	253.165	259.684	250.423	233.365	215.407	196.262	178.974	171.273	176.925	191.654	207.604	221.947	236.478	247.981	249.616	241.457	230.351	222.221	219.193	220.288	222.331	223.356	226.336	236.243	251.861	264.562	267.978	263.896	256.849	250.092	247.343	252.525	267.188	286.284	298.234	295.043	279.106	258.05	237.961	222.993	215.365	212.181	207.776	201.602	199.637	206.68	220.397	235.055	248.187	259.106	262.838	252.648	229.19	202.665	185.796	184.856	196.732	215.497	237.813	258.301	268.725	269.165	269.305	270.983	263.742	243.793	221.883	209.571	208.861	214.546	219.357	217.724	208.507	195.795	188.251	194.994	214.648	228.691	216.179	174.229	117.39	
111.396	154.844	183.669	197.203	200.344	198.531	195.765	194.814	198.211	206.864	217.996	225.657	226.384	223.92	223.61	224.958	223.811	219.072	214.884	215.586	218.98	219.416	216.981	216.881	222.604	233.848	245.895	250.602	245.41	240.611	248.781	269.471	291.768	305.095	303.451	289.296	275.618	275.281	288.657	306.795	319.041	314.835	292.053	262.831	241.214	233.721	240.683	252.621	253.953	241.38	225.772	212.707	199.088	185.88	178.382	179.158	187.673	202.185	219.945	236.743	247.262	249.117	245.606	241.659	239.495	238.552	237.744	236.88	236.413	239.096	250.079	268.77	285.081	290.875	286.981	275.601	258.687	244.148	241.885	254.345	274.426	291.308	297.56	290.122	269.341	241.856	220.103	212.68	215.786	218.344	215.09	210.936	213.127	223.432	238.274	252.711	262.463	263.782	254.132	233.441	206.098	182.197	171.586	175.979	191.848	215.778	240.129	254.202	257.821	261.328	266.103	260.268	239.109	214.874	202.423	205.799	219.055	232.063	236.253	229.698	217.026	205.411	201.564	206.363	209.006	194.284	157.481	107.575	
119.781	169.625	202.322	215.992	216.841	210.55	200.654	191.577	188.491	193.675	204.548	214.507	218.493	218.769	220.394	222.85	221.675	216.052	210.275	208.009	207.943	206.851	205.469	208.316	218.457	235.123	253.906	266.159	264.952	257.169	258.689	274.051	293.103	304.135	302.481	293.287	287.043	288.328	292.775	295.615	294.994	287.191	270.323	251.384	239.879	239.94	249.308	257.203	251.912	237.187	226.595	222.236	216.767	208.401	200.016	194.463	196.352	208.872	227.436	242.365	248.255	247.946	246.799	246.592	246.978	247.647	248.334	249.007	248.939	249.777	258.009	274.604	289.391	294.835	292.4	282.325	264.479	247.864	244.258	255.271	272.411	286.329	291.901	285.371	264.058	234.02	210.994	206.756	217.66	229.697	233.257	230.626	229.691	235.139	245.828	256.273	261.291	261.231	258.759	249.516	226.799	196.955	175.955	171.481	181.296	201.726	225.056	240.555	247.297	253.282	258.865	254.688	237.856	218.525	208.668	212.411	226.549	243.542	255.299	257.77	250.832	235.948	217.797	202.803	190.689	172.825	141.858	99.6824	
120.413	174.913	211.179	227.393	231.851	228.603	216.757	199.609	185.668	181.907	189.618	203.878	217.196	225.846	230.273	230.322	225.044	216.577	209.47	205.573	203.077	200.071	197.172	197.904	206.176	223.459	247.303	268.394	274.884	268.522	265.033	271.938	281.222	283.754	279.892	277.756	282.863	290.302	290.658	281.241	266.87	251.994	238.669	230.876	232.94	244.367	258.233	262.994	253.364	240.602	238.571	244.106	246.014	241.171	231.582	221.433	219.34	230.002	245.224	251.818	246.854	239.798	239.034	242.588	245.331	246.745	249.027	252.66	254.388	253.228	255.391	263.437	270.664	274.366	278.295	279.977	274.05	265.931	266.789	278.082	290.418	294.997	290.023	276.144	252.724	224.668	205.647	206.078	222.31	240.805	250.662	251.167	248.001	246.45	248.608	252.347	254.661	258.921	269.705	276.842	263.085	231.512	203.657	191.657	192.77	203.002	217.96	231.075	240.76	249.294	254.47	251.026	238.594	223.394	213.029	212.395	222.616	240.425	259.678	273.836	276.062	261.735	235.034	207.976	187.946	169.765	142.862	103.802	
114.453	168.984	205.559	223.692	233.531	237.003	228.165	207.693	186.087	174.633	178.723	196.232	218.615	235.716	241.646	236.718	225.567	214.641	209.002	208.501	208.802	206.112	200.144	195.099	196.641	207.876	228.3	250.844	263.611	263.962	261.928	263.107	262.171	255.528	249.142	251.724	263.861	276.105	277.105	262.976	240.097	219.359	208.557	210.686	225.007	246.098	263.435	266.488	256.345	248.781	255.613	269.59	277.489	275.12	264.391	251.941	249.036	258.917	269.007	264.272	245.501	229.539	229.269	238.937	245.322	245.023	244.396	248.287	253.181	253.805	251.539	248.587	244.497	244.895	257.713	277.739	291.087	295.081	299.536	308.805	314.829	309.203	293.155	272.44	249.184	226.526	214.068	218.598	235.655	254.535	266.751	269.232	262.828	251.539	242.454	240.814	246.475	260.384	283.973	304.302	300.671	274.019	246.145	229.262	219.71	214.769	215.811	222.635	233.358	243.877	248.741	245.37	234.829	220.718	208.912	205.532	213.08	229.261	249.867	269.082	277.357	266.888	241.695	216.306	200.309	187.297	162.708	120.807	
105.689	157.04	192.025	210.443	222.405	229.331	223.911	205.312	183.743	170.865	172.318	187.884	211.543	231.596	237.719	229.539	215.636	205.857	206.085	215.318	225.668	227.917	219.887	209.392	205.437	210.117	221.602	236.257	247.641	252.588	253.862	251.701	242.867	230.441	224.426	230.409	244.114	256.479	258.342	244.627	220.301	198.948	192.199	202.322	224.053	248.524	265.1	266.752	258.784	256.696	269.369	289.329	303.065	303.03	290.235	275.491	272.93	282.986	288.732	274.452	244.536	221.829	223.46	240.911	252.141	248.362	240.016	240.176	249.2	257.566	257.909	248.474	233.681	227.469	243.479	276.579	306.089	320.175	325.226	328.839	327.088	314.182	294.007	274.472	257.067	241.76	234.58	239.589	252.351	266.305	276.762	278.631	267.882	247.688	230.476	228.239	240.951	262.24	288.654	311.465	316.288	302.484	283.504	265.428	245.127	224.658	211.561	210.514	219.574	230.696	235.951	233.077	223.502	210.683	201.043	200.686	209.604	222.805	237.401	251.908	259.773	253.62	236.601	222.008	217.202	211.592	186.925	138.413	
99.9435	149.014	183.744	201.527	210.326	213.873	208.64	194.181	178.152	168.639	167.718	175.3	190.717	207.085	213.687	207.768	197.639	194.128	204.075	226.943	251.493	261.538	252.712	238.85	234.146	237.755	242.296	245.272	247.171	248.26	247.79	241.763	227.944	214.29	212.321	222.579	236.175	245.647	245.736	232.855	211.492	194.871	194.677	211.223	235.051	255.397	264.981	262.947	257.376	260.099	276.786	302.119	322.289	323.941	306.786	287.67	284.317	293.781	295.331	274.273	238.318	212.605	215.623	238.293	253.814	248.079	232.694	228.049	240.875	260.79	272.584	267.183	247.978	232.769	240.645	271.253	304.818	324.729	330.957	329.358	319.9	302.598	285.302	275.567	270.672	265.271	261.013	260.417	262.281	266.203	270.75	268.903	254.394	231.47	215.064	218.168	237.347	258.7	275.937	289.939	299.221	302.431	298.878	283.941	256.191	224.836	202.494	195.981	203.234	214.578	220.358	217.808	209.515	200.338	196.473	201.85	213.184	222.927	229.013	234.653	238.805	236.485	228.794	224.925	228.627	226.286	198.512	143.638	
100.539	149.826	185.762	202.273	204.737	200.619	192.441	180.971	170.684	165.681	163.933	163.323	167.091	175.927	183.02	183.543	182.002	187.075	205.712	238.812	273.997	290.335	281.66	266.379	263.102	268.648	270.02	264.076	255.853	248.897	242.632	232.988	218.678	208.553	212.629	227.384	241.222	247.669	244.423	230.676	211.887	200.214	205.863	226.947	250.353	263.647	263.326	255.343	250.769	257.874	279.026	310.162	336.373	338.829	316.476	291.904	285.964	292.955	289.952	264.48	226.562	199.903	201.268	223.163	240.134	235.791	219.406	212.965	227.846	256.942	282.772	289.635	274.943	253.889	247.127	260.927	284.272	303.571	312.844	310.604	296.695	277.465	266.132	269.911	281.886	290.531	289.862	279.583	265.064	254.709	249.842	242.116	225.831	207.098	199.343	211.109	234.785	252.572	257.138	257.557	265.172	280.711	291.86	283.566	254.582	219.065	193.001	184.669	192.198	204.749	210.705	207.16	199.696	195.544	199.031	209.849	221.857	227.09	225.221	223.43	225.316	227.154	225.973	225.592	228.157	221.844	189.862	133.279	
103.123	152.596	188.93	204.643	203.466	194.581	184.103	173.764	166.551	165.187	165.46	161.638	156.629	157.178	163.046	169.453	175.712	185.741	205.431	238.269	274.85	294.451	288.854	274.608	270.381	273.82	271.993	262.44	251.304	241.668	233.184	224.658	216.114	213.663	223.909	241.755	255.256	258.572	251.387	234.889	215.115	203.954	211.247	234.111	257.387	266.999	260.533	247.798	242.695	252.083	275.631	309.131	337.809	341.112	317.431	290.915	283.094	287.788	282.661	256.709	219.827	192.931	190.819	208.631	225.125	224.315	212.125	207.123	220.682	249.704	280.581	297.102	291.664	272.157	254.35	248.161	253.859	266.625	278.697	280.37	267.361	249.227	243.225	257.079	283.169	306.316	311.529	293.938	265.741	243.662	230.537	217.439	200.8	188.264	189.818	208.443	234.579	250.671	248.258	238.119	239.116	257.379	277.526	278.242	254.685	220.086	192.039	181.795	189.11	202.602	208.753	204.07	196.967	197.679	208.943	225.106	236.086	234.795	225.364	219.399	222.216	227.855	228.14	223.07	216.472	202.098	167.662	114.904	
100.086	147.43	182.849	200.173	202.544	197.431	189.845	181.375	175.445	175.631	177.69	173.417	163.656	158.198	162.151	171.025	179.1	185.993	197.358	220.09	250.533	272.507	275.333	266.603	259.459	254.994	246.952	236.392	228.784	223.999	220.242	218.743	220.128	226.491	241.591	260.922	273.02	272.621	261.64	242.216	219.499	205.552	210.806	232.238	254.84	264.368	257.292	243.1	236.494	244.012	263.733	291.734	316.628	321.119	302.848	281.599	275.811	280.988	278.23	257.292	226.018	202.037	198.609	213.719	230.214	233.069	225.907	222.977	232.037	251.43	274.002	289.451	289.931	275.81	254.346	235.151	226.849	232.912	246.859	253.971	245.119	229.478	225.434	241.205	271.397	301.573	311.931	294.347	264.165	240.607	225.074	208.778	191.598	182.797	189.083	209.378	234.65	250.375	247.459	233.478	228.34	243.996	269.408	281.73	269.379	239.157	208.222	191.839	193.381	203.516	208.921	204.751	199.419	204.778	222.709	242.728	250.769	242.016	227.035	220.84	226.422	233.322	230.658	218.587	203.527	183.162	148.331	100.54	
91.5949	135.764	170.395	191.519	202.441	207.357	207.27	202.644	197.947	197.583	198.171	192.505	181.738	176.177	181.262	189.898	192.527	188.6	186.784	196.892	219.451	243.707	257.793	258.776	251.102	238.213	222.486	210.526	207.411	209.195	211.349	216.052	224.651	236.859	254.976	275.25	286.373	283.883	272.143	253.434	230.629	215.009	217.034	233.522	251.198	258.388	251.702	238.436	230.871	233.689	244.139	260.233	276.463	281.648	272.653	261.269	260.148	267.288	269.356	258.38	240.022	225.948	225.03	238.133	253.973	259.753	257.655	258.192	264.324	272.772	280.785	285.413	282.754	270.179	248.84	226.212	213.622	217.844	234.066	246.359	241.89	227.31	220.594	230.243	253.148	278.956	290.655	280.322	260.396	244.654	230.688	211.525	192.311	184.513	191.844	209.804	230.348	243.22	241.266	228.856	222.42	236.534	266.901	292.752	295.987	274.648	242.554	217.259	206.624	206.554	207.661	204.934	204.073	214.671	236.226	255.319	257.702	243.25	227.382	224.301	231.919	236.749	229.95	215.037	198.753	177.537	142.661	96.4958	
86.8709	129.153	163.528	187.911	206.038	219.324	225.295	223.874	220.43	219.014	216.84	210.05	202.384	202.965	213.186	221.164	215.342	198.704	185.32	186.636	203.121	226.812	247.335	256.572	251.787	235.413	215.512	204.143	206.086	212.464	214.883	217.015	224.197	237.181	256.706	278.046	290.226	290	282.978	270.666	253.004	238.788	237.334	245.546	252.93	252.783	244.665	233.836	227.275	225.487	225.5	228.641	235.083	239.13	237.206	233.709	235.517	243.021	249.531	251.313	251.593	252.467	254.987	263.264	275.515	284.062	289.648	298.209	307.463	310.6	305.803	295.564	282.023	265.077	244.636	225.387	215.797	221.492	240.033	257.603	258.483	245.006	233.836	233.225	240.964	252.98	261.79	262.142	258.037	252.38	239.057	215.225	192.369	184.326	192	207.134	221.454	228.676	225.935	216.866	212.997	227.653	261.819	299.056	318.35	310.468	283.402	253.166	230.324	216.665	209.371	206.154	209.922	224.928	246.217	259.484	254.541	237.051	223.65	224.23	232.218	234.121	225.258	212.238	199.771	180.59	145.588	98.7994	
91.925	134.232	168.971	195.348	216.35	231.27	237.074	235.115	231.368	229.122	226.16	220.959	218.281	225.251	239.918	248.081	238.051	215.227	197.054	195.395	207.923	226.197	243.611	254.451	253.373	239.57	222.376	216.909	226.537	236.433	234.089	225.901	224.05	232.688	250.597	271.531	286.166	292.229	294.046	291.381	281.641	270.496	265.714	265.062	261.63	254.194	245.52	238.299	233.394	227.591	219.09	212.345	210.46	210.598	209.586	207.892	208.535	213.822	223.611	238.217	256.404	269.661	272.589	273.565	280.805	292.548	307.693	326.466	341.366	342.524	328.512	306.014	282.549	261.826	244.699	232.548	227.668	232.833	249.885	270.608	278.498	270.509	259.127	249.969	240.673	234.696	236.858	245.593	255.174	257.126	243.135	215.308	189.943	182.022	190.369	203.645	212.668	214.025	209.13	202.551	201.824	216.648	250.074	290.618	319.245	324.28	308.644	283.546	257.733	235.42	219.539	212.328	216.012	230.686	248.164	254.434	243.121	223.583	211.825	214.254	222.624	224.708	217.734	208.081	198.062	179.539	145.121	99.5642	
101.531	145.265	182.336	212.037	234.132	245.815	246.227	239.673	232.844	229.661	228.922	227.714	227.59	234.063	246.719	254.772	247.997	229.663	215.097	215.277	225.489	235.891	244.445	252.068	254.419	247.148	237.325	239.491	255.231	266.883	260.424	243.531	231.988	232.438	243.426	259.898	275.771	288.547	299.032	304.945	302.594	295.647	290.497	285.591	277.078	267.52	260.61	255.981	250.793	241.501	228.463	216.912	209.463	204.108	198.965	193.614	189.07	189.323	200.309	224.836	254.951	273.498	273.763	269.122	273.759	288.869	310.911	334.778	349.783	346.47	326.227	299.223	274.987	257.839	248.473	244.906	243.143	243.23	251.813	268.756	281.443	283.128	278.589	267.639	247.323	227.033	220.963	231.556	247.719	253.786	240.714	214.049	191.118	185.405	194.455	205.988	210.874	207.687	200.48	194.907	195.958	208.542	234.387	266.459	291.945	302.682	300.317	290.345	274.888	255.21	236.274	223.914	221.726	229.853	240.951	241.909	226.781	205.262	192.923	195.404	205.148	211.286	210.058	204.172	193.671	173.108	139.302	96.8803	
106.465	151.956	192.835	227.28	251.192	260.252	255.747	243.743	232.379	229.146	234.035	238.487	237.358	235.854	239.552	245.109	244.75	236.827	230.513	234.504	243.367	247.244	248.021	252.72	259.327	260.693	258.611	263.047	275.561	283.442	276.219	258.916	243.098	235.002	235.855	245.05	259.973	276.526	291.573	301.99	305.117	304.059	303.46	301.161	294.532	286.891	280.766	274.763	267.142	256.663	244.137	232.552	222.884	214.005	205.21	195.251	183.527	175.978	184.275	212.61	246.619	264.552	262.693	258.223	265.781	285.341	310.016	330.987	338.301	327.331	303.875	279.477	262.139	253.868	253.716	257.148	256.347	249.372	245.347	251.421	262.754	272.706	278.483	273.981	255.297	232.281	220.829	226.903	241.471	248.29	238.527	218.522	203.056	201.621	210.856	220.22	222.617	217.69	209.49	203.593	203.462	209.616	221.267	235.639	248.054	256.521	264.013	271.754	274.388	267.237	253.138	238.637	229.255	228.028	231.239	227.843	211.253	189.574	177.111	179.049	189.424	199.844	205.717	205.295	195.709	173.505	139.046	97.3847	
104.458	149.782	191.547	227.49	252.915	263.774	260.402	246.604	232.365	231.444	245.127	257.122	254.622	243.586	236.661	237.539	240.668	240.766	241.283	247.641	254.405	253.534	249.63	253.275	265.499	277.645	283.206	283.735	283.055	280.573	273.438	261.296	246.345	232.697	225.837	229.942	243.921	261.081	275.621	285.688	291.246	295.15	300.04	303.373	302.701	298.796	291.263	280.538	270.032	260.792	251.103	240.886	231.465	223.764	216.912	206.859	190.848	176.606	179.647	204.132	232.732	245.446	243.991	246.265	262.7	288.89	314.101	328.255	325.768	308.609	285.428	265.987	255.168	252.997	257.639	263.924	263.11	251.414	236.855	230.595	235.317	247.069	260.092	266.863	262.665	250.916	240.306	238.542	245.227	249.833	243.912	232.029	225.101	228.013	236.523	243.749	246.555	244.628	238.696	231.803	226.604	222.085	216.996	212.904	211.632	214.831	225.946	244.687	262.369	269.837	265.461	253.566	240.538	231.645	226.403	217.902	201.657	183.703	174.156	175.763	184.48	196.162	207.479	213.938	209.507	189.254	153.398	107.883	
100.044	141.426	177.965	209.503	234.846	251.292	254.925	244.185	230.468	233.709	256.551	276.738	275.74	260.126	247.123	243.949	246.308	248.445	251.1	256.373	258.844	253.293	245.76	248.043	264.939	288.24	302.561	299.569	285.369	271.681	263.162	255.067	241.531	225.04	215.195	219.108	234.202	250.3	260.664	266.437	270.416	274.707	280.908	288.446	295.351	297.41	289.557	274.517	261.379	252.63	243.7	233.245	224.911	221.711	221.456	217	204.048	190.591	191.053	206.685	221.684	224.738	224.293	235.655	262.169	294.111	318.478	327.053	319.681	302.758	284.562	270.577	262.073	258.913	261.106	265.57	264.426	251.496	231.427	216.439	213.478	220.777	233.976	249.576	263.87	271.155	267.708	259.594	256.593	257.313	253.939	247.863	247.081	253.363	261.145	266.664	271.388	275.28	274.129	266.27	254.271	239.484	222.717	207.991	199.156	197.626	206.247	225.998	249.666	266.87	271.847	265.356	252.884	239.746	227.258	213.952	199.729	188.325	183.648	185.116	190.9	201.322	215.13	227.075	229.024	212.807	175.839	124.542	
96.1338	131.107	159.307	184.374	209.15	231.262	242.373	236.815	226.23	232.832	260.412	286.212	290.277	277.968	265.931	261.209	260.518	259.96	260.068	261.064	258.31	249.017	238.461	237.102	253.161	281.799	303.603	303.203	285.812	268.023	258.218	250.822	236.957	218.831	209.333	216.915	235.209	249.545	253.373	252.043	251.107	251.728	255.693	265.882	280.676	290.159	284.372	267.06	250.961	240.246	230.034	219.107	212.354	213.292	218.685	220.941	216.566	212.006	215.576	223.264	223.455	216.045	214.859	230.684	260.215	290.983	311.529	317.596	312.356	302.814	294.811	288.967	282.43	274.818	269.075	266.231	261.453	247.744	226.415	208.323	201.113	203.307	212.003	228.416	252.454	274.525	281.385	273.454	264.571	261.293	258.45	255.471	258.93	269.264	278.728	283.406	287.795	294.162	295.805	286.639	269.547	250.284	231.742	216.282	205.441	199.556	202.352	217.777	241.475	263.016	273.782	271.623	260.627	245.611	229.27	214.289	203.464	198.134	197.358	198.716	202.354	210.969	224.223	237.317	241.799	227.37	189.35	134.466	
92.5431	122.346	144.766	166.459	191.753	217.072	232.554	232.219	225.866	232.422	256.961	282.947	293.453	289.89	283.211	278.422	273.834	267.859	261.859	256.748	250.42	241.283	230.851	225.075	233.667	258.047	282.596	289.969	280.36	266.673	257.486	249.822	236.153	219.016	212.845	226.08	247.991	259.737	256.075	247.06	240.47	236.562	237.894	250.17	271.137	286.208	282.159	262.954	243.34	230.195	220.257	211.558	207.586	211.083	218.677	224.437	227.298	232.193	241.271	246.562	240.156	228.096	224.243	234.869	254.802	274.543	287.663	293.171	294.22	295.821	301.067	307.086	307.423	299.124	284.833	269.281	254.211	236.696	216.342	200.127	194.134	196.439	202.521	213.356	232.929	256.995	271.952	270.641	261.347	254.111	249.679	248.854	257.286	274.57	290.451	297.024	298.069	300.081	299.221	287.581	267.576	248.378	233.948	222.618	212.133	203.145	201.878	214.815	239.149	263.533	276.756	274.968	262.274	244.75	227.205	214.062	207.84	207.499	209.637	211.491	214.257	220.687	230.139	239.008	240.238	223.653	184.522	129.919	
90.8028	119.75	141.521	163.583	189.856	215.797	233.26	238.447	237.122	241.029	256.366	276.369	289.817	293.594	291.614	286.776	278.753	267.124	253.999	242.633	234.708	229.482	223.618	216.442	216.362	231.471	254.669	270.065	271.105	263.718	256.008	249.138	238.61	226.773	226.514	244.08	266.029	273.367	264.524	252.593	244.214	237.574	236.302	248.147	270.236	285.974	281.036	259.15	236.387	222.599	215.645	211.273	210.803	216.882	226.47	234.068	239.547	247.532	258.672	265.669	262.828	254.26	247.277	244.625	245.475	248.536	252.587	256.903	263.205	275.077	293.367	312.915	325.127	322.991	304.785	276.411	247.642	223.301	203.237	189.954	187.894	195.36	203.987	209.296	217.027	232.931	250.1	255.472	247.503	236.352	230.037	232.465	247.404	273.576	299.77	312.4	310.349	304.026	296.544	280.94	257.699	237.108	224.675	216.762	208.746	201.907	203.418	219.424	247.22	275.035	289.549	285.007	265.856	241.407	220.671	209.662	209.081	214.972	221.742	225.701	227.753	230.242	232.863	233.831	228.378	207.926	168.42	116.64	
92.9244	126.18	151.917	175.927	201.574	225.343	242.894	253.224	257.688	259.981	265.262	274.802	284.459	289.803	289.642	284.721	275.301	261.563	245.615	231.322	222.55	220.327	219.579	214.53	210.118	217.884	238.263	257.997	265.663	262.195	256.105	251.735	246.522	241.696	246.209	262.496	277.631	278.542	269.555	262.991	259.371	252.905	248.254	255.152	271.738	282.989	275.333	251.421	227.448	215.117	212.062	211.388	213.519	222.872	237.239	249.092	255.688	260.927	267.671	273.685	276.26	274.505	266.553	252.083	236.497	226.554	222.825	222.217	227.02	243.306	271.033	302.221	326.366	333.448	317.447	283.317	245.8	216.002	194.805	181.848	181.143	192.513	205.257	209.167	208.654	215.868	230.186	236.735	228.571	216.208	212.462	221.68	243.542	276.18	310.617	329.947	327.024	313.464	298.526	277.617	249.565	224.311	209.512	203.105	200.75	203.354	215.029	237.405	267.303	296.204	311.91	305.554	278.863	244.024	216.363	204.996	208.809	220.739	233.177	240.631	241.94	239.151	234.181	227.768	216.872	193.964	154.898	105.681	
97.8947	139.147	172.143	198.815	221.872	240.367	254.456	266.16	274.66	277.415	275.767	274.803	277.66	281.826	282.359	277.455	268.94	259.381	249.995	240.426	231.716	226.963	225.298	221.618	217.198	221.415	237.523	255.58	263.703	261.555	258.242	258.309	258.239	257.774	262.83	272.937	277.726	272.246	266.007	267.931	271.328	266.645	258.865	258.831	266.761	271.654	262.265	239.524	217.497	207.932	208.204	209.765	213.062	225.172	245.438	263.721	272.569	273.359	270.983	269.373	271.037	273.416	268.534	253.149	234.886	222.451	213.953	204.038	198.89	210.581	239.935	276.162	306.934	321.186	311.012	279.733	243.1	214.755	195.29	181.495	177.074	185.309	198.21	203.944	203.229	206.955	216.258	218.993	210.526	202.911	208.853	228.677	256.292	289.346	323.741	344.751	342.371	325.752	305.198	278.806	246.51	217.658	200.443	195.183	199.736	214.166	236.702	261.96	286.707	309.838	324.813	320.16	291.97	252.395	221.15	209.036	212.935	224.752	238.312	248.107	249.609	243.09	233.162	223.537	211.714	189.2	150.622	101.854	
103.264	153.078	194.281	224.128	244.025	255.388	262.095	269.183	276.747	279.695	275.525	269.797	269.871	274.426	275.566	270.456	264.625	264.576	269.839	272.079	264.915	252.383	242.144	235.865	232.693	235.3	244.923	255.365	258.653	256.188	256.694	261.717	264.465	264.023	266.746	271.985	270.953	262.469	257.592	262.849	268.847	265.398	256.992	253.008	254.184	253.979	245.438	228.15	211.277	204.769	207.473	211.018	215.208	228.411	251.548	273.368	283.157	279.684	268.152	256.407	251.905	254.27	255.035	249.634	242.91	238.296	228.666	208.597	189.95	190.307	211.804	243.446	273.78	292.001	288.414	264.14	234.898	215.341	203.667	191.301	180.227	178.983	187.127	195.171	198.882	202.61	206.613	204.767	198.665	200.502	218.531	247.608	277.3	305.177	332.329	350.046	349.157	334.05	311.716	282.821	250.467	222.998	206.641	202.61	210.975	231.13	256.217	275.772	287.98	299.612	310.881	310.161	289.21	257.254	232.404	222.785	223.484	228.487	236.466	244.693	246.397	238.867	227.73	219.215	210.892	191.658	153.798	103.784	
106.783	162.849	210.542	242.824	259.111	262.614	260.395	260.022	263.588	266.509	264.847	262.472	265.234	270.395	270.254	264.813	263.332	273.832	292.983	305.608	299.305	278.735	258.854	248.237	245.598	247.503	251.388	253.3	250.302	246.941	250.92	259.66	262.811	259.484	258.872	263.003	263.477	256.954	251.972	254.796	258.268	254.799	248.666	245.628	243.853	240.129	233.735	224.155	213.789	209.719	214.509	221.599	228.002	240.193	260.212	278.546	284.903	277.06	259.61	241.424	231.578	231.859	237.455	245.882	257.688	266.933	260.168	233.842	205.064	193.528	201.77	221.95	247.008	266.894	268.836	251.245	230.099	220.936	218.915	209.234	191.569	179.758	181.447	190.273	197.464	200.893	200.646	197.013	195.867	206.267	230.762	261.35	287.514	308.333	328.239	342.961	344.675	334.022	315.12	290.397	264.034	241.633	227.105	222.618	229.713	246.728	264.336	271.618	269.842	270.608	277.784	280.856	270.31	251.717	237.834	232.877	232.184	232.293	234.103	237.068	235.919	227.732	217.786	213.047	210.893	197.079	160.719	108.912	
107.606	167.268	219.043	251.506	261.532	255.153	244.419	239.411	242.428	248.894	254.386	259.638	265.574	268.191	264.51	260.07	264.699	282.416	305.639	317.918	308.595	284.621	262.048	249.96	247.517	250.488	254.016	253.033	246.646	242.074	247.398	258.589	262.932	257.507	252.68	255.024	258.573	256.554	252.746	252.771	252.293	247.263	243.622	244.687	244.265	239.417	234.639	230.516	224.221	221.031	228.161	240.768	250.632	259.43	270.691	280.363	281.536	270.911	251.298	231.311	219.117	216.796	224.479	244.299	273.441	296.771	295.999	270.331	239.207	220.165	215.647	223.416	241.843	261.24	266.428	254.257	240.172	238.782	242.547	233.014	209.257	189.076	184.964	192.147	199.224	200.887	198.593	196.706	200.835	214.927	237.709	261.871	280.483	295.893	313.406	328.357	332.593	326.589	315.193	300.762	283.858	265.84	250.712	243.817	247.699	258.577	266.068	261.395	248.836	241.887	245.565	250.174	245.862	235.535	228.268	227.433	230.63	234.412	235.682	232.437	224.317	213.601	205.803	205.999	210.108	201.326	166.283	112.785	
108.866	170.812	223.983	252.587	251.896	232.965	215.061	210.813	219.936	234.649	248.517	259.179	264.388	261.977	255.72	255.416	267.382	287.719	304.934	307.425	293.125	271.763	254.467	245.257	244.046	249.96	258.219	260.809	254.753	247.383	249.411	260.828	268.902	265.164	256.681	254.307	257.644	259.113	257.757	256.732	252.575	244.032	240.537	246.488	252.283	251.179	247.695	243.594	235.897	231.134	239.672	256.649	268.404	271.696	272.395	274.112	274.144	266.313	249.316	230.389	216.799	211.332	218.705	244.377	282.477	312.963	318.098	300.036	274.954	253.74	239.553	237.595	250.431	267.537	273.524	266.447	260.407	265.98	272.362	260.421	231.156	205.281	196.843	201.061	205.662	204.803	201.719	202.433	209.825	223.44	240.72	256.352	267.47	279.881	298.161	314.213	318.862	315.467	311.64	307.632	298.348	282.357	266.209	258.619	261.885	269.957	272.27	261.402	241.674	226.803	224.22	226.321	222.736	214.552	209.824	212.904	222.917	234.644	239.304	231.715	216.239	202.225	196.246	199.909	206.803	199.634	164.92	110.993	
113.271	175.9	226.176	246.392	233.369	203.89	182.756	183.236	201.077	223.979	242.79	253.76	255.349	249.346	243.995	249.401	266.808	286.014	294.977	289.583	275.487	261.773	252.825	248.298	249.088	257.226	269.478	276.74	272.356	260.578	254.727	261.981	272.375	272.003	262.535	256.76	259.237	262.818	262.95	260.518	252.686	239.898	234.12	242.805	256.437	263.547	263.219	256.479	244.254	236.481	243.684	259.554	268.355	265.213	258.051	256.087	260.038	261.286	253.075	238.507	224.04	215.415	221.088	246.08	281.06	307.171	313.995	306.505	292.349	272.898	252.834	244.698	253.32	266.887	271.938	270.053	274.079	288.772	299.045	286.106	253.956	225.598	215.173	217.291	219.56	216.257	211.533	212.078	219.166	230.449	243.327	253.54	260.084	270.249	287.508	301.622	304.201	302.038	303.781	306.333	301.416	288.095	274.703	269.864	274.488	282.353	284.444	273.084	249.053	224.941	212.864	209.972	205.888	199.434	197.509	204.387	218.941	234.896	241.682	233.115	215.336	200.408	194.652	197.242	201.496	192.68	158.685	106.481	
115.282	175.082	218.884	230.673	210.965	179.633	161.524	167.411	190.376	216.505	235.663	244.202	243.11	237.34	234.966	242.625	258.641	273.007	277.7	274.15	269.009	266.137	264.892	264.504	266.995	274.913	286.796	295.147	291.248	275.744	262.055	261.518	267.637	266.211	257.056	252.685	258.079	264.662	265.3	260.677	250.253	235.009	225.554	231.204	247.037	261.391	267.082	261.477	248.29	239.562	243.466	252.376	253.03	243.385	232.581	230.731	240.13	252.398	256.653	249.969	237.317	227.712	231.364	250.421	273.025	285.587	288.311	289.129	286.547	272.782	252.519	241.773	246.091	254.548	257.585	260.099	273.488	297.883	314.997	305.721	275.008	246.573	234.884	235.193	236.106	232.001	225.972	224.039	227.871	235.922	246.148	254.409	259.085	265.875	277.322	285.126	285.02	286.045	294.218	302.446	302.399	294.769	286.234	282.531	284.854	289.878	291.185	280.762	255.657	226.245	207.95	202.655	200.473	197.269	197.812	206.334	221.928	238.155	245.306	238.856	224.714	212.078	204.481	201.137	199.036	188.062	156.352	106.733	
106.747	160.008	198.03	207.991	192.221	168.665	157.301	165.641	187.872	212.853	230.878	237.489	235.296	231.301	230.937	235.604	243.215	249.715	253.762	258.334	265.47	273.14	278.782	282.877	287.797	295.436	305.299	311.813	306.805	289.809	271.978	262.814	257.729	248.011	237.46	237.58	249.417	260.993	263.471	258.629	248.889	234.555	221.399	218.237	227.21	242.189	253.506	253.854	245.526	239.15	239.859	239.909	230.634	215.134	203.848	204.765	219.151	239.592	253.701	254.995	247.799	241.876	245.31	256.804	264.482	261.186	256.515	261.711	270.099	267.197	253.665	243.14	241.736	243.336	243.311	247.143	264.057	293.604	318.445	318.122	293.404	265.176	249.231	244.699	243.891	242.058	238.991	236.894	237.364	241.152	248.188	255.329	259.382	262.031	264.701	264.19	262.828	270.609	288.199	303.969	310.316	308.494	301.471	292.654	286.404	283.789	280.633	270.085	248.439	222.852	206.838	203.786	204.917	203.959	204.005	211.368	227.567	245.445	254.324	251.091	241.673	231.428	220.432	209.208	200.1	187.544	158.6	111.133	
89.9109	135.197	170.615	186.309	182.734	171.153	164.855	170.731	188.363	211.555	229.939	235.454	230.543	225.095	224.143	224.826	224.134	223.81	228.454	239.953	255.105	269.802	282.202	291.969	299.984	308.233	316.981	321.718	316.188	300.385	281.625	264.511	245.878	225.066	211.935	216.221	233.765	250.307	257.081	256.305	251.204	240.556	225.53	213.474	211.888	221.276	233.7	239.312	236.412	231.769	228.969	222.101	206.293	188.199	179.238	184.837	203.005	225.58	241.484	246.516	246.748	249.468	256.56	262.937	258.876	243.416	232.155	239.268	257.891	269.688	267.448	258.218	249.545	242.721	237.696	238.052	250.63	278.21	308.715	320.449	305.694	278.549	255.982	243.379	239.222	241.069	244.894	246.664	245.59	244.512	247.201	253.417	258.453	258.794	254.185	247.006	246.306	262.016	288.55	309.715	318.806	318.207	308.593	292.1	276.017	265.074	257.192	247.976	234.697	219.818	210.547	209.985	212.636	211.978	209.573	214.319	231.288	252.514	264.3	262.814	254.713	244.486	230.311	212.86	197.567	182.273	154.541	109.688	
76.1458	114.488	148.603	171.868	181.53	180.339	175.477	176.088	188.908	211.645	231.246	234.65	223.446	211.695	207.938	207.885	205.592	203.942	210.462	225.769	243.991	262.522	280.62	294.178	301.517	306.807	312.765	316.4	313.408	302.89	286.406	263.922	235.274	207.346	193.142	198.808	217.062	235.793	248.445	255.009	255.778	248.894	234.987	220.155	212.368	215.317	224.796	231.616	230.172	223.023	214.649	203.472	187.16	172.133	168.496	179.065	197.764	214.753	223.435	226.975	234.049	247.019	260.462	266.245	257.332	236.964	222.648	230.447	256.913	282.452	290.965	281.991	264.931	248.287	236.047	229.992	234.622	255.822	287.769	309.761	306.806	284.733	259.041	239.817	231.343	234.179	242.552	247.82	246.373	242.087	242.307	249.566	257.735	258.938	251.567	242.105	243.799	264.974	294.502	313.506	317.929	313.671	301.55	281.957	262.045	248.296	240.819	237.392	234.99	230.167	223.816	220.892	222.12	221.804	218.182	219.767	234.243	254.829	266.351	263.448	253.708	243.208	229.092	209.453	189.029	168.305	138.937	97.5041	
73.0813	107.027	139.001	165.881	183.493	188.447	183.839	181.169	191.84	214.504	233.301	232.508	213.903	195.086	188.911	191.659	193.963	196.242	206.304	224.539	244.435	264.694	284.54	296.286	296.666	292.993	291.996	293.788	296.031	295.236	285.668	263.196	231.686	203.484	190.314	193.396	206.397	224.254	243.063	256.956	261.112	255.947	245.671	234.618	226.87	226.184	232.325	238.473	236.169	224.234	208.914	194.157	180.207	171.255	174.047	188.456	204.504	211.165	208.449	208.234	219.932	239.773	257.708	265.733	259.064	241.283	227.889	235.649	265.616	298.876	313.068	302.347	277.419	251.664	232.695	222.089	221.391	235.882	264.163	290.343	297.993	285.801	263.907	242.943	230.438	229.446	235.306	239.314	237.641	234.278	236.273	245.532	255.789	259.404	255.288	250.558	257.001	278.772	302.224	311.085	306.49	297.939	286.594	270.688	255.258	246.583	245.886	251.469	258.121	257.233	246.939	236.892	234.773	235.906	233.89	232.895	240.68	253.805	259.277	251.859	240.352	232.349	222.984	205.523	181.648	154.067	120.595	81.5426	
77.2246	109.705	139.291	164.984	183.594	190.622	187.942	186.957	198.363	219.052	233.204	227.44	205.164	184.667	180.039	187.723	196.018	202.731	215.258	234.932	255.289	274.209	290.39	295.874	287.343	273.211	263.283	261.832	269.008	278.905	279.208	262.223	234.897	212.169	201.659	199.991	204.788	219.817	242.782	260.824	265.197	260.479	254.482	248.651	242.909	241.058	246.055	253.184	252.15	238.43	218.294	199.49	185.427	179.756	186.82	203.832	217.397	215.882	205.276	203.614	218.408	239.917	256.788	264.633	261.385	248.827	238.395	245.728	274.463	307.587	321.587	308.837	279.971	249.854	228.587	218.771	218.538	228.756	249.837	273.576	287.768	286.491	272.668	254.095	238.566	230.485	228.291	226.942	225.052	226.034	232.208	241.29	249.347	254.828	259.27	266.351	279.832	296.959	306.118	300.415	287.533	277.308	269.326	260.326	253.725	254.809	264.365	279.048	290.39	287.58	270.364	252.91	247.084	249.784	251.652	250.475	250.934	253.274	249.774	237.495	225.656	221.408	217.639	203.811	178.679	145.936	108.17	69.5208	
78.6256	111.431	139.705	162.072	177.469	184.715	186.855	192.21	205.785	221.747	228.351	218.85	198.783	183.904	185.494	198.45	209.989	217.005	227.17	243.92	261.905	277.276	287.815	287.238	272.754	251.581	234.56	229.567	239.212	256.461	265.3	255.902	236.395	221.925	216.29	212.812	211.836	222.925	244.917	261.589	263.765	259.108	255.771	252.291	247.114	245.029	250.866	261.441	265.874	256.8	237.79	216.602	199.345	192.341	200.383	218.77	231.768	228.151	217.348	219.2	237.774	258.145	268.318	268.713	262.219	250.776	241.947	247.759	271.48	299.09	310.653	299.374	273.765	246.375	227.697	222.417	227.114	237.063	251.245	268.082	282.349	287.972	282.791	269.729	253.496	238.524	227.253	219.589	216.87	221.437	230.388	237.278	241.34	248.177	262.139	282.213	302.043	311.531	303.854	284.273	266.047	256.031	250.525	245.784	245.479	254.978	274.315	296.833	310.046	303.89	282.742	262.878	256.14	260.989	267.543	267.903	262.643	255.447	245.136	231.015	219.463	214.804	210.38	196.973	172.509	139.129	100.084	61.6873	
73.7634	107.472	135.264	153.734	164.594	172.272	181.671	195.91	212.238	222.78	221.892	210.427	195.765	189.68	198.491	214.649	225.451	228.322	231.645	241.792	256.353	270.103	277.921	273.674	255.908	231.807	212.064	205.374	215.24	234.829	247.899	244.199	231.21	223.453	224.015	224.757	224.324	232.119	248.459	259.321	257.873	252.326	249.127	245.558	240.066	237.337	242.932	255.963	267.083	267.475	256.396	237.658	217.996	208.259	215.892	234.896	248.912	248.539	243.79	252.621	275.928	294.643	294.707	280.659	262.821	246.317	235.35	236.814	252.848	273.768	285.182	281.42	266.791	248.232	234.106	231.999	241.002	253.176	263.357	271.942	280.151	286.711	288.597	283.114	269.651	251.643	234.846	223.043	218.604	222.566	230.253	234.675	237.109	246.046	266.241	293.323	314.753	316.696	296.942	269.285	249.483	240.257	234.097	227.419	226.355	238.331	263.41	291.614	306.55	299.948	281.529	267.977	267.599	277.444	287.141	286.64	275.778	261.974	248.898	235.343	221.802	209.512	196.212	179.093	157.205	128.616	92.9415	56.3963	
70.7661	106.948	134.739	148.323	153.219	160.504	176.445	198.294	216.874	223.935	218.872	207.594	198.323	199.087	211.637	227.316	235.378	233.995	230.691	234.185	246.616	262.289	270.96	264.473	244.559	221.23	203.8	198.066	206.692	224.138	236.404	234.242	223.54	217.819	222.212	229.437	233.937	240.709	251.894	258.785	256.012	249.174	244.016	239.729	234.338	229.744	231.407	242.163	256.523	266.157	266.038	253.798	234.538	223.353	230.973	250.845	267.439	273.452	277.055	292.787	320.122	337.354	327.277	297.355	265.856	241.761	225.678	219.736	226.55	241.748	255.969	263.713	264.303	257.921	248.728	245.977	253.843	265.869	273.843	276.186	276.916	280.293	285.073	284.896	275.541	259.66	243.939	232.925	227.666	228.047	231.595	234.477	238.539	250.562	272.769	298.462	314.54	309.624	285.566	258.146	241.448	234.453	226.523	214.266	207.082	215.323	239.764	269.198	285.673	282.493	273.218	274.225	287.786	304.681	313.022	306.152	288.629	271.059	257.68	244.011	225.554	202.965	179.578	158.887	141.119	120.058	90.1643	55.8952	
77.4105	119.329	148.755	157.12	154.059	157.501	174.839	198.636	216.897	223.144	219.246	211.854	207.926	212.189	223.808	235.989	242.297	240.924	235.127	233.515	243.555	261.161	271.457	263.919	243.959	224.227	211.086	206.832	213.807	227.407	235.519	231.174	219.784	213.03	217.168	226.966	234.642	241.579	252.169	262.261	263.8	256.396	247.322	241.397	236.287	229.351	225.214	230.647	244.461	259.356	267.149	260.729	243.454	232.297	239.557	259.209	277.795	289.329	299.219	319.151	348.802	365.624	349.67	309.582	269.266	240.429	220.348	207.53	205.959	216.206	232.819	250.251	264.315	270.063	266.445	260.803	261.246	267.322	272.996	274.211	272.338	272.208	274.132	272.469	264.383	253.259	244.024	238.082	233.585	230.84	232.229	237.673	247.264	263.362	284.306	301.396	304.861	291.789	269.198	249.347	239.969	237.189	229.773	214.26	201.288	202.763	220.443	245.008	261.05	263.339	265.94	283.443	311.399	332.555	334.335	317.841	294.884	276.705	264.132	249.584	227.703	200.707	174.305	153.492	138.729	122.426	96.216	62.4381	
89.6125	138.703	171.51	176.818	167.029	164.838	178.173	197.502	212.341	219.914	222.144	222.328	223.864	229.025	237.177	245.513	252.22	254.564	249.747	244.189	249.918	266.163	276.331	268.82	250.734	234.154	222.492	218.07	224.966	237.327	242.076	235.196	224.073	217.818	220.068	226.754	232.082	238.082	251.318	269.068	277.784	270.398	256.666	248.238	243.416	235.628	228.192	230.108	242.325	257.448	266.264	261.754	247.362	237.833	243.174	258.918	275.178	286.79	296.927	315.632	343.843	360.997	346.438	306.97	267.116	239.888	221.145	206.987	201.718	208.847	225.403	246.344	267.008	280.668	281.506	271.83	260.955	256.576	259.76	265.556	268.466	267.645	263.396	254.98	245.24	239.258	238.161	237.538	232.984	228.151	231.571	245.117	264.243	285.247	302.51	306.082	291.922	269.278	251.314	243.163	242.724	244.81	241.226	227.994	213.164	207.906	215.184	229.692	241.868	248.506	260.755	289.155	324.259	343.949	337.237	313.494	289.896	274.833	264.126	249.846	229.684	207.242	186.027	167.775	152.402	134.727	107.91	72.9472	
97.8317	150.771	186.14	192.465	182.95	179.645	188.235	199.813	209.536	219.509	229.821	237.823	242.634	246.142	250.57	256.815	264.836	270.433	267.441	260.496	262.615	274.587	281.186	272.386	255.146	238.886	225.844	221.137	230.861	246.491	252.372	246.688	239.266	236.274	236.614	236.84	236.089	239.479	253.865	275.493	287.843	280.969	265.564	256.382	252.589	246.288	239.785	241.759	252.564	264.15	268.941	264.022	253.629	246.865	249.094	258.186	268.235	274.274	277.691	287.715	308.098	324.446	318.177	290.587	260.499	240.409	227.504	217.812	215.343	223.816	239.889	258.456	276.827	290.229	290.861	276.301	254.895	240.208	240.524	252.09	263.123	264.836	256.257	242.896	233.799	234.429	240.952	243.283	236.094	227.93	233.209	254.538	281.959	305.594	316.785	306.149	276.324	247.342	236.174	239.948	247.83	255.454	258.943	252.417	238.617	227.151	222.841	224.334	228.24	234.379	250.311	281.601	316.241	331.328	318.497	292.845	273.568	264.236	256.176	243.522	228.624	215.681	203.901	189.696	171.566	148.478	118.337	82.0867	
100.179	151.998	187.299	198.057	197.093	200.003	206.668	210.499	214.63	225.918	241.619	253.095	256.613	255.661	256.115	260.944	269.021	275.513	275.966	274.125	277.534	284.05	282.956	269.754	251.132	233.911	220.696	218.308	232.657	253.625	264.544	263.816	261.036	259.902	257.143	251.493	246.194	246.876	257.993	275.386	285.459	280.339	268.754	262.539	260.596	256.37	252.316	255.651	265.323	273.269	274.593	270.417	264.497	260.028	259.092	262.278	266.24	265.072	258.455	255.372	263.749	278.01	283.508	274.285	259.246	247.803	239.667	234.095	236.743	250.081	267.234	281.04	290.858	296.23	291.72	273.691	248.186	228.484	225.327	237.944	253.643	258.756	250.675	238.929	235.59	244.282	256.871	260.152	249.178	236.009	238.839	260.913	288.735	308.405	310.965	290.567	255.071	227.9	224.513	237.405	253.344	269.326	282.121	282.333	268.49	250.285	235.119	223.831	216.814	217.39	231.386	260.163	290.59	301.268	286.055	262.402	249.121	245.633	240.554	230.485	221.816	219.187	217.799	208.633	188.246	159.445	125.331	87.7664	
100.844	149.708	183.649	199.543	209.615	221.491	228.776	227.313	226.554	236.117	251.097	259.641	257.538	250.114	245.397	247.091	253.027	260.116	268.897	280.916	291.85	293.199	281.891	262.692	242.483	225.449	214.636	216.304	234.071	257.962	272.581	275.066	272.61	268.69	262.695	256.305	252.142	251.789	257.107	266.649	273.297	272.326	268.223	267.133	267.001	263.248	259.245	261.891	270.15	276.234	276.587	274.531	272.816	270.464	267.98	268.108	268.74	262.63	248.015	233.968	231.964	243.903	259.513	267.799	268.006	263.814	255.735	248.192	251.692	268.55	287.689	298.561	300.737	297.302	287.166	268.727	246.13	228.102	222.829	232.004	246.347	252.209	246.331	238.931	241.53	255.671	271.647	275.897	263.981	248.533	247.966	265.191	285.499	294.684	287.423	264.052	234.343	216.103	218.677	235.789	258.982	284.778	304.805	306.343	288.346	263.217	240.534	221.102	206.294	202.019	213.28	237.766	262.131	268.613	253.502	233.579	225.248	225.701	223.308	216.603	214.382	221.461	229.56	224.945	202.888	169.329	131.015	90.9643	
98.4873	144.937	178.04	197.698	215.445	233.848	243.195	240.594	237.1	242.32	251.321	252.826	243.734	230.36	221.037	219.103	222.336	231.383	252.132	282.097	303.355	300.915	280.12	256.001	236.133	221.46	214.367	219.625	237.846	259.344	271.018	269.682	261.482	252.503	246.772	246.314	248.138	248.388	249.325	254.982	263.565	269.889	272.834	275.061	275.595	271.031	264.249	262.698	267.233	270.476	268.874	267.424	269.115	270.296	269.589	270.595	272.083	265.648	248.242	229.058	221.052	229.683	248.708	266.987	278.096	279.116	268.641	255.209	254.969	271.783	292.319	303.742	304.885	299.312	287.255	269.054	249.773	236.096	232.818	240.415	250.971	252.922	244.852	237.276	240.123	254	270.292	277.047	269.945	259.235	259.605	271.632	281.392	278.534	263.971	243.624	225.444	217.108	221.138	236.445	262.595	294.258	315.683	312.601	288.026	258.021	233.187	213.23	198.681	195.527	206.927	227.591	245.417	248.069	234.582	218.69	212.608	213.182	211.314	207.41	210.781	225.441	240.24	238.372	215.012	178.239	136.243	92.8145	
88.7054	132.31	164.678	186.208	207.506	229.547	242.168	242.035	237.975	238.383	240.506	235.871	222.563	207.198	197.661	195.61	198.04	208.942	238.4	280.881	309.495	305.232	278.833	252.823	236.227	226.946	225.255	234.114	251.055	265.671	267.67	256.357	239.572	226.788	224.936	233.291	241.997	243.594	243.102	250.236	265.663	279.823	285.454	285.612	284.418	279.681	270.883	264.058	262.338	260.146	254.47	251.592	255.227	260.399	264.14	270.054	277.025	275.021	259.536	239.851	228.657	231.503	245.452	263.32	277.918	281.961	271.414	255.684	252.938	267.706	286.56	297.981	302.467	301.905	292.277	272.817	252.403	241.669	244.819	257.415	266.908	262.201	246.629	233.918	232.968	242.705	256.167	265.084	265.849	264.18	268.213	275.327	274.751	263.195	247.219	233.757	225.732	222.627	223.868	233.676	257.451	288.635	307.403	299.747	271.816	241.555	220.139	206.791	199.748	201.841	214.151	231.504	244.638	245.374	233.92	220.133	212.194	208.376	204.167	201.741	208.739	227.035	244.157	243.025	219.547	182.212	138.597	92.7145	
75.7793	115.599	146.149	167.563	189.904	214.248	230.377	233.01	228.419	225.35	224.239	218.755	206.888	194.842	189.656	190.857	194.059	204.635	234.857	279.274	309.633	306.062	280.098	257	247.388	246.928	252.496	264.868	279.362	285.072	275.167	253.082	229.033	214.559	217.335	233.436	248.024	251.322	250.009	257.701	276.59	293.107	295.426	288.784	283.838	280.262	273.02	264.049	257.362	251.016	243.99	241.685	246.476	253.576	260.739	271.649	284.528	287.921	276.118	257.719	243.865	239.107	243.385	254.203	266.084	271.034	264.228	252.919	251.615	262.626	273.97	279.648	285.684	292.509	288.624	269.085	246.279	237.111	248.065	270.047	282.833	273.268	250.365	233.408	230.394	236.231	244.445	252.141	257.981	262.717	267.475	267.759	258.13	242.733	230.651	224.802	221.738	218.209	216.107	222.557	242.717	269.188	283.962	275.767	251.172	226.92	214.033	211.581	214.311	220.281	230.231	243.02	252.866	252.538	241.299	226.423	214.292	205.399	199.322	198.757	207.776	225.322	239.817	237.174	214.592	178.964	135.811	89.2902	
69.2174	106.012	134.251	154.323	176.331	201.722	219.601	222.516	216.28	212.381	213.699	213.407	207.807	201.636	200.229	202.507	205.187	213.777	239.532	278.542	306.715	306.097	286.615	272.104	272.779	281.951	292.814	304.505	312.806	308.978	290.011	261.925	235.277	221.806	228.962	250.901	270.06	274.104	268.794	269.94	282.568	293.302	289.265	276.684	269.028	267.146	263.671	256.826	250.019	245.157	243.498	246.719	253.138	259.196	265.432	275.819	288.634	293.718	285.387	269.495	253.823	242.544	238.596	242.272	249.213	253.25	251.263	247.275	248.681	254.097	254.531	251.092	255.6	267.676	269.976	253.703	232.045	224.83	240.914	270.205	287.806	278.033	253.139	236.434	234.989	239.455	242.568	245.918	251.151	255.744	256.038	248.328	233.131	219.022	213.824	214.636	212.861	206.942	204.73	213.697	232.903	252.742	261.161	253.084	235.214	220.868	218.726	226.719	236.592	242.868	247.092	252.801	257.616	254.447	241.318	224.479	210.395	201.183	197.752	200.989	210.62	223.491	231.407	225.775	204.974	172.274	130.33	84.0213	
71.9506	107.8	135.039	154.266	174.802	198.4	215.03	217.051	210.831	209.852	217.266	224.318	225.595	223.452	220.585	218.059	217.929	225.665	247.835	280.385	304.707	307.016	296.626	293.621	304.053	317.988	326.847	330.616	328.806	317.632	297.065	271.975	249.82	240.48	250.7	274.562	294.59	296.775	284.362	273.521	272.977	273.739	265.149	252.109	245.565	245.831	246.092	243.621	241.138	242.589	249.657	259.256	265.9	268.334	270.218	275.154	282.179	285.424	281.065	270.692	256.768	242.895	234.442	232.712	233.962	235.131	235.905	237.405	240.329	240.898	234.092	225.67	228.516	240.812	244.537	231.612	214.646	211.115	228.921	259.292	278.799	272.28	251.493	238.683	239.925	244.576	244.454	242.53	242.631	241.838	235.446	222.751	208.738	201.827	205.977	213.989	214.47	208.326	209.081	223.752	243.951	256.792	256.433	245.388	231.529	224.16	228.187	240.495	252.229	256.375	253.989	250.827	248.329	241.736	228.274	212.304	200.242	195.487	198.333	205.943	214.155	220.063	220.919	213.911	197.009	168.123	127.056	80.4134	
80.3524	116.999	145.263	165.047	182.799	200.676	213.278	216.121	214.463	219.001	231.01	241.849	246.543	244.669	236.012	225.744	223.229	233.579	256.381	284.671	304.006	306.197	302.106	307.532	321.946	332.204	331.335	323.565	313.739	302.583	290.269	277.034	264.805	260.237	269.341	288.247	303.431	302.393	285.275	264.957	252.103	244.063	234.306	225.351	223.32	227.081	231.204	233.945	238.011	246.521	258.579	267.95	269.352	265.733	263.662	265.064	267.785	269.557	269.762	267.333	259.731	248.471	238.754	231.773	225.827	222.31	223.251	226.837	229.307	227.279	219.864	213.059	214.936	221.561	219.635	206.973	196.165	199.035	217.909	243.927	259.926	256.481	243.351	236.733	240.609	245.601	243.302	235.972	229.075	221.864	211.324	199.741	193.569	197.799	212.279	228.299	233.565	229.591	232.802	250.694	271.187	279.502	273.289	259.25	245.122	236.808	237.249	244.801	252.339	252.058	243.131	231.9	224.049	218.406	210.377	199.651	191.285	190.624	197.935	207.092	211.813	211.565	208.84	203.906	192.113	166.36	125.299	78.064	
90.7423	128.528	158.53	179.747	194.456	204.693	211.842	216.996	222.422	231.31	242.173	250.341	254.123	250.538	236.631	221.043	218.76	234.573	261.658	288.151	301.589	299.703	296.018	302.794	313.975	315.062	303.05	287.544	277.338	274.403	275.929	276.273	272.53	269.433	273.37	283.301	291.282	289.075	274.098	252.333	233.02	219.547	210.426	206.523	209.71	217.38	225.324	233.623	245	258.811	269.589	270.959	262.124	251.503	248.473	252.603	257.186	259.441	261.893	265.013	264.872	260.019	251.942	240.176	226.534	218.291	219.176	223.403	223.673	219.227	213.776	210.906	211.157	209.232	199.144	185.604	181.153	191.624	211.663	230.366	238.469	235.441	229.974	231.164	239.602	246.296	242.351	229.633	216.089	204.342	193.376	186.588	189.442	203.157	224.882	246.31	255.595	253.344	255.847	272.051	291.749	301.647	299.354	288.683	273.317	257.531	246.445	242.223	239.954	232.047	217.591	203.661	197.903	200.221	202.716	199.525	193.941	193.405	199.246	204.631	204.097	200.193	197.8	196.027	186.676	161.032	119.645	73.645	
100.652	138.44	168.943	191.633	205.21	210.01	212.337	219.044	229.947	239.744	244.189	244.919	245.59	241.614	226.897	210.125	208.583	228.6	260.538	287.095	295.202	287.422	279.784	282.21	286.454	279.886	263.613	249.302	245.366	252.331	263.961	270.287	266.878	260.355	259.479	264.542	269.981	270.913	263.466	246.684	226.066	209.38	200.657	200.466	206.875	215.582	224.363	236.343	253.74	270.647	277.503	270.173	253.348	239.355	239.03	249.932	260.12	263.38	264.089	267.102	270.598	270.761	264.333	248.66	228.903	218.077	221.444	228.681	228.113	221.123	216.064	214.972	212.934	205.031	191.129	178.852	178.748	192.578	210.282	220.252	219.94	215.726	215.84	224.872	240.198	250.944	246.997	230.853	212.985	198.455	187.385	183.134	190.04	207.418	231.052	253.129	263.108	260.791	260.174	271.228	289.514	306.873	318.677	319.357	305.001	280.676	256.826	239.117	224.335	207.977	192.57	184.856	188.897	201.593	212.747	214.413	209.575	206.294	206.056	203.573	197.024	191.644	191.225	190.703	179.39	151.135	110.415	68.3008	
107.477	144.429	174.199	198.197	213.543	217.69	217.802	224.61	237.692	245.742	241.937	233.734	231.087	229.621	219.396	204.681	201.556	219.826	252.014	277.949	282.725	270.987	259.435	256.34	254.803	247.394	237.933	234.302	239.594	252.135	264.269	264.913	252.309	238.687	236.518	245.431	257.141	265.697	266.607	255.333	234.318	214.36	204.765	206.099	212.096	216.688	220.961	231.997	251.498	269.582	274.827	265.606	249.638	239.142	243.484	259.529	273.873	277.989	276.224	276.217	278.033	276.853	267.656	247.557	223.771	212.57	220.33	233.79	237.116	230.671	224.784	222.535	218.917	210.83	200	191.419	190.929	199.009	207.696	208.901	203.909	200.594	205.778	221.896	243.802	258.57	256.406	240.958	222.49	205.821	192.016	185.265	190.171	206.148	228.341	248.719	257.983	255.3	251.165	255.466	270.585	295.357	322.956	337.197	326.48	297.439	265.048	236.825	212.143	192.34	183.51	188.211	202.461	219.328	230.332	230.704	224.942	219.618	214.047	204.68	194.359	190.059	192.235	191.156	175.737	144.461	105.305	67.361	
108.905	146.04	175.61	200.638	219.109	226.445	227.259	232.792	244.102	248.33	237.223	221.521	216.445	219.785	218.357	209.159	203.303	212.978	236.733	257.846	261.53	250.587	238.422	231.782	228.042	226.663	232.152	245.09	261.226	276.158	281.639	268.54	241.505	219.625	218.431	236.429	260.254	278.094	283.501	272.643	248.847	225.662	215.326	216.79	219.614	217.155	214.155	220.824	238.882	257.552	265.798	262.905	255.559	251.69	257.314	271.445	284.83	289.612	288.238	286.871	284.963	278.25	263.532	239.464	213.893	203.396	214.331	233.196	242.714	239.802	232.826	227.586	223.631	220.104	217.213	214.035	209.738	205.097	200.134	194.247	189.852	191.8	204.232	227.368	253.077	268.17	266.861	254.69	238.663	220.927	203.557	192.374	192.864	205.209	224.722	243.698	253.598	251.767	244.533	241.484	250.972	277.574	313.296	335.963	329.98	301.631	266.167	232.315	204.291	188.825	191.132	206.265	223.161	234.432	237.044	232.011	225.659	221.903	216.455	205.998	196.681	196.25	201.719	200.11	181.464	148.2	109.899	73.36	
104.48	143.284	173.527	197.955	217.311	227.653	229.915	232.309	237.396	235.546	220.057	202.018	197.907	207.647	217.095	216.667	209.971	208.236	217.454	230.608	235.946	230.428	220.009	210.739	206.538	212.878	233.149	261.865	289.265	307.236	306.083	280.375	242.047	214.413	213.318	237.157	269.638	292.203	295.335	279.011	251.402	227.874	219.435	221.9	222.914	216.92	210.488	214.25	230.17	249.456	263.369	270.62	273.168	272.272	271.714	276.042	283.092	286.924	287.394	287.178	284.07	274.913	258.408	234.066	209.709	200.884	212.682	232.513	244.504	243.21	234.03	225.155	221.151	223.086	229.46	234.057	228.865	213.608	196.798	186.396	185.085	193.594	213.232	241.384	266.591	277.059	273.345	263.841	252.044	236.62	219.337	206.359	203.142	210.15	224.019	239.949	251.152	251.937	243.555	234.843	238.015	260.481	294.24	317.704	315.993	292.633	259.131	225.414	200.91	193.959	204.681	222.078	233.459	234.323	226.984	216.787	210.838	211.105	210.815	205.534	201.653	206.361	214.756	213.14	193.356	159.723	121.386	83.3861	
96.7988	137.209	167.467	188.361	203.816	213.033	214.742	212.74	209.934	202.255	187.057	173.676	175.127	191.491	210.004	218.067	212.682	202.223	199.148	207.522	218.953	221.84	212.644	198.305	190.651	199.318	225.987	262.702	297.387	318.497	315.282	286.258	247.43	220.688	218.266	239.207	269.312	288.055	284.251	261.721	233.128	213.141	208.919	214.246	218.077	216.486	214.702	220.35	234.803	252.76	269.754	284.309	292.705	290.148	280.278	273.336	272.33	272.321	272.082	273.283	273.064	267.408	253.94	232.419	211.57	205.677	217.531	234.832	244.093	240.758	229.326	218.256	213.849	218.691	232.086	246.139	247.203	230.888	209.13	195.847	194.74	204.514	225.125	252.344	273.238	277.936	271.687	265.201	259.933	251.174	238.283	226.016	219.142	218.11	221.747	230.456	241.25	246.134	240.754	231.111	229.823	244.736	269.556	288.078	289.215	273.426	247.326	220.678	204.757	205.566	218.407	231.47	235.196	228.111	214.547	200.462	192.379	192.888	196.821	199.296	203.569	213.488	223.104	220.651	200.88	168.838	131.647	92.3108	
90.4596	131.037	159.834	175.645	184.439	188.668	187.155	181.263	174.066	165.738	156.052	150.809	158.122	177.72	199.607	211.703	207.976	194.614	187.665	198.483	220.387	233.376	224.686	202.306	185.502	187.317	208.825	242.428	276.162	297.065	295.093	271.833	243.088	224.783	222.692	235.845	255.585	265.57	255.806	231.53	205.879	190.741	190.43	199.184	208.449	215.39	222.722	233.553	247.078	260.663	274.715	289.388	298.252	293.806	279.658	267.395	260.813	255.183	250.819	252.184	256.823	256.867	246.497	227.075	209.876	207.481	219.65	233.782	238.931	233.805	223.465	214.071	210.405	215.79	231.692	252.219	262.282	252.61	232.199	215.886	209.226	212.265	225.739	246.253	262.678	266.789	264.164	264.863	268.531	267.521	258.551	245.315	232.841	222.494	215.366	215.79	224.115	232.133	231.889	225.234	221.947	229.002	243.164	254.909	257.528	250.189	235.96	222.012	217.136	223.987	236.523	245.464	244.492	233.75	217.61	199.772	184.651	177.669	179.586	187.249	199.206	213.406	222.222	217.031	196.913	168.01	134.644	96.6908	
87.9709	126.67	152.962	165.393	170.197	170.375	165.211	156.873	150.41	147.755	146.64	147.678	156.099	173.47	193.506	206.367	205.636	195.542	191.617	207.704	238.714	260.363	253.149	223.898	195.756	184.421	192.073	213.387	238.589	255.427	255.136	240.692	225.313	218.42	220.142	228.695	239.776	242.868	231.203	209.792	189.037	177.794	179.973	191.226	203.738	215.106	227.92	242.975	256.452	265.395	272.817	281.477	286.468	281.269	268.413	256.592	247.976	238.441	230.535	231.717	240.007	243.834	234.609	215.92	201.354	201.578	213.733	225.376	228.375	224.74	219.441	215.502	215.562	221.98	236.158	255.463	268.902	265.787	248.919	229.328	214.366	207.595	211.301	223.926	238.228	247.79	255.499	267.228	279.418	282.624	273.262	255.864	237.012	220.171	207.762	203.719	208.546	216.069	218.948	215.736	211.845	213.255	220.248	228.183	232.738	232.884	230.106	228.553	233.626	246.368	261.573	270.884	267.802	253.903	235.595	214.698	192.346	175.79	171.459	178.571	192.457	206.674	212.277	203.141	182.308	157.198	129.329	95.1677	
88.2311	122.46	145.338	157.751	164.849	166.62	160.634	150.744	145.769	149.203	155.421	159.862	166.318	179.62	198.101	214.802	222.471	220.655	220.295	235.429	265.096	287.7	282.115	251.766	217.664	194.994	187.177	192.502	205.562	216.624	217.87	211.514	206.615	207.994	214.317	223.838	232.961	234.193	224.108	207.447	191.265	182.359	185.82	198.156	209.819	218.157	228.761	244.098	258.262	265.203	266.914	267.825	266.456	259.05	247.321	237.019	229.461	221.463	215.305	217.522	226.404	231.092	223.255	206.394	193.382	193.861	204.861	215.303	219.092	219.075	218.925	220.14	224.83	233.476	244.587	257.082	266.571	265.435	251.263	229.556	208.936	196.356	194.329	201.538	214.224	228.942	246.696	267.798	284.217	286.282	272.987	251.104	228.792	211.19	200.136	195.816	197.223	202.118	206.749	207.182	203.812	202.104	206.609	215.938	224.977	230.596	233.369	237.049	246.782	264.157	284.225	296.282	291.088	272.156	250.495	228.829	205.692	186.748	178.6	180.481	187.7	194.906	194.705	182.215	161.71	140.561	117.929	88.0273	
91.3346	118.931	136.843	150.436	163.549	171.597	168.369	157.256	150.077	153.94	163.905	172.264	179.503	191.716	212.532	238.744	260.498	269.206	268.692	272.707	286.894	298.654	291.722	266.493	236.666	212.085	195.272	187.724	189.273	194.352	196.8	196.638	197.524	201.713	210.258	222.828	234.386	237.891	232.098	220.765	207.543	198.549	201.46	213.654	222.73	224.605	228.169	239.685	253.235	259.518	257.533	251.941	244.153	232.973	220.625	212.572	210.72	211.581	213.385	217.892	224.165	227.043	221.415	207.737	194.707	192.253	200.785	211.877	219.065	222.435	223.928	225.637	230.929	240.467	250.69	258.712	263.11	260.448	246.81	224.396	202.955	191.158	189.463	194.089	202.912	216.821	237.946	262.203	277.058	273.68	255.181	230.971	209.704	196.114	189.816	187.527	187.745	192.024	199.824	205.222	203.706	199.863	203.168	216.249	231.798	241.613	244.31	245.545	253.221	270.573	292.143	304.551	296.496	272.817	248.373	229.023	212.788	200.624	193.38	188.196	183.639	180.031	173.677	159.71	140.885	123.291	104.602	78.1912	
98.0293	119.394	131.694	144.707	161.224	173.779	173.938	162.978	152.348	152.867	164.467	178.562	189.771	202.718	226.483	262.131	296.739	313.604	309.621	297.392	288.655	282.115	270.638	253.771	236.41	220.35	205.167	193.658	189.129	189.961	192.46	194.958	196.999	200.296	209.026	223.873	238.171	245.229	245.262	239.693	228.016	216.469	216.572	227.51	234.851	232.557	230.448	236.95	247.087	250.435	244.187	233.139	220.567	206.696	195.056	193.1	203.553	219.886	233.318	239.917	240.505	237.708	231.669	220.107	206.249	199.551	204.634	216.413	226.868	232.131	232.983	232.149	233.739	241.31	252.97	262.19	264.402	258.086	241.969	219.458	201.286	195.132	197.453	200.657	203.297	211.112	229.052	250.5	260.083	250.446	228.217	204.517	187.204	178.871	177.041	177.728	180.08	186.557	197.399	206.362	206.241	200.018	200.788	215.76	236.711	250.692	253.592	251.782	254.957	267.597	284.557	292.637	281.253	255.608	231.636	218.218	213.496	211.639	205.83	193.021	178.117	167.255	158.256	144.338	126.11	109.474	92.5894	68.8071	
102.607	121.267	131.344	143.827	159.655	171.174	172.061	163.165	152.753	151.653	163.818	181.016	193.19	203.836	226.421	264.766	304.233	324.425	317.707	293.526	266.335	243.924	227.969	218.793	214.77	211.308	205.46	199.628	197.205	197.706	199.096	199.897	199.504	201.379	211.291	228.622	244.567	253.195	256.725	255.082	244.179	230.016	226.846	235.502	241.681	239.27	237.158	241.891	247.641	244.872	232.241	216.157	200.932	186.596	177.702	184.654	210.486	243.391	266.966	273.265	265.397	252.543	241.16	230.138	218.366	210.956	212.85	222.04	231.522	236.779	238.697	238.579	238.074	242.691	254.422	265.012	264.99	252.647	231.745	210.106	198.002	198.774	204.374	205.266	201.83	203.408	215.857	231.2	235.056	223.015	202.681	183.793	171.931	167.423	167.405	169.855	174.946	183.228	193.538	201.1	199.683	191.369	189.696	203.754	226.12	243.305	249.831	249.924	251.372	258.365	267.343	268.387	254.2	230.199	211.042	206.357	213.201	219.087	211.97	192.386	172.875	162.416	155.917	142.456	121.204	100.551	82.2222	60.4082	
97.5539	117.405	131.036	147.031	163.374	172.764	172.488	165.415	157.395	156.098	165.485	178.351	184.762	189.277	206.671	240.704	277.802	299.515	295.693	270.089	235.999	206.137	187.876	183.067	187.565	194.074	198.376	201.458	204.725	206.638	205.53	201.682	197.869	200.548	215.03	237.023	254.498	261.579	262.751	259.428	247.486	232.508	228.04	234.56	239.698	239.788	242.458	249.768	253.044	244.28	226.11	207.868	193.5	180.445	173.084	184.932	219.706	261.053	287.429	289.942	274.068	252.077	234.69	224.76	219.264	216.129	216.098	219.293	223.331	227.429	233.623	240.26	243.812	247.692	256.151	262.855	257.388	238.27	213.725	195.074	189.429	193.9	198.075	194.857	188.087	187.375	195.273	203.101	202.077	192.984	181.851	173.124	168.386	166.452	165.657	167.078	172.263	179.619	186.127	188.854	184.51	175.352	172.581	183.648	202.741	219.737	230.015	234.736	237.542	240.929	243.339	239.357	225.543	207.028	195.231	197.794	210.634	218.953	210.101	188.314	170.408	165.218	163.553	150.371	123.897	96.0538	73.98	53.6237	
84.7478	106.724	125.778	147.883	169.267	181.7	182.461	175.621	167.41	163.229	164.929	167.25	164.585	162.859	174.199	200.994	233.673	258.381	262.589	243.483	211.76	182.095	164.552	162.675	172.594	185.944	196.446	202.967	206.26	205.385	199.449	190.879	185.983	192.448	212.872	239.231	257.753	262.336	257.688	247.449	231.311	215.948	212.068	218.222	224.031	227.775	235.33	245.687	249.055	238.99	221.408	207.624	199.132	188.432	178.294	185.297	216.012	253.644	275.377	273.325	254.867	231.724	213.681	205.678	205.253	205.864	204.261	201.628	200.327	204.158	216.341	232.999	246.103	253.781	258.39	257.059	244.081	220.813	197.251	183.744	181.962	184.216	181.725	173.301	166.113	166.74	171.899	172.774	168.024	164.405	165.628	169.402	172.79	173.799	172.163	171.266	173.931	177.987	180.24	179.259	173.112	163.186	157.945	163.6	176.826	191.113	202.795	210.63	214.694	216.122	215.564	211.484	202.69	192.438	187.382	191.722	202.094	207.954	200.356	183.238	170.561	169.093	169.138	155.436	125.833	93.4513	68.8166	49.6404	
71.5718	93.6167	114.433	139.927	167.585	187.736	193.46	186.793	175.479	165.451	157.459	148.857	139.069	133.782	140.59	161.297	190.931	218.568	229.126	215.937	189.109	164.442	152.326	156.5	173.232	192.446	204.22	205.393	199.27	189.354	177.35	167.1	165.201	176.268	198.457	223.066	239.633	243.28	235.559	219.145	197.95	181.414	178.31	185.658	193.957	200.708	209.476	219.942	225.307	220.496	211.187	207.427	207.04	197.907	181.063	175.537	192.727	219.999	236.064	233.038	218.185	200.966	186.913	179.693	178.831	178.759	175.664	170.725	168.055	173.569	190.99	216.437	240.724	256.425	259.975	250.341	229.986	206.075	187.787	180.003	178.801	175.331	164.938	151.857	145.063	147.964	152.792	150.409	144.026	144.456	154.495	167.534	177.652	182.587	182.445	180.641	180.044	179.597	178.564	176.744	170.414	158.035	146.959	145.608	154.168	167.49	180.512	189.104	191.313	189.55	187.85	187.004	185.533	183.562	183.114	185.251	188.54	189.822	185.745	176.907	169.195	166.153	161.969	146.544	118.432	87.8677	64.0739	45.985	
59.3079	78.7283	97.0602	121.467	152.048	178.548	189.639	183.798	169.288	153.885	139.055	124.283	111.78	105.876	110.757	128.463	156.339	183.57	194.044	181.715	158.662	141.644	139.421	152.944	176.709	199.282	208.496	200.362	181.757	161.901	145.969	137.911	141.068	154.107	171.277	186.999	198.066	202.003	195.774	178.593	156.217	139.932	137.514	145.544	155.067	162.157	168.876	177.469	185.635	189.314	191.107	196.82	201.126	190.853	167.059	149.455	152.972	170.682	184.265	184.192	174.916	163.716	153.342	145.886	142.887	141.903	139.921	137.013	136.504	143.957	162.869	191.248	222.428	245.916	251.076	235.885	210.117	187.3	174.873	171.374	169.687	162.792	148.936	133.793	126.746	131.04	138.088	137.385	131.227	131.357	142.352	157.826	171.164	180.034	183.807	183.576	180.716	176.346	173.605	172.888	167.312	152.308	135.438	128.608	135.25	150.179	165.388	172.891	169.844	162.607	159.52	161.863	165.874	168.847	170.404	170.258	168.247	166.043	164.546	161.989	156.929	149.449	138.66	122.056	99.5926	75.9096	55.6043	38.7807	
44.3659	59.3962	73.8091	94.6278	123.08	149.599	161.84	156.411	140.732	123.376	107.119	92.4613	81.664	77.5189	82.6277	98.9034	123.64	145.952	151.84	138.404	119.083	110.095	117.589	138.214	164.011	184.77	190.26	176.907	152.381	128.536	112.791	108.281	114.428	125.388	134.248	139.7	144.573	147.993	144.162	130.36	112.243	99.8559	98.8405	105.748	113.325	118.329	122.606	129.382	138.737	147.814	156.75	166.794	170.892	158.403	132.052	109.633	105.504	116.687	128.921	132.015	126.822	118.622	110.089	103.611	102	104.321	107.012	108.279	110.202	117.321	132.414	155.617	184.62	209.799	216.683	200.904	174.595	154.036	145.321	143.876	142.879	137.867	126.987	113.473	106.049	110.248	119.832	122.954	117.503	113.447	118.562	130.091	142.457	153.372	161.231	163.963	160.823	155.088	152.829	154.15	150.413	136.07	118.367	109.915	115.513	130.494	145.555	150.386	142.197	130.71	126.719	130.471	135.767	138.659	139.134	137.695	134.404	131.181	130.128	129.779	126	116.464	102.906	88.3014	73.681	58.5788	43.1017	28.4949	
27.3792	37.4193	47.9222	63.8205	85.6453	105.795	114.642	109.412	95.7133	80.7155	67.6498	57.3015	50.7491	49.3403	54.7698	68.1578	86.453	100.878	102.152	90.1151	76.2064	73.2859	85.0094	105.619	126.676	141.54	144.598	133.09	112.105	91.7849	79.4646	77.3073	82.8248	89.5461	91.9889	91.3031	92.0848	93.7534	90.774	81.2274	69.9116	63.4057	64.1206	68.7712	72.9118	75.5359	78.4529	83.5492	90.9221	99.4121	108.979	118.315	120.403	108.33	85.9774	66.7962	61.118	67.6016	76.8109	80.6696	78.0009	71.9189	65.3324	61.4931	63.5246	70.3715	77.339	81.236	83.4862	87.8783	96.2844	109.717	129.17	148.658	155.395	143.918	123.38	107.315	100.69	99.7886	100.329	99.6464	94.5893	85.222	78.4771	81.3391	90.8675	96.1487	91.6874	84.1279	82.4972	87.6708	96.0419	105.826	115.071	119.729	117.676	113.093	112.498	115.39	114.055	104.108	91.055	84.4627	88.316	99.4506	110.382	112.133	102.798	91.8539	88.6965	92.2162	95.6829	95.661	93.5414	91.2893	88.9283	86.489	85.0962	84.6489	82.1084	74.6248	63.9031	54.2757	46.992	39.2941	29.1551	18.2632	
