
TracePro Release: 7 0 3 
Irradiance Map Data for D:\SUSTech\Linear Units in millimeters
Data for Observation screen 3.5 Screen
Data generated at 20:26:57 October 24, 2025

Raytrace Time: mins: 0, secs: 6

Projected Plane Extent from surface geometry 
      TopLeft:(20,3,-20) 
      TopRight:(-20,3,-20)
      BottomLeft:(20,3,20) 
      BottomRight:(-20,3,20)
Corners of Data Set (plotted) 
      TopLeft:(20,3,-20) 
      TopRight:(-20,3,-20)
      BottomLeft:(20,3,20) 
      BottomRight:(-20,3,20)
Total Incident Rays: 63337
Min: 32.081 Max: 431.024 Ave: 264.302
Total Flux: 0.422884 W, Emitted Flux: 0.6
Normalization: 0
Data Smoothing is On
Grid Size is 128 x 128
Map Count 50
Data Cells are 0.3125 x 0.3125 millimeters

41.9951	65.0842	82.4637	89.1687	89.5725	93.9453	107.626	124.233	132.384	129.362	123.58	122.383	122.975	119.306	112.426	107.058	103.619	101.636	104.824	114.019	120.956	117.762	107.268	97.7147	93.1897	94.0589	100.318	108.816	112.422	108.201	103.716	108.982	123.186	136.594	143.72	145.51	142.928	137.415	131.988	127.07	120.751	113.277	107.406	105.654	107.808	110.522	109.287	102.135	94.7222	98.3634	117.942	144.101	159.52	154.541	138.256	129.376	134.194	141.798	142.394	139.729	142.109	148.847	151.533	145.788	135.052	125.313	120.829	120.985	120.273	114.846	107.537	102.779	99.6936	96.4413	97.1743	107.009	123.352	136.657	139.514	134.69	131.235	133.437	139.146	145.515	151.471	156.309	156.595	148.36	133.976	121.135	115.52	116.841	119.811	118.951	113.358	106.349	101.635	100.968	104.598	113.892	130.803	150.67	162.513	162.359	155.25	143.714	127.671	111.222	99.3804	92.9654	92.0495	96.9101	102.779	103.996	102.414	103.158	106.603	109.197	106.723	96.759	82.6578	71.4913	66.7729	66.8156	67.5575	64.4814	54.4321	38.2429	
57.5917	84.8695	103.61	109.427	109.777	118.516	141.139	167.413	181.542	178.275	166.185	156.487	152.164	149.778	147.778	146.472	144.254	141.992	145.528	155.79	163.319	160.36	151.266	144.999	144.455	148.75	158.466	170.763	175.82	167.978	157.462	160.615	178.508	196.614	204.662	203.367	195.831	186.186	180.857	182.074	185.054	183.608	176.245	167.315	161.613	159.34	156.243	147.778	138.275	142.242	168.13	205.132	230.298	228.356	207.032	190.205	191.538	201.751	206.499	205.899	208.596	214.617	214.874	205.215	191.142	180.69	178.268	181.4	182.459	177.161	170.226	167.198	163.786	155.324	150.313	159.358	177.985	191.357	191.93	186.636	186.796	195.502	207.024	213.829	213.508	210.082	205.331	194.817	177.277	159.571	150.474	152.91	160.882	164.604	159.653	149.795	141.746	139.267	142.619	153.016	172.798	196.629	211.479	211.981	203.259	188.67	169.81	152.534	141.774	136.656	136.149	140.314	143.668	140.461	135.066	135.235	140.169	143.32	140.043	129.815	117.48	109.959	109.387	112.02	111.538	102.387	82.6536	55.969	
69.9091	95.4839	110.555	114.077	115.505	129.046	159.073	193.449	214.29	213.163	195.828	176.078	164.789	163.63	168.351	173.446	174.849	174.698	179.838	189.963	194.897	189.079	180.002	177.476	182.144	190.518	203.371	219.239	227.112	218.428	203.437	202.454	219.56	238.642	246.122	241.742	229.896	217.298	213.924	224.275	240.945	249.504	240.921	220.216	199.54	186.255	179.279	172.486	166.288	173.428	203.517	246.813	279.5	283.393	262.471	240.15	235.414	244.892	254.33	259.489	264.836	268.031	260.726	243.4	226.609	219.477	223.426	232.314	236.909	233.231	227.293	225	219.15	203.223	190.407	196.896	216.674	230.068	229.571	225.346	229.445	243.319	258.166	262.487	253.517	240.787	231.7	221.3	203.187	181.195	166.873	168.354	181.254	192.492	192.936	183.871	172.96	166.359	166.139	174.892	195.577	222.151	240.047	241.394	229.404	209.767	189.171	175.202	169.917	169	169.572	171.249	169.793	162.039	154.596	155.479	161.633	164.212	159.742	151.504	146.206	148.323	155.355	159.774	154.2	135.306	104.897	69.2477	
81.853	102.305	111.187	112.627	115.929	131.672	162.507	198.222	222.857	225.803	208.631	185.01	170.605	170.805	180.071	189.713	194.602	197.713	205.917	216.776	218.408	207.231	195.078	193.921	202.29	213.3	226.921	243.239	252.617	245.975	231.277	227.362	239.669	254.803	260.683	256.597	245.418	233.181	231.34	246.933	272.902	289.974	281.986	251.883	216.395	189.691	176.281	171.923	173.34	186.99	219.425	262.809	297.402	307.391	293.841	273.456	263.539	268.073	279.992	292.908	302.724	301.262	282.796	256.56	239.561	239.819	252.983	268.387	276.084	273.187	266.014	260.055	248.32	225.887	208.218	212.586	231.917	245.387	246.291	245.248	252.913	269.691	285.62	287.047	271.356	251.97	240.465	232.277	216.801	193.378	174.142	171.811	185.25	201.402	208.698	204.713	194.873	185.693	181.257	187.164	208.138	237.303	257.875	258.457	240.226	213.464	192.109	184.743	188.21	193.02	193.724	190.019	181.466	170.214	164.466	169.242	177.84	180.319	175.311	169.938	172.59	184.387	196.707	198.225	183.315	154.42	117.699	78.9243	
94.9989	111.019	114.38	114.406	119.231	133.791	158.546	187.73	210.959	218.271	208.018	190.894	181.121	183.555	192.856	201.523	205.899	209.827	220.165	232.852	233.726	219.523	205.363	205.311	216.262	228.448	240.402	252.817	259.327	254.205	243.522	240.154	247.113	255.248	258.312	257.116	251.162	242.007	239.398	252.303	277.084	295.83	290.18	259.691	219.39	184.793	165.168	161.366	169.685	190.17	223.668	262.519	292.61	305.086	301.667	289.721	278.169	276.08	287.381	306.257	318.974	311.292	282.302	250.77	238.057	248.702	271.895	293.116	302.665	299.155	288.017	273.413	252.213	225.358	207.454	210.368	225.84	237.012	240.357	245.007	258.189	279.399	298.921	301.566	283.27	258.658	242.826	234.432	222.303	201.742	182.015	176.131	185.062	198.84	208.247	210.362	207.65	202.784	197.864	200.644	219.385	248.5	270.129	269.981	247.79	217.621	198.336	198.257	209.519	218.036	216.224	204.575	187.346	173.082	171.629	183.143	195.899	199.591	195.329	192.409	199.224	214.006	224.373	218.277	194.374	161.259	126.753	91.5149	
105.173	120.775	122.151	121.587	127.019	139.211	156.029	175.246	193.157	203.605	203.736	199.34	198.589	202.908	208.319	211.346	211.312	212.914	222.94	236.982	240.308	229.159	218.378	221.436	234.277	246.7	256.673	264.147	265.366	259.735	253.438	253.105	257.22	258.957	257.566	256.814	254.822	248.871	244.644	250.182	265.172	277.674	273.252	249.594	215.97	183.708	163.166	159.839	172.17	196.962	229.985	261.69	281.885	289.489	290.029	284.824	274.377	268.867	279.506	301.375	314.419	301.523	266.851	235.425	229.699	250.516	282.26	308.082	319.209	315.549	300.741	276.855	245.579	215.36	199.01	200.326	209.652	216.335	221.402	232.538	253.235	281.648	308.495	317.128	300.234	270.971	247.05	232.63	220.501	205.02	190.571	185.114	188.27	193.684	198.215	203.488	211.106	216.752	215.378	213.989	225.454	249.337	270.652	274.616	258.561	234.712	221.033	225.435	239.315	247.382	241.325	221.9	196.246	178.509	181.208	200.337	218.435	224.153	220.646	217.699	222.015	230.722	232.742	219.217	192.628	163.88	138.277	109.178	
108.509	129.125	133.805	133.919	138.772	148.543	159.003	169.131	180.715	192.634	201.798	208.802	215.871	221.624	223.506	221.344	216.906	215.647	223.972	238.11	245.593	242.376	238.627	244.072	255.86	267.06	276.115	280.919	278.617	272.735	269.771	271.909	274.857	272.629	266.095	260.946	257.759	253.748	250.263	250.361	253.822	255.52	248.367	230.799	207.328	184.381	170.234	171.348	187.537	214.315	244.059	265.762	272.565	269.143	264.414	258.917	250.663	248.357	262.262	285.811	297.828	282.872	248.271	219.907	218.925	244.523	279.408	306.488	318.623	316.7	302.537	275.78	240.086	208.404	193.004	193.126	198.581	202.671	208.921	224.192	249.892	282.969	314.71	328.785	315.537	284.594	253.211	230.234	215.007	204.33	198.159	196.882	196.178	192.092	187.87	191.488	205.895	221.035	224.085	218.845	221.074	236.755	257.219	270.384	270.279	261.022	254.444	259.574	272.081	278.482	269.559	244.459	211.381	189.321	194.361	220.226	244.087	251.78	247.189	240.434	236.747	234.019	225.979	208.632	185.858	166.267	149.894	124.54	
106.838	135.942	147.96	150.327	154.007	161.021	166.301	169.214	175.368	187.272	201.123	214.067	226.217	235.719	239.565	237.236	231.405	228.876	236.098	250.311	262.422	267.71	268.813	270.996	276.367	284.139	292.242	295.423	291.876	287.901	287.793	289.67	290.156	285.825	276.309	266.032	258.819	255.549	255.52	255.048	250.12	240.144	225.9	208.922	192.195	179.365	175.576	185.31	207.707	236.07	259.521	268.038	260.663	246.319	234.313	226.597	223.797	232.196	253.982	277.278	284.117	266.293	233.861	209.057	209.044	232.27	262.557	285.386	296.579	297.908	289.829	269.671	238.863	209.391	194.331	194.619	201.528	208.225	216.421	231.818	255.763	285.144	312.91	326.497	317.196	289.843	256.701	228.211	210.313	203.748	205.361	208.773	205.912	194.479	182.138	180.981	195.623	214.441	220.988	215.333	212.021	220.329	238.232	259.24	275.744	281.843	281.106	285.047	296.618	304.595	296.322	267.795	229.193	204.087	210.179	239.42	266.106	273.776	266.452	255.289	244.672	232.607	216.601	196.91	178.318	165.952	154.319	128.892	
102.415	138.614	158.27	164.716	169.028	174.488	176.109	174.139	176.485	187.008	200.913	214.276	228.566	243.463	254.217	256.979	253.808	253.101	261.827	277.89	294.632	306.166	307.81	301.394	295.795	296.769	300.619	299.703	295.046	294.704	297.962	298.047	294.539	289.095	280.381	269.039	259.223	255.667	258.761	259.878	249.566	229.271	207.022	188.409	175.985	171.334	176.897	195.466	225.087	255.255	271.015	265.09	244.664	222.895	208.11	203.384	212.477	237.892	269.862	288.638	282.277	255.363	223.17	202.82	204.415	223.416	245.302	260.485	269.072	273.523	273.234	263.894	242.804	217.505	201.911	202.468	213.999	227.255	238.422	250.516	266.084	283.87	300.007	308.271	303.511	285.158	257.102	228.42	210.187	206.812	213.221	218.671	213.5	197.495	180.835	176.542	189.395	208.494	217.811	215.026	210.721	213.501	225.886	247.552	271.939	286.466	288.134	290.517	303.174	316.113	311.525	282.752	244.01	221.393	228.621	254.661	276.287	280.01	271.063	260.736	251.08	237.077	216.209	191.91	172.036	160.644	148.526	121.103	
94.8665	133.459	158.162	170.055	178.321	185.409	186.561	183.079	183.881	193.038	205.011	215.131	226.4	241.667	256.652	265.017	267.627	273.219	287.728	307.891	328.167	343.029	343.957	329.893	313.246	304.115	298.981	291.161	285.204	289.26	297.126	297.122	290.391	283.511	276.47	267.15	257.776	254.485	259.162	260.79	246.535	219.806	194.27	177.841	171.137	172.901	183.889	207.367	241.489	271.99	280.251	261.75	230.379	203.201	189.135	192.418	217.529	261.298	302.075	313.269	290.06	250.79	217.215	202.679	209.691	228.488	244.994	254.544	261.1	267.116	271.122	268.352	253.412	229.859	211.477	209.599	223.487	242.3	255.842	263.05	268.209	273.769	279.48	284.553	286.864	280.662	261.959	237.751	221.717	220.037	226.758	229.84	220.722	201.998	185.2	182.101	195.529	214.823	226.139	226.945	224.189	224.062	230.525	246.24	266.323	277.76	276.374	276.491	290.278	307.759	307.693	283.294	252.692	239.84	248.991	265.495	273.997	270.213	262.051	258.637	257.526	248.502	226.242	196.213	170.548	154.605	138.284	108.444	
86.9759	124.644	151.647	168.744	182.551	193.159	195.761	192.958	194.786	205.528	217.813	223.677	226.051	232.598	243.095	251.693	259.236	273.654	297.002	321.954	342.929	357.285	357.515	340.432	316.961	298.476	284.582	272.246	267.482	276.399	289.319	291.3	282.344	271.702	262.946	254.778	248.323	248.525	255.812	257.782	242.14	215.159	192.851	182.61	182.578	188.86	201.126	224.121	257.297	284.913	287.316	261.916	224.779	194.286	181.537	192.863	231.287	287.003	330.728	334.728	300.881	254.966	221.215	211.205	223.639	245.331	261.986	271.184	277.985	284.07	287.603	284.402	269.033	243.633	220.632	212.795	223.171	242.253	256.207	259.948	258.785	259.137	263.555	273.19	285.464	290.001	279.323	261.12	249.503	249.069	252.917	250.291	235.745	214.908	200.055	200.359	214.739	232.242	242.95	246.287	246.573	247.214	251.101	259.436	267.356	266.311	256.822	253.409	266.4	284.797	287.617	270.766	253.876	254.669	267.19	274.226	268.692	256.338	248.274	251.078	258.702	257.261	238.364	207.267	177.607	155.588	132.851	99.5903	
84.4339	121.09	149.409	170.861	189.375	201.773	203.651	200.887	205.945	222.381	238.301	240.331	231.475	225.355	226.253	229.353	236.929	256.987	287.043	314.544	332.953	342.767	340.001	321.47	295.521	273.498	258.548	249.921	251.423	265.708	282.254	285.373	272.975	255.388	240.864	231.712	229.531	236.542	249.245	254.575	242.819	221.154	203.814	197.297	200.342	208.585	220.257	239.822	267.76	290.206	290.3	266.652	232.547	203.381	191.721	206.957	250.446	306.563	344.608	343.235	309.646	267.131	235.025	224.184	235.593	258.01	277.634	290.625	299.86	306.032	307.273	299.98	280.798	253.232	227.404	213.528	216.674	231.62	245.337	249.828	249.022	251.54	262.436	282.369	304.316	313.408	303.984	289.113	283.016	285.552	287.405	279.961	261.318	239.545	227.34	230.462	242.459	252.517	257.222	259.821	262.054	264.378	268.576	273.041	271.017	258.28	241.248	234.415	244.582	259.959	262.655	252.306	247.749	260.484	278.635	283.586	271.274	252.613	241.52	244.21	254.648	259.064	247.083	220.734	190.736	162.876	132.648	95.1619	
87.7985	124.845	156.056	183.104	205.454	215.887	212.757	208.605	218.278	241.33	259.637	256.574	237.998	223.057	217.543	215.127	219.051	238.878	270.012	296.566	310.965	315.016	307.363	286.422	260.259	240.916	233.171	234.964	245.569	264.587	282.644	285.198	268.355	242.484	220.269	208.651	210.263	224.219	243.736	256.711	254.678	240.766	224.498	213.964	213.262	220.707	232.954	251.101	274.233	291.745	292.308	275.981	251.236	227.749	217.237	231.441	270.909	316.914	342.827	338.152	313.092	281.163	251.499	234.425	237.675	256.458	278.078	294.97	306.664	313.34	312.552	300.471	277.402	250.629	227.834	213.799	212.849	224.185	238.365	246.282	248.868	254.996	272.551	301.222	327.801	334.109	319.77	304.952	303.596	310.063	312.597	304.886	287.316	268.221	259.536	263.623	269.37	267.103	260.666	257.626	257.577	258.82	264.001	270.912	270.15	257.142	239.647	231.221	236.833	246.129	245.631	237.748	239.341	258.664	283.134	293.074	282.221	262.091	248.458	248.03	256.382	262.345	255.149	232.424	200.649	166.273	129.733	90	
91.486	130.329	167.779	203.81	230.558	236.518	225.782	219.865	233.97	260.065	274.793	263.528	237.699	219.775	214.189	211.38	213.567	231.174	259.621	282.516	292.84	293.699	284.716	264.201	239.859	224.658	224.15	234.394	250.936	271.619	289.384	292.024	273.768	242.736	213.884	198.652	201.388	219.196	244.15	266.125	275.677	268.948	250.328	230.673	220.989	224.933	239.701	261.579	284.331	298.044	297.251	285.485	268.76	251.931	243.797	255.394	286.137	317.288	329.426	322.854	308.864	290.276	265.577	243.658	238.779	252.73	273.38	289.572	299.144	303.246	299.152	282.984	258.885	237.72	225.037	219.929	222.954	233.871	246.428	253.606	255.831	262.075	281.976	313.508	338.622	339.228	320.546	305.905	306.907	314.752	318.31	314.288	303.324	290.435	284.315	285.415	282.281	267.895	250.254	239.217	234.401	234.297	243.16	259.605	271.754	270.389	259.489	250.865	250.095	250.339	243.105	233.166	235.437	256.498	284.692	299.519	292.419	275.369	264.594	264.514	269.773	271.979	262.659	237.595	201.064	161.481	122.717	84.2652	
90.6085	131.824	177.466	224.453	256.63	258.484	240.425	232.55	249.064	273.923	281.131	261.593	232.061	215.156	213.287	215.006	220.303	237.683	261.875	277.787	282.545	283.91	281.734	269.362	249.447	234.267	232.399	242.555	259.316	278.513	295.052	300.046	285.927	255.896	223.954	205.174	206.712	225.137	251.838	277.859	293.432	291.104	271.906	246.088	227.391	225.606	242.359	270.613	296.557	307.765	303.303	291.354	278.306	266.854	262.776	273.665	296.215	312.866	311.724	301.826	296.036	291.029	277.234	259.318	253.244	264.314	280.746	289.824	290.042	285.428	275.682	258.713	239.907	229.348	230.586	240.079	253.361	265.203	270.2	267.491	262.363	264.913	283.754	313.832	335.386	333.409	315.724	303.168	304.323	311.028	315.271	316.406	313.588	305.903	297.338	289.582	276.524	254.654	230.893	214.234	207.288	211.141	229.287	258.964	286.452	298.542	295.325	287.076	279.852	269.397	252.182	237.271	239.379	262.194	291.846	306.573	299.003	284.546	279.4	282.788	285.101	279.643	263.057	233.717	195.571	156.645	120.052	83.6709	
86.0321	128.76	180.529	236.065	273.218	272.93	249.204	237.983	253.652	276.047	278.937	257.675	230.617	217.532	219.563	226.421	236.824	255.305	274.014	279.85	277.059	280.9	291.226	292.689	278.204	257.399	245.043	248.013	262.255	280.149	296.933	306.809	300.29	274.425	241.131	219.694	221.263	241.316	267.352	289.16	300.369	297.561	281.071	255.574	231.391	222.735	237.669	268.876	297.788	310.446	308.106	299.591	290.03	282.078	280.983	290.914	305.235	308.215	294.74	279.613	277.513	283.99	284.919	278.306	276.397	285.398	295.626	295.455	284.372	269.096	254.237	241.288	233.255	234.492	247.091	269.333	293.083	304.912	298.111	280.118	264.277	261.815	277.971	305.085	325.138	326.157	313.756	303.669	304.102	310.384	316.794	323.142	326.396	319.971	304.177	284.685	263.209	238.806	214.195	196.255	191.837	204.541	233.925	273.252	308.427	326.673	327.927	321.269	310.779	292.329	266.77	248.873	254.736	283.705	315.769	326.472	311.777	292.868	287.535	291.134	289.559	276.341	253.53	224.377	192.334	160.743	128.101	91.1406	
83.2178	125.884	178.584	236.206	275.271	274.636	247.664	231.693	243.432	264.646	270.613	256.871	238.226	229.641	232.322	240.151	253.061	272.195	286.964	285.749	277.984	284.289	304.6	316.814	305.391	277.231	253.201	248.514	260.828	279.641	300.045	317.532	319.036	294.911	256.5	230.674	234.982	262.318	291.063	305.727	305.647	297.196	282.463	258.993	231.203	215.222	224.176	252.963	283.946	304.85	315.554	318.459	313.988	306.965	305.253	310.269	313.015	302.557	280.801	263.329	262.352	273.966	284.316	286.672	287.662	293.482	298.741	294.533	279.299	259.201	243.056	236.425	238.957	248.259	265.567	292.912	321.159	330.599	312.969	282.242	258.076	251.362	263.538	286.943	308.411	317.554	313.83	307.033	306.729	312.328	319.409	327.625	333.009	326.034	305.117	278.874	253.951	230.358	207.848	192.178	192.387	212.188	247.29	288.403	323.024	341.61	345.631	342.074	331.79	311.273	285.449	271.744	285.27	321.629	356.153	362.187	337.678	307.536	292.488	288.949	281.842	264.212	240.682	217.343	195.913	173.85	144.617	104.641	
86.7181	128.013	176.035	228.184	265.105	266.311	240.503	221.063	227.788	249.099	262.984	261.527	252.381	245.135	242.513	244.752	255.452	274.857	291.429	293.227	288.252	296.176	317.141	329.08	315.886	284.42	257.231	251.075	263.319	283.753	309.379	335.651	344.158	318.169	269.579	235.076	240.992	278.774	316.001	328.137	317.91	302.177	286.5	262.967	231.193	208.133	210.078	235.068	269.263	302.199	328.945	342.888	340.969	332.842	329.336	327.808	318.006	297.292	275.003	262.103	261.786	269.856	278.268	281.195	281.068	283.384	287.169	286.371	276.399	259.128	244.797	243.049	252.629	266.458	283.473	307.018	329.679	332.077	306.596	269.433	241.637	232.044	239.281	258.102	281.976	302.189	311.471	312.301	312.731	314.133	314.466	316.125	317.594	310.21	291.566	268.906	248.078	229.026	211.645	200.991	204.192	223.532	255.33	292.36	324.651	344.757	353.465	353.811	344.717	326.839	309.157	305.582	324.844	361.378	393.514	396.68	367.469	327.844	299.407	283.853	270.276	252.188	233.036	217.429	204.691	189.287	162.331	119.693	
96.6311	136.047	176.105	218.165	250.699	256.242	236.563	217.233	220.081	241.341	262.245	271.029	268.25	258.601	246.441	238.388	242.771	261.502	284.254	297.252	301.373	309.571	321.872	322.826	304.605	277.393	259.8	261.313	275.657	295.513	322.773	354.237	367.52	340.094	283.255	239.831	243.131	286.337	331.032	344.295	328.536	308.155	292.466	269.69	235.732	208.177	205.383	227.774	264.408	304.884	339.23	355.694	352.562	344.566	342.281	337.591	319.944	295.164	278.934	275.928	277.685	278.36	278.263	276.724	273.911	273.273	276.377	280.289	278.378	267.013	255.054	255.945	270.702	289.155	304.528	317.703	325.75	316.887	286.797	249.537	222.678	212.075	214.957	228.878	253.127	281.915	304.473	316.327	320.03	315.441	303.632	292.623	286.023	278.55	267.538	255.711	244.379	233.229	224.052	220.03	222.943	234.038	255.357	285.343	316.019	339.918	355.032	359.698	352.386	339.332	332.213	337.591	355.247	381.402	404.669	407.309	382.467	343.131	307.279	281.72	262.64	245.858	231.904	221.522	212.473	199.766	174.853	132.161	
108.767	146.906	179.508	211.774	240.009	250.66	239.622	223.925	224.718	243.779	265.945	278.657	279.069	268.157	249.497	232.52	228.864	243.317	268.562	290.308	302.308	309.043	309.612	297.436	276.215	260.228	261.104	276.714	294.56	309.671	330.291	358.474	373.238	349.658	295.546	251.441	251.234	291.198	334.293	345.699	327.233	306.041	292.825	273.456	241.543	214.275	209.79	228.953	262.74	301.35	333.076	346.347	342.891	338.682	340.588	336.704	317.457	293.616	284.401	290.921	296.769	294.028	288.921	285.532	282.263	278.578	276.214	277.152	277.851	271.517	262.667	265.772	285.204	308.618	321.81	322.285	313.986	295.81	266.657	235.415	213.908	205.575	207.365	217.911	239.05	268.217	295.815	314.254	320.634	312.008	291.879	272.897	262.361	257.58	255.394	253.779	249.893	244.609	242.779	244.958	245.897	245.593	253.172	273.603	300.518	325.972	345.578	354.262	350.297	342.986	344.099	353.414	363.837	374.707	386.073	388.299	372.284	342.284	309.932	282.696	261.631	245.458	233.144	223.253	214.19	203.112	181.887	142.061	
117.483	155.517	183.513	209.158	234.202	248.928	246.7	237.303	237.53	251.088	267.266	276.934	278.385	270.741	254.371	236.464	227.798	234.219	252.093	270.784	282.496	285.777	277.947	258.67	239.752	237.485	257.181	286.982	308.26	316.024	323.38	340.325	353.328	339.4	300.402	266.89	266.803	298.336	331.209	337.056	318.946	299.933	287.769	270.12	242.61	220.102	216.4	231.187	257.801	288.454	312.786	322.65	321.872	322.841	328.18	326.395	309.816	289.191	283.274	293.24	302.301	302.417	301.079	303.17	304.134	297.635	283.637	270.923	265.438	262.066	258.528	264.653	286.502	311.683	321.234	311.482	293.376	273.787	252.018	231.11	218.329	216.646	222.958	233.801	249.539	270.218	291.064	306.2	310.785	300.865	281.227	265.169	259.887	263.043	269.601	272.865	268.137	260.825	261.224	268.021	268.385	258.943	253.301	262.478	282.879	306.518	327.119	337.729	336.877	334.989	342.574	354.542	359.275	358.171	359.006	357.962	346.511	326.106	304.008	283.816	265.432	248.572	233.388	220.31	210.654	203.117	187.715	151.762	
121.161	160.832	187.314	208.984	230.957	247.33	252.426	250.959	252.409	258.878	264.594	266.486	266.25	263.252	255.754	246.743	241.172	240.87	244.355	248.438	250.479	247.896	236.223	216.815	203.686	212.476	244.524	283.082	306.514	308.788	304.145	308.379	317.711	314.829	295.676	277.62	279.763	301.449	322.084	324.601	312.693	298.091	282.468	261.299	237.763	222.717	222.312	234.786	256.004	279.106	295.324	301.618	303.303	307.159	312.789	312.248	299.925	282.95	275.99	282.023	290.347	295.801	303.718	315.781	323.667	315.874	290.018	260.242	243.426	240.609	243.963	254.178	275.205	296.926	301.431	286.87	268.136	254.204	242.292	231.569	227.827	235.507	250.92	265.572	275.66	283.604	291.354	297.42	297.791	289.036	275.553	268.001	272.044	285.365	299.749	303.124	290.535	274.507	272.454	282.335	284.692	271.181	256.032	255.115	269.289	290.865	310.826	320.756	320.698	322.638	335.824	351.551	355.213	349.05	344.175	338.561	324.842	306.993	292.697	281.322	267.571	249.577	229.984	213.629	205.181	202.866	192.903	159.21	
122.545	166.593	194.932	214.483	232.322	246.565	255.253	260.994	265.251	265.8	261.002	254.082	249.813	248.782	250.19	254.761	259.67	258.603	249.477	236.383	224.378	213.864	200.336	184.045	176.795	191.702	228.029	268.282	291.685	292.098	281.772	277.655	283.74	289.554	286.78	280.82	282.966	294.471	305.224	309.134	307.993	299.534	279.176	252.316	231.308	223.297	227.66	242.103	263.49	282.981	292.022	293.274	294.925	299.276	302.975	301.264	291.105	276.253	266.018	264.726	269.377	278.495	293.693	312.11	323.605	315.899	285.481	246.604	221.219	217.745	228.226	244.448	263.724	278.326	277.038	262.225	248.301	241.21	235.851	230.755	232.676	247.829	271.568	290.309	296.254	294.366	292.935	293.871	293.15	287.097	278.715	276.127	285.216	304.943	324.061	325.727	305.3	281.044	275.354	286.239	291.231	278.389	259.756	253.442	264.563	285.739	304.928	312.897	312.114	315.434	329.691	344.63	346.988	340.803	336.951	331.108	314.695	294.106	280.05	271.438	260.058	242.018	220.816	204.402	199.303	201.666	194.272	160.481	
122.67	173.043	206.965	228.056	243.314	253.512	260.859	268.997	274.484	270.998	259.384	247.195	240.288	239.288	245.265	259.698	275.185	278.489	265.009	241.655	218.175	199.449	183.859	170.741	167.68	184.282	219.123	256.146	276.882	275.908	263.472	255.741	260.928	273.066	281.04	282.14	282.32	284.649	287.486	292.751	300.44	298.769	278.428	249.5	229.316	224.225	232.121	251.179	276.652	295.815	299.517	295.331	295.563	300.293	302.023	296.514	284.25	268.759	255.372	248.404	249.842	259.94	276.324	293.041	301.957	294.936	268.805	232.975	206.795	203.65	220.294	243.518	262.079	269.253	262.941	250.052	241.203	237.631	233.704	229.485	232.482	248.919	273.851	292.627	296.784	293.473	294.014	299.499	302.552	298.071	289.071	284.12	291.452	311.861	332.362	333.632	310.918	283.498	274.322	282.522	287.774	278.156	262.847	258.766	271.948	294.037	311.284	316.055	313.463	314.351	321.43	326.474	323.347	319.122	321.454	321.587	307.7	284.869	265.539	252.47	240.43	224.891	206.926	194.158	193.433	198.936	191.667	156.607	
121.486	177.341	218.399	244.715	261.262	268.693	271.254	275.697	279.33	274.772	263.301	253.257	248.946	248.697	254.226	270.201	290.293	298.724	287.871	263.055	234.31	209.608	191.638	180.452	179.537	194.951	225.655	257.357	272.553	266.79	251.468	243.244	250.655	268.007	282.831	288.929	288.652	284.724	279.858	281.168	290.299	293.989	279.941	254.915	235.057	229.15	238.57	261.747	290.713	309.755	309.794	301.723	301.296	307.465	308.103	297.872	280.987	263.065	247.865	239.19	240.321	250.326	263.291	272.926	276.146	270.542	253.177	227.241	205.946	203.62	222.25	248.637	266.319	268.955	261.231	251.943	246.92	244.711	241.346	237.948	239.959	250.996	267.239	278.857	281.671	284.168	295.562	311.554	319.781	314.343	300.275	288.868	291.243	309.493	330.348	334.046	314.176	286.723	272.854	274.433	276.683	270.717	263.842	269.122	288.862	311.589	324.22	323.903	317.721	312.163	306.79	298.726	290.25	289.418	298.666	305.888	297.074	273.632	247.525	227.244	214.15	203.983	193.112	186.245	189.801	196.886	188.009	150.71	
122.517	181.45	226.517	255.259	271.472	275.93	273.672	274.228	278.216	278.845	275.607	274.566	277.024	278.14	279.897	291.628	311.101	322.178	314.574	291.708	262.577	235.509	215.953	205.801	206.161	220.043	246.609	272.491	279.731	265.65	246.514	240.866	253.709	275.776	294.439	303.681	304.044	296.676	284.834	278.032	282.157	288.043	282.061	264.011	245.789	239.074	248.997	273.403	302.529	320.832	320.114	311.992	312.833	320.316	319.68	305.604	284.826	264.314	248.155	240.872	244.973	255.893	264.362	265.719	262.988	258.6	249.36	233.825	219.096	216.126	229.403	250.619	265.109	267.134	262.83	259.486	259.441	261.058	262.145	262.903	264.616	267.037	268.062	266.094	264.913	273.899	296.332	320.702	331.482	323.929	305.155	288.526	286.987	302.999	323.964	330.916	314.856	287.28	268.231	263.239	262.694	260.482	262.751	278.421	304.32	325.451	331.646	326.06	315.84	303.048	287.799	273.695	266.84	271.288	283.933	292.962	285.868	261.295	229.769	204.572	192.786	189.951	187.677	187.301	194.319	200.815	187.369	145.165	
127.373	187.066	230.031	252.402	260.331	259.028	255.38	258.612	269.743	281.637	291.005	300.418	308.415	308.931	306.042	313.689	332.312	344.421	337.635	315.534	287.371	260.439	240.782	232.319	235.477	250.109	273.835	293.736	292.39	269.941	248.203	247.268	266.959	292.812	311.644	319.055	317.078	307.77	293.319	281.782	281.327	287.065	285.351	271.436	254.465	247.204	255.547	277.126	304.314	324.804	330.126	327.732	330.339	335.689	331.963	316.425	295.222	273.413	256.157	250.719	258.871	271.652	276.669	270.942	262.236	256.536	251.58	244.572	237.479	233.994	237.454	247.343	256.649	260.483	262.259	266.765	274.861	284.384	292.178	296.627	297.017	291.066	277.474	261.247	253.896	265.824	294.416	322.176	332.451	322.696	301.624	283.118	279.934	293.61	312.554	320.091	306.205	279.022	257.998	251.65	252.836	254.936	262.345	282.324	309.171	326.353	327.042	318.53	306.329	289.865	272.512	262.548	264.171	273.977	284.878	289.034	278.803	252.39	219.158	194.639	187.828	192.722	197.947	202.915	211.687	214.67	193.113	142.95	
130.65	188.528	225.084	236.07	232.085	225.225	224.462	235.401	256.061	278.698	298.31	313.973	322.095	318.563	312.096	319.548	340.403	354.359	347.645	325.099	297.525	272.004	254.55	250.399	259.439	277.296	297.989	309.988	300.148	272.329	250.446	253.579	277.806	305.175	320.779	321.121	312.83	303.045	293.56	287.391	289.777	296.47	294.202	277.929	257.629	246.524	249.52	264.984	289.853	316.484	334.716	342.76	345.396	343.108	333.872	319.991	303.689	284.385	267.133	262.181	271.467	283.825	286.037	276.167	263.293	254.832	250.984	250.77	252.761	252.348	248.961	248.642	253.269	259.266	266.702	278.915	296.236	313.82	324.754	326.548	321.24	308.426	286.509	262.024	250.066	262.15	293.062	321.862	330.379	317.67	295.162	277.04	273.365	283.104	296.249	301.015	289.517	267.007	249.993	247.681	253.734	259.06	265.81	282.235	304.294	316.486	313.842	304.687	293.196	278.392	265.97	265.119	275.739	288.327	294.824	292.341	277.876	250.513	219.625	200.758	200.755	211.202	220.686	228.625	236.656	233.108	201.498	143.021	
128.755	182.646	213.068	216.526	206.241	197.99	201.025	217.234	242.266	269.101	292.724	309.452	313.943	305.339	297.226	306.928	330.698	345.83	338.538	315.318	289.141	267.941	257.061	261.12	278.586	300.416	315.983	316.42	297.231	267.238	247.543	252.259	276.148	301.755	312.792	305.387	290.821	282.556	283.34	290.615	303.237	314.213	310.424	288.417	260.688	242.288	238.41	247.698	269.392	299.922	329.081	346.053	346.359	333.859	318.741	309.452	303.395	292.298	278.162	271.789	276.13	282.331	280.586	269.933	257.492	249.811	249.193	256.434	267.924	273.455	268.566	262.311	263.333	270.416	281.525	298.622	321.099	341.31	349.475	343.874	331.269	315.118	293.132	268.923	256.213	267.04	297.077	324.945	330.92	315.068	292.297	276.475	272.265	275.012	278.253	278.472	272.411	261.255	254.054	257.265	265.951	271.138	273.761	282.813	297.234	304.263	299.194	289.253	279.009	268.736	263.763	270.878	286.48	299.126	302.886	298.541	284.312	259.046	232.687	219.754	223.163	233.043	241.321	249.022	254.239	242.946	202.288	138.586	
126.606	176.335	203.241	205.651	196.429	189.954	193.897	209.055	231.6	256.171	278.834	295.124	298.405	288.486	279.822	288.4	309.338	320.976	311.212	288.18	266.652	254.658	254.737	268.542	293.488	318.305	328.478	317.143	289.329	259.201	242.366	246.004	265.452	286.928	294.613	284.058	268.198	263.181	272.838	292.182	315.058	331.263	328.272	303.982	271.586	248.08	240.991	248.199	266.27	292.547	319.717	334.843	329.058	308.482	291.294	290.189	298.577	300.394	291.81	281.459	274.423	268.612	260.916	251.145	242.963	241.325	249.247	266.178	285.334	294.672	288.922	278.098	275.159	282.31	296.015	314.672	335.645	351.234	353.116	341.829	326.734	313.373	298.488	281.138	270.658	278.185	301.917	323.972	326.718	311.528	293.864	283.769	278.745	271.68	262.321	257.088	257.868	261.247	266.256	273.871	281.702	284.968	284.598	287.811	295.335	297.939	290.589	278.574	267.855	260.493	260.117	270.59	286.868	298.341	302.292	301.859	293.885	274.776	253.626	243.484	244.329	246.698	247.657	251.201	252.707	235.796	190.276	126.166	
130.204	176.947	201.145	204.103	197.973	193.632	196.454	207.853	225.704	245.813	265.858	283.395	291.501	285.988	275.727	274.867	283.557	286.795	274.839	255.395	242.65	242.543	252.893	271.533	297.244	321.743	329.398	312.687	281.559	253.109	238.052	238.985	253.337	271.231	278.456	270.833	259.709	258.572	271.465	295.356	322.938	341.808	340.904	319.782	289.966	267.899	263.546	274.224	290.657	306.386	317.306	316.579	299.65	274.669	260.878	271.038	295.547	311.835	309.172	292.906	271.379	251.169	236.251	226.616	222.631	228.199	246.154	272.092	294.792	303.056	294.472	279.635	273.458	281.465	298.564	317.654	333.496	340.708	335.486	321.401	308.314	301.862	297.707	290.332	283.258	284.94	296.533	307.935	308.666	301.146	295.746	294.573	289.081	272.911	252.682	242.176	246.893	260.738	275.092	286.087	293.948	298.105	298.418	298.785	301.353	300.805	291.884	278.009	266.103	258.734	257.357	264.798	277.63	287.039	291.667	295.452	294.22	282.041	265.873	257.168	254.728	249.651	242.128	239.131	236.354	216.783	171.131	110.572	
137.505	182.332	203.128	204.667	199.728	196.604	199.093	209.414	226.052	244.265	262.599	282.293	298.261	300.424	287.454	271.153	261.732	255.384	244.529	233.059	231.034	240.589	254.981	269.098	285.403	303.377	310.258	296.206	269.723	246.276	232.992	231.804	243.391	260.253	269.138	266.548	261.343	262.569	274.572	298.587	327.821	347.187	346.713	329.188	305.302	288.773	290.038	306.838	324.649	330.552	321.884	301.224	272.869	246.531	237.798	256.811	293.009	320.463	322.53	301.289	268.204	236.678	215.215	203.693	200.933	210.833	235.622	266.903	289.854	295.56	285.791	270.948	265.105	275.249	295.066	313.482	324.136	324.191	313.268	296.694	284.267	282.445	287.491	290.18	287.19	282.69	280.857	281.378	282.448	286.021	294.36	301.794	297.463	277.811	253.45	240.447	245.497	262.019	278.829	291.5	302.702	312.014	315.322	313.963	312.81	310.025	300.015	285.297	273.367	265.276	259.343	258.861	264.644	270.421	273.618	276.68	276.089	266.707	254.453	249.49	250.027	245.937	236.23	228.763	221.617	199.802	155.202	98.826	
139.647	183.688	203.284	204.745	200.31	196.663	198.437	209.951	229.509	249.846	267.949	288.063	309.658	319.948	307.621	280.094	255.989	242.647	234.986	232.096	238.502	252.761	265.153	268.371	268.301	273.537	277.675	269.983	254.164	239.933	230.513	229.027	239.884	257.015	266.897	265.941	261.802	261.9	272.113	296.768	328.052	347.004	343.937	326.368	306.903	296.038	301.947	323.201	343.512	345.423	326.574	296.349	264.743	240.189	233.107	251.689	288.151	318.302	322.509	299.64	262.272	226.691	202.385	188.891	185.406	196.785	224.67	258.132	281.074	287.13	280.922	271.422	269.39	280.363	297.733	311.072	316.301	313.009	301.548	285.173	270.927	266.869	273.836	282.603	283.869	276.698	267.178	262.377	265.612	276.848	292.89	305.386	304.49	288.092	266.596	255.066	259.604	273.063	284.926	294.469	307.454	321.085	326.288	323.461	320.596	317.445	307.155	292.068	280.612	272.296	262.604	254.977	253.75	255.095	254.491	251.751	245.196	233.516	223.417	224.003	232.966	238.376	235.654	230.531	221.949	197.307	151.013	95.2532	
131.216	176.167	200.487	207.987	206.075	199.548	196.828	206.776	228.174	250.695	268.058	285.616	308.415	326.096	322.148	297.735	272.021	257.512	251.647	251.7	259.802	273.798	282.82	276.842	262.057	253.594	252.704	250.715	246.775	243.254	239.043	238.503	249.009	265.4	273.594	269.479	261.01	256.927	264.778	289.314	320.575	336.871	329.305	310.161	294.899	290.295	299.483	321.281	342.081	344.799	327.118	300.613	276.046	257.529	249.343	258.385	282.676	305.244	307.922	286.494	251.563	219.152	198.12	187.111	185.097	197.287	225.432	258.567	281.452	289.505	288.49	285.887	288.065	296.601	305.5	309.079	308.263	305.732	301.486	292.737	278.502	266.155	264.449	270.658	274.218	269.882	262.853	262.107	270.593	285.231	301.936	315.079	317.217	305.618	288.858	280.957	286.331	295.422	298.289	298.334	304.739	314.689	317.589	313.939	312.805	313.085	305.545	291.654	280.731	272.698	262.406	252.777	248.894	247.951	243.973	234.631	220.154	203.318	191.935	194.489	209.95	227.218	238.456	244.202	240.407	214.597	163.564	102.686	
115.93	163.633	198.014	216.859	219.447	208.8	198.51	202.166	219.295	238.344	251.509	264.16	284.778	307.741	317.448	310.137	298.27	290.889	285.458	281.022	282.992	292.781	300.155	291.669	270.24	253.155	248.049	249.94	255.003	259.71	260.383	262.405	273.361	287.202	290.328	279.94	265.367	256.349	259.997	280.041	306.328	317.675	306.431	287.665	278.553	282.004	294.576	313.995	331.986	335.623	322.1	302.698	288.931	280.968	274.667	272.6	278.537	286.604	284.664	266.319	237.701	212.937	200.718	198.408	202.188	215.401	240.797	270.182	290.359	297.241	297.042	297.316	301.145	305.649	305.366	299.729	294.556	295.669	302.842	306.663	296.254	275.351	259.677	256.71	260.238	263.002	266.692	277.667	295.322	312.885	326.965	336.306	336.233	324.155	309.166	305.737	314.898	322.04	316.286	303.324	295.209	293.155	289.957	286.252	289.084	295.308	293.881	284.642	276.258	269.37	260.1	252.007	250.145	251.359	248.222	236.758	217.794	195.792	178.651	175.52	190.025	215.697	242.454	263.466	269.187	245.427	189.586	120.079	
99.8586	151.281	197.193	227.897	234.961	221.502	205.433	201.715	209.522	219.129	225.146	232.805	249.994	274.281	294.778	306.769	315.058	320.655	317.612	307.158	300.74	305.13	311.322	303.435	281.126	261.519	255.807	261.192	271.582	281.059	287.141	295.745	310.202	320.517	315.062	295.957	275.478	262.449	260.439	271.762	289.384	295.84	284.071	268.354	265.545	276.387	292.603	309.864	324.281	327.055	313.921	295.979	289.154	293.048	293.645	285.109	274.833	268.649	262.263	248.215	227.601	211.816	209.68	217.742	228.322	241.077	259.919	281.485	295.468	297.185	292.588	290.385	292.788	294.335	289.388	279.799	273.726	278.29	292.883	305.255	300.082	277.842	255.607	246.687	250.556	260.97	276.154	298.453	324.156	344.065	354.98	358.108	350.617	331.941	315.184	316.734	332.501	340.762	329.376	306.075	284.801	271.142	262.547	259.117	264.471	274.696	279.87	278.433	275.165	269.041	258.87	251.669	253.235	259.276	261.213	254.117	237.679	214.655	191.19	177.696	184.349	211.257	247.311	279.212	293.06	273.067	215.254	138.712	
85.1333	139.308	194.164	233.255	243.406	230.087	213.476	205.978	205.369	206.028	207.238	213.103	227.321	248.497	271.525	293.459	314.501	330.181	331.791	320.935	311.699	312.708	315.133	303.895	279.926	261.233	259.574	270.432	284.49	296.991	310.653	331.161	353.416	361.008	345.351	316.325	290.751	275.333	267.74	268.278	275.225	277.589	268.777	258.453	259.869	273.628	291.269	307.506	320.226	322.371	307.526	286.583	280.76	291.886	299.175	289.27	271.047	258.036	251.098	242.325	229.281	220.451	224.366	238.077	251.623	260.856	270.185	281.522	288.116	284.583	275.748	270.432	270.749	270.973	265.951	257.967	254.073	259.207	271.989	283.073	281.419	267.185	251.908	245.402	250.178	264.203	284.686	310.408	336.962	356.437	365.935	365.855	352.646	327.287	307.191	311.071	331.08	340.549	327.828	302.999	279.52	263.235	253.366	249.082	252.278	261.608	271.415	278.591	280.736	273.479	259.947	251.656	254.27	262.612	269.232	270.065	263.112	247.152	224.138	203.651	200.584	221.016	254.878	286.62	301.627	283.804	226.93	148.353	
73.4014	127.669	185.74	227.414	238.627	227.97	215.702	209.819	206.393	203.967	205.862	213.805	226.463	243.296	264.141	286.473	307.281	322.58	326.965	321.783	316.914	316.919	312.591	293.394	265.55	248.8	253.64	271.534	288.797	302.944	323.858	357.359	389.565	397.845	376.411	342.051	315.313	300.125	287.83	276.728	271.428	269.426	265.528	262.401	266.077	277.02	290.529	303.256	313.979	316.258	302.325	281.05	273.819	284.268	292.202	283.718	267.93	258.748	256.751	253.772	246.17	240.098	243.726	256.197	267.849	271.994	272.596	274.994	275.151	267.994	258.24	253.571	254.2	254.713	252.52	250.489	251.498	254.922	258.743	260.498	258.455	254.535	251.561	250.383	254.077	266.09	284.411	305.372	326.524	344.508	356.445	359.117	346.704	320.077	297.227	297.465	313.917	322.055	312.922	296.51	282.189	271.922	263.502	255.569	251.803	256.649	269.267	283.552	289.444	280.818	265.291	255.691	255.354	260.013	266.298	272.773	277.076	274.733	262.106	244.068	235.318	245.292	267.129	287.784	295.465	275.817	221.408	146.265	
68.8639	120.972	175.681	213.449	223.445	216.758	211.634	211.525	210.56	209.366	213.495	223.494	236.203	252.782	274.653	295.367	307.741	312.659	314.538	316.249	319.366	320.887	311.638	286.727	256.688	240.973	248.603	269.21	286.156	297.882	319.799	359.782	400.418	415.854	400.025	370.732	348.782	336.041	320.257	299.035	282.607	276.401	277.091	280.642	285.041	289.43	293.49	297.798	302.724	303.61	294.042	278.925	272.154	276.176	278.347	272.137	266.54	269.761	277.638	281.261	277.112	269.955	268.146	274.149	280.904	281.101	277.414	275.09	270.212	259.135	249.332	248.194	252.479	255.886	258.721	264.465	270.856	271.695	265.563	256.725	250.711	250.789	253.983	255.079	256.934	265.471	278.348	291.083	305.277	322.666	339.039	346.579	338.25	314.721	290.669	283.194	290.451	296.444	295.12	292.16	290.668	288.081	280.068	266.309	255.446	257.908	274	292.481	299.089	290.314	276.764	267.875	263.154	260.252	260.265	265.117	274.742	284.733	287.299	280.408	273.316	274.566	280.738	284.096	278.247	253.438	203.126	136.452	
74.6981	124.211	170.8	199.894	207.889	207.096	210.681	217.374	220.147	220.203	223.826	232.8	246.153	266.697	293.528	313.546	315.46	305.977	300.958	307.302	320.022	328.636	322.741	300.168	271.986	254.853	256.943	270.416	280.361	285.391	301.7	339.467	384.73	412.598	412.219	394.635	377.93	365.848	348.437	323.66	302.95	295.169	298.348	304.853	307.847	305.225	299.495	294.393	291.463	288.98	284.783	279.683	275.772	271.938	266.004	262.095	268.682	286.683	306.37	317.159	315.323	304.991	295.134	291.739	291.891	289.787	286.519	284.197	276.694	261.938	251.506	254.07	263.643	271.631	278.482	287.255	293.484	290.278	278.799	266.002	257.28	254.476	254.79	254.684	257.454	266.749	276.963	282.929	290.196	305.04	322.682	332.248	326.555	306.189	281.424	266.242	265.033	271.454	280.042	289.334	296.837	297.645	287.161	268.77	257.188	264.797	286.958	306.35	309.802	300.747	291.822	287.018	281.196	271.85	262.38	258.481	264.351	278.386	292.074	298.074	297.881	295.203	288.028	273.968	253.227	222.929	178.849	123.973	
88.8182	135.949	172.284	191.535	200.069	209.322	222.75	233.479	236.654	236.355	239.191	247.369	261.16	283.572	311.506	328.153	320.615	299.342	287.261	295.521	317.496	338.085	343.366	329.528	305.699	285.712	277.465	277.775	278.044	278.12	289.199	319.557	362.237	398.421	412.119	403.582	386.644	370.868	354.065	334.55	318.733	313.168	316.991	322.985	323.318	315.516	303.781	293.366	285.176	279.461	279.106	282.831	282.416	272.779	260.242	257.464	272.154	300.506	329.64	346.882	347.216	334.324	317.385	304.544	297.062	292.339	290.768	290.963	284.645	270.449	261.552	267.266	280.7	291.108	296.414	298.896	297.118	289.384	279.869	273.06	267.414	260.333	252.771	248.635	253.758	268.487	282.225	285.908	285.451	292.295	306.017	315.84	312.877	295.404	269.713	248.133	241.007	249.296	265.91	282.383	292.766	292.135	277.972	259.047	254.104	272.158	300.805	319.028	318.02	308.459	304.776	306.777	304.23	291.603	273.237	258.925	256.478	266.987	283.857	297.723	303.626	299.949	284.796	259.258	228.372	195.24	157.827	113.701	
104.445	148.977	175.687	187.732	200.98	223.285	245.145	254.11	251.885	249.986	255.851	268.177	283.1	301.907	323.324	333.386	320.564	295.149	279.838	287.285	313.25	342.704	358.736	353.839	334.607	313.368	297.808	288.31	283.495	285.199	295.755	316.089	345.788	377.223	395.04	390.842	372.605	353.668	339.575	329.188	322.14	320.876	326.188	332.659	331.456	319.429	303.192	290.221	280.099	272.255	272.477	280.64	284.027	273.697	258.249	254.044	269.422	300.529	334.384	356.389	359.651	347.378	327.999	309.258	294.631	285.021	282.104	283.801	281.778	273.955	270.624	278.977	292.472	300.627	299.731	292.106	281.643	272.889	270.756	274.672	275.682	266.582	251.158	240.587	245.155	265.345	286.898	292.983	284.921	280.285	288.694	302.047	306.774	295.349	270.059	242.982	229.409	235.319	252.83	269.95	279.183	275.862	260.093	244.785	248.465	274.528	306.338	323.781	321.328	312.258	312.046	319.156	319.426	304.331	279.857	259.227	251.325	257.968	274.431	290.77	298.145	292.8	274.682	246.739	214.599	182.815	149.742	110.358	
115.274	157.689	178.113	187.023	205.923	237.733	262.22	264.214	253.647	250.16	261.388	280.341	296.683	309.58	322.245	327.501	316.417	295.625	281.931	286.321	308.408	337.593	357.725	358.712	344.177	324.702	307.345	294.64	290.438	297.589	309.989	320.422	332.371	349.501	362.799	361.662	348.258	333.014	323.345	319.383	318.379	321.371	330.673	340.69	339.093	321.328	297.971	281.127	270.223	261.032	258.324	265.577	272.485	267.29	254.035	247.405	258.055	286.129	320.197	343.895	349.101	339.594	322.861	303.952	285.545	270.579	263.342	264.166	266.711	267.565	271.604	281.408	290.745	292.69	285.959	273.705	261.969	257.437	263.391	275.491	281.95	273.581	254.15	237.758	238.621	260.748	289.586	300.534	287.815	273.809	279.207	299.661	316.271	314.33	291.767	260.379	238.474	235.378	245.545	258.579	266.35	262.42	248.076	237.842	246.923	274.475	305.334	323.393	322.973	314.399	312.86	318.167	315.761	297.101	270.208	249.456	242.722	250.905	269.225	286.591	292.104	283.177	264.375	240.714	215.334	188.998	157.253	115.202	
119.812	162.075	180.468	188.264	208.067	239.646	259.662	254.989	240.858	239.038	254.289	275.578	290.28	297.638	304.348	308.856	304.511	293.349	284.565	285.661	299.329	321.469	340.708	346.462	338.041	322.244	305.543	293.089	291.527	302.658	316.023	321.147	321.959	326.348	331.825	332.431	328.304	322.583	318.196	316.778	317.922	323.051	334.654	346.571	343.804	320.413	290.162	269.936	259.974	251.409	245.004	247.249	254.066	254.262	245.741	238.228	244.167	268.306	300.228	321.752	325.372	317.639	305.735	291.139	274.264	258.348	248.734	247.71	252.044	258.99	268.783	278.12	280.171	273.596	263.18	253.089	246.704	248.56	260.445	277.168	287.731	283.077	265.277	247.383	244.88	265.341	296.91	311.963	299.117	281.053	284.483	309.048	334.134	340.17	321.114	287.763	259.177	246.395	248.246	258.895	268.995	267.445	254.577	245.853	254.257	277.281	303.351	320.77	322.371	313.117	306.307	304.547	296.946	277.259	253.04	236.406	234.037	246.502	268.456	287.623	291.222	277.669	257.009	238.391	223.073	205.123	173.906	125.289	
121.179	165.597	184.851	190.78	204.542	226.666	238.816	233.287	225.27	230.788	248.511	266.156	274.438	275.729	278.302	283.082	284.934	282.373	278.233	276.709	282.723	298.469	318.202	330.826	329.684	317.053	300.594	289.353	290.431	302.632	315.653	321.758	322.687	322.029	320.302	319.773	323.091	326.817	327.453	327.538	328.831	330.767	335.397	340.981	335.531	311.557	281.335	263.031	257.777	254.051	248.351	246.193	247.631	245.885	237.876	229.873	234.344	257.617	288.052	305.984	306.509	299.734	291.923	281.604	269.1	258.125	251.374	249.045	251.252	259.559	272.062	279.657	274.276	259.497	245.934	238.631	236.973	242.398	256.902	276.724	292.199	294.211	282.559	267.616	263.777	280.12	308.823	325.293	316.039	298.699	298.673	319.429	344.005	352.492	336.289	304.218	274.319	258.712	260.516	277.017	295.759	299.354	285.39	270.86	270.616	283.142	299.386	311.69	313.319	304.094	293.582	287.547	280.873	268.328	252.257	239.781	237.774	249.261	270.807	290.731	293.795	276.442	252.244	235.896	229.234	220.07	190.603	136.561	
122.43	170.418	192.155	195.774	200.405	210.176	215.347	213.863	217.472	233.232	253.257	265.357	265.265	259.627	257.763	261.34	265.836	266.994	263.397	258.641	261.162	277.617	304.114	326.172	331.01	318.811	300.987	290.38	292.78	303.878	316.105	327.197	336.124	338.395	333.758	331.168	337.291	345.833	349.533	351.135	351.266	344.156	332.062	323.097	313.739	294.882	272.156	260.286	261.558	266.112	268.032	267.188	262.338	252.338	239.136	229.359	234.282	258.433	287.83	303.065	302.569	297.655	291.584	281.773	272.391	268.995	268.944	266.633	264.321	269.693	281.828	288.499	280.561	262.644	246.557	237.809	234.496	237.015	249.071	269.599	289.926	299.598	295.468	285.172	281.547	293.533	316.671	332.414	328.16	314.255	310.121	321.835	339.156	346.169	333.512	306.157	279.453	267.688	277.899	306.909	337.843	348.6	333.144	308.22	292.617	288.826	290.588	294.562	296.306	290.571	281.294	277.172	278.968	279.729	273.794	263.127	255.742	258.54	272.36	288.652	291.13	272.999	247.891	233.554	232.666	229.472	202.05	145.806	
121.632	173.22	199.445	203.798	202.854	204.042	204.334	205.648	217.442	240.564	262.381	270.678	264.555	253.514	247.694	249.326	253.863	254.448	247.615	239.656	243.591	267.306	304.066	334.615	342.556	328.786	308.296	295.642	295.673	303.783	315.404	331.823	350.233	360.43	359.408	357.338	362.565	369.711	372.27	373.409	371.409	355.545	327.695	304.236	290.826	278.74	265.752	259.766	264.256	274.917	286.283	291.857	286.277	271.997	256.034	245.745	250.363	272.354	297.739	309.862	309.1	304.611	296.658	284.307	276.695	280.74	288.831	289.305	283.576	283.217	291.201	297.531	293.327	279.805	264.237	251.104	240.057	233.488	238.161	256.101	279.167	294.697	296.609	290.799	289.065	298.994	317.348	331.104	330.512	320.476	313.654	316.457	325.212	330.718	324.285	304.788	282.946	275.943	294.363	332.734	371.658	388.959	375.177	342.481	311.53	290.758	278.533	275.781	280.14	281.109	275.859	274.855	284.142	295.189	296.344	286.312	273.178	265.791	268.902	278.086	278.631	262.649	241.999	232.892	236.092	234.503	207.057	150.479	
115.041	168.555	200.865	210.813	211.777	211.946	209.907	209.112	220.611	244.768	266.676	273.501	265.481	252.512	244.61	244.724	248.473	247.723	239.292	232.254	240.857	270.615	311.983	344.981	353.697	339.508	317.046	299.99	294.552	299.62	311.89	330.997	353.265	369.166	374.723	376.067	378.577	379.282	376.126	373.883	370.346	352.932	320.755	291.132	275.927	270.05	265.818	263.114	265.348	274.54	288.779	299.918	300.415	292.701	283.273	276.751	280.151	296.894	316.667	325.695	322.847	314.024	300.446	285.331	279.591	289.061	304.381	310.748	305.258	298.276	297.595	300.516	301.127	296.425	286.566	272.056	253.169	235.875	231.545	245.277	268.68	286.887	292.436	290.945	292.769	302.613	317.042	327.671	328.254	320.382	311.098	306.299	307.752	312.768	313.643	303.35	287.376	283.59	303.567	340.221	376.475	395.23	385.183	351.807	314.43	285.519	267.102	262.838	271.79	279.959	278.605	277.872	287.826	300.976	303.809	293.449	277.033	264.127	261.846	267.379	266.933	253.707	239.035	235.796	240.586	235.751	204.652	147.715	
104.56	157.081	193.878	210.857	219.053	225.271	224.709	219.247	223.755	243.107	263.113	269.91	262.807	250.248	241.478	240.371	243.74	244.941	242.568	244.193	258.439	286.542	320.837	347.447	354.509	342.059	320.231	300.07	290.582	295.472	310.424	329.15	347.031	360.396	368.435	372.513	372.14	365.532	355.58	349.221	345.517	332.807	306.415	279.303	266.12	266.472	269.843	269.312	266.805	268.417	277.192	288.835	297	301.437	303.406	302.869	306.317	321.244	341.512	352.543	348.316	333.325	314.106	297.709	292.063	300.495	316.466	326.553	322.638	309.806	298.792	295.455	299.077	304.772	306.277	297.415	275.828	250.364	237.695	246.35	267.817	285.841	293.065	295.358	300.529	309.618	319.532	326.672	327.28	319.235	305.376	292.98	288.509	292.444	297.439	294.403	285.351	284.598	300.648	326.371	350.69	363.85	355.56	327.422	295.954	272.674	258.98	258.706	272.136	285.13	286.424	284.901	292.336	302.933	303.064	288.983	268.757	255.402	257.416	268.357	271.252	260.531	248.71	246.289	246.689	233.106	194.755	136.844	
96.7728	146.154	183.362	204.01	218.879	233.201	237.231	229.09	225.722	237.466	253.351	259.121	252.558	240.76	232.216	231.111	235.999	244.064	255.718	272.189	291.754	311.732	330.142	342.885	344.314	333.449	314.888	295.872	286.66	293.899	311.807	328.669	338.27	342.235	345.239	348.371	347.49	339.159	326.846	318.193	314.695	307.489	289.377	268.243	258.869	263.831	271.806	272.664	266.873	261.41	262.587	271.202	283.388	295.675	304.048	306.35	311.506	331.269	360.346	379.568	378.169	362.363	344.211	330.222	321.389	318.921	323.097	327.164	321.508	305.394	288.678	282.748	291.912	310.613	326.723	327.167	306.634	275.941	255.836	258.373	276.313	292.747	299.891	303.343	308.998	315.685	321.426	326.426	327.633	318.582	299.28	280.174	271.339	272.788	276.953	276.655	272.687	273.916	285.063	300.384	313.322	318.617	309.034	287.218	267.905	258.496	255.999	261.584	276.062	288.286	289.512	288.93	297.183	307.26	304.261	284.033	258.648	247.95	261.081	283.933	293.617	285.604	273.559	265.846	255.248	228.707	181.526	122.531	
94.8315	141.313	176.531	197.38	215.376	235.106	244.473	238.489	232.114	237.089	245.572	245.086	234.853	223.255	217.873	220.532	229.633	246.096	271.825	301.206	323.483	333.985	336.113	333.833	327.741	317.92	304.986	291.431	285.426	293.784	311.13	324.679	326.615	319.742	313.42	313.587	316.984	315.696	307.244	298.134	294.868	293.254	283.942	269.191	261.66	265.417	271.495	271.466	265.149	257.501	254.863	260.856	273.309	286.09	292.128	290.947	295.819	320.439	357.255	383.365	387.467	379.146	371.93	366.449	354.799	336.321	319.297	307.835	296.847	281.65	267.053	265.087	283.477	315.988	344.93	352.689	334.164	301.899	277.513	274.951	289.34	303.651	308.293	308.297	310.361	314.178	318.494	324.161	327.275	318.492	296.377	273.742	262.448	260.784	260.777	257.843	253.043	252.837	262.005	276.385	288.156	290.526	278.812	259.91	249.897	253.47	261.613	269.559	277.861	281.562	278.878	280.707	294.176	308.413	306.34	283.453	255.741	249.09	272.645	305.481	320.363	314.223	300.856	285.767	262.578	224.001	170.487	111.697	
95.6678	140.634	174.399	195.193	214.261	236.065	250.326	251.795	250.247	252.746	251.741	238.801	219.211	205.979	205.757	215.081	228.793	249.37	280.236	312.346	331.14	332.848	324.866	315.377	308.133	303.809	300.202	295.004	292.173	297.301	307.593	313.711	308.601	294.413	282.079	281.543	291.729	300.503	297.851	288.974	287.345	294.399	297.494	290.905	282.688	278.424	275.484	271.495	266.287	260.792	258.917	264.676	276.474	286.117	284.765	274.793	273.465	294.688	329.29	355.171	364.077	367.084	374.953	381.548	371.78	342.388	306.586	279.219	263.57	253.315	245.485	248.284	271.472	310.464	345.806	358.847	346.099	319.75	297.877	293.04	303.097	313.125	312.598	305.878	301.768	302.752	307.848	316.188	322.674	317.328	297.791	276.431	264.796	259.981	253.821	243.516	231.984	227.872	239.126	261.463	281.345	287.071	274.89	255.562	248.887	260.867	277.298	284.756	282.327	273.19	263.863	266.039	283.041	301.842	304.784	286.372	262.441	259.403	285.46	318.312	331.681	324.506	309.692	290.052	260.271	217.681	164.785	108.866	
96.5319	140.318	172.859	193.49	212.062	233.125	251.118	263.209	273.362	280.176	273.062	247.629	216.824	199.411	201.852	215.378	230.066	248.257	274.823	300.159	309.515	302.131	290.036	284.156	287.202	296.271	305.569	309.552	308.774	307.18	304.63	298.017	285.889	271.346	261.733	263.506	276.024	288.601	289.66	283.37	286.9	305.645	324.087	327.722	318.057	302.243	286.055	275.124	270.297	268.598	270.555	278.743	290.955	297.564	288.742	268.726	256.981	267.748	293.37	315.643	328.023	338.801	355.318	369.908	365.703	336.16	293.61	258.844	243.128	240.201	239.104	241.507	258.161	290.497	324.37	343.315	342.872	330.524	317.27	311.495	313.917	315.69	308.742	296.356	287.341	285.785	290.829	300.557	310.418	311.569	300.186	285.329	276.357	269.501	256.67	236.976	216.922	209.026	223.138	252.75	279.66	289.975	280.269	260.998	253.504	268.433	291.644	302.392	295.561	279.221	264.997	263.226	275.765	292.776	299.596	289.713	274.407	273.61	292.204	312.385	315.716	304.515	289.979	272.437	246.411	210.243	164.797	113.459	
100.851	142.782	171.675	188.893	203.91	221.711	241.084	262.096	285.071	301.431	296.139	266.025	228.734	206.945	207.594	219.26	229.655	241.425	260.602	277.609	277.596	262.001	247.857	249.931	268.624	293.917	315.035	325.951	326.802	319.34	303.878	284.052	267.308	258.54	256.697	258.685	264.359	272.006	275.94	278.441	292.828	323.489	353.79	364.1	350.996	323.374	294.011	274.653	267.95	269.371	276.654	289.348	303.041	307.532	294.071	268.329	249.515	251.5	269.774	290.19	304.691	315.988	330.033	343.898	344.521	322.634	285.38	253.673	243.263	248.483	252.47	250.462	253.265	270.184	296.883	320.992	334.37	337.184	333.308	326.474	319.302	310.683	297.96	283.762	274.431	272.697	276.834	285.302	296.202	303.286	301.77	296.781	294.593	289.958	273.785	246.513	219.176	207.944	221.694	250.403	275.194	285.678	279.934	263.196	252.006	261.507	285.499	303.34	304.788	295.78	285.719	279.987	281.089	287.752	292.748	290.189	284.908	285.668	291.137	290.699	278.904	263.599	253.584	245.279	230.262	204.731	167.346	119.493	
112.75	152.666	175.002	185.245	195.261	210.1	228.942	252.847	282.487	307.707	310.336	285.024	249.309	226.395	223.14	228.028	229.984	233.587	246.042	258.228	254.821	236.447	221.807	229.525	259.981	296.744	323.705	336.336	337.56	327.783	306.137	280.307	263.395	259.785	260.631	256.193	249.382	249.185	257.808	275.39	305.91	346.312	379.026	385.963	364.994	327.92	290.54	265.534	256.263	259.237	271.262	288.364	302.848	305.114	290.37	266.283	248.985	248.713	262.635	280.663	294.105	301.394	307.881	316.01	318.144	304.444	277.372	254.949	253.188	266.381	274.72	269.403	260.617	262.863	279.938	303.964	324.183	335.325	337.376	330.931	317.814	301.374	284.54	271.249	265.701	267.688	273.38	281.433	292.25	302.289	307.63	311.687	318.791	321.799	308.06	276.626	242.997	227.821	238.183	259.839	274.827	279.256	275.109	261.758	246.021	243.138	257.969	278.5	293.615	303.19	307.611	303.285	292.901	285.693	284.848	287.041	290.902	293.599	286.882	266.754	241.17	224.019	221.206	224.163	219.881	201.44	167.41	120.699	
128.165	166.612	182.008	185.441	193.279	209.544	229.054	250.966	279.024	307.074	317.395	301.851	274.295	254.729	248.333	244.52	235.551	229.093	234.162	243.934	244.062	231.56	220.705	230.969	265.738	306.673	333.697	343.322	342.415	332.787	312.983	289.861	274.513	268.645	262.796	249.206	233.649	229.059	242.523	274.462	320.131	365.849	392.317	387.809	356.985	315.431	278.417	254.821	246.136	250.395	265.08	283.706	296.105	294.899	280.773	263.159	253.101	254.171	262.772	273.836	282.699	287.094	289.768	293.457	293.859	283.478	264.28	252.066	260.579	282.54	296.254	290.837	276.17	268.574	275.152	291.641	308.501	319.436	323.806	320.785	308.762	290.003	270.755	258.308	257.132	264.928	275.708	287.354	300.418	312.333	320.507	328.87	342.359	353.344	344.667	311.505	272.269	252.428	258.752	273.717	279.09	275.441	269.577	259.155	242.7	230.609	233.57	249.722	272.027	296.22	314.003	314.02	298.163	282.491	278.012	283.836	294.374	298.993	284.912	252.641	219.309	202.226	204.17	213.385	214.339	197.749	162.99	116.044	
139.863	176.96	186.751	185.423	194.283	216.259	239.82	259.7	281.766	305.935	319.25	313.419	297.174	284.364	276.98	265.286	245.179	227.786	224.773	233.349	241.583	241.5	238.322	248.344	279.406	317.253	341.398	347.391	343.683	334.793	320.078	302.801	287.713	274.56	260.16	243.308	227.756	221.78	234.743	271.118	322.362	367.295	385.686	371.52	335.335	295.432	265.679	250.384	247.339	254.111	268.926	285.015	292.489	287.402	274.666	263.737	260.524	262.274	263.845	265.546	269.612	275.005	279.58	281.809	278.456	266.075	249.789	246.04	266.836	301.323	322.928	317.81	297.663	281.749	277.643	282.258	289.622	295.923	301.041	303.231	296.693	279.444	258.867	246.179	247.455	259.528	275.147	291.343	307.943	321.959	330.504	337.387	349.328	361.373	355.544	323.423	282.033	258.331	261	273.463	276.883	271.137	264.674	257.465	246.267	235.934	234.979	245.685	265.168	288.827	306.699	307.365	292.972	279.133	276.7	285.213	298.498	303.812	287.303	251.814	217.815	201.998	204.182	212.755	213.459	195.82	158.68	110.25	
148.459	184.002	188.885	182.516	190.551	216.719	245.074	265.171	282.079	300.171	312.704	313.557	307.426	302.167	296.269	280.066	252.395	227.757	220.332	230.254	247.219	259.425	263.775	270.964	291.686	319.72	338.895	342.71	336.955	327.28	315.307	302.719	289.494	274.341	259.716	247.887	236.551	227.29	231.941	260.446	304.803	343.018	356.774	342.166	310.175	278.525	259.652	255.359	259.983	268.665	280.492	291.67	295.034	288.569	277.677	270.244	269.401	269.648	265.516	261.176	263.565	272.011	280.253	282.886	276.494	260.351	243.326	245.154	278.435	327.723	357.794	349.914	320.363	295.522	283.323	278.315	276.987	279.342	285.581	292.127	289.755	273.676	252.772	240.791	243.342	255.952	271.441	287.477	304.25	318.367	325.232	326.62	329.974	335.332	329.64	303.221	266.693	243.141	244.35	259.426	270.16	271.346	268.157	263.839	259.304	256.883	259.173	266.839	278.535	290.945	297.894	294.448	284.813	278.977	281.415	291.152	304.573	310.252	295.133	262.737	232.505	218.374	218.85	224.745	224.186	205.038	163.879	110.622	
157.523	192.597	193.775	181.098	183.068	206.702	236.055	257.366	273.024	288.168	299.141	301.769	299.998	299.653	297.124	281.863	254.3	231.199	226.867	240.054	260.343	277.134	285.697	291.195	302.285	318.89	331.3	331.981	322.417	308.021	294.029	284.311	277.487	270.355	264.841	261.209	252.487	238.08	232.242	247.081	276.135	302.586	314.075	307.281	288.967	271.822	265.365	270.766	280.755	288.285	294.51	301.25	304.279	299.611	289.149	279.499	275.09	272.054	265.996	261.916	266.322	277.13	287.488	291.828	285.899	268.541	250.103	252.97	291.24	347.261	379.956	367.276	330.058	301.331	288.361	280.829	275.629	276.604	284.182	291.846	288.383	270.65	251.115	243.321	248.518	259.645	270.767	281.682	293.583	303.001	304.766	299.692	294.656	292.882	287.6	270.368	244.928	228.066	233.164	255.017	276.607	287.375	288.016	284.3	282.093	283.238	285.888	289.183	293.067	295.139	292.27	285.481	280.543	281.07	285.693	294.839	308.505	316.581	306.471	280.433	254.363	240.46	239.634	246.135	248.063	229.011	182.235	120.199	
162.697	199.599	201.35	185.464	180.238	196.713	222.86	244.635	261.578	276.52	285.189	284.48	280.47	280.89	282.39	273.617	254.893	242.629	247.48	262.387	276.469	286.917	295.506	304.137	314.605	326.063	332.344	327.099	310.526	288.254	268.623	258.919	258.544	261.986	266.934	270.175	264.629	251.215	242.521	246.354	257.169	267.606	275.172	278.136	276.901	275.829	280.149	291.777	304.463	310.376	312.138	316.265	320.674	317.698	304.567	287.951	276.37	269.718	264.704	264.517	272.121	283.703	294.381	300.985	298.917	284.87	266.77	264.824	293.297	338.51	364.155	350.182	317.085	296.495	291.943	288.456	282.746	282.428	289.169	293.791	284.444	262.803	245.765	244.613	254.899	267.058	276.142	282.699	287.52	287.787	281.499	272.237	265.459	262.477	259.293	250.433	237.02	230.806	243.381	271.247	298.7	313.93	316.448	312.795	309.156	306.077	301.163	295.717	292.611	290.205	285.66	281.466	281.651	283.745	284.166	288.202	300.657	312.809	311.28	293.9	270.93	254.855	252.571	262.338	270.059	253.461	202.397	132.055	
157.746	197.879	205.959	194.574	188.196	199.926	222.367	242.915	259.197	271.766	275.627	268.986	260.311	259.548	264.813	264.982	259.115	260.848	275.276	288.636	290.394	288.124	293.577	308.385	326.567	340.574	343.209	331.347	308.143	279.592	254.188	241.026	241.004	247.862	257.206	265.81	269.699	269.917	270.868	270.673	264.506	256.653	256.306	264.625	275.925	285.941	295.76	309.242	323.815	331.826	333.768	336.875	341.145	337.549	320.607	297.475	279.862	270.541	266.415	267.981	275.833	286.622	297.466	306.801	310.526	303.287	287.115	275.372	281.722	302.626	316.261	308.169	291.782	288.932	298.093	301.789	295.992	291.544	293.695	292.697	276.313	250.224	234.458	238.328	254.132	271.373	284.464	291.328	290.708	282.016	269.182	259.852	257.075	257.638	257.775	254.851	249.751	250.617	265.758	291.943	316.641	331.405	337.121	337.258	332.164	320.871	305.187	290.882	282.982	280.4	280.099	283.42	289.746	289.875	279.511	271.159	277.226	292.227	300.661	292.89	272.455	253.146	248.377	259.995	272.271	259.146	208.215	135.626	
143.987	187.234	205.267	205.337	205.893	218.895	239.511	256.847	268.621	275.906	274.776	264.119	252.642	250.658	257.722	264.035	267.286	277.586	296.008	305.539	296.879	284.446	286.957	307.28	334.118	352.614	353.255	337.112	311.592	281.95	254.061	236.79	232.229	234.998	242.353	254.756	271.845	292.29	309.814	311.864	293.588	269.088	257.727	264.564	280.723	295.646	306.597	318.92	334.664	346.831	351.427	354.095	357.393	353.161	334.751	308.758	287.829	276.805	272.428	272.141	276.363	285.238	297.48	310.899	321.272	321.44	307.163	284.863	268.434	265.68	270.077	271.651	273.947	288.1	310.322	322.704	318.098	308.06	303.192	296.261	274.653	244.931	227.994	232.831	251.648	273.835	291.791	300.071	296.487	283.599	269.561	263.351	265.879	271.979	278.063	281.086	279.465	278.263	284.901	299.866	316.936	332.372	346.499	354.587	348.101	327.727	304.119	287.106	280.028	280.273	284.675	293.772	303.394	299.092	275.698	251.995	248.714	264.304	280.182	279.371	260.557	238.948	231.797	242.573	255.721	245.374	198.506	129.89	
126.046	171.655	200.153	214.13	225.547	242.998	262.504	275.604	282.671	287.884	288.129	279.271	266.852	261.123	264.621	270.432	275.059	284.725	299.053	303.286	290.65	276.24	279.214	303.004	334.5	355.384	355.521	338.962	315.354	288.803	262.792	245.123	237.873	236.229	239.511	251.695	275.202	307.627	336.666	342.728	319.177	284.299	262.96	263.941	279.182	295.92	308.11	319.968	335.753	349.315	354.311	356.427	360.677	358.818	341.841	314.556	290.79	278.951	275.804	274.429	274.677	281.158	294.872	312.281	327.748	333.047	321.187	294.698	266.789	251.601	252.009	260.244	272.956	295.718	326.332	347.739	347.699	334.853	323.837	311.982	287.645	256.084	236.768	239.423	257.941	280.806	297.676	302.511	295.669	282.444	271.202	269.289	277.274	291.268	306.762	316.547	315.165	305.951	297.784	297.324	306.16	324.725	350.146	367.147	359.187	331.362	304.329	290.743	289.525	293.698	298.68	305.808	312.141	302.93	271.936	239.17	229.544	244.28	262.909	264.903	247.502	226.339	218.674	227.49	238.691	229.357	186.995	123.763	
108.772	155.637	192.156	217.415	237.873	258.513	276.246	286.244	292.818	303.334	313.257	311.229	296.902	281.967	275.472	275.427	276.9	280.91	286.454	284.892	273.348	263.214	268.759	292.797	323.965	345.495	348.029	335.32	316.277	295.008	274.837	261.982	256.816	254.362	254.739	262.577	281.174	309.719	337.188	343.329	319.519	282.576	256.825	252.109	263.322	280.115	295.348	309.372	324.327	335.292	338.19	340.829	348.872	351.77	336.68	307.001	280.17	269.419	270.824	272.197	271.006	274.457	286.576	304.214	320.736	328.469	321.99	302.268	278.144	262.619	262.072	271.051	284.645	307.381	339.615	366.039	371.161	359.544	346.065	331.544	306.896	275.909	254.978	254.569	271.329	292.392	304.055	301.383	289.146	275.085	266.516	268.559	281.923	303.788	327.311	341.969	341.562	328.624	310.853	297.508	296.474	313.317	344.527	368.6	363.687	335.732	309.766	300.364	303.716	308.283	307.52	305.675	305.788	296.713	268.969	236.466	223.338	234.666	252.55	256.933	244.349	228.11	222.64	229.833	237.613	226.634	185.606	124.515	
99.0384	146.183	186.007	216.238	240.506	261.394	276.968	286.009	295.634	314.261	334.895	339.268	321.43	295.174	277.234	271.219	270.799	271.359	270.804	266.241	257.742	251.866	257.434	277.052	303.345	323.907	330.438	324.253	312.198	299.093	288.228	282.248	279.039	275.983	275.799	281.223	291.899	307.218	321.77	321.445	298.434	265.334	241.446	234.251	240.703	255.296	272.808	289.271	302.059	308.22	309.003	313.782	326.428	333.86	320.268	288.812	261.168	253.571	260.266	265.715	265.078	264.952	271.299	284.009	298.194	307.835	310.025	304.859	294.773	286.755	286.775	292.51	301.365	318.325	344.716	367.59	372.736	363.019	350.637	336.772	314.739	287.241	266.872	264.24	279.726	300.775	310.578	303.589	286.857	270.459	262.376	266.186	281.346	304.632	328.554	344.535	349.437	343.255	326.803	305.985	292.038	297.009	322.717	350.503	356.554	339.374	318.423	309.372	310.483	309.113	298.335	286.78	284.9	284.719	269.353	241.183	222.354	226.151	242.61	253.475	251.721	245.089	244.329	251.086	255.347	240.371	196.12	132.097	
100.842	148.274	187.125	216.106	239.073	257.673	270.889	279.939	292.292	314.685	338.796	344.9	325.148	293.429	269.544	260.663	260.969	263.258	264.438	263.142	258.334	252.707	253.6	265.594	284.835	302.174	310.367	309.621	305.825	303.529	303.024	300.94	293.866	286.318	287.481	297.101	306.124	309.993	309.312	300.03	277.99	251.172	232.57	225.998	228.49	238.748	255.615	273.043	283.471	284.749	282.436	286.393	299.58	309.52	299.503	271.374	247.239	242.571	250.313	256.317	256.342	254.118	254.343	260.578	272.482	285.553	296.946	306.212	311.828	314.301	316.229	317.438	318.839	326.011	340.073	351.105	349.685	339.75	330.327	320.96	305.733	285.271	267.689	263.173	276.718	299.14	312.648	308.966	293.371	276.647	268.238	270.933	282.47	299.22	315.844	329.437	340.864	346.057	336.973	313.851	288.663	278.225	291.744	319.696	339.921	339.159	324.794	312.349	305.638	295.02	275.068	257.619	258.055	269.85	268.152	243.936	218.079	213.882	230.856	251.529	263.077	267.043	271.338	278.243	279.91	260.974	211.529	141.598	
110.993	159.365	195.747	220.84	239.803	254.205	264.288	272.956	286.014	306.602	326.538	330.388	312.808	284.74	261.65	251.215	251.969	259.434	269.817	277.97	277.445	268.718	262.429	267.63	282.002	295.964	302.375	302.729	304.235	310.341	316.205	312.927	298.134	283.995	285.392	299.796	310.891	309.91	301.229	288.755	271.482	253.036	240.752	235.542	234.052	238.269	252.374	271.316	283.01	281.686	272.722	267.482	273.428	283.524	281.236	263.308	246.041	241.315	243.34	244.168	243.799	243.198	242.765	247.325	260.692	278.513	295.656	312.357	327.775	338.371	342.096	339.069	332.67	328.44	327.249	323.202	313.167	302.988	298.638	297.584	293.171	282.256	267.933	260.064	268.707	290.126	308.447	313.033	304.777	292.24	285.146	286.308	292.73	300.552	306.617	312.856	323.63	333.757	330.664	310.034	281.831	263.231	267.164	292.302	321.023	332.945	325.112	310.812	297.745	280.409	255.719	235.601	235.783	251.546	256.604	236.485	210.194	205.716	226.743	254.488	272.799	281.448	287.39	292.95	292.374	271.752	220.009	146.488	
122.787	171.999	206.364	228.265	243.024	252.148	258.303	266.297	279.285	296.259	309.771	310.557	297.606	277.523	257.425	243.889	242.618	255.289	277.282	296.972	301.173	289.089	276.435	278.154	292.684	306.777	310.717	307.556	307.709	314.558	319.587	312.495	293.743	276.744	274.558	284.753	293.251	292.045	285.432	278.973	272.431	265.472	259.997	254.774	247.735	244.895	255.838	278.005	295.496	294.974	277.326	257.303	251.911	262.097	271.042	267.197	256.985	248.312	239.766	232.017	230.693	235.048	240.316	249.597	267.666	288.402	304.228	317.994	333.207	345.607	349.526	344.124	333.384	321.786	309.509	294.405	279.446	272.089	275.096	283.635	289.738	286.751	274.319	262.685	265.441	283.22	303.824	316.587	318.036	312.704	309.408	311.229	314.595	315.077	310.623	305.135	305.473	310.589	310.121	296.264	273.463	255.624	255.308	274.658	301.768	318.404	318.038	308.951	296.825	278.35	253.429	232.223	226.642	234.477	236.737	222	206.377	213.171	240.879	267.407	279.546	283.006	285.991	288.321	284.621	263.681	214.11	142.768	
129.268	177.359	209.911	230.388	242.569	247.154	249.61	257.002	270.056	284.351	293.384	292.734	284.574	271.974	254.918	238.319	233.371	246.905	274.398	301.062	310.134	298.71	283.865	284.8	302.005	319.118	322.299	314.566	309.301	311.05	311.139	302.433	287.728	273.731	264.922	261.96	261.777	261.212	261.041	263.949	269.837	275.48	276.921	270.554	257.341	248.118	256.138	280.8	304.493	307.217	284.546	254.395	242.191	254.666	274.188	281.863	275.239	260.019	240.966	226.504	225.416	234.846	246.123	260.214	280.793	299.52	307.552	310.431	316.486	323.971	326.552	322.087	313.645	304.081	291.636	274.955	260.482	257.061	265.838	280.524	292.013	292.318	281.02	268.926	269.184	283.34	303.147	320.332	329.144	330.673	332.208	336.051	337.409	332.21	320.294	305.031	292.796	288.41	288.191	282.148	267.404	253.694	252.02	264.084	282.836	298.49	306.396	307.847	301.934	285.879	263.457	243.413	231.659	226.961	221.404	212.542	213.704	236.89	269.488	286.692	283.484	275.98	274.322	273.193	265.049	242.552	196.927	132.227	
125.537	169.713	200.15	220.742	232.973	235.845	236.022	242.274	254.436	266.525	273.221	273.228	270.336	265.636	254.852	240.085	232.56	240.041	260.317	283.714	297.106	294.151	284.809	286.354	302.877	320.296	323.907	315.647	308.307	306.305	303.936	299.232	293.771	284.03	267.478	250.507	241.005	239.516	242.819	250.905	264.673	279.576	286.963	280.791	264.014	250.18	253.788	276.188	301.998	309.844	292.009	265.407	255.722	270.248	292.313	301.595	292.11	269.827	244.996	229.704	230.567	241.282	252.604	266.034	284.36	298.172	298.479	290.807	285.239	284.322	284.58	283.269	281.959	282.044	279.037	268.995	257.911	255.579	264.528	279.333	290.745	291.424	282.661	274.296	275.289	285.744	301.051	316.742	327.704	333.125	337.601	341.633	340.493	333.022	321.841	307.161	290.167	278.233	275.086	272.319	262.915	253.765	253.841	261.571	272	284.347	297.865	307.6	306.29	291.847	271.906	255.042	242.019	230.275	220.083	217.324	232.101	264.585	294.043	297.982	280.269	263.905	258.99	255.463	243.413	219.3	178.222	121.67	
113.493	152.873	181.237	202.381	216.631	221.381	221.801	226.651	236.576	245.982	250.677	251.835	254.922	260.235	260.485	253.493	246.057	243.426	246.925	257.829	273.058	283.866	287.071	290.979	302.292	314.43	317.634	313.424	309.677	308.147	307.951	311.686	315.276	306.253	282.341	256.928	242.426	239.22	242.28	251.048	266.871	284.924	295.768	292.591	276.703	259.237	254.267	267.349	290.03	305.354	304.315	296.337	296.928	309.149	321.147	319.175	300.052	271.599	246.722	235.831	238.709	245.896	252.252	262.584	278.011	288.094	284.923	272.982	261.354	255.475	254.745	256.081	260.43	269.122	275.89	273.792	266.631	263.896	269.564	279.919	287.465	287.387	282.076	277.956	278.73	283.32	290.234	299.028	307.275	312.763	315.765	315.587	311.488	307.855	308.738	308.071	298.074	283.781	274.363	267.645	259.022	254.812	260.783	269.945	276.065	284.39	298.699	311.181	310.584	294.936	274.291	258.911	248.552	239.143	233.026	237.864	258.332	286.501	302.138	291.647	265.199	245.168	239.238	236.09	225.187	204.139	169.317	119.652	
100.837	137.07	163.534	184.264	200.942	210.266	213.842	218.477	225.982	232.068	233.913	235.626	244.793	260.63	272.51	273.88	267.275	256.148	244.711	242.199	254.532	274.407	289.739	298.847	306.626	312.357	313.37	312.449	312.114	311.167	313.474	324.377	333.214	322.275	293.873	266.888	252.95	250.124	253.385	262.354	277.284	293.778	305.573	307.003	294.721	273.605	257.06	257.003	274.172	298.76	321.42	339.892	353.439	358.762	351.904	331.082	299.744	267.397	245.966	240.512	243.554	245.571	248.727	260.39	276.289	283.002	275.778	262.159	251.779	249.775	253.7	257.93	263.599	274.072	283.818	285.624	282.586	282.23	286.185	290.651	291.713	288.994	285.192	282.209	279.589	276.315	273.386	273.642	277.296	280.151	277.544	269.09	261.397	265.592	284.962	305.604	310.417	299.493	284.383	270.542	259.78	259.28	271.574	285.182	291.186	296.885	309.996	322.898	321.613	302.757	277.618	259.853	252.258	250.605	254.586	267.495	287.546	303.218	300.398	276.583	245.67	225.665	221.63	223.508	219.981	205.762	175.878	128.443	
94.4361	130.48	155.657	174.722	192.538	206.22	213.684	218.83	223.711	225.469	224.075	227.377	243.38	267.814	286.656	291.28	283.582	268.91	253.103	244.39	249.444	265.733	284.127	299.51	310.711	315.39	314.482	313.207	312.327	309.441	310.342	321.161	329.114	316.29	288.11	264.555	254.718	254.689	259.615	268.971	282.398	297.313	310.893	317.241	307.696	282.491	256.257	246.489	260.363	293.985	338.366	380.334	403.83	400.479	375.138	338.188	299.067	266.917	249.492	245.968	246.034	244.658	250.651	269.437	287.523	287.62	270.657	252.109	245.282	253.535	268.881	280.132	286.774	294.362	300.671	301.67	301.68	304.996	308.287	307.143	302.185	297.256	294.255	290.73	283.715	273.464	263.342	258.122	258.854	258.807	249.222	230.868	218.038	227.74	261.118	297.93	315.817	311.471	296.279	280.09	269.138	270.351	284.507	300.442	308.851	315.473	328.318	340.157	335.856	312.318	283.058	263.884	259.067	263.978	275.172	291.661	308.284	313.429	298.313	267.622	237.031	220.911	222.163	231.092	233.927	221.38	188.868	137.717	
98.1382	137.864	163.5	179.711	194.971	208.717	217.198	221.562	223.109	220.504	217.548	224.904	247.533	275.929	295.098	297.974	288.282	274.845	264.168	257.433	254.556	257.305	267.799	285.85	305.022	315.992	317.71	316.509	314.443	309.556	306.096	309.143	309.379	293.956	268.959	250.91	245.551	247.87	253.192	261.334	273.708	290.743	309.805	320.767	310.822	280.982	250.04	237.711	251.72	291.034	348.133	403.36	431.024	421.066	386.019	344.176	306.663	279.184	263.762	256.177	249.665	246.585	258.226	283.627	300.724	291.39	263.554	239.72	235.811	254.091	282.936	305.538	316.427	320.683	320.428	316.973	316.089	318.457	317.542	311.077	304.305	302.498	304.329	302.934	294.261	281.231	269.819	265.111	266.889	265.705	249.892	221.584	201.373	210.073	245.823	284.925	305.912	306.708	297.855	288.524	283.757	287.319	299.353	313.533	323.789	332.595	343.915	349.73	337.114	308.419	281.172	268.434	268.984	275.837	285.791	298.657	310.482	311.301	294.426	266.489	242.954	235.13	242.77	254.745	255.658	235.36	193.078	135.902	
111.882	158.049	185.06	196.768	205.296	214.13	220.104	222.428	221.563	217.58	216.496	228.366	253.142	278.386	292.725	293.123	283.795	274.056	270.197	268.09	260.73	250.511	248.752	263.513	288.438	308.805	318.491	321.587	321.194	316.843	310.302	304.181	294.095	274.847	253.09	239.927	236.842	238.241	240.673	245.751	257.93	279.615	305.19	319.02	306.744	273.56	242.5	231.855	245.802	284.059	341.821	398.777	426.908	416.83	384.608	350.428	323.086	303.037	287.25	271.862	257.443	252.444	265.75	289.691	299.953	282.971	251.837	229.232	228.845	252.882	290.836	323.732	340.405	342.617	335.519	325.654	319.803	316.162	308.159	297.38	292.311	297.235	306.527	309.784	303.292	292.919	286.26	287.275	293.544	293.157	272.707	236.039	208.128	211.162	240.168	270.353	284.791	286.302	285.784	288.732	294.603	302.598	313.036	324.509	334.07	341.428	346.83	342.34	319.649	288.893	270.896	271.343	278.549	282.848	285.329	290.507	297.226	297.017	283.65	263.294	249.699	250.72	262.45	272.603	266.976	237.484	186.928	126.387	
127.609	178.495	205.463	212.477	214.318	217.502	220.34	221.904	222.573	222.348	225.508	238.495	258.362	274.7	282.53	282.636	277.131	271.252	269.745	269.235	261.711	246.849	236.724	244.501	268.375	293.835	311.241	321.004	325.544	325.24	320.021	310.034	293.997	272.822	253.845	243.329	238.893	235.045	230.959	231.452	243.32	268.235	296.983	311.653	299.033	266.749	238.057	228.037	237.68	267.05	314.766	365.394	394.73	392.964	372.673	351.356	335.787	322.892	306.898	286.51	268.23	261.883	271.229	285.575	286.121	267.251	242.286	226.866	229.44	253.196	291.703	327.906	348.083	350.172	339.164	324.382	314.008	306.227	295.012	282.522	277.457	283.921	295.462	301.525	299.558	296.052	297.247	304.849	314.84	314.734	292.067	252.839	222.706	221.847	243.198	262.863	268.107	266.463	270.504	282.364	295.634	307.149	319.311	332.226	340.961	342.785	339.099	325.838	299.014	272.605	266.783	279.218	289.774	288.5	282.026	279.047	280.032	277.771	266.92	252.574	245.448	250.574	263.046	271.395	263.231	231.915	180.799	121.131	
133.154	184.066	210.42	216.374	215.884	215.652	216.366	219.881	227.156	235.025	242.064	251.213	261.647	268.559	271.78	273.764	273.917	271.407	268.071	265.158	259.133	246.696	234.663	235.903	253.209	276.243	295.566	309.895	320.687	327.329	327.708	320.416	305.426	286.294	270.161	260.297	252.283	241.221	229.141	224.376	234.809	259.967	288.948	305.149	296.616	269.022	241.865	227.763	227.397	241.769	273.304	314.861	348.628	360.804	353.909	340.912	330.368	320.266	305.223	286.707	272.833	269.878	276.108	281.595	276.784	262.912	248.335	238.974	239.669	255.956	285.498	315.378	333.653	336.354	325.89	311.255	302.184	298.429	292.376	281.295	271.507	270.136	275.53	280.478	283.155	287.81	296.773	308.272	317.278	314.248	292.14	259.293	237.013	239.361	257.977	271.659	270.486	264.03	266.044	277.336	289.21	300.04	315.707	334.489	344.763	340.792	328.713	311.887	289.676	273.688	278.645	296.844	306.042	298.731	285.169	275.431	270.259	264.098	253.538	242.145	236.205	239.342	249.708	258.138	252.017	224.52	178.462	122.81	
125.037	174.062	203.006	213.046	213.261	209.96	208.357	214.951	230.59	246.524	254.893	257.745	259.844	261.741	264.123	268.702	273.454	273.535	268.312	262.773	258.084	250.129	240.965	239.957	251.23	268.253	283.197	295.248	307.23	318.829	326.273	326.16	317.392	303.113	289.831	280.351	270.341	255.315	239.064	232.112	241.647	265.15	293.008	311.671	308.649	285.087	256.161	233.585	219.489	216.423	230.753	263.693	303.072	329.257	332.599	321.055	307.191	293.73	278.535	265.891	262.825	269.873	280.305	285.983	284.983	281.362	276.241	267.956	261.199	264.479	278.098	293.433	302.985	303.796	296.46	287.945	287.359	294.441	298.442	290.663	275.319	263.801	260.394	261.387	265.408	275.125	289.875	303.577	308.998	301.24	281.732	261.294	254.15	265.769	285.96	297.183	292.578	281.538	276.715	279.45	283.304	289.639	305.771	327.387	338.135	330.515	314.199	298.978	286.729	283.392	295.851	314.469	320.455	309.623	293.182	280.936	273.043	264.485	253.459	242.325	233.458	230.427	236.022	243.244	238.078	213.909	174.036	124.227	
112.423	161.995	197.308	212.929	212.507	204.952	201.49	211.109	231.899	250.267	256.144	253.96	252.976	255.3	259.173	264.435	269.663	270.77	267.209	263.877	262.096	258.709	255.337	257.928	268.2	280.119	286.281	286.796	288.633	296.679	308.689	318.047	318.852	310.873	300.021	291.245	282.446	269.817	257.839	256.774	269.811	291.032	313.902	330.1	327.577	304.109	271.974	242.099	217.116	200.541	201.415	226.215	266.751	300.395	309.249	296.651	277.586	259.444	243.914	237.426	245.442	263.995	283.153	296.259	305.056	312.586	314.169	304.667	289.847	279.696	275.708	273.152	269.752	265.777	262.399	264.091	275.406	292.661	303.371	298.138	282.037	267.914	260.703	257.071	256.94	265.463	283.212	300.603	305.546	295.052	278.307	269.296	276.272	296.558	317.718	326.39	320.134	307.388	297.11	291.239	287.366	287.535	296.691	310.567	315.655	305.977	290.646	280.38	277.633	283.428	298.757	315.203	319.513	309.388	294.895	285.74	281.434	275.177	264.598	251.592	237.439	226.881	225.821	228.546	221.124	198.547	164.385	120.735	
107.326	159.794	200.441	217.733	213.557	202.767	201.259	215.299	237.405	252.376	253.542	249.272	249.55	254.016	257.754	259.8	261.308	262.541	264.804	269.151	272.658	274.001	277.988	288.039	300.525	307.361	302.236	286.681	270.843	266.443	276.75	293.539	304.336	303.004	293.898	285.037	278.397	272.422	272.06	284.831	306.788	326.287	339.377	345.289	336.691	311.514	280.028	250.741	224.53	204.344	199.117	215.808	248.449	276.968	283.517	269.719	250.12	233.531	222.956	223.916	239.114	262.698	285.62	304.063	320.491	334.897	340.21	331.356	313.489	294.828	277.082	259.371	244.485	236.414	237.785	250.157	271.304	292.682	302.878	297.497	285.004	276.499	272.322	266.13	259.127	262.254	281.626	305.893	315.305	303.915	286.61	282.369	296.175	318.828	336.684	341.494	335.838	327.057	318.891	311.756	305.252	299.387	295.759	294.112	289.283	278.223	266.245	260.2	260.954	267.445	279.827	293.539	299.585	294.467	285.176	281.592	283.741	282.758	274.017	259.13	240.818	225.26	218.546	215.48	204.541	182.917	153.121	114.074	
114.069	168.421	208.842	222.514	213.706	203.02	207.624	227.797	250.854	263.034	262.15	258.372	259.794	263.279	263.05	259.717	257.314	259.335	267.64	278.759	286.383	292.425	304.874	323.041	336.158	335.272	319.687	293.453	264.107	244.667	245.14	260.958	276.803	281.018	274.262	264.982	258.972	258.886	270.589	297.493	328.664	347.705	352.021	347.193	332.617	309.071	284.964	264.844	246.83	232.824	229.402	239.495	256.633	267.168	261.962	246.17	231.977	224.89	225.394	235.057	252.308	271.149	287.489	302.766	319.477	334.73	342.004	337.621	323.435	303.271	278.933	253.224	232.691	223.741	229.391	248.178	273.031	293.276	299.991	293.231	283.64	280.821	281.499	275.553	263.759	262.71	285.287	318.867	334.28	319.839	295.801	288.722	302.559	322.377	334.207	335.184	331.882	330.616	330.751	329.444	325.143	315.514	301.216	287.492	276.313	265.555	255.989	250.019	246.693	245.623	250.466	261.829	272.578	275.329	272.391	272.85	278.183	279.817	272.157	257.311	240.065	226.039	217.978	210.519	196.102	174.269	146.204	109.09	
126.061	179.605	215.743	225.102	215.087	207.82	218.682	243.734	269.267	284.188	286.886	285.03	284.894	283.582	277.255	269.372	265.39	267.707	275.982	285.509	292.274	302.393	323.426	348.076	359.793	352.507	334.103	309.84	278.161	246.396	230.234	234.257	247.244	255.415	253.578	245.493	238.215	239.611	257.225	290.521	324.841	343.771	345.902	338.452	324.407	307.242	293.856	285.483	278.8	275.381	278.822	286.001	287.249	275.307	254.104	236.371	230.973	236.143	247.386	262.615	277.065	285.105	287.967	292.734	303.198	316.149	326.737	330.822	324.59	307.399	282.654	256.587	236.941	229.903	237.096	254.617	275.258	291.565	296.998	290.434	280.468	277.306	279.019	273.813	260.597	258.746	285.572	327.064	346.176	326.324	292.717	279.562	291.115	307.903	315.474	314.346	312.498	315.639	322.315	327.78	327.781	318.277	300.991	284.968	275.032	267.907	260.846	253.464	244.213	234.365	231.212	239.647	253.984	263.903	266.962	268.914	271.493	269.248	259.689	247.422	237.865	232.191	227.107	217.29	200.151	177.73	149.878	112.411	
130.764	182.053	215.523	225.883	220.907	219.184	233.06	258.988	286.997	308.318	317.71	317.644	314.213	307.644	296.357	285.426	280.458	280.147	280.54	279.926	281.358	293.291	318.915	346.207	358.749	355.122	347.125	336.36	310.665	270.639	236.513	223.674	229.377	240.969	246.461	241.275	231.217	229.194	245.265	276.409	307.39	325.489	330.672	327.655	318.711	308.478	303.303	303.585	306.282	312.051	321.52	327.8	319.052	292.069	260.585	243.222	245.421	258.746	274.931	290.685	300.671	299.524	290.51	283.447	284.763	294.601	310.18	324.308	326.469	313.118	291.106	269.539	254.674	250.403	256.281	266.507	276.448	285.448	290.012	284.87	273.586	266.93	266.811	262.344	250.158	248.157	274.535	316.456	335.755	313.873	276.451	259.702	268.671	283.708	290.944	290.643	288.343	289.403	295.93	304.926	309.579	303.514	288.937	276.505	271.81	270.739	268.704	264.116	255.498	243.886	236.031	238.664	250.073	262.182	269.669	271.833	267.699	256.516	242.969	235.453	237.064	241.73	240.831	230.637	213.335	192.659	166.241	127.357	
123.309	173.002	208.365	225.263	228.886	232.45	245.944	269.089	297.13	322.945	337.227	337.67	331.117	321.633	308.563	296.089	289.591	285.216	276.136	264.583	260.025	269.631	291.551	315.629	332.585	343.301	354.134	359.215	341.058	298.055	252.927	228.087	228.573	244.379	257.861	255.958	242.086	233.291	243.219	268.783	295.149	312.275	320.301	320.694	314.428	307.426	306.605	312.771	322.461	332.661	341.083	343.028	330.811	303.435	274.458	260.165	263.521	276.145	290.884	304.619	312.507	309.822	298.51	286.013	279.615	284.371	301.011	320.841	329.261	321.2	305.406	290.611	279.508	274.883	277.146	279.413	277.429	275.675	275.488	270.83	260.819	253.954	254.37	253.629	245.737	242.343	259.656	291.344	307.731	291.253	260.367	244.48	249.478	261.766	270.875	274.024	270.978	266.261	267.763	276.953	285.386	283.423	272.237	263.205	263.004	267.586	271.765	274.502	274.729	270.16	262.225	257.07	259.253	267.824	277.355	279.608	268.516	247.541	229.604	226.295	236.454	247.865	250.277	242.236	227.999	211.321	187.579	147.171	
111.938	161.665	200.978	224.068	233.418	239.431	251.554	271.323	295.922	319.861	334.116	334.465	326.858	317.082	304.827	292.635	285.93	280.963	269.145	253.226	244.456	247.417	258.348	274.212	295.419	321.644	348.145	362.382	349.215	309.578	265.218	238.816	239.12	259.146	278.997	280.055	263.048	247.244	250.282	271.594	296.425	313	319.16	315.644	305.829	298.742	301.859	314.684	330.461	340.363	340.318	333.522	322.726	307.702	291.641	280.397	276.721	280.254	289.452	300.612	308.724	311.282	308.552	301.345	292.956	290.76	299.983	315.867	326.464	326.749	322.231	315.329	303.853	292.806	288.524	285.53	276.779	266.59	260.502	255.871	249.711	246.053	249.436	255.275	255.255	251.566	256.259	272.538	285.074	279.141	261.507	249.58	249.599	256.73	265.693	271.227	267.862	258.577	254.933	261.972	270.838	269.872	259.27	251.062	253.201	261.284	269.539	279.113	290.482	297.327	294.388	285.453	279.529	282.666	291.702	293.729	277.907	249.602	227.003	223.128	234.199	246.634	251.549	247.575	236.953	222.575	199.906	158.466	
104.593	154.992	196.524	221.426	231.64	238.491	251.923	270.92	289.314	304.245	313.663	315.084	309.928	301.237	289.834	279.499	276.759	278.238	272.232	257.373	243.779	236.689	234.92	242.208	265.347	301.228	335.079	350.724	339.543	307.342	272.763	253.288	256.287	277.239	298.805	301.874	284.502	264.779	262.962	282.662	309.119	324.916	323.725	309.414	291.975	283.817	291.4	311.261	332.143	340.087	331.146	317.579	312.252	313.311	310.426	298.833	284.287	277.231	281.537	290.821	298.879	307.088	316.374	320.783	316.329	308.336	304.804	308.221	315.276	323.345	331.417	332.524	319.737	300.621	288.317	281.967	273.33	263.181	256.74	253.587	250.041	246.872	249.77	259.589	267.834	268.211	267.092	273.8	284.863	288.999	284.11	277.605	274.641	275.624	279.508	282.378	278.402	268.888	263.575	266.755	270.382	264.812	251.519	242.578	245.836	255.83	265.849	278.887	297.354	313.354	318.14	312.761	305.667	305.18	311.295	311.744	294.217	263.432	237.141	227.37	231.62	240.131	245.936	244.914	235.207	219.169	194.891	153.639	
101.087	151.279	192.212	216.113	226.57	236.741	255.507	275.783	286.048	288.177	291.337	296.222	296.2	287.903	275.414	268.769	276.16	290.486	293.048	277.014	253.473	233.753	222.495	226.26	251.936	293.059	329.201	343.165	332.337	307.318	284.352	274.289	279.577	296.879	314.922	318.403	302.946	282.791	278.93	298.764	327.337	341.135	330.443	304.533	280.201	270.329	279.071	302.103	326.391	334.914	323.982	310.979	313.124	325.23	327.908	311.923	288.136	275.124	278.621	287.869	294.79	304.681	321.315	335.37	336.615	326.165	312.01	302.144	301.822	312.035	327.179	334.3	323.841	302.411	284.656	274.905	268.658	264.68	263.89	263.556	259.077	250.976	247.712	255.708	269.092	277.532	281.156	288.069	299.455	307.942	309.956	309.024	307.997	306.803	305.427	303.322	298.531	291.737	287.002	284.187	277.381	263.515	247.772	240.203	245.755	258.379	271.037	285.678	304.375	320.726	328.115	327.098	322.515	320.145	321.929	319.999	304.37	277.512	251.633	235.736	230.9	232.919	236.034	233.827	222.324	203.574	177.588	138.039	
99.1747	148.164	187.217	210.639	224.391	241.157	265.637	285.01	285.976	276.97	276.671	286.655	291.326	281.53	266.989	266.345	287.914	316.249	323.853	300.984	262.974	229.825	213.228	219.929	251.736	297.28	334.209	346.737	335.771	314.527	298.668	295.158	301.756	314.692	327.704	329.723	315.351	296.138	292.69	312.928	340.903	350.955	333.5	301.79	274.87	262.745	267.88	288.895	314.933	327.874	322.753	316.63	325.893	342.883	345.08	322.976	291.799	275.122	278.736	287.99	292.806	300.536	318.081	336.834	343.874	336.308	320.044	304.247	297.618	303.565	316.413	323.844	317.335	300.371	283.005	270.814	264.698	265.285	270.231	272.547	266.017	252.471	242.831	246.691	261.742	277.851	289.504	298.82	307.368	312.71	314.926	318.165	323.946	329.523	331.727	329.457	324.145	318.263	311.803	300.648	282.331	262.07	248.615	247.127	257.33	274.139	291.682	307.904	321.344	328.196	327.503	322.645	316.606	311.745	309.951	307.662	298.101	280.341	259.596	242.285	232.746	229.811	227.736	220.927	207.211	187.627	160.872	122.483	
97.191	144.518	182.521	208.023	228.058	251.586	277.362	291.093	283.763	269.218	268.72	281.619	287.435	275.984	261.809	267.952	300.694	338.169	348.256	320.344	271.633	227.625	207.04	218.107	256.652	305.068	340.813	351.447	339.509	318.071	303.11	301.744	310.035	322.104	331.878	330.504	314.763	297.014	295.943	315.591	339.188	344.947	326.732	297.53	273.181	260.034	260.527	277.36	303.448	321.4	324.366	326.327	341.705	362.57	365.309	338.692	299.56	275.714	274.691	280.599	281.778	285.024	299.18	319.381	333.739	336.08	328.116	315.902	306.298	303.253	304.961	305.353	300.268	290.941	280.414	270.098	262.786	263.086	269.931	274.233	268.042	253.869	242.961	244.543	258.545	277.193	291.609	298.67	300.66	299.854	299.068	303.458	315.991	333.293	346.656	349.296	343.605	336.004	326.146	308.215	283.004	261.749	254.295	259.866	273.649	293.513	316.093	334.708	343.129	338.87	325.372	309.845	296.903	287.701	283.285	282.684	280.862	272.674	258.025	243.471	235.899	233.656	229.252	219.271	204.696	184.244	153.714	111.939	
94.0516	139.014	177.196	207.354	235.349	264.197	287.055	292.706	280.052	264.677	263.575	273.693	276.87	266.358	256.456	266.682	301.546	341.579	357.347	335.717	288.128	239.394	214.06	224.439	263.561	309.363	339.959	346.529	332.51	309.365	292.493	290.584	300.693	314.492	322.665	317.517	300.616	286.176	288.404	305.673	322.709	325.475	311.795	291.001	273.238	261.988	260.301	273.628	298.145	318.036	324.877	330.348	349.325	375.548	383.467	357.053	311.807	278.693	268.579	267.584	264.137	262.91	272.432	291.814	312.755	327.558	332.778	328.78	317.815	303.439	290.327	281.509	276.898	275.021	273.289	268.529	262.427	262.39	270.543	277.701	274.681	263.901	255.042	254.675	263.782	278.238	289.475	292.654	291.173	288.59	285.791	287.173	299.349	321.483	341.258	347.05	341.966	335.733	327.767	310.415	285.408	266.067	261.638	268.215	280.424	300.193	326.211	348.174	356.339	348.141	328.169	305.677	287.282	273.573	264.818	262.585	263.877	260.558	249.264	238.033	236.081	240.354	240.525	233.236	219.923	196.076	156.355	105.813	
91.4186	133.077	171.014	206.15	242.453	276.903	297.859	297.595	282.037	266.414	262.211	266.05	265.771	258.282	252.996	261.689	289.465	326.635	350.767	344.082	307.838	262.207	233.962	238.751	270.765	308.256	330.933	332.235	316.545	293.918	277.049	274.181	284.288	298.517	305.239	298.521	284.259	275.895	281.075	294.134	304.059	304.508	295.794	283.639	273.8	267.383	266.526	277.353	298.846	317.279	322.737	325.408	342.563	371.26	385.5	365.358	322.623	286.593	269.513	262.106	256.051	253.911	260.758	276.678	297.561	317.586	330.673	332.19	319.666	296.178	273.228	261.546	260.482	262.887	264.193	262.959	261.807	267.844	282.179	294.071	294.481	286.667	277.972	272.06	271.782	277.818	284.445	287.293	289.063	290.277	287.067	282.345	286.332	301.91	317.593	322.322	320.726	322.359	323.549	313.567	293.094	274.782	267.236	267.953	275.085	293.392	321.019	345.141	355.038	348.629	330.848	311.234	295.246	280.229	265.16	255.264	252.303	248.718	238.66	229.187	230.967	242.003	250.67	250.793	240.508	212.711	163.472	103.956	
92.6034	131.406	167.39	204.453	246.724	287.741	311.686	310.757	293.989	277.184	270.151	270.429	269.079	263.571	258.598	260.428	276.046	305.177	332.15	336.758	313.548	277.594	252.309	252.386	275.191	303.756	320.016	317.693	302.353	283.931	270.996	268.379	276.216	287.485	291.552	285.333	276.594	274.903	281.478	289.415	292.729	290.126	282.705	274.484	269.956	268.94	270.757	279.57	297.039	313.542	318.037	316.481	326.067	348.842	364.339	353.946	324.04	295.556	278.412	269.47	266.217	269.252	277.475	288.32	300.671	313.377	322.484	322.444	308.45	282.976	260.962	255.485	261.019	264.009	261.344	259.067	264.275	281.288	304.566	319.931	320.959	313.253	301.253	286.462	275.299	273.282	277.064	282.345	289.207	294.004	290.123	280.459	276.539	282.644	290.499	293.53	297.296	307.817	317.748	315.119	300.095	283.279	271.961	266.501	269.251	285.547	311.539	333.694	342.223	336.397	322.891	311.616	304.465	293.514	275.606	258.829	250.578	246.505	238.16	228.085	227.287	238.39	251.723	257.619	250.116	221.772	170.187	107.591	
99.5478	138.704	172.33	206.537	248.451	292.706	321.66	324.55	309.171	292.414	286.036	288.568	290.115	285.904	278.28	272.132	275.605	292.551	312.372	318.21	304.588	281.84	265.247	264.391	279.437	300.354	312.515	309.066	296.078	284.133	278.188	278.041	282.928	288.741	288.907	283.41	279.026	280.178	284.186	285.746	283.28	277.905	270.155	262.42	258.842	259.944	263.545	270.883	285.309	302.771	311.993	310.913	311.782	322.304	333.09	330.985	316.317	298.997	285.557	279.235	283.287	296.167	310.231	318.551	320.344	318.442	314.231	306.555	292.02	271.66	258.262	262.101	273.69	277.177	271.52	267.99	277.212	300.701	326.54	339.143	336.809	327.389	311.906	290.052	271.412	264.851	268.26	276.76	287.222	292.857	287.664	276.675	270.619	271.685	274.036	276.16	283.339	296.959	308.398	308.523	298.853	287.433	278.439	272.086	271.872	282.962	302.001	317.764	321.841	314.1	302.902	298.48	300.381	298.235	286.921	273.52	267.426	266.618	260.145	245.933	236.009	239.247	249.364	254.571	247.536	222.869	177.354	118.006	
111.993	155.804	189.134	217.529	251.3	289.922	318.866	325.699	314.111	299.958	296.976	304.614	311.824	311.751	304.993	295.988	292.221	297.178	304.736	306.203	299.826	290.81	284.512	283.597	289.211	298.764	304.501	300.823	292.196	287.962	290.379	294.429	296.941	297.364	294.839	290.846	288.541	287.74	284.718	277.542	268.755	261.46	255.444	249.424	244.479	242.782	245.051	251.881	265.878	286.186	302.817	307.198	304.951	307.18	314.077	316.717	310.513	298.332	285.835	281.133	291.083	312.983	335.46	347.546	345.358	331.938	313.718	296.719	281.435	267.044	261.134	270.015	284.817	292.498	291.512	290.371	298.843	318.294	336.482	340.159	331.858	320.83	305.825	284.072	264.599	257.549	263.099	276.982	292.989	300.764	294.673	282.44	274.917	272.444	270.637	271.537	279.215	290.618	297.467	295.729	289.902	286.384	285.386	283.206	280.993	284.237	292.987	300.098	299.021	290.142	281.255	280.257	286.878	294.385	297.657	298.92	304.182	310.372	304.256	282.274	260.02	252.121	254.365	254.065	245.286	225.465	188.716	134.286	
126.657	176.497	211.868	235.693	258.462	284.502	306.443	313.621	305.382	294.474	294.214	304.013	314.413	320.197	320.898	318.407	316.054	314.321	312.167	310.727	311.636	314.147	314.585	309.787	301.147	293.306	288.447	284.827	283.014	287.369	297.246	304.757	305.542	303.107	301.278	300.569	300.376	298.277	290.049	275.088	258.927	248.026	243.18	239.116	231.955	225.373	225.901	235.038	250.757	270.797	288.874	297.302	298.568	303.183	313.086	318.591	312.876	298.803	284.168	278.819	290.138	316.093	345.635	365.182	365.97	348.52	321.942	297.595	279.469	266.298	261.971	270.294	285.719	299.659	307.413	309.645	312.987	321.947	329.272	324.779	311.845	300.569	290.17	275.152	260.481	256.293	266.334	287.812	311.912	324.622	318.591	302.327	288.889	280.928	276.062	276.918	284.641	292.09	291.61	284.447	279.046	281.356	288.005	291.149	289.761	289.543	291.699	290.787	283.764	274.502	268.681	268.4	274.148	286.611	303.633	322.709	343.52	358.569	352.122	321.781	288.272	270.602	265.228	259.26	248.46	231.862	201.116	149.72	
136.539	189.194	226.663	249.999	266.886	283.217	297.761	302.405	294.046	283.602	282.577	288.694	295.744	304.208	315.171	326.406	333.363	332.034	326.663	326.811	335.057	344.215	344.278	330.379	306.028	281.416	266.631	263.471	268.147	278.832	292.416	301.122	301.768	300.301	301.258	303.199	305.679	308.086	304.171	289.011	267.563	250.189	241.189	234.455	223.752	214.845	218.884	235.755	255.213	270.759	280.881	284.697	287.279	297.774	313.834	321.331	313.629	297.852	284.492	281.695	294.144	320.548	352.215	375.138	378.043	360.153	331.087	303.198	281.877	267.005	261.057	266.077	278.995	294.623	305.98	307.9	304.749	304.625	305.904	299.982	287.458	277.662	271.94	264.131	256.112	257.757	274.084	301.177	328.826	343.774	338.534	319.496	300.475	288.895	285.274	289.725	298.166	300.474	291.255	277.219	270.37	275.428	285.518	291.963	295.592	301.47	305.766	299.891	285.697	273.917	268.827	266.369	266.969	277.292	299.335	329.148	360.946	381.993	375.159	340.471	301.643	278.582	268.05	258.691	247.511	233.021	205.068	155.08	
135.136	185.791	223.506	249.238	267.498	283.057	296.431	299.321	287.808	274.034	268.985	268.748	269.433	276.593	294.197	317.44	335.036	339.149	336.819	341.526	354.753	364.534	358.919	336.098	302.698	269.948	249.779	245.529	251.382	262.285	274.917	283.891	287.584	290.46	293.52	294.351	297.441	307.639	316.412	310.619	290.363	267.88	251.618	238.162	223.273	215.848	228.734	257.431	283.562	296.05	294.908	284.854	277.495	284.69	300.886	308.14	300.702	289.055	284.312	290.634	307.606	332.809	360.001	377.946	377.728	359.841	332.827	306.977	287.339	273.934	267.119	267.278	273.224	282.65	289.561	287.89	280.597	276.282	276.334	273.243	264.125	255.586	250.883	246.541	245.021	255.216	278.41	305.686	327.423	337.691	333.642	317.962	300.34	290.721	292.749	303.278	312.263	308.492	291.255	272.578	266.194	273.922	285.437	294.12	305.416	322.837	334.426	326.604	305.692	288.944	280.649	273.826	268.469	272.441	289.546	317.045	347.397	365.816	357.265	324.923	290.555	269.226	257.058	246.362	236.302	223.917	197.193	148.031	
123.142	169.663	206.611	234.658	256.055	274.898	291.567	295.653	282.155	264.775	255.931	252.466	250.573	255.261	271.485	296.163	318.077	328.171	331.706	340.576	355.069	362.508	353.162	329.449	298.302	266.826	244.625	236.501	238.009	244.07	252.587	261.115	268.952	276.853	281.003	278.789	279.789	294.455	314.821	322.397	311.111	290.778	271.276	252.817	235.101	229.563	249.086	286.836	321.078	336.283	327.857	301.259	275.62	269.382	277.73	281.792	276.475	272.694	279.854	297.315	318.586	339.009	355.922	364.372	360.405	345.521	325.714	308.68	298.467	292.402	286.074	278.993	274.053	273.171	273.242	269.207	261.898	257.234	256.832	254.467	245.716	234.973	227.24	223.359	227.895	247.099	275.589	299.081	310.569	313.672	311.969	304.475	293.67	288.805	296.643	312.524	321.917	313.731	292.042	272.441	268.803	280.602	295.506	308.595	327.568	353.482	369.298	359.809	334.349	312.897	300.182	289.924	281.51	279.175	284.929	298.532	315.526	324.158	314.107	290.233	268.058	254.509	244.019	232.658	222.816	211.207	184.327	135.273	
108.165	152.18	189.78	219.3	240.776	259.299	277.08	283.405	271.719	254.796	246.468	245.837	246.856	248.839	255.849	270.566	287.948	300.016	307.88	319.326	334.314	342.313	336.242	319.689	297.288	271.632	249.91	238.559	235.553	236.255	238.935	243.4	250.723	260.269	265.87	264.043	264.016	277.434	300.597	318.135	320.858	311.47	296.245	278.23	260.839	255.206	273	310.051	347.905	367.397	356.038	317.866	278.167	260.348	260.463	260.19	255.353	256.656	271.727	295.513	315.679	326.151	330.341	331.523	329.27	323.169	315.418	311.415	314.416	318.386	313.239	297.832	280.883	270.274	265.912	262.631	258.323	255.776	255.369	250.87	237.674	220.583	207.29	202.272	210.907	235.787	266.252	286.025	291.402	291.77	293.84	293.912	289.172	287.816	299.23	318.788	329.588	320.605	298.199	279.158	277.465	292.774	312.78	332.098	356.466	384.034	397.426	384.6	357.287	334.408	320.026	309.902	302.551	296.167	289.185	284.88	285.528	285.583	278.34	266.035	256.136	249.727	241.109	228.636	216.772	203.127	174.252	124.451	
97.9976	142.747	183.231	214.292	233.892	248.398	262.788	268.577	259.416	246.724	244.434	251.621	257.546	255.453	249.797	250.321	258.67	268.283	277.328	290.65	308.515	322.37	324.559	315.707	299.484	279.38	261.978	252.504	248.782	246.01	242.274	238.705	238.976	244.761	251.38	254.002	255.794	264.095	281.082	302.127	319.685	326.789	321.647	308.921	295.422	289.329	298.796	324.45	355.721	373.352	360.11	320.088	280.777	263.751	262.418	259.062	251.314	251.159	266.342	288.902	302.03	299.831	293.032	292.296	297.525	303.768	308.848	315.724	327.47	337.845	334.239	314.134	289.34	272.392	265.737	263.845	262.898	264.401	266.969	261.712	243.041	218.059	198.295	190.722	199.925	225.236	254.233	272.287	277.834	280.049	284.259	286.248	283.327	284.07	298.265	320.987	334.855	328.553	307.825	289.071	286.938	302.637	325.026	347.897	374.069	398.868	406.067	389.034	362.463	342.21	329.365	321.179	316.627	309.459	294.659	277.972	267.897	264.916	263.991	262.019	259.015	254.339	245.439	232.272	218.331	200.988	168.567	117.52	
96.8439	145.671	190.189	222.384	240.33	251.529	261.375	263.117	253.09	244.148	250.004	266.146	275.438	267.91	251.211	240.953	242.379	249.191	258.029	272.584	294.448	316.753	328.464	324.304	308.668	291.194	280.014	275.991	273.336	267.277	257.613	246.869	239.809	239.989	245.321	250.636	252.664	253	259.081	278.516	307.872	331.685	338.796	333.223	324.606	318.559	318.52	327.957	344.65	353.751	339.43	307.666	282.98	278.454	282.565	278.83	267.014	260.91	270.042	285.873	289.469	276.074	262.365	263.613	277.513	293.856	307.102	318.21	330.024	339.255	336.301	318.308	294.984	278.043	270.698	268.368	268.319	273.205	280.4	277.196	255.898	225.61	201.283	191.264	198.438	219.844	244.282	261.063	269.514	274.361	276.499	273.442	267.845	269.966	287.053	312.778	330.989	330.252	313.763	296.231	292.303	304.206	322.97	343.957	368.752	389.702	390.725	370.253	345.93	329.683	318.055	309.412	306.289	302.725	290.919	274.225	261.766	257.86	260.308	263.554	262.796	257.012	247.713	236.383	222.909	202.108	165.307	112.93	
104.715	161.075	210.414	241.935	256.543	264.647	270.973	268.755	256.528	249.075	260.179	281.77	291.607	278.984	255.314	239.569	238.252	245.002	254.891	270.143	294.226	323.304	344.053	344.836	328.865	311.295	303.292	302.029	297.359	285.292	270.248	257.671	250.777	250.007	252.761	255.056	251.989	242.697	238.129	253.441	288.233	322.91	339.638	339.112	332.218	324.855	317.484	313.873	317.485	318.87	306.001	286.701	280.47	291.313	304.15	304.012	291.006	279.176	280.479	288.538	284.877	265.37	249.079	252.886	271.81	291.721	306.355	316.643	324.064	327.131	322.496	310.649	296.99	286.668	280.468	275.244	271.175	274.11	282.655	282.175	262.551	232.681	208.67	198.747	203.631	219.062	236.576	250.124	260.071	266.559	265.28	255.021	244.574	246.434	264.868	292.405	315.23	322.157	313.03	299.354	294.015	299.355	309.686	324.182	344.715	361.436	358.365	336.798	314.749	300.415	287.545	276.323	274.288	279.164	280.958	275.623	266.723	260.015	258.794	260.705	259.987	254.54	247.425	240.281	228.735	204.936	164.127	111.072	
115.598	180.86	235.558	264.964	272.877	274.687	277.323	274.893	265.322	260.905	273.962	295.939	303.958	288.27	261.861	243.582	240.365	247.607	259.547	275.146	297.701	327.464	353.498	360.889	348.437	331.276	322.617	318.986	308.301	288.337	269.437	260.901	262.623	267.684	269.519	266.107	255.816	239.337	228.95	240.602	274.032	310.318	329.946	329.42	319.16	307.744	295.731	286.481	285.685	285.888	275.946	264.356	268.798	290.033	312.051	319.314	309.287	294.55	289.506	292.155	286.683	267.909	252.516	256.905	275.819	294.059	306.421	315.396	320.181	317.358	308.7	301.263	298.279	296.48	291.698	281.407	268.689	263.794	269.76	272.456	258.243	232.967	212.317	204.155	207.448	217.434	227.89	235.75	243.134	249.713	248.554	236.606	223.538	222.914	238.97	265.605	291.769	306.62	306.868	300.151	296.453	297.047	298.049	302.072	313.903	325.885	323.165	304.968	284.948	269.54	254.653	243.329	245.808	262.298	280.769	289.446	285.166	273.672	263.807	259.332	257.076	253.973	251.136	247.927	237.332	211.462	168.853	115.838	
119.902	189.904	247.449	274.719	276.588	272	271.753	273.229	273.064	277.004	292.428	311.758	316.425	300.177	275.247	256.387	249.386	253.275	264.349	278.208	294.712	317.086	340.997	353.128	347.28	333.583	324.203	316.597	299.882	274.858	256.605	256.21	269.464	282.976	286.753	280.287	266.097	248.262	239.216	251.092	280.703	311.833	327.7	322.613	305.811	288.539	273.297	263.679	265.237	268.971	261.389	250.691	256.689	282.473	311.81	326.017	319.374	303.455	294.507	295.12	293.055	280.264	267.068	268.925	284.686	301.128	312.63	321.589	325.463	318.523	305.258	298.452	301.401	304.695	299.819	284.504	263.642	251.243	255.632	263.481	255.833	234.001	214.149	205.721	207.321	213.742	219.103	220.769	222.829	228.75	232.696	226.996	215.257	209.575	217.688	238.325	263.898	284.274	293.895	297.052	300.79	303.259	297.789	288.243	286.854	294.647	298.053	288.143	270.342	252.191	236.47	229.471	240.217	267.567	297.663	315.018	313.012	296.661	277.533	264.563	259.25	258.88	260.421	259.504	249.483	224.733	183.552	129.667	
114.353	181.38	235.886	261.215	263.154	259.748	261.384	268.166	278.295	292.572	311.28	326.524	326.792	311.774	291.835	275.078	264.065	261.149	267.059	276.387	284.639	295.572	311.477	323.619	323.406	315.273	307.762	298.495	279.451	255.205	242.738	251.048	272	290.354	296.243	289.678	275.414	261.235	259.885	277.652	305.526	329.217	338.003	328.204	307.49	286.262	267.669	256.329	258.373	264.565	259.956	250.906	257.59	285.185	317.212	332.837	325.999	308.972	298.626	300.183	304.118	298.827	287.208	284.315	295.93	312.257	324.296	331.084	330.937	320.983	307.363	302.384	307.321	310.609	303.694	285.938	262.751	248.954	255.49	269.054	266.141	244.47	221.543	209.849	208.919	212.704	214.554	212.084	211.265	218.995	230.918	234.434	224.779	211.025	205.677	214.242	233.576	255.071	271.858	285.693	301.019	311.514	304.641	283.679	269.953	275.521	287.608	287.281	271.572	250.702	235.687	235.242	253.77	285.999	318.361	337.385	336.257	317.821	292.824	272.645	263.393	264.253	268.688	269.227	261.498	241.844	204.168	147.414	
105.784	165.054	212.101	235.634	244.045	251.06	259.838	269.194	282.244	300.929	320.181	330.526	327.179	315.283	302.133	289.191	276.152	267.691	268.293	273.175	275.295	277.206	284.203	292.096	293.942	291.511	289.056	282.599	266.435	247.804	242.464	255.143	275.486	290.6	293.741	285.528	271.96	264.002	273.92	300.739	328.011	342.94	344.087	334.185	318.203	299.613	277.987	259.126	253.317	257.044	257.934	257.631	269.37	296.321	324.26	335.477	326.561	310.265	301.743	305.863	314.874	315.9	306.61	300.469	307.72	321.386	329.31	327.601	319.178	309.312	304.533	308.608	316.039	316.202	305.529	287.235	266.711	256.28	265.666	282.115	281.806	260.664	235.462	220.364	216.429	216.969	215.26	211.325	212.873	226.17	245.459	255.131	245.289	222.555	203.04	198.371	209.538	228.94	248.482	268.426	291.931	309.916	305.989	282.37	264.702	270.979	289.295	295.401	281.273	258.93	245.487	250.42	271.57	299.265	324.187	340.1	341.432	326.596	302.426	279.415	265.897	264.323	268.672	270.501	266.478	252.643	217.833	157.776	
101.678	153.486	192.98	215.323	232.102	252.143	268.687	276.148	283.283	297.865	313.456	319.661	316.468	311.41	306.744	298.008	284.39	273.627	272.104	275.039	274.73	272.139	271.791	272.707	273.044	275.755	281.516	283.167	275.099	264.527	264.049	274.664	286.044	289.659	283.576	270.746	258.484	258.274	278.793	311.493	334.618	338.524	332.166	326.063	321.781	312.422	290.746	262.796	244.948	243.691	252.186	265.068	282.854	304.263	321.431	324.995	315.148	303.156	299.619	306.241	317.356	323.474	320.016	314.834	316.666	321.205	318.212	305.297	290.799	286.488	296.761	314.333	326.071	323.608	309.389	290.361	272.099	263.814	272.666	288.197	290.324	273.787	251.055	235.097	228.47	224.987	219.436	215.734	222.537	242.033	264.847	275.179	263.212	234.753	207.427	196.827	205.791	224.489	241.92	258.251	278.647	296.046	295.298	277.855	266.36	276.79	298.239	307.48	295.066	272.636	260.048	266.624	284.552	301.52	314.743	326.9	333.632	327.49	309.481	286.803	267.777	259.331	260.36	263.047	261.731	249.86	214.629	152.883	
101.673	147.489	180.753	201.969	224.22	252.299	272.875	277.059	276.866	284.824	295.545	299.626	300.338	305.33	311.328	308.401	295.919	285.074	283.29	285.197	283.643	278.73	272.605	265.991	262.956	269.653	284.395	296.469	298.723	296.709	299.734	305.891	305.138	293.524	275.713	259.25	251.669	259.912	285.412	314.85	327.823	320.427	308.245	305.71	311.676	312.008	294.441	264.338	241.5	239.794	256.542	279.739	298.816	309.939	313.153	307.832	296.918	289.365	290.59	298.395	309.906	321.545	326.97	324.508	317.986	308.348	293.834	276.811	266.171	271.794	293.992	320.333	335.672	333.826	318.9	297.893	277.341	266.339	270.879	283.297	288.218	279.386	263.36	249.535	240.916	233.198	224.451	222.19	234.45	257.956	279.275	284.942	270.085	241.789	216.905	211.598	227.25	248.588	260.474	264.29	270.226	277.638	276.502	267.726	267.06	284.273	308.922	321.18	311.58	289.81	276.052	280.042	292.111	299.973	306.028	318.704	333.291	336.261	322.767	297.685	270.867	254.413	252.013	255.296	253.965	238.719	199.442	137.66	
100.474	140.759	168.625	187.875	210.562	238.866	259.058	262.778	261.774	268.163	277.118	281.134	285.387	297.523	312.259	317.029	309.72	301.269	298.882	298.063	294.086	287.638	278.801	267.991	262.158	269.737	288.607	306.962	317.123	323.176	331.455	336.553	326.665	301.356	273.651	257.356	257.912	272.935	295.129	311.632	311.177	297.215	285.126	286.099	296.631	301.553	289.312	265.817	249.918	254.992	277.505	302.085	315.385	315.457	307.716	295.801	283.339	277.261	279.46	285.8	296.862	313.874	327.41	325.847	308.681	284.469	263.233	252.185	254.603	270.795	296.954	323.588	340.303	342.218	329.516	305.637	279.671	264.158	264.514	273.636	279.895	277.715	269.104	258.61	248.114	236.236	225.599	226.072	243.537	269.088	285.342	282.498	264.271	241.537	228.148	235.707	260.869	283.915	288.688	279.014	269.355	265.271	261.875	259.072	266.263	288.3	315.582	331.455	326.238	306.205	289.507	287.363	293.316	297.91	305.486	324.621	347.63	355.718	340.306	307.737	273.193	253.002	250.822	254.723	250.689	229.615	186.2	125.769	
95.7369	132.217	157.172	174.371	192.906	214.702	231.186	237.963	244.046	256.617	269.535	275.7	279.503	289.275	303.914	314.171	315.355	312.192	309.265	305.254	299.539	293.983	287.616	279.018	273.012	277.143	291.412	307.998	321.228	333.317	347.03	353.524	338.484	303.655	269.997	256.864	265.569	283.364	296.426	296.942	286.176	273.616	268.934	275.203	286.534	290.994	282.612	269.99	267.807	281.261	301.842	316.487	318.621	311.208	300.324	288.509	277.981	273.248	273.518	274.922	282.326	300.481	317.867	316.633	292.656	258.944	234.716	231.149	245.281	267.878	292.649	315.457	332.024	338.332	329.549	305.242	277.373	261.865	262.007	268.701	273.388	273.446	268.665	259.026	245.264	229.921	219.881	224.943	247.301	273.359	283.217	270.907	248.92	233.286	234.403	255.397	286.122	306.621	305.618	290.183	275.159	268.081	266.034	266.338	273.764	291.912	314.623	329.971	328.842	312.241	292.695	282.716	282.953	289.025	304.486	333.084	361.942	369.478	347.712	307.634	270.184	252.531	253.89	257.838	249.921	224.946	181.717	124.83	
90.6255	126.699	152.641	168.915	180.762	192.061	202.525	213.448	230.261	253.542	274.798	285.222	285.406	284.251	289.075	298.888	307.409	310.611	309.208	305.81	302.957	301.842	301.251	299.179	296.042	295.19	299.444	308.452	319.785	332.41	345.422	349.431	330.472	291.734	257.896	249.527	263.325	280.357	285.308	276.542	264.081	258.508	261.938	270.765	279.359	281.342	277.063	276.717	288.131	305.259	315.278	313.088	303.564	293.676	286.228	280.203	275.881	274.615	272.691	267.623	268.384	282.477	300.043	302.985	282.79	248.896	222.861	219.317	234.313	256.047	278.226	298.296	313.793	322.154	317.755	298.403	276.048	265.905	267.95	271.744	272.22	270.073	263.73	250.23	231.506	215.236	210.629	223.599	250.44	274.55	277.204	256.531	230.153	217.971	229.239	259.751	292.769	310.33	308.259	296.218	286.712	286.051	290.308	292.639	293.98	298.837	306.589	312.436	310.612	297.732	278.463	263.743	260.402	269.664	294.176	331.107	361.339	363.436	335.039	293.098	260.283	249.719	255.087	258.087	247.062	221.871	183.157	131.383	
89.3265	126.802	154.997	170.771	176.092	177.05	181.136	194.777	219.832	251.275	279.713	295.007	292.635	280.305	273.012	278.519	290.548	298.663	301.262	304.014	309.335	314.372	317.589	320.019	320.812	318.314	315.039	315.751	320.544	325.978	330.023	326.598	305.256	269.56	241.83	238.8	254.547	270.734	274.73	268.136	261.862	262.171	265.467	267.374	267.358	266.266	268.308	280.471	301.716	317.912	316.716	302.176	287.101	278.454	274.954	273.409	273.212	273.265	268.888	260.341	257.953	268.724	286.69	298.354	290.911	264.62	237.669	227.489	234.265	250.124	270.383	289.753	302.887	309.101	306.727	294.247	280.218	275.083	276.116	274.569	269.592	263.62	253.079	234.01	212.254	200.694	207.735	231.82	261.797	279.897	272.666	243.596	211.806	198.237	213.192	249.332	285.394	304.094	305.34	300.085	299.154	307.138	317.765	320.56	314.197	304.308	294.31	285.215	276.565	265.501	251.246	239.321	236.554	247.637	276.677	317.113	344.882	339.936	307.52	270.18	248.133	246.758	254.988	256.338	243.82	220.485	186.56	138.778	
91.8733	129.433	157.633	172.225	173.477	168.264	168.317	182.387	209.106	240.852	270.818	290.206	289.754	273.163	259.056	261.348	274.486	285.375	292.619	303.607	318.145	327.777	329.997	331.212	334.558	335.641	332.212	327.654	322.895	315.631	306.892	296.004	276.427	250.092	232.775	235.502	252.707	270.624	279.821	281.289	281.424	280.746	274.309	261.955	249.91	245.539	254.314	276.443	302.419	316.568	312.136	298.335	287.105	281.291	277.831	274.36	270.529	265.317	257.676	251.952	255.464	269.687	290.651	310.105	313.708	295.009	267.939	250.791	248.341	257.918	276.345	294.991	304.881	306.401	302.237	292.413	281.994	277.068	274.046	267.024	258.279	250.102	236.914	215.914	198.023	198.841	221.835	256.216	284.921	291.968	271.707	233.848	197.537	182.069	197.716	236.144	274.204	294.562	298.501	297.926	303.231	316.667	329.3	330.209	319.157	302.374	283.247	263.671	246.931	234.899	226.867	222.759	223.878	234.113	259.895	295.918	318.134	308.625	277.199	248.657	239.081	246.259	255.993	255.741	243.178	221.619	189.61	142.954	
94.3548	129.747	156.029	169.995	171.002	165.037	164.394	177.26	199.965	225.599	252.391	274.559	279.184	264.914	250.825	253.961	269.135	282.489	293.16	308.54	326.547	336.111	334.155	330.991	335.045	341.956	343.879	338.811	326.451	307.224	287.206	271.462	256.83	242.455	236.721	245.859	265.574	285.677	298.543	303.918	303.793	295.46	277.006	253.884	235.286	230.16	243.606	270.653	296.645	308.767	307.625	303.078	299.803	295.231	287.664	277.618	265.266	251.648	241.83	243.676	259.596	283.865	310.32	331.959	336.609	319.348	292.215	270.717	261.089	264.42	278.893	295.037	302.768	301.999	295.943	284.551	271.671	263.398	257.708	249.894	242.018	234.758	221.847	203.775	196.208	213.889	252.094	291.324	312.62	305.803	273.68	230.559	194.421	181.093	197.612	233.499	266.154	281.281	283.082	284.306	293.322	308.652	320.435	321.05	312.576	299.738	283.216	263.169	243.304	228.649	221.748	221.832	225.516	232.28	247.992	271.494	285.404	275.781	251.302	233.18	233.616	246.736	257.477	256.696	244.803	223.498	190.06	142.175	
93.7758	126.442	151.575	167.302	171.655	168.575	169.31	181.008	199.093	217.942	239.265	260.065	267.04	256.969	248.244	257.365	278	295.513	307.574	319.929	331.978	335.943	329.659	323.242	326.573	336.366	343.204	341.895	329.454	306.039	280.413	262.305	252.123	247.195	250.326	264.526	285.564	304.14	314.131	316.238	310.678	293.936	268.849	245.7	231.836	231.363	247.449	274.817	298.423	308.224	309.177	309.676	307.943	298.896	284.538	268.664	251.273	233.98	224.913	233.604	260.702	296.9	330.967	351.936	351.268	331.615	304.74	280.144	263.14	258.368	266.189	278.227	285.008	285.32	280.543	269.066	254.21	244.127	239.519	235.501	231.607	226.67	215.398	202.138	205.263	236.32	283.134	320.961	332.484	314.787	277.01	234.634	203.695	196.606	214.728	243.22	262.043	264.753	261.315	263.648	274.9	290.518	303.682	310.907	312.618	308.94	299.61	286.234	270.958	255.441	243.373	238.863	239.384	239.526	241.404	248.4	253.727	248.291	234.751	226.084	231.877	247.437	259.021	258.743	247.121	224.11	187.123	137.035	
90.6206	122.006	147.943	167.481	177.198	178.262	180.755	192.769	210.18	225.436	238.597	249.608	251.372	244.263	244.306	262.663	290.309	312.115	323.255	327.767	329.458	326.994	319.06	311.917	313.014	320.365	327.643	331.085	325.402	307.11	283.657	266.45	258.403	257.104	263.548	279.226	298.745	312.547	316.633	313.982	304.339	283.715	258.284	241.798	238.862	246.491	264.585	290.511	312.39	320.942	319.941	315.342	304.405	284.921	263.395	245.623	230.182	216.058	209.664	221.085	253.663	299.023	341.191	363.665	360.555	340.975	315.266	287.117	262.181	249.494	251.382	259.375	263.574	262.815	259.818	253.187	243.606	237.355	236.032	235.142	232.822	227.786	217.229	207.983	217.412	252.791	298.844	331.423	336.656	315.802	279.258	240.848	215.873	215.217	234.123	252.933	256.426	248.561	243.81	249.232	261.39	276.423	294.127	312.562	325.293	327.122	321.025	314.71	309.053	297.493	280.501	267.824	261.185	252.291	240.084	232.735	233.255	235.105	232.564	229.655	234.904	247.827	258.029	258.103	247.154	223.168	183.354	131.061	
86.09	117.878	145.954	170.369	186.985	193.437	197.839	210.928	230.565	244.672	247.558	242.459	233.307	226.827	234.226	258.449	288.152	309.651	317.807	316.664	313.689	311.09	306.051	300.131	298.249	300.29	304.369	309.811	310.479	300.058	283.817	271.299	264.285	261.532	266.237	280.342	297.281	307.579	309.18	306.116	297.322	278.094	255.248	243.805	248.076	261.879	282.153	307.436	329.114	337.927	333.519	319.217	295.846	267.162	241.97	224.917	212.804	202.441	197.942	209.427	243.227	292.918	340.218	366.084	366.195	350.701	326.443	295.001	265.351	249.878	250.223	255.456	254.359	248.045	244.965	246.296	247.435	247.721	247.601	244.906	239.062	230.472	219.472	213.524	225.737	258.6	297.283	322.599	325.16	307.15	276.213	243.096	222.708	224.894	240.609	249.188	243.272	235.671	239.223	251.109	262.232	273.731	293.496	319.12	336.768	337.754	328.959	324.184	325.434	320.764	305.869	291.031	279.705	263.084	240.575	225.456	226.563	236.2	240.883	238.558	238.094	243.603	249.254	249.348	241.663	221.012	181.777	127.837	
80.2063	113.025	143.908	173.972	199.007	212.799	219.855	232.693	252.626	265.698	261.331	243.825	225.12	216.597	224.634	245.653	268.223	282.552	286.667	285.878	287.138	290.916	291.947	289.214	286.297	284.308	284.6	288.842	290.807	283.92	273.668	267.07	261.701	255.857	255.804	265.636	279.49	289.014	292.836	293.843	290.007	276.837	259.562	250.501	254.669	268.724	289.778	314.828	335.411	342.608	334.361	313.849	286.312	258.822	237.108	221.159	207.535	195.383	189.59	199.503	231.524	280.198	327.693	356.04	361.482	350.815	327.776	296.404	269.241	257.721	259.925	263.004	256.841	246.339	244.642	253.569	262.308	263.541	258.198	248.773	237.193	225.147	215.001	213.555	229.028	259.355	289.872	306.023	303.808	287.755	264.052	239.944	225.883	227.211	234.008	231.919	223.829	226.647	245.399	265.239	273.272	277.136	292.276	317.234	334.979	334.306	321.011	310.453	309.199	308.491	301.646	292.927	282.271	262.171	235.727	219.982	224.816	239.29	245.52	239.962	232.977	231.514	233.056	233.859	230.932	216.124	180.25	126.262	
74.5864	109.038	142.891	177.049	207.708	227.215	237.19	249.629	268.572	282.127	277.965	257.767	234.741	222.459	225.067	236.154	246.401	251.046	251.998	254.506	261.486	270.16	275.621	277.516	277.614	275.388	273.736	276.678	277.964	270.539	261.078	256.783	252.583	244.216	238.136	241	250.187	259.219	265.872	270.965	273.138	270.332	264.743	260.609	260.452	267.159	283.702	306.487	323.691	325.446	312.169	291.282	270.982	255.865	244.004	230	212.225	194.779	184.664	189.872	215.738	258.281	302.489	332.706	343.551	336.751	315.883	289.809	270.886	264.948	267.113	266.964	259.277	251.926	256.763	271.397	280.286	274.343	258.381	240.589	224.861	212.307	204.976	208.424	228.153	259.23	284.873	291.46	280.112	261.491	244.977	234.783	231.53	231.556	226.8	214.403	206.679	219.851	250.422	275.408	280.406	276.856	284.437	304.96	322.992	324.314	308.457	288.758	278.171	276.632	277.684	276.775	268.161	247.561	222.874	211.29	219.312	233.383	236.275	226.943	217.164	213.948	215.213	217.461	216.863	204.824	172.07	120.838	
74.0579	111.968	147.729	179.837	206.616	224.834	237.385	253.867	276.869	295.19	295.382	276.095	250.629	235.002	232.711	235.891	238.13	238.896	240.507	244.693	250.433	254.972	257.679	261.374	265.837	266.633	266.104	270.515	274.296	268.126	256.942	249.575	242.964	231.704	220.596	217.862	223.831	232.311	238.632	242.78	247.718	256.383	266.882	271.279	265.606	259.013	264.817	282.701	296.678	293.428	276.217	258.121	248.494	246.746	244.448	234.09	216.391	197.769	184.836	184.095	201.293	235.475	275.687	308.36	324.852	322.174	305.714	287.661	275.796	269.472	265.066	259.175	252.868	254.585	269.996	289.828	296.417	282.566	257.313	233.478	216.642	206.026	200.551	204.095	223.128	253.623	276.728	276.779	257.465	235.983	227.074	232.564	242.197	243.29	230.552	210.922	201.264	214.822	244.797	268.612	273.435	269.479	274.072	291.208	309.523	313.133	296.355	271.262	255.263	253.859	259.865	261.576	250.612	228.768	208.417	202.703	211.877	222.093	220.872	210.455	201.79	199.816	201.815	203.865	201.251	186.949	155.19	108.73	
81.3857	124.724	160.474	183.558	197.05	207.341	221.875	246.458	277.867	301.662	302.778	280.371	251.659	235.964	235.119	238.862	243.238	250.251	258.188	262.092	259.168	250.734	242.242	240.531	245.193	248.756	251.137	259.329	269.893	271.2	261.936	249.545	235.998	219.977	207.113	205.787	215.386	225.928	228.648	224.936	225.944	241.289	264.69	276.261	265.537	246.213	240.768	253.777	267.531	265.023	248.995	234.215	229.337	231.036	230.73	223.724	212.318	200.868	192.011	190.099	202.398	231.211	268.602	302.406	322.065	322.58	310.909	298.899	288.269	274.507	258.23	243.827	237.891	248.507	274.656	300.699	308.401	292.504	263.724	237.984	223.442	216.96	211.547	208.21	216.769	238.577	256.83	254.429	234.267	216.078	217.093	235.862	254.745	257.825	243.423	222.266	209.333	214.198	232.179	248.327	254.806	257.72	265.921	281.38	296.826	298.853	282.58	261.142	251.544	257.206	267.185	265.844	246.788	220.019	201.967	200.713	210.898	220.109	220.269	213.556	206.887	203.041	200.752	197.84	189.91	171.132	138.476	95.5776	
90.2929	138.783	173.911	187.142	186.532	187.866	202.365	231.433	265.749	288.093	284.344	257.671	229.595	219.836	226.582	236.953	249.072	266.885	283.807	287.765	275.385	253.256	232.036	221.252	221.585	225.155	229.665	241.591	260.215	272.646	269.388	253.113	230.903	209.545	198.474	205.116	224.531	240.214	238.605	223.559	215.246	229.621	257.409	271.365	257.739	232.162	220.863	231.687	248.37	252.547	243.606	232.713	225.784	220.082	212.564	204.849	200.828	201.256	203.074	207.187	221.877	251.504	288.108	319.14	335.264	333.997	323.491	312.993	299.99	278.592	251.925	229.11	221.351	237.199	270.555	300.967	310.491	295.566	266.975	242.381	232.697	232.76	229.081	218.257	211.779	217.748	226.64	223.787	209.916	202.585	216.323	243.994	264.553	266.136	252.883	235.078	221.753	218.247	222.779	228.763	234.52	243.388	255.752	269.426	279.947	279.201	267.039	257.438	262.684	280.001	294.516	289.668	262.248	228.343	207.809	207.339	220.029	234.61	243.213	243.693	237.512	226.992	215.228	204.381	191.536	169.905	135.289	91.5272	
90.0292	140.356	176.083	185.536	177.948	173.469	184.669	209.815	236.54	248.949	238.499	213.432	194.582	196.08	211.346	226.631	242.477	265.481	287.705	293.145	277.549	250.48	225.112	210.718	208.016	210.564	215.842	229.743	252.968	271.908	271.829	251.974	223.18	198.865	191.104	205.471	233.353	253.92	250.512	228.303	212.371	221.888	247.157	259.94	246.221	220.603	208.288	218.542	238.23	250.107	250.684	245.695	236.441	220.51	201.093	186.997	185.095	194.238	206.552	219.044	239.915	274.014	310.627	335.218	342.282	334.838	321.545	309.205	294.685	271.813	242.348	216.373	208.284	226.577	260.961	288.504	294.01	277.729	250.59	228.96	223.934	230.135	231.529	220.302	204.729	196.227	194.671	191.913	187.534	194.423	221.298	254.29	270.8	266.194	252.133	238.233	227.534	221.46	219.299	218.376	219.942	226.872	237.101	247.317	254.505	254.046	248.913	251.87	269.793	295.461	313.76	310.103	282.073	245.37	220.786	217.84	232.196	252.971	269.837	275.666	267.935	250.432	231.724	218.071	206.382	185.957	148.797	99.3812	
79.1152	127.073	163.961	175.709	168.376	161.343	167.495	184.465	199.438	199.798	184.419	165.96	160.466	173.071	193.098	208.122	220.939	240.574	261.862	269.696	258.583	237.468	219.025	209.807	208.884	211.503	216.346	228.899	249.752	265.542	261.762	238.204	207.312	183.921	178.711	194.7	223.197	245.136	244.506	225.272	210.258	216.812	236.902	247.201	235.841	213.901	202.315	210.418	228.646	242.895	249.752	251.502	244.456	223.89	195.674	173.732	168.409	178.753	194.782	211.286	235.508	271.141	304.699	321.249	320.476	309.31	293.822	278.936	264.559	245.617	220.819	199.003	195.152	215.226	245.17	262.89	259.369	240.954	218.384	202.153	199.232	206.471	211.997	206.451	191.563	176.715	168.501	166.381	170.485	189.045	225.605	261.943	274.347	262.829	245.197	232.165	223.472	218.276	216.088	213.877	210.88	209.547	211.128	216.053	222.164	224.304	224.646	233.823	255.878	282.728	302.273	304.114	284.953	254.486	230.167	224.113	235.678	255.405	272.71	278.542	268.424	247.915	230.046	222.809	219.674	204.103	165.085	109.513	
66.2291	109.025	144.651	158.876	154.163	147.021	150.181	161.799	169.019	161.242	142.758	129.39	132.929	151.607	172.875	186.313	195.032	208.254	225.1	234.794	231.157	220.379	212.75	211.479	213.591	215.459	217.009	223.637	236.23	243.552	234.549	210.829	183.657	164.742	160.428	171.357	192.548	212.314	218.301	210.793	204.659	211.682	226.476	234.282	227.272	211.421	200.715	203.402	214.077	223.208	229.424	234.328	231.851	214.485	186.623	162.915	155.011	162.347	175.482	189.868	211.475	241.7	266.925	275.76	272.737	264.389	250.571	233.868	218.952	204.089	186.408	172.9	176.614	199.157	223.682	231.472	221.066	204.652	191.497	183.276	179.947	181.593	185.079	183.999	174.834	161.395	151.465	149.978	158.964	183.393	223.685	261.049	271.66	255.942	234.231	219.518	211.069	206.886	206.341	205.147	199.226	189.804	182.337	182.449	188.682	193.262	195.503	204.42	224.081	247.482	265.366	271.644	263.568	245.053	227.233	220.364	225.362	236.473	247.618	251.109	240.304	220.138	206.013	206.766	212.636	203.007	166.058	110.602	
56.3893	92.1871	121.953	134.361	131.479	127.107	131.973	143.25	147.664	135.995	115.571	103.541	109.507	129.274	151.073	165.837	174.198	182.709	193.994	203.039	204.534	201.78	201.771	204.707	206.215	203.573	198.085	196.011	199.881	201.596	193.036	175.858	157.864	145.656	140.937	143.411	153.872	169.628	182.366	187.803	191.815	200.545	211.448	217.944	215.881	205.931	194.761	189.622	189.949	190.772	191.853	194.898	194.985	184.345	164.465	147.182	142.464	148.793	157.989	167.649	182.834	203.232	217.88	220.742	218.963	216.364	206.795	189.848	173.455	160.324	148.468	143.144	154.19	179.295	200.552	203.109	191.249	180.589	178.282	178.144	173.549	166.78	163.023	161.483	157.08	147.899	138.857	137.448	148.04	173.478	211.856	246.2	254.984	237.657	213.718	197.687	189.573	185.983	185.212	183.271	175.8	163.147	152.02	150.51	157.535	163.59	165.723	171.841	187.214	206.508	221.254	227.271	224.393	215.63	206.91	202.846	202.645	204.767	210.031	213.381	204.681	185.018	169.939	170.563	178.812	174.957	147.011	101.197	
46.0213	73.0173	93.5635	100.898	99.1294	99.5536	108.658	120.956	123.734	110.699	90.8064	79.6617	84.7775	102.513	123.983	141.331	151.578	157.021	162.076	167.465	170.567	172.563	176.499	179.844	177.658	168.511	155.717	146.892	146.008	147.361	144.372	137.462	130.455	125.142	120.083	115.392	116.492	127.03	141.896	154.16	163.657	173.084	182.165	188.887	190.292	183.413	170.571	158.842	151.552	146.91	144.238	144.402	144.504	138.714	127.186	118.69	120.345	128.937	136.761	142.684	151.452	162.932	169.716	169.27	168.521	169.531	164.263	149.888	134.049	122.323	114.802	115.247	130.073	155.038	173.734	174.686	164.287	158.382	162.666	167.318	162.247	150.009	139.804	135.262	132.33	126.092	118.49	117.395	128.236	151.821	184.042	211.08	216.732	200.507	178.275	163.37	156.517	153.338	150.89	146.858	139.393	128.656	119.516	118.966	126.026	131.788	132.854	135.981	147.261	163.388	175.69	178.987	175.06	169.631	167.245	167.708	167.238	166.157	169.689	174.832	169.014	149.151	129.138	122.794	127.895	129.811	115.955	85.7952	
32.081	49.5	61.074	63.8293	63.0412	66.9819	77.7744	88.3936	88.9826	77.18	61.5889	53.3815	57.1074	70.5296	88.4246	104.934	115.14	117.949	117.684	118.766	121.611	126.197	132.057	134.857	130.054	117.646	102.446	92.1163	90.378	93.0219	94.967	95.8242	96.5832	96.1722	92.082	84.8361	80.814	85.5772	96.6673	107.973	117.197	125.391	133.355	140.28	142.814	137.061	124.392	111.367	102.386	97.1392	94.4654	93.966	93.5756	89.616	82.6708	79.5328	84.9891	95.1161	102.659	106.427	110.794	116.855	120.036	118.732	117.958	119.544	117.465	108.157	96.4101	87.7192	83.6715	86.7435	100.406	120.609	135.002	135.342	126.968	122.852	127.822	133.057	128.871	116.753	105.15	98.809	95.3795	90.3092	84.4727	84.4352	94.5441	113.691	136.772	154.319	157.069	145.312	129.221	118.041	112.845	109.979	106.489	101.669	95.9802	89.5343	84.4504	84.9261	90.0878	93.5375	92.9104	93.4532	100.852	113.803	124.481	126.248	120.528	114.717	114.125	117.395	119.496	120.132	124.317	130.036	125.955	107.736	86.2456	75.0698	76.8493	82.9081	81.2938	65.8961	
