
TracePro Release: 7 0 3 
Irradiance Map Data for D:\SUSTech\Linear Units in millimeters
Data for Observation screen 3.5 Screen
Data generated at 11:13:44 October 23, 2025

Raytrace Time: mins: 0, secs: 8

Projected Plane Extent from surface geometry 
      TopLeft:(20,3,-20) 
      TopRight:(-20,3,-20)
      BottomLeft:(20,3,20) 
      BottomRight:(-20,3,20)
Corners of Data Set (plotted) 
      TopLeft:(20,3,-20) 
      TopRight:(-20,3,-20)
      BottomLeft:(20,3,20) 
      BottomRight:(-20,3,20)
Total Incident Rays: 63517
Min: 20.2232 Max: 409.755 Ave: 269.204
Total Flux: 0.430726 W, Emitted Flux: 0.6
Normalization: 0
Data Smoothing is On
Grid Size is 128 x 128
Map Count 50
Data Cells are 0.3125 x 0.3125 millimeters

46.1032	66.9578	76.8234	71.4209	59.9179	57.3778	71.6589	96.8378	118.056	126.806	128.252	129.802	132.998	138.785	147.109	152.657	151.425	146.928	144.703	145.269	144.652	140.603	135.89	132.152	125.5	113.485	100.024	90.7977	88.5249	91.4432	95.4761	99.7798	106.043	111.851	111.318	102.506	91.8636	90.4409	102.845	122.07	138.837	150.884	159.208	162.383	158.859	149.633	136.746	122.96	113.072	111.223	116.531	123.052	124.332	119.596	115.579	120.319	133.612	144.376	142.116	131.805	129.882	143.414	160.509	164.37	152.078	136.315	133.213	149.749	175.273	187.129	173.283	145.297	123.699	117.213	120.376	124.308	124.184	120.355	116.586	115.41	114.75	112.959	114.078	121.253	128.157	124.171	109.659	98.3245	100.138	112.623	128.787	140.458	138.999	123.953	105.222	92.6677	89.9563	97.5146	112.663	128.417	138.993	144.365	148.022	151.87	152.042	142.769	125.986	111.412	107.302	114.511	126.97	136.547	139.225	134.775	122.806	105.652	91.4817	88.0187	95.3185	106.975	116.566	121.498	121.72	116.702	104.076	82.5585	56.0371	31.7679	
61.307	88.1738	103.051	100.932	90.5289	88.3193	104.846	134.73	160.59	171.584	173.235	174.458	177.112	182.494	192.525	203.174	208.952	210.888	213.506	217.669	219.23	214.61	206.314	198.724	190.678	178.613	163.298	149.256	140.523	137.052	136.087	138.524	147.54	159.523	164.349	156.615	144.074	141.876	156.44	180.039	202.04	217.408	223.734	219.713	208.187	193.796	178.412	163.259	152.887	152.206	160.545	170.871	174.887	170.404	164.175	165.41	175.114	183.073	180.076	172.647	176.844	196.171	213.847	211.404	190.933	172.841	176.156	204.439	240.774	257.362	241.51	207.936	180.133	168.111	167.258	168.714	166.044	158.632	152.111	151.483	154.13	155.526	158.419	167.26	176.932	176.022	163.233	151.756	151.952	161.707	175.063	185.203	183.348	167.591	147.381	134.173	133.412	144.591	161.271	174.186	180.211	183.635	188.415	193.889	195.365	187.84	172.304	157.662	153.938	162.825	176.232	185.07	186.851	182.239	170.449	153.853	140.512	137.149	143.203	152.277	157.642	157.309	154.124	149.729	139.264	116.491	83.5155	50.0783	
71.0555	102.943	124.426	129.146	122.391	119.055	131.733	158.381	184.196	198.528	203.907	205.856	205.263	205.324	212.271	225.644	239.111	249.9	259.751	268.796	273.009	268.215	256.024	243.208	233.65	224.691	212.277	196.67	182.112	171.287	164.179	163.774	174.302	191.35	202.326	199.894	191.603	191.903	205.783	227.155	248.712	263.983	265.539	251.738	231.454	214.127	200.529	188.651	181.696	184.47	195.578	207.43	212.689	209.799	203.753	201.339	203.994	205.638	201.463	198.274	207.748	228.132	240.553	229.422	203.19	186.494	196.45	231.631	272.282	291.427	278.551	248.225	220.814	204.693	198.408	197.199	194.129	185.038	174.992	172.352	176.752	181.827	187.266	197.258	209.671	215.427	209.939	199.625	192.827	192.235	197.915	205.91	206.548	194.795	178.049	168.62	172.759	187.173	201.255	206.064	204.367	205.897	213.936	222.9	225.632	218.62	203.901	190.226	187.985	197.866	209.678	215.344	215.458	211.754	203.485	193.04	185.768	183.691	184.865	186.021	183.423	176.018	168.352	164.338	158.189	139.368	106.236	68.0784	
78.0349	115.881	145.39	157.75	154.723	149.304	155.018	173.466	195.261	212.326	222.993	226.394	221.415	213.795	214.09	225.098	240.507	255.733	270.938	284.592	291.591	287.798	274.292	258.04	246.38	239.714	232.371	220.973	207.964	195.83	185.052	180.089	187.265	203.749	217.917	223.172	225.221	232.08	243.147	255.197	268.636	279.49	277.198	258.65	235.374	219.18	209.591	202.328	200.554	209.562	225.93	239.812	245.271	243.204	237.508	231.863	227.581	222.749	216.385	214.082	222.776	237.784	242.133	225.655	200.772	190.16	204.875	239.379	275.433	291.939	283.04	261.393	240.453	224.586	215.736	214.844	215.197	207.716	194.948	188.178	190.615	195.993	201.808	211.288	225.036	237.628	241.32	233.128	217.868	205.177	203.695	212.147	217.998	211.883	199.822	195.724	205.302	220.93	229.41	225.24	217.398	219.139	232.542	247.152	251.281	241.533	223.836	209.547	207.811	216.404	224.529	226.749	225.841	223.673	220.005	217.007	216.286	215.186	211.218	205.114	196.859	185.649	175.193	170.375	166.957	153.492	124.344	85.182	
85.3058	129.725	166.868	185.641	186.082	179.668	179.1	188.274	203.126	219.088	232.437	237.707	231.68	220.704	216.297	221.52	230.327	240.102	253.757	269.835	280.896	281.399	271.756	257.316	245.226	239.221	237.267	235.942	233.621	227.284	214.277	200.745	197.921	207.275	219.887	230.853	243.349	256.808	263.607	263.353	265.186	270.23	267.637	252.148	233.13	220.845	214.225	209.668	212.322	228.57	252.621	270.936	276.817	272.922	264.437	255.123	246.365	237.607	229.213	225.239	229.403	236.511	233.732	216.557	198.371	196.166	214.155	244.183	270.766	279.746	271.164	256.512	242.914	231.122	225.188	229.161	235.401	231.125	217.282	206.713	204.822	207.024	211.208	219.172	231.216	244.663	252.405	246.661	228.706	211.382	208.898	221.647	233.998	232.659	223.576	222.845	234.614	247.132	247.84	236.801	226.499	229.645	246.901	265.363	269.295	254.699	232.592	217.534	215.492	221.351	226.365	227.626	227.163	226.027	225.166	226.221	227.894	226.237	219.865	211.444	202.909	193.431	184.248	179.036	175.859	165.443	139.899	100.584	
93.7814	143.063	185.607	209.51	213.43	206.333	199.681	200.125	207.783	219.824	232.365	239.825	238.528	232.9	230.957	231.926	228.711	223.125	225.518	238.862	254.246	262.145	260.808	253.916	246.328	243.239	248.224	260.041	271.686	272.351	255.949	231.447	216.121	215.787	223.239	234.662	251.323	266.126	267.208	257.707	252.897	255.988	255.147	243.94	229.733	220.465	215.168	212.538	219.253	241.106	270.571	292.246	297.66	289.366	275.597	263.2	253.136	243.558	235.429	232.577	236.314	240.298	234.515	218.408	205.036	206.936	224.833	249.833	267.795	268.997	258.189	246.223	236.319	228.373	228.07	239.122	251.453	250.73	237.783	225.246	219.268	218.602	223.33	231.941	239.663	244.581	246.196	241.157	228.871	218.367	222.368	241.376	259.037	260.665	252.632	252.075	261.088	266.01	258.371	243.98	234.618	238.242	253.794	269.224	268.728	249.395	225.634	212.075	210.759	216.142	222.791	227.445	228.391	226.356	225.043	226.244	227.129	224.479	217.824	209.334	202.086	196.84	192.577	189.17	184.902	173.864	149.21	109.951	
101.347	151.582	196.193	223.999	230.636	221.414	208.386	202.526	206.249	215.042	224.66	233.04	238.991	244.634	252.237	254.526	241.335	218.246	203.754	208.024	223.964	238.487	246.485	250.053	251.399	254.948	267.859	290.344	311.007	314.798	295.612	264.482	241.184	233.486	235.165	243.357	258.256	269.065	263.766	250.512	246.975	252.474	251.178	237.758	222.31	213.165	209.456	210.84	222.979	248.504	278.765	299.661	302.327	288.613	269.893	256.244	247.563	240.566	237.168	241.132	251.198	258.881	254.901	240.077	226.103	223.561	234.41	252.428	264.803	262.995	252.179	240.52	229.254	220.803	223.511	240.029	258.31	263.321	254.513	242.405	234.119	232.958	241.186	252.77	255.606	246.836	235.46	228.977	227.326	230.902	244.225	265.943	282.728	282.934	273.652	270.675	274.065	271.277	259.38	247.195	241.612	243.82	251.773	257.438	249.699	228.435	207.243	196.665	196.458	204.052	216.535	226.863	228.589	223.921	220.906	222.293	223.877	221.93	215.298	205.071	196.121	192.944	194.006	193.89	188.127	173.912	148.262	110.156	
104.459	151.458	194.622	224.777	233.895	223.669	207.55	199.518	201.725	206.882	210.847	216.453	226.541	241.849	259.76	267.841	253.208	222.216	196.149	189.988	201.891	219.598	235.118	248.058	258.508	269.348	287.728	313.115	333.118	335.434	317.654	289.414	266.683	256.569	254.662	259.571	270.864	276.192	265.503	251.097	249.949	255.601	248.938	227.896	207.776	198.864	199.614	208.368	228.062	257.315	286.158	302.927	300.492	281.234	258.876	245.583	241.195	242.221	249.342	262.946	279.239	290.225	288.748	275.683	259.075	247.012	244.887	252.772	261.51	261.882	254.392	241.857	225.582	212.938	215.054	234.115	258.242	271.933	270.799	261.832	253.492	252.847	263.272	276.183	275.224	256.325	235.126	228.605	237.983	254.739	272.98	288.805	295.03	287.117	273.565	266.938	265.507	259.906	251.389	247.117	246.721	246.077	244.231	239.04	226.222	207.808	192.241	183.831	182.56	190.754	206.94	219.849	220.395	214.036	212.41	217.737	223.504	224.356	218.092	205.217	192.032	186.932	189.996	191.99	184.953	167.805	141.024	104.363	
103.592	146.146	186.384	218.188	231.694	225.385	211.685	203.731	202.14	199.364	193.732	192.536	201.401	219.657	241.741	254.524	246.03	221.019	196.324	186.203	194.5	213.466	233.561	251.716	267.816	283.883	303.459	323.124	333.518	331.004	318.754	301.977	287.968	280.67	277.909	280.228	287.335	287.716	273.384	256.691	251.605	249.864	234.919	208.972	189.307	185.668	194.93	213.528	241.928	275.355	301.721	311.193	300.761	275.932	251.798	241.17	245.119	260.083	281.504	302.323	316.855	322.396	318.373	306.669	289.682	270.485	256.661	254.855	260.612	264.057	259.802	245.765	225.269	209.997	210.901	229.107	255.692	277.046	284.88	281.519	275.124	274.331	283.032	293.525	290.596	270.449	250.235	249.479	268.25	291.359	305.948	308.06	297.83	278.362	259.714	250.723	247.555	243.739	242.53	246.936	250.25	246.055	235.97	223.49	210.242	198.615	190.296	183.668	179.719	184.875	198.77	208.643	206.501	201.427	205.155	216.322	226.544	230.731	226.375	212.702	195.538	185.561	185.677	186.527	178.744	160.964	133.862	97.6262	
103.509	144.273	183.179	217.184	236.66	237.011	227.201	218.053	209.752	196.753	180.829	172.104	176.755	192.144	211.277	223.953	222.496	209.916	195.719	189.928	199.178	219.506	240.831	259.134	276.453	294.672	311.968	321.661	319.653	312.346	308.089	306.798	305.261	302.483	299.018	298.473	301.209	297.548	280.963	260.622	246.761	233.942	213.124	190.1	179.11	185.652	204.677	231.742	266.102	300.819	321.567	319.955	299.339	270.671	248.826	244.661	259.89	290.073	323.841	346.022	349.907	340.8	327.906	315.862	301.8	282.87	265.924	260.11	263.479	266.997	263.276	248.672	228.332	214.503	214.167	226.627	248.557	272.551	288.81	293.058	289.535	287.3	291.964	298.524	295.573	281.267	271.208	281.336	307.492	330.171	334.741	320.965	295.964	268.109	248.371	242.241	242.078	241.096	243.517	250.953	254.193	245.895	229.335	212.218	200.492	196.35	196.243	193.965	190.169	192.797	202.295	207.177	202.804	200.436	208.406	220.736	230.248	235.772	234.888	223.669	205.532	191.306	185.989	182.744	173.461	155.544	127.837	91.0481	
106.349	147.997	187.045	222.597	245.993	250.074	240.944	229.585	217.796	200.881	180.995	168.347	168.641	178.404	190.948	199.942	202.212	199.594	196.028	197.66	210.542	231.297	250.285	265.193	280.875	298.616	312.366	314.297	305.249	298.312	304.23	317.436	324.914	321.874	314.251	310.694	311.067	305.402	287.995	265.393	245.225	225.638	204.323	188.919	189.283	205.938	231.709	261.621	294.756	324.181	335.366	321.877	293.406	265.706	251.009	255.649	280.795	320.978	359.663	376.582	365.61	339.455	315.801	302.246	293.369	282.276	272.177	269.074	270.55	270.485	264.506	250.309	232.733	221.034	217.573	220.611	232.979	255.696	279.879	293.137	292.738	288.609	290.08	294.603	293.604	287.04	287.825	306.551	335.518	354.059	348.317	322.034	287.675	257.075	242.128	245.86	254.699	256.828	256.777	260.115	259.765	246.96	224.167	202.024	190.306	191.677	199.521	204.42	205.728	210.926	220.393	224.309	220.761	220.74	227.765	232.924	233.604	235.36	237.031	231.485	218.588	206.255	198.354	190.084	176.019	153.911	122.563	84.2483	
110.089	151.483	188.055	220.943	243.587	247.831	238.405	228.447	222.124	212.891	198.64	186.556	182.484	185.386	190.875	195.27	198.006	200.237	203.063	210.187	225.115	243.279	257.261	268.492	283.393	301.27	313.585	313.327	304.772	303.586	319.673	341.96	350.496	340.214	324.839	318.535	319.011	313.924	298.338	277.838	257.988	238.085	218.714	208.611	216.483	240.163	269.348	296.882	321.651	339.386	339.611	319.328	291.052	270.411	264.814	276.299	305.762	347.12	381.372	387.942	363.909	326.473	296.342	282.197	279.282	279.745	281.707	284.617	284.161	278.129	267.438	252.288	235.844	223.635	215.703	210.525	214.363	234.385	264.063	285.142	288.633	285.155	287.14	293.464	297.093	297.916	304.236	321.952	344.675	356.091	343.723	311.095	272.329	241.997	233.669	249.27	269.725	276.095	271.776	268.334	263.32	246.643	218.822	192.493	180.463	185.511	198.842	209.504	216.783	227.871	242.604	251.876	254.323	258.251	262.447	256.7	243.169	234.468	233.868	234.651	233.053	230.35	225.255	212.8	190.475	159.232	121.051	80.2048	
114.622	152.646	181.37	205.29	222.971	227.879	223.075	221.513	227.857	232.701	228.41	218.192	209.226	205.505	205.503	205.831	206.765	210.105	216.255	226.494	240.648	253.588	262.119	271.555	288.223	309.162	324.065	325.94	320.721	324.874	345.849	368.325	370.508	350.737	328.894	321.404	323.301	321.159	311.545	298.426	283.402	264.604	244.061	233.117	243.292	271.695	303.375	326.965	340.543	344.28	335.948	317.518	298.853	288.905	290.293	304.308	332.336	367.056	389.445	383.845	353.19	315.32	287.333	275.882	278.215	288.079	300.256	308.677	306.853	294.803	277.707	258.731	240.393	226.171	215.719	207.092	205.56	220.236	248.084	271.069	278.379	279.623	286.37	297.889	309.193	318.357	326.106	333.962	341.719	343.019	327.908	295.497	257.053	228.197	223.579	245	271.824	281.279	274.741	266.784	258.568	240.446	212.515	188.018	179.535	187.916	202.955	214.42	223.211	237.328	257.26	274.76	287.037	298.004	302.818	290.621	264.812	241.994	232.813	235.928	244.888	252.544	251.485	236.221	206.878	168.202	125.339	82.7512	
121.775	156.066	174.7	186.331	197.341	205.224	210.205	220.395	237.727	251.528	252.461	242.106	229.18	221.805	219.931	218.543	217.805	221.65	231.241	244.725	257.789	265.863	270.007	277.294	293.323	315.621	334.188	340.527	339.62	346.542	364.669	377.139	367.77	341.928	320.618	316.437	321.9	325.422	325.505	322.611	312.207	290.792	263.802	247.646	257.544	289.398	323.11	343.217	347.227	339.898	327.813	317.028	310.811	309.186	313.275	327.23	351.987	377.158	385.342	369.462	339.946	312.73	296.532	292.24	297.667	309.778	324.74	335.717	334.409	319.254	296.392	271.868	249.986	234.885	226.08	218.442	212.606	217.333	234.442	251.567	260.207	267.392	280.404	297.961	317.422	334.606	342.414	339.067	331.521	323.682	308.807	281.536	248.352	223.209	219.379	238.392	262.439	270.647	263.183	253.702	244.715	229.073	208.355	194.059	194.034	205.432	218.591	226.171	230.752	241.321	261.223	284.635	306.104	324.153	332.422	320.819	290.145	255.793	235.065	234.131	245.329	255.022	253.253	236.824	208.094	172.153	132.647	91.2533	
128.341	161.688	174.297	177.507	184.178	195.773	209.548	226.547	244.72	255.523	253.398	241.06	227.24	220.812	221.517	222.565	223.692	230.814	245.801	263.953	278.222	284.877	286.119	287.221	293.614	307.967	325.298	337.075	344.626	356.257	367.956	364.693	343.037	317.425	304.425	307.722	318.186	328.014	337.191	342.772	334.965	309.018	274.95	254.566	264.296	297.161	329.85	346.109	344.748	333.551	322.954	318.794	318.277	317.532	320.506	333.826	355.39	371.559	368.15	346.842	324.731	315.454	318.18	325.122	331.734	338.331	346.774	355.08	355.41	342.039	317.762	289.191	263.403	247.755	242.378	237.507	227.937	221.648	225.396	233.706	241.376	252.768	270.862	292.796	316.026	334.941	339.949	329.865	315.584	304.604	291.705	270.62	244.936	225.11	221.108	234.043	250.739	255.05	246.794	237.362	230.091	220.912	212.485	212.583	222.226	234.646	242.491	242.82	239.499	241.594	255.969	280.665	307.814	330.148	340.832	332.499	303.279	264.082	234.44	225.834	231.112	234.365	227.366	211.963	192.191	169.06	139.754	101.777	
127.125	161.927	175.83	179.776	187.617	202.226	219.546	235.483	245.441	245.728	237.046	223.311	211.063	207.55	212.29	218.312	224.983	238.291	259.459	282.327	299.801	308.821	309.152	301.304	290.632	287.397	295.904	311.7	331.589	351.932	359.455	343.946	316.281	297.221	295.094	303.992	315.628	327.306	340.228	350.165	345.161	319.176	284.527	265.105	274.78	303.182	327.997	337.463	334.527	327.65	323.604	322.603	319.454	314.152	315.303	327.703	343.838	349.834	337.786	316.097	304.735	314.986	338.659	359.11	366.791	363.7	358.754	358.62	359.934	353.631	335.434	307.635	278.205	259.169	253.872	250.612	240.301	229.336	226.298	229.903	237.113	250.627	271.626	295.513	316.568	328.477	326.081	313.337	301.016	292.464	281.278	263.663	243.294	227.135	222.24	230.284	242.132	244.934	237.402	229.279	225.72	224.776	228.278	240.33	256.499	266.657	265.908	256.7	245.038	238.65	245.312	266.92	295.963	320.922	333.189	327.691	302.479	264.821	232.293	217.916	216.402	212.547	200.599	187.048	177.139	166.881	146.818	111.433	
116.49	153.133	173.873	186.169	199.165	215.135	231.852	244.121	246.6	239.844	228.585	215.506	203.833	199.984	205.624	215.562	228.055	246.75	271.723	297.24	317.468	329.722	330.982	316.722	290.661	268.667	265.168	282.898	314.748	344.231	351.156	331.483	305.353	294.207	298.296	305.765	311.883	319.976	332.645	345.295	345.381	325.41	296.835	281.36	288.093	305.004	314.977	314.198	310.818	312.396	318.219	320.494	314.195	306.694	309.826	322.384	330.609	323.84	303.495	283.098	281.303	306.312	346.101	377.841	386.305	373.41	354.016	343.472	345.154	349.213	343.041	320.908	289.757	266.253	258.169	255.355	248.339	241.157	240.083	244.591	252.481	265.542	285.918	309.4	326.314	328.953	318.32	304.438	296.189	290.551	279.161	261.619	243.167	228.254	222.164	228.115	239.929	245.526	240.992	234.712	234.13	238.632	248.585	266.066	283.996	289.954	280.484	262.941	246.342	236.074	236.891	252.754	280.066	307.285	323.488	322.948	303.898	271.868	241.795	226.647	223.11	216.602	201.681	187.182	179.68	172.923	154.6	118.472	
104.286	142.816	172.131	194.245	211.18	224.997	238.324	248.44	250.429	246.089	239.396	228.971	215.195	206.55	209.755	221.911	238.117	257.942	281.485	305.432	325.209	338.562	341.88	327.285	294.879	261.99	250.835	271.261	312.963	349.564	357.847	338.282	313.453	303.007	304.267	304.589	302.889	307.028	320.385	336.922	343.14	330.611	308.425	293.815	292.069	293.245	288.026	279.402	277.079	285.789	299.465	305.885	301.499	298.899	309.673	325.332	327.188	308.973	281.046	260.618	263.19	293.598	339.14	375.414	383.926	365.46	337.076	318.472	318.688	330.045	334.353	318.831	289.955	267.76	261.453	261.613	259.864	258.385	260.384	265.682	273.025	283.171	299.598	320.734	335.386	333.987	320.33	307.038	300.683	294.534	280.351	261.216	244.123	231.332	225.8	231.819	245.946	256.302	255.695	250.031	247.945	250.641	258.552	273.562	288.928	292.237	280	260.902	245.445	236.999	236.02	246.175	268.472	295.624	317.388	325.959	316.779	292.872	267.888	255.577	253.821	247.505	230.004	210.746	197.79	185.29	161.256	120.717	
99.2068	140.77	177.873	206.9	224.029	232.349	239.703	247.008	250.643	251.88	251.646	244.41	229.091	217.186	219.907	235.116	253.625	270.79	287.545	304.374	319.454	332.189	339.326	330.287	300.637	266.158	253.38	277.046	325.265	367.072	378.382	359.555	330.772	311.523	302.687	294.815	288.362	292.086	308.416	328.72	338.809	331.097	312.388	294.54	280.877	267.507	254.457	247.825	251.755	264.188	277.777	283.658	282.496	288.202	308.574	329.561	330.63	308.356	277.283	256.033	257.852	285.643	328.333	364.314	375.195	358.955	329.144	304.243	297.243	306.21	313.081	301.675	278.685	265.34	268.21	275.085	277.054	275.264	272.777	272.836	277.136	285.126	298.711	317.709	332.338	333.114	323.56	314.19	308.083	297.859	278.624	257.71	243.752	236.338	234.374	241.722	257.841	272.268	275.292	269.082	261.537	255.967	254.423	260.055	269.437	273.185	266.588	254.56	245.223	240.672	239.456	244.427	259.175	281.698	306.058	323.896	325.999	311.204	292.282	283.771	283.81	277.28	257.395	233.544	214.473	194.843	163.294	117.119	
100.842	146.472	189.499	222.517	239.35	243.869	245.359	246.227	244.585	242.712	241.809	236.41	225.124	218.784	227.814	248.803	270.028	283.876	291.002	296.177	303.897	317	330.828	330.76	307.946	275.674	261.693	283.124	329.675	372.654	388.378	372.54	340.204	311.324	292.088	277.928	270.65	277.912	298.963	321.203	330.753	323.816	306.688	285.778	262.671	240.441	228.055	231.65	245.344	258.033	263.892	262.779	261.214	271.425	296.715	322.257	328.995	312.386	284.507	263.173	261.869	284.616	323.537	361.021	379.23	371.251	343.84	311.889	291.513	288.962	291.539	282.601	267.167	264.542	277.456	290.118	291.498	281.995	267.568	257.606	258.045	267.01	282.084	301.562	318.241	325.106	324.348	321.545	315.74	300.712	276.149	253.374	242.636	241.545	244.84	254.621	272.095	288.548	293.595	287.255	276.031	263.101	250.647	243.819	245.042	250.276	253.61	253.208	251.008	247.501	242.781	241.138	247.383	262.534	284.148	304.335	311.768	303.309	290.179	284.943	285.008	277.229	256.606	232.315	212.729	191.937	157.793	109.112	
105.403	154.246	199.588	234.112	253.59	260.68	259.902	251.548	236.116	220.265	210.752	206.816	206.448	214.041	233.696	260.704	284.485	295.802	292.79	284.135	283.734	298.864	321.127	330.599	315.008	285.44	268.151	279.657	313.623	349.686	367.468	357.633	329.226	299.566	276.047	258.577	253.048	267.143	295.16	318.649	324.15	313.645	295.834	274.002	247.919	224.307	216.455	228.571	247.335	256.881	254.75	247.878	244.88	253.865	276.323	302.535	317.256	311.51	290.46	269.5	263.919	281.65	319.224	361.785	390.053	391.571	367.43	329.678	296.021	279.743	276.002	270.008	262.6	267.819	285.547	299.331	297.11	278.605	252.891	234.728	232.847	244.056	262.447	284.595	305.36	319.761	327.714	330.129	324.467	306.968	279.72	255.135	244.906	247.12	254.667	267.547	286.08	301.598	305.297	299.738	291.181	278.282	259.132	240.979	233.83	239.873	252.686	263.567	266.649	260.181	248.175	239.208	239.339	249.123	264.665	277.277	278.685	269.426	258.776	254.147	251.928	242.628	223.697	203.443	189.184	174.246	144.826	99.2948	
114.219	164.365	206.767	238.566	261.415	275.356	276.003	259.613	230.145	200.415	183.709	184.004	197.017	217.716	242.977	269.709	292.118	300.296	288.295	267.252	259.989	277.489	307.009	324.279	315.823	291.691	274.497	276.32	293.007	314.061	326.745	321.723	303.275	282.065	261.371	243.616	240.361	261.023	295.513	320.06	321.16	305.105	284.008	261.983	238.747	220.286	217.119	229.997	245.161	250.147	246.541	242.041	241.033	246.439	260.971	282.539	300.845	303.746	289.709	269.917	259.912	271.619	306.327	351.498	386.399	394.967	375.52	338.108	298.898	273.803	265.205	262.237	261.334	270.083	287.402	299.806	296.25	275.091	245.947	226.136	225.087	238.185	258.361	282.398	306.465	325.679	337.163	339.715	333.004	316.12	290.066	264.992	253.22	254.836	263.185	276.929	294.134	305.22	304.866	301.311	300.855	294.437	273.559	247.834	235.066	242.645	263.385	282.858	288.651	277.543	258.28	244.688	244.001	253.711	264.267	264.731	252.929	236.194	221.995	212.542	204.664	193.461	178.294	165.171	159.005	152.486	130.929	91.4259	
126.53	176.976	213.013	237.599	259.695	278.251	281.826	263.323	229.401	196.914	181.896	189.398	211.598	235.628	254.903	271.828	287.185	290.912	273.51	246.942	238.279	258.795	292.315	313.365	310.152	293.566	282.919	283.923	289.724	295.103	296.654	291.241	281.66	271.062	256.548	240.471	237.609	258.896	293.386	316.886	316.405	298.085	274.505	252.592	234.749	224.712	225.636	233.781	240.371	241.789	242.449	245.444	248.282	250.294	256.164	269.222	284.414	291.319	285.056	271.065	261.47	268.54	295.85	333.929	364.815	373.638	358.666	327.961	293.047	267.408	257.431	256.289	257.623	264.974	279.309	291.934	292.672	276.885	252.429	237.497	241.278	256.972	276.524	298.017	319.681	337.331	346.871	347.124	340.405	326.786	304.699	281.615	269.251	268.139	272.12	280.093	289.972	293.36	288.991	288.909	297.66	299.265	280.517	253.424	241.266	253.686	281.271	305.525	311.271	295.813	271.471	256.254	259.16	274.423	285.445	278.241	255.664	230.131	207.753	188.523	172.02	158.14	147.502	142.573	143.98	143.162	126.057	89.7841	
135.153	185.309	215.786	232.65	249.314	266.703	273.232	260.639	234.205	209.668	202.314	216.382	241.136	259.517	265.654	268.681	274.539	273.307	254.905	231.719	228.945	253.508	287.307	307.262	304.806	292.343	288.549	295.674	301.948	300.717	293.755	284.972	278.595	273.876	264.484	251.299	247.382	262.561	288.901	308.427	310.488	296.653	274.954	253.981	240.513	237.557	241.057	242.655	239.247	236.283	239.609	247.261	252.5	253.234	253.651	258.295	267.487	276.678	280.748	279.457	278.998	286.921	304.214	324.861	339.478	339.734	325.343	302.27	276.884	257.55	250.088	249.338	248.663	252.083	264.489	280.319	288.177	280.457	263.903	257.041	267.855	286.554	303.247	317.01	329.361	339.905	346.488	347.739	344.773	336.235	319.966	302.837	294	290.699	285.922	280.878	277.289	270.833	262.966	265.148	279.028	286.351	273.494	253.329	249.752	270.7	303.193	327.321	330.32	311.934	284.97	269.457	277.994	303.114	320.697	313.011	285.946	254.514	224.306	195.769	171.343	154.054	145.543	145.635	150.517	149.811	131.103	93.3189	
135.909	184.291	212.153	225.274	236.372	249.343	258.586	257.056	244.148	229.489	227.368	243.758	267.705	280.684	278.014	271.754	269.107	261.724	243.367	226.961	231.449	257.516	287.966	304.829	301.624	289.525	287.391	299.048	311.707	315.465	310.72	302.194	294.726	288.855	280.702	270.652	266.456	273.93	289.62	305.371	313.997	310.053	293.458	272.535	259.047	257.965	261.201	256.243	242.405	230.89	229.475	235.618	242.932	247.585	248.544	248.248	252.594	264.155	278.633	291.309	302.744	313.895	320.707	320.621	315.295	304.437	288.23	270.407	254.758	245.195	242.734	241.004	236.654	238.151	252.231	271.81	283.715	281.005	271.222	271.114	286.066	305.171	318.155	323.762	325.406	327.885	332.976	337.427	337.899	332.785	323.8	318.486	320.24	319.596	307.726	289.115	270.987	253.911	240.421	239.017	249.788	257.846	253.153	247.073	258.255	288.715	321.838	340.458	339.068	320.573	294.894	281.578	297.332	333.676	358.961	352.519	323.8	290.257	257.878	227.588	200.919	179.691	166.847	163.47	164.242	157.872	134.119	93.9957	
130.09	175.159	202.65	216.973	227.092	237.792	249.615	258.091	256.498	246.968	243.685	257.431	280.226	294.18	293.595	286.625	277.545	262.362	242.464	230.377	236.57	257.231	280.297	295.139	295.701	287.34	285.268	296.148	312.379	325.551	331.974	329.834	320.881	309.553	298.445	289.086	284.272	286.232	295.802	313.048	332.194	339.876	327.619	302.977	283.393	278.733	280.244	271.399	249.601	227.663	216.536	217.894	228.3	240.7	246.601	245.509	247.495	260.119	279.765	299.114	315.107	324.341	320.309	304.34	286.474	271.235	256.941	244.539	237.637	237.808	239.904	235.788	228.523	231.984	250.161	270.582	280.764	279.177	273.993	276.229	288.312	302.548	311.423	312.568	309.079	309.018	315.651	321.311	318.851	311.128	307.606	316.294	333.432	342.977	333.95	311.14	283.915	256.667	233.723	221.915	221.934	225.365	227.762	237.59	264.26	301.222	329.846	339.711	334.348	318.511	297.586	289.115	311.782	355.607	384.066	376.509	346.835	315.207	288.536	266.553	244.867	219.711	195.948	180.26	169.82	154.427	126.252	87.0666	
118.74	160.377	188.945	208.092	223.155	236.403	249.814	261.902	264.779	256.152	249.321	258.313	278.914	296.507	304.316	302.726	290.907	270.612	251.184	242.52	245.499	253.931	264.276	275.962	284.714	287.822	290.772	298.929	312.328	329.587	345.416	350.435	341.952	326.992	312.437	300.193	291.177	288.199	296.625	320.522	351.72	369.594	359.856	329.548	301.301	291.414	292.737	285.346	262.516	235.422	217.126	213.706	224.296	240.104	249.491	250.818	253.826	265.618	283.262	300.131	311.795	313.134	299.16	275.515	255.76	244.989	238.705	234.236	234.143	239.012	240.923	233.357	226.236	235.524	258.675	277.375	282.571	280.021	276.953	276.811	280.26	284.921	287.178	285.532	284.465	292.281	307.205	314.117	304.701	289.381	285.315	300.605	327.683	349.387	353.678	339.905	312.722	278.44	245.841	222.988	211.645	208.707	214.624	235.178	270.866	308.002	328.802	330.486	322.879	310.176	293.887	289.266	313.908	356.817	382.435	373.284	345.368	319.509	303.43	294.661	281.387	253.883	219.225	190.461	168.681	145.674	115.448	79.2516	
105.44	145.318	176.373	201.687	223.737	240.468	252.322	261.66	264.586	257.958	251.908	258.528	274.932	291.454	303.668	307.438	298.369	281.745	270.237	268.507	268.126	261.199	253.343	256.426	271.848	290.056	302.944	309.421	314.943	326.479	341.685	349.797	346.453	336.763	324.159	307.733	289.721	278.027	283.134	310.462	348.811	373.782	368.511	337.999	305.835	292.953	295.719	293.957	277.923	255.128	236.941	229.766	233.878	243.238	250.453	255.2	262.205	272.849	284.772	295.104	299.94	293.389	273.35	249.015	233.664	230.894	234.805	239.12	242.444	244.084	238.851	227.064	223.608	241.257	269.884	287.674	289.208	285.247	281.522	276.603	271.242	266.129	259.499	253.741	258.516	280.411	308.274	319.717	307.494	287.525	279.872	291.438	315.373	340.419	357.195	357.65	337.499	302.877	267.667	241.843	226.421	219.978	225.823	248.427	282.864	312.575	323.348	318.26	309.39	299.344	287.17	284.808	305.817	339.536	357.25	347.062	323.65	305.147	299.061	301.209	295.645	270.103	232.598	199.08	173.152	147.721	116.984	81.4192	
99.1019	140.021	174.292	203.428	227.288	241.526	247.765	253.406	258.557	258.988	259.925	268.34	279.909	288.921	296.188	299.966	296.604	291.299	293.745	302.286	301.855	282.622	256.371	246.76	263.425	292.729	313.896	317.853	312.145	310.448	317.237	327.544	337.78	345.231	342.118	322.375	291.857	265.72	259.43	279.971	316.858	346.658	350.959	329.386	301.066	288.097	291.746	295.715	289.977	277.958	266.014	256.696	250.459	247.616	248.943	255.893	266.736	276.154	282.23	286.82	287.75	278.087	256.913	235.029	224.37	227.834	240.412	253.192	258.506	252.387	234.995	216.815	216.145	239.751	271.795	290.6	293.05	290.367	286.486	278.998	269.974	260.046	246.564	235.686	242.168	270.863	305.121	321.686	315.555	301.885	296.538	302.638	315.263	331.674	348.728	355.378	341.427	312.154	283.291	264.058	253.064	248.12	253.129	271.81	297.097	313.336	311.689	299.757	290.147	284.27	278.74	280.142	296.569	318.648	326.425	314.321	294.901	282.383	283.025	291.828	292.809	274.124	242.363	212.434	189.047	165.418	134.348	95.5702	
104.544	149.066	186.408	215.255	233.232	237.864	236.501	241.146	252.022	261.693	271.171	283.594	292.67	293.55	290.603	287.834	286.362	290.619	304.799	322.634	326.895	305.41	269.918	250.357	263.546	295.549	318.838	318.367	300.808	284.65	283.199	299.363	329.049	358.696	368.204	347.293	305.531	263.893	241.881	249.703	281.356	315.917	331.578	321.262	299.171	287.054	290.279	297.669	300.82	300.07	296.1	286.305	271.321	258.618	255.9	263.871	274.752	279.371	277.897	277.593	278.603	271.444	252.645	232.609	223.782	230.926	251.05	273.331	283.157	270.76	240.127	212.039	208.507	231.238	261.397	280.453	287.377	290.676	291.075	286.24	279.904	272.153	258.229	243.729	243.414	262.145	287.737	305.056	311.257	314.098	319.723	326.21	330.207	334.967	342.508	343.589	328.987	304.758	284.873	275.387	273.261	274.942	281.437	294.044	306.256	306.771	292.746	274.886	265.559	265.002	266.693	271.891	285.512	300.592	303.062	290.458	273.67	265.107	270.613	284.613	291.701	280.58	255.793	230.499	210.169	188.347	156.325	112.967	
115.454	164.345	204.889	232.494	242.658	236.792	228.94	233.14	247.008	260.718	274.418	290.768	302.293	301.346	290.703	278.39	272.03	277.401	294.931	316.961	328.372	315.197	283.445	261.03	267.844	294.349	315.225	312.632	288.897	264.368	259.811	282.751	326.239	369.606	387.851	369.912	325.744	276.978	245.186	244.499	273.539	312.007	333.588	327.568	307.492	295.07	297.256	306.636	316.639	324.951	327.604	318.739	300.043	284.146	281.455	288.833	293.621	286.647	272.765	265.54	267.995	267.084	253.522	235.546	227.634	237.384	263.326	294.285	311.331	298.467	259.827	223.023	213.6	230.387	253.245	268.043	277.274	286.813	293.001	292.846	292.238	292.487	286.484	273.519	262.274	259.425	264.902	276.426	292.585	311.426	328.844	339.586	342.275	342.011	341.331	333.473	314.143	291.926	278.619	277.807	286.246	297.824	306.864	311.244	309.233	297.37	276.491	255.86	245.867	246.277	248.957	252.954	264.168	279.24	285.519	277.826	264.441	258.961	269.146	288.816	301.214	294.435	272.77	249.315	229.493	206.677	171.85	124.014	
122.046	174.081	218.198	247.07	253.81	242.639	231.692	234.017	244.433	253.944	265.61	284.255	301.989	306.169	294.273	275.559	262.772	263.508	277.033	297.384	313.756	311.844	290.659	270.363	269.106	284.447	300.533	300.636	281.038	259.2	257.237	281.764	323.222	362.709	381.064	369.787	334.764	292.504	263.338	262.873	291.621	329.469	348.968	340.27	318.478	304.648	305.971	318.097	335.39	351.976	360.635	355.364	338.97	324.894	322.29	324.639	318.071	296.194	267.865	250.933	251.98	256.936	251.255	239.476	235.677	247.086	272.64	304.9	327.471	321.556	287.787	253.303	243.096	253.639	265.085	269.227	274.207	284.693	292.53	293.69	296.96	306.789	314.023	308.53	290.214	267.957	253.574	254.923	271.269	294.87	316.727	331.043	337.201	338.294	334.498	321.273	299.38	279.533	272.322	280.444	300.008	320.421	328.745	322.294	308.658	292.661	273.187	252.326	237.796	231.838	228.33	226.782	235.168	253.499	268.577	269.469	260.43	256.855	269.576	292.845	308.649	304.419	285.397	265.012	246.539	221.273	180.804	127.006	
121.539	175.354	222.428	253.642	261.097	250.858	241.668	243.084	247.552	248.728	253.998	271.365	293.732	304.758	297.107	279.237	264.758	260.771	267.519	283.257	301.058	306.407	293.462	275.094	265.957	269.155	278.653	282.366	273.872	264.462	269.384	289.406	314.65	335.116	343.963	337.312	315.704	288.226	270.76	276.158	304.248	337.68	352.998	342.38	319.919	304.953	306.032	322.187	347.657	372.621	388.17	389.974	380.572	369.999	364.472	357.614	339.169	306.437	268.294	241.898	236.944	242.965	244.604	242.518	245.916	257.02	274.44	298.464	321.976	328.539	313.619	296.244	294.206	300.083	296.846	285.767	282.438	290.368	296.605	295.279	297.375	311.59	328.888	331.705	313.065	283.424	260.274	253.571	261.623	277.866	296.847	313.976	324.959	327.204	319.174	300.95	278.721	263.824	264.816	283.141	312.942	338.767	343.062	326.244	306.102	292.535	278.303	257.149	235.872	221.716	212.41	207.172	213.021	231.915	251.938	258.765	252.61	248.239	258.137	279.104	295.224	294.677	282.951	272.191	261.155	236.274	189.092	127.107	
117.256	172.262	220.315	251.44	260.295	255.606	253.556	258.021	259.319	253.455	250.785	262.08	282.961	297.456	296.339	285.493	274.685	268.074	268.491	280.085	298.225	306.328	295.422	275.747	261.565	258.291	263.147	268.229	269.803	274.2	285.902	298.703	304.563	302.56	296.577	287.868	274.323	259.1	252.661	263.566	290.988	322.312	339.079	332.713	312.937	297.5	297.754	315.782	345.43	374.628	394.864	404.534	405.319	401.651	395.426	381.657	355.665	318.721	277.776	245.586	232.396	233.581	237.631	242.729	251.463	260.068	266.957	279.828	301.645	321.061	329.591	335.651	346.173	348.62	330.916	306.193	296.971	304.179	309.909	305.267	301.051	310.252	327.753	334.253	320.079	296.192	278.864	272.127	270.946	274.989	288.588	308.689	323.156	321.77	303.604	276.503	252.818	242.818	251.212	277.888	315.808	346.217	348.893	326.934	304.614	293.953	283.103	261.404	236.419	219.415	210.454	205.963	208.655	221.524	237.318	243.272	237.083	230.03	233.597	247.748	261.084	264.162	262.551	266.423	269.217	250.376	199.374	129.588	
112.653	167.567	213.76	241.651	251.405	255.028	263.979	275.702	279.216	271.462	262.569	264.743	277.939	290.12	293.14	290.204	285.085	277.332	272.28	280.669	299.927	310.011	298.59	276.622	262.112	261.147	267.196	272.451	277.974	288.679	301.007	305.49	298.008	282.399	265.946	252.336	239.354	227.319	223.394	234.53	261.487	295.624	320.356	323.877	310.62	295.798	292.049	304.057	327.353	351.002	369.091	384.069	397.802	408.1	409.755	396.901	369.268	332.431	293.087	259.52	239.805	233.822	235.163	240.994	249.691	254.984	255.21	260.772	280.064	306.535	330.881	354.086	374.128	374.981	349.782	320.284	311.586	321.087	327.787	320.204	307.209	305.185	315.309	321.266	313.493	301.916	298.066	297.552	291.389	285.897	295.027	316.336	330.048	320.857	291.4	257.265	233.56	226.018	235.132	262.224	302.979	337.994	344.744	325.467	305.396	297.388	289.315	270.14	247.577	233.77	229.05	226.323	223.361	224.039	227.823	227.208	219.117	210.282	209.449	217.783	227.037	230.695	235.63	251.187	267.328	257.805	208.611	135.487	
111.607	164.285	205.897	228.908	238.934	249.927	268.593	288.549	299.83	298.514	290.049	285.198	287.826	291.067	290.689	290.562	290.048	282.732	273.544	278.355	298.001	311.021	302.061	281.867	271.357	276.556	286.032	290.519	294.899	304.149	310.795	306.852	294.437	279.257	264.916	251.467	235.577	217.852	206.54	211.115	235.73	273.576	307.346	323.014	320.694	309.159	297.602	293.921	300.089	310.042	320.991	338.84	365.918	393.407	408.178	402.496	378.602	344.582	308.013	275.67	253.747	243.43	240.579	242.395	247.763	251.644	250.658	252.396	266.424	290.758	318.259	346.59	369.452	371.546	349.926	326.967	323.944	335.399	341.213	330.336	310.479	299.79	304.06	309.988	307.624	304.516	309.163	313.623	306.957	297.71	303.324	321.179	329.119	312.778	279.916	249.497	232.559	226.561	228.86	245.826	279.835	314.349	326.391	315.422	303.119	301.292	299.547	287.868	272.507	264.276	263.511	261.039	250.563	236.42	225.38	217.032	208.042	200.045	198.618	204.622	210.969	213.368	219.632	238.249	258.989	255.693	212.437	142.056	
117.801	167.457	203.275	220.79	228.91	241.384	262.057	285.39	305.705	317.857	319.187	314.41	307.951	297.738	286.2	282.481	285.356	282.588	274.322	276.24	292.22	304.757	299.984	286.123	280.834	288.326	296.618	298.393	301.135	308.577	310.778	302.746	293.003	288.705	287.482	281.335	263.307	236.134	212.651	207.017	226.682	265.007	303.548	328.533	337.63	330.893	310.52	287.848	274.566	271.218	276.364	295.804	330.73	368.373	392.667	396.577	381.918	353.791	319.496	288.934	269.42	259.823	253.929	250.436	253.027	258.94	260.22	258.25	262.633	277.149	298.524	323.058	343.946	350.196	340.5	330.504	333.276	342.099	342.026	327.175	306.29	296.214	302.432	311.857	312.479	309.042	311.316	315.7	312.073	304.352	305.415	313.481	312.229	293.495	267.411	249.969	244.965	242.562	237.795	240.762	260.312	285.894	298.09	295.052	293.163	300.611	307.755	305.569	298.349	295.432	298.284	296.782	279.988	251.535	226.252	212.329	205.78	201.706	202.007	207.922	214.273	217.96	224.498	239.049	253.681	249.011	210.912	146.286	
128.186	175.617	206.227	218.37	222.087	229.526	243.56	262.281	285.966	310.387	325.939	328.167	317.765	296.444	273.969	265.499	271.831	278.261	278.865	282.395	291.27	295.748	290.561	282.377	280.328	284.445	286.321	284.04	286.565	295.735	300.582	297.445	296.563	305.063	317.149	319.094	301.238	268.62	237.588	224.945	239.987	276.125	313.926	339.957	351.841	345.767	319.405	285.246	260.903	251.191	254.286	272.765	305.004	339.356	365.416	379.859	379.43	360.328	328.616	300.776	287.092	281.68	273.959	265.052	264.981	273.587	278	272.275	265.146	266.785	278.898	297.423	316.334	328.606	331.793	332.71	336.658	337.257	327.213	309.159	293.208	290.461	302.236	315.817	318.417	312.004	308.275	311.371	314.248	312.198	307.556	300.366	287.055	268.447	252.244	247.124	252.546	256.912	252.675	247.881	253.964	267.256	274.275	273.933	278.889	293.565	307.827	313.046	311.834	313.191	321.16	324.524	305.568	265.595	227.865	210.06	208.065	210.342	214.217	221.536	230.598	239.206	247.698	255.568	257.983	245.495	208.272	147.745	
134.819	179.493	205.499	213.974	214.588	216.43	221.522	231.121	250.406	278.719	304.67	316.158	308.298	284.844	259.678	249.492	257.291	271.663	284.48	294.967	299.084	293.14	283.06	277.312	277.09	277.291	272.882	266.439	267.056	277.138	288.918	298.091	309.043	325.064	340.693	343.551	326.378	296.371	268.483	256.744	270.371	304.221	338.243	357.188	360.174	348.164	320.982	288.287	264.468	254.388	256.914	271.603	293.235	314.363	335.259	357.353	370.581	361.846	335.986	314.343	308.485	308.388	300.35	286.684	281.532	288.704	294.295	286.078	269.709	260.27	265.192	281.07	301.082	318.229	327.68	331.314	331.103	322.093	303.688	285.474	276.089	278.207	289.868	303.095	308.454	305.147	302.139	307.332	318.076	323.872	315.847	293.954	267.503	246.523	235.039	234.793	245.2	257.407	260.971	257.846	258.808	265.066	266.707	263.258	267.521	283.803	301.519	310.913	312.744	316.865	330.82	342.366	326.613	281.283	235.447	214.346	215.419	223.654	232.067	241.547	253.499	267.101	277.739	279.107	268.891	246.69	206.997	147.61	
135.317	174.779	195.625	203.004	205.41	206.973	207.653	210.472	223.439	249.652	279.787	298.619	297.346	279.535	258.058	246.413	249.751	264.312	284.231	301.98	307.228	297.886	285.81	282.067	284.92	285.814	279.822	270.03	264.93	270.89	287.28	308.785	329.849	346.952	356.271	351.674	332.831	309.531	291.821	286.769	301.627	333.514	363.2	373.564	365.144	346.51	322.785	298.682	280.148	270.81	272.877	284.675	296.917	304.256	314.732	334.445	352.195	352.165	337.223	326.555	329.368	334.835	329.458	314.283	303.142	304.119	307.127	297.251	276.125	260.77	263.353	281.066	303.354	319.792	325.322	323.534	317.649	303.775	283.623	268.033	261.632	261.276	266.054	275.36	284.658	290.508	294.969	303.461	317.568	328.507	322.121	295.351	262.503	238.396	225.153	221.691	230.283	246.588	258.786	263.431	268.993	277.07	276.543	266.796	264.636	278.148	296.403	306.739	308.196	312.502	330.402	349.641	341.475	300.066	254.477	232.199	233.11	243.097	253.231	262.707	274.622	289.753	300.742	297.226	278.146	248.892	206.744	147.368	
133.42	167.085	183.093	190.926	197.971	203.393	205.026	207.324	219.418	245.011	275.905	297.576	301.244	289.475	271.312	256.091	251.312	260.528	280.644	301.49	311.043	306.31	297.224	295.113	300.565	305.207	301.811	290.824	280.032	279.919	295.904	322.819	348.901	364.871	366.199	351.657	328.278	309.137	300.399	302.818	320.336	350.31	375.508	380.692	367.865	348.189	328.573	310.361	294.531	285.428	288.636	301.422	310.799	309.699	307.048	313.054	323.743	328.336	326.545	328.786	339.347	349.797	349.649	337.777	324.49	319.643	318.473	307.972	287.319	271.95	275.243	294.188	314.251	322.395	317.135	307.99	300.644	289.876	274.198	260.877	252.246	245.926	245.058	253.361	267.725	282.187	292.917	300.845	310.279	319.496	317.311	297.938	271.715	250.235	233.261	220.429	219.442	232.663	250.418	265.879	282.38	297.075	296.327	281.19	273.21	283.311	299.295	305.987	302.655	303.684	321.636	345.409	347.204	318.7	283.024	263.739	262.31	268.536	274.813	279.779	287.18	299.187	308.394	303.077	281.753	250.772	207.926	148.347	
131.382	163.011	177.977	187.32	197.364	205.003	208.278	213.797	230.617	259.118	288.565	306.548	308.696	298.707	282.552	266.424	258.559	265.491	284.698	305.942	319.37	320.945	314.432	308.914	310.024	313.685	311.825	302.311	291.68	290.367	303.867	328.111	353.452	369.562	367.963	347.408	319.58	300.61	295.873	303.766	324.989	353.848	374.26	376.19	364.593	348.696	332.293	315.138	298.936	290.761	297.208	313.396	324.109	319.568	305.557	295.075	293.963	298.774	306.025	316.557	330.326	342.751	347.298	341.726	332.488	327.521	324.904	316.395	301.348	290.297	293.069	306.707	317.161	313.074	298.245	287.357	286.472	285.843	277.015	263.168	249.448	239.422	239.261	251.728	270.992	288.803	299.853	303.556	304.972	308.128	308.328	300.114	287.498	274.106	255.087	231.184	216.59	222.204	243.049	269.259	296.014	314.757	313.563	298.43	291.424	299.887	309.642	307.244	295.619	291.275	306.636	332.535	345.238	334.921	315.484	302.336	297.205	295.668	294.279	292.009	291.78	296.614	301.677	296.773	278.579	249.898	207.342	147.55	
128.211	163.369	183.349	196.524	207.167	212.607	213.992	220.891	241.887	272.831	298.346	307.345	302.026	290.41	277.721	267.335	265.078	275.923	296.553	318.11	334.05	340.046	333.763	320.128	308.677	302.459	297.151	290.468	286.6	291.45	305.242	323.855	343.994	359.104	358.004	337.283	309.535	291.285	288.132	299.129	323.017	350.347	365.229	362.781	352.183	341.463	329.511	312.68	294.271	285.449	293.925	313.001	326.274	322.162	303.487	284.364	276.356	279.511	287.553	296.187	305.159	314.649	321.237	321.838	319.816	319.519	319.135	315.44	309.563	305.4	306.107	309.867	308.052	294.312	276.514	271.352	283.077	295.75	292.975	275.865	256.466	245.519	249.269	266.279	286.886	301.89	308.644	308.77	306.563	306.542	307.397	305.271	301.02	293.075	273.649	243.973	221.161	220.817	241.642	271.928	300.668	317.273	316.218	308.563	310.22	318.83	319.447	305.805	286.707	278.48	291.476	318.878	341.795	349.414	346.343	338.562	327.13	314.734	304.597	296.508	290.223	287.244	285.553	278.695	262.697	236.202	194.601	136.963	
122.847	164.236	192.83	212.555	224.757	227.128	223.882	227.447	246.91	276.086	296.634	297.538	285.394	272.339	264.016	261.475	266.933	282.187	303.236	323.338	339.065	347.236	342.231	323.822	301.403	284.455	275.126	272.058	275.99	288.47	305.647	321.218	334.117	342.816	339.836	322.454	300.754	287.556	287.324	299.68	322.275	344.658	353.174	346.752	336.92	331.301	324.533	307.614	283.737	269.041	274.929	295.024	311.992	312.613	297.84	281.704	276.483	280.47	284.012	282.417	280.029	282.769	288.825	292.605	294.43	296.98	299.391	301.994	306.595	310.953	312.179	309.853	301.111	284.085	268.417	270.596	293.321	316.627	318.17	297.629	273.046	260.886	266.543	284.209	301.582	310.737	312.841	311.785	311	313.246	315.957	314.317	308.584	298.251	278.602	252.011	231.802	229.625	245.105	269.17	291.445	303.473	305.229	308.424	319.961	329.098	323.03	303.514	282.92	274.376	285.556	312.746	341.784	361.318	368.8	362.234	341.302	315.219	295.553	284.861	278.543	272.236	263.323	250.084	231.895	206.188	167.417	115.867	
116.359	161.593	196.456	223.11	241.049	245.125	237.908	233.512	244.41	266.928	283.724	283.709	272.886	262.558	257.715	258.971	267.321	282.697	300.508	315.28	325.887	332.173	329.682	314.789	293.415	277.105	271.66	274.145	280.912	293.423	310.597	324.398	329.788	328.237	320.827	308.189	295.334	289.037	291.853	302.979	319.69	334.433	339.231	335.259	330.896	329.793	323.932	302.621	270.256	246.836	247.23	266.901	288.381	296.522	290.407	283.589	287.718	297.754	299.843	289.409	275.922	270.822	273.561	275.122	272.902	271.678	274.746	283.546	297.418	310.19	316.301	315.879	308.607	294.251	281.556	285.117	308.278	333.41	337.534	317.596	291.488	277.724	282.204	297.675	311.968	319.527	321.497	319.312	317.17	320.457	325.142	322.284	310.898	294.504	275.007	256.379	244.468	242.335	249.796	264.317	280.381	291.475	297.617	306.746	320.78	328.995	323.098	307.803	292.982	286.097	293.148	315.438	344.373	368.42	379.677	370.7	339.581	299.244	268.924	256.752	255.333	251.659	238.874	219.972	200.487	178.1	144.688	99.681	
111.821	155.854	190.745	221.595	248.401	259.672	250.495	235.378	233.482	247.22	262.804	269.296	268.166	264.964	262.676	263.549	270.338	283.243	297.133	305.66	307.833	307.189	304.536	297.159	287.488	284.174	290.819	299.949	303.883	306.847	314.983	322.17	319.995	311.214	303.174	297.308	291.98	288.618	289.444	294.777	303.712	313.6	322.114	329.872	337.035	339.216	327.829	297.732	258.375	230.48	228.148	247.882	272.982	286.826	286.661	285.972	297.757	316.632	325.113	315.127	296.562	284.709	281.838	277.201	266.31	258.018	260.651	273.833	292.351	309.471	320.752	325.991	324.536	315.554	304.44	301.634	312.607	328.956	334.005	321.487	301.89	289.909	292.294	304.824	319.725	333.418	340.84	335.426	324.01	321.177	325.518	323.489	310.595	292.319	274.823	262.222	254.958	251.61	254.195	265.426	281.859	295.775	303.869	310.125	317.687	322.853	321.757	316.57	310.578	305.058	305.357	319.105	344.545	370.279	383.288	372.247	334.272	283.458	243.969	229.966	233.542	234.375	221.471	202.209	187.472	173.423	146.674	104.203	
110.556	150.735	181.726	213.19	246.99	265.759	256.292	232.483	219.958	227.25	244.128	259.577	269.513	272.985	271.779	270.933	275.348	286.227	298.654	304.124	299.226	289.873	283.209	280.544	282.948	294.074	311.872	325.058	324.889	317.215	312.145	308.011	299.401	290.521	288.166	289.649	287.477	280.571	273.389	270.286	274.08	285.365	303.446	325.881	344.615	348.029	329.045	291.686	251.582	227.142	228.182	250.168	276.383	289.849	288.006	285.352	297.436	321.595	338.962	335.675	317.481	301.544	294.384	286.089	271.334	261.292	266.051	281.043	296.976	310.005	320.291	327.939	330.737	326.271	315.754	304.098	298.126	300.927	306.778	308.066	303.925	299.226	299.5	306.681	320.955	340.645	353.037	343.446	321.357	311.085	316.035	319.378	311.704	297.318	282.793	270.69	260.29	253.015	255.319	270.25	290.731	306.461	312.692	311.895	310.143	311.006	313.744	316.594	316.94	312.103	307.149	313.991	336.43	363.82	379.21	368.74	329.863	277.441	237.353	225.86	233.784	236.735	223.063	204.728	195.908	190.068	168.439	124.949	
108.294	146.354	175.325	206.044	241.641	263.835	256.207	230.85	214.815	219.841	238.911	260.996	277.26	282.784	281.076	280.436	285.454	296.123	307.879	311.295	301.537	286.173	275.444	272.488	278.605	294.805	314.852	327.25	326.494	318.032	308.379	297.17	285.217	278.989	281.047	283.935	278.626	265.052	250.376	242.366	246.021	262.103	288.591	319.991	343.78	345.757	322.298	284.779	251.318	235.801	243.526	267.93	291.002	297.237	287.927	279.115	286.103	308.075	327.997	329.512	314.043	298.03	290.977	285.767	277.495	276.025	288.148	303.834	311.126	310.948	311.043	314.595	318.104	316.644	307.578	291.105	273.686	266.549	274.761	292.343	307.758	313.116	310.329	307.63	313.461	328.953	339.127	326.955	302.323	292.279	302.352	313.985	313.79	303.973	290.235	273.907	256.047	244.147	248.613	268.927	291.955	306.604	310.406	305.47	297.504	293.796	296.951	303.068	305.433	300.269	293.239	296.663	315.744	341.246	356.028	346.626	312.692	270.568	244.708	246.964	262.927	265.908	247.124	224.113	213.95	209.049	188.409	143.592	
100.051	138.591	170.008	201.891	236.761	259.848	257.102	237.708	224.359	229.135	248.809	272.866	289.144	292.629	291.714	297.091	309.071	322.154	330.299	326.155	309.717	292.533	282.343	277.358	279.017	290.18	303.774	310.5	311.637	313.372	313.629	305.753	292.714	283.906	280.765	275.782	263.401	246.193	231.116	224.779	231.33	251.241	282	316.128	338.79	336.783	312.062	280.947	259.203	253.654	265.483	287.347	301.733	297.212	280.58	267.561	268.652	282.735	298.285	302.46	293.679	282.861	278.66	279.094	283.003	297.012	320.685	337.801	334.595	316.755	300.649	295.402	297.929	300.136	295.253	280.137	259.923	248.78	258.817	287.621	317.61	330.956	325.353	312.146	304.672	307.557	309.914	297.746	278.291	273.753	288.85	306.096	311.092	303.995	289.055	267.784	244.478	230.967	238.103	261.054	283.157	295.075	298.092	293.939	284.831	278.395	281.19	288.953	290.831	282.853	272.955	272.386	284.518	301.781	310.618	300.871	275.313	251.655	250.674	275.739	304.523	308.066	281.313	247.94	229.046	218.227	194.87	149.54	
88.8164	127.477	162.783	198.467	234.706	260.14	264.766	254.834	246.398	250.53	267.959	289.167	300.696	300.765	303.458	319.545	342.654	359.44	360.355	342.292	315.864	299.26	294.733	291.503	289.9	295.292	299.764	295.927	294.079	305.501	320.924	322.457	308.723	291.815	277.515	262.883	246.767	232.472	223.306	221.73	230.527	251.763	284.566	320.083	340.615	333.937	308.28	284.476	274.159	275.508	285.378	298.241	301.302	288.455	269.056	254.973	250.456	254.988	265.662	276.601	282.36	282.511	280.944	283.161	295.87	323.412	357.322	375.59	363.411	329.982	298.128	283.378	285.712	294.742	298.146	288.572	269.459	255.518	262.416	291.259	324.387	341.479	337.221	320.702	305.004	297.714	294.409	285.182	272.133	269.165	280.789	295.784	303.127	300.352	287.439	265.472	241.972	229.94	237.352	257.16	274.045	281.585	283.495	281.744	275.731	271.395	277.209	288.406	289.681	276.277	259.513	251.417	253.987	261.264	263.769	254.166	236.558	228.965	248.945	292.909	332.441	337	304.027	261.739	235.082	218.762	192.073	145.88	
82.9917	119.263	155.466	194.525	234.039	263.217	274.812	273.727	270.834	275.055	289.003	304.745	310.369	307.765	313.387	336.01	364.999	382.433	376.176	346.579	312.465	296.621	298.319	301.976	305.707	312.279	310.014	293.033	280.385	290.451	312.254	320.096	306.511	284.573	265.586	250.972	240.386	234.516	232.691	234.707	243.073	261.918	293.379	329.595	350.544	342.27	315.804	295.172	289.509	291.034	294.081	296.835	292.775	278.796	261.688	247.657	237.522	234.007	242.968	264.86	289.488	303.524	304.633	304.829	318.586	349.679	385.102	400.877	382.776	340.772	299.236	278.183	282.71	301.939	316.655	313.067	293.219	273.654	272.168	291.776	318.657	336.822	339.753	330.35	317.323	309.34	307.466	305.017	297.66	289.644	286.858	289.873	296.259	301.299	297.27	281.526	262.303	251.333	253.582	263.591	271.55	273.844	273.591	272.463	269.68	270.199	281.901	298.307	300.265	281.49	256.302	240.277	237.013	241.417	244.415	237.44	223.161	219.912	244.999	292.407	332.223	335.355	301.275	259.004	233.444	217.556	188.846	140.073	
86.772	118.98	151.398	189.288	229.35	260.06	275.748	281.94	286.567	294.205	305.616	315.567	317.066	313.64	318.249	336.309	358.422	369.86	360.45	331.156	299.213	284.853	288.548	298.511	311.458	322.947	317.204	291.324	268.638	269.407	284.696	290.575	278.4	260.143	248.774	246.621	250.258	255.706	260.216	263.876	269.198	280.696	303.985	336.317	358.813	353.974	329.777	309.193	300.523	295.881	291.33	288.869	285.54	276.98	264.3	249.657	234.846	226.68	235.617	264.92	302.004	326.674	331.916	330.359	338.462	360.72	386.204	395.4	376.15	335.172	293.249	272.027	280.898	309.06	331.898	331.013	309.083	284.955	275.759	283.892	300.965	318.757	331.342	335.175	332.888	331.708	336.345	343.469	342.945	328.607	306.991	291.873	292.502	304.634	313.318	309.47	297.624	286.2	279.329	276.701	276.118	276.289	276.14	273.449	268.395	268.781	283.34	303.999	308.306	287.324	256.736	237.257	236.716	249.233	260.85	257.842	240.982	230.633	246.304	282.583	311.876	310.18	279.776	246.714	230.384	219.107	188.777	135.845	
97.5784	125.942	150.905	181.344	216.243	245.365	264.285	278.663	293.486	307.105	316.047	318.98	316.698	313.509	315.06	321.603	327.667	327.934	319.266	301.421	281.845	271.571	273.094	283.247	300.103	313.735	307.837	282.997	259.764	252.47	254.894	252.936	242.714	233.449	235.263	249.487	269.541	286.692	296.407	300.118	301.121	303.376	314.244	336.792	357.28	357.699	340.778	323.469	311.865	301.26	292.18	289.27	290.164	287.307	276.594	259.382	241.566	232.603	241.498	269.922	306.944	334.813	344.525	342.332	340.535	346.071	355.836	358.761	344.455	313.449	280.501	266.004	279.158	307.885	327.903	324.476	304.01	283.464	272.946	271.994	278.85	293.955	313.323	328.986	337.661	343.49	353.568	368.716	375.765	359.828	325.641	295.157	286.895	300.469	319.29	329.102	327.591	317.981	304.664	293.394	289.33	292.789	296.119	289.895	275.206	266.527	277.218	299.443	307.759	288.878	257.369	238.602	245.349	270.051	292.04	292.387	271.408	251.902	254.898	276.085	292.089	285.153	259.655	236.451	227.642	218.388	185.944	130.432	
108.868	134.929	151.63	170.932	197.043	224.13	248.502	272.972	298.26	317.372	322.853	316.495	307.449	303.115	303.146	301.116	293.207	283.423	276.857	272.268	266.946	262.365	261.431	267.576	281.779	294.398	292.317	276.549	259.622	248.285	240.03	231.997	225.58	225.284	235.68	257.954	286.957	312.063	325.257	327.75	325.578	323.068	325.046	335.51	347.648	349.797	342.857	335.541	328.587	318.753	309.524	306.396	307.38	304.176	290.894	270.28	252.162	246.027	255.416	277.866	306.352	330.904	342.663	339.102	326.475	315.188	311.266	311.769	307.182	291.928	274.919	272.387	287.785	306.352	311.003	299.537	284.019	274.161	267.836	261.179	259.254	269.381	289.577	310.159	323.695	331.164	341.099	358.533	371.356	360.819	327.549	292.663	277.25	286.444	308.736	329.311	339.903	337.946	326.423	314.501	312.432	321.183	326.87	314.136	286.242	264.984	268.813	291.187	304.693	291.013	261.255	243.021	252.795	282.654	309.019	311.474	290.537	268.521	264.857	276.016	283.509	274.231	251.606	230.34	218.497	204.453	170.807	118.455	
113.525	139.649	151.367	161.43	179.273	204.482	233.801	266	298.495	322.441	327.138	313.084	294.905	286.661	287.234	284.385	272.375	259.384	255.166	258.515	262.101	262.549	261.702	264.263	272.993	283.086	286.425	280.786	269.952	257.601	246.56	240.918	242.728	249.746	259.816	275.243	298.564	323.213	337.262	338.789	336.833	336.937	338.011	339.298	339.478	337.398	336.807	340.192	342.307	338.423	331.447	325.854	321.047	312.131	295.515	275.092	261.131	260.776	272.034	288.705	307.256	325.199	335.495	329.828	309.485	286.614	273.877	275.158	282.577	286.191	288.983	300.219	315.183	317.596	300.925	277.255	263.882	263.067	261.663	252.848	245.543	249.643	264.473	281.973	293.98	298.994	304.916	319.591	335.639	335.864	315.564	287.464	269.24	271.224	290.218	314.97	335.109	343.653	339.829	332.368	333.658	344.418	347.342	326.438	289.433	262.038	262.851	285.424	302.969	294.558	267.418	248.277	254.666	280.146	303.542	306.655	289.705	271.378	267.385	274.812	279.503	270.894	249.121	222.787	199.847	177.319	144.955	101.057	
108.323	136.478	148.963	156.097	168.933	190.659	219.284	252.145	286.782	316.045	326.215	311.087	285.562	271.859	273.539	275.722	268.937	259.875	258.495	265.391	274.452	280.44	281.691	280.472	280.95	285.158	290.343	290.712	284.1	274.879	270.152	274.932	287.348	298.672	301.411	299.503	305.675	321.907	334.624	337.133	338.65	345.224	350.778	348.79	339.718	330.078	327.787	333.562	339.514	339.231	333.428	324.885	314.405	301.49	285.992	271.198	264.599	270.815	284.931	298.233	308.682	319.27	326.686	320.636	297.998	269.684	252.22	255.827	275.787	299.074	321.367	343.339	354.709	341.913	307.577	271.7	254.203	255.043	256.857	250.275	242.266	240.225	244.565	252.596	259.899	263.697	268.184	280.62	298.828	310.203	305.669	287.707	268.766	263.19	274.921	296.787	319.271	333.779	336.109	332.573	334.726	342.075	338.038	312.265	277.627	257.03	261.688	283.56	300.73	294.767	270.462	251.153	252.744	270.848	288.857	291.471	278	263.425	260.635	267.311	271.918	265.238	244.526	213.483	180.976	152.211	122.389	86.4874	
96.2909	126.205	143.671	155.092	168.408	186.751	209.926	237.005	268.196	300.014	317.676	307.221	279.23	261.34	263.839	272.363	273.893	271.215	273.247	284.322	301.589	316.093	319.243	310.975	299.286	293.077	294.039	295.476	293.114	291.569	297.795	313.302	331.602	341.331	334.087	315.611	305.163	311.626	322.518	327.778	333.638	344.812	354.003	352.901	341.401	327.534	320.749	322.366	325.033	322.307	314.381	304.38	293.869	283.058	272.325	263.689	262.45	272.748	289.352	301.218	305.389	309.204	314.876	311.891	292.227	263.774	244.988	251.049	280.914	319.878	356.18	382.706	388.476	366.343	323.951	280.852	256.257	253.111	257.638	258.949	256.163	249.333	239.995	233.948	234.573	240.107	249.403	264.716	285.267	302.699	306.761	293.78	273.043	261.438	266.274	281.674	299.245	311.931	315.514	313.925	314.818	315.527	304.308	280.473	259.878	256.155	268.351	286.771	298.478	292.227	271.445	253.932	252.454	264.792	278.606	280.225	267.533	253.506	250.667	257.329	262.475	257.597	239.16	208.171	173.121	142.521	113.809	80.677	
85.2621	115.656	138.851	158.799	178.139	196.568	214.857	234.881	259.171	287.203	306.545	300.485	274.242	254.996	256.926	267.785	273.187	273.761	278.867	296.463	324.905	349.085	353.102	337.033	314.162	297.588	291.475	291.329	293.559	300.44	314.765	334.19	350.764	354.655	339.79	313.088	294.291	293.907	302.17	309.375	318.172	329.987	338.328	337.844	329.642	319.946	315.585	316.882	316.776	309.365	297.051	286.942	281.415	276.61	269.469	261.92	260.141	269.555	286.085	296.914	296.399	294.307	298.597	300.079	286.875	263.179	246.438	253.256	285.651	330.087	371.062	397.424	400.334	377.727	337.457	294.433	265.311	257.575	265.191	277.551	283.694	274.374	252.416	232.294	225.357	232.59	249.366	271.506	294.859	312.033	314.181	298.042	273.754	259.065	260.686	271.101	281.625	287.96	289.245	288.723	289.123	285.518	272.199	256.405	252.953	265.301	282.616	294.848	298.822	292.432	277.909	265.012	261.647	267.984	276.691	275.927	261.926	246.312	242.49	249.05	253.825	249.058	233.536	208.236	178.556	150.08	120.043	84.0434	
83.4628	115.711	143.424	170.228	195.316	214.777	230.227	246.817	267.151	289.228	303.531	297.429	273.886	254.375	251.769	256.954	258.177	256.792	262.888	285.421	321.434	351.492	357.037	340.188	316.527	298.135	288.916	287.608	292.224	301.734	315.303	330.857	343.084	344.108	328.478	301.962	280.842	274.221	276.582	282.276	291.796	302.193	306.975	305.628	303.28	303.796	308.328	314.792	316.37	307.366	292.494	283.717	284.705	286.321	280.567	270.235	264.172	269.059	282.252	291.008	287.111	279.822	280.852	284.366	277.847	261.944	249.731	254.936	280.853	317.882	353.094	377.215	383.901	370.702	341.257	305.853	278.597	269.203	277.83	295.852	306.717	296.292	269.039	243.235	232.309	239.027	259.761	287.739	313.826	327.412	320.926	296.368	268.048	253.024	255.314	265.146	271.637	270.966	266.72	265.132	267.028	266.112	259.404	254.847	262.621	281.494	298.652	304.694	302.565	298.397	293.898	288.836	283.606	280.757	280.441	274.893	258.792	241.417	236.159	241.011	242.365	234.9	223.285	210.174	194.072	171.697	138.516	95.0948	
93.0697	130.973	162.103	189.972	213.854	229.356	240.676	257.338	280.483	301.47	310.377	301.9	280.641	260.151	248.506	241.477	233.825	228.098	232.427	254.074	289.057	318.759	327.92	320.976	311.148	304.618	301.434	301.096	302.789	304.521	306.441	311.861	320.38	324.216	315.127	294.693	273.904	260.894	256.028	258.616	267.603	276.465	278.583	277.329	281.003	290.079	299.728	307.751	310.894	304.293	291.779	286.195	292.231	298.632	294.424	283.014	275.417	278.368	288.993	295.098	287.819	275.395	271.033	272.453	268.933	259.04	250.884	252.947	267.245	288.558	310.871	331.171	345.601	347.992	335.752	314.863	296.156	287.762	292.31	305.29	312.955	303.12	280.66	260.672	252.001	256.999	276.255	305.317	331.682	339.999	323.52	291.026	261.123	248.441	254.074	267.078	273.134	265.811	252.537	245.796	248.825	255.193	260.33	266.529	278.301	295.804	310.734	314.145	309.925	309.633	315.482	318.096	310.146	296.928	286.92	276.602	258.658	239.608	232.217	233.377	228.668	216.859	210.124	213.12	215.534	201.995	164.651	110.629	
107.531	153.355	188.111	213.523	230.288	236.556	240.541	256.239	283.964	308.265	316.347	308.285	290.826	270.175	249.702	231.38	217.299	208.999	209.685	224.738	251.899	277.034	290.113	297.217	308.041	321.835	331.777	333.966	327.877	314.084	297.8	289.192	292.259	299.117	298.909	287.846	270.625	255.541	249.024	252.559	262.005	269.749	271.513	272.612	280.341	290.809	295.921	296.837	297.227	294.739	289.275	288.562	296.34	303.543	300.565	291.531	288.391	296.732	310.542	316.032	305.282	287.501	276.456	271.861	265.311	255.491	247.83	246.351	250.781	258.838	270.014	285.824	304.83	320.337	326.412	323.542	315.724	306.89	302.083	304.222	306.986	301.176	289.016	280.073	278.068	283.31	298.563	322.468	342.634	342.466	317.637	282.583	257.129	251.069	262.338	279.864	286.893	274.282	251.786	237.134	237.317	247.304	260.514	273.472	286.443	301.952	316.459	321.154	318.256	321.151	332.379	337.638	326.74	308.632	296.213	285.641	266.669	245.123	234.887	232.374	222.365	206.553	202.883	218.31	236.281	230.719	189.356	124.923	
118.11	170.932	210.478	235.123	245.699	243.302	239.208	249.688	275.982	301.555	312.511	309.61	298.407	280.114	256.538	235.329	222.643	215.972	212.875	218.906	236.422	255.763	269.165	283.335	307.377	336.913	358.322	362.181	347.772	320.096	289.802	270.536	267.317	273.078	277.941	275.256	264.323	253.426	252.887	262.683	274.032	280.871	284.177	289.356	298.654	304.389	298.949	287.869	281.871	283.293	288.17	294.58	301.691	304.93	300.432	293.844	296.861	313.699	334.661	343.29	332.405	311.785	294.201	280.555	266.003	251.235	240.726	236.481	237.991	244.46	254.76	267.948	284.253	303.16	321.308	332.799	331.282	316.517	299.22	291.688	293.099	293.355	290.855	293.113	302.139	313.504	325.374	337.274	342.628	330.71	301.091	270.068	254.824	258.943	276.727	297.5	305.273	291.231	265.408	245.545	239.945	246.224	258.771	272.457	285.294	299.27	312.706	318.424	317.877	322.621	333.489	336.172	324.134	310.05	305.244	300.639	282.979	259.477	246.669	241.814	229.132	210.402	205.648	224.423	248.955	247.421	203.786	133.389	
121.857	178.775	222.295	248.183	257.06	251.656	242.957	245.679	263.092	284.377	298.631	303.449	299.098	284.515	263.973	249.303	246.399	246.825	242.926	241.34	249.809	261.947	269.329	278.64	301.447	333.884	358.439	361.385	342.096	309.788	278.389	259.904	255.537	258.133	261.745	262.025	256.657	252.438	259.493	275.021	287.013	292.333	297.676	307.388	317.344	317.676	303.225	281.917	268.912	272.631	287.956	302.95	310.098	309.069	302.561	296.782	301.817	321.713	346.38	359.362	353.592	335.572	313.838	290.899	267.955	248.475	235.334	230.119	235.044	250.206	268.705	281.805	290.349	303.012	322.479	338.518	336.067	312.382	283.815	269.209	269.786	273.995	279.225	294.241	320.007	343.691	353.239	348.226	334.001	311.444	282.28	258.681	253.102	265.105	286.335	306.508	313.435	302.222	281.929	265.255	257.947	259.42	266.613	275.674	283.921	291.618	298.436	301.382	302.472	308.467	316.542	315.267	304.465	298.815	305.324	309.887	297.413	275.391	261.557	255.362	242.245	222.287	213.882	228.315	250.554	249.018	206.179	136.229	
121.02	178.263	220.947	245.068	253.747	250.764	243.214	240.718	247.98	262.649	279.408	291.717	292.898	281.326	265.786	260.965	271.115	283.046	284.027	278.955	278.52	280.011	275.945	273.534	286.622	313.005	334.311	335.529	316.926	290.22	269.424	261.47	261.385	260.9	258.635	256.313	253.89	254.912	265.221	280.685	290.108	292.755	298.302	310.217	320.397	318.594	301.65	276.794	259.667	263.185	283.714	304.249	313.462	313.708	310.122	306.162	309.487	325.494	346.773	360.122	359.733	347.234	324.958	296.682	270.009	250.561	238.57	235.126	245.118	268.881	294.433	307.016	307.252	309.506	321.715	334.235	329.445	302.579	269.57	249.551	245.422	248.918	260.068	288.102	330.877	366.748	374.084	353.613	323.834	296.709	272.314	254.643	252.245	265.042	284.123	299.223	302.758	295.381	285.512	279.78	279.11	281.97	286.237	289.296	289.038	286.176	283.297	281.578	282.678	287.961	291.753	286.546	277.137	277.748	291.809	303.782	298.29	280.846	268.174	262.601	251.92	233.488	221.979	229.449	245.33	242.238	203.021	137.857	
117.925	171.896	208.097	225.012	231.103	231.959	229.954	228.524	231.638	242.708	261.432	278.894	283.384	273.433	261.186	262.64	281.923	304.876	314.454	309.926	301.217	290.34	274.397	261.88	266.329	285.581	302.398	304.185	293.416	281.245	276.819	279.897	281.713	276.043	266.586	260.628	260.58	265.449	274.735	284.807	288.895	287.45	289.608	299.103	307.916	306.596	292.609	270.89	254.288	256.073	274.667	294.486	305.575	311.227	314.454	314.493	317.24	329.176	344.596	353.657	354.119	345.903	326.137	297.863	272.516	257.416	251.286	253.798	268.258	292.956	315.9	323.802	317.384	310.77	314.365	323.035	321.359	301.305	272.101	248.745	237.011	235.66	248.365	282.642	332.965	373.497	378.529	350.191	314.489	288.627	269.48	254.432	250.285	259.261	273.174	281.916	281.387	276.312	274.852	279.779	288.239	296.636	302.313	302.921	297.321	288.384	281.112	277.364	276.792	277.673	274.174	262.706	251.258	252.819	268.623	283.689	283.214	270.659	261.689	260.919	256.552	241.88	228.775	231.095	242.293	238.758	203.743	143.098	
112.263	160.532	188.768	198.02	201.066	205.279	210.295	214.994	220.449	231.001	249.364	267.383	272.348	263.298	253.03	256.797	279.204	307.517	322.649	319.015	305.244	287.441	266.594	250.727	250.634	263.206	274.432	277.964	280.237	288.957	302.966	312.627	309.227	294.455	278.968	272.916	278.253	288.591	296.529	298.82	294.849	287.231	283.232	286.847	292.226	291.282	281.668	266.368	253.971	254.581	267.888	282.826	292.552	299.728	305.489	308.371	313.845	327.034	340.89	346.916	346.908	342.192	326.542	300.521	277.263	266.883	269.235	281.785	301.22	320.684	332.399	331.596	320.685	309.918	309.219	317.81	323.133	313.682	291.513	267.443	249.575	242.263	251.351	282.086	327.636	363.794	366.53	338.253	304.492	281.763	265.728	251.998	246.589	252.66	263.257	269.318	267.997	264.408	265.448	272.333	281.908	291.513	299.376	302.859	300.626	296.425	294.418	293.284	290.643	284.998	272.09	251.162	232.6	229.393	242.1	256.454	258.129	249.689	246.788	254.776	259.14	248.469	234.352	234.112	243.831	241.232	209.204	150.701	
102.687	144.636	168.553	176.835	182.061	191.052	202.717	213.932	222.419	230.842	244.076	257.396	259.902	251.051	243.051	249.327	272.697	300.104	313.138	307.401	293.785	280.362	266.651	255.716	253.912	258.233	260.466	262.757	276.147	303.894	333.191	345.06	332.619	307.738	288.955	287.566	302.525	321.486	330.135	324.39	310.41	295.887	286.414	283.775	283.89	281.634	276.044	268.309	261.652	261.725	269.557	278.645	283.373	284.673	285.228	287.536	296.967	315.047	332.447	340.836	343.81	343.719	332.469	308.624	286.498	279.344	289.165	311.344	335.118	348.193	347.84	338.983	326.281	315.526	314.162	323.242	332.333	328.849	311.436	288.466	268.504	257.978	262.768	285.837	320.302	346.527	346.014	321.782	294.239	275.664	262.444	251.419	247.399	253.207	264.082	272.602	274.513	271.914	269.539	268.507	268.486	271.477	278.659	287.027	294.141	302.711	312.813	317.651	313.501	301.309	279.453	249.222	222.24	211.466	217.824	228.693	230.763	226.212	230.239	247.124	259.107	251.663	236.694	233.859	241.402	238.674	208.486	151.891	
90.2757	127.368	152.287	167.548	181.441	197.303	213.879	228.157	236.012	238.888	244.021	250.558	248.999	238.463	231.655	241.221	265.895	289.639	296.636	288.361	279.744	278.655	280.11	279.968	279.309	276.143	268.821	266.771	283.73	318.918	352.292	361.031	340.887	309.924	291.343	296.908	322.432	350.345	361.129	349.954	328.696	310.411	298.545	290.413	283.585	278.52	277.038	277.219	275.222	272.612	273.543	276.456	275.614	269.749	263.936	264.721	276.539	297.753	318.797	332.036	340.211	344.832	337.887	318.284	300.452	297.429	311.298	336.831	360.542	368.5	361.118	348.07	334.999	325.153	323.419	330.426	337.573	334.024	317.809	295.769	276.568	267.226	271.805	290.108	314.707	330.061	324.551	304.243	284.783	272.947	265.196	259.235	258.194	264.864	277.282	289.243	293.913	290.052	281.286	269.842	258.35	252.47	255.427	265.002	279.926	301.938	325.221	336.51	330.656	311.576	281.945	246.252	215.852	200.936	201.755	208.599	210.881	210.398	219.781	240.988	255.982	250.759	235.905	229.51	231.736	225.672	195.525	141.589	
79.0617	113.411	141.725	166.175	190.051	212.237	230.879	244.146	248.642	246.357	245.961	248.266	243.526	230.051	221.883	232.052	256.024	276.105	280.325	274.431	272.989	281.658	294.288	303.989	307.942	303.697	292.725	287.397	301.319	330.977	355.873	357.288	334.131	303.286	286.485	295.868	326.912	360.184	374.646	365.395	345.568	328.839	315.902	301.32	285.977	277.212	279.725	287.205	287.799	279.825	272.214	269.132	265.262	257.306	250.239	250.94	262.237	281.736	302.277	317.965	329.581	336.928	334.098	322.352	314.034	317.193	331.369	352.9	371.713	376.613	368.044	353.99	339.961	330.269	328.885	334.485	339.197	334.117	316.709	293.216	274.487	268.598	276.479	293.981	312.523	319.023	307.821	289.635	277.739	273.71	272.285	270.86	271.867	279.002	291.716	303.484	306.471	299.32	286.382	270.819	255.574	245.365	242.626	247.931	265.194	296.398	329.341	344.803	336.311	310.099	273.917	236.748	209.06	196.47	197.099	203.505	208.046	211.837	223.498	242.922	255.527	251.115	237.833	229.019	225.051	212.612	178.751	125.604	
73.7672	106.345	136.013	165.147	194.274	219.408	237.767	248.54	251.027	248.959	249.66	252.119	246.284	230.86	220.267	226.936	245.878	262.355	269.035	270.959	275.467	283.827	294.132	305.217	314.744	317.565	312.256	308.639	318.052	336.381	348.119	343.219	322.529	295.839	278.964	285.018	313.527	348.317	370.012	372.345	363.473	351.974	336.709	313.978	289.348	275.648	280.024	293.058	296.435	285.546	272.627	265.825	260.757	253.508	247.815	248.604	257.121	271.622	288.044	302.717	315.034	323.242	323.493	318.877	318.496	324.923	335.698	350.01	363.359	368.477	363.8	352.216	338.346	329.762	331.466	340.085	347.009	343.213	324.403	297.455	277.294	273.548	284.129	301.119	314.419	312.93	296.274	279.321	273.622	275.634	277.046	275.411	275.277	282.024	293.761	301.998	300.625	291.618	280.137	268.084	256.439	247.196	240.989	241.193	257.445	292.709	330.117	346.599	334.94	303.02	262.834	226.698	203.75	196.622	202.269	213.36	222.527	229.651	240.455	254.646	262.513	258.036	246.915	237.111	227.372	206.552	165.557	110.545	
77.3495	108.43	136.202	163.956	191.752	215.296	232.119	242.383	247.81	252.913	260.895	266.452	260.197	243.381	230.051	230.65	241.836	255.009	267.164	279.185	287.625	287.535	282.826	283.595	293.621	306.135	313.576	318.769	328.153	337.807	339.287	331.274	315.172	292.892	273.787	271.888	293.166	328.198	359.705	377.177	380.872	373.935	356.228	328.101	297.392	278.167	279.805	294.327	301.86	295.122	284.753	277.994	270.816	261.126	253.84	253.228	259.083	269.175	281.046	293.314	305.42	314.072	315.035	311.036	309.216	311.044	315.474	324.358	336.231	345.667	349.033	344.498	334.648	329.019	334.252	346.646	357.598	357.592	340.435	312.953	291.896	287.592	297.263	310.958	316.779	306.092	284.103	268.409	267.861	273.679	274.555	269.826	268.032	275.242	286.154	290.825	286.916	279.923	273.654	266.543	257.985	250.489	244.989	244.8	260.581	296.142	334.031	349.65	334.499	298.201	257	224.143	205.667	203.099	214.519	231.601	244.62	251.91	258.714	266.651	270.126	265.538	256.376	246.109	231.344	202.63	154.993	98.254	
87.955	118.887	144.941	169.91	193.211	211.427	224.969	236.513	248.475	263.492	280.164	289.371	282.406	263.334	246.307	240.269	244.061	255	273.241	295.101	307.374	298.699	276.261	260.312	263.25	280.44	300.617	319.374	335.969	344.543	341.519	331.873	318.204	298.356	277.185	268.211	282.343	316.441	353.9	378.709	385.879	378.792	362.019	338.292	311.269	289.885	284.865	294.872	305.056	307.025	305.404	301.981	291.828	275.767	262.825	259.583	264.542	272.645	280.931	290.188	301.055	308.725	307.005	297.689	287.957	281.332	280.228	288.461	304.237	320.937	333.273	337.07	333.063	330.416	335.92	346.491	356.006	357.916	346.437	325.531	307.703	301.755	307.137	314.91	312.451	293.847	268.775	255.362	259.141	267.523	268.272	263.896	265.609	276.812	288.097	290.991	288.146	285.987	284.264	277.418	265.186	254.994	251.584	255.906	273.771	308.383	345.147	359.395	340.061	298.997	258.133	230.674	217.297	217.393	230.903	250.016	263.441	268.017	268.811	269.525	267.947	262.337	255.03	246.358	230.62	199.042	149.17	92.3519	
98.5974	132.734	162.205	189.14	210.081	221.817	229.365	239.934	255.686	275.508	295.472	306.505	300.585	281.817	263.364	253.044	251.017	258.801	279.347	306.542	321.592	309.264	277.431	250.806	246.415	262.362	288.48	318.021	344.373	357.746	355.526	345.492	332.021	312.794	290.566	277.072	284.552	313.152	346.85	366.757	367.233	356.775	346.372	338.284	326.525	309.998	298.919	300.471	308.888	317.389	324.663	326.433	315.666	294.237	275.322	269.58	274.654	281.513	285.652	289.609	295.551	298.139	290.608	275.438	260.455	250.091	248.81	261.467	284.306	307.508	324.407	331.78	331.302	330.952	334.787	338.566	339.688	338.429	332.509	321.529	310.413	305.181	307.435	310.014	301.66	279.945	256.862	248.612	257.275	268.403	271.032	271.196	280.59	297.787	310.112	312.838	313.128	315.515	314.691	302.726	281.525	264.62	261.978	272.366	294.219	327.914	362.198	373.77	349.734	304.192	264.524	243.856	236.667	237.734	247.77	262.503	273.065	275.493	272.204	266.422	258.837	250.836	245.364	240.874	229.175	200.546	152.541	95.9952	
103.618	144.592	183.119	217.105	238.986	245.579	246.414	253.198	267.449	283.762	297.907	306.104	303.659	291.963	279.267	270.061	263.918	264.904	279.324	302.168	314.549	301.832	272.231	249.006	246.123	260.622	285.74	317.448	347.2	363.158	362.981	354.404	341.618	322.724	300.07	283.879	284.699	302.796	324.812	334.438	328.127	317.976	318.45	330.066	337.977	331.324	317.877	310.952	313.561	322.627	334.375	341.418	334.621	314.041	294.093	288.367	293.763	298.194	296.509	292.604	289.671	283.332	268.884	250.849	236.92	230.119	234.441	254.323	283.499	308.545	322.435	326.391	326.119	328.261	331.998	329.979	321.817	314.113	308.761	303.355	298.955	299.925	306	307.986	296.704	274.747	256.091	254.613	269.394	284.705	290.419	294.275	307.538	326.193	337.353	339.862	342.537	346.471	343.058	325.395	298.57	278.984	278.5	294.106	318.473	348.893	377.032	383.254	355.808	309.933	274.766	262.363	262.026	263.015	265.284	269.749	273.982	275.432	272.378	264.38	253.234	243.716	240.374	240.616	233.975	209.157	162.916	105.299	
103.955	151.849	198.805	238.3	260.553	264.133	262.034	267.63	280.231	289.88	292.319	291.689	290.763	289.325	288.178	285.716	278.762	271.713	273.886	284.511	289.175	276.766	255.558	244.079	249.279	264.842	286.583	313.295	336.747	347.326	345.911	339.334	328.592	310.415	287.691	270.881	267.977	276.896	287.798	291.056	286.088	283.438	295.393	321.346	343.679	345.95	331.861	317.111	311.628	316.586	328.348	339.535	340.142	326.89	312.26	310.345	317.192	319.356	312.565	301.515	289.109	273.163	253.54	236.693	228.284	228.631	240.143	266.163	298.451	320.761	326.578	322.937	320.287	323.905	328.762	325.001	312.381	299.551	290.749	285.275	285.996	296.954	312.499	318.067	305.523	282.076	264.375	266.345	286.115	306.837	316.89	321.878	331.633	343.663	348.738	348.066	349.592	351.862	346.119	328.867	307.392	295.562	301.286	319.221	340.462	362.448	380.629	380.877	354.264	314.503	287.796	284.333	290.987	292.806	287.279	278.766	272.229	269.636	267.472	260.962	250.278	241.816	241.954	247.507	245.059	221.257	173.544	113.272	
105.116	155.888	204.303	242.127	260.749	262.458	262.497	272.313	287.105	293.161	285.522	273.838	269.186	273.593	282.779	289.217	285.889	275.12	267.746	268.453	268.489	258.745	244.935	240.771	249.648	264.905	283.377	303.238	316.204	317.049	311.622	306.166	297.42	279.547	256.37	240.459	238.764	246.061	253.725	257.883	260.531	267.907	287.06	317.774	345.547	352.252	336.194	312.818	297.98	297.009	306.867	321.002	329.038	324.241	316.392	319.638	329.931	333.203	325.665	311.487	292.233	269.033	248.277	237.486	237.541	244.798	260.518	288.449	320.585	339.1	337.227	325.846	318.842	321.104	326.09	322.975	310.243	295.757	284.826	279.087	283.235	300.458	321.697	330.171	317.949	292.65	271.869	271.876	292.832	318.068	333.495	339.789	343.818	346.239	342.652	335.367	331.954	331.743	327.696	318.531	311.095	313.402	326.274	342.151	354.689	365.094	373.361	370.796	350.082	320.007	301.249	303.597	315.589	320.374	311.247	292.149	273.064	261.757	256.59	250.635	241.475	235.649	241.247	253.985	255.818	230.977	179.8	117.029	
113.106	163.3	206.915	236.944	248.148	247.143	250.371	265.495	283.586	289.733	278.481	260.126	249.951	253.647	266.058	277.211	278.149	269.245	261.731	264.012	270.088	268.716	259.88	253.71	256.034	265.016	278.547	292.454	297.819	292.058	283.629	278.307	270.222	251.921	228.174	213.762	216.206	228.359	240.258	249.423	258.707	271.251	290.531	318.132	344.901	353.111	335.379	304.732	281.122	273.794	280.723	295.625	307.223	306.474	301.88	308.499	323.213	331.014	326.464	312.282	289.63	263.524	246.45	246.039	256.778	269.914	286.348	312.406	342.503	358.445	352.183	335.445	323.815	323.121	327.287	324.501	311.175	295.502	285.349	282.551	288.411	303.234	319.958	327.033	317.833	295.565	274.044	270.385	288.26	313.851	332.64	341.04	342.577	339.969	331.51	318.808	310.245	308.6	308.459	308.205	312.977	326.043	342.674	354.374	358.486	359.697	361.329	359.372	347.005	326.259	311.607	314.284	327.823	335.77	327.002	302.65	274.719	255.233	245.327	238.006	229.631	226.855	238.409	257.784	262.697	236.615	183.29	119.746	
128.385	178.174	215.731	236.331	239.034	234.437	238.971	256.386	275.248	282.013	272.123	254.251	242.851	243.631	251.165	257.299	256.526	250.895	251.549	266.281	287.28	299.321	296.581	285.718	276.137	273.13	277.994	286.394	288.902	281.902	272.704	266.634	257.683	239.099	216.895	206.137	213.895	232.417	250.207	262.931	272.66	282.288	295.335	315.68	338.919	349.291	335.049	303.795	274.986	261.129	263.045	274.982	285.109	284.081	279.856	287.479	304.856	316.128	313.193	298.296	274.874	250.866	240.983	251.956	273.36	291.93	308.264	331.426	358.856	373.646	366.833	348.434	333.59	329.811	332.786	329.089	311.957	291.433	280.712	281.539	288.548	297.106	303.871	306.482	302.631	290.868	276.856	273.017	284.936	304.472	320.592	328.611	330.036	328.497	322.935	312.24	303.339	300.955	301.024	301.998	309.047	324.076	340.105	348.853	349.458	346.495	344.268	343.491	339.138	327.374	315.87	316.254	327.512	335.804	327.997	303.041	273.284	252.389	242.303	235.813	229.189	229.125	243.475	264.089	268.499	242.001	189.272	126.029	
141.506	191.713	224.729	237.815	234.723	229.029	235.374	253.919	272.185	278.679	271.113	258.232	251.961	252.931	252.09	244.899	234.377	228.368	237.833	266.367	301.762	326.167	330.841	318.848	300.091	285.332	281.063	285.183	287.315	280.708	270.94	263.564	253.167	234.915	216.715	212.162	225.726	249.388	271.029	283.516	287.865	289.263	293.658	306.441	326.315	340.921	336.23	311.766	281.736	261.353	256.523	263.279	270.521	269.663	266.418	273.148	288.729	298.2	292.099	274.048	251.585	233.261	230.957	249.905	278.977	302.831	320.041	339.821	363.091	377.588	374.554	359.023	342.584	334.775	335.205	329.963	308.158	280.234	265.131	266.932	275.96	282.283	282.783	281.517	282.545	284.107	284.045	285.73	292.701	301.969	308.322	309.965	309.454	311.716	316.029	317.158	315.688	313.828	309.242	303.256	303.496	312.81	324.016	329.623	329.121	324.509	319.04	317.89	320.165	318.704	313.344	312.529	319.113	324.239	316.709	295.155	270.929	256.507	252.357	250.332	246.792	247.674	259.126	274.034	274.538	248.607	198.229	135.261	
143.221	192.625	222.492	231.652	227.707	225.262	235.953	257.438	277.129	284.653	279.604	272.46	273.986	278.894	272.361	251.839	228.772	217.577	229.494	264.494	307.103	337.848	346.372	333.755	310.318	290.196	282.768	286.1	287.722	279.541	268.573	261.159	250.66	232.872	217.548	217.09	233.966	260.916	285.466	296.752	294.437	287.435	285.281	293.633	311.938	331.033	336.402	320.058	290.075	264.015	253.096	255.741	262.772	266.234	266.871	271.628	280.679	282.981	270.349	248.487	228.37	216.785	219.636	241.06	274.047	303.785	323.327	337.892	353.139	365.864	368.813	359.41	343.06	330.688	327.078	320.482	297.067	264.938	245.521	246.377	257.724	266.454	266.861	264.048	266.123	274.42	285.071	295.441	303.821	306.198	300.479	290.795	285.128	290.987	307.613	325.123	335.636	336.807	328.302	314.745	305.841	305.827	308.465	308.103	305.621	300.398	292.297	289	295.58	304.62	307.92	308.004	309.915	310.564	302.877	286.672	271.448	266.15	268.718	270.87	269.611	269.309	274.163	280.39	276.815	252.798	205.582	143.146	
136.878	184.673	212.843	221.172	218.923	220.073	234.255	258.746	281.848	293.77	294.162	293.209	300.794	309.243	300.734	272.927	241.488	224.294	232.478	265.5	308.545	340.527	347.415	330.129	303.377	284.366	280.372	285.03	284.285	273.367	263.451	260.193	253.128	236.554	220.736	218.134	232.75	260.64	288.989	301.517	294.717	281.337	275.969	284.189	303.161	324.333	334.062	321.386	291.27	262.251	247.684	247.477	255.676	265.788	272.773	276.385	277.578	271.364	252.933	229.065	211.951	205.987	211.251	231.373	265.614	301.164	323.689	331.869	335.953	343.049	348.81	344.741	330.602	316.549	310.341	303.917	283.414	253.447	233.961	234.566	247.36	258.838	261.528	258.386	256.316	259.046	268.544	285.175	302.435	307.856	296.186	277.047	265.959	273.136	296.828	323.99	341.845	346.159	338.303	322.948	308.614	300.501	294.918	289.633	287.86	285.904	277.692	271.241	278.618	295.026	306.309	309.546	310.491	308.729	299.063	283.283	271.169	269.227	273.74	277.207	276.999	275.17	274.358	274.929	271.417	252.42	209.902	148.929	
131.907	180.483	209.5	218.237	215.726	215.595	227.977	251.559	276.505	294.52	304.118	311.433	323.307	332.598	322.979	292.828	258.792	238.515	241.23	267.346	306.156	336.766	340.809	318.985	291.15	276.233	276.295	279.67	274.211	262.115	257.837	263.785	265.103	253.355	236.454	227.066	234.372	260.249	291.944	307.135	297.529	279.108	272.864	284.486	305.765	325.333	331.998	318.062	289.104	261.815	246.681	242.982	248.668	261.038	272.327	276.204	273	262.847	243.919	221.585	206.83	203.422	209.146	227.057	260.049	297.25	320.313	323.535	318.664	318.135	320.873	318.372	308.822	299.483	296.338	293.388	278.526	253.934	236.954	237.945	250.783	262.712	266.156	261.953	253.002	243.021	242.314	260.069	287.962	303.524	295.146	274.73	262.106	267.289	287.202	310.056	324.811	328.877	324.147	311.97	297.042	285.358	277.442	274.725	280.433	285.999	279.689	270.06	275.539	294.809	311.055	318.643	323.151	322.499	308.694	284.529	263.665	255.124	256.37	260.07	261.547	259.813	257.169	257.907	259.778	248.994	212.671	153.744	
131.282	184.239	216.869	226.437	221.383	216.005	222.14	240.525	263.937	286.041	303.644	318.037	332.997	342.761	333.367	303.543	269.56	248.08	246.419	265.112	297.141	324.746	329.113	309.901	286.838	276.648	276.919	274.7	263.314	251.564	254.476	271.508	285.814	284.722	269.367	251.725	248.497	268.392	299.183	314.504	302.62	281.826	278.019	295.796	319.533	333.54	331.637	314.538	290.086	269.938	258.03	250.907	249.112	255.164	263.851	266.945	263.489	256.15	244.045	228.067	215.084	210.118	213.836	229.279	258.148	290.288	309.52	310.865	303.635	297.86	294.539	290.69	287.656	289.378	296.041	300.169	291.173	270.736	254.744	253.968	263.579	271.922	272.622	266.382	253.307	235.201	226.094	241.176	272.834	294.729	292.952	279.506	272.036	275.152	284.334	293.77	299.197	300.549	298.347	289.656	275.495	263.246	258.567	265.21	282.339	295.363	290.668	279.368	283.282	302.438	319.37	328.227	335.14	336.172	318.944	284.448	249.665	229.313	225.124	229.741	234.759	235.958	235.675	240.17	247.754	242.815	210.364	152.867	
131.092	189.346	227.099	239.339	233.884	224.97	225.051	237.351	257.936	280.869	299.806	313.559	327.307	338.614	333.838	308.145	275.112	252.259	248.34	263.025	288.922	312.112	318.709	308.204	294.705	289.024	286.686	277.577	260.871	248.674	255.167	280.479	309.017	321.771	309.707	283.64	267.814	276.81	300.113	312.045	300.892	284.333	287.275	310.988	334.056	338.925	326.834	308.311	292.329	283.335	278.227	270.637	261.431	257.028	257.665	256.871	253.051	250.764	249.693	244.356	234.224	225.128	224.129	236.226	259.646	283.535	296.798	298.281	293.51	286.16	277.433	271.046	273.751	287.72	306.697	319.592	316.373	298.764	281.449	275.318	277.211	278.025	274.133	267.437	256.722	240.72	230.426	239.904	263.469	279.979	280.916	278.134	281.848	287.667	289.128	287.173	284.987	284.456	283.825	276.495	261.114	247.114	245.491	261.682	289.241	307.898	305.149	295.248	299.609	316.891	329.829	333.55	335.944	334.761	316.651	278.989	236.759	207.681	198.731	204.5	214.452	221.752	227.113	234.838	241.692	233.373	198.219	140.976	
128.535	189.672	232.59	250.844	250.201	242.136	238.044	244.437	261.631	283.072	298.194	304.595	312.152	324.702	328.716	312.073	282.383	259.017	255.041	268.858	289.196	304.893	310.434	308.143	305.472	305.652	302.937	290.597	271.199	257.227	262.438	290.57	328.642	351.305	341.001	307.736	279.448	273.843	285.149	294.071	290.437	285.406	295.656	319.145	335.193	329.44	309.901	293.613	288.593	292.119	295.789	291.776	279.986	268.001	260.772	254.696	248.346	248.84	257.701	263.804	258.236	245.926	239.891	248.36	267.264	284.47	292.273	293.045	290.479	283.082	270.28	259.605	263.075	284.022	312.375	333.569	337.041	323.177	304.214	291.21	284.167	278.353	273.171	270.119	266.089	257.499	250.161	252.691	261.172	264.406	263.102	268.74	283.267	294.884	295.657	289.933	285.165	284.981	286.299	279.505	261.364	243.316	241.181	262.659	297.693	321.733	322.92	316.603	321.584	335.048	341.443	337.155	331.112	324.511	307.184	274.041	233.842	202.254	190.065	195.878	209.934	224.142	236.111	244.863	244.288	224.429	181.574	124.287	
126.548	187.135	233.534	259.428	266.828	261.889	253.57	251.373	260.864	277.776	289.716	291.578	294.409	307.729	320.606	315.222	292.434	271.466	267.892	278.79	290.184	294.001	293.352	295.23	302.682	312.301	316.444	309.11	292.52	278.084	280.112	305.638	343.467	365.859	353.724	316.948	280.6	261.556	261.491	270.873	279.869	288.246	301.205	316.324	320.573	305.909	283.246	271.368	277.034	292.389	304.978	306.122	294.942	279.089	266.999	258.117	250.883	253.235	268.647	283.674	283.744	271.454	262.064	266.272	280.537	292.668	295.84	294.181	291.913	284.909	269.052	251.976	249.909	270.036	302.014	329.033	339.303	330.764	312.147	294.528	281.981	274.615	273.389	276.61	278.406	275.454	271.279	269.738	267.768	261.628	257.626	265.504	282.478	295.405	297.452	293.018	289.395	291.089	294.983	289.418	269.714	248.576	244.523	266.952	305.261	333.498	339.115	335.655	339.039	347.107	348.057	339.462	329.043	319.355	303.957	277.612	243.547	213.219	198.819	202.615	217.09	234.659	250.779	259.409	251.571	221.451	172.585	115.949	
129.504	187.708	234.397	264.654	277.477	274.505	261.747	248.84	245.566	254.517	267.067	274.255	280.527	295.01	311.379	313.213	298.432	282.592	278.085	280.854	279.485	271.073	263.802	266.487	280.175	299.222	315.38	320.856	314	303.636	304.096	323.008	349.936	361.403	345.319	311.869	277.327	253.183	247.035	258.377	277.627	294.694	305.588	309.51	302.552	282.363	259.384	251.643	265.914	291.387	311.277	315.106	302.432	282.598	267.665	260.214	257.402	264.209	284.476	305.951	311.966	301.641	288.636	285.098	291.309	297.887	297.776	294.524	293.265	288.991	273.562	251.874	241.697	254.179	281.792	308.47	322.586	320.228	305.772	288.318	274.767	269.296	273.279	281.385	285.771	284.722	281.919	279.928	277.547	273.615	272.226	278.381	288.798	295.236	295.243	292.423	290.694	293.293	297.957	293.787	276.239	257.25	253.532	273.701	309.424	337.948	346.548	344.754	345.326	348.133	346.128	338.25	329.711	321.429	308.249	286.216	257	229.268	214.246	215.289	226.713	242.612	258.666	267.161	257.742	225.499	175.86	119.746	
136.492	194.135	239.332	267.055	276.449	270.585	254.958	235.657	222.003	223.666	240.047	260.363	277.685	293.284	304.924	305.211	295.068	284.507	278.467	272.245	260.804	246.589	237.303	238.475	250.48	270.757	294.115	311.858	317.55	315.331	316.936	327.743	338.26	334.782	317.153	295.521	274.807	257.729	252.616	264.416	286.382	305.568	313.27	308.821	293.908	270.517	248.348	243.917	264.243	297.008	321.347	324.183	306.43	281.094	264.043	260.179	264.82	278.248	302.816	328.303	338.09	328.391	310.104	296.018	291.755	293.094	292.511	290.58	292.422	294.078	285.343	266.632	252.063	253.306	267.863	285.576	298.605	302.288	295.406	282.294	270.558	267.425	274.482	284.494	289.374	287.645	282.23	277.97	279.46	286.568	295.207	301.852	304.141	301.431	296.713	293.092	290.649	290.484	292.468	289.851	279.236	268.328	267.473	282.79	310.563	335.128	345.134	345.318	344.535	344.128	341.214	335.972	331.057	324.739	311.624	289.886	263.217	239.344	226.556	226.708	235.005	247.173	260.363	268.195	260.554	230.822	182.235	125.149	
141.16	202.566	247.96	268.174	265.363	251.169	234.949	217.842	203.375	203.151	224.093	257.577	287.256	303.556	306.315	299.498	289.376	281.12	273.894	264.015	251.347	239.592	232.255	230.296	234.251	245.95	265.13	285.472	298.358	302.969	306.735	311.77	309.632	296.192	281.665	275.899	274.755	272.378	273.504	284.786	304.318	322.164	327.959	318.715	298.315	272.888	252.238	250.036	272.133	306.478	331.423	332.628	311.668	283.965	267.011	265.79	274.523	290.961	315.6	339.199	346.939	335.365	313.934	294.082	283.974	283.858	285.846	286.359	289.789	295.886	296.852	289.042	277.7	269.945	268.593	273.365	282.874	291.884	293.213	285.877	276.988	275.643	283.81	294.275	299.441	295.365	282.246	269.655	271.545	289.967	311.66	323.089	321.962	313.936	305.296	298.246	291.262	285.723	284.857	285.971	284.808	282.571	283.342	292.116	310.067	328.354	337.663	339.271	338.809	338.349	337.26	334.985	331.266	323.411	307.635	285.007	261.474	243.336	234.806	235.789	242.409	251.306	260.348	264.936	256.453	227.289	178.462	120.406	
137.423	203.447	250.477	263.872	249.514	228.416	214.581	205.809	199.005	202.497	226.629	267.331	304.697	321.346	318.021	306.523	295.257	285.724	276.683	268.038	260.808	255.328	250.997	247.049	244.242	245.49	253.479	266.165	276.522	281.827	286.831	290.975	285.163	269.139	257.985	262.66	276.255	287.801	297.015	309.41	326.68	342.624	346.453	333.572	310.111	285.556	268.026	265.921	282.966	310.416	331.439	333.665	317.68	296.824	285.407	285.325	290.889	301.578	318.208	332.44	332.657	318.744	300.502	285.895	280.22	284.38	290.01	289.961	288.033	290.135	295.707	299.738	297.074	287.262	276.703	274.239	283.57	297.993	305.926	303.008	295.486	293.457	300.534	311.213	317.364	310.274	287.271	263.533	261.497	285.04	314.77	330.681	330.596	323.236	314.301	303.674	290.878	281.408	282.102	290.139	296.229	296.156	293.251	294.707	304.395	316.675	323.754	325.329	325.38	326.822	329.807	331.03	326.831	315.625	297.748	276.884	258.677	246.557	241.47	242.712	247.526	252.567	255.452	253.419	241.005	211.514	163.989	107.851	
125.187	189.173	234.203	245.002	229.788	211.374	203.74	204.55	208.462	219.174	245.88	287.834	325.86	340.258	333.588	321.69	311.717	301.686	291.549	284.697	282.096	281.223	280.028	277.882	274.438	270.506	269.086	271.413	273.705	274.885	279.697	285.743	281.465	265.046	251.826	255.907	274.122	294.89	313.115	330.416	348.329	361.937	360.878	342.768	318.616	299.326	287.194	282.969	289.052	303.434	317.922	323.851	319.833	314.169	314.06	315.29	312.651	311.24	315.843	319.64	313.221	299.559	289.731	288.13	293.892	304.911	312.276	306.948	292.457	281.175	281.75	290.886	296.126	290.633	282.055	283.403	298.913	319.585	332.019	330.277	319.374	311.173	313.872	324.806	333.075	324.27	294.601	263.821	257.524	278.424	305.58	320.143	322.592	321.519	317.899	307.16	290.569	280.048	286.108	302.072	310.881	305.638	294.203	287.982	291.461	299.847	306.356	308.89	308.952	310.001	314.248	318.056	315.698	305.778	290.775	274.562	260.777	251.31	247	247.58	249.826	249.254	243.931	234.594	220.328	195.172	153.887	102.016	
112.044	165.108	201.624	212.933	207.608	201.166	202.224	210.972	224.776	244.046	273.942	313.658	345.689	352.171	339.036	325.641	319.354	315.125	309.505	304.52	302.084	301.681	302.629	303.671	302.372	298.099	293.763	291.128	287.848	284.774	287.344	292.824	288.77	270.894	252.129	248.768	263.987	289.641	317.439	343.049	364.414	376.082	368.946	344.869	320.519	307.145	300.028	292.282	286.281	287.964	296.994	306.803	314.599	325.461	339.215	343.339	332.259	319.078	315.549	315.85	309.32	299.294	298.026	308.136	323.579	338.981	345.989	335.261	308.771	281.974	270.834	275.995	283.426	284.074	285.01	297.289	321.285	346.719	361.561	358.526	339.991	320.874	317.066	329.246	341.77	334.655	304.556	273.436	264.505	276.913	292.16	299.095	303.517	312.01	318.373	312.065	294.817	284.178	294.172	314.774	323.126	311.734	292.581	279.646	277.807	284.206	293.548	300.197	300.032	295.433	293.234	295.407	297.847	296.741	290.948	280.963	268.978	258.806	254.197	254.989	255.24	248.8	235.802	221.681	209.711	193.449	161.28	112.554	
106.393	146.29	171.715	183.855	191.133	199.097	209.36	224.301	244.9	270.128	301.256	335.43	356.918	351.663	328.355	309.299	305.621	311.543	316.405	315.884	312.694	311.154	312.712	314.191	311.906	307.365	305.135	305.202	302.974	298.25	295.976	295.546	288.408	270.402	250.152	241.67	252.04	278.44	312.394	344.474	368.87	380.731	372.97	348.367	324.128	311.593	304.018	291.364	276.509	270.46	276.444	287.758	302.226	325.628	352.581	361.667	345.178	323.822	317.164	319.817	317.536	311.63	314.704	329.545	348.246	364.655	373.016	364.471	336.352	301.189	278.131	273.088	276.071	280.276	291.046	312.803	340.108	364.52	379.214	375.824	351.819	323.458	314.216	328.671	346.95	344.456	318.525	291.163	280.951	284.001	286.066	284.017	288.163	303.36	318.128	317.588	302.636	292.106	300.844	319.104	325.056	312.172	291.475	275.317	269.584	275.527	290.117	303.349	303.695	290.836	276.506	271.408	276.515	285.612	291.172	288.781	279.944	271.18	268.584	271.124	270.333	259.806	242.276	225.878	215.839	205.864	179.883	131.386	
107.481	139.764	158.204	171.029	187.568	207.737	227.637	247.925	270.062	293.94	320.507	345.818	356.598	342.706	312.157	286.323	280.363	291.139	304.082	309.717	310.227	312.305	317.248	318.513	311.699	303.34	302.729	308.666	312.197	309.01	301.619	292.531	280.962	266.079	251.33	244.101	251.103	274.063	306.921	338.244	360.975	373.844	373.015	357.057	335.626	318.721	304.157	285.265	265.819	257.279	261.941	271.963	287.281	316.389	351.744	366.045	348.45	322.902	314.324	318.787	319.809	316.058	319.229	332.93	349.895	365.484	377.911	379.353	360.981	327.969	298.244	282.502	277.757	281.849	297.719	321.836	344.245	361.07	372.721	371.324	349.293	320.094	309.785	326.283	348.715	350.388	329.348	307.011	298.233	297.744	294.153	287.005	287.352	300.43	314.974	316.498	305.534	296.853	300.902	310.719	312.301	301.9	285.912	272.14	267.014	275.464	296.271	316.157	318.126	299.508	274.714	260.469	262.531	274.735	286.567	291.215	289.382	287.085	289.142	293.202	291.285	279.32	261.099	242.894	229.206	216.414	189.528	139.628	
108.345	140.095	158.414	173.211	195.335	224.846	254.609	279.123	296.787	311.082	327.285	342.77	347.104	332.595	303.022	274.254	261.984	266.808	277.196	285.469	293.81	306.96	322.224	327.856	317.326	301.741	297.508	305.96	315.594	317.396	309.317	294.786	281.039	272.332	266.84	263.36	266.456	282.087	308.158	333.409	350.535	362.354	369.409	365.566	349.795	328.834	306.678	282.579	261.568	253.676	258.416	266.046	277.544	303.224	336.655	351.5	335.963	311.593	303.332	309.281	313.034	310.728	312.252	322.009	334.246	346.098	359.029	367.42	359.889	335.345	307.066	286.72	276.65	278.676	293.684	313.077	325.997	333.189	340.068	340.527	325.364	303.605	297.584	315.656	339.219	343.078	326.332	310.188	307.812	313	313.524	305.759	298.793	301.002	306.229	304.1	296.154	291.297	292.39	294.002	290.954	283.967	276.41	271.573	273.686	287.466	312.046	333.853	335.578	315.081	287.382	269.387	266.883	274.327	283.42	290.032	294.822	299.982	305.761	308.916	305.278	294.5	278.584	258.383	236.662	214.173	181.092	130.02	
108.167	143.188	165.233	182.565	206.953	241.558	278.487	305.256	315.703	317.057	320.459	326.839	329.111	320.461	299.522	275.019	258.806	252.695	251.754	256.156	270.707	296.462	324.419	337.257	325.574	302.164	289.346	294.359	307.71	317.395	315.383	303.085	293.46	294.828	299.208	296.648	291.383	295.932	313.616	333.794	346.822	355.592	364.429	367.061	356.097	334.998	310.914	286.245	266.49	260.816	266.599	272.027	277.507	293.412	315.783	324.636	311.466	293.482	290.996	302.31	311.088	310.732	309.622	313.71	318.906	322.549	326.999	330.382	325.504	310.124	290.968	274.791	264.327	263.461	273.145	284.547	288.821	289.108	291.609	291.745	282.342	269.633	269.371	287.761	310.627	317.485	307.941	301.523	310.316	327.064	336.232	328.782	312.05	299.909	293.273	285.474	278.571	278.047	281.089	280.515	275.431	271.928	274.624	283.063	295.776	313.727	335.551	350.192	345.492	324.134	301.106	288.208	285.712	286.67	286.811	288.336	294.334	303.054	309.3	309.338	303.626	294.683	281.481	260.574	234.183	205.466	167.691	116.022	
112.212	151.019	175.883	193.177	214.71	247.215	285.208	312.699	319.017	311.014	302.73	300.52	302.566	302.562	294.747	281.016	266.978	253.625	242.162	240.501	256.66	289.009	323.336	339.405	327.239	298.61	276.659	274.269	287.787	304.72	311.673	307.579	308.213	322.353	335.023	329.619	312.89	305.334	315.819	334.524	347.855	354.031	358.585	359.243	348.599	328.631	307.157	287.224	273.483	273.185	281.282	284.853	285.072	292.826	305.281	307.392	295.404	284.389	289.367	306.936	320.459	321.308	317.095	315.661	314.054	308.209	299.701	291.019	282.78	275.16	268.094	259.701	249.719	243.991	246.451	250.841	250.229	247.442	246.956	245.29	238.421	231.264	233.552	249.164	269.938	282.532	285.818	293.462	314.539	341.62	357.191	348.544	322.876	299.761	286.092	276.204	270.753	274.802	283.639	285.943	280.445	278.766	289.362	308.164	327.528	345.602	360.324	362.224	346.2	322.869	306.867	302.23	302.695	299.652	291.062	284.157	286.007	293.902	299.05	296.471	288.235	277.892	264.452	245.875	224.902	201.35	165.322	113.182	
118.983	160.33	186.054	200.974	215.551	239.284	271.952	299.009	306.285	295.414	279.248	270.512	274.323	284.589	290.901	288.645	278.542	263.11	248.845	246.289	262.922	295.17	327.031	340.069	327.63	299.11	272.514	262.579	272.215	290.767	302.425	305.243	314.708	336.582	351.774	342.69	319.274	305.508	312.032	330.475	345.763	351.106	350.65	345.969	332.151	310.862	290.879	277.62	275.008	285.058	297.594	299.47	296.002	301.477	312.504	313.278	302.145	294.597	302.386	320.463	333.624	333.858	328.309	325.169	321.476	311.405	295.245	278.392	267.736	266.088	267.816	262.783	248.373	234.537	230.069	231.107	230.535	228.205	225.715	221.288	214.767	210.572	213.312	224.234	240.755	257.718	273.326	293.061	321.826	353.735	372.249	364.122	336.873	311.943	298.439	290.801	288.606	297.504	312.023	316.409	307.805	302.669	313.243	333.095	352.105	369.214	380.65	374.044	348.592	322.257	308.918	306.324	306.138	300.979	288.277	275.113	271.181	276.148	280.679	277.084	264.925	248.297	231.492	218.777	212.092	202.608	173.449	121.308	
118.571	160.689	188.352	203.948	213.997	228.25	251.946	275.503	284.136	274.097	255.662	246.136	255.353	275.824	292.345	295.833	286.315	271.289	261.599	265.314	284.561	313.188	336.741	342.938	331.365	309.052	285.37	272.094	276.218	290.285	299.7	303.004	312.451	330.1	339.625	329.284	309.745	299.98	306.683	323.328	337.943	342.717	340.201	333.541	318.842	296.228	275.613	267.553	276.704	298.032	314.84	314.491	307.806	313.698	327.904	330.929	320.741	313.842	320.001	333.03	341.091	339.687	335.926	336.487	337.419	331.503	317.147	299.837	289.49	290.982	295.374	286.973	263.079	239.292	229.393	231.287	236.273	238.59	235.321	227.319	220.109	218.872	223.362	230.617	240.553	254.158	270.197	289.776	317.28	349.923	372.787	373.054	356.479	340.022	330.942	325.769	325.831	336.772	351.807	353.202	337.836	324.458	327.497	341.472	358.313	378.642	394.925	388.964	360.133	329.96	312.105	303.129	297.654	291.137	278.837	264.274	257.186	259.819	263.56	257.956	239.705	214.877	194.862	189.374	197.314	201.362	179.572	129.074	
106.9	148.875	181.559	203.92	216.86	227.238	242.501	258.325	263.344	253.445	237.888	233.935	250.234	276.465	295.174	297.372	286.103	273.477	271.746	284.128	306.016	328.951	342.134	340.694	330.204	316.337	300.934	290.372	291.768	300.073	303.9	303.09	306.018	312.965	315.058	307.943	299.046	297.954	305.895	318.262	328.161	330.282	327.471	324.149	316.051	298.746	279.963	274.465	289.238	315.201	332.499	329.885	320.572	325.038	339.16	342.254	332.009	324.946	328.907	336.565	339.071	336.044	335.305	341.741	350.28	352.988	346.38	333.879	325.368	327.227	330.274	316.836	284.788	253.3	239.512	243.637	256.121	265.245	263.26	253.541	246.718	248.512	254.847	259.197	261.315	263.727	265.87	271.146	289.456	321.618	352.543	368.535	371.107	368.926	365.534	361.02	359.779	366.582	374.658	369.121	347.998	328	323.164	331.956	350.253	377.348	400.653	398.758	370.765	338.033	314.246	298.515	288.995	282.023	271.381	258.926	253.12	255.376	256.527	245.666	220.26	189.485	168.352	167.165	181.775	191.836	174.942	128.298	
91.6062	134.13	173.217	204.388	224.588	237.524	249.123	257.194	255.119	243.27	232.108	234.898	254.885	279.9	293.96	291.409	279.101	270.564	275.707	293.024	314.167	331.116	337.137	331.33	321.022	311.71	302.979	297.599	299.963	305.006	304.178	299.288	297.458	299.944	303.115	303.81	303.371	305.392	309.924	314.767	317.142	314.817	312.146	315.921	321.855	318.477	306.136	299.943	310.801	332.063	346.589	344.093	334.06	334.289	343.466	344.305	334.211	327.775	331.374	336.733	335.424	329.045	326.948	334.347	346.408	355.505	357.463	352.916	348.393	350.148	352.118	338.825	307.385	275.015	258.892	261.887	275.859	287.308	287.242	280.2	276.885	280.765	286.125	286.486	281.235	271.029	255.242	242.62	250.182	280.951	318.378	347.723	367.048	378.244	381.368	378.453	374.993	374.22	371.938	360.38	339.327	319.705	312.482	320.656	343.283	374.76	397.792	394.024	366.712	336.07	313.907	300.211	292.984	286.67	275.863	265.043	261.788	263.587	259.531	241.129	209.859	177.098	156.586	155.59	168.992	178.565	164.03	121.858	
81.2239	125.601	169.67	205.571	229.624	246.283	260.203	267.571	262.674	249.405	240.17	244.848	262.628	281.97	289.807	283.261	271.222	265.856	272.846	288.092	304.545	318.025	324.481	321.172	311.705	301.744	293.721	290.515	294.077	298.519	296.55	290.7	289.211	296.46	309.17	318.371	319.58	316.586	312.675	308.036	302.627	296.88	296.263	308.937	330.39	342.579	337.195	327.119	327.61	339.106	350.766	351.391	342.284	337.479	341.775	343.586	337.859	334.889	340.574	346.483	342.252	328.614	316.863	315.832	323.492	333.506	342.161	347.445	349.807	352.977	356.102	349.619	328.782	303.524	287.011	283.809	289.697	295.462	295.424	293.568	295.812	301.248	304.2	300.354	289.154	269.777	242.41	219.482	220.733	248.748	286.185	319.012	344.966	363.454	372.722	374.739	373.42	368.907	359.201	344.516	327.53	313.339	308.823	320.115	347.484	378.96	393.934	381.439	352.842	328.053	315.035	311.179	311.026	306.164	293.279	281.135	277.394	275.919	264.62	238.768	204.377	173.169	155.002	153.591	164.278	171.895	158.071	118.497	
77.7028	124.349	170.336	204.41	224.33	239.808	258.181	273.073	274.015	262.694	252.502	254.226	267.476	282.243	287.069	279.812	268.993	263.914	266.684	273.582	282.435	294.424	306.704	311.474	305.658	293.846	282.221	276.186	278.521	284.932	287.758	285.773	286.563	298.393	317.768	330.132	328.615	320.071	310.42	299.878	289.666	283.138	286.304	305.598	335.18	354.685	351.746	336.86	327.348	329.893	339.5	343.507	335.969	328.807	333.202	341.824	345.053	347.554	355.237	361.333	354.595	333.664	309.862	295.563	293.138	299.431	312.637	328.39	339.631	345.455	349.859	350.926	343.005	327.305	310.648	298.449	292.342	289.998	289.091	291.593	298.842	306.813	309.599	303.512	288.099	263.894	233.665	210.101	210.324	235.119	267.87	296.103	318.762	336.344	348.331	357.253	364.278	363.623	351.044	332.236	315.473	304.825	304.561	321.121	353.238	383.773	391.372	372.159	343.523	324.228	318.822	322.641	327.851	324.463	310.366	296.388	290.478	285.056	267.746	237.056	202.783	175.859	161.741	161.242	170.069	175.169	160.265	121.143	
81.4551	129.728	173.732	200.536	210.344	218.799	238.039	260.852	270.642	263.356	252.23	251.977	264.874	280.853	287.78	282.888	273.255	265.987	261.995	259.271	259.881	269.407	286.598	299.978	299.726	287.137	270.55	259.1	259.461	270.969	284.09	289.639	290.857	299.005	313.779	321.828	318.426	311.793	305.656	296.543	285.432	279.157	284.469	304.195	331.223	347.895	343.021	325.095	310.248	307.331	314.557	319.74	314.605	309.969	319.152	336.011	347.383	353.2	359.003	361.86	353.873	332.738	305.813	283.567	271.39	272.504	289.58	315.379	334.476	341.084	342.971	345.229	343.159	331.817	312.654	292.384	278.733	273.966	275.025	280.753	291.245	302.336	306.946	300.2	282.729	258.574	232.663	214.751	217.039	239.384	267.019	287.808	301.015	310.279	319.616	333.839	351.265	358.727	345.9	319.905	295.863	282.765	285.282	307.157	342.966	373.367	379.654	362.22	338.281	322.521	317.622	320.559	325.48	323.62	312.457	300.927	296.252	291.135	273.08	242.364	211.804	191.412	182.278	182.107	186.178	184.257	164.89	125.17	
94.4523	143.384	181.252	197.559	196.685	196.935	212.095	235.548	248.663	243.974	234.314	237.39	256.841	280.493	293.394	290.91	279.875	269.013	260.916	253.728	249.34	255.065	272.707	290.547	293.474	278.784	257.088	242.256	244.149	263.111	286.298	297.628	296.084	294.049	296.038	295.817	293.539	295.482	299.091	295.638	285.434	278.62	282.96	298.397	318.119	329.305	322.904	304.792	288.531	282.693	286.822	291.308	289.465	290.301	304.268	324.715	338.508	343.474	344.273	342.131	335	321.659	303.811	284.685	269.222	268.175	289.671	322.106	342.196	342.689	336.169	332.854	329.367	317.887	296.811	273.709	259.77	258.684	264.753	273.436	284.769	296.193	300.555	292.812	275.732	256.138	238.901	229.376	234.933	255.997	280.904	296.365	299.168	295.994	297.642	312.141	334.994	347.728	335.556	304.155	271.886	253.417	255.783	279.395	314.767	343.768	352.551	342.971	327.531	315.037	307.026	303.792	304.282	303.859	299.621	295.708	296.824	296.892	283.805	258.005	233.913	221.198	217.704	217.158	212.642	197.734	169.182	127.18	
114.603	163.563	192.908	198.366	190.773	187.78	199.044	217.42	227.168	222.395	215.848	225.45	254.356	288.036	307.542	305.036	289.076	274.169	266.472	262.194	258.665	261.31	274.641	289.328	288.334	267.684	241.793	228.634	237.281	263.688	290.948	301.775	295.365	283.625	273.647	266.446	266.278	275.871	287.076	288.242	279.737	273.242	275.983	286.029	299.094	308.011	304.592	290.173	274.839	266.991	267.808	270.782	271.264	275.729	290.475	308.923	320.593	323.436	321.342	317.495	313.284	309.341	304.665	295.822	284.617	285.721	309.998	341.432	352.515	339.399	321.303	312.07	308.85	302.256	287.605	269.528	258.326	259.497	268.596	278.731	287.729	294.733	295.717	287.44	273.007	258.757	248.868	246.113	254.049	274.366	300.415	317.408	315.304	300.625	291.541	300.219	319.955	330.601	318.268	287.625	254.686	234.463	234.93	254.801	284.044	308.948	320.757	320.598	314.945	307.377	298.227	289.155	282.907	280.86	282.372	286.845	294.575	300.675	294.781	276.201	258.248	251.202	253.22	254.644	243.555	215.242	175.111	128.422	
133.998	182.918	205.203	203.102	194.523	195.948	209.521	224.621	229.578	222.942	217.837	230.862	264.414	303.466	326.745	323.61	304.094	287.629	283.222	285.418	286.441	286.845	291.072	293.73	281.485	253.378	226.648	219.451	236.438	266.769	290.782	295.59	284.786	269.02	254.77	246.403	248.725	260.998	273.503	275.825	269.575	265.792	268.255	272.641	278.844	287.21	291.098	285.798	275.442	267.594	265.853	266.493	265.676	267.827	278.005	292.017	301.858	305.227	305.202	304.24	302.899	303.18	306.038	306.239	301.763	305.203	326.446	348.817	346.567	320.602	294.959	285.936	290.928	298.698	299.67	291.385	280.557	277.351	283.988	292.881	297.614	298.63	296.922	290.76	279.928	267.617	258.848	257.337	264.5	283.215	312.706	337.536	338.643	318.431	300.06	299.978	311.261	315.124	301.942	276.98	251.329	235.201	234.531	247.746	267.734	287.036	301.355	309.977	313.733	312.479	305.277	292.683	278.758	270.543	271.946	280.098	290.552	298.869	297.852	285.481	271.046	265.24	270.291	276.134	265.096	230.333	182.069	130.458	
146.366	195.747	215.908	212.239	206.593	215.74	236.724	254.419	258.146	249.17	241.033	249.39	276.84	311.015	333.515	333.894	320.217	309.524	309.565	315.276	317.93	313.836	305.052	291.026	266.994	236.66	215.354	215.98	237.663	265.192	279.8	276.086	263.398	251.045	242.904	242.11	250.008	262.734	272.273	272.046	265.662	263.119	264.429	262.877	261.875	269.018	281.103	289.012	289.45	286.519	285.051	283.692	278.632	272.756	273.175	280.945	289.703	294.824	297.817	299.767	299.046	298.294	302.042	306.388	305.829	307.329	318.841	328.76	318.232	290.114	267.218	265.657	282.471	304.371	318.285	316.835	304.026	294.169	296.076	302.825	304.745	302.595	300.564	297.206	288.946	276.623	266.201	262.307	265.475	280.12	310.46	342.26	351.086	334.333	314.251	308.183	311.723	310.742	299.451	282.491	266.104	255.512	254.293	261.204	272.476	286.072	301.076	315.123	324.943	328.46	324.35	311.95	294.83	281.58	278.171	282.044	287.487	291.43	290.823	283.195	271.888	265.23	269.453	277.504	269.802	236.428	186.938	133.024	
150.469	201.629	226.13	227.208	224.301	235.921	261.579	285.036	292.503	282.995	269.108	266.111	277.857	297.614	315.342	324.154	326.281	328.412	332.369	335.156	332.632	320.96	300.109	273.992	246.52	223.435	213.351	221.295	242.219	260.567	262.239	250.19	238.685	235.509	240.794	253.297	269.12	282.393	287.998	282.784	271.665	264.688	261.517	255.102	249.32	254.485	271.352	290.897	304.585	311.229	314.58	315.008	308.296	294.58	282.587	279.786	282.81	284.888	285.891	287.115	286.581	286.267	291.065	297.114	296.204	291.014	290.042	290.362	281.223	263.365	252.374	260.773	283.932	307.197	319.699	317.536	304.736	293.915	294.176	299.977	301.574	298.499	294.815	290.628	284.242	276.821	271.161	267.216	264.72	271.912	297.584	330.577	347.457	342.461	330.183	322.956	321.039	319.113	314.006	306.187	297.015	289.448	286.798	288.268	291.946	299.299	311.516	324.831	333.912	337.441	336.148	329.721	319.411	308.815	300.261	293.237	286.785	281.938	279.503	276.861	270.899	264.487	264.916	269.568	262.2	232.565	186.627	133.682	
145.197	199.455	233.451	243.616	241.358	247.391	270.363	297.852	312.003	306.31	289.897	276.408	271.192	274.092	284.53	299.998	316.722	330.405	336.586	334.312	325.18	307.962	282.48	255.495	235.03	224.731	225.809	237.595	253.504	260.23	250.063	233.023	225.235	231.423	247.893	269.58	289.487	302.095	304.835	295.482	278.3	264.022	255.182	246.291	238.59	240.321	255.677	279.656	302.42	318.647	330.109	337.72	336.128	321.193	299.842	283.654	274.356	266.715	260.704	259.287	261.553	266.968	276.465	283.897	279.924	266.874	256.568	254.012	253.678	251.464	253.668	268.133	288.815	301.702	302.702	296.71	288.451	283.143	284.433	288.59	288.982	283.743	275.25	267.286	264.612	269.652	276.901	276.221	266.988	264.348	281.975	312.228	336.146	346.252	345.896	338.893	330.932	327.99	329.522	330.089	326.423	321.457	318.993	316.954	313.359	312.715	318.549	325.897	328.277	327.064	327.449	330.639	333.734	331.751	321.295	304.965	288.859	277.905	274.302	274.957	272.622	265.81	261.417	259.92	249.475	221.672	179.514	128.987	
130.35	187.36	231.622	251.761	250.419	249.101	264.953	291.565	310.949	312.972	301.266	285.103	270.489	262.076	264.521	277.828	296.844	313.976	322.356	320.652	311.667	295.92	274.843	256.235	246.909	246.281	251.469	260.441	267.565	263.258	245.948	229.072	225.966	236.582	254.957	275.534	292.207	302.086	304.184	294.785	275.622	257.248	245.326	236.339	228.121	225.08	233.704	254.168	278.791	301.251	321.312	338.123	344.926	335.174	312.402	287.357	265.489	246.244	232.266	228.558	234.832	247.108	261.303	269.085	261.979	244.545	231.669	231.981	241.389	251.475	261.389	275.509	288.877	291.494	285.758	281.309	280.392	280.26	279.532	277.492	273.108	265.069	253.477	243.889	246.362	264.058	283.226	284.783	268.926	257.237	266.718	292.726	321.195	343.223	352.092	344.31	329.58	322.938	326.819	332.063	332.905	333.401	336.676	336.215	327.466	318.13	316.221	317.209	312.989	306.184	305.942	315.23	327.799	333.329	326.528	312.374	298.888	289.459	284.367	281.016	273.692	262.255	254.367	250.626	239.632	212.93	171.778	121.446	
111.307	168.896	219.758	248.105	251.044	247.074	255.027	274.276	293.009	302.405	300.713	291.065	278.313	267.966	263.978	267.074	276.842	290.995	303.494	309.274	307.547	298.926	286.76	278.348	276.791	277.957	278.357	277.325	271.952	257.816	237.927	224.373	224.783	235.49	250.287	264.468	274.328	280.581	283.905	279.042	264.131	247.174	235.376	227.86	220.844	214.759	215.774	228.337	249.856	275.982	303.556	327.087	339.24	336.022	319.461	294.994	266.79	238.286	216.53	209.372	217.054	232.752	248.576	255.108	245.97	228.728	219.189	224.704	240.128	255.504	266.387	275.012	280.249	279.53	278.534	282.903	288.334	287.952	280.314	269.212	259.735	252.336	243.488	235.716	240.241	261.536	283.702	285.169	266.598	250.208	252.63	272.409	300.668	327.827	341.383	333.953	315.548	304.4	305.983	311.7	315.809	323.147	335.39	341.021	331.465	316.28	309.096	308.077	302.903	293.598	289.863	296.535	308.374	316.682	318.438	317.797	317.504	314.4	305.29	289.901	269.458	250.43	242.449	243.826	239.257	216.161	173.523	119.014	
95.1333	150.112	202.436	237.137	248.511	247.251	247.566	254.376	265.932	278.035	285.973	288.015	285.945	281.399	273.942	265.378	263.051	272.393	288.678	302.521	309.028	307.991	302.893	299.746	299.685	297.619	290.29	277.971	260.888	240.123	220.735	210.123	211.078	220.024	231.901	241.603	246.178	248.976	253.613	255.914	250.153	238.5	228.102	222.835	220.121	215.717	211.762	215.329	230.83	257.87	290.403	317.733	332.771	336.257	329.999	312.685	283.934	248.976	219.436	206.992	213.317	229.871	245.502	249.458	237.808	222.04	218.221	229.534	247.843	263.294	270.423	270.14	266.224	265.027	273.233	287.435	295.793	291.909	278.539	263.27	253.98	251.273	247.613	240.732	240.828	255.132	272.29	274.003	259.021	243.525	240.917	253.334	276.995	303.223	318.883	315.575	299.401	286.197	284.634	289.989	296.565	307.34	323.2	332.153	323.89	307.547	300.061	302.555	302.296	293.804	284.431	281.82	286.196	294.111	304.112	316.248	326.881	327.98	313.928	286.624	254.724	231.559	227.71	238.429	244.087	226.726	182.353	122.024	
84.776	133.957	183.487	223.354	245.899	251.281	246.805	242.184	244.621	254.303	266.563	278.391	288.26	291.32	282.531	266.063	255.187	259.365	274.823	291.14	301.937	305.204	301.896	297.117	294.294	290.506	281.531	265.862	245.197	224.396	208.409	199.631	198.298	203.249	211.693	218.669	220.568	220.614	225.546	234.916	239.442	233.361	223.253	220.025	224.306	226.053	220.355	215.026	221.194	243.549	276.376	307.092	328.409	341.906	346.967	337.102	309.344	270.789	236.685	221.335	227.458	245.645	261.701	262.696	246.854	230.201	230.023	245.72	265.449	279.226	281.517	271.843	257.15	251.58	263.62	282.831	292.118	287.35	275.346	264.127	259.616	260.857	258.702	248.571	239.564	241.716	250.648	253.102	244.412	233.113	229.594	238.207	257.219	279.385	295.612	299.35	290.63	279.472	277.437	284.644	293.422	301.391	309.753	312.633	303.149	288.789	285.632	295.767	303.748	297.677	282.164	269.204	265.699	271.498	283.259	296.977	307.821	308.854	293.828	264.179	231.739	212.682	215.724	233.051	244.019	229.469	184.365	121.701	
79.8541	122.056	166.442	208.975	241.258	255.418	253.229	246.18	244.968	251.202	261.583	274.992	288.97	294.253	283.702	263.826	249.169	248.208	258.059	270.884	281.197	284.914	279.721	270.66	265.798	265.629	263.58	254.311	239.242	224.939	215.556	209.966	206.429	205.073	206.32	208.842	209.4	208.523	213.76	227.7	238.202	233.394	220.499	217.526	228.584	238.283	233.98	221.795	216.769	228.785	256.848	290.978	322.567	348.518	363.12	357.593	330.392	291.77	258.904	245.759	254.6	276.16	294.628	295.1	276.746	257.763	256.267	271.469	291.114	304.932	306.117	291.166	266.471	251.046	257.894	276.218	287.413	287.52	282.73	277.854	275.419	274.206	267.398	251.458	234.204	226.253	227.989	229.791	224.791	217.787	218.488	230.583	249.132	266.544	280.265	288.949	288.219	281.567	281.694	292.244	302.407	303.329	297.033	287.082	273.822	263.393	268.078	288.676	306.676	303.964	283.103	261.138	250.228	250.476	256.006	262.318	267.998	269.745	260.788	239.697	217.047	207.598	215.861	231.26	236.296	217.477	172.569	113.547	
79.5358	116.669	155.775	196.227	231.023	251.84	259.483	263.101	269.148	276.033	281.155	286.918	293.562	292.504	277.756	256.901	242.106	238.279	242.711	250.414	257.528	259.542	252.817	242.676	240.377	247.815	254.899	253.422	246.143	241.129	241.219	242.11	238.813	230.331	220.767	215.806	215.249	216.726	224.779	240.334	249.055	238.694	219.656	214.337	229.082	246.183	247.238	233.869	220.958	222.41	243.458	278.208	316.303	349.098	367.483	363.805	339.292	305.194	277.074	266.86	277.343	301.416	323.542	328.072	313.825	296.469	291.923	302.754	321.6	338.604	343.96	329.927	299.506	272.749	268.022	280.297	293.63	301.792	305.088	302.758	295.124	283.395	266.535	244.758	224.366	213.442	212.869	214.289	210.83	207.842	215.944	236.276	257.811	270.412	276.875	282.628	283.764	280.308	283.631	297.283	307.453	301.115	281.63	260.731	245.732	241.97	257.21	289.789	318.403	319.808	294.798	264.404	244.265	234.427	229.528	228.371	232.81	240.17	241.897	233.782	223.413	221.729	228.925	233.577	224.237	196.72	153.26	102.033	
81.9123	116.909	151.956	186.304	215.476	237.323	256.639	278.217	298.764	310.053	309.727	304.674	299.685	289.206	269.297	248.032	235.563	233.626	237.564	242.531	246.346	246.661	240.817	234.146	238.37	253.468	264.549	263.317	258.579	261.711	272.665	282.183	280.775	265.41	243.681	228.724	225.639	231.619	245.6	261.413	262.913	243.224	217.832	209.381	224.208	246.232	255.518	248.351	236.119	233.896	250.182	280.656	313.571	339.245	351.779	348.779	332.748	309.862	288.341	277.494	284.025	305.937	329.86	340.759	336.474	327.386	324.66	333.525	351.896	371.203	380.823	371.299	341.569	308.272	291.996	295.016	307.175	321.073	330.412	328.025	311.75	285.672	256.202	229.694	211.739	205.503	208.489	212.114	211.17	212.806	228.022	255.659	280.048	287.867	283.458	277.594	272.054	268.687	275.655	291.861	300.628	288.624	262.003	237.414	225.441	230.078	255.459	298.143	335.672	341.789	315.409	278.965	249.675	228.635	213.973	209.059	216.541	231.052	242.026	244.163	242.034	241.898	241.637	232.681	210.27	176.783	136.413	92.9846	
82.25	116.518	149.251	178.033	199.889	218.513	243.277	276.138	305.919	319.409	315.492	305.303	296.5	283.77	262.66	241.985	233.268	237.15	244.942	249.455	250.766	250.423	247.324	246.046	256.978	276.473	284.732	275.286	265.935	272.896	292.345	309.178	310.088	290.652	260.073	235.307	226.663	234.696	254.082	270.218	265.819	241.015	214.764	205.346	216.655	237.787	253.51	257.542	255.524	258.793	274.323	296.663	313.561	319.211	317.111	313.355	310.566	305.725	295.059	282.822	280.438	293.916	315.238	330.901	336.603	338.047	342.706	354.689	371.501	386.303	393.96	388.571	365.363	333.616	311.38	305.846	313.23	328.197	341.731	341.341	320.457	283.838	244.656	216.381	204.763	206.74	214.502	219.911	221.289	227.078	247.113	278.923	304.94	308.918	293.529	273.034	257.512	253.231	263.601	280.499	285.713	269.573	242.359	221.663	216.066	226.855	256.558	302.408	343.778	354.759	332.632	297.478	264.908	237.198	216.651	209.99	219.062	235.984	249.778	255.463	255.144	251.095	241.27	222.492	194.968	161.811	125.475	87.2187	
77.117	111.367	144.459	172.173	191.032	205.444	225.767	254.479	280.591	291.652	287.802	281.239	279.533	274.955	259.595	241.781	236.164	244.687	255.496	259.391	259.165	259.681	260.139	263.262	277.335	296.477	298.915	279.927	263.07	267.865	288.475	307.261	310.509	293.377	262.824	233.36	217.955	223.322	244.231	261.201	257.129	236.52	216.994	208.759	212.304	224.816	241.514	257.352	270.294	282.84	297.909	310.369	309.662	294.449	276.885	270.867	280.037	294.47	298.791	288.736	277.078	278.811	294.244	311.543	322.628	330.238	341.413	357.459	370.854	375.994	376.526	372.767	357.362	331.892	309.574	299.402	302.123	315.824	332.631	337.392	318.805	280.147	238.592	212.772	208.228	216.034	224.169	227.275	228.771	237.372	260.177	293.918	321.004	322.981	300.196	269.792	248.861	245.636	257.644	271.582	271.45	254.024	232.482	220.674	221.427	233.571	260.371	300.979	338.402	351.297	337.414	311.329	283.448	256.546	236.223	229.854	237.159	249.546	258.033	259.344	254.702	244.374	227.238	204.378	177.951	148.447	115.745	80.8291	
69.3904	105.581	142.343	173.258	193.361	204.372	214.321	228.437	243.063	250.957	250.958	251.481	259.169	265.981	260.284	246.485	240.167	246.772	256.012	259.386	260.738	264.608	268.562	273.186	285.198	299.986	298.473	276.188	254.895	253.272	266.507	279.932	283.793	274.121	252.625	226.684	208.772	211.082	230.962	248.557	248.767	237.314	226.7	218.838	212.395	213.289	227.557	252.295	277.653	295.893	306.542	309.286	298.835	274.963	250.361	241.736	255.742	282.176	299.557	294.809	278.121	270.71	280.144	295.807	306.229	312.656	323.91	340.708	351.503	350.039	344.534	339.398	327.622	307.774	289.263	279.81	281.241	293.844	312.192	321.417	308.085	273.677	235.635	213.769	212.892	221.072	225.27	224.273	225.989	237.659	262.178	295.88	323.286	325.639	301.493	269.429	249.419	248.134	258.731	267.67	264.662	252.105	241.568	239.392	243.227	252.886	274.032	305.473	331.913	339.39	330.209	313.996	294.667	274.729	261.335	259.179	263.682	266.486	263.221	254.607	242.727	227.016	206.62	183.855	160.01	133.076	102.522	70.6927	
65.3329	105.664	147.845	183.231	206.003	215.341	216.062	215.874	219.639	225.76	229.873	234.485	246.183	260.165	262.684	251.313	239.291	237.308	242.133	248.087	256.062	265.735	272.501	276.251	283.273	292.338	289.703	270.183	248.919	240.741	243.083	246.544	247.233	243.766	233.676	217.6	205.519	210.454	229.945	245.897	247.507	241.225	234.497	224.493	210.978	205.679	219.534	249.8	281.776	300.557	303.686	298.698	288.72	271.11	249.967	238.979	249.276	276.369	299.412	300.154	284.312	273.811	279.001	290.379	295.65	295.487	300.495	313.923	324.095	322.011	313.694	304.739	292.374	277.665	267.369	264.42	268.21	279.879	296.418	305.356	294.661	265.071	231.326	210.908	208.28	212.487	212.275	209.618	214.514	231.114	257.256	289.249	316.001	320.964	300.919	272.503	254.514	252.058	258.391	263.816	263.785	262.575	265.651	270.615	273.05	277.786	293.908	317.432	331.575	328.844	318.088	306.947	294.5	282.66	278.588	282.381	283.9	275.578	259.831	242.791	226.436	208.023	186.774	165.589	143.896	117.902	88.2837	59.2896	
69.3341	114.294	160.355	197.85	221.542	229.957	225.961	218.049	215.398	219.38	223.789	227.649	237.992	253.754	260.736	249.939	230.75	219.028	220.495	232.182	249.024	264.392	273.283	276.831	280.782	285.89	283.067	267.176	247.743	235.878	230.255	224.701	219.512	216.703	213.428	207.919	207.674	221.475	242.749	254.704	251.745	242.261	231.923	218.163	203.658	201.216	219.882	254.963	290.282	307.684	303.612	293.267	288.731	284.03	271.439	258.72	260.723	280.19	301.193	305.183	293.458	283.819	286.052	292.783	292.883	285.862	282.292	289.098	297.791	296.778	286.989	274.344	261.987	254.83	256.507	263.29	270.923	281.048	292.725	296.697	284.371	256.842	225.373	203.67	195.982	194.52	191.162	189.534	199.576	222.112	250.339	280.129	305.064	312.741	298.704	274.709	256.245	249.442	251.369	256.036	261.418	271.153	284.708	292.878	291.048	289.642	301.24	320.159	328.283	321.091	310.069	300.999	290.539	281.316	280.973	286.256	283.291	266.388	244.521	227.164	212.568	193.627	170.858	150.197	130.538	106.26	78.1386	51.3495	
82.113	130.765	176.688	210.607	229.572	234.324	228.554	220.099	216.577	218.271	219.233	218.894	224.951	238.774	247.301	237.918	216.003	199.264	199.361	215.243	237.323	255.206	265.339	270.599	275.303	279.912	278.2	265.909	249.406	237.437	229.255	219.666	210.109	204.425	201.389	200.924	210.137	232.89	257.53	266.933	257.779	239.922	221.253	203.708	192.803	199.02	226.465	267.126	304.048	318.907	309.136	295.174	294.652	299.746	295.272	283.692	279.517	289.037	302.366	305.112	295.976	286.759	286.061	290.207	289.627	280.763	271.359	270.821	275.702	274.604	264.566	251.313	241.926	242.988	254.917	269.179	279.243	286.975	292.939	291.083	275.87	248.628	218.279	195.535	183.739	177.589	172.097	171.846	185.753	212.4	242.074	269.289	290.457	298.184	288.692	268.453	248.913	238.591	238.923	244.7	252.426	264.709	279.6	286.35	281.053	276.272	285.329	302.961	313.116	312.145	308.154	302.069	289.407	275.539	270.181	269.738	260.621	239.92	219.628	208.39	199.271	181.44	157.328	136.688	119.511	98.7981	73.5106	48.1717	
99.2663	149.683	191.217	215.878	224.197	221.313	214.007	209.187	209.648	211.438	208.658	202.788	202.845	212.394	221.135	215.964	198.214	182.586	181.539	195.959	216.608	233.179	243.188	249.839	256.2	262.651	265.091	259.49	248.9	239.896	232.92	223.941	213.868	205.745	198.881	195.798	205.329	229.93	256.591	267.648	257.361	233.724	207.864	187.662	180.919	195.433	230.765	274.606	308.55	317.443	303.027	287.278	287.65	296.795	299.393	294.309	290.43	292.105	294.555	290.703	280.149	269.664	266.205	269.995	273.538	269.574	260.672	256.069	257.335	256.272	248.267	237.489	231.682	237.249	252.734	268.158	276.925	281.34	283.539	279.935	265.369	239.62	210.797	189.083	176.908	169.424	163.331	163.524	177.744	204.056	232.297	255.551	271.019	275.705	268.174	251.257	232.336	221.182	222.315	229.838	236.626	243.534	251.129	253.243	248.433	247.111	258.176	275.996	289.169	296.143	300.712	298.529	284.293	265.528	253.11	244.642	230.173	209.592	193.542	187.352	182.237	167.531	145.998	127.41	112.692	95.3521	72.6584	47.7848	
109.845	157.635	191.789	206.688	205.495	196.039	187.399	186.387	192.252	196.644	192.197	181.514	175.182	179.359	187.461	187.695	177.788	166.816	164.468	173.278	188.016	201.306	210.531	217.139	223.424	231.311	239.271	242.717	240.214	235.359	230.046	222.516	213.666	205.021	194.891	186.234	188.737	206.403	230.036	244.381	239.933	219.086	192.489	171.39	165.6	182.229	218.467	258.77	284.392	285.574	268.824	253.57	253.342	263.603	273.44	278.766	280.446	278.471	271.411	259.751	246.928	236.475	231.58	234.507	241.893	245.629	242.721	239.022	238.955	238.955	234.785	227.963	224.584	230.293	242.71	252.371	255.034	255.449	257.879	259.14	250.859	229.159	202.219	182.499	173.117	168.379	164.289	164.536	175.54	196.48	219.289	236.945	246.567	247.68	240.804	226.882	210.121	199.734	201.766	210.74	216.896	218.053	217.001	214.615	213.497	220.119	235.762	252.181	262.021	267.541	272.583	272.156	261.017	245.218	232.723	221.463	206.151	188.743	176.07	170.314	165.325	154.353	138.621	123.39	109.351	92.8263	71.3468	46.8246	
102.483	141.216	166.728	176.805	174.537	165.63	157.963	158.722	167.215	173.717	169.544	156.914	146.471	145.719	151.403	154.256	150.548	144.891	143.204	147.729	156.71	166.722	175.521	181.945	186.708	193.479	203.983	213.832	217.702	215.961	211.213	204.061	196.282	188.77	178.723	167.365	162.574	169.516	184.981	199.845	204.066	193.679	173.665	153.692	144.738	155.263	183.028	213.142	229.518	226.852	212.353	199.617	198.226	208.195	223.667	237.762	245.214	243.615	233.645	220.319	210.059	203.592	198.524	197.314	203.041	211.161	214.767	214.027	213.287	213.723	213.401	211.307	210.473	214.793	220.71	220.267	213.828	210.304	215.53	224.709	225.088	208.844	183.895	165.591	159.431	159.493	159.754	160.846	167.039	179.397	193.89	205.334	211.225	211.804	207.279	196.851	183.074	174.105	176.111	185.411	192.538	192.479	187.529	183.247	185.672	198.024	215.44	227.361	228.579	224.316	221.559	219.439	214.339	208.179	203.106	196.419	186.492	175.699	166.498	159.004	151.366	141.895	130.454	117.138	101.868	84.5099	64.2592	41.8949	
77.0774	102.817	120.301	130.173	133.39	130.747	126.199	126.403	132.981	138.77	136.071	125.929	116.284	113.06	114.802	115.822	114.042	112.558	114.14	118.606	124.626	131.729	139.523	145.424	147.841	150.861	159.264	170.439	177.415	177.98	174.343	168.401	162.362	156.687	148.386	137.573	129.643	128.849	135.646	147.478	157.793	159.24	149.397	132.714	119.608	120.211	134.777	152.595	162.415	161.074	152.33	142.903	139.89	147.804	164.54	181.397	190.741	191.097	184.923	177.688	174.9	174.2	169.064	162.017	161.916	169.214	175.649	176.334	173.927	173.147	175.061	177.215	179.287	182.38	181.945	172.617	159.214	152.946	159.313	172.371	178.206	167.432	146.234	129.755	125.365	128.844	133.355	136.022	138.132	142.203	148.535	154.869	159.886	163.703	164.195	158.088	147.501	140.137	141.344	149.144	156.621	158.091	154.088	150.997	155.605	168.677	182.869	188.344	181.729	169.003	158.728	153.974	153.347	155.506	158.257	158.935	157.705	155.358	150.441	141.937	131.348	121.035	111.065	98.8315	83.4835	66.9282	49.8063	32.1292	
45.7387	59.8236	71.0431	80.8825	88.3316	90.8485	88.895	87.335	89.5679	92.6815	91.9285	87.2336	82.3275	79.7241	78.3816	76.0445	73.507	74.0304	78.5924	84.6773	89.6447	93.9334	99.0517	102.933	102.791	101.883	106.235	115.471	123.313	126.144	125.015	121.858	118.315	114.125	107.086	97.9988	90.8867	87.9323	89.7318	97.3395	108.754	117.231	115.926	104.238	90.2868	84.172	88.2056	96.3063	101.937	102.931	99.3857	92.8951	88.778	93.6556	107.375	121.371	128.707	130.089	129.117	129.309	132.779	135.277	130.062	120.066	115.678	119.858	125.404	125.798	122.144	120.109	122.367	126.341	129.744	131.516	127.533	115.392	101.284	94.586	98.8867	109.298	115.316	109.322	94.7222	82.3441	78.8787	82.7703	88.7304	92.2288	92.175	91.357	92.6148	95.9856	101.307	108.415	113.175	110.62	102.834	97.0106	97.1732	102.125	107.826	110.077	108.566	108.27	114.167	124.967	133.646	133.559	123.745	109.529	97.8999	92.4858	93.1977	97.9464	103.725	108.97	114.106	117.767	116.251	108.269	96.9141	86.5376	78.1124	68.6708	56.6873	44.0373	31.9127	20.2232	
