
TracePro Release: 7 0 3 
Irradiance Map Data for D:\SUSTech\Linear Units in millimeters
Data for Observation screen 3.5 Screen
Data generated at 16:21:52 October 24, 2025

Raytrace Time: mins: 0, secs: 7

Projected Plane Extent from surface geometry 
      TopLeft:(20,3,-20) 
      TopRight:(-20,3,-20)
      BottomLeft:(20,3,20) 
      BottomRight:(-20,3,20)
Corners of Data Set (plotted) 
      TopLeft:(20,3,-20) 
      TopRight:(-20,3,-20)
      BottomLeft:(20,3,20) 
      BottomRight:(-20,3,20)
Total Incident Rays: 63328
Min: 28.3694 Max: 423.381 Ave: 274.488
Total Flux: 0.439181 W, Emitted Flux: 0.6
Normalization: 0
Data Smoothing is On
Grid Size is 128 x 128
Map Count 50
Data Cells are 0.3125 x 0.3125 millimeters

45.3732	68.4641	87.5735	98.4623	104.749	114.097	126.604	134.802	134.825	130.163	126.139	124.618	123.102	118.31	110.1	101.613	96.1316	93.2272	89.0784	82.1999	77.599	82.8407	99.0416	117.885	128.943	128.886	123.174	119.75	122.505	129.171	134.014	134.577	133.619	132.442	129.276	124.957	122.487	122.598	123.36	123.019	123.504	129.108	140.58	153.276	161.426	163.15	160.155	153.09	142	131.714	130.405	140.765	155.628	163.297	158.007	144.421	130.205	118.15	108.142	102.849	105.713	113.464	117.618	114.08	107.122	104.079	107.33	113.206	118.129	121.28	121.543	118.592	117.06	121.394	128.954	134.574	136.383	135.037	132.404	130.528	129.241	125.503	117.653	108.936	102.479	97.8898	97.1215	104.028	114.471	117.819	112.336	108.592	113.708	122.183	126.601	128.091	130.402	132.403	131.26	126.039	117.617	110.244	110.242	118.906	129.52	132.227	122.045	105.649	96.8184	101.409	111.822	118.769	122.169	126.875	133.93	140.089	142.028	138.958	132.059	122.129	109.996	99.0858	95.1505	102.096	115.698	122.716	111.338	82.3193	
61.2069	94.6318	121.937	137.051	145.627	157.532	172.109	180.141	178.197	172.226	168.695	167.123	162.727	154.653	146.997	143.145	143.647	146.168	145.354	137.837	129.165	130.878	147.142	167.857	179.081	177.732	172.334	171.335	175.891	182.708	188.723	193.952	200.156	205.046	203.56	196.054	187.796	182.062	178.184	174.993	174.663	180.709	192.573	205.04	212.296	212.963	210.466	206.864	201.279	196.437	200.172	215.77	233.835	239.009	225.918	203.544	182.702	166.786	156.105	153.701	161.318	172.311	176.525	171.494	163.975	162.564	170.448	184.198	198.124	207.333	206.908	195.436	181.346	175.616	179.605	187.196	192.205	192.604	192.192	194.697	196.212	188.238	169.254	149.313	138.428	136.536	141.1	152.95	167.088	171.322	162.593	153.275	155.02	165.512	175.897	183.498	190.395	195.989	197.212	191.254	177.623	162.31	156.187	163.923	177.705	183.571	173.301	153.21	139.21	139.862	148.57	155.036	158.283	163.786	173.199	182.265	186.388	184.968	179.73	170.233	155.132	138.458	130.028	136.699	152.127	157.658	138.692	98.9369	
72.1669	110.826	141.344	158.225	168.704	182.079	196.153	202.029	198.171	192.183	190.354	189.696	183.711	174.333	169.691	172.353	179.206	187.167	191.562	187.017	176.725	173.968	187.092	207.064	217.62	214.863	209.141	209.289	213.939	219.026	225.448	237.128	254.295	269.035	271.44	260.936	245.332	230.855	218.848	210.406	209.303	217.686	232.078	245.727	252.443	250.893	246.136	242.961	241.425	242.067	250.254	268.867	287.795	290.366	272.569	246.446	223.919	207.823	198.287	197.712	205.597	214.013	215.412	211.557	209.679	215.127	229.859	252.01	275.105	290.326	288.999	268.26	239.382	219.941	216.732	223.726	230.8	233.424	236.357	242.887	244.546	230.168	202.49	178.669	171.714	177.816	188.015	200.856	213.858	216.829	204.979	188.562	182.362	190.607	206.072	221.102	233.157	241.276	243.622	237.592	221.92	202.542	192.648	199.808	216.22	225.96	219.43	201.037	184.565	179.911	184.22	188.024	188.348	190.811	199.602	210.399	215.344	212.58	206.07	196.809	182.05	164.741	155.431	161	173.79	174.383	148.916	103.216	
81.0842	119.304	147.582	163.835	176.198	190.907	203.565	206.719	201.214	195.44	195.102	195.906	190.401	181.891	180.925	189.122	199.848	209.762	217.117	216.65	207.788	201.91	210.573	228.776	240.479	239.77	236.113	238.224	243.442	246.783	251.595	265.677	289.512	311.378	317.759	307.313	288.479	267.445	246.402	230.372	227.044	238.069	256.493	273.295	281.729	279.922	272.62	266.026	262.947	264.622	273.813	291.325	307.951	309.333	292.916	270.035	250.614	236.233	226.783	223.773	225.462	226.087	224.517	227.021	237.35	253.029	273.127	298.246	323.282	339.298	337.89	314.891	279.372	250.289	239.178	242.904	250.714	256.304	262.182	268.185	263.722	241.523	212.175	195.867	200.888	216.217	228.7	238.13	247.316	249.727	237.468	214.925	198.115	199.531	216.633	237.898	254.226	262.159	262.173	255.371	241.44	224.259	216.147	225.928	245.815	259.17	257.107	242.926	226.689	218.154	218.592	220.058	217.317	215.773	222.745	234.285	238.228	230.48	218.299	206.772	194.144	181.619	176.126	180.854	188.185	182.545	152.908	104.998	
89.9387	125.45	149.422	164.055	177.813	193.287	204.104	204.568	197.654	192.078	193.244	196.604	193.877	187.902	190.085	201.746	213.471	221.104	226.854	228.962	224.178	218.315	222.318	236.387	248.925	253.832	258.078	268.056	278.479	281.677	281.06	288.139	307.173	327.682	336.224	330.63	315.945	293.975	266.338	242.609	235.178	245.984	265.589	283.969	295.404	297.617	291.713	281.329	272.552	271.389	279.311	292.917	304.294	304.672	293.491	278.451	264.931	252.592	241.367	232.681	225.294	217.765	215.772	227.752	251.251	275.022	295.158	314.757	332.073	342.532	342.172	325.651	294.915	264.512	248.99	250.169	258.983	267.022	272.266	271.601	257.399	230.372	206.655	203.051	219.123	238.76	249.732	255.55	263.6	269.619	261.346	236.243	210.581	204.182	219.771	244.076	262.472	268.531	265.083	257.559	246.57	233.216	228.12	240.796	263.215	277.597	275.94	262.808	247.228	238.354	239.008	241.883	240.263	238.598	245.267	256.912	259.728	248.336	231.008	215.387	202.713	194.674	193.878	198.603	201.623	191.737	160.265	111.436	
98.4684	132.898	153.896	166.415	179.371	193.504	201.951	200.784	194.059	189.831	193.299	200.576	202.625	200.106	203.703	215.355	224.919	227.647	229.33	233.595	236.34	235.282	235.789	242.142	251.122	260.584	275.8	298.948	319.596	325.009	316.647	309.333	313.645	324.976	333.313	335.016	328.604	309.755	279.501	251.274	240.711	249.405	266.246	282.049	294.222	301.169	299.114	286.604	272.151	268.12	275.84	286.692	292.883	291.373	284.502	277.416	271.27	262.898	251.277	238.064	223.837	211.376	210.045	227.399	256.349	280.937	295.132	303.502	309.074	313.35	315.953	309.277	288.286	262.786	248.737	251.005	260.734	267.046	265.513	254.966	234.762	211.269	198.538	205.178	224.621	242.074	250.422	256.002	266.903	278.935	277.183	254.653	226.452	215.433	227.697	250.69	268.187	272.933	268.997	262.708	253.474	240.506	234.03	244.478	264.081	274.329	267.843	251.923	237.417	232.427	237.845	245.868	249.884	252.972	261.549	272.868	276.123	266.751	249.812	230.82	214.231	205.73	207.09	213.425	216.291	205.203	172.325	121.537	
108.187	144.637	164.579	173.665	182.412	193.156	200.687	201.796	198.768	196.92	201.51	211.166	217.052	216.529	218.093	225.149	229.692	227.75	227.258	236.012	249.779	258.185	258.616	257.176	259.409	269.143	291.498	325.211	355.252	363.902	349.539	328.289	316.353	316.415	322.921	330.256	330.735	315.662	286.237	258.59	249.553	258.19	270.695	279.433	286.147	291.624	290.13	277.12	261.823	259.514	270.476	281.983	285.751	282.226	276.512	273.998	274.247	271.549	262.695	248.854	232.359	218.59	216.833	231.981	256.14	273.938	278.007	273.522	269.74	273.613	283.315	285.998	272.78	252.907	243.581	249.373	258.932	259.364	247.639	228.633	208.93	195.816	195.68	208.303	225.584	238.68	246.254	254.09	266.571	279.656	281.926	266.545	243.876	232.978	241.199	259.556	274.029	278.374	276.469	272.343	263.131	247.705	236.476	239.789	250.687	252.675	240.699	223.966	213.549	214.956	226.136	239.49	250.011	259.279	269.975	279.924	284.093	280.229	268.498	249.826	229.959	218.354	218.817	226.484	231.016	219.481	183.925	129.72	
120.509	161.28	181.358	185.57	187.278	194.155	204.537	213.295	216.755	215.913	217.512	224.781	230.313	228.379	224.719	224.325	223.093	219.214	221.096	237.156	262.2	281.082	285.907	282.539	280.856	288.396	310.909	346.103	377.499	385.581	367.007	337.321	315.271	308.625	314.214	323.842	326.809	314.193	288.288	266.262	263.938	275.802	284.366	283.555	279.36	275.817	269.232	256.407	246.246	251.371	268.449	282.611	286.281	282.137	276.835	276.008	278.806	278.909	272.426	260.282	245.238	232.861	230.73	241.429	257.916	266.756	259.566	242.622	232.377	240.389	260.254	271.756	263.38	246.277	239.821	248.134	257.634	254.045	235.678	212.025	194.78	191.062	200.57	216.632	231.699	242.976	252.682	262.504	270.497	274.79	274.225	266.465	254.019	246.812	252.141	265.921	276.734	278.857	276.322	272.331	263.213	247.518	234.076	231.122	232.661	227.166	214.03	201.972	198.092	204.52	218.938	236.081	251.965	265.281	275.09	280.735	283.048	282.306	276.324	263.539	247.596	235.728	232.282	235.598	237.091	223.298	185.907	130.523	
132.948	179.566	201.553	200.973	193.899	195.783	209.926	227.53	236.932	235.177	231.575	233.867	236.377	231.589	222.747	215.649	210.206	207.494	215.237	238.79	270.718	296.276	307.977	309.654	309.11	314.235	332.184	361.174	384.994	385.93	362.705	330.366	306.712	300.422	307.38	316.249	317.045	305.391	285.533	272.646	279.031	295.36	302.172	294.462	280.522	266.698	252.649	238.964	234.567	247.481	270.03	286.316	290.236	286.759	283.246	283.655	285.768	284.195	277.235	267.095	255.526	246.015	245.09	255.252	269.62	274.215	259.289	232.569	216.052	225.013	251.146	269.675	265.555	249.253	241.761	249.004	258.686	256.705	239.681	216.221	200.257	200.649	214.51	231.523	245.06	256.79	270.149	281.354	282.091	272.902	263.672	258.6	254.224	251.541	256.655	268.419	275.604	271.756	263.234	257.018	250.868	241.036	231.636	227.388	223.832	215.548	205.9	200.325	199.998	205.982	220.078	240.45	261.142	275.484	280.017	277.267	273.101	270.116	267.377	264.155	259.414	251.869	242.832	235.211	227.033	209.174	173.478	122.394	
141.512	194.527	220.506	216.941	200.704	194.239	206.574	227.532	240.266	238.939	233.452	233.507	235.171	230.541	220.229	209.586	202.012	201.752	215.569	244.159	277.43	304.486	321.828	329.791	330.22	330.489	340.85	360.77	374.346	367.492	343.185	314.976	295.86	292.375	299.353	304.382	300.873	290.789	279.289	276.227	289.644	310.216	319.466	311.661	294.199	274.155	253.816	237.064	233.397	248.455	272.598	289.123	292.046	287.975	285.286	286.82	289.204	287.301	280.807	273.133	264.926	257.522	258.175	271.876	291.414	299.784	285.052	254.82	231.992	234.017	256.57	277.035	276.886	261.323	249.899	251.077	257.464	258.697	249.198	231.941	218.879	220.547	234.336	249.025	259.759	271.356	287.032	299.265	296.313	278.807	261.284	253.385	251.645	252.561	259.326	270.465	274.142	263.382	247.367	238.717	238.23	239.274	239.312	238.386	234.093	227.098	222.324	219.769	215.982	215.067	225.955	249.418	274.73	288.392	284.958	270.921	257.003	248.091	245.328	249.73	256.308	255.349	243.665	226.556	208.475	186.636	154.208	109.778	
141.874	198.766	229.083	226.222	204.761	189.276	193.573	210.994	225.004	227.284	224.53	225.873	229.886	229.486	222.209	211.468	202.953	203.857	220.944	251.929	284.912	312.013	332.332	342.258	338.316	328.575	327.726	337.772	344.503	337.92	322.828	306.492	293.114	287.176	287.453	286.331	281.687	277.751	276.182	280.604	297.765	322.3	337.619	334.993	318.748	295.88	270.704	249.377	241.889	253.577	275.393	290.182	290.252	282.201	276.373	277.992	284.91	290.158	289.754	285.19	277.272	268.203	268.114	285.83	314.116	332.517	326.482	300.77	274.108	264.324	275.207	291.771	293.78	278.664	261.147	251.344	248.698	249.946	249.653	243.51	236.993	239.79	251.053	261.673	269.507	280.177	294.627	304.799	301.35	284.217	264.77	254.058	252.714	256.559	264.304	273.042	273.306	259.137	239.34	229.039	233.167	245.314	257.074	262.197	259.297	254.298	251.954	246.894	234.192	223.878	231.663	258.607	288.245	300.934	289.671	264.892	242.065	227.434	222.039	227.718	239.316	244.634	237.204	220.04	198.639	174.328	142.655	101.162	
130.838	186.365	219.993	223.294	205.438	187.063	184.278	196.721	211.523	218.163	218.421	219.829	224.052	226.676	223.825	216.097	208.329	208.504	224.625	255.475	289.805	319.694	342.151	349.693	337.218	315.336	302.279	302.82	306.993	309.309	312.069	311.004	299.623	282.851	269.703	263.191	264.347	271.999	279.808	287.98	306.103	333.379	354.017	356.372	342.354	318.763	291.211	267.114	256.11	263.296	281.151	292.946	288.783	274.066	261.976	262.895	277.566	296.024	306.749	305.695	294.4	279.084	274.059	291.969	326.726	356.119	363.09	347.504	321.404	301.761	300.155	310.176	312.132	296.372	271.687	249.877	237.59	238.224	246.967	252.721	253.21	256.054	262.976	268.961	274.938	284.723	294.466	297.455	292.018	279.866	265.728	257.283	258.177	264.449	270.695	274.389	271.844	258.668	239.175	226.72	230.722	248.753	269.486	280.906	280.972	277.869	274.661	262.962	240.27	223.269	231.319	262.703	295.557	306.956	290.512	260.31	234.389	217.801	209.377	211.267	221.439	230.844	232.092	222.968	205.021	180.066	145.852	101.794	
114.566	165.03	200.45	212.503	204.644	191.597	189.365	201.769	218.389	227.12	226.578	223.032	220.636	219.72	219.149	217.539	214.843	215.351	227.525	254.446	288.799	321.643	344.82	347.569	327.139	298.059	278.665	273.339	276.959	289.338	308.92	319.472	305.719	275.331	249.404	241.893	253.33	272.096	284.621	293.046	310.868	338.113	358.648	361.374	349.12	328.926	305.861	285.669	275.461	279.748	293.479	301.689	292.971	271.574	253.698	254.305	275.823	305.917	327.095	329.639	315.073	293.11	280.431	292.271	325.992	360.856	377.917	372.359	351.249	329.737	321.785	325.936	325.512	307.937	277.977	249.625	235.012	239.974	257.863	272.475	276.824	277.569	278.23	277.535	279.935	287.398	290.941	284.965	275.717	268.356	262.393	260.379	265.462	272.883	275.615	274.2	270.747	260.807	242.536	225.942	223.946	238.818	260.013	274.507	279.748	281.438	278.08	260.249	230.542	211.41	222.414	257.366	290.993	300.993	283.877	255.73	233.597	219.739	211.187	210.089	216.657	225.875	232.094	230.215	217.596	193.785	156.67	107.973	
107.272	152.883	186.741	202.335	201.959	197.71	203.487	221.845	241.26	249.246	244.656	233.452	220.882	212.338	212.232	218.969	226.025	230.412	238.274	256.8	284.399	313.035	331.296	327.664	303.599	276.479	260.711	255.965	259.522	276.262	303.483	318.71	302.827	265.977	236.356	233.234	253.398	275.795	285.141	290.402	307.506	332.451	347.798	346.677	336.596	325.653	315.821	306.859	300.841	302.353	310.783	314.695	302.348	277.154	257.151	258.757	283.177	316.834	341.54	346.603	333.711	311.95	294.842	297.156	321.192	350.834	367.361	364.927	350.461	336.242	330.737	331.688	327.466	308.354	278.269	252.207	243.788	256.848	281.394	299.536	304.414	302.756	297.448	288.788	284.516	286.809	284.671	273.425	262.712	258.686	258.476	261.96	270.22	276.661	275.103	270.553	268.552	262.658	245.598	224.256	212.987	217.309	230.305	243.107	253.955	263.215	263.201	244.201	213.603	196.803	211.08	246.895	279.382	289.544	275.991	253.792	237.592	228.809	224.696	225.815	230.321	234.502	236.528	233.851	223.361	201.674	164.028	112.536	
114.373	156.82	184.504	194.818	194.746	197.549	213.275	238.925	260.008	265.498	257.18	241.382	223.042	210.4	211.794	225.994	242.346	251.73	256.221	264.328	278.987	294.879	301.931	291.766	269.241	251.094	246.295	248.782	254.271	269.333	293.411	306.59	292.204	260.392	237.447	240.841	263.959	281.858	282.087	281.113	296.082	318.253	328.882	325.574	320.658	322.658	328.798	331.447	327.94	324.466	326.084	325.632	311.629	286.452	268.054	271.329	294.225	322.712	342.76	348.952	344.578	333.701	321.142	317.352	327.832	341.887	344.418	333.99	322.106	318.215	321.14	323.729	318.553	301.317	277.129	259.812	260.36	278.602	302.63	317.254	319.526	316.666	309.45	296.967	287.023	282.828	276.291	265.061	257.08	255.133	255.815	260.295	268.791	272.666	266.848	260.164	260.203	258.895	245.112	222.343	204.195	198.334	202.232	211.51	224.569	237.399	239.639	223.764	199.584	190.064	207.613	242.06	273.198	286.079	278.293	261.134	247.989	242.881	244.808	251.104	255.033	252.155	244.576	234.665	221.834	201.456	165.431	113.978	
125.622	165.658	185.778	188.13	185.553	192.447	214.508	243.419	262.917	264.722	254.421	239.412	223.741	214.647	219.279	235.986	254.86	266.113	268.953	270.35	274.169	276.594	271.25	255.695	236.981	228.841	236.823	251.722	264.153	276.417	290.439	295.926	284.425	263.888	250.848	256.479	274.92	284.616	276.543	269.141	279.137	297.714	308.217	310.173	315.244	328.924	344.698	351.743	346.486	337.715	334.52	331.915	318.142	294.872	279.04	282.442	299.739	317.77	329.053	336.145	344.218	350.815	351.163	349.448	350.546	347.053	329.215	303.031	286.459	288.157	299.877	309.172	308.846	297.652	282.416	275.067	282.182	299.779	316.084	320.668	315.534	309.959	304.915	296.543	286.959	278.254	268.375	259.081	254.609	252.958	251.496	254.516	262.52	264.916	256.038	246.587	246.695	249.273	241.234	222.094	203.142	193.661	194.557	202.628	213.612	221.205	218.881	206.24	193.732	195.998	217.459	249.069	278.281	294.823	293.51	280.209	267.063	261.467	264.797	272.461	274.863	267.53	254.288	238.775	221.623	199.671	164.693	114.801	
128.714	167.623	185.305	186.682	186.008	195.535	217.523	242.411	255.709	252.194	240.2	229.028	222.399	222.874	231.261	244.858	258.877	268.151	271.729	273.886	275.831	271.974	258.311	238.432	221.671	219.589	237.442	265.979	289.75	302.597	306.603	302.639	292.359	280.519	271.284	269.524	275.355	276.831	266.804	257.235	260.843	274.041	287.613	301.001	318.373	338.322	353.7	357.216	348.517	337.997	334.693	332.427	319.48	298.994	286.505	288.79	297.874	303.749	305.778	312.574	330.083	351.577	366.304	373.035	373.789	361.753	330.5	291.264	266.848	267.581	283.956	300.764	307.915	303.727	296.246	295.807	305.046	317.964	324.212	316.522	299.648	286.775	283.601	284.149	281.206	272.466	260.737	252.016	248.601	246.533	244.809	249.075	259.124	262.851	253.184	241.182	239.751	244.51	242.044	228.49	212.193	203.031	204.367	212.792	220.153	218.346	207.247	195.989	195.541	210.596	236.349	264.04	288.667	306.152	310.577	302.348	289.569	279.899	277.232	279.426	279.378	274.335	266.041	252.5	231.24	202.744	164.441	115.125	
123.342	164.66	188.674	199.706	208.034	220.21	235.696	248.137	249.9	239.866	226.522	219.892	224.017	236.022	248.724	257.985	264.802	269.962	274.235	280.177	285.969	283.261	268.081	246.944	230.518	229.568	250.796	287.124	320.062	336.542	336.805	328.165	317.975	307.479	292.456	275.395	264.459	258.754	252.109	245.983	246.255	255.304	272.716	297.137	323.479	343.284	351.294	347.395	335.952	326.716	325.122	322.741	310.477	295.51	290.667	294.834	297.063	291.902	284.743	287.072	304.974	331.304	353.824	368.393	375.311	367.597	338.173	297.521	269.118	265.85	281.518	301.821	314.342	315.54	312.909	314.479	320.429	325.855	323.324	306.215	278.448	256.351	251.908	259.413	264.645	260.467	250.701	243.116	240.475	240.574	243.763	253.417	266.92	272.714	264.664	253.908	253.696	260.151	260.176	249.31	233.796	222.27	219.828	225.111	228.935	221.366	204.962	194.395	201.178	224.085	252.13	275.171	292.303	305.839	312.962	310.777	301.006	287.777	276.703	271.419	271.397	276.162	282.047	277.017	252.632	213.378	166.002	113.805	
118.507	165.228	200.132	225.89	247.371	263.591	269.882	264.661	251.555	236.038	224.187	222.542	234.591	255.183	272.45	280.334	282.146	281.93	282.22	286.141	292.688	294.2	285.645	270.981	258.015	255.875	272.985	306.299	339.707	359.276	363.378	358.071	348.548	333.304	307.524	275.73	250.9	238.723	234.635	233.888	237.143	248.703	271.227	301.172	328.452	342.57	341.291	330.308	317.346	309.796	308.479	304.233	292.886	285.908	292.475	303.467	304.664	293.404	278.441	271.962	280.585	299.856	319.666	335.848	349.137	353.06	337.402	306.588	280.389	273.508	284.817	303.594	317.757	322.346	322.153	321.706	320.373	316.874	307.848	286.751	254.895	228.074	220.774	229.275	239.275	242.67	241.123	239.466	240.559	246.1	257.507	273.268	287.627	292.725	287.303	282.755	288.396	296.404	294.481	281.968	264.918	248.448	237.761	235.791	236.372	228.484	212.241	201.667	208.4	230.618	256.331	274.277	283.698	290.398	296.135	297.975	292.747	280.124	265.253	256.147	258.655	274.259	294.202	298.472	273.661	225.813	168.512	110.949	
118.718	168.886	210.522	247.319	281.791	305.586	307	286.742	260.088	241.092	233.23	235.847	249.74	271.659	291.141	300.73	301.4	296.098	287.852	282.329	283.813	289.541	293.492	293.093	289.332	287.647	297.098	319.303	344.746	364.278	375.5	378.086	370.246	349.432	315.56	276.327	244.197	225.566	218.772	220.936	232.117	253.37	281.959	310.251	329.421	333.964	325.429	311.639	300.909	296.999	295.911	289.26	278.345	277.32	292.55	311.46	318.522	309.829	292.172	276.408	270.423	274.396	283.176	294.792	310.913	325.921	326.617	309.422	287.985	278.136	283.641	297.615	310.21	316.482	317.752	314.539	306.165	295.008	281.779	261.997	235.33	212.339	203.443	207.504	217.682	230.3	243.107	252.476	258.518	268.112	285.289	303.831	315.058	315.953	311.289	312.105	321.739	327.637	320.208	305.341	289.541	272.518	257.542	251.484	252.049	247.08	231.983	218.243	218.928	234.706	255.172	268.792	272.981	273.586	275.634	278.437	277.539	269.41	255.939	244.985	246.071	263.246	286.99	295.808	274.555	227.038	166.937	106.65	
120.117	168.355	209.246	250.364	295.198	330.017	334.798	308.075	272.08	248.797	241.887	244.57	253.885	270.072	288.455	301.853	306.13	299.619	284.388	269.112	264.333	272.827	288.527	303.699	313.023	316.733	321.416	331.251	344.29	358.635	372.617	380.404	374.738	353.133	319.221	281.336	248.505	225.068	212.507	214.293	233.025	264.115	295.676	316.126	321.708	315.605	303.601	293.462	291.834	296.741	297.724	287.835	274.888	274.838	292.059	315.358	331.637	333.496	320.613	300.043	281.143	269.188	264.599	268.244	282.744	304.005	317.228	310.698	291.242	276.59	275.827	284.868	295.815	304.589	309.31	306.103	293.294	275.382	257.734	241.848	227.862	216.996	209.655	206.814	213.729	234.848	263.557	284.537	292.587	299.774	314.845	330.053	335.535	331.325	324.707	324.296	329.167	326.82	313.081	299.014	290.181	280.88	271.575	270.985	278.515	279.407	264.283	244.005	235.95	244.575	260.575	271.897	274.005	271.3	270.248	272.87	275.636	272.787	261.401	246.146	238.178	245.091	260.768	267.748	252.18	213.507	159.895	102.465	
120.191	164.341	201.894	243.437	293.842	337.678	349.962	324.499	283.322	252.704	239.895	236.956	238.347	246.616	263.066	282.127	294.738	293.466	277.878	258.014	248.549	256.433	277.934	305.063	328.735	342.725	347.933	347.932	346.457	348.451	354.942	359.862	355.898	340.635	316.32	288.215	262.066	240.149	225.046	224.984	245.462	278.533	306.689	316.681	309.041	293.82	280.924	278.626	290.781	307.304	310.209	295.461	278.946	277.844	293.617	317.394	340.784	354.512	350.823	331.916	307.993	287.806	274.412	269.87	278.595	299.977	319.382	317.582	294.586	271.264	263.783	270.647	283.899	298.975	311.12	312.126	297.267	271.392	246.342	233.297	234.419	240.196	238.51	230.302	231.768	255.628	292.94	319.708	325.733	325.123	330.209	335.498	333.272	325.09	316.955	312.829	308.902	296.595	278.045	266.714	266.835	269.608	272.703	284.335	303.813	313.494	299.993	274.314	258.356	260.18	271.674	281.239	283.448	280.756	279.298	282.801	288.535	288.736	276.851	255.299	236.277	230.01	234.103	236.639	226.41	198.591	154.517	101.95	
120.798	164.05	200.701	240.779	289.58	334.316	351.464	331.207	289.733	252.421	230.79	219.874	213.871	216.267	231.982	256.969	279.409	287.65	277.6	257.698	244.002	247.06	268.222	302.55	337.882	361.434	369.155	363.036	348.764	335.102	326.734	322.121	318.789	314.544	306.031	292.846	278.971	265.977	254.862	253.753	269.621	295.716	315.409	316.198	299.793	278.804	266.188	271.346	294.529	317.787	319.158	300.28	283.65	284.69	300.269	322.253	346.183	364.311	366.855	353.293	333.318	316.06	303.105	294.808	297.005	313.303	331.202	327.419	296.889	262.83	248.466	255.516	274.164	296.892	317.196	324.969	311.52	279.903	247.924	236.003	248.643	269.199	276.4	268.369	265.002	283.31	316.121	339.465	341.544	333.452	326.523	318.723	306.864	294.711	287.585	285.137	279.357	263.058	242.228	232.061	237.787	250.205	264.018	285.548	314.461	332.521	323.97	298.325	278.17	273.139	277.609	283.041	285.12	284.99	287.306	294.989	303.44	302.496	285.523	257.155	231.496	218.776	217.202	218.491	213.47	193.792	155.894	105.697	
121.59	167.789	205.926	242.641	283.379	320.801	337.974	324.928	290.32	253.747	227.864	211.52	200.946	200.612	216.709	245.342	273.523	288.14	282.929	264.036	246.826	244.029	261.591	296.816	334.784	359.977	368.582	362.189	344.16	322.225	303.081	290.202	286.926	292.068	296.86	295.453	291.473	287.919	284.066	284.468	295.1	312.063	322.761	316.926	296.482	274.205	263.869	273.839	299.875	320.471	316.871	297.874	287.397	294.66	311.027	327.893	343.257	354.34	356.594	349.893	340.045	332.485	326.508	320.867	320.723	330.631	341.001	330.86	293.988	252.552	232.906	240.096	262.443	288.188	310.875	323.06	314.74	285.85	254.887	244.991	262.111	290.063	306.467	305.236	301.041	309.624	329.091	343.4	342.662	331.914	317.518	299.073	277.443	259.66	253.186	256.535	257.575	245.931	226.616	215.965	222.45	238.19	255.174	278.038	308.571	330.88	328.478	307.599	287.851	278.554	276.513	276.331	276.2	278.842	288.195	303.208	313.724	306.922	279.698	243.254	214.821	202.595	202.536	207.561	209.094	195.592	160.609	110.397	
119.976	169.636	209.326	241.647	272.165	299.169	313.999	309.971	289.776	263.975	241.761	224.808	212.992	212.19	228.544	257.162	283.901	295.713	287.797	267.327	248.616	243.33	257.492	287.289	317.199	335.51	343.454	342.775	332.254	315.636	298.895	286.829	284.79	292.612	300.246	299.952	296.069	294.413	294.752	298.497	308.931	322.404	328.078	317.866	295.687	275.298	269.578	282.598	305.114	317.094	307.986	292.255	290.692	304.555	319.574	325.9	324.735	322.232	323.409	328.006	331.806	332.457	330.665	328.942	330.878	336.844	339.084	324.347	288.744	248.945	228.389	234.425	255.44	276.88	293.565	303.735	300.922	283.358	263.74	258.914	274.31	300.779	322.147	328.784	325.903	325.643	332.673	340.529	341.748	335.431	321.823	299.229	270.724	246.704	237.265	242.249	249.422	245.715	231.532	220.901	224.645	237.61	250.931	268.342	294.56	317.502	320.504	305.683	289.191	280.453	277.459	274.763	271.944	275.321	289.56	308.99	318.162	303.524	266.256	222.859	192.322	181.279	184.661	195.828	205.093	197.575	164.831	114.134	
115.784	166.817	207.141	236.169	258.963	277.901	291.691	298.217	296.105	286.215	272.19	257.945	247.058	246.118	260.744	285.565	305.701	308.274	291.654	266.771	247.686	242.993	255.056	276.953	295.312	305.72	313.788	319.924	320.143	316.541	313.428	312.26	314.655	319.897	320.561	311.103	297.57	288.955	287.352	293.221	307.298	323.389	328.987	316.755	293.203	274.305	272.532	287.385	305.337	309.507	297.031	285.157	290.64	308.561	319.452	311.847	292.615	279.518	285.679	306.401	323.556	326.396	320.967	318.396	321.97	326.142	324.119	311.908	288.488	261.366	245.797	249.495	263.743	275.31	281.124	284.503	285.324	282.91	280.993	283.987	294.249	311.425	328.328	334.287	328.169	321.258	323.935	334.691	345.122	349.4	343.301	323.137	293.254	266.428	252.737	252.273	256.626	255.385	245.439	234.989	233.824	240.404	248.008	259.871	281.987	305.206	312.593	302.386	288.589	282.415	283.024	283.123	280.981	283.698	296.006	310.995	314.054	294.785	255.808	211.763	179.495	166.842	171.932	188.484	203.795	200.25	168.809	117.528	
110.55	161.026	202.202	231.133	250.85	265.868	280.63	296.741	309.61	312.506	305.354	294.39	285.264	283.567	294.088	312.368	324.942	320.06	297.544	269.298	248.477	242.106	250.715	266.371	279.002	288.41	298.725	307.178	311.642	318.035	330.459	344.671	354.891	358.098	350.269	328.771	301.421	281.058	273.151	278.069	294.372	313.408	321.164	309.847	285.824	265.942	263.891	278.093	293.24	294.325	282.241	274.421	284.255	303.087	308.413	289.1	258.971	244.459	259.925	293.272	317.091	317.358	305.007	297.573	299.282	301.964	300.644	298.279	294.459	286.382	279.584	280.977	286.225	286.375	280.963	276.829	280.321	293.152	309.802	320.917	324.716	328.132	331.664	325.949	309.708	298.042	305.435	328.582	352.349	366.174	366.336	351.626	327.942	307.084	294.821	288.179	282.403	273.948	261.35	248.19	240.814	240.239	243.652	254.08	275.826	300.205	310.372	302.081	287.935	281.298	284.03	289.442	293.272	297.487	303.664	307.873	303.237	285.152	253.905	216.089	184.04	169.184	174.755	193.662	209.686	205.078	172.496	120.237	
107.329	157.125	200.308	231.775	251.052	263.231	277.157	297.198	316.638	324.913	321.539	314.632	309.167	307.755	313.826	324.809	331.349	325.061	304.764	277.433	252.779	239.223	241.029	253.729	269.256	284.616	297.158	301.735	301.703	309.837	332.132	359.776	379.464	384.887	373.71	344.009	304.161	271.456	255.807	257.657	273.141	292.217	301.649	293.559	271.434	250.126	244.869	256.705	271.515	274.63	266.925	264.196	276.725	293.545	292.578	266.85	236.188	228.274	251.064	286.096	306.464	301.789	284.523	272.327	270.351	272.22	275.668	286.04	300.409	308.073	308.826	310.002	309.966	301.806	286.914	276.024	281.584	306.541	336.662	352.192	349.932	342.223	333.27	314.347	286.763	271.646	286.872	323.824	356.863	370.855	368.57	358.25	347.918	343.536	342.911	337.93	324.354	304.266	281.678	261.083	247.032	240.822	241.898	252.976	275.604	300.497	311.989	304.668	288.529	276.855	275.489	283.284	295.491	305.329	307.833	303.085	293.917	280.898	260.225	230.321	200.443	185.521	191.461	209.027	220.532	211.014	175.533	121.746	
111.15	161.317	205.906	238.642	256.23	263.415	271.752	288.04	305.489	313.28	312.921	313.533	316.552	319.155	322.546	326.811	328.284	323.426	309.902	287.6	260.856	239.504	233.896	245.449	266.298	286.651	297.52	294.497	285.921	289.327	313.807	349.594	378.206	389.007	378.744	345.286	297.386	255.611	233.998	233.991	249.279	267.577	276.849	271.316	253.054	233.482	227.087	237.779	254.432	262.691	261.589	264.246	278.315	291.698	284.733	256.099	229.47	228.936	253.765	282.089	292.996	282.55	262.703	247.851	243.286	245.808	255.099	274.985	298.909	313.264	318.105	322.524	323.803	312.323	290.189	273.305	279.136	309.294	342.896	356.976	351.362	341.181	329.575	305.868	272.237	254.118	272.599	315.432	348.617	353.988	342.573	334.153	338.754	354.501	371.275	377.353	367.014	342.355	310.225	280.086	259.856	250.557	249.946	259.42	279.942	303.518	316.356	311.6	294.509	275.323	263.721	267.359	284.431	300.833	304.504	297.519	289.22	282.485	269.876	245.579	218.545	205.227	210.842	224.577	230.479	217.069	179.644	124.026	
122.992	174.154	217.383	247.439	260.917	261.872	262.381	271.041	282.524	287.714	291.198	303.014	319.674	330.744	334.133	332.874	328.586	322.233	312.975	297.593	275.377	253.369	243.453	251.111	269.648	286.555	292.055	283.632	269.369	266.068	285.779	322.281	356.102	371.742	362.757	328.302	279.1	236.087	214.507	217.233	236.025	254.877	262.04	256.517	243.143	230.054	226.77	237.009	253.873	265.912	270.525	276.87	290.537	300.51	289.867	259.97	234.955	235.78	257.252	276.929	278.826	263.858	243.708	229.632	225.604	229.636	241.685	263.5	287.781	303.155	311.993	322.786	328.672	316.071	288.265	266.366	270.262	298.226	326.738	336.346	331.111	325.314	318.906	298.731	265.345	244.783	260.321	299.875	327.183	323.538	304.667	296.916	311.001	339.495	368.383	386.827	389.087	372.617	340.542	306.001	283.62	275.193	273.928	278.908	293.55	313.575	326.615	323.563	305.026	278.077	254.794	249.67	264.882	283.75	290.12	285.837	282.137	281.648	274.922	255.461	232.586	221.611	225.734	234.679	236.359	222.039	185.06	128.328	
135.275	187.684	228.842	255.001	263.872	259.483	254.049	257.073	264.278	267.968	275.127	297.083	327.011	347.759	353.603	349.271	339.265	327.533	317.51	308.45	296.71	282.17	270.863	268.354	272.884	278.162	279.071	272.411	259.465	251.064	260.766	289.143	320.947	338.126	330.761	299.832	257.965	223.463	209.291	218.529	242.106	261.968	267.256	262.232	255.844	252.893	254.659	261.482	272.041	282.088	289.113	296.488	307.003	313.074	301.342	272.116	246.078	242.455	256.756	268.334	263.895	246.963	229.409	220.044	219.934	225.432	235.377	251.484	270.577	286.819	302.625	321.23	330.941	316.938	284.977	259.789	261.058	283.731	305.171	311.152	307.298	305.307	304.01	289.818	260.531	239.444	249.972	282.624	304.333	297.934	278.652	271.952	287.254	315.443	343.645	365.881	379.153	376.883	356.266	330.07	316.231	315.887	317.264	317.602	324.304	337.606	346.089	338.964	315.245	281.712	250.673	237.208	245.505	261.134	267.931	266.334	266.679	271.046	270.048	257.654	241.708	234.165	236.777	241.367	239.496	224.543	188.551	131.867	
136.595	190.831	234.345	261.409	268.224	260.372	252.846	255.731	263.676	267.992	275.427	298.837	332.936	358.862	367.897	363.659	350.658	334.366	322.566	318.712	318.252	313.397	301.036	284.835	270.892	263.812	263.627	263.559	256.333	245.678	244.637	259.991	283.392	298.688	295.222	274.417	247.451	227.907	224.837	239.967	265.058	284.507	290.221	289.054	291.015	297.568	302.83	303.113	302.083	304.582	310.718	318.195	325.213	326.916	314.5	287.645	262.124	253.641	258.877	261.448	251.959	235.286	222.149	218.959	223.625	229.4	233.481	239.578	251.489	269.501	293.596	319.561	332.466	319.117	287.293	262.175	261.679	279.271	294.874	297.571	292.382	289.87	290.624	282.025	258.706	239.076	244.695	269.932	288.757	286.905	274.757	270.555	280.536	297.426	313.531	328.835	343.914	352.247	349.014	343.881	350.547	365.241	372.413	369.509	367.961	371.967	371.566	355.927	325.159	287.91	254.646	235.671	235.093	243.438	246.924	244.395	245.067	251.845	256.712	253.344	246.032	242.88	245.67	248.476	244.138	226.961	189.984	133.273	
121.786	177.336	228.168	262.635	272.065	264.689	260.525	269.584	282.982	288.405	289.747	301.855	326.72	350.024	360.92	358.866	346.552	330.521	320.811	322.47	330.211	331.476	317.059	290.284	264.464	251.784	253.482	259.066	256.744	246.174	238.647	243.551	257.492	268.781	269.913	262.183	252.113	247.635	254.22	272.002	294.647	311.68	318.605	321.685	328.248	337.886	343.261	338.842	329.287	324.533	328.484	336.816	343.207	342.236	329.102	306.283	285.754	275.364	269.682	259.922	245.323	231.465	224.263	226.335	233.472	236.938	233.233	229.041	234.628	254.447	285.149	316.613	333.328	324.941	299.261	278.206	276.646	288.61	297.825	295.904	287.865	284.696	288.156	285.211	267.12	247.182	245.021	260.643	277.689	285.215	285.816	286.561	289.109	290.2	289.637	292.732	302.834	316.125	329.031	346.926	374.99	403.188	415.046	410.036	401.75	396.891	388.456	367.138	333.708	297.51	266.278	244.796	236.429	236.287	233.416	226.24	223.982	231.007	240.529	245.142	245.481	247.205	253.276	258.72	254.579	234.542	194.442	136.43	
97.7133	150.87	206.568	248.505	264.375	264.623	271.499	291.772	311.891	316.663	307.552	301.183	308.514	323.421	334.501	335.584	326.419	314.261	309.659	316.626	328.398	330.816	313.806	282.629	254.64	243.843	249.656	259.842	262.11	254.246	245.265	244.639	250.942	256.432	258.647	259.711	261.23	266.04	277.619	295.727	315.144	328.692	334.753	338.278	342.647	347.485	350.075	346.626	338.575	333.524	336.734	345.598	352.943	352.336	341.365	325.521	313.202	302.429	284.297	260.222	241.483	233.865	235.03	241.448	247.838	246.603	235.801	224.735	227.034	248.176	282.053	315.957	335.636	333.087	315.021	298.827	295.812	301.463	304.289	299.189	292.271	294.234	304.383	306.433	289.079	263.152	248.478	251.847	266.491	283.726	297.679	304.494	301.657	290.031	276.27	269.558	274.897	290.513	312.99	342.991	379.537	410.968	423.381	417.253	404.439	392.764	380.312	360.426	331.973	301.87	275.918	256.528	245.945	240.51	231.566	219.303	213.603	219.197	229.908	237.884	242.034	247.787	259.536	271.102	269.28	246.442	202.363	142.4	
76.9967	122.321	173.531	216.002	239.437	254.86	279.918	313.199	337.092	338.354	319.871	298.353	289.55	295.163	305.966	311.559	307.659	299.962	298.441	307.038	318.898	319.898	301.164	269.975	244.791	238.681	249.767	266.453	276.879	275.783	268.534	264.236	263.003	260.088	257.682	259.682	264.304	270.651	282.223	300.142	318.35	328.741	331.197	330.965	328.929	325.522	324.39	325.685	326.84	328.736	334.08	342.269	349.318	351.168	346.198	338.229	331.247	318.111	290.133	257.169	238.695	239.65	250.297	260.905	265.526	260.003	245.7	233.092	235.205	256.053	288.684	321.124	340.516	339.426	323.743	308.591	303.312	304.68	304.834	301.326	301.373	314.301	334.245	340.085	319.885	285.515	258.334	250.073	260.534	281.931	302.04	310.497	303.786	286.308	268.332	260.044	266.024	283.762	307.577	334.881	364.784	390.534	401.967	396.563	380.85	363.602	349.263	334.26	314.19	291.971	273.464	262.377	258.552	254.952	244.265	230.188	223.093	226.661	234.933	240.52	242.515	247.855	262.686	279.024	278.784	252.717	204.814	144.016	
67.5147	103.571	144.413	181.656	210.805	242.043	284.697	327.731	350.917	346.636	322.54	293.832	275.565	274.42	285.604	297.936	303.013	301.187	299.552	304.528	313.301	313.217	295.32	266.728	244.899	241.408	255.224	278.165	299.306	308.611	305.854	299.248	290.686	277.59	265.922	262.612	264.612	268.123	277.188	295.108	314.091	322.391	319.639	312.657	303.039	292.953	290.027	296.842	307.771	317.705	325.805	332.154	336.75	340.08	340.407	335.827	326.43	308.132	277.953	247.853	235.566	244.152	262.473	278.426	284.828	279.49	266.471	256.4	259.801	278.457	305.781	331.856	345.399	339.458	320.152	302.636	295.954	296.916	298.068	297.867	305.227	329.019	358.827	369.903	351.146	315.499	283.325	267.212	270.595	287.242	302.704	305.053	292.982	274.154	259.463	257.272	269.268	289.347	308.527	323.839	339.681	357.634	370.368	369.301	353.984	333.073	315.727	301.749	285.907	269.146	258.853	260.559	269.774	273.648	265.738	253.594	248.099	251.701	257.767	258.472	253.57	252.263	262.986	277.699	275.338	245.127	194.374	135.175	
70.0139	102.993	138.023	170.649	200.123	235.762	282.687	326.202	345.803	337.791	313.005	284.27	263.477	259.263	271.314	291.082	308.467	316.739	316.413	315.557	318.707	317.986	304.074	280.925	261.736	255.651	265.182	289.018	318.311	338.173	342.813	338.733	327.507	306.279	283.938	272.495	270.359	271.192	277.846	294.942	314.367	321.675	314.372	299.657	282.577	269.242	268.518	281.457	299.069	312.93	320.826	323.194	322.168	322.026	322.037	315.726	300.57	278.982	254.972	236.103	230.743	241.484	263.559	287.023	301.57	302.781	295.183	289.515	294.65	310.66	330.165	344.139	344.712	328.97	304.786	286.582	281.685	284.757	286.408	285.749	294.787	323.517	359.776	378.582	370.095	344.916	317.96	299.385	295.063	302.408	308.816	303.093	285.835	266.738	256.362	261.013	279.138	300.184	311.993	312.915	313.833	324.149	339.093	345.275	335.611	315.499	294.645	276.241	258.637	244.647	242.76	257.281	278.429	289.152	284.325	274.629	272.218	279.212	286.622	283.965	271.812	262.188	265.193	273.358	265.114	229.729	177.058	120.894	
81.1662	120.55	159.612	191.726	214.903	238.373	270.515	302.461	317.519	311.952	293.941	272.105	255.107	251.58	264.052	288.404	316.751	337.622	342.924	337.846	333.168	329.553	320.59	305.545	288.955	275.842	274.739	293.38	325.024	351.205	363.308	366.395	359.057	335.341	305.638	287.398	282.097	281.536	285.757	299.493	316.88	324.206	315.908	296.426	274.051	260.298	264.194	282.34	302.043	314.659	319.516	317.228	309.188	301.324	296.266	287.856	272.119	254.432	241.399	233.043	228.143	232.642	253.123	283.631	308.852	319.64	319.77	319.716	327.005	340.177	350.238	348.948	334.096	309.255	283.694	268.407	266.823	271.094	270.696	266.006	271.469	298.004	334.466	359.003	363.255	353.623	338.315	324.093	317.848	320.577	323.149	315.209	296.842	277.926	269.087	275.903	295.047	313.209	316.401	304.474	292.942	295.925	310.706	322.381	320.123	305.348	285.284	264.306	244.931	233.472	238.613	261.36	288.112	300.794	295.793	286.037	285.796	297.377	308.283	304.58	288.618	275.81	275.729	278.746	263.384	221.616	166.236	111.34	
95.504	146.36	195.202	229.947	244.631	248.359	255.843	269.322	279.965	282.36	277.072	266.748	257.781	258.134	271.254	296.488	329.519	358.393	369.578	362.584	349.186	338.266	330.589	323.238	310.774	292.385	281.593	293.292	321.964	347.915	362.844	371.772	370.873	350.705	320.452	299.931	293.287	291.887	293.355	302.038	315.55	323.572	318.307	299.261	274.97	261.062	266.889	285.069	300.972	308.777	311.301	308.844	299.311	286.833	277.195	268.708	258.239	249.968	247.929	245.139	234.699	227.542	240.866	272.401	302.929	320.288	328.08	335.141	345.326	354.488	354.176	340.633	317.827	292.267	270.423	258.071	256.07	257.557	253.777	245.468	245.772	265.151	295.63	319.973	331.342	333.613	331.13	327.66	328.359	334.881	340.455	335.21	318.108	299.378	290.384	295.474	309.712	319.992	313.901	293.518	276.423	277.036	291.522	304.281	305.135	296.283	283.491	268.182	251.909	242.529	249.564	272.933	298.681	309.768	303.244	292.781	293.686	307.888	320.863	317.595	302.522	292.803	294.921	294.985	272.386	223.969	165.151	109.005	
106.64	166.898	224.05	262.063	272.025	261.839	249.809	247.732	255.195	265.438	271.402	271.467	271.52	278.458	294.601	319.223	349.037	375.208	386.27	378.206	358.213	337.7	325.066	320.353	313.032	296.646	284.23	291.933	314.882	335.221	346.911	356.538	361.431	350.382	327.476	309.582	302.537	299.904	298.959	303.42	313.18	321.485	320.424	305.217	281.025	263.803	264.236	275.363	284.025	287.582	291.376	295.322	293.273	284.449	274.742	267.686	263.2	263.202	267.795	266.837	251.819	235.486	239.466	264.364	291.499	309.572	322.648	336.688	349.83	354.349	345.372	327.145	307.673	290.28	274.871	262.647	254.927	249.489	241.666	231.184	226.67	237.37	259.463	279.878	292.901	302.207	311.158	320.549	331.565	344.392	353.539	349.69	331.929	312.636	304.052	306.881	313.121	312.287	297.67	275.289	262.779	270.789	290.085	302.507	301.374	295.213	291.312	285.699	274.16	263.725	265.963	282.875	303.33	312.908	308.31	300.416	301.784	314.011	325.671	324.862	315.329	310.194	311.483	304.935	275.214	223.963	165.32	108.935	
110.765	174.383	233.977	273.068	282.798	269.32	250.145	241.222	247.194	260.7	271.443	277.88	286.546	302.065	323.411	346.419	366.687	380.901	385.312	376.342	355.161	329.307	309.28	300.329	295.389	286.699	281.652	290.491	307.374	318.553	322.299	328.532	338.889	342.576	335.436	325.25	317.524	311.271	306.688	306.921	312.237	318.56	320.01	309.819	287.273	264.09	253	253.182	256.239	260.07	268.425	280.29	287.79	286.656	281.808	279.847	282.002	286.609	291.18	288.709	273.745	256.251	254.009	268.857	287.156	301.539	316.036	333.354	347.252	348.173	335.561	319.706	308.519	300.038	289.601	276.479	262.747	249.961	237.343	224.244	215.809	220.326	236.707	254.247	268.115	282.934	301.62	321.084	337.679	350.682	357.457	350.928	331.337	312.882	306.988	309.039	307.687	296.347	275.958	257.077	255.892	277.447	305.89	319.949	316.475	310.165	310.151	308.91	298.317	284.768	280.801	289.563	303.285	312.078	312.34	308.469	307.196	311.882	319.6	323.909	323.336	320.637	313.942	295.974	261.777	214.935	162.456	108.543	
111.345	172.957	228.214	263.518	273.62	263.858	247.693	239.269	244.183	256.161	266.645	276.67	292.826	316.309	341.499	360.533	369.427	370.71	367.126	357.458	340.835	318.955	296.433	280.32	272.886	271.745	278.304	292.433	304.227	304.018	296.377	295.958	309.56	328.962	342.196	344.052	336.331	324.541	314.096	307.839	305.625	306.18	307.479	303.093	286.153	260.895	240.321	231.446	232.192	239.531	252.314	266.945	276.9	280.423	283.906	293.355	305.962	313.876	313.526	306.196	293.642	280.933	276.369	281.027	288.699	297.606	310.781	327.399	339.872	340.088	329.919	319.607	313.538	307.389	297.738	284.99	270.481	255.313	239.221	222.469	211.226	214.331	230.589	249.014	265.318	285.505	311.963	337.06	351.997	356.213	352.793	340.198	320.525	306.684	305.898	308.378	301.577	283.483	261.438	248.392	257.386	288.684	323.474	340.504	338.3	331.677	329.226	325.331	314.493	302.81	299.24	303.553	309.946	314.965	316.688	312.959	305.079	299.919	303.338	312.932	320.869	319.709	305.379	279.285	245.902	207.416	161.91	109.576	
116.056	173.474	219.464	246.41	255.814	253.009	245.048	240.022	242.428	249.361	256.706	267.716	288	315.354	340.178	353.696	355.284	350.448	342.176	331.341	320.994	310.061	293.304	273.636	261.175	262.349	276.718	295.487	303.814	294.315	276.527	268.179	279.496	306.352	333.816	346.594	341.167	326.392	311.345	298.307	286.656	278.644	277.769	280.128	274.671	257.405	237.402	225.327	224.442	232.697	245.647	257.012	263.046	268.133	280.852	303.151	325.71	335.515	329.594	317.449	307.489	299.952	293.437	287.926	284.991	288.801	300.995	316.956	329.313	332.835	328.97	323.215	316.175	305.168	291.789	279.755	270.13	260.471	245.985	226.584	212.83	216.814	236.818	260.007	280.933	305.591	336.036	361.848	370.73	362.55	346.053	326.228	307.096	297.791	299.84	300.915	290.632	271.083	252.048	244.76	257.607	288.817	322.977	342.991	345.512	338.961	331.374	325.502	322.109	323.04	327.424	328.959	324.629	319.836	317.245	310.427	296.229	283.714	283.384	294.286	306.25	308.595	296.221	272.826	245.286	212.955	168.811	113.462	
125.601	178.957	214.972	234.185	245.476	252.547	254.239	251.886	249.313	248.038	248.813	256.742	276.453	302.846	324.111	333.999	336.024	333.851	325.457	313.251	307.106	307.054	300.125	281.776	263.555	258.893	270.487	287.518	293.562	282.296	263.804	253.642	260.857	284.511	312.902	329.217	326.552	312.754	297.249	281.111	262.434	246.36	242.656	251.892	261.791	261.253	251.738	241.741	237.016	238.889	245.338	251.709	256.508	265.474	284.387	310.866	334.182	341.941	332.662	319.253	312.225	307.815	298.387	284.191	273.368	274.657	288.351	306.711	322.64	332.507	334.866	329.839	317.004	297.411	277.148	263.752	260.411	261.794	256.087	239.003	223.036	224.772	246.084	274.876	302.337	330.034	358.697	379.296	381.196	365.208	341.481	317.282	296.655	285.04	281.536	276.774	265.193	250.21	238.657	236.437	247.419	271.458	301.551	325.84	334.695	327.478	315.276	313.318	326.932	347.478	360.199	354.8	335.375	318.138	310.91	303.435	287.158	270.658	265.937	272.961	284.025	291.449	289.378	277.602	259.458	230.926	183.415	121.185	
131.352	180.952	210.908	229.165	248.736	268.499	278.689	276.207	266.126	254.005	244.856	246.475	263.196	286.891	304.606	314.223	322.058	327.262	322.808	312.714	310.858	317.78	317.136	299.339	273.74	256.845	256.114	264.204	267.643	262.012	255.213	255.864	266.064	284.37	305.169	316.942	312.78	299.031	284.986	269.96	248.922	227.739	221.297	235.275	258.548	275.048	278.142	271.352	260.164	249.456	244.666	248.771	260.832	278.061	296.881	314.884	329.022	332.191	322.287	310.198	305.495	302.344	290.645	272.121	259.235	262.379	280.098	303.311	325.783	343.367	349.663	341.032	319.664	290.83	262.466	244.519	243.606	255.024	263.127	256.657	242.054	236.855	251.453	280.697	313.11	342.335	365.502	377.198	372.993	356.19	334.687	312.35	289.718	269.516	253.862	241.599	232.075	226.258	224.786	227.615	235.632	252.309	279.594	309.391	324.579	316.656	301.012	303.875	332.869	368.617	384.567	369.932	337.645	312.617	305.212	300.988	285.805	266.451	255.759	255.739	262.812	273.039	280.281	280.954	274.208	251.365	201.57	132.388	
128.982	174.814	203.998	228.225	259.641	291.257	307.06	302.249	284.142	261.111	241.296	235.977	250.284	272.985	289.019	298.423	309.154	318.982	321.076	320.514	327.923	339.522	338.845	317.676	285.168	257.685	244.359	241.805	241.995	244.231	254.733	274.395	295.751	313.369	326.019	328.39	316.147	297.399	283.24	270.905	251.07	228.334	219.926	234.994	264.24	289.503	299.187	292.717	274.31	251.533	237.988	245.226	270.003	295.447	307.939	310.599	312.9	313.006	304.952	294.474	289.983	286.533	274.71	257.818	249.444	257.979	279.492	306.164	334.843	360.124	369.409	356.013	326.001	288.76	252.828	228.602	224.711	239.745	260.342	269.896	262.529	250.192	251.659	273.117	305.11	335.432	355.722	360.738	351.369	335.591	320.719	305.855	285.405	258.91	233.471	216.921	211.588	214.696	222.297	231.038	239.73	253.163	278.234	310.089	329.053	322.222	304.889	306.866	337.782	376.008	391.576	374.017	339.408	314.576	309.718	308.514	294.148	271.769	254.658	247.449	249.402	257.597	266.63	274.109	277.567	262.973	215.132	142.452	
126.968	169.094	199.074	229.275	268.114	305.381	323.902	318.637	297.003	267.489	239.347	226.99	238.278	261.075	276.78	282.832	287.836	294.54	302.442	315.922	336.293	352.655	350.54	327.263	294.138	265.804	249.34	242.53	241.603	249.363	271.748	305.369	336.131	353.856	358.24	348.569	324.915	299.123	283.808	273.844	256.713	235.554	227.526	242.482	271.568	296.435	304.648	294.212	269.318	240.614	226.736	241.64	276.654	304.865	309.147	299.192	293.2	292.724	288.473	280.377	274.942	270.316	260.963	251.376	252.081	265.677	285.691	308.622	337.451	367.403	380.955	367.195	332.622	289.622	248.714	220.087	211.515	224.038	249.659	271.244	272.856	257.746	247.378	257.576	285.584	318.598	342.075	345.588	331.677	314.273	303.993	298.113	285.85	262.206	235.424	218.267	214.956	221.583	234.03	249.099	263.265	277.484	297.793	323.65	340.651	336.139	320.295	317.751	338.818	368.409	382.17	369.601	342.522	323.167	320.214	318.961	304.002	279.893	259.62	249.133	247.609	250.604	254.595	261.864	271.061	264.116	220.965	148.424	
133.211	171.199	198.296	227.778	265.468	301.676	322.497	322.697	305.815	277.038	244.63	224.79	229.7	250.336	265.631	266.872	261.182	258.863	267.941	291.299	321.405	342.964	344.149	325.534	299.034	278.618	270.408	270.863	274.915	284.743	307.158	340.664	370.653	383.003	375.775	352.772	320.164	291.785	277.649	269.536	254.513	236.281	231.782	249.85	279.605	301.572	304.291	287.139	256.762	227.605	218.893	239.759	276.22	301.426	301.985	288.668	279.304	278.46	278.61	275.068	269.99	264.652	259.885	261.075	271.821	286.075	295.835	304.649	323.627	351.471	369.456	361.779	330.202	287.566	247.642	220.496	210.977	219.831	242.642	265.495	271.096	257.29	241.981	244.478	269.421	306.209	334.521	338.122	320.688	301.16	293.122	294.314	292.723	279.312	257.996	240.991	234.906	238.864	252.008	273.143	295.929	313.291	325.791	337.806	345.608	341.295	329.425	324.863	334.936	352.178	361.651	354.52	336.91	324.092	322.029	318.984	303.67	281.628	265.145	258.944	258.9	257.792	254.389	256.483	265.868	263.073	224.042	152.656	
142.03	174.686	193.839	215.909	247.709	281.649	307.235	318.275	312.233	289.295	256.492	230.989	228.465	244.788	259.402	258.035	244.18	232.449	236.971	260.565	292.701	318.581	327.731	318.369	299.792	288.148	293.329	309.911	325.284	335.655	349.18	371.534	392.794	396.008	376.286	342.078	305.91	280.567	269.593	261.729	246.856	231.81	233.735	259.313	293.701	314.571	311.879	288.817	255.509	227.807	221.527	239.769	268.318	288.263	291.615	283.348	274.062	271.757	275.545	278.731	277.645	274.485	275.705	287.034	303.999	312.113	304.242	292.602	295.439	314.737	333.544	333.793	311.766	278.353	248.488	230.677	226.171	234.103	251.099	267.37	270.931	259.095	243.668	242.728	266.124	304.507	332.793	333.089	313.171	295.006	290.899	297.279	303.159	298.616	282.831	264.89	253.579	252.642	265.136	292.074	324.655	346.763	351.298	346.48	340.24	331.783	322.46	318.197	321.283	328.208	332.003	327.438	317.3	310.317	308.97	304.262	289.805	273.196	266.264	271.3	279.392	279.368	270.196	263.678	266.656	262.156	224.621	154.733	
143.669	170.14	179.749	193.237	220.733	255.557	287.737	310.043	315.051	298.5	267.534	240.688	234.547	248.02	263.123	263.204	247.614	230.309	227.237	242.836	269.14	295.073	310.445	308.596	295.069	288.835	305.028	337.267	364.685	375.844	379.279	388.545	400.564	397.546	371.487	333.11	298.318	276.847	266.254	255.369	240.077	230.852	242.658	277.385	315.742	333.902	325.741	300.523	269.813	244.647	234.611	241.567	257.358	271.681	278.937	277.08	269.41	265.995	272.69	284.012	292.047	296.362	304.299	320.887	336.35	332.256	305.687	276.584	265.784	274.837	289.242	293.59	283.311	266.72	255.187	251.991	254.358	261.406	272.572	282.515	283.63	272.629	256.534	252.643	273.965	310.433	333.97	328.668	307.461	293.924	296.804	307.547	313.921	308.752	292.369	272.313	257.348	253.047	264.296	294.136	333.746	361.241	362.506	346.623	329.585	316.155	305.608	298.524	294.96	294.168	294.294	292.678	289.265	287.17	286.263	280.344	267.374	256.761	260.327	279.146	300.714	308.666	297.729	280.216	269.679	256.944	218.923	152.651	
137.152	157.827	160.935	170.141	197.505	235.456	272.882	302.401	314.51	302.347	273.722	248.189	241.486	253.997	271.268	276.678	265.805	248.829	240.07	245.409	261.163	280.711	295.052	295.197	284.105	280.441	300.975	339.952	373.426	385.019	381.696	381.371	387.255	383.595	360.507	327.412	298.627	279.399	264.697	248.527	235.029	236.322	260.828	302.5	338.725	348.475	333.33	309.628	287.295	267.262	251.782	246.014	250.093	258.086	264.055	263.862	258.109	255.697	265.089	284.311	304.401	319.585	333.066	348.617	356.16	339.601	301.68	265.247	247.894	248.092	254.553	258.52	259.085	262.118	271.532	282.108	286.574	286.935	290.604	297.921	300.331	290.223	272.643	266.339	285.134	317.977	337.867	331.577	312.473	303.507	312.201	324.995	325.628	311.168	288.351	265.189	248.087	241.088	248.258	274.029	312.935	343.932	349.526	335.946	320.224	307.915	295.366	280.925	267.041	257.91	255.669	257.889	260.532	262.08	261.231	254.482	243.005	237.209	248.832	279.085	314.463	334.502	326.99	300.249	273.45	249.114	210.315	149.708	
127.33	144.043	145.899	156.212	185.617	225.933	265.997	298.19	312.802	303.131	276.687	251.355	241.974	252.057	271.73	284.696	282.626	271.265	262.068	261.041	267.505	278.267	286.561	284.254	272.902	267.759	284.228	319.34	351.857	363.84	358.281	352.331	353.945	352.733	339.213	318.994	300.885	284.498	264.539	243.184	233.131	246.061	281.74	325.668	354.15	352.227	329.541	307.442	293.641	280.639	264.835	253.694	251.874	253.727	253.258	250.147	246.679	247.474	258.732	282.32	310.799	333.231	347.636	357.474	356.483	334.532	297.559	264.555	246.033	238.229	235.379	237.253	246.915	266.283	291.035	309.041	310.339	300.363	294.932	299.793	303.958	296.019	281.169	277.566	295.323	323.937	343.683	344.226	332.145	325.231	333.123	342.893	336.257	313.258	285.127	258.941	238.528	227.04	227.218	243.233	273.895	304.419	318.692	318.082	314.287	309.76	298.203	277.173	252.31	233.514	227.645	232.489	240.079	245.026	244.959	237.877	227.067	223.604	238.608	273.227	315.155	344.297	344.041	315.339	277.233	242.468	202.495	147.1	
117.704	134.092	139.58	153.87	184.672	225.557	266.807	298.846	312.415	304.122	280.093	253.048	237.462	242.669	263.761	283.523	289.292	283.442	275.907	272.981	275.755	282.676	287.831	283.155	268.517	256.313	261.892	287.104	316.235	331.365	329.018	320.867	318.344	319.707	318.183	313.985	308.689	296.885	273.657	248.047	239.438	259.032	299.965	341.924	362.33	351.912	323.498	298.627	285.53	277.031	267.819	262.264	262.261	260.757	254.19	249.042	250.377	256.007	266.261	286.392	313.001	333.132	341.921	343.882	337.837	319.179	293.217	270.945	254.788	240.061	228.169	227.735	243.452	270.763	299.321	317.197	316.848	303.521	292.416	290.966	291.312	285.6	279.554	284.553	302.279	324.582	343.8	354.192	352.413	346.268	347.121	349.191	338.243	314.994	288.319	261.246	236.869	220.684	215.349	222.921	244.103	270.963	291.502	302.76	309.192	310.676	301.896	280.501	251.389	226.353	216.965	223.492	235.899	245.392	247.708	240.983	229.685	225.144	237.318	266.802	303.733	333.07	339.462	316.624	276.666	235.879	193.574	140.829	
109.45	129.79	142.205	161.282	193.155	234.947	277.791	308.402	318.603	310.507	288.843	259.887	238.267	239.563	261.789	284.571	291.081	282.791	271.601	266.616	270.675	281.732	291.545	288.847	270.944	249.88	243.445	258.432	284.522	304.9	309.782	303.092	297.632	300.932	310.077	319.245	323.332	315.364	291.935	264.612	255.161	275.11	315.019	352.48	367.714	355.209	325.13	293.973	272.301	261.614	260.219	265.809	272.142	271.252	264.649	264.739	276.387	288.248	293.305	300.538	313.901	322.828	321.854	316.434	309.057	298.025	285.993	276.536	265.386	246.677	227.414	223.346	239.612	265.805	289.265	304.365	309.619	305.093	294.639	283.357	273.374	267.277	270.168	282.611	297.447	310.248	325.6	343.718	353.759	351.875	347.187	342.531	332.042	315.573	294.965	268.803	241.974	224.051	218.433	224.231	240.696	263.367	283.98	297.368	303.44	303.102	296.016	280.541	256.471	231.861	220.858	228.315	244.922	259.281	264.852	259.47	248.017	240.828	245.937	263.587	287.023	307.945	316.212	301.973	268.445	228.286	184.197	131.375	
102.368	128.648	149.299	174.194	209.249	254.443	300.091	329.365	335.685	326.21	305.069	274.542	250.693	253.344	279.098	301.345	299.859	278.823	256.156	246.105	252.783	271.859	291.502	296.425	280.588	255.265	240.028	245.121	265.041	286.918	299.239	298.714	294.796	300.033	314.965	329.428	334.759	327.27	307.242	284.316	276.488	294.518	329.508	359.907	370.034	358.389	331.521	297.707	266.31	247.881	248.18	260.553	270.953	272.262	272.201	285.37	311.685	330.52	329.102	319.97	315.547	310.669	300.499	290.429	284.441	280.916	279.206	278.708	272.342	253.105	229.132	219.046	229.741	250.369	269.104	285.242	300.771	308.995	301.314	280.36	258.947	249.274	254.511	266.747	274.546	277.471	287.908	310.796	332.548	340.593	338.443	333.488	327.384	319.023	303.758	278.359	251.142	234.719	232.574	241.161	256.8	275.365	290.916	298.509	297.702	292.605	287.495	280.453	265.114	243.814	231.235	237.127	254.98	272.182	280.398	277.399	268.123	260.814	260.231	265.479	272.927	280.973	285.769	277.936	254.589	221.276	178.362	124.352	
95.7523	126.652	154.887	186.87	227.412	276.78	324.47	353.3	358.421	348.24	325.874	293.705	271.382	280.874	313.876	335.598	323.18	285.922	249.536	232.972	240	263.994	292.231	308.297	301.928	279.005	257.019	248.993	255.854	272.613	291.073	301.497	304.298	310.796	324.391	334.887	334.624	325.875	313.239	301.737	300.654	317.633	346.03	366.928	368.63	355.089	333.445	304.739	271.168	245.428	240.553	251.045	259.562	261.02	268.108	293.961	331.757	355.922	351.94	333.24	316.647	301.965	286.051	274.508	271.679	273.861	276.571	278.36	274.407	257.83	233.057	216.646	219.301	235.876	256.039	276.831	297.922	310.102	301.724	275.712	249.135	236.524	238.792	245.603	246.615	243.943	251.411	275.635	304.391	321.979	326.186	324.131	322.211	320.015	309.302	286.427	262.293	250.189	252.062	262.101	275.031	287.645	296.303	297.649	292.865	288.034	287.796	287.781	277.804	257.606	242.187	244.105	259.247	275.392	284.165	283.904	279.643	277.657	278.092	276.009	269.606	264.399	263.029	257.835	242.428	216.345	176.258	121.923	
90.2968	123.217	156.183	193.72	238.408	288.754	335.175	364.55	373.933	368.168	346.756	313.801	293.477	309.088	348.291	370.915	352.734	306.418	262.412	241.493	245.701	267.65	297.909	323.258	329.861	314.102	287.008	263.998	254.681	263.782	287.501	309.753	319.705	324.256	329.979	331.366	325.251	318.25	316.077	317.974	324.193	339.194	360.052	371.536	363.888	344.947	326.122	306.316	279.374	252.828	242.477	247.225	250.766	249.323	257.714	286.803	325.971	350.881	348.922	331.099	312.502	294.742	276.819	265.92	266.9	273.188	276.382	276.147	273.205	262.148	241.257	221.934	219.202	236.015	261.862	285.211	300.871	304.676	292.476	268.799	246.833	236.493	236.796	239.345	237.582	234.386	240.431	261.231	287.789	305.872	309.936	305.494	302.957	305.103	302.018	287.666	272.009	267.016	272.556	281.223	288.363	293.691	296.174	293.951	289.641	289.34	294.956	298.952	290.492	270.306	253.432	251.9	262.17	273.906	280.998	282.985	284.692	291.138	298.461	296.03	281.687	267.185	260.635	254.717	240.063	214.012	173.769	120.183	
88.4611	122.226	155.798	193.287	236.295	282.141	323.895	354.288	371.712	375.263	359.141	327.84	307.841	322.664	359.979	381.716	365.216	322.028	280.945	261.211	262.599	277.668	302.257	329.913	346.82	340.741	313.943	281.853	261.625	265.639	292.504	321.533	334.088	333.445	329.288	322.579	315.07	313.709	320.688	329.995	337.327	346.748	359.367	363.702	350.115	326.418	307.843	296.549	282.31	264.051	254.276	255.861	255.626	249.418	251.943	273.988	305.705	326.887	327.446	315.162	301.176	286.227	270.078	261.457	266.329	276.306	279.635	276.687	273.636	267.831	252.91	234.93	231.405	251.256	281.96	302.86	306.418	298.265	284.405	268.965	257.327	253.187	254.689	256.271	254.62	252.351	256.205	269.723	286.706	295.923	291.342	278.335	271.19	276.641	284.262	283.831	280.397	282.874	290.592	297.116	299.829	300.394	298.413	292.649	287.035	287.774	295.192	300.964	295.465	279.918	266.854	265.286	271.827	279.298	284.596	287.799	292.493	303.161	315.545	316.575	302.341	285.948	277.158	268.149	247.749	213.935	168.41	114.866	
92.7654	128.646	160.185	191.599	225.857	261.55	295.703	325.638	349.115	360.31	350.274	323.298	304.389	314.172	342.335	358.846	346.089	312.582	281.607	268.916	271.518	280.809	296.93	321.262	343.502	346.934	326.152	293.821	270.719	272.74	298.759	327.307	338.315	333.463	323.73	314.283	309.156	312.545	321.776	328.755	330.559	332.937	338.299	337.374	321.332	296.664	280.182	278.802	281.601	278.218	274.23	275.408	272.658	260.703	253.341	263.715	285.587	302.067	303.66	295.691	287.241	278.357	267.977	264.375	274.078	288.224	292.576	286.701	280.221	274.377	262.494	247.83	247.312	270.439	301.978	317.589	312.184	299.309	289.219	282.456	278.082	277.063	279.346	281.697	280.698	277.204	276.606	282.66	290.567	290.427	277.119	257.379	247.257	254.884	270.611	282.417	289.812	296.846	303.146	306.241	306.822	306.609	303.32	294.592	284.219	278.89	281.1	286.435	287.915	284.525	282.424	285.611	291.349	296.527	300.29	301.836	303.312	310.132	321.437	326.22	318.251	305.66	295.66	282.218	255.893	214.798	163.098	107.897	
103.879	144.257	174.183	197.482	218.952	239.914	262.53	287.913	311.721	324.303	316.893	295.231	281.143	289.504	310.083	320.012	307.4	280.175	258.194	254.144	261.822	270.43	282.727	306.021	332.781	343.871	329.136	298.757	275.005	274.459	295.007	317.546	325.527	320.333	311.78	305.354	303.616	307.072	311.077	310.066	305.596	303.924	304.763	299.494	282.475	260.794	251.186	262.806	283.766	295.526	296.996	296.521	290.146	272.902	257.211	257.574	271.385	284.862	288.223	283.69	278.885	275.324	272.519	276.722	292.366	309.641	313.383	302.796	289.204	277.42	264.251	253.666	259.326	285.43	314.328	325.214	318.924	311.014	308.23	305.865	300.185	294.146	293.124	296.149	295.606	288.459	282.379	284.973	290.968	288.047	271.984	252.334	244.262	252.607	268.559	283.642	296.197	304.902	307.081	303.639	300.277	301.017	302.272	297.43	285.291	271.405	263.279	264.51	272.899	284.678	297.559	308.561	314.884	317.442	317.203	312.512	305.855	305.454	314.012	322.498	321.863	313.137	300.385	282.857	256.23	216.434	163.94	106.694	
118.59	164.692	195.123	212.843	222.865	228.168	236.099	252.539	272.144	281.907	273.844	256.319	249.147	261.911	282.349	289.723	274.697	247.081	227.859	228.911	241.705	253.952	269.985	299.622	334.396	351.686	338.955	306.713	279.233	272.669	283.244	295.458	298.711	295.154	292.04	291.946	292.827	291.978	287.257	279.001	272.041	270.114	268.999	261.241	245.601	230.423	230.462	253.808	287.674	309.503	313.77	309.637	298.634	279.266	261.804	257.603	265.946	278.393	286.488	287.067	283.393	280.155	281.611	292.546	312.38	328.997	328.474	311.758	290.791	272.212	257.285	252.332	266.224	295.204	320.486	328.667	326.568	327.508	331.72	329.623	316.697	300.123	292.259	294.698	294.795	285.31	277.514	283.287	294.166	292.572	276.217	260.024	257.071	264.79	273.775	282.937	294.93	304.368	302.618	290.506	279.922	281.726	293.447	301.37	294.797	276.385	258.687	253.106	262.829	283.503	306.684	323.396	329.931	329.403	323.861	311.724	297.305	291.821	299.107	309.579	312.296	304.528	289.387	271.444	250.974	220.564	173.56	115.419	
129.343	179.589	211.667	228.186	233.177	228.651	224.129	230.171	243.753	250.757	242.671	228.475	226.768	244.788	269.44	279.537	264.595	235.126	214.605	216.322	231.82	248.493	270.537	307.577	349.247	370.007	356.646	321.719	290.903	278.092	276.967	275.818	271.346	268.313	271.455	278.181	279.837	271.702	257.729	245.115	238.839	238.359	237.433	230.999	220.848	214.647	223.053	251.45	288.742	314.597	321.259	315.06	301.168	283.487	269.928	265.872	271.448	284.872	299.97	306.801	301.783	292.802	291.574	303.496	323.346	336.939	332.027	310.865	284.896	261.874	247.178	248.953	270.885	302.007	323.602	329.099	329.387	335.52	343.407	340.132	320.609	295.377	281.645	283.384	286.286	280.915	279.527	294.286	311.687	309.704	290.492	275.975	276.672	281.937	281.719	282.193	291.107	300.481	295.596	275.553	257.573	260.016	282.34	304.268	306.717	290.21	269.86	259.538	264.769	282.887	304.929	321.111	327.904	327.679	321.104	306.407	288.917	280.728	285.132	292.111	292.127	283.949	271.223	258.952	247.104	226.046	185.328	127.691	
128.764	179.477	212.833	231.878	239.997	236.146	226.852	224.51	231.758	238.286	234.66	225.695	226.585	245.155	271.7	286.63	277.245	250.975	230.444	230.761	246.219	264.373	286.698	321.57	360.028	377.949	363.637	331.233	304.847	293.118	285.722	273.456	260.022	254.688	261.329	272.052	271.747	255.102	232.988	218.143	213.949	216.29	218.536	217.131	214.594	216.875	229.984	256.05	287.929	312.359	321.553	316.737	303.456	289.467	281.115	279.722	286.103	302.142	322.348	332.439	324.411	307.768	299.318	306.654	324.099	337.318	333.417	312.119	283.18	256.779	242.945	250.994	279.538	311.296	327.413	326.322	322.058	325.532	331.768	326.62	304.782	278.238	265.111	270.063	279.986	285.08	295.257	319.613	341.038	336.496	313.228	297.805	297.596	297.671	290.073	285.022	291.034	298.359	290.171	265.229	243.131	245.442	272.302	300.62	308.795	298.024	283.225	274.592	275.364	284.492	296.348	305.591	311.721	315.126	312.749	301.609	286.367	277.266	276.401	275.615	270.461	264.181	259.72	256.3	248.763	228.358	188.524	132.331	
116.261	164.66	199.474	223.515	239.961	244.79	238.34	231.18	232.562	240.427	245.657	244.635	245.491	258.424	281.647	300.741	301.492	284.625	267.028	264.581	276.492	291.787	308.123	331.582	356.668	364.895	349.122	324.855	311.741	310.954	307.506	292.399	272.866	262.138	266.004	275.104	271.225	248.761	222.114	206.781	205.308	211.899	219.329	223.659	227.391	235.743	250.407	269.264	289.014	305.198	312.499	308.591	297.877	288.999	287.179	292.225	304.033	322.885	342.675	350.714	340.09	319.3	304.432	305.05	318.924	333.533	334.205	316.209	286.895	259.272	247.804	262.029	295.39	325.18	332.874	321.429	307.472	302.273	301.978	293.93	273.884	253.836	249.525	262.955	281.182	295.129	313.045	341.983	364.492	358.796	334.276	317.162	311.998	305.089	293.261	286.991	290.992	294.435	282.853	256.895	235.564	238.484	264.52	291.176	299.591	293.977	288.352	287.462	289.624	292.404	292.35	290.191	291.315	296.189	298.592	293.971	285.163	278.627	274.498	268.156	261.838	261.705	266.441	267.464	255.429	226.004	181.256	126.824	
98.8669	144.368	181.564	211.414	236.541	251.764	251.82	243.107	239.403	247.859	261.738	268.882	268.505	272.692	289.189	310.704	322.147	316.007	301.25	293.89	299.192	309.93	321.038	334.061	344.523	340.933	323.692	309.968	312.913	326.067	332.23	322.422	302.502	285.757	281.761	285.814	281.349	260.513	234.773	219.365	217.967	224.991	233.239	239.682	248.023	262.389	278.881	289.965	294.786	296.515	293.957	285.254	275.443	272.68	280.063	295.369	315.353	336.505	353.429	359.206	349.919	330.074	311.323	304.342	310.86	321.461	322.829	308.516	283.037	259.741	254.727	275.427	310.303	334.636	333.573	314.649	294.447	282.078	274.874	264.016	247.621	236.964	244.016	265.722	287.257	301.646	318.968	346.907	369.41	365.549	342.714	323.549	311.974	299.013	285.942	281.09	284.149	283.976	270.45	247.013	230.315	235.301	259.059	281.925	289.403	287.878	290.469	298.849	306.906	307.915	297.752	282.085	273.024	274.372	279.673	282.813	283.669	284.262	282.271	276.212	273.355	278.994	285.843	281.871	259.663	220.223	171.027	118.601	
85.4851	128.166	166.926	200.764	231.829	255.545	262.985	255.374	247.787	254.404	272.143	284.215	282.581	278.582	286.946	307.599	325.679	326.781	313.181	300.812	299.946	307.869	318.511	327.631	328.773	317.052	301.268	298.87	314.813	336.823	350.175	348.142	332.384	312.535	301.872	303.632	305.436	294.852	274.903	257.679	248.887	245.327	243.471	245.712	257.972	280.51	302.346	310.999	306.074	294.439	278.368	259.766	247.173	248.338	262.742	285.133	309.952	332.461	349.957	360.108	358.535	343.791	323.517	309.137	304.743	305.071	302.377	291.279	272.358	256.465	258.601	282.455	313.362	329.683	323.51	305.618	289.151	278.021	268.947	256.873	242.727	237.351	250.074	274.111	293.181	302.937	316.175	341.319	363.505	362.009	340.516	318.136	300.805	284.637	272.632	270.013	273.17	271.963	260.123	242.09	230.308	234.906	253.932	273.945	284.312	289.229	298.644	313.421	325.646	324.975	306.09	277.552	256.483	251.715	259.09	270.508	281.862	291.75	296.102	294.201	294.216	298.918	298.29	283.129	252.54	210.814	163.523	114.051	
81.3896	120.756	157.334	190.622	224.011	254.174	269.437	266.118	258.667	264.549	282.622	295.117	290.836	278.625	276.148	290.04	308.382	313.286	301.865	288.232	284.565	291.376	303.171	312.14	310.282	297.792	288.693	297.514	321.207	345.294	360.569	363.279	351.192	330.94	318.556	322.783	334.408	337.294	325.552	305.295	282.779	259.664	240.383	234.697	248.999	278.288	307.379	321.973	319.556	304.886	280.545	252.425	233.816	232.739	245.256	264.457	285.999	307.43	328.835	348.782	359.227	353.345	336.29	319.029	306.237	297.568	292.255	285.582	273.068	262.151	265.904	285.16	306.014	313.755	307.085	296.959	291.564	289.042	283.366	271.249	256.72	251.342	263.381	285.261	301.271	308.683	320.38	343.223	363.047	360.984	339.006	313.858	293.574	277.463	267.683	266.351	269.401	269.865	263.825	252.872	242.947	240.662	249.082	264.711	280.459	294.25	309.643	327.059	339.569	336.425	311.994	274.924	244.161	233.304	241.528	258.729	276.891	292.858	302.362	304.003	304.037	303.681	293.903	269.693	236.093	199.269	159.321	113.785	
88.7174	124.853	154.654	181.502	212.72	246.109	267.963	272.086	272.12	284.318	305.249	316.928	308.514	286.983	270.514	271.689	284.407	290.918	283.888	273.189	269.865	275.92	287.427	296.852	297.398	292.054	294.325	312.398	337.728	358.08	370.118	371.372	357.746	336.629	325.69	333.416	350.844	362.059	356.987	334.995	300.603	261.374	230.001	219.344	232.387	261.482	294.503	319.855	330.969	325.358	301.755	267.7	240.699	230.645	232.893	241.215	254.236	272.394	296.944	325.269	346.539	351.455	343.216	330.206	315.876	303.71	298.644	296.787	290.307	282.935	284	292.81	300.56	301.319	297.255	295.615	299.858	305.006	302.625	290.141	275.576	271.781	284.371	304.741	319.171	326.303	337.141	355.529	368.598	362.488	340.898	318.296	301.472	289.396	281.933	279.218	279.801	282.123	283.31	278.963	267.637	254.274	248.43	256.46	274.597	294.71	313.941	331.91	343.517	339.981	316.238	278.487	243.725	228.073	234.277	252.191	271.345	286.814	294.5	294.131	292.317	290.374	279.256	253.87	221.739	191.293	158.891	116.703	
107.184	142.998	164.741	180.876	204.328	234.439	257.763	269.21	281.294	305.053	332.346	345.562	335.967	309.638	283.5	273.059	277.76	282.765	278.95	272.317	271.418	278.087	289.468	299.839	305.246	310.269	324.413	347.74	368.322	378.73	380.982	373.331	352.473	328.937	320.131	329.725	346.675	358.352	356.085	335.289	298.498	257.419	228.08	219.677	229.464	251.317	281.9	315.471	341.505	348.497	329.508	292.185	256.894	236.216	227.627	226.738	233.672	249.679	275.312	306.469	332.323	344.541	345.428	340.306	329.748	317.086	310.166	309.359	308.807	307.972	308.627	308.327	305.528	302.745	302.196	304.417	309.275	313.501	310.086	297.832	288.296	293.907	313.548	334.514	345.67	348.622	353.334	361.999	364.937	354.873	338.203	326.159	320.704	316.675	310.74	303.17	297.801	299.457	305.703	305.963	292.922	271.255	254.786	255.105	270.744	291.508	311.515	328.981	339.049	335.611	316.325	285.224	253.843	236.3	238.374	253.416	270.843	282.393	282.303	273.607	267.874	268.256	263.174	243.632	216.564	191.878	164.391	123.314	
129.187	169.173	186.832	193.4	206.235	227.127	245.865	260.41	280.687	311.098	340.83	355.711	350.798	331.417	309.783	297.827	296.816	297.153	292.954	289.422	292.583	302.571	316.043	327.878	336.094	346.687	366.187	388.628	400.029	396.588	384.183	363.282	333.715	308.407	302.066	312.346	326.018	334.544	333.284	317.326	288.737	260.291	245.471	246.193	254.493	266.949	288.925	321.58	353.242	365.948	349.047	310.734	271.995	245.979	232.598	229.571	236.875	254.327	280.052	308.195	329.83	340.588	344.668	346.151	341.783	329.987	317.756	312.346	315.008	322.158	326.609	323.015	315.11	311.103	312.033	312.09	308.818	304.096	297.038	288.925	290.924	310.894	339.486	359.943	364.599	358.843	352.594	349.106	344.075	335.373	329.148	332.134	340.793	344.684	337.85	323.143	310.345	308.793	316.114	318.64	306.56	284.147	265.354	262.049	274.121	292.943	312.318	327.803	332.816	324.642	307.279	285.471	263.101	247.223	245.079	256.191	272.408	282.181	276.363	259.837	249.317	250.732	251.114	238.669	218.649	199.885	175.47	133.499	
141.375	186.651	206.006	210.027	216.413	228.51	240.284	252.398	271.723	298.304	322.517	336.024	338.615	334.907	329.686	325.917	323.28	318.587	312.166	310.476	317.828	332.232	348.8	361.658	368.649	375.83	389.573	404.019	405.997	391.996	368.13	337.617	304.22	281.193	278.864	289.754	299.757	304.59	304.042	294.735	279.411	270.207	275.905	291.404	303.602	308.374	316.26	336.793	362.333	372.828	355.866	319.804	283.721	258.603	245.891	245.716	257.461	277.959	301.909	322.429	333.926	337.202	339.587	345.126	347.344	338.579	321.945	309.074	308.928	318.995	327.202	324.61	315.028	308.693	307.698	304.046	293.104	280.295	272.433	273.875	290.083	320.16	350.076	364.806	361.726	348.225	332.966	321.325	314.91	314.035	321.035	337.13	354.732	360.732	349.862	329.347	312.371	308.124	313.434	315.83	306.87	289.335	274.114	272.103	284.906	305.458	325.921	337.876	333.393	314.828	294.756	280.523	268.075	255.168	248.788	254.69	269.018	279.872	275.429	258.545	246.22	246.211	247.287	238.382	223.609	209.073	185.779	141.983	
137.664	184.56	208.46	217.602	225.637	234.611	241.034	247.336	259.295	276.936	293.915	305.644	313.881	322.612	331.684	337.008	336.011	329.261	320.81	318.377	326.661	342.996	361.14	374.148	377.736	375.608	375.996	379.446	376.719	361.317	335.523	304.282	274.737	259.06	262.931	274.893	280.655	279.791	276.652	270.809	266.606	275.541	302.462	336.227	357.02	356.042	346.887	349.799	365.402	373.505	358.685	327.281	295.302	271.653	260.074	263.385	278.993	299.047	316.431	327.696	332.437	333.348	335.92	342.568	347.275	341.446	324.393	305.88	298.08	303.408	311.583	310.968	301.053	291.221	287.247	283.395	272.616	259.626	256.641	270.627	298.798	330.336	351.353	354.527	343.515	326.076	308.231	295.685	293.042	300.788	317.218	339.044	356.792	358.824	344.182	323.677	309.226	305.845	309.132	310.185	303.93	291.219	279.543	280.886	299.681	327.517	351.374	359.249	344.699	315.917	292.051	281.773	275.066	262.889	251.325	250.207	260.276	272.188	273.083	261.631	251.531	250.955	251.338	243.502	230.606	215.876	189.563	142.546	
125.139	169.293	196.866	213.786	228.058	239.056	244.049	245.986	250.968	261.872	276.107	289.229	300.24	311.816	324.455	334.134	336.931	331.502	320.668	313.328	317.124	330.817	347.687	359.805	360.048	349.068	338.069	335.775	336.146	327.15	306.146	279.92	258.169	251.051	260.445	272.732	273.514	264.162	252.936	244.505	246.47	269.368	313.633	362.533	390.763	385.847	363.823	353.964	364.26	374.174	364.378	337.946	307.751	282.262	269.525	275.195	292.249	306.552	312.742	316.825	324.759	335.057	343.017	346.262	344.221	335.929	320.633	301.662	288.022	286.683	293.296	296.023	288.969	278.179	272.267	269.605	262.484	253.588	257.247	281.491	316.981	345.762	355.583	346.487	327.764	308.648	293.615	285.946	288.347	299.785	316.91	335.022	345.628	341.952	328.318	315.308	308.875	308.858	311.078	310.886	306.377	296.623	286.353	289.492	313.291	346.761	372.076	376.78	357.589	325.497	300.644	290.608	283.513	269.138	252.945	245.65	251.169	263.064	267.744	260.427	252.764	253.691	255.997	250.551	238.594	220.729	188.043	136.352	
116.631	156.56	185.165	206.885	225.598	239.863	247.622	250.141	251.932	258.668	272.454	288.871	302.3	312.758	323.5	334.439	340.746	336.167	320.792	305.522	301.66	309.794	323.017	332.795	330.792	316.529	303.666	305.408	314.739	313.292	296.121	273.728	257.503	254.653	264.971	275.75	272.84	256.04	234.985	220.526	224.848	256.085	308.337	361.287	390.61	385.325	361.442	349.122	358.376	369.666	363.525	341.3	312.561	285.198	271.355	279.361	297.717	306.177	302.127	301.967	317.541	341.489	356.7	354.074	338.778	321.279	305.679	290.323	277.771	275.651	285.275	296.795	299.242	292.305	284.231	277.867	268.464	259.037	264.175	291.247	328.009	354.347	358.962	344.06	321.05	301.79	291.808	291.488	299.185	311.683	325.187	334.939	335.122	325.892	316.763	314.93	317.483	319.009	317.293	313.4	309.524	303.69	296.464	299.456	320.131	348.466	369.319	374.012	359.569	332.985	310.014	297.088	285.783	269.646	253.048	243.859	246.607	256.923	260.982	252.78	244.606	247.095	253.031	251.379	241.019	220.958	183.685	129.138	
121.531	159.009	186.237	207.536	225.401	240.193	251.569	257.568	258.501	261.392	273.227	291.121	306.633	317.585	328.548	340.942	347.751	339.554	316.982	294.163	284.511	288.431	298.072	305.513	304.411	295.022	290.298	302.005	319.285	319.975	301.115	278.262	262.995	258.78	265.296	274.011	272.045	254.888	229.523	210.602	214.073	245.102	292.374	336.677	361.35	359.804	343.473	334.955	342.07	349.569	343.299	325.259	301.606	277.614	265.955	276.918	298.501	307.127	299.563	296.445	313.464	342.319	360.961	355.492	331.281	304.601	285.527	272.979	265.533	268.815	287.264	313.391	331.343	332.458	322.074	306.849	287.167	269.321	268.632	291.04	323.307	346.466	350.805	337.806	316.828	300.206	295.519	302.258	315.89	331.907	345.597	350.295	341.366	325.648	318.239	323.953	332.343	332.527	322.792	310.28	304.282	304.601	305.691	309.696	320.025	332.987	345.25	354.411	352.804	337.353	317.089	299.631	284.05	269.512	258.073	251.478	251.414	255.238	252.697	240.258	230.837	234.862	244.031	245.37	236.225	215.755	178.312	125.154	
136.572	175.353	201.522	219.985	233.439	244.569	255.682	263.414	264.928	266.853	276.96	292.083	304.14	313.102	325.122	339.312	344.078	329.285	299.687	273.04	262.617	266.306	274.941	282.774	287.173	288.88	296.66	316.749	334.823	329.98	305.18	280.401	264.956	257.496	258.324	265.086	268.385	259.653	239.797	221.712	221.643	243.209	275.144	304.765	324.378	328.881	321.132	314.14	314.896	315.598	308.889	297.092	282.807	267.238	259.929	272.26	296.588	310.168	305.779	300.795	311.627	333.941	349.97	346.215	324.046	296.406	274.877	262.342	258.39	266.859	292.615	330.29	362.044	372.961	363.79	341.467	310.24	281.312	272.576	288.853	314.956	332.455	334.905	325.673	311.334	300.763	301.174	312.255	329.274	348.671	365.609	370.477	357.001	334.941	323.318	327.988	337.216	337.005	322.314	301.899	292.344	298.885	311.426	319.666	320.234	317.084	320.789	335.089	346.934	343.316	327.181	307.835	291.012	280.558	277.047	275.489	270.73	260.985	245.603	228.7	221.534	229.265	241.243	244.109	234.751	213.506	177.439	127.515	
145.257	189.047	218.553	237.185	247.278	253.001	259.976	267.43	272.851	280.09	291.025	298.786	298.76	298.235	307.112	321.274	323.795	304.658	272.931	248.161	241.421	247.761	257.871	268.58	279.677	291.526	308.632	331.512	344.108	330.342	300.146	275.725	262.395	253.639	249.536	253.468	261.653	264.651	257.175	245.79	242.812	251.818	267.223	285.554	304.713	315.879	311.773	299.2	289.378	283.918	279.719	276.129	271.624	264.145	259.649	269.624	292.085	308.211	307.805	302.807	307.969	322.533	334.796	334.916	321.551	300.64	280.38	267.306	264.723	274.389	298.473	334.448	369.242	387.531	384.205	361.697	325.846	292.391	281.137	295.17	316.653	326.853	323.634	315.841	309.392	307.013	311.249	321.19	334.447	351.12	368.224	374.494	360.685	334.91	316.527	314.246	321.021	324.132	313.64	293.754	283.391	293.921	315.563	329.656	326.459	313.617	309.643	322.847	340.27	345.692	337.755	323.711	310.369	304.377	308.1	312.412	303.177	277.536	247.28	227.426	226.011	239.04	252.547	254.634	243.019	219.395	183.51	135.591	
136.86	187.077	224.684	247.965	257.507	259.21	262.895	272.288	285.783	301.921	314.158	312.243	296.636	282.634	284.144	295.248	296.057	277.573	251.121	234.437	234.334	244.029	255.777	268.193	281.273	295.217	313.315	333.708	340.726	322.257	291.096	268.721	258.004	249.931	243.516	244.846	254.951	266.126	270	267.295	265.212	267.386	274.369	289.561	312.621	329.726	325.64	304.27	282.988	272.111	270.182	271.459	270.901	266.339	262.347	268.452	284.524	296.034	294.492	290.098	295.861	311.112	325.326	330.456	325.079	310.665	291.963	278.688	277.466	285.922	300.856	323.221	349.645	369.12	371.557	354.185	324.076	298.644	294.092	308.85	324.745	326.494	317.21	310.692	312.558	318.389	323.316	325.704	328.671	338.144	352.963	359.926	346.664	319.216	296.878	290.57	297.102	305.721	303.578	289.828	281.692	294.167	320.656	339.38	336.132	318.35	305.918	309.764	322.959	333.622	337.384	334.651	328.436	326.979	336.13	345.594	334.758	299.037	258.966	237.956	241.641	258.238	270.668	269.072	253.287	226.249	188.983	141.148	
120.267	175.078	220.566	248.854	258.466	258.197	262.488	277.614	299.621	321.341	332.345	323.018	297.151	273.455	267.724	274.168	273.73	260.093	244.99	241.197	249.463	261.658	272.626	282.559	291.091	298.694	309.771	324.322	329.538	313.561	285.076	262.682	251.352	244.512	240.079	242.719	254.187	267.984	276.176	278.452	279.735	282.932	290.442	307.406	333.716	354.559	352.013	327.503	300.047	284.366	279.807	277.575	272.631	266.59	264.285	269.851	279.135	280.715	272.555	267.613	277.498	298.999	319.077	328.687	326.723	313.782	294.397	280.986	281	287.503	293.136	301.617	316.766	331.633	334.956	323.202	305.274	296.174	302.854	316.835	323.336	316.189	304.242	301.999	312.571	325.355	328.719	321.036	312.902	316.904	331.716	339.603	325.47	297.202	277.192	276.33	288.552	300.765	300.602	288.931	283.261	298.781	329.099	349.933	344.701	321.284	299.179	289.962	293.913	306.564	321.266	330.129	331.899	335.801	348.783	360.115	348.866	311.243	269.514	248.446	253.153	269.888	280.439	275.708	256.704	226.532	186.29	136.699	
110.756	166.458	214.69	244.242	252.81	252.375	260.302	281.292	306.312	325.689	332.519	321.286	295.087	269.905	260.599	262.95	262.045	255.564	254.1	263.745	278.986	291.046	297.931	302.103	303.57	302.601	304.206	311.899	317.258	306.491	280.358	254.229	238.701	233.113	234.869	244.399	259.708	273.266	279.87	282.853	287.64	294.829	304.696	321.564	346.416	367.857	369.825	350.52	324.945	307.292	297.256	286.639	274.729	268.651	272.338	281.719	286.16	277.528	262.242	256.459	268.486	291.412	311.33	319.966	316.827	303.217	284.81	273.404	273.564	276.815	277.241	280.234	289.805	299.308	299.541	290.228	281.567	284.183	296.492	305.605	302.403	290.569	281.913	286.652	304.258	322.166	325.531	311.904	296.816	297.874	312.634	319.325	303.421	278.214	268.886	281.739	301.941	311.566	303.249	287.463	284.972	306.789	341.092	360.511	349.535	319.297	289.167	269.587	265.544	278.564	300.551	317.93	327.116	336.8	351.091	358.436	343.339	306.776	268.231	247.383	249.084	263.066	273.642	271.095	253.961	223.204	179.792	127.304	
111.871	165.087	210.625	238.171	246.302	248.334	260.429	282.868	303.18	313.865	315.227	306.439	287.614	268.156	259.061	258.06	256.721	257.113	266.956	285.27	302.388	310.91	312.282	311.114	307.949	302.252	298.088	300.593	304.818	296.546	270.986	240.489	219.825	214.264	222.603	241.479	262.944	276.791	281.441	285.607	295.162	306.365	316.134	329.137	348.914	368.082	373.392	360.622	339.979	323.311	310.202	295.087	282.617	282.542	294.502	306.875	306.638	291.553	274.611	270.952	282.242	297.458	305.612	304.389	296.521	284.395	272.757	267.636	267.823	266.846	264.94	268.926	279.512	287.817	285.724	275.091	266.323	267.604	274.788	276.19	268.507	260.522	261.474	273.935	294.863	315.336	322.094	310.391	294.31	291.361	298.716	297.211	279.615	264.203	272.21	299.768	322.966	323.013	302.522	283.42	286.842	314.709	348.228	361.283	344.352	311.756	280.344	257.89	251.604	266.107	292.786	316.456	332.428	346.094	356.838	353.696	329.661	292.569	258.453	238.863	235.975	244.59	255.659	259.906	250.475	223.618	179.501	124.3	
116.416	165.98	207.341	233.997	245.865	253.49	267.477	284.838	295.186	295.929	292.366	286.777	277.475	267.014	260.061	255.523	252.324	256.302	271.277	290.925	304.83	308.411	305.453	301.358	296.91	291.473	288.111	290.218	292.691	283.487	258.345	227.024	203.324	195.902	207.363	233.1	259.591	273.807	277.754	285.059	301.254	317.583	327.611	337.159	352.185	367.248	371.029	359.322	340.177	323.939	311.381	300.698	298.354	309.548	326.464	335.015	328.133	312.087	301.585	305.279	316.357	319.995	309.703	292.189	276.468	266.854	265.053	268.793	270.964	267.692	264.075	268.007	280.111	291.347	291.3	278.934	263.793	254.939	250.844	244.852	238.32	239.915	252.663	271.477	292.052	311.658	322.984	320.364	310.603	303.475	295.876	279.228	258.967	254.77	277.542	312.409	331.557	321.057	293.747	277.18	286.918	314.817	339.714	343.619	325.5	299.027	274.638	256.848	254.289	272.778	303.54	332.108	352.752	365.836	367.277	350.037	316.165	279.149	251.723	236.533	229.883	230.14	237.569	247.069	247.338	228.101	186.46	129.534	
120.717	169.005	209.556	239.866	259.816	273.41	284.334	290.38	288.253	280.43	273.233	270.08	269.664	269.384	266.285	258.779	252.058	254.424	266.494	280.693	289.174	289.211	284.054	278.513	274.275	272.474	276.086	283.799	285.937	273.728	249.438	222.258	200.69	192.777	204.856	232.769	259.525	271.063	272.622	280.961	301.107	321.268	333.035	342.305	354.831	364.739	362.836	347.825	327.408	310.78	301.74	302.718	317.028	339.271	354.382	352.316	337.863	325.417	326.963	342.124	356.246	351.749	325.996	293.123	268.028	257.63	261.594	271.818	277.898	276.541	271.687	270.391	278.736	293.188	300.303	291.662	273.212	255.28	240.82	229.366	225.344	234.368	253.845	274.735	292.313	308.456	323.575	334.173	337.514	330.274	308.177	275.766	250.273	249.339	274.247	305.581	318.836	306.07	282.939	273.356	285.376	306.45	319.649	317.335	303.982	288.455	273.83	262.477	264.658	287.081	320.686	351.217	371.709	378.946	368.569	339.696	301.511	269.559	252.475	244.872	236.588	227.543	226.667	235.974	243.393	232.205	194.324	136.558	
129.017	180.655	225.343	262.157	288.966	303.515	305.701	297.322	282.708	267.976	258.673	258.393	267.21	279.046	283.136	275.159	264.075	259.87	262.225	266.458	269.329	268.107	262.671	256.318	252.789	256.462	270.052	285.613	286.978	269.48	245.817	227.271	214.908	211.625	224.753	251.188	273.796	280.31	277.979	283.072	299.45	316.207	326.806	336.602	347.765	352.048	343.511	326.067	307.39	294.051	291.586	304.848	332.183	359.011	367.261	353.5	332.868	324.866	337.964	364.343	383.621	377.275	345.95	306.728	275.587	261.085	263.8	274.634	283.212	285.559	280.209	270.95	270.855	285.924	303.136	306.382	294.135	274.658	254.659	239.481	234.896	242.713	258.251	274.213	287.285	301.183	321.157	345.055	361.342	355.883	324.882	282.754	251.958	245.973	261.709	283.105	293.644	288.804	278.422	276.536	286.208	297.834	302.293	298.948	292.399	285.517	276.631	267.746	270.591	293.141	326.552	355.7	372.253	372.088	353.138	320.088	285.46	262.941	256.6	256.274	248.654	234.121	226.007	232.129	242.436	236.355	201.03	142.404	
140.362	198.456	250.225	292.36	319.368	327.253	318.033	298.672	277.632	261.093	252.472	255.644	273.126	297.273	310.547	304.175	288.386	275.243	265.955	259.884	258.03	257.287	253.698	248.129	245.965	254.756	276.242	295.985	293.125	268.242	244.646	236.434	237.142	242.015	256.643	279.453	296.784	300.489	297.552	299.264	307.024	313.975	318.545	325.547	332.878	330.645	317.018	301.071	289.882	285.801	292.435	313.497	344.002	367.273	367.528	345.733	320.624	313.287	331.032	362.794	385.641	382.225	355.906	322.138	292.727	275.958	274.771	281.581	287.982	291.034	285.742	271.711	264.326	277.078	301.759	319.436	320.712	308.42	290.161	274.279	265.604	262.938	263.587	266.772	273.571	288.491	315.985	350.066	372.298	365.207	329.618	285.877	255.278	245.807	253.002	266.201	276.313	280.403	281.058	283.215	288.041	291.464	290.894	288.095	285.237	281.522	273.919	264.397	264.444	283.151	313.896	341.917	357.105	354.111	332.908	302.075	274.644	260.76	261.231	265.183	259.867	245.211	234.143	236.89	246.329	241.335	206.376	146.335	
143.632	206.989	265.761	311.15	333.709	331.657	313.385	291.606	275.703	267.125	264.032	270.282	291.978	322.384	340.488	334.068	313.55	293.501	277.214	265.393	260.715	261.306	261.652	259.171	258.409	269.018	292.527	310.933	302.038	270.754	246.476	244.796	255.046	266.709	281.748	299.481	312.209	317.22	319.349	322.42	324.742	323.887	322.008	321.987	319.957	309.002	292.329	281.481	281.483	290.23	306.964	331.422	357.226	371.659	365.165	340.664	313.619	302.422	315.403	343.668	366.115	367.586	351.96	330.612	309.754	295.635	292.156	293.494	294.25	295.095	291.808	280.019	270.527	278.305	302.111	327.162	340.892	340.651	331.545	320.317	308.109	291.467	271.764	256.584	253.838	269.567	303.86	344.062	367.935	359.336	323.889	284.91	260.956	255.101	261.423	271.625	280.03	285.107	286.964	286.875	286.054	283.979	280.214	275.489	270.826	266.506	260.733	253.294	251.631	265.06	292.348	322.497	342.999	343.792	324.345	296.455	274.031	265.054	269.054	275.844	273.369	259.983	246.348	243.821	248.718	241.311	204.948	143.779	
133.44	196.542	258.295	305.833	326.454	319.627	298.403	280.615	276.63	282.496	290.017	301.18	322.937	349.747	362.435	350.612	326.205	305.548	291.757	282.072	277.602	279.387	283.03	282.403	279.699	286.366	305.777	320.172	308.344	276.142	252.047	251.077	263.623	277.961	291.552	303.249	312.021	320.064	328.721	335.14	336.373	334.006	330.798	325.213	312.969	293.635	276.233	272.615	284.608	305.764	330.211	353.432	369.888	373.985	364.182	344.228	321.264	305.827	307.532	324.817	343.052	349.022	343.927	334.873	324.396	315.313	310.158	305.907	301.699	301.913	303.832	299.139	290.893	291.705	306.653	328.471	346.437	355.387	357.23	354.561	343.388	317.821	282.028	250.062	236.531	249.516	284.948	326.539	353.398	350.998	323.94	293.965	277.663	275.824	282.178	289.85	294.371	295.049	292.373	287.534	282.816	279.107	274.194	265.539	255.419	249.81	249.711	249.85	249.735	257.661	279.815	311.903	339.71	346.591	329.334	302.412	282.376	277.485	286.267	296.802	295.744	280.583	260.968	249.281	245.304	231.802	192.477	131.613	
117.917	174.719	232.867	280.644	304.674	302.272	284.96	271.75	275.253	291.752	311.411	332.519	356.045	373.87	372.466	349.985	322.96	308.302	305.727	305.583	305.393	308.347	311.049	305.258	293.218	289.736	301.189	311.917	302.711	277.585	258.478	256.917	266.85	279.313	289.025	294.55	300.322	310.509	321.382	326.107	324.615	323.591	325.068	321.814	307.553	286.416	272.218	277.203	300.208	329.978	355.792	371.694	376.463	372.448	364.564	355.54	341.964	324.026	312.176	314.744	326.584	336.44	340.438	340.995	338.897	333.914	326.433	316.942	309.723	311.355	318.856	320.281	312.693	306.499	310.49	322.785	336.093	346.153	353.739	358.595	353.343	329.793	291.315	253.312	233.768	242.027	271.968	308.832	338.3	347.806	335.664	316.681	304.4	299.121	297.15	296.851	297.087	296.487	293.406	288.188	284.602	284.672	282.957	272.582	257.726	251.334	257.697	266.721	269.898	272.747	286.566	314.061	342.644	352.371	337.294	312.192	295.8	297.846	314.636	329.309	326.644	306.316	278.835	255.947	239.518	216.331	172.854	113.981	
104.838	154.522	206.468	252.574	281.476	288.339	279.514	269.943	273.182	290.992	317.992	349.68	377.751	388.155	372.311	338.816	310.464	304.054	314.459	325.811	332.934	338.621	337.36	320.108	293.177	276.548	278.945	286.773	283.958	272.432	264.668	265.096	270.157	276.543	280.416	280.94	284.901	295.448	304.118	302.999	297.099	297.507	304.758	307.638	298.502	283.096	276.881	291.611	323.107	355.706	376.547	382.442	377.843	370.012	366.097	366.315	359.28	337.852	313.03	301.178	306.406	320.484	334.239	343.774	348.274	347.129	339.626	327.396	317.638	318.777	327.558	329.726	319.881	308.08	303.995	307.126	312.833	319.025	326.597	335.232	338.273	326.544	299.327	268.09	249.87	254.026	274.571	301.19	328.077	346.446	348.645	340.155	329.043	314.819	298.19	286.204	283.421	286.512	288.809	288.403	290.413	298.199	303.931	296.853	281.286	274.045	282.298	295.736	302.45	303.144	307.911	323.715	343.368	349.886	337.012	317.047	307.578	318.396	342.935	359.914	354.189	329.315	296.415	264.201	235.119	201.638	154.743	98.9317	
93.0448	140.248	190.419	236.13	268.292	283.181	283.925	279.317	280.477	293.514	318.401	350.561	377.303	381.797	357.979	319.656	292.611	292.863	311.978	331.687	346.69	357.654	354.33	327.094	287.716	260.655	255.081	259.624	263.331	267.077	272.966	276.189	274.253	271.487	269.157	266.716	269.386	278.693	285.522	283.39	279.315	283	291.273	293.178	285.598	277.12	281.402	305.67	341.421	371.26	384.996	384.483	376.669	368.123	364.642	364.924	355.982	329.581	296.439	275.014	274.73	291.467	313.493	330.958	341.33	345.94	343.826	333.966	322.951	321.183	326.266	323.22	307.423	290.878	283.202	282.921	286.187	291.093	297.257	306.171	315.903	318.115	306.819	287.364	273.904	275.497	287.474	303.168	322.854	342.683	353.292	352.637	342.507	321.494	294.647	275.672	272.161	278.379	284.504	287.65	293.375	305.969	317.852	317.003	305.704	299.088	305.159	317.984	327.79	330.304	329.53	332.536	337.795	335.482	322.975	310.175	310.098	328.624	356.118	371.742	364.143	339.19	306.115	269.746	232.788	193.457	146.238	93.1965	
81.3054	130.369	184.257	232.865	267.59	287.363	295.548	296.941	298.683	306.748	322.379	341.577	354.516	349.888	324.702	290.506	268.89	273.939	297.641	323.257	346.099	363.833	361.979	331.346	288.002	257.392	246.391	246.266	253.055	267.898	283.759	287.381	276.67	263.316	255.034	251.275	253.128	260.843	268.97	274.197	280.776	290.496	294.755	286.793	273.514	268.673	281.884	312.427	347.541	371.751	380.286	378.64	372.24	363.922	357.141	350.624	335.074	306.216	273.353	250.59	246.834	261.381	283.98	303.22	316.523	327.054	333.101	329.822	321.445	318.641	319.023	308.03	284.259	263.476	256.133	259.5	268.228	277.401	283.382	289.734	300.951	311.039	309.923	298.385	289.086	291.516	301.586	312.325	324.867	339.512	349.796	351.05	341.492	320.468	295.823	281.003	280.006	285.162	288.624	289.169	291.5	300.21	310.975	314.359	310.606	309.284	315.708	327.594	339.005	343.561	340.385	334.235	325.998	312.766	298.084	291.788	301.569	326.111	352.083	363.081	354.21	331.944	302.59	268.415	231.971	194.233	150.107	98.3113	
74.3992	126.457	184.874	236.718	272.724	293.571	304.481	309.839	314.31	321.205	328.836	331.533	324.675	308.01	284.47	260.223	247.223	255.718	280.938	310.357	339.408	362.445	363.201	334.88	295.892	268.665	255.454	249.642	254.3	272.546	292.048	294.144	276.329	254.458	241.402	237.48	239.821	246.773	256.988	271.101	289.726	305.616	305.663	288.424	269.875	267.107	284.899	315.904	346.248	364.516	369.897	368.413	363.207	354.925	345.325	332.824	312.771	286.372	261.245	244.452	240.144	248.371	262.874	276.166	287.707	300.474	311.531	314.857	312.897	313.19	311.095	293.882	264.662	242.384	238.106	247.776	263.638	277.888	284.428	287.475	295.297	304.103	303.278	293.695	288.825	297.725	314.201	327.221	334.822	339.743	340.964	336.489	325.494	309.773	297.188	294.498	298.152	300.33	298.456	293.979	289.978	290.305	293.981	296.265	298.304	305.7	319.273	334.887	346.749	349.476	342.728	329.945	311.507	288.55	269.942	266.755	283.34	312.662	338.065	345.809	335.05	313.165	286.892	258.877	230.091	199.677	160.538	109.102	
76.7986	131.19	190.711	241.43	274.634	292.452	301.621	307.522	314.664	324.676	331.917	326.648	306.499	280.546	259.015	245.516	242.28	252.583	273.462	298.564	326.119	349.515	352.782	331.088	301.576	281.324	268.776	258.761	258.512	273.712	291.799	293.084	274.34	251.157	237.68	235.44	239.751	246.539	256.223	273.529	298.364	317.726	316.186	296.557	278.767	278.479	296.119	322.19	345.109	357.083	358.388	354.045	346.827	338.032	328.417	314.996	295.883	276.022	261.561	253.945	251.649	252.992	256.502	261.582	269.514	280.839	292.312	300.183	305.695	310.529	307.324	287.687	259.299	240.927	241.305	254.014	270.17	283.703	290.345	292.935	296.938	298.194	290.361	280.339	282.662	301.758	326.436	342.131	344.945	339.497	329.647	317.378	304.287	293.932	291.979	297.97	303.664	303.65	299.645	294.439	289.842	287.455	285.658	282.867	284.708	298.521	322.542	346.376	359.342	357.487	344.692	325.308	298.823	268.047	244.533	239.875	257.523	289.868	319.433	329.992	318.171	292.765	265.928	243.629	224.259	202.491	168.78	118.609	
86.0523	140.63	195.78	239.337	266.223	280.427	287.701	292.436	300.448	314.92	328.111	325.606	303.471	274.776	255.865	252.134	259.023	269.569	278.464	286.921	301.517	319.746	327.251	317.055	299.114	284.836	273.784	263.561	261.055	271.81	285.966	287.317	273.609	257.555	249.945	251.756	258.4	264.565	271.154	286.397	311.428	330.259	326.955	307.854	292.912	292.969	305.69	323.735	339.036	345.012	340.889	331.156	320.351	311.773	305.327	296.262	283.354	272.411	268.183	269.146	269.426	265.301	260.296	260.096	265.537	274.275	284.816	296.799	309.295	317.415	312.667	293.005	269.793	258.468	262.886	273.627	282.399	288.993	294.954	300.861	303.916	296.948	281.256	272.681	284.324	311.712	338.458	351.126	348.557	337.744	324.47	310.985	298.019	288.479	286.319	289.096	290.406	288.571	285.759	283.834	284.825	288.131	287.396	280.327	277.69	292.305	322.783	353.309	368.023	363.491	346.63	322.616	290.87	255.284	228.233	220.624	235.617	268.052	302.261	317.885	305.843	276.165	247.418	228.84	216.402	201.044	171.757	123.729	
94.1261	145.285	191.032	223.595	244.002	257.96	267.323	272.478	280.306	297.531	316.686	320.665	303.575	278.811	265.426	270.987	286.622	295.77	289.617	276.703	273.587	284.826	299.093	303.836	296.905	284.589	273.314	266.796	268.355	278.025	287.381	286.69	277.985	271.694	272.668	278.621	285.626	289.964	294.028	307.313	330.189	344.966	337.598	317.812	303.175	298.554	301.157	309.19	318.453	321.123	313.66	300.33	288.196	282.697	283.113	282.778	279.17	277.017	280.277	286.711	288.467	281.312	272.643	270.732	273.883	278.848	288.071	303.898	322.341	332.875	326.486	306.301	286.291	279.114	284.924	292.209	293.343	292.938	297.742	306.594	309.242	296.689	278.099	275.341	296.392	327.187	349.065	354.583	348.858	341.056	335.444	329.459	318.527	303.704	290.501	280.494	272.997	268.992	267.656	267.988	273.241	283.157	287.243	279.829	273.792	286.031	316.057	346.435	361.129	358.125	343.812	321.278	289.683	254.005	227.071	219.236	232.578	262.295	294.306	307.904	293.185	262.324	235.989	222.071	213.932	201.281	173.432	126.156	
94.7574	139.775	175.124	197.579	213.375	229.349	243.712	252.364	261.151	278.456	298.412	305.67	295.522	279.992	275.55	288.043	306.511	311.786	295.936	271.837	259.295	266.317	285.67	301.693	301.825	288.301	275.768	275.751	287.243	300.444	305.077	298.556	289.345	287.32	292.274	298.226	301.994	303.647	307.914	322.021	342.629	353.035	344.292	327.367	313.843	302.532	292.231	288.374	291.388	292.197	284.297	271.152	261.076	261.043	270.657	281.509	287.857	292.075	298.197	305.566	307.92	302.29	296.295	295.574	295.278	293.875	298.716	314.276	334.784	346.64	339.577	317.723	296.133	288.007	293.621	300.621	300.276	297.447	299.855	305.562	303.168	286.87	271.502	278.869	309.386	341.492	356.781	355.257	349.216	350.032	358.628	364.055	353.958	329.23	301.423	278.435	263.272	257.098	256.084	256.07	260.464	271.599	279.435	275.528	270.835	282.163	308.268	332.342	343.102	342.699	335.626	320.441	294.593	262.957	238.559	232.87	247.16	273.108	295.483	297.978	277.87	251.252	234.957	229.187	223.76	209.827	179.289	129.689	
90.8144	129.71	158.178	175.733	189.586	206.15	223.288	235.65	246.292	261.528	277.35	284.161	281.31	278.114	283.529	297.555	309.967	308.488	292.162	273.774	266.306	273.428	290.81	306.344	306.287	291.426	279.946	287.598	309.909	328.257	329.782	317.592	304.503	299.45	300.356	300.925	299.42	298.799	304.28	318.663	335.921	345.047	343.715	339.399	333.863	320.684	300.68	284.857	278.518	274.351	265.475	254.364	247.965	252.718	269.419	289.668	304.181	311.751	316.517	321.605	325.856	327.649	329.849	332.179	328.477	320.328	318.141	327.359	343.054	352.92	346.16	323.82	299.126	287.78	293.491	303.65	306.159	302.563	298.784	293.685	281.084	262.183	253.626	272.007	310.983	345.54	358.103	352.732	346.707	354.742	375.745	390.041	377.983	343.4	306.514	279.257	262.414	254.872	252.795	251.117	252.005	260.273	270.014	272.172	273.107	286.144	308.435	324.27	327.894	326.992	325.868	319.433	302.445	277.304	255.612	250.905	265.471	286.945	297.929	288.622	266.087	249.094	246.834	249.533	244.129	225.262	188.882	134.754	
91.6628	126.766	152.711	170.722	185.106	199.532	214.239	226.792	237.86	249.959	260.866	267.62	273.894	285.346	300.5	310.865	309.371	297.433	284.512	280.246	285.861	295.858	305.433	309.764	303.152	288.186	279.883	291.465	316.908	335.801	336.394	324.854	312.66	304.666	299.017	293.267	288.43	287.51	292.83	303.735	316.236	327.641	339.92	353.734	361.367	353.269	330.739	306.023	288.39	275.851	264.376	255.665	252.961	259.166	275.941	297.756	314.356	321.578	323.849	328.546	338.861	351.219	360.845	363.976	358.362	348.841	343.7	345.794	352.679	357.727	351.899	331.542	305.312	290.651	295.94	308.901	312.695	304.425	289.406	270.422	249.1	232.013	231.835	256.696	297.63	333.332	348.56	345.298	339.444	348.439	372.923	389.538	375.519	338.374	303.98	283.795	272.614	266.048	262.466	258.538	255.482	259.435	269.084	276.374	282.77	297.228	316.361	325.793	322.538	318.04	318.764	319.197	311.767	294.671	275.878	269.665	280.776	296.377	299.565	286.05	267.576	260.575	267.124	272.412	263.756	238.863	196.403	137.912	
101.378	135.906	161.709	181.903	197.65	209.164	219.051	228.689	237.438	245.285	252.571	262.232	281.244	310.814	336.792	340.201	319.041	291.946	278.895	284.851	300.809	314.153	317.809	311.729	298.874	284.174	276.328	282.776	298.735	309.712	309.556	305.17	302.169	298.637	292.126	284.71	280.962	282.679	287.904	295.001	305.055	320.751	343.459	368.691	385.447	384.13	364.519	336.236	310.739	292.155	279.818	274.122	274.06	277.92	287.198	300.459	309.892	311.779	312.615	322.278	342.471	362.644	371.633	368.78	361.628	358.105	359.181	360.771	362.364	364.308	360.363	343.046	316.538	298.497	300.994	313.263	314.945	299.223	272.886	245.142	224.172	216.607	225.719	249.814	281.828	311.494	329.377	331.781	326.693	330.985	349.921	364.431	354.344	327.002	305.348	297.516	295.489	293.504	291.037	286.055	279.233	276.806	280.768	286.024	292.534	306.621	324.764	332.48	325.527	316.32	315.305	319.812	320.906	312.237	297.106	288.498	293.752	303.553	304.499	294.632	282.945	279.528	283.903	284.535	272.018	243.823	198.141	137.626	
115.661	152.117	178.03	198.848	215.338	225.58	232.523	238.817	242.858	244.483	247.857	261.12	293.504	341.182	377.002	372.207	331.26	289.116	272.9	281.73	300.586	316.107	320.786	314.254	301.182	286.217	273.639	267.682	266.908	265.117	262.737	266.57	276.437	283.933	283.597	278.938	277.98	283.41	291.056	299.301	312.069	331.26	354.295	376.961	392.951	395.265	381.111	355.787	330.391	312.586	303.318	301.195	302.537	302.836	302.564	302.686	299.139	292.039	291.694	308.152	336.799	358.569	359.366	345.04	333.85	337.217	349.085	357.421	360.982	364.153	362.983	348.828	323.672	303.517	300.893	307.973	305.965	286.875	258.301	233.562	223.157	229.837	247.162	265.586	281.244	295.857	308.054	311.026	304.827	303.083	314.822	329.11	330.999	322.252	315.364	316.191	321.496	327.367	330.964	328.303	318.792	307.348	297.737	290.59	290.388	303.801	325.379	337.144	330.46	316.875	311.68	317.404	324.964	323.782	312.634	302.282	301.982	307.413	309.493	305.874	299.272	293.357	289.151	282.654	267.917	239.831	194.833	135.929	
129.173	168.556	194.063	213.802	230.661	241.579	247.572	250.311	248.05	242.292	240.727	254.553	293.328	349.293	388.259	378.167	328.945	283.216	267.998	276.712	293.456	309.562	319.074	318.116	307.963	291.745	272.813	255.358	240.748	228.526	223.863	234.001	255.718	275.639	282.958	279.421	276.946	283.124	294.632	307.974	324.638	342.376	356.121	366.878	376.985	382.385	376.9	360.736	342.056	329.023	323.598	324.158	326.881	326.479	321.494	312.586	298.62	284.106	282.177	301.095	330.826	348.777	341.29	317.029	298.97	302.556	321.036	337.723	347.025	352.605	353.18	342.806	322.84	304.53	296.698	295.332	289.43	274.172	255.629	244.761	248.551	265.218	284.799	296.166	296.864	293.736	291.675	286.722	276.856	271.906	280.631	297.707	312.308	319.551	321.868	326.022	337.259	353.678	366.835	368.514	357.06	335.95	309.451	284.592	273.804	286.108	312.981	331.653	328.505	312.675	302.91	307.614	319.215	324.101	317.403	307.516	304.02	306.117	308.132	307.322	302.507	293.87	283.751	272.914	257.355	230.791	189.399	135.283	
136.1	178.698	205.487	225.998	244.943	257.897	262.851	260.387	250.47	237.501	231.176	242.256	277.586	327.6	361.048	351.988	312.717	280.793	274.879	284.398	297.647	312.758	324.565	325.231	314.279	296.033	274.374	252.525	232.129	215.621	211.034	226.454	257.616	287.088	297.809	289.112	278.161	280.274	294.191	311.296	326.68	335.844	336.591	336.982	345.983	359.747	366.945	362.301	350.673	340.065	334.352	334.093	337.599	340.297	338.654	330.967	316.42	301.273	298.45	313.15	334.392	344.619	334.301	308.385	284.907	281.845	298.748	319.635	333.006	338.742	339.027	332.908	320.927	307.563	296.355	287.017	278.28	270.643	267.262	272.017	284.586	300.147	313.116	318.247	312.658	299.506	284.927	270.931	258.333	253.399	261.045	277.509	295.033	307.105	313.129	321.841	342.353	370.922	392.753	396.549	382.044	353.597	315.493	277.787	257.89	266.867	295.062	317.792	318.296	302.254	288.782	290.527	302.973	312.227	311.597	307.021	305.89	307.086	305.729	300.286	291.824	281.778	271.448	260.56	245.413	221.057	184.594	136.025	
129.697	176.03	209.312	236.53	261.007	276.801	279.828	270.695	252.249	232.288	222.014	230.105	258.416	296.043	320.279	316.69	297.721	288.479	295.373	305.668	314.344	326.049	335.333	331.719	316.814	298.938	281.108	262.151	242.313	226.586	224.832	244.653	280.807	313.603	322.027	304.101	281.41	276.069	289.06	306.075	315.068	312.27	302.796	301.147	317.951	345.112	364.392	366.88	357.651	345.927	336.594	331.476	332.025	337.74	345.672	350.276	346.243	337.146	333.856	339.552	346.416	347.696	340.836	323.139	299.7	286.949	294.012	311.282	324.415	329.558	330.535	328.78	322.699	312.035	298.258	284.393	275.187	273.911	280.622	293.061	305.497	312.765	316.565	319.449	317.385	306.321	289.442	272.636	260.014	255.291	259.319	268.239	277.715	285.65	294.536	312.533	344.646	382.198	407.219	408.831	390.442	359.794	321.507	283.748	261.796	266.12	289.212	309.188	309.162	291.957	274.581	270.983	280.514	292.283	299.634	305.79	313.973	318.975	313.322	297.582	280.094	267.198	257.875	247.889	233.461	211.697	179.783	135.287	
112.33	162.703	206.961	245.405	276.413	293.321	292.877	277.359	251.908	226.489	213.94	221.634	246.219	274.467	291.247	292.605	290.346	297.896	312.237	320.565	323.083	328.712	332.778	324.884	309.852	298.892	291.384	279.535	262.708	250.306	253.763	276.882	311.279	338.521	340.252	315.285	284.773	272.184	280.866	294.688	297.005	285.197	271.419	274.661	303.493	342.592	366.984	368.321	357.168	345.339	335.218	325.035	318.286	322.687	340.162	360.885	371.187	368.865	363.233	359.105	354.585	352.719	355.733	352.32	332.889	309.476	300.332	305.902	314.417	320.47	326.034	329.449	325.044	311.421	293.187	277.104	268.907	270.035	277.816	288.397	296.283	298.376	299.852	305.767	311.378	309.177	298.645	284.701	272.624	266.015	264.476	264.306	263.943	266.332	277.283	302.102	339.398	377.393	399.557	397.635	378.095	352.128	325.25	300.924	286.069	287.011	300.827	312.966	309.148	289.826	268.2	257.289	260.76	273.097	288.614	307.19	327.244	338.578	330.18	304.972	278.873	262.078	250.684	237.901	221.547	200.582	171.112	128.926	
98.1981	151.984	205.925	253.035	285.944	298.742	292.271	272.363	245.209	219.998	209.454	220.059	244.51	267.481	278.979	281.718	285.797	296.92	309.219	312.745	309.148	307.675	306.274	297.552	288.013	288.505	293.819	290.374	277.659	270.561	282.062	309.077	336.813	350.767	342.862	316.425	287.362	272.828	276.266	284.398	281.311	265.468	251.958	261.032	298.663	343.601	366.258	361.35	347.244	338.776	333.467	322.305	308.423	307.746	328.351	357.83	376.053	375.704	365.082	353.881	347.746	353.865	372.228	383.438	368.209	335.361	309.533	300.363	301.495	308.438	320.427	330.25	326.606	307.214	281.724	261.979	253.51	254.294	259.614	266.453	272.05	275.182	279.314	287.189	296.099	301.394	299.714	290.759	278.853	269.723	264.719	260.994	257.283	256.527	263.986	283.836	314.282	345.316	363.122	360.68	345.034	329.114	319.455	314.994	312.598	312.569	317.442	322.957	318.629	300.847	276.886	257.857	252.235	261.66	282.534	310.645	338.666	352.529	340.844	310.586	282.111	264.417	249.55	230.712	209.302	186.172	156.536	115.812	
100.06	156.359	213.78	261.208	288.294	291.343	276.631	254.783	232.882	216.536	214.436	230.645	255.639	274.157	280.608	281.077	282.571	286.473	289.617	287.101	279.018	271.601	265.844	258.209	254.697	264.126	279.097	283.208	275.622	274.758	294.741	326.153	347.31	347.074	329.659	306.419	288.2	280.606	281.808	282.817	274.465	257.764	245.835	256.292	294.466	338.484	357.221	346.814	330.532	325.802	327.061	319.738	304.654	300.188	317.197	344.298	361.568	359.065	342.707	327.403	326.541	346.59	380.272	402.66	391.799	355.463	320.35	300.654	294.388	299.427	314.687	330.107	329.604	307.376	274.946	249.264	238.463	240.069	247.989	257.55	265.298	269.407	270.606	270.914	273.606	280.193	285.123	281.685	271.957	263.454	259.66	258.576	257.257	254.451	252.44	257.929	275.276	298.495	314.174	314.494	305.98	301.382	306.939	318.942	327.933	329.341	329.249	332.661	333.092	321.847	298.66	271.719	254.086	255.913	277.677	310.871	340.42	349.104	330.077	297.474	272.857	259.24	243.566	220.158	194.277	168.437	137.842	98.8936	
118.108	176.993	232.028	272.066	288.194	279.675	256.632	233.922	220.622	218.508	229.165	252.026	276.788	290.614	291.793	287.373	281.349	273.844	266.321	258.551	248.407	238.243	230.504	223.919	223.134	235.933	255.665	264.859	260.657	261.935	283.943	315.724	332.765	324.645	302.577	285.871	284.12	291.263	295.702	291.277	278.794	263.013	251.654	257.079	286.422	323.054	338.001	325.955	309.082	305.645	311.301	311.164	302.687	299.332	310.573	329.822	342.729	337.961	317.381	299.351	303.257	333.259	375.573	403.884	398.219	366.006	331.942	309.757	298.853	298.877	310.578	326.009	328.923	309.701	276.925	248.945	237.678	243.846	260.738	278.709	289.665	289.888	279.59	263.431	251.815	252.268	258.715	260.215	256.218	253.686	255.647	258.919	258.797	252.083	240.684	234.962	244.367	264.253	280.012	283.901	282.591	286.869	300.753	320.46	336.615	342.136	341.521	343.487	346.113	339.521	317.757	284.933	256.329	249.285	269.07	303.858	330.559	329.327	300.453	266.374	247.996	241.085	228.004	204.025	177.006	150.477	120.085	83.5739	
141.358	202.992	253.237	283.771	290.321	274.502	246.561	222.744	215.005	224.238	245.814	273.645	297.144	306.621	302.682	292.008	277.766	261.487	247.841	238.633	230.265	222.171	215.96	210.374	209.315	221.53	242.319	252.86	246.914	242.21	255.87	280.762	294.817	286.446	266.848	259.468	274.832	298.597	309.847	303.67	289.403	274.788	262.029	258.657	274.442	300.165	311.823	301.961	286.912	283.347	291.582	300.861	304.55	306.689	313.613	325.243	333.925	327.866	305.876	287.405	293.808	326.749	369.361	397.015	393.664	367.375	339.705	321.24	309.824	303.99	305.469	311.878	313.139	300.067	276.591	256.689	251.74	264.986	290.35	314.678	326.512	321.565	300.283	268.401	240.271	228.668	230.356	233.929	237.029	244.476	255.488	261.982	258.093	244.959	229.279	222.847	233.913	255.987	274.282	282.224	285.976	293.745	308.11	328.21	349.114	362.074	364.087	360.452	354.206	341.786	318.026	283.716	251.98	241.347	259.236	292.946	315.618	306.679	271.666	237.9	224.837	223.661	214.354	192.318	166.144	139.903	109.932	74.963	
157.176	219.02	263.833	287.649	291.102	276.197	249.647	225.597	218.503	232.053	259.214	289.031	309.953	314.852	305.68	289.169	270.144	252.382	240.561	235.165	231.89	229.372	227.919	224.766	222.598	231.277	248.63	255.535	242.901	226.742	226.015	239.581	250.547	246.215	234.131	237.073	265.311	300.518	317.388	311.642	296.505	281.239	266.034	256.013	261.286	277.235	285.592	278.68	266.66	263.457	274.44	293.979	311.687	322.16	328.213	334.629	339.015	331.359	310.471	294.641	302.833	334.426	372.237	394.03	387.684	363.128	339.894	325.85	316.568	306.864	296.698	288.76	281.913	272.335	261.99	257.766	264.527	283.819	311.535	336.487	348.454	343.841	321.136	282.336	241.501	216.165	208.806	210.67	219.037	236.653	257.633	267.012	257.994	239.496	224.991	224.55	241.641	268.852	292.691	305.284	309.627	313.354	321.842	338.915	363.847	385.762	391.726	379.265	355.415	327.889	298.915	268.807	244.864	238.994	256.104	285.761	304.576	294.285	260.965	230.466	220.449	222.035	215.553	195.257	168.64	140.521	108.737	72.9195	
159.458	216.42	254.919	275.631	281.87	274.141	254.689	234.092	227.798	243.05	272.926	302.757	319.659	319.044	304.784	284.567	265.762	253.744	250.164	251.085	251.882	253.716	257.872	259.668	258.182	261.719	270.885	269.821	248.974	221.791	207.523	210.289	218.505	219.112	215.098	225.148	258.047	296.143	315.1	310.348	294.47	277.924	262.801	252.424	252.539	259.514	261.869	254.988	245.498	244.45	258.976	286.119	314.22	332.888	341.773	347	349.115	340.825	321.907	307.994	314.758	341.562	373.246	389.413	379.788	354.629	331.815	319.087	312.288	302.898	287.056	268.376	251.567	239.737	237.108	245.666	262.283	284.107	309.447	332.697	347.003	348.483	331.916	294.331	248.055	213.685	198.953	198.601	210.073	234.315	262.039	274.134	263.749	245.483	236.266	242.244	263.225	294.074	322.93	337.553	336.585	330.293	329.951	342.229	367.13	392.868	400.639	381.216	343.357	304.048	273.311	252.662	243.142	246.526	262.566	285.274	299.951	292.83	266.935	241.95	233.528	235.887	231.241	211.311	181.522	148.52	112.705	74.3822	
149.552	198.76	231.529	251.318	261.626	261.791	251.982	240.044	240.046	259.703	291.768	319.955	332.118	327.031	310.21	289.259	273.234	268.947	274.411	279.798	280.18	281.907	289.71	297.452	299.39	299.472	299.895	290.902	264.775	231.007	207.247	202.083	208.74	213.567	214.287	224.485	252.897	286.892	305.76	303.025	288.465	274.125	264.467	258.514	254.431	249.717	242.288	232.9	226.168	229.314	246.509	274.056	302.503	323.166	335.037	343.572	349.401	344.951	328.034	311.038	309.347	326.794	353.006	369.134	363.158	341.055	318.111	305.009	301.195	296.898	284.229	263.548	240.088	222.214	218.709	230.555	249.878	270.363	292.075	314.299	332.075	339.327	328.293	295.013	251.165	216.953	201.878	203.077	217.448	243.614	271.716	284.343	276.841	264.826	262.992	272.701	292.583	321.499	349.607	361.434	353.011	337.469	329.73	334.911	351.07	369.627	374.276	353.577	315.072	277.828	253.941	244.892	247.686	256.992	269.143	282.991	292.705	289.138	271.972	254.214	249.084	253.677	251.803	232.361	199.24	161.866	122.842	81.7263	
134.091	178.645	209.94	230.224	241.987	246.18	244.862	244.562	255.323	281.114	313.224	337.212	345.36	339.631	324.546	305.164	290.881	290.542	300.822	307.688	305.718	305.574	314.675	325.987	331.199	330.393	325.633	313.149	287.64	253.281	224.602	214.333	220.265	227.668	229.028	234.105	253.743	281.851	301.067	301.857	290.948	281.759	279.465	277.622	268.119	251.206	234.189	222.901	219.791	226.887	243.008	262.498	280.105	293.288	303.962	317.571	332.76	337.553	323.898	300.472	285.481	290.777	312.809	334.556	339.584	325.761	305.223	293.208	293.547	296.457	291.775	275.981	251.437	228.45	219.658	227.323	242.56	257.928	274.558	294.817	314.395	324.429	316.383	288.725	252.956	225.798	215.754	221.479	238.846	263.682	287.338	298.222	295.412	291.857	296.249	305.566	318.867	339.292	360.627	368.267	357.244	339.373	327.746	323.739	324.433	328.075	326.426	309.629	282.08	258.362	246.634	246.346	252.964	259.46	262.709	265.902	269.552	268.364	260.216	252.725	255.259	264.892	266.472	248.559	215.561	178.991	141.018	98.1032	
121.825	167.951	203.434	225.877	236.293	239.507	242.296	251.087	270.621	299.218	327.257	345.313	351.678	348.999	337.707	319.587	304.454	303.569	314.839	323.173	322.26	323.295	333.238	344.503	349.69	347.949	340.849	329.017	309.115	279.658	250.62	236.987	240.525	247.032	246.566	247.078	261.147	287.191	309.77	315.775	308.034	300.288	299.318	297.794	285.53	263.055	241.11	228.904	228.084	235.861	246.501	253.791	256.52	257.811	263.351	279.661	303.972	319.927	312.791	286.56	261.844	257.89	277.103	304.431	319.895	314.19	296.982	287.038	290.688	298.525	300.898	292.76	272.733	249.505	237.074	239.162	247.624	255.613	265.269	281.164	300.356	312.574	308.61	288.293	261.677	241.368	234.884	242.837	261.036	283.618	303.549	314.165	316.427	319.462	326.83	332.664	336.587	345.695	358.932	365.046	357.399	342.021	327.567	314.19	300.842	291.738	285.674	275.78	263.35	255.48	253.96	256.444	258.907	255.568	245.732	236.116	232.004	232.152	234.033	240.128	253.542	267.969	269.636	251.355	221.024	190.591	158.747	117.011	
118.2	169.058	210.784	236.496	245.262	244.7	246.177	257.08	277.877	302.425	322.516	335.295	343.108	345.533	337.573	319.189	301.664	298.591	310.116	321.97	326.378	331.906	343.388	353.464	356.908	353.531	345.068	335.266	322.368	300.541	274.523	258.14	255.641	256.497	252.771	251.765	265.252	293.364	322.265	335.525	329.949	317.456	309.301	304.661	295.004	275.685	253.15	239.026	237.757	243.921	248.608	246.528	239.487	232.993	233.746	248.523	275.268	298.081	299.725	279.537	256.44	251.624	269.464	296.568	313.483	308.904	291.253	280.242	283.091	291.69	298.531	298.613	286.924	268.327	256.264	255.621	259.549	262.753	268.066	280.305	297.638	310.67	310.428	296.46	276.302	258.929	251.341	256.602	272.165	292.838	313.119	327.092	333.59	339.234	347.226	351.13	349.481	351.25	359.969	367.058	362.615	346.451	325.681	304.092	283.794	270.505	265.909	265.984	268.886	273.282	275.98	276.096	272.114	259.2	237.339	214.967	201.654	201.243	211.984	231.178	254.208	269.789	266.108	243.157	214.036	190.133	165.89	128.179	
122.231	176.667	222.233	250.229	257.698	252.436	248.678	255.498	270.912	286.246	296.604	305.505	316.474	324.289	319.775	302.135	283.225	278.061	289.491	305.224	316.106	326.894	340.449	350.777	354.42	351.399	343.552	336.119	328.38	312.886	290.818	272.694	262.97	255.883	247.923	245.794	258.427	286.646	319.815	340.391	338.578	321.726	305.065	296.884	291.781	278.108	255.653	238.7	236.956	244.263	248.747	245.563	238.118	231.4	229.977	239.224	259.179	279.767	287.848	280.068	269.023	271.401	289.871	312.359	322.94	312.354	288.282	269.778	265.903	271.747	281.742	290.271	288.538	276.781	267.2	266.405	270.055	275.288	284.355	297.978	311.916	319.031	314.782	301.439	284.869	269.445	259.771	260.426	271.305	289.473	311.073	328.448	336.391	341.205	349.983	357.32	358.144	359.803	368.7	377.758	373.052	350.102	318.784	290.17	269.267	259.357	261.89	274.602	291.294	302.762	304.728	301.465	294.711	278.773	251.384	220.381	198.688	195.298	210.011	236.099	262.668	274.929	263.404	234.281	204.324	183.485	163.371	129.004	
127.514	183.69	230.153	257.86	262.721	252.156	242.109	243.047	251.674	258.129	260.402	265.884	277.646	287.811	286.436	272.151	254.995	249.644	261.143	279.722	296.009	311.361	326.895	338.952	346.072	347.437	343.188	337.82	331.483	318.295	299.045	281.168	267.4	254.927	243.684	238.818	245.953	267.551	298.284	322.471	325.997	310.821	292.284	283.436	280.83	269.225	245.554	226.884	227.112	240.167	251.999	256.852	256.979	254.251	250.13	249.379	255.849	267.686	278.322	282.235	283.939	294.62	315.937	336.477	341.94	324.713	291.979	262.236	247.684	247.883	258.986	274.443	282.05	277.202	270.061	269.563	275.88	289.392	309.703	329.138	337.253	329.336	310.122	290.381	276.399	265.756	257.354	255.521	262.173	276.264	295.584	312.181	319.021	323.03	334.664	348.933	355.894	359.458	368.716	379.291	374.446	346.062	306.584	274.1	256.211	252.61	263.115	286.373	312.4	327.084	328.125	325.05	321.177	308.643	282.082	247.925	220.903	213.202	225.654	249.486	271.563	277.307	259.737	227.831	198.457	178.788	158.881	124.878	
126.512	183.339	229.232	254.63	256.084	241.796	228.05	224.915	228.601	229.968	228.295	230.671	238.986	246.445	245.692	235.569	223.957	223.532	238.274	258.977	277.385	293.907	309.314	323.174	336.291	345.286	345.815	340.384	331.507	317.405	300.036	284.469	271.276	258.431	246.696	238.35	236.633	247.466	271.455	295.454	303.467	293.956	280.215	274.531	272.738	259.943	234.962	216.569	219.361	237.842	258.623	274.877	284.43	283.826	272.721	258.733	251.983	257.553	271.044	281.903	288.555	301.914	326.346	349.637	354.972	335.317	298.915	263.16	240.57	233.603	241.016	257.344	269.445	269.46	264.864	266.123	278.243	303.728	336.87	360.739	359.693	332.054	292.808	263.316	251.469	247.505	243.558	242.859	248.197	258.371	271.986	283.995	289.669	295.741	311.525	330.623	339.912	341.106	346.204	355.473	353.095	328.191	291.352	262.735	251.283	253.558	267.518	293.686	322.546	339.216	342.789	344.276	346.051	338.003	313.2	278.117	248.307	236.155	241.83	256.17	268.053	266.923	248.241	220.071	195.94	179.349	159.23	123.691	
116.934	172.685	216.652	238.994	238.719	225.309	213.086	209.379	210.495	210.052	207.992	208.6	212.539	215.701	213.799	206.973	203.054	211.966	232.428	252.528	265.982	276.218	286.916	301.12	320.483	337.618	342.539	335.633	323.036	308.069	293.616	282.439	273.356	263.873	253.46	241.521	230.988	232.21	250.362	273.757	285.659	283.067	277.589	278.35	278.039	263.285	237.508	220.535	224.581	243.938	267.637	288.714	300.481	295.676	275.109	251.052	238.898	246.304	265.478	279.116	283.125	292.712	316.763	341.669	347.682	329.772	298.506	267.624	244.678	232.073	231.76	241.453	250.658	252.062	251.219	258.225	280.259	318.667	360.808	383.683	371.569	326.955	271.606	233.566	221.663	221.643	222.077	225.758	234.553	244.247	252.643	259.18	263.897	272.475	289.958	308.516	315.652	312.523	311.281	315.981	316.338	302.495	280.077	265.017	264.533	272.059	283.91	304.546	329.944	347.361	354.853	361.345	367.147	360.283	333.664	295.98	264.081	248.58	247	249.808	249.867	243.227	228.462	210.117	195.349	183.737	164.091	126.593	
102.262	154.524	195.149	214.685	214.924	206.197	199.61	198.946	200.739	201.549	201.868	203.651	206.983	209.134	206.827	202.039	204.363	220.809	243.362	256.588	256.952	253.675	255.529	267.512	289.887	312.671	322.883	318.27	305.888	292.658	282.493	276.468	272.317	266.808	257.515	242.188	224.917	219.103	232.297	254.617	270.425	276.367	282.509	293.928	298.043	281.621	254.004	238.217	243.885	262.22	281.925	296.326	298.637	283.886	256.934	231.775	223.002	236.321	260.364	274.268	273.515	276.08	293.827	314.213	318.578	304.742	283.685	263.769	246.592	233.323	227.236	228.376	231.174	232.334	236.507	251.33	282.64	328.886	373.258	391.993	372.512	320.253	258.291	215.041	199.044	196.599	198.243	207.686	224.103	238.114	245.052	247.532	249.901	257.552	272.624	287.801	293.527	289.907	284.944	283.807	284.376	282.138	278.531	282.045	295.164	307.663	314.467	324.781	342.245	357.639	366.865	375.123	380.592	370.593	339.31	298.845	267.496	252.773	247.853	241.771	230.965	218.713	207.923	199.374	192.469	183.115	162.154	123.261	
86.3132	133.294	170.716	189.294	191.585	187.987	187.379	191.39	197.213	203.304	209.885	217.077	224.191	228.198	226.213	222.714	228.479	246.765	264.494	265.384	249.509	231.337	223.365	230.072	249.611	273.372	290.223	294.731	289.492	281.141	274.772	271.238	268.72	264.893	256.491	240.032	219.554	208.293	214.277	231.012	246.93	260.046	279.049	304.616	317.679	302.539	273.093	257.751	266.053	284.639	298.383	300.622	288.623	264.467	237.435	218.248	214.92	230.188	253.847	266.943	264.309	260.958	268.439	279.008	279.626	269.74	257.626	247.601	238.859	231.062	224.966	220.81	219.054	221.584	231.309	250.84	282.346	323.666	361.457	376.988	359.749	313.109	255.527	210.922	187.644	177.406	176.897	191.377	216.379	237.011	245.804	246.76	246.779	252.037	264.458	278.119	285.375	284.195	277.418	269.976	267.115	271.023	281.493	300.061	323.661	339.184	340.827	341.006	349.736	362.014	371.885	379.185	379.465	362.518	327.585	290.447	267.807	260.82	257.345	246.001	226.741	207.977	195.997	189.693	183.205	170.277	145.312	106.666	
72.2769	114.367	150.958	171.878	177.629	177.918	181.071	188.375	198.453	211.426	226.65	241.457	252.937	257.955	256.306	255.222	263.884	280.991	291.607	281.634	254.004	225.073	208.211	206.678	217.929	237.426	258.697	274.07	279.273	277.157	272.792	267.649	262.09	257.167	250.593	237.346	218.907	205.132	202.714	208.747	217.36	229.934	255.296	291.779	316.149	308.806	282.8	268.633	277.275	294.083	302.58	297.045	277.968	252.149	230.495	218.351	216.761	227.653	246.114	258.597	259.021	255.207	254.704	255.072	250.846	242.842	236.294	233.818	234.216	234.249	230.176	222.687	218.805	224.537	238.954	257.298	277.343	300.191	323.354	337.447	331.624	301.63	256.695	214.286	183.893	165.376	162.619	181.621	213.734	239.514	250.329	251.979	252.681	258.452	271.046	284.95	292.889	291.927	282.549	268.945	260.073	263.422	279.338	304.283	330.77	345.457	343.21	336.873	339.631	350.675	362.679	368.652	361.187	336.11	301.577	276.348	271.158	277.062	276.797	262.217	238.323	214.929	198.072	186.631	174.092	154.166	124.311	86.6599	
64.0699	104.693	143.996	169.734	179.292	181.825	186.188	193.991	205.239	221.777	242.361	261.106	272.563	275.399	274.1	277.047	289.365	306.622	315.357	303.765	273.915	240.186	215.829	204.724	205.526	217.31	237.595	258.389	270.389	271.694	266.278	257.02	247.072	240.66	237.035	230.596	219.624	208.565	201.093	196.78	194.607	199.179	220.606	258.402	290.426	294.989	279.394	269.306	274.836	284.247	286.419	279.891	265.41	247.426	233.79	226.326	223.694	228.735	240.905	252.317	258.272	260.359	259.532	254.931	247.231	239.849	237.093	240.715	247.795	251.382	245.625	233.944	228.366	236.321	252.36	264.915	268.526	269.152	276.224	289.731	297.408	285.948	255.154	217.033	182.743	159.574	157.184	181.127	218.46	246.303	256.761	259.023	262.38	270.581	283.287	294.829	299.347	296.08	285.782	270.171	257.238	257.44	273.057	297.504	320.643	331.599	327.31	318.429	317.637	327.516	340.863	345.484	332.105	302.894	273.47	263.069	275.582	293.151	295.382	279.486	255.661	232.176	212.086	194.899	175.956	149.794	115.304	76.7542	
63.6061	106.881	150.719	180.214	191.025	193.234	196.999	204.095	214.599	230.621	250.078	264.948	269.284	265.629	263.011	269.042	284.639	304.475	318.036	314.246	291.162	259.233	231.647	214.045	206.689	210.803	226.656	247.265	260.246	259.185	247.818	233.078	221.108	215.812	215.782	216.174	213.88	208.42	200.492	191.495	183.158	180.849	194.787	226.631	258.542	270.656	265.969	262.683	266.216	266.849	261.137	255.021	250.267	244.832	239.037	233.49	230.063	232.614	240.184	248.483	257.686	267.712	273.124	270.519	263.124	256.989	257.018	263.707	271.052	270.386	258.605	243.079	236.698	245.098	259.865	266.335	258.196	244.697	241.936	255.226	271.244	271.079	249.632	216.286	182.515	159.048	158.471	185.844	225.574	252.666	259.977	259.94	263.278	271.026	279.861	284.815	284.04	281.122	277.082	268.538	258.432	257.427	270.415	290.799	308.403	316.2	313.296	305.787	302.012	306.525	315.454	316.791	301.846	275.677	254.426	253.819	274.128	295.791	299.434	286.069	267.398	248.303	228.77	209.005	186.39	156.313	117.988	76.6825	
67.8149	114.709	160.929	189.638	197.294	196.561	199.296	207.056	218.387	233.251	247.759	253.558	246.805	234.265	227.835	234.042	250.982	272.654	290.645	295.142	282.14	258.924	236.741	220.359	210.257	209.504	221.201	239.822	250.653	243.423	223.029	202.981	192.89	192.91	197.097	200.636	201.608	198.437	191.232	182.801	175.477	173.096	183.804	209.217	234.942	245.615	245.214	248.04	254.29	252.455	241.934	234.466	236.009	240.667	240.383	234.648	230.784	233.592	238.602	242.523	250.849	265.309	277.177	279.712	275.435	271.022	271.774	276.974	278.531	269.227	251.561	235.822	231.929	241.871	256.256	260.615	249.266	232.398	227.209	240.131	257.515	259.365	240.887	211.719	182.146	161.541	161.609	187.557	225.199	250.105	254.052	249.387	248.047	250.544	252.057	249.232	245.179	247.603	256.726	262.982	262.047	261.677	269.064	281.54	292.666	299.547	302.264	300.919	296.824	294.337	294.54	290.383	276.496	257.725	244.584	246.256	262.444	278.892	281.944	274.438	265.039	253.603	237.199	216.484	191.285	158.991	119.101	76.6306	
69.2888	116.774	161.054	185.065	187.549	183.585	185.868	195.462	209.039	223.387	232.901	231.211	217.862	201.107	192.243	196.855	211.914	230.299	244.92	250.008	244.62	234.621	225.766	217.585	209.405	206.574	214.778	229.81	236.684	223.757	197.066	175.277	170.783	179.274	188.095	190.549	187.638	181.187	173.199	166.917	163.627	164.803	175.637	196.35	214.736	219.574	217.336	222.269	233.407	237.14	229.529	221.492	223.07	230.534	232.282	226.089	221.925	225.066	228.715	229.215	234.014	246.83	259.849	265.805	265.455	263.165	262.71	263.341	258.322	243.63	225.501	214.266	215.641	228.631	244.48	250.065	240.224	224.896	220.316	232.207	246.987	245.874	226.545	200.487	177.066	161.543	160.987	180.712	212.244	235.222	238.707	230.568	222.646	217.795	212.317	204.282	199.714	208.095	228.617	248.127	256.591	256.8	256.185	257.643	260.989	267.17	276.475	284.325	285.674	282.43	277.824	269.327	255.967	242.821	235.055	235.727	243.593	250.033	248.886	245.503	244.938	241.663	229.084	207.572	180.105	147.569	109.939	70.5039	
61.7773	105.044	144.218	163.629	163.483	158.51	160.217	169.534	182.762	194.89	200.463	197.164	187.287	176.089	170.107	173.671	184.36	194.732	199.205	197.956	196.112	198.714	203.866	204.344	198.716	194.606	198.605	207.281	208.501	192.754	165.916	146.958	148.788	164.608	177.03	177.129	168.623	157.829	148.886	144.412	143.968	146.856	156.044	171.719	184.767	186.35	182.119	186.06	200.047	211.652	211.967	205.618	203.113	206.402	207.113	202.174	199.606	203.439	206.88	205.92	206.452	212.832	221.295	227.957	232.61	234.509	232.938	228.46	219.917	207.145	195.825	192.353	197.954	210.606	224.396	229.054	220.179	206.814	203.275	213.76	225.207	220.967	200.851	178.077	161.966	153.354	153.07	165.874	189.963	210.659	215.159	205.931	193.341	183.094	174.083	165.177	161.943	172.047	193.891	215.957	228.057	228.819	222.828	215.716	212.238	216.269	228.837	244.096	253.906	256.891	254.557	245.323	231.06	218.851	213.409	215.017	219.22	218.073	210.577	205.87	208.287	209.3	199.516	178.774	152.371	123.665	92.3827	59.5351	
46.0501	80.8266	113.101	129.838	130.796	126.952	126.918	132.234	140.674	147.774	150.225	149.679	149.115	148.596	148.779	152.782	159.758	162.878	157.871	149.883	149.059	159.118	171.808	175.841	170.515	164.789	164.379	166.208	162.54	147.63	125.716	111.572	116.285	133.697	146.721	146.016	136.091	124.96	117.085	113.983	114.137	115.739	120.669	130.421	139.918	142.093	139.372	142.889	156.781	171.956	177.748	173.143	166.204	163.156	161.535	159.068	159.989	165.764	170.334	169.586	166.832	166.311	168.883	175.381	185.355	192.501	190.88	182.738	173.674	167.228	166.227	170.776	177.243	183.687	188.899	187.905	178.449	167.775	166.3	175.588	183.963	178.308	160.121	142.702	134.618	133.261	134.818	143.069	160.026	175.752	178.975	170.049	156.925	145.608	137.14	131.245	130.805	138.746	152.612	166.43	175.286	176.622	170.785	161.886	155.77	157.563	169.433	186.723	201.169	209.306	210.548	202.81	188.309	175.411	171.185	176.081	182.189	179.27	167.966	159.593	159.38	159.528	151.276	134.726	114.945	94.4559	71.8099	46.7902	
28.3694	52.2956	75.92	89.8174	92.6226	90.3413	88.3345	88.7879	91.2718	93.0925	93.3702	95.4192	101.203	107.527	111.944	116.727	122.133	122.378	113.964	103.791	103.197	114.324	126.783	129.641	123.531	116.892	113.783	111.638	106.488	95.6492	81.1165	71.7234	75.3654	88.4926	98.7277	98.6744	91.7302	84.1651	78.971	76.7467	76.1843	75.7801	76.9174	81.7253	88.1959	91.5496	92.0686	96.5749	108.295	121.179	126.858	122.835	114.251	107.778	104.657	103.975	107.371	114.417	119.917	119.994	116.174	112.312	111.811	117.917	129.932	139.252	138.014	129.319	121.876	120.903	127.048	136.008	140.962	140.15	136.195	129.473	120.292	113.482	114.595	122.522	128.026	122.657	109.169	98.6044	97.1221	100.473	103.527	108.989	119.251	127.788	127.731	120.326	110.539	101.967	96.4887	94.9257	97.4978	102.464	106.77	109.835	112.671	113.818	110.898	105.012	100.259	101.141	110.17	124.254	136.655	143.886	145.331	139.517	127.701	116.741	114.217	121.287	129.405	128.154	118.05	108.913	105.655	103.391	96.8437	86.8713	76.2824	64.916	50.5475	33.1841	
