
TracePro Release: 7 0 3 
Irradiance Map Data for D:\SUSTech\Linear Units in millimeters
Data for Observation screen 3.5 Screen
Data generated at 20:31:46 October 24, 2025

Raytrace Time: mins: 0, secs: 6

Projected Plane Extent from surface geometry 
      TopLeft:(20,3,-20) 
      TopRight:(-20,3,-20)
      BottomLeft:(20,3,20) 
      BottomRight:(-20,3,20)
Corners of Data Set (plotted) 
      TopLeft:(20,3,-20) 
      TopRight:(-20,3,-20)
      BottomLeft:(20,3,20) 
      BottomRight:(-20,3,20)
Total Incident Rays: 63316
Min: 28.8152 Max: 450.763 Ave: 278.819
Total Flux: 0.446111 W, Emitted Flux: 0.6
Normalization: 0
Data Smoothing is On
Grid Size is 128 x 128
Map Count 50
Data Cells are 0.3125 x 0.3125 millimeters

32.1257	51.592	67.0488	72.0465	67.3856	60.3587	58.7682	65.3259	75.596	83.0289	86.555	89.2645	91.6377	91.638	89.5825	89.0165	93.5382	102.853	110.818	110.674	101.62	88.6321	81.0477	88.0392	108.282	128.452	136.749	133.263	124.236	113.029	101.816	95.6724	98.1309	107.27	118.861	129.097	136.183	142.41	150.37	155.645	150.378	135.003	118.915	110.562	111.807	118.384	123.084	121.693	117.366	117.809	126.235	135.181	133.787	121.348	107.845	102.687	107.216	115.104	118.775	117.978	118.77	123.349	128.266	130.702	130.056	128.058	128.557	131.618	131.898	126.9	120.482	116.533	115.78	117.934	121.596	124.006	124.04	123.416	123.506	124.305	125.758	126.199	123.51	118.52	112.817	108.254	108.625	113.636	115.341	107.47	93.8192	83.854	84.5438	98.4569	122.972	147.14	158.74	158.427	156.658	158.287	161.107	165.336	172.677	179.833	182.124	176.658	160.735	136.052	109.98	90.0099	81.2293	84.115	92.1629	97.9284	101.641	107.869	115.348	118.73	118.961	121.001	121.842	112.92	94.706	77.6576	68.0837	61.5646	51.0457	35.5673	
45.3163	71.8563	93.3231	102.624	101.28	96.66	95.2598	99.3729	106.872	114.494	122.09	130.601	137.98	141.622	142.283	143.024	146.891	154.713	161.951	161.551	150.698	133.719	123.099	132.712	162.199	193.61	208.448	202.954	185.728	167.782	157.428	157.953	165.575	174.509	183.546	192.643	198.769	201.409	205.35	210.287	206.951	191.456	172.299	159.835	158.197	165.084	173.621	177.549	177.067	178.393	185.067	189.996	182.354	163.184	146.259	143.44	154.882	170.955	180.698	182.089	181.885	183.336	183.695	182.399	181.155	181.363	185.093	191.028	193.245	189.782	184.409	178.19	170.114	163.968	164.282	169.094	173.194	174.667	174.278	173.381	173.94	174.992	172.528	165.695	158.294	156.63	164.984	177.037	178.182	161.789	136.882	118.35	115.745	131.592	161.249	190.394	204.455	204.978	204.754	208.685	212.586	216.667	224.73	233.019	234.206	226.138	209.362	185.325	158.116	134.387	121.93	123.931	133.684	141.115	144.795	150.078	156.154	157.178	155.532	158.273	160.772	150.817	129.007	109.014	97.6041	87.7793	71.4222	49.041	
52.7366	83.6682	109.473	123.663	129.046	131.7	133.554	134.146	135.181	140.279	150.991	163.965	174.142	180.457	185.421	190.674	196.497	202.91	207.256	204.404	191.612	173.322	163.524	177.526	214.794	254.971	274.861	266.089	238.628	212.967	205.423	214.929	226.012	228.752	228.989	234.05	239.326	238.329	236.461	239.54	239.243	226.862	207.871	192.88	187.543	192.287	202.957	213.194	219.49	223.473	226.85	224.416	208.797	183.83	165.043	165.018	183.658	210.623	232.757	243.751	246.801	244.573	236.69	227.616	223.69	226.302	234.26	244.443	251.116	251.625	246.793	234.358	213.73	194.572	188.097	193.746	202.672	209.39	213.326	214.843	215.35	215.326	211.931	203.615	195.312	197.285	214.207	233.208	233.168	208.171	172.653	145.588	137.915	151.998	181.645	210.683	224.558	226.202	228.764	235.399	239.427	241.636	249.924	261.522	264.874	256.251	239.782	218.281	193.01	168.599	153.394	153.076	163.71	174.394	179.801	183.464	185.837	182.993	179.269	182.768	187.336	178.43	156.583	136.179	122.504	107.142	83.7957	55.7811	
53.5874	86.799	116.013	134.828	146.876	157.4	163.959	162.529	157.948	160.557	172.904	186.744	195.444	202.066	212.088	225.002	236.132	242.056	241.58	233.905	219.041	202.029	195.753	213.254	253.24	296.445	318.899	308.629	274.806	243.707	237	249.682	257.849	250.28	239.988	241.142	248.116	247.813	243.014	243.847	245.259	236.158	218.814	203.2	195.775	198.816	210.642	225.831	238.386	245.267	245.907	237.75	217.688	190.931	171.734	172.222	194.25	229.977	265.451	288.602	296.37	290.318	273.988	257.614	252.035	258.37	271.478	286.325	297.428	299.721	290.268	267.231	234.233	205.124	194.088	201.295	215.748	229.273	239.784	245.704	246.446	243.926	238.537	229.063	219.52	221.501	240.901	262.777	263.327	236.887	199.157	168.806	156.365	165.021	189.551	214.844	227.767	231.179	236.113	243.42	245.363	244.751	254.205	272.204	282.086	275.841	259.21	238.015	214.142	191.031	175.12	172.993	185.025	200.766	209.138	210.096	207.604	202.93	201.303	207.846	213.441	203.46	180.32	158.561	141.365	120.006	90.9026	59.3781	
54.9693	90.0829	121.776	143.013	157.59	171.108	179.678	177.366	170.487	173.008	187.307	201.395	208.373	215.742	231.531	252.241	267.431	270.553	263.542	251.402	236.281	221.258	215.844	230.823	266.465	307.979	333.539	328.478	297.994	266.956	257.099	262.981	261.584	244.599	227.94	228.05	239.414	244.5	240.873	239.467	239.83	231.678	214.981	199.324	192.367	196.775	210.298	227.18	241.24	248.451	248.305	240.959	225.243	203.959	187.067	185.74	204.864	240.036	278.112	304.166	311.341	301.164	280.489	262.142	257.81	267.819	284.773	302.64	315.835	316.697	300.341	268.733	230.725	201.126	193.271	206.95	229.157	248.17	260.19	264.716	262.706	257.53	250.813	240.695	228.988	226.195	240.185	260.082	264.849	247.494	218.596	191.795	176.572	178.566	196.217	218.13	232.459	238.913	244.102	247.741	244.161	239.098	248.149	271.287	289.216	288.945	274.067	252.247	228.324	206.751	192.343	191.32	206.707	227.71	237.524	233.499	225.757	222.47	227.025	237.066	240.032	224.841	198.489	175.511	156.633	132.769	101.367	67.6087	
66.0451	103.588	135.31	155.109	167.799	179.492	186.568	182.896	174.61	176.451	191.608	207.73	217.626	229.557	251.299	276.526	291.638	290.382	279.144	266.745	253.858	238.536	226.834	230.945	256.854	295.989	328.918	337.543	319.714	293.273	277.079	269.503	256.02	233.482	216.139	218.228	234.837	246.826	246.637	243.75	241.683	232.255	214.241	197.827	192.553	199.843	213.459	226.036	234.522	239.082	241.693	243.568	241.579	232.609	220.983	216.96	227.595	250.751	276.233	292.061	292.291	278.808	258.998	243.74	241.489	252.006	269.162	287.423	300.61	299.99	281.183	249.27	215.38	193.244	194.368	217.671	247.96	269.247	276.012	272.231	264.844	258.576	252.729	243.09	229.476	220.561	225.929	241.638	252.494	248.963	232.831	211.543	195.048	192.557	206.413	228.863	248.022	258.337	261.423	257.871	246.523	235.102	239.242	261.652	285.178	292.977	283.083	262.146	237.706	216.903	205.257	208.263	228.136	252.345	261.089	251.747	240.121	238.919	247.659	256.705	253.304	233.327	207.877	188.674	173.095	151.607	120.717	83.9413	
87.248	127.735	157.172	173.056	182.92	192.626	198.136	192.811	180.874	176.654	187.236	204.77	221.544	240.987	266.88	292.398	306.218	305.22	297.27	289.445	278.534	258.834	235.447	224.71	239.658	277.06	319.079	344.098	341.44	320.298	297.164	276.696	254.216	230.609	216.321	221.423	241.512	258.702	262.889	260.92	257.698	246.891	227.279	210.17	206.386	214.449	222.908	224.114	221.735	223.211	232.576	248.465	262.679	266.276	260.043	253.676	254.237	260.63	267.445	268.747	260.808	244.854	227.593	217.381	218.457	229.548	246.472	263.989	275.172	272.842	255.444	229.087	203.533	190.051	198.231	226.771	260.385	280.819	281.204	269.762	259.46	255.616	253.745	246.742	233.053	220.154	218.846	230.657	245.172	250.579	241.577	221.979	204.03	200.273	214.827	240.953	265.483	278.552	278.68	268.569	251.26	234.375	231.456	248.499	273.39	287.737	284.224	266.82	243.288	222.547	212.244	217.62	238.623	262.132	269.641	259.48	247.93	247.255	254.33	257.719	248.648	229.65	212.069	201.549	192.34	175.505	145.699	104.205	
107.888	152.191	180.264	192.781	200.423	209.518	215.467	209.942	193.832	180.501	182.381	198.876	222.052	247.282	272.827	295.012	309.43	315.775	317.704	315.488	303.301	277.081	243.948	222.651	229.161	262.558	307.187	341.354	348.918	331.732	304.389	277.253	252.901	233.697	225.379	233.026	253.032	272.453	281.846	283.804	281.716	271.304	252.223	235.579	231.615	235.829	233.916	221.057	208.61	209.72	227.256	254.081	277.235	286.684	283.897	277.294	271.157	264.929	258.352	250.236	237.062	218.529	202.127	197.141	205.683	223.643	245.143	262.863	269.609	262.53	244.798	222.967	204.046	195.573	204.255	229.833	260.68	279.172	276.572	262.407	253.201	254.595	259.377	257.943	247.031	233.292	228.506	236.575	248.991	253.798	244.016	222.791	203.755	200.648	216.828	244.303	269.57	282.445	280.988	268.769	250.194	231.772	225.029	237.75	261.607	279.145	281.608	270.592	250.75	229.905	217.46	219.303	234.92	254.22	263.036	258.391	250.515	248.073	249.399	247.094	236.929	223.76	215.666	212.727	208.42	195.496	166.418	120.156	
117.018	166.463	197.001	207.994	211.875	218.47	225.278	222.306	206.439	188.838	184.803	199.347	224.851	250.02	269.735	286.426	303.381	319.984	331.772	331.864	315.853	285.896	251.385	228.367	229.467	253.567	289.503	320.983	332.17	319.844	294.403	267.983	247.862	237.271	237.031	246.318	262.779	281.471	295.865	303.208	303.998	296.393	280.089	263.201	254.655	250.34	237.757	216.055	200.444	204.677	227.723	257.046	278.834	287.365	286.958	283.13	276.136	266.026	255.995	246.306	231.779	210.641	192.562	190.851	208.274	236.957	266.063	284.801	286.72	274.055	253.965	232.856	215.858	207.706	212.222	230.698	256.843	274.571	271.902	257.06	248.798	254.344	266.01	272.477	267.907	257.088	251.532	255.114	259.91	257.047	243.217	221.961	204.578	202.584	217.194	239.39	258.479	268.387	267.651	257.31	240.394	223.904	219.208	232.807	255.962	273.245	278.942	274.53	260.653	241.845	227.049	222.24	228.579	241.999	253.448	256.247	251.75	245.424	240.361	235.128	227.597	220.676	218.583	219.289	217.539	206.963	177.872	128.065	
115.088	170.246	206.525	217.659	215.568	215.981	222.03	223.635	213.642	199.374	195.083	207.734	230.632	250.049	261.14	272.867	293.332	318.03	334.309	332.396	313.526	286.68	260.604	243.562	240.729	250.495	268.77	288.983	301.007	298.7	283.76	263.41	247.653	243.293	248.882	258.401	270.134	286.136	303.022	314.286	318.552	315.412	301.894	281.324	263.546	249.925	232.439	211.257	199.289	206.916	230.252	255.39	270.974	276.121	276.837	276.303	273.35	269.138	266.728	263.556	251.304	227.387	204.361	200.364	220.395	254.132	286.842	306.134	306.977	294.027	274.512	252.668	232.723	219.973	218.324	230.337	252.866	270.715	269.151	254.184	245.471	252.434	268.582	282.215	285.772	281.437	278.07	277.797	273.432	260.992	243.31	224.679	211.467	210.599	221.11	234.36	244.493	251.104	252.305	243.934	227.349	213.185	214.195	232.372	254.799	268.138	272.213	271.175	264.05	251.845	239.708	231.039	228.616	234.897	246.091	252.825	249.566	239.86	230.92	225.578	222.189	220.845	223.185	227.28	228.331	218.434	186.786	132.798	
110.207	169.713	212.195	225.431	218.896	213.064	217.428	223.366	220.484	211.804	208.82	218.417	235.514	247.68	252.001	261.106	284.276	312.464	327.808	321.877	303.034	285.316	274.382	268.367	263.555	258.406	256.974	263.738	277.201	290.241	292.589	280.082	262.8	254.84	258.751	267.408	277.957	293.157	309.868	321.235	327.084	327.204	314	286.884	259.677	241.21	226.342	212.128	205.644	213.71	233.382	253.489	264.547	266.327	264.812	264.171	266.318	274.545	288.629	298.755	291.504	264.561	234.163	222.126	235.456	264.29	294.472	314.865	320.282	313.312	298.444	276.891	251.506	230.065	220.236	225.793	243.546	259.787	261.001	251.048	246.338	255.538	273.057	288.547	296.05	297.172	297.377	296.006	285.722	265.471	243.344	226.07	216.643	217.508	225.824	233.596	238.553	244.054	246.766	237.732	218.521	205.236	211.805	234.115	254.416	261.688	260.91	259.354	256.956	252.737	246.865	238.436	230.207	229.012	236.101	242.962	241.014	231.706	223.287	221.015	224.063	230.278	238.84	247.492	250.501	237.904	199.88	139.646	
105.445	165.874	212.722	230.834	226.366	220.432	225.458	234.211	234.964	227.931	222.608	226.178	236.255	243.394	245.251	253.372	276.22	303.519	316.245	307.846	291.229	283.456	287.762	293.736	289.847	275.182	260.824	259.574	276.905	305.609	324.645	316.906	290.134	267.453	261.954	271.05	288.756	310.095	326.841	333.936	335.981	334.118	317.576	283.991	251.22	233.28	225.338	219.937	218.413	225.397	241.172	258.524	267.869	266.715	260.75	256.649	260.604	279.118	309.363	333.569	332.807	305.893	271.794	252.35	254.834	273.052	298.28	321.918	335.263	335.317	324.424	303.012	272.421	242.072	223.729	221.529	230.874	242.431	249.151	252.699	260.512	275.624	292.235	302.687	305.33	304.473	304.986	304.758	294.426	270.654	243.248	223.529	215.264	218.07	227.57	236.134	242.357	249.899	253.65	242.622	220.544	208.119	219.222	244.323	262.355	264.465	258.552	253.271	250.083	248.259	245.631	238.629	228.523	222.352	224.401	229.938	230.602	225.125	220.952	225.695	239.433	256.206	270.551	279.224	277.615	257.224	211.233	145.725	
97.9026	155.129	203.505	228.6	233.662	236.291	246.695	257.576	258.097	247.878	235.394	229.165	230.796	234.408	236.639	244.608	265.009	289.628	301.432	294.425	281.69	280.575	293.384	305.837	303.149	286.432	271.244	273.021	298.128	338.13	366.506	357.974	317.27	275.045	257.294	269.131	300.299	333.262	351.31	351.315	344.26	335.239	313.982	277.317	243.493	228.225	227.002	229.515	232.854	239.903	253.081	267.953	275.411	272.664	265.579	260.103	262.186	280.801	315.065	345.512	351.798	333.728	308.004	289.859	283.998	290.208	308.791	335.154	356.462	362.725	353.652	330.543	295.614	260.186	237.615	229.401	228.986	234.187	247.38	267.732	290.772	311.839	325.477	327.395	319.39	309.025	304.373	305.717	301.329	280.513	249.782	225.153	214.509	216.584	226.524	238.335	250.311	263.192	269.533	258.768	237.315	228.167	244.086	271.686	288.099	286.198	275.332	264.415	255.768	249.738	245.033	238.502	229.466	221.406	218.753	221.59	224.105	222.856	224.319	238.147	263.786	289.35	303.764	304.249	291.152	260.962	210.021	144.388	
88.9515	140.803	187.681	218.353	234.847	249.586	267.51	280.234	279.159	264.712	244.285	227.259	219.244	218.415	221.384	231.023	250.823	273.834	286.214	283.272	276.067	278.482	291.189	301.25	297.231	283.596	276.818	289.581	323.349	367.313	396.38	384.732	334.091	277.583	250.264	263.639	303.904	343.754	360.814	353.999	339.061	325.182	304.483	272.123	242.059	228.803	229.985	235.948	242.092	249.68	260.726	271.911	276.693	275.291	273.915	273.563	273.437	281.225	302.184	325.504	337.181	337.254	333.285	327.175	318.18	312.165	319.594	342.975	370.178	385.579	382.227	359.454	322.547	286.996	266.205	256.457	248.719	248.099	265.285	296.631	327.707	348.598	356.235	350.128	332.891	312.66	301.446	304.674	309.685	296.83	265.855	235.639	219.459	216.911	223.732	237.262	256.202	276.613	287.637	280.1	262.961	259.616	280.72	309.712	322.963	315.575	298.897	282.612	269.282	259.401	252.78	247.201	239.895	230.349	222.553	221.071	223.277	224.691	230.566	250.176	280.523	305.614	312.985	303.388	282.016	247.785	197.492	136.03	
85.336	133.015	176.175	207.371	229.552	251.16	272.473	284.696	282.08	266.393	243.423	221.24	207.019	202.349	206.015	219.171	241.223	263.683	275.914	277.167	276.912	282.223	289.933	291.883	284.774	275.72	277.948	298.861	334.382	373.042	396.835	385.179	336.276	278.81	248.812	259.824	296.828	330.641	340.497	328.933	313.563	304.213	293.413	273.273	251.131	238.422	236.2	239.319	244.802	252.629	262.554	271.245	275.009	277.209	284.557	293.206	292.819	285.045	281.322	286.32	298.381	317.157	337.808	348.032	341.335	326.526	320.309	333.408	361.379	388.155	398.102	383.852	351.77	321.306	305.954	297.984	287.006	282.996	300.212	331.8	358.908	371.522	370.406	358.641	338.149	314.544	300.865	306.475	318.972	312.564	281.271	245.383	223.33	216.72	221.143	235.829	260.39	287.26	302.418	298.109	285.387	287.129	311.692	340.219	348.766	334.227	310.402	289.319	274.844	267.278	265.252	264.095	258.007	245.399	232.338	226.801	227.869	230.713	239.02	258.604	283.068	297.307	294.597	281.562	263.473	234.329	187.741	129.234	
89.5962	136.586	176.197	203.465	223.515	243.356	261.071	268.829	264.122	250.526	232.309	214.294	201.501	196.245	200.153	215.551	239.402	261.199	273.308	279.697	288.082	297.162	299.366	292.772	282.705	276.233	280.505	298.779	325.766	352.815	370.51	364.771	329.976	285.56	261.067	267.759	291.938	309.422	306.592	291.357	281.619	283.658	286.455	278.911	264.094	251.324	244.928	245.091	251.158	261.109	271.51	278.84	281.578	284.906	296.899	312.433	313.58	293.769	267.218	252.676	260.511	289.444	324.614	345.915	344.823	328.811	312.868	312.192	333.321	366.284	390.58	391.279	372.265	353.084	345.998	341.989	331.842	327.348	340.854	362.329	374.928	374.179	364.984	352.117	335.544	316.16	304.545	311.301	325.183	319.287	285.929	245.976	221.363	215.915	223.163	240.011	266.443	295.233	312.006	309.446	298.251	299.908	322.951	350.062	357.191	339.127	309.35	283.313	269.033	268.195	276.461	283.058	278.29	262.284	245.09	236.709	236.652	240.598	250.946	268.688	283.94	285.407	275.273	265.331	256.644	234.666	189.439	129.343	
97.4018	148.101	188.094	212.107	227.079	240.94	251.563	252.144	243.419	231.928	221.51	212.823	205.593	200.066	200.722	213.729	236.769	258.851	274.483	289.726	308.294	321.062	318.773	306.491	295.228	288.789	287.904	294.88	308.196	324.134	339.348	344.074	329.579	305.52	291.279	293.496	302.108	301.3	284.884	265.27	260.613	272.472	284.104	282.122	270.188	259.099	255.143	260.089	272.772	287.716	297.753	299.706	295.787	294.243	305.11	323.728	327.811	304.112	266.221	240.198	243.393	273.299	309.631	332.015	334.895	322.858	303.615	291.476	301.545	332.264	363.467	376.619	373.573	370.869	375.722	377.509	369.758	364.624	370.311	375.271	369.009	355.8	344.113	337.147	330.307	318.567	309.312	314.271	325.136	317.618	284.458	245.159	222.196	221.077	233.124	250.748	273.767	299.055	315.075	313.415	300.791	296.166	311.651	336.848	349.143	336.865	307.433	277.739	261.963	265.741	282.821	297.094	295.962	280.539	262.131	251.166	248.831	252.842	264.676	281.636	291.945	287.458	275.572	268.916	263.976	242.227	194.213	131.053	
103.531	161.752	208.632	235.3	248.108	256.814	260.455	252.678	237.325	225.644	222.196	222.34	218.611	208.74	201.165	207.531	227.839	251.447	273.741	299.619	326.852	340.971	335.17	321.428	312.525	306.944	300.24	295.884	297.979	307.348	323.08	337.447	340.949	336.11	331.439	328.126	321.847	306.507	280.139	255.551	251.327	267.303	282.56	281.599	270.464	263.598	267.768	282.393	303.803	323.375	330.296	321.971	306.762	298.225	307.041	327.345	335.022	313.906	275.576	246.749	246.439	271.512	300.406	316.212	318.6	310.405	291.921	273.795	274.792	299.049	328.929	347.106	356.781	370.921	388.239	394.506	386.579	377.52	372.755	361.954	341.63	323.282	317.044	321.695	325.969	319.71	309.231	309.279	316.689	311.433	285.636	253.886	235.39	236.235	248.257	262.401	278.735	297.958	311.532	309.499	294.047	281.368	287.271	309.956	330.981	332.238	310.628	279.666	258.708	259.461	277.599	296.673	303.585	296.849	282.983	270.722	264.995	266.963	277.42	292.339	300.948	296.963	287.054	279.578	268.71	239.938	188.85	126.631	
105.474	171.685	229.737	265.327	280.35	284.937	280.973	264.304	242.43	231.398	235.855	244.633	242.942	226.992	209.559	207.245	222.223	244.55	269.991	301.062	330.587	342.683	335.28	324.814	322.337	320.976	313.109	303.849	301.649	309.291	324.921	342.237	354.83	362.24	363.231	353.212	333.798	308.676	277.955	251.152	246.301	264.468	283.222	284.404	274.634	271.12	280.591	299.818	323.782	343.296	345.937	329.723	308.152	298.417	308.639	329.728	338.641	321.192	287.701	261.104	257.562	273.971	291.451	298.001	297.422	291.496	275.486	256.153	251.965	269.255	293.664	311.862	329.294	354.874	378.966	384.628	372.983	358.799	346.343	327.915	304.8	290.99	295.376	311.72	323.455	318.366	303.397	296.086	299.559	300.199	288.979	271.86	260.113	258.322	262.5	268.383	278.136	293.052	304.592	301.673	284.528	267.466	267.055	286.953	314.24	328.354	316.51	285.471	256.469	247.277	258.961	279.355	296.713	304.741	301.57	292.16	285.006	285.13	292.949	303.759	308.914	304.369	294.478	281.84	260.324	223.328	172.491	116.308	
102.844	172.932	240.107	285.798	304.867	304.924	292.027	268.319	245.889	242.151	258.878	279.121	283.025	265.05	239.357	225.757	230.076	244.776	265.338	291.683	315.387	323.542	318.108	315.421	322.212	327.3	321.909	313.348	312.801	321.787	334.76	346.888	357.771	368.206	371.139	356.674	328.372	296.955	266.497	244.406	245.394	269.036	291.874	294.917	285.371	281.543	289.613	305.018	323.061	336.506	334.941	317.975	300.487	298.257	313.424	332.911	337.974	321.464	294.702	274.703	270.444	277.334	282.12	279.548	275.664	270.604	257.047	238.961	232.375	243.85	262.983	280.626	301.942	331.233	354.525	355.639	340.003	323.629	309.951	293.225	276.621	272.559	286.406	308.421	321.363	315.167	296.856	282.725	280.768	286.383	291.73	293.071	290.21	283.7	274.994	268.656	271.472	284.229	296.44	295.763	281.311	265.259	262.56	279.06	306.541	325.685	319.248	288.692	254.152	236.353	241.028	260.481	284.586	304.227	311.945	309.073	305.48	308.72	317.928	325.199	322.422	310.055	294.388	275.318	246.165	204.93	156.563	106.899	
96.1451	163.788	233.302	285.279	308.312	305.027	284.774	258.754	244.005	254.473	285.813	318.132	330.594	315.144	283.026	255.767	245.892	250.178	261.652	276.867	290.109	294.702	294.706	302.73	320.16	332.123	329.036	320.779	321.373	330.542	338.707	341.724	343.997	349.877	352.845	339.99	310.438	276.435	249.544	239.498	253.929	284.564	307.254	307.822	296.952	291.867	295.937	303.781	312.085	316.478	310.511	296.348	288.011	296.845	317.577	333.133	330.878	313.534	295.227	286.838	287.318	287.566	280.661	269.939	262.625	256.278	243.119	226.421	219.4	227.777	244.509	262.868	285.369	313.061	332.679	330.965	315.249	301.296	291.747	281.243	272.764	276.139	293.077	312.192	319.877	312.074	295.374	280.208	274.903	282.596	298.929	314.184	319.072	309.517	289.377	269.721	262.798	271.582	285.824	292.197	286.525	275.954	272.402	283.539	305.583	322.07	315.906	287.004	253.591	235.582	239.33	257.747	280.854	300.772	311.701	314.94	319.506	331.776	346.832	351.167	336.651	310.967	287.126	265.976	238.255	199.275	152.816	104.733	
87.6229	148.184	213.977	268.297	296.136	293.671	270.397	245.895	241.902	266.455	307.726	345.406	361.799	348.369	312.587	276.067	257.202	255.993	261.247	266.033	269.033	270.457	275.835	294.096	322.152	341.217	339.059	326.773	322.211	326.739	329.868	326.35	320.101	318.044	319.549	312.714	289.417	258.77	239.556	244.863	272.89	305.739	322.018	317.116	305.661	300.946	301.815	302.766	302.777	300.025	291.026	279.556	278.299	294.681	317.687	327.865	318.936	302.501	294.523	299.742	307.359	303.64	288.161	272.777	264.403	256.753	242.532	225.956	217.978	223.34	237.657	255.571	277.131	302.324	321.12	322.522	312.273	304.548	301.845	298.074	294.781	300.404	314.83	325.991	324.853	314.982	304.055	295.918	294.279	303.228	320.153	335.819	340.929	329.895	304.147	274.64	256.862	258.502	273.33	288.801	296.069	293.971	289.076	291.631	304.673	316.03	309.27	283.367	255.006	242.567	250.447	268.33	284.266	294.096	299.708	306.369	320.361	342.254	361.417	361.277	336.467	301.485	274.598	258.23	240.463	209.855	164.955	112.943	
82.8084	135.687	195.467	250.193	283.777	285.886	263.379	241.226	244.343	275.267	316.363	348.952	361.267	347.979	314.931	281.108	264.523	264.71	267.643	265.081	259.242	255.509	261.782	285.862	321.946	347.713	346.929	329.12	315.053	311.496	311.266	306.689	296.461	287.583	286.201	284.479	270.264	249.077	242.064	261.455	296.931	325.963	333.668	323.601	310.844	304.785	302.662	299.909	296.183	290.639	281.93	274.203	277.417	295.594	315.834	320.368	308.563	296.506	298.579	313.152	323.074	314.488	294.435	280.537	276.709	271.717	258.348	241.379	229.466	227.151	233.688	246.486	265.057	288.94	310.369	318.996	316.847	315.585	318.659	319.997	319.687	325.74	337.896	343.854	337.145	326.479	322.067	325.22	333.923	345.737	354.997	357.41	352.82	338.966	312.717	279.703	254.681	249.197	262.542	285.092	304.918	312.032	305.195	296.629	299.061	306.744	302.222	280.897	257.804	250.823	262.029	277.125	282.814	279.907	278.579	287.504	308.174	333.709	350.548	345.667	319.108	286.524	264.049	254.604	247.928	228.605	187.767	130.877	
85.8882	133.459	187.134	240.035	277.237	284.466	265.798	247.188	252.369	279.49	310.2	331.294	338.194	329.376	308.909	289.406	282.059	283.671	281.759	270.862	255.678	244.363	247.011	270.98	309.013	338.291	340.64	321.53	300.867	290.809	289.304	286.807	277.087	266.114	262.954	262.857	254.934	244.493	250.54	280.038	317.296	340.773	342.216	328.246	311.181	299.868	295.454	294.466	292.626	287.396	280.869	278.469	285.228	300.515	313.729	313.855	304.3	299.437	308.431	324.696	329.983	315.192	294.093	285.665	289.133	289.433	279.502	263.602	247.482	235.225	229.841	233.135	246.316	268.134	290.956	304.702	308.183	309.913	314.457	317.599	319.055	326.18	339.221	346.912	342.982	335.581	336.231	348.819	368.831	384.833	385.254	371.262	354.189	337.439	314.356	283.693	256.229	244.958	254.247	278.804	306.506	321.076	313.453	295.883	289.842	296.583	297.457	283.261	266.802	264.615	275.528	283.113	277.199	264.974	260.459	270.582	291.49	312.594	322.802	316.405	297.001	274.661	258.2	251.396	250.507	241.371	208.063	150.094	
92.5678	137.213	184.944	232.713	268.861	280.017	269.225	258.229	263.703	280.537	295.736	305.563	312.168	315.409	314.989	314.122	314.64	311.392	297.88	275.246	250.725	233.024	231.63	251.069	283.438	310.546	316.716	302.404	282.667	271.865	271.699	272.285	266.093	258.392	256.151	254.404	246.966	242.773	257.372	291.131	325.776	343.39	341.504	327.293	308.554	293.845	289.825	294.403	297.527	293.498	288.516	290.275	297.873	305.332	307.276	302.969	298.658	302.298	315.538	329.53	329.412	311.786	293.129	289.734	297.123	299.977	292.987	280.402	265.111	248.376	233.646	226.351	231.065	246.75	265.5	278.359	282.951	284.655	287.807	290.169	291.713	298.788	312.671	324.942	328.842	327.899	332.348	350.08	377.168	396.332	392.339	370.085	347.535	331.871	314.903	289.734	262.271	245.491	247.734	268.118	296.361	314.18	308.528	290.074	283.205	293.079	301.292	295.994	287.671	290.137	298.717	297.407	282.363	265.96	260.113	266.3	278.811	290.151	294.772	291.298	281.526	267.599	252.579	242.519	240.667	236.755	211.131	156.961	
94.0944	136.569	179.1	220.192	252.213	266.527	266.411	265.746	271.572	277.93	280.224	283.427	293.384	309.514	327.124	340.909	344.664	332.683	305.839	272.902	243.383	224.283	221.301	234.473	256.531	277.331	286.701	280.734	268.02	262.162	266.634	272.27	272.141	270.172	268.823	262.251	250.766	248.024	265.333	296.356	321.958	330.051	326.106	319.074	309.72	300.13	298.235	305.44	311.261	308.702	305.15	307.923	311.283	306.516	294.23	283.097	281.923	292.785	310.434	324.788	324.685	309.971	295.976	295.059	301.663	303.493	298.511	291.975	284.074	270.732	252.192	235.274	228.2	232.751	242.947	251.412	255.123	256.577	258.535	259.563	260.018	265.278	277.245	290.591	299.521	304.425	313.12	334.062	363.176	382.287	378.221	358.142	339.026	327.478	315.979	295.934	270.221	250.493	245.903	257.876	279.008	294.091	292.058	281.55	282.729	299.641	315.047	316.567	312.726	315.783	321.248	316.265	300.765	285.98	277.676	273.8	272.556	273.845	276.646	278.867	277.136	267.501	250.697	234.574	226.254	219.856	197.137	148.429	
88.8331	129.017	168.326	204.768	233.288	250.03	258.308	264.384	268.772	268.212	265.251	267.782	280.565	302.496	328.287	348.938	353.29	335.022	300.339	263.784	235.883	220.371	218.285	226.465	239.373	254.103	265.929	268.143	263.419	263.715	274.37	287.801	296.305	299.53	295.475	280.823	264.246	262.307	279.591	302.718	313.491	308.276	302.928	309.667	320.293	323.628	322.855	325.156	327.864	326.387	324.654	325.265	320.822	304.855	281.959	263.802	260.528	273.932	296.587	316.15	320.979	310.746	298.903	296.237	299.574	301.296	301.911	305.727	308.458	300.551	280.082	254.796	235.219	227.211	228.898	234.075	237.907	239.967	241.254	241.141	241.122	245.339	254.373	264.642	273.521	282.404	296.699	320.6	347.368	361.638	357.388	344.023	332.298	323.98	313.452	295.498	273.7	257.027	250.503	254.169	264.106	272.372	273.656	274.107	285.994	309.895	330.156	334.043	327.197	322.548	322.413	320.579	315.165	308.18	298.356	285.032	273.286	268.878	272.418	280.062	285.065	280.067	263.792	243.168	226.046	210.748	184.07	137.301	
84.1575	123.074	161.918	197.165	223.987	241.001	251.219	256.882	257.511	254.324	252.801	257.854	270.512	290.644	316.263	338.797	344.314	324.94	289.09	254.313	231.353	221.254	221.731	228.186	236.294	246.987	259.441	266.137	265.701	269.296	285.441	308.463	327.168	333.713	322.694	297.439	276.226	276.134	293.349	308.505	306.296	291.332	287.372	309.186	341.179	358.428	356.917	349.871	345.479	342.516	339.457	334.358	322.687	303.108	279.645	258.769	249.476	258.942	283.799	309.66	320.663	313.22	298.664	289.276	288.153	293.519	305.759	323.153	334.01	326.2	301.326	270.353	243.718	228.232	224.795	228.31	232.688	235.242	235.788	235.223	236.434	241.554	248.893	256.48	265.72	279.609	299.503	322.972	341.408	345.367	337.483	329.184	324.311	318.032	305.444	286.788	269.664	260.639	257.622	256.538	257.102	259.669	263.608	271.526	289.468	316.931	340.421	344.987	330.585	311.546	302.1	305.389	314.261	317.951	309.844	293.476	279.06	273.781	278.18	289.023	299.721	301.224	289.285	267.89	243.832	218.325	183.439	133.419	
87.8288	128.046	168.171	203.331	228.208	242.271	248.586	249.429	246.912	244.958	247.111	253.203	262.256	277.258	300.318	323.951	332.648	316.948	285.046	254.793	236.956	231.824	235.458	242.177	247.693	254.024	262.672	267.37	266.126	270.823	292.352	324.939	352.189	359.18	339.443	303.814	278.124	278.641	295.206	305.968	299.936	286.374	289.842	323.994	369.126	392.827	388.162	374.127	365.116	358.723	349.058	335.288	319.371	303.677	287.578	268.743	253.368	254.744	276.157	304.122	319.968	315.393	297.324	279.937	274.619	285.836	311.391	340.044	352.606	338.603	307.768	276.186	252.104	237.777	232.562	233.095	235.32	236.692	236.9	237.786	241.396	246.981	252.838	261.031	276.077	298.559	322.353	339.192	343.182	333.829	320.319	313.729	312.976	308.67	295.09	275.959	262.867	261.092	262.64	260.167	256.8	258.323	264.441	273.988	291.842	320.43	347.888	354.528	333.165	299.953	281.043	287.068	305.353	315.842	309.668	293.638	279.92	275.114	279.886	292.58	307.499	314.826	308.205	288.77	261.275	228.029	185.278	130.862	
100.795	143.807	183.711	216.204	237.252	246.602	247.123	243.06	239.746	240.87	245.532	250.085	254.749	265.926	287.389	311.682	323.641	314.172	290.518	268.593	257.877	257.949	263.556	268.431	269.187	268.437	268.513	265.863	261.675	268.73	295.925	334.159	363.729	367.852	341.699	300.191	271.488	270.556	284.989	294.292	292.497	290.259	306.367	348.126	393.528	411.571	400.919	386.444	380.914	374.003	356.791	334.764	317.118	306.963	298.71	283.924	266.258	261.147	275.714	300.09	317.689	316.999	298.864	277.389	270.379	286.76	320.911	353.513	362.089	341.018	307.286	280.438	265.822	258.594	253.365	248.611	245.153	243.389	244.169	248.514	254.162	257.161	259.267	269.126	292.841	325.004	350.838	358.699	348.494	328.793	311.614	304.519	303.632	299.481	286.684	269.502	259.747	261.193	264.046	261.511	259.257	263.557	270.665	277.341	291.969	321.459	353.326	362.065	335.942	294.574	271.483	278.608	298.828	309.287	301.594	283.589	268.156	262.553	267.809	281.974	299.109	310.076	308.262	291.99	263.099	224.475	176.499	120.712	
116.377	161.197	197.388	223.82	240.342	246.554	243.497	236.545	233.357	236.521	241.652	244.169	246.942	258.335	280.637	304.813	317.685	313.503	299.894	289.778	288.913	293.94	297.961	296.093	288.47	279.012	269.904	260.669	256.473	268.108	297.649	332.53	355.695	354.781	327.111	286.589	258.78	257.091	269.889	279.756	284.608	294.599	320.636	361.742	395.951	400.987	385.684	377.631	382.423	380.001	359.635	333.438	315.847	309.263	305.663	295.428	280.814	274.706	283.358	300.851	316.428	319.156	305.302	286.2	280.933	299.832	334.879	363.134	364.114	338.505	306.58	287.048	282.4	282.987	279.489	271.258	263.021	258.407	260.14	267.978	274.649	273.501	270.195	278.968	306.389	342.342	367.52	370.041	353.948	332.248	315.968	307.655	302.327	294.454	281.84	267.896	260.709	261.998	264.035	262.674	263.483	269.992	275.227	276.388	286.662	316.36	350.962	360.309	331.616	288.663	267.6	277.337	297.385	305.222	293.658	270.88	251.106	243.48	248.69	262.635	279.167	291.622	294.017	281.404	252.583	211.163	161.035	106.594	
126.711	173.36	206.131	226.759	239.939	245.747	242.466	234.588	230.884	233.826	237.587	237.59	239.279	252.996	278.679	303.67	316.283	315.966	311.944	313.177	319.994	325.627	323.413	312.375	296.641	280.447	265.591	254.628	254.47	270.22	295.999	319.045	330.021	323.881	299.184	265.494	242.776	242.557	256.052	269.122	279.764	294.645	318.657	347.588	365.358	361.204	349.437	352.626	368.174	371.831	353.646	328.763	312.845	307.208	304.462	297.913	289.404	286.393	291.367	301.338	312.161	317.246	311.748	301.531	300.95	319.47	349.17	367.522	358.669	329.67	301.491	288.454	289.755	295.142	295.529	290.217	283.419	278.991	281.433	291.276	299.306	297.102	290.763	295.315	316.971	345.824	365.341	366.811	354.543	339.249	327.913	319.17	308.621	295.482	281.41	269.351	263.842	265.771	270.019	272.003	273.592	276.847	275.956	269.847	273.957	300.57	335.168	345.862	319.071	279.687	264.018	278.863	301.305	307.774	291.835	263.696	239.987	231.033	235.838	247.735	261.096	272.113	275.82	265.977	240.285	201.76	153.82	101.151	
130.606	182.915	218.715	238.114	248.947	254.182	251.481	243.548	238.754	239.914	240.781	236.259	233.755	247.147	275.771	302.535	315.816	320.134	325.563	335.27	343.861	343.953	333.249	316.069	297.635	279.247	262.061	252.148	256.859	275.001	294.888	305.496	304.716	294.298	274.974	251.81	236.796	238.428	252.762	269.946	284.37	295.427	304.913	313.536	316.877	313.186	313.286	328.481	350.61	358.45	345.603	326.308	312.692	304.09	296.42	289.34	285.672	286.847	290.258	293.529	297.476	302.336	306.119	308.483	314.849	332.069	354.477	362.538	344.934	313.583	289.428	281.532	284.847	290.499	293.857	295.359	295.545	294.972	298.734	309.726	320.066	320.855	315.589	315.631	326.015	340.751	350.722	352.36	348.131	342.418	337.179	329.998	318.238	302.844	286.625	273.647	269.295	275.725	287.232	293.725	292.133	286.68	276.863	262.944	258.712	277.374	308.444	322.469	303.859	273.274	264.65	284.929	310.265	314.85	293.273	260.187	235.453	228.935	236.202	247.376	256.953	263.243	263.297	253.589	233.751	204.171	162.678	111.044	
131.595	192.548	236.82	259.081	267.796	270.761	268.245	261.445	256.35	255.306	252.462	242.261	232.87	241.746	269.956	297.616	312.029	320.762	333.736	348.298	354.565	347.11	329.798	311.309	295.522	279.446	263.441	256.76	267.046	288.252	304.914	307.32	297.745	283.501	269.558	258.183	252.055	254.676	267.282	286.11	302.171	306.63	299.799	290.665	286.108	288.122	299.553	321.328	343.89	352.346	344.584	332.09	320.648	306.157	288.354	274.926	272.155	277.331	281.551	279.24	273.57	272.72	281.133	294.881	309.619	327.059	343.667	344.955	324.028	294.812	276.915	275.068	279.535	281.592	282.729	287.852	295.09	300.301	306.672	318.084	328.986	331.91	328.434	325.927	328.353	333.197	336.254	337.447	338.971	340.751	340.609	336.441	327.158	312.268	293.263	276.951	273.347	286.269	306.228	316.854	312.254	299.492	282.832	263.2	250.794	258.467	281.888	297.86	289.9	271.278	269.848	292.586	317.427	318.38	291.481	255.803	234.111	235.03	249.79	264.124	271.343	271.415	264.359	251.272	235.445	214.978	180.82	129.882	
131.695	196.9	245.835	270.114	278.105	280.809	281.01	278.387	275.126	272.31	266.039	251.683	236.428	238.869	263.535	291.356	307.435	318.319	333.515	348.091	350.734	338.257	317.964	299.978	287.623	276.948	268.34	271.326	291.116	316.758	330.329	324.618	306.643	288.196	277.401	274.969	276.491	280.222	290.233	308.666	326.467	329.786	317.353	302.421	296.874	302.419	315.901	333.73	349.029	353.39	347.714	340.598	332.173	314.392	287.923	265.804	259.265	265.327	269.905	262.537	246.931	237.563	245.336	266.02	288.094	306.874	319.67	318.451	301.249	280.975	273.07	278.534	284.129	280.693	275.552	279.633	290.755	300.412	307.898	316.257	322.685	322.989	319.061	317.023	321.383	329.748	334.768	335.101	336.757	341.551	344.287	341.337	332.67	316.991	294.626	274.612	270.699	287.15	311.526	325.512	322.825	310.104	292.784	272.475	256.042	254.317	267.838	280.798	278.651	268.562	270.509	290.504	311.387	310.443	284.025	251.592	236.447	246.494	270.206	289.315	295.091	289.03	274.225	255.128	238.193	221.878	193.389	144.664	
132.163	191.9	234.952	256.773	266.415	273.43	279.807	283.95	284.883	282.201	274.721	259.979	242.559	238.89	257.913	285.77	305.406	318.016	331.631	342.67	341.641	327.05	305.911	287.117	275.576	271.175	275.882	295.719	328.543	357.073	363.001	345.24	318.21	296.22	285.532	284.895	288.347	292.491	301.899	321.778	344.922	355.965	350.848	340.848	336.997	340.007	345.152	349.825	352.406	349.987	344.31	341	337.397	323.344	296.823	269.471	254.745	253.208	251.783	239.246	219.385	207.435	214.996	237.878	262.347	280.833	291.784	292.417	284.054	276.769	280.191	291.434	296.168	287.411	277.582	280.906	293.985	304.577	308.37	308.01	304.603	298.325	292.605	294.556	310.412	334.726	350.485	350.902	348.061	350.656	351.968	345.695	333.697	316.39	293.088	271.812	266.366	281.01	304.044	319.453	321.241	313.386	300.69	285.276	270.625	264.029	268.349	273.837	269.704	260.46	259.682	272.318	287.868	289.243	271.267	248.344	240.76	256.418	284.048	303.863	305.974	293.812	273.366	249.978	230.499	214.962	190.922	147.14	
134	181.617	211.857	228.578	241.287	253.919	265.386	275.081	281.89	283.642	279.888	269.612	254.041	245.486	257.083	283.096	306.518	322.012	334.377	341.841	337.986	322.811	301.433	280.198	266.138	265.139	282.349	319.371	364.438	393.428	389.569	360.173	327.538	305.614	293.985	288.082	284.898	284.638	293.317	317.2	349.612	373.091	379.065	374.76	369.77	365.131	357.43	347.734	339.825	334.024	330.484	331.405	333.762	328.398	310.06	283.471	258.818	241.316	226.355	208.744	192.71	188.076	199.596	221.013	241.358	256.687	268.272	274.597	276.08	280.076	292.004	305.452	307.065	294.771	284.229	288.903	303.349	313.133	311.419	300.469	285.047	270.219	262.161	269.384	298.388	339.393	366.781	368.789	361.088	357.905	353.625	342.447	329.155	315.359	297.33	278.855	271.728	281.2	298.745	311.542	314.221	309.691	302.702	294.628	284.788	276.397	273.034	269.556	259.346	246.541	240.386	244.581	254.58	259.779	253.428	242.172	240.764	257.105	282.087	296.91	292.647	275.621	254.123	232.016	213.251	198.365	177.704	139.726	
133.794	169.67	189.63	204.599	221.929	238.2	249.867	260.714	273.243	283.638	288.824	286.697	275.326	263.379	266.924	287.778	311.589	329.137	341.479	347.002	341.705	326.991	306.074	282.085	262.653	258.727	279.483	324.798	376.684	406.116	397.499	364.28	333.456	316.761	306.629	294.342	279.863	269.472	273.546	299.954	340.359	372.42	382.945	378.335	369.443	357.563	340.233	322.396	312.006	310.058	313.361	320.284	327.924	329.803	319.968	296.99	265.318	232.825	204.935	184.833	177.208	184.451	201.7	219.499	232.11	242.821	256.028	268.118	276.178	286.275	301.794	313.737	311.39	297.765	288.018	292.502	306.469	317.028	315.245	299.901	275.854	252.456	240.211	248.675	281.853	326.593	356.367	359.836	351.371	344.003	334.706	322.641	315.495	313.494	307.745	296.106	287.906	290.789	300.507	306.903	305.714	301.019	298.144	296.899	292.895	285.22	276.22	264.191	247.373	231.048	221.385	219.611	224.218	230.881	233.739	232.793	236.446	252.068	273.174	282.971	274.496	256.497	237.632	218.92	201.257	185.73	165.864	131.295	
126.677	155.541	173.41	193.426	217.638	236.065	244.832	253.382	269.046	287.302	301.548	307.306	300.678	288.276	286.637	301.245	321.338	337.882	349.614	353.862	347.933	334.354	315.032	290.027	265.505	254.194	267.624	307.21	356.515	386.863	381.77	354.343	331.305	322.87	318.162	304.761	282.597	262.535	260.043	284.813	325.985	356.693	362.634	353.908	343.524	330.291	310.204	290.855	283.383	288.722	300.343	313.089	323.613	327.467	320.284	299.555	266.608	229.356	198.46	181.601	182.632	198.762	219.033	232.552	238.549	245.615	258.687	271.622	280.572	292.269	307.719	315.392	308.748	295.253	286.184	287.511	298.258	311.24	316.513	306.451	281.675	253.1	234.923	237.23	261.057	293.295	314.519	318.873	315.591	309.785	299.227	289.079	290.234	302.448	312.528	310.791	302.127	297.641	299.417	299.703	294.256	288.389	288.51	294.124	299.09	297.698	287.232	267.331	242.887	223.254	212.969	209.024	209.054	214.024	222.192	229.688	238.492	254.884	275.526	285.946	279.651	264.704	247.708	227.801	206.303	186.585	164.041	128.751	
115.214	142.685	164.629	192.328	222.505	242.008	248.639	255.178	270.766	290.676	307.367	316.589	315.336	308.957	310.405	323.191	338.505	350.015	357.001	356.96	348.449	334.973	318.287	296.767	273.407	257.556	258.589	280.79	317.068	346.304	350.389	335.212	322.335	322.008	324.586	315.775	293.54	270.407	264.313	284.744	319.03	340.058	337.119	325.287	317.648	308.328	290.323	271.899	266.117	274.983	290.902	306.583	317.719	320.287	311.583	291.49	261.854	229.671	205.737	196.982	204.236	222.284	240.003	248.889	251.998	258.622	270.224	278.905	284.136	295.352	310.202	313.763	303.289	290.337	282.403	280.624	286.944	300.852	313.916	313.746	295.681	268.464	246.307	238.853	246.298	259.631	269.629	276.196	281.977	281.89	271.453	259.529	261.22	280.105	302.241	309.725	300.673	290	287.666	287.452	282.509	277.865	281.597	294.654	310.962	320.383	312.902	286.997	254.744	232.287	224.203	222.012	219.275	220.635	230.262	242.935	254.869	271.237	293.111	308.97	309.916	299.121	280.334	253.989	225.242	199.766	172.369	132.728	
108.843	140.003	166.768	197.352	227.425	245.471	251.508	257.73	271.17	286.884	299.264	307.881	313.595	320.717	335.604	355.436	369.413	372.873	368.606	357.847	341.515	324.139	308.818	294.377	279.888	266.849	258.171	260.076	277.508	301.662	315.257	314.681	313.131	320.406	330.003	328.05	310.926	290.61	284.157	298.866	322.246	331.64	321.791	309.715	305.822	300.679	285.509	267.199	258.744	265.05	280.947	298.017	309.569	310.916	300.693	281.193	255.942	231.645	217.559	217.401	227.38	240.711	250.208	253.362	256.377	266.045	278.141	283.024	284.148	293.944	308.318	310.272	298.567	286.862	280.983	278.243	280.051	290.165	304.582	311.522	303.314	283.955	263.911	251.321	247.238	247.828	251.683	261.776	275.83	281.279	269.994	251.786	245.855	261.333	285.748	295.413	283.48	268.833	268.138	275.154	278.054	279.004	287.054	305.228	328.671	345.83	342.399	314.866	279.229	257.033	253.816	256.453	253.602	251.4	258.75	270.541	279.569	291.271	312.151	333.79	342.541	334.421	311.508	278.235	244.033	214.823	182.995	138.044	
113.254	151.33	180.501	207.055	230.803	244.865	249.803	254.539	263.725	273.644	281.392	289.862	303.228	325.267	357.434	391.186	410.567	408.555	391.509	366.904	338.8	312.429	293.163	282.312	276.538	269.909	258.393	247.244	248.615	264.737	282.957	294.023	303.436	318.905	335.928	341.819	331.831	315.951	308.751	315.666	326.921	326.926	314.948	305.844	305.449	302.86	289.257	269.15	254.574	255.138	270.449	290.227	303.036	303.601	292.896	274.598	253.065	235.124	228.476	233.832	243.379	248.873	247.871	244.765	247.945	261.008	275.721	281.425	281.981	289.23	300.124	300.929	291.396	283.29	280.536	278.04	274.701	276.097	284.607	293.55	294.528	286.201	274.076	264.577	260.019	259.702	264.7	277.99	295.833	303.469	290.556	266.993	254.517	264.388	283.57	286.299	266.437	247.682	250.968	269.107	284.193	292.358	301.86	318.689	340.709	358.117	357.372	334.185	303.116	285.368	287.012	293.982	292.786	289.136	292.871	298.822	299.705	303.597	321.704	346.79	359.953	351.775	324.712	286.78	249.533	218.349	184.131	136.648	
124.65	168.769	197.778	218.458	236.159	247.064	249.466	248.923	250.601	254.535	260.235	270.488	288.99	319.165	362.27	409.172	439.864	441.25	418.929	385.309	347.833	312.151	285.124	270.304	264.619	260.699	251.942	239.593	234.263	243.188	259.899	275.344	291.432	313.749	338.051	352.257	350.256	338.9	329.865	328.022	327.8	321.078	310.547	307.269	312.216	313.449	301.714	278.901	256.874	250.77	265.144	287.435	300.998	300.487	290.074	274.52	257.991	246.121	243.829	250.015	256.212	254.243	244.949	237.119	239.139	251.775	266.984	276.157	280.176	284.702	288.169	285.575	279.686	276.944	276.99	273.991	265.914	259.153	261.06	269.666	276.642	277.365	273.788	270.859	272.606	280.086	292.229	308.516	325.37	330.672	315.804	292.063	281.432	291.603	305.01	296.428	265.488	241.153	246.187	272.267	296.148	306.766	310.789	318.841	333.187	346.591	348.619	335.723	316.915	306.458	309.359	315.428	314.169	310.682	312.517	313.55	308.137	307.269	323.724	348.955	361.049	349.598	318.852	277.769	237.52	204.133	169.658	124.196	
135.47	181.178	208.603	227.574	245.945	257.955	257.727	249.463	241.372	238.011	240.965	251.366	270.066	299.809	344.19	397.451	439.346	450.763	432.215	397.92	359.138	322.187	292.556	272.046	258.437	249.871	243.993	237.957	234.797	240.633	253.629	267.913	285.202	309.789	337.224	356.573	361.291	354.744	345.073	336.671	327.996	317.418	310.01	313.306	324.991	332.649	325.464	302.1	274.124	260.66	270.127	290.032	301.81	300.358	291.696	281.205	272.392	268.085	268.797	272.478	273.624	266.484	253.282	243.338	242.659	249.707	260.001	270.532	279.478	283.659	280.797	274.75	272	272.885	272.439	267.069	257.542	250.143	251.407	259.076	265.891	269.19	270.073	270.939	277.193	292.551	313.081	332.466	346.239	347.237	332.292	314.9	314.136	330.114	339.616	320.484	280.418	251.97	256.34	283.512	307.523	312.903	305.99	302.477	308.585	318.19	323.648	323.428	320.388	318.317	319.013	318.475	312.833	307.824	309.02	310.248	306.513	307.275	322.445	342.96	349.205	333.243	300.116	257.448	215.311	181.156	148.731	107.837	
142.017	186.189	212.286	233.882	258.114	274.202	272.411	257.644	241.441	231.161	229.524	236.881	252.276	277.975	319.154	372.497	419.091	437.46	424.426	394.884	363.381	336.35	314.532	293.214	269.619	250.833	243.544	243.419	245.355	251.67	263.076	276.698	293.953	316.806	340.464	357.31	363.305	359.728	350.924	340.09	328.601	319.109	316.663	324.843	340.081	352.265	350.935	331.643	302.967	283.386	283.105	293.512	299.856	298.294	293.558	289.1	287.432	289.904	293.849	296.043	294.047	285.527	273.227	264.252	260.759	259.316	259.74	266.268	278.066	285.696	283.448	278.447	278.391	279.304	274.707	266.042	258.764	257.475	262.271	266.451	266.083	265.799	267.677	269.246	275.062	292.214	316.668	337.797	349.31	348.406	337.638	330.97	341.792	362.868	368.612	342.556	299.562	271.818	275.223	297.618	313.951	309.65	293.411	284.264	288.198	296.389	302.679	309.946	319.144	325.081	324.208	316.558	304.155	293.806	291.929	295.795	299.981	306.459	318.677	330.56	330.359	312.954	280.727	238.948	198.162	167.129	138.882	101.366	
145.655	189.198	214.453	236.953	263.761	281.874	279.992	263.526	245.084	232.221	227.553	231.622	243.509	265.669	303.774	354.413	398.677	416.038	404.586	380.796	360.577	349.106	340.967	323.31	291.985	262.528	250.652	252.327	256.887	263.909	276.313	293.284	313.699	334.196	348.599	354.821	354.979	350.885	343.976	336.082	329.815	328.337	333.097	342.573	353.245	361.3	362.031	350.214	328.007	307.138	296.315	293.02	291.329	290.612	291.552	292.083	293.287	298.532	305.457	309.012	307.383	301.366	294.762	291.541	288.9	280.806	269.593	266.163	275.386	287.517	292.298	293.277	295.922	295.113	286.847	277.295	273.731	277.396	282.474	279.909	270.906	267.218	270.847	273.41	276.724	290.489	313.467	334.287	344.799	344.065	338.084	339.387	355.589	375.983	377.974	351.681	314.095	291.39	292.478	305.11	309.579	297.057	280.086	277.418	288.881	298.602	300.854	306.018	319.649	332.148	333.366	323.194	306.03	288.209	278.384	280.538	290.598	302.192	311.585	316.957	315.321	302.168	274.089	234.351	196.472	170.407	146.046	108.489	
147.938	192.227	214.985	231.76	252.999	269.232	269.823	258.19	244.273	233.751	228.774	230.733	239.553	257.819	291.523	337.507	376.747	389.856	377.27	357.059	345.955	348.62	354.597	343.67	310.107	275.161	260.129	261.147	264.854	270.371	283.39	305.025	330.679	349.834	353.856	347.016	339.471	334.94	332.521	332.991	339.018	350.73	362.995	368.823	365.911	359.504	355.008	349.379	337.228	319.881	301.874	286.583	278.187	279.739	286.853	291.04	292.24	297.139	305.123	309.734	309.225	307.203	309.034	316.292	320.984	312.388	291.781	274.722	274.812	287.638	299.696	307.17	311.638	310.204	303.709	299.392	300.029	302.182	300.461	290.794	279.303	278.435	286.481	290.667	291.423	300.785	320.984	340.837	349.428	345.956	339.116	340.286	352.963	366.961	366.944	348.667	324.076	307.618	302.438	301.294	294.345	280.021	272.04	284.186	307.466	319.045	313.905	310.396	321.932	338.771	344.955	337.553	320.398	297.292	277.175	270.276	277.232	288.888	297.3	302.947	307.092	302.336	279.072	240.907	205.829	183.678	160.336	119.59	
146.69	190.372	208.12	214.87	226.446	239.978	246.02	243.563	237.332	230.506	225.532	225.394	230.761	243.132	268.382	306.346	340.971	352.772	340.36	321.278	314.495	326.761	344.901	343.427	315.137	283.406	270.783	272.822	275.354	277.814	288.12	309.756	336.588	353.143	349.19	334.316	325.045	325.509	331.053	341.078	359.173	382.579	399.101	397.113	376.966	352.673	338.614	334.585	329.636	316.1	294.97	274.55	265.684	271.871	284.098	290.721	292.168	296.725	304.178	308.126	308.092	308.963	316.592	332.651	346.732	342.404	316.724	287.705	277.224	287.57	303.641	314.575	319.087	319.06	320.393	327.266	332.933	328.953	316.09	300.708	292.333	298.174	310.373	314.509	312.645	319.379	338.513	356.887	360.516	350.339	338.892	336.105	341.608	347.755	348.225	342.88	334.186	322.56	308.431	294.456	282.188	273.974	279.071	303.432	332.359	341.373	327.006	312.242	317.119	334.851	346.556	345.693	333.864	311.426	284.561	265.881	261.82	266.828	273.82	284.211	298.028	301.61	281.143	244.503	213.985	195.811	171.379	126.211	
139.851	181.436	194.652	192.96	196.14	207.505	218.83	224.532	224.356	220.127	215.793	215.755	219.759	226.145	239.813	265.858	295.273	309.367	301.575	285.493	280.678	295.707	317.969	322.855	304.336	284.354	281.914	290.477	295.468	296.107	301.217	316.196	335.57	343.933	333.114	316.451	312.88	324.259	339.891	355.895	378.055	404.693	419.739	409.058	376.438	341.051	320.369	315.328	312.686	300.202	278.607	260.654	258.283	270.454	284.963	291.962	294.207	299.606	307.288	311.986	313.891	315.659	321.538	336.416	352.825	351.281	324.655	291.728	278.368	289.303	307.694	318.962	322.199	324.616	335.232	353.588	364.317	355.76	334.31	313.9	305.626	312.772	324.524	327.096	323.701	329.045	346.217	360.273	357.5	343.566	333.555	332.108	333.518	333.831	335.456	340.732	343.392	333.416	312.361	293.615	285.936	289.144	304.554	332.036	356.7	357.356	332.245	305.155	299.832	314.161	329.971	337.629	335.306	319.857	293.495	267.693	252.329	247.33	250.482	265.264	287.872	296.696	275.921	240.548	216.387	203.332	178.043	129.322	
129.315	170.042	182.715	177.221	173.957	180.998	192.804	201.785	204.755	203.512	203.923	210.428	219.12	223.238	226.187	238.516	260.023	276.306	277.456	270.015	267.413	275.975	288.046	289.165	278.775	274.325	286.871	306.057	317.04	319.204	321.389	328.37	334.649	328.926	309.544	292.902	296.969	320.256	345.894	364.737	383.612	405.002	414.287	398.429	363.824	328.943	308.066	302.192	299.129	285.628	264.104	251.222	256.851	273.31	287.108	292.949	295.784	301.947	310.539	317.928	323.029	323.691	321.661	326.347	336.579	334.035	310.045	282.813	276.624	292.766	311.972	320.823	322.64	327.799	344.069	367.477	381.264	374.658	353.771	330.505	315.211	313.619	319.447	321.1	318.263	320.658	330.687	336.763	330.655	322.628	325.239	333.327	335.333	331.999	332.902	341.176	345.65	333.184	310.017	296.705	301.428	316.28	335.975	359.093	374.23	364.944	331.041	294.832	280.156	288.806	306.204	321.486	329.024	322.705	302.307	277.279	257.019	244.142	242.143	258.314	285.794	296.39	273.583	238.464	219.083	210.129	184.855	134.224	
117.804	159.403	175.434	170.614	162.619	162.532	169.581	178.084	184.115	188.889	198.657	216.83	235.229	242.116	239.397	240.783	252.568	267.131	276.042	278.515	276.553	271.523	264.2	255.015	249.299	257.33	280.865	306.869	322.471	328.795	333.709	338.107	334.407	316.381	289.963	273.04	280.608	309.26	339.909	359.747	374.411	389.359	394.645	381.417	356.192	330.743	312.704	304.606	299.055	283.588	260.757	249.303	258.078	275.606	288.556	294.799	298.738	304.061	311.009	318.355	323.512	320.698	310.857	306.644	310.903	307.401	288.062	269.944	273.067	293.293	310.003	314.746	316.641	325.23	342.306	362.532	375.944	376.685	365.294	344.139	320.876	307.196	305.804	308.282	307.607	305.304	304.3	301.252	295.962	300.112	319.419	338.862	343.313	338.142	337.382	343.419	343.267	326.112	304.095	300.097	316.454	337.293	354.496	368.857	373.977	358.801	324.793	290.31	274.481	280.389	298.195	317.346	329.104	326.952	312.35	293.535	275.489	259.001	251.27	263.621	288.971	297.661	274.146	240.926	224.927	218.645	194.632	143.751	
106.547	148.748	169.536	168.781	159.289	152.933	154.24	162.17	173.612	187.391	207.18	235.147	261.731	273.525	271.476	268.518	272.052	279.954	288.386	292.626	285.835	266.926	244.943	230.665	230.144	245.18	270.895	295.602	311.37	321.524	331.83	338.886	333.499	313.461	288.484	273.494	278.449	300.321	324.3	339.836	351.572	365.006	374.107	373.379	365.428	352.016	334.774	320.684	310.413	293.277	268.369	252.912	257.591	273.095	287.44	297.896	305.109	309.519	312.601	315.625	315.822	307.265	293.116	287.187	291.131	288.589	272.665	259.53	265.765	284.532	296.749	299.266	304.144	316.539	331.296	344.049	354.61	362.537	361.73	345.424	319.401	299.972	296.448	302.789	306.38	301.515	291.639	281.367	276.99	289.002	316.828	340.98	347.037	343.178	343.673	348.634	344.79	325.132	305.469	306.797	325.673	342.915	351.081	353.775	349.981	335.265	312.85	294.137	289.133	299.553	319.318	337.721	344.404	337.2	324.033	312.462	300.139	282.513	267.199	268.199	281.849	284.143	263.168	237.509	227.77	225.454	204.745	155.248	
95.8982	137.934	163.623	169.045	161.728	153.066	152.012	162.043	180.842	203.632	229.356	259.093	286.317	300.883	303.436	302.467	301.597	300.496	299.221	293.539	276.255	249.337	226.013	217.444	224.791	243.568	267.234	288.278	303.133	315	327.167	335.175	331.704	318.109	303.742	296.098	297.141	303.921	310.078	313.659	321.322	337.563	357.539	374.901	384.746	379.896	359.845	338.002	323.596	307.594	282.554	260.341	255.068	265.037	281.161	297.512	310.19	317.394	320.732	321.801	317.416	303.304	286.504	281.154	285.694	283.173	267.95	254.562	256.941	269.64	278.404	282.899	292.542	306.67	316.849	322.056	329.443	340.864	344.923	330.745	305.657	288.816	290.999	305.682	316.845	314.654	302.378	288.609	282.194	291.659	314.338	333.57	339.716	341.02	346.925	353.808	350.026	332.659	316.846	317.675	328.819	334.423	330.629	322.621	313.103	303.832	299.897	305.054	318.516	338.459	360.611	374.082	369.462	351.909	336.68	330.316	323.69	306.332	282.648	266.867	261.729	254.457	238.688	225.789	225.91	228.471	210.516	161.966	
85.9147	128.285	159.408	171.9	168.921	162.101	164.113	180.368	206.95	235.244	260.074	282.634	302.765	316.445	323.539	326.792	325.071	316.693	302.563	281.721	253.771	226.782	212.89	215.868	230.169	249.72	271.104	291.222	307.582	320.186	329.471	332.24	325.856	316.442	313.369	317.293	320.979	317.927	307.875	298.619	301.14	319.359	347.686	377.007	396.415	394.646	372.409	347.867	334.813	323.918	301.041	272.042	254.423	255.62	270.281	289.524	307.067	321.254	332.941	340.8	338.501	322.119	302.087	293.505	294.133	289.208	274.491	260.502	257.24	262.767	269.613	277.834	290.481	302.012	305.165	303.579	307.97	319.258	322.624	307.215	283.809	273.189	284.508	309.087	329.569	334.831	327.041	314.34	304.637	304.941	314.114	322.408	326.785	334.063	346.089	354.911	352.465	340.258	329.131	325.46	323.059	314.985	303.07	291.686	282.804	281.075	293.838	320.249	350.234	376.624	396.181	401.339	386.698	362.015	344.651	339.813	336.802	322.589	295.728	266.894	245.011	229.665	219.748	218.892	226.769	230.323	210.091	159.313	
78.671	122.463	159.277	178.608	180.851	179.277	189.41	214.951	247.291	275.151	292.935	304.14	314.834	325.536	334.173	339.511	338.056	325.451	301.319	269.391	237.53	217.429	216.382	229.436	245.945	261.493	278.007	296.353	314.066	327.918	334.511	329.649	314.186	299.73	298.969	311.502	325.014	327.407	317.143	304.877	303.714	317.532	341.012	366.189	383.436	382.955	366.143	349.863	345.489	341.282	320.12	285.552	257.623	249.893	259.849	277.594	297.105	318.346	341.433	360.804	365.122	349.317	326.055	311.774	306.283	299.193	287.497	276.572	271.451	272.565	277.838	286.953	298.145	304.171	300.584	294.125	295.774	304.34	304.355	287.519	266.631	261.067	277.306	306.576	333.974	348.916	350.215	342.212	331.525	325.32	323.953	322.399	322.879	332.111	346.482	354.496	351.338	342.343	333.577	323.163	306.837	288.615	276.448	271.27	269.243	273.731	294.77	331.733	369.031	393.771	404.187	400.272	381.936	357.41	339.214	331.254	327.523	318.718	298.726	270.757	244.654	227.787	221.808	224.95	231.919	230.27	203.931	149.54	
78.3832	123.916	164.738	189.07	196.698	202.669	222.992	256.732	289.879	311.548	320.3	322.724	326.9	334.147	341.137	345.624	343.498	327.896	297.912	262.792	235.637	226.159	235.21	252.661	266.367	274.402	282.97	295.861	311.92	327.661	336.022	327.968	303.646	278.335	269.725	281.947	304.486	322.144	326.525	321.825	318.343	320.818	327.58	337.039	346.762	350.472	346.736	345.201	350.89	350.78	330.008	293.558	261.94	250.001	256.426	271.896	291.297	315.437	343.98	368.861	375.865	360.002	335.34	318.503	310.884	305.129	298.757	294.034	292.196	292.969	295.862	300.956	306.878	308.771	303.88	297.762	298.342	302.432	297.164	279.053	261.002	257.487	271.654	297.665	326.951	350.39	361.177	358.922	351.287	346.995	344.736	338.618	333.491	338.878	350.676	355.341	348.851	338.752	328.636	311.704	285.756	263.462	257.125	262.879	268.891	274.997	293.883	328.884	364.029	382.848	384.379	375.291	359.031	338.928	320.24	305.592	295.848	290.49	283.889	270.902	255.049	243.645	238.282	235.983	233.892	224.235	193.215	137.86	
86.1492	132.909	174.448	200.389	212.19	225.432	253.57	290.634	319.884	333.865	336.828	336.271	337.179	340.026	343.588	346.532	343.311	325.517	293.803	261.822	243.614	243.429	256.269	270.992	278	278.515	280.804	289.219	303.442	321.52	334.976	329.813	302.514	268.799	250.026	255.732	280.044	307.967	325.203	327.577	320.964	311.943	304.134	302.317	309.618	320.702	328.93	336.341	344.273	343.057	323.615	292.213	266.156	257.572	265.098	280.412	298.581	319.949	344.225	363.72	365.424	346.918	323.067	308.787	304.789	304.283	305.002	308.247	312.102	313.248	311.469	309.597	310.348	312.693	313.412	312.983	313.988	312.223	299.855	279.312	263.058	260.001	269.793	289.456	316.812	344.49	360.936	363.104	361.155	364.018	365.669	356.848	344.301	342.149	349.226	351.436	343.174	331.731	320.081	300.076	270.935	249.306	248.577	260.97	269.559	271.699	281.39	306.642	335.912	352.702	353.864	346.102	333.081	315.54	295.612	275.415	259.519	254.611	259.1	263.061	261.623	257.531	251.758	243.244	233.317	217.723	183.651	128.307	
97.6808	145.5	185.287	209.258	222.14	239.135	269.529	304.588	329.136	339.846	343.578	344.878	343.197	339.434	338.198	340.327	337.815	321.45	293.734	269.221	259.57	264.289	274.948	281.404	278.689	272.394	272.32	281.599	297.74	318.022	334.661	333.441	308.777	274.4	251.599	251.64	271.022	296.121	311.966	312.34	301.939	288.989	279.866	280.554	293.658	311.663	324.08	329.38	330.157	324.302	309.394	289.942	276.022	274.936	285.234	300.278	315.606	331.035	346.59	355.956	348.717	325.682	302.329	291.414	292.188	298.28	308.054	320.944	329.954	328.417	318.979	310.259	309.172	316.333	326.325	333.475	334.812	326.562	306.714	282.561	266.544	264.598	273.491	289.768	313.933	340.577	357.513	362.264	365.955	374.178	375.644	359.933	337.166	326.18	329.79	334.893	332.935	327.277	319.11	300.78	272.782	251.8	249.493	257.293	259.89	255.244	255.967	272.203	298.716	321.321	331.481	328.965	315.183	293.505	270.37	250.151	236.252	233.906	242.445	252.648	257.644	258.069	255.407	250.004	242.2	224.948	185.57	125.579	
108.984	158.582	196.166	215.719	225.703	241.179	267.695	296.965	319.07	333.482	344.432	350.315	345.586	333.322	325.678	327.568	329.732	321.491	304.214	289.595	286.221	292.016	297.894	294.719	281.474	268.483	268.131	282.61	304.397	325.299	338.356	335.655	314.907	286.915	267.956	266.153	277.946	291.826	296.212	288.748	276.575	268.334	268.595	279.248	299.037	319.1	328.9	326.823	318.569	309.941	303.435	298.478	295.719	298.055	305.991	317.24	330.14	344.12	357.15	361.33	346.929	317.718	291.434	280.562	283.575	294.864	312.908	333.569	344.43	337.053	318.476	303.69	302.797	316.251	336.273	352.016	355.477	343.208	317.21	287.421	267.872	265.865	276.569	292.783	313.805	336.462	351.962	359.799	368.48	377.583	372.511	345.06	310.025	290.584	293.654	308.172	321.981	330.922	331.483	317.128	290.833	267.795	256.551	250.72	242.02	231.466	228.346	241.539	270.143	302.377	324.237	326.664	307.977	276.855	248.578	233.107	230.743	236.584	243.869	247.738	248.974	251.505	256.701	262.745	264.391	248.395	201.886	132.741	
120.282	172.892	209.125	223.343	227.22	236.418	254.477	275.985	297.664	319.569	339.445	349.169	340.953	320.879	307.488	310.889	322.797	329.422	326.293	319.939	318.165	321.106	321.209	310.451	290.415	274.568	277.182	299.444	327.731	346.139	348.52	337.477	318.365	298.901	286.875	284.743	289.372	293.133	288.229	275.719	265.366	265.29	275.142	290.481	308.042	322.448	326.876	320.192	308.951	302.986	306.351	312.491	314.042	311.913	311.287	317.266	333.364	357.463	380.023	386.317	366.1	328.392	296.677	285.086	290.348	305.057	325.725	345.657	351.539	336.233	309.324	289.081	287.923	306.631	336.076	361.761	371.547	360.992	332.558	296.07	268.092	260.637	270.126	286.143	304.975	324.672	340.818	354.038	367.431	374.595	360.794	322.103	277.756	254.122	260.547	286.713	316.964	340.217	348.444	336.9	312.039	287.506	268.158	249.732	230.828	215.852	211.738	224.883	255.24	292.661	321.265	326.87	305.194	268.019	237.023	227.736	238.874	254.501	258.9	251.997	246.233	250.585	263.499	278.249	285.852	271.066	220.966	145.416	
131.299	187.573	223.48	233.072	230.264	231.651	240.44	254.7	276.322	303.679	327.332	335.668	323.038	298.83	284.219	292.292	316.587	339.954	349.577	346.208	339.617	334.84	327.384	311.945	292.597	282.653	293.931	324.325	355.679	368.334	359.042	339.852	322.143	309.673	301.599	296.292	293.996	292.689	286.446	275.442	269.516	275.981	289.125	298.596	302.886	305.291	305.21	300.639	294.457	294.868	305.097	315.387	314.695	304.53	295.676	300.468	326.877	369.451	407.621	417.682	390.785	344.571	309.642	300.69	310.388	327.094	344.447	355.579	350.727	326.49	293.391	269.767	268.547	290.415	325.318	357.448	373.66	369.159	344.871	307.631	273.468	258.086	262.365	276.643	294.308	312.441	329.502	346.642	362.338	366.759	347.27	304.179	259.346	239.673	253.01	286.148	321.043	346.089	354.49	343.879	322.071	300.694	281.703	260.802	238.329	219.783	212.309	221.683	247.426	281.044	308.781	316.234	297.788	264.502	237.938	234.593	252.986	272.953	275.186	263.017	255.317	261.975	276.517	288.537	291.584	275.613	227.983	153.971	
137.698	195.65	230.802	237.781	231.802	229.356	233.192	243.428	264.603	292.951	313.927	315.699	297.789	272.849	260.869	273.99	306.874	340.849	356.871	351.397	336.898	323.208	309.025	292.871	281.082	283.188	303.733	336.084	363.009	369.661	357.895	342.123	331.855	324.809	314.348	299.774	288.334	283.783	280.073	273.708	272.556	283.159	295.784	295.523	283.896	274.114	272.454	275.213	278.645	285.837	298.717	307.596	301.496	284.299	271.66	279.531	316.267	372.625	420.328	430.918	399.443	350.909	318.494	313.802	325.754	341.373	354.211	358.044	345.23	314.793	278.549	254.802	254.83	276.613	309.025	338.583	355.647	357.12	342.918	315.813	286.728	270.417	272.072	285.086	300.869	314.798	327.327	341.257	354.29	356.55	337.393	298.593	261.448	250.684	270.066	301.584	326.667	339.84	341.564	331.531	314.871	300.636	290.685	279.699	263.518	244.106	229.806	229.134	243.467	267.134	289.746	298.363	286.936	264.321	247.72	249.276	266.452	282.518	283.605	275.476	274.359	284.636	294.846	294.379	283.916	262.405	218.723	151.624	
135.314	190.629	223.068	229.433	225.577	226.35	232.446	243.179	263.719	290.552	307.806	303.692	281.152	255.348	244.605	258.735	292.249	326.423	340.758	330.96	311.315	294.094	279.572	268.272	266.642	278.388	299.835	322.61	337.785	342.287	341.944	344.148	348.176	344.794	326.143	297.515	274.542	265.008	261.889	258.657	261.341	275.972	290.514	286.747	267.206	251.325	250.691	260.829	272.634	284.793	298.559	304.932	293.425	270.507	255.567	264.481	302.097	356.998	401.48	409.931	381.188	340.513	315.788	313.037	321.177	331.883	342.761	347.753	336.633	306.737	271.122	249.499	250.951	269.274	292.908	313.44	326.402	330.414	325.849	313.767	299.195	292.01	298.013	312.154	324.572	330.223	332.266	336.762	343.835	345.513	331.463	301.125	272.17	266.581	286.081	310.735	322.893	323.061	318.583	310.306	299.164	292.282	294.33	299.782	296.969	280.53	258.56	244.101	243.785	256.444	274.054	283.963	279.861	268.738	262.308	266.033	276.014	283.331	284.357	285.988	296.447	311.99	317.28	302.853	275.921	243.889	199.828	139.426	
124.601	174.477	203.357	209.975	210.365	218.216	231.796	246.592	266.236	290.712	307.497	303.421	279.274	250.758	237.308	248.546	277.658	305.532	314.098	301.609	282.529	268.682	260.111	256.624	262.588	276.703	289.949	295.918	297.382	303.343	319.727	342.147	358.374	355.409	328.332	288.778	257.122	242.227	236.898	234.284	240.022	259.804	280.42	281.529	264.355	249.636	251.556	265.989	281.37	294.605	307.822	312.718	297.914	270.52	251.627	255.254	282.24	322.063	354.542	361.785	343.645	318.136	302.972	299.759	301.357	306.703	318.378	330.115	327.373	303.829	272.456	253.975	256.166	270.417	285.852	298.168	305.44	306.456	304.077	301.991	301.687	306.304	318.69	334.042	342.507	339.949	332.389	328.793	331.465	333.987	325.426	301.469	275.25	267.365	282.096	302.64	311.878	309.864	305.547	300.933	294.757	292.851	302.595	319.641	327.663	314.974	286.991	259.127	244.28	247.06	260.81	272.179	275.276	275.333	276.991	278.836	278.718	278.104	281.668	293.559	313.736	333.867	337.282	314.117	273.779	229.532	180.904	124.587	
110.768	156.501	183.884	190.911	193.132	205.605	226.289	245.612	263.478	284.681	303.807	306.3	285.853	255.505	237.976	245.615	270.24	291.896	296.353	285.228	271.263	263.604	261.379	262.965	270.584	280.958	283.916	276.273	269.167	277.352	302.794	332.076	349.01	343.862	316.392	278.84	248.213	231.403	223.337	219.985	227.648	251.261	277.097	284.314	272.635	261.896	267.33	285.356	302.372	313.438	322.337	323.471	305.79	275.559	252.386	247.256	259.245	281.815	303.644	313.294	308.687	298.636	291.785	288.342	286.225	289.21	302.081	318.551	322.626	306.662	282.333	268.51	271.937	284.63	296.917	305.092	306.566	300.157	292.9	293.318	300.837	311.204	323.311	334.295	337.502	330.742	320.961	316.615	319.064	322.437	316.639	295.382	267.792	253.711	262.778	284.589	301.542	307.62	309.108	309.88	308.687	308.926	317.592	333.112	342.016	331.774	302.916	267.744	242.709	237.756	247.27	258.132	267.145	278.162	286.609	284.067	273.541	267.918	275.783	294.809	318.931	340.62	344.83	319.772	273.053	220.634	167.832	113.734	
101.693	147.578	177.101	184.533	184.154	194.683	216.872	237.837	253.226	271.052	293.292	305.784	294.549	267.074	247.798	252.433	273.042	290.017	292.582	284.724	276.789	274.753	276.928	280.173	284.349	286.857	281.17	268.187	261.272	272.492	297.189	318.699	326.034	318.941	301.472	279.677	260.047	245.79	236.451	232.876	241.384	264.618	288.871	295.138	283.375	273.011	280.825	304.468	327.054	337.914	339.589	331.318	307.617	275.71	250.896	239.719	242.133	256.857	276.975	291.445	295.555	294.087	292.35	290.997	290.278	293.748	305.04	319.281	323.865	313.344	297.353	289.98	296.007	309.582	322.405	329.207	326.112	313.423	301.924	302.912	313.321	322.055	324.506	322.363	316.678	308.987	304.309	306.196	312.139	316.4	311.608	291.442	261.129	239.101	240.497	262.191	287.13	303.191	312.291	318.923	322.095	321.767	322.086	325.618	328.564	323.052	303.464	273.456	247.846	238.904	241.954	246.893	256.563	275.095	289.197	283.81	266.143	257.162	266.4	286.397	309.087	330.231	336.816	314.57	268.074	213.797	160.142	107.761	
103.111	153.26	186.989	193.924	187.265	190.225	208.134	227.735	241.415	257.095	281.1	301.942	302.05	282.661	265.34	266.926	281.982	293.596	293.57	286.974	282.782	285.749	294.228	301.749	302.286	293.845	278.367	263.589	261.265	275.983	297.081	308.519	306.514	299.794	295.37	292.103	285.956	276.879	269.175	267.984	277.627	296.526	311.764	308.863	289.869	274.125	280.384	309.212	341.483	358.007	355.007	335.714	304.646	272.621	249.399	237.312	239.512	258.8	285.854	303.766	306.686	303.342	302.42	305.359	310.155	315.186	321.194	327.189	327.574	320.073	311.305	309.73	317.461	330.762	343.73	350.352	346.239	333.653	324.818	330.424	344.675	350.745	339.944	319.063	300.232	290.786	292.57	302.897	315.187	322.924	320.207	300.521	265.804	233.434	222.962	237.424	262.741	284.521	299.663	309.853	313.963	310.629	301.904	294.024	293.559	298.867	298.582	285.758	269.446	260.43	254.717	247.855	250.859	269.972	287.004	282.867	265.264	255.864	262.369	276.627	293.74	313.189	322.093	303.194	258.875	206.091	154.371	104.253	
111.95	166.961	203.665	208.922	195.873	191.11	204.033	222.689	236.801	251.197	273.476	296.882	305.583	295.778	282.188	280.406	289.216	295.702	292.847	285.462	282.393	290.236	309.087	327.17	328.195	308.496	280.437	260.745	259.149	273.661	291.757	299.846	296.668	292.835	296.104	303.312	306.8	304.452	301.496	304.235	314.134	325.866	329.047	315.467	289.173	267.612	269.646	299.276	339.014	364.209	362.771	338.22	303.698	273.323	252.226	241.404	248.557	277.999	314.047	332.33	327.729	316.462	313.203	320.013	330.526	336.59	336.498	334.411	331.704	327.21	323.187	323.101	327.173	334.658	344.24	351.219	350.777	345.191	345.016	358.822	379.859	387.32	367.446	330.127	297.405	282.37	285.384	300.736	319.637	332.957	333.327	314.065	276.169	236.552	216.14	220.899	241.132	264.089	281.785	290.413	289.444	280.902	267.808	257.517	261.292	280.78	300.672	306.397	301.664	294.408	280.836	261.868	254.895	268.014	282.891	281.749	271.457	267.741	272.391	278.271	286.703	301.487	309.609	291.73	249.207	199.357	151.229	103.674	
116.953	173.139	210.361	215.684	201.305	193.497	204.484	224.973	242.165	255.946	273.558	293.7	305.144	301.184	289.949	285.974	292.159	297.567	294.139	286.114	283.268	295.024	323.718	353.139	357.621	330.673	292.091	265.472	259.198	267.969	281.195	289.171	290.075	290.366	295.735	305.487	314.813	319.91	322.322	326.77	333.192	335.581	328.507	310.201	284.509	263.688	263.341	289.364	329.341	359.889	363.717	341.169	307.99	279.024	257.588	246.546	256.957	292.263	332.134	348.938	339.162	323.003	317.503	324.614	336.119	341.639	339.27	336.384	337.387	339.124	338.184	333.721	326.582	321.696	323.822	330.422	335.955	340.096	348.742	368.226	393.693	404.182	382.8	339.198	298.347	275.794	273.732	288.111	309.364	324.941	326.259	309.299	276.462	241.917	222.588	223.782	240.451	263.743	281.781	284.624	273.272	257.082	243.412	238.528	251.244	281.525	311.969	326.107	326.736	320.651	303.911	279.563	265.746	269.498	275.814	274.041	272.238	278.241	285.62	286.516	286.595	293.395	296.608	279.17	242.194	199.695	156.681	109.986	
110.188	162.742	199.884	210.447	201.964	195.459	205.621	228.567	250.486	265.751	279.521	294.041	302.575	298.781	288.798	287.446	298.103	306.771	302.881	292.647	288.751	301.677	333.85	367.812	375.252	348.438	308.677	280.507	270.385	271.545	276.113	279.37	281.139	284.223	290.723	301.583	315.023	325.512	330.812	334.254	335.042	328.258	315.056	299.881	284.114	271.793	272.661	292.952	326.328	355.552	363.535	346.859	317.721	288.795	264.377	250.324	258.129	289.672	325.274	340.242	332.454	319.598	314.723	318.434	325.357	329.567	330.758	335.004	345.178	355.152	356.058	343.684	322.268	303.838	297.596	302.073	311.161	321.178	332.929	351.252	374.751	386.613	370.939	333.558	293.549	265.241	255.601	264.97	283.39	295.944	295.507	283.651	264.777	246.976	239.105	244.193	261.414	286.054	304.213	301.336	279.358	254.563	240.101	241.435	261.552	295.142	323.97	334.843	333.876	328.312	313.669	291.94	276.718	270.919	264.141	255.474	256.119	268.794	281.449	284.005	281.09	280.422	277.184	262.453	237.805	208.489	171.43	122.748	
95.1572	141.838	179.915	199.959	201.85	197.969	204.763	226.144	250.77	269.145	282.642	293.447	297.401	291.532	285.171	293.687	315.398	328.427	319.857	301.325	290.93	299.122	326.662	358.028	368.772	351.448	323.271	303.763	295.491	290.361	283.407	275.778	271.612	273.501	281.208	294.514	310.699	322.626	327.826	330.015	327.035	314.626	300.334	294.165	293.881	293.776	296.916	309.872	332.177	354.313	363.899	355.431	333.619	305.895	277.953	258.211	257.236	276.656	301.834	315.036	315.176	312.874	312.734	313.262	314.837	319.003	326.09	337.026	352.041	365.149	365.546	347.593	318.854	295.162	285.702	288.114	295.798	303.265	310.077	322.117	340.812	354.441	349.898	326.071	291.115	257.665	239.818	243.405	258.535	268.535	267.269	260.966	256.289	256.044	261.411	272.635	290.68	313.538	329.135	323.201	296.895	267.215	250.479	253.674	275.955	306.484	327.106	330.681	327.764	325.021	316.26	301.112	287.284	273.265	253.056	233.878	229.614	241.759	257.863	266.317	266.469	261.98	253.336	242.284	231.537	215.772	183.466	131.99	
82.118	124.023	163.612	193.308	206.025	204.605	204.73	217.962	239.415	259.543	275.831	287.377	289.772	283.528	283.302	305.047	339.788	356.831	341.184	309.691	286.312	282.65	298.916	323.757	339.304	338.195	330.356	327.271	325.822	316.176	297.7	278.327	265.791	263.449	271.259	287.081	304.151	313.887	316.143	316.277	311.785	299.541	290.834	297.668	313.409	323.899	326.925	330.19	338.854	351.248	361.742	364.157	354.208	331.587	301.773	275.319	262.705	266.467	278.037	288.01	296.936	307.411	314.851	316.017	316.451	322.54	332.907	343.27	353.259	360.901	358.435	341.656	318.664	302.579	298.153	301.068	304.196	302.418	298.917	303.201	317.966	334.824	342.572	331.874	299.928	259.418	232.881	232.31	248.441	261.64	262.775	259.146	260.976	270.995	286.247	302.747	318.377	331.628	337.491	329.305	306.923	279.907	261.866	263.026	283.443	309.162	322.46	321.864	321.057	324.67	323.856	315.46	302.581	281.7	251.075	222.611	210.599	217.068	232.405	245.07	249.086	243.284	231.276	222.52	220.524	212.583	182.334	129.644	
79.6255	120.461	162.001	198.931	220.272	220.564	212.158	212.445	225.428	245.085	265.75	281.684	285.939	280.557	284.323	314.208	357.113	377.672	358.882	318.466	283.358	266.825	269.437	284.306	300.687	312.198	322.409	335.491	342.871	332.773	308.606	283.744	267.007	261.995	270.465	288.319	303.657	307.146	302.122	296.838	291.681	286.176	290.536	312.17	339.35	354.437	354.25	347.724	343.516	346.355	357.163	369.891	372.485	356.9	327.362	296.64	275.513	265.851	263.103	266.164	278.728	297.541	311.371	316.153	319.648	328.329	338.356	343.833	345.699	345.487	340.226	329.934	321.621	320.929	326.032	331.384	330.228	318.799	304.715	300.678	309.788	326.393	341.118	338.552	308.182	263.031	231.768	231.157	252.551	273.113	278.868	275.257	276.01	288.359	309.534	330.546	341.976	340.441	330.305	317.208	301.96	283.967	269.187	269.233	287.462	309.779	319.124	317.278	319.237	328.347	334.27	331.12	318.557	293.467	258.067	225.52	207.966	207.568	218.001	229.248	233.443	227.796	216.874	211.414	213.73	208.246	177.615	123.995	
89.0205	133.912	179.151	220.638	246.31	246.069	229.205	216.649	220.522	239.632	265.637	286.986	293.486	287.703	290.333	319.038	361.283	383.186	366.755	326.507	288.55	266.152	258.641	261.517	270.557	282.697	298.979	319.845	334.732	331.016	312.297	291.783	276.983	272.654	283.221	302.346	313.347	307.171	291.216	277.927	272.949	278.584	299.731	334.252	365.688	379.183	375.95	364.902	352.95	347.413	354.692	370.451	378.647	366.54	338.073	308.472	287.675	273.18	260.266	254.13	262.812	281.441	296.475	303.682	310.113	319.56	326.943	328.639	327.363	324.381	319.081	316.569	323.676	338.272	352.065	359.535	355.946	338.866	317.44	304.851	304.756	314.846	328.399	328.353	301.319	259.47	232.038	236.287	263.709	291.204	302.602	299.837	296.618	304.934	325.959	348.573	356.658	343.4	318.853	298.73	287.915	280.396	273.822	276.324	292.454	310.317	315.417	311.265	312.388	321.981	330.607	331.042	320.5	296.893	264.839	235.943	218.232	212.554	215.277	219.968	221.601	219.463	216.761	219.068	225.332	220.374	187.72	130.447	
103.103	155.692	206.614	250.126	274.636	270.895	247.953	227.302	225.06	244.296	275.227	300.648	307.475	299.617	298.674	321.514	357.677	378.06	365.294	329.97	295.711	274.685	264.111	259.574	260.543	266.602	278.054	295.322	311.436	316.457	311.097	302.266	293.237	289.94	300.153	317.629	323.819	309.69	284.409	264.04	259.513	274.574	307.834	348.734	378.826	389.132	386.791	378.801	365.963	354.305	353.931	363.492	367.395	352.852	325.343	302.029	290.876	283.358	271.058	260.747	262.968	274.321	283.263	286.925	291.333	298.037	302.196	303.479	305.204	305.184	302.126	305.104	322.307	346.656	364.792	371.713	366.43	348.399	325.163	307.512	299.716	302.605	311.821	311.561	289.094	255.504	237.165	248.106	279.044	309.753	325.655	325.156	318.047	317.944	331.252	349.742	355.873	339.676	309.976	285.23	275.154	274.999	277.209	282.927	294.294	303.136	300.995	293.442	292.234	299.313	307.756	311.491	306.453	290.63	269.113	250.979	239.377	231.769	226.145	222.032	221.015	225.638	234.92	245.804	254.066	247.672	211.851	148.885	
112.48	171.825	227.657	270.624	290.376	282.437	257.54	234.68	229.283	247.358	279.795	305.622	309.843	299.002	295.741	314.744	346.506	366.219	357.379	327.209	296.908	278.972	271.305	269.311	271.72	276.02	279.731	284.672	291.876	299.032	305.939	311.547	311.178	307.774	311.79	322.332	324.497	308.391	280.39	257.378	253.544	271.777	305.812	342.993	367.973	376.485	377.915	376.463	367.222	353.29	345.736	345.642	340.831	322.057	296.558	281.252	282.464	289.307	290.727	289.686	292.443	295.177	291.289	283.354	279.38	280.694	283.348	288.755	298.089	303.594	301.924	305.107	323.616	348.411	363.001	363.572	354.829	339.538	321.547	306.338	297.609	298.468	306.568	308.034	290.952	265.315	255.152	270.887	301.4	329.387	343.869	342.487	331.447	322.849	325.763	336.909	342.132	329.838	303.337	278.334	268.041	271.911	280.624	288.585	293.648	291.427	281.606	272.462	270.958	275.849	283.638	291.859	295.553	290.588	281.173	275.154	272.215	265.764	254.001	242.258	239.088	249.245	266.059	278.485	281.784	269.575	229.804	162.979	
114.802	175.3	230.879	270.408	285.527	276.074	253.41	232.717	226.534	241.926	271.51	293.373	292.224	277.382	272.183	289.374	320.931	345.448	345.341	322.716	295.63	279.098	275.872	282.416	293.523	300.733	297.256	286.569	278.725	281.315	296.418	316.756	327.892	325.325	319.915	319.216	316.571	302.32	278.058	258.762	258.541	276.395	302.386	327.844	344.709	350.668	353.23	355.18	349.382	335.783	323.922	316.328	305.392	286.219	265.708	257.594	267.73	288.596	310.689	330.482	343.138	340.354	321.723	298.786	283.775	278.682	280.634	291.74	309.806	321.219	320.091	319.911	332.902	350.016	354.145	343.648	329.252	317.705	309.167	302.445	298.403	300.925	310.594	316.829	307.539	289.713	284.993	301.791	327.619	346.692	351.703	343.401	328.401	316.244	313.871	320.05	324.672	316.404	294.553	272.253	264.308	272.726	287.796	299.494	301.444	291.542	276.509	267.191	265.958	268.389	274.882	287.816	301.239	306.424	304.882	304.574	305.611	300.794	287.765	273.257	268.974	280.628	297.433	303.738	296.426	275.035	230.731	162.907	
116.057	171.168	219.043	251.513	263.37	255.9	238.889	224.057	220.572	234.267	259.336	275.735	269.48	251.061	242.643	255.967	286.951	318.583	331.228	319.936	297.722	281.592	280.304	292.503	309.092	316.325	305.276	282.209	264.019	264.521	286.44	318.049	338.76	338.436	326.592	316.493	309.193	297.004	278.159	265.117	270.409	288.694	307.275	322.328	332.055	333.441	331.233	329.95	323.981	310.459	295.89	283.888	271.596	257.431	245.694	245.246	261.696	292.188	330.105	366.767	387.723	381.385	353.219	321.133	298.237	285.821	282.738	293.249	314.89	331.649	334.551	334.142	341.545	349.646	344.223	325.603	306.948	297.751	297.69	301.286	304.298	308.233	317.201	326.813	325.846	315.943	313.725	326.709	343.807	350.877	343.294	326.256	309.516	300.36	300.357	306.216	309.912	302.377	283.71	266.561	264.368	278.943	301.278	319.077	322.159	309.129	291.203	280.926	278.066	276.538	279.458	293.403	312.775	324.315	324.623	321.106	318.407	314.182	305.578	295.198	292.762	304.243	318.154	317.852	301.531	271.81	222.469	153.926	
122.682	169.594	205.051	227.701	236.859	233.602	224.887	218.933	220.655	233.251	253.381	265.879	259.197	242.287	232.765	240.01	264.22	295.031	314.671	313.761	298.93	284.964	283.63	296.151	311.953	315.109	297.749	269.858	251.395	255.637	281.753	315.726	338.043	339.513	328.562	318.418	311.983	301.836	284.206	270.879	275.662	293.347	310.529	324.436	333.851	332.648	323.359	314.404	304.977	290.986	275.007	261.152	251.214	245.877	245.796	254.742	277.163	311.535	351.468	387.049	403.656	392.856	363.814	333.106	308.287	288.112	274.427	275.94	294.065	315.149	327.242	332.902	338.575	340.97	331.958	312.569	293.568	285.388	291.307	305.679	317.785	322.808	327.026	334.488	338.051	334.17	331.747	336.845	342.341	337.724	320.869	299.751	285.662	283.61	290.133	298.441	301.053	293.026	278.645	269.244	272.898	290.84	317.931	341.149	346.065	331.465	311.832	300.444	295.875	291.071	288.63	296.828	313.237	324.121	321.412	310.771	302.423	300.303	300.312	298.568	300.318	311.432	322.693	319.31	299.371	264.928	211.364	142.01	
133.197	174.221	199.144	213.773	222.134	224.433	224.151	225.839	230.097	237.977	250.513	260.051	258.255	250.299	245.988	248.862	260.481	278.876	294.781	299.87	294.353	286.513	287.06	299.244	313.157	312.825	292.324	264.52	249.381	256.419	281.066	309.777	327.768	330.434	326.706	326.627	328.438	320.326	296.896	272.662	266.96	279.569	298.332	317.883	333.409	335.293	323.619	309.148	296.661	282.924	266.866	252.845	247.282	252.436	264.553	282.074	307.582	338.565	367.159	386.111	388.757	373.596	349.574	326.342	303.859	278.764	256.252	249.097	262.426	286.297	307.466	320.492	326.437	326.122	317.528	300.846	282.648	274.046	283.682	308.062	330.448	337.691	335.864	337.751	343.231	345.284	343.528	340.278	332.583	316.513	294.733	275.899	268.441	274.145	286.85	297.3	298.434	290.612	282.823	282.59	290.086	306.766	333.795	358.536	362.483	344.987	323.515	311.385	306.72	301.896	295.922	295.025	300.912	304.289	296.279	281.49	273.291	277.592	286.996	292.54	296.05	303.406	309.485	303.695	283.848	249.511	196.181	129.158	
139.734	179.86	202.097	216.05	227.717	235.059	238.495	241.111	241.613	240.066	242.024	247.696	252.245	256.642	262.341	265.367	265.576	268.783	277.116	285.906	289.827	290.228	294.894	307.731	320.383	318.047	296.053	267.903	252.158	256.531	276.614	300.344	315.144	319.581	324.482	337.258	348.991	341.194	308.235	270.101	252.295	258.949	278.251	301.114	320.488	327.243	319.794	306.901	295.02	282.033	265.712	252.146	251.788	267.075	289.252	311.386	334.132	354.778	366.129	366.208	357.294	341.867	324.155	306.943	287.522	263.56	241.6	234.177	246.297	270.09	293.464	308.067	312.66	311.138	304.509	290.276	271.443	260.452	270.275	299.542	328.299	337.297	331.422	330.367	340.626	352.227	355.237	346.249	325.365	297.601	273.168	260.229	260.87	272.63	288.743	299.505	298.628	290.891	288.763	296.305	307.353	322.805	347.614	369.92	369.901	348.122	323.346	308.193	301.989	298.823	294.175	289.228	286.997	283.431	272.25	258.553	255.751	267.173	281.697	288.616	288.57	287.399	284.151	273.591	254.782	225.459	179.246	119.41	
138.44	182.407	210.883	231.601	247.897	255.272	254.54	251.648	246.055	236.349	229.766	232.224	242.176	257.252	272.377	278.207	273.039	267.881	272.807	284.986	295.11	300.513	306.422	316.31	324.298	318.75	296.069	267.746	249.495	249.544	266.339	288.404	302.472	308.607	319.366	340.058	356.346	346.492	307.797	265.303	246.195	253.645	273.122	292.173	305.645	310.962	307.984	300.439	291.038	277.887	261.176	250.102	256.343	280.059	308.424	331.041	346.929	354.434	350.343	339.006	327.956	317.957	305.59	289.932	272.454	254.938	241.537	239.397	251.361	271.394	289.804	299.104	298.975	295.955	292.131	281.581	263.63	250.569	256.756	282.336	308.739	316.351	309.436	310.141	327.661	349.623	359.462	348.758	319.324	284.049	259.683	253.011	259.756	273.979	290.188	300.404	298.534	290.057	288.936	299.443	313.99	331.524	355.51	374.476	370.846	346.236	317.477	295.753	283.754	280.552	281.069	281.325	281.798	279.91	271.125	261.071	261.806	273.939	285.884	288.762	282.922	272.83	259.684	242.621	223.484	200.543	164.945	114.629	
134.716	185.123	223.461	251.034	266.466	266.212	256.591	248.9	243.232	234.416	227.297	230.677	246.249	269.152	289.019	294.576	286.334	279.149	285.3	300.424	312.68	317.86	319.254	320.133	318.78	309.002	288.636	264.765	247.688	245.426	259.232	278.38	289.854	295.51	308.038	329.576	343.437	330.888	295.331	263.2	256.457	272.371	292.538	302.901	302.86	298.936	294.61	288.8	279.234	265.131	250.879	246.683	260.86	289.622	318.681	337.589	345.305	342.332	330.298	317.58	312.024	309.787	301.148	284.909	269.155	259.343	254.563	255.37	264.464	279.195	291.109	292.744	285.501	279.32	278.471	274.938	263.109	251.146	251.576	266.544	283.502	287.474	281.567	284.587	304.922	330.968	345.222	336.917	308.12	275.013	255.776	254.274	262.427	274.068	287.263	297.125	296.48	287.457	283.256	291.126	306.281	326.075	349.997	366.864	363.186	340.771	311.561	283.878	264.184	258.276	263.645	273.299	283.772	290.463	288.283	282.347	282.739	289.028	292.993	290.085	280.51	265.957	247.004	224.626	203.206	183.093	154.626	111.481	
135.665	191.189	234.935	262.275	270.043	259.784	244.586	239.077	242.229	243.819	243.736	251.534	272.457	300.31	319.672	318.7	303.519	293.829	301.481	319.199	333.22	337.32	332.423	322.944	312.823	301.82	288.61	274.032	260.891	255.65	262.714	274.323	279.603	282.009	293.201	311.875	320.793	307.304	281.532	267.657	277.998	302.609	321.533	322.366	309.223	295.122	286.212	278.441	267.181	254.26	246.461	250.72	269.707	296.984	319.109	327.948	325.815	317.824	308.472	304.101	307.669	311.535	304.988	289.029	275.274	269.748	267.902	267.497	273.306	285.326	293.775	289.548	276.013	266.834	268.992	273.825	270.764	261.784	256.501	259.898	266.903	268.086	263.809	265.94	281.183	302.348	315.633	310.694	289.499	267.459	258.943	262.657	268.615	273.65	280.885	288.779	289.499	281.297	274.474	277.493	288.786	306.008	326.485	340.709	340.429	327.578	306.941	280.445	255.745	245.304	251.302	266.095	283.232	296.328	300.277	299.344	300.292	301.215	297.611	289.736	279.079	265.403	246.976	223.968	201.164	179.687	150.886	108.857	
139.662	195.367	237.078	259.041	260.472	247.866	236.199	238.609	252.8	266.149	274.324	285.753	308.293	336.238	351.035	339.977	313.981	297.859	303.989	323.706	341.589	347.409	339.003	323.348	310.203	303.494	300.7	295.61	284.312	273.075	271.095	274.712	274.039	272.265	280.724	296.893	303.185	290.736	273.968	274.288	295.789	323.537	338.79	332.78	312.632	293.692	283.261	276.561	268.64	262.047	261.328	268.342	283.453	301.581	310.571	304.329	291.103	282.581	283.505	292.987	306.019	313.296	307.812	293.126	279.925	273.309	269.809	268.59	274.92	287.884	295.691	289.254	274.559	266.663	272.354	282.606	284.756	277.418	268.839	265.794	267.457	268.016	265.406	264.457	269.715	279.407	285.827	281.518	268.925	260.9	265.997	276.951	281.755	279.894	278.411	279.033	276.733	269.829	264.55	265.241	270.186	278.751	289.874	298.725	303.767	307.351	305.482	289.849	265.479	250.251	252.217	264.814	280.134	292.2	298.018	301.101	304.045	302.935	295.369	284.76	274.905	265.594	252.994	235.466	215.647	191.852	156.544	109.084	
139.307	191.594	229.21	248.721	252.715	249.088	248.387	258.269	277.181	296.076	309.83	323.085	342.307	363.299	369.185	348.208	312.964	290.278	293.047	312.607	332.532	339.17	328.79	311.322	300.139	300.169	305.948	305.859	293.6	278.444	274.137	278.119	277.415	272.473	275.891	288.126	292.826	281.318	268.047	272.753	296.793	324.111	337.241	329.278	308.007	289.154	281.586	282.042	284.978	289	292.309	293.641	297.12	302.86	299.701	281.903	261.792	255.1	265.039	284.107	301.672	309.198	304.096	290.522	276.125	266.331	261.822	263.049	271.932	284.872	291.452	286.522	278.006	277.726	288.163	299.973	302.396	295.447	288.042	286.132	288.162	290.052	289.371	285.194	278.909	274.042	270.846	266.011	261.083	264.673	281.027	299.981	307.333	301.324	289.405	276.514	264.365	256.469	256.02	259.287	259.961	258.038	256.698	258.899	270.073	291.824	311.692	311.658	292.355	274.418	270.996	277.617	286.204	292.315	295.31	297.396	297.979	293.514	284.088	274.122	267.724	264.445	259.653	250.975	237.433	211.7	167.004	110.605	
133.747	184.993	223.586	247.225	260.193	269.686	279.875	291.991	307.021	324.489	342.071	358.191	372.661	381.813	375.303	346.966	309.59	286.575	287.476	302.426	315.671	315.735	302.034	285.685	278.373	282.748	291.025	290.526	277.781	266.618	272.239	288.715	296.276	289.524	281.842	281.459	279.401	267.415	255.188	259.292	282.464	310.724	325.966	319.552	298.791	280.643	276.768	286.23	301.725	315.647	320.155	313.756	306.193	302.918	294.683	276.111	258.67	255.381	266.51	283.325	296.565	301.005	295.938	283.369	268.346	257.885	255.407	259.295	266.581	273.379	275.246	273.291	275.595	287.559	305.05	317.809	318.763	312.432	310.094	315.348	322.587	327.663	328.67	320.634	302.7	284.292	274.228	272.25	275.71	286.971	308.572	332.445	343.747	336.233	314.515	286.1	260.116	247.197	250.458	259.694	262.156	254.923	244.3	241.661	257.775	291.59	325.12	336.491	323.647	306.39	299.923	302.131	305.617	306.516	304.524	300.131	291.991	280.151	268.671	261.876	261.479	265.213	268.183	267.482	257.961	227.799	172.895	108.391	
129.156	185.079	230.65	261.55	281.967	298.968	313.169	321.439	327.294	339.214	359.147	379.536	391.867	391.531	375.514	345.611	314.584	298.226	298.83	304.305	302.398	290.328	274.283	262.622	259.728	264.888	270.955	268.065	257.195	254.913	275.315	308.889	329.315	322.141	297.798	274.781	258.882	245.949	237.867	244.094	268.336	299.56	318.229	312.986	291.293	271.956	268.758	282.354	304.217	323.491	330.441	323.533	313.022	306.03	297.591	285.604	278.003	279.757	286.592	292.704	295.99	295.93	290.945	279.688	265.941	257.65	257.28	259.255	258.42	254.42	249.619	249.68	262.021	286.877	313.594	328.621	327.131	319.501	321.707	336.202	352.043	361.801	362.831	349.409	322.195	295.865	284.547	288.784	301.106	318.015	341.247	366.483	380.303	372.559	344.137	303.673	264.964	243.839	246.325	261.421	271.647	267.681	254.745	249.9	267.255	302.974	337.555	351.609	343.018	327.97	321.2	323.563	328.27	328.803	322.256	308.851	290.178	270.901	257.648	253.859	259.131	270.059	281.04	286.092	275.36	236.846	172.478	103.11	
127.462	190.114	243.417	279.75	302.239	318.594	329.609	331.104	328.024	333.841	353.015	374.851	386.879	384.391	368.263	344.511	324.114	314.997	313.827	309.383	295.232	277.094	264.781	260.334	260.532	264.059	267.181	263.46	255.957	260.201	288.168	330.808	360.43	354.094	315.737	271.616	242.986	231.514	231.612	243.875	270.409	302.222	320.191	313.114	289.404	267.574	260.893	271.135	291.247	312.222	325.943	327.946	321.847	312.983	302.787	295.25	296.324	303.778	308.185	305.245	299.345	294.655	289.421	280.333	269.929	264.577	263.67	259.439	248.851	236.65	228.429	229.945	248.275	282.523	317.135	333.03	325.781	312.055	314.355	336.424	362.153	377.139	376.079	356.847	325.727	299.452	291.151	300.488	318.891	340.714	366.071	391.777	406.848	400.344	370.123	323.985	276.802	246.775	244.689	263.498	283.432	287.736	277.197	270.816	284.992	315.142	342.917	353.453	345.295	330.407	323.352	329.573	342.354	348.59	339.796	317.991	291.57	269.205	256.034	253.101	260.176	275.465	292.987	302.117	288.64	243.039	173.257	102.141	
123.034	188.281	244.458	281.854	302.69	315.241	322	319.736	313.455	316.31	331.525	348.371	357.472	357.24	348.907	336.315	325.305	318.483	313.264	304.787	292.083	281.592	278.601	278.901	277.873	277.88	278.757	275.991	272.463	279.576	305.386	343.845	372.552	366.293	323.289	271.963	241.679	237.007	247.072	265.517	291.67	318.109	329.362	317.94	292.741	269.022	257.747	261.578	276.08	296.337	317.132	329.973	329.859	319.41	305.268	296.334	299.378	310.541	316.737	310.502	297.675	287.558	282.335	278.191	273.487	270.477	267.438	258.512	244.253	232.059	226.299	229.676	249.479	286.481	322.334	333.739	317.791	296.722	297.47	325.103	359.538	378.384	373.241	348.75	319.025	299.73	297.512	309.253	328.597	351.774	377.575	402.318	418.025	415.251	389.328	345.055	295.323	258.966	252.124	272.785	299.678	310.338	301.686	292.575	300.694	322.292	341.003	345.758	335.639	318.821	309.862	319.499	342.213	358.269	352.247	327.024	298.072	277.444	266.484	262.558	266.547	279.889	297.866	307.745	293.589	247.706	179.29	108.88	
111.48	173.338	226.594	261.172	279.422	290.332	297.726	298.85	296.796	300.705	310.55	317.642	319.456	319.669	319.48	317.87	313.586	306.253	298.763	294.91	295.696	300.023	303.965	301.762	294.492	289.711	288.865	288.057	289.289	298.715	318.659	345.143	364.177	355.118	314.516	268.947	247.903	255.11	276.005	299.283	321.788	338.482	339.836	323.353	297.644	274.277	261.929	262.51	271.926	288.154	309.539	327.223	332.03	323.738	308.882	296.98	297.159	308.5	316.191	307.249	286.602	270.549	268.053	273.044	275.276	272.653	267.553	259.59	250.068	244.142	243.19	247.428	264.258	295.893	323.903	325.968	303.637	281.994	286.433	319.954	359.767	378.372	366.408	336.367	310.349	302.15	309.532	323.764	340.013	357.928	377.745	397.711	413.082	415.561	398.315	362.194	316.225	279.004	271.044	293.124	321.702	332.027	321.426	308.538	309.618	321.071	329.828	329.784	320.855	305.641	294.937	303.284	329.935	354.232	356.21	336.299	311.82	296.374	288.924	284.045	282.844	289.133	300.504	305.678	290.623	248.848	186.377	118.397	
97.6156	154.057	202.614	233.157	248.791	260.121	272.279	281.688	287.523	294.122	299.503	297.37	290.038	285.749	287.986	293.434	295.205	290.696	287.47	294.954	311.641	326	327.66	315.739	299.708	290.26	288.751	291.094	296.967	307.362	320.462	334.045	341.502	328.739	293.171	257.9	249.267	269.922	302.693	331.091	349.644	356.812	348.794	326.678	299.491	277.906	268.774	270.525	276.793	287.057	303.653	321.546	332.098	331.462	321.287	309.254	307.254	317.368	322.952	306.972	275.911	254.512	257.526	273.79	282.501	278.772	272.479	268.692	265.306	262.93	262.899	266.104	278.198	299.992	315.651	308.861	286.127	271.825	285.679	325.626	366.398	379.353	357.788	321.723	299.416	302.795	321.176	339.279	352.127	361.95	372.258	385.611	399.568	405.521	395.62	368.203	329.282	297.132	293.435	317.37	342.352	345.422	329.14	312.207	306.032	306.17	305.712	305.819	306.385	300.793	291.257	293.745	315.074	340.086	349.751	341.367	327.469	318.888	314.646	309.785	304.805	303.55	305.55	302.764	285.034	247.246	191.2	126.213	
93.0084	147.151	193.13	220.152	231.961	241.609	256.377	272.04	284.155	293.996	299.215	293.392	278.663	266.181	264.306	271.691	279.527	282.923	289.625	309.611	336.966	352.41	344.443	320.058	295.861	283.633	283.939	290.88	299.105	305.205	307.973	309.534	308.885	296.608	269.858	246.015	247.452	278.399	321.446	354.901	371.276	372.891	358.79	330.188	298.325	277.429	273.281	278.754	283.977	289.749	302.687	322.235	340.311	348.708	344.629	335.376	334.973	345.391	346.854	321.204	279.272	252.645	259.397	284.478	299.311	296.562	290.844	288.996	284.169	275.545	270.281	273.035	285.023	301.682	309.55	298.789	278.392	270.692	291.63	334.741	371.383	373.731	341.129	300.504	282.304	294.694	320.825	342.47	355.542	362.754	368.283	377.218	388.317	392.945	383.875	359.714	327.03	304	308.147	332.629	349.657	342.339	319.921	299.956	288.015	279.528	274.382	279.502	293.417	301.278	296.711	294.061	305.526	323.533	335.076	337.327	335.199	332.744	329.952	325.254	318.129	310.134	302.825	293.512	276.121	244.779	195.977	134.059	
104.954	161.023	205.789	228.369	233.679	236.983	247.672	262.556	276.926	291.753	303.894	302.969	286.774	267.436	258.312	262.775	274.368	286.453	302.49	329.358	358.966	370.175	352.912	319.199	290.148	278.908	284.492	296.432	303.385	300.067	289.734	280.595	276.195	270.106	257.152	245.995	253.397	286.751	332.15	366.432	382.107	384.138	369.797	336.648	299.403	278.98	280.896	291.731	297.355	300.012	311.264	333.949	358.271	372.175	372.028	366.727	370.264	381.607	378.585	345.145	296.171	265.042	270.887	299.726	320.862	323.178	319.436	314.597	299.982	278.534	266.237	272.087	291.904	313.372	322.117	311.726	291.715	283.165	301.963	340.096	365.954	353.739	311.197	271.023	260.108	278.856	307.556	331.458	349.311	361.266	367.881	374.095	380.251	379.207	365.242	339.576	312.477	300.638	312.052	332.688	338.712	322.679	297.98	278.674	266.246	256.776	252.412	260.465	280.046	296.859	300.604	298.992	302.83	310.788	318.386	325.512	330.849	331.58	328.401	323.182	313.906	299.079	283.321	271.534	261.136	241.908	202.943	144.47	
129.02	188.76	230.989	246.607	243.162	237.101	238.538	246.674	259.818	280.281	303.49	314.329	305.066	285.701	271.428	270.57	282.16	299.438	319.586	344.771	368.47	373.993	353.401	318.3	290.509	284.602	296.981	311.33	313.369	300.113	279.221	262.313	255.903	256.442	256.843	257.125	266.704	293.817	330.256	358.138	373.529	381.184	372.675	340.983	304.248	288.515	297.797	313.304	318.186	316.695	324.67	347.056	372.499	387.586	389.97	388.961	395.282	404.368	395.753	359.156	311.19	280.761	284.944	314.183	340.752	349.528	346.857	335.099	308.519	276.397	260.685	272.238	303.102	334.63	349.16	341.04	320.108	306.247	315.336	339.885	348.786	320.939	272.991	240.747	242.193	266.819	295.237	320.699	344.201	360.586	366.492	367.938	367.769	360.165	340.78	314.663	295.609	295.531	310.971	323.754	318.434	297.521	275.882	263.11	257.724	254.728	252.612	255.413	267.723	285.748	299.638	305.634	306.886	306.425	308.089	314.576	320.92	320.726	315.508	308.879	297.671	278.677	258.829	248.229	246.176	238.66	209.164	154.592	
151.924	214.914	254.167	262.92	251.378	236.236	227.785	228.135	238.759	262.317	293.303	315.355	317.439	305.21	291.88	288.156	298.153	316.763	336.386	354.597	367.985	367.823	349.697	321.631	301.407	302.539	319.116	331.7	327.601	308.055	281.807	259.595	249.255	250.511	257.294	265.444	277.005	295.71	317.399	334.3	348.459	361.888	360.655	336.252	308.424	301.897	315.976	330.076	330.739	325.848	331.168	349.826	370.852	384.021	389.285	393.129	399.699	402.149	386.882	352.214	314.182	292.939	300.091	329.73	359.297	371.602	366.756	346.212	310.177	273.013	256.881	271.491	308.668	348.396	370.014	366.049	345.898	328.186	327.507	337.216	329.757	290.48	242.875	222.74	238.14	268.911	297.499	324.064	348.995	362.398	361.326	355.314	348.465	335.063	312.845	290.463	281.851	291.861	308.792	314.56	301.307	278.519	262.948	261.592	268.659	274.642	272.606	264.14	261.707	274.822	296.303	311.319	313.921	309.503	307.748	312.176	315.384	310.681	301.69	293.35	282.747	266.459	249.984	241.435	239.947	233.862	208.203	157.715	
161.32	225.987	264.704	271.47	256.546	235.887	220.851	216.683	226.191	250.248	282.929	310.462	322.085	319.346	311.157	306.993	313.632	329.388	345.693	356.988	361.951	358.864	346.863	329.699	318.095	322.469	337.864	347.243	340.796	320.544	292.738	266.151	249.636	245.842	252.273	265.755	282.387	297.316	307.063	313.772	324.817	339.425	342.452	327.409	311.658	311.908	321.888	325.384	319.727	317.451	327.552	344.553	358.114	366.244	374.015	383.338	389.323	383.722	362.523	333.175	310.118	304.26	320.006	351.88	381.569	392.588	382.533	353.95	312.17	273.117	255.033	265.382	299.657	342.264	371.105	373.13	354.751	335.226	329.863	332.658	318.733	277.518	234.808	224.313	248.45	283.434	313.47	339.989	360.489	365.023	355.513	343.238	330.012	311.066	288.578	272.577	272.635	287.695	304.522	307.946	292.668	269.867	259.37	269.015	288.249	301.72	299.388	282.48	267.816	272.922	294.398	312.868	316.678	311.789	310.743	315.724	316.147	306.015	292.916	284.567	278.828	271.167	262.108	253.104	242.505	226.431	197.742	150.68	
156.723	220.171	259.852	270.069	258.89	239.704	224.12	219.66	229.779	253.757	285.758	315.47	333.88	338.812	333.405	324.285	320.895	327.286	337.396	344.515	348.108	349.408	347.159	339.684	331.353	331.306	340.386	348.423	346.344	331.239	305.069	276.476	255.756	246.872	250.593	266.834	288.201	302.33	305.154	305.302	313.222	327.235	334.276	328.99	321.557	318.849	313.678	300.798	290.969	298.801	321.456	340.779	346.434	347.172	355.693	369.989	376.116	364.414	339.222	315.413	306.478	316.62	343.189	377.865	404.907	411.749	397.808	366.642	324.518	285.572	263.428	263.492	286.108	323.444	354.897	361.022	343.088	321.878	316.09	321.345	313.772	282.211	248.687	242.975	267.483	301.874	331.995	355.537	367.208	362.62	349.926	337.084	320.338	297.995	278.26	269.28	273.066	285.692	298.897	302.843	291.088	270.778	262.221	276.325	301.872	320.926	322.693	307.342	289.428	286.739	299.929	312.792	313.411	307.888	309.608	318.014	318.058	303.949	288.393	282.852	284.143	283.889	278.183	265.16	243.986	216.94	183.389	138.34	
148.86	207.884	246.265	260.864	258.182	247.243	236.753	234.311	244.487	267.233	297.815	328.509	351.748	361.776	355.26	335.91	316.819	308.851	310.387	315.962	325.605	339.158	349.656	348.719	337.557	327.7	328.201	336.612	342.836	336.627	315.597	289.413	269.497	258.883	259.039	272.558	292.233	303.401	302.04	299.571	308.201	326.927	343.306	348.122	341.867	325.717	299.318	271.92	263.589	285.116	320.949	343.18	342.629	336.728	344.066	360.411	366.391	351.614	324.966	304.995	304.718	324.906	357.616	390.85	411.768	414.957	403.743	379.908	345.623	311.358	287.552	277.793	284.991	308.383	333.077	338.689	321.716	300.377	294.599	304.019	308.48	294.336	274.468	271.56	290.051	316.974	341.1	356.399	357.196	346.95	337.977	331.199	316.383	295.426	281.762	280.142	284.518	289.299	293.661	296.056	290.417	276.78	269.921	282.67	308.936	333.264	343.839	336.847	321.008	311.026	311.297	312.748	307.389	301.398	306.473	318.485	318.913	302.624	286.613	284.417	289.359	288.37	277.723	259.824	236.35	208.425	174.167	129.415	
145.783	199.57	233.903	249.411	252.901	250.142	246.233	247.051	256.938	276.362	301.984	328.868	352.404	365.839	360.351	335.332	304.829	284.588	278.391	284.6	304.04	332.282	354.3	356.316	340.04	320.847	313.508	320.772	332.559	334.351	320.855	301.572	286.834	276.885	272.345	278.249	290.761	297.127	293.385	291.304	304.855	333.754	362.476	374.278	361.997	328.053	284.089	251.468	251.413	285.521	328.833	351.198	346.69	336.334	340.13	353.706	357.761	342.968	318.962	302.862	305.123	325.032	353.05	376.203	386.441	386.991	384.695	377.005	359.122	336.678	317.779	304.77	300.679	308.587	321.532	325.039	312.712	293.988	284.73	290.966	302.145	304.787	300.797	302.048	312.057	324.666	334.09	335.561	326.478	315.914	315.683	318.82	309.986	293.385	285.999	291.197	297.497	296.302	291.061	288.962	288.459	284.356	282.47	294.504	321.325	351.523	369.785	366.708	348.011	328.598	316.431	308.633	301.382	298.772	307.194	320.145	320.722	305.715	291.98	290.998	292.761	282.963	263.065	243.759	228.195	209.421	177.665	129.829	
146.622	198.141	229.192	241.504	243.117	241.007	240.515	245.897	258.231	274.988	292.542	309.686	327.902	343.522	344.633	324.721	294.396	270.672	261.907	270.786	298.473	335.755	361.711	361.605	340.707	316.586	303.752	305.825	315.553	320.881	316.538	308.854	302.951	295.514	287.591	287.134	293.827	296.928	291.785	289.971	307.346	343.449	378.298	389.032	366.079	318.195	268.344	242.89	256.298	298.795	341.32	358.695	349.812	335.268	333.479	341.419	343.177	331.778	315.747	306.78	309.108	320.902	335.5	342.584	338.894	334.859	340.673	350.783	354.059	349.815	342.251	332.895	325.332	324.653	330.028	333.783	327.833	311.703	295.409	291.137	299.529	310.65	318.847	325.21	328.556	325.806	317.021	303.12	287.243	280.838	291.304	304.773	302.571	289.177	283.809	292.576	303.637	304.629	297.349	292.87	294.83	297.376	300.193	312.906	341.264	375.829	395.936	387.567	358.504	328.692	309.474	300.667	299.096	303.015	311.929	321.722	323.824	316.418	309.11	307.418	301.33	280.487	253.347	237.186	233.814	225.755	194.281	138.766	
147.714	201.018	231.808	239.347	232.877	224.175	222.516	231.948	249.541	267.366	279.024	286.229	297.045	312.684	321.423	313.144	293.954	278.298	274.542	286.169	313.882	347.106	365.547	358.498	335.051	311.453	296.777	291.966	294.483	300.443	307.169	314.646	319.483	315.802	307.353	304.88	309.702	311.493	304.621	300.632	316.581	351.302	382.042	384.159	350.557	297.414	254.086	244.572	272.425	317.788	352.091	358.887	342.737	323.294	317.098	321.794	323.668	317.822	312.364	313.11	316.228	318.773	320.045	314.013	298.793	287.716	294.826	316.132	337.645	351.785	356.342	351.577	344.127	342.363	347.698	353.918	351.771	336.787	316.25	303.935	305.035	313.526	323.48	331.476	332.189	321.811	302.159	278.446	259.472	258.027	277.156	298.843	302.651	291.068	283.626	291.764	307.87	317.324	316.827	315.115	317.303	319.469	320.48	329.295	354.066	386.496	403.221	388.206	351.542	317.277	298.869	296.51	304.535	313.809	319.063	322.968	327.648	330.684	331.026	327.961	314.392	285.609	254.892	242.602	248.348	246.446	212.042	147.811	
145.888	201.38	233.065	237.157	223.587	208.261	203.858	215.169	237.6	259.224	270.076	272.157	276.581	288.367	299.951	303.307	301.873	303.675	310.291	320.879	336.19	351.163	354.271	340.952	319.945	302.027	289.877	281.905	280.065	288.655	306.977	327.269	338.451	335.011	324.505	319.357	321.816	322.545	315.294	309.937	322.342	350.809	372.621	364.875	325.328	275.821	246.189	253.217	290.438	333.225	357.081	353.371	330.647	308.319	302.007	308.141	311.75	309.097	310.285	318.328	322.959	320.199	315.354	306.105	287.932	271.496	273.138	293.979	321.769	344.3	353.453	348.792	341.214	342.354	351.879	360.304	358.971	346.664	330.968	320.788	316.67	314.677	314.949	317.474	317.095	308.33	290.094	266.793	249.479	251.493	274.088	299.919	309.615	301.825	292.971	298.918	317.866	335.047	342.912	345.942	347.434	344.738	338.243	336.684	348.689	369.336	379.857	365.795	334.39	306.374	294.774	300.631	316.476	328.436	329.576	328.089	332.777	340.643	344.615	340.954	324.439	292.595	259.76	247.57	255.468	254.359	216.789	147.848	
139.381	193.803	225.214	228.343	212.895	195.799	190.253	201.623	226.262	251.728	266.063	268.829	268.982	273.257	281.403	292.253	308.487	329.416	345.678	350.049	345.428	337.132	325.942	312.172	299.788	291.873	286.768	282.787	284.53	299.488	325.918	349.788	356.696	344.771	325.44	311.937	308.347	308.551	305.865	304.659	315.834	338.146	352.394	339.28	300.924	261.58	246.543	263.013	299.047	334.072	351.583	346.427	325.209	304.938	300.974	308.839	311.396	305.735	305.607	315.157	321.908	321.166	320.853	319.436	307.544	289.819	282.173	291.483	310.425	326.108	329.154	321.45	315.936	322.142	334.844	342.501	340.918	335.186	332.591	333.02	327.967	314.141	299.571	291.251	287.57	283.005	273.099	258.602	248.205	252.653	272.772	296.852	310.775	309.348	302.429	306.974	326.343	347.241	360.05	366.479	367.963	362.042	349.59	337.349	332.614	336.212	340.124	334.105	317.675	301.597	296.788	307.192	326.509	339.872	339.689	334.81	335.95	342.217	347.158	346.023	332.039	301.034	266.226	250.105	254.013	249.528	209.305	139.579	
131.472	183.266	214.089	217.841	203.479	187.4	181.535	191.047	214.588	242.743	264.088	273.687	273.702	269.971	269.869	280.878	306.951	339.881	360.353	356.951	336.338	312.16	293.244	282.626	280.684	285.183	291.712	298.098	308.231	328.459	355.529	373.209	367.571	340.942	308.087	283.57	274.181	277.394	284.909	291.988	302.044	316.938	325.634	313.186	282.643	256.349	252.228	268.592	293.488	317.514	334.404	338.146	327.111	311.901	307.557	311.918	308.853	296.376	290.127	296.735	306.414	315.361	329.663	343.911	343.106	326.487	309.033	302.456	304.581	304.673	297.068	288.181	288.657	299.76	310.96	313.339	310.372	312.569	324.766	337.521	334.323	312.229	285.368	266.517	257.628	254.499	251.923	248.331	247.822	254.887	268.538	284.286	296.731	300.084	296.883	300.91	318.847	340.608	355.833	364.179	366.897	362.689	351.674	336.339	321.33	313.191	314.286	317.386	313.638	304.334	299.687	308.557	327.819	342.374	342.271	334.38	331.322	336.554	344.723	348.515	338.988	310.887	275.957	255.87	253.469	243.192	199.857	130.349	
127.58	178.963	210.636	215.261	201.856	187.107	181.063	186.984	205.734	233.909	263.503	284.725	290.299	281.903	271.664	275.235	300.298	334.962	354.234	346.001	320.061	292.086	271.662	262.977	267.44	282.667	302.288	320.147	335.578	353.522	373.463	382.037	366.296	329.123	286.303	254.576	243.974	254.082	273.345	287.249	292.3	296.284	300.059	293.1	274.78	261.087	262.479	272.477	283.427	297.511	316.165	330.662	330.469	318.752	309.772	306.14	296.385	279.189	267.782	269.602	281.067	301.695	333.4	364.341	374.793	360.906	337.286	318.665	306.514	293.62	279.421	272.844	279.376	292.391	299.034	294.482	288.092	293.589	313.886	333.818	332.611	307.761	276.193	252.746	240.362	235.752	235.408	239.119	248.165	259.384	266.785	270.294	274.167	277.273	277.535	281.907	297.335	318.474	335.424	344.827	348.164	347.446	343.05	333.033	319.29	311.939	317.962	328.775	329.517	317.526	305.191	307.198	324.183	339.623	338.879	326.877	320.352	326.611	337.576	342.324	333.864	309.621	278.794	258.431	250.996	235.18	189.795	122.015	
127.119	180.485	214.631	221.189	210.241	199.389	196.092	199.31	210.405	233.285	266.489	298.224	312.858	305.471	288.203	282.077	299.52	328.789	343.823	333.897	309.953	285.447	266.916	258.405	263.98	284.138	312.101	336.177	349.461	357.337	366.753	370.786	356.149	320.891	277.359	243.602	233.509	248.688	275.233	292.153	291.22	284.931	285.034	285.75	281.389	279.334	283.195	285.434	284.575	290.915	309.434	329.339	334.939	324.032	309.331	297.76	283.704	266.025	252.335	248.854	259.034	286.73	330.036	372.355	391.914	383.199	359.535	335.941	316.008	296.569	280.495	275.91	284.658	298.284	304.505	298.405	288.402	288.828	304.504	321.771	320.75	298.857	271.466	251.165	239.068	231.87	229.248	235.698	252.814	270.504	275.435	267.937	260.137	258.83	261.375	267.074	280.106	299.95	318.688	328.927	330.436	329.132	328.309	324.434	318.018	320.402	337.767	356.835	358.748	340.606	317.804	309.882	321.437	335.747	334.16	319.319	310.189	314.868	321.6	319.134	306.923	286.506	262.607	245.288	235.863	217.882	174.51	112.16	
125.129	181.326	219.966	231.804	226.915	222.989	225.502	228.961	232.909	246.09	274.185	308.28	330.08	329.125	313.018	302.483	312.613	334.319	343.993	332.755	311.208	290.233	273.64	264.693	268.562	287.837	316.472	339.431	345.875	342.971	344.721	350.03	344.897	320.715	283.222	249.469	237.191	251.668	279.904	299.176	297.72	287.139	284.688	290.698	298.459	308.15	316.059	313.045	302.374	299.848	313.191	332.191	339.557	329.15	310.558	292.984	276.598	260.956	247.769	240.859	248.657	278.256	325.574	372.446	397.569	394.766	375.252	351.952	328.711	305.115	285.428	277.458	284.684	301.849	316.525	318.038	307.653	297.619	298.042	304.4	302.743	288.552	270.651	256.768	246.369	236.851	231.42	239.303	262.873	287.036	292.99	280.102	264.226	258.04	260.877	267.229	277.622	294.928	314.613	326.191	325.499	320.004	316.81	314.083	312.878	324.752	353.594	381.43	386.057	364.337	333.135	314.159	315.656	325.084	324.472	312.76	304.319	304.22	300.993	288.287	271.637	253.807	234.997	220.36	210.963	194.294	156.43	101.927	
120.116	179.475	224.961	245.283	247.263	247.465	252.776	257.581	259.142	265.234	284.214	312.77	336.92	344.697	337.09	329.062	335.136	350.081	354.667	341.488	320.252	300.356	284.149	274.29	275.943	291.641	315.248	331.744	331.808	325.078	326.574	335.446	337.781	322.564	290.725	256.743	240.859	252.928	282.803	307.578	311.345	300.621	293.922	298.87	312.803	332.172	346.441	342.844	325.177	311.457	313.286	325.467	332.915	326.148	308.698	288.545	271.09	258.827	249.795	244.362	251.937	280.856	326.532	371.437	396.367	396.233	380.964	360.672	337.495	310.454	283.381	266.835	270.487	292.913	319.376	332.232	325.051	306.381	291.096	286.458	286.666	283.217	274.843	264.534	253.585	242.394	236.401	245.778	271.454	296.801	304.119	293.589	279.029	272.002	273.328	277.43	283.116	294.837	312.093	324.696	324.898	318.091	312.76	309.513	310.729	327.864	363.045	395.298	400.557	376.11	339.229	310.766	301.125	305.143	309.829	308.856	305.415	299.831	286.804	268.171	251.189	235.631	218.665	203.879	193.055	176.797	143.388	95.4306	
113.669	174.92	226.864	255.491	261.738	259.735	260.704	264.556	268.899	276.697	292.921	317.698	343.107	357.994	358.022	352.409	354.778	363.77	364.193	349.5	328.674	310.572	296.287	286.858	286.537	297.055	311.918	319.019	315.254	312.773	321.326	334.091	337.321	323.026	292.172	257.363	239.743	252.832	288.417	321.146	330.065	318.024	304.804	303.642	315.896	337.145	354.541	353.408	333.814	310.231	297.164	298.474	306.12	308.835	301.066	284.882	269.217	262.135	261.126	261.892	270.603	295.174	332.468	368.12	386.65	384.643	370.94	353.939	334.263	307.704	275.613	251.998	252.433	277.041	309.057	328.367	325.221	304.447	281.714	272.147	276.964	284.162	282.716	272.137	258.321	246.095	240.955	249.887	270.599	288.846	294.835	292.26	288.492	286.744	286.77	286.835	287.37	292.576	304.324	315.847	318.888	315.293	312.215	311.567	316.062	335.747	370.706	398.801	397.842	368.883	329.95	298.825	285.42	290.041	304.053	315.572	316.271	303.895	282.977	263.409	250.601	239.542	224.962	209.073	194.017	174.096	141.095	96.3344	
106.643	166.711	221.201	254.957	263.637	257.494	250.591	250.008	257.452	273.039	296.592	327.009	357.603	376.367	376.598	366.741	362.237	365.001	362.296	347.926	330.627	319.34	313.007	307.891	305.169	307.096	309.771	306.259	299.786	303.345	320.228	337.093	339.509	322.741	290.27	255.068	238.362	254.899	296.716	335.177	345.617	330.78	312.406	305.051	309.99	323.441	336.483	336.954	319.837	291.948	267.862	260.29	269.998	285.562	292.362	285.055	274.669	275.407	285.395	294.183	301.701	315.213	336.413	357.852	368.233	362.912	347.818	331.681	316.302	294.72	264.908	241.877	243.086	267.724	298.842	318.826	318.974	301.263	278.451	267.82	275.389	288.395	289.575	276.431	259.55	247.433	244.045	251.504	263.648	269.688	270.089	274.224	283.232	289.739	290.527	289.015	289.225	293.171	301.298	310.182	313.938	312.561	311.901	314.429	321.766	341.084	370.462	389.18	380.306	349.825	315.56	291.311	284.423	295.427	315.836	330.853	328.209	307.847	282.196	264.61	257.325	252.466	243.273	228.957	210.152	184.791	149.403	104.95	
100.314	157.337	210.76	246.548	258.059	251.125	238.623	232.129	238.752	259.699	292.286	332.288	369.926	390.432	386.626	368.947	355.651	351.98	347.948	337.544	328.491	329.281	335.869	337.834	332.054	322.714	311.328	296.85	285.839	289.787	308.661	327.777	332.469	317.574	287.029	254.51	240.061	256.929	297.931	335.762	345.928	330.822	311.242	300.08	297.007	299.611	304.888	304.947	291.728	266.091	240.779	231.984	245.145	269.309	285.591	285.562	282.187	292.93	314.555	329.646	331.883	329.871	333.529	343.477	349.622	342.125	323.208	304.05	290.412	275.459	254.427	239.546	246.249	272.827	303.755	324.51	327.821	313.703	291.811	279.231	284.797	296.334	294.104	276.073	256.722	246.116	245.967	254.084	260.263	255.153	247.116	251.734	267.778	280.733	284.462	285.656	291.004	299.923	309.303	316.515	318.385	315.826	314.725	317.034	322.468	336.354	357.667	370.273	361.932	338.66	314.609	300.763	302.898	318.34	335.172	339.719	326.013	300.671	277.605	265.718	262.845	261.691	257.437	247.358	228.846	200.657	162.838	116.999	
96.7695	150.342	200.992	237.479	253.189	249.77	236.487	226.151	229.226	248.622	281.779	323.741	363.483	385.312	381.494	360.998	341.336	331.702	327.85	324.586	326.59	340.101	358.545	367.226	360.252	342.476	318.779	293.065	274.458	272.59	286.218	303.418	311.932	305.041	283.45	257.721	244.034	253.622	283.436	314.008	324.424	313.26	295.797	283.249	275.985	272.824	273.513	272.91	263.489	245.073	228.086	225.506	241.325	265.872	282.716	286.069	290.168	310.614	339.694	354.999	348.457	333.398	327.66	335.235	341.985	331.95	306.21	280.535	266.277	259.234	251.827	249.069	261.822	290.362	323.164	346.964	353.159	340.179	317.086	301.498	303.055	309.13	299.94	276.295	255.356	246.297	248.33	256.998	260.274	249.283	235.472	237.379	254.48	270.763	278.145	282.791	292.117	305.531	318.105	325.788	326.884	324.871	325.122	326.084	325.339	329.598	342.777	355.464	356.97	346.449	331.131	322.154	327.623	342.152	348.778	336.021	309.22	283.773	270.387	268.185	269.154	267.508	263.235	255.688	240.232	213.327	175.091	127.743	
96.7084	145.253	190.942	227.003	247.624	250.497	240.86	230.692	230.978	244.803	270.116	303.615	337.755	360.742	364.304	350.417	330.398	316.259	311.362	313.082	322.968	344.097	368.986	383.161	380.079	361.617	330.938	295.935	270.829	264.473	272.086	283.093	291.008	291.699	281.627	263.547	247.467	244.258	257.473	277.313	287.455	282.013	269.614	259.814	253.987	250.674	249.775	248.827	243.707	235.432	231.152	237.173	253.749	274.138	287.974	293.938	305.806	333.248	362.313	369.708	352.23	330.206	325.107	337.708	346.928	332.72	298.055	264.543	249.603	252.161	260.905	270.847	286.584	312.35	343.748	369.005	376.371	362.289	336.735	318.691	317.553	319.763	306.477	280.692	259.635	250.269	249.896	254.261	254.119	243.084	230.969	233.171	250.003	268.096	278.163	283.025	290.345	303.094	317.515	327.606	331.927	335.8	341.874	343.407	337.165	332.574	338.238	351.451	362.556	361.833	348.736	336.837	340.251	353.322	353.604	328.996	293.231	269.055	264.643	271.681	277.249	274.563	266.133	255.672	240.918	217.042	181.534	134.929	
99.9558	142.3	180.403	212.823	235.73	244.564	241.05	234.388	234.166	243.286	259.426	280.024	303.115	325.182	339.421	339.153	326.155	311.239	303.097	303.49	313.642	334.498	359.586	378.109	383.824	372.784	343.133	305.943	281.93	279.11	285.063	286.736	285.492	285.25	280.911	267.19	248.248	234.892	234.582	243.462	250.178	248.838	244.449	243.2	243.329	240.734	236.736	234.638	234.992	238.122	245.512	256.902	271.135	286.245	297.486	306.209	324.312	355.147	379.787	377.288	351.811	328.561	327.568	344.495	354.399	336.584	295.821	257.244	242.424	252.786	274.505	294.285	309.657	327.052	350.254	371.955	378.806	364.424	338.026	319.046	317.08	319.232	307.833	285.024	265.443	254.688	249.525	246.542	241.609	232.952	226.98	232.547	250.118	270.279	282.656	286.034	288.575	297.848	312.677	325.984	335.217	344.806	354.615	356.864	350.518	344.176	344.484	353.241	365.542	367.564	352.484	335.271	335.932	350.382	352.281	326.776	289.438	265.377	262.836	273.135	282.439	280.71	267.778	249.914	230.872	208.663	178.095	135.435	
105.5	144.549	175.554	200.613	220.212	231.823	235.019	233.976	235.131	241.667	250.866	259.14	269.043	286.161	307.485	320.626	318.587	307.468	297.218	293.685	299.324	313.896	333.722	354.14	370.232	372.206	352.409	322.515	306.993	312.49	319.351	311.339	296.52	287.398	280.478	267.049	248.329	233.055	226.407	225.376	224.348	222.795	226.082	235.956	243.786	241.277	232.885	229.685	236.866	251.646	267.26	277.817	284.286	291.177	298.042	306.276	324.835	353.939	375.25	372.179	351.267	334.115	334.983	348.368	353.922	335.294	296.386	259.094	244.338	255.914	281.833	305.597	318.054	324.088	334.068	348.131	354.716	344.366	322.407	306.019	305.001	309.205	303.12	286.585	270.635	260.817	254.201	246.418	236.352	227.16	224.084	231.203	249.124	271.692	287.644	292.342	293.479	300.74	314.906	329.272	339.297	346.441	351.199	352.194	352.572	354.168	354.079	355.175	360.616	360.001	344.042	325.45	324.876	339.817	344.753	324.483	291.864	268.507	262.861	270.19	279.297	278.058	261.968	236.829	211.526	188.713	162.178	124.537	
108.708	149.331	177.849	196.203	210.051	222.576	232.739	238.184	240.563	243.825	246.763	245.352	243.917	253.303	274.343	293.518	299.324	293.714	285.635	282.062	284.667	291.712	303.201	321.771	345.634	361.974	357.92	341.03	334.035	343.434	349.209	335.13	311.318	293.493	280.658	265.646	249.841	238.681	231.384	222.637	211.684	204.857	210.175	226.62	240.104	239.145	230.168	229.227	244.637	270.353	291.283	296.83	291.365	285.966	284.112	286.206	297.51	318.66	338.709	347.392	346.309	343.404	343.979	346.538	343.382	327.034	297.874	267.493	251.288	256.045	276.428	298.121	307.047	303.785	302.097	309.472	317.902	315.71	303.048	292.314	292.4	297.353	296.12	287.341	278.031	273.198	270.135	261.723	246.578	232.394	226.877	232.222	248.421	271.517	290.949	300.292	305.137	313.319	325.264	335.755	339.87	336.964	331.032	330.195	340.846	355.63	360.465	356.007	351.628	345.096	330.336	315.637	315.262	326.202	328.725	312.014	285.731	265.158	257.086	259.676	265.037	262.333	245.292	217.23	187.892	162.962	137.305	103.31	
104.138	147.497	178.384	195.937	208.255	223.72	241.227	251.664	251.476	247.144	243.19	237.285	231.425	235.203	251.526	269.135	276.423	274.359	271.263	272.399	275.888	277.666	280.284	292.313	316.823	342.586	353.598	349.366	345.909	351.64	353.949	339.698	315.511	294.186	276.858	260.42	247.898	242.266	237.739	225.997	207.988	194.087	194.876	209.411	223.044	224.457	220.078	225.518	248.825	282.088	306.301	308.792	294.794	277.604	264.157	256.253	256.759	267.142	284.964	307.038	328.819	342.573	343.942	336.243	325.599	313.937	297.357	275.262	256.056	249.676	259.203	275.587	282.763	276.996	272.097	279.012	291.968	298.727	295.695	289.553	287.267	288.196	288.118	286.047	284.319	285.946	288.617	282.678	264.703	245.821	237.505	240.73	253.338	273.165	292.879	306.406	316.476	326.362	333.674	335.354	330.012	317.739	304.736	304.594	324.557	351.029	363.007	357.115	343.852	329.256	315.084	306.681	308.374	313.756	309.793	292.137	269.006	250.732	241.798	240.837	242.548	239.478	225.258	199.308	169.069	141.719	114.677	82.4603	
93.9708	136.666	170.61	192.634	209.309	230.553	254.847	267.182	259.704	244.075	234.442	231.067	229.561	233.493	246.564	260.827	265.95	263.989	264.588	271.282	277.571	275.871	268.999	269.455	286.144	312.641	332.221	336.158	332.235	331.139	330.194	320.224	301.875	282.165	263.513	246.955	237.293	236.588	237.11	228.518	210.198	192.378	186.845	194.448	203.323	205.078	206.058	218.01	244.8	277.909	301.609	305.893	292.955	271.054	248.325	231.428	224.086	226.675	239.896	265.808	299.336	324.787	329.921	318.479	304.911	297.885	291.082	275.764	255.239	241.03	241.584	252.511	259.323	257.398	258.619	271.501	289.497	302.318	305.85	301.251	292.497	284.093	279.323	278.674	280.533	285.873	293.544	292.961	277.965	259.949	252.343	255.218	264.121	278.421	295.436	310.783	323.884	332.562	331.535	321.562	308.365	294.197	282.933	287.054	313.359	346.913	364.868	360.156	341.248	319.819	305.548	302.898	307.787	309.889	300.613	279.956	255.242	234.819	223.177	219.787	221.085	221.445	213.081	191.58	162.588	134.373	106.154	73.99	
87.6323	126.166	159.483	185.25	207.412	234.204	263.331	276.085	262.04	238.433	228.052	231.873	238.224	245.325	258.163	271.28	274.411	270.638	272.234	282.261	289.586	282.426	263.586	249.683	255.002	276.65	297.667	304.509	299.006	292.169	288.322	282.558	272.083	258.86	244.355	230.932	224.139	226.721	232.35	230.653	217.805	200.775	191.374	192.937	196.88	197.545	201.258	215.589	239.035	263.421	280.705	287.128	281.493	263.746	239.501	219.375	209.862	209.922	218.605	239.91	273.102	303.668	314.551	304.793	290.382	284.282	281.646	271.862	255.406	241.947	239.408	245.419	250.778	254.886	266.602	286.491	304.85	316.428	321.05	316.238	301.503	283.117	269.382	263.196	262.328	267.482	278.971	286.605	280.936	269.074	263.705	266.383	272.477	282.049	296.598	313.652	328.157	332.069	319.62	298.355	282.197	273.813	270.129	278.62	306.71	342.418	364.243	362.687	343.62	321.054	308.525	309.275	314.849	314.422	302.823	280.851	252.824	226.263	209.315	205.028	209.871	215.609	211.747	193.327	167.107	141.419	114.121	80.6028	
90.6518	125.215	154.119	178.609	202.249	230.847	261.443	275.107	261.441	240.113	235.496	245.768	255.917	264.631	279.14	294.092	297.821	293.736	295.689	305.718	308.905	291.524	258.896	232.163	228.076	243.472	261.181	267.53	261.606	251.685	244.363	239.419	235.281	231.714	227.238	221.387	218.297	222.19	230.381	234.629	228.612	214.919	204.147	202.264	204.009	204.444	207.897	219.274	235.291	249.172	258.072	263.089	263.272	254.176	236.478	219.359	210.792	210.764	217.314	233.666	262.411	294.14	310.851	305.108	289.602	280.356	277.957	274.198	266.798	260.205	258.113	258.875	260.789	269.456	289.314	310.81	321.188	321.857	319.949	313.6	298.027	275.809	254.674	239.912	232.871	236.35	251.675	269.352	276.382	272.344	267.393	267.483	270.599	276.53	289.494	308.996	325.287	324.757	303.256	275.903	262.422	263.087	266.566	275.376	299.455	332.648	356.662	360.442	346.971	329.36	320.052	319.674	319.777	314.169	302.303	283.947	257.523	227.564	206.584	202.963	211.722	219.226	213.88	194.972	172.363	152.428	128.719	94.2349	
98.9908	133.208	158.005	177.598	197.562	222.897	250.648	264.648	257.245	246.533	250.343	262.045	269.881	279.137	298.455	319.356	328.201	328.1	331.265	336.833	329.478	299.493	256.897	223.503	213.084	220.529	231.214	235.402	231.017	221.198	211.302	204.916	203.609	207.398	212.786	215.685	217.498	222.529	230.822	237.511	236.655	227.276	216.679	212.279	212.682	212.516	212.067	216.077	225.454	235.626	242.103	245.227	247.175	245.612	237.404	225.81	217.262	215.211	220.564	234.887	259.719	289.965	310.735	310.219	295.474	284.005	282.852	286.49	288.669	288.421	286.466	282.271	280.058	289.435	310.373	326.629	324.704	310.164	295.974	285.184	272.665	254.722	232.819	212.507	200.65	203.556	222.873	249.482	267.684	269.906	263.518	259.572	259.84	262.865	273.301	292.812	309.863	308.18	285.619	261.148	255.078	264.094	271.505	277.051	293.4	320.41	343.867	352.731	347.759	338.347	331.346	324.052	312.133	298.079	287.262	278.669	263.82	240.157	219.793	214.898	220.694	221.542	208.661	187.232	168.561	155.237	136.619	103.58	
104.077	141.666	166.488	182.081	196.065	214.945	236.551	248.07	245.739	244.491	252.987	261.252	264.595	275.55	301.82	331.07	348.976	357.188	362.211	359.209	337.892	299.041	256.879	226.717	213.717	211.866	213.11	213.888	211.604	204.171	194.312	187.115	185.621	190.425	198.804	206.568	213.189	220.277	227.613	234.009	236.951	233.35	225.09	218.565	215.997	212.346	204.753	200.017	206.082	220.23	231.854	236.055	237.656	239.913	239.05	231.833	221.107	214.272	217.449	230.796	251.652	277.023	298.116	303.204	293.716	285.289	288.165	297.78	304.94	306.623	303.846	297.027	291.736	297.743	313.391	322.815	313.952	290.509	264.921	246.123	234.447	223.26	206.382	186.734	175.014	180.207	203.066	233.975	256.348	259.596	250.601	244.598	245.863	249.753	257.741	272.841	286.264	284.234	266.865	252.027	255.715	271.383	280.93	283.247	292.159	311.074	329.483	339.216	341.718	341.581	336.917	321.049	295.273	271.518	260.988	263.4	265.827	256.842	241.243	230.539	224.044	211.847	191.061	169.432	155.283	146.927	132.61	103.238	
99.7991	142.097	172.081	188.461	198.262	210.265	223.73	228.729	225.12	225.485	232.667	236.747	238.09	250.863	279.995	312.737	337.47	354.106	361.465	350.923	319.905	281.063	250.47	233.054	223.698	216.374	210.058	206.89	204.954	199.353	190.563	183.381	180.502	182.381	188.409	197.105	206.918	215.026	219.49	223.129	228.228	230.74	226.816	219.801	213.716	205.195	191.615	182.283	189.065	209.087	226.728	232.544	232.455	234.92	237.626	232.596	219.289	208.158	209.664	222.795	239.97	257.96	274.785	283.279	281.024	278.244	284.07	294.469	300.496	300.189	296.261	289.44	283.073	284.459	293.496	300.217	294.79	274.027	243.472	215.371	198.574	189.472	178.148	164.11	158.299	169.405	195.523	225.504	243.51	240.975	228.166	223.692	231.766	242.4	250.651	258.741	263.195	257.349	244.866	240.104	252.694	273.744	285.941	287.71	291.823	302.485	312.309	317.984	323.92	331.324	330.973	312.376	279.322	248.609	234.862	240.38	253.467	257.908	248.746	232.449	213.497	191.509	168.676	150.691	140.479	133.927	121.655	96.3954	
86.2835	132.58	171.637	194.69	203.922	208.675	210.988	205.63	196.058	192.717	195.926	198.143	200.818	213.695	238.083	264.28	286.537	305.546	315.389	304.882	275.734	246.367	232.067	230.406	229.903	224.231	215.646	209.429	205.535	199.086	189.571	181.431	177.283	177.378	182.249	192.174	204.1	210.931	209.514	206.662	209.497	214.587	214.555	209.276	201.978	191.221	177.543	171.54	183.109	206.755	225.764	230.044	226.044	225.75	229.146	225.699	212.095	199.829	201.866	216.976	233.21	244.25	252.846	258.939	259.57	259.372	264.996	273.352	276.601	273.407	267.773	261.29	255.081	253.652	259.369	268.859	273.667	262.573	232.818	197.396	172.101	158.932	149.455	141.804	144.346	162.203	190.027	215.855	226.089	216.359	201.27	201.04	217.972	237.263	247.738	248.853	241.65	228.157	216.711	218.203	236.464	261.538	277.76	282.106	283.798	286.78	287.779	288.068	293.476	303.786	308.221	295.237	266.552	235.957	216.512	213.679	222.894	231.006	227.613	213.117	193.443	173.055	154.681	140.437	130.442	121.889	109.481	87.608	
67.832	114.997	162.326	194.333	205.364	202.248	191.21	174.909	160.55	154.962	155.81	157.92	162.457	173.474	188.771	201.969	213.432	227.434	238.691	235.677	218.856	203.965	203.346	212.614	219.465	217.668	209.875	202.093	195.718	187.049	175.676	166.153	161.776	163.003	170.074	182.939	197.059	202.759	195.749	184.75	180.58	182.609	183.706	181.349	175.853	166.446	157.332	159.119	176.834	202.113	219.898	221.15	211.743	205.959	207.633	206.392	195.869	185.56	189.438	207.61	225.293	231.409	229.963	227.627	224.492	223.006	228.475	238.005	242.312	238.087	230.054	222.04	215.129	212.696	219.139	234.789	250.329	248.376	221.521	183.388	152.502	133.838	122.539	118.07	125.63	145.532	170.484	190.751	196.534	186.002	173.91	178.554	200.5	224.078	235.581	231.513	214.807	193.898	180.928	184.335	204.178	231.099	251.839	260.79	261.326	257.048	250.634	247.291	251.482	261.82	270.142	267.156	251.093	227.597	203.688	186.912	182.052	184.323	184.264	178.565	170.062	160.407	148.606	134.778	120.675	107.554	93.8949	74.9358	
47.8747	89.3144	136.711	172.743	185.45	177.037	156.703	134.512	120.04	115.974	117.166	119.665	124.42	132.067	138.732	140.542	141.383	148.151	158.569	163.252	160.1	158.5	166.381	179.179	186.499	184.257	176.227	167.868	160.188	150.497	139.069	130.203	127.319	130.982	140.546	155.089	170.353	177.007	169.455	154.59	143.778	139.999	139.781	140.218	138.003	131.128	125.709	132.035	152.258	177.842	195.984	196.913	183.463	170.852	168.209	168.389	162.704	156.319	161.736	180.385	197.72	200.404	191.432	180.706	172.197	169.105	176.312	190.202	198.58	195.013	184.566	173.805	165.323	162.618	170.917	191.172	212.46	215.438	192.879	158.861	130.136	110.444	97.3302	92.503	99.1099	114.307	131.58	145.913	151.848	147.254	141.913	149.208	169.547	190.683	200.505	194.204	174.481	151.518	138.1	140.985	158.841	184.419	207.646	220.697	220.793	210.515	197.967	192.207	196.469	207.788	219.917	226.216	222.772	207.928	182.799	155.803	138.155	132.32	132.827	135.744	139.739	140.87	134.007	119.049	100.887	84.4302	70.4483	55.0472	
28.8152	57.9319	94.5905	125.356	137.402	128.966	108.579	88.4042	77.4408	75.9313	78.2733	81.1976	84.9461	88.8952	89.9908	86.6228	83.0177	85.1722	92.619	99.5389	103.754	109.891	121.3	132.559	135.599	129.87	120.981	113.031	105.596	96.9178	87.9964	82.0689	81.5589	86.7103	96.1973	108.74	121.945	129.476	125.724	113.705	101.716	94.5292	92.9153	95.1789	95.779	90.9157	86.2207	91.1813	108.065	130.976	149.533	152.569	138.942	122.345	115.235	114.989	113.296	111.134	116.718	131.262	143.93	144.149	133.677	121.031	111.349	108.497	116.721	132.28	142.518	139.662	128.45	116.858	108.602	106.578	114.791	133.433	152.526	156.311	140.368	116.688	96.9647	82.0978	70.4859	64.9156	67.6043	75.3221	83.9999	92.8105	99.5758	101.044	100.89	107.149	121.086	135.499	141.99	136.439	120.647	102.58	92.1329	94.2638	107.819	128.291	149.167	162.667	162.694	150.133	134.641	127.268	131.589	143.95	158.331	169.386	172.71	163.668	141.195	113.561	92.7018	83.2662	83.0066	89.1951	98.6039	104.635	100.806	87.1769	69.8004	54.6053	43.0136	32.3154	
