
TracePro Release: 7 0 3 
Irradiance Map Data for D:\SUSTech\Linear Units in millimeters
Data for Observation screen 3.5 Screen
Data generated at 20:33:37 October 24, 2025

Raytrace Time: mins: 0, secs: 6

Projected Plane Extent from surface geometry 
      TopLeft:(20,3,-20) 
      TopRight:(-20,3,-20)
      BottomLeft:(20,3,20) 
      BottomRight:(-20,3,20)
Corners of Data Set (plotted) 
      TopLeft:(20,3,-20) 
      TopRight:(-20,3,-20)
      BottomLeft:(20,3,20) 
      BottomRight:(-20,3,20)
Total Incident Rays: 63039
Min: 36.5035 Max: 448.007 Ave: 283.029
Total Flux: 0.452846 W, Emitted Flux: 0.6
Normalization: 0
Data Smoothing is On
Grid Size is 128 x 128
Map Count 50
Data Cells are 0.3125 x 0.3125 millimeters

36.5035	51.4406	64.0167	75.7018	86.8489	94.8283	99.0358	103.712	114.102	130.33	145.531	152.153	148.595	137.612	121.797	103.273	86.4376	77.6109	78.5036	82.1672	80.2148	72.4886	66.13	67.3536	76.728	90.9041	106.337	120.41	130.22	134.031	134.49	136.067	140.892	150.083	162.181	168.192	159.059	139.167	121.889	115.184	120.783	137.723	158.748	174.63	182.362	180.219	165.994	145.884	131.292	127.675	133.35	142.564	148.106	145.764	136.825	126.509	119.606	117.765	121.603	130.985	142.652	151.339	152.328	144.089	130.806	119.2	112.576	110.156	110.063	110.008	108.442	108.703	115.993	128.224	137.677	141.495	143.146	143.815	139.844	131.123	124.889	128.469	143.35	163.273	174.389	166.893	147.696	130.221	118.075	108.607	101.078	96.213	96.378	104.464	119.32	136.967	154.268	167.329	171.445	164.6	147.913	126.893	112.578	113.236	125.688	139.578	147.499	147.418	138.747	123.178	106.796	95.3902	90.4346	90.6991	95.5051	105.948	120.735	132.845	135.212	127.391	117.002	117.511	137.106	166.005	181.97	170.88	136.181	90.7975	
50.964	71.131	88.9494	106.867	124.937	139.169	148.554	157.855	172.368	191.704	208.337	215.109	212.386	203.303	187.534	164.677	140.704	126.883	128.541	136.395	135.666	122.732	107.764	103.226	112.958	131.661	151.829	168.546	179.648	186.085	191.672	198.349	204.97	212.697	222.842	228.333	219.069	197.022	175.253	164.21	168.689	188.669	214.565	234.619	245.936	246.611	232.558	210.217	193.698	190.301	198.026	208.689	212.297	205.076	192.17	181.682	177.648	180.149	189.931	206.018	221.936	230.279	227.064	213.466	197.294	186.506	181.312	178.031	176.395	176.779	176.308	175.127	177.354	181.547	182.038	179.594	179.86	182.953	183.115	178.684	175.852	181.549	196.91	215.193	223.431	214.283	196.432	182.365	173.295	165.647	159.172	154.347	152.752	157.355	167.267	178.706	190.933	203.876	212.801	211.006	196.022	174.172	159.274	161.077	175.703	190.559	196.32	192.093	181.114	167.348	155.697	149.073	146.379	145.475	146.587	153.046	166.105	179.226	183.258	175.57	163.544	162.907	184.839	219.054	237.969	222.734	177.41	118.606	
63.3989	89.5206	113.28	136.305	157.816	173.977	184.97	195.914	211.013	229.463	244.73	250.963	249.906	245.22	235.036	216.405	193.926	180.189	183.48	194.839	195.544	178.243	154.343	141.542	147.532	166.465	188.139	206.642	221.585	235.217	248.526	258.448	262.094	263.374	268.002	272.218	265.196	243.818	217.592	199.554	199.094	217.095	242.028	261.388	273.961	279.448	272.967	258.359	247.174	245.615	252.165	259.433	257.98	245.59	230.276	221.852	223.603	234.104	252.127	273.523	289.987	295.488	287.804	269.493	251.799	244.826	244.765	242.61	238.995	238.873	239.994	238.486	234.827	227.523	214.796	202.558	198.573	202.13	206.875	209.875	213.162	219.399	228.933	237.919	238.99	229.886	219.213	215.25	216.073	216.91	215.948	211.779	205.659	202.545	203.418	204.397	206.566	215.617	229.571	237.082	229.71	212.208	199.387	201.415	214.276	225.299	225.364	215.936	205.024	199.016	199.515	202.781	202.662	197.44	191.39	190.517	196.832	204.611	206.034	199.431	190.93	192.867	214.242	245.529	260.686	241.298	191.368	127.808	
72.8878	106.68	137.82	163.946	182.697	192.923	198.614	205.92	217.894	233.496	247.032	252.798	252.581	251.584	249.948	243.951	233.193	225.172	228.574	238.969	240.131	223.239	197.22	179.127	178.652	193.127	214.235	236.615	259.916	283.418	301.559	307.411	300.916	291.304	288.441	291.673	289.636	272.781	244.553	219.769	213.283	227.127	247.891	262.948	273.53	282.847	286.773	284.402	281.175	281.168	284.307	285.914	279.32	264.058	248.645	242.725	249.861	268.447	293.342	315.222	326.585	327.174	317.101	296.977	278.746	275.624	282.539	285.536	282.98	281.405	280.545	276.768	269.583	257.026	238.443	221.666	215.414	218.762	225.609	233.123	240.027	243.787	243.79	241.047	234.879	226.69	223.369	229.513	241.765	253.776	259.584	254.714	242.026	231.464	226.949	222.641	218.319	223.536	239.856	253.948	253.276	240.709	230.658	232.482	241.541	246.095	239.387	226.242	218.505	223.711	238.959	252.039	250.758	236.036	220.037	212.186	212.113	212.691	208.957	202.89	199.726	205.657	223.975	245.939	252.188	229.628	181.612	121.676	
79.5971	120.944	158.732	185.315	196.873	196.469	193.073	194.157	201.97	215.24	228.232	234.479	235.402	237.904	245.16	253.44	255.892	251.755	248.97	251.573	252.327	243.604	227.485	212.593	207.031	214.683	233.85	260.338	291.227	320.779	337.801	334.839	316.687	296.303	285.518	287.447	292.374	284.817	260.313	233.209	222.923	233.01	249.16	259.207	266.282	276.759	287.444	292.551	292.774	292.954	295.202	295.415	287.386	271.195	255.179	248.734	256.834	279.119	307.114	326.503	330.773	325.865	315.132	296.326	278.213	275.534	286.407	296.493	299.412	296.85	289.077	278.266	269.454	261.57	250.471	240.3	238.84	244.941	252.004	258.373	263.461	262.516	254.146	243.238	233.59	227.124	227.924	238.725	256.811	275.05	283.685	276.118	258.166	245.011	242.144	240.265	236.141	239.989	254.93	268.295	268.183	257.678	249.945	252.299	258.883	258.643	247.295	232.88	229.787	245.144	271.268	288.988	282.321	256.012	230.367	218.311	216.299	214.154	207.985	201.866	200.499	206.474	218.951	229.7	226.709	203.623	162.357	110.638	
87.3524	133.69	173.98	198.053	202.423	193.401	182.859	178.526	182.118	192.889	205.841	214.437	219.397	227.277	241.767	258.4	266.017	258.597	244.452	236.237	236.94	241.303	243.47	240.374	235.253	237.475	252.62	277.582	306.887	333.27	345.547	337.971	316.811	293.055	277.194	277.029	287.525	289.921	272.868	248.296	236.702	242.469	253.479	260.418	266.05	275.518	285.488	288.724	286.234	286.843	294.319	301.304	297.429	281.145	261.795	250.586	254.325	274.039	300.805	318.373	319.118	310.767	300.138	284.557	267.426	261.396	270.059	283.973	292.641	289.384	273.096	253.317	243.388	244.362	247.226	250.098	258.261	269.429	276.017	278.378	279.545	275.433	263.592	250.16	241.134	237.845	241.287	252.199	268.558	284.311	289.596	278.406	258.912	248.006	250.023	253.111	252.339	256.521	267.846	275.493	271.332	260.046	253.01	255.486	261.612	261.194	250.601	238.757	240.557	261.303	289.435	303.703	289.972	256.718	227.357	215.416	215.378	215.323	210.618	204.155	200.333	202.522	208.793	210.416	200.797	179.705	147.066	103.777	
98.4761	147.729	187.25	207.997	208.408	195.692	181.4	172.275	170.135	176.21	187.857	199.267	209.551	222.836	241.125	258.861	264.221	251.196	229.373	215.31	217.387	232.582	251.222	262.509	263.759	264.51	273.847	289.711	306.746	321.819	329.368	325.246	312.158	294.556	279.075	276.731	287.982	295.034	283.982	263.598	251.12	250.816	256.412	263.534	271.034	277.387	279.076	273.364	266.215	269.968	287.677	306.809	311.035	296.301	273.957	258.182	256.227	268.795	289.374	304.514	305.062	296.087	286.217	274.583	260.146	251.133	255.025	268.512	279.228	274.238	251.693	226.097	215.504	222.142	234.644	247.497	262.888	276.373	280.565	279.097	278.744	276.096	266.682	255.699	250.135	251.277	257.597	267.02	277.203	284.613	282.81	268.319	249.668	241.542	246.381	252.96	256.259	261.776	269.434	271.03	262.617	249.899	242.263	243.847	250.393	253.539	249.448	245.046	252.233	273.044	294.268	297.87	276.643	242.747	217.605	211.142	215.818	219.423	216.676	208.967	201.592	200.673	203.588	199.605	185.802	167.402	142.382	104.907	
107.591	159.107	198.897	219.439	220.162	207.449	191.154	176.977	167.799	167.421	175.37	186.379	198.402	213.984	233.612	250.437	253.489	239.562	219.283	207.595	211.979	230.895	256.545	277.561	287.074	289.956	294.223	299.09	301.624	304.601	308.899	310.965	308.613	300.484	289.209	285.35	292.732	297.977	288.846	270.845	256.049	249.06	250.591	260.188	270.565	271.948	261.924	246.294	237.285	247.287	275.604	305.269	316.773	305.427	284.491	269.611	265.709	270.8	281.668	291.014	290.607	282.205	273.532	265.1	254.374	246.233	248.812	261.885	272.759	266.634	242.423	215.981	205.088	211.915	226.088	241.696	257.888	268.015	266.685	261.467	261.383	262.837	259.639	255.48	256.512	262.447	269.738	275.503	278.408	277.755	270.449	254.626	237.272	229.606	233.809	242.256	250.046	257.632	262.457	259.574	249.023	237.273	231.855	235.073	242.861	248.903	250.831	253.441	263.533	280.004	291.176	284.055	257.346	225.803	208.499	211.099	222.93	230.388	227.941	217.799	207.415	204.67	205.984	199.183	183.516	167.35	146.869	111.493	
109.164	161.428	203.302	227.093	231.174	220.796	204.438	187.029	172.78	167.33	170.599	177.316	186.331	201.345	222.511	241.175	246.016	235.919	222.256	216.688	222.822	239.307	262.675	285.783	300.875	307.324	309.902	309.324	305.084	302.259	304.246	308.056	309.931	306.951	299.37	294.452	296.451	296.946	286.615	268.037	249.422	236.897	236.212	248.088	260.164	257.135	238.202	217.094	210.632	227.814	262.245	295.015	308.495	300.295	284.292	274.826	273.311	274.857	278.196	281.17	278.379	270.289	262.207	254.457	245.816	241.191	247.679	264.013	276.813	272.047	249.951	225.64	214.601	218.723	229.975	243.298	255.571	259.055	250.885	241.183	239.529	243.037	246.471	252.44	262.914	272.165	275.06	273.003	269.827	266.966	261.12	249.065	235.247	227.973	230.073	238.144	247.969	256.032	257.947	251.393	240.3	233.132	235.759	245.989	256.206	260.895	261.064	261.928	267.245	275.707	280.054	270.556	245.584	218.833	208.797	219.937	239.082	249.956	246.788	234.075	220.676	214.341	212.438	204.389	189.442	174.664	154.801	118.36	
107.033	157.595	199.833	225.617	232.19	224.66	210.95	194.903	180.837	174.932	176.395	179.372	184.172	196.921	218.921	240.79	249.751	244.217	235.925	235.425	243.47	257.373	276.11	296.828	313.262	321.833	325.08	325.61	323.996	322.511	322.246	321.276	318.33	312.745	304.84	298.93	298.047	296.366	285.413	264.803	241.308	223.909	221.251	233.561	246.449	243.109	223.392	204.338	203.568	225.163	258.032	284.877	294.034	286.689	274.825	269.282	270.522	274.281	278.783	281.137	276.939	267.573	257.644	247.571	238.697	238.372	252.717	276.364	292.707	288.378	266.547	243.715	233.676	236.44	244.294	252.809	259.036	256.71	244.549	231.624	226.27	228.502	237.102	253.27	271.841	280.029	272.856	260.163	253.829	256.059	259.885	258.474	253.141	249.111	248.725	252.002	257.78	262.515	260.832	250.671	238.543	235.8	247.485	266.662	280.996	283.714	277.401	268.681	262.37	260.796	262.067	257.687	241.762	223.617	220.614	237.734	261.241	273.354	268.941	254.678	238.907	227.878	221.495	212.622	198.754	183.086	160.571	122.136	
108.816	156.869	195.981	219.025	223.958	217.029	206.804	196.027	187.166	185.572	189.953	193.295	195.607	204.486	223.528	245.123	256.348	254.045	249.369	253.396	266.223	283.358	302.814	322.209	336.328	342.267	344.093	347.414	352.538	355.926	353.516	343.709	329.061	313.702	301.429	296.243	299.218	303.13	296.302	274.218	244.037	219.671	212.916	223.497	237.344	239.372	229.038	220.305	225.979	245.71	268.514	282.729	283.635	274.641	263.419	256.76	258.385	269.241	284.774	294.259	290.35	277.313	263.188	250.374	241.951	246.705	269.511	300.355	318.036	308.958	281.472	257.706	251.166	257.061	263.646	265.471	263.046	256.323	245.726	234.874	227.72	227.843	239.288	261.163	281.415	283.608	265.535	244.454	238.077	248	263.524	274.944	280.363	280.853	276.811	271.168	268.17	267.383	262.491	249.126	233.995	230.611	245.038	269.897	291.308	299.257	292.538	276.488	258.878	247.444	244.852	244.079	237.198	229.506	234.852	256.887	281.823	292.212	285.047	269.802	254.548	243.162	235.523	225.828	209.886	188.872	160.836	120.796	
116.224	163.529	198.505	216.033	216.033	206.224	197.079	191.625	189.605	193.976	202.929	208.513	209.57	213.904	226.565	242.523	251.711	251.7	251.942	262.065	282.078	307.128	332.917	353.451	362.348	360.203	356.931	362.173	374.363	383.021	378.53	358.7	329.671	302.175	286.239	287.162	302.53	319.817	321.611	299.385	261.799	228.722	215.777	222.729	236.934	246.824	251.336	256.812	266.517	277.201	284.01	284.099	277.498	266.546	254.047	244.279	245.89	265.747	295.581	314.553	311.136	294.063	277.327	265.795	261.892	271.847	297.275	326.65	339.213	322.491	288.494	264.449	264.366	278.238	287.385	282.57	268.973	257.05	251.132	247.463	242.456	241.346	252.88	274.829	291.367	287.099	263.503	239.924	234.289	246.931	266.545	284.092	296.026	299.13	291.108	276.794	265.484	260.09	253.218	237.532	218.473	210.417	221.808	248.948	279.714	300.204	301.992	286.163	262.068	241.827	231.856	228.315	225.237	226.114	240.227	267.963	294.618	302.819	291.555	274.886	263.85	259.525	256.66	247.14	226.065	195.161	157.513	113.863	
125.41	174.954	208.223	221.421	216.256	201.356	189.542	186.227	189.552	198.591	209.576	214.596	213.128	213.251	219.558	228.151	233.304	235.823	242.728	259.203	284.331	314.401	343.945	363.41	365.249	354.397	347.29	356.229	375.498	387.488	379.211	349.995	310.178	276.332	263.324	276.563	308.41	339.51	348.557	326.993	286.029	248.642	231.369	233.859	246.209	261.082	276.922	292.153	300.69	298.205	288.662	278.52	269.394	259.52	248.063	238.901	243.069	269.538	307.882	332.253	329.602	312.341	298.379	293.389	297.41	310.558	328.647	343.198	343.326	321.877	289.449	271.17	279.785	302.54	315.823	306.73	283.856	266.719	263.94	266.657	264.615	262.506	272.3	292.679	307.138	301.999	280.102	258.017	249.945	255.748	267.539	280.595	292.067	295.821	286.548	268.357	252.519	244.361	236.685	220.496	199.734	188.775	197.929	226.616	264.379	294.868	304.72	291.522	264.297	237.163	219.525	211.171	208.681	214.363	234.096	266.501	296.753	306.371	293.668	276.802	271.99	277.998	282.725	275.127	249.878	208.323	157.482	105.551	
132.333	186.688	221.6	232.976	224.388	205.2	189.333	185.052	191.074	202.862	213.111	213.889	207.032	202.405	204.451	209.166	213.048	218.84	231.264	251.496	277.315	305.242	329.636	341.628	336.266	322.001	317.338	332.886	357.419	368.345	353.659	318.401	277.524	248.667	245.539	271.137	313.638	349.763	358.968	337.515	299.823	267.12	251.375	250.77	259.619	275.292	295.53	313.309	317.527	304.137	283.389	268.236	260.583	254.859	248.399	244.687	252.525	279.185	316.309	341.426	342.752	331.989	325.553	328.022	338.129	350.844	356	349.38	334.323	312.848	291.639	286.102	302.882	328.516	340.98	329.091	303.444	285.46	283.993	288.742	287.519	283.756	290.758	310.497	328.231	329.595	314.701	294.904	279.956	271.15	267.178	268.992	275.175	278.557	271.569	255.099	238.946	230.178	223.835	210.824	193.532	185.734	197.68	227.978	265.516	294.293	302.003	287.086	258.284	229.069	209.315	200.315	199.033	205.657	224.26	255.192	287.154	301.937	294.419	282.012	283.47	296.423	305.512	299.804	273.815	226.085	164.107	102.248	
134.681	194.603	232.857	243.917	234.454	215.291	198.771	193.437	199.919	213.142	223.009	219.823	206.444	195.776	194.829	199.785	205.715	213.924	228.123	248.96	273.227	295.166	308.706	309.556	299.008	287.564	290.077	311.147	335.452	340.425	319.042	283.719	252.307	237.746	246.397	277.173	318.021	347.672	349.904	326.454	294.097	270.292	260.119	258.95	265.136	280.931	303.852	323.711	327.643	311.605	287.301	270.051	262.735	259.556	258.052	259.68	267.626	286.716	314.782	338.109	346.738	346.817	348.459	354.463	365.559	376.531	373.268	351.914	325.338	305.605	298.122	306.328	326.662	346.063	350.553	336.071	314.049	301.585	303.386	309.051	307.759	301.947	304.821	322.712	344.858	355.541	349.831	333.002	310.769	287.011	267.712	258.111	257.023	257.866	253.294	241.382	228.755	222.619	220.342	213.863	204.84	206.219	225.932	257.574	287.015	301.755	296.905	276.307	248.923	224.736	210.247	205.481	206.572	211.555	223.153	244.522	270.8	288.143	288.918	284.872	291.779	306.564	314.864	308.648	283.655	236.247	171.607	105.079	
130.442	193.909	235.313	247.563	240.862	227.968	217.514	214.481	220.524	233.656	244.491	240.757	223.213	206.717	202.356	207.529	214.669	222.454	235.02	254.719	277.386	293.924	297.925	290.354	278.555	273.357	283.07	305.166	323.598	320.449	294.679	263.961	246.302	247.59	265.404	294.755	326.13	344.077	337.235	309.664	278.237	258.029	250.177	248.193	252.965	270.658	299.63	327.862	340.555	331.725	311.107	293.291	282.398	275.848	273.99	276.092	279.186	286.268	301.925	321.12	335.225	343.767	349.961	355.833	366.363	379.34	377.937	353.895	322.56	304.171	305.811	321.541	339.16	348.259	344.175	328.71	312.55	308.58	317.509	327.424	327.902	320.994	319.563	332.804	354.227	369.151	369.574	355.744	330.125	298.74	272.301	257.037	250.121	246.061	240.529	232.21	225.267	224.165	226.071	225.027	224.434	236.77	265.909	297.917	314.61	309.883	290.468	266.62	245.68	231.799	226.326	227.441	231.363	235.251	239.817	248.163	260.229	269.76	272.119	274.217	285.422	300.652	307.241	299.742	276.023	233.149	174.072	110.399	
119.699	182.685	226.156	241.988	241.887	239.784	240.859	244.65	251.263	262.437	272.928	270.027	251.119	230.112	220.641	222.393	227.505	233.579	245.027	264.55	286.208	298.722	296.914	286.2	277.141	278.701	292.612	311.607	322.435	313.118	286.177	260.799	253.327	264.349	286.423	312.738	336.005	345.762	333.887	303.598	269.432	245.088	231.688	224.071	225.374	244.12	280.22	321.264	349.713	355.612	344.59	328.042	310.507	294.744	286.612	284.907	281.919	278.847	284.139	298.048	312.827	323.691	330.298	335.966	348.779	367.695	373.649	354.247	324.476	308.498	313.636	328.772	340.183	343.011	337.398	324.515	313.269	316.476	333.397	348.855	351.498	344.683	340.88	348.098	361.87	371.671	370.85	357.253	331.756	301.961	279.523	267.989	260.832	252.362	242.517	234.519	232.255	235.616	239.078	239.193	242.816	261.977	296.042	324.722	327.846	307.148	280.074	259.817	249.183	246.511	249.755	256.83	265.028	271.221	273.27	270.615	263.677	254.311	247.28	249.88	264.81	282.936	291.861	286.832	266.344	228.73	176.357	117.232	
108.224	167.728	211.991	232.336	239.099	246.549	258.981	271.861	281.846	291.68	300.076	296.391	276.207	250.91	234.498	229.576	230.994	237.366	252.349	275.89	298.323	307.273	301.125	290.269	286.311	293.619	307.564	319.961	323.77	312.393	288.146	267.7	264.336	276.181	296.003	318.515	338.201	347.054	337.617	310.337	276.109	246.472	223.096	204.451	197.549	212.766	251.357	301.922	345.524	368.288	370.027	356.389	331.72	305.553	290.132	284.523	278.148	270.609	270.86	281.026	294.075	303.557	309.101	316.561	333.925	357.767	368.538	354.322	329.831	317.69	322.059	331.243	337.339	341.634	343	337.286	331.793	340.391	360.589	374.704	373.565	364.583	359.07	360.335	363.789	364.006	357.427	341.165	316.844	294.372	284.068	284.156	282.664	272.376	257.597	247.608	247.385	253.19	257.181	257.302	261.673	280.304	309.406	327.805	318.615	290.157	264.228	252.185	252.085	259.093	270.418	284.575	299.163	310.05	312.515	301.882	276.907	246.351	226.287	227.146	245.74	268.602	283.428	285.218	270.689	237.011	186.448	126.836	
102.582	158.86	203.367	226.532	235.763	245.734	262.8	281.958	297.562	310.65	320.108	316.528	295.362	266.569	244.123	233	231.084	238.981	260.001	290.046	314.167	319.251	308.927	299.428	302.251	314.694	325.133	327.124	322.816	311.771	294.304	280.663	278.241	283.839	294.285	309.444	326.961	340.004	339.307	321.3	293.522	264.5	233.921	203.193	185.129	192.81	227.611	278.944	328.949	362.664	374.78	364.715	336.697	306.309	289.454	283.843	277.458	269.389	267.663	274.865	285.321	292.761	297.994	308.474	329.691	354.979	366.684	356.182	336.886	326.362	325.485	326.566	330.658	342.64	356.264	361.887	365.337	377.86	393.038	395.033	381.976	365.809	356.073	352.607	350.753	346.912	337.274	318.608	295.808	282.104	285.852	299.156	304.471	293.857	276.125	264.875	265.287	272.709	279.873	283.961	288.967	300.349	314.087	315.282	295.483	266.123	245.882	242.065	250.798	266.544	286.107	307.802	328.554	342.972	345.18	328.947	292.445	248.725	220.62	219.833	239.421	264.579	284.177	292.484	283.68	252.375	199.769	135.436	
102.181	157.077	202.42	227.284	235.565	241.389	253.932	271.686	290.925	311.275	328.575	331.644	314.962	287.636	264.08	250.842	246.945	253.821	275.397	305.794	327.256	327.909	316.29	311.752	323.349	340.872	346.222	335.094	319.481	307.389	298.705	294.526	292.507	287.951	284.207	288.476	302.444	320.237	330.295	325.21	310.001	289.82	259.578	220.9	192.528	191.54	218.96	263.945	310.627	345.414	360.727	352.814	327.059	302.186	292.89	293.048	289.17	280.082	273.61	274.308	279.45	284.009	289.164	301.665	324.185	349.076	361.899	355.674	339.632	326.083	316.307	309.815	315.403	338.047	365.137	382.661	394.277	406.161	409.65	395.98	371.095	347.378	332.808	328.814	331.42	332.826	324.645	305.096	284.35	278.021	292.168	314.119	322.816	311.741	293.8	283.366	283.97	292.684	305.693	317.699	324.146	324.305	316.86	298.075	269.985	243.649	230.22	233.251	249.487	272.806	298.164	323.747	347.322	363.098	364.645	346.434	307.689	261.698	230.479	224.884	239.217	261.938	282.818	293.55	286.654	256.27	202.477	135.455	
100.718	154.271	201.053	229.738	239.987	241.711	244.542	252.729	268.65	293.414	321.004	337.801	334.455	316.006	296.595	285.587	282.545	286.203	299.288	318.35	330.217	327.77	320.924	325.617	345.887	367.082	367.8	344.366	315.328	297.879	294.877	299.01	297.216	283.491	267.688	262.68	272.121	290.966	308.028	314.95	314.93	309.521	288.138	249.585	215.149	205.89	224.725	261.811	302.55	333.393	345.497	336.114	314.635	300.615	303.741	312.929	312.443	299.627	283.464	273.145	269.803	269.332	272.22	283.765	305.594	331.403	349.16	349.958	336.221	316.72	297.691	286.942	296.993	329.607	366.342	389.738	401.28	405.055	395.945	373.76	346.947	323.074	309.13	311.297	325.573	336.181	329.878	309.49	290.588	288.433	306.496	330.153	338.262	327.242	311.859	303.4	302.597	309.927	326.598	345.437	353.521	343.894	317.996	283.186	251.178	231.085	225.201	233.314	253.406	278.851	303.278	326.743	349.837	366.386	368.474	351.969	317.941	276.566	243.812	229.849	235.193	253.857	274.283	283.382	273.365	241.772	189.562	125.475	
92.6491	142.391	190.185	226.369	245.566	249.247	244.094	239.543	244.836	265.149	297.275	328.17	342.596	336.688	322.576	315.425	317.546	321.489	324.069	326.508	327.122	325.309	327.267	340.683	365.357	387.408	386.022	355.906	316.002	289.386	284.241	290.47	289.175	273.394	254.963	247.044	252.181	266.344	282.46	295.13	306.485	315.448	308.316	279.049	245.249	229.281	238.972	269.046	305.968	333.48	340.649	328.236	311.319	307.881	320.231	334.098	334.167	316.873	292.066	272.479	260.996	253.223	249.868	257.416	278.75	308.379	334.11	343.262	331.472	306.138	281.343	272.319	289.641	328.057	365.401	384.003	385.213	375.475	357.268	336.419	318.223	303.145	297.016	309.596	335.933	353.86	348.121	326.655	308.062	305.323	320.085	338.984	344.362	335.789	326.156	320.452	316.336	318.001	332.213	353.315	364.728	354.235	322.188	281.973	252.474	241.286	242.13	249.999	264.369	281.298	296.869	314.116	335.116	352.057	355.044	341.093	313.117	278.142	246.229	227.57	228.711	246.899	267.156	271.863	254.665	219.29	169.903	112.547	
79.4017	123.419	171.16	215.659	246.793	257.011	249.11	235.517	229.233	238.747	266.641	304.27	331.971	335.855	324.808	320.772	331.032	342.038	341.892	334.226	328.242	328.457	336.022	352.096	375.8	396.924	396.964	368.155	325.036	290.598	277.359	279.228	279.293	269.425	256.893	250.823	252.61	259.915	270.24	281.65	295.741	311.77	317.465	301.961	274.104	253.915	254.88	278.055	311.115	335.142	338.672	326.955	318.13	323.794	337.2	345.238	340.308	321.888	297.866	277.968	262.39	246.52	234.497	237.19	258.659	291.486	322.013	335.831	324.936	296.719	272.236	271.2	297.665	336.983	366.425	372.933	359.62	335.733	310.973	295.18	289.623	288.205	293.784	316.295	350.177	371.609	366.028	343.739	323.143	314.982	320.713	330.498	332.2	327.643	325.184	323.013	316.354	311.96	321.222	342.689	360.968	360.481	336.933	303.337	281.782	279.159	282.627	282.446	280.569	279.829	281.683	290.388	307.022	322.964	327.362	316.373	292.882	263.119	235.496	220.462	226.04	248.348	268.798	267.836	241.897	201.009	153.383	102.601	
71.6402	111.463	157.693	205.733	243.122	257.249	249.307	233.173	221.553	222.108	240.99	275.552	306.729	315.01	305.955	304.783	322.387	342.804	348.658	342.1	335.18	334.04	338.88	350.889	371.061	391.199	394.516	372.57	335.056	300.091	280.586	276.748	278.223	275.602	268.85	263.921	264.604	270.29	278.323	286.063	295.066	308.864	320.733	316.92	296.494	274.904	269.671	286.527	313.374	330.905	331.21	324.355	326.726	339.364	346.917	341.209	328.012	313.795	301.694	291.422	276.728	254.401	235.154	234.493	254.79	284.614	310.625	321.793	311.055	285.135	266.498	274.92	308.327	345.655	366.206	362.547	338.378	303.269	272.214	259.318	264.497	277.127	295.435	326.122	362.592	382.842	375.381	351.096	326.35	310.578	306.368	307.409	305.63	303.274	304.975	305.627	299.761	294.759	303.496	327.043	352.408	364.188	355.378	335.367	324.027	326.778	328.088	316.223	296.262	278.238	267.561	266.754	276.06	289.781	297.827	292.602	273.789	248.061	225.681	217.337	229.228	255.097	275.095	269.981	237.76	191.703	143.375	96.0204	
78.6872	117.507	159.859	203.817	238.457	250.619	241.878	227.133	217.204	215.088	225.339	250.241	276.651	285.755	280.244	282.934	304.089	329.089	341.933	342.915	339.667	335.788	333.452	338.305	353.876	372.117	377.907	364.494	338.018	309.978	290.557	283.994	285.576	285.241	278.286	271.416	273.846	285.548	297.944	303.155	303.404	308.867	320.37	324.535	312.757	294.25	287.268	299.578	318.681	326.749	321.515	317.476	327.698	343.784	344.226	325.121	304.318	296.808	301.88	307.118	297.932	273.152	250.768	249.088	266.223	286.293	298.703	300.773	290.544	272.038	261.618	274.878	308.304	341.868	358.11	351.325	323.163	282.701	248.732	238.154	250.339	272.932	301.224	337.491	372.678	387.831	376.31	348.957	319.03	295.84	284.876	282.361	280.239	278.611	280.853	282.776	279.59	277.767	288.629	312.526	338.316	354.975	358.234	353.748	353.464	358.669	355.479	334.85	304.63	278.424	261.953	254.376	256.134	266.779	278.783	281.002	268.708	247.929	230.151	225.086	236.877	260.076	278.022	272.908	240.878	193.381	143.055	95.0315	
95.2108	134.064	170.267	205.681	233.787	242.649	233.566	221.948	217.617	218.023	222.23	235.306	252.955	261.288	260.161	265.997	285.72	307.899	322.168	329.957	334.487	334.181	329.636	328.535	337.1	349.927	355.998	350.51	335.398	316.164	300.559	294.2	294.925	293.179	283.36	274.068	278.661	296.977	314.464	318.218	310.804	306.921	314.378	324.368	324.27	314.912	310.674	319.81	331.252	329.512	315.69	307.405	317.882	335.002	332.613	305.877	278.616	274.179	292.587	313.064	313.222	292.01	271.771	271.778	286.342	295.815	292.209	282.648	272.767	263.338	260.547	273.262	299.912	327.37	342.155	336.856	310.451	272.913	244.845	241.076	257.555	282.072	311.034	344.809	373.618	383.418	371.715	345.627	312.599	282.691	267.112	265.503	267.612	269.584	273.891	277.353	274.975	271.939	278.367	294.702	312.884	327.815	339.418	349.387	359.206	364.714	356.707	332.56	301.781	277.145	262.547	254.175	251.654	258.059	270.21	277.638	272.884	259.39	246.63	241.021	245.35	259.06	272.797	271.21	246.656	204.745	155.075	104.046	
107.652	145.335	175.581	203.678	227.546	236.709	230.996	225.105	228.574	234.356	235.044	236.745	244.599	251.495	254.092	260.792	275.37	290.149	299.721	308.478	320.329	329.998	331.208	327.526	326.943	330.537	334.313	334.45	327.63	315.176	304.089	300.089	301.908	301.403	292.748	283.147	285.995	302.28	317.972	320.098	309.896	300.554	303.811	318.562	332.054	335.543	335.696	341.179	345.921	337.306	315.357	298.204	303.239	320.379	319.588	290.482	257.073	248.904	270.502	299.835	310.904	299.954	287.473	291.787	306.821	311.355	297.547	278.841	267.873	264.152	265.774	275.427	293.338	313.77	327.417	325.05	304.145	276.224	261.393	268.653	287.894	306.83	324.941	344.343	359.868	365.939	362.099	346.601	317.235	283.324	262.752	261.171	268.734	278.589	290.153	297.388	293.089	281.765	274.763	276.45	284.294	296.881	313.689	331.439	344.733	347.434	335.828	312.795	287.238	268.955	260.868	257.894	256.535	259.305	267.882	277.072	279.395	274.353	266.513	257.572	250.065	250.484	257.958	260.165	246.641	216.4	172.311	119.221	
113.686	150.367	177.635	201.875	223.829	235.537	235.878	237.26	248.339	259.716	259.143	252.146	251.496	257.731	265.384	274.427	284.904	291.77	292.175	293.071	303.326	318.877	327.038	323.933	316.159	310.476	310.003	312.165	310.296	303.666	298.408	299.301	306.139	312.383	310.031	301.271	297.041	301.54	307.625	307.216	299.514	291.529	294.432	313.561	338.199	352.052	354.086	354.148	353.398	342.537	317.654	293.747	291.656	306.02	306.234	277.383	240.635	226.679	243.579	273.741	293.883	296.759	294.998	303.751	320.526	326.381	311.635	289.784	276.537	272.255	272.58	278.148	290.45	307.581	322.338	324.361	310.274	292.084	288.615	304.312	324.461	335.96	339.549	339.381	337.749	339.515	346.209	347.152	329.149	296.765	271.452	266.402	277.106	296.644	319.214	332.735	327.351	307.443	285.985	272.581	270.81	279.964	294.859	308.381	315.646	314.168	303.65	286.501	267.661	254.893	253.472	259.522	265.027	267.792	272.354	280.882	288.594	291.02	286.436	272.076	251.483	237.981	237.858	241.677	237.6	219.276	182.542	129.602	
123.469	162.416	190.139	211.926	230.291	241.525	245.194	250.514	265	280.163	281.55	271.23	264.961	271.151	286.134	302.842	314.556	315.523	304.721	291.493	289.789	300.399	310.143	309.993	301.603	291.653	286.965	287.673	288.057	286.901	287.586	293.095	305.591	320.464	326.017	318.355	306.043	296.993	291.879	288.936	286.994	286.813	294.519	316.218	343.639	359.266	359.327	354.796	351.489	342.333	320.014	294.448	285.689	292.904	290.497	264.016	230.389	215.485	226.806	252.537	276.42	289.832	296.253	306.566	323.736	334.207	325.81	306.376	290.022	279.278	272.762	274.073	286.447	307.333	327.513	334.93	325.234	309.951	307.819	323.29	341.594	349.26	345.311	332.843	318.604	315.296	327.91	342.175	337.004	310.076	282.325	273.02	284.93	312.919	346.367	368.063	366.36	344.535	315.191	290.987	279.299	279.024	282.047	282.085	280.074	278.762	276.859	269.962	256.743	245.033	245.713	258.798	272.568	277.782	278.524	284.027	294.466	302.833	301.612	284.268	254.378	229.124	220.681	223.657	225.361	214.366	181.776	129.416	
140.184	184.195	213.711	232.242	243.726	249.342	250.637	254.272	267.684	285.919	293.605	286.087	276.847	281.058	301.101	326.644	343.054	341.337	322.748	298.634	284.099	283.944	290.129	293.97	291.576	283.871	276.547	273.107	272.15	272.729	274.583	279.695	294.198	315.925	329.337	324.761	308.987	292.74	281.75	278.993	284.596	294.731	307.768	325.981	344.581	352.601	349.814	346.543	346.541	341.633	323.695	299.564	285.938	284.931	279.269	258.184	233.028	221.477	228.172	245.704	265.008	279.389	287.522	297.276	315.575	333.579	335.98	321.712	300.817	279.971	264.509	263.018	279.962	309.187	336.495	347.619	337.903	318.656	309.511	317.974	332.712	340.84	338.62	326.191	309.961	304.967	319.367	339.792	342.085	319.6	291.676	280.126	292.075	323.944	363.612	392.646	397.935	379.904	349.445	319.495	297.654	282.949	269.588	256.457	250.017	254.922	265.748	270.306	261.637	247.703	244.613	257.908	275.354	281.468	277.261	276.815	286.02	297.882	301.967	288.839	258.317	225.983	209.081	209.238	213.744	205.447	172.87	120.443	
153.523	201.889	232.693	247.39	250.7	248.301	244.532	244.753	256.769	279.027	295.407	294.241	284.454	285.021	304.358	332.591	351.304	349.936	331.532	306.853	287.401	278.932	280.061	286.438	291.413	288.966	280.209	270.647	263.811	259.827	256.617	257.155	271.285	298.378	319.787	321.153	307.55	291.242	280.651	281.515	294.477	311.314	323.539	330.862	334.052	331.721	328.8	332.86	341.209	342.082	328.413	307.369	292.814	287.842	282.255	268.591	252.09	242.584	242.759	248.317	255.153	260.759	265.239	275.846	299.446	327.758	341.844	332.302	305.842	275.429	254.048	252.774	274.621	309.778	340.435	352.057	341.717	320.456	306.669	309.632	321.709	331.082	332.665	325.371	313.777	311.415	327.529	350.139	354.83	334.595	308.25	296.658	306.557	334.859	371.73	401.356	410.037	395.978	368.688	338.537	310.205	284.139	260.067	241.324	235.414	246.024	265.722	279.493	276.993	263.227	255.041	263.144	278.712	283.368	274.007	265.92	269.135	279.047	286.754	282.285	258.933	225.123	200.453	195.211	199.241	191.165	157.916	106.618	
155.833	207.788	240.718	252.555	248.222	238.123	230.239	229.155	241.394	266.582	289.024	293.936	286.779	286.289	302.292	326.291	342.227	342.234	329.742	311.951	295.284	284.822	283.344	290.207	299.02	300.028	289.614	273.129	257.645	245.493	235.736	233.051	247.793	278.686	306.443	314.898	306.614	293.153	284.711	289.029	305.465	321.643	326.608	321.904	313.689	306.19	305.941	317.653	334.316	341.504	332.643	315.864	303.663	298.969	295.482	287.939	277.267	267.598	260.408	253.586	246.191	240.092	239.889	253.583	284.798	322.096	343.282	334.526	302.898	268.276	248.055	250.313	273.539	306.823	334.061	344.651	339.278	326.796	319.273	323.573	334.45	341.756	341.221	333.634	323.645	322.892	339.928	363.19	369.547	353.91	334.147	326.43	333.042	350.635	374.281	393.805	397.858	385.552	365.306	341.752	314.649	286.741	262.513	244.958	238.286	246.54	266.703	287.013	294.726	287.94	279.426	282.944	294.533	296.362	282.788	268.009	263.228	266.294	272.498	274.37	259.945	228.18	196.641	182.881	182.757	174.439	142.752	94.3974	
151.167	208.509	246.053	256.876	246.381	229.758	218.87	217.827	229.878	253.571	275.815	283.917	282.02	285.127	299.332	316.437	326.253	326.42	320.131	310.623	300.705	294.42	295.126	302.473	310.938	311.269	298.352	276.83	255.222	237.737	225.483	223.521	238.994	268.838	297.248	310.326	307.334	296.647	289.447	294.704	309.701	320.467	318.585	309.177	299.839	294.095	296.677	311.71	333.148	346.238	342.409	328.583	317.322	312.133	308.398	302.75	295.454	287.229	276.593	261.741	244.604	230.615	227.478	243.383	278.834	319.297	340.565	328.355	293.508	260.802	246.55	252.382	272.465	297.751	317.774	328.261	333.562	338.415	345.17	355.172	364.594	366.058	357.742	343.641	329.647	325.737	339.113	359.544	368.093	362.765	357.654	359.814	364.386	367.883	371.873	374.035	368.473	357.22	346.984	335.501	317.204	296.094	278.665	264.154	252.215	250.054	264.039	288.683	308.64	313.861	311.62	315.799	324.429	321.391	302.567	282.729	272.718	270.646	274.114	278.202	268.956	238.732	201.752	180.158	176.236	169.103	139.844	92.429	
144.854	207.396	249.451	260.746	247.574	227.679	215.48	215.32	226.366	244.389	260.316	267.372	270.297	278.789	292.839	303.853	307.501	306.607	304.783	303.191	301.823	302.418	307.29	315.016	320.383	317.135	302.832	282.561	263.618	248.841	239.402	239.604	252.722	274.496	294.996	305.484	303.569	294.672	289.613	296.094	308.946	315.684	312.868	307.569	304.714	304.013	308.185	323.024	346.341	364.095	363.782	349.435	335.349	327.289	320.583	312.701	306.459	301.946	292.859	274.986	253.067	235.918	231.623	246.21	278.386	314.266	331.234	316.693	283.637	256.259	246.137	250.941	264.975	282.18	296.21	306.871	320.596	339.316	358.382	373.898	382.049	378.422	364.645	347.011	330.398	321.58	326.914	340.259	349.615	356.056	367.751	381.267	385.071	376.166	361.853	347.081	332.261	322.446	322.381	324.514	318.477	306.831	296.378	284.128	266.718	253.834	259.604	284.256	311.534	326.849	334.046	344.403	353.161	344.619	319.001	294.642	283.08	281.496	285.961	290.678	281.593	250.695	212.391	190.467	188.438	183.69	153.827	102.082	
137.087	199.63	241.504	252.906	241.359	224.155	215.885	220.61	232.7	244.156	250.411	252.305	256.447	267.996	282.203	290.701	292.373	291.731	292.945	297.314	302.229	306.168	311.247	316.703	317.91	312.102	301.602	292.108	285.906	280.155	274.757	274.985	282.87	293.31	300.09	299.587	291.85	282.717	281.516	291.895	305.798	312.936	313.648	314.708	317.812	320.597	325.764	340.558	364.917	385.071	385.622	368.767	351.646	342.611	334.696	323.627	315.715	313.726	308.021	290.589	267.599	251.046	247.666	258.043	278.714	301.169	311.021	299.483	276.298	257.904	249.647	249.506	256.208	266.809	276.076	283.989	297.036	318.024	342.066	362.192	371.954	368.509	357.289	345.1	332.45	321.636	319.576	325.514	333.255	345.097	364.553	382.324	384.458	368.684	343.935	318	296.262	287.427	295.578	309.684	314.521	309.117	301.186	290.147	272.267	255.723	255.306	273.967	298.231	315.365	328.986	346.787	359.569	350.8	323.13	297.073	285.547	286.248	293.296	298.147	286.979	255.514	221.32	206.534	209.73	205.057	170.689	112.756	
129.634	186.157	221.501	229.855	221.367	212.261	214.964	230.387	247.011	253.795	251.088	246.572	248.258	258.876	273.137	284.484	291.269	294.675	297.459	301.769	304.566	303.805	303.309	303.719	301.04	296.123	296.105	304.823	315.128	317.085	312.288	310.793	315.317	318.167	312.04	296.683	278.599	267.639	270.937	286.656	303.969	313.799	317.331	319.519	320.967	321.592	326.556	342.249	366.47	385.431	384.882	367.693	352.539	348.431	344.688	333.185	322.287	319.508	316.143	301.847	282.262	270.684	271.141	276.987	281.83	284.84	284.728	279.109	271.737	267.616	264.773	261.007	259.23	261.019	263.485	265.255	270.799	285.849	309.919	334.378	348.417	349.812	347.069	345.362	339.854	330.157	325.017	326.959	331.657	340.927	356.701	369.735	368.242	351.146	325.147	295.536	269.748	260.675	273.636	295.41	306.534	302.777	293.292	281.819	266.255	251.781	248.808	259.126	272.801	282.407	293.933	313.811	331.939	331.833	313.814	294.444	285.496	286.589	293.146	296.633	284.304	254.76	226.709	218.036	221.691	212.151	173.045	113.658	
126.595	174.849	200.376	202.821	196.227	196.511	212.271	238.988	260.559	265.64	258.736	250.893	249.534	256.961	271.329	289.054	305.645	316.226	319.524	317.066	308.55	296.843	288.856	284.363	278.567	276.045	287.903	313.489	335.218	339.382	333.367	332.735	339.385	340.868	326.196	297.935	271.175	260.893	270.692	292.182	312.334	323.47	326.234	322.881	314.556	306.442	307.482	321.275	340.878	353.774	351.448	338.799	332.042	337.759	342.551	334.789	322.225	316.289	312.84	302.548	289.676	285.8	291.31	294.634	287.921	275.813	267.327	266.378	273.113	284.445	291.979	289.241	279.092	268.973	262.083	256.715	254.309	262.756	285.51	312.269	329.105	335.398	341.153	347.937	347.154	338.88	333.37	333.363	334.931	340.313	350.934	357.912	352.486	336.648	315.572	289.656	264.268	254.138	266.612	289.243	302.16	299.479	288.801	274.506	257.143	242.902	239.147	243.773	246.73	244.114	245.275	259.25	279.875	292.573	292.6	288.083	286.601	288.873	293.303	294.67	282.894	257.232	233.948	225.877	223.418	205.822	164.028	108.072	
126.327	168.117	186.449	184.989	180.059	186.496	208.52	238.092	260.233	266.727	262.928	257.986	256.983	262.91	278.043	301.309	326.101	343.157	346.467	335.087	312.762	289.911	276.524	269.963	263.26	262.405	279.736	311.088	334.699	338.582	334.544	338.539	349.391	351.397	332.188	297.874	270.35	266.975	286.294	313.438	334.53	344.993	345.338	334.629	314.372	294.615	287.368	293.52	302.609	305.504	301.323	296.089	299.631	314.265	327.114	325.589	313.988	304.275	298.176	290.454	283.816	285.735	294.133	298.115	290.938	277.123	267.284	268.327	281.188	301.937	319.583	321.5	306.562	286.362	270.433	258.125	249.662	254.104	275.466	300.976	315.93	322.472	331.176	340.517	340.805	333.421	327.776	325.471	325.133	331.787	345.193	353.044	347.254	334.108	320.258	302.389	281.055	268.75	274.444	291.196	304.517	307.493	300.35	282.488	257.808	238.389	232.087	233.078	229.047	216.75	207.255	212.615	231.602	252.503	267.077	276.66	284.981	292.566	299.199	302.264	293.891	272.956	252.943	243.27	233.826	208.582	163.946	109.558	
122.21	161.19	178.869	179.282	177.151	184.389	201.9	223.012	240.431	251.235	257.696	262.732	268.17	277.351	294.131	318.446	344.492	362.946	365.007	347.548	317.198	288.584	272.965	267.438	263.578	264.203	278.663	303.155	320.969	324.879	324.948	331.642	341.573	341.122	321.472	291.635	273.492	280.997	308.325	338.317	359.069	369.574	369.853	355.759	328.487	300.191	283.48	278.046	273.947	266.944	261.626	262.495	271.596	287.96	303.536	308.084	300.139	287.905	278.415	272.011	269.088	272.157	279.944	287.205	288.997	284.487	278.81	279.115	290.181	311.645	333.164	338.745	323.894	300.705	280.273	262.619	249.712	252.169	272.609	295.598	305.889	306.925	310.08	314.794	313.656	308.144	303.909	300.719	300.672	312.143	333.513	349.015	349.469	342.458	335.479	324.3	306.272	289.547	283.352	289.317	302.801	316.409	319.387	302.829	272.826	247.214	235.727	231.994	223.948	208.457	195.238	195.72	210.734	231.463	250.074	265.805	280.816	295.692	310.577	322.553	322.3	306.649	288.041	276.194	262.047	231.36	182.173	123.843	
114.521	153.883	175.826	181.919	182.692	186.587	193.422	201.224	212.212	228.667	248.919	268.698	285.675	301.753	319.607	339.491	359.085	372.24	370.388	351.071	322.347	296.591	282.711	280.3	281.792	284.377	291.993	303.691	311.831	313.233	312.555	314.385	316.52	311.836	297.715	282.835	280.816	297.202	325.091	352.036	371.111	383.026	385.931	373.651	347.241	317.827	295.321	279.262	264.224	251.31	246.495	250.186	257.824	267.662	279.557	288.267	286.264	275.213	265.288	261.347	260.328	260.426	264.486	275.062	288.108	295.293	294.217	291.584	296.496	311.733	328.529	332.62	319.954	300.441	281.957	263.583	249.129	250.646	270.815	293.585	301.457	295.173	287.052	282.141	278.144	275.668	275.471	274.723	276.309	289.592	314.208	336.641	347.53	350.096	348.296	339.476	322.407	301.261	282.773	275.633	286.17	309.164	325.751	319.343	294.035	267.89	252.127	243.686	233.404	218.359	205.84	204.689	215.498	231.725	248.049	264.178	281.641	301.669	325.438	348.437	357.343	345.768	326.109	310.809	293.428	259.725	206.187	141.651	
113.358	154.737	181.004	191.841	194.447	195	193.482	191.191	196.137	215.036	245.55	278.585	306.694	328.353	344.727	357.831	369.233	374.574	366.148	345.609	323.67	307.539	300.424	303.451	310.84	315.653	317.446	317.386	314.112	306.611	296.501	287.19	280.451	275.756	274.477	280.538	295.247	315.068	335.228	352.629	366.878	378.403	382.873	374.08	353.871	330.707	309.539	289.261	269.765	256.286	253.188	256.458	257.907	256.956	260.878	270.09	274.154	269.31	265.118	266.615	266.752	261.591	259.71	271.112	292.257	308.435	310.661	304.437	301.179	305.188	310.827	309.767	299.902	286.964	274.781	261.125	248.6	248.904	267.957	292.57	301.936	291.308	273.841	261.314	255.637	255.452	258.352	260.699	263.754	273.909	292.828	314.312	331.554	341.482	342.444	334.496	320.354	300.828	277.32	260.501	264.365	288.519	313.796	320.978	308.729	289.261	274.155	264.963	254.368	238.524	224.076	219.879	226.975	240.06	255.173	271.961	290.605	311.887	337.552	362.724	373.2	362.355	342.472	326.414	308.926	275.354	219.989	151.245	
123.689	167.642	196.14	209.601	214.76	217.064	215.29	208.829	206.481	219.801	250.224	287.153	318.561	339.578	352.027	361.969	372.443	374.911	359.459	333.476	314.044	306.905	309.662	320.837	334.286	341.83	341.579	334.627	320.614	299.523	274.874	253.946	243.223	245.802	262.232	288.593	315.343	333.022	340.242	343.622	349.626	357.978	361.798	355.57	342.407	328.645	314.869	298.61	282.547	273.068	271.726	272.021	265.742	254.081	248.112	252.837	260.29	265.227	272.203	280.861	281.447	271.353	263.899	273.464	297.175	317.681	322.335	313.889	302.098	292.001	284.53	279.817	275.929	271.776	267.668	260.781	250.416	246.96	261.858	286.878	298.713	288.226	269.603	258.268	255.528	256.257	257.995	260.678	264.734	270.669	279.352	291.527	305.048	314.388	315.33	310.166	303.773	294.017	276.823	259.988	258.614	276.278	299.89	313.976	312.959	301.99	291.981	287.151	279.257	262.257	243.516	234.157	236.894	247.57	262.808	281.31	300.611	318.795	336.631	351.164	353.35	341.173	325.997	316.355	304.686	275.609	222.033	152.362	
136.986	183.714	214.197	230.813	241.536	251.763	257.17	251.319	241.018	242.559	262.327	290.287	313.047	325.762	333.496	346.355	364.998	371.958	352.535	318.887	295.929	292.904	304.652	323.999	341.872	351.399	352.271	344.086	323.493	290.503	253.356	225.28	216.456	230.432	263.848	305.006	337.081	348.058	340.074	327.978	324.883	330.424	334.746	331.435	323.585	316.436	309.353	300.192	292.315	289.949	290.747	287.484	274.641	254.998	239.715	236.979	245.087	260.062	278.82	293.314	293.888	281.481	270.698	275.953	295.686	314.783	321.014	313.379	295.947	273.376	255.058	250.249	255.901	262.402	265.548	262.532	251.14	241.503	249.821	272.371	285.869	279.935	268.993	267.449	272.123	273.939	272.574	273.738	278.459	281.644	281.361	281.964	285.485	288.03	286.637	284.564	286.036	287.431	282.239	273.891	273.22	284.429	301.204	314.003	316.136	308.974	302.979	303.434	301.329	288.758	271.442	259.28	255.313	258.372	268.656	285.127	302.004	313.895	320.413	321.234	313.938	301.845	294.564	295.027	292.626	271.111	222.027	153.306	
143.689	193.067	226.63	247.641	264.757	283.696	298.319	297.298	283.993	275.812	281.566	292.984	299.162	298.846	301.044	317.336	344.144	357.251	339.304	304.617	281.761	282.897	301.59	325.024	341.615	348.524	349.525	342.892	321.075	283.014	240.801	212.392	209.732	234.792	280.292	329.516	361.56	363.619	341.046	314.877	303.968	308.853	316.584	317.569	312.492	305.478	298.097	292.58	293.477	300.294	304.65	298.64	280.941	256.592	235.567	227.567	236.196	258.522	285.293	303.711	305.697	293.422	278.763	275.101	284.826	298.341	305.753	302.547	286.093	258.784	235.385	231.871	245.107	258.843	264.153	259.509	245.114	231.208	234.131	252.743	267.591	269.87	271.51	281.993	293.874	297.282	295.017	296.15	301.322	302.675	297.308	290.869	286.916	283.252	278.678	276.212	278.789	283.637	285.423	285.04	288.617	299.194	314.12	326.723	329.189	321.067	313.172	313.61	317.03	315.557	308.84	298.856	286.051	274.639	272.611	281.358	292.648	299.35	300.876	297.31	288.404	279.33	277.938	284.443	287.775	271.562	225.86	157.554	
142.075	193.494	230.372	255.035	275.399	298.345	320.036	327.934	319.884	308.966	304.596	302.09	293.792	281.05	275.178	287.8	313.545	328.323	316.395	291.307	278.909	289.505	314.237	336.613	345.542	344.349	341.649	335.427	315.866	280.802	242.989	221.641	228.307	262.006	312.157	360.775	387.788	382.315	351.006	316.035	299.405	304	314.98	318.9	313.408	301.794	289.288	284.48	293.338	309.117	316.549	307.245	284.605	257.28	235.185	227.552	238.672	264.838	295.152	317.51	324.226	312.901	290.248	271.786	267.625	274.011	282.299	285.967	278.451	258.173	238.196	235.751	249.302	261.25	261.278	251.317	236.089	223.961	225.425	239.516	254.234	265.008	278.812	297.594	311.788	315.002	313.784	316.804	322.285	322.773	317.352	311.225	306.347	300.664	293.493	286.732	282.936	282.096	281.658	282.097	287.824	301.657	321.788	340.856	348.085	339.94	326.816	321.409	325.664	333.765	338.436	331.937	311.346	286.453	272.909	274.48	282.104	289.104	294.764	296.87	293.383	288.584	288.701	293.491	294.097	276.268	230.041	161.199	
132.195	184.217	224.01	251.77	273.469	297.371	324.284	342.471	342.991	332.83	323.649	316.059	302.766	282.666	266.965	268.962	286.151	299.071	294.411	282.708	284.561	305.895	334.104	351.34	350.461	340.893	333.522	326.111	310.29	284.751	259.908	251.961	269.723	307.906	352.326	387.555	402.483	393.517	364.781	330.602	311.465	314.419	325.512	328.701	320.343	304.579	289.493	287.134	302.389	322.6	328.936	314.901	287.655	258.656	238.817	235.93	251.031	277.943	307.685	332.998	345.78	335.771	304.197	270.567	252.883	251.369	257.707	266.268	271.299	267.48	259.902	260.428	268.686	271.023	261.066	245.884	233.732	228.855	232.582	241.992	253.86	270.186	292.754	314.706	325.433	324.358	322.201	325.895	331.226	333.204	333.423	333.858	332.294	326.688	317.399	305.557	293.955	285.528	279.765	276.683	280.634	295.12	318.415	342.906	356.493	352.216	337.404	326.348	326.496	335.132	342.608	336.933	314.017	286.341	271.871	274.022	283.652	295.21	307.684	316.974	319.397	317.423	314.81	311.296	302.357	278.587	231.041	163.009	
114.472	164.48	206.281	238.188	263.55	290.216	321.701	346.927	352.401	342.21	332.226	327.614	318.351	297.373	274.43	266.312	275.782	287.513	287.949	283.931	293.171	318.932	344.91	353.715	344.756	332.023	324.108	316.631	305.011	291.439	283.083	290.008	316.45	352.694	381.612	393.253	391.19	382.766	366.805	343.04	325.824	327.268	337.748	340.288	330.592	314.496	301.561	303.1	320.279	337.33	337.779	319.897	292.247	265.787	251.477	255.227	273.538	297.361	320.722	342.81	357.272	348.932	314.811	275.13	250.059	240.575	239.306	244.701	256.527	269.355	279.446	288.471	293.675	286.525	267.364	248.511	240.267	242.863	249.537	254.906	263.225	283.228	312.351	334.918	339.1	330.203	323.268	324.668	329.527	335.525	345.154	355.259	358.148	351.938	340.182	325.501	310.871	300.373	293.891	289.571	290.087	298.577	314.311	333.177	346.686	346.948	336.113	324.516	320.202	323.58	327.81	322.428	303.765	283.498	277.012	285.033	297.991	311.515	326.125	339.053	345.718	344.523	335.708	320.941	302.528	276.281	231.957	167.443	
94.1587	138.826	179.649	215.073	246.265	277.625	311.407	337.942	344.671	336.009	329.358	331.001	328.758	311.794	288.564	277.611	284.631	296.013	296.848	291.978	299.488	322.144	340.765	339.639	325.587	315.525	312.809	308.713	301.502	297.481	301.37	316.842	344.052	371.502	382.193	372.071	356.121	349.681	348.013	338.852	328.363	331.266	344.007	350.352	343.872	330.388	320.193	322.629	335.312	343.039	335.784	317.37	295.901	279.364	276.248	288.511	307.881	323.935	334.48	345.131	354.102	346.81	318.095	283.989	259.873	244.488	231.971	225.877	233.602	254.412	280.325	302.937	313.581	305.209	282.312	261.007	253.669	258.506	264.219	264.901	270.497	294.307	330.039	354.431	353.803	337.594	324.438	321.809	325.82	335.565	353.124	371.763	379.467	373.599	361.061	347.253	334.943	327.774	325.494	323.646	320.704	317.912	317.088	320.599	326.684	329.167	325.395	318.931	314.785	315.542	318.752	316.49	304.523	291.98	290.914	299.725	309.137	317.55	329.702	345.499	357.214	356.068	339.754	315.659	293.708	271.807	235.189	175.475	
77.5198	114.717	150.59	186.038	221.727	256.853	289.598	313.648	322.351	319.994	319.168	324.414	326.258	315.993	300.72	295.676	304.517	313.819	309.661	298.461	299.923	316	325.724	316.112	299.852	294.973	300.229	302.758	300.799	302.349	310.624	325.367	345.416	361.184	359.081	338.608	316.421	308.932	313.535	316.23	315.953	323.984	340.549	351.855	349.416	337.84	328.088	328.284	333.965	332.014	318.547	302.053	290.912	290.368	303.751	326.143	345.012	351.29	347.397	344.003	344.245	337.255	317.245	293.698	274.551	256.29	234.958	217.245	215.66	235.277	269.163	304.152	326.484	326.397	307.247	286.482	278.505	280.394	279.036	271.043	271.64	296.852	338.136	367.309	367.867	349.482	331.696	323.802	324.51	333.658	352.66	374.774	387.623	387.461	380.667	371.961	363.107	358.325	358.722	358.229	350.924	336.21	319.086	307.581	305.354	308.817	312.871	315.204	316.329	318.965	323.928	325.528	318.611	308.934	305.009	304.632	302.164	301.687	312.129	332.979	350.238	348.248	325.745	297.802	278.82	264.536	235.658	180.472	
67.3489	98.5335	128.894	161.666	198.479	234.945	265.511	287.617	300.93	307.258	310.616	313.972	315.518	312.565	309.44	314.187	325.822	330.617	317.889	298.597	293.826	303.522	306.573	293.13	277.658	276.726	287.607	296.631	300.228	304.867	312.979	323.383	335.403	342.761	336.575	316.759	293.23	278.458	277.44	284.587	294.803	310.202	329.105	340.353	336.572	323.406	312.932	312.011	314.47	307.961	291.196	276.03	273.77	288.624	317.218	347.171	364.392	363.641	350.875	338.646	333.253	328.017	316.913	302.722	287.499	268.549	244.979	223.636	216.751	231.733	264.747	304.257	336.113	347.399	337.404	322.271	316.373	314.83	303.822	283.789	274.646	294.704	336.149	369.7	375.735	360.362	340.571	326.67	321.302	325.794	340.564	360.663	377.774	388.693	394.601	393.669	385.579	377.258	373.477	369.277	357.003	335.254	310.402	291.743	284.595	288.093	297.808	308.086	314.863	319.029	323.562	326.801	324.792	318.566	310.414	298.157	282.889	275.281	285.515	309.348	327.418	322.018	296.189	270.49	258.555	251.357	227.584	176.24	
65.614	95.7063	124.26	154.081	187.593	220.814	248.308	270.524	290.015	304.513	310.281	309.778	309.279	311.528	317.022	327.374	338.76	337.474	316.017	289.906	280.404	285.547	286.761	277.064	267.304	268.81	279.799	290.363	296.574	302.673	311.152	320.831	329.972	334.409	330.207	316.222	292.73	266.902	252.786	257.469	275.661	298.67	317.921	323.709	313.342	296.336	285.322	284.972	288.072	282.314	265.437	250.229	251.941	275.319	311.102	341.817	355.324	351.25	336.844	323.27	317.815	317.131	314.851	308.439	296.904	280.488	261.188	243.861	237.27	248.109	274.882	310.161	343.147	360.866	359.777	352.662	350.894	348.004	331.273	303.412	285.025	294.748	327.696	357.776	365.11	352.768	333.967	317.656	308.983	310.7	321.337	336.88	355.013	375.678	394.438	400.95	391.84	376.445	364.049	353.776	339.471	319.173	297.07	278.654	267.857	267.295	276.369	289.019	297.929	301.772	304.831	310.18	316.381	319.095	312.835	295.134	273.135	261.195	267.673	285.328	295.247	283.693	257.963	238.998	235.677	234.052	212.789	163.97	
72.7755	106.273	136.262	163.074	188.935	212.757	233.493	255.392	281.314	304.344	314.772	313.912	312.53	316.191	322.602	330.675	337.159	329.81	303.453	274.828	262.449	263.856	266.786	267.593	269.602	274.776	281.537	286.612	289.748	295.528	307.062	321.51	332.884	337.254	335.381	325.817	302.019	267.511	242.164	242.596	265.387	293.924	312.26	311.751	295.606	276.461	264.851	263.186	266.314	263.936	250.878	236.964	239.255	264.014	299.161	325.402	333.664	327.206	313.21	300.667	296.697	300.011	304.511	305.527	301.306	292.939	281.207	267.952	260.925	267.719	287.476	314.168	340.436	356.922	360.322	358.908	359.409	356.501	341.664	317.22	298.251	299.191	317.352	333.364	332.845	320.121	305.506	293.634	287.895	290.856	299.639	310.68	326.547	351.124	377.604	390.115	381.905	362.197	343.567	330.293	319.195	307.267	293.821	278.029	261.65	251.36	252.324	261.445	271.395	279.163	287.291	299.355	314.86	326.449	324.42	306.946	284.331	270.206	268.819	272.215	267.56	248.7	225.088	213.79	217.867	219.828	198.801	150.156	
83.838	121.117	151.464	173.981	191.115	204.093	216.68	237.569	269.669	301.913	319.867	322.685	321.97	324.161	326.273	327.421	326.935	316.248	291.891	266.531	252.231	248.047	251.392	263.107	278.722	289.354	291.212	287.178	283.406	287.342	302.465	323.055	338.182	342.701	339.835	329.26	304.211	268.175	241.039	240.638	264.751	294.556	311.079	307.126	289.658	271.142	258.307	253.029	255.335	258.386	252.898	242.682	244.052	265.454	295.798	317.009	321.902	313.888	298.691	284.155	277.839	280.379	287.423	295.047	301.016	303	296.15	280.295	267.338	268.892	282.873	300.848	317.563	329.077	334.008	335.918	337.309	336.386	330.188	318.861	308.763	307.146	311.46	310.279	298.676	284.657	275.782	271.092	269.352	271.941	277.584	285.107	299.162	324.894	355.365	373.032	368.35	348.681	328.285	315.658	310.538	308.722	304.083	290.115	267.392	245.607	234.77	237.619	251.195	271.278	293.719	315.719	335.075	345.971	341.451	323.213	302.935	290.4	283.982	275.088	257.556	232.513	210.484	204.437	213.097	216.625	193.733	142.113	
91.8451	130.266	157.561	174.272	185.447	193.972	205.152	228.683	266.313	304.505	327.073	332.561	332.392	332.84	330.755	325.498	319.268	309.139	292.894	275.188	259.911	248.973	249.663	267.188	291.811	306.722	305.56	294.813	285.249	285.931	299.88	320.807	336.971	341.652	336.343	322.109	297.773	269.472	251.697	255.45	277.813	303.465	316.537	311.422	294.537	275.733	260.063	251.743	255.625	266.272	269.443	262.56	260.211	273.509	295.748	313.218	319.617	314.649	300.132	282.971	272.021	270.693	277.67	289.912	302.679	308.652	299.276	275.94	255.406	251.164	258.707	267.942	276.084	283.536	289.963	295.32	299.956	305.319	311.527	315.664	316.95	317.065	313.521	301.894	285.298	273.026	269.132	269.023	267.632	264.905	263.733	267.85	281.734	308.15	340.483	362.292	362.189	344.794	324.354	311.972	310.623	316.516	319.302	307.994	282.444	253.345	232.688	228.855	245.392	278.24	315.558	345.123	361.094	361.677	347.283	325.255	307.936	300.49	295.78	284.06	262.623	236.203	215.716	212.396	223.375	227.188	200.916	143.531	
94.0263	132.126	155.7	167.216	176.399	189.105	208.924	240.196	280.32	315.825	333.852	336.094	334.848	335.535	333.172	325.11	315.303	306.91	299.529	290.992	278.657	265.871	265.415	285.053	312.918	328.897	326.135	313.055	301.201	297.531	303.35	315.522	327.754	333.444	329.145	315.52	297.679	284.184	281.952	292.1	309.545	325.185	330.806	323.212	305.25	282.996	262.801	253.098	260.648	278.288	287.752	281.942	273.177	274.585	285.693	299.587	311.131	314.989	307.729	293.949	282.441	279.17	286.026	299.302	310.241	309.896	293.669	267.712	247.291	239.785	238.332	236.819	237.146	241.136	247.431	254.897	264.806	279.948	299.153	315.688	324.605	325.73	319.022	305.911	292.879	286.246	286.592	289.015	286.713	277.583	267.896	266.483	277.418	300.458	330.305	354.091	359.582	346.757	326.646	311.381	308.838	319.105	329.918	325.475	303.291	273.914	249.379	239.783	252.39	285.689	326.265	356.551	366.993	358.234	336.282	311.718	296.14	292.073	291.018	283.931	268.706	248.819	232.791	230.918	241.539	243.767	213.591	150.39	
91.9814	131.134	154.446	164.411	175.106	196.307	228.308	266.248	302.044	325.666	331.582	326.141	322.462	325.022	326.373	320.009	308.775	299.595	295.685	294.417	290.586	284.956	288.919	311.146	340.814	357.325	353.832	339.903	326.967	319.036	314.626	313.765	318.303	325.27	327.177	321.277	314.231	315.228	326.137	340.468	350.18	351.508	345.202	332.207	312.12	286.767	263.474	253.61	263.219	282.954	294.059	288.218	274.757	266.274	267.233	277.2	292.792	306.006	310.263	306.538	300.24	297.935	303.927	313.249	314.873	303.798	284.955	268.442	260.382	255.378	244.965	231.943	224.733	224.097	225.949	230.337	242.24	265.205	294.777	320.077	332.724	331.911	322.008	310.32	303.706	303.584	308.044	313.744	313.564	302.732	287.269	278.033	279.801	292.345	313.71	336.356	348.232	342.624	323.804	304.007	297.623	310.576	330.161	335.576	320.81	296.693	275.169	263.358	266.68	286.921	316.169	338.902	345.037	335.754	316.841	295.513	280.057	273.942	273.226	272.261	268.054	259.818	250.974	249.458	256.034	253.787	220.278	154.579	
88.6068	130.442	157.109	169.818	184.576	213.027	251.953	289.198	314.366	323.481	318.188	306.675	300.649	304.466	310.842	310.119	300.473	287.927	279.935	279.792	284.487	290.2	301.873	327.601	360.509	381.247	380.282	365.45	349.733	338.473	328.361	318.353	314.811	320.972	329.866	333.919	335.711	343.91	360.078	374.352	376.024	364.694	348.01	330.698	310.774	286.731	264.635	255.165	262.495	277.644	285.781	280.628	268.234	257.7	254.981	262.999	279.089	295.512	306.854	311.854	310.933	309.051	311.568	313.285	304.565	287.109	273.625	274.038	283.708	285.854	271.535	251.931	241.008	237.449	233.546	230.563	238.029	261.795	296.395	328.146	344.044	340.177	324.356	310.199	305.536	308.202	315.051	324.831	331.166	326.23	311.258	294.563	282.756	280.005	289.471	308.61	326.211	329.04	313.206	290.368	281.042	295.436	320.315	332.072	322.984	305.224	291.212	283.223	280.878	286.452	298.361	307.647	308.508	303.577	294.872	281.402	266.133	255.654	253.53	257.649	262.802	264.5	262.365	260.873	261.532	252.808	216.748	152.278	
85.8475	129.359	159.478	176.921	196.489	227.825	265.732	296.937	312.673	313.442	303.862	290.672	282.95	286.204	296.725	304.224	300.474	285.857	269.164	261.28	266.104	278.77	296.579	323.683	357.926	384.512	390.178	376.803	358.236	345.255	336.051	325.623	318.354	321.557	332.127	340.055	343.284	350.174	364.209	375.008	371.313	355.311	337.365	322.279	306.815	288.306	270.823	261.442	262.42	268.41	271.581	269.081	263.479	258.914	260.376	270.667	285.098	296.535	303.95	307.966	306.544	302.339	300.139	295.411	281.614	264.909	259.698	272.568	293.101	301.317	289.692	272.687	265.344	263.984	258.028	249.035	249.459	268.063	301.573	336.555	356.06	350.953	329.443	310.193	303.157	304.619	311.177	323.983	338.32	343.401	333.306	311.165	285.985	269.007	268.717	285.331	308.415	320.413	309.539	284.945	271.429	282.253	304.387	314.858	306.7	293.019	286.724	286.907	287.21	286.637	286.216	283.317	277.691	274.151	272.387	265.216	251.019	238.645	237.355	246.326	257.149	263.85	265.964	264.998	260.364	244.743	206.367	144.987	
85.5755	128.435	159.75	181.06	203.688	232.871	264.434	290.35	304.916	307.536	300.396	288.324	279.346	280.78	293.685	309.913	316.363	305.024	280.55	258.564	253.098	264.391	283.85	307.75	336.376	363.001	374.953	367.762	351.913	340.857	336.366	332.458	328.986	331.178	337.835	340.528	337.206	336.781	343.585	348.347	342.365	329.743	319.241	312.24	304.091	292.98	281.898	273.466	267.923	264.796	264.111	266.254	269.957	274.462	283.22	297.008	307.694	308.794	304.576	299.997	293.676	286.789	282.675	276.917	264.32	251.387	250.339	264.691	284.07	292.597	285.936	276.933	276.943	280.165	275.757	265.761	262.837	276.249	304.79	337.669	358.202	354.61	333.632	315.18	309.3	310.723	316.346	329.86	348.137	358.407	350.164	323.532	289.797	265.539	262.116	280.06	309.608	331.419	326.563	298.831	275.437	274.374	285.837	290.056	281.104	270.202	269.208	276.685	282.993	283.253	279.236	272.482	264.434	259.378	257.559	251.666	238.361	226.632	227.925	241.146	254.786	262.161	264.754	263.233	254.566	233.775	194.408	136.991	
91.2204	134.139	166.331	189.8	211.977	234.348	256.317	278.449	298.079	309.003	307.476	297.493	288.15	287.872	300.979	323.384	341.256	339.005	312.861	278.188	258.099	261.155	276.748	293.44	310.745	329.478	342.81	344.862	339.987	336.479	337.106	340.339	345.275	351.092	353.472	346.607	332.374	320.94	316.828	314.103	308.432	303.304	302.444	303.176	300.729	295.706	291.298	286.374	278.611	270.767	269.288	277.029	288.856	299.814	312.179	325.141	329.298	320.757	307.92	297.769	288.984	282.094	279.843	277.217	267.799	256.591	254.249	263.036	274.337	277.644	271.855	266.924	270.099	275.476	274.182	268.319	268.226	280.831	304.56	331.052	348.172	347.239	334.394	326.549	329.506	334.906	340.569	352.825	368.622	373.775	358.796	327.018	291.744	268.901	267.977	289.02	324.335	355.507	358.079	327.995	291.881	274	271.398	268.997	260.839	253.552	255.999	267.125	276.385	277.195	273.587	270.429	266.921	263.079	259.882	253.189	240.09	228.499	230.209	244.595	258.44	263.324	261.87	256.733	245.464	224.013	187.269	134.355	
104.533	152.675	189.527	215.083	233.573	245.289	254.308	269.778	292.401	310.414	313.67	305.353	296.119	294.651	306.261	330.644	356.713	365.307	344.785	306.368	276.461	269.598	277.338	285.861	292.721	301.299	310.799	319.586	328.576	336.662	342.464	349.685	361.416	372.691	373.74	359.129	334.302	310.913	295.102	286.271	283.764	287.404	294.101	297.865	295.603	291.793	291.19	290.473	284.775	277.687	278.981	292.346	309.336	321.959	332.157	340.261	339.709	329.504	317.743	309.241	301.558	295.54	295.006	294.836	286.647	274.322	268.823	272.004	275.386	271.258	260.648	251.933	251.407	256.305	260.407	263.548	271.264	287.081	307.964	326.782	337.311	337.891	335.608	341.746	355.206	364.401	369.339	379.402	390.242	385.462	359.21	322.184	289.531	271.457	272.281	292.923	330.457	370.102	384.163	358.994	315.795	283.807	269.198	262.198	256.029	253.014	259.106	272.516	281.553	279.517	274.171	274.135	276.623	276.952	275.386	270.02	257.943	244.876	242.726	253.958	266.455	268.861	261.763	250.49	236.81	217.836	186.167	137.315	
121.18	179.471	224.994	253.168	266.04	265.394	260.038	265.513	285.965	307.205	314.123	306.746	295.385	290.054	297.873	320.775	349.597	364.9	352.465	320.023	290.963	279.505	280.63	283.931	286.057	287.715	290.148	298.152	314.849	333.024	344.619	353.779	367.697	381.906	383.626	366.025	335.33	303.851	280.124	268.193	269.225	279.564	290.726	293.716	286.932	279.129	277.862	279.387	277.222	274.323	280.258	297.551	316.391	328.198	335.6	342.676	347.524	347.219	342.127	333.77	322.859	313.386	310.544	309.722	301.425	288.124	280.589	280.333	278.468	268.688	253.341	239.602	233.841	237.804	248.846	263.83	281.721	301.618	319.328	329.493	331.951	332.235	337.596	352.108	368.593	375.337	376.254	383.824	392.721	383.94	352.627	313.787	283.088	265.533	262.168	276.833	312.203	358.086	386.197	374.071	333.699	295.899	275.583	267.552	263.81	264.847	275.53	292.033	300.613	294.966	285.467	283.188	285.641	286.973	287.701	286.989	279.393	265.442	256.678	261.856	273.535	277.189	267.493	249.725	230.901	211.321	182.164	136.081	
134.014	201.472	253.861	281.981	287.797	277.109	262.802	262.737	282.234	307.286	320.198	314.976	297.664	281.087	278.848	295.837	321.578	336.365	328.844	307.105	288.446	281.062	281.603	285.183	288.664	287.857	282.617	282.939	297.557	319.314	335.113	344.839	356.96	370.737	374.264	359.255	330.197	298.166	272.341	258.404	258.476	269.291	281.325	283.005	271.876	259.039	254.936	257.121	258.955	261.789	271.753	289.002	305.78	317.069	327.634	344.774	367.718	384.277	381.984	362.599	338.016	318.776	309.727	306.301	299.151	287.984	280.688	278.635	274.83	265.306	252.444	239.905	231.769	233.387	247.702	271.565	297.758	319.26	330.653	330.352	324.741	324.096	332.81	347.09	357.004	355.028	349.279	353.692	363.675	360.222	336.527	304.35	275.715	253.624	241.374	247.315	277.188	323.496	360.335	361.49	330.41	295.905	278.046	273.776	273.45	277.508	291.062	308.743	316.718	310.443	299.819	293.927	290.747	287.174	287.257	292.136	292.094	279.547	264.489	263.305	275.527	284.556	277.394	255.301	228.141	201.357	169.097	124.251	
141.031	212.305	265.428	288.642	286.49	271.09	258.487	263.765	288.64	319.656	340.191	339.18	315.17	281.827	262.077	266.98	284.416	293.627	287.667	276.688	271.632	273.244	278.359	286.577	294.997	295.155	284.581	275.675	282.209	300.718	316.19	323.558	331.236	343.072	349.705	341.72	320.698	294.638	270.842	254.4	248.6	253.588	262.82	264.406	253.477	239.53	233.713	236.228	242.362	251.394	263.682	276.389	286.827	298.004	318.251	353.874	398.501	427.949	420.133	382.241	340.39	311.141	296.362	290.488	285.629	278.983	274.309	273.291	273.032	272.047	269.709	263.049	252.619	247.382	257.268	281.987	310.239	329.026	331.807	321.463	309.63	307.87	316.246	325.521	326.531	316.614	304.75	303.589	312.218	317.445	311.354	296.231	274.61	248.579	228.235	227.499	251.601	291.91	326.45	332.377	309.874	283.912	274.386	277.093	280.263	284.417	295.141	307.933	313.234	310.216	305.27	300.784	293.326	283.356	279.616	286.488	291.986	281.927	263.612	258.414	272.407	289.188	289.142	266.595	230.76	192.943	153.764	108.555	
146.016	218.31	269.552	286.297	276.373	259.43	254.438	270.543	302.123	335.801	360	363.538	337.642	291.881	254.971	245.559	253.261	257.507	253.661	251.484	256.476	264.793	273.899	286.163	299.115	302.399	291.387	277.229	275.473	286.926	297.757	300.355	302.87	311.95	320.356	319.071	308.028	291.348	272.466	254.847	242.607	238.886	241.993	243.894	238.398	229.547	225.563	229.235	239.048	252.578	264.413	269.187	270.678	281.692	312.893	363.775	418.769	448.007	430.369	380.735	333.088	304.076	289.93	282.951	277.896	272.969	270.745	274.083	283.346	297.012	308.296	306.682	291.108	275.485	275.621	293.604	316.59	329.126	324.984	309.422	294.694	290.558	295.161	299.334	296.646	285.698	271.182	262.511	265.13	276.281	289.158	294.798	284.09	258.735	236.642	236.204	258.82	290.563	312.581	311.338	291.057	273.379	273.358	282.817	287.571	287.697	289.45	291.827	292.407	294.278	298.788	300.549	293.985	281.321	273.258	277.03	283.075	275.868	258.83	252.812	268.349	291.988	300.169	279.908	238.049	190.78	144.861	98.0892	
150.578	224.853	276.308	288.746	271.59	251.231	249.817	271.385	304.089	335.365	359.541	367.981	347.07	299.944	255.346	237.411	240.579	246.13	248.039	251.798	259.398	267.271	274.841	285.861	299.646	307.509	302.865	291.103	284.662	288.01	292.58	291.78	291.481	296.419	300.632	299.378	295.085	288.814	278.044	262.409	245.406	232.025	226.123	226.766	228.678	229.405	232.141	240.331	253.638	267.891	275.048	270.31	263.851	275.339	313.235	366.749	413.846	429.667	403.829	356.921	320.737	305.425	299.92	293.104	282.937	273.416	270.912	279.951	300.826	328.894	351.387	353.092	333.66	310.736	301.829	309.202	321.489	326.13	319.539	306.376	293.964	287.537	285.88	284.191	280.068	271.895	258.798	246.282	244.54	259.059	283.882	302.258	298.962	278.11	262.8	271.279	297.994	321.211	324.138	306.07	280.938	268.557	276.859	292.546	298.931	294.661	286.355	277.394	272.144	276.246	286.804	293.664	290.769	280.39	271.27	271.414	276.545	273.618	261.197	255.433	269.347	294.229	306.135	287.914	244.322	192.941	142.981	94.1329	
150.124	224.815	276.626	287.238	265.454	240.229	235.352	253.417	282.111	311.652	338.802	354.061	340.912	299.463	257.127	240.322	247.929	262.39	272.743	278.398	281.192	282.516	284.683	291.17	303.407	316.856	323.657	320.523	312.773	308.135	307.64	308.506	310.686	311.722	306.136	296.692	292.419	293.717	291.458	279.297	259.018	237.242	222.357	219.734	226.492	236.467	248.989	265.772	283.3	294.382	292.627	278.454	267.217	279.717	318.125	362.543	390.016	387.111	356.867	321.75	304.984	307.859	313.295	307.229	290.922	275.865	273.182	287.231	315.666	350.884	378.521	383.928	367.597	345.426	331.569	328.059	327.912	324.627	318.913	314.214	310.68	306.501	299.204	287.782	275.507	264.853	254.236	245.756	248.15	266.734	293.851	311.547	307.952	292.528	288.623	308.805	339.894	354.373	338.007	302.024	269.916	260.272	275.234	298.761	312.709	312.174	301.059	284.705	272.103	271.187	278.263	283.197	281.977	276.663	271.866	273.41	280.493	282.793	275.244	269.36	278.884	298.988	308.305	290.417	248.874	198.19	146.128	94.4195	
140.873	209.681	258.095	269.903	251.408	226.521	216.47	226.22	249.173	279.886	313.677	335.924	328.399	293.27	258.122	248.643	265.327	290.151	306.388	309.013	303.455	298.589	299.261	306.152	319.689	337.982	353.188	355.87	345.543	333.453	330.855	338.613	348.727	349.716	335.616	315.442	305.004	306.794	308.141	298.509	278.746	256.101	239.096	234.315	241.358	255.299	275.12	299.905	320.068	324.329	310.397	286.642	271.864	283.815	317.988	349.584	358.322	341.517	311.973	290.364	289.683	304.092	315.249	310.512	295.015	283.806	286.261	302.224	327.978	358.156	382.696	391.208	383.08	367.059	352.15	342.022	333.929	325.074	320.032	323.824	332.446	336.368	327.409	304.477	276.902	256.065	245.693	245.979	258.672	281.602	303.958	312.222	303.71	292.776	298.006	323.475	352.107	357.73	330.405	286.973	253.436	245.643	263.701	294.552	321.932	336	333.634	317.502	297.898	285.246	279.024	273.335	268.211	266.651	269.554	277.732	288.986	294.557	289.651	284.158	290.951	306.382	312.098	294.971	257.828	209.964	155.979	99.8079	
125.038	182.669	225.615	243.82	239.014	222.945	210.539	211.501	227.627	257.6	294.827	320.79	317.468	289.723	263.437	260.466	281.33	308.713	323.334	319.31	307.548	303.589	312.59	329.418	348.81	367.554	379.457	376.479	359.082	341.482	339.47	354.572	373.348	378.629	363.08	337.246	320.105	317.21	316.971	309.44	296.551	284.493	276.549	274.195	277.98	288.44	308.231	334.606	352.264	346.708	319.629	286.063	266.262	274.028	301.065	322.46	321.722	302.374	280.589	271.99	280.435	296.723	306.856	305.068	300.703	305.739	319.165	332.533	344.037	356.782	369.077	375.471	373.133	363.413	351.709	343.373	336.217	326.328	320.111	326.836	343.673	356.456	350.081	320.295	280.215	249.691	238.926	246.983	267.949	291.987	306.762	304.899	292.115	284.361	292.73	313.706	332.141	330.765	305	269.34	243.582	238.376	254.527	286.127	322.199	350.212	360.837	352.1	331.356	308.715	287.554	267.968	254.862	253.884	264.38	280.568	294.331	297.674	290.33	284.004	290.732	306.668	314.647	302.848	272.702	229.141	173.868	112.218	
106.552	152.86	192.722	222.179	236.507	233.361	221.1	214.587	222.973	247.564	281.622	307.784	310.569	293.883	276.73	274.845	289.765	308.752	315.028	304.669	292.897	298.346	323.175	354.267	378.706	390.544	387.426	369.751	344.756	326.55	326.527	343.715	365.21	374.646	363.812	340.839	323.178	317.554	315.714	311.409	308.564	311.945	318.69	322.492	322.199	324.37	337.244	357.607	367.533	352.54	316.927	277.785	253.591	254.38	271.836	285.632	284.028	272.452	264.259	267.206	278.488	290.187	296.222	298.919	309.74	334.076	359.311	369.25	363.932	354.871	349.004	346	343.148	338.656	334.812	334.415	333.173	325.952	319.06	323.901	341.179	357.784	355.548	326.59	284.416	252.95	244.884	256.938	279.234	300.406	309.328	302.006	287.712	281.142	286.836	297.547	304.333	301.123	286.768	267.919	254.155	251.293	262.244	287.188	319.337	347.233	362.524	362.167	347.789	324.322	296.173	268.08	249.127	248.804	267.03	291.08	304.197	298.387	280.58	267.434	272.24	291.891	308.459	307.251	286.676	249.331	195.024	128.975	
91.8437	130.092	169.265	209.076	239.115	246.941	236.324	225.098	226.783	244.081	271.424	296.064	306.463	302.7	293.742	288.454	290.42	294.47	290.326	277.299	271.704	290.667	330.907	371.656	394.619	393.733	372.508	341.49	314.691	302.163	305.248	319.068	335.602	344.547	339.34	324.986	313.735	310.248	309.454	308.897	313.059	325.734	342.41	352.648	351.743	347.843	352.307	362.785	363.515	343.937	309.522	274.416	251.115	244.808	249.876	255.058	255.468	256.297	263.822	275.801	285.034	289.053	291.132	298.301	319.267	353.679	384.967	394.341	380.1	355.659	333.552	318.914	312.639	313.847	320.064	326.684	328.265	323.383	318.114	321.164	335.027	351.27	352.833	329.099	292.089	266.419	263.207	275.401	293.293	309.986	316.908	309.422	295.536	287.356	286.299	286.605	287.045	289.079	290.069	286.539	279.78	275.528	281.186	299.375	322.098	338.99	348.285	351.169	344.724	326.736	299.74	270.525	251.05	254.751	282.775	315.786	327.7	309.555	275.957	250.383	249.172	270.826	295.963	305.272	294.001	263.956	213.185	145.119	
92.6377	126.83	163.572	205.741	242.034	256.608	249.969	238.349	235.799	246.037	265.655	287.556	304.421	312.194	310.208	300.884	289.431	278.381	265.384	253.117	255.837	285.782	334.434	376.757	393.156	380.061	346.458	309.788	287.185	283.317	290.219	299.308	306.939	310.077	306.778	300.56	297.142	297.251	298.32	300.62	306.934	319.597	337.429	352.927	358.369	356.696	357.035	359.365	354.217	336.324	310.943	287.178	269.444	256.901	247.609	241.756	242.897	255.707	278.193	297.661	303.317	299.482	298.794	309.474	333.076	365.223	393.384	401.668	384.912	353.76	323.169	302.274	295.589	303.926	319.663	329.975	329.513	323.602	320.044	323.892	337.152	354.781	360.673	341.48	307.638	284.759	283.329	293.64	306.587	319.358	325.605	319.389	305.719	293.695	284.93	278.676	279.524	290.319	303.27	306.649	298.445	289.111	292.292	310.724	331.026	340.201	341.332	341.822	338.568	324.888	300.853	273.429	256.019	264.662	301.221	341.756	353.45	326.149	280.121	244.655	238.354	259.796	287.938	301.511	295.954	272.972	227.162	158.749	
112.883	146.812	177.776	213.025	246.214	263.907	264.02	256.93	253.018	256.31	267.056	284.493	304.997	320.931	324.452	313.511	294.109	273.783	256.134	246.148	254.583	288.357	336.732	375.383	386.022	366.413	327.902	291.058	273.767	277.044	287.375	292.733	290.736	284.313	277.731	274.819	275.919	278.228	280.778	285.313	292.077	301.186	316	336.106	352.596	359.396	360.239	358.966	353.28	340.977	325.761	312.611	299.63	281.59	260.082	244.339	244.162	264.184	297.347	323.592	328.187	319.216	316.351	328.159	349.076	371.854	389.697	391.601	371.592	338.812	308.729	290.668	288.841	304.03	326.458	339.366	337.067	329.047	325.894	331.854	348.448	371.674	384.366	368.901	332.856	304.243	298.21	306.734	318.907	329.956	333.791	325.518	309.235	292.771	279.834	273.192	277.372	291.982	306.404	307.708	295.059	283.041	289.071	314.879	341.732	351.739	348.234	343.46	337.975	325.139	303.963	280.087	265.371	275.338	312.23	352.185	361.846	331.143	282.128	245.934	240.609	262.116	287.79	298.852	295.189	278.131	237.031	168.878	
136.323	172.796	198.237	223.022	247.869	265.438	273.521	275.662	274.758	272.736	274.169	285.053	304.776	323.633	330.918	323.226	305.728	285.973	269.478	262.526	273.169	304.674	347.212	380.344	387.182	364.292	323.242	286.576	272.84	281.296	294.912	297.73	286.844	270.125	257.483	253.382	254.961	257.641	261.331	268.397	277.483	286.576	300.742	324.307	348.272	360.286	361.086	358.949	356.208	350.679	343.65	336.695	324.741	302.794	276.033	256.454	253.998	273.586	309.399	339.973	346.414	335.322	329.021	337.138	351.269	362.905	368.23	360.541	337.239	308.559	288.071	281.023	286.953	304.487	326.273	339.151	338.111	331.632	329.689	336.532	355.057	383.827	405.97	398.686	362.743	325.985	311.287	317.712	332.987	345.546	345.894	330.994	308.129	288.435	277.958	276.912	282.786	291.016	294.779	288.274	273.951	265.877	279.935	315.307	350.078	363.709	358.547	348.601	337.943	323.413	305.976	289.392	279.948	288.197	316.298	345.721	349.602	320.136	276.957	247.424	246.121	266.656	287.376	294.574	292.255	279.68	241.729	174.232	
140.879	180.448	204.477	221.844	237.814	252.872	268.564	283.443	290.865	287.561	280.982	283.284	297.187	313.923	324.35	325.54	319.26	308.467	297.497	293.939	305.135	332.456	367.522	393.466	394.65	367.118	322.883	285.429	273.583	285.95	302.76	304.43	288.164	265.913	250.207	244.231	243.275	243.407	246.561	256.295	270.891	286.17	304.223	328.044	349.35	357.086	354.09	351.373	352.52	354.599	356.059	353.573	340.19	315.481	289.209	271.445	267.201	281.251	312.983	343.931	352.013	339.285	327.057	326.799	332.045	334.522	330.255	315.819	294.073	276.328	271.822	279.808	293.181	306.617	317.819	324.255	325.524	325.279	326.415	330.9	344.983	373.262	403.392	410.218	385.277	349.357	328.45	331.008	348.674	364.448	362.246	338.735	307.182	286.084	282.775	289.815	294.841	290.713	278.177	261.844	247.758	246.496	268.721	309.911	348.15	365.31	363.203	352.139	335.618	315.706	299.433	290.968	289.771	297.868	315.628	331.871	329.805	305.47	273.401	252.324	251.648	266.754	282.571	290.065	291.663	282.167	245.264	178.301	
122.271	163.402	190.156	205.65	215.76	228.294	250.422	278.078	296.401	295.786	283.73	276.788	281.963	293.89	306.669	318.03	325.769	327.173	323.68	323.112	333.193	354.87	380.79	397.15	391.712	362.384	319.459	282.494	269.247	280.514	297.388	299.412	284.507	266.063	254.984	250.236	245.222	239.199	239.117	251.099	273.065	297.748	320.952	340.694	351.497	350.055	343.062	340.465	345.493	356.055	367.496	369.8	354	325.27	298.651	282.822	278.129	287.74	313.916	341.691	348.88	333.839	315.043	306.171	305.289	304.3	296.568	280.636	264.254	258.881	269.496	290.666	309.42	315.589	311.354	307.369	310.864	318.995	323.24	321.79	325.039	344.188	374.149	393.678	388.461	366.783	348.258	347.032	362.982	379.39	374.977	344.672	306.693	285.598	288.352	300.738	303.958	289.999	264.986	240.879	226.536	228.953	252.761	291.243	327.77	350.919	359.771	354.365	333.716	305.655	285.564	281.081	287.442	298.4	311.096	319.804	316.32	300.278	280.874	266.932	262.856	269.61	282.394	294.765	302.256	294.198	256.013	187.785	
95.1608	136.369	167.96	186.276	194.869	205.95	231.313	266.921	294.083	298.202	284.208	270.183	266.692	271.871	282.75	298.73	316.569	329.649	334.601	336.331	342.653	355.899	370.673	377.399	369.913	348.474	316.728	283.808	264.586	265.968	276.473	279.391	272.302	265.433	264.872	264.329	255.39	241.932	237.667	251.31	279.232	310.615	335.597	348.636	349.257	342.856	337.267	337.711	346.931	365.076	384.517	389.579	370.497	336.379	305.891	288.874	284.762	293.705	315.299	336.914	341.016	325.176	303.782	291.7	291.168	292.759	285.911	270.512	258.088	260.054	278.833	306.81	327.789	327.964	312.07	300.769	307.25	322.426	327.932	319.379	309.935	314.123	333.625	356.498	369.16	368.148	360.935	360.102	371.45	383.221	375.686	344.5	308.389	290.244	294.147	305.021	305.164	287.469	258.925	233.164	219.577	221.443	238.102	264.484	294.286	323.633	346.005	349.529	328.936	296.488	273.101	269.444	279.839	293.614	305.507	312.71	312.008	304.728	295.693	286.694	279.685	281.239	294.36	312.914	325.454	316.931	274.878	202.136	
77.2721	117.966	153.531	176.09	185.915	195.484	219.105	255.759	287.538	296.907	285.205	269.005	259.126	255.396	258.025	270.494	292.14	314.287	327.197	330.408	331.847	337.143	343.641	345.073	340.378	332.122	317.404	293.272	268.594	255.68	254.564	256.915	259.471	265.382	274.403	277.003	265.054	246.741	240.289	254.67	283.843	315.207	337.574	345.419	342.449	338.818	340.346	346.517	359.389	381.121	402.337	405.526	383.057	346.096	312.965	293.82	289.454	297.958	314.482	328.382	329.636	317.065	299.983	291.971	296.769	302.397	295.579	278.812	266.898	270.645	290.603	318.755	338.738	335.804	315.672	302.512	310.375	326.776	331.016	319.004	302.636	294.085	298.955	315.871	336.645	351.744	358.285	362.158	368.874	372.661	362.582	339.406	317.492	308.372	309.626	311.202	304.556	286.468	261.89	241.2	231.264	231.218	236.98	247.769	267.172	295.87	322.753	330.462	313.561	285.346	265.482	264.051	276.256	291.166	302.963	310.351	312.244	309.468	303.933	295.896	288.953	292.221	309.473	332.873	347.711	336.699	288.481	209.201	
78.3226	117.906	152.847	175.893	186.011	193.189	211.821	244.921	277.771	292.106	286.729	274.715	263.059	250.902	242.369	246.88	267.829	295.286	313.272	316.129	312.85	313.671	318.335	320.247	318.857	319.17	317.958	305.334	281.861	259.404	247.401	247.857	258.054	273.035	285.972	287.447	273.3	254.61	248.844	261.97	286.293	311.05	328.828	336.569	338.544	343.654	353.447	362.844	373.685	390.571	405.673	403.865	381.017	348.21	319.298	300.838	294.011	297.89	307.155	314.224	315.313	309.87	301.786	301.067	310.793	317.898	309.487	291.226	279.467	282.959	300.296	324.295	340.734	336.238	316.469	303.099	306.614	315.697	316.191	307.071	294.659	283.4	278.827	287.623	308.318	330.923	346.953	354.962	356.735	351.7	340.606	331.547	332.174	337.47	335.508	323.193	305.97	287.577	269.986	257.414	252.624	252.145	251.366	252.71	263.236	283.69	302.385	305.233	291.324	272.617	262.108	265.757	279.907	295.787	308.034	315.272	315.967	309.404	297.569	284.991	279.6	288.927	311.288	336.175	349.459	334.225	280.125	196.967	
96.904	135.295	164.437	181.559	188.201	192.399	206.171	233.929	264.48	282.152	285.626	283.722	277.082	262.079	246.104	244.506	264.475	294.914	314.674	314.164	303.93	299.211	302.996	307.591	309.243	312.476	316.842	312.633	295.084	271.788	255.976	257.279	274.037	294.564	306.867	304.439	289.603	274.253	269.926	277.867	291.632	305.714	318.625	330.361	343.194	359.952	375.297	380.704	379.65	381.616	384.745	378.859	360.969	338.586	319.719	305.98	296.998	293.81	294.771	297.015	300.502	303.544	304.361	307.982	317.412	323.512	316.901	303.156	295.192	297.919	309.141	324.643	334.369	327.836	309.857	295.942	291.145	288.443	284.176	281.262	279.876	275.928	271.68	277.3	296.912	322.737	343.369	351.63	346.405	331.851	318.852	321.601	341.978	360.92	357.327	332.779	305.537	286.817	275.652	269.816	269.153	270.951	272.267	275.077	283.112	294.623	300.131	292.367	277.182	266.498	266.246	276.094	292.087	308.318	320.591	326.251	321.631	305	281.534	262.439	258.572	272.429	295.443	315.917	323.44	304.44	249.672	169.839	
120.385	159.049	181.979	190.707	191.367	192.423	202.346	223.358	247.697	265.843	278.379	289.932	294.917	285.595	269.75	266.784	287.388	320.117	340.228	334.789	314.338	297.95	294.262	298.726	304.756	311.12	316.151	313.953	301.055	282.402	270.776	278.128	302.116	326.441	336.967	332.056	320.478	312.075	308.749	307.12	306.132	307.743	314.604	328.572	350.487	376.712	394.413	392.192	375.392	358.89	349.289	342.248	332.312	320.311	310.333	302.48	294.718	287.927	283.836	284.381	291.782	302.356	308.579	310.23	312.748	316.306	316.8	314.923	314.273	314.324	314.444	316.491	316.439	307.221	292.194	279.739	269.592	258.93	252.257	254.84	263.578	270.049	272.61	280.324	300.557	328.617	351.588	358.285	346.213	323.215	306.184	312.17	340.585	366.742	364.539	335.728	304.394	286.179	278.18	274.452	275.007	280.361	289.201	300.29	311.788	319.391	315.424	297.361	277.281	270.317	278.519	294.228	310.212	322.694	330.247	330.801	319.824	295.336	265.168	244.135	242.018	255.636	272.749	283.423	282.915	263.188	215.222	145.383	
133.85	174.744	196.199	200.606	196.691	194.273	199.337	211.669	227.433	244.359	264.889	289.89	309.479	311.731	301.376	298.791	318.269	350.785	371.051	363.094	334.447	304.856	288.742	288.557	298.413	309.828	315.538	312.611	302.324	289.673	285.642	300.904	330.691	355.759	363.129	358.106	355.028	358.892	359.56	348.871	333.243	322.452	320.144	328.596	350.266	379.669	400.013	396.817	372.421	342.424	321.877	314.157	311.012	305.361	298.667	293.217	287.679	281.87	278.569	282.065	294.776	310.589	317.353	311.596	303.265	302.519	309.831	320.119	326.924	323.924	312.333	300.554	290.565	278.326	266.245	257.817	249.092	239.032	235.134	242.474	257.261	271.302	280.524	290.358	308.929	335.267	357.844	363.932	349.643	323.413	302.876	304.66	329.581	356.475	359.647	337.016	309.74	293.057	283.652	276.006	273.238	279.504	294.213	313.278	330.793	339.896	332.501	307.75	282.042	275.316	289.293	309.761	323.833	328.233	325.944	319.364	306.017	283.118	256.79	239.762	238.518	247.755	256.405	257.024	248.947	229.933	191.617	133.508	
134.996	179.016	203.548	208.944	203.145	196.161	193.765	196.542	204.846	221.118	247.914	283.162	314.944	328.458	323.891	319.661	332.998	360.298	379.465	372.793	343.544	308.894	284.722	278.592	288.513	303.676	312.254	311.391	305.052	298.462	300.733	320.525	350.769	370.787	371.232	365.99	374.09	394.304	404.574	391.797	367.993	347.857	333.554	328.16	339.929	367.693	395.275	403.738	385.304	349.665	319.062	307.897	308.715	306.767	299.068	290.653	283.952	279.308	279.049	287.032	304.022	321.638	325.622	312.33	295.252	289.18	296.788	311.895	324.273	323.33	308.237	288.732	270.596	253.67	242.038	238.439	237.075	234.901	237.389	248.426	265.251	281.811	293.455	302.256	314.961	333.48	350.728	355.815	343.373	319.418	298.581	294.955	312.154	336.757	347.12	336.598	318.665	304.711	291.885	277.415	268.272	271.643	287.701	311.171	333.606	345.439	337.559	309.693	279.773	270.755	286.37	309.744	323.259	322.062	312.37	302.438	293.382	280.751	265.161	253.238	249.046	251.004	253.111	248.026	233.937	212.542	179.186	129.563	
133.797	181.452	210.209	217.781	210.389	197.781	187.361	182.81	187.001	202.935	232.15	271.699	309.867	330.787	330.45	323.019	326.367	343.057	357.137	352.112	328.705	300.135	278.287	270.171	277.947	294.647	307.874	312.33	311.197	309.394	314.21	332.316	356.204	366.749	359.431	354.705	373.132	407.239	427.323	418.446	395.356	372.353	347.943	326.757	324.824	348.565	385.279	411.8	408.385	375.634	339.293	324.251	327.114	327.311	316.122	301.049	290.052	284.253	283.453	290.143	305.206	320.842	323.474	309.607	291.242	281.084	283.098	295.858	312.142	319.297	310.265	289.505	264.356	240.986	228.251	230.596	240.278	248.267	255.108	265.269	279.261	293.088	302.466	308.036	314.067	322.782	331.663	333.55	322.536	302.306	284.546	279.906	292.09	313.393	327.732	326.815	317.103	305.816	291.492	274.123	262.155	263.81	279.886	304.297	326.876	337.409	328.116	299.475	267.595	254.571	266.927	291.002	308.884	312.313	305.753	299.958	298.959	297.744	292.168	282.373	271.237	264.221	262.127	255.853	237.836	210.101	173.917	126.826	
137.816	190.421	222.701	230.031	219.218	202.224	188.54	182.8	186.676	200.986	226.959	263.89	302.993	328.981	333.67	324.415	316.396	317.566	320.811	314.527	298.636	281.914	270.139	266.158	273.688	290.996	307.697	315.853	317.059	316.615	319.823	330.517	343.157	344.778	335.527	335.839	361.849	400.976	423.39	418.58	402.71	385.236	359.353	329.237	314.884	329.449	366.849	404.884	417.498	397.062	365.825	351.855	355.883	355.703	339.324	317.311	302.983	296.171	290.882	288.038	293.059	304.086	310.296	304.911	292.244	280.42	276.539	285.319	303.047	316.859	314.774	294.771	264.473	236.646	225.096	235.027	255.166	269.545	275.012	279.255	287.001	295.074	299.297	300.365	300.732	301.947	304.509	303.883	293.797	277.366	265.429	264.792	275.175	291.031	303.157	305.459	299.294	288.487	274.827	261.308	254.313	259.259	276.06	297.92	315.079	320.241	308.979	281.997	251.298	234.898	240.946	262.735	287.395	303.94	310.299	313.827	319.131	323.187	321.784	311.744	294.708	280.728	275.882	270.59	251.642	217.794	174.431	124.457	
145.804	203.686	237.607	241.676	226.927	210.498	202.438	203.858	212.422	226.062	245.618	274.068	308.697	337.575	348.74	340.451	322.051	305.722	295.184	286.018	277.082	272.177	272.305	276.057	284.945	299.377	312.529	317.365	315.824	313.907	313.909	315.343	315.801	311.757	307.135	315.878	344.954	379.394	396.788	395.663	391.961	388.051	371.559	342.444	317.826	315.188	339.211	376.279	401.301	399.647	382.732	373.257	375.598	372.13	351.81	327.159	314.286	310.306	302.001	287.808	279.815	286.092	299.444	306.126	300.162	287.459	280.055	285.279	299.238	311.02	309.671	290.279	259.365	232.778	226.353	243.566	269.146	283.799	284.963	283.749	286.581	289.625	288.474	283.798	277.527	272.581	272.544	273.733	268.388	259.047	255.715	260.717	268.588	275.588	281.098	283.277	278.487	266.351	252.606	244.574	245.686	255.596	271.366	286.833	296.112	296.665	286.257	264.5	239.392	223.833	224.515	240.24	266.135	292.911	312.201	323.885	330.364	332.083	329.27	319.978	304.203	290.365	285.321	281.637	264.878	229.514	180.634	125.61	
151.632	212.021	244.844	245.374	230.396	221.009	225.001	238.908	257.805	276.736	292.76	309.746	332.598	357.28	371.93	366.47	342.223	312.96	292.078	281.957	279.743	284.527	294.556	305.303	313.464	318.372	318.402	312.211	304.369	300.955	300.34	296.49	288.229	280.239	279.877	293.992	320.651	345.535	357.254	363.176	375.998	389.593	386.217	360.918	326.626	304.078	308.657	337.781	370.892	387.177	384.192	375.837	371.241	362.885	343.477	323.656	317.688	320.487	314.314	294.807	278.705	283.106	303.537	318.812	315.376	300.373	289.724	289.421	294.008	296.94	292.568	275.79	250.059	229.893	230.277	252.066	277.959	290.324	289.851	288.062	289.394	289.313	283.768	272.54	257.547	245.378	243.985	250.729	256.188	260.145	268.145	277.117	279.235	275.122	272.826	274.446	271.522	258.349	242.682	236.652	243.048	255.613	266.873	272.726	274.138	273.065	266.747	252.728	236.742	227.62	227.613	235.913	254.474	280.44	303.742	316.916	318.776	313.246	306.834	301.502	295.172	289.705	288.579	287.585	275.265	243.28	192.977	132.997	
149.489	208.903	240.207	241.567	232.619	233.095	247.381	271.617	302.464	332.531	351.72	359.5	365.593	376.884	388.242	385.872	362.634	329.838	305.976	297.8	301.174	311.929	326.985	340.376	344.868	338.11	323.126	304.628	290.108	286.25	289.194	287.486	276.542	263.678	260.216	271.932	293.066	310.876	322.072	338.642	368.007	395.211	397.445	369.205	325.712	290.436	281.493	301.786	336.616	363.164	368.311	357.924	345.334	333.673	319.635	309.102	311.469	321.266	320.82	303.78	287.458	293.28	318.032	336.425	332.416	314.935	300.216	292.13	286.273	281.517	276.906	266.881	250.539	238.613	244.067	266.337	289.304	299.899	301.269	301.882	302.678	299.543	289.438	271.292	247.967	230.071	228.892	243.042	262.787	283.78	303.472	313.127	306.763	291.559	281.491	280.795	278.777	266.092	249.688	244.27	253.781	267.516	272.848	268.209	262.308	260.503	257.762	249.491	241.362	240.879	245.795	251.407	261.52	279.261	296.994	303.907	296.479	281.82	272.301	273.238	279.548	285.695	291.124	294.268	287.234	259.979	209.326	143.807	
140.244	198.622	231.669	239.36	239.403	246.247	263.037	290.121	327.648	367.41	393.984	399.465	392.012	387.201	390.762	390.921	374.134	345.921	324.29	317.869	322.925	334.101	347.666	358.067	358.179	345.864	325.36	302.349	284.928	281.426	289.271	294.263	285.394	266.356	252.111	254.656	270.773	288.075	304.264	330.394	369.272	400.38	398.639	362.97	315.7	279.908	266.274	276.295	303.516	330.706	340.039	330.215	314.959	303.474	294.719	290.572	297.116	310.972	317.246	307.583	295.657	302.625	327.282	346.076	343.641	327.142	309.518	294.637	282.458	275.969	275.125	272.714	265.01	259.924	268.014	287.63	305.256	312.752	314.598	315.825	314.787	308.023	293.156	269.681	243.376	227.363	231.707	253.569	284.143	317.446	344.353	352.016	338.227	315.813	300.053	294.909	291.176	280.149	266.53	263.642	276.147	291.379	293.301	282.074	271.342	267.665	263.67	254.054	246.959	251.933	265.058	276.791	286.246	296.025	302.155	297.143	279.045	257.336	247.215	254.356	270.25	284.476	294.534	300.902	297.807	273.35	220.737	149.409	
130.967	191.465	229.899	245.354	251.579	258.872	272.006	295.348	330.352	370.533	401.812	411.156	399.788	384.878	380.879	381.976	372.842	352.561	334.55	327.882	331.172	339.415	347.901	352.026	348.389	337.674	322.776	305.825	292.419	290.669	300.459	309.609	303.308	278.815	252.157	243.752	256.219	276.586	298.571	328.683	367.271	394.644	388.796	353.369	313.529	287.086	274.151	273.26	287.218	308.286	318.177	310.171	296.021	286.087	279.209	275.589	281.536	297.042	309.646	308.145	300.313	304.89	325.007	343.838	346.946	335.559	318.004	300.198	286.557	281.006	281.413	279.883	274.444	273.466	284.442	302.744	315.892	318.753	316.935	314.924	311.056	302.225	285.957	262.91	241.654	235.249	248.695	274.926	306.561	340.474	366.849	371.931	356.316	334.861	319.992	313.104	307.81	298.749	288.472	286.995	300.076	317.169	321.914	313.037	302.489	295.254	283.762	265.06	251.662	256.684	277.01	299.65	315.116	319.077	310.759	291.788	265.94	243.132	235.858	246.524	265.01	280.556	290.756	297.012	294.599	270.658	216.602	143.18	
124.793	189.47	234.118	254.839	262.936	268.572	278.422	296.296	321.589	351.576	379.651	393.193	385.728	368.646	358.704	357.037	352.011	339.267	326.984	323.453	328.636	336.903	342.032	340.337	333.036	325.055	318.812	312.89	308.308	308.763	314.991	321.289	315.089	288.376	254.524	238.514	247.858	269.741	293.82	321.621	353.12	374.869	371.837	348.518	324.733	311.399	303.744	299.258	304.298	316.081	318.866	306.992	292.442	283.508	276.391	271.253	276.605	294.065	310.742	313.305	306.318	306.677	320.984	338.775	346.507	340.526	326.272	310.361	296.879	287.376	279.153	268.341	258.73	260.215	276.296	298.428	313.508	316.045	311.045	304.909	299.258	292.46	281.611	266.379	254.103	255.693	272.893	296.54	320.851	346.515	366.381	368.173	354.007	338.715	331.496	330.341	329.158	323.808	314.692	309.922	318.852	337.337	351.207	353.527	347.393	334.657	311.797	281.564	260.268	262.466	285.36	314.519	334.17	333.205	312.704	283.203	254.952	236.677	233.868	243.462	256.74	267.457	274.544	278.062	273.403	249.218	197.508	128.648	
118.635	186.289	235.666	258.908	266.998	273.267	284.717	300.402	315.932	331.642	348.811	359.88	355.24	338.482	323.094	315.139	309.644	303.377	301.712	310.57	326.973	341.467	346.515	340.648	329.537	322.439	323.026	327.223	330.095	329.263	326.173	323.783	315.999	292.091	259.525	241.659	248.584	269.447	291.212	311.028	330.696	345.995	349.229	341.831	334.272	333.344	336.811	341.453	347.351	349.118	337.327	315.712	299.26	291.614	284.704	279.904	288.21	309.119	325.614	325.071	315.781	314.812	326.573	340.753	346.125	341.465	332.819	323.006	309.061	288.654	263.546	239.269	224.973	228.661	249.555	277.865	301.106	311.269	309.729	304.232	301.011	301.038	301.037	297.071	290.763	290.189	299.565	313.974	329.902	348.142	361.182	357.147	339.481	324.981	323.765	332.374	342.184	346.091	341.067	333.705	336.811	354.161	376.731	391.706	390.122	370.289	336.271	298.442	274.219	275.139	295.965	322.544	339.682	335.18	309.797	276.974	250.96	239.705	241.665	247.997	252.042	253.914	255.327	254.645	246.843	223.26	177.323	116.801	
111.848	180.194	232.78	257.515	265.398	274.147	290.957	310.029	322.788	328.019	329.61	327.514	317.058	298.061	278.332	265.158	259.43	260.86	273.003	297.994	328.228	349.975	355.225	346.297	333.822	330.658	340.381	353.825	359.365	351.919	336.158	322.612	312.459	295.237	270.81	255.633	260.952	279.819	296.831	304.594	308.688	315.353	322.372	326.22	329.41	338.236	355.293	374.952	386.55	380.149	355.156	326.471	310.323	304.536	298.307	295.675	309.233	333.803	346.944	339.272	327.355	329.631	343.087	351.26	346.773	338.085	334.534	331.717	316.77	284.777	245.363	213.938	200.345	205.999	226.744	256.139	285.985	306.958	315.569	318.002	321.955	329.618	338.542	342.631	337.279	327.228	321.855	325.205	337.449	355.496	366.02	354.579	326.073	301.763	296.709	309.909	331.747	351.222	359.902	359.09	359.762	371.563	394.259	414.569	414.279	388.235	347.478	308.828	288.04	290.465	306.629	323.833	332.86	325.714	301.666	271.737	251.419	248.883	257.777	264.228	261.468	253.709	246.858	240.805	230.764	208.91	168.39	113.874	
108.502	175.68	229.892	256.07	263.961	274.32	296.159	322.363	340.291	341.52	326.718	304.177	280.648	257.349	236.295	223.083	222.26	234.52	258.468	291.326	325.04	346.89	349.906	339.911	332.038	340.365	364.355	387.093	392.353	377.662	351.84	328.294	313.87	302.008	286.49	274.683	277.91	294.316	307.497	306.054	298.435	298.318	305.58	312.147	317.293	329.768	355.075	384.056	398.586	387.782	359.042	332.721	320.912	316.109	308.878	307.41	324.684	351.673	363.231	352.861	342.339	350.463	367.273	369.269	352.53	336.253	333.445	333.115	315.67	277.138	234.357	207.366	201.232	208.642	223.352	245.379	274.547	303.733	325.201	339.209	348.933	355.863	362.109	365.565	359.151	343.04	328.324	326.666	341.935	365.81	377.608	360.397	320.877	283.46	267.08	275.658	303.187	337.442	364.032	376.096	378.588	383.208	398.161	415.003	413.51	386.604	347.495	314.632	300.207	303.598	312.538	316.783	313.784	301.648	279.957	256.786	246.499	256.116	275.614	287.31	282.626	267.068	251.394	240.232	229.427	208.961	169.918	115.842	
111.038	174.904	227.784	254.788	263.005	272.658	295.546	327.632	353.873	356.764	331.208	291.662	256.049	229.414	209.908	200.819	208.652	232.72	263.897	294.416	320.259	334.935	334.046	325.33	325.299	345.363	379.407	406.378	411.215	396.206	370.419	343.386	324.034	311.865	299.37	287.657	287.397	301.164	314.745	315.499	310.25	311.24	316.16	315.881	312.688	319.929	344.104	373.319	386.74	374.971	350.204	332.486	326.475	320.459	309.205	305.773	322.953	350.698	365.574	361.945	359.531	374.989	395.832	395.121	370.18	346.404	339.279	334.819	312.367	271.915	234.385	218.399	222.036	230.776	237.302	248.316	272.81	307.705	340.849	362.941	369.461	362.231	352.095	346.303	339.412	326.685	315.976	320.539	344.465	374.966	388.351	369.618	327.298	283.985	257.394	255.626	279.018	317.121	351.975	371.545	376.757	377.85	385.004	395.146	393.642	374.201	346.406	324.718	317.125	319.352	319.169	309.291	291.759	270.618	249.162	234.638	237.884	261.8	292.953	311.35	306.769	285.401	262.622	247.722	236.441	215.565	174.383	117.283	
117.044	176.454	225.983	253.119	261.119	266.502	283.979	315.62	346.939	354.568	329.015	286.07	247.772	221.67	205.204	200.689	215.282	246.739	280.948	307.698	326.441	335.54	332.79	325.71	327.743	345.644	372.607	392.772	397.46	390.822	376.555	355.961	335.773	319.846	303.921	289.08	285.899	298.674	317.054	330.562	340.525	349.108	349.467	336.583	319.924	316.761	333.537	357.891	369.066	358.146	338.056	326.292	322.09	312.516	296.922	291.479	307.231	334.221	353.7	360.975	370.221	394.202	420.899	423.492	398.507	371.878	360	349.522	322.17	281.609	249.47	240.84	249.338	257.373	257.689	261.602	283.801	322.52	360.779	381.613	376.342	349.659	320.517	304.216	297.977	294.297	296.89	315.006	348.417	382.531	397.738	384.592	350.367	310.252	277.553	263.456	274.448	303.641	333.156	350.386	355.924	356.914	359.607	364.555	366.187	359.812	347.906	338.917	338.419	341.101	335.386	315.277	285.013	254.133	231.732	225.406	240.645	274.732	312.329	333.559	327.974	302.571	275.386	257.614	244.541	221.91	178.732	119.503	
121.705	178.326	226.112	254.112	261.139	259.474	266.703	290.859	319.441	328.871	310.624	279.234	252.368	234.743	223.646	221.697	236.124	265.215	296.725	322.386	341.832	353.11	353.606	347.416	341.867	341.584	346.877	353.226	357.291	360.167	359.289	349.904	334.558	317.295	298.057	282.1	280.391	295.569	319.637	346.18	371.957	388.084	384.049	360.921	334.174	321.859	329.846	347.623	356.4	346.703	328.77	316.458	307.873	293.783	277.923	275.596	292.581	317.602	337.24	349.88	366.421	396.641	429.57	440.013	422.94	401.083	390.503	380.129	353.081	312.819	279.853	268.552	273.741	279.359	278.629	282.886	305.243	341.01	371.639	381.03	363.236	325.791	289.284	270.219	266.744	271.381	285.63	313.249	349.564	383.164	403.502	404.848	386.478	352.916	315.175	288.788	285.115	301.098	320.711	331.501	334.239	334.186	334.331	337.747	344.968	350.318	349.24	346.675	349.929	355.749	352.05	330.571	295.361	260.446	240.198	241.899	264.78	300.723	334.951	351.362	342.033	314.457	285.722	265.754	250.112	226.527	184.695	126.598	
122.046	177.893	225.516	254.585	261.353	255.233	254.623	269.438	288.366	292.912	282.104	270.721	267.616	268.377	266.313	263.41	267.922	282.844	303.988	327.606	350.94	368.414	374.653	368.295	351.544	331.513	318.25	315.166	318.009	322.801	325.902	323.128	313.94	299.695	282.68	271.495	276.074	295.575	322.556	354.84	388.714	409.526	404.559	377.804	346.593	328.199	328.614	340	346.521	338.826	323.204	308.765	294.432	277.393	265.308	269.663	289.101	310.695	325.669	335.413	349.834	378.538	413.077	430.894	425.429	414.663	413.634	413.24	394.307	355.09	314.779	292.222	289.546	295.394	301.486	312.125	331.879	353.048	363.269	356.393	332.726	299.389	271.641	261.061	264.51	274.534	290.665	313.834	340.83	368.476	395.459	415.237	414.491	387.407	346.408	312.595	300.029	307.289	319.231	322.891	319.725	316.622	317.055	324.551	339.157	351.349	351.901	345.084	342.881	347.628	348.038	332.447	302.633	273.981	262.87	274.787	303.103	335.319	358.754	363.865	347.744	317.946	288.211	266.366	249.544	228.463	192.583	138.911	
119.384	173.768	218.701	246.097	253.996	250.345	249.86	258.8	266.862	264.293	259.695	268.458	291.133	313.25	321.037	313.337	300.656	294.976	302.762	323.401	349.26	369.978	377.791	368.877	345.296	317.996	300.966	297.294	298.178	297.133	294.563	290.948	284.779	274.881	263.919	260.481	271.479	293.216	319.013	350.174	385.137	408.266	405.093	378.709	345.774	323.495	319.1	326.981	333.995	331.619	322.498	310.816	295.605	278.854	270.542	278.198	295.741	311.574	321.043	325.062	330.724	349.294	377.956	398.447	402.876	403.985	415.068	428.481	421.637	385.544	337.491	302.922	293.988	305.064	323.967	342.88	355.353	354.333	340.082	319.887	299.132	281.291	273.181	279.18	293.225	305.536	312.808	317.923	325.535	341.153	368.826	400.33	413.435	395.368	359.565	329.888	319.263	323.606	327.236	319.771	307.353	301.035	305.138	320.374	342.778	359.837	359.703	344.721	329.587	323.67	320.893	310.239	291.481	277.103	280.171	302.648	334.597	361.95	374.593	368.881	345.952	312.398	279.376	255.164	239.789	225.593	199.601	152.644	
116.236	167.71	207.251	230.824	241.007	244.999	250.892	258.24	258.528	251.532	251.805	272.271	308.458	341.995	354.696	341.282	313.895	293.597	295.306	317.836	346.46	365.792	368.566	355.185	332.18	310.462	299.252	297.294	294.532	286.19	276.519	268.972	262.23	254.575	248.607	251.05	265.177	285.66	307.29	333.81	365.676	387.996	385.684	360.671	328.16	304.827	299.303	308.289	320.861	328.619	330.71	327.39	316.884	302.657	294.911	298.639	307.274	314.46	320	321.343	319.214	325.405	344.34	363.363	373.247	381.068	397.497	417.438	419.32	389.785	341.991	303.212	291.885	307.451	335.718	359.272	363.386	343.435	311.158	284.571	272.456	274.424	289.064	313.131	336.39	346.049	338.266	322.281	311.361	314.063	334.224	364.979	385.109	380.253	361.038	347.93	348.35	352.195	344.028	321.637	299.269	290.17	296.468	315.675	342.764	365.969	371.091	354.614	328.708	307.286	292.286	279.16	268.871	268.496	282.816	309.306	339.334	361.773	368.807	359.085	334.326	299.095	263.617	238.615	226.873	220.82	204.568	163.989	
111.354	160.676	197.43	220.407	234.899	247.647	261.996	271.442	267.758	257.021	255.828	273.359	304.13	333.073	343.539	328.152	298.484	279.072	286.902	317.33	349.652	365.277	360.158	343.028	325.466	313.465	307.334	303.286	295.224	282.233	269.396	259.537	251.123	243.224	239.374	245.093	260.365	278.258	295.055	316.289	343.068	361.079	356.822	333.319	303.689	281.93	277.732	291.133	313.108	333.772	348.728	355.793	351.897	339.453	327.982	322.027	317.421	314.445	317.758	321.728	319.064	318.341	329.39	345.716	357.201	365.158	377.395	393.194	397.603	377.59	340.181	306.669	294.019	305.191	330.135	350.813	349.431	321.58	282.925	256.218	253.075	271.623	304.194	340.272	365.505	366.843	344.505	315.111	296.229	293.28	305.366	328.113	348.527	356.139	357.155	364.549	378.536	383.621	366.582	334.553	307.25	295.147	296.683	310.344	335.7	364.316	379.342	369.72	341.599	309.312	281.35	261.524	254.295	261.168	277.396	297.708	319.337	336.604	342.041	333.319	312.005	281.751	251.305	230.943	223.808	222.559	210.843	172.809	
100.943	149.526	188.998	217.771	239.429	259.94	282.108	296.328	291.842	275.937	266.019	270.132	284.475	299.756	304.94	294.047	275.987	270.82	290.303	326.183	357.443	366.963	354.708	335.877	324.186	319.68	315.874	308.71	296.263	280.571	266.923	257.265	249.1	241.455	239.105	247.272	262.838	277.257	289.146	306.018	327.924	340.215	332.593	310.779	285.258	265.748	262.446	279.336	309.399	340.922	366.75	383.159	384.791	371.822	354.361	338.895	323.628	312.909	315.629	326.172	330.52	329.786	334.901	346.017	354.939	359.149	363.893	372.24	376.609	366.663	343.915	320.145	305.502	304.441	315.476	327.818	324.888	299.654	264.776	242.028	244.354	270.393	309.228	345.638	364.113	355.342	325.023	293.014	276.464	276.811	287.591	304.063	320.72	333.338	345.958	365.663	388.863	399.222	385.777	358.459	334.933	319.826	310.063	310.028	326.89	355.555	377.34	375.966	352.2	318.77	286.978	264.873	258.467	265.523	276.189	286.281	299.367	312.645	316.06	306.011	287.406	266.347	248.145	237.136	233.893	232.478	218.841	178.489	
85.0926	132.472	177.06	214.993	245.232	271.407	297.296	314.133	310.069	291.091	274.236	267.986	270.007	274.584	276.76	274.978	275.201	287.607	314.043	344.222	363.427	361.844	343.633	325.432	319.116	320.974	321.792	316.436	302.981	284.564	268.864	259.932	254.621	250.006	250.46	260.543	274.64	283.807	290.123	302.697	319.287	325.647	316.237	298.822	279.572	262.649	257.63	272.256	302.926	338.374	370.186	392.897	398.253	384.934	365.623	349.34	333.126	320.148	322.407	338.539	351.541	352.832	349.603	348.661	348.688	347.45	347.441	351.922	357.566	357.003	348.439	335.71	321.974	311.036	308.318	311.858	309.059	291.005	265.457	249.302	253.506	277.503	310.334	336.227	342.848	327.018	297.23	270.414	260.448	267.633	282.5	297.393	309.453	318.632	328.836	346.204	370.283	389.449	392.701	383.418	370.62	353.801	331.913	316.844	321.916	343.73	363.629	364.753	346.25	319.751	295.6	279.317	274.371	278.283	283.386	288.7	299.226	310.188	308.696	292.243	271.771	257.61	250.929	247.777	245.058	238.823	218.619	173.579	
70.401	115.652	163.821	209.058	245.948	273.986	296.158	308.063	302.621	285.456	270.654	265.535	267.297	270.036	272.48	278.821	294.115	318.613	343.897	358.667	357.298	341.07	319.104	305.476	307.169	318.596	329.525	331.275	319.022	297.177	277.803	268.688	266.568	265.808	268.708	278.8	290.176	295.273	297.98	305.772	313.857	312.123	302.635	293.738	284.432	271.723	263.437	270.519	294.151	326.083	357.605	381.278	387.757	376.938	364.354	358.945	351.793	340.342	338.945	353.932	370.094	370.766	356.513	338.887	326.165	319.591	318.277	322.426	330.782	339.029	343.298	342.17	335.015	323.739	314.463	310.208	305.264	294.292	281.665	275.552	280.764	297.608	318.37	330.166	325.755	307.346	283.086	263.927	259.562	270.921	288.663	303.214	311.578	314.216	314.079	319.177	336.916	363.577	386.669	398.575	397.943	381.85	353.418	329.416	324.457	334.909	344.561	340.688	324.646	307.369	295.725	289.374	287.663	290.388	295.633	303.833	315.791	323.602	315.89	293.431	270.175	257.808	254.832	252.394	245.13	230.323	201.085	152.066	
65.8876	110.385	159.914	207.585	246.041	271.144	283.523	283.864	273.479	259.561	252.098	255.576	265.068	271.776	275.308	284.981	306.868	334.86	353.954	352.696	332.944	306.343	286.373	282.56	296.023	319.873	342.401	350.5	337.929	312.817	291.316	282.344	281.629	282.225	285.027	293.016	302.375	308.088	312.235	316.229	312.989	299.881	288.703	288.483	290.532	284.326	275.163	275.735	291.075	316.366	343.217	362.999	367.783	360.594	358.18	366.733	370.327	359.959	350.774	356.292	366.849	363.773	342.292	314.221	293.588	284.907	285.04	291.343	303.516	318.653	330.47	335.518	334.805	329.359	319.943	308.812	298.905	294.283	297.718	305.375	313.056	322.898	333.417	335.9	326.22	308.619	289.57	275.516	272.939	282.905	297.611	308.653	313.851	312.805	305.792	300.671	310.354	338.236	372.563	398.313	406.882	395.377	370.158	346.79	335.683	333.29	329.09	316.9	300.806	289.617	286.367	287.466	290.363	296.465	307.044	320.838	333.511	337.601	327.65	306.382	283.754	268.345	259.586	250.587	236.123	212.327	174.084	122.323	
77.1059	124.791	174.698	219.429	253.095	271.517	273.254	260.98	242.489	228.289	226.551	238.7	255.97	265.977	269.291	279.272	301.957	327.223	338.734	327.658	300.648	274.658	263.923	272.586	296.852	328.965	355.988	363.089	346.948	321.122	302.667	296.566	295.971	295.232	296.389	302.331	311.15	319.934	327.483	328.51	314.84	290.961	276.459	281.65	293.236	295.144	289.359	287.717	296.725	314.755	335.681	351.463	355.132	350.242	352.033	365.088	372.296	361.765	345.363	337.946	337.207	331.076	313.522	290.253	272.164	265.188	268.395	279.579	296.924	314.234	322.437	320.751	317.349	315.111	307.914	293.052	279.029	279.075	295.873	315.714	327.079	334.595	342.845	345.273	336.905	321.195	304.081	291.477	288.554	294.515	301.871	305.488	306.748	306.185	301.336	295.711	300.68	323.086	355.787	384.115	397.665	394.947	382.33	367.716	354.213	341.011	325.696	307.358	290.178	279.506	276.408	278.779	284.998	295.653	311.215	328.572	341.909	346.918	342.437	328.875	308.743	287.188	267.917	250.27	230.32	200.76	155.612	100.896	
100.828	156.157	206.829	244.689	268.521	278.651	272.674	251.091	224.133	206.442	207.139	224.76	245.579	255.061	257.331	268.881	292.282	312.847	316.877	302.311	279.13	263.168	264.757	283.081	311.66	342.741	363.701	362.165	341.133	318.288	307.184	306.052	305.983	304.299	305.12	310.709	319.026	328.012	335.02	332.1	312.298	284.091	269.051	277.449	295.579	305.661	305.802	304.194	307.183	316.634	331.035	345.153	350.988	347.249	344.508	349.314	352.399	344.049	327.622	311.661	301.514	298.062	296.647	291.411	283.018	278.194	283.078	298.742	319.005	331.123	325.343	307.199	292.452	286.943	281.223	267.266	252.348	252.589	272.297	296.122	311.022	322.716	337.119	345.895	341.142	325.933	308.38	296.883	295.963	300.8	302.162	298.321	295.733	297.771	300.277	300.656	304.509	318.743	341.819	364.22	377.685	382.641	384.092	381.516	371.55	356.598	339.846	320.954	301.518	285.239	275.051	273.016	278.931	290.767	307.022	325.588	342.639	354.655	358.567	351.042	331.865	306.293	280.841	258.27	235.545	202.976	153.265	95.0856	
124.357	188.822	240.917	271.009	283.878	286.784	277.326	252.11	221.121	201.571	203.164	222.029	241.615	248.476	251.363	267.423	292.909	308.342	304.858	289.509	274.591	270.454	281.005	302.535	329.107	354.032	365.201	353.678	328.681	309.46	304.116	306.251	308.093	309.135	312.418	317.919	322.926	326.543	327.58	319.835	299.419	275.5	265.454	276.547	297.787	314.041	320.397	320.561	320.031	322.332	329.249	340.037	347.22	343.356	332.832	325.529	323.796	322.219	313.515	296.661	283.448	287.59	305.631	320.022	321.222	317.163	321.294	337.038	353.053	352.732	330.496	297.925	272.599	261.485	256.524	246.941	234.216	231.418	245.17	265.525	282.569	300.48	321.734	335.003	331.161	315.004	298.038	290.415	294.298	300.673	299.646	292.813	289.864	295.311	303.494	307.956	310.816	318.431	332.059	345.882	353.655	357.612	364.236	371.251	372.704	370.709	366.883	355.504	333.913	307.692	285.901	275.666	277.555	286.85	300.862	320.164	342.649	361.261	367.926	359.647	340.825	318.394	295.859	273.324	248.171	212.213	159.251	98.5715	
134.868	204.231	256.567	281.211	287.264	287.188	279.17	257.374	230.341	214.053	216.065	231.777	247.166	253.14	260.274	281.643	306.818	315.089	304.448	289.215	281.08	283.757	295.876	313.807	335.283	355.622	361.646	344.986	317.994	299.772	294.734	296.682	302.027	309.903	317.533	321.144	319.083	313.488	306.253	294.767	278.709	265.948	265.8	279.573	299.725	317.096	327.395	332.674	336.862	339.22	338.816	339.735	340.674	333.535	318.755	307.308	307.538	314.973	314.635	300.031	287.199	296.451	324.376	348.099	354.105	351.109	354.856	367.378	373.721	359.191	325.611	287.14	257.833	244.484	242.475	240.097	232.862	228.932	235.939	250.131	265.511	283.818	304.257	315.549	310.119	294.653	282.18	281.123	288.812	294.208	291.252	285.734	286.736	295.673	305.022	308.422	309.232	314.096	323.325	330.666	330.119	325.78	328.773	341.254	357.714	376.874	394.547	397.484	377.843	343.256	309.45	288.742	283.358	287.7	298.478	317.299	341.368	359.744	362.777	352.143	337.543	324.451	309.759	289.113	260.744	220.383	164.926	103.347	
131.222	197.653	246.933	269.677	275.521	277.206	274.116	261.555	246.189	238.447	241.003	250.883	261.947	270.872	285.045	308.938	328.146	327.694	314.293	303.362	299.941	301.887	307.101	315.189	328.599	344.991	350.061	334.044	308.429	290.133	282.303	282.348	291.494	307.008	318.908	319.766	310.45	296.941	283.772	271.544	263.162	264.616	276.449	292.5	307.085	318.355	327.811	340.371	357.186	367.431	362.144	348.815	335.825	321.263	306.585	301.38	310.805	325.546	327.938	313.586	300.987	309.229	333.728	354.228	360.01	358.847	363.204	372.007	370.058	347.364	310.452	272.056	243.172	232.253	237.25	244.639	245.115	242.54	244.172	250.773	259.847	271.578	284.205	289.708	283.535	272.653	268.488	274.993	284.074	284.828	277.635	272.886	277.463	288.29	296.591	298.219	299.137	305.476	314.295	317.822	311.678	302.485	304.038	320.819	347.331	380.206	413.008	429.326	417.116	381.987	341.229	310.82	296.44	293.636	298.407	311.54	329.639	342.191	342.604	336.129	331.704	329.405	321.103	301.343	270.472	227.653	171.746	110.224	
123.252	181.469	224.693	247.096	255.999	260.416	261.76	260.068	260.541	265.38	270.41	274.921	282.565	295.291	314.24	335.178	345.241	340.796	335.685	338.064	339.865	334.73	325.903	319.237	320.456	328.87	331.66	318.967	298.282	281.638	271.833	269.983	280.366	299.615	314.337	314.879	303.433	288.185	274.538	264.763	264.037	276.942	297.709	314.061	320.143	320.275	324.274	341.786	370.57	390.415	385.415	363.263	337.861	314.557	299.603	301.54	318.973	336.306	337.026	322.887	312.796	319.208	335.182	346.839	348.871	346.761	348.404	352.467	347.629	326.93	294.641	259.217	232.2	225.961	239.339	255.895	262.289	258.945	253.458	251.821	255.333	261.798	267.012	266.334	259.86	254.982	259.663	272.764	282.538	278.764	265.85	257.366	260.196	269.941	277.91	281.299	286.176	295.889	304.235	304.749	298.428	294.192	302.256	322.761	349.548	381.843	416.894	440.301	437.912	409.934	369.878	335.16	314.663	304.296	298.796	299.413	305.97	312.617	315.97	320.031	328.001	334.093	328.513	307.93	276.046	234.828	182.662	122.903	
118.803	168.922	205.243	225.86	236.258	241.681	245.377	252.47	267.66	285.935	296.03	297.306	300.565	312.018	328.397	341.65	345.249	346.473	360.75	383.834	393.088	379.683	355.313	333.407	321.385	319.282	317.707	308.018	292.514	277.951	267.523	263.973	271.514	288.391	303.782	307.882	301.325	291.122	281.415	274.591	277.153	293.242	314.833	327.618	325.383	315.583	313.545	331.255	363.855	388.695	389.359	370.824	344.038	316.652	299.395	301.392	318.138	332.276	330.848	320.454	317.589	326.666	337.888	341.813	336.742	327.235	320.191	317.846	314.841	304.685	284.459	256.74	234.374	232.794	251.079	271.619	278.767	270.448	256.504	249.937	255.267	264.74	267.681	261.389	252.68	251.322	261.638	277.98	287.329	280.169	261.287	245.275	241.364	247.289	255.631	263.326	273.384	284.962	290.73	288.529	285.409	290.204	305.512	325.211	345.058	370.757	404.296	432.633	439.667	420.919	386.701	355.255	335.712	321.244	305.19	291.615	286.119	288.263	295.875	309.133	325.448	335.405	329.469	306.624	273.706	236.009	191.176	136.486	
116.332	161.03	191.626	208.723	218.332	224.718	231.383	244.858	269.497	297.152	311.96	310.545	306.043	309.059	317.359	323.466	325.964	337.239	370.478	412.405	431.587	416.947	384.465	352.864	331.758	322.31	317.655	309.41	295.789	280.955	269.547	264.142	266.547	276.829	289.905	298.631	301.264	300.349	296.145	290.011	289.573	299.622	313.167	318.442	311.014	298.409	295.021	310.451	338.681	361.604	368.379	361.343	343.837	320.695	304.247	304.37	316.425	324.722	320.183	312.078	314.688	327.907	339.723	339.849	326.329	305.829	288.473	280.089	279.994	282.775	279.748	266.898	254.247	256.292	273.141	290.435	293.511	278.864	258.803	252.336	265.144	282.688	287.588	278.573	268.335	268.472	280.036	294.491	299.56	287.314	262.244	238.72	227.634	229.203	238.025	250.303	264.188	274.678	276.296	272.33	272.449	281.949	296.832	308.993	319.744	341.591	378.361	414.534	430.48	419.676	393.24	370.345	357.465	344.273	323.911	302.318	287.843	283.805	289.979	304.649	321.74	330.223	321.519	295.826	261.354	226.285	188.923	141.656	
111.822	153.526	181.109	195.534	204.097	212.625	224.08	242.483	270.969	302.3	319.791	315.473	300.248	290.177	289.817	293.2	297.817	314.711	355.439	406.472	436.232	430.367	401.033	367.483	342.812	330.835	325.905	318.951	305.842	289.455	275.25	266.359	263.438	266.441	274.233	284.916	297.018	307.25	309.455	302.776	295.964	295.429	296.81	293.405	284.993	277.465	278.29	290.717	309.158	323.675	331.52	334.569	329.531	316.753	308.192	313.674	327.292	332.693	322.051	307.104	304.677	316.753	330.835	332.142	315.393	289.42	267.022	254.385	253.84	264.919	278.79	284.996	285.093	288.374	297.554	306.097	303.403	284.49	261.366	255.335	272.169	294.421	303.131	298.411	293.44	297.06	307.393	316.026	313.351	294.166	264.015	236.836	223.055	223.558	234.255	250.307	265.216	271.443	267.896	263.419	266.528	276.024	283.597	283.92	285.463	305.41	347.257	392.221	416.913	413.663	395.432	381.436	375.579	367.374	351.246	330.798	311.46	298.645	296.463	304.407	315.054	317.208	304.058	276.811	243.111	211.087	179.294	138.265	
106.224	147.549	176.326	191.442	199.456	208.649	222.94	243.322	271.442	303.472	324.665	320.987	296.742	272.728	263.805	266.633	273.976	291.853	330.627	381.021	416.271	420.017	398.129	367.523	343.571	332.535	330.179	327.87	319.517	303.793	284.306	267.841	258.706	255.736	257.885	268.472	288.29	308.503	316.407	309.314	297.391	288.913	281.528	272.458	265.815	265.949	271.827	279.52	285.135	287.554	291.738	300.387	305.673	303.83	306.131	322.168	343.4	350.12	332.986	305.535	290.101	294.843	309.092	315.017	303.868	282.636	261.831	245.909	240.768	253.591	279.18	301.836	312.503	313.764	312.317	311.389	304.661	283.931	257.768	247.293	259.703	280.342	293.806	300.532	308.236	318.572	327.523	330.11	320.776	296.716	264.742	238.726	228.138	232.942	247.745	265.258	276.48	275.073	265.968	262.458	269.665	278.482	277.253	265.517	258.63	275.718	318.984	368.858	400.545	404.481	392.943	384.348	382.82	381.102	374.27	360.135	339.177	318.682	307.002	305.021	305.434	299.011	281.939	256.574	228.553	202.267	173.993	134.779	
102.12	146.011	180.679	200.7	208.895	215.596	227.719	244.812	267.747	297.699	324.087	327.18	301.603	268.425	251.632	253.231	263.611	283.583	320.088	364.886	395.237	397.333	377.05	350.475	331.764	325.862	328.879	333.991	333.915	321.23	295.832	269.59	253.599	246.841	246.896	259.357	284.819	309.028	316.001	305.225	290.169	280.461	273.181	264.938	260.681	264.227	270.401	271.733	266.419	259.87	262.155	275.732	288.514	293.245	301.111	322.201	346.932	354.572	334.712	299.98	274.948	272.441	284.728	294.699	292.366	280.036	262.916	244.663	235.177	247.134	278.477	310.762	326.965	324.357	313.906	307.249	299.784	278.339	247.926	230.38	235.71	253.318	271.389	289.576	309.459	325.803	333.322	331.591	319.25	294.423	263.758	241.21	236.302	247.971	267.524	283.853	287.763	277.683	264.296	262.36	272.804	280.451	272.193	252.588	241.358	255.827	295.775	344.039	378.307	387.055	379.244	372.634	374.215	379.763	381.891	372.258	349.754	325.232	308.947	300.53	293.069	280.873	263.211	242.811	222.936	203.215	176.212	134.46	
98.8745	146.313	188.874	216.811	228.105	233.492	242.095	252.192	264.222	285.27	311.757	322.676	304.105	271.632	252.053	252.888	266.081	289.883	327.037	365.976	384.559	374.484	348.508	325.469	316.298	319.841	328.473	336.752	340.041	329.574	302.551	272.361	253.645	246.62	248.961	265.593	293.185	312.771	309.381	289.105	270.756	264.883	266.038	265.661	263.886	263.841	263.387	258.518	249.772	244.386	252.897	274.975	293.61	298.698	302.507	317.31	335.655	339.953	320.947	288.183	263.192	258.771	268.714	278.631	280.486	274.029	260.566	243.476	233.904	245.356	277.565	312.564	329.658	322.983	306.938	298.798	293.433	272.827	240.403	220.385	224.676	242.709	262.381	283.376	306.681	324.842	330.868	326.086	312.254	288.31	259.94	240.31	238.85	254.384	276.54	291.665	290.896	276.45	261.36	258.873	267.561	271.622	259.956	240.391	231.735	245.139	277.659	317.859	349.648	360.363	354.204	348.23	352.885	364.701	371.256	360.082	333.08	306.564	291.331	283.892	276.452	265.255	250.653	234.94	220.428	204.363	176.772	131.647	
95.0592	143.667	190.452	225.081	243.608	254.81	265.528	270.757	269.959	275.295	291.62	302.98	292.945	269.541	254.758	256.982	270.346	293.919	329.765	364.18	373.831	353.377	321.856	302.451	303.984	317.542	328.364	331.344	329.082	318.877	297.478	273.991	259.934	255.719	260.538	278.318	302.519	312.805	297.244	267.719	246.915	245.856	257.518	267.927	269.072	261.662	250.802	241.663	237.467	242.618	264	297.569	321.721	323.007	314.746	314.069	319.328	317.791	301.679	276.938	259.029	256.338	262.121	266.221	266.569	264.674	258.943	248.881	242.263	251.706	279.758	311.144	324.68	313.834	295.216	288.443	287.277	270.865	241.994	226.486	236.118	256.672	272.864	286.317	303.471	319.555	325.274	319.484	304.76	281.535	255.099	236.755	234.357	247.474	268.361	284.88	287.495	276.611	262.446	256.051	257.977	257.581	247.492	235.184	233.883	246.813	269.31	297.487	323.294	333.97	328.442	321.922	327.201	340.606	345.671	328.781	296.288	269.129	258.576	258.599	258.694	253.521	242.859	229.305	215.839	199.579	170.118	123.027	
91.962	138.039	181.655	216.872	243.171	266.383	286.614	293.559	284.767	274.501	274.075	276.544	270.271	258.301	253.315	258.58	268.076	283.339	310.377	338.988	346.404	325.505	295.158	280.67	290.567	310.764	320.643	315.135	304.338	293.928	281.683	270.21	264.302	262.684	265.898	278.574	295.489	299.397	280.614	251.069	231.944	233.376	249.875	267.036	271.014	258.668	240.524	230.546	233.955	250.683	283.919	328.481	359.426	356.919	332.55	311.072	301.14	295.22	285.22	272.51	264.569	262.88	260.44	254.431	252.214	258.816	267.528	268.764	264.339	267.907	286.881	309.15	315.068	300.235	282.084	278.627	282.66	273.478	252.632	244.144	258.597	279.293	288.422	289.522	295.115	305.423	311.268	308.317	296.744	276.358	251.954	233.539	227.496	234.464	251.65	271.3	282.574	280.155	268.79	257.934	252.708	249.871	245.016	242.53	249.611	263.639	278.479	295.177	312.596	320.1	313.029	303.451	304.985	314.882	315.805	294.863	260.878	236.074	231.882	241.197	249.94	249.516	240.368	227.375	213.662	195.337	162.632	113.679	
91.2113	132.932	168.677	198.685	228.535	262.14	292.783	305.251	294.808	275.072	260.523	252.662	247.291	245.398	250.555	258.981	262.806	265.219	277.251	296.11	303.135	288.287	265.203	256.976	271.76	294.692	304.15	294.888	279.435	268.258	261.561	258.648	258.773	257.983	257.098	262.388	272.777	276.417	264.816	245.091	231.617	231.67	243.906	259.725	265.242	253.69	235.443	227.429	235.541	257.743	297.077	350.414	390.415	387.856	348.979	306.413	281.519	272.912	271.772	273.768	276.604	274.502	262.528	247.449	245.565	263.271	286.958	297.732	293.002	288.718	296.795	308.11	305.944	288.908	273.149	272.416	279.897	278.369	267.19	264.182	278.122	294.345	295.643	285.277	277.978	279.132	283.981	287.455	284.715	270.952	249.377	230.942	222.953	226.393	240.644	261.004	276.619	279.172	270.231	257.702	249.123	246.581	247.879	254.841	271.013	290.807	305.501	315.369	322.666	322.065	309.974	295.506	291.52	297.142	296.207	276.394	246.21	226.109	226.854	241.577	253.846	252.825	241.643	228.698	215.774	195.902	159.789	108.646	
89.8904	127.615	156.785	181.373	210.131	245.746	278.683	292.663	282.522	261.09	243.532	234.824	233.807	239.815	251.797	262.98	264.316	257.885	256.155	262.697	265.488	254.781	238.894	235.804	252.313	276.052	288.125	281.789	266.077	252.259	244.852	244.492	247.726	248.062	245.398	246.305	252.761	258.002	255.373	247.189	239.886	236.801	240.435	249.909	255.31	247.628	232.772	225.389	232.239	253.376	293.725	352.244	401.137	404.18	360.478	305.063	268.112	255.384	260.657	275.521	288.274	287.329	271.2	253.929	255.009	278.563	306.938	319.185	312.77	303.577	303.864	307.302	301.197	285.265	271.544	269.654	276.202	280.28	278.663	279.757	289.141	297.364	291.189	272.506	255.042	248.194	252.528	263.138	270.239	263.931	245.801	229.152	223.699	229.057	241.974	257.695	267.727	266.503	256.667	244.818	237.277	237.393	244.796	260.787	286.657	314.822	334.17	341.662	339.641	328.905	311.032	293.586	286.477	289.473	288.728	273.209	249.725	234.503	236.201	249.749	259.97	255.432	240.513	226.065	213.373	193.19	156.246	105.322	
82.9564	116.719	142.977	165.932	191.846	220.832	244.837	252.603	242.705	227.874	220.747	223.128	230.977	242.392	257.74	272.871	278.652	272.67	263.488	257.613	250.949	238.119	224.25	221.819	236.704	260.703	277.88	277.981	264.19	247.639	237.75	237.835	243.259	245.986	244.522	243.825	246.52	249.497	249.159	246.496	243.371	239.837	239.121	244.44	249.432	243.911	229.007	217.062	218.029	235.704	274.237	331.769	384.36	397.231	362.845	308.939	265.887	246.578	251.929	273.483	293.797	298.363	287.83	276.659	279.738	297.571	315.704	320.733	313.54	305.416	303.586	303.79	298.066	285.496	272.564	266.311	268.777	276.013	282.748	287.924	292.501	292.001	279.206	256.214	235.104	226.469	232.449	247.239	259.455	258.062	243.733	230.522	229.457	238.473	250.513	259.279	259.125	249.394	235.818	224.916	220.552	224.123	236.312	259.207	291.32	322.31	341.433	346.278	339.218	323.948	305.855	291.038	284.298	283.963	280.506	267.62	251.057	240.845	241.576	250.936	258.719	253.502	236.193	217.365	201.293	180.643	146.114	99.188	
71.3877	100.1	124.911	148.843	172.494	191.731	201.563	199.817	191.92	189.5	198.622	214.317	229.34	243.527	261.727	283.378	299	300.539	289.84	273.489	255.184	236.065	219.683	213.544	223.404	245.671	266.62	272.528	262.185	246.646	237.926	240.071	247.684	252.634	252.564	250.362	248.147	244.82	239.626	235.26	233.51	232.967	234.728	241.215	246.749	240.213	220.41	200.674	195.859	211.592	246.716	296.175	344.492	366.83	350.995	310.408	268.577	243.62	244.547	265.902	289.962	302.921	304.817	303.475	304.581	307.318	307.197	302.738	297.27	294.43	294.478	294.196	289.618	279.654	267.227	257.937	257.271	266.06	278.739	288.021	290.019	282.869	265.463	242.359	224.151	218.915	226.301	240.034	251.783	253.334	243.943	234.556	235.48	245.501	257.031	262.206	255.994	240.76	224.949	215.973	215.388	221.085	234.104	258.186	289.058	313.136	322.615	321.271	314.029	303.396	293.039	285.746	280.857	274.792	263.689	248.731	236.735	232.281	234.852	243.32	252.644	251.365	234.008	208.939	186.249	164.254	133.517	91.945	
62.7787	86.2355	108.479	132.396	154.693	167.594	167.667	159.918	155.498	163.71	182.991	203.068	217.779	231.728	252.635	280.122	304.39	314.945	308.257	288.164	262.273	237.429	217.771	207.451	211.357	228.756	248.154	255.503	248.489	237.356	232.992	238.204	247.817	254.814	256.23	253.311	247.855	239.302	227.869	218.448	215.245	217.015	222.205	230.701	236.271	227.623	203.683	180.164	174.885	191.496	221.531	257.657	295.236	322.323	324.376	300.836	266.559	240.82	236.528	251.702	273.404	291.69	304.104	309.51	305.773	294.041	280.62	272.521	271.484	273.787	275.517	274.747	270.208	262.151	252.926	245.741	244.413	251.838	265.751	277.715	279.488	268.869	249.446	229.134	216.704	215.23	220.848	229.057	237.445	241.995	239.731	235.332	236.404	244.825	255.836	260.833	253.992	238.694	224.782	220.374	224.961	232.449	243.143	262.702	286.319	298.957	295.89	287.409	281.76	278.965	278.19	278.327	274.953	263.303	243.713	223.648	212.812	213.776	221.6	233.128	245.459	247.765	230.476	200.107	171.822	149.456	123.053	86.4284	
62.8411	82.8921	100.895	121.391	141.94	154.195	153.805	146.527	144.728	155.938	174.527	188.82	196.315	205.852	224.901	251.311	277.281	295.021	298.278	284.725	259.454	232.283	210.768	199.054	200.302	213.081	226.862	230.031	222.611	214.33	212.955	219.502	230.371	240.212	244.937	244.327	240.212	231.46	217.32	203.974	198.145	198.799	202.379	207.956	210.764	201.276	179.283	160.611	161.517	180.782	204.293	225.516	249.695	275.03	286.758	276.292	252.221	230.794	223.059	229.228	243.396	260.38	275.011	280.269	271.798	254.391	240.169	237.378	242.746	247.363	247.207	243.809	239.387	236.346	235.988	235.941	234.4	235.554	244.028	254.559	255.567	242.753	222.867	206.508	199.833	200.718	203.269	206.035	211.611	219.273	224.7	226.639	228.743	234.912	243.479	247.033	240.919	228.81	219.48	220.743	231.404	242.413	251.569	265.132	280.54	284.752	274.91	263.117	258.225	258.919	262.405	266.097	264.126	250.933	227.793	204.428	192.822	196.138	207.298	220.303	231.993	233.097	214.232	181.457	151.67	131.239	110.026	79.1876	
67.9191	87.0637	100.642	114.966	131.773	145.769	151.255	149.378	148.864	156.525	167.876	173.311	172.491	174.623	185.497	203.148	224.648	246.987	261.818	259.336	239.536	213.28	192.002	181.869	184.801	196.488	205.057	201.277	189.248	179.801	178.083	183.45	194.226	206.928	216.407	220.844	221.362	215.698	202.225	188.111	181.108	178.965	176.81	175.372	173.765	165.663	151.138	142.932	152.279	173.224	189.974	198.854	210.644	228.602	240.082	235.348	219.906	205.194	197.705	198.161	205.825	218.291	228.361	227.836	215.334	199.447	192.816	199.828	211.533	216.077	211.442	204.419	202.15	208.23	219.869	227.542	224.716	217.254	215.875	219.403	215.605	199.466	179.829	167.942	166.574	170.061	172.661	175.105	181.035	190.381	199.349	204.75	207.552	211.284	215.437	215.46	210.284	203.037	198.465	202.873	216.64	230.674	239.808	248.865	258.369	259.541	250.327	240.354	236.154	236.14	238.769	242.841	243.049	233.338	213.51	191.651	179.078	179.6	187.436	197.134	205.38	203.619	183.658	151.485	123.282	105.821	90.1211	66.7915	
67.0464	85.7118	96.2284	104.462	115.47	128.861	139.803	144.155	144.409	146.471	150.303	150.637	146.659	143.72	145.669	153.241	168.696	191.738	211.728	214.76	199.102	176.121	157.88	150.657	155.734	167.299	172.613	163.847	147.732	136.147	132.921	136.247	145.655	159.641	173.229	182.814	187.235	183.474	171.21	158.732	152.695	148.79	142.027	135.45	131.46	126.484	120.447	121.713	135.9	154.991	165.7	167.091	169.903	178.231	183.662	179.67	170.247	162.26	158.329	158.69	164.331	173.381	177.975	171.357	156.017	142.924	142.989	156.391	170.983	174.539	167.145	159.323	161.285	175.683	195.039	206.01	201.785	189.159	179.481	173.559	162.342	143.263	125.655	118.613	121.67	128.299	134.55	141.569	150.31	158.794	164.804	167.5	168.189	169.187	169.619	167.591	165.001	163.209	161.981	165.447	176.59	189.397	197.598	203.506	209.47	210.775	205.532	199.823	197.519	196.973	198.135	201.929	204.845	201.011	188.339	171.707	159.222	154.114	154.324	158.82	165.334	164.339	146.847	117.83	92.3229	77.6293	67.0864	51.8176	
53.5537	69.2195	77.4661	81.6076	86.7414	96.1418	107.783	115.288	115.996	114.047	113.449	113.487	112.106	109.519	107.44	109.026	119.198	137.854	153.996	155.23	141.754	124.174	111.357	106.82	111.189	120.043	123.098	114.011	98.7852	87.8263	84.2923	86.1948	93.456	106.17	120.781	132.528	137.723	133.615	122.441	112.606	108.353	104.543	97.4682	90.949	87.8516	86.0536	85.5797	91.2044	104.522	118.407	124.3	122.713	120.871	121.703	121.436	117.565	112.729	110.061	109.843	111.752	116.791	123.438	125.116	116.904	102.414	91.8614	93.7461	106.461	118.802	121.039	114.536	109.481	114.947	131.516	150.221	159.384	155.161	143.392	131.315	119.644	104.428	86.563	73.571	70.6652	75.6905	83.7165	93.0012	103.968	114.307	120.051	120.429	117.828	115.166	113.947	112.939	111.632	112.381	114.526	114.782	115.299	120.538	128.502	134.158	137.695	141.451	143.283	141.376	139.113	138.832	138.995	139.87	143.467	148.142	148.923	142.872	132.422	122.2	113.988	108.809	109.972	116.795	119.324	107.496	84.3204	63.0264	51.4332	45.4096	37.0791	
