
TracePro Release: 7 0 3 
Irradiance Map Data for D:\SUSTech\Linear Units in millimeters
Data for Observation screen 3.5 Screen
Data generated at 16:19:40 October 24, 2025

Raytrace Time: mins: 0, secs: 15

Projected Plane Extent from surface geometry 
      TopLeft:(20,3,-20) 
      TopRight:(-20,3,-20)
      BottomLeft:(20,3,20) 
      BottomRight:(-20,3,20)
Corners of Data Set (plotted) 
      TopLeft:(20,3,-20) 
      TopRight:(-20,3,-20)
      BottomLeft:(20,3,20) 
      BottomRight:(-20,3,20)
Total Incident Rays: 63083
Min: 35.3303 Max: 483.705 Ave: 286.312
Total Flux: 0.4581 W, Emitted Flux: 0.6
Normalization: 0
Data Smoothing is On
Grid Size is 128 x 128
Map Count 50
Data Cells are 0.3125 x 0.3125 millimeters

35.3303	58.8435	81.7546	97.3694	104.011	104.859	101.646	97.0281	100.27	116.307	133.677	137.195	126.761	112.753	101.829	95.7615	94.6347	96.4214	98.5177	98.7063	94.4266	85.5732	77.1185	76.7074	89.4001	111.294	129.136	132.826	125.462	116.734	112.824	115.176	122.912	133.713	144.858	153.791	157.77	155.475	149.083	141.331	131.828	121.376	115.118	115.812	118.619	116.043	107.222	99.3323	97.8208	100.7	103.968	106.664	109.169	109.109	103.436	94.761	89.4679	92.3142	106.84	133.7	165.923	191.13	198.907	187.17	165.667	149.394	144.258	143.108	137.241	126.917	118.546	115.723	116.595	120.386	131.034	147.478	157.885	152.257	133.218	110.727	93.3403	85.8629	90.1848	103.836	119.254	130.231	136.121	136.069	129.338	122.294	120.652	119.609	114.761	111.771	116.24	125.433	132.489	131.092	120.649	111.425	115.87	134.537	157.343	172.301	171.258	156.047	136.17	118.665	106.634	102.313	105.235	113.105	123.74	131.165	127.679	113.099	94.7769	81.5651	80.7835	93.5251	111.541	123.679	126.01	123.201	118.7	107.391	83.3183	51.4653	
52.5433	83.5091	112.612	132.072	139.331	138.456	134.763	134.49	147.287	175.048	200.879	204.76	187.393	165.272	149.524	141.399	139.005	140.364	144.146	147.22	143.426	130.857	117.455	115.204	130.043	155.192	174.041	175.945	166.703	158.812	158.504	165.379	177.806	194.496	212.42	225.418	227.499	218.641	205.377	193.457	181.989	169.537	160.552	158.617	158.828	153.256	142.481	135.302	136.061	141.121	146.854	152.019	154.74	152.1	143.808	135.361	133.716	142.674	164.025	195.596	228.253	250.605	255.065	241.022	218.279	201.895	197.715	198.363	195.481	189.409	184.837	183.031	181.955	183.575	195.168	215.29	227.763	220.131	196.618	168.404	143.684	128.617	128.159	141.449	160.652	179.096	194.646	202.089	196.051	182.887	172.149	162.224	151.158	147.265	156.086	171.561	183.848	185.135	173.402	158.598	156.605	173.843	202.012	223.474	224.064	206.527	184.091	164.031	148.51	141.626	145.886	159.358	176.871	188.709	185.755	168.601	145.474	126.728	122.888	136.808	157.81	172.004	176.274	175.786	170.49	151.843	115.157	70.0471	
71.1942	107.889	140.662	162.137	169.863	167.978	163.831	166.222	184.481	218.273	248.799	254.248	235.135	210.942	195.332	188.046	184.236	182.429	184.93	189.634	186.964	172.729	157.419	155.497	170.253	191.396	203.91	201.74	193.309	190.524	196.446	206.771	219.26	236.457	258.121	275.096	276.653	263.243	245.89	232.693	221.739	209.842	200.491	196.769	193.417	183.927	172.159	167.595	170.997	176.384	182.103	188.105	190.053	184.531	175.279	170.323	174.553	188.659	211.743	238.841	260.973	272.269	271.688	259.993	243.126	231.732	230.307	233.821	237.424	241.609	246.275	247.259	241.884	236.502	243.329	262.038	274.297	266.99	245.413	218.602	190.726	168.813	162.535	173.118	192.107	212.984	234.085	248.585	246.952	231.594	212.273	191.769	172.89	166.41	177.434	197.311	213.766	218.597	209.79	195.086	189.21	202.563	230.821	254.502	256.168	238.875	216.813	196.259	179.081	171.464	178.004	195.969	217.487	232.041	231.559	216.057	191.828	169.018	159.88	168.693	185.228	196.942	202.472	205.08	199.541	175.191	130.547	78.96	
88.5742	129.772	164.693	187.08	195.896	194.988	190.527	190.927	205.512	234.793	262.903	270.697	258.132	242.302	234.8	233.111	229.665	222.901	219.268	220.711	218.045	205.935	194.525	195.983	207.997	218.853	220.895	215.641	211.481	215.854	227.216	237.482	244.215	255.003	275.195	295.706	301.025	288.697	271.184	258.459	249.614	241.982	237.473	236.146	231.368	218.63	205.322	201.358	204.092	205.807	207.546	211.616	212.622	207.155	201.758	203.993	213.75	228.165	245.779	261.775	269.336	268.033	261.962	252.542	242.042	236.437	238.239	244.916	255.568	270.477	284.324	288.049	278.988	266.992	267.416	281.534	292.045	286.972	271.364	250.424	223.904	199.52	190.72	199.432	215.536	232.622	251.486	267.905	271.467	259.268	237.411	211.329	188.201	179.982	191.026	211.748	228.866	234.598	228.699	217.85	213.128	224.372	249.992	272.544	274.841	258.741	236.838	215.509	198.388	192.775	202.423	222.435	243.74	257.609	257.974	243.882	220.506	198.144	187.163	189.133	195.7	200.123	203.791	206.801	200.047	173.623	129.34	80.4489	
98.6935	142.318	177.892	200.26	210.472	212.327	208.888	205.792	212.094	230.354	250.063	258.461	256.029	253.882	258.537	266.345	268.232	259.966	249.055	243.359	239.382	232.444	228.567	233.514	239.865	238.577	232.267	228.423	230.967	240.638	253.498	261.027	260.948	263.489	278.597	300.096	310.545	302.624	285.929	271.802	264.068	263.277	268.436	274.366	272.755	260.291	245.456	238.195	235.414	230.125	225.446	225.289	225.388	224.191	228.324	240.119	252.727	262.249	271.164	277.984	276.864	267.304	253.922	239.994	228.998	225.198	228.59	237.131	251.864	272.149	289.887	295.821	289.345	279.832	279.271	288.616	295.247	290.802	278.792	261.218	237.031	214.918	208.297	217.43	230.748	242.02	254.22	266.887	271.882	263.971	245.648	222.659	203.916	199.988	212.747	232.376	246.628	248.797	240.627	230.114	226.438	236.522	258.874	279.392	283.002	269.287	248.069	226.591	210.666	207.447	218.667	237.894	256.075	265.931	262.856	246.915	225.654	210.375	205.853	206.081	203.293	198.327	196.632	196.093	186.14	159.944	121.755	80.9978	
97.6174	140.439	174.456	195.603	206.787	211.644	210.257	205.747	206.869	217.009	229.23	236.713	240.981	247.593	259.657	275.843	287.8	286.073	273.88	263.096	257.98	255.516	256.612	261.596	261.765	252.504	243.685	244.756	253.424	264.415	274.555	278.601	274.855	272.528	282.259	301.199	314.147	310.601	294.326	275.987	265.691	269.251	283.538	298.653	305.073	299.137	286.654	275.838	265.926	253.79	243.524	238.09	235.477	238.3	251.728	270.211	281.282	283.605	286.299	291.563	291.526	280.213	259.618	236.88	220.626	215.222	217.995	226.337	241.417	261.071	277.508	286.113	289.579	292.452	297.338	302.528	302.229	293.728	278.963	258.665	234.902	217.158	214.732	224.546	235.13	241.348	247.19	254.246	257.104	251.563	239.047	224.574	216.607	222.983	241.839	262.342	273.634	270.025	254.475	237.692	230.209	237.001	255.26	273.554	279.419	270.652	253.908	235.228	220.141	215.772	224.619	241.072	255.558	259.895	250.996	233.062	217.19	213.675	220.542	224.394	216.771	204.014	195.57	189.028	174.244	147.989	115.885	82.5332	
89.6546	130.037	161.339	180.302	191.095	196.963	196.279	191.72	192.74	202.373	213.643	221.471	227.309	233.951	244.771	263.53	285.126	295.456	289.744	278.899	272.683	270.399	270.649	273.144	271.704	263.219	256.894	261.212	272.006	281.916	288.745	290.01	284.531	279.662	284.884	299.799	313.227	313.476	297.906	274.442	257.674	258.923	276.215	298.188	314.651	320.355	316.291	307.007	294.444	280.711	269.648	260.127	251.246	251.101	265.01	281.822	286.75	282.161	281.659	289.094	294.708	287.997	268.217	244.605	228.295	222.379	222.909	228.755	241.294	256.75	269.41	280.459	294.557	310.186	320.956	322.559	314.766	299.688	279.024	254.492	231.495	218.129	218.061	225.84	231.984	233.595	235.663	240.261	242.565	239.196	231.635	223.863	223.566	237.928	263.538	287.812	298.901	290.951	267.847	242.663	228.206	229.464	242.936	258.82	266.858	264.329	255.034	241.206	225.499	216.332	220.785	235.625	248.864	249.386	236.584	220.816	214.712	223.324	238.829	245.539	235.659	217.863	203.84	191.988	173.357	146.897	117.667	86.5708	
82.8401	122.39	152.593	169.801	178.728	182.959	181.092	176.67	179.785	192.707	206.933	215.986	220.143	222.102	227.621	244.694	271.378	291.539	293.353	283.55	274.387	268.64	266.142	268.87	273.404	273.59	271.574	274.651	283.544	293.487	300.851	301.381	293.249	283.985	283.95	295.003	308.334	310.629	294.538	266.203	242.195	236.862	251.299	275.869	299.958	316.206	321.888	318.782	310.899	304.176	300.336	291.466	275.081	264.724	269.563	277.739	274.526	264.02	260.013	266.334	275.083	276.885	269.183	257.709	249.321	243.984	239.914	241.227	250.342	261.525	270.589	281.88	299.537	318.693	329.979	328.78	317.239	299.399	278.043	256.419	239.017	229.147	227.114	229.373	230.32	229.131	231.476	239.322	246.398	247.696	243.404	235.744	232.27	243.232	268.321	294.616	307.468	299.348	274.059	244.477	223.969	219.333	228.386	241.857	250.116	250.857	246.804	236.882	220.698	208.211	211.409	228.826	245.157	246.263	234.077	224.437	229.609	247.336	265.051	269.249	255.649	234.303	217.776	205.342	188.508	165.103	136.383	100.87	
78.5526	119.134	150.895	168.641	176.622	179.635	178.147	175.913	181.123	194.88	209.2	217.198	217.972	215.239	217.316	233.214	260.725	283.034	285.963	274.01	260.852	252.805	251.529	259.672	273.812	283.605	285.193	286.308	293.92	306.451	317.697	319.669	308.838	293.455	286.658	293.346	305.085	305.756	286.113	253.643	225.516	215.042	224.998	248.756	275.492	295.717	305.669	307.566	307.32	312.352	321.278	319.125	299.694	280.004	274.685	274.442	265.312	250.932	242.88	244.457	251.779	260.002	265.684	268.152	266.909	259.43	249.191	247.111	255.998	267.004	275.333	284.949	298.134	310.702	316.372	312.524	301.65	288.001	275.434	266.027	258.051	248.996	240.379	235.208	233.268	234.34	242.334	258.453	275.359	284.941	283.323	269.667	252.258	246.967	260.369	282.71	297.846	295.297	275.777	248.423	225.313	216.288	222.138	233.075	238.05	235.525	230.245	221.619	207.769	197.972	205.43	228.764	250.641	255.742	247.327	243.581	256.182	277.879	292.576	289.597	269.693	245.41	230.383	224.532	217.782	202.488	173.209	127.746	
73.4143	114.425	148.332	168.636	178.748	184.815	189.273	193.838	201.156	210.686	218.839	222.362	220.168	215.858	218.303	234.674	259.721	276.461	273.479	257.587	243.447	237.92	241.744	255.579	274.969	289.259	294.479	298.577	308.478	322.398	334.932	339.013	329.173	310.447	297.134	298.694	307.714	305.353	282.163	248.371	220.636	208.377	213.903	233.597	257.552	275.492	284.447	288.109	292.715	305.273	323.278	329.162	313.8	293.451	284.515	280.546	269.786	255.263	245.688	243.181	246.404	254.163	263.73	271.089	271.081	260.192	246.376	244.818	257.184	271.454	281.543	289.647	295.992	298.737	296.954	290.722	282.13	275.4	274.603	277.911	276.454	264.838	248.4	236.949	235.689	244.221	262.34	289.691	319.299	339.765	341.164	319.099	283.203	255.263	250.135	264.106	281.54	288.551	280.948	262.53	242.447	232.152	235.667	243.549	242.642	231.382	218.782	209.138	200.842	199.214	213.863	242.034	266.785	274.591	269.515	268.609	282.61	303	311.937	300.158	272.891	246.136	235.238	240.362	247.425	240.377	207.912	150.727	
69.1213	109.222	143.283	164.924	178.286	191.373	207.492	223.656	234.2	236.403	233.519	229.987	226.904	225.763	231.621	247.643	266.444	273.001	261.628	243.734	233.58	234.266	242.3	256.151	273.529	289.07	301.495	314.286	326.656	335.232	341.704	346.03	340.472	322.292	304.411	302.077	310.862	309.967	288.917	258.488	233.679	220.703	221.211	233.604	250.226	263.02	270.812	276.724	283.69	295.915	312.497	320.501	312.157	299.233	293.329	289.177	279.603	268.232	260.405	256.37	255.854	259.879	267.701	275.717	277.096	266.63	252.577	251.073	263.483	277.355	286.965	293.643	295.925	293.274	288.4	282.334	275.371	271.41	274.943	281.884	280.901	267.174	247.444	233.481	234.135	249.96	277.712	315.477	356.329	385.88	389.872	362.377	313.499	267.63	246.139	251.615	269.766	284.949	290.348	285.328	273.612	264.423	264.963	269.69	264.601	245.637	224.668	212.764	210.523	217.931	237.744	264.993	285.818	291.81	288.633	289.867	303.154	319.576	321.452	301.321	268.114	240.064	232.911	246.075	260.778	254.242	214.68	149.544	
70.4671	109.619	141.358	160.883	175.399	195.668	224.941	254.494	270.289	266.987	253.295	241.797	238.378	242.532	252.358	265.749	275.529	270.893	251.914	233.861	229.765	237.148	246.648	255.658	267.963	286.379	310.178	333.268	345.09	342.981	338.389	338.878	334.641	316.278	295.716	293.265	307.422	315.3	302.828	278.014	254.878	240.54	237.206	242.744	251.205	259.071	267.671	277.806	286.783	294.017	300.767	303.263	299.403	295.531	294.431	290.455	282.305	275.126	270.692	267.538	267.059	272.304	283.633	297.56	305.62	299.093	283.172	274.407	277.642	283.66	287.856	291.21	291.939	290.162	288.889	286.621	280.147	273.077	272.064	275.203	273.615	263.19	247.171	233.928	233.465	249.165	278.779	319.96	364.493	396.383	402.074	377.813	331.544	282.922	254.01	252.435	267.488	285.443	299.844	306.479	302.306	292.547	288.135	290.665	287.558	269.822	246.472	232.181	231.629	242.417	260.959	280.417	292.226	294.637	294.489	300.609	315.5	328.394	323.232	297.131	262.623	236.478	230.901	243.734	254.704	240.242	192.959	126.751	
76.036	114.845	144.062	160.891	175.393	200.275	238.491	277.623	298.853	295.109	276.628	259.735	254.763	261.459	272.871	282.766	284.631	271.129	246.086	227.296	227.525	240.155	250.115	253.725	261.23	282.806	316.371	346.838	357.713	348.446	335.781	330.146	321.334	299.221	277.405	279.018	302.861	322.268	317.836	295.081	270.565	255.621	252.459	255.622	259.548	265.352	276.207	289.632	297.872	297.027	291.267	285.973	284.428	287.282	288.906	283.896	276.66	273.52	273.032	272.905	276.917	289.355	309.338	331.907	347.396	344.198	323.859	303.52	293.912	290.565	288.167	285.941	283.59	283.325	287.08	289.495	284.219	274.794	270.066	271.456	272.912	269.502	259.835	247.687	241.789	248.393	269.568	304.409	343.621	371.74	379.639	367.872	340.104	304.277	275.84	266.491	273.948	289.889	307.794	319.407	316.529	301.985	290.39	290.904	295.125	289.614	274.097	259.217	253.539	258.225	268.258	276.584	279.919	281.205	285.963	298.235	316.382	327.967	319.345	293.121	263.837	242.924	236.08	240.801	241.136	217.912	167.218	104.452	
79.7271	118.498	148.188	167.137	184.628	212.071	251.922	291.659	313.334	311.371	295.165	278.723	272.565	277.928	287.829	295.392	294.059	277.222	249.722	230.232	232.12	247.341	257.026	255.694	257.018	276.032	310.83	343.047	355.49	348.693	337.748	330.412	316.956	290.91	269.424	276.438	308.226	333.162	328.472	302.227	276.869	265.505	266.079	269.242	271.461	278.431	293.093	307.706	310.516	298.573	281.532	271.585	273.467	281.677	285.144	280.258	275.163	275.56	277.785	280.261	288.517	305.839	328.975	353.043	370.567	370.178	350.19	325.715	310.798	304.496	299.159	290.848	281.357	276.306	278.256	281.897	281.376	278.984	280.828	286.866	291.171	289.374	280.98	268.778	257.944	254.091	263.277	287.713	318.75	342.299	353.086	355.388	349.413	330.928	305.307	286.866	284.417	296.261	314.104	325.767	320.639	300.572	282.001	279.553	290.687	300.882	299.416	287.302	274.025	267.63	266.71	265.166	262.411	263.13	270.795	286.37	306.518	319.082	313.176	294.261	275.122	260.286	249.829	243.598	233.772	206.627	157.461	98.2099	
79.777	118.576	151.906	178.383	203.27	233.514	269.797	301.269	315.5	312.729	301.883	290.568	284.754	286.757	293.377	300.244	300.943	288.084	264.933	247.904	249.728	263.442	270.348	263.576	256.108	264.877	290.911	318.285	332.591	334.972	335.601	335.859	324.693	299.21	279.457	288.381	319.429	339.235	327.105	297.734	278.072	276.283	281.07	281.102	279.211	286.838	305.385	320.642	317.682	296.961	273.618	263.044	269.155	282.768	290.952	291.018	290.43	292.37	293.322	294.46	301.769	315.727	331.908	348.855	364.095	368.354	356.992	339.958	329.877	327.378	323.481	311.671	294.375	278.914	270.312	269.411	275.626	288.318	304.313	316.045	316.348	305.704	291.441	279.609	270.391	263.96	267.01	285.058	311.332	332.285	343.738	352.092	357.46	350.069	327.869	304.359	294.834	302.239	317.435	327.199	321.541	301.62	282.126	278.373	291.778	310.089	318.284	310.373	293.994	280.996	273.237	264.88	255.645	251.658	257.095	271.986	291.73	305.308	304.995	296.752	289.308	281.499	269.998	256.849	240.722	212.229	165.15	107.057	
79.836	118.762	155.461	189.095	221.747	255.393	286.808	306.259	309.092	303.379	297.578	291.746	286.154	284.362	287.909	295.331	300.89	297.075	284.517	274.239	275.544	283.566	284.433	272.47	257.184	253.823	266.711	284.687	297.284	307.346	321.43	334.05	331.146	311.644	295.574	301.979	323.31	331.57	313.106	286.915	278.762	288.364	295.491	289.418	280.582	285.033	302.872	316.892	312.368	292.38	272.218	265.213	274.718	292.92	308.159	316.141	319.671	319.406	314.583	310.099	311.825	317.974	324.806	334.917	348.985	358.05	355.358	346.872	342.805	344.959	345.453	336.419	317.554	293.718	272.223	262.672	271.665	295.884	321.811	333.529	324.192	301.697	281.971	274.279	273.904	273.928	278.733	295.742	320.149	338.612	346.423	350.488	353.542	348.442	331.645	311.999	301.965	304.915	313.784	319.078	315.317	304.006	294.037	294.56	306.176	320.593	327.116	320.95	307.698	296.396	287.3	274.203	257.732	246.523	246.84	257.937	273.58	284.673	287.46	288.08	292.076	295.474	292.105	281.414	262.752	230.735	181.974	122.43	
82.8137	122.436	160.104	195.812	231.327	265.368	290.362	297.962	291.536	284.664	283.475	282.133	277.408	274.054	276.751	285.537	295.573	300.593	299.556	297.645	298.834	299.377	292.706	277.938	261.173	252.449	256.345	265.287	271.894	281.248	299.473	317.992	321.94	311.679	303.8	309.52	320.831	319.902	301.118	281.761	281.895	296.559	303.674	295.051	283.733	284.053	294.561	301.847	297.615	286.84	279.342	281.258	294.096	313.736	332.02	343.301	346.25	340.48	327.962	316.152	311.542	312.318	316.067	326.962	344.297	355.969	353.797	343.854	337.587	340.074	346.369	346.844	334.652	309.357	279.963	262.703	268.948	294.482	320.296	326.326	308.412	280.966	263.802	265.604	277.645	287.805	297.18	313.166	333.061	345.647	346.4	341.342	335.717	328.52	318.376	307.742	300.477	297.846	297.069	295.109	293.35	295.407	302.699	313.278	322.659	326.468	323.222	315.191	307.114	301.128	292.618	276.359	256.231	242.405	239.775	244.888	251.436	255.034	256.794	262.787	276.813	294.792	307.666	307.585	289.559	252.089	198.383	135.801	
88.9177	130.635	168.488	202.285	234.277	262.169	277.311	275.158	264.96	260.452	263.949	267.521	266.889	265.957	269.806	279.519	291.983	302.896	310.477	315.259	316.148	309.817	296.953	283.225	272.877	268.705	271.385	274.52	272.703	272.39	281.381	293.66	298.179	297.118	301.46	312.54	320.891	318.048	303.867	289.933	290.021	300.698	305.878	301.09	296.163	297.291	299.726	297.065	290.88	288.681	294.764	307.314	323.046	339.148	352.069	358.668	356.955	345.502	326.365	308.263	299.521	299.51	306.43	323.882	347.764	361.522	354.815	335.042	318.436	316.567	327.981	339.354	335.806	313.02	282.345	262.688	266.014	288.248	309.533	309.238	286.562	260.642	251.611	264.839	288.557	307.871	320.405	331.77	341.904	344.662	337.647	325.517	314.045	305.944	300.764	295.385	287.086	276.77	266.085	256.758	255.421	268.715	292.827	315.133	324.708	319.848	307.584	297.076	292.849	291.282	284.039	268.051	250.822	241.98	241.533	241.867	237.89	231.175	227.628	233.437	251.909	280.273	307.7	319.41	305.16	265.201	207.627	142.158	
97.6108	142.481	181.005	211.694	236.237	253.197	257.955	251.901	245.584	247.416	255.741	263.849	267.913	269.492	272.845	281.054	294.005	309.422	324.371	334.593	334.72	323.046	306.787	296.666	295.884	300.699	305.861	304.611	293.964	281.338	275.728	275.776	276.222	280.346	293.451	309.634	319.022	319.308	312.404	303.576	301.222	305.431	308.171	308.768	313.608	321.539	323.462	315.977	306.437	304.631	314.43	331.517	347.454	356.888	360.178	359.917	355.28	341.525	318.581	296.907	286.969	288.211	298.354	320.372	348.816	365.299	356.756	329.214	302.897	296.412	310.872	328.178	327.799	305.899	277.152	260.082	264.262	285.378	304.268	300.672	275.895	252.094	249.222	269.54	299.513	323.645	336.934	342.537	342.961	337.823	327.252	314.316	303.126	295.848	290.786	282.601	267.87	249.456	231.312	216.458	213.58	231.721	265.402	295.846	307.578	300.123	285.053	274.777	273.984	277.344	275.255	264.826	254.262	252.571	257.169	257.729	248.415	232.705	219.647	217.686	231.643	260.112	292.234	310.946	302.978	266.575	209.514	142.98	
106.496	153.051	191.017	218.42	235.839	243.124	242.211	240.428	245.812	258.817	273.41	283.884	287.629	285.934	284.087	287.928	299.902	319.071	341.153	356.984	357.545	343.808	327.47	320.26	324.594	334.323	340.077	334.179	316.858	297.16	283.302	275.561	271.835	274.662	285.616	297.833	304.674	307.381	307.571	305.7	305.735	309.077	311.959	315.587	326.403	342.565	352.273	348.664	337.021	327.998	330.575	344.677	358.952	363.176	359.272	355.452	352.061	339.978	316.734	294.808	285.453	286.381	294.4	312.983	338.832	356.36	351.519	326.267	299.852	293.573	309.353	326.318	322.994	299.295	273.041	260.956	268.729	290.515	308.395	303.81	279.005	256.572	255.601	276.098	304.002	325.481	335.664	336.942	333.867	329.212	323.181	316.163	309.217	302.188	292.907	278.014	256.649	232.33	208.59	188.92	182.865	200.109	235.3	268.459	282.693	277.368	264.151	255.464	257.457	267.044	274.463	273.354	268.616	269.639	276.869	281.127	273.428	253.61	231.459	219.344	224.563	245.791	273.227	292.506	290.395	260.903	208.007	142.891	
110.271	154.543	189.284	214.244	229.067	233.126	232.729	239.408	258.829	285.339	308.196	319.829	318.405	308.218	298.55	297.564	307.362	326.346	350.224	368.572	371.44	361.338	349.155	342.553	344.083	351.28	355.03	346.611	328.383	310.798	299.797	293.482	288.664	285.313	284.055	282.863	280.99	281.243	284.379	289.024	296.365	306.217	313.927	319.686	331.658	351.9	369.179	371.879	359.875	343.748	338.44	349.112	362.948	365.39	358.105	352.674	350.924	341.537	320.217	299.519	289.585	286.427	286.936	296.17	314.662	331.916	334.932	321.026	303.659	301.365	316.364	329.534	322.485	298.644	277.023	271.928	284.433	305.895	320.801	315.183	292.354	272.44	271.788	288.513	308.617	320.714	322.613	318.965	316.586	318.488	321.874	323.136	320.787	314.126	302.424	284.941	261.695	234.253	205.504	181.264	171.843	185.301	216.647	248.511	265.253	264.486	254	244.09	244.13	256.339	271.775	279.403	278.859	279.056	285.125	291.699	288.049	269.926	245.971	230.133	230.198	243.944	263.293	278.488	278.037	252.863	204.011	142.02	
104.842	143.786	174.779	199.964	217.664	224.695	227.859	240.592	268.491	304.263	334.675	349.253	344.961	328.457	313.251	309.065	315.317	327.585	343.289	357.334	363.766	363.642	359.9	352.484	345.832	345.651	346.873	340.484	328.989	322.025	322.196	324.113	321.239	310.194	292.912	274.784	260.821	254.117	255.453	264.492	281.085	301.392	316.865	325.481	336.082	353.388	368.9	371.713	360.174	343.705	337.817	348.717	363.663	367.053	359.444	352.561	349.898	341.157	320.851	299.215	284.944	274.86	267.737	270.244	285.377	305.499	317.772	315.379	305.472	303.007	312.662	321.522	315.634	298.205	285.405	288.616	305.532	325.634	337.186	332.17	314.236	298.799	298.631	311.243	323.254	324.593	315.67	304.644	300.943	307.406	317.764	323.912	323.202	317.687	308.902	295.364	274.753	247.236	217.174	192.525	181.87	189.669	212.301	238.597	256.853	262.016	254.765	241.017	233.759	242.136	259.623	272.51	276.303	277.469	282.14	287.854	286.068	272.866	254.797	242.244	240.835	249.413	262.786	273.305	269.847	243.32	195.624	137.121	
92.2342	127.317	158.68	188.006	210.612	220.965	225.613	238.581	266.085	302.399	336.497	357.633	359.069	344.621	328.493	321.705	322.213	322.907	324.017	330.452	343.227	358.052	364.991	356.364	340.145	330.558	328.245	326.371	326.954	335.736	350.438	362.575	362.553	344.066	311.472	277.664	252.196	237.899	235.999	247.936	272.745	302.657	325.553	338.188	348.251	358.714	363.315	358.138	346.06	333.567	329.955	339.935	354.825	361.539	357.736	351.285	346.361	336.07	315.145	290.74	270.843	255.357	245.331	247.746	266.072	292.349	311.281	312.408	299.83	288.401	287.814	293.282	294.509	289.544	286.898	295.3	313.485	332.909	345.953	347.892	339.608	330.654	331.523	341.305	347.945	341.503	323.776	305.354	297.074	302.499	314.376	320.867	318.035	311.823	306.203	297.091	279.881	256.405	233.104	215.722	206.709	206.577	215.359	230.756	247.291	258.208	256.351	241.637	228.738	232.387	248.781	263.718	271.26	275.646	280.836	284.605	281.909	272.212	260.233	250.409	245.997	250.077	261.147	269.6	261.954	231.287	183.008	127.697	
80.5247	117.711	156.394	193.132	218.454	227.125	228.413	236.933	257.744	286.827	319.179	347.65	361.254	356.367	343.206	333.256	326.021	314.692	303.247	306.209	329.331	359.999	376.317	366.883	342.775	322.722	313.35	313.896	326.609	350.892	378.558	399.313	402.061	378.246	334.368	289.696	256.952	237.575	232.065	243.049	269.919	303.777	332.041	351.308	365.901	373.348	367.351	351.937	336.597	324.472	317.346	320.158	332.014	343.945	348.727	346.696	340.683	328.839	308.746	284.936	264.034	248.139	238.883	242.393	262.947	292.266	311.765	308.428	286.934	264.178	253.41	256.236	265.445	272.264	275.555	282.627	297.791	317.797	337.632	351.601	355.344	353.408	356.313	365.908	370.802	360.211	337.267	314.417	301.755	302.774	311.959	316.744	311.52	303.492	297.881	289.817	275.533	259.671	248.281	241.319	234.257	225.43	219.437	221.836	233.226	247.392	252.277	242.421	231.246	235.388	252.286	267.707	276.205	282.467	289.375	293.071	288.612	277.23	263.919	250.737	240.281	239.459	249.506	258.023	248.665	216.174	168.338	115.784	
78.9315	124.398	174.101	217.17	240.503	242.974	239.292	243.741	257.091	274.979	298.979	328.35	351.093	356.729	348.936	337.401	324.199	305.816	290.084	296.193	329.322	369.613	390.736	382.624	355.451	325.639	305.384	303.553	323.477	357.362	391.979	417.263	422.447	397.578	350.255	303.567	270.844	250.25	240.297	244.502	264.355	293.98	324.14	351.447	375.139	386.668	378.182	357.486	337.442	319.396	302.204	293.669	300.518	318.055	334.711	341.53	337.385	325.92	310.104	292.655	277.001	264.698	256.413	257.566	274.208	298.944	311.973	301.28	274.632	248.582	233.791	233.997	245.86	257.357	260.463	262.156	272.65	293.183	318.939	341.617	352.712	354.244	358.598	370.297	376.759	364.832	339.326	315.387	301.082	297.146	300.563	303.145	300.048	295.861	293.405	288.419	279.645	271.955	268.24	265.203	256.945	242.086	226.89	219.751	224.875	238.51	247.879	244.237	237.867	244.739	263.101	278.834	286.938	294.12	304.57	312.114	307.305	289.689	267.189	245.396	227.865	221.675	229.057	237.777	230.438	200.676	155.164	104.57	
90.0627	144.757	201.127	243.405	259.799	256.333	252.377	258.762	269.098	276.32	286.457	306.161	327.603	338.346	336.473	327.892	315.588	299.142	287.799	299.244	335.033	373.991	394.734	391.01	366.707	330.81	300.383	294.428	316.806	352.964	386.666	409.899	414.095	390.061	346.041	305.317	279.128	262.283	251.328	249.355	259.01	278.869	305.386	336.229	366.573	383.977	379.374	360.211	338.152	313.724	286.906	268.379	269.399	289.64	316.547	333.524	334.138	325.956	317.242	309.357	301.858	294.658	287.995	287.14	298.092	313.207	314.874	297.548	273.448	254.609	243.225	241.117	249.219	257.583	256.715	253.595	260.787	280.579	307.087	330.797	341.728	340.834	342.378	353.405	360.351	347.949	322.206	300.283	287.65	280.506	277.582	278.724	283.464	292.056	301.448	306.654	306.993	303.833	296.984	286.967	274.364	259.068	243.483	232.816	232.264	241.612	250.426	248.512	242.325	246.859	263.283	279.323	289.206	299.763	316.402	331.016	328.551	305.081	271.679	240.096	216.001	204.403	207.301	215.341	212.229	188.457	146.768	97.6122	
106.173	164.722	218.413	251.815	259.084	253.402	255.428	270.044	283.508	285.213	282.521	287.746	299.988	309.675	312.495	310.769	306.211	298.316	293.823	305.993	334.917	364.634	382.454	384.027	365.268	329.178	297.094	293.524	319.288	353.7	379.789	393.017	389.028	362.336	321.639	287.154	267.946	258.854	255.332	256.861	262.967	273.728	291.133	316.838	345.872	364.461	363.324	348.985	330.505	306.954	278.367	254.985	249.175	264.983	292.957	314.341	319.671	317.732	318.427	320.881	321.706	320.52	318.647	320.635	328.978	334.312	324.477	303.378	286.445	279.168	275.036	272.41	274.34	275.386	269.326	263.163	267.857	284.784	308.435	330.276	339.42	334.032	327.838	330.41	330.901	315.887	291.792	274.173	265.399	258.474	252.968	255.404	270.305	294.848	320.123	338.422	346.54	341.343	322.873	300.738	284.793	274.752	265.575	256.26	251.017	252.973	256.369	251.779	241.559	238.96	249.557	265.193	278.696	293.945	316.036	336.785	338.471	313.897	274.511	236.42	208.112	192.922	191.501	197.406	197.444	180.155	143.568	96.3901	
117.492	173.248	217.636	239.134	238.572	233.387	242.438	265.34	284.709	288.311	282.271	280.021	285.326	292.744	298.537	303.557	307.36	306.115	302.206	306.593	322.622	341.726	356.4	360.633	346.153	316.503	295.795	305.647	338.88	370.271	385.197	383.955	367.461	335.045	294.582	261.185	243.816	241.781	250.868	265.19	277.634	284.814	291.41	305.468	325.857	339.261	337.295	327.387	317.398	304.021	283.676	262.08	249.906	254.18	270.791	285.608	291.344	296.23	307.162	319.271	327.457	332.912	338.347	345.638	352.305	349.149	332.076	312.694	305.327	308.945	312.754	312.893	311.175	305.39	294.406	284.865	283.975	293.239	311.397	333.071	345.184	339.649	326.09	315.973	304.852	285.267	263.327	249.484	243.579	238.999	235.585	241.71	264.44	300.124	336.341	361.888	370.544	358.396	329.833	301.657	287.145	283.418	280.839	274.775	266.597	259.944	254.854	246.325	233.977	226.985	232.545	246.502	261.337	277.622	299.865	322.283	328.458	309.04	272.638	235.745	208.402	192.812	188.044	190.042	190.165	177.631	146.402	101.464	
123.531	174.43	209.066	220.294	214.173	209.383	221.089	245.841	267.933	277.599	279.297	282.83	291.053	299.939	307.332	315.293	322.075	319.681	307.537	298.151	300.306	310.391	320.982	323.461	311.069	292.425	290.863	318.283	358.202	384.999	389.836	378.277	355.156	322.111	283.581	248.899	228.478	228.21	246.263	273.608	297.043	306.475	304.978	306.007	314.002	318.009	311.929	305.084	304.916	305.554	298.625	284.504	270.433	262.67	260.979	260.147	260.161	268.847	287.519	306.181	318.724	328.932	340.34	350.783	354.053	344.514	326.48	315.019	319.514	333.09	344.07	348.533	346.788	338.419	325.406	311.843	300.513	295.324	302.944	323.316	341.298	341.285	326.405	308.32	289.419	268.768	250.873	239.656	233.951	230.902	230.945	240.603	266.742	305.819	343.575	366.101	367.178	348.039	318.896	295.648	285.345	282.447	280.925	278.244	270.927	257.99	243.557	230.428	219.457	214.491	218.996	230.246	242.552	255.331	272.74	292.706	303.085	294.058	269.809	243.123	221.954	207.014	198.011	194.788	193.31	183.983	157.19	113.27	
129.724	178.475	206.777	210.997	201.5	196.484	206.336	226.042	244.97	259.028	272.39	289.604	308.559	322.802	330.562	336.722	340.483	331.622	308.888	287.266	279.136	282.553	287.983	285.722	273.702	264.906	277.988	314.423	352.978	372.595	371.56	359.755	343.351	321.461	291.886	258.916	234.998	231.891	251.416	284.898	316.39	329.861	323.873	313.732	309.214	303.727	293.67	288.567	294.713	304.825	308.597	304.127	294.78	281.477	263.979	246.409	238.233	247.301	268.934	288.669	300.28	310.292	323.3	334.602	336.441	326.463	313.091	310.846	325.04	345.452	359.522	364.197	362.336	356.675	348.133	334.135	312.528	290.604	283.643	297.905	318.574	325.098	314.04	295.333	276.929	263.22	255.229	249.017	242.747	239.38	241.741	253.851	280.543	317.676	349.62	361.398	350.432	326.471	303.516	289.241	279.904	270.791	266.168	268.411	267.475	253.998	232.819	214.811	205.632	205.331	211.293	220.501	230.35	239.972	251.952	267.473	280.134	281.401	271.477	257.579	242.901	226.435	211.102	202.542	200.478	194.88	172.064	127.996	
135.962	185.11	211.137	212.853	203.38	199.215	206.308	219.387	233.068	248.123	268.675	295.654	323.336	342.457	349.803	351.929	350.628	336.778	309.398	283.078	270.573	270.782	272.827	266.946	254.961	250.655	266.332	297.562	325.198	335.299	331.536	326.448	325.955	323.176	307.636	280.593	256.974	251.957	269.499	302.058	334.267	348.582	339.766	321.682	307.866	296.712	285.445	280.765	287.268	298.52	306.117	309.16	307.63	295.45	270.27	243.345	231.356	240.425	260.291	275.248	281.46	287.51	298.904	311.479	317.63	314.044	306.308	306.413	320.612	340.129	350.851	349.845	345.858	346.467	348.515	340.516	315.796	283.917	265.432	271.158	289.146	298.652	291.764	275.45	262.051	260.753	267.855	269.897	263.388	258.149	261.709	276.308	303.575	337.77	361.835	360.641	336.776	308.449	290.755	281.283	267.718	249.752	242.31	251.04	259.609	251.264	229.739	210.601	203.179	205.782	212.771	222.283	234.081	245.3	255.103	266.221	277.066	281.227	277.345	269.465	257.356	238.221	216.815	203.326	201.027	199.48	181.027	137.791	
137.67	187.344	215.012	219.85	214.259	212.672	219.289	229.971	242.032	256.688	276.061	300.218	325.387	343.794	350.631	350.66	347.116	334.213	311.123	288.256	276.148	275.669	277.363	272.063	262.361	258.943	268.198	285.244	297.617	297.934	292.014	293.002	306.297	319.778	316.533	296.757	277.566	274.768	291.351	319.546	346.578	358.12	348.045	327.153	309.961	298.501	289.415	285.272	289.077	296.249	301.451	306.006	308.463	298.712	273.33	247.164	238.72	249.393	264.509	271.625	272.398	275.738	285.673	299.667	311.437	314.155	307.147	300.073	303.958	315.54	320.492	314.595	310.144	317.638	329.967	330.153	310.416	280.693	260.37	260.019	271.486	278.925	273.99	260.513	253.029	264.266	285.786	294.955	286.649	277.883	281.86	299.207	327.631	359.747	377.608	365.845	331.16	298.332	282.591	273.824	254.752	229.285	219.007	230.771	245.217	243.077	227.749	214.936	212.232	215.753	221.402	231.911	248.686	265.399	277.151	286.024	292.197	291.061	283.045	273.871	263.127	245.106	221.261	202.195	195.579	194.284	179.269	139.027	
133.813	184.966	218.676	230.94	230.382	231.232	239.733	253.158	267.842	281.221	292.045	302.11	314.12	325.748	331.889	333.191	331.83	325.36	313.213	300.138	292.213	291.604	292.887	289.749	283.81	280.256	280.832	283.579	283.512	277.071	269.026	271.182	289.032	309.484	313.18	299.023	284.085	283.517	299.126	323.313	346.132	356.775	349.317	331.629	317.305	310.24	306.533	305.289	307.674	309.842	308.505	307.701	307.769	298.836	277.27	257.579	255.864	268.346	278.208	278.444	276.633	280.309	289.519	302.015	313.547	315.967	304.605	287.37	278.911	281.876	284.138	279.577	278.567	290.144	305.605	309.61	298.486	281.09	269.163	267.522	270.944	271.91	266.437	256.708	256.183	277.611	308.659	321.359	310.616	298.772	302.667	320.86	347.573	375.535	388.703	372.072	332.968	298.216	282.998	274.122	252.181	222.164	207.458	215.526	227.994	227.731	219.578	217.515	223.46	228.504	230.374	238.359	257.199	278.576	294.096	303.53	306.344	299	285.25	274.958	269.101	258.346	237.568	213.854	198.382	190.697	174.656	136.561	
126.41	182.33	225.567	245.641	247.329	247.593	257.036	273.833	291.324	301.922	301.686	295.879	294.04	298.549	304.519	309.256	312.985	315.323	316.723	317.991	318.955	318.767	315.706	309.768	303.694	298.019	291.46	285.452	279.955	271.597	262.106	261.392	275.999	295.686	301.705	289.991	274.796	271.166	283.074	305.99	331.511	347.94	347.475	336.26	327.866	327.883	332.091	336.241	338.931	336.487	327.553	319.294	315.41	307.328	289.733	274.413	275.361	287.141	293.095	289.52	286.841	291.236	299.342	307.658	313.723	311.57	296.374	274.001	258.636	256.127	258.018	257.777	261.119	272.139	282.358	283.854	280.544	279.097	280.43	281.262	277.936	270.829	262.651	256.752	263.419	291.181	325.693	340.521	332.509	323.397	327.915	342.55	360.939	379.19	387.124	371.836	336.998	304.723	289.235	280.05	259.593	230.815	213.567	214.791	219.743	215.682	209.863	216.084	231.894	241.4	239.726	240.787	255.276	276.284	293.062	303.183	305.65	297.26	282.815	274.175	274.012	272.599	260.982	240.409	219.582	202.1	178.122	136.578	
118.074	180.512	232.644	257.253	257.149	252.912	259.298	275.645	293.288	300.956	293.084	278.004	269.492	271.832	280.431	291.254	302.346	313.198	325.884	340.793	352.338	353.117	342.336	327.515	315.552	305.445	294.858	287.038	282.704	275.842	265.413	260.887	270.108	285.445	289.312	275.297	255.221	244.906	252.273	277.196	311.169	337.815	345.438	339.49	335.633	342.351	354.817	364.349	366.839	360.367	346.68	335.085	330.546	323.685	306.275	288.386	285.364	294.174	299.108	295.674	293.321	297.933	305.146	310.019	311.406	306.822	292.448	271.189	253.972	247.438	247.307	249.349	255.623	263.716	264.995	260.506	262.214	273.977	286.632	290.665	283.728	270.616	258.691	254.175	264.558	292.377	323.789	340.221	341.53	342.091	348.487	356.255	362.682	369.109	371.619	360.22	333.75	306.04	289.548	280.649	267.289	248.016	233.527	228.383	223.989	213.805	206.787	216.862	240.442	256.785	255.479	250.309	256.755	271.273	283.159	290.335	293.147	287.682	275.627	266.89	266.504	270.297	271.611	265.206	249.393	224.851	188.862	138.689	
111.75	177.998	234.118	259.553	256.441	246.707	247.543	260.453	276.975	284.321	275.58	259.208	249.905	253.47	267.546	287.909	308.41	325.079	341.099	359.858	375.333	376.093	360.081	338.321	320.485	306.288	294.857	290.208	290.758	286.885	276.409	270.142	276.368	286.68	283.532	261.809	234.982	220.021	226.258	255.076	296.488	330.036	341.526	336.836	334.332	345.204	363.164	374.751	374.39	364.312	350.439	341.664	339.673	332.352	311.02	287.648	280.467	288.641	296.406	296.619	296.293	301.368	307.836	310.646	310.717	308.278	298.684	280.822	262.725	252.229	248.907	251.27	259.74	266.812	262.358	253.066	256.57	275.044	293.156	298.58	290.574	275.132	260.231	253.648	261.464	282.333	304.993	319.968	329.688	339.719	348.188	351.565	352.105	353.491	353.115	343.033	321.112	296.252	279.465	273.512	271.886	267.362	258.69	247.452	233.878	219.678	213.394	225.343	251.874	273.547	277.389	272.189	271.727	275.064	275.75	275.683	277.091	274.247	263.881	251.978	245.811	249.17	260.926	271.004	265.833	239.675	194.885	137.699	
106.944	171.295	225.57	250.431	247.206	235.736	233.827	245.472	263.308	274.361	270.226	256.431	246.727	250.579	270.477	301.481	330.656	348.381	357.894	366.958	374.902	372.97	357.91	337.705	319.534	303.67	292.511	291.57	297.502	298.52	291.976	289.055	296.713	303.663	291.935	260.607	228.206	212.934	221.843	253.208	294.468	324.519	331.066	322.675	319.408	332.084	351.376	360.397	354.18	340.594	330.24	329.046	331.063	321.668	297.244	274.604	271.452	284.419	296.429	299.383	299.544	303.262	307.509	308.892	310.767	313.698	309.795	294.313	275.373	263.97	261.171	264.62	274.498	283.2	279.304	268.726	270.054	286.733	303.582	308.158	300.201	285.258	269.86	260.975	263.444	274.801	286.883	296.077	306.153	318.406	328.466	335.184	341.764	347.586	346.287	332.472	308.94	285.192	270.406	269.097	277.793	285.387	281.598	266.075	247.596	234.975	233.089	244.584	266.339	287.261	297.5	297.681	292.808	283.32	270.87	262.664	261.051	258.625	249.409	236.195	226.218	227.251	241.69	258.368	258.994	234.546	188.803	131.455	
100.406	156.887	204.658	229.214	230.659	224.198	226.263	242.038	264.624	281.172	282.124	270.166	259.199	263.727	289.873	329.184	362.242	376.512	375.281	368.474	361.651	353.049	340.333	325.938	311.585	296.585	284.996	283.907	292.067	299.719	303.117	309.446	322.136	328.795	313.017	277.723	245.082	233.344	245.588	275.077	307.237	323.513	316.678	299.668	293.321	305.205	322.272	326.64	315.24	300.555	296.792	305.431	311.533	300.392	277.838	264.79	272.484	290.883	302.546	301.963	297.427	296.605	298.179	300.927	308.474	318.232	318.462	303.895	286.347	280.295	284.261	290.148	298.154	306.256	304.681	294.214	289.528	297.321	308.202	311.344	304.55	291.701	278.911	272.519	275.161	282.405	287.252	288.901	292.312	299.726	310.533	326.34	345.314	357.153	352.101	331.134	305.122	284.904	275.004	276.664	287.927	299.037	297.552	282.873	268.413	264.4	268.065	273.857	282.132	294.964	308.869	315.326	307.976	288.535	267.171	254.143	249.863	246.98	240.534	231.578	224.268	224.354	234.333	245.884	244.385	221.846	180.038	126.267	
93.5566	139.281	178.286	202.93	212.752	217.201	228.505	250.543	276.787	295.682	298.063	286.578	277.669	289.017	324.186	367.422	397.131	405.301	396.932	379.286	358.769	339.615	323.29	310.029	298.386	286.052	274.37	269.324	274.762	287.182	301.585	317.706	334.434	342.081	329.536	301.776	279.038	275.41	289.395	311.927	330.619	331.687	311.354	284.203	271.011	277.322	289.285	290.759	279.683	268.998	273.23	289.595	297.471	285.692	269.37	268.888	284.857	301.287	304.427	294.923	284.195	280.223	282.226	290.141	305.883	322.207	324.814	310.748	296.304	297.726	309.445	316.431	317.892	318.998	315.217	303.343	292.183	290.636	296.405	300.865	298.141	289.213	281.38	282.516	292.797	303.524	306.808	303.976	301.143	302.039	311.219	333.306	359.868	371.377	358.64	331.512	306.886	293.662	289.908	292.125	299.557	307.487	306.612	297.175	292.913	299.969	306.302	301.294	292.313	295.006	311.373	324.312	317.494	293.92	269.944	256.488	252.103	250.887	249.836	248.325	246.194	245.236	247.775	250.7	245.403	224.452	185.198	131.381	
91.1138	128.596	160.745	186.505	206.027	223.275	243.837	268.314	292.052	307.701	308.647	299.244	298.564	323.48	368.95	410.611	430.154	430.55	420.777	402.019	374.759	344.908	318.724	298.532	284.51	274.795	265.788	258.622	259.946	272.208	290.653	309.706	325.256	332.017	326.231	314.503	310.686	319.529	333.928	346.874	353.928	347.567	322.89	289.865	267.761	264.599	270.999	273.672	268.255	263.204	270.749	286.935	291.989	280.486	271.797	280.246	296.287	302.967	294.687	279.528	269.919	269.821	275.358	287.168	307.812	328.508	334.026	322.035	308.802	310.126	320.613	323.821	317.21	308.825	299.02	284.243	269.569	264.584	271.448	282.299	287.275	284.599	282.841	291.282	308.232	322.608	327.563	326.866	325.387	323.746	328.009	346.56	370.072	376.492	358.782	330.698	309.117	300.074	299.115	300.79	304.423	309.037	309.272	306.064	310.785	324.16	328.064	311.656	290.176	288.692	311.264	333.368	330.816	307.224	283.42	271.488	269.803	273.387	278.781	282.406	280.98	275.358	270.551	268.881	264.451	246.114	205.644	145.878	
93.5827	128.072	158.064	186.672	214.831	242.296	268.12	289.624	305.635	315.53	316.458	312.902	323.165	360.485	411.346	446.134	452.337	443.728	433.97	419.469	393.115	358.514	323.657	293.35	272.959	265.004	262.63	259.531	259.134	266.311	279.848	295.099	307.186	312.342	311.468	313.553	327.23	347.376	361.469	366.684	368.19	363.71	343.832	310.476	281.358	270.778	276.37	285.243	286.33	281.177	281.093	286.938	285.55	275.261	272.425	283.123	292.988	289.739	276.991	267.438	269.796	279.325	286.69	294.794	311.709	332.486	343.018	337.697	325.247	317.517	314.912	308.688	296.542	283.333	269.24	251.778	236.466	234.455	248.881	269.059	281.497	284.5	287.989	299.389	314.802	325.955	331.787	338.289	345.806	347.255	345.25	351.87	364.991	368.022	353.732	330.211	308.803	295.9	291.548	291.9	294.277	297.802	300.081	302.973	314.57	330.851	331.372	307.849	281.665	282.696	314.878	348.124	351.703	328.593	303.666	291.846	292.423	300.229	309.477	313.026	306.346	292.994	282.724	281.38	281.815	266.853	223.761	157.162	
99.1412	134.362	165.722	197.809	231.211	263.064	289.039	305.431	314.66	321.992	326.917	330.812	347.592	387.178	433.704	458.602	453.75	437.063	424.563	412.234	390.219	359.332	324.739	290.482	266.793	262.22	268.856	272.282	269.223	266.351	270.335	282.126	295.949	303.911	305.638	312.202	331.653	354.484	366.311	368.152	370.769	373.066	360.502	329.08	296.772	284.428	295.155	313.351	318.921	306.859	290.927	281.966	275.126	267.382	266.854	274.011	276.374	268.652	260.641	264.968	283.124	301.135	305.877	303.778	309.301	324.102	338.989	345.384	339.854	325.169	307.413	290.5	276.019	263.591	249.193	230.929	217.343	222.064	246.358	273.348	286.617	288.87	293.543	304.046	312.771	316.272	320.873	333.783	350.516	356.919	350.238	344.316	346.916	350.005	343.958	326.946	303.845	283.699	273.702	272.721	274.94	277.33	280.109	287.891	306.844	328.758	331.001	306.373	279.644	283.592	322.816	364.527	372.865	349.015	321.065	306.878	306.06	312.921	320.494	319.702	306.212	287.132	275.29	276.33	280.596	267.962	224.608	156.754	
108.67	146.456	180.269	214.363	247.426	275.517	295.949	308.164	317.26	329.305	341.142	349.009	362.875	392.2	425.229	440.033	430.706	411.552	396.172	382.534	363.878	341.247	316.226	289.179	270.513	271.716	284.995	290.148	278.835	261.985	256.592	269.521	292.198	309.039	314.288	319.108	333.515	349.841	356.568	357.148	362.527	369.97	362.558	334.193	302.395	290.724	305.961	331.422	340.542	323.084	295.31	277.264	270.201	266.614	266.196	268.163	265.522	258.042	256.908	271.805	298.142	317.606	317.501	306.208	299.466	303.824	318.647	337.03	344.947	333.712	310.411	288.565	274.309	264.217	251.815	236.648	228.853	241.169	271.063	296.634	301.284	294.534	294.986	303.289	307.939	307.456	311.541	326.788	346.524	354.573	344.927	330.978	326.843	330.61	331.112	320.654	299.945	278.099	265.902	264.74	267.047	267.136	266.577	273.753	295.865	322.956	330.417	309.617	285.017	290.149	330.737	374.263	383.216	357.7	327.426	311.176	306.745	307.428	307.723	300.28	282.606	263.835	255.725	259.842	264.957	253.527	214.022	151.485	
122.152	163.772	199.906	233.422	260.271	276.676	285.836	294.532	309.851	332.526	351.249	357.593	361.215	373.49	389.117	395.796	389.954	377.981	365.989	352.464	335.634	319.922	306.817	293.145	284.084	289.231	302.496	303.162	281.32	252.084	240.56	257.462	290.921	318.613	329.569	333.024	339.991	346.94	347.02	344.216	346.896	352.325	346.708	323.995	296.651	284.992	298.921	326.156	339.891	326.289	299.83	283.05	280.092	281.185	281.555	281.137	277.319	271.516	272.935	287.929	309.851	322.635	317.806	303.265	290.365	286.236	297.571	321.768	340.405	338.167	320.484	302.7	291.21	282.14	272.086	264.461	266.787	284.098	309.464	322.894	313.376	295.702	290.195	296.495	302.224	305.32	313.455	330.329	348.894	354.876	342.126	323.177	314.653	317.731	322.023	319.463	307.847	291.49	280.156	278.503	280.484	278.012	271.015	269.82	284.588	307.913	317.324	303.512	286.595	295.178	333.096	370.624	375.033	348.792	320.9	307.123	300.837	293.669	283.901	269.828	252.263	240.094	240.653	249.506	254.577	243.715	209.065	152.657	
132.627	177.945	215.712	247.152	265.904	268.522	264.616	269.244	290.641	321.824	343.452	345.796	340.506	339.8	342.55	345.575	348.89	350.762	347.589	336.845	321.182	308.887	303.88	301.478	300.224	305.369	313.672	308.549	280.886	246.609	233.876	255.307	296.922	332.681	349.047	352.914	354.343	352.763	345.127	335.141	328.782	326.019	320.34	306.837	289.357	279.862	289.249	313.116	330.498	326.642	310.62	300.701	301.445	305.127	307.178	307.623	304.607	299.111	298.4	306.615	317.524	320.299	311.994	299.608	288.982	283.905	291.744	312.132	329.611	331.861	323.866	315.9	309.056	299.59	290.597	290.879	303.089	321.018	334.24	331.373	311.372	289.796	281.895	286.511	294.637	304.376	319.69	340.907	360.41	365.565	350.772	327.844	314.589	315.032	321.539	327.009	325.295	314.13	301.779	297.613	299.104	295.662	282.895	270.382	270.684	281.325	287.07	281.74	278.69	294.647	327.032	351.667	348.01	324.415	305.542	299.589	294.754	282.05	264.595	247.39	234.198	231.919	242.946	257.491	262.372	249.997	216.162	161.014	
131.046	177.397	215.546	245.862	260.628	255.404	243.226	244.662	267.417	298.606	316.672	315.339	308.373	305.945	306.469	311.415	323.749	336.397	339.029	329.853	315.599	306.076	306.059	310.888	315.191	320.087	323.947	315.355	287.568	255.2	245.405	270.829	316.078	354.124	372.269	376.121	373.053	363.313	347.137	329.097	313.575	302.874	297.933	296.68	295.156	293.605	298.926	314.207	328.532	330.111	323.165	319.106	320.464	322.595	323.727	323.934	320.167	312.755	308.722	311.407	314.934	312.056	303.564	296.312	293.1	293.096	298.198	307.223	312.626	311.9	311.01	312.557	310.624	300.788	290.575	292.949	308.569	324.642	329.487	319.845	301.685	286.523	281.404	284.843	292.853	304.816	323.108	347.475	369.977	377.747	364.522	340.291	322.715	319.221	326.003	335.534	336.685	323.463	306.226	299.463	302.534	301.33	287.05	267.855	256.569	254.134	254.291	257.024	268.897	291.932	316.061	325.187	313.859	295.879	288.436	290.958	289.25	276.289	258.577	244.201	237.308	242.555	259.685	276.621	279.683	263.863	227.354	169.77	
118.979	162.843	199.332	229.84	246.437	241.908	228.885	229.977	251.452	277.352	288.295	283.716	279.637	283.446	289.617	298.553	314.124	328.265	329.814	320.326	309.817	306.634	313.358	325.317	335.425	341.218	341.346	329.699	303.764	276.69	271.414	297.783	339.527	372.114	387.205	389.994	383.731	368.386	347.593	326.777	307.479	291.971	287.556	297.632	313.815	323.487	325.294	327.905	331.988	331.403	327.871	326.548	326.098	322.98	318.449	314.51	308.584	300.494	296.261	298.463	301.635	299.928	294.835	292.725	295.758	300.395	302.81	300.304	293.256	288.21	290.935	297.735	299.063	289.765	276.627	273.609	284.693	299.365	306.89	305.768	301.175	298.389	298.933	302.264	307.651	315.138	327.828	347.772	368.056	375.999	365.215	343.16	324.845	319.129	325.113	334.155	331.788	312.531	291.07	284.772	291.617	294.067	281.92	263.312	249.084	240.148	237.017	245.335	266.412	291.556	307.414	305.585	290.207	276.295	274.979	281.368	282.601	274.546	263.966	256.875	254.744	260.39	274.306	287.118	287.217	270.155	233.305	174.816	
107.871	147.76	180.138	209.401	229.61	230.704	221.705	224.219	244.055	265.151	270.629	263.875	262.762	272.958	284.638	294.686	307.12	316.449	314.448	305.786	301.776	308.231	324.689	345.355	360.6	364.451	357.282	340.61	317.798	299.486	300.242	323.679	354.101	373.815	381.476	382.121	374.816	359.8	343.361	328.709	311.515	292.33	284.479	298.645	325.377	342.174	340.192	331.666	326.247	322.505	320.623	321.276	319.618	311.52	300.067	291.036	285.538	282.679	283.7	288.268	292.468	292.99	291.308	291.911	296.236	300.974	301.016	293.347	282.159	277.093	281.437	288.498	290.272	282.325	267.305	257.142	261.191	275.62	290.956	302.823	312.099	319.896	326.141	331.062	334.343	335.624	338.615	347.282	356.941	357.69	345.225	325.511	309.946	305.853	312.355	320.07	315.045	294.738	275.552	273.127	282.604	286.055	275.822	261.067	249.456	239.835	235.972	246.17	268.64	291.385	302.984	298.504	282.176	267.253	264.973	272.017	276.671	275.186	273.139	273.32	273.059	272.726	275.894	280.622	279.508	265.855	232.712	176.007	
104.636	141.819	168.915	193.482	214.505	221.979	219.322	223.088	239.359	255.882	259.13	253.539	255.73	269.202	282.096	289.764	296.731	300.875	297.514	292.117	294.443	308.138	331.276	356.801	372.286	369.771	353.447	333.252	317.706	313.318	323.616	343.726	359.366	362.202	359.309	356.53	349.864	339.752	333.268	329.407	317.47	295.723	281.413	291.036	316.416	331.543	324.805	310.144	301.454	299.404	302.733	309.326	311.665	303.6	288.481	276.532	274.837	282.16	291.948	297.831	298.032	295.808	295.623	298.716	302.504	304.001	300.894	292.175	282.452	279.282	282.741	286.51	287.196	282.647	271.681	262.059	264.333	278.055	294.604	308.822	321.113	332.387	342.332	350.583	355.913	356.484	353.871	351.921	349.62	341.234	323.87	302.83	288.583	287.323	296.028	304.233	300.824	286.505	275.521	277.731	285.872	285.674	274.359	261.591	252.258	243.679	239.881	248.636	267.543	287.039	298.939	296.765	279.87	260.907	256.361	266.304	276.432	279.801	282.002	286.026	286.104	278.958	271.115	269.266	269.692	261.023	231.141	175.38	
107.179	144.431	167.416	184.872	202.611	215.049	220.224	225.715	236.445	247.05	250.252	250.017	257.273	271.864	283.46	289.023	292.453	293.303	290.601	289.462	295.37	309.264	329.286	349.189	357.481	347.864	327.671	310.64	306.665	318.141	339.435	357.807	360.024	346.771	333.562	328.35	324.779	320.982	322.328	325.765	318.81	298.104	280.14	282.588	299.271	306.184	293.223	275.265	267.649	271.772	284.953	302.419	312.91	307.202	289.631	275.601	277.738	294.583	312.034	316.538	308.262	300.302	303.435	314.535	322.454	320.987	311.225	297.37	285.807	281.312	281.481	281.71	282.584	284.684	285.83	288.516	296.98	307.92	315.073	318.683	323.459	331.251	340.761	351.713	363.778	372.33	372.58	366.837	359.575	348.406	327.992	302.093	283.778	281.501	291.041	300.54	300.693	294.03	291.407	296.036	298.99	291.725	276.53	262.677	253.941	247.542	244.861	250.6	264.543	282.375	296.779	296.914	278.72	256.521	251.582	265.821	281.193	286.596	288.245	292.172	292.252	281.833	268.093	263.344	266.209	261.338	232.732	176.11	
111.877	152.281	173.794	184.02	195.504	209.991	222.844	232.114	239.173	245.061	250.021	257.106	269.643	284.41	295.619	302.35	304.911	302.623	299.425	301.45	309.088	318.526	327.135	332.385	329.602	316.991	300.863	291.744	297.695	319.696	347.941	364.379	356.415	331.931	312.736	308.614	311.255	313.912	318.019	321.93	317.548	301.832	286.519	285.475	293.599	291.385	272.488	253.118	249.301	262.146	286.467	313.27	326.64	316.678	293.033	276.512	280.754	302.015	322.124	324.006	309.658	299.881	310.546	334.606	352.236	351.163	333.007	308.224	288.671	279.252	276.243	275.695	279.132	288.863	304.39	323.692	341.054	348.022	342.962	334.207	330.201	331.358	334.947	344.164	363.519	385.226	394.9	391.735	385.78	377.434	357.546	327.174	301.624	292.764	298.23	307.044	310.045	308.711	310.806	315.264	312.82	299.984	282.007	266.687	258.236	254.991	254.178	256.645	266.217	284.097	301.474	303.313	284.934	261.508	254.651	267.598	283.008	287.97	287.239	288.484	287.48	276.421	260.946	255.071	259.897	259.114	233.465	177.274	
115.71	160.869	183.321	188.345	193.014	206.224	224.576	239.929	248.337	253.449	261.443	274.984	291.5	306.552	318.831	327.505	327.978	319.764	312.924	316.45	326.564	332.676	329.25	319.646	310.061	302.352	295.512	291.965	299.169	322.011	351.398	365.616	351.654	322.08	301.674	300.45	308.946	315.744	318.203	318.048	314.403	305.677	297.388	297.228	300.502	292.904	272.115	255.178	257.814	279.482	310.927	338.429	344.306	323.37	293.242	276.775	282.159	301.229	317.559	317.925	305.659	300.759	317.959	349.717	375.187	378.161	356.565	323.101	295.35	281.003	276.409	277.276	283.719	297.849	320.983	349.125	370.71	375.476	365.978	354.412	348.224	344.041	338.4	340.478	361.893	393.569	412.895	414.303	409.77	402.508	383.351	351.843	321.959	305.657	303.567	308.821	312.917	314.246	317.581	321.096	317.525	306.254	291.601	277.828	269.468	267.092	266.1	265.422	271.845	289.307	307.865	311.755	296.591	274.356	262.682	267.35	277.319	280.793	278.647	276.931	273.454	261.216	244.167	236.347	241.798	245.396	225.054	172.333	
113.614	161.429	185.69	189.136	189.472	199.981	221.576	244.587	259.009	266.557	277.212	295.311	315.473	331.82	343.92	349.57	342.52	325.606	314.527	319.855	333.702	338.993	327.8	310.345	303.376	309.112	314.52	312.183	312.084	328.08	355.214	368.523	352.481	321.646	301.773	301.901	311.752	317.474	314.951	310.046	307.484	305.429	303.52	305.005	307.003	300.045	283.567	272.772	281.551	307.282	337.048	355.757	350.578	324.004	296.361	285.188	290.334	301.061	308.169	308.017	304.343	307.681	325.01	351.954	376.186	383.162	365.245	331.831	302.475	287.335	283.237	285.291	292.077	304.705	325.306	350.783	370.593	376.435	371.569	366.206	364.359	359.504	347.697	341.691	357.826	389.454	413.178	419.326	415.435	404.965	383.201	352.208	323.452	305.196	298.352	300.215	304.891	308.275	311.41	313.24	310.852	305.717	299.109	290.391	282.527	278.211	275.244	273.67	279.348	294.032	308.948	313.001	302.635	283.624	267.786	263.739	267.952	270.68	268.952	266.18	260.938	247.028	227.523	216.071	218.618	222.288	205.149	157.548	
103.195	149.123	174.632	180.133	180.07	188.374	210.858	240.089	261.496	272.334	284.468	305.671	330.033	348.571	357.837	354.706	336.533	312.567	301.62	311.373	328.631	333.265	318.666	300.774	302.541	324.819	343.874	342.982	334.032	340.469	363.649	376.691	360.046	328.133	307.669	306.862	314.368	315.99	308.979	302.55	302.773	304.702	304.067	304.22	306.436	304.683	296.946	293.649	305.358	327.722	346.614	351.255	339.727	320.357	306.077	302.408	303.62	301.873	297.207	295.435	300.014	310.032	322.864	337.852	353.822	361.252	349.059	322.017	298.209	287.924	287.32	290.19	294.257	300.855	313.472	331.639	348.445	357.052	357.722	357.066	358.852	357.543	348.242	340.833	350.111	374.082	396.919	408.343	407.157	392.659	365.271	333.051	307.575	293.322	288.294	291.068	299.374	307.961	312	309.406	303.138	299.394	298.855	296.749	291.759	286.49	283.332	285.1	293.29	304.045	311.316	311.619	303.073	286.157	268.144	259.214	260.438	263.18	262.284	260.045	255.574	242.949	223.795	209.083	204.397	200.769	181.298	137.89	
89.1972	130.535	157.048	167.27	170.001	176.234	194.836	223.362	247.487	261.011	275.026	299.163	327.706	348.999	356.015	345.39	319.691	294.121	287.64	302.302	320.592	324.091	310.2	296.32	305.337	337.865	366.941	369.728	355.904	354.421	373.64	387.225	371.172	337.465	313.787	309.257	312.973	312.435	307.029	305.672	310.4	311.943	306.114	300.797	302.318	306.473	308.264	312.068	323.882	338.141	342.42	333.457	320.652	314.328	315.068	315.73	309.567	295.744	281.891	278.543	287.701	300.547	308.243	312.639	319.703	324.459	316.126	296.805	281.247	278.001	282.282	286.43	287.455	288.105	294.516	308.724	325.209	335.7	336.519	332.748	332.143	334.165	333.662	333.977	343.332	362.003	382.949	398.064	399.157	381.056	347.808	312.679	289.024	280.128	280.973	288.965	304.574	322.097	329.658	321.391	305.601	296.348	297.979	303.017	303.462	299.295	297.307	303.394	314.899	323.059	323.768	318.807	307.922	289.762	269.815	258.218	257.246	258.536	256.341	253.788	252.14	246.265	233.979	219.383	205.792	189.965	163.228	120.955	
77.7736	115.59	144.408	161.235	168.448	171.734	180.897	200.197	221.062	236.914	255.051	282.606	313.893	337.92	346.996	337.449	313.506	291.501	288.306	302.618	317.633	320.331	311.047	302.828	312.799	342.987	372.145	377.418	363.474	358.857	377.173	394.898	384.294	351.849	323.692	311.369	308.565	308.145	311.216	320.727	329.684	326.078	310.741	298.075	298.173	307.256	316.992	325.532	334.381	338.858	331.175	314.093	302.031	304.039	312.552	313.651	301.681	281.978	266.709	266.602	280.404	294.506	297.559	293.103	291.01	291.032	285.414	273.718	265.315	266.795	274.219	279.434	278.449	275.514	279.685	293.935	310.98	320.293	317.327	308.218	303.51	305.901	311.684	321.508	338.222	359.958	382.165	398.028	397.502	375.336	338.168	300.607	276.312	269.478	274.501	287.161	308.812	334.44	347.868	338.301	315.509	300.503	303.326	314.99	320.54	316.808	314.218	321.724	335.262	343.623	341.759	332.27	317.262	297.253	276.749	263.264	258.418	255.38	249.66	245.847	248.159	252.6	251.378	239.707	218.419	190.068	153.921	109.552	
71.6462	109.42	142.262	165.349	175.827	175.09	173.595	181.689	197.898	216.812	239.865	268.599	298.252	322.599	336.778	336.776	324.003	309.88	306.912	314.339	321.856	323.334	319.176	314.582	318.593	335.374	354.73	359.717	349.988	347.963	368.496	393.244	394.515	371.419	343.01	321.439	308.613	307.125	319.679	339.058	348.001	336.105	312.275	295.388	296.259	310.05	324.304	331.486	331.616	325.456	312.043	295.424	286.216	289.992	298.691	298.992	286.28	268.459	259.498	268.475	290.149	307.207	306.804	293.293	280.013	273.256	269.302	263.741	259.778	263.488	272.981	279.131	276.394	270.517	272.721	285.285	298.633	302.735	296.786	288.614	285.523	287.19	292.351	305.769	329.907	358.989	385.418	401.755	399.269	375.089	336.863	297.553	269.533	258.634	261.497	273.961	297.158	327.527	348.389	344.266	321.515	303.886	306.477	320.916	328.731	325.213	322.661	331.284	346.742	356.544	352.881	338.274	320.044	302.316	285.922	272.394	262.827	254.81	246.603	242.736	248.598	261.055	268.07	258.588	231.985	194.363	150.136	102.633	
71.832	113.576	151.395	177.551	186.856	181.005	172.91	176.059	192.058	214.94	239.787	263.194	283.939	303.41	321.094	332.73	335.354	332.612	330.654	330.208	329.232	327.809	325.165	319.617	313.564	313.092	319.158	323.364	321.702	326.31	348.49	377.349	392.024	385.763	365.224	338.574	315.923	311.118	328.434	350.697	354.274	335.061	309.243	295.05	300.366	318.077	331.483	329.675	316.022	300.52	288.514	280.349	277.193	280.423	285.87	284.732	273.656	260.933	260.151	278.091	306.639	326.898	325.829	307.627	286.807	274.233	269.372	265.065	261.36	265.972	278.435	286.941	283.799	275.302	272.778	277.73	281.563	278.568	272.962	272.26	276.636	279.756	282.481	294.995	320.791	351.636	378.569	395.209	394.611	374.051	338.976	299.44	266.262	246.608	241.343	249.847	273.734	309.175	338.559	342.183	321.708	300.789	298.119	308.919	316.856	317.533	321.049	333.957	350.285	358.075	349.614	329.654	311.363	301.026	293.46	283.095	271.162	260.78	252.691	249.039	254.028	266.004	273.159	263.087	234.314	193.194	145.82	97.5179	
78.6971	127.628	171.307	197.889	201.887	189.886	180.048	186.517	208.277	235.296	257.266	268.933	274.783	284.306	300.908	319.654	333.948	341.377	342.731	339.182	333.607	329.096	324.393	315.015	299.738	285.387	280.764	285.653	294.282	307.053	327.556	352.497	373.695	383.14	374.494	348.914	321.278	313.285	330.311	349.888	347.756	326.734	306.058	299.049	308.834	326.691	334.678	322.484	298.547	279.775	274.069	276.574	280.009	282.748	284.523	280.939	270.241	260.417	263.188	283.043	311.304	331.082	332.179	318.623	301.436	289.39	282.678	274.802	266.596	268.355	281.421	293.076	293.702	286.244	278.353	272.552	265.93	257.984	254.384	260.311	271.878	280.341	286.766	300.364	321.389	341.599	357.597	369.293	371.991	360.112	333.778	299.191	265.405	239.775	227.177	232.704	259.924	302.611	339.52	347.443	325.613	297.564	284.463	286.805	294.114	302.937	317.077	334.802	347.674	348.295	334.184	312.245	296.864	294.907	298.308	296.112	287.198	277.258	269.061	262.469	259.475	260.64	258.929	245.126	217.321	179.503	136.086	91.5822	
91.2733	148.574	198.561	225.395	223.333	204.874	195.289	209.649	241.421	273.425	290.842	289.308	279.114	276.418	287.723	306.748	323.962	334.592	338.461	337.435	334.053	329.171	321.48	308.33	288.19	267.109	257.255	264.521	282.998	302.523	317.348	330.176	347.153	363.596	364.548	344.722	318.891	309.821	323.334	338.908	336.438	321.27	309.513	308.05	316.313	327.261	327.888	312.306	290.247	277.063	278.423	287.133	293.389	295.098	294.566	290.035	279.85	269.874	269.551	283.065	303.812	318.692	321.617	317.231	311.163	305.591	299.261	287.876	273.233	266.515	273.264	285.89	294.536	294.322	285.691	273.512	262.109	253.277	249.739	255.123	268.565	284.741	302.243	321.32	334.397	335.281	331.245	331.873	335.279	332.471	317.873	293.9	267.928	246.369	234.997	241.687	271.58	317.364	356.096	363.578	338.117	302.394	278.619	271.829	277.275	292.439	314.848	334.614	341.367	334.142	317.235	296.659	283.118	285.708	300.372	312.4	312.276	303.221	291.687	279.132	265.479	251.469	235.373	214.297	188.238	158.249	123.971	86.1904	
106.945	170.634	224.254	250.794	244.607	221.26	211.459	233.205	276.38	315.881	331.817	320.995	297.91	283.346	286.941	301.732	315.748	324.036	328.804	333.145	335.831	332.121	320.909	304.794	284.749	264.448	254.587	263.92	287.482	308.357	314.31	312.961	321.627	339.645	348.148	337.429	318.376	309.391	316.757	328.1	330.341	326.278	324.082	324.452	324.681	322.175	314.017	300.941	289.366	286.234	292.572	302.212	307.647	308.434	309.143	309.232	304.171	294.686	288.09	291.133	301.332	308.767	309.672	309.249	309.868	308.853	303.924	292.34	274.072	257.855	254.106	264.536	281.733	293.344	292.08	283.086	274.323	266.911	260.361	259.351	269.714	291.411	318.945	341.796	346.352	330.861	311.745	304.093	306.347	307.681	300.655	286.556	272.335	263.553	263.308	275.889	304.703	344.403	376.824	381.189	354.529	315.853	286.135	272.795	274.677	290.745	316.226	337.03	340.785	329.607	311.723	291.148	275.191	277.578	301.587	328.994	338.404	328.296	311.159	294.239	275.929	252.859	224.367	194.273	167.948	145.06	119.017	85.7441	
121.18	186.455	237.496	260.763	253.005	228.544	217.917	242.547	293.651	341.467	361.147	348.822	319.787	296.544	292.317	302.112	313.053	320.194	327.549	337.754	344.837	339.597	322.787	303.867	287.38	272.926	265.349	272.832	292.758	307.904	305.577	297.253	304.563	327.018	343.37	341.157	327.556	317.062	317.558	325.532	333.444	339.166	343.573	343.935	335.928	319.911	302.164	289.623	285.266	288.589	297.213	306.595	311.842	314.363	320.931	331.32	336.214	329.827	317.56	309.885	309.717	310.43	308.189	306.116	304.706	301.055	294.896	285.072	268.303	248.331	237.101	243.852	266.044	289.523	301.7	303.35	300.546	293.992	283.942	277.545	284.359	305.989	332.857	349.179	343.492	321.526	302.737	297.917	300.144	298.474	289.547	277.771	271.34	276.063	291.449	314.041	341.692	371.459	393.639	393.929	368.55	331.786	301.835	285.983	284.258	297.726	323.281	346.38	352.115	340.948	321.615	298.056	277.462	277.018	304.21	338.274	350.305	336.76	315.95	300.433	286.975	265.994	233.802	198.274	170.537	150.437	126.598	91.9058	
128.531	190.298	233.228	250.359	243.452	223.011	213.08	235.557	286.763	339.069	366.23	361.5	335.983	310.038	299.913	304.919	313.642	321.744	333.937	350.433	360.187	351.556	328.59	307.292	295.291	287.611	281.509	282.587	292.086	298.341	292.695	287.982	303.36	334.088	355.862	354.828	338.406	322.759	319.188	328.158	341.299	350.816	355.251	353.711	341.692	319.06	295.235	280.02	275.653	279.623	288.557	298.376	305.298	311.612	325.178	345.255	358.37	354.141	336.749	319.494	311.358	310.892	312.604	312.454	307.004	296.395	286.146	278.49	268.046	252.395	239.894	242.536	263.789	293.626	317.565	329.561	331.269	325.117	315.067	309.152	315.188	332.395	348.815	349.883	332.051	308.952	298.782	302.991	306.255	297.603	280.466	264.904	260.873	274.472	302.634	335.091	364.066	387.632	402.035	398.322	374.016	341.48	316.245	302.904	299.942	309.905	333.151	357.392	366.454	357.354	337.267	311.552	288.43	283.812	304.491	331.339	337.516	321.353	302.917	294.861	291.415	279.177	252.207	219.062	192.443	171.794	144.015	102.564	
125.997	181.723	216.107	227.913	224.547	213.474	209.07	228.776	274.24	326.283	361.922	369.699	352.792	327.44	311.629	309.033	311.723	317.794	333.221	355.904	369.907	361.421	337.078	317.155	310.784	309.225	303.575	297.258	295.973	295.124	290.18	292.726	317.047	353.841	375.892	368.345	341.526	317.819	313.362	327.779	346.313	355.412	354.812	348.808	335.174	312.871	289.899	274.885	269.88	272.877	280.366	288.63	295.272	303.025	319.293	342.308	356.611	350.6	328.242	303.838	291.705	296.997	312.115	322.113	316.765	300.002	285.386	280.851	281.014	276.693	268.521	267.278	281.718	308.062	333.167	347.188	349.674	345.758	341.312	341.212	348.641	361.216	368.091	357.58	330.421	303.298	293.934	300.385	303.187	290.132	268.093	250.995	249.109	266.927	299.54	334.639	363.709	385.481	396.751	390.288	366.926	340.539	324.487	318.777	317.664	323.085	339.165	358.94	368.619	362.718	345.432	322.419	300.832	290.828	296.858	307.391	305.465	291.942	282.771	285.161	290.344	285.762	267.557	243.359	222.079	200.3	165.503	114.948	
115.965	167.361	198.475	209.094	210.442	210.882	217.248	238.922	279.747	330.282	372.273	389.113	376.949	349.301	324.518	309.358	301.123	301.622	317.148	343.358	361.535	357.292	338.804	327.354	330.952	337.18	332.838	320.926	311.724	305.986	300.788	304.902	329.605	365.654	385.726	372.698	337.165	306.519	301.263	319.662	341.727	350.477	346.742	337.851	323.689	304.14	286.412	276.674	274.637	276.826	279.554	281.576	283.819	289.385	304.084	325.21	336.994	328.257	303.018	274.876	261.06	272.748	301.896	324.405	323.185	304.318	288.039	288.222	301.118	311.959	312.687	310.23	315.731	330.161	344.044	349.396	347.787	346.623	350.346	357.488	366.406	376.615	381.983	371.717	342.467	307.126	285.679	282.943	283.343	273.009	256.157	245.383	248.536	266.685	294.059	321.965	346.897	368.248	379.269	371.814	350.184	330.573	324.797	328.839	331.752	332.08	336.49	345.878	352.82	351.296	341.516	326.605	309.752	294.446	284.473	278.897	272.292	266.277	269.104	280.468	289.42	287.358	275.593	261.313	247.511	225.984	185.083	126.731	
104.545	157.345	193.482	206.96	209.456	215.557	231.531	259.13	299.801	349.219	392.191	410.097	397.379	366.167	332.008	303.002	283.39	279.133	294.119	320.592	340.022	340.53	331.277	331.857	347.558	362.552	360.408	344.495	329.145	318.676	309.903	308.079	323.682	352.733	371.88	361.072	326.646	295.252	288.043	303.792	323.992	333.665	333.831	329.719	319.459	303.682	291.189	287.384	288.195	286.482	279.465	271.562	268.293	271.919	285.306	305.22	316.658	308.6	284.39	255.736	239.657	251.051	284.49	313.496	317.748	303.229	291.937	299.35	322.365	344.733	354.39	354.128	353.701	356.014	355.418	347.705	337.399	334.243	342.106	354.037	363.438	372.066	379.692	376.024	350.556	309.045	273.258	258.118	256.759	255.452	252.63	254.619	263.916	278.14	293.19	307.845	325.575	345.591	356.806	349.683	329.949	314.278	314.081	324.894	332.768	330.818	324.832	322.931	325.953	329.424	329.832	325.795	315.448	297.768	277.505	261.894	253.694	254.443	265.972	282.507	292.092	289.089	278.591	268.648	259.421	239.43	196.741	135.235	
96.2874	156.133	203.636	222.149	219.936	220.034	235.568	265.864	307.575	354.704	393.091	408.055	397.696	370.716	334.837	297.342	269.623	261.938	275.69	300.79	321.146	327.823	328.085	337.018	358.062	375.745	373.305	353.975	333.592	318.287	304.634	294.976	299.146	318.933	337.213	333.945	310.678	287.194	279.079	286.445	298.831	308.441	316.748	324.211	323.957	314.664	306.43	305.658	305.544	295.627	275.792	258.147	252.358	257.195	270.311	288.585	300.451	296.082	277.24	252.275	234.857	240.404	268.024	295.668	304.797	300.673	302.134	319.171	345.165	367.121	378.19	380.577	380.087	378.536	371.608	355.364	334.702	323.062	328.128	340.908	349.548	355.009	361.163	360.446	339.908	299.878	259.718	238.964	238.552	247.833	261.024	276.381	289.179	294.965	294.648	295.406	305.176	321.584	331.488	325.746	309.315	295.907	296.155	308.798	321.132	321.132	310.206	300.315	299.776	307.13	316.587	322.614	319.645	304.79	283.026	264.12	254.647	257.422	272.215	291.28	302.184	298.763	285.291	270.61	257.484	236.564	195.768	136.721	
91.0598	157.209	215.193	239.687	232.694	220.597	224.767	248.994	287.706	329.915	361.714	376.208	376.334	363.982	336.448	298.932	267.499	255.396	264.312	286.271	309.806	327.2	339.005	351.504	366.934	376.278	368.366	346.46	323.948	306.119	289.984	276.662	274.009	285.784	301.037	304.913	297.229	287.366	280.548	277.934	279.613	286.22	299.959	317.889	329.02	328.088	323.801	323.628	320.26	301.888	271.804	249.22	245.982	254.542	265.239	276.213	283.712	282.215	271.375	254.562	240.248	241.779	261.984	285.531	298.262	305.111	319.782	343.194	362.812	371.881	375.874	380.582	386.573	391.609	389.477	372.561	344.166	322.62	321.31	331.347	337.594	339.169	340.99	338.741	322.418	290.639	256.966	238.506	240.22	255.995	278.835	300.467	310.157	303.926	289.784	281.221	285.437	296.467	302.611	299.288	290.658	283.761	285.437	298.035	312.613	314.454	301.119	286.322	283.34	292.928	307.675	319.643	322.622	314.323	298.493	282.178	271.891	272.944	286.635	305.578	317.696	315.25	298.184	273.259	247.81	220.064	180.86	127.951	
87.0026	151.889	212.269	242.72	239.073	221.3	212.539	224.047	253.462	287.4	312.758	329.197	342.182	346.765	332.248	301.679	271.872	256.4	258.704	275.698	301.877	330.929	355.557	370.348	374.729	369.276	353.633	332.383	313.404	298.188	284.031	272.257	267.903	273.385	283.295	290.829	295.933	297.816	291.903	280.505	272.729	275.266	290.02	312.476	330.56	335.854	333.997	332.829	326.551	304.388	272.337	252.92	256.709	268.877	273.474	271.92	270.498	268.961	264.42	255.928	248.276	251.705	269.515	290.836	305.34	317.554	336.307	355.529	360.204	351.532	347.017	355.724	372.624	390.53	400.11	389.161	359.346	332.857	326.351	331.509	334.168	333.935	334.572	332.447	321.229	300.101	276.96	263.447	265.03	279.206	299.637	315.403	314.596	296.639	275.447	266.161	270.248	276.658	277.974	277.923	280.856	285.38	292.335	305.476	318.491	316.923	299.244	281.746	279.335	291.221	307.003	318.474	322.612	320.06	313.249	304.085	295.311	293.06	301.493	315.633	325.575	323.629	305.214	272.154	233.951	197.28	158.474	112.687	
86.3645	143.302	197.577	231.873	239.267	227.667	213.971	213.762	230.485	253.147	270.651	285.638	304.504	319.844	317.695	298.35	275.872	262.195	261.541	273.799	298.005	331.28	363.273	379.607	375.406	358.538	339.194	323.536	313.14	304.581	294.914	286.181	281.262	281.105	285.335	293.589	304.509	310.272	302.122	284.589	272.115	273.875	289.776	313.331	332.706	338.602	334.762	330.13	322.71	304.714	281.828	272.673	282.653	293.17	288.521	276.021	268.797	267.292	265.157	260.662	258.683	266.226	284.207	303.96	318.087	330.095	343.93	349.863	336.075	312.35	302.526	315.134	341.175	371.222	394.118	394.013	370.515	346.504	338.9	340.46	340.509	340.552	342.797	342.753	336.559	325.039	312.582	304.713	303.727	308.393	315.266	316.81	305.169	282.666	263.662	260.168	267.301	271.046	269.441	273.277	286.034	299.615	310.878	323.498	331.599	322.752	299.59	281.301	281.978	296.38	310.138	316.824	318.697	318.938	318.805	316.821	311.096	305.414	306.369	313.524	319.671	316.936	298.41	262.918	220.03	180.792	144.765	104.959	
95.3312	144.534	189.451	223.138	240.448	240.198	230.707	226.044	232.631	243.753	251.284	258.803	274.029	291.833	298.599	291.219	279.144	271.854	272.962	282.128	299.735	326.907	356.248	371.473	364.748	346.039	329.97	322.101	319.456	316.223	309.815	302.403	295.422	290.021	290.483	299.293	311.197	314.693	302.877	283.561	272.537	278.431	298.651	323.786	341.014	341.367	329.475	317.905	311.044	304.74	299.333	301.459	309.404	308.676	293.303	277.708	274.952	279.264	279.657	276.165	275.435	281.728	294.949	310.417	323.739	335.615	343.851	336.938	309.185	277.035	264.563	277.301	305.457	341.158	373.84	385.647	373.086	356.617	352.451	354.777	354.745	354.302	355.491	354.472	349.717	344.548	342.083	341.644	338.901	331.504	322.009	312.348	300.262	285.107	274.169	274.643	280.595	281.1	279.069	285.977	301.42	314.85	324.023	333.343	336.994	323.996	298.566	280.187	282.065	296.453	307.659	312.336	315.444	317.678	318.074	316.964	312.496	305.322	302.15	306.174	310.778	306.124	286.566	253.623	216.595	184.517	154.473	116.7	
116.199	162.358	199.153	227.804	247.708	255.348	253.596	251.413	253.771	257.076	256.159	254.768	261.447	274.41	282.789	282.333	278.574	277.972	282.83	291.323	302.433	319.055	338.993	350.273	345.672	333.354	325.142	323.226	323.079	320.673	315.373	308.577	299.721	290.429	288.703	298.454	310.713	312.044	299.078	282.513	277.036	289.438	315.824	344.222	359.063	351.286	328.032	306.607	298.525	303.502	314.322	322.551	320.395	303.513	279.917	268.597	277.628	293.37	300.548	299.43	296.18	293.586	295.242	304.153	318.542	333.445	339.837	326.809	295.115	263.415	251.426	261.503	285.527	319.092	354.253	373.357	369.585	359.504	359.249	364.815	366.624	365.156	363.419	359.224	352.528	349.068	352.637	358.701	357.042	343.249	325.724	316.433	316.426	316.609	313.093	309.912	306.708	300.91	298.337	304.902	314.709	319.07	320.176	324.356	326.77	316.309	294.249	277.13	277.509	288.749	298.717	308.01	319.394	325.361	321.311	313.535	306.648	300.664	299.054	304.018	307.696	299.522	278.741	253.053	230.069	210.523	184.681	142.028	
140.908	187.454	218.231	239.94	256.768	266.84	271.037	273.215	275.545	276.79	274.102	269.709	269.542	272.681	273.265	271.034	270.382	274.429	283.689	294.8	303.782	312.328	322.232	328.241	326.711	323.07	322.946	324.538	323.965	320.761	316.945	313.167	306.224	295.942	291.21	298.597	309.879	310.898	299.342	287.175	288.094	307.455	340.645	373.67	388.084	374.484	341.67	309.112	293.387	299.238	315.719	323.926	312.949	287.214	262.736	257.117	273.92	297.772	312.522	315.815	310.315	298.453	289.509	293.916	310.603	327.963	332.716	318.35	291.572	268.69	261.62	269.47	287.013	314.041	346.128	366.738	365.329	354.146	350.974	356.258	360.632	361.88	361.602	356.956	347.939	342.324	345.756	353.856	355.939	346.635	334.634	334.791	348.72	361.023	359.883	348.634	334.374	322.495	318.584	321.161	320.97	313.81	306.044	304.753	306.299	300.056	284.589	272.737	274.349	283.304	292.998	308.661	329.57	339.894	331.375	315.474	305.065	301.97	303.913	308.027	306.881	293.85	274.086	259.5	253.3	244.66	216.777	163.141	
155.111	201.684	227.684	243.235	256.152	266.425	273.839	278.387	280.998	284.283	288.107	290.805	290.833	284.746	272.958	263.256	261.993	269.622	284.051	299.57	308.992	312.384	314.514	315.875	316.057	318.021	322.53	326.143	326.627	325.796	326.852	329.611	328.683	320.157	310.233	308.928	314.097	313.311	302.96	294.432	301.185	327.611	367.441	404.717	419.938	404.198	365.952	323.087	294.391	290.375	301.791	306.994	295.394	274.464	257.876	256.205	271.389	293.448	309.642	315.351	310.452	297.536	287.835	293.132	310.371	324.166	322.59	306.736	288.167	278.27	279.256	286.093	296.942	317.093	346.094	367.304	364.566	345.083	330.096	328.63	334.902	342.669	347.502	343.842	332.973	324.943	326.134	333.792	341.542	344.958	346.735	355.682	373.307	386.694	384.203	369.229	352.146	340.79	337.362	335.329	326.402	311.586	298.722	292.617	289.874	283.066	272.543	269.128	277.543	288.429	297.886	314.955	338.185	348.854	337.551	318.051	308.171	310.306	314.767	313.316	303.543	287.058	272.083	268.976	275.123	270.863	236.037	170.85	
150.874	195.266	218.254	230.754	241.955	252.743	261.696	265.937	266.759	272.508	287.058	303.753	311.149	301.811	281.36	265.095	262.802	274.002	293.404	311.632	319.151	316.861	313.335	312.429	313.549	316.648	321.044	325.413	329.61	335.428	344.589	354.903	359.802	352.775	336.325	322.692	317.38	312.4	303.091	298.185	309.166	339.191	381.209	419.504	435.962	421.997	383.133	333.547	292.794	276.25	278.503	280.336	273.993	266.139	262.538	265.096	275.354	289.884	300.559	303.505	300.197	294.235	292.969	302.269	315.968	320.06	308.701	290.427	279.478	282.265	292.071	298.602	302.205	314.756	341.431	365.531	364.221	338.222	310.972	300.526	306.269	317.753	323.454	316.93	303.716	295.624	297.024	305.37	319.052	335.391	349.525	360.775	371.238	377.74	375.107	365.508	356.503	353.021	352.948	348.366	334.862	317.605	303.865	294.76	286.174	274.878	265.582	268.883	285.027	300.304	309.887	323.724	341.187	345.606	330.526	311.862	308.071	317.886	323.67	314.523	296.421	279.897	272.141	276.928	286.903	280.615	239.531	168.54	
133.817	175.505	199.088	213.117	225.059	235.822	243.931	245.686	243.271	249.52	271.617	299.181	314.175	307.528	287.362	271.253	270.515	284.831	306.588	323.465	325.366	316.14	308.67	308.275	311.34	314.018	316.31	321	329.52	341.813	357.048	371.273	378.029	370.508	348.869	325.456	310.738	302.176	296.067	296.711	309.588	335.692	371.291	406.531	426.851	421.309	388.627	337.975	289.636	262.843	256.094	254.426	253.32	257.598	266.051	274.367	283.23	292.126	295.7	292.932	289.955	291.622	298.414	308.07	313.834	307.693	290.066	272.174	267.451	279.366	296.524	303.608	299.74	301.77	322.591	349.126	354.561	332.151	302.279	286.723	289.065	297.631	297.915	285.371	269.882	263.441	267.161	277.122	294.038	317.081	337.327	346.941	348.134	347.269	346.382	345.621	347.569	353.245	357.605	353.402	339.705	323.661	311.943	303.794	293.894	280.194	269.793	274.147	292.726	310.792	321.933	333.642	344.164	339.657	319.179	302.013	304.645	319.94	325.131	309.717	286.066	270.19	266.843	273.136	279.763	269.345	227.625	159.673	
117.315	158.058	184.994	203.224	216.727	225.193	228.673	226.283	221.559	227.191	249.758	277.777	293.968	292.361	281.18	273.963	278.944	294.999	314.276	325.085	319.619	304.938	296.309	298.916	306.02	310.458	312.639	318.092	328.37	340.864	353.652	364.509	369.323	361.541	339.081	312.124	292.467	282.74	282.638	291.974	306.863	324.221	346.759	375.902	402.815	412.092	392.891	348.346	298.569	264.953	249.579	242.439	241.749	250.839	265.205	278.192	289.003	296.332	295.986	290.092	287.847	293.284	301.153	305.011	301.56	289.916	273.016	258.876	257.371	272.075	292.894	301.892	293.405	284.444	294.832	319.216	332.345	321.483	298.884	283.238	280.829	283.446	278.627	263.68	249.414	246.69	254.094	265.165	280.632	302.693	323.424	331.608	327.73	321.973	320.144	321.795	327.825	338.074	346.074	344.734	334.269	321.932	315.008	313.792	311.078	300.855	288.752	288.119	301.986	318.935	332.182	344.977	352.726	343.321	319.722	302.666	306.008	319.905	322.249	303.756	276.711	257.819	251.578	252.724	252.791	240.037	203.779	145.794	
111.77	153.319	182.613	203.449	217.213	220.969	216.579	209.053	204.406	211.274	231.373	253.435	265.987	269.098	270.226	275.869	287.786	302.733	314.55	315.657	303.234	287.247	281.944	289.818	301.996	309.985	313.881	319.616	328.151	334.55	336.725	337.563	338.423	333.014	315.316	290.951	270.53	261.19	267.699	287.24	306.392	316.044	324.096	344.132	374.839	398.075	395.588	365.516	324.801	291.813	269.687	253.762	245.898	249.823	261.336	274.295	286.329	293.861	293.627	290.29	292.604	301.26	308.003	306.375	296.979	283.294	268.1	255.376	252.218	264.209	285.334	297.197	288.598	272.783	272.594	290.415	306.768	306.775	293.718	279.412	271.789	269.495	265.278	256.539	250.694	255.965	269.246	281.161	291.607	307.044	323.84	330.614	325.491	316.8	309.753	305.323	307.215	316.647	326.195	327.884	321.549	313.677	312.769	321.986	332.361	330.82	318.458	310.659	316.237	328.697	340.911	352.461	358.809	351.021	331.474	315.657	313.995	320.151	318.508	300.164	271.849	247.905	234.567	227.719	221.315	208.301	179.559	132.518	
117.591	160.358	189.418	209.532	221.131	218.821	206.081	193.977	191.375	202.475	223.079	241.538	251.587	258.389	268.782	283.29	297.914	308.229	310.924	302.959	286.467	273.159	273.352	284.952	298.725	307.802	312.233	317.139	323.362	324.19	316.145	306.789	304.422	304.182	295.655	278.263	259.481	249.527	258.666	284.506	307.607	312.906	309.385	318.558	346.281	375.296	385.52	373.836	351.941	329.266	305.728	281.073	261.789	253.966	255.86	263.19	272.886	279.901	281.728	284.501	295.679	312.823	325.316	325.224	313.148	294.652	274.755	258.045	251.243	260.434	280.794	293.6	285.475	267.264	261.342	273.626	290.168	296.617	289.178	272.861	257.612	250.922	252.23	257.351	266.37	282.481	301.903	314.404	319.287	326.269	336.468	340.704	335.701	325.486	312.434	299.808	295.295	301.368	310.012	313.139	309.905	304.577	305.888	321.274	342.961	351.985	343.255	332.174	332.064	339.552	345.754	348.824	350.335	348.67	341.825	331.632	322.338	316.048	308.516	292.302	267.953	245.466	230.049	217.875	206.23	192.551	168.129	126.846	
126.233	169.759	197.872	215.657	223.326	215.68	198.082	184.312	184.021	198.971	222.135	241.771	253.742	264.699	280.104	297.087	309.707	314.945	312.02	300.033	283.301	272.718	273.398	280.35	288.005	294.04	298.228	303.227	309.38	309.44	298.58	286.144	284.747	291.685	294.196	285.645	268.458	253.773	257.275	280.655	303.995	308.582	300.588	302.85	325.012	352.07	365.946	366.228	361.603	352.183	332.53	304.535	277.774	259.957	251.763	251.237	256.074	261.188	263.949	271.176	291.636	322.325	348.319	355.214	340.197	312.14	283.052	262.052	255.346	265.347	283.801	291.879	279.575	260.032	254.274	267.533	287.849	299.836	293.37	269.427	242.879	231.174	239.456	259.99	283.522	307.237	328.614	340.156	341.291	342.352	347.268	349.156	344.094	333.064	316.687	299.491	290.472	292.523	299.443	305.093	306.282	301.439	298.009	309.882	335.035	352.171	349.875	340.834	339.844	344.021	342.067	333.264	328.924	336.526	347.832	346.724	328.966	306.352	288.724	273.944	259.677	249.661	242.302	230.941	216.548	201.154	175.947	132.822	
127.811	172.126	201.378	217.909	221.839	211.738	194.842	182.769	182.841	196.896	219.894	242.339	260.493	278.423	298	315.175	326.146	330.631	328.074	316.683	300.62	288.471	281.16	274.578	270.568	272.292	277.725	284.797	291.886	292.886	284.333	275.529	278.911	293.01	305.218	304.534	287.569	264.412	255.289	268.287	287.988	295.628	293.078	298.83	321.225	345.786	356.608	357.541	358.85	356.624	341.512	315.444	288.161	266.544	252.438	246.296	247.399	250.713	252.091	258.94	284.274	326.703	365.689	378.502	359.349	322.211	287.099	266.963	265.334	278.218	292.641	291.443	271.281	249.855	247.498	267.708	297.157	315.802	307.485	273.323	236.036	221.405	236.24	267.265	297.394	320.388	337.327	345.793	345.737	345.545	348.878	349.44	343.303	331.857	316.14	298.993	286.793	283.85	289.961	302.113	311.63	308.082	297.308	300.465	322.6	342.32	343.471	335.82	334.305	335.442	326.518	309.702	304.631	324.236	353.361	361.095	336.534	298.697	269.139	253.189	249.113	254.456	259.393	254.002	241.631	226.511	198.717	149.322	
117.601	163.85	198.057	216.559	218.966	209.579	197.117	188.107	186.249	195.263	214.635	238.728	264.22	290.742	315.277	333.903	346.572	355.047	356.995	348.226	332.039	315.353	297.097	275.833	260.611	258.707	265.487	273.889	279.704	278.528	270.433	265.147	272.736	291.098	308.534	312.404	295.376	265.368	244.149	245.004	259.48	272.532	282.981	302.413	334.036	361.837	370.721	367.125	364.754	361.527	347.721	324.149	298.542	275.752	258.14	248.685	248.847	253.092	253.906	257.705	281.451	326.354	368.755	381.597	359.03	318.884	284.747	269.748	274.111	289.285	300.426	293.236	268.718	246.474	247.016	273.844	311.215	333.493	321.525	280.456	239.854	228.613	250.777	286.804	314.572	328.229	335.024	338.772	339.45	341.019	344.273	342.932	334.755	323.848	311.925	297.783	283.379	275.439	281.17	299.968	317.428	316.975	304.429	304.615	324.561	341.776	338.548	325.658	319.897	317.174	304.115	285.699	285.545	316.4	357.215	370.518	343.919	299.696	264.241	247.182	247.535	259.239	269.41	268.244	259.397	246.201	217.627	164.321	
98.8965	147.238	187.994	210.897	214.496	207.952	200.971	195.476	192.519	197.701	213.579	237.383	267.075	299.626	328.32	348.871	363.274	374.886	381.279	376.929	363.348	345.469	321.194	291.209	269.081	264.316	270.309	276.651	277.219	269.07	256.369	250.767	259.923	278.937	296.473	301.656	286.733	256.397	229.66	222.128	232.53	251.133	275.099	309.74	353.46	389.389	402.312	397.059	388.175	378.809	362.863	339.441	312.883	286.677	264.098	250.818	251.767	261.667	267.631	270.146	285.815	319.876	352.552	359.62	337.098	302.055	274.752	265.191	272.73	289.879	303.713	300.709	279.545	257.466	256.742	283.677	321.287	340.953	325.126	284.342	250.203	248.533	278.849	317.261	338.653	339.026	333.123	331.52	333.454	336.88	338.734	333.824	323.291	313.427	305.314	294.753	280.71	270.495	274.576	293.158	310.88	313.025	307.404	315.542	338.349	350.465	336.935	314.804	304.598	300.88	288.482	272.852	277.587	313.072	356.341	371.423	348.33	309.088	278.482	264.849	265.045	271.665	274.782	268.234	255.341	238.999	210.245	159.842	
82.4538	130.756	174.036	198.973	204.206	201.134	199.24	198.095	197.875	204.48	220.336	243.705	274.499	309.502	339.811	359.284	370.013	378.205	385.197	386.45	380.424	367.907	345.41	315.325	293.085	287.997	291.915	293.251	285.879	268.736	249.434	241.415	249.979	266.97	282.059	288.709	280.287	256.235	229.781	217.914	226.202	248.669	280.028	321.504	370.765	413.283	433.466	430.417	415.868	399.27	380.51	356.145	326.211	294.416	266.008	248.885	251.612	270.377	286.671	290.543	293.152	305.554	319.614	319.546	302.409	279.215	261.744	255.973	264.236	284.762	307.204	314.794	299.625	276.11	270.069	291.414	322.994	336.698	319.55	285.94	264.106	272.111	305.505	341.196	355.438	346.242	332.747	328.917	332.294	336.105	334.822	325.371	312.535	303.303	297.289	289.737	278.794	269.322	269.558	279.907	290.026	293.216	298.528	318.032	343.118	348.418	326.13	299.945	291.554	292.823	285.932	274.077	278.683	309.905	348.612	364.748	349.929	322.19	302.007	294.627	293.367	290.102	279.544	259.517	233.388	206.52	175.927	133.481	
79.4	126.341	166.145	187.462	191.89	190.677	191.291	193.225	197.781	209.989	230.297	256.952	290.802	327.716	356.393	369.079	369.215	367.459	370.067	374.51	376.314	371.512	355.909	333.907	319.509	317.981	319.899	315.951	302.929	281.441	259.329	248.795	253.17	264.42	276.114	286.326	288.206	274.634	252.41	239.5	246.836	269.704	299.514	335.988	380.235	422.725	447.483	446.465	427.586	406.378	388.213	365.819	334.41	299.149	268.336	250.797	255.922	280.822	304.359	308.44	297.946	289.101	286.344	282.226	273.307	263.37	255.605	252.904	261.644	285.089	313.185	325.708	312.078	287.381	279.366	297.546	323.703	332.595	316.926	293.039	283.012	294.902	320.681	343.645	349.011	338.58	329.274	330.334	335.648	337.183	330.452	315.656	300.916	293.427	290.948	287.877	281.494	273.458	268.659	268.677	270.417	274.48	287.12	309.091	327.075	323.733	300.443	280.36	279.272	286.942	285.981	276.889	277.666	300.411	333.693	353.914	350.287	332.796	317.983	312.005	308.305	298.417	278.682	247.773	208.951	171.434	138.674	103.909	
90.7012	138.711	174.605	190.883	193.039	190.535	188.075	187.516	193.925	212.117	240.342	275.539	316.675	356.358	380.68	382.186	368.234	354.399	349.922	352.91	356.747	355.23	346.448	336.816	334.823	338.462	338.659	332.296	320.625	303.679	285.147	272.641	268.411	268.943	274.478	286.692	297.982	296.927	284.741	276.712	284.381	303.016	323.118	345.883	377.287	413.064	437.13	435.588	413.695	391.793	378.843	363.839	337.553	305.903	279.491	266.477	273.613	297.059	317.18	316.154	297.558	279.459	270.97	267.368	264.85	264.411	264.675	265.368	273.165	292.581	314.129	320.109	304.763	285.014	284.519	306.827	331.884	338.534	325.097	309.106	306.999	317.591	329.158	333.194	328.423	322.053	324.073	333.398	339.386	335.376	320.797	300.37	285.134	282.321	287.689	292.86	292.507	286.142	277.725	270.952	267.734	271.277	282.448	294.461	297.496	287.898	273.007	265.459	269.608	277.4	278.417	272.137	271.252	288.179	318.392	343.55	348.957	335.54	316.894	304.806	298.612	290.134	272.253	240.365	197.401	155.569	121.596	89.5157	
105.654	159.466	198.799	216.911	219.665	213.802	202.805	193.372	196.699	218.86	255.533	299.786	346.531	386.304	405.043	395.999	369.713	346.259	336.43	336.191	335.951	330.58	324.292	325.43	334.693	342.55	341.967	336.902	332.099	325.342	314.805	302.561	289.594	277.568	273.375	281.59	295.816	305.428	308.227	311.989	322.211	333.528	340.17	347.295	363.883	389.051	407.837	403.889	381.074	361.25	354.7	349.608	334.686	314.286	298.214	292.904	301.624	318.227	325.966	314.093	291.528	276.206	273.4	274.974	277.132	283.052	290.764	294.932	297.311	302.384	306.304	300.536	285.938	276.79	287.388	314.768	339.468	345.334	335.009	325.7	328.988	337.42	337.1	326.216	314.291	311.517	320.579	333.186	337.622	328.818	308.602	284.838	270.199	271.962	285.267	299.679	307.145	305.315	297.374	287.464	279.054	275.927	276.89	274.788	267.274	261.139	262.097	266.782	269.301	269.624	269.119	267.404	269.761	284.586	310.063	332.774	338.873	324.785	300.992	283.77	279.538	280.347	272.825	247.73	208.215	167.429	131.36	94.7155	
114.886	178.128	229.731	258.694	266.415	257.83	238.212	219.328	217.729	241.08	281.988	327.77	369.98	402.462	415.563	401.551	369.527	342.34	332.54	332.216	326.644	312.507	302.207	307.672	324.276	336.727	337.933	334.995	335.281	336.977	335.671	328.61	313.462	293.45	279.144	277.337	285.187	297.704	313.416	331.834	347.877	353.905	350.469	347.177	352.172	365.041	374.342	366.673	345.746	330.005	327.783	329.641	325.673	317.369	311.562	313.478	324.178	334.494	328.823	304.392	278.62	270.238	278.533	289.244	297.194	309.06	324.483	332.154	326.473	313.216	298.621	284.711	274.557	274.433	289.048	313.653	333.94	339.53	334.718	332.769	339.788	345.929	338.806	321.72	308.913	308.428	317.14	327.221	332.009	326.733	309.265	285.258	268.021	267.055	280.029	298.199	313.781	321.852	320.344	309.244	292.082	276.152	264.766	255.123	249.184	255.293	272.079	283.349	279.599	271.111	269.28	272.972	279.751	291.21	304.783	313.08	310.368	295.682	275.808	264.735	270.323	283.818	287.813	271.366	238.551	200.867	160.866	114.383	
119.829	192.108	257.481	299.24	313.318	305.203	283.66	261.995	257.385	278.33	315.891	352.727	379.174	396.749	404.151	392.505	364.894	342.263	338.241	342.644	335.418	312.241	291.721	292.862	312.894	333.001	339.81	336.414	333.041	334.575	339.633	342.072	333.683	314.272	293.674	279.487	273.648	279.778	301.581	333.524	359.324	366.659	360.923	354.668	352.396	352.376	349.421	337.982	322.101	312.513	312.324	315.163	314.677	310.699	308.274	313.265	325.566	332.644	318.661	286.336	259.273	257.103	275.364	295.042	308.553	324.907	346.376	357.673	346.968	321.635	297.083	282.426	278.516	282.595	293.181	308.226	321.193	326.982	328.358	331.798	338.77	340.921	329.964	312.74	304.004	306.92	313.932	321.967	333.082	342.045	336.348	312.887	285.563	270.317	270.906	283.828	304.864	325.858	335.157	325.655	301.671	276.565	260.196	252.837	254.724	269.63	291.095	300.32	290.986	279.47	279.535	287.559	295.665	299.464	295.293	282.743	267.215	254.298	247.554	252.666	271.822	295.018	306.339	297.435	272.575	239.056	195.473	139.206	
123.788	199.456	270.699	319.385	339.398	337.255	322.675	305.564	299.749	314.987	344.053	367.444	374.704	374.525	375.609	371.5	358.24	348.144	352.557	363.459	359.792	332.737	300.73	290.818	309.328	337.468	351.829	345.744	330.715	322.085	326.642	337.401	339.593	326.805	305.002	281.044	261.432	258.412	281.914	324.192	360.748	374.589	372.593	367.598	360.534	349.49	337.085	326.055	318.919	316.916	317.001	314.982	308.672	298.913	291.661	294.507	306.152	311.618	295.945	264.541	241.212	243.495	265.675	288.524	303.699	320.52	343.513	357.437	347.445	320.615	296.503	286.721	288.793	294.47	300.407	307.915	315.862	321.764	325.882	330.033	334.393	333.314	321.33	306.471	302.817	310.324	318.796	328.533	348.893	375.424	384.805	361.586	318.901	281.572	262.078	263.22	284.331	313.941	332.313	328.196	307.741	287.09	277.266	277.44	283.622	295.033	306.284	306.093	294.612	287.27	292.788	304.461	311.876	306.966	286.399	256.487	231.099	220.683	226.33	244.841	271.165	296.317	310.783	310.133	295.561	267.728	222.429	159.589	
124.909	196.817	263.852	312.161	338.04	346.779	343.266	331.46	323.192	331.594	352.894	366.797	361.037	347.374	342.736	346.86	351.491	356.802	368.159	383.026	385.765	363.146	326.664	306.229	318.026	347.621	366.189	358.37	333.199	312.7	311.871	325.186	333.55	325.738	304.36	275.433	248.664	241.385	265.847	312.255	353.449	372.21	374.844	371.479	361.397	345.404	332.352	328.36	331.951	337.199	337.176	328.82	313.307	294.13	279.204	276.684	283.992	286.973	274.292	251.429	236.339	240.973	260.21	279.678	292.851	306.788	326.642	341.076	335.5	313.889	294.651	289.322	294.026	300.084	305.712	313.184	320.644	324.796	326.572	329.464	334.239	334.49	324.424	312.194	311.909	323.906	337.566	352.007	378.3	415.064	434.836	411.493	354.089	294.882	256.043	245.129	261.599	291.422	312.997	316.615	309.68	304.936	308.272	315.964	321.596	322.206	316.845	305.463	294.33	294.048	306.477	322.798	331.281	321.393	291.235	252.745	223.563	213.936	222.132	240.224	260.811	279.63	295.025	304.659	302.993	282.042	235.902	168.844	
123.834	189.33	247.76	291.549	321.841	340.76	344.478	332.193	318.22	320.151	336.597	347.702	340.03	323.912	318.389	328.001	344.214	359.578	373.951	389.085	397.198	384.6	354.35	331.762	336.677	360.589	377.763	371.15	345.476	321.531	316.759	327.171	333.288	323.396	299.741	268.755	241.724	235.988	260.36	302.071	336.891	353.043	356.25	352.502	341.804	329.089	324.119	329.565	340.43	350.1	352.015	343.232	325.746	304.335	286.82	279.071	278.204	276.088	267.949	257.067	251.807	256.904	269.181	282.165	292.57	303.436	318.796	332.47	331.578	315	297.257	290.631	293.197	298.401	306.296	317.496	325.355	324.935	322.433	327.591	339.706	345.937	338.146	326.059	325.724	340.722	361.707	382.752	410.602	447.481	469.391	444.675	376.305	301.06	250.077	232.78	244.64	269.991	290.647	301.142	308.214	318.541	332.588	345.633	350.879	343.853	327.091	309.267	300.133	305.791	324.139	345.592	356.909	346.041	313.179	274.043	246.089	235.277	236.693	242.614	248.516	255.606	268.104	284.829	294.02	279.245	232.688	163.503	
124.906	185.614	236.299	274.458	305.849	329.427	333.603	315.879	295.06	291.283	303.646	315.236	314.562	308.122	309.5	321.676	337.95	352.783	366.073	380.267	391.663	388.843	369.679	352.022	354.09	372.226	387.412	385.364	367.054	347.371	341.101	345.391	343.817	327.589	300.731	270.718	248.209	246.23	267.367	297.204	317.813	324.599	322.968	316.038	306.37	301.654	306.994	317.785	328.459	337.913	343.425	341.593	332.849	320.64	309.367	300.086	291.084	283.695	280.407	281.086	284.437	288.883	293.854	300.562	308.451	316.694	327.883	340.049	341.889	326.983	305.643	292.727	290.531	293.689	301.355	311.801	315.967	310.373	307.663	322.356	348.912	364.555	357.442	340.502	334.385	347.487	372.657	399.381	428.358	462.909	483.705	457.716	383.392	300.118	245.677	229.225	240.468	262.209	280.563	293.51	306.145	321.113	337.638	352.798	359.859	352.391	334.079	317.387	312.456	322.844	345.536	370.348	382.722	371.74	340.359	304.708	279.304	266.329	259.868	254.306	247.195	241.392	244.376	258.267	270.315	259.072	213.965	146.513	
127.462	184.834	229.117	261.012	289.677	313.05	316.208	296.555	274.124	267.372	275.002	285.72	293.043	299.976	311.506	324.648	333.833	340.537	349.897	364.176	379.229	384.234	373.611	359.172	358.477	373.612	390.77	395.655	384.744	367.778	358.068	355.865	348.922	330.581	305.919	282.886	269.033	270.573	285.481	302.035	309.418	306.78	298.036	285.817	275.79	276.368	287.155	297.564	302.985	308.664	316.224	321.926	324.504	325.576	324.994	318.989	308.023	301.106	304.105	313.035	321.032	324.461	325.804	330.252	336.495	340.426	344.99	352.414	353.47	338.118	312.738	293.723	286.719	286.226	288.763	291.503	288.374	280.89	284.881	314.279	357.632	383.598	376.287	351.409	334.825	339.193	360.277	387.865	419.801	456.778	479.701	455.983	382.871	300.269	248.601	236.686	250.543	271.374	287.079	296.953	305.451	314.973	326.918	341.043	350.529	347.25	334.178	323.413	324.016	338.771	364.163	388.584	398.177	386.749	359.236	327.23	301.161	284.872	276.226	269.71	258.705	242.981	232.269	234.326	240.764	230.441	190.135	128.977	
127.417	181.726	220.18	244.388	266.294	287.505	295.21	284.965	270.934	265.678	268.03	273.788	282.455	295.293	311.629	324.655	328.395	327.569	331.871	346.085	366.452	380.338	376.351	360.216	351.825	362.547	382.737	393.329	384.743	364.868	349.724	344.976	341.316	329.982	313.914	301.156	296.447	300.088	308.732	316.641	318.434	311.76	297.172	278.454	264.158	262.845	272.105	279.315	279.806	281.603	289.031	298.277	307.443	317.686	325.538	324.307	317.104	316.206	325.479	337.358	345.08	348.358	352.497	361.266	368.356	366.7	361.507	360.046	356.543	340.109	313.842	292.335	281.457	275.884	271.263	265.548	257.563	253.046	266.384	307.064	359.829	390.891	383.659	354.424	329.28	321.504	331.086	353.76	388.009	429.723	457.464	440.851	377.39	303.472	257.69	249.939	266.688	288.357	301.97	306.2	306.3	307.222	313.218	325.705	337.857	340.566	334.905	330.63	335.754	352.559	375.649	392.704	394.966	383.59	362.507	333.938	304.113	283.934	278.715	279.963	272.291	251.626	230.043	219.544	217.239	206.855	174.117	121.736	
126.287	177.837	211.146	226.814	239.359	258.195	276.055	283.824	284.575	283.548	280.64	278.155	280.887	290.277	304.356	316.907	321.008	317.96	317.302	328.906	353.82	378.023	381.774	362.889	343.938	346.85	366.353	378.277	368.742	346.388	329.794	328.182	333.628	333.036	324.914	317.815	317.079	320.942	326.626	333.237	337.495	332.636	315.052	289.925	268.633	260.652	264.672	268.891	267.286	267.092	273.804	284.049	296.131	311.592	324.584	326.293	321.687	323.662	333.027	341.281	345.973	352.027	364.587	381.679	391.787	386.99	374.785	365.87	357.506	339.961	314.942	293.902	280.49	269.87	259.555	250.07	243.133	244.245	263.269	305.063	353.955	380.926	374.51	349.061	322.567	304.209	299.876	314.134	346.699	389.045	419.954	413.564	365.897	305.295	266.237	261.32	279.922	302.566	315.123	315.567	310.393	306.698	309.594	320.91	335.007	343.235	344.887	347.031	355.469	369.62	381.526	381.779	371.334	359.387	346.848	325.095	295.218	274.256	273.911	282.264	277.771	256.61	232.855	217.58	209.633	198.755	172.258	126.587	
128.653	177.834	206.679	214.896	218.83	234.654	259.937	281.666	294.609	299.317	295.67	288.136	284.547	288.298	298.476	311.158	319.21	318.222	313.949	320.373	344.997	374.465	382.814	361.784	335.097	330.52	345.567	355.341	346.828	329.348	318.437	321.533	332.171	336.541	330.622	323.158	321.168	323.738	329.678	340.412	352.047	353.175	336.207	306.963	279.743	265.767	265.496	268.821	267.822	266.551	270.858	279.621	292.619	311.688	328.931	332.96	327.885	325.467	325.896	324.375	325.177	336.566	359.414	384.703	399.128	397.014	386.633	377.891	368.035	349.072	324.67	305.435	291.967	278.05	263.355	252.526	249.007	255.051	275.08	310.319	346.618	363.523	358.219	342.156	320.984	297.215	282.057	287.888	315.121	353.022	384.106	387.67	355.721	307.097	273.204	269.965	288.877	310.694	322.374	323.557	321.388	321.064	324.292	332.525	343.806	352.722	358.984	367.908	380.587	390.016	386.256	366.145	340.696	325.333	319.712	308.352	286.147	269.449	271.539	280.195	275.41	257.788	241.247	230.678	221.644	207.996	181.423	136.632	
131.671	179.004	204.784	208.521	206.723	217.354	239.974	262.472	280.186	293.662	299.702	297.617	293.776	294.416	301.717	314.913	328.432	333.656	330.064	330.511	346.383	368.2	371.429	347.807	319.655	312.033	322.047	329.049	324.909	317.63	315.18	319.939	327.955	330.507	325.08	318.028	314.039	313.382	318.707	333.899	353.605	362.234	348.868	319.466	290.444	274.076	272.071	276.5	277.902	275.558	274.623	278.023	288.733	309.126	330.37	338.69	334.435	326.051	314.322	300.391	295.433	309.548	339.489	371.615	392.726	399.369	398.8	396.975	388.28	366.376	340.122	323.088	313.431	300.411	282.902	269.648	267.169	275.615	294.721	322.209	345.34	351.812	346.683	339.579	326.954	305.186	286.565	287.232	309.029	341.712	371.463	380.673	357.496	314.555	282.643	279.85	297.324	315.645	325.218	330.432	338.946	349.568	355.886	358.096	360.198	362.618	367.728	380.616	397.445	404.656	391.734	360.606	326.2	305.672	301.034	297.279	284.658	273.086	273.404	277.311	272.109	261.946	256.617	253.41	243.805	224.117	191.442	142.993	
127.078	173.458	199.013	202.07	197.463	201.63	214.774	229.3	246.796	270.807	293.783	305.469	306.323	304.576	307.824	320.814	341.731	359.312	363.826	360.224	360.318	362.726	352.889	327.375	303.875	298.495	305.772	310.459	309.133	308.256	310.49	314.255	317.25	317.324	315.529	313.563	309.812	304.914	306.62	322.111	345.497	359.026	350.51	325.471	299.147	282.498	278.592	283.146	287.043	285.039	279.565	276.41	282.714	302.876	328.225	342.37	340.903	329.405	309.462	285.597	272.654	282.831	313.597	350.709	379.611	395.991	405.871	412.339	406.51	381.652	350.967	334.006	330.53	324.799	310.029	295.397	291.433	299.49	316.504	336.995	349.64	348.491	343.108	341.801	337.294	322.52	306.777	305.884	324.495	354.504	382.495	391.115	368.033	325.095	293.538	291.384	307.923	322.578	328.477	336.064	355.443	378.601	389.118	385.362	378.056	373.361	374.403	384.946	399.452	404.179	391.685	365.254	334.762	312.641	304.108	300.298	291.356	281.04	277.177	277.048	274.852	273.316	275.084	273.023	258.875	231.693	192.325	140.7	
113.501	159.624	187.862	193.975	190.055	190.827	197.358	205.797	222.357	253.239	288.804	311.813	316.281	310.277	306.669	316.851	343.915	375.754	393.752	391.877	379.246	363.276	342.349	318.605	303.499	303.764	311.418	314.02	309.941	306.532	307.496	309.698	309.157	307.179	308.927	313.569	313.726	308.181	306.238	316.743	335.818	348.798	345.609	329.098	308.178	290.692	282.544	284.519	289.867	290.49	284.185	276.605	279.409	300.678	331.146	350.033	349.301	335.829	313.639	286.278	266.975	269.91	297.204	336.154	368.588	387.238	399.442	410.617	410.757	388.23	353.677	332.234	331.98	336.925	331.806	320.366	315.45	322.052	336.227	350.066	354.4	348.696	344.236	346.808	347.493	338.239	325.271	323.162	340.015	369.521	395.343	399.084	372.003	328.78	299.466	299.84	318.216	332.444	334.804	339.636	361.41	389.538	401.604	395.87	388.414	386.894	388.558	391.52	392.744	387.612	376.988	364.356	350.041	335.874	325.552	316.638	304.192	290.894	283.521	283.339	287.135	292.153	293.588	283.848	259.648	224.158	180.235	128.758	
98.8139	145.136	177.927	190.573	192.201	196.084	203.808	212.296	227.863	257.288	292.397	315.931	319.073	307.825	296.918	301.486	327.813	365.749	394.574	400.97	388.247	366.883	344.402	327.015	320.749	326.127	335.04	336.472	328.029	318.519	315.596	315.766	311.378	304.507	305.22	314.713	322.413	322.063	319.155	321.716	330.065	337.452	338.482	331.488	316.646	299.162	288.38	288.41	294.076	296.26	289.439	278.872	280.342	304.429	339.286	359.824	357.127	342.449	323.186	299.381	279.203	277.52	300.93	337.675	365.391	374.529	376.967	385.694	393.42	381.39	349.611	322.839	319.838	331.257	336.404	330.821	326.857	333.705	347.628	358.021	356.867	347.836	343.728	348.568	351.893	344.608	331.25	326.756	342.307	371.485	393.651	390.502	360.059	320.589	297.403	301.427	321.994	337.865	338.852	338.649	353.812	375.42	383.635	381.054	385.478	399.059	407.33	400.741	382.484	362.14	349.957	350.315	356.985	360.083	355.017	341.586	322.11	303.094	292.729	294.454	304.754	314.826	313.028	291.789	253.84	207.778	159.055	109.296	
91.51	139.393	177.678	198.373	208.436	219.922	234.041	245.929	258.433	277.123	298.389	311.81	310.733	298.326	286.045	286.653	305.821	337.807	368.437	384.116	380.746	364.785	347.613	338.179	338.137	344.143	351.072	351.839	343.188	332.546	328.888	328.44	320.739	307.925	304.797	316.817	332.006	338.431	336.59	332.824	330.716	330.734	332.01	330.027	319.899	306.439	300.074	302.486	306.38	304.061	292.585	279.794	282.802	309.696	345.099	364.173	360.828	349.014	336.622	319.962	302.896	300.04	319.674	349.649	365.535	358.037	343.975	344.181	356.992	359.94	340.393	314.752	306.615	316.036	323.953	320.788	317.01	325.086	342.295	355.179	354.011	343.031	336.532	340.765	346.284	341.799	329.216	324.087	339.19	366.119	381.107	369.111	336.783	304.908	290.663	297.226	315.799	330.645	332.235	330.361	337.625	346.984	348.285	352.169	373.42	403.379	416.993	401.609	368.709	338.91	325.873	333.857	356.543	377.316	381.248	366.363	340.786	315.727	301.716	303.718	318.046	332.416	329.805	300.691	251.129	194.412	139.478	89.9152	
93.026	144.67	188.403	214.986	230.738	248.001	268.017	282.93	289.777	292.131	293.317	293.784	292.26	288.439	285.091	286.868	297.188	316.581	340.92	359.992	363.513	352.259	339.583	336.603	340.377	342.819	342.097	338.626	331.854	326.601	329.34	334.72	329.614	314.586	307.216	317.689	335.151	344.922	344.732	339.531	333.497	329.589	328.492	325.634	317.245	310.412	313.638	320.693	319.023	305.564	286.806	275.258	284.143	313.508	345.288	360.744	359.832	355.658	352.209	342.958	330.233	327.323	340.799	358.772	360.263	339.14	313.281	305.934	320.658	336.663	333.687	316.8	305.65	306.296	307.165	299.99	293.335	300.223	319.601	337.742	342.547	334.324	325.533	326.713	334.082	335.716	328.94	327.072	342.149	364.087	369.521	349.199	316.826	293.062	286.534	292.729	304.454	314.01	316.598	317.646	321.321	320.695	316.947	327.959	361.466	398.15	410.497	390.422	355.528	328.16	317.843	327.754	356.417	386.934	397.197	382.156	352.851	323.664	306.881	307.828	322.375	337.913	336.532	307.206	255.049	193.631	133.674	81.4841	
97.5227	153.292	200.867	229.636	245.915	263.515	285.388	301.427	302.457	290.361	275.872	269.504	274.547	286.399	297.014	302.032	304.622	312.112	327.395	342.47	344.471	332.299	321.64	324.738	333.249	331.949	319.447	305.393	297.451	300.05	314.644	332.032	335.533	321.942	308.964	311.713	323.928	331.863	332.188	328.898	325.84	325.083	325.048	320.799	312.479	311.024	322.445	332.017	322.093	295.992	272.178	266.754	284.486	315.263	340.545	350.726	352.7	356.889	361.878	360.209	354.113	352.451	356.825	358.729	347.873	323.246	297.734	289.656	304.877	327.596	337.314	331.107	319.276	308.136	296.19	282.32	273.05	277.36	294.758	314.874	326.415	324.938	316.983	314.609	321.936	330.341	332.336	335.374	349.408	365.961	365.944	344.443	315.893	297.461	293.008	295.234	298.743	302.297	305.757	310.523	313.032	306.908	301.759	317.721	354.033	385.844	392.027	373.311	347.821	330.866	324.849	333.008	359.933	391.761	403.44	386.974	354.127	322.132	305.454	308.347	323.234	336.907	335.501	310.842	265.027	206.529	144.585	87.8678	
99.5193	156.462	204.883	234.136	249.644	265.197	286.031	301.985	300.129	281.78	262.4	256.745	268.583	290.185	307.945	313.818	312.34	313.997	322.693	330.783	327.375	313.971	307.578	318.842	334.078	331.288	307.787	281.69	270.764	279.909	303.85	329.309	338.831	326.656	307.894	299.981	302.154	304.002	302.262	300.467	302.813	310.241	317.048	315.604	308.661	310.769	326.85	337.241	321.347	287.099	261.855	263.083	286.672	315.011	332.16	336.869	339.924	348.021	356.653	360.977	363.55	365.7	362.35	350.482	333.46	315.293	300.201	296.78	310.161	331.165	345.304	346.561	334.654	312.418	288.345	271.111	264.954	270.766	285.361	302.185	314.253	316.546	310.384	305.636	311.918	325.739	335.834	342.113	353.236	366.709	369.586	356.666	336.192	320.021	312.188	308.377	305.859	306.333	310.476	315.806	315.841	307.205	302.725	318.937	348.687	368.459	367.307	353.301	340.793	335.703	334.792	341.32	362.72	389.058	397.597	378.868	343.041	309.499	295.995	305.999	326.107	339.239	336	314.832	276.793	224.041	162.505	101.939	
98.8841	154.094	202.006	233.567	251.791	267.463	286.701	301.52	299.726	283.419	267.927	264.871	274.652	290.015	301.495	305.096	305.723	310.211	318.128	321.733	315.264	304.862	306.564	326.448	347.034	344.27	315.939	284.945	273.908	285.512	308.346	328.976	335.635	324.085	304.337	290.406	284.215	279.757	275.464	274.532	280.907	294.884	308.16	310.73	306.348	311.417	330.542	342.748	326.452	290.726	266.295	270.312	293.245	315.616	326.656	329.291	331.831	336.361	339.646	343.137	350.552	356.843	352.292	337.461	323.313	315.792	312.23	312.411	319.325	331.099	342.624	347.71	336.73	307.975	277.108	261.403	264.004	277.524	292.833	304.124	309.607	308.744	302.125	296.249	302.021	320.111	337.024	345.404	353.053	365.341	375.379	374.685	363.48	349.372	338.247	329.905	324.271	323.421	326.016	327.543	323.841	315.375	312.546	324.585	342.11	348.243	340.735	330.356	327.036	331.093	336.59	343.789	357.24	371.346	372.285	353.062	319.918	289.933	281.828	299.471	326.459	342.129	338.579	319.105	285.85	237.679	177.83	115.637	
97.3843	151.885	202.474	240.782	265.908	283.773	299.468	308.952	305.969	294.78	285.815	282.815	282.334	280.887	278.653	279.341	286.601	299.645	311.938	315.632	309.749	304.25	313.057	337.252	358.332	355.803	330.399	304.385	296.743	305.265	316.702	323.06	322.011	312.664	298.642	286.577	278.201	272.16	269.766	272.79	281.625	294.805	305.485	306.415	302.842	309.8	329.886	342.95	329.389	298.314	278.763	285.029	305.349	323.283	334.051	339.648	340.568	335.315	326	321.089	325.717	333.429	334.708	329.214	324.278	323.278	322.716	320.165	317.307	317.64	324.25	332.116	325.667	298.499	267.649	255.177	266.218	289.097	307.872	314.437	311.278	304.058	295.04	287.47	291.239	310.784	333.452	346.206	353.407	365.09	379.446	386.37	381.975	372.177	362.637	353.727	346.529	342.938	340.549	336.312	330.279	324.336	323.467	330.146	336.143	332.332	321.234	312.182	311.718	319.159	328.445	335.333	339.051	338.153	330.423	314.795	293.139	274.481	272.378	290.891	317.735	335.768	337.19	323.285	294.673	249.638	190.841	127.209	
96.9419	154.452	212.582	260.765	293.273	311.442	318.584	315.762	306.451	298.249	294.252	289.588	279.484	265.729	255.974	257.651	271.001	289.471	304.484	309.595	306.045	304.599	316.585	339.811	357.644	355.895	337.972	320.842	315.204	315.496	312.69	306.62	301.102	295.978	289.579	282.74	277.103	275.595	282.025	294.789	306.629	312.091	309.71	301.486	295.718	302.442	319.34	328.597	317.056	295.69	288.141	301.823	322.958	339.808	353.19	362.407	360.193	344.363	323.735	310.83	310.48	318.352	328.517	336.719	339.813	336.495	328.195	317.665	306.963	300.075	303.126	313.607	315.627	298.621	274.243	264.128	277.673	304.376	324.255	326.717	317.075	305.311	294.39	284.414	283.813	300.875	326.911	345.941	355.903	365.834	377.888	384.905	384.009	380.207	375.825	368.992	361.436	355.657	349.861	343.36	337.768	333.293	331.575	333.552	333.948	328.3	319.511	312.837	311.273	314.431	318.254	318.064	311.796	300.916	290.097	282.861	277.624	273.379	274.664	284.954	301.471	318.423	329.487	327.499	306.023	262.997	202.915	135.972	
100.071	162.184	227.938	283.669	319.765	334.589	330.127	311.995	292.741	283.512	281.991	277.573	266.22	254.177	251.065	260.258	275.312	288.315	296.245	298.369	297.195	300.896	315.841	336.879	351.349	351.986	342.142	330.31	319.926	307.784	293.829	283.322	278.788	277.018	274.251	270.548	269.139	275.702	294.755	320.553	337.489	335.325	318.556	299.912	290.717	294.676	304.183	305.322	294.067	284.517	293.067	317.694	341.775	357.444	370.013	378.099	371.315	349.403	326.171	313.912	313.829	322.772	338.861	355.507	361.141	350.989	332.664	316.274	304.309	296.451	296.829	306.915	316.46	313.133	299.27	290.702	299.809	321.025	335.821	333.741	321.047	308.396	298.098	288.356	286.13	301.143	327.875	349.721	359.258	362.608	365.674	367.625	368.513	370.372	370.503	366.025	360.931	358.473	356.285	353.417	349.723	342.839	335.002	331.292	330.93	331.314	332.786	334.414	333.331	327.735	317.236	303.283	288.708	276.24	270.066	273.479	281.691	286.333	285.672	283.421	285.616	298.289	317.601	327.121	311.96	269.983	208.516	139.18	
105.8	169.388	236.159	292.673	328.801	340.897	329.006	300.545	272.817	259.836	259.016	258.75	255.125	255.351	267.257	286.689	299.507	299.172	292.476	287.568	289.041	300.399	319.626	337.362	346.983	349.797	347.415	337.782	318.677	293.149	271.281	260.428	257.606	255.775	251.986	248.833	251.613	266.075	294.936	330.026	352.584	350.298	330.257	309.599	298.849	296.709	294.631	285.324	273.095	273.368	295.111	328.081	353.869	367.381	376.294	380.088	369.38	346.594	328.015	323.37	327.788	336.353	350.884	367.127	371.406	357.715	337.265	323.886	318.1	313.264	309.908	314.23	324.824	331.104	327.089	319.963	321.162	330.144	334.546	327.904	316.147	306.597	299.703	294.21	296.418	313.837	340.209	359.012	361.428	353.07	343.733	338.84	340.597	346.91	350.87	350.339	351.335	356.109	360.27	362.039	360.055	350.15	335.028	323.811	321.111	327.629	342.167	357.206	362.061	351.19	327.474	300.945	281.699	272.733	274.035	285.407	299.14	304.166	298.285	286.77	279.208	286.894	307.233	318.915	303.979	262.752	204.208	137.822	
108.664	168.598	228.567	279.765	315.344	329.65	318.879	289.095	258.456	242.95	243.024	248.687	254.392	265.227	287.408	312.996	323.893	315.092	300.129	293.078	299.217	316.636	334.869	341.859	339.601	340.122	344.43	340.071	317.899	284.414	256.896	244.309	240.492	236.861	231.594	229.032	235.222	253.603	283.494	317.634	342.103	347.505	339.423	329.76	321.774	310.892	294.24	274.483	261.161	267.07	294.578	329.329	354.218	366.723	374.588	377.301	366.703	346.026	332.106	333.382	340.413	345.338	352.686	362.763	363.814	350.63	335.84	332.678	337.599	338.445	332.74	329.991	336.259	344.849	346.227	340.449	334.416	329.495	321.319	311.209	305.024	302.938	300.64	298.576	304.647	324.297	349.53	364.148	359.618	341.682	322.276	310.733	311.278	320.61	330.298	337.385	345.695	354.769	360.324	363.057	362.997	354.669	337.841	320.562	311.316	316.951	338.276	363.696	376.26	366.578	338.731	308.16	289.635	285.727	292.289	305.528	316.879	317.303	307.741	294.234	284.378	288.12	302.749	307.435	287.641	248.409	197.96	139.213	
104.882	158.145	208.466	252.318	286.797	305.146	300.693	277.378	251.725	239.422	242.358	251.243	259.191	270.404	292.133	318.051	331.183	327.057	319.189	320.476	332.853	349.451	356.32	343.958	323.808	317.107	325.77	330.398	314.449	282.254	253.189	238.706	234.156	231.626	228.757	228.725	235.886	250.527	270.186	292.228	312.141	326.252	336.846	345.502	344.808	328.165	301.465	276.885	264.761	272.073	296.418	324.235	343.541	355.189	365.795	373.375	368.808	352.385	339.179	339.342	344.619	346.166	348.115	352.122	348.624	334.786	324.337	329.27	343.915	353.55	352.502	349.12	352.078	358.726	361.222	356.401	345.035	327.254	306.994	295.834	299.882	309.172	310.907	306.054	306.786	321.239	343.222	357.405	353.621	334.508	310.888	294.006	290.933	301.01	316.856	332.325	345.504	353.83	356.556	358.728	361.74	358.858	346.187	327.936	313.676	315.415	336.447	363.281	376.74	367.443	341.145	314.769	302.907	305.766	315.149	324.393	327.043	320.254	309.336	298.978	291.572	293.058	301.069	298.687	276.494	242.312	201.178	148.881	
96.5332	142.802	185.458	223.305	254.491	273.023	274.1	261.58	248.118	244.871	251.315	258.012	259.995	264.438	280.952	305.874	325.236	334.174	341.7	355.071	370.967	379.826	370.235	339.146	304.318	290.636	300.733	313.089	307.03	282.795	257.918	245.61	244.374	247.083	249.696	252.649	256.683	259.707	261.596	266.607	277.897	295.398	318.307	340.777	349.012	335.87	312.083	293.1	286.23	292.563	307.198	320.456	328.125	335.729	348.97	364.038	369.483	359.676	344.797	337.935	338.554	340.902	344.762	347.185	339.465	321.792	308.775	313.038	331.621	350.904	360.91	363.899	367.092	371.819	374.57	371.074	356.103	328.153	299.53	291.316	308.21	329.35	333.162	320.378	308.521	311.953	328.813	344.541	345.658	329.722	305.428	285.534	279.274	288.594	308.069	329.072	344.769	351.717	352.644	355.156	360.734	362.454	355.49	341.804	330.283	333.734	354.127	375.412	379.2	361.632	334.49	315.578	315.035	327.171	338.4	339.62	329.011	312.645	300.233	293.717	289.896	291.111	296.586	294.287	277.098	250.315	214.441	162.416	
88.8898	129.441	167.396	201.267	228.006	243.655	248.048	246.328	246.273	251.971	259.08	259.525	253.175	251.505	265.279	291.595	318.38	339.338	358.041	377.036	390.746	390.505	369.76	330.34	290.659	274.347	284.58	300.977	302.439	286.991	269.731	263.797	268.504	275.856	280.94	283.11	280.313	270.002	256.558	249.261	253.397	268.444	291.523	316.06	330.237	327.974	317.857	311.639	312.764	318.976	324.369	322.725	316.718	316.74	329.027	349.162	363.778	361.128	344.848	329.842	325.93	333.191	344.854	349.625	339.01	316.618	297.37	295.003	311.476	336.368	355.567	363.966	367.006	370.674	375.584	375.752	360.771	328.721	298.708	296.874	323.98	351.23	353.432	332.925	311.016	306.052	318.459	333.459	335.316	319.057	293.72	273.753	267.776	277.382	299.084	324.712	345.211	355.243	356.874	357.95	362.046	365.439	364.493	359.447	356.907	367.13	388.131	400.801	388.614	355.885	323.841	312.239	324.484	346.239	357.789	348.964	324.448	299.073	284.911	280.489	278.772	280.533	287.455	291.429	283.914	263.536	226.888	169.66	
85.5047	123.146	158.933	190.429	214.632	230.05	238.399	243.955	250.885	258.755	261.83	255.203	243	238.617	252.402	281.326	313.814	341.083	361.998	377.782	385.793	381.454	361.306	326.521	290.989	275.502	284.972	301.716	305.765	295.011	283.629	283.535	291.628	297.743	298.441	295.345	286.193	269.171	251.074	241.188	242.548	252.852	268.765	286.806	301.243	307.868	310.493	315.626	324.279	332.981	335.509	327.083	313.168	306.673	315.53	336.285	354.882	356.329	339.918	320.885	316.156	329.82	348.998	355.494	341.996	315.942	292.206	283.626	294.766	318.537	339.13	346.483	345.433	346.653	354.424	361.399	353.268	326.826	302.698	306.311	334.594	357.507	353.628	329.054	305.238	299.083	309.806	321.874	319.744	300.237	275.216	259.255	257.26	268.782	292.714	323.618	352.237	369.86	373.694	370.201	368.119	370.595	375.786	380.303	386.147	400.346	418.736	421.395	394.018	347.665	311.334	305.762	327.644	355.23	364.925	347.617	314.087	284.305	269.681	265.958	264.775	266.981	276.469	287.279	287.745	269.953	228.883	165.743	
85.9963	124.297	160.755	192.157	217.562	237.403	250.904	258.644	263.589	265.748	261.424	249.095	234.695	230.677	245.635	275.701	309.128	335.75	352.041	360.032	362.574	360.608	351.276	330.55	305.133	292.456	299.325	311.794	312.671	300.894	290.04	290.137	295.243	294.314	287.451	280.144	270.727	256.731	243.567	237.381	238.716	245.331	254.972	266.146	276.44	283.155	288.567	297.73	310.971	323.955	330.49	326.148	314.943	308.092	314.287	331.775	347.884	349.07	334.283	317.495	316.27	334.461	356.141	361.652	345.907	318.547	293.443	280.695	284.601	301.216	316.568	318.86	311.729	308.229	316.564	331.195	336.061	323.801	309.848	314.684	334.265	344.499	332.469	307.453	287.308	284.045	294.629	303.636	298.019	279.155	261.212	255.164	260.032	273.539	297.259	329.228	361.985	385.397	392.078	385.341	376.647	375.22	382.363	392.264	401.846	414.969	427.612	421.448	384.595	332.119	295.816	294.186	319.117	346.735	354.118	333.867	298.82	269.317	255.743	253.819	255.054	259.145	270.107	283.086	285.217	265.895	220.533	154.555	
86.9717	127.933	167.43	201.654	230.992	255.675	271.341	275.997	273.757	267.409	255.993	240.37	227.365	227.701	246.218	275.605	303.968	323.943	333.352	334.182	332.518	334.237	336.964	331.924	319.535	312.2	315.477	319.544	313.269	297.656	283.633	278.338	275.645	266.797	255.493	249.656	246.972	241.987	236.408	233.749	234.64	239.242	247.11	256.026	261.959	262.093	260.53	265.187	278.173	295.079	309.744	317.169	317.157	315.614	319.931	330.853	340.441	340.18	329.696	319.134	322.044	340.297	359.305	363.18	348.718	324.036	300.057	283.797	278.492	283.771	291.12	290.018	280.76	274.014	280.312	298.803	314.936	317.057	312.867	316.661	325.483	324.04	307.469	285.214	269.661	268.084	276.555	281.63	274.479	261.348	256.333	264.016	277.186	291.959	311.611	337.094	364.226	385.758	394.707	390.489	379.657	371.605	372.82	380.999	391.081	403.148	412.123	401.164	361.242	310.013	277.898	278.449	301.181	325.365	332.361	315.228	283.682	255.709	243.494	245.863	253.28	260.769	269.638	277.097	274.086	251.679	205.335	140.938	
85.356	127.999	169.958	207.489	240.513	266.571	279.084	277.438	268.972	258.217	244.011	227.558	217.498	224.4	248.504	277.15	298.894	312.44	318.505	315.924	309.757	309.777	316.44	320.506	319.172	318.294	318.569	314.001	301.68	284.528	268.426	257.341	247.882	235.379	225.052	224.52	230.217	233.753	233.35	231.45	230.566	233.711	242.091	252.148	256.571	250.609	239.261	234.017	241.56	260.014	283.072	303.386	315.576	319.733	321.26	324.455	328.493	329.744	325.91	321.401	325.414	339.161	352.132	354.159	343.676	325.719	306.619	289.024	274.229	266.302	265.986	267.282	265.118	261.572	264.556	278.242	294.115	300.828	300.958	303.936	308.124	304.671	292.014	276.363	264.963	262.391	265.607	264.631	255.15	246.7	251.97	270.47	290.98	307.795	323.677	340.418	356.342	369.756	379.475	382.353	374.555	359.892	350.029	350.929	359.833	373.012	381.655	369.45	331.083	286.201	261.728	265.556	286.01	307.053	315.446	303.932	276.453	247.972	234.845	240.834	254.739	264.409	266.335	261.646	249.944	226.136	183.453	124.967	
82.2769	124.242	164.832	201.512	234.623	259.228	267.357	261.142	251.691	243.724	232.406	216.693	207.465	217.314	244.171	272.417	292.306	306.882	316.342	313.672	301.527	293.72	295.669	300.682	304.643	307.463	305.251	295.559	282.019	267.263	251.892	238.606	228.02	218.255	212.779	216.662	226.183	233.107	234.654	233.165	232.027	234.355	241.356	250.096	253.669	246.371	230.785	218.07	219.261	237.097	265.205	292.713	310.639	316.552	315.043	313.421	316.432	322.276	324.758	323.682	326.188	334.013	339.917	338.22	330.432	321.256	311.914	297.362	275.033	254.425	248.447	258.146	272.003	278.151	276.298	275.079	276.827	275.979	273.071	274.298	279.26	282.013	279.534	272.924	265.744	262.069	260.642	254.21	240.899	231.605	238.829	261.513	287.951	310.315	328.014	340.522	346.737	350.906	359.698	369.404	366.532	347.663	326.639	317.362	322.337	336.09	345.911	335.975	304.231	270.121	255.854	264.833	284.927	303.882	313.248	305.871	280.4	248.537	230.196	234.871	251.783	261.892	255.451	237.722	218.319	195.541	158.853	107.91	
81.0711	121.318	156.883	186.609	214.027	235.552	242.842	238.194	233.81	233.794	229.255	215.7	204.873	211.647	234.915	260.955	283.089	304.147	319.464	317.212	299.874	284.75	281.021	283.999	288.25	290.326	285.467	274.309	262.787	251.305	237.712	226.098	220.2	217.875	218.282	223.237	230.542	235.307	236.536	237.275	239.863	243.375	245.801	246.763	246.198	241.874	231.793	220.779	220.266	237.204	265.697	292.371	307.939	311.588	308.268	305.682	310.038	319.188	324.726	325.235	327.694	333.493	335.251	329.238	322.064	321.737	324.322	315.049	287.454	256.685	246.643	265.397	296.126	312.506	304.142	283.49	265.348	251.93	242.381	239.661	244.043	251.168	256.266	256.658	253.779	252.242	252.047	245.72	230.333	217.076	220.614	243.061	274.587	305.278	329.387	341.959	341.654	337.956	344.004	356.862	357.85	337.633	308.403	288.851	287.903	301.686	316.095	315.48	297.287	276.324	269.487	279.24	296.545	313.212	323.255	318.383	293.369	256.925	230.175	228.23	244.305	255.154	244.383	219.093	195.916	174.766	142.028	95.7792	
80.5165	119.841	150.556	171.049	188.476	204.69	213.92	216.292	220.859	230.331	234.116	225.268	214.429	217.114	234.312	256.07	277.869	299.743	313.812	309.562	291.711	276.811	272.94	275.32	277.455	275.739	268.127	257.341	248.17	239.108	228.271	221.342	222.247	226.652	230.376	233.872	236.941	237.404	236.137	237.906	244.779	251.039	249.041	239.981	233.419	234.198	236.153	234.844	238.22	254.949	280.117	300.81	310.224	310.434	306.362	303.371	306.172	313.321	318.478	321.632	329.082	339.594	342.708	334.877	328.195	334.751	346.191	340.702	310.851	275.275	262.348	284.106	322.377	342.984	328.697	293.391	259.996	236.906	222.322	215.311	214.913	218.243	222.124	224.068	224.71	228.483	235.396	235.886	223.885	209.804	210.387	230.928	263.958	298.988	326.525	338.162	332.998	324.002	327.183	340.548	344.664	326.752	295.247	270.138	265.502	281.144	304.466	319.298	317.994	307.077	299.022	299.954	308.973	323.399	336.372	335.167	311.209	271.123	235.427	223.608	235.395	247.718	239.168	214.74	192.183	171.553	138.832	92.7698	
76.1924	115.986	145.853	161.051	169.317	178.565	188.583	198.063	211.071	228.468	240.435	239.444	233.806	237.544	252.419	269.924	284.656	294.854	296.427	287.247	274.315	267.664	269.111	272.388	271.426	264.922	254.906	245.407	239.255	234.077	228.376	226.616	230.538	235.25	237.886	240.486	242.791	240.695	234.527	231.86	237.841	245.862	243.657	230.39	220.568	225.146	237.338	247.123	257.878	275.83	296.084	309.131	312.19	309.253	304.561	300.162	298.023	299.184	302.85	310.889	326.615	344.778	352.206	345.082	338.156	345.872	359.274	356.206	330.509	299.402	287.742	307.232	342.157	359.779	341.888	300.517	259.693	231.6	215.229	206.045	199.975	195.053	191.979	191.318	193.395	201.017	214.135	223.25	220.309	212.809	215.457	233.203	260.361	288.903	310.188	316.257	308.118	299.379	303.796	318.436	325.971	314.177	288.566	266.783	263.692	281.807	311.607	337.396	346.567	338.719	324.094	313.228	312.931	325.43	342.035	345.109	323.495	282.474	240.735	219.413	224.547	237.75	236.165	219.302	200.407	179.507	145.128	97.3385	
68.4966	109.478	142.525	158.737	163.111	166.897	175.319	187.314	203.412	223.807	241.575	250.247	254.609	264.19	279.278	291.322	293.702	285.857	271.805	259.066	255.1	260.797	269.533	273.36	268.762	258.087	246.553	238.821	236.682	237.216	236.965	236.549	236.445	235.488	236.095	241.914	248.666	246.481	234.333	223.49	223.84	231.688	233.538	223.645	213.511	216.434	230.425	247.428	266.821	287.938	303.77	309.204	305.859	299.309	294.317	290.714	286.459	283.522	286.453	298.496	319.127	340.403	349.499	342.194	331.284	331.969	340.911	341.993	328.977	312.092	308.307	326.491	354.476	366.176	346.469	304.188	260.711	230.698	214.79	205.459	195.691	184.527	176.214	173.72	175.943	182.825	195.653	209.946	219.026	224.87	234.365	248.109	261.94	273.446	279.849	277.873	271.201	270.684	282.611	299.768	308.348	302.256	287.678	276.901	279.822	298.281	325.383	348.343	355.104	344.597	326.947	312.202	307.212	315.785	330.298	333.251	313.907	276.753	236.911	212.554	212.293	224.523	229.367	220.977	206.083	185.319	150.971	103.257	
62.6589	104.065	140.969	162.25	169.043	171.96	178.4	187.783	199.489	215.487	234.138	251.268	266.177	280.188	291.033	293.004	282.445	261.877	240.516	230.513	238.258	257.072	272.647	276.022	268.108	255.184	243.442	236.807	236.832	240.491	241.589	237.451	230.103	224.413	227.293	240.537	253.212	250.882	233.949	217.376	213.418	220.882	227.407	222.765	211.783	207.702	216.564	236.508	262.84	286.449	298.241	297.097	287.76	277.466	273.742	276.476	278.438	278.003	281.572	293.694	312.031	328.598	333.317	321.996	303.44	292.809	295.314	302.826	306.315	306.098	311.474	329.289	351.36	358.948	339.85	298.935	254.834	224.678	210.407	201.841	190.441	177.175	168.728	168.27	171.829	176.03	184.732	201.933	224.433	246.177	262.434	268.931	265.143	256.585	248.2	241.97	242.567	255.549	277.606	295.232	298.324	291.131	284.703	285.587	295.508	312.816	331.428	342.196	338.311	323.62	309.158	299.177	293.182	293.746	298.224	295.38	278.149	250.371	221.905	203.649	201.472	209.519	214.945	210.705	198.441	179.025	147.571	103.377	
61.7956	101.388	139.349	166.189	179.933	186.701	192.001	195.574	197.848	204.181	219.077	240.804	262.069	274.856	275.479	264.906	246.099	223.572	205.223	201.98	219.429	247.472	267.218	269.866	260.739	248.605	238.502	232.439	231.569	233.152	230.261	220.432	209.034	204.55	213.594	233.235	247.787	243.344	224.635	208.316	204.884	212.815	221.248	218.602	205.472	194.948	199.572	221.444	250.767	272.543	278.951	272.682	259.263	246.434	245.19	257.431	271.379	278.893	284.764	294.982	307.78	316.029	312.317	294.402	269.446	251.447	250.45	263.604	278.687	287.762	295.199	308.135	323.708	330.104	315.534	278.785	235.441	205.525	193.125	186.517	176.073	164.222	158.822	161.986	167.372	170.068	176.914	198.968	234.734	269.07	286.75	282.448	262.815	241.336	227.677	224.787	234.783	258.101	285.164	298.218	290.058	274.194	267.441	273.002	286.41	302.977	316.022	317.921	306.535	290.947	282.446	278.47	270.695	260.939	253.422	244.945	231.881	216.234	202.425	193.714	190.777	191.346	191.44	187.374	177.732	161.522	134.732	96.176	
62.9595	97.5102	131.585	160.753	181.916	194.496	199.109	196.263	189.604	187.496	197.695	219.301	240.643	248.617	240.208	222.322	203.183	186.821	175.578	175.978	193.827	220.68	238.39	239.746	232.045	223.805	218.036	214.73	213.47	210.869	201.552	187.023	176.048	176.158	189.326	208.838	219.881	213.464	197.477	186.259	186.199	194.511	201.964	198.539	184.266	172.161	177.184	201.163	229.505	245.534	245.564	235.639	220.643	207.191	207.652	225.894	248.548	263.043	271.897	281.993	292.4	295.403	284.422	261.231	235.397	218.696	219.4	235.311	252.912	261.124	262.946	266.961	275.333	281.962	274.366	244.589	203.771	173.697	162.19	158.5	151.85	143.948	141.965	146.68	151.566	153.45	161.586	188.728	231.815	270.158	284.444	272.087	246.431	225.115	217.324	222.046	236.356	258.218	278.815	282.144	263.416	239.14	227.472	230.527	242.573	258.606	271.279	272.705	262.823	252.571	250.977	250.503	239.623	221.676	206.723	197.36	190.851	185.501	181.337	177.709	172.557	165.859	160.373	156.492	150.895	139.325	117.473	84.7995	
59.2446	85.6426	110.991	136.563	160.444	176.749	180.873	174.092	163.766	159.247	166.692	184.035	200.202	204.025	194.172	178.512	165.902	158.527	153.255	151.696	159.957	174.766	183.782	182.44	177.091	174.006	174.537	177.043	178.429	173.625	159.676	142.892	133.831	136.458	147.798	160.959	166.79	161.82	152.895	148.435	151.078	158.59	164.235	160.353	147.278	136.794	142.941	166.041	190.031	199.921	195.442	184.116	170.311	158.814	159.7	176.762	198.682	213.757	223.767	235.376	247.516	250.606	237.08	212.411	190.354	180.776	186.503	202.548	216.087	218.088	213.086	210.423	214.179	221.237	219.752	198.389	163.374	134.715	123.146	121.374	118.825	115.136	115.359	119.312	121.972	123.076	132.062	158.537	197.626	230.579	241.45	230.118	210.507	198.567	200.187	209.781	220.128	229.345	234.526	226.94	204.552	180.412	167.899	168.217	177.517	192.028	204.436	207.664	203.58	202.269	208.171	210.814	199.43	179.103	162.409	154.996	154.055	154.024	151.907	147.245	139.457	130.126	123.823	122.024	120.408	113.003	95.9014	69.6297	
46.5839	63.6114	78.6185	95.8776	115.491	130.488	134.026	127.381	119.069	116.893	122.986	133.935	142.972	144.718	139.106	131.072	126.748	126.669	125.09	120.215	117.469	118.462	117.923	113.884	110.349	111.026	116.359	123.769	128.243	123.997	110.113	94.8402	87.6852	89.4746	95.3095	100.888	103.225	102.193	100.957	101.703	104.862	110.271	114.338	111.476	101.522	93.3053	97.9054	115.305	132.445	138.027	132.675	122.939	112.897	105.566	106.508	117.779	132.173	142.375	150.441	161.827	175.194	180.416	169.064	147.421	130.85	127.926	137.144	150.834	158.334	154.929	146.983	142.857	145.482	152.348	154.267	141.318	116.06	93.0526	82.4871	80.9202	80.1406	78.539	79.163	81.7324	83.0523	84.045	91.5314	110.681	137.257	159.744	168.833	164.511	155.663	152.848	159.141	167.789	170.679	166.992	159.138	145.799	127.37	111.175	103.662	104.761	112.507	124.026	132.915	134.82	134.056	138.961	149.891	155.956	148.45	131.939	117.589	111.905	112.85	113.454	109.627	102.493	94.2556	87.1771	83.9568	84.5688	84.9014	80.1175	67.9474	49.4915	
