
TracePro Release: 7 0 3 
Irradiance Map Data for D:\SUSTech\Linear Units in millimeters
Data for Observation screen 3.5 Screen
Data generated at 11:15:27 October 23, 2025

Raytrace Time: mins: 0, secs: 6

Projected Plane Extent from surface geometry 
      TopLeft:(20,3,-20) 
      TopRight:(-20,3,-20)
      BottomLeft:(20,3,20) 
      BottomRight:(-20,3,20)
Corners of Data Set (plotted) 
      TopLeft:(20,3,-20) 
      TopRight:(-20,3,-20)
      BottomLeft:(20,3,20) 
      BottomRight:(-20,3,20)
Total Incident Rays: 62805
Min: 19.496 Max: 462.343 Ave: 289.254
Total Flux: 0.462806 W, Emitted Flux: 0.6
Normalization: 0
Data Smoothing is On
Grid Size is 128 x 128
Map Count 50
Data Cells are 0.3125 x 0.3125 millimeters

19.496	30.4196	38.8123	44.9815	53.2515	67.5977	87.7637	108.681	124.002	129.589	124.248	111.724	101.014	99.8022	107.038	112.964	108.88	97.2316	86.8164	80.9479	79.2078	85.1443	101.689	122.873	137.897	142.604	142.67	145.644	153.365	161.679	164.674	159.843	150.993	144.422	141.196	137.208	130.351	123.673	122.585	128.203	134.192	136.208	139.426	148.564	157.846	157.406	145.331	130.34	122.889	126.412	137.915	151.057	157.472	152.406	140.667	133.028	137.118	151.761	167.674	174.686	170.235	159.633	148.849	140.612	136.958	139.546	144.236	141.576	127.046	105.623	84.7288	69.5975	66.6593	80.9388	105.218	121.993	122.734	116.894	118.529	131.299	146.755	154.63	154.764	154.264	154.193	150.04	143.805	143.564	151.638	161.332	164.255	156.745	140.901	122.313	107.801	103.465	112.088	129.963	146.015	150.078	143.393	134.635	129.739	132.888	148.204	169.808	178.568	161.823	131.22	109.5	104.418	105.013	99.951	88.8616	76.645	66.8549	60.6413	58.4059	62.183	73.0102	86.5146	95.9919	98.7449	97.5775	96.2154	92.0316	77.451	52.0862	
27.591	43.5818	56.8416	67.2022	80.6049	103.157	133.561	163.067	183.906	193.139	189.368	175.106	159.954	153.055	154.203	154.552	146.63	133.876	124.695	120.091	118.245	124.19	142.507	167.365	187.541	197.482	200.765	204.851	214.265	226.687	234.194	231.215	221.034	210.565	201.371	191.609	181.686	173.772	170.857	173.625	177.012	178.432	184.212	198.273	212.399	214.678	202.819	186.454	177.702	181.305	193.851	207.863	214.567	208.763	194.835	185.015	189.996	209.241	229.757	237.342	228.999	213.123	200.349	195.378	196.596	201.631	207.384	206.276	192.062	167.663	140.646	117.619	107.77	119.368	145.634	165.909	168.844	165.03	171.889	193.914	218.144	227.01	217.936	203.592	191.49	179.238	170.06	174.76	196.681	224.743	241.303	234.942	208.73	177.129	155.448	152.283	168.007	194.775	217.198	222.042	210.244	192.355	178.132	176.982	194.346	218.757	225.239	201.647	163.88	137.998	133.311	138.253	139.086	133.531	125.926	119.391	113.441	106.212	100.648	103.422	115.625	130.694	141.316	145.626	145.417	137.098	112.556	73.9672	
37.028	56.6194	72.8693	86.4405	104.88	135.145	173.765	208.658	232.151	243.469	241.039	225.984	208.051	196.571	191.059	184.595	173.279	162.002	156.931	154.942	151.807	153.501	167.206	190.293	213.774	229.889	236.927	239.974	246.14	257.201	266.786	268.005	261.669	251.675	238.325	222.646	208.961	199.913	196.311	197.721	200.42	203.193	211.27	226.654	241.258	245.225	237.211	224.621	217.197	220.193	231.117	242.465	246.5	239.72	226.955	220.058	229.561	253.423	275.246	279.677	266.46	247.499	236.439	238.173	245.405	250.475	253.438	252.772	241.99	219.833	192.059	165.878	151.071	156.903	179.029	198.47	202.924	202.058	214.233	243.865	273.899	280.172	257.76	225.425	199.281	180.601	172.251	184.78	221.246	266.998	296.823	292.353	257.02	213.774	186.447	184.797	204.916	235.61	261.098	268.098	255.754	232.628	210.128	202.332	216.315	237.742	240.225	214.038	176.738	153.503	153.044	164.007	172.171	174.712	176.216	179.182	179.432	169.504	150.813	136.439	136.832	149.681	164.809	174.837	177.545	167.222	135.695	87.9394	
50.2081	71.7639	87.9373	101.993	123.063	157.131	198.055	232.512	254.917	266.808	266.188	252.709	235.502	222.858	213.229	201.978	189.722	182.726	183.768	184.842	179.349	174.75	181.545	200.215	223.286	241.152	248.335	247.926	247.829	252.779	260.082	264.458	264.443	259.156	246.147	228.044	212.534	204.31	203.666	208.57	215.211	221.991	231.171	242.951	252.095	253.747	248.607	240.743	235.309	236.785	244.173	251.104	251.756	245.376	237.92	239.334	256.53	283.866	303.049	301.357	284.097	265.728	258.749	265.375	273.9	274.113	270.414	268.041	261.095	244.295	222.099	202.126	190.813	193.579	208.704	223.451	227.5	228.099	241.357	270.873	298.89	299.415	266.444	221.995	188.14	168.837	164.95	184.388	228.713	281.364	314.998	310.237	271.229	223.921	195.072	193.634	212.879	241.759	267.824	279.534	273.213	253.117	229.24	216.568	223.398	237.686	236.615	212.496	181.64	166.547	173.759	190.503	202.054	207.337	214.76	228.47	240.249	234.9	208.582	176.856	158.891	159.865	170.869	181.259	184.943	174.023	140.412	90.4521	
66.7814	90.0465	104.773	116.896	136.816	169.282	206.444	235.537	253.995	266.139	270.239	263.379	250.81	237.954	223.857	208.737	198.101	197.984	206.476	210.993	203.938	195.656	199.706	216.271	235.975	248.957	250.862	245.444	240.084	239.151	241.572	244.545	246.967	245.742	236.324	221.063	208.531	204.446	208.842	218.781	230.879	242.884	253.314	260.16	260.899	255.393	247.326	240.375	236.5	237.272	241.495	244.901	244.37	241.065	241.204	252.323	276.615	304.693	318.61	310.446	290.955	274.972	270.447	275.763	278.909	271.941	263.009	260.301	257.088	245.944	232.747	226.039	225.817	229.377	236.262	242.72	243.773	243.793	253.377	274.836	294.298	289.562	254.521	209.873	178.085	162.944	162.831	183.349	225.101	271.559	298.406	291.436	256.193	214.639	188.85	185.787	200.037	224.539	250.891	268.323	270.355	258.289	240.022	227.709	229.03	236.78	234.067	214.472	191.943	186.346	201.476	221.717	231.046	230.944	235.971	254.354	276.054	280.368	257.299	219.428	189.25	177.816	178.982	181.666	179.124	164.458	131.036	84.3783	
81.3077	107.351	122.384	132.709	148.841	175.745	206.276	228.796	242.45	254.452	265.309	269.327	264.295	250.557	230.032	210.538	201.646	206.986	220.399	227.509	221.595	215.421	223.68	243.194	260.211	265.515	259.046	247.925	240.112	237.527	236.118	233.016	230.077	227.724	222.841	216.071	212.543	214.705	220.924	230.203	243.644	260.165	273.961	278.592	271.506	255.945	240.359	232.079	231.672	235.267	239.01	241.228	241.948	242.661	248.705	266.125	293.699	319.46	327.239	313.493	292.048	276.784	271.251	271.492	268.603	258.941	251.599	253.007	254.326	248.015	242.531	247.044	255.72	258.759	256.711	254.321	252.138	251.152	255.526	266.937	277.577	271.248	242.143	206.818	183.468	172.843	171.481	185.088	215.566	248.64	265.217	257.489	231.373	201.105	180.681	175.561	184.291	204.531	230.305	250.404	257.012	251.687	241.904	235.702	237.634	243.416	241.343	226.898	212.509	214.629	233.421	252.001	255.345	247.117	245.445	261.138	284.465	294.773	280.521	250.29	223.751	211.096	205.682	197.034	181.354	156.825	120.783	77.402	
87.9734	117.711	136.127	147.378	160.321	180.722	204.228	220.984	229.949	239.885	255	269.014	272.404	259.46	234.606	212.183	203.492	209.212	222.274	230.889	229.507	229.507	244.179	268.053	284.509	284.527	271.323	256.029	249.089	250.045	248.677	238.457	224.335	214.952	213.526	219.347	229.921	239.136	241.73	241.844	249.653	267.465	285.191	290.336	278.082	254.511	233.855	227.564	234.227	243.731	249.024	250.896	252.59	255.563	263.718	282.058	307.55	327.568	328.586	309.66	285.124	268.495	261.796	260.631	259.164	255.691	256.488	264.236	269.277	265.486	262.446	268.464	275.24	272.101	263.109	257.922	257.16	256.676	256.898	261.348	267.312	262.807	242.258	217.916	202.486	193.391	186.636	189.364	206.088	226.485	236.228	230.437	213.229	192.78	177.866	173.413	180.095	197.231	219.894	237.782	244.256	242.916	241.64	244.491	251.29	257.811	256.501	246.578	239.865	246.885	262.74	273.332	270.131	258.719	254.536	265.515	282.179	288.487	278.021	259.642	248.094	246.837	244.667	230.472	202.966	165.605	121.422	75.8783	
87.7472	121.073	144.625	159.894	173.038	189.381	207.38	219.73	224.299	229.058	241.52	258.215	266.888	257.395	233.996	213.055	205.231	209.424	220.828	232.373	237.593	241.685	255.702	277.473	292.967	292.762	279.452	265.744	264.158	272.435	274.594	259.594	234.004	214.757	213.625	230.636	255.707	272.651	271.19	260.026	258.163	271.978	289.561	294.694	280.419	254.409	234.767	234.684	250.074	266.03	272.699	272.239	271.676	274.167	281.777	296.915	315.593	327.225	321.957	299.514	272.654	255.497	250.991	254.564	261.354	269.138	279.983	293.045	298.886	293.05	285.567	283.994	280.208	267.311	255.265	255.166	261.885	264.651	263.032	263.994	268.239	266.176	252.252	235.023	223.116	212.945	201.195	195.522	202.247	215.291	223.372	220.323	207.333	191.23	180.922	181.09	190.283	205.629	223.515	237.493	243.602	246.286	252.824	264.01	274.924	279.961	275.547	266.176	263.577	271.319	279.984	281.559	276.758	271.077	271.093	277.604	282.069	275.658	259.971	247.189	248.566	261.198	269.686	260.65	230.983	185.208	131.296	79.1658	
87.312	123.521	151.567	171.463	187.354	203.426	219.904	231.551	233.846	231.2	233.213	242.449	249.636	243.341	225.688	211.156	208.265	214.491	226.985	242.35	251.865	253.287	256.671	268.158	280.913	285.058	279.511	275.121	283.466	299.9	305.527	288.149	255.601	228.856	224.865	245.674	278.643	302.785	304.053	290.657	283.105	289.345	299.709	300.042	283.504	257.325	240.112	245.381	267.769	289.379	297.099	292.953	288.199	289.149	295.414	305.601	316.295	321.195	313.654	292.026	266.312	251.354	251.361	260.482	273.258	287.913	305.063	321.293	325.767	314.223	298.342	287.451	274.414	255.113	243.697	251.055	266.485	274.378	273.506	272.195	273.817	272.392	263.186	251.128	241.47	230.617	216.031	205.323	206.49	217.293	227.472	227.18	214.727	198.52	190.36	194.808	206.793	220.533	234.466	246.65	254.525	261.16	273.166	290.211	303.327	303.886	291.148	275.111	268.737	272.215	275.486	276.093	279.221	285.56	290.792	290.203	279.929	259.731	236.641	223.213	227.887	246.161	263.459	265.023	242.747	197.802	139.927	83.2198	
92.1135	130.626	160.606	182.107	199.253	216.229	234.847	250.787	254.959	245.519	233.389	229.265	229.775	223.99	212.048	206.013	211.891	224.277	238.987	254.221	261.453	255.503	246.967	248.67	259.345	268.849	273.651	282.19	302.03	324.388	330.247	311.16	277.285	248.559	241.039	257.979	289.514	317.872	329.671	328.127	325.41	325.412	322.638	310.299	285.634	255.776	237.652	243.948	269.234	294.419	304.134	299.824	294.852	296.355	300.955	305.558	310.424	313.813	309.53	293.057	272.145	262.328	268.33	281.401	293.506	304.764	319.056	333.27	334.656	317.854	295.87	280.367	265.5	247.714	240.828	253.531	273.09	283.771	283.852	280.395	278.564	277.176	273.309	268.479	263.9	254.579	238.057	222.743	219.447	229.546	242.923	246.097	234.684	217.643	208.016	210.297	219.255	230.14	243.082	256.386	265.305	271.357	283.259	302.931	318.331	315.603	293.814	266.753	250.326	247.396	251.61	261.578	277.969	293.673	298.638	289.444	269.543	244.59	221.099	207.025	207.733	221.144	238.536	247.406	235.763	199.457	145.882	89.6906	
102.639	143.196	172.34	191.328	206.043	221.998	242.801	264.421	272.72	259.288	236.005	220.943	215.35	208.213	198.855	199.103	213.653	233.139	248.978	259.326	259.753	248.296	236.193	236.377	247.634	260.114	271.79	290.849	319.766	344.322	346.653	324.648	291.43	263.598	253.382	264.044	289.35	318.047	341.873	359.801	370.957	369.645	352.248	320.858	281.205	244.143	224.202	229.479	252.873	276.987	289.051	291.071	293.338	298.225	299.912	298.281	299.807	305.553	307.164	297.559	283.851	282.428	298.234	318.224	328.074	327.897	328.136	331.63	327.625	309.748	288.264	273.238	260.781	249.369	249.941	265.934	283.658	291.017	288.997	284.435	282.633	284.311	287.128	290.141	291.46	284.96	268.459	250.544	243.237	250.679	264.517	270.49	262.056	245.906	232.695	226.285	225.756	232.375	246.754	261.842	268.171	267.917	274.886	295.105	314.641	313.801	288.314	252.666	226.199	218.208	227.518	249.104	273.564	288.357	287.136	274.171	257.671	241.646	226.296	213.815	208.037	210.542	220.063	229.993	227.666	203.116	157.955	104.017	
112.504	153.857	180.981	196.926	209.489	225.09	247.441	271.611	281.206	265.7	238.136	219.803	212.659	204.266	194.151	196.101	215.3	239.453	255.748	261.852	258.074	246.715	238.096	241.609	254.252	267.627	283.032	309.437	344.573	368.794	365.43	338.271	302.931	273.79	261.255	268.367	288.978	315.093	344.786	377.582	403.033	404.933	377.507	328.664	273.935	231.608	213.936	219.749	237.158	253.855	265.965	277.456	290.354	298.005	294.485	286.532	286.28	295.051	302.118	299.512	294.272	302.752	330.161	359.836	369.71	356.914	338.154	326.17	316.762	302.881	287.361	274.409	263.18	257.352	265.236	283.201	295.566	294.839	287.86	284.03	287.24	295.364	304.17	311.855	316.362	313.062	301.223	287.115	279.16	281.936	291.122	295.672	288.631	273.467	257.116	242.386	232.57	234.356	247.873	261.115	262.432	256.497	260.691	282.855	308.158	313.47	290.541	252.009	219.334	207.65	219.853	246.38	268.998	274.546	266.14	256.72	254.193	254.799	250.45	239.98	227.954	218.751	217.267	224.238	228.656	214.858	177.165	123.718	
111.39	150.216	175.994	193.631	211.084	233.068	259.549	282.603	287.953	270.036	243.789	228.486	223.258	214.411	202.472	203.043	221.923	246.279	262.557	268.579	266.056	257.406	250.733	254.122	265.825	279.71	298.94	332.193	373.005	397.467	390.303	359.1	319.778	286.289	271.305	278.41	297.551	318.642	344.082	378.282	409.588	416.764	389.931	336.139	275.897	234.772	223.798	231.365	239.864	244.459	253.035	271.204	290.849	297	286.667	273.619	272.264	282.901	294.497	299.104	301.988	317.162	349.557	382.42	391.395	371.569	341.313	319.202	307.565	299.821	291.189	279.776	268.18	265.503	277.808	295.392	301.337	292.725	282.002	280.483	289.049	301.608	313.248	323.646	331.49	333.352	330.029	325.107	321.122	320.314	321.575	318.681	307.022	289.482	271.707	255.773	244.084	241.669	248.022	253.913	251.968	247.654	255.034	279.466	307.587	318.154	300.938	264.741	229.956	214.492	224.124	247.616	263.145	259.739	247.994	245.01	255.558	269.14	272.905	264.862	249.814	232.433	221.156	223.163	230.65	224.203	191.596	137.79	
97.4877	131.026	157.032	181.759	211.143	245.391	278.071	297.945	296.097	275.581	252.718	241.587	238.1	229.681	218.163	218.044	233.879	254.797	270.278	278.093	277.494	268.355	257.791	255.886	264.113	277.944	300.69	339.964	386.205	413.576	408.839	380.212	340.197	302.452	284.476	291.784	309.866	323.921	337.278	360.061	386.943	400.013	386.3	344.968	292.887	258.891	254.412	261.376	259.69	252.592	256.97	277.332	297.348	298.683	282.905	267.02	263.698	273.075	286.78	296.859	304.894	320.899	348.143	372.798	376.916	358.392	331.163	309.513	298.473	295.138	291.965	283.04	272.246	270.789	282.522	295.164	294.001	281.442	272.497	274.886	283.79	292.881	302.9	317.675	334.13	345.21	350.919	354.68	356.295	354.633	348.235	334.417	313.465	291.432	275.143	265.77	260.14	255.541	251.331	248.342	247.505	250.416	260.977	280.989	303.443	314.693	304.394	274.893	241.416	221.989	225.35	242.276	252.264	246.465	236.449	237.153	250.458	265.736	272.372	269.009	257.482	239.126	222.428	218.44	223.976	220.11	190.849	138.413	
83.2271	113.146	140.555	172.018	211.264	254.216	289.572	305.279	298.123	277.043	256.95	246.751	242.344	235.529	228.496	230.546	243.326	260.115	275.075	284.227	282.573	269.202	253.254	246.778	251.743	263.455	285.83	326.773	375.941	408.025	410.981	390.24	353.419	314.088	293.661	299.327	314.509	321.242	321.492	328.699	346.274	364.88	370.732	352.29	316.664	291.054	288.518	290.976	280.924	268.316	273.018	295.085	313.442	311.398	294.467	278.108	270.5	272.869	282.021	291.38	299.748	313.281	331.626	343.196	340.336	327.546	311.98	297.317	287.961	287.237	289.81	286.93	279.797	278.163	284.672	288.113	279.049	266.211	264.444	272.18	276.387	274.576	278.602	298.12	326.701	349.807	362.647	369.643	373.332	371.551	360.092	337.775	310.396	287.869	277.112	277.158	279.674	275.348	263.956	256.084	259.074	267.551	274.369	280.777	289.949	297.928	294.675	274.561	245.013	222.79	220.115	231.807	240.632	238.306	232.233	231.537	236.965	243.711	248.691	252.112	250.738	239.681	223.575	213.771	212.034	204.541	176.033	126.845	
83.082	115.168	144.124	175.662	213.768	254.281	285.716	297.593	289.703	271.426	253.26	240.301	232.086	227.06	226.364	231.593	241.546	255.032	270.903	282.558	280.959	266.402	251.277	246.836	250.938	257.249	272.309	307.184	353.835	388.858	398.769	384.388	351.63	315.974	298.708	304.417	315.619	315.063	304.491	298.359	306.645	328.442	350.776	353.507	333.383	313.116	308.034	305.045	292.059	282.52	293.856	320.372	339.578	338.341	323.858	307.951	294.64	286.285	284.678	286.65	291.147	301.359	312.465	313.425	304.35	295.408	289.45	281.912	275.318	277.661	287.279	293.368	292.263	291.203	293.162	289.023	274.023	262.392	268.138	280.142	277.945	263.55	259.074	279.583	317.325	351.018	367.494	370.392	369.446	366.148	353.581	329.916	304.406	288.317	285.741	292.779	299.894	296.896	284.111	275.763	281.024	289.362	287.516	278.731	274.602	278.146	279.908	268.306	243.784	221.494	216.698	227.537	238.71	240.961	236.708	230.091	222.908	217.888	219.763	230.569	242.884	244.954	234.528	220.081	207.459	190.522	158.746	112.042	
99.0326	139.08	169.428	193.875	219.65	247.873	271.31	281.015	276.283	264.172	249.947	234.839	222.225	217.244	219.96	225.5	231.816	243.174	261.877	279.421	284.006	276.363	269.8	272.237	276.098	273.955	276.049	297.594	334.408	365.919	376.82	364.898	338.334	314.817	309.966	320.363	327.351	318.051	297.146	279.627	278.7	299.087	329.611	345.725	336.193	318.222	309.378	303.668	294.192	293.817	314.16	344.967	365.53	366.066	353.129	336.552	320.043	305.984	296.521	290.668	289.224	293.768	297.558	291.583	279.157	270.932	268.217	264.436	260.533	265.34	279.94	293.29	298.116	299.996	303.088	299.431	285.586	277.418	287.378	299.294	290.493	266.758	255.112	273.03	313.759	352.912	369.065	363.289	353.333	347.15	336.319	317.074	299.538	293.693	299.072	308.871	315.532	312.684	301.023	292.242	294.513	298.052	290.267	275.257	265.838	266.562	269.261	261.292	240.418	220.992	219.415	234.289	249.744	254.953	249.009	233.708	213.664	198.514	198.608	217.085	243.742	260.786	258.455	241.439	218.6	190.789	152.788	105.142	
119.107	168.858	201.024	216.44	226.427	240.096	255.986	265.275	265.425	262.272	256.921	245.274	231.301	224.503	225.293	227.232	230.895	244.149	269.001	294.866	308.869	311.03	312.605	318.028	317.877	306.565	296.618	303.496	324.584	343.57	347.976	337.111	321.63	316.974	328.582	344.32	346.353	328.143	298.301	271.687	261.704	275.903	306.409	328.871	326.674	310.809	300.018	295.256	293.153	302.593	328.256	358.005	375.778	374.961	360.56	342.975	329.275	320.339	312.797	304.234	297.172	293.413	288.937	280.175	269.817	262.483	257.808	252.212	247.412	251.191	265.804	281.524	289.709	294.586	301.484	304.542	300.348	300.961	313.449	320.609	304.921	277.054	263.201	277.891	315.224	352.986	367.437	356.575	340.398	330.797	320.414	305.73	297.15	301.967	314.093	323.05	324.254	318.249	306.891	295.645	290.25	287.337	280.252	270.877	265.473	265.308	264.23	253.517	233.485	218.638	223.696	245.08	265.459	272.88	264.389	240.565	208.854	185.047	184.195	209.751	248.621	278.223	283.651	267.157	239.052	203.875	159.761	108.446	
128.736	185.195	220.155	230.428	229.505	233.513	245.578	256.147	261.672	268.557	275.296	272.34	261.079	252.053	247.787	246.023	252.375	274.111	307.303	338.264	355.663	360.311	361.402	361.84	354.645	338.217	323.996	321.154	324.538	324.077	316.479	306.41	303.892	316.839	340.209	357.387	354.407	330.478	296.578	266.527	251.636	259.184	284.682	307.487	309.225	296.026	286.629	286.438	292.37	307.012	329.962	351.658	362.929	360.021	345.769	330.804	325.261	327.721	327.898	320.774	310.186	299.237	289.287	283.549	281.487	277.287	267.42	254.179	243.908	244.132	256.671	272.855	283.01	288.058	293.728	300.356	307.921	321.217	336.754	337.436	315.975	288.811	276.778	286.892	313.853	343.666	358.529	352.985	339.41	327.524	314.383	301.507	300.268	314.243	331.109	336.071	327.746	315.659	304.54	292.384	280.449	272.657	270.006	270.77	271.879	270.143	262.14	245.45	225.022	214.737	225.601	251.794	275.91	285.876	277.409	249.419	209.654	177.926	174.051	202.241	246.734	282.492	293.417	280.544	252.744	214.728	166.83	112.678	
125.554	184.683	223.29	233.782	229.302	230.267	242.602	256.27	267.13	281.638	297.331	302.211	294.762	284.419	276.856	276.352	291.592	323.731	359.862	385.13	393.801	390.611	384.838	379.641	370.784	358.491	349.258	342.435	329.533	308.985	289.304	279.983	287.018	309.94	337.51	353.054	346.373	319.861	286.074	258.893	246.934	253.398	273.359	290.478	290.211	278.838	274.447	282.343	295.463	309.214	321.835	331.058	335.915	334.401	325.603	317.406	320.188	331.342	337.486	332.864	321.997	308.435	297.737	298.626	307.637	309.139	295.499	274.305	257.968	255.047	266.819	285.606	299.795	303.62	301.157	302.091	314.376	336.798	354.906	351.848	329.128	305.34	293.852	295.162	306.325	323.98	340.129	346.641	343.292	332.998	317.759	305.992	309.28	326.823	342.419	340.251	322.894	307.248	300.234	292.926	280.608	271.169	271.762	278.737	282.878	278.635	265.465	245.946	226.979	219.316	230.594	255.774	280.018	292.099	287.072	261.712	220.569	183.166	172.688	195.487	235.813	269.999	283.782	276.408	252.188	213.835	164.038	109.348	
121.134	181.523	223.404	236.181	232.214	233.865	248.511	266.228	281.341	298.132	314.712	321.135	315.302	305.484	299.751	305.989	330.776	366.5	394.171	402.686	394.772	380.29	369.855	367.077	367.332	367.669	367.241	357.867	331.992	297.914	272.733	266.098	278.13	303.165	329.432	342.49	333.333	304.791	271.523	249.838	246.728	258.857	275.946	284.444	278.313	268.455	271.09	287.864	306.776	317.756	319.44	316.826	315.913	315.922	312.109	308.011	312.886	325.7	334.558	333.726	326.3	314.441	305.139	310.757	328.528	338.684	329.638	309.207	291.548	285.736	294.93	315.358	334.446	338.207	326.462	316.193	323.675	346.36	365.443	365.451	349.386	330.401	315.377	304.64	299.834	304.688	318.63	333.794	341.283	336.963	324.337	315.115	318.666	330.594	336.191	324.793	303.397	290.946	293.089	295.608	288.345	279.352	279.723	287.549	292.95	290.118	279.768	265.504	251.497	243.442	247.889	264.67	284.381	297.144	296.947	278.595	242.376	203.61	185.249	196.249	224.736	252.173	267.056	265.631	246.196	208.206	156.302	100.968	
124.945	186.461	229.279	242.597	239.219	242.005	258.79	280.079	298.023	313.368	325.155	327.739	321.061	313.421	313.06	326.472	355.183	385.809	399.065	390.008	368.344	347.672	339.757	347.243	361.499	373.372	376.329	361.206	326.618	288.801	266.711	265.489	279.776	302.204	324.021	334.302	323.796	293.64	259.63	241.133	245.701	265.253	283.277	287.235	278.937	272.588	280.598	302.061	324.884	337.134	335.559	326.097	317.53	311.544	303.344	294.446	294.275	305.476	318.33	324.09	321.52	311.527	302.135	308.004	329.952	350.334	355.246	346.905	333.942	323.565	323.563	338.111	356.945	360.428	343.532	325.002	324.798	342.314	362.031	371.744	369.782	358.424	339.931	319.292	303.17	297.442	304.931	320.996	334.966	338.121	331.554	325.266	324.931	324.907	316.172	296.137	274.673	268.119	279.197	291.371	290.644	282.325	279.483	285.166	293.292	298.789	300.857	299.45	292.828	282.237	275.669	279.972	292.629	304.85	308.195	296.372	267.707	232.12	208.333	206.71	221.734	241.869	257.765	262.116	247.716	210.293	155.161	96.8221	
133.283	193.491	233.364	244.526	240.555	243.421	260.9	284.505	305.042	319.93	327.806	326.152	318.179	313.431	318.238	334.589	360.445	383.053	386.869	370.193	344.727	326.266	327.397	346.986	369.5	381.042	375.935	351.306	313.045	279.385	265.341	271	287.742	307.308	323.5	329.671	318.12	288.044	253.005	232.635	237.147	259.752	282.116	291.161	289.873	289.354	297.382	315.652	338.798	356.128	359.424	348.966	331.848	313.211	292.595	273.434	267.3	280.059	301.086	314.801	314.581	302.597	290.376	294.355	317.716	346.318	365.986	372.17	365.064	348.803	335.739	337.987	349.737	350.617	333.154	313.658	310.148	323.293	343.4	362.795	375.437	374.334	358.284	335.253	314.059	300.273	298.961	310.975	328.133	338.57	338.497	333.907	328.102	317.033	297.751	273.438	253.662	250.072	263.764	280.087	283.842	276.142	269.595	272.141	283.013	298.906	316.501	329.587	329.961	316.705	300.662	294.554	301.021	311.44	315.082	306.343	284.214	253.895	228.022	217.138	222.48	239.121	258.358	268.912	259.521	223.332	165.309	102.33	
137.874	192.807	225.993	233.26	228.34	230.516	247.14	271.893	295.649	312.668	319.414	315.072	306.767	305.599	314.276	329.079	347.412	363.221	366.892	355.122	335.812	325.732	338.465	366.869	387.214	384.8	362.419	328.346	292.743	268.763	264.83	278.82	301.24	321.393	332.41	331.608	316.553	287.09	251.914	226.539	223.657	243.156	270.788	292.142	303.974	308.722	310.546	317.674	334.55	353.621	362.455	355.026	334.815	308.434	279.513	254.667	247.764	265.588	294.626	313.53	312.458	296.097	280.613	284.199	309.092	341.074	366.363	377.844	371.935	351.712	330.917	323.967	327.876	325.377	310.063	294.608	291.861	301.834	319.227	340.377	358.811	365.29	357.401	341.088	321.488	301.919	290.877	297.319	317.438	335.629	341.366	336.71	325.735	308.507	286.567	265.103	250.382	247.702	257.155	269.8	273.907	267.793	260.965	262.256	273.781	294.527	320.932	342.756	347.333	333.161	313.412	303.326	306.699	314.139	314.752	305.331	286.185	259.038	231.701	214.951	215.495	232.988	257.95	275.127	270.969	238.228	180.64	114.31	
138.107	186.717	211.89	214.337	208.418	209.848	224.852	249.833	276.434	295.45	300.66	293.61	285.842	288.655	299.533	309.428	317.699	328.029	337.581	338.673	331.137	330.489	351.71	383.149	394.943	374.327	335.13	296.873	270.57	260.376	267.565	290.044	319.157	341.581	348.249	339.242	318.435	288.765	255.077	227.129	217.125	230.838	260.473	291.59	313.477	319.991	312.953	305.896	310.969	324.756	334.299	330.943	315.374	292.79	267.56	247.465	245.926	267.848	298.723	317.671	315.02	296.078	279.446	284.644	311.21	341.305	360.974	365.945	356.428	337.637	320.919	315.688	317.4	312.965	300.087	288.991	286.817	292.132	302.189	315.361	327.532	334.344	335.897	332.903	321.217	299.194	279.501	280.746	304.017	329.604	339.753	333.263	317.316	297.586	278.875	266.176	260.795	260.038	261.721	264.235	264.247	260.847	258.676	262.343	272.791	290.703	315.257	336.985	342.404	330.042	313.481	307.119	312.729	319.35	316.702	304.012	283.116	254.443	223.557	201.577	198.201	215.574	244.046	266.414	268.506	243.331	191.696	125.833	
138.93	184.134	203.701	202.061	194.928	195.422	208.403	232.118	258.86	276.868	278.704	269.195	262.774	268.133	277.705	280.624	280.015	287.006	303.316	317.485	321.121	325.671	347.192	375.042	379.305	349.548	305.448	271.635	257.612	260.297	275.695	301.957	332.047	352.668	354.855	340.442	316.358	287.79	258.811	235.414	225.623	234.906	260.09	290.661	314.357	320.448	307.767	290.533	284.891	291.594	298.906	297.46	287.12	272.371	257.379	248.682	255.35	278.279	305.168	320.9	317.399	298.359	282.369	289.167	315.837	340.71	349.005	341.586	326.888	314.449	311.714	318.925	325.529	321.043	309.337	301.041	298.384	297.781	297.897	298.172	298.075	300.875	310.304	320.978	318.546	296.568	271.634	269.609	294.644	324.499	336.984	328.951	310.475	291.592	278.788	275.871	279.498	280.011	272.633	262.122	255.168	254.222	258.284	264.931	272.584	283.625	300.66	317.143	321.5	313.195	304.889	308.235	321.863	332.435	328.917	312.369	287.605	255.668	220.35	191.815	180.776	191.679	217.589	242.743	252.66	238.396	196.126	133.639	
139.621	184.697	204.411	203.883	197.864	197.769	208.012	227.5	249.279	262.382	261.099	252.233	248.74	254.515	260.285	258.529	255.397	262.322	281.311	300.988	309.322	311.981	324.425	342.846	344.721	321.202	288.519	266.599	261.596	269.314	285.762	309.18	333.162	346.52	343.491	327.817	306.088	283.011	262.973	250.36	247.301	253.546	268.018	288.871	309.618	317.296	304.622	282.941	271.327	274.61	280.879	278.706	268.611	257.195	249.35	249.412	261.289	282.728	305.055	318.507	315.442	297.942	283.845	291.391	316.211	335.394	333.251	314.083	293.98	287.542	299.934	323.233	339.405	337.799	327.861	322.401	319.65	313.369	303.916	293.131	284.213	285.215	299.804	316.816	317.123	294.889	269.579	267.451	291.493	320.176	332.925	327.172	313.291	301.159	295.995	299.641	305.993	302.807	285.387	263.024	249.619	250.201	258.255	265.128	268.631	273.802	285.275	297.673	301.298	297.364	297.521	310.083	330.787	344.838	341.288	323.694	299.642	269.012	231.704	196.089	174.309	174.26	193.741	220.141	237.539	232.578	197.511	138.164	
134.896	181.466	207.569	215.665	215.238	215.643	222.319	234.557	246.748	252.661	250.972	247.431	249.056	255.454	260.089	260.849	262.748	270.54	284.347	298.196	302.764	298.443	297.778	305.277	309.253	301.356	288.178	279.244	277.427	282.607	295.136	313.247	329.458	334.557	326.997	313.235	298.902	285.667	276.074	273.895	277.435	279.823	280.265	287.576	304.626	316.09	305.99	282.034	267.058	270.059	277.914	276.182	265.974	255.519	248.826	248.288	257.002	274.539	295.642	311.225	311.753	298.679	288.474	296.153	317.488	332.032	323.759	296.937	271.382	265.649	285.228	318.942	344.643	350.184	346.467	345.887	342.863	330.277	312.714	296.268	286.352	290.53	307.554	321.632	316.437	293.111	271.838	271.763	291.179	312.813	323.622	324.021	321.574	321.252	324.519	330.827	333.225	321.565	295.05	266.103	250.562	252.837	262.639	268.664	269.802	273.178	283.765	295.526	299.333	297.416	300.134	312.962	330.808	341.319	337.501	325.382	310.661	287.475	251.025	209.774	178.889	169.386	182.501	208.031	228.429	226.92	194.935	138.568	
127.279	176.541	211.047	229.106	234.048	234.053	237.114	242.854	246.203	246.375	247.021	251.184	259.194	268.888	278.086	287.381	296.424	301.626	302.873	303.115	299.721	289.883	281.309	282.763	290.546	295.952	297.001	295.791	294.467	296.898	306.572	321.441	333.183	333.982	325.187	315.713	310.771	307.57	304.601	306.46	311.871	308.951	295.069	287.647	298.792	312.089	304.519	280.154	263.426	266.543	277.489	281.086	277.521	271.955	263.57	253.919	251.585	263.354	286.246	307.553	314.574	308.342	302.8	309.518	326.507	338.176	328.277	297.998	266.941	255.883	272.239	306.285	337.299	352.951	360.724	367.174	362.607	342.174	317.076	297.984	290.976	300.64	319.336	327.935	316.152	293.317	277.758	278.805	290.294	301.063	307.284	312.835	321.309	331.698	341.627	348.305	345.015	326	295.779	268.054	255.992	261.058	272.217	279.114	281.241	285.459	296.345	307.851	311.027	307.122	304.283	307.289	314.018	317.776	316.392	315.336	313.8	299.096	264.384	220.469	185.173	170.154	177.232	197.726	214.742	212.102	182.998	132.855	
125.051	177.966	217.722	239.409	243.901	241.248	242.845	247.387	247.577	245.284	247.903	257.008	269.554	284.013	300.711	318.605	330.98	329.357	316.316	303.437	294.581	285.443	277.978	279.57	289.625	299.905	305.566	307.343	307.818	310.737	319.649	333.836	346.349	349.43	343.804	338.809	339.637	340.486	337.546	337.922	342.027	333.585	307.13	285.774	289.119	302.532	300.082	280.679	264.5	265.353	277.56	289.704	298.914	302.263	292.151	271.544	257.855	265.248	290.225	315.46	326.537	324.193	319.718	323.446	337.278	349.542	341.944	310.715	273.934	254.587	262.518	290.449	321.747	345.948	365.299	378.35	372.888	347.611	317.616	295.242	287.799	299.977	321.047	329.641	318.535	300.253	289.484	288.65	290.349	289.435	289.06	295.009	307.545	321.979	334.098	339.886	333.636	313.72	287.726	267.728	262.2	270.024	281.99	290.124	293.417	296.985	305.189	313.54	313.858	305.149	293.151	284.578	282.685	285.192	290.383	299.627	306.593	296.368	263.589	221.081	186.666	169.906	171.348	183.903	193.966	189.048	164.512	123.189	
128.018	183.626	224.652	245.077	246.837	243.367	248.175	256.992	258.441	254.687	255.367	262.676	274.281	290.759	312.901	336.084	348.865	341.673	320.494	301.767	292.446	287.31	283.693	285.498	293.155	301.457	307.935	314.089	319.543	323.015	327.917	339.506	355.229	365.242	365.511	362.941	362.409	358.987	352.081	351.809	356.442	344.338	309.141	279.176	279.605	298.223	307.135	297.458	281.363	274.763	283.257	302.075	322.835	332.647	320.008	292.489	274.524	281.91	307.26	330.613	338.682	332.721	323.275	322.626	336.392	353.273	350.408	319.132	277.463	251.811	253.698	275.791	304.123	331.014	355.438	371.427	368.527	348.059	321.585	297.14	284.206	293.221	316.223	330.968	328.153	317.38	309.588	304.433	295.744	284.035	277.362	280.872	291.006	301.608	309.883	313.404	308.378	294.949	279.459	269.605	269.455	277.245	287.028	293.322	294.587	294.495	297.307	300.464	297.248	284.952	267.459	253.677	250.989	258.269	270.493	284.333	292.061	281.631	251.206	214.568	187.214	174.368	173.828	179.957	183.286	175.184	152.482	116.088	
127.775	183.114	223.59	244.057	248.008	249.818	261.787	276.27	279.505	273.781	269.396	269.8	275.212	288.337	310.298	334.993	349.324	343.994	325.979	311.002	304.422	300.192	294.84	291.481	292.2	296.366	305.724	321.208	335.051	337.147	331.018	331.847	345.068	359.507	365.208	364.214	359.348	349.013	339.726	343.419	352.244	339.481	300.858	270.444	277.557	310.176	335.053	333.931	313.195	294.107	295.043	316.603	342.521	351.47	333.746	303.855	288.202	297.817	320.637	337.198	337.009	322.709	306.465	303.551	320.664	343.636	345.024	313.862	270.189	243.764	245.896	266.31	291.142	315.527	338.288	353.256	354.744	345.997	331.134	310.034	292.608	296.212	318.856	338.899	343.209	337.567	331.559	323.733	307.618	287.822	276.747	277.593	281.826	282.744	282.312	283.479	284.602	283.376	280.485	278.546	279.548	283.362	287.654	288.772	284.891	279.21	276.244	275.171	271.048	260.214	244.31	231.954	231.909	243.338	258.828	272.314	276.767	264.221	237.008	210.326	196.625	194.492	196.655	198.33	194.634	180.286	153.09	114.321	
122.574	176.195	216.207	239.077	249.126	258.141	274.663	290.741	294.964	289.756	283.268	278.939	278.571	285.002	300.288	321.603	338.509	341.866	335.858	330.816	327.241	318.637	305.157	293.665	288.825	292.627	308.263	334.479	356.88	357.221	337.139	319.622	319.788	330.021	337.727	339.225	333.551	322.025	316.369	327.157	340.726	328.865	290.968	265.475	284.393	333.825	372.615	374.441	344.859	312.573	305.811	327.105	352.373	355.327	331.421	301.175	288.589	297.765	314.324	322.218	314.186	294.094	275.781	275.684	298.565	326.712	330.928	301.177	259.77	237.692	244.414	266.23	288.607	309.176	327.953	339.457	341.935	341.128	337.586	325.32	310.631	311.702	330.592	348.021	350.16	343.321	339.472	335.792	321.064	299.222	285.649	283.111	279.783	269.402	260.105	261.662	273.074	285.275	291.167	290.747	288.215	287.129	287.162	283.776	273.916	261.515	253.108	250.189	249.116	244.624	234.554	224.773	224.371	234.628	249.101	261.231	264.205	252.149	230.643	216.784	220.002	230.744	235.056	229.403	215.327	191.745	157.168	113.518	
120.526	175.38	216.709	241.451	254.246	263.17	274.119	284.631	290.184	291.363	289.985	287.529	286.016	286.569	292.369	307.188	326.107	339.022	344.394	346.598	342.863	327.549	305.759	289.843	286.831	297.44	320.937	352.875	378.464	377.903	349.018	314.762	296.881	295.955	301.568	305.13	302.045	295.969	299.665	318.877	336.046	324.972	288.938	268.442	296.089	355.818	400.913	401.351	364.526	323.641	310.415	327.34	347.567	344.784	318.344	290.18	279.614	285.011	292.386	291.794	280.23	260.992	246.386	251.892	280.314	312.208	319.305	293.8	258.572	242.774	253.1	274.508	293.675	310.34	324.963	331.78	330.724	330.133	332.497	330.849	324.822	325.97	337.292	344.602	337.61	325.897	324.886	330.873	326.531	310.388	297.148	290.88	280.619	262.38	249.12	254.583	275.6	295.412	301.484	295.339	286.685	283.162	283.749	279.871	266.058	247.886	235.553	233.317	237.79	240.953	236.018	225.568	219.58	223.475	234.542	247.258	253.752	247.203	233.957	232.176	248.923	267.813	269.45	252.741	226.677	194.739	155.546	110.128	
125.46	185.324	230.127	255.577	265.538	265.138	261.507	262.516	271.627	284.273	292.283	293.924	292.615	289.672	289.528	300.879	322.319	340.774	348.643	348.119	338.999	318.73	294.541	280.694	284.886	305.125	334.769	366.508	390.207	390.451	361.021	318.611	287.044	275.661	278.075	281.588	279.231	278.095	291.396	319.465	340.937	331.081	296.293	278.05	307.801	368.097	411.995	411.145	374.362	332.425	313.173	319.783	331.092	326.117	304.617	284.319	278.515	280.639	277.958	269.155	257.798	244.479	235.43	243.99	273.705	306.378	315.922	296.449	269.523	259.382	268.706	283.92	296.228	307.559	317.849	320.817	316.385	313.498	317.738	324.259	326.709	327.473	329.423	326.151	312.629	298.691	299.472	312.356	319.288	313.581	304.498	295.973	281.476	261.624	251.17	262.355	287.698	306.131	304.864	289.277	273.845	268.723	271.398	269.768	256.519	237.986	226.335	227.403	237.543	246.349	243.8	230.373	216.827	212.478	219.313	233.811	246.306	246.912	240.277	244.345	265.799	286.334	284.772	261.503	229.065	192.935	151.949	106.723	
130.374	193.739	241.225	267.253	273.469	262.771	245.883	240.857	256.751	282.408	298.894	301.016	296.6	291.775	292.332	306.608	331.6	350.405	352.005	340.414	322.209	299.769	279.083	270.408	279.489	303.911	335.213	365.442	388.566	392.598	367.687	324.767	288.277	273.084	274.616	276.426	270.474	268.434	286	320.458	346.72	339.291	305.725	287.343	313.741	367.8	407.144	408.644	380.416	344.273	319.554	312.57	314.137	310.938	300.376	293.186	296.122	297.728	286.198	269.332	258.767	252.554	248.778	257.059	282.697	311.022	319.698	305.33	287.287	282.282	287.346	291.943	294.165	298.522	304.283	304.994	299.583	295.247	298.997	309.434	317.932	319.065	314.428	306.093	294.515	284.622	285.019	295.684	306.202	309.479	306.409	297.565	282.257	266.939	264.812	281.942	306.471	317.813	307.051	283.037	261.54	252.651	253.678	253.249	244.816	233.176	227.71	233.331	246.793	257.68	255.841	241.257	223.747	213.563	216.129	230.389	245.964	250.385	245.243	246.637	263.26	281.63	283.093	265.57	236.697	199.592	155.28	107.557	
128.085	188.708	234.444	260.016	264.982	250.854	230.702	227.453	252.099	288.692	310.465	309.832	300.694	296.294	303.166	324.959	353.341	368.986	361.593	338.185	310.881	286.708	269.75	263.693	271.012	291.513	319.762	349.257	374.764	384.04	365.361	327.753	295.138	282.293	283.686	281.964	270.564	264.461	280.85	316.039	344.029	339.446	308.918	290.295	310.367	354.895	389.537	396.94	381.418	353.181	324.245	306.628	302.632	303.673	303.861	308.4	319.061	321.25	304.451	282.313	272.13	272.01	274.744	284.506	304.99	324.758	328.006	316.429	307.555	309.362	312.034	307.223	299.337	295.567	295.132	291.956	284.438	278.058	279.855	291.471	305.178	309.834	303.594	295.595	292.507	291.965	290.973	291.264	295.403	301.683	303.933	297.582	285.828	278.994	286.675	307.925	328.118	330.365	311.898	284.569	261.909	249.951	245.802	243.025	239.351	237.198	239.594	248.321	261.478	271.532	270.771	259.058	243.327	231.831	230.883	241.478	255.118	259.576	252.91	246.959	252.902	266.826	276.245	273.664	255.123	218.22	167.915	114.046	
119.57	172.491	212.038	234.742	240.004	229.377	215.358	219.221	250.701	292.358	315.02	311.388	300.596	301.04	318.459	350.054	381.231	392.587	378.098	347.565	314.718	288.254	270.731	261.736	262.649	276.211	300.154	328.704	355.06	366.645	354.412	328.151	306.869	298.431	295.423	285.919	269.69	262.106	276.69	308.266	333.841	332.004	308.08	292.628	307.132	341.048	369.663	380.725	373.273	348.489	316.404	295.063	291.851	297.368	303.038	312.213	324.901	326.813	309.776	288.246	279.925	285.105	296.46	312.565	331.113	342.071	338.344	328.69	329.109	339.914	345.389	337.022	321.906	309.303	299.913	289.161	276.469	267.295	267.473	278.757	295.034	302.884	297.119	291.292	297.823	307.992	306.303	294.061	286.353	290.154	296.925	297.359	293.305	294.13	306.777	327.413	340.892	334.295	311.729	288.672	274.011	265.038	256.482	248.5	245.656	249.637	257.571	267.322	278.04	286.366	287.734	281.155	270.303	260.942	258.081	263.159	271.378	273.94	266.277	254.114	248.941	256.311	271.482	282.624	274.351	238.558	183.252	123.263	
110.365	155.588	188.032	206.536	212.601	208.798	204.191	213.779	244.601	281.435	298.638	292.126	284.006	293.874	324.444	366.11	399.312	406.681	387.989	355.937	323.441	296.87	276.346	261.41	256.215	265.682	287.691	315.008	338.493	347.448	340.102	328.562	323.151	320.043	309.035	287.636	266.183	259.82	275.075	303.933	327.529	329.974	315.841	307.534	319.268	342.243	360.338	366.564	357.226	329.887	296.163	276.704	277.4	285.573	291.815	300.08	310.696	311.705	297.671	281.153	276.853	287.044	306.671	330.053	348.856	354.608	348.15	342.312	349.583	365.948	375.132	368.476	351.411	333.186	316.716	299.341	281.993	271.14	270.56	279.055	291.643	297.275	290.733	286.815	299.943	317.265	315.266	294.028	275.928	275.302	285.621	294.765	298.74	301.995	311.818	327.583	335.657	324.812	303.792	291.151	290.643	289.742	280.064	267.677	263.407	269.69	280.489	290.218	297.604	302.899	304.895	301.972	295.546	289.673	286.872	287.028	288.706	288.448	281.414	267.27	254.749	255.214	270.617	287.708	284.669	250.061	192.799	129.604	
105.38	147.661	176.013	190.974	198.193	201.748	204.747	213.409	232.887	254.485	260.71	251.682	249.324	270.495	312.986	361.565	394.795	398.69	378.133	348.604	321.656	299.238	278.458	260.774	253.715	262.229	282.818	307.612	326.509	330.992	326.149	326.772	336.311	340.869	325.985	294.704	266.447	258.848	274.816	304.353	330.525	339.552	334.367	331.6	340.038	351.598	356.692	353.474	338.533	309.124	277.228	261.026	262.928	270.312	275.816	283.385	292.263	292.206	280.801	269.73	270.529	285.434	310.103	336.05	353.391	358.034	355.269	354.888	362.357	373.438	379.243	374.966	362.403	347.316	332.738	316.377	299.12	287.875	285.493	288.875	294.223	294.699	287.459	285.974	301.804	319.633	315.027	288.855	265.114	260.728	271.931	286.023	293.892	295.582	300.207	312.217	320.086	312.21	297.985	296.38	307.616	313.89	306.14	294.056	290.809	298.564	309.89	317.015	318.097	316.932	316.233	314.28	310.537	307.822	306.593	304.346	301.16	298.869	294.635	283.245	268.624	264.278	276.843	293.684	291.091	256.35	197.663	132.069	
107.503	153.674	182.816	195.535	202.96	211.601	217.979	219.448	221.077	223.613	219.322	210.95	216.665	247.766	297.184	347.255	377.777	378.134	356.553	330.104	308.959	292.272	276.057	262.455	257.949	264.668	279.652	299.009	314.553	317.529	313.968	319.587	336.827	349.298	338.843	306.045	272.257	259.083	271.628	300.712	329.706	343.427	341.808	338.651	341.68	344.89	342.726	335.787	321.263	296.602	270.965	256.529	254.103	256.841	262.196	271.912	280.98	279.596	269.242	262.831	269.28	288.466	314.496	337.345	349.739	353.852	356.122	358.957	359.92	356.823	351.852	347.61	343.287	338.729	334.09	326.036	313.781	302.844	296.999	295.608	296.867	296.076	292.153	296.163	313.697	326.79	314.906	283.531	256.603	249.318	258.095	271.016	278.867	280.932	285.838	298.691	309.335	306.651	298.733	302.539	317.509	327.061	324.175	318.676	320.943	330.235	338.151	337.262	328.234	319.888	317.838	317.929	316.03	314.533	314.601	312.452	307.497	305.026	305.334	300.107	288.079	282.357	292.328	307.165	303.846	268.603	207.162	136.696	
116.761	171.105	204.546	216.511	222.708	232.274	237.631	230.694	217.538	206.708	197.912	194.415	208.8	246.175	296.602	343.588	369.822	366.857	343.955	317.567	296.943	282.896	273.509	268.486	267.956	270.399	276.605	289.598	303.977	308.373	304.648	307.517	323.268	340.189	339.159	313.854	280.233	260.667	264.145	284.898	308.452	319.679	316.442	311.01	312.293	316.532	317.928	315.258	306.895	292.111	275.51	261.733	251.963	247.957	252.795	265.126	274.842	272.438	263.323	261.769	273.703	295.412	319.542	336.75	343.127	344.654	347.125	348.043	340.949	325.275	310.391	305.217	308.434	314.336	319.076	319.145	313.317	304.811	297.808	295.383	297.535	299.878	302.682	315.047	335.74	343.04	321.176	282.503	251.868	241.461	246.246	255.959	264.828	272.702	283.371	297.798	307.762	305.554	298.107	299.417	310.597	320.697	325.665	331.97	342.803	352.136	351.595	338.211	319.521	309.911	314.052	320.832	320.737	317.338	316.042	314.105	309.17	307.294	311.333	312.217	305.369	301.863	310.98	323.741	320.008	285.7	222.612	146.692	
129.696	190.68	227.777	240.459	246.339	254.918	257.754	246.747	228.863	214.613	206.452	207.689	226.832	264.702	310.807	351.731	373.513	368.768	345.355	316.972	292.657	277.909	274.003	276.307	278.262	277.489	279.076	289.081	302.036	305.065	297.403	292.847	302.094	320.117	329.364	317.063	290.131	266.787	257.982	262.453	270.931	272.874	267.077	263.752	271.167	285.493	296.806	299.724	296.178	290.611	283.57	271.908	257.034	247.498	250.226	261.814	269.798	266.281	259.439	263.124	279.377	300.775	320.516	333.117	336.499	334.707	331.816	326.53	314.038	293.715	275.282	270.017	277.671	289.208	297.262	299.86	298.876	296.921	296.288	299.562	305.717	310.444	316.557	332.903	353.984	356.392	328.346	286.092	253.302	239.759	241.265	250.453	263.632	278.569	292.612	303.452	307.406	301.699	291.284	286.106	289.772	298.698	312.026	331.156	349.952	356.477	344.391	318.72	295.722	293.091	310.079	326.251	327.417	319.762	313.976	309.956	304.841	303.671	309.075	312.489	309.759	310.231	319.974	330.164	325.1	292.963	232.267	155.485	
140.303	202.171	238.7	252.507	261.241	271.577	275.457	268.202	256.201	245.739	238.148	238.062	253.502	284.471	321.806	354.823	372.111	366.858	344.865	317.278	292.893	279.343	278.413	282.59	284.198	284.134	288.941	300.467	309.801	306.314	292.034	280.43	283.299	300.65	318.477	319.969	302.682	278.843	260.103	248.605	240.069	231.047	224.173	226.965	243.811	268.678	287.705	292.552	289.628	289.62	291.115	284.807	270.853	260.19	260.153	266.255	267.586	260.446	255.292	263.999	284.172	304.701	320.24	330.857	334.955	330.658	320.19	307.844	293.593	275.337	258.419	252.755	259.898	270.799	276.561	277.417	279.993	288.136	301.07	316.691	329.502	333.915	334.794	342.822	354.79	352.164	326.736	291.725	263.71	249.82	249.81	259.984	275.553	290.615	299.832	302.502	300.614	294.334	284.15	274.321	270.425	276.286	294.063	320.238	341.158	341.869	319.78	287.37	266.889	275.591	305.755	329.959	332.401	321.567	310.507	301.332	293.705	292.443	297.196	299.249	297.49	301.054	311.624	318.723	310.845	280.501	225.353	153.857	
142.021	199.24	231.633	246.43	260.697	277.229	288.374	292.422	292.485	287.558	277.379	269.901	275.063	294.023	320.005	344.375	356.872	350.888	331.441	309.331	292.346	284.885	285.673	287.333	286.1	287.291	296.799	310.668	316.661	307.763	290.379	276.632	275.763	290.985	313.596	325.171	315.626	293.4	271.995	254.284	236.258	219.25	210.809	217.055	238.032	265.84	286.241	290.736	287.447	289.671	296.238	295.999	287.886	281.478	280.674	278.921	269.253	255.07	249.798	262.745	287.305	308.977	322.756	332.986	338.639	332.925	317.07	300.992	289.245	278.02	266.241	259.004	259.092	261.486	260.078	257.753	263.814	282.07	308.647	337.081	357.615	361.394	351.806	341.902	336.812	328.538	312.306	293.96	279.289	271.026	271.886	280.783	291.44	297.297	296.446	292.896	291.349	290.494	284.763	273.018	262.619	263.504	279.458	303.115	318.319	312.301	286.553	256.515	244.42	263.482	301.299	329.894	335.564	326.379	312.373	295.947	281.757	277.074	279.06	278.308	276.165	281.54	292.441	296.646	285.543	255.7	205.744	141.709	
132.532	182.921	211.672	228.539	249.012	273.544	295.192	312.359	322.935	320.54	306.315	292.602	289.961	298.408	312.817	327.786	335.224	329.003	313.565	299.061	291.105	289.863	291.832	291.358	287.244	286.029	293.974	306.998	312.844	305.657	292.441	282.598	282.058	295.537	318.889	333.909	326.691	306.051	289.365	278.092	262.754	243.59	231.164	232.721	247.561	269.083	286.373	292.118	291.149	293.309	298.678	299.712	296.97	297.868	300.366	293.376	273.225	251.169	243.937	258.401	285.119	308.012	321.543	331.349	337.491	332.377	316.992	303.262	298.246	297.628	294.315	286.088	275.087	262.887	250.517	244.214	252.999	278.01	311.955	346.415	371.223	375.183	357.547	332.061	312.204	299.777	292.775	291.496	293.617	296.26	300.301	304.84	304.747	297.855	289.299	286.708	292.033	298.324	295.547	281.219	264.918	259.59	268.95	284.299	291.625	282.66	261.148	241.121	239.859	264.139	300.456	327.481	337.143	334.187	321.072	298.505	276.198	265.342	263.105	260.187	258.42	265.139	276.218	279.282	267.224	237.85	190.075	129.833	
117.492	162.748	191.489	212.21	237.536	268.02	297.828	322.633	335.838	331.183	314.586	301.496	299.798	304.489	309.571	314.205	316.065	311.592	303.112	295.833	291.349	289.601	290.431	290.897	288.048	285.069	288.799	299.157	306.692	305.015	298.776	295.502	299.658	314.358	335.34	346	334.626	313.836	304.798	307.26	304.536	290.599	274.41	265.105	265.879	275.596	288.595	297.801	300.852	300.594	298.899	295.236	294.416	302.804	312.697	307.085	282.32	254.295	242.067	251.741	274.359	295.657	309.622	319.465	325.475	323.111	313.965	307.58	310.392	319.069	323.77	316.019	295.852	270.492	248.366	238.512	248.679	277.163	312.89	345.595	367.772	370.373	350.686	321.314	298.493	287.449	286.872	295.935	310.796	324.47	331.907	329.989	317.544	300.254	290.085	294.752	308.968	318.449	312.888	294.44	274.628	264.13	265.412	272.936	277.447	272.456	260.14	251.262	257.252	278.684	303.685	321.511	331.703	335.155	325.991	302.308	276.561	262.307	257.709	254.416	253.583	260.417	270.885	274.904	265.601	237.93	188.996	126.66	
105.945	150.335	182.818	207.537	234.137	265.91	298.655	323.864	332.373	322.358	305.228	297.16	302.502	310.902	312.902	310.104	307.166	305.086	303.561	300.326	292.079	281.655	276.838	279.846	285.515	290.843	298.749	309.757	317.572	317.408	313.272	313.591	323.273	340.433	355.792	355.862	336.522	314.63	311.942	327.173	339.47	335.689	319.48	300.534	287.541	286.151	295.415	307.105	311.468	305.744	294.898	285.521	285.833	301.058	320.099	321.74	299.4	268.271	247.723	245.663	258.086	276.147	293.038	305.209	310.561	309.98	308.193	310.562	319.343	331.802	339.4	332.053	308.208	277.257	251.291	240.325	251.286	281.451	316.562	343.225	356.76	354.468	336.646	314.822	302.388	300.997	306.515	319.149	339.219	359.683	369.286	361.11	338.213	314.183	305.084	315.624	333.19	339.024	326.871	306.528	289.262	277.825	272.137	274.006	280.805	284.512	282.22	280.566	286.394	296.966	304.598	308.955	315.734	322.864	318.944	300.031	278.502	267.479	265.623	265.573	266.803	271.794	278.169	280.595	272.975	246.222	194.848	128.614	
102.731	150.985	189.695	216.832	240.119	268.144	299.422	321.146	322.097	305.267	286.47	281.886	294.453	311.518	319.698	318.813	316.155	315.287	314.639	308.429	291.332	268.731	255.446	260.567	279.85	303.852	326.123	342.177	348.213	343.867	335.008	332.363	342.059	357.39	364.126	352.691	326.901	305.316	306.784	329.148	351.132	355.909	343.053	322.042	304.238	298.15	304.971	315.984	317.648	304.961	286.275	273.405	275.646	295.979	322.213	332.537	317.365	287.721	260.579	245.565	245.949	261.092	283.396	299.442	301.94	297.957	299.074	308.51	322.12	335.119	341.96	335.397	313.342	283.663	258.619	248.408	259.23	288.054	319.75	339.475	344.186	336.492	321.241	310.398	313.646	326.372	339.182	352.814	373.496	397.521	410.099	400.195	372.426	344.49	332.71	338.338	346.81	341.911	323.471	306.161	297.981	291.573	282.596	279.977	288.703	300.065	305.939	307.939	308.958	306.125	297.722	291.095	294.669	304.255	306.173	295.252	282.093	278.334	283.514	291.278	298.041	301.367	299.221	292.294	278.842	249.514	197.109	130.206	
107.154	162.094	207.902	236.297	253.965	275.549	303.158	320.699	314.278	289.574	265.959	260.606	276.704	302.094	322.133	332.951	337.621	336.982	330.111	315.006	289.429	259.264	240.741	247.345	277.703	318.356	353.869	374.495	379.038	371.153	356.867	346.485	347.145	352.587	349.312	330.82	303.514	283.909	287.02	310.275	334.298	343.062	336.211	323.032	312.268	308.64	313.317	320.903	319.474	303.056	279.955	263.955	265.086	285.158	312.863	328.964	323.308	302.351	277.32	255.558	246.132	257.776	283.732	301.707	298.722	286.492	284.111	295.729	312.257	325.729	333.146	330.987	315.735	291.127	268.889	260.462	270.469	293.89	317.567	330.791	332.308	324.261	311.581	307.133	320.051	342.437	361.17	376.638	398.454	426.025	443.944	438.404	412.405	382.555	362.636	352.619	342.208	322.94	299.565	287.094	290.233	294.469	289.14	284.063	289.841	301.349	309.752	313.058	311.023	301.466	286.31	275.777	278.9	291.287	298.955	295.214	288.435	289.99	301.725	318.575	333.632	338.189	327.807	308.109	284.351	250.631	198.746	133.436	
115.938	177.093	228.456	257.633	270.395	285.535	308.971	323.641	312.652	281.402	251.711	242.454	257.272	285.967	315.951	340.129	353.584	351.929	336.991	314.75	288.262	261.321	245.497	253.898	287.605	332.636	369.974	389.249	393.283	387.843	374.786	358.19	344.199	333.044	319.282	299.024	275.08	258.022	259.516	278.742	300.6	312.097	314.245	315.347	318.013	319.178	319.814	322.359	320.881	307.504	284.964	264.869	258.932	271.017	292.659	309.041	312.14	304.749	290.135	269.794	255.261	262.649	287.771	304.64	297.262	278.24	269.08	275.417	288.179	299.593	308.971	314.495	309.418	292.722	276.154	273.224	285.785	303.751	316.254	322.026	324.601	321.519	311.783	307.596	320.544	344.326	365.843	384.488	408.863	438.939	460.864	460.825	439.301	409.017	380.813	355.468	328.337	297.605	270.129	259.999	272.197	290.191	295.704	291.599	289.236	290.246	291.57	292.577	292.304	287.74	278.636	272.243	276.938	290.358	300.035	298.186	291.712	293.211	307.054	328.777	349.65	357.62	346.039	322.327	295.173	259.893	207.303	140.661	
124.317	188.844	242.253	270.651	278.776	287.368	306.676	321.357	311.381	278.81	245.944	233.266	245.223	273.94	308.723	339.093	354.163	348.312	328.218	306.256	287.909	272.708	265.753	277.996	311.739	353.086	382.566	392.942	393.218	392.062	386.204	369.484	343.375	315.805	293.08	274.867	258.08	245.063	244.134	258.044	277.491	291.875	301.711	314.025	326.819	330.261	325.25	322.839	324.254	319.257	302.243	279.803	265.152	265.767	276.43	286.631	291.8	293.187	288.386	274.11	261.074	267.162	290.194	306.123	299.713	280.784	266.503	262.19	263.413	267.669	277.116	289.304	293.742	285.973	277.811	284.271	304.431	321.698	324.935	322.349	324.881	326.443	318.491	311.248	319.521	340.956	364.225	386.746	412.975	441.375	460.856	460.473	440.088	409.485	377.508	345.782	312.665	278.708	250.453	241.487	259.249	288.811	306.568	305.928	294.513	279.654	267.235	262.593	266.557	273.934	278.92	282.445	289.604	299.565	303.755	296.618	285.531	284.035	296.489	316.847	336.819	347.127	342.51	328.691	310.005	277.042	220.177	147.165	
126.772	191.387	243.268	268.083	269.818	270.663	285.753	302.977	299.477	272.516	242.966	232.191	245.793	276.841	312.919	339.607	345.991	332.164	310.305	293.751	285.307	280.529	282.109	301.277	339.9	380.785	402.323	400.393	390.678	387.375	386.563	373.919	344.284	309.554	284.715	272.18	264.691	258.691	259.447	271.2	288.171	301.161	310.363	323.429	337.658	339.581	329.13	322.683	327.244	331.619	323.328	303.17	283.927	275.645	275.41	275.16	273.206	272.39	270.554	263.486	258.62	269.737	294.236	312.181	311.165	297.516	281.825	267.444	255.177	249.964	257.373	273.037	282.992	281.142	279.314	292.909	319.588	338.868	338.142	330.188	331.104	333.967	325.686	314.604	318.17	338.045	364.257	391.399	419.03	443.163	454.861	446.898	421.164	387.687	354.879	324.441	295.142	266.855	244.197	238.921	258.73	291.544	314.754	317.071	300.943	274.919	251.24	241.571	249.186	266.926	284.838	298.428	307.416	310.211	303.591	288.062	273.273	271.47	282.773	297.45	310.03	319.033	323.296	324.33	317.547	286.952	224.285	144.802	
121.214	183.584	231.511	250.394	244.817	238.456	249.807	269.965	275.437	259.664	240.224	237.689	258.363	294.165	328.415	344.675	337.804	317.111	297.702	287.58	283.317	279.805	283.669	309.374	356.875	403.039	422.649	412.725	392.219	380.484	378.243	369.607	344.783	314.983	296.527	291.543	292.607	296.197	304.795	318.251	329.878	334.011	334.904	341.848	351.33	348.256	332.113	321.485	327.067	338.57	339.337	324.05	302.714	287.623	279.3	270.762	260.518	253.498	251.253	251.126	256.938	276.805	306.363	328.475	333.078	324.942	310.684	290.984	268.664	254.505	257.857	273.051	283.819	283.984	285.179	300.942	327.404	344.681	341.998	333.017	333.837	337.446	329.105	315.136	314.82	333.938	363.417	394.937	424.521	446.402	452.116	436.103	402.632	364.228	330.54	303.549	281.753	263.447	250.5	250.716	268.481	294.327	312.698	314.817	299.525	272.146	245.917	235.815	246.542	269.718	293.541	310.816	317.912	312.825	296.914	276.554	263.122	264.985	275.74	282.639	284.943	289.583	298.487	307.88	305.989	274.919	210.101	131.192	
111.649	171.306	214.419	226.763	215.787	206.206	216.347	239.384	253.887	250.777	242.393	247.233	272.501	308.777	336.712	342.146	327.935	309.955	301.036	299.556	295.501	286.403	285.246	309.556	358.095	405.189	425.092	414.712	390.869	373.612	369.103	364.928	349.916	331.277	320.885	320.022	326.026	339.478	358.637	374.108	376.805	369.227	363.408	366.359	368.827	356.478	332.675	317.302	322.01	337.746	345.668	334.56	310.387	288.431	275.467	266.184	256.274	249.128	248.107	252.561	265.004	290.408	323.527	348.8	357.507	354.388	344.361	324.846	297.104	274.579	270.166	279.526	287.478	289.292	294.974	312.623	334.419	343.38	335.186	325.153	326.778	332.189	325.66	310.809	307.684	325.659	356.215	389.149	419.94	443.191	449.699	432.717	396.893	356.386	322.15	297.316	281.209	271.204	266.415	270.197	282.692	296.208	303.372	301.729	289.528	267.84	247.225	242.235	257.086	282.524	305.598	318.213	318.308	307.317	289.092	270.515	260.764	263.781	270.408	269.618	265.044	267.047	276.912	286.23	280.819	247.023	185.382	114.557	
103.241	161.312	201.099	209.074	196.475	188.694	201.607	228.818	251.019	256.485	252.024	255.08	275.28	303.901	322.791	322.889	312.426	307.862	316.242	327.3	327.059	315.349	306.906	318.45	350.764	384.318	398.716	390.669	371.877	358.675	358.675	363.195	361.522	354.793	348.104	344.694	350.378	369.652	395.484	410.566	405.582	391.972	386.984	389.655	382.596	356.896	324.441	305.062	308.017	325.397	338.905	333.446	310.068	284.991	271.315	267.188	265.306	263.826	264.059	267.612	278.996	302.329	332.299	355.909	366.824	369.767	367.325	353.386	326.209	298.424	284.63	284.681	288.864	294.76	308.295	329.808	346.664	344.891	327.553	312.951	312.712	318.218	313.393	299.623	295.924	312.444	340.882	371.584	402.321	429.19	441.481	430.078	398.504	360.425	327.02	303.3	290.536	285.583	285.006	289.365	296.859	300.477	296.956	289.127	277.915	263.102	252.021	255.615	275.429	301.615	320.561	324.009	314.977	302.299	290.546	279.452	270.203	265.02	261.212	255.601	252.748	258.417	269.428	274.861	262.293	225.088	168.416	106.818	
96.9754	154.328	193.95	202.328	192.483	189.96	208.227	239.924	266.403	273.935	266.04	260.532	269.684	286.858	297.427	297.011	294.888	303.882	326.397	349.756	359.925	355.264	344.303	338.14	342.474	351.375	353.778	346.213	335.834	333.612	343.395	358.424	370.82	375.916	371.021	362.135	362.988	380.131	404.178	416.915	410.638	399.088	397.769	398.073	379.837	342.943	306.299	286.035	287.073	304.007	322.685	326.916	311.599	289.312	276.754	277.288	283.236	287.048	285.888	283.797	289.042	304.789	324.786	340.158	349.397	357.335	363.55	359.342	339.768	313.077	292.95	285.126	287.87	300.277	321.899	345.92	357.968	347.703	322.506	301.764	296.381	298.39	293.13	281.517	279.653	295.003	319.712	347.053	377.543	407.952	426.077	421.075	395.199	360.79	329.253	307.905	299.257	298.483	300.085	304.65	311.25	311.964	302.227	287.522	274.276	264.68	263.006	274.506	297.113	320.997	333.041	325.95	308.927	299.422	301.499	302.143	290.259	269.962	252.691	245.936	251.358	265.196	278.67	280.701	262.391	222.797	169.529	112.828	
92.3546	147.835	188.494	201.491	199.243	205.24	229.38	262.426	287.631	293.344	282.539	271.9	273.474	281.398	283.947	280.495	280.556	293.161	318.825	348.355	370.722	379.862	373.766	355.688	335.808	322.285	313.426	305.87	303.694	311.858	327.341	345.476	365.736	381.433	381.913	371.751	367.18	375.84	391.405	400.815	397.22	389.258	387.122	381.522	357.018	319.475	287.647	271.634	273.181	290.1	313.075	326.385	319.342	299.157	284.414	284.392	293.285	299.697	297.018	290.746	291.71	300.802	309.617	313.553	316.914	325.409	337.013	342.357	333.434	311.979	289.145	276.595	280.082	298.752	325.514	348.927	356.919	343.663	316.697	292.574	281.416	277.396	269.215	259.11	259.829	274.843	296.775	321.365	350.089	380.287	400.528	399.886	379.223	349.234	321.655	305.4	302.444	305.692	309.207	315.567	325.33	328.498	316.97	297.903	284.257	280.808	286.92	301.623	320.994	336.467	336.606	317.172	293.544	289.508	307.582	322.248	310.351	278.531	251.836	245.924	258.48	278.319	294.068	295.945	277.003	237.849	185.794	128.48	
91.4322	142.759	181.842	200.058	209.497	227.803	257.376	286.772	305.264	308.587	300.324	292.715	294.195	297.392	291.291	278.828	272.343	279.134	298.435	326.01	355.644	377.787	381.356	362.506	332.096	306.101	290.039	282.925	286.914	299.87	312.137	323.154	342.522	365.581	375.289	369.921	362.735	363.092	370.6	376.857	373.763	364.639	357.734	348.978	328.415	300.392	278.328	269.571	276.177	296.603	322.103	337.46	330.424	305.906	283.995	278.298	285.067	291.84	290.761	287.358	291.444	300.042	302.5	297.716	294.519	299.433	310.499	319.902	318.468	302.176	278.555	262.587	264.882	284.688	311.519	332.728	340.013	330.94	309.949	287.73	272.533	261.427	248.216	237.783	240.409	256.317	277.477	298.897	321.266	344.649	362.273	365.004	351.705	329.965	309.917	300.053	301.668	307.646	313.104	321.301	333.055	337.944	326.715	308.314	300.16	306.249	318.385	330.566	340.618	342.988	328.539	297.306	269.164	269.466	298.845	325.732	320.008	288.023	260.313	254.977	267.696	286.842	303.591	309.621	296.267	260.768	207.876	145.385	
96.2751	143.019	177.506	198.318	218.906	249.144	281.896	304.15	313.349	314.249	311.04	310.394	316.531	320.299	309.829	289.705	275.21	273.147	281.428	300.471	330.44	361.26	376.101	365.591	336.576	304.463	279.975	269.171	274.885	288.241	294.902	297.962	313.497	339.153	355.005	353.731	345.338	341.807	346.979	352.623	348.289	336.548	328.482	325.062	316.393	299.526	283.276	278.558	291.137	316.952	342.907	353.876	340.802	309.921	280.85	267.585	267.813	271.648	274.2	280.465	294.827	308.313	309	299.668	292.454	293.284	299.598	306.057	305.794	292.721	270.304	252.338	250.426	264.818	286.361	304.763	314.907	315.043	304.874	288.589	271.817	254.764	237.097	226.037	229.662	246.304	266.84	283.521	295.682	307.57	319.253	324.921	321.269	310.802	299.163	293.266	296.523	305.426	314.966	324.227	332.864	334.227	321.885	305.607	303.828	318.038	333.199	340.277	340.783	333.017	309.903	274.388	247.149	250.277	282.831	315.543	319.035	296.704	274.962	268.713	274.51	286.799	302.798	314.924	310.25	279.769	224.511	154.837	
105.514	150.444	180.908	201.177	226.373	261.191	292.568	307.082	307.801	305.707	305.636	310.249	321.205	329.952	324.686	307.867	292.412	283.299	278.925	285.744	311.317	346.812	372.135	373.87	351.633	314.258	276.568	255.698	258.938	273.835	282.696	286.883	300.306	320.812	331.127	325.367	314.251	310.879	318.579	326.88	324.574	316.111	315.335	324.475	329.958	321.485	305.605	298.602	310.892	336.911	359.923	365.561	349.501	319.087	289.183	269.759	259.935	256.225	260.523	277.339	302.638	320.071	317.918	304.462	295.69	296.063	299.532	300.514	296.102	283.494	264.458	248.132	242.991	250.13	264.656	280.814	295.428	304.935	304.366	293.337	276.28	257.104	239.906	230.906	234.315	248.14	265.01	276.536	280.049	280.723	283.985	289.517	293.852	293.454	287.407	281.392	284.418	298.894	316.932	328.71	331.888	326.638	310.795	292.216	288.264	301.415	315.485	319.752	316.869	307.495	286.253	256.727	236.564	241.604	269.575	299.269	309.372	300.799	289.917	284.15	281.296	283.808	295.629	309.872	310.105	282.353	224.862	150.866	
115.894	163.432	193.749	212.272	234.613	264.908	290.054	297.283	291.567	286.732	288.044	295.119	308.104	322.122	328.642	325.786	317.741	304.983	288.772	282.901	300.988	335.724	366.657	378.558	363.625	322.935	274.169	244.032	245.118	265.826	286.63	300.773	312.057	317.711	309.673	291.638	278.187	279.253	291.957	303.654	305.632	304.383	313.31	333.639	350.593	351.15	338.885	329.13	333.657	349.722	363.708	364.978	352.823	332.694	310.71	289.627	269.905	256.115	257.474	277.857	305.967	320.55	311.748	293.137	284.631	289.965	297.586	297.052	287.709	273.733	258.908	246.954	241.161	243.505	254.321	271.933	292.459	308.349	311.333	300.364	282.241	265.321	254.981	251.681	253.106	258.293	266.621	273.909	274.247	266.987	259.157	258.991	267.205	275.091	273.857	267.262	270.133	290.559	317.213	331.816	331.134	322.424	305.848	283.282	269.301	272.52	282.93	288.769	288.788	283.262	268.987	249.102	236.155	239.657	256.93	276.387	288.044	292.903	297.131	298.697	293.197	287.412	290.69	298.48	294.515	264.424	206.334	134.383	
123.909	177.279	211.317	229.153	245.807	267.109	282.873	282.235	271.328	265.51	269.698	279.516	292.633	308.839	325.569	337.757	339.522	325.988	301.7	285.685	293.479	319.338	346.716	362.25	354.1	318.017	270.628	239.967	241.068	267.689	302.12	327.53	334.542	320.703	291.286	262.627	252.43	263.587	283.38	296.717	299	298.761	307.781	327.834	349.157	361.803	363.903	360.272	357.347	357.035	355.261	349.3	342.164	336.49	328.977	313.826	291.282	271.519	267.291	281.01	299.282	302.902	286.418	265.84	261.523	275.818	292.159	294.631	283.374	268.742	257.024	247.884	241.551	242.512	255.448	279.433	306.377	323.885	323.117	306.918	287.441	276.328	276.614	280.509	278.455	271.057	266.963	269.629	270.382	259.103	240.712	232.024	240.917	256.318	262.318	258.952	262.889	284.926	312.605	325.293	322.154	316.063	306.725	287.093	266.435	260.374	268.335	278.168	282.506	280.333	271.029	256.223	243.128	238.485	241.968	249.002	257.536	270.543	289.312	304.79	306.449	298.601	292.801	288.54	273.651	237.576	180.311	114.66	
125.186	184.406	223.742	242.512	254.528	267.154	273.145	264.632	249.796	245.183	255.037	270.553	285.226	301.484	322.671	343.607	352.396	340.429	313.71	291.896	288.131	298.576	314.503	328.598	329.756	309.787	276.691	250.369	247.234	271.484	311.689	343.791	347.363	320.794	280.549	251.203	250.172	273.651	300.825	313.816	310.494	301.011	297.139	304.536	322.635	347.232	370.028	381.361	377.847	363.274	343.041	324.016	315.339	320.31	329.43	328.821	315.723	300.47	293.581	294.667	293.267	279.655	256.892	241.419	247.718	271.726	293.339	297.282	286.934	274.501	264.441	254.215	246.365	249.808	269.55	300.223	328.549	340.338	330.228	307.818	290.027	287.483	297.736	306.631	300.875	282.609	266.786	263.497	264.662	254.119	232.314	218.529	225.519	243.662	255.066	256.825	262.803	282.019	302.957	308.813	303.444	303.085	306.386	298.997	283.516	277.611	286.42	298.157	303.028	301.368	294.294	279.313	258.717	241.301	232	228.51	229.917	241.701	267.277	296.119	310.982	308.711	299.081	285.097	259.873	217.928	161.619	101.722	
116.762	179.09	223.348	243.669	251.743	257.088	256.145	243.998	229.45	228.375	244.487	266.542	284.426	300.839	323.016	347.662	360.946	352.192	327.155	303.397	290.352	286.342	291.184	305.333	320.963	324.506	308.325	280.005	260.859	270.223	305.486	339.694	345.862	321.519	286.44	265.448	273.231	303.71	333.966	344.476	332.978	310.199	289.74	282.839	296.51	328.808	365.55	388.415	387.95	366.395	332.147	298.329	281.935	291.796	316.626	335.631	340.521	337.671	332.633	321.888	299.238	267.006	239.717	234.505	255.057	285.284	303.639	304.129	297.456	292.425	285.2	271.686	261.911	270.39	297.321	328.708	348.875	347.927	327.252	302.367	291.014	297.937	313.957	323.285	314.713	291.914	270.288	262.169	263.439	258.689	243.532	231.383	233.77	245.04	252.474	254.611	261.329	276.848	290.173	289.466	282.465	287.09	302.887	313.082	313.909	317.697	328.114	335.065	333.34	328.493	321.965	305.526	277.471	250.107	232.988	222.518	215.191	219.107	243.272	279.506	306.367	313.158	305.544	287.622	256.173	210.061	154.042	97.3092	
101.183	163.336	211.424	233.319	237.213	236.415	233.617	226.189	219.502	224.516	243.586	266.806	284.984	301.515	325.093	352.942	369.437	362.622	338.876	314.846	297.998	288.407	290.882	310.641	342.295	366.582	360.443	321.445	278.71	266.732	291.008	325.369	340.706	330.781	310.357	299.283	310.294	339.319	365.768	370.388	350.493	317.167	286.42	273.983	288.546	323.161	358.527	378.307	376.831	354.718	316.285	274.736	253.21	267.37	305.897	341.702	360.73	366.638	363.281	345.952	310.602	267.171	238.737	242.837	272.809	301.748	310.383	306.144	307.28	315.385	314.683	298.978	287.001	298.871	328.348	352.939	358.624	344.177	317.717	296.552	294.88	309.782	326.996	333.347	323.203	301.46	280.322	270.796	273.235	276.938	274.001	267.93	264.512	262.025	256.3	250.743	253.561	265.099	273.641	269.484	261.899	270.053	296.354	325.033	346.466	362.95	372.691	369.39	356.492	344.992	335.583	316.971	286.476	257.412	239.31	226.416	213.812	211.358	231.434	268.408	300.807	314.41	310.634	292.157	257.546	209.056	153.242	97.7981	
85.9206	146.157	197.32	221.975	223.717	219.412	219.41	223.209	229.516	240.141	254.933	269.737	282.23	297.893	323.932	354.829	372.011	363.5	338.244	314.04	298.792	293.51	302.573	330.173	370.959	403.787	399.457	351.639	293.805	267.382	281.835	314.841	339.886	346.273	339.72	334.616	344.419	368.127	387.036	383.072	355.177	315.776	282.408	272.324	290.904	322.782	345.543	350.878	342.686	322.34	288.514	250.806	234.203	257.168	306.264	348.844	368.361	371.139	365.028	347.176	313.336	273.111	249.472	257.733	286.308	306.134	304.152	297.841	308.18	329.413	336.861	322.383	309.26	320.336	345.387	358.272	349.822	327.932	304.761	294.389	304.083	324.395	339.775	342.394	332.011	313.461	295.634	287.646	292.276	302.841	309.911	309.124	300.826	286.248	267.546	250.947	244.522	248.773	252.611	246.417	238.878	249.417	282.919	325.3	362.437	387.935	396.64	387.131	368.35	351.57	336.053	312.953	283.22	258.604	244.076	232.937	221.841	219.611	236.051	266.869	295.826	311.002	310.499	293.395	258.574	210.667	156.488	101.663	
79.056	137.802	191.424	220.467	224.386	220.645	225.029	239.414	256.451	268.111	271.904	272.376	276.498	290.368	316.551	346.061	359.695	347.374	319.857	295.672	284.549	287.732	305.291	336.396	374.306	401.326	394.027	348.448	294.737	268.921	279.077	308.744	338.137	354.739	356.517	354.133	362.847	383.067	395.749	384.395	351.443	310.851	279.135	271.485	289.483	314.213	324.691	318.366	304.28	285.514	259.27	232.561	228.141	261.505	314.939	353.196	362.05	353.705	341.653	326.705	304.463	279.067	265.752	274.693	294.81	303.209	294.169	287.75	301.894	327.076	338.013	327.092	315.942	324.538	341.258	341.836	323.338	301.22	289.549	295.835	317.785	340.869	352.131	350.884	340.961	325.84	312.04	307.039	313.025	325.11	335.004	335.573	324.802	306.302	284.148	261.481	244.441	237.27	233.251	223.622	215.486	226.388	261.069	306.604	347.763	375.871	387.532	384.306	372.34	356.618	335.404	306.764	278.103	258.933	248.628	241.22	236.419	239.018	251.526	270.15	287.652	299.115	301.109	287.837	256.68	213.15	163.046	109.4	
86.6897	145.388	198.669	229.806	237.709	237.709	245.968	266.082	288.475	298.569	291.824	280.078	277.375	287.854	308.376	328.983	334.471	318.135	289.908	267.234	261.523	272.902	295.397	322.995	348.655	361.478	349.68	314.143	276.551	260.894	271.612	297.908	327.033	347.604	354.007	354.423	363.78	381.963	390.509	376.341	344.968	309.412	281.914	273.375	284.548	301.03	307.479	301.323	288.23	271.619	251.605	234.934	239.663	275.707	323.489	350.897	348.498	331.334	314.693	302.581	292.062	282.496	280.715	291.522	305.781	308.092	297.394	290.412	299.548	315.971	321.275	312.072	305.234	313.478	324.373	317.621	294.835	276.389	278.096	301.143	333.411	356.77	362.821	357.335	346.588	333.012	322.114	319.61	325.059	334.198	341.865	341.759	331.858	317.965	303.31	283.706	260.489	242.049	228.13	212.524	201.506	209.73	239.301	277.809	312.78	339.33	358.367	370.764	373.772	363.391	338.408	305.294	277.437	262.264	255.117	251.194	252.237	258.692	266.468	272.17	276.473	281.738	284.974	276.623	251.811	215.67	172.205	121.158	
109.947	169.327	216.604	242.489	251.531	257.201	271.239	296.188	322.867	333.925	321.967	301.682	291.765	295.627	306.177	313.605	308.266	287.674	260.428	242.086	244.063	263.123	286.778	305.991	316.625	315.675	300.967	275.778	252.97	246.392	258.542	282.464	309.53	330.853	340.888	345.152	354.763	368.652	373.009	360.611	337.552	312.403	291.376	281.196	284.815	296.191	305.915	308.301	302.316	290.043	274.774	263.409	268.583	295.704	328.876	344.608	337.069	317.949	299.62	287.955	282.932	282.999	290.519	306.336	321.568	324.489	315.022	305.392	304.301	306.146	300.969	290.797	288.158	298.222	308.483	302.447	282.057	267.653	276.561	307.703	343.74	365.941	369.639	362.061	348.205	330.829	317.647	314.749	319.945	328.718	337.088	338.776	332.492	327.05	325.252	315.637	293.322	268.393	245.963	223.227	207.115	210.062	231.082	258.474	284.49	308.869	334.481	359.653	374.091	367.213	339.212	303.498	277.122	265.266	260.619	258.508	260.884	266.476	269.491	267.351	263.983	264.879	267.79	262.535	244.225	217.531	183.197	136.119	
138.987	198.014	235.203	250.682	258.194	271.21	295.592	329.796	363.819	378.648	363.559	333.42	312.07	306.761	308.709	305.901	291.818	268.364	243.837	231.466	241.053	265.564	287.342	296.779	295.336	287.19	274.531	259.348	247.4	246.018	257.099	276.073	297.044	315.003	326.701	334.509	343.571	351.951	352.529	343.917	330.854	316.904	303.063	292.656	291.289	300.103	313.879	325.142	328.343	322.733	312.143	303.516	305.15	319.44	336.78	343.585	335.217	316.812	296.783	282.753	278.396	283.752	298.459	319.128	335.806	338.511	327.48	312.866	302.899	295.299	285.179	276.923	278.694	290.322	302.058	302.307	289.793	278.559	285.187	311.294	342.33	363.311	370.78	366.668	350.018	324.311	302.682	295.647	302.354	316.954	332.433	339.723	337.992	339.854	349.639	351.406	334.484	308.167	281.246	254.163	234.036	231.125	242.9	259.948	278.864	300.487	325.677	351.402	366.038	357.462	327.292	292.409	270.513	263.903	262.524	260.395	259.337	260.045	259.454	255.86	252.059	251.86	252.804	247.487	234.65	218.676	194.712	151.554	
155.744	212.658	242.909	252.854	261.317	281.572	316.074	359.886	401.019	418.978	400.407	359.346	324.923	311.342	310.008	304.85	289.583	268.967	249.999	242.183	254.144	278.524	295.697	296.351	287.323	278.123	271.907	268.193	267.187	270.094	276.926	285.438	294.07	303.285	313.082	323.244	333.327	340.043	340.349	335.642	329.262	322.546	313.953	304.062	298.988	303.817	317.247	333.348	344.345	345.261	338.84	333.302	334.804	342.873	351.493	353.234	343.473	323.42	300.586	284.57	281.327	291.472	310.787	330.741	341.36	336.825	320.028	300.643	286.701	278.173	272.529	272.592	280.425	292.329	304.126	310.978	308.139	300.357	300.575	314.593	335.637	355.14	368.916	371.12	354.511	322.887	293.337	280.804	287.42	306.699	328.376	340.768	342.893	349.346	366.085	375.892	364.72	340.681	315.471	291.442	272.632	265.562	268.606	276.683	289.017	304.568	321.216	336.484	341.906	328.32	298.976	270.073	256.714	258.28	261.947	259.478	253.316	248.675	246.902	246.516	246.547	246.498	243.973	237.079	229.529	223.55	206.853	163.904	
151.937	207.202	239.829	255.292	268.811	291.545	326.551	369.999	411.044	430.293	412.265	366.784	324.171	305.369	305.157	305.527	298.803	289.301	280.146	275.549	284.302	303.551	315.02	308.266	292.78	282.481	281.682	288.087	297.008	302.927	303.09	298.58	293.636	293.744	301.028	313.359	326.93	337.365	342.169	342.103	339.23	334.78	327.521	317.246	308.507	306.775	314.736	330.246	344.404	348.258	343.508	340.272	344.758	354.786	364.061	365.074	352.48	329.222	306.332	293.952	295.532	309.179	327.779	340.429	339.424	325.096	304.051	283.996	269.87	262.88	263.251	271.741	284.599	295.899	306.074	315.827	319.603	316.416	315.222	322.918	337.727	355.308	370.248	373.099	356.725	326.298	296.969	281.493	283.14	297.965	317.374	330.278	334.771	343.469	361.991	374.908	368.578	350.358	333.528	320.381	308.709	299.958	295.417	295.014	298.514	303.316	307.433	310.192	306.335	290.601	267.127	248.213	244.527	253.967	262.781	260.965	251.691	244.482	244.643	250.428	255.902	255.663	249.146	241.51	239.409	239.251	221.464	171.441	
139.074	195.7	237.03	262.006	278.251	295.368	319.473	350.856	383.925	404.101	394.052	354.866	311.845	290.428	292.483	302.383	310.489	317.96	323.277	324.748	330.235	342.882	348.355	334.287	310.287	294.804	294.886	306.458	319.92	324.699	317.184	302.459	289.563	286.441	294.716	309.948	327.302	343.247	354.811	360.385	360.311	355.83	347.46	336.517	325.532	317.156	315.961	324.181	334.53	336.687	330.315	324.913	328.577	341.668	357.058	362.417	349.889	326.711	309.279	306.597	315.565	329.358	341.405	344.599	335.591	318.594	300.759	285.184	272.043	263.27	262.275	270.067	281.82	291.713	300.161	308.24	312.62	314.119	320.187	334.126	351.933	368.457	377.304	371.499	351.605	326.806	306.03	292.657	287.307	291.102	302.265	312.874	318.664	326.828	341.941	354.03	352.777	343.324	337.568	336.603	332.579	323.214	313.3	305.924	299.253	290.936	283.258	279.036	274.812	265.719	253.119	244.475	247.258	259.782	270.235	269.369	260.5	254.412	258.612	271.607	282.977	282.54	272.195	263.944	265.103	264.365	237.088	174.527	
131.275	190.56	237.416	264.409	275.722	282.917	294.572	312.899	336.853	357.826	358.579	331.451	293.38	271.093	274.353	292.72	315.269	339.708	361.456	373.684	380.023	386.579	384.711	362.951	330.546	308.777	306.921	318.935	331.415	332.084	318.726	299.293	284.969	283.675	294.812	311.684	330.443	350.216	367.247	376.677	377.796	373.397	366.404	359.179	351.121	339.57	327.813	322.565	322.535	319.596	309.647	297.699	294.202	306.151	327.8	341.505	335.266	317.593	307.569	313.655	328.09	339.367	342.912	339.407	331.235	322.309	314.664	305.399	292.392	279.07	270.294	268.546	273.378	281.768	289.609	293.188	293.108	297.412	313.977	339.957	365.476	382.466	383.856	366.974	341.752	322.659	313.176	306.034	296.458	289.886	293.125	302.413	309.52	314.391	321.896	330.898	335.345	335.201	337.224	341.438	339.396	329.488	318.746	309.199	295.501	276.359	259.914	254.525	259.016	264.869	266.046	265.466	269.711	278.622	285.221	284.772	279.644	276.88	283.743	300.963	316.681	316.551	302.7	291.794	291.91	286.209	247.756	174.213	
127.974	186.616	231.02	252.064	256.058	257.744	265.434	279.268	298.535	318.678	325.866	308.898	277.06	254.714	256.857	278.936	310.352	345.782	378.967	400.702	409.858	411.574	402.449	375.825	341.171	318.01	314.684	324.639	334.271	332.269	317.53	298.336	285.438	285.263	295.634	310.258	328.226	350.744	371.236	380.365	378.047	372.708	371.668	375.812	378.187	369.255	349.356	328.914	314.75	304.211	290.821	273.543	262.624	271.003	296.257	318.523	321.984	311.867	305.467	312.289	325.74	333.009	330.61	325.585	325.203	330.105	333.49	327.354	312.078	294.669	279.407	268.816	267.836	276.818	285.699	284.599	278.08	281.222	301.905	333.065	362.582	381.425	381.224	360.585	334.277	319.982	318.632	316.797	305.519	292.351	290.54	299.886	308.237	308.844	307.908	313.659	323.894	331.571	335.38	335.103	328.561	319.708	314.86	310.157	295.626	270.733	248.16	242.337	256.174	277.739	292.919	299.693	302.846	303.462	302.223	302.077	302.775	302.751	306.826	320.504	335.486	335.573	319.976	305.989	303.016	293.055	249.17	171.943	
124.087	177.215	214.639	230.283	232.802	236.3	246.631	261.679	279.396	297.202	306.423	296.951	271.833	249.737	247.803	267.77	300.642	337.204	369.535	390.653	399.344	398.503	386.61	362.021	334.398	317.618	316.071	324.442	332.492	331.118	319.053	302.961	291.161	287.672	291.321	300.486	317.792	343.658	366.963	373.656	364.455	355.575	361.412	380.614	397.539	395.923	373.354	341.205	312.262	291.858	276.235	259.704	247.754	254.348	280.7	308.497	319.844	314.779	306.528	306.15	312.083	314.394	310.324	308.783	318.113	334.603	343.93	335.988	316.506	297.258	281.606	270.083	269.515	281.882	293.342	290.181	278.839	276.68	290.557	314.735	341.529	362.931	367.682	352.235	330.92	320.78	321.702	320.185	308.201	294.053	291.316	299.902	306.434	302.155	295.294	300.406	317.161	331.137	332.356	322.144	309.23	304.511	310.321	314.75	303.688	276.724	248.834	239.038	254.98	285.233	312.131	328.326	332.796	326.013	317.109	316.9	321.586	320.355	315.288	317.228	324.892	324.347	311.114	298.298	294.61	284.075	241.936	168.248	
123.223	169.404	200.469	215.261	221.248	227.318	237.329	250.593	265.92	282.163	294.505	294.048	277.791	257.197	249.962	264.042	292.212	320.544	339.551	348.356	351.33	350.463	342.156	325.822	310.338	304.488	308.892	319.144	328.357	329.966	322.726	311.044	299.209	288.649	282.225	285.481	302.418	329.71	353.457	358.085	344.06	332.117	342.745	373.532	402.226	408.751	388.714	350.556	308.93	277.966	260.963	250.175	243.86	252.377	279.062	308.966	323.977	319.958	306.845	297.187	294.568	293.6	292.087	296.432	312.013	332.342	341.282	329.948	307.898	289.693	278.45	272.607	276.979	292.817	306.636	305.056	293.284	285.166	286.194	296.518	316.036	337.631	346.849	337.949	323.031	316.185	316.532	314.247	306.133	299.48	301.015	306.621	305.681	294.046	283.073	289.678	312.775	331.426	329.436	311.784	297.18	299.576	315.599	327.875	320.588	292.726	259.358	241.71	251.12	280.348	314.07	340.816	351	342.324	329.616	327.947	330.684	322.901	306.23	294.263	291.677	290.174	283.669	277.963	277.323	268.165	229.885	161.978	
129.769	172.177	199.731	215.455	223.826	228.006	232.025	239.293	250.828	266.197	282.211	290.408	283.314	266.124	255.673	264.076	285.577	302.972	306.006	299.774	295.51	296.182	294.719	287.276	280.537	282.009	292.324	307.488	321.443	328.671	327.593	320.373	307.668	289.532	273.874	272.22	286.925	309.814	327.951	329.655	315.674	305.369	319.232	354.413	388.299	401.766	388.015	349.448	300.073	261.284	243.244	238.34	239.783	253.113	280.741	309.989	324.45	319.12	302.639	287.971	281.44	281.212	284.754	293.373	308.265	324.02	328.989	317.474	298.688	285.153	279.468	279.978	288.374	303.44	315.545	316.277	308.228	297.969	289.212	287.963	299.334	316.069	322.942	315.239	304.226	300.886	303.405	305.639	308.167	314.617	322.447	323.717	313.09	293.107	277.365	282.523	306.79	326.702	324.094	307.121	298.345	309.296	332.291	349.915	347.204	320.897	283.333	255.778	252.69	273.103	307.261	341.259	357.576	350.72	337.343	332.353	328.24	312.42	288.048	267.397	257.36	255.883	257.781	261.761	265.669	256.771	219.087	153.959	
138.995	181.791	208.28	224.229	233.049	235.112	235.152	238.652	246.512	257.586	270.382	279.63	277.655	265.098	255.337	261.222	278.87	291.307	288.196	276.198	269.198	271.68	275.019	271.077	263.372	261.314	270.466	289.664	312.17	329.09	334.694	329.429	314.569	291.367	270.247	264.779	274.974	289.389	297.865	295.197	284	278.802	294.218	327.264	361.51	381.866	376.783	341.718	290.692	249.657	231.617	229.697	236.353	254.028	281.954	308.029	319.743	314.876	301.098	288.425	282.726	284.77	291.677	299.607	306.874	312.71	313.741	308.019	300.195	295.192	293.708	296.573	303.613	310.486	313.183	312.043	308.601	301.737	292.241	287.948	294.366	303.804	303.784	293.871	285.933	287.665	295.279	304.459	316.981	332.495	343.023	340.667	324.927	301.472	282.28	281.625	299.438	316.013	314.913	304.018	303.229	319.928	346.393	369.633	375.991	357.26	319.986	284.331	268.648	278.438	308.378	342.746	359.812	353.041	338.173	327.713	316.211	296.653	272.219	250.408	237.925	237.734	246.473	258.184	265.431	255.089	214.58	148.407	
141.029	185.321	211.941	228.133	238.892	244.589	248.675	253.97	258.498	260.671	262.692	265.475	264.565	257.559	252.251	259.297	277.439	293.425	297.266	291.961	287.966	290.464	292.941	285.662	268.886	253.775	252.989	271.681	303.096	331.134	342.044	335.407	317.729	293.569	271.969	264.3	269.501	276.212	277.039	271.399	263.415	262.66	276.966	304.476	337.614	364.613	367.399	336.727	288.745	250.958	234.816	233.391	240.652	258.069	282.793	304.644	316.465	318.431	314.14	307.596	303.602	306.057	312.153	313.973	308.944	302.886	301.776	306.948	315.682	321.947	323.689	325.323	325.689	317.607	303.093	292.91	290.933	291.142	289.896	291.364	297.865	302.685	298.453	289.102	286.181	293.376	303.94	313.891	326.267	340.987	350.452	348.071	334.598	315.048	297.245	291.299	299.731	310.22	309.776	303.339	305.414	320.735	345.072	371.698	388.317	381.181	350.333	314.501	295.107	300.54	325.508	353.51	365.036	355.81	338.066	320.824	303.413	284.586	264.612	245.127	232.574	233.306	245.619	261.651	270.76	259.043	216.06	148.481	
130.357	174.706	202.917	221.459	236.337	248.858	260.421	269.691	272.251	267.742	262.039	260.157	260.455	259.699	260.983	271.486	292.366	315.497	331.478	337.223	336.564	334.673	330.213	316.117	290.284	262.362	248.91	261.351	294.745	328.085	341.794	335.022	318.373	298.481	281.026	273.106	273.363	273.419	269.357	262.839	257.551	258.991	270.797	293.413	325.939	357.276	364.653	338.341	296.564	264.704	250.712	247.744	251.385	262.945	280.618	299.704	317.963	332.995	340.148	338.314	334.525	336.428	339.909	333.322	315.078	297.911	295.408	310.921	335.395	353.982	361.593	363.05	355.002	329.428	294.637	270.628	266.027	273.82	285.086	296.256	305.624	310.022	307.782	304.274	308.005	318.713	327.386	329.844	331.951	339.57	349.439	353.263	347.528	335.103	321.376	313.195	314.695	319.535	317.71	311.715	311.537	319.471	333.962	354.779	373.702	374.921	354.098	328.107	317.642	327.717	349.046	367.377	371.916	362.345	344.514	322.675	301.041	282.737	264.955	245.938	232.565	232.581	245.661	264.098	275.053	263.648	221.266	154.875	
111.594	155.459	187.914	211.315	229.326	244.266	258.386	269.888	274.303	272.292	270.302	272.535	277.32	282.167	288.47	301.132	323.375	351.57	376.452	389.028	387.249	376.553	361.528	340.632	311.443	279.075	257.649	260.681	286.54	316.131	330.819	329.512	321.541	311.699	301.933	294.88	288.704	279.631	268.828	259.673	254.378	255.754	266.326	288.352	322.258	355.357	364.91	344.347	311.35	285.717	272.178	265.534	263.089	266.053	275.235	292.541	318.625	345.118	359.188	358.353	354.066	356.178	357.803	344.822	317.901	294.353	290.493	310.08	343.174	373.15	391.094	395.553	379.386	338.023	287.112	252.329	245.663	260.731	283.918	303.872	316.174	322.459	325.799	330.343	339.911	351.19	354.617	346.421	335.861	336.389	349.893	364.338	368.633	362.551	351.731	342.972	341.23	342.036	336.664	328.055	324.581	324.377	324.448	330.434	341.943	345.314	333.853	321.757	325.621	343.391	361.109	369.85	370.155	364.756	351.962	331.12	308.788	289.598	269.944	249.04	234.531	233.424	246.273	266.461	279.652	270.308	231.244	167.897	
94.9744	140.092	179.128	208.277	226.744	237.988	248.038	258.533	266.713	272.955	282.116	295.552	308.644	317.436	323.017	331.555	350.448	380.393	410.773	426.117	420.329	400.736	376.919	352.047	324.7	295.589	272.857	268.128	283.063	304.384	318.304	324.34	328.895	333.305	334.679	329.547	314.811	292.775	271.247	255.279	245.691	244.897	257.05	284.259	322.174	354.976	364.597	350.31	327.749	309.625	297.129	286.77	278.066	272.853	273.759	286.128	311.31	337.937	351.451	350.688	347.344	349.043	347.95	332.022	304.477	282.449	279.59	298.829	333.971	372.019	399.952	407.027	383.346	331.155	273.308	237.162	234.06	256.736	288.628	314.495	329.047	336.831	343.597	352.629	364.844	375.225	374.255	358.894	340.387	336.245	352.084	374.919	388.395	388.341	380.482	373.311	371.993	370.253	358.955	344.393	337.003	330.751	318.201	308.421	309.018	310.663	305.826	305.152	319.896	342.022	355.079	355.771	353.933	354.015	348.899	334.864	317.457	298.759	275.893	252.636	237.921	236.904	250.172	271.946	287.352	280.693	244.94	183.354	
86.8682	135.814	182.143	216.702	235.371	242.437	246.361	251.726	258.675	268.974	287.369	313.227	336.672	347.655	345.788	342.157	352.466	382.994	419.886	439.082	431.351	408.084	382.945	360.334	338.437	315.273	294.375	284.937	290.911	303.552	312.653	319.69	332.26	350.921	366.34	365.458	342.587	307.23	274.848	251.764	236.963	233.626	249.026	283.782	325.625	355.422	362.383	353.242	342.178	334.571	325.951	312.932	298.536	287.008	280.94	284.158	297.215	311.865	319.655	320.962	320.591	319.55	312.838	295.843	273.878	259.819	262.491	283.636	319.696	360.307	390.51	395.81	367.471	313.119	258.646	229.497	233.403	260.815	295.034	322.245	337.513	344.469	349.22	356.289	367.384	378.058	378.582	364.6	345.609	338.445	351.39	375.599	394.916	401.567	398.949	395.929	397.653	395.617	379.24	357.543	344.647	334.01	314.97	295.402	285.91	282.836	281.649	289.091	309.66	332.211	341.053	336.371	332.845	336.611	339.388	336.286	328.218	310.679	282.015	253.669	238.033	238.645	254.496	278.828	295.95	289.777	253.129	189.641	
88.051	141.696	193.206	231.452	252.235	259.58	259.887	257.247	255.888	262.904	285.099	319.7	350.868	361.532	349.077	329.994	329.6	360.159	404.17	429.484	424.662	404.928	386.693	373.385	360.728	344.28	325.003	310.86	307.77	310.006	308.923	308.249	320.198	347.713	375.871	381.767	356.058	313.491	276.099	251.425	235.811	231.678	248.292	285.306	325.508	349.577	354.343	352.641	356.177	361.392	355.999	337.261	315.464	299.695	290.56	286.677	286.819	288.02	289.597	292.602	293.823	288.435	275.875	259.456	245.442	241.652	253.241	280.284	316.981	352.286	374.326	373.974	346.835	300.95	258.469	239.255	246.716	270.656	298.386	321.614	335.72	339.995	339.06	339.572	346.122	357.579	365.081	360.296	346.738	338.046	345.334	366.304	388.203	401.015	403.943	403.716	406.673	406.239	390.921	367.359	350.36	337.436	319.31	298.626	281.841	271.059	269.642	281.545	303.167	322.598	328.451	322.702	319.989	327.298	338.227	347.545	349.191	330.371	291.09	252.615	233.761	237.397	258.443	285.932	301.921	290.416	246.579	178.574	
96.3822	152.408	203.438	240.782	263.67	274.852	275.296	266.476	257.005	260.225	283.716	320.812	352.418	360.115	340.475	311.107	301.907	329.146	374.609	403.9	405.179	393.601	385.304	383.383	381.813	373.227	355.671	335.595	321.07	310.664	297.828	286.927	292.592	320.475	354.921	368.967	349.203	309.377	274.008	252.766	240.763	237.876	251.796	281.557	311.596	328.27	335.348	347.81	371.328	390.562	384.654	354.375	321.812	303.239	296.682	294.483	292.399	288.919	285.924	285.019	282.15	272.902	259.001	245.924	239.35	244.681	265.526	298.483	331.719	353.848	361.598	355.597	334.961	304.059	277.186	266.55	272.025	285.817	302.48	320.388	333.845	335.443	326.968	317.432	315.229	324.099	337.665	343.31	337.068	329.132	333.309	352.265	375.848	392.837	398.38	395.913	394.692	395.451	388.054	371.669	356.115	344.159	332.288	317.921	299.009	280.239	273.715	283.388	299.789	312.161	315.454	313.099	315.901	328.439	346.032	364.464	373.09	353.168	305.221	257.368	234.878	241.415	266.991	294.593	304.092	281.935	228.34	156.884	
107.498	162.751	207.866	238.73	259.866	273.382	275.46	265.635	255.43	260.624	285.754	319.62	345.054	350.219	332.999	305.334	292.529	311.449	348.167	373.973	378.93	374.191	372.318	377.077	383.579	382.941	369.52	346.25	322.022	301.022	280.823	264.584	264.031	285.507	318.545	340.071	333.028	303.674	274.067	256.795	248.908	247.974	257.049	273.79	288.489	296.87	308.535	337.723	382.672	416.412	410.432	369.427	326.987	307.024	306.652	313.262	318.452	317.46	309.722	298.642	287.239	276.687	266.624	257.336	253.355	262.709	290.241	327.408	354.998	363.034	358.274	349.163	335.521	317.498	302.713	297.471	299.893	305.266	314.344	330.588	346.409	346.621	328.855	305.559	291.065	293.741	308.9	320.816	320.024	314.179	318.347	337.122	361.227	379.128	383.837	376.306	368.492	369.495	372.761	369.673	361.391	352.956	347.607	341.251	324.696	301.251	287.574	289.717	297.452	302.219	303.485	305.346	313.711	328.496	345.73	364.841	376.967	362.293	318.518	271.903	249.24	256.139	280.993	303.638	304.103	272.59	213.171	141.306	
116.649	170.846	210.352	233.323	248.232	258.879	260.925	253.835	249.025	259.775	285.787	313.407	331.145	337.571	333.155	319.991	311.303	320.512	340.52	353.24	353.448	348.761	347.299	352.823	362.967	369.624	364.045	343.903	316.255	290.149	268.873	254.194	250.999	263.402	288.704	312.969	318.214	302.253	281.745	270.072	266.308	266.48	269.855	273.753	274.099	273.919	286.292	324.37	382.335	427.571	427.373	386.763	343.254	324.598	329.075	342.463	353.421	353.692	340.313	319.569	302.55	294.81	290.089	280.037	269.277	273.602	302.722	343.898	370.748	373.009	363.106	353.137	342.681	330.029	319.932	316.608	318.517	322.107	329.603	346.923	366.336	367.051	341.925	306.446	281.774	279.544	294.302	308.192	309.707	304.913	307.455	321.792	340.819	355.38	358.478	348.754	337.492	338.565	350.532	361.401	363.815	360.289	358.002	355.311	341.941	319.554	303.853	301.268	303.653	304.596	304.402	306.05	311.932	319.131	325.375	335.564	347.128	343.235	316.908	284.954	268.34	273.408	292.363	308.606	304.671	271.896	213.491	142.845	
120.002	174.622	213.589	233.416	242.521	247.54	247.759	243.925	244.626	258.258	281.642	302.368	314.604	324.656	335.681	341.952	343.657	347.4	350.615	345.43	333.329	322.279	317.935	322.792	335.699	349.793	354.148	341.267	315.25	288.74	270.777	261.888	258.817	261.665	274.441	293.386	304.277	301.487	295.631	295.571	298.21	298.296	295.513	289.906	280.493	272.517	279.615	313.904	369.656	417.121	426.015	398.845	366.811	353.508	357.938	368.569	375.901	372.43	355.732	333.845	320.195	319.26	318.274	302.478	278.272	270.267	294.42	337.009	367.42	372.871	365.388	356.592	345.943	332.634	321.637	317.712	320.91	326.847	334.887	351.097	370.722	373.217	348.411	311.15	285.344	283.714	299.194	313.418	315.795	310.627	306.921	308.608	315.084	323.514	327.179	320.037	308.375	307.295	322.349	343.912	358.446	361.76	360.124	356.327	345.888	331.251	322.565	322.144	323.802	324.05	322.631	319.712	315.284	307.003	296.161	292.256	298.409	302.423	294.769	281.915	274.789	278.025	290.813	304.986	305.397	279.648	226.358	156.392	
114.382	169.191	211.701	235.112	244.149	246.481	245.421	243.367	245.995	257.611	275.007	289.689	298.964	310.615	329.377	347.876	358.862	362.46	357.173	340.506	318.252	300.924	294.909	301.49	318.551	339.24	351.458	344.957	322.504	299.378	287.781	285.2	280.993	273.106	271.119	279.197	289.696	298.806	311.165	326.407	336.038	335.098	327.615	317.56	304.137	291.145	290.643	312.673	352.899	390.268	403.975	395.278	383.186	379.86	382.004	382.794	379.209	369.346	353.532	338.633	334.076	339.981	341.016	321.624	289.115	270.567	284.338	319.57	348.621	358.385	356.879	351.368	340.378	325.228	312.346	307.446	311.694	319.309	326.406	338.275	353.794	357.248	339.081	310.672	292.985	296.986	314.691	329.799	334.389	329.996	319.235	306.043	298.567	301.138	305.99	301.129	286.994	278.803	289.649	315.801	340.955	353.178	353.783	349.383	344.329	342.173	344.216	346.731	347.006	346.934	346.008	339.845	325.69	303.642	279.076	263.444	262.164	266.754	267.57	264.618	261.795	263.129	274.109	293.049	303.752	287.031	237.483	166.692	
100.908	155.223	202.586	232.742	245.917	249.065	247.661	245.688	247.893	256.132	267.528	277.539	284.796	294.302	310.854	329.803	342.778	347.53	343.621	328.669	306.008	286.903	281.388	291.245	311.983	335.706	351.033	348.693	332.058	316.736	313.555	314.877	305.676	286.249	271.539	270.028	279.578	299.142	326.973	352.758	364.328	360.599	351.443	343.065	332.656	320.614	315.14	322.78	341.194	360.375	371.808	377.507	384.989	394.319	398.058	392.001	378.939	363.787	350.376	342.698	343.822	350.86	352.701	338.704	312.922	293.413	294.291	311.738	329.915	339.689	343.44	342.013	332.79	318.804	306.941	302.343	305.671	311.046	315.135	323.041	333.832	335.414	321.783	302.9	295.319	305.957	325.884	342.424	350.907	350.415	338.814	319.873	306.147	304.724	306.792	298.403	277.848	259.782	261.375	284.317	313.726	333.765	340.398	341.244	346.219	356.971	365.685	365.725	361.183	360.465	361.909	355.315	335.509	306.264	276.83	258.342	254.796	257.832	256.878	249.634	240.633	238	250.875	277.992	298.712	287.5	237.705	164.905	
87.6092	143.157	195.667	230.818	245.904	248.448	246.011	244.283	247.971	256.194	264.116	269.526	273.108	278.154	289.357	304.486	315.085	319.198	319.906	313.794	296.902	277.732	270.82	280.766	301.523	324.486	340.722	343.975	337.487	333.136	336.972	337.974	322.271	295.259	274.559	269.046	279.569	306.133	340.916	367.103	373.51	365.297	356.774	354.477	353.605	350.059	345.068	340.457	337.452	337.562	342.671	355.455	376.047	397.164	408.141	403.828	387.909	369.592	356.872	352.267	353.037	354.966	355.866	353.848	346.291	333.745	321.954	317.215	320.249	327.468	334.854	337.347	332.149	322.886	315.003	311.389	311.273	310.706	310.664	316.777	324.481	321.325	305.576	289.803	288.237	302.985	323.33	339.653	350.349	354.843	350.406	338.84	328.575	324.056	318.786	303.685	278.512	255.047	248.649	263.549	289.412	312.156	325.78	336.775	354.382	375.131	385.588	380.637	370.78	367.914	368.326	358.172	332.754	300.825	275.062	264.537	268.446	274.553	269.609	251.238	229.133	218.213	230.043	261.82	289.338	282.23	231.822	156.962	
82.4955	141.041	197.167	233.222	245.768	244.792	241.134	242.106	251.141	263.071	269.197	268.535	265.841	266.339	275.382	290.567	300.699	303.004	305.008	305.203	293.937	274.488	262.72	266.8	282.585	302.957	321.393	333.172	338.92	344.252	350.488	348.011	329.356	303.511	284.744	278.685	287.88	313.35	344.682	364.13	364.074	353.347	346.339	349.374	358.806	367.384	367.674	355.571	335.863	320.101	317.896	332.83	361.551	392.947	413.481	414.832	398.625	377.018	363.567	361.205	361.325	357.214	355.114	362.642	371.792	366.699	345.326	322.908	314.085	319.654	330.608	337.635	337.298	332.647	327.956	324.6	320.813	314.763	311.247	316.267	321.751	313.471	292.628	275.547	275.835	291.367	309.353	321.873	330.083	337.09	342.91	344.805	340.891	331.833	318.703	301.509	280.873	261.958	254.018	262.036	281.267	301.9	319.377	339.602	367.451	393.517	403.504	395.922	382.675	373.869	365.261	345.608	314.582	284.898	269.704	273.595	289.738	302.544	297.509	271.645	236.693	212.362	214.565	243.622	276.215	277.244	230.798	154.631	
85.9808	145.448	200.488	234.279	244.21	241.202	238.145	243.109	257.392	272.14	276.04	269.566	261.897	260.75	270.665	287.468	298.02	298.483	298.95	302.042	297.61	283.166	269.568	265.881	273.419	289.89	310.208	328.067	340.661	349.703	354.744	350.013	334.505	316.621	303.014	295.021	296.94	312.664	334.567	348.242	347.914	340.108	334.516	337.271	349.732	365.558	370.916	355.932	326.579	300.453	292.61	308.561	343.401	382.874	410.29	414.296	395.702	370.87	358.85	362.073	365.481	358.434	351.77	360.315	375.364	373.408	348.178	318.369	304.751	310.778	326.044	338.527	341.845	337.791	332.645	329.561	326.11	319.717	315.162	318.395	321.251	309.474	285.334	266.961	267.179	280.7	293.546	299.186	301.564	308.687	323.439	336.745	335.749	320.102	301.882	289.987	282.611	275.377	270.41	273.987	287.291	304.431	322.991	349.048	382.569	409	415.973	406.308	390.044	372.643	351.59	323.207	292.714	272.742	271.77	287.747	310.508	327.253	326.477	301.997	260.245	221.475	208.245	228.821	264.256	275.433	236.422	160.142	
93.8894	150.243	199.398	230.26	241.389	240.529	239.108	244.947	258.56	271.247	272.894	265.602	260.05	262.502	272.871	285.768	292.21	290.692	290.72	297.416	303.921	303.374	296.774	289.681	289.341	300.383	318.941	335.456	345.254	351.235	354.32	350.963	342.028	332.047	321.259	309.242	302.065	306.84	321.382	335.451	341.686	340.224	334.544	330.602	335.78	348.34	353.306	337.923	307.362	280.033	272.287	289.796	325.758	364.745	391.012	393.91	374.85	352.284	346.482	357.564	366.199	358.852	347.167	349.685	360.779	357.913	334.374	307.142	295.49	303.523	322.463	339.28	343.416	335.368	326.579	325.397	328.463	328.41	326.029	326.753	325.203	310.038	284.889	267.531	267.908	277.783	283.609	281.358	278.181	286.093	308.75	330.39	329.861	308.109	287.29	282.537	288.154	291.037	287.878	286.791	294.444	308.564	328.228	358.662	395.122	418.951	420.014	405.817	385.74	361.852	334.072	305.541	283.839	276.986	285.982	303.746	322.595	338.585	345.293	330.696	291.265	244.502	218.179	227.339	257.884	271.263	236.819	162.608	
103.698	155.644	197.668	226.019	240.522	243.713	243.091	245.564	252.679	259.674	260.985	259.682	263.701	273.74	283.17	287.004	285.383	282.291	284.171	294.971	311.506	325.366	329.019	323.276	318.69	325.112	339.957	351.205	353.71	353.465	353.758	351.925	347.905	342.202	332.052	317.491	305.452	304.901	318.209	337.699	352.395	355.771	346.935	332.33	324.067	325.984	326.182	312.468	288.713	270.103	269.312	288.225	317.05	343.012	358.628	359.494	346.734	334.141	337.22	354.271	366.395	359.615	344.342	339.953	344.358	339.468	320.439	300.693	293.761	302.153	320.124	336.48	338.285	324.66	311.523	312.898	324.976	334.419	336.46	335.248	328.502	309.814	286.046	273.393	276.203	282.81	281.576	272.228	265.212	275.313	305.925	336.089	338.576	314.113	290.356	286.423	295.432	300.95	297.537	293.455	297.498	310.006	331.084	363.952	400.04	418.904	413.233	394.797	373.212	348.74	323.247	303.279	294.232	296.288	304.145	312.16	321.539	337.374	354.381	353.563	323.524	278.709	246.992	243.827	258.391	259.436	221.708	151.653	
114.02	163.084	198.948	223.756	240.096	247.391	248.699	248.737	249.8	251.661	254.369	261.547	276.362	293.86	303.17	300.261	292.783	289.746	294.541	307.629	326.66	343.424	348.47	342.407	337.104	343.212	358.163	368.626	367.805	361.519	355.236	349.919	346.614	343.516	335.814	322.635	310.51	309.93	326.171	352.097	373.11	377.84	363.46	338.058	317.28	309.347	306.216	297.336	284.669	278.304	285.573	304.262	322.723	332.1	334.197	332.158	326.621	324.128	333.818	353.61	367.57	362.754	347.616	339.986	339.885	334.042	319.915	306.946	301.791	304.478	313.2	322.02	319.551	303.458	289.139	292.11	308.942	323.809	328.96	327.624	319.645	302.738	285.938	282.262	289.982	294.894	288.05	272.851	261.928	271.764	307.187	346.192	356.623	334.204	306.29	295.158	297.526	300.098	298.069	296.836	302.501	315.59	336.339	365.731	393.766	402.626	390.371	371.989	355.16	336.921	319.404	310.743	313.177	318.653	317.799	312.265	315.145	335.4	362.213	371.314	350.901	314.822	285.97	273.765	268.035	247.794	199.724	132.617	
122.411	169.53	199.361	218.313	234.184	246.907	254.957	258.361	258.17	257.525	261.805	275.152	296.411	318.122	329.318	325.848	317.07	314.794	322.316	337.153	353.507	361.785	356.07	343.154	337.378	347.199	367.621	383.678	384.879	373.184	356.661	343.762	339.087	339.083	335.851	325.895	315.43	316.89	336.748	366.965	390.762	394.855	376.583	345.901	320.145	309.166	307.046	304.205	300.201	300.373	309.096	324.995	338.772	342.421	337.872	330.448	323.21	321.926	333.51	355.23	372.094	371.749	360.447	352.78	350.239	344.843	335.305	325.993	317.735	309.313	302.789	298.711	291.085	277.535	267.902	272.772	288.386	301.05	304.976	304.954	302.72	296.891	293.839	301.519	314.589	318.577	306.982	285.939	268.708	271.675	302.925	345.294	364.885	348.992	319.608	301.038	296.083	297.09	299.776	304.688	313.799	327.213	344.244	363.188	375.128	369.455	351.839	338.638	332.725	325.444	316.471	315.296	324.979	333.225	327.239	314.296	315.924	340.33	369.673	379.321	363.804	337.995	317.446	303.786	285.472	248.325	189.166	121.002	
126.565	171.171	194.741	207.086	222.139	242.13	260.772	271.471	272.757	271.038	276.617	293.318	316.341	338.625	351.844	350.879	342.615	339.728	348.451	365.948	381.257	381.141	363.387	342.015	334.734	347.715	372.245	391.768	393.703	377.336	353.697	337.692	334.98	338.129	336.282	325.955	315.359	318.039	339.353	369.923	393.104	397.333	382.09	357.483	338.445	332.577	333.713	332.722	328.372	324.419	325.96	337.031	354.032	365.994	364.739	351.088	333.647	325.837	337.28	362.608	383.572	387.365	379.339	371.775	368.146	365.261	360.965	354.034	342.2	324.505	304.307	286.285	271.847	261.655	259.238	266.877	279.112	286.333	287.403	290.338	298.688	308.886	320.707	337.197	353.016	355.152	338.602	311.593	287.056	278.309	295.134	329.32	351.969	344.15	319.381	300.865	296.173	301.446	310.602	319.039	326.823	336.251	346.806	353.934	350.16	333.112	315.08	310.78	317	319.6	314.797	313.762	325.462	339.219	337.91	326.304	326.833	346.946	368.037	370.746	356.62	339.249	327.047	317.503	298.46	256.98	193.218	122.732	
124.712	167.044	186.968	195.836	211.223	236.933	263.446	279.269	281.249	278.856	285.516	303.395	325.178	345.59	359.274	360.715	353.82	349.973	358.014	377.275	394.627	394.333	374.862	351.701	343.255	354.993	376.193	390.408	387.302	368.017	346.058	337.256	342.457	347.605	340.787	323.311	307.746	307.387	325.358	352.205	373.987	382.915	380.054	372.173	368.284	372.087	376.059	370.847	356.656	340.394	331.094	337.739	360.344	383.968	389.995	373.398	347.311	334.148	347.67	378.32	401.953	405.29	395.77	386.669	383.705	385.428	386.576	382.366	371.316	352.967	327.63	299.541	276.344	264.09	263.631	271.302	280.691	286.09	289.213	298.575	317.639	339.841	359.246	376.794	390.028	388.617	368.612	339.178	311.457	293.073	291.935	308.584	325.169	322.655	305.788	293.11	294.263	306.899	322.102	331.086	333.406	335.356	339.729	341.4	332.916	315.728	303.969	308.287	321.13	326.657	319.478	312.273	321.216	340.543	348.937	342.581	338.622	345.698	352.203	347.24	335.109	323.856	316.189	310.46	296.741	260.918	200.97	131.251	
115.577	158.44	181.753	194.156	211.441	237.262	262.818	277.541	278.971	276.896	283.587	299.46	317.928	335.997	349.456	353.153	349.95	348.563	357.204	377.002	396.218	400.124	386.554	367.228	357.966	365.055	378.678	383.791	373.95	354.521	340.392	343.587	357.151	361.487	346.214	318.352	293.661	284.804	294.596	316.243	339.996	360.247	375.3	385.404	394.604	405.676	410.754	399.125	372.54	343.893	327.883	334.263	360.111	387.781	397.293	382.338	355.833	343.045	360.217	394.803	418.109	417.298	403.34	392.285	390.972	395.943	398.322	394.111	386.787	376.458	357.044	327.453	297.167	277.319	270.725	273.273	280.479	289.831	301.613	319.382	343.986	368.277	385.446	396.751	402.571	396.503	376.792	351.313	326.837	305.319	291.701	291.778	298.69	297.623	286.912	279.118	284.101	300.677	319.184	329.242	329.038	326.029	327.169	330.94	330.236	324.075	322.085	330.819	343.222	346.392	334.625	319.7	321.727	340.238	353.54	350.831	341.679	335.035	328.644	319.925	311.923	305.443	299.484	295.308	286.831	259.639	207.71	141.225	
102.29	149.709	184.322	207.903	229.473	250.903	267.526	275.534	275.649	274.474	278.946	288.978	302.315	318.155	331.15	336.694	339.206	345.672	360.556	382.787	401.181	404.179	392.006	374.309	363.404	365.471	372.906	372.78	361.182	346.124	341.748	354.016	369.717	369.138	346.558	311.917	279.747	261.373	261.79	279.139	307.769	341.201	371.286	391.47	404.538	416.188	419.704	402.908	368.455	334.64	320.389	331.88	358.433	381.657	388.816	377.301	355.907	345.93	363.741	397.162	417.569	413.702	398.342	388.449	389.601	394.376	391.746	382.073	376.22	376.242	370.106	348.64	317.938	291.502	276.006	270.688	275.214	289.406	309.359	331.336	353.859	373.061	384.983	389.876	387.562	376.338	359.11	341.243	323.311	303.707	286.297	278.591	279.89	279.694	272.813	266.514	269.85	283.442	300.498	313.059	317.202	315.501	315.178	321.502	331.824	340.452	348.279	359.159	371.039	375.536	364.804	345.811	338.124	346.113	353.772	350.182	338.41	324.126	310.706	301.287	296.835	293.37	288.459	284.863	279.278	258.775	214.301	150.933	
94.0941	147.694	195.336	232.364	260.252	277.737	284.206	284.356	283.289	283.086	283.896	285.668	291.16	301.75	311.535	317.299	325.956	343.804	370.293	398.274	413.872	408.704	389.44	368.278	353.941	350.054	352.201	351.695	345.609	340.647	347.324	365.607	379.197	372.331	345.676	310.655	277.819	254.907	248.275	261.15	291.343	330.561	365.35	385.547	395.255	403.461	404.365	385.071	349.153	317.799	310.411	327.657	352.379	368.046	370.787	362.214	346.638	339.111	353.966	381.685	398.259	394.708	382.728	377.637	383.022	388.28	380.868	364.075	354.787	359.773	366.056	357.619	333.812	306.676	285.138	272.241	272.042	285.557	304.959	322.469	338.313	354.091	367.087	371.814	364.043	347.173	331.01	319.881	308.905	293.956	278.572	270.287	271.061	273.461	270.575	265.282	264.724	271.23	283.176	298.017	309.975	312.521	308.577	310.742	325.235	344.62	361.721	378.453	397.424	412.084	409.99	391.773	374.207	365.454	358.668	349.056	336.754	321.762	307.066	297.556	293.333	289.826	284.845	279.961	272.635	253.522	213.726	154.088	
98.3713	155.33	208.779	253.052	285.772	302.058	302.737	298.684	298.593	300.859	299.879	294.554	289.853	289.424	290.968	295.318	310.47	340.299	378.973	413.034	425.581	411.42	384.127	358.794	339.732	327.433	322.82	324.017	327.782	335.396	352.047	374.878	388.185	379.29	352.382	320.629	292.457	271.032	261.114	268.782	293.829	326.714	353.179	364.923	369.01	375.59	377.671	360.971	328.976	303.094	300.788	318.819	338.572	347.537	347.552	342.199	333.321	330.245	342.515	363.382	376.224	374.182	365.39	363.193	372.441	382.795	378.584	359.409	343.423	344.617	355.835	358.576	344.976	322.286	298.71	280.188	274.595	282.66	293.045	298.273	305.464	322.729	344.614	355.637	346.179	324.26	306.784	300.188	297.503	291.181	281.22	273.839	273.931	278.067	279.422	277.402	276.096	278.214	286.474	302.755	319.496	322.585	310.9	302.234	311.164	332.958	357.625	384.939	416.944	444.825	452.512	437.334	413.547	390.527	368.4	350.053	337.574	327.211	317.102	309.112	303.148	297.265	290.076	279.767	263.457	237.747	198.262	143.853	
112.005	167.898	217.783	259.975	292.833	309.256	309.151	304.94	306.743	311.97	312.626	305.33	292.693	279.31	270.369	273.741	296.503	336.87	383.668	419.905	428.84	409.365	379.455	354.145	332.742	313.153	301.812	303.646	314.811	330.555	351.464	375.577	391.129	386.064	362.367	333.533	309.462	291.804	282.967	288.265	305.951	324.928	334.056	331.983	330.524	339.492	348.728	340.828	316.979	296.7	295.809	310.697	324.772	329.149	328.399	327.445	327.728	332.737	344.501	358.242	365.925	362.986	353.187	348.337	357.913	375.644	381.981	367.064	344.663	335.307	342.1	349.813	345.816	330.636	308.924	288.321	280.156	284.157	284.697	274.853	270.201	286.78	316.84	335.71	328.589	305.199	286.772	284.288	293.019	301.116	300.048	292.442	287.944	289.773	293.411	296.261	299.225	303.844	313.93	331.612	347.372	345.128	323.782	302.866	300.287	316.054	342.848	377.951	417.93	450.875	462.343	451.364	429.836	404.314	375.602	350.795	337.873	335.097	335.035	332.124	325.164	316.596	306.103	287.557	257.444	219.168	175.158	124.77	
124.73	179.132	223.623	259.415	287.563	302.766	304.217	300.896	301.271	305.332	307.767	303.438	289.706	269.9	256.052	262.311	293.109	339.874	387.73	420.198	424.029	401.953	373.497	352.428	334.424	314.435	300.136	299.301	308.75	322.728	340.757	362.673	380.705	381.948	362.628	334.104	309.7	294.365	290.165	298.636	312.894	319.611	311.872	296.418	290.31	303.298	322.327	326.448	313.287	299.399	299.889	313.015	324.437	326.674	325.497	327.634	335.276	347.468	359.428	366.573	367.354	360.652	348.253	340.05	348.213	370.916	387.425	379.448	353.032	330.595	325.577	331.482	335.176	329.737	313.786	294.925	287.293	290.832	286.747	266.123	248.194	255.883	284.327	306.46	303.925	283.66	266.8	269.304	291.439	317.063	326.467	317.657	306.522	304.129	308.769	316.866	326.951	338.515	353.826	373.007	385.528	376.906	348.031	318.063	304.456	310.44	331.994	363.69	396.745	420.398	428.129	423.107	413.045	398.267	374.887	349.222	335.869	339.944	350.602	353.449	345.45	334.193	321.31	297.326	257.794	209.957	160.377	110.152	
131.326	189.532	234.956	265.342	284.144	293.57	295.529	293.105	289.667	288.142	288.778	287.42	278.426	263.27	255.505	269.899	306.989	353.816	395.593	419.848	417.596	393.027	365.166	347.935	336.718	323.76	312.461	307.051	305.536	308.173	318.942	338.808	360.166	367.447	351.675	322.083	295.082	280.162	280.562	294.174	309.26	310.742	294.097	270.806	261.867	278.359	306.16	321.714	319.448	313.064	316.906	330.818	342.153	343.922	341.671	342.167	348.752	361.352	373.41	377.883	373.969	364.08	352.251	346.653	356.258	379.295	397.943	393.432	365.681	333.07	314.574	314.212	322.454	326.415	318.119	303.356	297.181	301.248	297.76	275.419	249.707	244.648	261.79	279.758	280.033	264.15	249.662	256.072	288.578	327.524	343.883	333.071	317.453	314.123	322.276	336.954	354.84	372.997	391.643	410.805	421.538	410.448	378.451	344.57	325.837	325.056	337.487	355.426	369.328	374.754	375.194	376.229	379.402	378.769	365.59	343.234	329.864	336.552	351.57	355.119	343.564	328.931	315.46	292.987	255.952	209.864	159.453	107.072	
133.997	200.677	252.215	278.474	284.861	283.997	283.941	284.053	281.136	276.361	272.85	270.682	267.38	263.82	268.969	292.39	331.75	374.462	408.753	425.836	418.464	389.883	358.398	339.856	332.329	327.617	323.069	315.026	301.031	289.741	292.919	312.547	337.535	348.716	336.026	309.285	284.806	271.535	273	287.606	303.655	305.523	287.835	262.744	253.749	273.706	307.929	331.001	335.677	334.369	340.557	354.409	365.149	367.173	364.278	360.262	359.533	367.278	379.331	385.209	380.998	371.056	363.57	366.227	380.651	399.533	410.147	402.547	376.28	341.877	315.603	307.937	315.326	323.801	322.015	313.161	309.601	313.581	312.216	295.263	271.035	257.636	260.934	269.331	268.745	256.542	244.306	251.007	284.621	325.003	340.507	327.595	312.309	313.046	327.461	349.199	374.38	397.961	417.392	433.718	441.948	430.082	397.981	365.038	348.212	346.732	351.85	355.498	352.016	343.9	340.214	345.113	354.642	360.427	353.357	334.883	321.588	325.479	336.509	335.615	319.7	301.97	288.569	271.44	244.747	209.225	163.996	110.933	
132.344	203.56	257.933	280.423	277.966	269.338	267.539	272.855	278.06	277.487	271.306	264.925	264.102	270.725	286.118	312.862	349.465	388.639	421.351	437.785	428.758	396.563	359.946	336.301	326.554	324.934	325.838	318.439	297.618	276.87	274.061	291.963	315.844	325.862	316.674	300.568	288.275	280.754	280.277	290.874	306.017	309.969	294.379	270.87	264.568	287.992	324.29	346.961	349.563	345.871	349.835	361.908	373.01	378.222	378.001	372.443	366.997	370.948	381.874	388.006	384.523	376.686	374.779	385.994	404.656	416.266	413.051	397.927	375.144	347.561	322.566	310.471	313.197	320.975	324.326	324.13	325.83	328.694	326.087	313.857	296.131	281.981	275.751	273.819	270.619	263.687	256.701	261.402	285.271	312.938	319.416	305.347	295.079	302.018	320.316	344.224	373.245	402.441	424.385	437.235	439.328	423.651	391.881	362.806	351.364	352.797	355.259	352.474	343.893	335.305	334.58	341.511	349.384	352.443	346.122	330.946	317.375	315.189	319.427	315.706	299.232	279.638	264.308	249.461	230.228	203.927	165.369	114.451	
123.132	188.932	238.337	258.617	257.213	250.399	250.585	261.907	278.155	286.839	281.4	270.118	267.374	277.54	295.418	317.943	347.505	384.929	422.425	444.707	438.94	408.309	372.349	346.695	332.628	328.843	331.488	325.69	302.582	276.562	268.384	280.615	296.803	301.128	296.117	294.703	298.036	297.323	294.696	301.444	315.991	321.091	305.957	283.66	280.292	304.969	337.781	353.265	347.485	335.746	333.326	343.234	358.733	373.08	381.256	379.964	375.026	376.496	382.57	383.988	379.195	374.46	379.056	397.392	417.641	420.475	402.919	379.321	359.872	342.704	326.05	315.784	316.21	323.048	331.435	340.553	347.41	346.541	337.056	323.559	311.302	302.01	293.156	283.513	277.42	277.486	279.76	283.703	292.98	300.498	294.217	280.214	276.945	288.792	305.379	323.235	348.816	380.824	406.976	418.383	413.939	394.121	364.865	341.85	335.615	339.918	343.423	342.243	338.772	338.382	344.631	352.911	356.009	353.367	346.706	334.892	320.58	312.504	313.469	313.153	300.903	279.905	259.685	242.078	223.212	199.05	163.834	115.825	
109.385	164.215	205.299	226.373	234.091	236.581	241.011	255.174	278.1	295.407	294.275	281.041	274.231	281.502	295.201	309.026	329.082	363.95	407.097	437.419	438.873	416.823	390.468	369.528	352.648	344.094	345.287	339.815	315.251	285.717	273.079	278.771	286.36	285.933	285.55	294.604	305.616	306.195	301.928	308.318	323.493	327.128	308.575	284.576	281.351	303.666	330.643	340.87	332.042	316.052	306.601	311.939	331.7	358.384	380.338	388.274	384.754	379.732	375.772	369.673	363.203	362.921	376.278	402.741	423.558	416.726	385.375	353.781	337.147	330.907	326.248	323.594	326.95	335.348	346.901	359.443	365.283	357.652	340.299	323.97	316.12	313.605	305.85	290.571	280.506	284.854	294.975	299.566	297.609	289.065	273.769	261.614	264.52	279.116	291.69	299.999	315.668	342.51	367.732	377.851	371.341	353.993	333.507	319.769	318.287	323.944	329.01	332.205	336.298	344.096	355.664	364.577	364.391	358.565	352.754	343.071	326.492	313.806	315.389	322.288	316.649	295.635	271.153	249.878	228.059	201.04	164.958	118.017	
98.7613	144.845	180.363	204.237	221.658	233.472	240.996	253.1	274.716	295.341	300.242	290.644	282.552	285.307	292.755	298.093	309.205	339.64	384.745	420.164	428.312	417.092	404.3	391.408	372.412	357.008	354.069	348.757	326.393	298.97	286.392	288.664	291.502	289.898	292.436	302.813	310.018	305.285	298.763	305.1	318.712	318.177	295.344	269.026	263.412	280.413	301.896	312.911	311.522	301.23	288.958	286.925	304.715	339.638	375.981	395.269	392.076	376.927	361.645	350.284	344.394	349.037	370.861	404.315	423.415	405.459	361.637	325.202	313.839	319.05	325.721	330.426	337.909	348.86	360.429	368.607	366.766	352.468	333.185	320.343	319.355	322.393	314.412	294.085	279.294	282.058	292.206	295.214	288.488	274.757	258.604	250.282	257.55	274.007	285.282	288.225	294.154	309.685	326.19	332.525	328.152	319.262	311.061	308.001	311.843	318.113	322.634	327.689	336.357	348.347	361.351	369.691	368.887	363.715	359.222	348.449	327.076	309.927	312.233	325.182	326.875	310.48	287.407	265.775	241.858	211.163	171.86	123.085	
94.8569	137.207	171.188	196.943	218.285	233.899	242.167	249.817	264.204	281.151	289.942	288.464	285.816	289.142	294.741	297.226	304.623	331.61	374.125	407.075	414.433	407.912	404.282	397.54	376.493	353.854	346.046	343.981	332.716	317.513	310.765	311.638	311.338	308.474	308.78	312.159	309.929	299.208	290.973	295.047	303.787	299.435	276.737	251.837	243.784	253.078	266.644	277.308	285.421	287.606	281.201	275.676	286.929	320.717	363.468	390.645	389.105	369.002	348.946	337.041	332.935	340.455	365.824	398.892	409.589	379.478	329.05	296.217	295.289	310.598	321.953	326.753	334.632	347.912	359.593	362.628	353.939	337.44	323.338	320.346	327.753	333.052	322.601	299.705	282.472	279.501	281.341	278.424	270.966	260.727	249.815	246.087	256.249	274.715	288.141	292.117	294.659	301.17	307.156	308.064	305.896	303.673	302.794	306.653	316.358	325.548	329.572	332.986	340.772	351.804	362.4	368.057	366.824	363.249	358.712	343.889	316.749	295.722	297.202	312.685	320.928	313.433	297.528	279.029	254.916	221.997	179.512	127.614	
96.4052	139.01	173.938	198.924	216.329	227.494	232.759	236.481	243.975	254.44	263.529	270.325	277.906	288.71	300.021	308.297	320.918	349.8	387.726	409.705	405.315	392.649	388.913	383.727	362.02	335.96	326.74	332.893	339.936	342.24	341.573	338.838	333.821	327.146	319.967	311.731	300.353	287.888	281.666	284.651	289.088	283.307	264.86	245.299	237.038	238.435	240.486	243.665	254.265	268.169	274.582	273.435	278.445	302.016	338.462	366.051	369.841	356.695	342.358	333.225	329.262	336.134	359.036	383.53	380.687	341.713	294.862	275.406	287.866	307.945	314.431	311.369	315.699	330.586	344.12	346.309	336.877	323.83	318.345	325.669	338.411	341.639	328.406	307.858	292.79	283.849	274	262.804	255.409	251.83	249.172	251.077	263.638	283.486	299.669	308.344	314.6	319.209	317.988	312.961	309.985	308.398	306.351	310.297	324.899	341.954	351.525	354.513	356.761	360.45	363.694	362.843	357.648	352.392	345.255	326.085	295.804	273.945	274.805	289.59	300.14	299.219	290.579	276.643	254.69	222.413	179.28	126.453	
102.139	147.433	184.402	207.326	216.473	216.568	213.583	213.397	218.392	225.982	234.837	247.224	264.017	283.919	304.259	323.476	348.343	385.401	420.785	429.107	407.466	381.299	369.215	360.227	338.726	314.687	310	328.181	353.378	368.342	366.866	356.047	345.682	335.981	321.558	302.341	284.055	272.974	271.835	276.59	278.363	270.561	255.319	242.713	238.954	237.546	230.206	223.056	229.333	248.495	265.779	271.368	272.151	282.641	305.719	328.555	339.739	340.851	337.799	332.146	326.582	330.149	346.385	358.927	344.968	305.885	271.797	269.21	291.597	309.475	305.782	293.131	292.867	307.046	321.193	324.514	317.917	310.396	312.631	326.675	340.069	338.554	324.049	309.816	300.099	287.178	267.514	249.196	241.71	245.166	253.208	263.273	278.023	296.927	314.56	329.538	343.354	350.186	344.205	332.898	326.47	321.895	314.467	313.921	330.826	358.295	380.018	387.18	382.219	372.599	362.502	350.886	338.839	330.515	322.257	303.547	275.942	257.04	257.592	267.69	272.382	269.04	262.701	254.154	238.621	211.475	171.294	120.685	
110.693	158.826	197.498	220.122	224.559	214.931	201.409	194.92	198.313	206.285	216.772	233.201	255.608	280.757	306.732	334.635	370.987	416.948	452.784	452.976	419.499	381.324	357.866	341.205	319.553	301.292	305.199	334.92	371.525	389.308	379.38	357.875	344.123	336.515	321.585	297.401	275.01	264.373	265.995	271.23	269.335	257.254	243.155	238.291	243.074	244.824	234.38	220.916	221.555	239.051	259.001	267.67	266.662	268.652	280.838	298.271	313.785	324.857	329.509	326.276	320.156	320.966	329.725	331.68	313.133	281.959	263.061	271.887	295.681	306.972	295.643	278.534	275.209	286.022	298.196	302.25	298.216	293.928	299.314	314.366	324.615	319.273	307.361	301.947	298.296	283.49	258.16	235.925	228.632	238.02	256.582	275.167	290.995	306.807	325.289	347.271	367.885	375.376	365.236	349.425	339.875	332.428	321.249	317.279	334.615	368.874	400.204	410.952	398.394	373.349	347.05	324.188	308.676	303.647	302.414	292.462	273.246	258.588	256.084	255.897	247.281	234.208	226.216	223.987	218.577	199.687	163.589	115.135	
118.043	166.169	204.202	229.45	238.561	229.708	210.802	196.331	193.22	197.923	208.678	227.848	252.963	279.053	305.523	335.912	375.947	423.499	458.422	457.965	424.518	383.58	352.951	330.004	309.823	299.803	312.266	347.185	384.255	396.066	375.52	346.109	333.523	334.283	327.158	305.398	281.45	268.15	266.859	268.649	263.103	249.472	238.694	240.715	250.902	254.37	244.384	231.426	230.719	244.457	260.805	268.047	266.236	265.121	272.208	285.674	299.624	310.086	314.402	312.419	309.464	312.119	317.52	313.45	294.813	272.682	263.913	274.442	291.481	295.645	283.312	269.298	266.955	275.564	285.984	290.183	286.654	281.864	284.688	294.18	298.028	291.469	286.874	292.191	294.537	279.457	252.034	228.938	222.306	234.475	257.946	280.474	295.897	309.18	329.025	356.104	378.571	382.989	370.771	356.008	347.003	338.729	327.571	324.33	341.506	374.707	404.272	411.347	391.608	355.387	317.067	288.068	276.24	281.94	293.559	295.893	286.007	273.743	264.398	251.141	229.848	209.663	201.467	204.673	207.054	193.61	158.58	109.614	
120.795	165.24	198.976	226.606	246.724	250.171	236.406	217.676	204.466	199.097	203.83	220.717	244.717	269.422	294.583	323.436	358.952	398.057	426.486	428.664	405.346	372.851	343.844	320.679	305.89	305.647	323.614	354.433	380.312	380	351.682	321.739	316.235	329.024	333.369	317.874	294.444	277.656	270.724	267.697	261.886	253.479	249.581	254.245	260.82	259.701	251.308	245.864	251.13	264.234	275.395	277.272	271.47	267.05	271.288	281.769	290.329	293.04	292.423	293.054	298.655	309.493	317.62	312.043	293.847	276.499	270.963	276.892	284.13	282.325	272.846	266.696	270.936	282.939	294.141	296.531	289.626	280.905	277.404	277.38	273.633	267.822	271.792	286.427	293.529	279.475	252.792	231.646	226.71	237.838	257.685	276.989	291.012	304.31	325.406	352.513	371.067	371.755	362.635	355.813	352.171	345.586	336.356	335.028	350.111	375.563	394.527	393.509	370.443	331.966	290.536	262.122	257.147	272.212	292.195	301.484	295.885	281.883	264.025	241.125	216.307	199.418	196.199	202.222	204.983	189.923	151.929	101.07	
121.398	161.928	189.253	214.205	241.081	258.466	257.166	242.03	222.75	206.776	201.617	210.844	229.483	251.568	276.023	302.655	329.847	354.898	372.83	377.988	369.449	351.934	330.917	312.8	306.22	314.865	333.767	353.447	361.393	346.612	314.442	290.33	294.632	317.058	329.342	319.609	299.762	283.732	274.096	268.06	264.756	264.585	267.043	269.557	267.689	260.738	255.898	261.385	276.496	292.231	299.257	293.825	280.46	269.564	268.594	274.004	275.458	270.144	267.285	276.167	296.274	319.101	331.826	325.22	305.344	288.165	282.025	283.042	282.471	275.633	267.959	269.461	283.189	302.429	315.162	312.804	298.961	284.294	273.855	265.306	256.518	252.417	261.131	278.875	287.626	276.126	253.868	238.533	237.568	245.588	255.579	266.106	277.596	291.881	312.276	334.523	347.149	347.698	346.634	350.617	354.249	350.815	342.993	341.1	351.636	368.618	378.701	373.842	353.817	320.677	283.142	258.661	257.843	274.854	295.07	304.376	296.456	275.24	247.891	220.537	201.008	195.223	200.251	207.042	205.246	184.875	143.416	91.7414	
125.309	166.56	189.465	205.816	227.375	248.673	257.781	251.458	234.593	216.141	206.65	210.899	225.23	245.049	268.424	292.134	310.958	322.618	330.315	337.428	341.631	337.349	324.47	313.21	315.028	328.759	343.448	349.924	341.559	315.484	282.647	265.418	275.62	299.389	311.919	305.566	292.467	282.725	275.291	269.354	269.168	274.514	278.841	277.58	271.019	263.47	262.992	275.26	295.684	312.619	316.955	307.235	289.808	274.097	265.627	261.657	254.515	244.676	245.862	268.549	305.331	338.348	352.393	342.784	320.155	301.49	293.6	290.934	285.047	273.829	265.824	272.003	292.562	315.869	326.878	318.386	298.184	278.916	264.259	252.188	243.293	241.313	249.334	263.157	270.206	262.551	248.181	241.852	246.569	251.81	251.68	252.73	260.253	273.143	289.91	306.153	315.775	320.779	328.701	340.12	347.797	346.404	339.087	335.592	342.608	355.771	364.489	363.084	350.565	325.151	292.791	270.666	269.089	282.897	300.795	309.368	297.65	267.138	230.299	200.923	188.396	192.487	202.787	208.245	202.336	179.562	138.12	87.2201	
132.416	180.331	204.178	210.733	217.837	231.599	244.176	246.819	238.447	226.958	223.324	231.829	248.638	268.689	289.364	308.185	320.263	322.861	322.117	326.589	334.228	334.643	325.917	320.661	328.83	343.001	350.216	346.22	329.617	300.676	271.461	259.255	267.896	283.443	289.09	283.024	275.672	271.849	268.094	265.659	270.048	277.709	279.88	276.165	271.551	268.607	270.55	281.353	297.712	309.97	311.834	304.748	293.859	281.711	268.435	254.294	239.153	228.169	235.623	269.248	315.435	351.002	362.353	350.643	328.842	311.541	302.652	296.04	284.996	269.929	261.108	269.207	291.39	312.548	317.94	304.055	280.929	260.66	246.267	236.207	230.925	230.942	235.548	242.606	246.48	242.878	237.39	239.869	248.704	251.522	245.109	240.245	243.642	252.689	264.709	277.087	287.471	298.523	312.818	326.362	333.234	331.452	324.802	322.004	328.95	341.707	352.166	356.634	352.478	334.353	305.481	282.027	275.582	284.406	300.916	311.717	301.121	267.577	226.965	198.013	189.597	196.089	203.606	203.819	195.694	175.471	137.819	88.3323	
134.347	190.863	221.199	223.788	218.249	221.886	234.428	244.836	246.864	246.095	252.087	267.913	289.308	309.864	326.511	340.316	349.596	349.412	342.226	337.348	336.412	331.613	322.312	320.606	332.159	344.442	344.835	334.87	318.183	296.022	277.076	270.641	274.059	277.005	272.657	263.385	255.553	250.582	247.441	250.077	260.682	270.047	269.86	266.098	266.825	270.05	272.984	277.983	283.851	285.603	284.007	285.196	289.722	288.908	276.823	257.943	239.787	230.239	240.33	273.447	314.272	341.709	347.628	337.645	323.27	313.324	307.051	297.74	281.661	262.654	252.082	259.421	279.895	297.213	297.808	280.763	256.906	237.854	226.628	220.574	218.003	218.088	219.714	222.403	224.804	225.938	229.539	238.986	247.932	246.211	235.613	228.394	230.442	238.568	249.417	260.518	270.866	283.343	298.372	310.218	314.409	311.907	307.626	308.509	317.077	328.229	337.385	344.712	346.984	335.591	310.213	284.865	272.756	275.901	289.664	302.186	297.065	270.322	236.193	212.349	204.993	205.775	202.632	193.997	184.517	169.334	137.155	89.7332	
122.974	183.39	222.117	230.124	222.783	222.02	234.595	251.054	262.439	270.655	281.252	295.877	312.719	327.888	339.899	352.655	366.002	370.4	360.574	343.928	328.253	313.312	301.29	301.634	315.214	326.366	322.394	308.274	293.561	282.251	277.867	280.225	281.937	277.366	267.283	254.552	240.712	227.531	220.372	225.673	240.939	252.596	252.927	250.667	255.015	262.536	267.419	268.699	264.217	253.906	247.808	256.864	275.81	286.213	279.285	263.527	249.832	244.356	252.762	275.142	299.135	311.156	310.241	304.289	300.735	301.736	302.253	294.77	276.956	254.76	240.718	244.534	262.234	278.421	278.986	261.886	237.972	220.281	212.113	207.684	202.773	198.977	198.597	201.437	206.559	215.299	229.769	245.337	250.816	241.454	226.366	219.28	225.583	240.932	257.557	268.909	274.055	278.426	285.306	291.161	292.573	291.205	291.735	297.909	307.834	315.908	321.813	329.21	334.728	328.503	308.036	284.051	268.741	265.954	273.732	284.091	284.214	269.241	248.074	232.04	222.589	211.679	194.057	176.229	165.962	155.718	129.449	86.1244	
101.091	156.739	199.55	217.962	219.422	221.314	233.169	251.02	267.856	281.508	290.664	294.432	295.867	298.621	305.661	321.343	343.323	356.668	349.01	325.422	299.03	277.132	264.635	267.924	283.983	295.535	288.748	269.334	252.652	247.459	253.745	264.47	270.368	269.134	263.853	253.769	235.391	212.695	198.399	201.759	218.08	232.432	235.705	233.842	236.387	243.972	251.866	254.198	244.657	226.133	215.185	225.298	248.369	263.082	261.602	254.315	250.309	250.308	255.001	264.109	270.614	268.712	262.761	260.806	265.802	275.021	282.097	280.099	266.108	245.039	229.304	229.458	243.899	259.828	262.709	247.659	224.531	208.003	201.431	195.552	184.39	173.835	171.291	176.624	187.62	206.446	232.431	252.661	253.054	236.619	219.762	216.577	231.737	259.186	284.762	296.038	291.982	281.704	273.758	269.53	267.307	267.986	274.075	284.889	295.191	301.2	306.368	314.915	322.282	319.361	304.138	284.072	267.392	258.021	257.903	264.592	269.311	265.662	256.328	245.853	231.294	206.99	176.525	152.712	142.606	135.794	114.856	77.5417	
78.8507	122.875	161.523	186.766	199.978	208.358	218.177	231.877	248.829	264.59	270.673	262.938	248.43	238.407	240.335	257.493	284.641	304.44	301.623	279.366	252.348	231.18	221.687	228.176	246.234	258.825	250.825	226.403	203.977	196.782	204.612	218.424	229.737	237.931	244.942	244.991	229.269	201.92	180.901	179.511	194.41	210.956	216.781	212.667	208.966	213.096	223.502	230.112	222.266	202.838	188.602	192.301	208.173	219.824	222.157	224.153	230	234.323	234.793	233.416	228.771	220.049	213.313	214.951	224.256	236.039	245.59	248.87	242.307	227.626	214.87	213.862	224.284	236.756	239.475	226.789	206.264	191.827	186.549	179.528	163.839	147.611	141.658	147.278	162.513	188.982	221.76	242.547	239.024	221.909	210.282	214.22	235.925	269.274	297.795	306.331	294.022	271.991	252.039	239.371	233.904	235.792	245.248	257.804	266.896	272.029	279.179	291.014	301.185	301.634	291.597	275.833	258.046	242.101	234.942	239.669	249.155	253.408	250.24	241.179	221.947	189.607	154.061	130.405	121.997	116.284	98.1634	66.4989	
60.9504	91.3695	119.571	143.781	163.822	177.807	185.602	193.192	206.507	221.242	225.008	211.871	190.18	173.843	171.511	185.171	209.286	229.03	230.76	215.846	196.203	180.953	174.958	182.125	199.639	212.786	206.065	180.809	154.5	142.364	145.908	157.184	169.454	183.16	199.442	210.044	202.459	177.985	155.054	149.985	162.482	179.038	184.989	177.749	168.516	169.227	180.546	190.988	188.654	174.793	161.112	156.773	160.954	166.143	170.251	178.778	190.999	197.68	195.153	187.651	177.917	167.733	162.562	166.488	176.632	187.382	196.514	203.006	202.998	195.242	187.045	186.36	192.294	198.274	197.812	187.542	172.083	161.711	158.872	153.8	139.435	122.171	112.436	114.131	128.122	154.995	185.835	202.19	197.727	187.32	185.9	195.554	215.073	241.281	262.323	265.527	250.091	225.985	204.315	190.636	185.043	187.253	196.551	207.301	213.747	218.134	227	241.173	253.786	258.099	253.663	242.589	225.462	206.531	196.026	200.064	211.612	217.876	214.851	205.04	185.85	155.911	126.061	109.124	103.897	97.3948	79.6551	52.776	
44.5547	62.9981	79.6727	97.1476	116.096	130.825	136.864	139.983	148.519	159.509	161.418	149.118	129.816	114.795	110.499	118.028	133.937	148.848	153.161	146.506	135.833	126.676	122.495	127.551	141.505	153.326	149.408	128.907	105.255	91.9393	91.5108	97.9878	106.417	118.065	134.455	148.48	148.082	131.686	113.355	108.061	117.572	131.015	135.059	126.812	116.672	116.213	126.262	137.019	139.102	132.571	122.918	114.743	110.594	110.391	114.53	125.278	139.206	146.725	143.877	134.962	124.332	114.895	110.878	114.494	122.631	130.964	138.858	146.247	149.05	144.85	139.341	138.736	141.136	141.625	138.3	130.881	121.629	116.18	116.078	114.658	106.027	92.8132	81.9478	78.892	87.5974	108.133	130.338	139.892	136.526	134.294	140.804	151.212	162.023	173.93	182.839	181.482	168.707	150.855	135.678	126.887	123.889	126.05	132.678	139.397	142.747	146.089	154.511	167.418	179.309	185.727	186.041	180.014	166.899	150.954	141.77	144.868	153.853	156.997	151.444	141.65	127.417	107.665	89.9096	82.0887	80.1262	73.1358	56.7964	35.958	
