
TracePro Release: 7 0 3 
Irradiance Map Data for D:\SUSTech\Linear Units in millimeters
Data for Observation screen 3.5 Screen
Data generated at 11:18:04 October 23, 2025

Raytrace Time: mins: 0, secs: 5

Projected Plane Extent from surface geometry 
      TopLeft:(20,3,-20) 
      TopRight:(-20,3,-20)
      BottomLeft:(20,3,20) 
      BottomRight:(-20,3,20)
Corners of Data Set (plotted) 
      TopLeft:(20,3,-20) 
      TopRight:(-20,3,-20)
      BottomLeft:(20,3,20) 
      BottomRight:(-20,3,20)
Total Incident Rays: 59370
Min: 38.1899 Max: 618.428 Ave: 307.841
Total Flux: 0.492546 W, Emitted Flux: 0.6
Normalization: 0
Data Smoothing is On
Grid Size is 128 x 128
Map Count 50
Data Cells are 0.3125 x 0.3125 millimeters

40.4567	57.4876	66.1181	68.9207	73.93	84.7306	97.2548	103.061	96.3267	81.3948	69.9586	68.6466	74.1905	80.5497	86.085	93.0494	102.322	111.354	116.849	117.805	116.012	112.871	107.606	102.567	105.113	117.011	128.865	132.246	129.799	126.734	121.011	109.284	95.1835	85.4479	80.7289	75.0577	65.4775	56.827	55.0117	60.5623	69.7192	77.7389	80.8917	79.2184	76.3844	75.3717	78.6701	89.2593	105.692	122.038	134.27	141.542	144.061	143.788	144.452	147.639	149.757	145.87	136.018	124.607	114.887	107.327	102.08	99.7101	99.0537	97.8137	95.9156	93.7724	89.0167	80.3589	72.8552	75.0982	90.1462	110.81	125.763	129.31	124.525	118.156	113.32	109.944	110.066	113.994	113.264	98.4249	74.1103	57.1393	58.6179	73.9978	90.0166	97.9351	100.411	104.392	108.902	106.962	97.6327	87.6346	82.773	82.8332	84.1318	83.42	78.692	70.5452	63.0401	61.3124	70.3708	91.3984	114.903	126.966	124.459	117.131	115.544	118.302	114.201	99.324	83.5219	76.7757	77.1263	75.1352	66.2896	55.7507	51.4229	55.6452	64.3802	71.6644	73.4201	68.143	56.0249	39.2279	
53.01	77.7864	93.391	101.277	109.468	120.426	129.271	130.551	122.934	111.509	105.187	108.174	116.515	123.711	127.26	130.061	135.755	143.997	151.019	154.405	156.14	157.819	156.398	151.796	151.703	160.106	170.352	176.314	179.961	181.969	176.097	159.338	138.522	122.423	111.92	101.67	90.7836	85.7668	91.5142	105.223	119.734	128.36	127.628	120.422	114.063	113.185	120.197	137.917	163.428	186.657	199.568	201.899	198.534	194.733	193.976	196.968	199.917	196.726	185.588	171.166	159.102	150.876	145.436	142.703	142.073	141.855	142.172	142.25	137.684	126.578	114.755	111.788	122.468	141.776	158.371	164.581	163.543	163.39	164.43	160.496	152.037	144.432	135.001	116.722	94.3147	83.625	93.4716	115.479	132.835	136.899	134.668	137.635	145.167	146.542	137.822	126.966	122.947	126.858	133.998	139.244	138.821	131.915	121.659	113.772	117.233	138.802	169.701	189.961	189.914	178.125	168.999	165.629	158.538	143.582	131.176	131.763	139.612	138.006	119.782	96.3824	83.6225	85.4168	94.6683	102.701	104.172	96.8094	80.1845	56.6333	
57.938	87.1187	108.379	121.74	133.672	144.812	150.114	148.145	142.419	138.018	139.621	147.887	158.454	165.889	167.5	165.604	165.726	170.553	176.467	179.355	181.777	186.733	189.448	185.552	179.685	178.039	181.519	189.755	201.926	211.244	208.365	192.337	171.236	152.624	137.561	124.3	115.738	118.195	132.676	152.501	168.725	174.291	166.872	152.96	144.169	146.465	159.832	184.226	215.563	241.388	249.134	238.432	221.582	210.709	208.825	212.757	217.436	217.426	210.437	200.168	192.249	187.952	185.368	183.956	183.028	181.608	181.923	184.521	183.497	173.897	159.441	149.665	151.044	161.619	173.262	180.145	185.923	196.594	205.954	200.947	181.732	160.809	143.996	128.284	116.337	118.082	136.368	159.712	172.132	168.762	160.826	162.597	173.406	178.797	170.786	158.021	153.443	160.5	174.443	189.462	200.077	201.024	190.031	171.779	160.958	173.218	205.404	235.056	243.43	231.27	213.009	198.954	187.015	174.808	170.599	182.601	201.53	204.397	180.524	145.632	122.368	116.93	121.361	126.627	126.91	118.216	98.4423	69.8332	
60.2549	91.49	115.399	130.962	143.679	153.87	157.311	154.721	151.514	152.668	161.165	175.601	190.405	200.463	203.084	198.914	193.133	191.265	192.211	192.058	193.47	199.84	205.166	201.214	188.599	175.708	172.434	183.83	204.117	219.174	219.595	208.043	192.201	176.498	161.75	149.489	144.703	151.641	167.77	185.555	198.022	199.935	189.5	173.992	166.693	173.961	192.859	219.912	251.087	274.37	274.058	248.647	216.872	198.261	195.76	201.873	210.325	216.944	218.964	218.007	217.918	219.179	220.25	220.906	219.594	215.111	212.259	215.331	218.777	213.281	198.916	185.818	181.024	181.805	182.926	184.971	194.759	214.391	230.423	225.33	199.846	171.194	151.881	143.069	145.084	160.244	184.008	203.092	206.493	195.959	185.054	187.027	199.972	206.906	196.713	178.808	170.253	177.066	194.869	218.505	241.946	254.194	244.772	216.294	189.496	188.687	217.57	254.432	272.67	262.901	237.121	213.006	197.239	188.92	191.973	211.566	238.787	250.182	231.598	195.924	166.055	150.431	144.741	143.86	142.871	134.766	114.045	82.0929	
66.8185	100.861	125.409	138.634	147.064	153.322	154.787	151.76	148.681	151.123	163.83	185.471	207.791	223.526	229.764	225.512	213.407	200.843	192.828	189.449	192.298	201.719	209.474	204.953	186.848	166.678	161.729	179.424	207.708	226.568	228.374	220.228	210.271	200.434	189.786	179.518	173.971	176.406	184.839	194.403	201.825	204.537	199.849	190.707	186.807	194.451	211.899	236.053	263.601	283.237	278.111	245.539	206.211	182.786	178.727	186.217	200.173	216.1	228.097	234.978	239.524	242.983	246.035	249.108	248.624	241.718	234.404	234.688	239.165	236.092	223.322	212.592	209.898	206.786	197.219	189.058	194.847	215.329	234.061	232.614	210.186	182.418	164.233	161.15	173.682	199.153	227.121	242.38	238.215	222.772	211.077	213.211	224.994	228.937	213.648	189.726	176.747	181.755	199.851	226.456	256.403	275.736	268.316	235.053	200.145	191.971	217.323	255.601	277.085	267.376	237.526	209.891	195.535	192.105	198.3	217.1	244.551	264.022	260.059	235.873	206.663	182.025	164.945	157.188	155.637	149.903	130.181	96.0525	
77.8273	115.357	139.774	149.08	152.09	154.489	154.3	149.462	142.947	142.297	155.763	183.123	212.823	233.783	242.769	238.458	220.684	197.429	180.598	175.816	182.748	196.791	207.117	202.283	181.357	159.172	157.34	182.89	218.209	239.442	240.877	233.917	228.86	226.058	220.333	208.928	195.265	185.711	183.415	186.761	193.557	202.262	208.688	208.975	205.825	205.595	212.766	229.564	253.356	271.741	268.164	239.568	203.72	180.611	174.465	181.662	200.495	224.628	243.57	253.47	256.776	257.143	259.547	265.134	266.699	258.587	246.966	242.061	243.082	239.109	228.168	223.185	228.468	229.108	214.996	196.914	192.062	204.098	220.365	224.929	212.785	192.329	176.635	174.957	191.055	222.188	255.565	272.891	266.725	248.125	234.061	232.925	239.196	237.02	217.215	190.961	177.24	182.148	199.737	224.826	252.725	270.583	263.035	231.189	198.281	190.556	213.407	246.812	263.146	250.368	220.955	197.454	189.64	192.268	200.138	214.048	234.754	255.755	264.876	255.897	233.033	204.766	180.596	168.424	166.819	163.041	143.956	107.678	
89.2898	128.196	151.481	158.726	160.531	163.353	163.534	156.266	144.628	138.881	149.661	177.535	209.26	230.954	239.15	234.034	215.076	189.647	171.91	169.238	178.974	194.054	204.402	199.944	180.014	159.984	161.898	191.039	227.262	246.731	246.03	239.22	238.471	243.096	243.091	230.66	208.499	187.656	177.769	179.771	189.691	204.476	218.818	224.742	219.732	209.737	204.898	213.326	233.186	250.957	251.87	233.346	207.743	189.396	183.069	189.74	210.294	237.27	258.535	268.928	268.941	263.295	261.818	267.284	269.5	260.71	246.793	238.246	236.009	231.377	222.879	222.769	234.551	241.348	229.975	208.779	194.458	194.112	202.736	209.729	206.794	194.535	182.008	179.804	194.894	227.338	265.421	288.557	285.618	266.653	249.431	242.425	241.182	233.321	212.13	187.31	174.9	180.211	197.747	220.895	243.102	253.969	244.112	216.986	191.222	186.748	206.638	232.627	241.496	226.2	200.459	183.595	182.536	191.84	204.792	217.491	229.849	243.682	255.252	256.065	241.787	216.486	191.207	177.164	174.758	170.635	150.096	111.191	
99.2784	137.142	158.808	166.658	171.211	176.847	177.788	168.903	155.006	146.86	153.449	175.288	201.17	218.028	222.587	217.449	204.535	189.627	182.127	184.668	192.237	200.442	205.673	201.767	186.671	172.169	176.71	202.707	231.08	243.329	239.476	232.579	233.734	242.775	248.8	240.85	218.907	194.498	181.067	182.743	194.641	210.803	225.087	230.692	225.29	213.438	204.855	208.881	224.387	239.015	241.68	231.068	214.472	201.282	196.649	203.023	220.634	242.842	261.286	271.986	271.511	261.862	254.86	255.657	255.197	246.734	235.234	229.076	229.318	228.38	223.384	224.079	234.774	242.603	236.196	219.967	204.527	195.978	195.362	198.763	198.651	191.857	183.741	182.6	194.894	223.087	259.639	286.038	289.22	275.609	260.317	251.029	245.277	234.588	213.674	189.406	175.212	177.656	193.567	214.909	231.651	235.129	223.177	202.291	185.02	183.674	200.161	219.699	223.109	206.76	184.266	171.216	173.573	189.065	210.791	228.043	235.176	238.13	242.92	245.522	238.002	218.473	195.001	179.703	175.13	168.854	146.106	105.644	
106.095	143.266	165.879	177.554	185.656	191.163	189.154	178.899	167.711	162.578	166.138	178.096	192.783	201.932	203.044	199.885	197.161	198.994	206.588	214.308	215.303	211.005	206.979	202.34	193.739	187.808	196.214	216.574	233.188	237.103	232.281	226.533	226.242	233.452	241.754	240.742	226.45	205.816	191.824	192.105	203.176	216.382	224.986	227.218	225.329	221.763	219.99	225.314	236.873	245.921	246.319	238.195	225.088	213.612	209.819	215.006	225.826	237.251	248.104	258.255	260.866	252.434	242.228	237.001	232.49	225.661	220.2	221.063	228.28	233.988	232.524	230.561	234.039	236.902	233.326	225.397	215.794	205.846	199.173	197.691	197.433	195.321	193.741	195.358	202.276	218.834	245.151	269.928	280.478	277.376	270.282	265.158	260.507	250.083	229.251	203.011	183.963	180.879	192.803	210.505	221.559	219.386	207.62	194.461	186.617	188.992	201.901	214.401	211.837	193.541	172.608	161.112	164.313	183.064	211.215	234.089	241.313	238.192	235.36	234.31	228.467	212.875	191.896	176.135	168.819	159.559	135.455	95.8845	
106.108	144.828	173.442	193.427	205.765	207.664	197.993	183.678	175.163	174.554	177.059	180.726	185.629	189.702	191.075	191.597	196.375	209.149	226.058	235.899	231.1	216.957	204.644	197.805	194.469	197.953	212.085	228.621	235.887	234.736	232.076	229.433	227.445	229.557	235.01	236.905	229.414	214.322	201.61	200.516	209.552	218.994	222.145	222.342	226.948	236.346	246.044	255.025	262.595	265.132	261.454	252.305	238.246	224.632	219.115	221.907	225.881	226.817	229.675	238.769	245.994	242.66	233.603	226.189	220.536	216.03	214.618	218.796	228.7	237.512	238.017	233.703	230.855	228.923	226.975	225.354	220.671	211.042	201.822	198.519	200.191	204.733	211.349	215.861	215.432	216.793	229.138	250.126	267.678	274.995	276.07	276.598	275.623	266.965	246.695	220.091	199.396	193.752	202.629	215.888	221.339	216.165	207.421	202.316	202.805	207.699	214.428	215.754	204.027	183.043	164.805	156.479	159.974	176.785	203.708	228.905	241.035	240.342	234.738	228.927	221.045	207.379	189.712	174.646	163.91	150.453	125.517	88.5569	
98.6184	140.185	177.951	209.394	228.362	228.423	211.502	190.148	177.795	176.083	177.629	178.652	181.322	187.26	194.058	199.156	205.186	216.783	231.541	239.488	233.747	218.485	203.859	195.716	195.444	205.432	223.675	238.153	240.36	236.487	234.746	234.536	233.643	233.785	236.051	237.344	232.659	221.152	210.001	207.782	214.543	222.057	224.076	225.629	236.926	257.682	277.433	289.176	292.392	288.661	280.607	268.731	251.616	233.898	224.372	223.577	223.275	219.646	219.868	230.084	242.231	244.999	240.199	235.618	233.193	231.072	227.997	225.415	226.872	231.012	231.653	227.592	222.482	219.189	219.664	221.418	217.035	205.067	193.694	190.201	195.072	206.363	219.988	226.909	221.696	212.725	214.989	232.906	255.264	268.847	272.919	274.619	274.804	267.275	249.561	228.427	214.132	212.637	222.107	232.684	235.092	230.902	227.439	228.276	232.068	234.118	229.706	216.14	194.67	173.676	162.083	160.196	164.267	174.809	194.177	218.583	237.794	244.447	240.336	232.178	223.287	211.757	196.735	180.618	164.442	145.867	120.52	86.5775	
87.9284	131.141	176.453	218.501	246.364	250.826	233.591	206.865	184.829	174.187	172.815	176.864	185.834	199.999	215.08	224.349	226.932	228.489	232.491	235.502	232.208	222.425	211.475	204.81	205.902	216.975	234.3	246.63	247.31	241.782	237.926	238.102	240.711	243.191	244.765	245.19	241.351	231.886	222.292	219.119	223.429	230.7	235.495	240.596	255.935	282.467	307.808	321.166	321.969	314.862	303.57	288.162	267.671	246.705	233.317	228.398	225.438	222.092	224.787	238.178	254.573	262.652	262.397	261.301	262.208	261.329	253.249	238.094	224.681	220.146	220.436	217.898	211.573	207.216	209.599	213.576	208.477	193.752	179.936	175.459	181.643	195.816	211.643	219.641	215.003	205.092	204.427	220.38	244.174	259.619	261.975	259.417	256.268	248.522	235.723	225.236	223.278	230.106	241.875	251.21	253.731	253.717	255.582	258.704	260.428	255.153	237.997	211.388	184.487	167.995	165.876	171.375	175.354	177.786	187.869	210.69	236.829	251.225	250.104	242.267	234.817	225.63	210.675	190.322	167.716	145.131	120.209	88.5936	
79.2418	121.901	170.627	219.573	256.243	269.799	259.233	232.056	200.582	178.319	173.279	184.093	204.627	229.304	251.247	261.814	257.98	246.654	237.964	235.449	234.798	231.604	226.528	222.512	222.344	228.369	238.968	247.544	249.36	246.281	244.023	247.43	254.997	259.867	259.774	257.354	251.991	243.341	236.037	233.57	236.339	243.527	251.725	260.227	275.583	300.496	325.581	340.254	343.131	337.544	324.859	305.634	283.089	263.311	251.097	245.023	240.399	237.452	241.775	255.856	273.074	283.747	285.76	284.503	284.275	282.452	271.25	248.512	225.957	216.576	217.239	215.052	205.832	197.978	199.302	204.368	200.866	187.258	173.72	168.957	174.586	186.642	198.452	204.451	203.325	199.69	202.312	217.179	238.783	252.2	250.181	240.331	230.81	221.828	214.339	214.189	223.45	237.479	250.928	260.025	264.737	268.599	271.752	272.258	269.57	259.329	236.939	207.297	182.753	173.161	178.118	186.707	187.23	180.838	182.922	204.887	237.171	258.423	260.137	252.391	245.374	237.241	221.905	198.791	172.996	149.143	124.881	93.9127	
75.466	117.058	166.333	218.109	260.281	281.32	277.47	252.185	215.876	186.592	180.852	200.383	233.355	266.972	291.803	299.197	286.156	262.179	243.184	236.943	238.791	241.268	241.168	237.82	232.69	229.494	229.998	232.712	236.267	241.119	249.505	262.903	276.28	281.156	276.857	268.5	257.821	247.253	242.419	244.049	249.02	256.863	267.015	277.312	289.144	305.587	324.288	339.547	348.037	346.926	332.87	308.827	285.734	272.767	269.356	268.044	263.81	259.451	260.989	270.096	282.429	291.572	293.932	291.065	287.406	283.566	273.053	252.443	232.398	225.5	227.339	223.529	210.294	197.822	195.252	198.781	197.86	189.98	182.016	180.063	184.463	190.77	194.445	195.662	197.791	203.295	213.19	228.176	244.915	252.862	244.739	226.783	210.023	198.903	194.322	199.041	212.916	230.025	245.173	257.307	267.216	273.664	272.341	263.58	253.569	243.153	228.131	210.048	196.511	193.03	197.681	200.904	193.095	178.32	175.466	197.936	235.201	261.777	264.894	254.419	244.172	235.784	223.213	203.584	180.454	158.158	134.454	102.842	
77.2891	118.788	167.608	219.04	261.375	282.829	279.228	254.269	218.435	190.103	187.95	215.061	256.623	295.375	320.345	323.077	301.156	267.09	241.212	233.356	238.066	245.111	247.232	241.47	230.596	220.298	213.025	209.411	212.552	225.605	247.704	272.593	290.299	294.522	287.839	274.9	257.732	242.845	239.956	249.36	262.299	273.567	284.298	294.192	300.441	304.425	311.66	324.596	338.235	341.36	325.129	295.645	272.355	268.045	276.503	283.062	281.14	275.38	272.162	272.756	275.984	280.749	284.374	284.05	280.528	275.574	266.739	252.797	242.134	242.327	245.682	238.804	221.254	204.832	197.85	197.758	198.522	199.019	201.311	204.985	207.247	205.56	200.334	196.808	201.453	215.184	232.236	247.337	258.365	259.876	246.059	221.783	199.443	186.24	182.047	186.393	198.623	214.556	231.113	249.505	269.038	281.011	274.393	251.095	227.38	215.358	213.733	216.331	218.877	219.325	216.684	207.865	189.808	170.057	166.996	191.556	231.578	260.038	261.664	245.717	229.808	220.661	213.189	201.047	184.056	165.131	142.638	110.775	
85.3776	127.496	175.549	224.98	262.702	276.551	265.653	238.685	207.282	185.66	188.242	217.556	259.794	298.228	322.528	324.414	300.767	264.244	236.471	228.529	235.208	243.72	243.385	232.823	219.702	210.127	202.31	195.259	196.054	212.354	241.814	271.98	290.73	295.817	291.39	278.36	257.223	238.462	237.15	255.137	278.357	294.311	303.83	310.706	311.194	304.027	299.366	306.936	321.643	326.187	307.901	275.18	252.712	254.843	271.372	283.713	285.157	280.583	274.246	266.493	260.254	260.762	267.856	274.923	276.096	271.036	262.156	253.57	252.651	260.993	266.497	256.481	234.163	213.403	201.658	197.081	198.424	207.323	221.347	232.08	232.518	223.057	210.311	203.328	209.058	226.427	245.739	258.954	265.531	263.769	248.839	223.692	200.014	186.078	181.377	183.572	191.67	203.186	217.794	240.313	270.813	293.806	287.814	251.55	210.755	191.807	199.193	219.866	236.976	240.246	229.678	209.516	184.236	163.902	163.553	189.606	228.693	254.848	252.731	231.126	209.879	199.26	194.921	188.243	176.551	161.401	140.87	109.781	
99.29	142.691	190.267	237.262	267.624	269.118	247.146	217.528	192.245	178.476	183.523	208.848	244.151	276.484	298.462	303.761	288.262	260.41	237.995	231.815	238.273	243.959	237.312	221.371	209.526	206.464	204.081	198.304	198.073	213.607	242.468	271.194	289.468	297.488	297.435	286.213	263.782	242.869	241.108	262.115	290.011	307.398	313.359	315.034	311.081	299.183	289.269	292.526	303.808	304.958	284.624	253.543	236.141	243.512	263.145	278.141	284.077	283.226	274.81	259.358	245.605	243.946	255.265	269.523	274.988	269.359	259.782	255.666	264.113	281.957	292.777	282.954	257.044	229.906	209.686	197.126	195.351	208.322	231.056	249.378	251.655	238.637	221.259	211.372	215.098	229.877	246.082	256.658	262.122	262.085	251.793	231.498	210.088	195.871	189.947	190.337	194.885	200.473	208.344	227.789	263.229	296.611	296.966	256.797	205.926	179.973	188.834	217.897	244.272	252.247	240.809	217.208	189.638	168.793	166.991	188.67	222.067	244.264	240.146	216.303	192.107	179.366	174.732	169.592	160.848	148.774	129.829	99.4197	
113.004	159.114	207.048	250.924	273.007	262.95	232.552	202.961	184.726	177.783	183.262	202.284	228.011	250.958	267.547	276.1	273.08	260.375	247.909	244.112	247.786	248.224	235.96	217.114	207.295	209.722	213.265	212.099	213.835	227.447	251.504	276.658	296.499	309.924	313.714	302.819	279.581	256.806	250.183	264.702	287.666	301.688	303.283	299.451	292.394	281.884	274.823	277.416	282.974	277.398	256.141	232.627	226.094	240.089	261.058	277.774	288.571	290.458	277.72	254.361	235.739	234.038	247.704	263.747	268.925	262.285	254.183	256.025	274.677	304.837	326.677	323.745	298.786	265.152	232.064	205.178	192.769	201.423	226.425	251.201	259.34	248.445	230.703	219.464	219.596	228.633	240.507	250.532	258.089	262.022	257.916	243.982	225.71	210.882	203.364	202.985	205.738	205.884	204.617	214.204	243.57	277.163	282.607	248.767	201.769	175.363	181.147	208.875	238.681	254.015	250.745	233.254	207.763	183.435	172.39	181.959	205.949	225.592	224.127	202.919	178.8	164.76	159.407	155.169	148.642	138.481	119.587	88.5482	
117.143	167.224	216.077	255.549	270.114	254.227	223.872	201.344	193.521	193.848	199.608	213.083	230.264	243.367	252.14	260.877	267.864	268.584	264.527	260.682	258.236	252.111	237.207	219.16	210.744	214.889	222.428	227.103	231.936	242.139	259.007	280.502	304.228	324.947	332.312	320.651	296.48	271.934	258.529	262.007	275.113	283.777	282.338	274.693	265.003	256.589	253.822	256.447	256.288	245.445	227.064	215.286	221.658	242.079	263.802	281.666	294.705	294.662	275.091	246.27	227.377	227.266	239.465	250.718	252.155	246.334	242.53	249.767	275.799	317.357	352.986	361.873	342.982	307.069	263.422	221.526	194.446	192.53	213.602	240.789	254.1	247.884	233.978	225.29	224.599	230.006	239.59	250.647	260.622	267.367	267.57	258.91	244.401	230.784	223.517	223.619	225.494	221.32	211.933	209.927	225.268	247.047	250.561	227.124	194.663	175.408	177.307	196.649	222.97	243.516	251.087	244.521	225.051	198.575	177.4	173.432	187.44	205.307	208.545	192.699	171.071	157.429	152.916	151.198	147.434	137.916	117.206	84.1492	
108.615	162.018	211.276	245.533	254.586	239.631	218.775	211.676	219.124	228.248	234.308	242.525	252.295	256.758	257.668	264.138	276.492	286.224	288.169	282.329	270.459	254.902	237.523	222.162	215.824	221.216	232.452	242.165	247.824	251.951	259.912	276.01	300.138	324.023	333.179	321.886	299.172	276.22	260.914	258.425	265.047	270.311	268.095	259.057	246.754	236.663	232.926	232.805	228.751	217.498	205.753	205.359	220.954	243.94	263.855	279.541	289.058	282.349	257.384	230.065	217.489	220.73	228.956	232.786	231.092	228.524	228.694	235.906	260.621	305.394	349.896	369.057	357.622	324.97	280.423	233.627	198.582	188.301	203.462	227.893	241.088	237.689	229.432	226.77	229.327	234.777	243.587	255.048	266.731	276.176	280.071	275.767	265.501	255.361	250.359	250.902	251.068	243.633	229.884	220.503	222.494	228.036	223.549	207.803	192.29	185.075	185.774	194.427	211.094	229.948	243.081	245.077	233.122	209.787	185.795	174.528	180.771	194.856	200.09	189.609	172.63	161.11	157.645	157.549	154.799	143.751	119.94	84.716	
94.8383	148.956	196.613	225.202	230.33	219.769	212.526	223.593	246.845	264.273	270.385	273.807	277.959	277.295	273.66	277.502	291.318	307.36	316.418	310.592	288.855	261.296	239.218	226.596	224.792	234.409	249.904	261.578	264.127	261.369	262.164	271.395	287.159	302.196	306.216	295.845	278.558	262.443	252.825	253.603	261.529	267.662	266.603	257.917	243.585	229.011	219.808	215.451	210.942	204.225	200.426	207.64	226.339	246.344	259.59	267.606	268.768	255.187	230.375	211.755	209.795	217.399	222.344	221.208	218.985	219.338	219.648	221.098	237.274	276.262	320.594	343.276	335.84	307.736	269.82	230.378	200.195	190.796	203.204	222.201	230.095	225.872	222.381	226.239	232.637	237.894	244.435	255.236	270.285	285.719	294.614	292.837	284.147	275.768	271.402	270.201	267.881	259.893	247.641	238.142	233.467	226.567	213.222	201.082	199.685	205.987	210.023	211.518	217.668	229.559	240.957	244.79	236.999	218.974	198.984	187.721	189.329	197.547	201.264	195.536	185.776	179.025	176.043	172.933	165.025	148.481	121.173	85.1458	
86.1504	138.652	182.077	203.986	205.219	198.379	201.919	225.826	259.167	282.132	289.382	290.844	292.497	290.906	287.214	289.761	302.82	323.357	340.563	337.802	309.807	272.557	245.339	233.766	236.093	250.339	269.133	280.765	280.257	274.541	273.44	277.189	278.951	275.407	267.221	256.098	244.913	236.465	234.953	244.283	259.657	270.022	270.304	262.289	247.909	230.689	216.964	210.212	208.953	210.201	214.403	225.421	241.643	253.083	254.488	251.202	244.79	230.367	212.763	205.914	213.495	224.082	227.157	224.152	221.974	221.716	218.472	214.494	224.711	257.15	295.298	313.675	304.186	277.148	245.211	216.691	199.13	198.777	212.695	226.085	226.413	219.202	219.26	228.696	236.665	237.581	237.566	245.744	265.253	288.968	303.451	302.075	291.577	281.692	275.169	270.897	267.837	264.205	259.57	255.666	249.888	235.527	215.034	203.638	211.641	229.392	239.94	240.519	240.067	243.723	248.314	247.843	239.76	226.418	213.337	205.885	205.278	208.347	210.428	209.482	207.968	207.526	204.256	193.177	174.024	149.35	119.545	84.312	
86.2296	136.803	174.794	189.422	186.392	181.319	190.555	219.708	256.325	282.362	292.879	295.574	296.017	293.734	290.901	293.188	305.415	328.912	352.244	353.374	325.227	285.916	255.97	241.119	240.48	253.295	272.755	287.094	290.929	289.857	290.778	290.082	279.086	258.979	239.631	226.721	218.592	213.657	216.907	234.028	258.05	273.003	273.045	264.784	252.574	236.818	221.867	214.49	217.681	228.133	240.948	254.565	265.275	264.66	251.742	237.363	228.061	220.473	215.178	218.972	231.517	242.351	244.294	240.62	236.377	230.705	221.822	217.129	230.277	261.934	292.211	300.419	284.765	257.121	228.555	207.388	201.219	211.36	228.18	236.537	230.011	220.122	222.959	236.874	245.114	239.387	229.352	230.375	249.005	276.393	294.325	293.653	282.607	272.478	265.595	261.266	261.567	266.955	273.873	277.58	271.724	251.018	222.953	208.283	219.213	243.91	262.148	267.076	263.929	258.781	253.28	246.106	237.916	231.251	227.065	224.467	222.944	223.654	226.612	229.659	232.338	233.773	227.363	207.557	179.072	150.101	120.701	86.5169	
90.4489	139.82	173.616	183.061	177.648	174.297	186.428	216.2	251.843	278.966	292.883	296.81	294.132	287.945	283.483	285.302	297.726	323.163	349.256	353.609	331.042	297.956	268.775	246.7	235.068	239.298	257.16	278.538	294.54	303.075	305.332	298.602	279.029	251.462	227.685	213.945	206.85	203.037	208.336	230.16	260.381	278.688	277.461	267.732	257.983	246.015	231.836	223.265	227.954	244.665	265.283	282.382	288.991	278.41	253.851	230.885	221.084	222.305	228.755	239.029	251.769	261.459	264.166	261.59	254.586	241.285	225.881	222.606	242.696	276.25	297.748	293.344	271.87	246.951	223.499	207.041	207.612	225.156	244.522	250.217	240.922	230.72	234.841	250.67	259.39	249.721	230.795	220.361	228.555	249.708	266.407	267.924	260.455	254.391	252.184	253.229	260.803	277.074	295.796	306.13	299.362	272.329	235.482	213.044	220.748	248.752	275.466	287.674	283.493	268.43	250.697	237.097	232.047	235.221	240.721	242.546	241.175	242.451	247.761	251.13	249.361	243.884	231.655	209.193	182.228	157.359	130.678	95.6049	
91.9367	139.933	171.921	181.301	179.017	180.4	194.807	221.803	251.897	275.579	289.155	291.838	284.911	274.185	267.216	268.327	281.322	307.545	333.92	341.005	326.856	304.165	278.962	251.031	228.117	222.591	237.849	265.782	292.975	308.755	309.703	296.88	273.304	245.244	221.528	208.003	202.737	201.718	209.308	233.106	265.907	286.506	285.375	274.936	267.532	260.481	249.044	238.97	240.261	255.085	276.4	294.415	299.757	285.997	256.999	229.116	217.451	222.521	234.702	246.568	257.303	266.884	273.348	275.206	269.12	252.168	232.57	229.416	252.412	284.087	295.13	278.281	252.193	231.971	215.847	204.657	209.556	231.12	252.32	258.934	252.855	246.408	251.283	266.361	275.687	266.328	243.23	222.212	215.955	224.729	236.186	239.469	236.457	235.269	239.69	249.052	265.174	290.092	315.878	328.91	321.359	291.897	250.162	221.033	224.552	254.743	288.87	307.546	302.945	279.277	249.527	229.094	226.905	238.45	250.51	254.498	253.865	257.306	264.378	264.33	252.592	236.096	219.965	204.041	189.161	173.259	148.015	108.944	
89.5841	135.32	166.953	180.834	187.505	197.33	213.21	232.354	249.91	263.68	272.774	273.739	265.457	253.902	246.443	246.976	259.5	285	311.376	322.345	316.792	303.561	283.935	256.043	228.867	217.219	227.909	255.473	285.205	302.514	302.429	288.441	266.036	240.036	216.859	203.984	202.082	205.507	214.882	236.891	267.242	288.103	289.851	283.081	280.816	280.888	275.313	266.042	261.82	266.423	276.664	286.552	288.769	276.585	250.396	222.597	208.677	212.244	224.074	234.867	244.234	255.062	266.328	274.602	274.4	261.58	244.19	241.674	262.87	288.102	288.002	259.823	227.622	208.006	196.835	191.513	200.714	223.866	244.78	252.908	252.851	253.606	261.59	276.165	285.615	278.037	255.539	231.065	216.831	216.279	222.407	225.928	224.788	225.11	233.352	249.265	270.967	297.673	321.209	330.463	322.353	296.947	259.966	233.16	237.387	268.511	304.008	324.06	320.348	294.406	257.559	229.727	225.039	237.36	248.766	250.42	248.986	253.96	262.508	261.143	244.271	221.922	206.104	199.82	197.698	188.619	162.181	118.332	
90.032	134.287	165.372	182.886	197.826	215.568	231.051	238.384	239.057	240.467	245.568	248.05	242.915	234.371	228.807	229.469	240.094	262.697	289.2	306.078	308.918	302.089	287.175	264.147	240.054	225.87	228.085	245.562	268.495	284.271	287.508	279.903	263.474	239.977	216.7	205.092	207.625	215.433	224.475	240.347	262.721	280.111	285.575	286.464	292.441	300.942	302.978	297.563	290.316	283.639	277.065	271.185	264.927	253.357	233.172	210.639	197.957	199.723	209.179	218.135	225.804	235.666	248.293	260.736	267.495	264.105	256.033	258.623	278.558	297.272	288.306	251.498	212.069	187.901	176.824	175.727	189.258	213.407	232.568	239.787	242.611	248.955	260.832	275.205	282.916	276.121	258.324	240.102	229.005	226.752	230.419	234.105	233.628	233.206	241.211	257.795	277.163	295.595	307.65	308.429	299.694	282.293	258.613	244.45	254.924	283.9	312.273	327.567	326.567	307.132	272.623	240.524	227.92	231.013	232.988	227.367	222.847	228.227	239.787	244.246	233.688	214.66	200.343	197.098	198.727	191.095	163.711	118.627	
100.329	146.573	176.034	190.476	204.762	223.963	236.959	234.002	221.504	215.263	221.11	228.868	228.725	223.658	221.219	224.302	233.591	250.766	274.365	296.123	307.12	304.972	292.457	274.309	256.129	241.734	233.32	234.269	244.967	259.459	270.971	274.735	266.261	245.277	222.227	212.632	219.771	231.552	239.686	248.423	260.533	270.778	276.403	282.624	294.672	308.968	317.101	316.666	310.577	299.227	282.403	264.217	249.067	236.068	221.507	206.853	199.234	201.804	209.76	216.355	219.569	222.881	230.107	241.222	252.463	259.918	265.29	276.91	297.792	312.168	298.672	258.83	215.945	187.28	173.236	172.615	188.775	215.277	234.967	240.348	240.28	244.876	255.279	265.968	269.782	264.24	255.012	249.079	247.324	247.994	251.471	256.447	258.649	259.288	264.683	274.343	281.723	284.212	282.076	275.721	267.371	257.741	249.007	250.936	269.173	293.833	311.06	318.6	320.376	311.971	287.851	257.617	236.038	223.502	210.782	196.766	190.254	197.283	213.88	228.951	232.055	221.762	206.983	197.503	192.898	182.54	156.262	114.054	
116.827	167.576	194.496	199.985	204.794	218.062	226.864	218.944	202.513	197.094	208.919	223.51	226.692	222.214	222.036	229.965	240.959	252.336	268.486	290.306	307.956	310.529	298.075	280.462	265.922	253.089	237.529	224.17	223.913	239.229	260.71	274.597	271.232	251.802	229.909	222.387	232.695	247.538	255.774	259.475	262.506	264.135	265.493	270.891	282.47	296.899	307.837	312.033	309.999	301.442	286.067	267.261	250.296	237.574	227.458	219.37	216.577	220.622	227.978	232.813	231.265	225.573	222.78	228.546	243.195	262.06	280.209	297.987	316.284	325.23	310.856	275.37	236.599	207.66	189.787	185.022	199.569	228.172	251.367	256.437	250.069	245.833	248.105	252.209	253.735	253.227	254.532	259.621	265.21	268.133	271.397	278.228	285.631	290.231	292.203	290.341	282.265	270.326	259.564	251.3	244.377	239.487	241.107	254.847	278.574	299.92	308.812	309.424	310.914	309.77	296.233	271.66	244.376	218.017	193.713	176.42	172.656	183.936	205.836	230.076	245.287	242.85	226	207.063	192.779	177.473	151.243	111.262	
124.759	177.173	201.713	200.289	196.189	201.682	205.653	196.916	184.098	186.137	207.024	227.905	231.501	224.011	223.202	234.935	249.081	256.741	264.669	283.245	305.836	313.777	300.307	278.515	263.204	253.113	238.169	220.64	216.752	234.977	263.102	280.19	275.847	256.082	235.968	229.763	240.178	255.075	262.404	261.798	257.641	253.299	251.916	254.567	260.404	269.236	279.865	288.652	292.196	289.429	281.467	270.457	259.229	250.507	244.389	239.943	238.757	242.265	248.602	253.509	251.889	242.164	231.296	231.961	250.895	280.281	305.31	319.708	326.724	326.326	313.372	288.751	260.724	235.132	213.321	201.136	208.857	234.937	259.998	265.885	254.602	241.553	235.99	236.696	241.289	249.465	260.212	271.126	278.282	279.694	280.853	288.805	301.478	310.059	308.641	297.621	280.796	263.828	252.178	245.458	239.499	235.482	240.33	258.053	283.416	303.788	309.885	306.225	303.326	301.01	291.587	272.367	245.257	214.828	189.433	176.727	179.053	194.089	218.005	245.59	266.423	268.485	251.473	228.229	207.835	186.126	154.55	111.49	
114.705	163.695	188.433	188.757	183.847	185.204	185.389	177.326	170.522	181.789	211.391	236.394	238.141	225.725	220.854	230.791	243.971	249.023	252.889	270.571	298.257	312.423	299.664	273.634	255.584	248.68	241.059	230.011	229.801	249.787	276.637	288.361	278.708	258.815	241.957	236.145	242.121	251.051	253.007	246.698	237.896	234.08	237.353	241.172	240.456	240.483	248.144	260.728	269.807	271.816	270.001	267.602	265.151	263.306	262.112	260.306	258.653	259.266	262.366	266.682	268.281	261.202	248.19	246.169	268.1	302.914	326.722	329.74	320.515	309.403	299.203	288.258	273.86	253.964	230.411	211.974	210.497	227.775	248.564	254.402	243.431	229.391	223.787	227.947	239.295	255.088	271.22	283.337	287.748	284.182	280.952	288.129	303.434	313.575	310.227	297.629	282.945	269.413	259.764	254.173	248.57	242.937	244.005	257.027	279.059	298.93	305.822	300.576	291.873	283.308	273.155	259.253	239.415	216.566	199.979	195.538	201.817	215.427	234.749	258.284	278.679	284.221	272.87	254.565	234.303	205.934	164.326	113.585	
94.8887	140.252	169.952	179.558	180.181	180.756	178.122	170.349	168.449	186.896	221.892	247.88	246.7	229.258	217.827	219.778	225.895	228.08	233.724	256.144	290.163	310.562	301.52	275.569	256.21	251.513	252.181	251.634	257.281	274.857	292.453	293.719	279.606	263.787	253.525	247.846	244.977	241.38	232.783	219.816	210.038	212.765	226.222	235.26	230.837	222.846	225.155	237.407	248.76	253.478	256.053	261.515	268.77	275.24	279.811	281.151	279.32	276.133	272.945	271.841	272.755	268.963	258.553	257.116	279.499	313.127	330.438	321.756	299.727	280.63	272.305	272.049	270.111	259.107	240.473	222.312	214.01	219.014	229.502	233.427	228.22	222.424	224.837	236.696	253.706	271.258	286.165	295.544	296.005	287.857	280.662	285.443	299.65	308.912	306.115	298.83	293.325	286.422	277.611	271.045	265.498	257.29	249.663	250.959	264.349	281.304	289.156	284.482	272.737	260.036	250.951	245.68	238.845	228.889	221.608	220.706	224.501	230.75	239.593	253.245	269.657	280.009	280.025	272.904	256.548	223.212	172.744	115.385	
81.9238	127.902	165.128	184.874	191.584	191.689	185.177	175.331	175.494	197.326	233.066	257.41	254.518	234.738	217.983	211.476	209.823	210.28	221.325	251.51	290.909	314.505	308.997	286.353	267.564	262.221	265.81	271.821	280.927	293.434	300.013	292.58	278.988	272.364	271.748	267.251	255.138	237.366	216.657	197.943	190.201	200.741	222.613	235.901	230.358	217.427	213.136	219.427	227.628	233.263	241.425	256.692	274.819	289.307	298.33	302.093	300.613	293.91	282.794	271.924	266.184	262.702	258.148	262.549	286.136	315.159	324.375	307.872	279.904	256.597	246.996	250.142	256.443	257.375	251.367	240.728	229.484	222.115	220.052	221.513	224.836	230.843	242.626	260.625	279.194	292.654	300.832	304.687	302.316	294.094	287.419	290.135	299.978	306.316	305.502	305.85	310.442	310.297	302.13	293.668	287.124	275.85	259.241	247.822	249.941	260.322	267.412	265.914	257.028	245.934	241.328	246.407	252.691	251.808	245.391	238.793	234.293	231.01	228.647	231.634	243.418	259.118	271.484	274.887	261.067	224.292	170.168	111.944	
84.8602	134	175.496	199.965	209.725	208.424	196.502	182.09	181.599	203.001	234.943	256.045	254.952	239.276	224.061	215.592	211.028	211.58	227.132	262.08	301.509	321.847	315.88	297.045	280.735	272.609	271.935	276.733	285.08	292.936	293.255	284.456	277.584	282.618	291.948	290.382	273.264	246.057	216.895	195.213	190.516	205.495	228.667	240.454	232.815	216.846	206.683	204.747	206.236	210.979	225.497	251.886	280.914	302.242	314.099	318.803	316.691	306.235	288.136	269.179	257.63	254.744	258.106	271.793	297.998	321.158	321.671	299.951	270.971	247.001	234.604	235.387	245.294	258.032	267.012	265.929	253.302	235.429	223.167	224.186	235.931	250.443	265.967	284.097	299.925	307.775	309.551	308.555	304.93	300.553	298.998	301.155	304.753	306.238	306.391	311.718	321.94	326.211	320.297	312.48	306.389	294.683	274.749	256.395	248.734	250.152	255.151	259.844	259.437	253.253	251.012	260.42	272.483	272.898	260.645	245.121	232.848	222.84	213.585	210.368	219.312	238.167	257.793	265.55	249.77	209.487	155.635	101.353	
99.2707	150.298	190.165	212.705	221.57	217.969	201.619	184.377	184.244	203.948	229.066	245.164	247.993	242.627	237.457	234.962	232.155	233.011	249.132	281.829	312.939	322.671	312.112	297.482	287.084	278.069	270.414	268.647	272.554	276.439	275.832	273.188	277.764	293.712	310.297	312.193	294.721	264.544	232.846	211.537	208.972	223.112	240.397	245.043	232.964	214.673	201.221	193.612	189.202	192.088	211.036	245.846	282.857	308.988	322.391	326.209	321.043	306.3	285.385	266.735	257.476	258.179	266.943	285.166	309.779	324.71	316.385	291.143	264.505	244.382	232.459	230.66	241.032	261.421	281.652	288.334	275.88	252.271	235.421	238.671	256.478	273.598	285.883	297.505	306.504	309.372	308.556	305.854	302.059	301.925	306.449	309.385	307.575	303.83	302.251	306.075	312.832	315.032	311.9	310.858	312.91	308.697	293.689	275.203	261.02	253.771	256.264	267.256	275.521	272.622	267.02	271.147	279.4	276.573	261.23	244.31	231.876	220.964	210.478	206.757	214.767	231.642	248.677	252.311	231.571	189.453	138.679	89.8968	
112.475	162.79	198.618	217.117	222.911	216.482	198.936	184.407	188.83	208.254	226.06	235.505	240.753	246.739	255.538	263.081	263.935	264.284	276.952	300.468	316.155	310.917	294.276	284.261	282.409	277.058	266.441	259.706	259.218	259.562	259.987	266.219	282.469	305.157	323.697	327.065	311.224	282.387	252.879	234.372	232.121	240.919	248.402	243.956	227.187	208.253	195.815	188.704	183.733	186.525	207.197	244.74	283.586	309.179	319.563	318.904	309.064	292.047	274.751	265.223	265.032	269.891	277.768	291.299	307.536	312.613	297.499	271.474	249.911	237.701	231.348	229.795	238.262	260.071	286.525	301.241	294.499	272.732	256.434	261.859	282.382	299.286	306.141	307.395	304.645	299.526	296.08	293.229	290.118	292.824	301.787	307.506	305.586	300.609	296.328	292.074	285.446	277.321	275.258	286.069	303.891	313.451	307.319	291.435	273.907	261.105	261.064	273.951	285.175	282.106	271.176	266.333	266.839	262.3	252.288	244.091	238.4	230.371	221.662	220.043	227.115	236.933	242.603	235.863	211.078	172.757	129.57	86.7196	
116.009	164.86	199.549	217.203	220.537	211.02	193.991	184.844	195.03	215.092	228.059	232.502	238.2	251.475	270.954	286.954	291.136	290.119	296.006	305.819	304.243	286.173	266.154	260.622	266.271	267.239	260.319	255.377	254.934	253.991	255.732	268.836	292.06	314.814	329.147	330.716	316.595	291.371	266.688	252.069	249.106	251.385	249.39	236.677	215.597	197.388	190.349	191.071	192.987	199.24	219.34	253.367	286.893	305.046	306.636	299.176	287.082	272.93	263.202	263.089	269.256	274.481	277.566	283.305	290.872	289.437	272.29	248.48	232.197	227.077	226.722	226.426	231.372	249.998	279.662	304.978	310.724	296.804	282.039	286.187	307.127	326.161	331.246	322.339	304.224	286.281	276.776	272.877	269.906	272.257	282.104	292.359	297.891	299.679	296.506	283.221	259.806	238.303	235.932	258.082	289.989	309.978	309.804	296.706	280.004	266.601	264.314	273.811	282.286	277.927	264.498	253.306	247.86	245.543	246.525	250.296	250.773	243.824	235.385	234.292	239.511	242.391	236.7	220.249	194.808	165.347	132.964	95.3237	
112.103	161.888	200.664	221.544	223.516	210.316	192.324	185.491	197.717	218.187	231.57	236.746	242.714	256.626	277.742	295.247	299.778	296.38	294.153	290.283	275.863	252.77	235.488	235.142	245.817	252.946	253.326	254.374	257.18	257.994	262.757	280.53	305.078	321.9	327.561	324.792	312.373	292.624	274.044	262.94	259.348	258.001	250.975	232.512	206.778	188.375	187.586	199.112	211.24	221.705	238.04	263.465	287.846	297.288	291.222	280.645	272.122	265.463	262.022	263.311	265.804	265.19	263.3	265.774	271.767	271.261	257.578	237.676	223.607	219.115	219.113	218.528	220.81	235.757	266.609	301.523	320.449	314.726	299.558	299.33	320.072	344.569	352.603	337.084	305.864	276.661	262.199	257.458	252.13	248.043	252.248	264.744	280.963	295.792	300.299	284.494	251.454	222.882	222.294	251.822	289.073	310.055	310.623	301.381	290.546	280.731	276.009	278.679	281.829	276.401	262.254	246.591	236.778	237.61	248.833	261.577	264.204	254.774	243.112	239.337	242.91	244.285	235.115	215.251	191.904	170.617	146.216	110.337	
106.212	160.621	207.453	233.418	234.405	217.488	196.76	187.879	198.067	219.477	238.625	249.486	255.366	264.122	278.497	289.692	289.583	282.618	275.185	264.232	245.521	225.035	214.594	219.586	233.758	246.158	252.829	257.087	260.755	264.87	276.206	298.79	320.77	327.552	321.701	312.542	301.842	289.916	278.997	270.569	266.433	265.748	260.4	241.392	213.01	193.258	194.689	211.265	227.991	238.056	246.98	261.842	278.627	285.472	280.341	273.938	273.104	274.392	273.438	268.972	260.427	249.889	243.794	247.81	258.78	264.91	258.012	242.528	228.139	219.258	214.768	212.405	213.671	225.542	253.419	289.611	313.481	311.78	296.486	293.561	314.211	343.118	355.111	338.349	302.749	271.183	258.03	254.866	245.773	231.013	224.04	233.443	256.856	284.328	300.072	290.462	260.577	236.133	241.263	274.348	309.202	324.137	322.308	318.052	315.643	310.016	300.757	293.711	289.522	281.26	264.529	244.04	230.496	232.771	249.63	267.474	271.782	260.886	245.466	237.926	241.438	246.369	240.451	222.417	201.612	183.63	160.501	122.084	
100.174	160.704	216.139	247.118	247.953	228.908	205.701	193.101	199.839	222.514	248.1	264.094	268.909	272.618	280.959	285.049	277.519	265.823	258.047	249.825	235.624	221.238	216.375	223.724	238.623	253.178	261.346	263.05	263.972	271.99	292.042	318.622	334.74	329.576	311.85	295.385	285.806	283.031	281.525	275.791	270.661	272.921	275.256	263.56	238.792	218.447	215.472	225.604	236.326	240.938	243.13	250.754	264.024	273.828	275.912	277.104	282.585	287.566	285.15	273.304	254.737	236.916	229.216	236.186	252.396	264.84	264.381	253.869	241.563	231.916	225.458	221.394	220.245	226.452	244.979	271.187	288.9	287.138	275.292	274.258	293.601	321.003	334.344	322.179	293.412	269.181	261.742	261.025	249.497	227.03	210.688	214.603	238.825	271.666	294.813	294.419	275.838	262.077	273.2	305.55	334.182	342.152	338.328	338.786	343.196	339.02	322.468	303.876	290.782	277.153	255.568	231.007	216.388	220.124	239.15	259.929	268.614	261.133	245.211	235.792	240.794	249.987	247.496	231.398	211.755	193.121	166.75	124.176	
94.5826	158.912	219.646	254.45	256.62	237.25	212.413	196.857	200.9	223.21	250.059	266.359	270.85	276.44	288.323	293.101	281.266	264.682	257.789	256.747	251.204	243.074	240.883	247.159	258.22	267.828	270.529	267.085	266.415	278.454	303.483	328.378	335.909	321.947	298.37	278.22	269.312	273.309	279.474	275.719	268.719	273.388	286.089	288.514	274.097	254.232	241.031	235.958	234.976	235.691	238.814	246.967	259.677	271.155	277.912	283.136	289.166	291.526	284.518	267.702	246.621	230.594	226.971	236.671	253.605	266.855	268.914	263.251	258.429	257.419	256.897	253.072	246.738	243.529	248.258	258.252	264.391	261.435	255.181	256.708	270.378	288.993	300.215	297.085	284.274	274.219	273.47	273.585	261.504	238.112	219.099	218.254	236.38	263.329	284.11	288.431	280.166	275.153	287.563	314.457	336.783	342.707	341.611	347.124	355.313	350.058	327.106	300.463	280.976	261.694	234.207	206.575	193.774	201.176	222.624	246.36	260.924	259.193	245.062	235.587	241.962	252.634	249.749	232.592	212.247	191.713	161.769	116.71	
89.8749	153.631	215.013	252.774	258.351	239.737	213.098	195.69	198.61	218.496	240.495	252.883	259.416	273.669	296.657	309.858	300.483	281.498	272.956	275.213	275.672	271.652	270.702	275.523	280.345	279.036	272.039	266.122	269.087	284.056	305.526	320.472	318.577	302.677	283.057	266.663	259.868	266.032	273.759	269.053	259.575	264.741	285.076	301.037	297.873	278.069	253.285	233.597	224.975	229.062	242.074	257.911	271.553	280.311	285.229	288.72	290.217	286.247	274.508	257.211	241.602	235.498	240.444	252.484	266.182	274.549	273.56	269.606	273.42	285.956	296.927	296.674	286.127	273.572	264.559	259.085	255.579	253.031	251.225	251.23	254.099	259.637	266.697	273.535	279.607	286.254	292.761	293.378	282.077	261.397	242.881	236.317	242.196	254.379	265.027	268.865	266.827	266.2	275.248	293.411	310.345	319.379	326.211	338.204	348.92	343.829	321.543	296.623	277.359	254.323	220.792	189.896	178.874	190.295	215.127	242.214	260.846	262.005	248.69	239.472	245.392	253.312	246.243	226.127	204.746	183.136	151.376	106.101	
84.1667	143.94	203.606	245.186	256.793	240.065	211.061	191.874	194.598	211.713	227.083	234.954	244.614	267.196	298.834	320.435	318.769	303.237	293.364	294.176	294.949	290.482	288.525	292.432	292.333	280.898	266.636	263.604	274.714	291.482	303.702	304.522	293.8	279.271	267.665	259.525	257.33	263.354	267.875	260.089	248.722	252.377	272.961	293.185	295.21	274.857	243.244	217.469	209.955	223.212	249.295	275.351	291.553	296.628	296.741	296.218	293.021	284.265	270.175	254.553	245.192	248.081	260.35	274.815	286.198	289.346	282.416	274.99	281.247	302.139	322.686	328.428	318.843	301.887	283.01	266.585	258.704	259.604	261.179	256.861	248.178	242.224	245.668	259.346	278.37	296.469	308.784	311.773	303.073	284.959	265.7	252.569	246.265	244.248	245.039	247.729	250.63	253.365	258.063	265.777	275.028	284.962	297.871	314.99	328.995	329.668	318.15	304.826	291.819	268.806	233.194	201.716	191.386	203.102	227.982	255.217	272.8	271.95	258.448	250.412	254.021	254.972	241.359	219.137	199.037	178.881	147.386	102.387	
76.5375	131.451	189.847	236.182	254.557	240.34	209.284	188.035	190.369	206.073	217.923	223.511	234.256	258.27	289.995	315.037	323.319	318.539	313.476	313.677	310.728	299.837	291.959	293.173	290.462	274.638	259.263	262.2	281.238	299.172	303.512	293.63	277.084	263.727	257.486	255.506	256.881	261.671	262.571	253.038	241.405	242.254	256.908	272.547	274.099	254.722	223.248	199.002	196.947	219.113	255.551	290.747	311.892	316.842	314.073	310.726	305.614	295.338	279.45	261.845	251.551	255.527	270.607	288.303	301.697	304.367	293.885	280.796	282.287	302.103	325.519	336.596	332.288	316.788	294.13	273.536	267.273	274.348	279.322	271.553	255.615	243.802	244.967	258.829	278.18	295.724	308.455	314.851	310.919	295.66	276.509	261.876	252.688	246.059	242.689	245.163	251.652	256.769	257.139	254.042	252.335	256.166	267.025	284.006	301.598	313.138	318.127	319.636	315.545	298.873	270.913	246.259	237.126	243.946	261.983	282.535	292.701	286.261	272.997	267.461	267.973	260.543	241.137	219.428	203.311	187.105	157.685	112.121	
71.7126	122.823	180.08	228.884	251.254	240.033	210.057	188.373	189.885	205.673	218.483	223.97	231.284	248.423	273.648	299.17	317.755	327.268	331.973	334.03	325.602	304.369	286.7	283.152	279.978	265.635	253.207	259.752	280.838	297.512	297.818	284.736	269.541	261.218	259.586	259.214	258.489	258.574	256.235	247.356	237.019	235.413	244.126	255.15	257.47	242.604	214.626	191.587	190.829	216.167	257.86	299.683	327.318	336.924	335.858	332.015	326.151	314.881	295.931	272.749	256.254	256.206	271.099	291.117	306.967	311.533	301.677	286.224	282.386	296.805	318.132	331.677	332.327	320.487	299.596	282.528	283.202	296.973	304.286	295.027	277.305	264.442	262.619	269.178	277.729	284.842	292.339	300.21	301.156	290.799	276.811	269.243	268.002	266.828	265.157	267.566	273.592	276.099	269.507	256.122	244.081	239.547	244.026	257.14	275.997	295.583	312.398	324.674	330.451	327.321	316.315	304.317	297.213	296.916	304.29	313.711	313.486	301.138	288.53	284.75	282.181	269.659	249.146	230.152	217.481	204.879	178.223	131.559	
74.8538	123.153	176.55	222.213	244.904	239.54	217.989	201.067	202.563	218.596	233.909	239.07	238.754	244.107	261.13	287.095	313.615	332.933	343.84	346.128	332.664	303.683	278.922	272.247	271.035	261.212	251.412	255.917	271.706	283.297	280.966	269.921	263.184	266.241	271.661	270.755	264.32	258.012	252.902	245.606	237.303	234.825	240.813	251.248	257.854	249.497	223.947	197.038	190.193	211.95	253.886	298.43	330.513	346.588	351.744	350.494	344.045	331.684	311.981	287.38	268.171	265.442	278.601	295.466	305.705	306.566	298.355	286.625	282.996	293.407	310.954	324.69	328.543	320.072	303.227	292.855	300.713	318.396	326.606	318.359	302.863	290.658	284.543	281.655	278.277	274.429	274.613	279.555	281.698	276.702	271.47	274.28	283.373	290.881	294.605	298.188	301.201	296.905	281.093	258.754	239.887	230.692	231.912	242.252	258.223	275.104	290.946	306.58	322.63	336.628	343.874	343.14	337.822	333.276	333.404	333.965	326.181	311.22	300.035	296.384	291.48	279.023	262.24	245.72	232.526	220.118	195.189	147.884	
83.1655	129.211	176.03	214.074	234.964	238.591	232.447	226.848	231.436	247.282	262.679	265.126	256.324	250.69	260.737	285.934	313.981	332.942	341.211	340.568	326.35	299.027	275.595	269.413	270.398	264.06	254.913	254.92	263.583	269.56	265.257	257.189	258.653	270.971	280.88	279.164	270.665	263.797	260	255.386	249.462	246.837	250.205	258.9	267.711	263.639	238.973	207.163	192.655	208.286	246.997	289.442	320.62	340.307	352.991	357.359	352.245	340.962	325.878	307.841	293.143	291.63	301.869	308.257	301.758	290.273	283.06	281.206	283.585	290.384	301.294	313.814	321.931	318.095	304.171	295.31	302.544	318.823	328.76	326.106	316.005	304.991	296.082	289.309	282.406	274.633	269.369	267.806	265.794	262.437	263.24	272.387	287.188	301.083	310.505	315.89	316.249	307.017	286.224	260.047	238.629	228.082	228.839	237.273	246.192	250.704	255.058	267.832	291.481	318.308	336.387	341.042	338.061	335.798	336.661	334.983	325.12	311.388	302.817	299.364	293.616	283.659	271.166	254.969	237.903	222.526	197.563	150.684	
89.5583	135.657	178.297	209.381	226.909	236.867	244.943	252.933	264.255	280.294	292.352	289.851	275.224	263.715	269.158	290.53	312.602	322.649	322.749	319.795	312.011	296.345	280.955	275.361	274.17	267.554	259.581	259.784	267.095	271.848	267.988	261.421	262.922	271.976	277.44	275.11	272.025	273.349	276.185	275.888	272.423	268.419	265.836	268.155	274.651	272.04	249.229	217.281	200.157	211.446	244.945	281.259	306.955	325.999	343.969	354.622	352.565	343.417	333.991	324.668	317.755	320.49	328.438	322.144	296.149	271.643	267.895	279.872	289.623	289.444	288.816	298.334	312.676	315.791	302.851	287.537	284.381	294.163	307.138	313.938	311.816	303.909	296.316	292.749	290.827	286.876	281.179	274.285	265.557	258.672	259.707	270.557	288.019	305.659	317.119	320.224	316.455	306.389	289.609	268.891	250.185	238.736	236.584	239.824	238.769	229.047	220.6	227.458	251.424	279.902	298.403	304.22	306.33	312.693	321.102	323.178	315.445	304.629	299.149	297.147	291.439	281.876	269.94	252.748	233.025	215.018	188.897	142.68	
91.7865	141.586	186.041	214.283	226.804	235.432	248.734	265.765	283.835	299.85	306.492	298.545	281.812	270.598	275.836	293.69	307.671	307.542	301.017	299.926	303.197	301.588	293.075	283.344	273.718	263.452	259.62	268.135	282.629	291.59	289.826	281.398	273.395	267.738	263.068	262.407	269.92	282.026	290.789	293.268	291.044	284.258	274.775	271.354	277.022	277.221	258.472	230.514	215.573	225.135	252.235	279.366	297.262	313.493	333.914	348.708	348.243	338.38	330.031	325.57	325.352	333.065	340.225	325.895	289.688	261.334	263.923	286.507	299.721	291.769	281.271	289.488	310.964	321.45	308.443	283.675	267.087	268.102	281.325	294.394	298.942	296.293	294.166	297.094	302.362	305.534	304.393	296.803	283.015	270.824	269.691	281.896	302.31	320.988	328.222	322.637	311.881	303.241	296.627	287.846	275.581	263.696	256.955	253.074	242.59	222.834	206.04	206.012	222.297	241.958	254.22	260.63	270.317	287.189	304.388	312.152	308.603	301.941	300.692	301.428	294.489	279.778	263.055	245.406	227.886	210.314	182.282	134.89	
91.7252	145.964	195.124	224.033	232.243	235.025	245.583	264.59	285.222	298.925	299.263	286.799	270.759	264.488	275.242	294.979	306.008	301.489	294.032	297.581	309.06	314.123	305.351	287.439	267.436	252.837	254.497	275.166	301.688	317.702	316.892	302.154	279.93	258.241	246.116	250.342	268.355	286.973	295.84	296.943	294.291	285.567	273.341	270.584	280.777	286.281	272.374	249.485	239.204	249.831	270.887	286.459	294.127	305.592	325.237	339.964	337.405	323.67	313.691	312.701	318.587	329.643	335.222	318.533	284.042	260.01	264.799	286.331	297.66	289.651	282.752	298.218	327.999	343.72	329.334	297.155	271.739	265.58	273.255	282.538	286.651	288.575	294.672	305.306	316.128	324.295	327.307	320.576	304.024	288.615	287.655	303.54	326.516	341.664	339.197	322.934	306.951	302.022	305.533	306.403	299.16	289.063	282.506	276.143	260.688	236.151	215.304	208.905	214.662	222.769	228.609	236.979	253.949	277.642	298.732	309.4	310.364	310.225	315.746	319.912	309.124	284.194	259.118	241.908	229.904	214.322	182.994	131.909	
90.3611	145.351	196.909	228.407	236.92	236.677	243.108	259.631	278.12	287.229	282.207	267.639	253.971	253.503	271.185	295.962	309.582	307.305	302.721	308.347	319.491	321.894	309.331	287.06	262.976	247.075	252.172	280.483	315.916	337.72	336.218	313.684	279.749	249.147	235.623	244.418	267.589	287.219	293.172	291.904	289.189	281.302	271.666	274.096	289.286	298.117	288.541	272.559	269.619	283.926	300.671	304.543	299.981	303.03	316.547	325.823	318.474	301.592	292.937	298.779	312.027	324.198	325.527	308.175	280.244	261.097	260.2	270.188	277.46	279.03	288.788	318.239	355.354	372.581	356.12	321.658	295.423	286.274	284.823	281.542	277.484	281.285	296.817	316.492	331.357	339.454	340.213	330.268	310.836	294.833	297.369	318.779	342.862	351.095	338.143	315.243	299.539	299.728	308.524	311.344	304.638	298.258	297.838	294.94	279.456	254.673	233.635	224.137	223.152	224.197	227.261	238.743	260.761	285.739	303.941	312.704	316.95	324.072	335.777	340.574	323.619	288.961	257.758	242.194	234.756	219.22	183.349	128.562	
89.3652	140.381	189.755	224.11	238.301	241.208	246.241	258.532	271.729	276.281	270.02	257.898	247.592	249.329	267.97	293.327	308.937	310.124	306.777	308.503	313.01	311.606	301.333	285.578	268.076	256.131	261.534	287.667	321.527	343.19	340.261	313.791	276.979	248.07	238.044	246.903	266.524	282.515	287.146	287.109	286.968	282.633	278.173	284.962	299.877	306.682	300.611	294.103	300.233	318.415	332.362	327.97	313.35	306.471	309.896	310.755	299.231	282.657	278.572	292.304	312.102	323.846	319.35	299.853	276.939	261.31	254.158	253.01	257.256	269.215	294.576	333.945	372.647	388.151	372.726	343.774	323.385	313.69	302.303	284.124	269.419	273.392	297.766	326.864	345.229	349.269	341.603	324.332	301.597	286.027	292.039	317.703	342.004	344.891	326.293	302.864	290.6	293.115	300.257	298.952	290.047	286.47	291.451	292.489	280.397	261.003	245.568	238.709	237.347	237.092	240.11	253.792	277.934	300.791	312.634	316.421	321.725	333.117	344.883	343.251	318.611	280.401	250.778	239.274	233.714	215.463	175.57	120.157	
92.2324	136.984	180.206	215.313	236.86	246.719	252.849	260.388	267.275	269.656	267.673	262.473	255.506	254.307	266.068	285.233	298.475	299.274	292.315	286.286	285.27	287.161	288.446	286.709	280.98	275.665	279.57	296.172	318.249	332.061	326.314	301.561	272.663	255.965	253.216	257.178	264.351	271.688	276.688	282.008	287.09	287.42	287.389	295.018	304.917	306.303	302.327	304.772	318.922	339.539	351.629	343.906	325.317	312.624	308.6	303.972	291.72	277.621	276.457	292.869	314.449	324.671	315.419	293.241	273.305	262.308	255.492	250.539	252.812	268.694	300.495	342.131	377.521	390.794	381.012	362.897	349.457	337.64	316.531	285.902	261.91	263.784	292.734	328.923	351.16	351.887	336.404	313.636	289.871	274.327	279.238	303.513	326.72	329.223	312.577	293.688	284.752	284.807	284.698	276.908	265.316	261.414	266.318	268.701	263.018	255.026	250.833	251.156	253.298	254.399	257.266	269.815	291.951	310.989	317.223	316.659	321.885	334.137	340.496	327.854	296.35	260.872	238.704	232.177	226.239	204.159	161.917	108.825	
99.3816	139.148	175.824	209.677	236.778	253.471	261.42	264.671	266.492	269.635	274.866	277.471	272.394	265.143	266.681	277.466	286.494	284.102	271.059	257.812	255.61	266.141	280.713	289.843	291.363	290.35	293.127	301.167	310.347	313.009	302.261	281.503	266.898	269.007	276.603	273.887	263.503	257.779	262.102	273.321	283.121	286.076	287.423	293.862	300.126	298.799	296.362	304.271	323.603	345.159	354.868	345.641	327.794	315.854	311.817	308.485	299.671	288.317	285.884	297.807	315.255	322.887	311.713	288.992	271.281	264.52	261.226	256.847	257.607	273.242	307.333	350.7	384.806	397.594	392.739	381.486	369.999	354.61	328.122	291.815	261.113	255.76	280.014	316.646	342.276	344.54	328.361	306.358	285.103	269.33	268.786	285.847	305.93	312.028	303.189	291.48	284.778	279.911	271.09	257.292	243.413	237.084	239.023	242.513	245.206	250.005	257.11	264.039	268.845	270.336	271.12	278.372	293.829	308.08	312.419	311.97	318.515	330.481	331.315	310.823	277.407	247.969	232.874	228.55	220.296	194.787	151.504	100.969	
107.312	146.027	180.342	214.091	245.132	267.282	276.879	276.053	273.003	276.307	286.477	293.976	289.294	276.49	269.61	274.263	281.161	277.907	262.155	245.201	242.729	258.045	277.914	288.988	291.257	292.497	297.363	304.087	307.577	302.328	285.998	267.552	265.735	285.502	303.59	295.944	269.364	249.508	249.885	262.842	273.073	274.849	275.961	284.532	295.65	299.701	300.115	308.758	327.917	346.764	351.542	339.895	324.672	317.706	318.391	320.003	316.811	309.095	304.344	308.411	317.952	321.89	311.059	289.975	272.634	264.903	261.03	256.981	258.166	274.893	312.389	360.63	397.951	411.134	404.549	389.356	373.151	356.754	335.314	305.349	273.898	257.844	267.953	296.001	321.49	328.483	317.43	299.557	281.809	267.465	263.661	273.802	289.352	298.221	297.069	291.72	286.456	278.087	264.413	248.748	234.98	227.149	227.379	233.144	242.303	254.351	266.516	275.115	278.76	277.664	273.813	272.908	279.828	291.307	299.681	304.942	314.049	324.133	320.744	298.686	269.796	248.02	237.44	232.414	221.339	194.131	151.077	101.684	
113.905	154.606	190.322	225.837	261.046	289.44	302.067	297.105	286.221	283.88	292.318	300.438	296.407	282.123	271.673	273.198	279.933	279.817	267.961	252.46	248.082	259.062	273.421	280.243	282.781	289.318	301.179	312.784	317.141	309.135	289.511	271.503	275.5	303.217	325.75	315.58	280.457	250.81	244.43	253.333	260.411	260.988	265.231	282.583	306.684	321.898	325.225	328.648	339.256	349.798	349.524	339.269	330.794	330.098	332.775	334.555	334.18	331.395	327.765	325.965	327.058	326.454	316.778	298.19	278.671	263.71	253.503	248.646	252.988	273.1	313.233	363.896	402.462	413.295	399.155	373.471	350.539	337.822	331.058	318.547	294.969	271.846	266.662	282.239	303.881	313.719	306.078	289.024	272.382	262.15	262.194	270.911	280.922	286.335	286.615	284.767	281.905	274.729	263.418	252.486	242.969	236.301	236.636	243.427	252.645	262.564	272.087	278.445	279.52	275.027	265.857	257.169	258.341	272.219	289.708	302.578	312.141	316.95	308.637	287.573	265.601	251.471	244.501	238.89	226.389	199.59	158.149	109.122	
118.991	160.713	196.361	232.524	272.331	309.283	328.285	321.455	301.57	288.758	289.805	295.649	293.936	283.441	274.416	273.931	278.856	281.916	277.841	268.523	262.531	263.869	266.838	267.781	272.638	287.02	307.282	324.573	331.578	324.747	306.747	290.46	293.329	315.649	332.286	321.056	288.466	258.296	245.93	247.814	252.227	256.058	267.663	294.429	328.568	351.465	355.54	350.837	348.406	349.259	349.79	350.773	355.835	361.242	359.394	352.098	347.436	347.925	348.547	344.792	339.002	333.905	326.309	312.094	291.016	267.031	247.886	240.936	248.559	271.55	310.512	355.873	387.11	390.212	368.014	335.506	311.343	306.657	316.603	323.519	313.128	291.649	279.288	285.869	301.665	308.845	298.515	277.796	260.484	256.001	264.545	276.103	279.593	274.829	269.589	268.658	269.463	266.845	262.127	259.565	257.438	255.379	257.835	263.125	265.013	264.115	265.594	269.684	271.9	268.271	257.391	244.96	245.175	265.15	292.133	309.622	315.773	313.018	299.034	278.081	261.474	253.808	250.414	244.648	230.589	203.744	163.916	115.727	
120.369	160.658	193.565	228.381	270.975	314.378	339.538	334.314	310.393	290.394	285.278	289.519	291.779	287.885	282.153	278.712	278.985	282.624	285.215	282.483	276.086	269.286	262.61	258.699	264.248	281.929	305.436	325.018	334.201	331.83	321.341	310.319	308.606	316.755	320.972	310.632	289.556	267.739	253.58	250.051	254.356	263.919	280.881	307.809	338.378	358.856	362.655	355.549	346.959	344.526	352.657	370.369	390.62	400.674	391.872	372.122	358.063	356.451	358.527	353.044	341.543	333.105	329.665	323.557	305.537	276.089	248.885	238.121	246.645	270.841	306.027	340.469	357.599	349.8	322.882	292.019	275.655	283.344	307.306	328.061	330.519	318.273	307.66	307.637	312.371	309.493	292.942	269.939	254.379	255.927	272.015	286.322	283.648	267.916	255.442	253.395	255.048	253.754	252.977	257.552	264.577	271.854	280.466	284.346	275.61	259.866	250.945	253.404	260.127	262.174	255.196	244.777	247.434	272.432	304.758	322.887	323.594	313.01	293.653	272.809	261.786	261.3	261.381	253.351	234.023	203.531	163.678	117.159	
115.813	154.941	186.906	220.855	261.7	302.239	325.946	322.773	302.571	285.179	281.557	288.082	294.846	296.118	291.946	285.605	283.332	288.199	293.554	291.457	282.804	272.711	263.734	258.377	261.508	275.378	295.172	312.294	321.412	323.946	323.021	318.478	311.791	305.926	299.965	293.191	285.285	273.863	261.968	258.102	265.101	278.096	292.834	308.769	323.965	334.526	339.687	340.886	339.799	343.214	359.842	388.041	414.986	425.535	413.145	387.748	366.887	358.402	354.05	341.788	323.769	313.095	314.866	318.528	307.833	279.395	249.321	236.472	245.939	271.717	303.156	326.008	329.418	313.291	285.722	261.41	258.081	281.221	316.884	345.055	356.432	355.765	350.596	341.826	327.627	308.27	286.111	266.47	256.956	263.562	282.491	296.185	289.25	268.39	253.179	249.473	247.092	241.096	239.603	248.862	265	283.532	300.924	306.329	290.478	262.807	243.949	242.646	251.141	258.239	258.072	254.169	260.555	286.558	319.129	336.355	332.554	314.53	289.832	270.246	266.856	275.126	278.637	266.427	238.715	201.415	159.619	114.745	
108.981	148.982	183.256	217.145	251.367	279.631	293.627	290.774	279.519	273.215	278.382	290.1	299.097	300.622	295.758	291.004	294.823	305.476	309.265	299.266	284.774	276.414	273.705	272.045	272.818	280.44	293.199	303.588	308.091	311.142	314.952	312.976	301.805	287.963	278.924	277.123	277.497	272.089	264.054	265.336	277.698	290.345	295.741	295.615	294.258	296.376	306.887	323.994	339.569	353.157	372.674	397.433	416.261	419.883	407.488	386.853	367.631	353.127	337.828	315.077	290.423	278.352	283.457	292.997	288.994	267.393	243.531	236.224	251.569	281.302	309.246	321.677	316.209	297.937	272.583	253.429	260.309	296.65	341.425	372.37	386.781	393.936	393.928	376.965	343.306	307.793	283.257	271.479	270.128	279.256	294.751	302.523	292.332	273.122	261.404	258.012	251.066	239.454	235.933	247.032	267.052	290.902	314.768	326.176	312.801	282.056	256.159	247.56	251.555	258.937	264.124	267.051	275.902	298.811	327.922	344.383	338.86	315.873	287.275	269.044	271.223	285.683	292.627	278.857	245.146	201.195	155.912	111.105	
108.154	150.746	187.565	219.857	245.353	259.923	263.197	259.722	257.389	263.289	277.82	292.55	298.301	294.435	288.566	292.047	310.047	329.19	328.421	307.527	288.672	287.225	296.101	301.445	301.692	304.135	309.336	310.678	307.397	305.971	306.774	300.787	285.008	268.909	261.962	264.369	267.613	264.055	260.293	269.507	288.218	298.348	291.729	276.415	264.156	264.812	284.721	318.703	350.893	372.424	387.166	396.166	395.186	385.634	373.712	363.121	352.514	338.429	317.566	289.387	263.054	252.663	259.799	269.889	267.936	253.685	241.125	245.616	271.57	306.828	330.376	332.408	321.016	304.359	282.127	264.345	273.837	315.473	364.888	396.656	409.916	418.321	420.602	399.89	355.839	313.434	293.306	292.716	299.233	306.997	312.647	309.13	295.095	280.788	275.271	273.28	263.725	249.066	243.234	250.887	265.545	285.811	313.309	336.572	337.259	314.315	286.298	269.06	264.472	267.98	274.133	278.704	284.684	299.776	322.004	337.082	333.436	312.261	285.301	267.96	269.41	284.308	295.694	287.475	255.326	208.484	159.219	111.604	
118.027	165.814	204.551	233.292	251.108	256.925	253.31	247.497	248.258	259.923	277.861	290.037	288.034	276.881	271.494	285.607	317.327	342.214	337.162	311.811	297.275	307.218	326.818	337.208	336.868	334.829	332.58	325.477	315.697	308.892	302.176	287.812	267.4	251.895	248.102	252.644	256.416	254.657	256.333	273.262	297.109	305.142	289.184	262.672	244.267	246.629	273.754	317.383	358.912	384.074	391.273	382.55	361.99	340.965	329.809	327.875	326.632	319.216	303.397	280.786	261.245	257.796	269.255	279.13	275.378	262.787	256.32	269.478	304.366	343.677	361.707	352.367	333.089	315.808	296.063	279.211	287.143	326.423	375.249	408.252	421.453	427.758	428.04	405.395	360.056	322.041	314.37	328.134	341.887	345.295	337.626	321.204	303.931	294.942	293.699	290.024	276.537	259.066	249.217	248.521	252.48	266.278	297.622	335.823	356.449	348.383	323.236	298.799	285.049	283.031	286.074	285.499	281.634	283.9	296.101	309.06	311.106	299.137	279.072	261.8	258.194	271.092	289.224	292.876	270.06	226.56	175.478	122.724	
133.541	189.369	231.071	256.411	268.663	270.114	262.075	250.763	247.197	256.572	271.537	278.161	269.878	255.551	252.691	273.785	311.671	337.635	331.832	311.595	308.767	328.959	351.665	360.541	358.119	353	345.141	332.109	318.907	308.959	295.788	274.346	251.88	239.271	238.456	243.477	247.569	249.255	256.8	278.544	304.675	312.898	294.495	263.422	241.495	241.976	265.688	304.583	344.341	370.376	375.225	359.069	331.455	309.184	301.842	304.668	308.083	307.607	302.483	292.794	285.395	291.3	308.354	319.326	312.979	296.705	287.593	299.994	335.453	373.992	386.929	368.085	338.704	315.993	297.624	285.261	294.188	328.767	372.544	405.328	420.184	424.72	420.998	396.787	354.98	326.415	332.765	360.36	381.622	382.678	365.401	340.403	321.937	316.364	315.203	305.927	286.366	265.614	251.796	243.705	240.22	251.065	285.414	332.864	367.905	373.207	352.168	321.872	299.816	292.81	292.408	285.283	270.253	259.561	262.493	274.598	284.218	282.489	267.851	248.625	240.463	253.357	278.644	293.637	282.111	246.803	198.152	141.15	
142.749	205.704	251.128	275.219	284.436	283.703	272.768	256.233	246.98	251.835	262.654	265.871	257.016	244.952	244.536	266.134	302.542	327.182	324.364	313.437	320.689	342.935	358.819	360.095	355.347	350.721	341.449	325.317	310.064	298.802	283.09	259.769	240.12	234.01	238.069	244.448	249.748	254.923	265.343	286.132	310.659	321.592	308.636	280.881	258.087	251.865	261.367	282.906	311.416	336.152	345.219	334.97	316.012	305.011	306.46	311.484	313.442	314.298	316.467	318.008	320.746	331.982	349.998	360.16	352.613	334.226	320.364	324.051	348.775	379.624	390.218	369.706	334.394	305.224	287.698	283.209	297.967	330.109	366.541	393.603	404.901	404.884	397.813	377.094	345.052	326.532	340.607	375.513	403.954	409.446	393.057	367.581	348.674	341.707	336.639	321.701	298.2	276.565	261.964	252.11	248.522	260.497	293.712	338.946	375.76	385.938	365.638	329.496	300.509	290.347	289.598	281.078	261.368	244.305	243.357	257.056	272.516	275.938	261.85	239.691	229.181	242.468	270.066	288.609	282.603	253.967	209.722	152.45	
138.821	203.939	251.946	277.194	286.424	286.124	276.413	260.895	252.087	257.27	268.787	274.13	268.923	258.87	255.526	270.214	299.909	322.433	324.302	321.552	332.227	348.287	352.76	345.775	339.772	338.114	331.281	315.148	298.536	285.972	269.26	246.458	231.799	234.936	247.749	259.546	268.609	276.461	285.136	299.144	318.849	333.465	329.909	309.63	287.529	273.404	267.108	270.104	285.223	306.251	320.392	322.097	320.598	328.122	341.873	349.299	347.162	343.374	344.213	348.065	352.699	360.855	372.102	377.711	371.334	357.33	343.548	336.34	342.344	359.452	369.723	356.322	324.401	294.11	279.21	283.579	306.15	338.427	367.403	382.828	381.061	369.647	359.71	350.079	336.421	329.645	344.525	377.516	409.289	423.914	418.619	400.931	382.669	370.764	360.037	341.697	317.641	297.208	283.76	275.615	275.574	289.298	317.47	353.058	382.651	390.036	367.336	327.159	294.668	283.598	285.091	280.502	263.145	246.271	246.5	263.78	282.834	287.668	273.368	250.602	238.7	248.383	269.694	281.421	271.408	242.451	200.307	146.44	
127.906	192.077	242.538	270.706	281.17	282.365	277.12	268.008	264.965	275.898	295.618	310.818	311.582	298.033	282.568	283.076	302.632	322.775	330.362	334.718	344.457	350.945	345.485	333.882	327.971	329.31	327.11	314.796	298.966	284.64	265.122	240.147	227.526	238.904	262.797	284.35	300.687	311.56	315.919	320.159	332.778	348.695	352.206	338.059	316.777	298.156	284.114	277.594	283.359	298.78	314.431	325.867	339.784	362.643	386.438	397.515	393.99	384.527	377.54	374.872	373.401	371.994	371.648	370.208	365.389	359.113	350.898	338.251	328.447	331.231	339.054	333.697	311.8	289.08	281.626	294.416	322.499	353.823	374.769	376.371	358.74	335.612	325.438	330.12	336.542	340.382	351.301	374.904	403.221	424.605	433.231	428.725	416.068	402.699	388.625	368.032	342.689	321.194	306.968	299.369	300.847	313.326	334.71	360.799	382.802	385.995	362.262	323.923	293.996	283.965	286.916	286.219	272.277	256.555	259.031	281.176	304.558	311.889	300.354	280.45	267.886	270.406	278.603	275.842	255.388	221.734	179.843	130.555	
120.722	186.307	242.426	274.951	284.232	282.196	277.21	271.498	271.919	288.507	320.855	352.631	362.392	342.601	310.247	293.51	302.24	321.132	336.28	348.446	356.3	352.564	338.502	324.687	320.665	326.537	331.696	326.834	314.572	299.617	277.089	248.069	233.483	248.402	280.342	310.993	335.017	348.872	348.372	342.108	345.311	357.719	363.491	353.695	335.69	320.186	310.06	304.181	303.995	311.145	323.328	337.945	357.607	384.36	410.083	423.796	423.046	411.938	397.906	387.247	378.662	368.269	357.104	347.546	340.657	338.164	336.813	328.875	317.195	313.008	315.154	311.214	298.661	288.972	293.123	312.708	341.05	366.273	376.644	366.991	342.715	320.558	318.105	334.439	350.932	356.109	357.635	367.173	385.228	405.382	422.051	430.305	429.122	423.012	412.339	392.182	364.834	339.963	322.821	313.586	312.974	320.242	333.619	352.507	370.094	371.571	350.659	320.422	298.41	290.442	291.71	290.177	275.905	259.189	262.714	289.678	318.869	330.897	324.216	309.488	298.83	295.576	290.167	272.317	242.883	207.779	168.284	122.407	
119.556	189.63	253.501	290.25	294.928	282.976	269.783	259.63	257.917	276.56	319.072	366.052	385.753	364.291	321.645	292.719	293.385	312.986	336.84	357.173	364.678	353.521	332.078	315.141	312.47	323.667	337.085	340.485	333.772	322.032	301.655	272.855	256.203	268.96	300.304	331.97	358.03	372.349	367.412	351.889	344.651	350.063	355.374	350.673	340.675	336.148	338.41	338.675	333.097	328.526	331.565	341.744	357.456	378.128	398.544	412.057	415.65	407.996	393.107	379.268	367.615	353.23	336.031	319.933	307.703	302.723	305.414	308.928	308.822	307.809	305.505	298.581	291.419	293.167	306.962	328.724	350.916	364.14	361.987	347.168	330.621	325.364	338.093	360.573	374.638	371.509	359.922	353.088	355.43	365.271	379.992	394.622	405.336	412.447	413.073	400.94	377.735	353.173	334.129	322.362	317.761	317.877	322.041	333.456	347.564	349.634	334.114	313.235	299.233	293.064	290.61	283.759	265.581	247.067	250.747	279.991	312.837	328.752	326.926	319.013	314.153	310.135	296.862	270.94	240.06	209.512	174.375	128.655	
118.248	190.651	258.042	295.944	296.008	274.204	250.072	232.159	227.342	246.744	292.769	344.624	369.4	352.974	313.527	283.363	280.986	301.994	332.337	359.072	370.423	361.355	339.238	318.073	310.34	319.047	333.638	341.229	340.731	336.927	326.17	305.946	291.85	299.447	321.09	343.211	363.323	375.273	368.06	346.844	330.615	328.505	332.716	333.135	331.89	339.236	354.538	362.389	353.704	338.007	329.241	330.867	339.556	352.748	367.156	379.192	386.085	383.742	372.476	359.093	346.448	331.291	313.219	295.148	279.202	270.442	275.012	289.593	303.344	309.54	307.621	301.44	299.225	306.723	321.262	336.218	345.586	343.955	331.511	318.708	318.532	335.231	362.179	386.01	394.112	383.615	362.465	341.267	326.569	321.691	327.386	340.244	356.539	374.553	388.944	391.489	380.748	362.851	344.037	328.926	320.043	314.769	311.668	315.832	326.492	330.699	320.794	305.345	294.69	289.346	284.062	271.506	249.272	230.123	233.202	260.179	291.177	307.551	309.358	308.301	310.433	309.18	295.123	270.186	244.707	220.64	187.565	138.193	
112.364	180.876	243.68	278.72	278.071	254.18	225.07	203.493	199.553	220.783	264.234	310.094	332.865	323.921	297.298	275.841	275.251	295.744	326.357	355.47	374.871	378.895	365.744	341.877	321.803	315.742	319.839	325.007	329.401	334.748	336.4	329.817	323.472	327.636	337.566	346.562	357.701	366.942	360.428	337.643	315.548	307.717	310.701	313.217	315.116	327.285	349.668	364.189	357.382	337.306	321.639	318.662	325.356	336.592	348.55	358.539	364.597	363.544	354.369	341.127	327.432	313.097	297.632	281.149	264.664	255.249	262.39	283.652	304.281	314.32	316.242	317.622	323.589	332.406	337.521	335.343	326.548	312.174	296.992	292.723	308.282	339.369	372.438	395.026	401.122	391.341	370.069	343.426	318.889	303.287	299.126	304.433	317.461	337.383	359.027	373.391	375.379	365.705	347.737	328.747	316.694	310.882	306.906	307.814	315.935	321.666	315.171	301.479	292.126	289.361	284.814	269.296	244.427	224.864	225.715	246.808	272.112	286.767	290.829	293.65	298.841	299.235	287.345	266.995	247.412	226.813	192.174	138.339	
104.629	164.997	218.426	248.898	250.998	232.146	206.077	187.63	188.315	210.858	247.717	282.742	299.989	297.226	285.416	277.053	280.134	295.732	318.863	345.347	372.687	392.507	391.995	368.787	337.082	313.234	302.293	301.505	308.016	318.91	328.518	332.282	333.709	338.305	343.126	345.875	352.53	361.026	357.17	336.773	314.223	304.642	305.975	305.717	303.623	312.803	334.956	351.79	348.266	331.283	319.348	322.143	335.326	350.365	361.404	365.668	363.653	356.988	346.45	333.798	322.348	313.276	303.397	288.68	271.125	261.409	269.346	290.624	310.103	320.101	326.569	337.625	352.756	361.348	353.033	329.726	302.929	282.731	275.088	284.556	311.013	345.663	376.282	394.861	399.837	394.151	380.707	361.498	340.876	324.302	314.144	310.215	313.484	325.443	343.213	359.062	366.069	360.846	343.697	322.794	310.283	307.833	307.773	308.42	312.955	316.32	310.21	299.074	295.622	301.552	303.179	287.682	259.467	236.559	233.117	248.069	268.523	282.691	288.839	292.212	295.782	295.152	283.866	264.042	243.88	221.644	184.7	129.723	
100.49	154.374	201.209	229.159	233.568	219.14	198.399	186.53	192.681	214.943	244.271	269.128	280.917	282.246	282.838	286.627	291.852	298.268	308.791	328.703	359.046	387.426	394.684	374.629	339.852	307.732	288.2	283.09	289.27	301.225	312.687	319.434	323.658	329.748	336.052	341.398	350.835	362.232	363.139	349.559	333.281	326.356	325.23	318.39	308.391	310.319	325.994	337.81	333.807	323.548	324.016	340.297	363.728	382.708	389.642	382.816	368.343	354.999	345.373	338.252	335.603	337.716	336.255	322.493	300.815	286.194	287.988	301.252	314.594	323.68	333.472	349.625	369.104	377.096	360.196	323.368	286.975	269.359	275.576	300.009	333.263	365.359	388.663	399.788	400.246	396.308	392.689	388.29	381.131	371.729	361.384	351.135	343.151	341.295	347.251	356.908	362.816	358.672	343.06	323.6	312.356	311.818	313.482	312.467	311.737	310.642	304.454	297.839	302.967	320.108	330.955	317.582	284.521	254.903	246.335	257.672	277.066	294.141	303.967	307.075	307.385	304.681	291.858	267.288	240.087	212.846	174.828	121.826	
103.034	156.441	204.23	233.741	237.647	221.449	201.844	195.007	206.101	228.813	252.774	269.229	275.19	277.912	286.861	299.07	304.216	300.958	299.704	312.871	341.339	369.034	376.746	360.432	331.371	303.335	284.566	277.263	280.114	290.2	301.836	309.254	313.403	318.46	324.417	332.772	348.405	366.613	374.415	369.084	361.021	357.888	354.263	341.314	324.026	317.087	322.06	324.459	318.005	314.868	327.674	354.568	383.208	400.887	399.869	381.828	360.252	348.999	348.355	352.012	360.423	373.651	379.881	366.843	340.317	318.079	309.403	310.837	316.283	323.273	332.287	345.598	362.191	370.034	355.061	320.206	286.561	275.241	290.807	323.012	358.526	386.89	403.076	407.783	405.731	404.575	408.923	415.919	420.201	419.073	412.56	400.862	384.781	369.697	363.256	366.717	371.972	368.756	354.427	336.179	323.673	319.531	318.289	315.941	314.772	314.831	311.493	307.139	312.956	331.962	347.339	336.974	301.133	265.79	253.903	265.311	287.8	311.095	326.459	329.277	324.727	317.982	302.842	274.581	242.22	211.279	172.209	119.762	
113.114	171.534	225.152	257.895	259.42	237.724	215.126	210.099	225.413	250.312	270.571	278.102	275.976	276.748	289.377	305.652	310.107	301.628	295.663	307.258	334.228	358.188	363.434	350.544	330.569	312.473	298.325	287.065	281.406	286.393	299.465	311.703	318.82	320.881	319.562	323.882	342.979	368.43	381.956	380.387	375.675	373.928	368.523	352.718	331.73	317.903	313.816	310.129	304.141	305.938	322.66	349.225	373.928	385.325	377.219	355.786	339.343	340.626	353.345	366.214	379.834	396.615	405.44	393.192	365.713	340.871	326.64	320.114	318.562	320.369	322.879	327.08	336.524	346.042	342.881	323.415	300.667	292.111	303.683	329.528	359.895	384.358	397.555	403.062	407.631	415.414	426.362	437.557	445.595	447.681	442.972	431.255	412.111	390.417	377.291	378.81	386.055	383.441	366.64	344.345	325.827	314.761	310.662	312.735	321.232	331.654	334.712	328.698	324.569	332.069	342.703	334.569	301.185	265.813	254.632	269.338	297.072	326.736	346.511	347.449	335.217	320.848	303.14	277.021	247.441	216.702	175.208	119.91	
129.141	193.769	250.988	283.846	283.283	259.089	234.722	229.616	246.434	271.713	287.604	286.567	276.966	274.557	286.573	302.612	307.131	300.346	298.591	314.811	343.267	365.579	369.604	358.878	345.015	334.429	323.192	305.776	288.716	286.267	301.08	321.641	335.481	335.165	323.392	317.896	334.174	361.985	377.396	375.741	371.477	369.942	362.19	343.733	322.121	307.918	303.203	301.111	298.323	300.11	310.691	327.1	341.635	345.421	334.756	319.047	315.713	330.513	351.091	365.758	377.288	390.531	397.209	386.307	363.771	345.068	334.474	327.441	322.447	318.828	313.56	308.174	310.452	322.331	333.241	331.911	320.056	308.863	306.526	315.652	334.263	354.053	368.556	381.368	398.102	417.293	434.1	446.879	454.695	453.875	443.967	429.249	411.593	392.47	380.398	383.103	391.631	386.706	363.212	333.297	308.262	292.485	288.577	298.222	319.024	341.144	351.206	344.68	331.715	326.47	328.933	321.731	294.568	264.904	257.595	275.495	305.896	337.058	356.31	353.404	333.589	311.309	292.015	272.589	250.919	222.044	177.15	118.331	
144.838	211.583	265.22	292.904	291.627	271.121	249.98	244.905	259.011	280.148	291.917	288.564	279.356	277.59	287.29	299.949	305.109	304.423	310.379	330.966	359.59	380.868	384.164	372.287	357.533	347.696	337.353	317.837	295.73	289.331	305.369	331.895	350.699	349.129	330.393	315.811	323.764	346.066	359.905	360.97	362.338	363.767	352.04	327.874	306.853	299.424	302.724	306.912	306.063	302.664	301.637	304.292	307.297	304.653	295.05	288.19	295.626	315.031	333.53	344.769	353.148	362.141	365.488	356.242	340.974	331.694	329.067	327.348	325.343	322.74	316.503	307.79	305.746	316.881	333.543	340.963	333.834	318.616	304.075	297.989	305.03	321.001	338.887	358.974	383.005	406.409	424.491	438.207	446.155	440.904	422.914	404.383	392.003	382.201	376.137	379.87	386.158	376.694	347.704	314.089	288.068	272.15	268.454	279.595	302.324	326.506	340.709	340.311	331.813	326.67	327.049	320.795	299.561	276.676	272.003	288.087	314.803	341.92	357.542	351.76	328.256	301.605	282.541	270.163	255.231	226.607	178.412	117.722	
150.735	212.554	256.138	275.539	274.549	261.63	248.408	246.175	257.214	273.27	283.915	286.191	286.377	291.213	300.86	310.485	316.177	320.178	329.138	347.163	371.108	390.051	391.527	374.479	352.391	338.253	330.356	318.747	304.513	301.333	316.471	341.198	358.878	357.465	339.705	322.727	321.163	331.117	339.441	346.077	358.086	364.84	349.155	318.979	299.487	301.618	315.732	326.475	325.882	316.213	303.952	293.918	286.961	280.355	273.867	273.959	284.574	298.806	308.958	316.4	325.02	333.356	335.289	327.472	316.437	311.604	313.905	319.457	326.523	333.031	334.981	331.837	330.092	335.819	344.729	346.506	337.237	320.785	302.451	289.419	290.162	305.032	326.441	349.472	371.53	388.172	399.159	409.979	418.988	414.948	397.021	380.816	375.748	375.271	374.798	378.093	380.757	368.629	339.63	308.582	286.569	272.939	266.94	270.84	283.14	299.276	315.372	328.093	336.744	344.01	348.722	342.859	323.968	304.34	297.904	306.393	325.129	348.291	364.22	360.303	336.224	306.06	285.433	275.646	262.837	233.012	183.156	122.146	
141.601	193.635	226.089	238.351	238.064	233.049	230.529	236.402	250.109	265.586	277.638	286.245	295.411	307.053	319.187	329.304	336.363	341.282	346.433	355.868	372.731	389.688	389.745	367.063	337.45	320.623	319.763	323.515	324.174	325.597	333.671	347.359	359.093	361.019	352.671	341.389	333.494	328.891	327.694	336.389	355.239	364.93	347.631	315.947	298.863	307.66	330.025	347.304	349.506	337.87	318.995	300.262	286.745	279.183	277.158	281.828	290.673	295.994	296.307	299.314	308.768	319.237	323.075	317.143	306.205	299.15	301.412	313.01	330.065	346.831	358.977	365.534	367.886	366.221	358.635	345.776	332.092	319.278	304.712	291.212	289.634	304.364	327.105	348.696	363.957	369.213	368.128	371.836	382.58	388.573	383.902	377.974	378.008	379.56	379.673	381.899	383.31	372.506	347.157	320.019	301.743	290.567	282.296	277.141	276.395	283.496	302.764	330.86	357.983	376.824	382.954	373.419	352.886	333.638	323.99	324.532	336.336	359.272	381.388	383.8	359.638	323.118	295.656	282.24	268.284	238.783	190.328	130.023	
124.03	167.201	192.866	201.946	202.603	203.767	212.345	230.162	251.882	270.188	282.357	291.223	300.939	312.547	325.283	338.149	348.741	354.44	355.109	356.605	367.389	382.666	382.756	359.383	330.418	319.189	329.361	346.097	355.224	354.383	349.649	348.558	353.999	361.7	365.688	363.071	352.509	336.613	326.22	332.496	350.685	359.007	343.164	315.775	301.517	311.319	336.656	360.126	369.05	361.622	343.771	324.108	309.013	301.2	301.54	308.442	315.567	314.796	306.803	302.421	308.244	319.249	325.825	322.049	310.279	300.262	302.072	317.964	340.374	360.082	374.68	385.748	390.972	383.717	362.415	337.482	322.14	316.69	310.8	302.316	302.044	315.672	334.976	350.769	358.528	354.314	342.311	338.469	351.983	373.15	388.374	394.557	393.876	388.258	383.035	383.867	386.61	379.324	358.021	333.243	316.539	307.785	300.569	291.843	284.486	288.122	311.694	349.869	385.603	405.337	404.859	387.755	364.711	347.016	337.577	334.405	341.362	363.445	390.716	399.991	377.877	336.946	302.397	283.923	269.386	242.693	197.12	137.337	
111.424	151.206	176.474	187.139	189.945	195.418	212.261	239.385	266.211	283.718	291.997	296.962	302.765	309.81	319.455	333.063	347.031	355.6	356.896	356.535	363.349	374.48	373.866	355.68	337.457	339.632	360.358	380.008	384.543	374.982	360.245	350.84	353.652	365.467	376.427	378.251	366.519	345.8	331.586	335.02	348.201	352.536	340.233	321.486	311.54	318.697	341.184	366.946	381.83	381.241	371.026	358.526	345.843	334.992	331.663	337.493	345.537	345.47	334.611	322.862	320.798	327.249	332.66	329.753	319.818	311.863	315.906	333.321	353.795	366.986	373.599	378.909	381.077	372.043	349.443	324.06	310.335	310.213	314.68	319.905	330.222	344.991	356.217	360.406	357.802	344.614	323.951	314.701	331.902	367.38	399.561	413.612	408.042	391.613	378.299	376.677	380.948	377.68	361.424	339.788	323.401	315.161	310.749	305.401	300.275	305.449	330.145	368.032	400.768	414.132	405.552	382.73	359.17	344.918	338.881	334.889	335.707	350.46	375.271	389.092	375.065	340.363	307.908	290.021	277.637	253.225	207.233	144.769	
109.569	152.081	182.714	199.644	207.203	215.811	235.358	263.413	286.783	297.371	299.531	301.729	306.794	312.431	319.069	329.575	342.13	351.961	357.519	361.661	367.739	372.814	369.258	357.68	352.535	366.437	390.584	403.061	395.762	379.208	365.176	359.557	364.961	377.336	387.236	387.398	375.279	356.569	344.636	345.777	350.999	349.071	340.421	332.703	330.19	335.415	351.65	373.961	389.332	391.976	388.313	383.424	373.115	357.29	346.988	349.88	360.999	367.731	361.56	348.073	339.243	337.738	337.435	334.321	329.874	328.058	333.393	346.265	358.225	360.811	356.254	351.118	346.507	339.172	326.76	311.391	299.552	297.825	310.465	337.775	371.059	393.864	396.192	383.83	365.642	340.921	312.698	300.222	320.414	365.074	407.062	424.719	415.492	391.644	370.933	364.769	368.801	370.092	361.639	345.461	327.705	315.37	312.3	315.145	318.881	327.114	347.41	376.685	401.395	409.788	398.92	375.594	353.245	342.328	340.362	336.451	329.579	331.62	346.774	361.522	360.08	342.539	323.496	313.348	304.514	278.539	225.777	155.308	
115.404	164.585	203.493	228.4	241.303	250.918	267.299	289.424	305.671	309.907	308.212	309.381	315.882	323.804	329.931	335.358	341.376	348.578	358.297	369.709	377.989	378.254	371.319	364.082	365.976	381.215	398.222	398.464	381.591	365.533	361.825	368.337	380.124	391.89	397.317	393.571	382.644	370.564	364.055	362.138	356.801	346.537	340.472	344.243	351.831	358.207	368.171	383.149	393.375	393.155	389.151	385.115	373.867	354.467	340.222	341.909	356.417	370.314	371.564	362.058	351.914	344.347	337.76	334.57	336.975	341.221	344.01	346.576	347.406	342.587	333.379	323.422	314.867	310.196	308.862	304.489	293.944	287.822	305.638	354.394	412.927	447.53	444.353	417.075	383.388	348.113	315.414	301.879	322.26	368.528	413.093	432.712	424.062	398.228	371.858	358.928	359.997	364.712	363.858	352.943	333.48	316.99	316.472	329.695	342.517	350.372	361.911	380.603	397.978	403.751	393.545	371.988	352.219	346.043	350.408	349.929	338.755	328.853	330.793	340.813	349.069	350.869	349.567	348.899	341.356	309.994	247.312	166.648	
127.33	184.355	229.892	259.067	273.543	280.637	290.444	305.586	318.212	322.292	321.036	321.197	326.67	335.088	340.394	340.494	339.699	344.939	358.942	375.186	382.694	377.849	368.517	363.904	367.064	376.127	381.397	371.263	351.238	341.027	349.183	367.385	385.658	398.413	401.814	396.165	387.438	381.809	379.461	373.726	359.058	342.55	339.867	354.445	371.739	379.909	383.388	388.637	391.186	387.125	381.208	374.181	358.83	336.67	322.194	325.54	342.255	358.243	362.909	359.173	353.921	346.051	335.45	330.891	337.497	346.501	346.976	339.63	331.18	324.824	320.201	314.592	307.134	302.884	304.568	305.158	298.618	295.234	317.883	375.609	443.428	482.15	477.194	444.553	404.599	366.037	334.762	323.334	341.575	382.235	422.758	442.816	437.378	413.222	383.519	363.486	359.031	363.237	365.497	358.123	341.416	328.858	335.59	356.459	370.369	370.779	372.276	383.228	394.336	394.355	380.574	359.216	343.876	345.897	360.614	369.558	362.039	346.086	334.711	334.211	344.582	360.35	373.539	378.05	366.704	328.388	258.883	172.24	
144.921	208.715	256.951	285.502	297.832	300.432	303.208	312.404	323.729	330.537	332.457	333.481	337.502	343.14	343.875	338.013	334.496	344.147	364.723	379.907	377.338	362.447	350.359	347.999	351.654	356.53	356.192	344.044	327.312	323.494	337.811	359.912	380.277	395.319	401.184	396.703	388.974	385.108	382.392	372.457	353.323	337.14	341.083	364.777	387.416	393.383	387.746	381.974	378.849	377.218	375.886	368.178	347.476	321.283	307.225	313.349	330.795	344.723	349.82	352.897	356.876	353.605	340.76	331.337	336.516	348.707	351.189	340.061	327.063	323.279	327.356	328.92	322.563	314.691	312.417	314.509	318.286	328.468	356.472	406.32	459.236	486.611	479.585	451.337	416.736	383.959	360.606	355.638	372.167	402.851	433.401	450.346	447.872	427.934	398.749	373.595	362.102	362.52	365.801	363.791	355.995	353.003	365.199	383.989	389.061	379.423	375.172	383.253	388.3	378.314	356.572	333.718	322.185	330.386	353.503	374.228	377.92	364.406	344.606	333.17	340.795	364.165	386.317	391.032	371.932	326.701	255.299	169.224	
163.152	231.293	280.114	307.575	318.441	317.534	313.82	315.751	322.234	328.607	334.634	341.967	350.047	353.915	347.791	335.635	333.551	353.231	382.123	392.11	373.202	344.565	328.483	327.613	332.795	339.038	342.686	338.246	330.429	332.387	346.514	363.728	379.784	395.645	405.625	403.084	393.694	386.753	380.103	366.174	346.606	334.945	344.95	372.088	393.409	393.097	377.886	364.113	361.33	368.854	376.262	369.04	343.511	314.689	302.723	312.075	329.647	342.375	350.781	362.402	375.262	377.131	363.793	348.662	347.597	358.671	364.773	356.728	345.499	345.861	355.096	357.063	345.182	330.19	324.419	331.807	351.421	378.814	409.38	440.919	465.449	471.268	457.954	435.144	410.554	389.938	380.969	387.619	404.725	424.145	440.795	450.214	448.586	435.005	411.376	384.706	366.217	362.518	369.793	377.802	380.201	381.304	387.336	392.18	384.83	371.669	370.758	380.987	381.651	363.164	335.399	311.178	298.926	304.269	326.629	355.07	372.811	369.373	349.823	333.077	337.599	363.299	388.922	391.578	365.188	314.715	244.296	162.55	
177.036	247.613	296.97	324.997	336.33	333.598	324.222	317.091	314.156	315.894	325.907	344.241	363.264	371.236	361.911	345.499	345.44	373.725	408.869	414.256	382.815	343.87	324.19	323.597	330.292	340.148	351.513	358.258	360.973	368.216	380.29	390.01	398.779	412.336	423.795	421.432	408.698	396.972	386.071	369.725	351.302	342.101	350.276	370.605	384.596	379.013	360.503	347.136	350.867	367.432	378.691	369.004	341.79	317.02	312.015	325.545	343.215	356.944	370.939	388.847	404.874	409.405	399.497	383.964	376.358	380.655	387.009	385.387	380.77	384.384	391.495	385.073	362.336	340.453	335.696	352.155	384.948	421.175	447.695	461.379	462.59	449.876	427.112	402.678	383.293	375.645	385.403	407.947	428.928	439.929	443.664	443.272	439.399	432.364	418.666	395.909	373.407	366.675	379.588	398.409	407.024	403.034	392.699	378.31	361.944	354.392	364.002	379.048	378.429	357.868	330.103	305.907	289.623	286.381	301.665	332.179	360.983	369.324	355.912	339.814	342.005	364.211	385.973	384.302	353.905	302.675	236.451	160.821	
185.041	258.295	308.659	336.291	346.258	341.373	328.319	314.68	303.831	301.161	314.321	342.709	374.129	391.694	386.165	369.09	368.564	398.539	434.736	438.466	404.174	363.011	341.76	340.237	347.327	359.442	375.407	388.401	396.338	405.623	416.38	422.143	425.979	435.924	446.266	444.052	430.055	414.908	400.649	383.687	367.363	357.878	357.585	363.94	367.969	361.498	348.77	343.941	355.299	373.94	380.921	367.558	344.781	331.188	335.935	352.847	370.082	384.638	401.111	418.717	431.19	435.507	431.674	421.222	409.936	405.315	408.407	412.623	415.371	420.211	421.628	406.714	377.362	353.048	350.085	370.273	403.895	434.709	451.2	454.086	446.08	425.61	394.686	361.834	338.931	338.294	363.906	401.934	429.994	439.177	436.174	428.448	421.82	420.552	418.408	404.749	384.379	377.207	393.273	417.674	427.57	415.785	389.93	360.688	340.719	342.02	362.222	381.546	382.356	365.514	342.535	320.792	302.92	293.969	302.296	329.923	362.065	376.764	369.049	355.993	356.056	369.707	380.237	370.833	339.162	292.759	235.298	167.375	
183.933	260.697	313.43	339.456	344.85	336.473	322.993	309.708	298.078	295.017	309.979	342.595	380.928	407.469	409.271	394.552	392.255	418.2	449.871	452.486	422.253	386.079	366.183	363.136	369.026	381.021	396.697	408.18	412.669	417.268	424.381	428.406	431.142	440.217	452.124	455.198	446.488	432.296	416.389	399.887	386.65	378.156	371.734	366.378	361.876	356.809	353.053	356.707	369.427	381.802	381.746	369.315	356.905	355.474	366.095	382.878	399.683	415.316	431.357	444.809	451.233	452.427	450.639	443.069	429.728	419.138	419.605	428.327	437.469	443.623	442.105	426.107	399.027	375.787	369.604	382.754	405.698	423.778	430.575	429.82	421.794	400.419	364.338	322.512	292.015	290.416	321.685	367.691	402.254	415.192	413.593	406.853	403.539	408.79	414.995	410.068	397.704	396.393	414.79	437.822	443.761	426.269	393.954	360.234	340.818	347.097	372.014	393.462	396.899	385.199	368.09	351.88	338.244	328.762	330.23	348.824	375.177	388.831	383.201	372.203	369.649	373.419	370.955	353.349	322.216	283.488	236.346	175.601	
170.072	248.062	304.32	331.26	334.131	324.736	315.534	308.788	300.946	298.415	312.431	343.76	382.361	412.369	419.462	408.936	407.209	427.681	449.731	447.055	421.236	394.251	380.394	378.456	383.794	394.98	407.645	412.61	407.435	400.867	398.912	398.888	401.894	413.901	432.497	446.989	450.409	443.648	430.699	416.592	406.597	400.679	393.611	383.477	374.326	370.226	371.196	375.155	379.633	380.982	377.105	371.596	370.268	374.807	384.234	399.13	418.673	438.235	454.011	463.774	466.109	463.353	457.645	447.025	431.894	419.876	419.633	430.953	445.372	454.728	453.91	440.862	419.207	397.6	385.398	387.424	398.402	407.41	410.93	411.529	405.184	383.132	344.167	298.863	265.293	259.985	286.1	327.776	362.194	379.944	387.161	392.411	401.06	412.662	419.154	416.096	413.353	424.806	448.24	464.907	460.759	438.712	409.789	383.104	368.008	373.283	394.558	413.576	417.061	407.117	393.975	385.4	380.157	372.553	365.663	370.101	384.634	393.226	387.602	377.011	371.53	368.177	357.123	334.434	304.727	272.434	232.414	175.876	
146.09	219.657	277.598	309.116	316.375	312.834	313.098	315.319	309.85	303.875	313.936	343.218	380.545	409.275	416.998	410.657	412.604	428.611	437.921	424.833	399.807	382.327	378.516	382.934	391.646	403.394	412.147	408.873	392.89	374.514	362.512	356.904	358.221	371.256	395.412	421.202	438.47	443.629	438.96	429.666	421.295	415.118	407.52	397.031	388.759	387.684	390.215	388.402	380.371	371.207	366.451	367.609	371.312	373.898	378.823	394.552	420.886	445.492	459.513	465.17	466.689	464.699	457.169	443.427	427.53	415.552	412.91	421.991	437.45	448.114	446.299	433.088	415.011	398.259	387.576	386.234	391.476	396.857	401.395	405.453	401.174	379.101	340.948	300.318	273.252	268.798	285.198	311.58	335.935	355.208	374.409	396.502	418.077	431.493	431.532	425.153	429.642	453.53	481.615	489.893	473.7	448.82	429.575	417.406	410.124	411.011	420.836	429.807	427.496	415.186	404.091	402.655	405.66	400.831	387.323	377.997	379.683	383.235	378.908	369.666	363.245	357.981	344.1	318.22	287.663	257.593	220.545	166.389	
120.609	185.115	240.743	277.112	293.142	300.112	311.727	322.278	317.472	306.417	312.994	343.551	382.107	407.471	410.972	405.426	410.405	423.467	422.647	400.411	374.308	362.694	366.83	378.675	392.986	405.925	410.085	399.007	375.758	352.503	338.126	330.773	327.813	334.805	356.97	388.159	415.814	432.638	437.832	433.222	422.456	409.246	395.786	385.292	383.086	389.891	396.119	390.873	375.511	361.095	355.436	356.977	358.372	356.471	359.438	378.125	408.783	433.469	441.998	442.395	445.991	452.418	452.239	441.468	426.231	412.682	404.881	407.436	417.328	422.087	413.598	396.782	382.768	377.802	380.87	388.026	393.813	395.24	396.773	401.146	399.229	380.151	347.231	317.157	304.626	309.965	322.004	331.261	338.903	353.362	379.117	409.769	432.977	440.649	435.067	429.048	438.853	468.055	496.558	499.787	478.645	455.189	444.666	443.945	442.844	438.179	433.375	428.35	418.621	404.838	395.759	397.786	404.711	403.613	390.386	374.638	367.301	367.503	366.213	360.465	356.488	354.351	341.339	311.056	274.326	241.169	204.924	154.097	
102.246	157.386	208.114	246.314	269.332	285.27	305.293	322.159	320.244	308.938	315.85	349.534	389.419	409.442	404.356	393.427	396.409	407.421	404.526	382.989	360.419	351.776	357.065	370.959	388.751	402.285	401.618	383.802	357.437	337.51	330.814	328.894	323.251	321.247	336.152	366.764	399.637	425.092	438.799	436.991	419.71	393.247	367.759	353.951	357.374	372.134	382.932	379.133	365.319	352.843	346.572	344.006	341.292	339.29	345.451	365.174	391.225	408.053	409.047	405.126	411.843	429.654	442.9	440.774	427.826	412.187	400.393	397.939	400.273	394.654	377.018	357.611	350.307	360.339	381.623	402.322	410.749	404.348	394.803	392.61	390.554	374.982	347.917	328.14	331.525	353.47	372.52	373.834	366.16	369.704	390.659	414.715	425.512	422.51	416.739	418.012	432.983	462.263	491.019	499.065	484.988	465.546	454.299	450.93	446.581	435.286	420.735	409.169	400.043	390.576	383.343	382.415	386.296	388.439	383.059	371.296	361.388	358.817	358.665	355.879	355.989	359.412	349.06	314.313	269.286	230.873	195.255	148.534	
95.6203	144.816	190.888	227.543	252.904	273.395	297.025	317.348	321.433	316.791	327.61	361.705	398.004	409.916	394.342	373.841	369.824	378.188	380.055	370.638	360.895	357.606	360.374	371.381	390.252	404.349	399.016	374.187	345.361	331.362	336.371	344.716	341.806	334.895	342.283	367.743	400.279	430.471	450.724	451.042	427.499	388.196	349.486	328.318	331.152	347.65	359.56	358.235	349.984	342.704	336.6	330.512	327.309	331.357	344.643	363.52	379.55	385.292	379.931	373.252	380.462	404.186	427.524	434.338	425.376	410.093	398.68	397.228	398.017	387.021	364.073	344.057	342.026	362.163	396.099	426.691	435.717	419.263	395.404	383.24	378.911	366.09	343.549	329.995	343.319	379.137	410.381	413.905	397.352	387.951	396.414	406.668	403.305	393.325	391.446	400.531	418.432	446.356	478.459	498.756	497.301	479.554	457.761	439.241	422.713	405.273	391.617	388.511	392.145	392.024	384.41	374.503	369.77	372.917	377.691	374.762	364.295	355.236	350.719	348.794	353.857	363.832	357.975	323.158	275.252	235.227	200.663	155.282	
101.138	149.079	192.155	225.266	249.382	270.712	293.394	312.774	322.323	328.064	345.025	376.052	403.732	407.237	384.745	357.044	345.532	349.976	357.499	364.493	373.455	380.338	383.213	391.755	410.566	423.9	413.178	380.912	349.028	339.446	353.59	370.825	372.635	363.857	363.391	379.495	406.292	436.009	458.665	460.62	436.22	393.615	349.274	321.363	318.689	331.891	342.679	343.111	338.691	333.439	325.301	316.63	316.053	328.76	350.395	369.972	379.303	378.539	371.385	364.03	367.711	387.129	409.577	419.208	414.154	402.909	396.615	401.663	408.657	401.068	378.332	357.249	354.653	376.035	413.236	445.829	451.404	426.371	393.198	375.615	372.297	365.765	350.439	340.966	355.185	392.95	429.682	437.704	418.388	398.957	395.253	396.314	390.047	383.534	387.495	400.122	417.154	441.442	472.531	497.238	500.073	479.558	447.935	416.905	390.132	370.269	365.512	380.277	402.677	412.903	403.611	384.914	373.246	377.637	390.383	392.289	374.768	350.81	336.18	335.389	348.753	367.493	368.175	338.298	294.492	256.873	221.101	170.635	
114.862	165.007	206.654	235.84	256.553	275.037	292.553	307.007	319.194	335.04	359.367	387.412	406.366	404.731	382.02	353.323	337.186	337.39	347.996	367.594	392.823	411.882	420.556	430.589	447.705	456.143	438.831	401.028	367.31	360.155	378.356	398.485	400.66	387.836	378.235	383.809	402.766	426.935	444.892	445.14	425.28	391.874	354.416	326.426	319.587	329.86	340.973	343.953	341.259	333.465	319.028	305.526	306.177	325.619	354.705	377.901	387.113	387.149	384.346	380.186	379.217	386.935	398.596	404.392	402.311	398.052	399.905	412.347	425.918	423.642	403.139	380.722	374.63	391.918	424.399	450.055	447.263	416.479	382.189	367.304	370.982	376.139	372.652	367.363	375.291	403.187	436.268	448.484	433.331	410.44	398.129	395.928	397.124	402.175	413.321	428.174	443.545	459.401	475.408	484.791	477.833	454.302	424.445	395.549	368.637	349.831	352.414	380.809	417.646	436.383	427.915	407.274	396.555	406.584	426.751	429.435	398.968	354.424	327.035	328.604	352.472	380.376	387.297	363.709	325.756	288.542	244.748	182.321	
129.393	183.746	226.42	253.373	268.993	279.982	289.506	299.455	314.053	337.878	368.941	396.567	410.182	405.799	385.319	358.575	340.123	337.103	348.736	374.065	407.689	436.787	455.519	471.447	486.549	487.602	464.464	424.609	389.776	380.746	396.182	412.77	411.325	394.52	379.523	379.613	393.915	410.644	417.221	410.039	395.44	378.198	357.081	337.568	332.36	342.515	354.597	359.26	356.59	345.073	324.315	305.671	304.78	325.702	357.333	382.472	393.373	397.771	403.112	405.438	401.728	397.914	398.671	401.858	404.864	408.849	417.435	431.625	443.449	440.528	421.454	400.286	393.737	407.8	432.478	445.8	431.325	395.924	364.5	356.056	368.397	385.169	392.904	390.533	389.284	403.127	429.888	449.126	446.483	427.744	408.811	402.336	410.868	428.093	447.858	468.081	483.423	485.553	474.02	455.673	435.254	415.9	400.682	386.209	366.837	349.247	351.025	380.428	421.42	445.216	440.062	422.222	416.732	435.316	465.177	472.37	435.376	376.954	339.442	340.139	367.466	397.769	407.957	391.027	357.921	315.415	256.278	179.051	
139.145	199.974	247.943	275.876	285.391	285.384	286.764	296.479	316.426	346.559	382.313	411.487	423.05	415.7	394.585	368.016	347.483	341.749	352.133	376.207	409.196	442.319	470.053	493.796	509.468	506.38	482.384	445.419	409.675	392.558	396.832	404.858	401.024	387.274	376.117	378.31	392.669	403.736	397.954	381.408	371.013	370.107	367.318	360.229	360.096	370.185	379.488	380.167	373.964	361.887	344.52	330.22	329.477	344.001	365.6	382.378	390.765	400.007	414.818	424.391	419.653	408.297	404.07	410.744	422.434	433.542	442.937	450.058	451.522	443.173	425.714	408.268	403.348	415.591	434.156	438.006	415.195	377.225	348.905	345.734	363.424	385.749	398.235	395.862	386.807	388.663	409.138	435.479	448.751	439.463	415.797	400.588	408.235	431.498	459.313	487.166	502.886	490.217	452.845	413.22	388.434	381.151	384.872	386.559	376.057	359.778	356.768	379.073	416.002	440.133	435.912	417.507	412.678	436.105	474.687	492.036	463.831	410.156	371.595	365.53	382.537	404.408	414.844	406.045	377.703	327.145	251.481	162.651	
146.876	215.857	270.921	300.093	302.609	291.857	288.063	301.975	330.019	365.82	404.322	435.264	447.002	437.564	414.192	386.175	363.501	354.403	359.685	375.46	398.829	426.554	455.696	483.592	501.252	500.118	483.798	457.86	425.929	399.944	388.618	385.251	381.417	376.91	375.285	382.166	397.62	406.433	395.279	376.011	371.169	382.386	392.363	393.71	395.172	400.578	401.575	393.248	382.234	376.391	377.025	381.725	386.628	388.284	386.605	383.888	386.118	401.73	427.301	443.854	438.355	420.726	412.041	421.005	438.723	452.461	456.732	452.433	443.024	431.48	417.857	403.769	397.143	404.253	417.76	419.237	397.924	364.9	343.027	344.972	364.454	385.584	396.088	392.094	379.389	373.049	384.857	410.876	434.059	434.987	411.717	388.442	387.614	407.16	436.575	467.465	481.358	460.385	413.949	371.444	352.287	356.331	372.184	383.469	379.564	367.341	364.962	383.991	416.26	436.635	427.816	402.295	390.59	410.559	449.882	475.18	465.59	434.573	407.647	394.628	393.535	400.344	407.853	405.531	381.972	327.321	242.61	148.666	
161.171	236.694	293.706	318.313	312.207	294.726	291.293	312.142	347.953	387.422	426.079	457.126	469.532	459.772	435.552	407.943	386.592	376.576	375.262	378.225	385.789	399.858	420.396	443.326	459.031	462.999	461.681	455.361	436.657	410.194	387.811	373.822	368.875	371.592	376.872	385.037	398.558	407.19	399.975	387.347	388.563	403.763	416.468	418.439	415.391	411.371	402.799	388.879	378.781	384.049	405.916	431.969	444.875	436.496	414.391	394.508	392.131	414.091	448.939	471.812	467.258	444.789	428.354	431.23	445.57	455.114	451.662	438.104	422.557	411.241	402.18	390.281	379.246	377.778	384.935	388.227	377.942	360.365	351.832	360.404	378.467	392.809	397.118	392.374	382.064	373.657	376.631	393.638	414.797	421.106	404.245	380.63	371	379.078	399.542	423.285	431.875	412.596	377.056	348.477	338.753	346.227	362.792	375.439	375.169	369.728	376.317	402.018	434.694	450.032	433.481	398.908	377.43	386.736	415.802	439.137	444.819	440.992	433.953	420.877	405.258	396.469	395.633	393.265	374.861	326.2	245.131	151.827	
183.823	262.3	314.071	327.84	312.461	293.298	295.431	323.56	362.96	400.647	435.021	463.197	474.246	462.831	437.952	414.083	400.504	395.798	391.18	383.16	377.302	378.616	386.274	395.701	402.47	409.43	423.786	439.862	442.076	427.114	404.235	383.522	373.883	376.746	383.123	388.293	395.645	402.487	402.16	398.682	402.256	412.551	419.104	416.361	407.224	395.406	383.316	374.109	372.658	385.003	412.079	442.556	458.553	451.525	429.204	408.374	405.784	428.6	465.211	491.842	492.914	473.952	454.968	450.33	455.842	457.014	446.242	426.862	406.523	391.875	382.225	370.826	357.736	350.93	353.782	360.979	365.847	368.75	376.276	390.376	403.065	405.891	400.746	395.442	392.562	391.02	392.434	398.921	408.065	411.382	402.458	386.485	373.441	368.546	373.466	383.388	385.489	374.285	359.632	351.411	349.637	352.979	362.101	371.411	373.754	376.261	394.66	430.769	466.5	478.368	457.228	418.715	390.404	386.413	398.485	411.157	421.605	435.536	446.102	439.251	417.189	394.651	380.029	371.841	360.53	328.058	261.563	172.782	
205.672	286.136	331.937	335.105	312.062	293.711	302.674	335.774	373.021	402.533	428.149	451.077	459.182	444.856	419.325	400.858	397.243	399.79	394.722	381.784	372.588	371.909	372.784	368.89	363.843	369.192	392.81	426.106	449.847	453.182	438.484	416.002	400.166	398.022	401.064	399.73	396.467	396.311	397.835	399.017	401.508	404.313	402.395	394.212	382.293	370.214	364.05	367.554	376.363	386.131	399.051	414.757	425.653	426.366	418.953	410.089	410.261	428.049	458.615	485.457	495.882	491.001	482.511	479.96	480.547	474.883	459.681	437.464	411.148	386.282	367.39	352.154	339.356	333.633	338.232	351.728	369.626	387.549	404.858	420.227	426.278	417.689	402.119	393.67	397.19	406.937	414.888	415.804	411.401	407.42	404.997	400.173	389.573	376.022	367.627	366.121	364.201	360.744	362.819	368.79	368.901	363.515	362.905	369.423	376.975	388.385	414.437	453.707	488.303	499.429	481.738	447.884	418.347	404.075	401.848	404.458	412.732	430.704	448.366	447.207	423.271	389.311	360.521	346.502	343.793	330.235	281.8	200.116	
218.046	303.004	348.395	346.727	319.255	301.291	313.736	346.921	377.133	395.006	410.005	427.541	435.644	424.236	403.028	389.902	391.026	395.26	388.931	375.657	370.752	377.081	380.967	373.011	361.449	363.294	388.171	429	466.389	484.017	478.876	460.066	442.807	436.201	432.742	420.439	402.107	389.472	385.689	386.084	387.786	388.083	382.942	373.074	363.023	357.651	363.015	379.032	393.165	395.359	391.438	390.553	392.831	395.633	397.536	397.185	398.718	410.913	434.98	461.335	480.545	491.813	500.334	507.78	508.773	499.936	484.94	465.273	437.016	402.536	371.305	348.003	333.131	329.008	337.398	356.913	381.449	402.724	418.43	429.642	431.5	418.733	398.166	385.163	388.224	402.783	415.499	414.542	403.535	398.057	404.512	412.488	408.497	392.76	378.536	372.965	370.639	370.323	377.015	384.153	378.459	363.111	355.367	363.226	380.035	400.431	426.929	458.55	485.497	496.725	487.218	462.809	437.312	421.109	415.404	415.722	420.371	431.983	445.279	444.279	419.304	378.817	342.569	327.102	331.131	330.229	295.427	221.354	
219.721	310.37	360.116	360.224	333.535	316.348	327.709	355.308	375.865	382.829	388.262	401.572	415.187	417.058	408.208	399.737	398.41	398.44	390.794	379.944	379.573	391.155	400.169	396.25	386.491	386.909	407.924	445.684	482.964	503.181	504.121	494.754	484.761	477.539	465.418	439.089	405.154	379.827	368.218	364.924	366.251	368.753	367.323	362.241	359.3	364.368	380.732	402.954	416.114	413.274	404.939	400.959	398.949	395.749	391.674	386.36	383.753	392.623	415.713	444.849	469.991	490.018	509.254	524.22	525.798	515.466	503.786	492.095	470.583	436.619	400.361	370.633	349.923	340.859	346.808	366.747	390.641	405.883	411.211	413.369	412.728	404.166	388.2	373.669	369.679	376.776	384.719	382.566	375.15	379.09	399.332	420.651	424.375	409.958	394.818	390.116	389.93	389.563	392.186	392.557	379.883	359.311	349.989	362.374	388.849	415.9	438.67	459.163	476.274	483.938	476.642	457.501	438.64	430.158	431.944	435.548	434.671	433.078	434.238	428.684	404.621	366.647	333.68	321.335	327.255	328.759	298.757	229.299	
212.149	304.551	358.136	364.222	344.537	331.32	340.232	360.655	374.114	375.26	373.967	383.347	404.832	425.712	433.249	427.905	419.83	413.926	407.516	402.291	405.141	415.811	424.441	423.916	418.177	417.855	431.258	456.694	482.151	497.073	502.91	506.044	506.519	499.616	479.272	442.906	401.166	370.667	355.232	348.453	347.115	349.373	351.53	354.203	362.71	380.469	405.351	428.244	437.883	435.358	434.576	440.089	440.986	430.409	411.858	391.865	380.392	387.792	414.799	449.354	476.953	496.26	515.39	531.512	533.272	522.611	512.993	508.038	497.577	475.236	447.029	419.545	393.876	373.671	367.643	379.18	396.2	401.941	395.266	387.113	383.42	381.51	375.782	364.239	351.56	343.971	341.635	340.826	344.847	363.154	395.708	425.82	433.96	419.559	402.52	397.632	399.534	399.803	399.509	397.382	387.033	371.903	366.762	381.877	411.95	441.934	463.816	480.108	490.674	488.667	471.054	447.113	432.75	435.79	448.84	455.831	447.25	430.311	417.256	406.194	386.436	358.607	335.578	327.082	329.418	324.675	290.951	221.431	
197.316	285.133	339.045	352.17	343.12	336.916	345.363	362.375	375.85	378.697	374.452	379.135	405.631	442.734	464.3	460.485	445.504	434.574	430.324	431.142	436.86	444.955	450.01	448.588	442.313	437.146	438.837	447.736	459.967	472.9	486.919	500.048	504.618	494.788	470.595	435.415	399.066	373.762	360.737	352.601	345.732	340.274	337.305	341.764	359.355	388.668	420.87	445.096	455.074	457.528	467.064	484.133	491.549	477.475	446.023	411.135	391.368	399.012	429.884	466.186	490.553	503.056	516.65	532.4	537.897	529.8	518.854	513.584	510.889	504.725	494.54	479.223	454.269	422.557	399.216	395.675	401.802	398.609	383.658	368.168	360.413	361.226	363.77	357.619	340.113	320.713	311.374	316.035	332.827	360.933	397.133	427.897	435.912	419.9	399.011	390.188	391.221	393.494	396.961	402.768	405.895	404.386	405.163	417.21	442.283	472.554	500.284	522.502	531.96	518.369	484.059	448.526	432.823	441.789	461.148	469.717	457.069	431.978	410.292	395.644	380.055	360.368	342.645	332.168	325.866	310.611	269.434	198.551	
180.287	260.858	314.23	334.403	335.281	335.539	344.81	361.632	379.274	388.191	384.44	384.277	410.419	455.963	486.919	486.047	469.055	456.123	451.899	453.29	458.291	464.735	468.651	466.007	455.802	442.154	430.766	425.729	431.677	450.521	475.18	492.46	492.68	477.563	455.667	431.959	409.954	395.261	387.878	380.724	368.377	351.02	334.646	330.274	346.012	378.401	415.41	445.531	463.2	473.528	489.198	512.057	525.648	513.817	477.116	433.969	410.724	420.021	450.74	481.264	497.187	502.5	512.288	529.75	541.668	537.998	524.758	515.654	516.753	524.294	532.064	531.511	511.715	472.702	434.375	416.288	411.994	401.937	381.878	360.881	346.791	343.858	348.899	348.539	333.117	311.278	301.598	312.147	336.578	367.469	401.078	428.02	434.313	418.365	396.344	384.106	382.336	385.805	395.81	412.947	429.221	437.559	439.952	444.988	461.98	492.632	529.9	562.623	575.542	556.539	512.329	468.161	446.784	451.45	467.334	475.293	466.482	446.513	426.373	410.288	393.586	371.753	347.358	325.988	307.757	282.495	235.937	166.962	
168.366	244.942	300.912	327.615	333.601	335.595	344.047	359.766	379.054	392.299	390.558	386.969	409.215	457.05	496.444	505.182	494.47	482.696	474.748	469.379	468.622	473.908	480.354	479.403	466.723	446.134	424.859	411.248	415.792	440.729	471.338	487.52	481.802	464.133	448.399	437.507	428.184	421.629	418.843	414.185	400.21	375.143	346.603	328.583	331.5	354.884	390.126	426.778	455.537	473.968	491.077	514.498	534.366	530.899	497.116	452.766	430.453	441.881	469.778	492.332	501.234	503.339	511.889	530.001	545.521	545.919	534.439	526.679	531.904	546.031	561.254	568.481	553.754	513.15	468.417	443.82	434.239	419.123	393.097	364.397	341.141	330.558	334.29	339.559	331.665	314.903	307.276	318.393	343.672	375.884	409.369	433.66	437.57	422.969	405.034	395.553	393.505	396.138	407.488	426.942	443.478	449.633	448.335	448.217	461.05	493.238	537.817	578.654	597.379	582.681	542.16	499.375	474.188	469.765	476.085	480.88	478.485	469.704	456.493	439.286	416.054	384.265	346.632	311.371	282.447	251.032	203.338	139.257	
164.225	241.973	303.17	333.336	337.032	334.439	339.772	353.372	371.36	385.703	385.995	381.055	399.011	447.245	498.183	525.425	528.092	517.512	501.688	486.85	481.135	487.65	498.29	500.215	487.385	463.718	437.338	419.029	420.615	442.155	467.365	478.567	471.487	456.713	446.797	442.351	437.759	433.744	432.676	430.128	418.261	393.621	361.997	335.611	324.922	333.99	360.738	397.862	433.257	457.083	473.875	496.758	523.716	532.066	506.325	465.823	447.146	460.589	486.159	504.801	512.079	513.065	517.272	529.886	544.692	551.437	550.544	553.014	563.089	574.007	582.319	586.526	573.92	536.99	496.483	475.99	467.308	448.343	415.249	378.86	348.939	333.756	337.103	347.288	346.894	334.774	324.5	327.982	349.619	386.88	427.279	451.557	450.183	433.727	421.008	419.002	420.492	421.433	427.39	438.207	444.258	442.156	437.276	435.855	446.782	477.512	522.873	566.379	589.848	583.452	553.916	520.322	498.127	490.182	490.272	490.851	489.225	485.511	476.667	458.104	428.245	388.613	343.74	301.849	267.989	234.373	187.555	127.278	
162.532	243.037	308.171	337.867	334.925	324.874	326.544	339.282	357.319	373.293	376.48	371.978	386.253	433.52	495.703	543.7	561.627	552.056	529.617	511.334	508.004	517.832	528.823	529.455	516.136	492.547	465.874	446.347	442.819	452.507	463.602	467.101	460.598	449.207	441.523	438.254	434.593	431.142	429.565	426.047	415.124	394.491	367.827	343.357	329.006	329.968	347.615	378.324	411.934	435.995	450.657	470.772	500.772	519.184	506.059	477.255	466.54	481.654	504.485	520.674	526.678	523.277	517.168	518.681	531.298	548.689	565.149	581.235	593.368	593.931	586.689	579.326	563.439	531.577	501.97	492.177	488.355	468.666	433.647	397.598	370.615	359.117	365.534	378.534	380.553	366.894	347.27	337.634	353.71	397.784	448.151	474.062	466.277	444.498	432.941	435.881	441.253	442.632	444.578	447.655	446.431	441.648	437.659	435.025	438.75	459.501	497.893	538.568	561.558	557.131	533.218	508.15	494.452	492.021	493.243	490.908	485.147	480.374	473.768	455.912	424.204	385.606	346.388	309.579	276.725	241.852	194.236	133.729	
158.329	239.29	305.412	334.743	329.217	315.507	314.298	326.058	345.438	364.898	372.288	369.693	381.461	425.5	491.167	549.811	577.298	571.648	552.981	544.034	550.647	560.739	561.61	551.83	535.172	514.021	491.61	474.541	467.493	467.041	466.973	463.54	453.548	439.658	431.52	431.484	432.652	430.959	425.547	415.046	399.358	380.17	361.085	346.843	340.943	344.762	358.009	379.782	405.28	423.758	432.175	444.178	469.398	493.758	498.835	491.764	493.798	508.925	525.356	534.902	534.921	524.368	508.437	499.758	508.894	533.672	562.441	585.836	596.388	588.67	569.208	548.253	523.386	493.261	473.671	473.525	475.043	459.702	431.949	406.346	390.996	389.248	400.439	413.461	413.238	394.541	365.095	343.952	353.657	398.793	453.422	482.219	474.952	452.187	438.656	439.6	445.481	450.923	457.535	463.636	466.153	467.666	468.661	462.78	452.821	456.345	482.221	514.986	529.814	516.208	486.766	464.337	460.063	467.228	472.688	469.134	461.036	457.455	455.43	441.331	412.927	383.086	358.285	333.379	304.186	266.997	215.666	151.126	
153.445	233.158	299.39	332.442	333.521	324.192	321.982	330.264	348.097	368.802	378.848	378.976	391.527	432.834	493.335	547.183	573.421	573.218	568.152	577.199	595.357	600.359	582.909	556.457	534.477	516.784	499.31	483.716	474.438	472.327	473.437	469.37	453.6	434.278	428.348	438.094	448.757	447.035	430.512	405.132	379.009	358.041	346.089	344.929	352.791	364.752	376.628	389.585	404.619	414.503	415.332	418.925	437.672	466.438	491.351	508.167	521.386	532.368	538.631	538.723	532.163	519.284	502.704	489.196	489.491	507.659	533.511	554.129	562.522	555.458	535.196	507.094	474.328	444.253	430.228	433.624	437.073	427.109	408.991	394.713	390.695	397.93	412.409	424.246	423.086	404.705	374.53	350.044	352.563	387.095	433.786	465.072	469.551	457.008	443.82	438.18	440.559	451.218	468.212	484.344	496.241	507.823	516.271	508.893	486.941	474.292	485.998	506.091	507.12	479.292	439.791	416.614	420.034	435.358	443.28	438.787	431.727	432.12	434.355	423.781	401.188	382.481	371.664	357.391	331.984	293.047	237.34	167.281	
151.007	230.628	298.078	337.42	350.356	351.267	351.056	354.977	367.346	383.658	391.941	395.088	413.068	455.198	507.612	548.326	565.951	568.272	574.749	595.993	618.428	616.163	584.435	546.652	522.464	508.072	491.086	470.191	456.035	457.979	470.577	473.898	457.098	437.595	439.899	462.536	480.617	472.562	437.841	393.416	356.191	333.722	327.89	337.368	356.033	373.642	383.051	387.271	391.733	393.403	390.748	394.294	414.377	449.2	488.098	518.872	534.599	537.459	534.305	529.076	522.912	517.062	508.805	493.358	477.284	474.279	485.006	498.853	508.286	509.037	497.028	471.791	439.967	413.858	402.965	404.06	403.755	393.549	377.469	365.691	365.564	376.624	391.843	403.908	408.061	400.652	382.536	363.86	358.502	372.518	399.977	428.687	447.806	452.312	444.965	434.917	433.647	448.391	474.214	498.225	516.684	536.065	552.437	548.91	524.761	504.653	504.162	509.15	496.871	460.427	416.864	394.551	402.638	421.164	427.67	421.006	414.446	415.309	416.114	405.888	388.538	377.866	374.312	365.409	343.428	305.109	246.698	172.149	
150.067	230.803	299.882	343.883	366.001	376.209	380.051	382.428	388.992	396.605	399.061	405.419	432.199	478.281	524.655	554.393	564.8	566.42	573.519	590.944	606.334	599.304	566.898	530.927	510.132	498.016	477.226	446.519	424.796	429.669	453.579	466.762	455.096	442.172	454.936	485.599	502.495	483.04	432.334	375.768	334.374	313.769	312.479	327.54	351.284	370.666	376.976	374.119	369.262	363.056	359.314	369.483	398.767	440.921	484.53	516.138	527.458	523.915	517.669	514.543	515.107	519.175	518.817	500.262	466.142	439.545	435.575	447.713	463.468	473.925	471.507	454.357	431.072	413.275	404.907	400.536	391.899	374.772	352.388	335.123	332.467	342.955	357.703	372.087	385.556	394.433	394.114	384.707	371.658	364.01	369.263	387.782	411.748	428.705	431.134	425.143	426.481	445.371	474.976	500.64	520.598	543.555	565.242	568.4	551.461	533.804	526.108	518.902	499.629	464.846	426.856	408.824	417.514	432.134	432.13	420.361	410.247	405.8	400.842	389.266	374.375	365.011	361.066	353.527	334.957	298.827	239.631	163.426	
147.822	228.084	297.305	342.667	367.403	380.647	387.795	392.734	396.629	394.801	389.415	398.403	434.79	486.944	531.863	557.522	566.102	565.641	564.199	566.775	570.807	564.967	543.163	517.253	501.348	489.701	465.644	428.859	401.387	404.173	430.037	447.419	441.429	435.8	454.585	484.391	492.886	464.632	411.605	359.439	324.852	308.854	308.527	323.145	347.147	367.114	373.515	369.242	359.285	345.028	335.986	348	383.784	430.224	472.437	499.911	508.593	505.647	503.074	505.398	510.905	517.192	516.048	493.529	450.185	412.132	404.235	423.055	449.104	467.687	470.965	459.996	445.563	435.914	428.85	417.883	399.432	373.194	342.987	319.565	313.069	321.758	336.668	353.828	373.65	393.091	404.646	400.626	381.321	359.673	350.02	356.349	373.826	392.611	404.174	410.825	423.515	447.418	474.357	494.897	513.123	537.119	559.919	567.106	559.388	549.292	540.862	529.544	511.978	486.798	460.781	449.589	456.036	461.238	450.168	429.216	410.632	397.652	387.518	375.751	360.66	346.865	338.087	330.41	314.664	280.348	221.865	147.58	
142.32	219.494	287.466	332.672	355.596	366.127	374.209	383.797	388.664	380.079	367.363	376.924	420.42	478.897	525.7	551.147	559.514	555.719	544.489	534.707	533.021	532.877	523.329	507.995	497.345	487.421	464.971	430.207	401.788	397.923	414.348	425.978	420.004	415.994	433.232	456.437	457.174	429.639	390.417	358.003	338.253	326.673	322.019	329.286	347.957	367.212	377.938	379.822	371.804	352.395	334.243	338.366	369.968	414.28	454.858	482.617	493.807	493.659	493.577	498.154	503.222	503.935	496.037	472.588	433.593	400.587	399.852	429.516	465.358	488.453	492.065	481.683	471.025	465.268	456.718	438.421	411.413	379.571	347.303	323.111	315.188	323.143	339.963	359.356	378.678	396.627	407.981	402.921	379.883	354.054	341.002	342.191	352.297	366.704	383.225	404.09	430.89	457.217	473.733	482.149	495.404	518.366	538.887	545.938	544.274	541.934	537.984	530.643	521.297	509.062	496.667	493.479	498.982	496.719	475.981	444.368	413.871	390.804	376.532	365.266	349.385	331.019	318.106	310.128	295.583	262.055	205.547	135.226	
131.898	205.572	273.747	320.72	342.434	349.593	357.534	371.408	379.845	370.092	353.402	360.112	403.162	461.821	507.136	529.602	534.843	527.711	513.06	501.316	500.31	503.891	501.775	497.319	497.601	495.561	479.941	452.945	427.964	416.395	416.918	414.808	401.306	390.921	399.448	414.238	412.522	394.662	377.627	370.509	367.753	360.395	349.504	344.711	350.975	363.933	377.899	388.477	387.263	369.558	348.079	344.161	365.715	403.565	445.205	478.948	493.338	489.795	483.926	485.134	488.076	484.945	474.595	456.904	431.422	411.691	420.046	456.419	496.644	519.818	519.553	504.422	490.607	482.036	467.953	441.746	409.119	378.344	353.141	336.165	331.134	340.107	359.839	380.734	394.627	402.353	405.665	397.58	374.566	350.166	340.05	344.101	353.911	366.141	384.679	413.524	446.182	466.567	466.715	459.485	464.15	482.164	498.729	505.865	509.817	514.913	517.023	515.527	514.471	513.554	512.648	517.316	526.918	527.138	506.017	467.493	424.482	389.863	369.653	356.682	339.875	320.172	306.884	300.253	287.706	256.675	203.387	135.464	
114.907	185.959	257.196	309.428	334.105	342.424	352.502	370.325	384.113	379.337	363.137	362.858	394.011	441.293	478.21	494.657	496.038	488.811	478.612	472.009	471.644	472.994	473.712	481.189	496.603	505.03	496.245	477.585	459.422	445.003	433.026	417.191	393.117	371.67	366.729	371.244	369.401	363.695	367.325	381.254	393.084	392.231	379.751	364.224	353.305	351.455	359.767	371.838	375.401	366.353	355.474	356.097	372.724	404.205	447.081	487.101	503.134	493.458	479.289	475.451	477.037	475.326	470.587	464.579	453.809	443.463	451.686	483.488	520.324	540.844	536.41	515.107	493.586	476.9	455.493	423.757	389.522	363.764	349.64	344.193	345.752	356.9	377.603	397.308	404.563	402.521	400.392	394.591	376.856	355.216	346.381	353.233	366.227	380.552	400.902	429.398	454.767	460.879	446.617	429.805	427.025	437.144	449.728	460.819	473.205	485.128	490.204	489.905	492.155	498.317	505.729	517.392	534.71	545.232	531.759	491.345	438.38	393.583	367.233	350.662	331.059	309.869	297.711	295.299	289.348	265.635	217.221	148.828	
92.7187	159.776	233.235	291.436	323.332	339.557	356.534	379.099	398.171	400.544	387.213	377.684	389.491	418.771	447.012	462.174	465.135	462.213	458.973	456.483	452.722	448.029	449.085	464.499	487.967	498.67	489.596	474.966	465.277	457.207	445.288	425.593	396.969	368.087	350.035	341.343	335.513	337.012	353.333	379.374	401.21	409.004	400.893	379.738	352.819	332.015	325.363	327.975	330.01	332.262	342.579	361.15	383.179	412.167	453.895	495.449	512.165	501.506	485.814	480.231	480.69	481.294	484.351	489.749	488.273	477.752	474.387	491.197	518.517	535.527	529.469	504.858	476.946	453.677	430.104	400.865	370.238	347.869	338.772	340.354	348.025	360.999	378.54	392.127	392.725	386.318	386.193	389.619	381.961	364.034	353.095	357.168	369.236	384.588	406.14	430.824	444.711	438.947	422.025	409.325	406.447	410.399	420.208	436.596	455.904	469.484	471.083	466.536	467.93	477.803	490.98	507.699	530.513	548.678	541.315	500.511	442.136	392.792	365.012	347.048	323.389	297.229	283.369	284.77	287.001	272.657	230.749	162.993	
72.5984	132.095	202.149	262.954	303.842	332.304	358.599	384.458	404.289	409.483	398.648	383.761	381.906	399.721	427.174	449.214	459.898	463.521	464.966	461.994	451.553	439.58	438.229	453.617	473.564	476.477	459.816	443	439.302	443.211	443.104	431.965	410.186	383.977	358.625	335.874	319.974	319.66	338.12	366.952	393.763	409.121	406.47	383.501	347.268	313.266	292.5	282.573	279.238	288.859	317.11	354.514	388.407	422.004	463.773	502.424	516.184	505.247	490.839	485.879	487.028	490.961	500.131	510.961	510.379	493.752	477.444	479.091	494.418	504.413	495.705	470.65	442.454	421.251	406.174	389.851	368.318	346.529	333.383	332.751	341.511	354.314	366.091	370.355	363.575	354.894	358.684	371.528	374.069	361.012	347.891	345.714	351.628	364.397	387.253	412.76	424.599	419.911	413.136	414.037	417.921	421.492	431.417	450.309	468.627	474.961	467.717	457.715	457.672	468.66	483.579	500.661	522.53	540.143	532.635	491.019	431.733	383.155	358.168	342.409	317.045	285.481	266.247	265.399	269.145	259.686	224.824	163.293	
63.1444	113.412	175.154	234.747	283.203	321.923	353.185	375.797	387.874	388.004	378.336	367.397	368.399	389.595	423.829	454.876	474.042	484.239	488.642	482.779	464.157	443.246	435.632	445.734	459.413	456.416	434.63	413.253	409.394	420.953	433.205	435.318	427.187	410.775	384.35	351.152	324.248	316.617	329.443	354.088	380.922	399.62	399.03	375.638	338.96	304.71	281.404	266.38	258.352	266.094	295.936	338.734	381.649	425.19	472.136	507.991	514.551	496.765	477.367	471.221	477.507	490.932	507.253	517.72	511.311	489.597	470.435	466.641	469.977	464.828	446.315	421.098	400.065	390.938	392.355	393.52	383.3	362.275	342.05	332.99	336.494	346.598	354.543	352.557	339.53	326.967	329.87	344.742	351.116	340.696	325.709	317.214	317.062	329.665	359.111	393.588	414.044	419.842	426.197	438.98	451.039	460.609	474.838	493.131	503.171	497.056	481.027	468.733	468.718	478.157	489.358	500.913	516.136	527.634	516.654	475.426	419.178	373.481	350.353	336.461	312.171	278.397	252.666	242.886	239.306	228.469	199.914	149.148	
65.9212	110.062	164.787	222.814	275.227	316.545	343.716	355.311	353.198	343.149	333.75	333.772	350.04	383.157	423.674	458.774	483.292	499.687	507.483	499.062	472.343	441.439	425.096	429.092	442.123	445.592	431.162	409.993	400.694	408.945	424.304	435.56	439.21	431.177	405.818	368.635	337.099	324.9	331.392	348.786	370.69	386.96	384.285	361.03	330.688	307.476	294.306	284.997	276.042	274.096	288.612	319.681	361.543	412.32	465.524	500.96	502.478	477.658	450.54	441.623	455.729	483.324	508.741	517.11	503.743	481.722	470.136	469.796	461.977	435.429	400.449	373.885	364.292	371.618	389.038	403.161	401.222	382.242	357.082	338.185	332.257	338.328	347.702	348.019	334.41	318.098	315.115	323.553	325.366	312.592	294.541	281.617	281.017	301.956	344.848	390.259	417.779	430.05	442.02	458.489	475.919	494.358	515.508	532.798	534.393	518.818	498.881	488.178	489.579	496.398	501.586	505.88	513.555	518.016	503.315	464.315	414.255	372.846	349.445	334.148	310.343	276.59	246.141	226.664	213.26	198.218	173.589	132.445	
74.6257	119.171	173.54	232.313	284.053	319.359	335.671	334.415	319.979	302.076	293.883	304.646	333.777	371.935	408.598	439.057	464.562	486.588	499.422	491.214	459.696	421.55	397.644	396.487	413.031	431.948	436.12	422.963	407.314	403.413	412.207	426.553	437.191	433.266	409.553	375.007	347.071	336.324	339.281	348.359	360.789	370.014	363.759	341.418	318.316	307.74	309.235	313.056	309.689	299.41	293.914	305.082	337.056	386.716	439.886	474.248	477.477	456.121	429.42	420.106	439.208	476.157	507.85	515.807	500.654	482.997	480.383	483.149	465.379	420.071	369.605	340.082	339.037	358.747	386.071	406.184	408.069	390.881	362.756	335.392	319.798	321.65	335.417	344.77	337.636	321.101	311.35	310.088	304.453	288.311	268.446	254.963	260.056	294.551	350.217	398.474	421.066	427.866	435.43	448.457	466.939	491.872	519.663	539.009	538.844	521.419	502.052	493.589	496.192	501.564	503.503	504.468	508.587	508.762	491.763	455.828	413.033	377.483	354.638	337.146	313.057	280.769	249.47	225.05	205.054	185.11	159.476	121.649	
82.0031	131.831	190.754	250.39	297.012	322.857	330.081	322.869	305.508	287.834	283.786	300.534	330.462	358.588	378.198	394.195	413.98	438.826	458.565	456.272	427.158	387.85	360.16	355.416	374.516	406.22	427.958	424.75	404.204	386.198	384.744	399.309	415.31	415.871	397.67	372.122	353.329	346.891	347.011	346.932	348.11	349.738	341.63	320.578	299.717	293.432	303.854	321.256	329.944	321.161	304.187	298.598	317.64	358.804	403.966	433.696	442.496	434.205	417.573	410.774	428.47	464.239	496.125	506.164	496.255	485.645	486.644	486.226	460.615	406.61	349.303	317.044	317.741	341.521	372.71	395.529	399.54	383.561	354.04	322.177	300.443	297.931	313.489	331.235	333.353	320.131	306.125	298.185	289.985	275.829	258.244	246.892	258.205	302.294	361.582	401.185	408.334	401.567	399.864	406.862	422.635	448.921	481.77	508.35	515.675	503.78	486.186	476.291	476.859	481.363	483.779	486.087	491.056	491.134	475.484	444.412	408.549	378.263	356.687	338.798	316.967	289.528	261.619	237.041	214.079	188.838	157.021	115.738	
84.3207	138.008	198.895	255.258	295.01	316.29	324.83	323.154	312.485	301.446	303.071	320.946	342.866	353.799	351.923	347.621	353.328	374.136	399.376	407.551	388.174	353.96	326.945	321.264	340.45	375.153	401.891	400.672	374.781	346.403	337.067	350.902	371.379	379.209	372.358	361.742	355.769	354.566	351.848	343.777	335.922	332.038	323.461	303.08	279.758	269.179	279.079	303.636	324.89	326.202	309.504	294.643	300.946	329.267	362.375	386.19	401.059	406.981	401.414	395.352	405.805	433.901	463.287	477.521	476.753	473.933	474.541	467.236	436.91	384.773	332.398	303.045	303.168	324.683	354.094	376.334	380.517	365.277	337.655	308.135	286.184	280.039	293.022	313.682	322.132	312.347	296.455	286.546	282.295	275.84	263.018	252.48	264.581	308.872	361.811	387.085	378.184	359.248	349.832	351.452	362.189	385.226	420.901	458.06	480.115	479.956	465.07	449.732	443.5	444.896	447.904	452.152	458.578	460.402	449.447	426.088	397.16	369.535	347.032	329.557	313.399	294.128	271.246	247.842	224.226	195.534	157.059	110.217	
80.4666	131.863	187.713	236.318	270.72	295.044	314.698	326.273	326.214	322.477	327.867	343.668	357.53	357.821	343.302	322.245	310.186	319.462	343.243	358.869	350.848	325.795	303.762	299.941	317.596	347.151	366.545	357.715	325.871	293.755	281.319	291.831	311.251	324.24	330.042	336.05	343.784	348.327	344.265	331.622	318.451	310.52	301.208	282.393	259.208	245.607	251.53	275.225	301.642	312.125	301.511	284.287	280.605	295.441	317.218	338.03	359.405	375.113	374.216	363.956	365.287	386.748	415.662	435.04	442.88	447.015	447.409	434.713	402.682	358.448	320.536	303.376	306.907	323.383	344.142	358.553	357.56	341.314	318.435	296.741	279.435	271.851	280.414	298.525	307.658	298.853	281.948	271.957	272.692	274.186	266.209	255.361	263.612	300.46	341.982	355.618	339.173	315.977	302.759	299.807	304.681	322.352	358.033	403.979	441.468	455.622	445.608	424.857	409.766	405.003	405.466	408.702	413.976	415.672	408.659	393.245	371.347	345.531	321.45	305.155	295.717	283.91	263.836	240.536	218.338	190.869	150.889	102.121	
70.7312	114.685	161.043	200.537	230.696	258.639	288.088	310.88	320.003	322.51	329.794	341.998	351.023	350.644	336.76	310.878	288.24	285.646	300.041	312.532	309.414	293.556	279.386	278.512	292.569	313.016	321.467	304.742	271.923	243.976	233.085	237.872	249.514	260.959	273.087	288.803	304.208	311.589	307.069	293.43	278.848	269.214	260.895	247.827	232.724	224.811	230.51	248.61	269.82	281.136	276.278	263.134	256.209	261.326	274.779	295.242	321.617	340.613	338.084	322.7	318.987	338.153	367.498	389.36	401.378	409.291	410.151	395.283	363.863	328.793	308.27	308.309	319.043	329.782	337.18	338.555	329.404	311.359	292.796	278.022	265.658	258.691	263.106	274.563	279.14	269.834	253.93	244.182	245.701	250.281	246.658	238.28	243.444	270.478	300.595	309.349	295.754	275.979	261.505	254.152	254.096	267.11	300.15	348.338	393.572	417.056	411.694	388.101	365.695	353.929	349.866	350.264	352.801	352.186	345.854	335.377	320.018	298.89	277.85	265.609	261.596	253.388	233.368	210.118	191.627	170.108	135.323	90.7135	
56.0476	90.6254	126.936	157.726	181.826	206.326	234.704	259.353	273.669	282.499	292.065	300.542	305.703	307.592	300.904	282.303	263.281	257.192	260.332	260.557	253.403	243.085	236.742	238.039	245.924	255.505	255.532	238.295	213.084	195.407	189.448	190.22	193.662	199.388	209.088	222.933	235.836	240.833	235.72	224.061	212.443	205.668	202.199	198.188	195.027	197.347	205.813	216.909	227.034	232.838	232.264	227.906	224.602	224.99	232.1	250.407	275.863	291.496	285.76	270.528	268.592	287.311	313.435	332.154	342.56	349.382	349.304	334.765	306.821	280.362	273.054	285.819	301.98	307.851	304.101	295.774	282.767	265.789	250.12	238.057	228.471	223.399	224.772	227.786	225.287	216.056	204.649	196.756	195.598	198.11	197.473	194.195	198.937	217.512	239.009	248.389	243.278	230.162	215.479	204.563	201.525	211.197	238.749	280.753	322.094	345.324	341.575	317.727	291.649	275.31	268.587	267.947	269.273	266.922	259.859	251.621	242.055	229.026	216.359	210.645	210.067	202.871	183.512	162.747	149.655	136.175	110.886	75.4871	
38.1899	62.8518	89.2742	111.267	127.062	142.14	160.51	178.6	193.074	206.067	217.295	222.716	224.096	225.824	224.675	217.314	210.317	208.672	205.452	194.757	181.69	173.71	172.588	174.63	176.123	176.145	171.494	159.254	145.369	138.233	137.502	137.912	137.957	139.244	142.873	148.65	153.847	154.466	149.466	141.656	135.518	134.152	136.383	139.339	143.824	152.033	161.136	166.035	166.914	167.667	170.392	174.232	175.984	174.546	176.294	188.66	206.772	215.518	208.921	199.269	201.949	218.059	236.505	248.382	254.11	256.831	254.595	242.626	221.807	203.766	202.6	217.904	233.536	236.415	228.732	218.762	208.403	196.352	184.214	173.859	166.661	164.213	164.188	161.022	153.406	145.512	139.964	135.615	132.439	131.623	131.814	132.149	136.512	148.373	163.687	174.711	177.12	170.066	156.76	144.929	140.854	147.38	166.679	196.212	225.432	241.72	237.818	217.19	193.147	177.306	171.571	172.319	174.277	172.018	165.323	158.817	153.946	148.831	144.709	144.531	145.716	139.831	124.294	108.887	101.178	94.5975	79.3757	55.5732	
