
TracePro Release: 7 0 3 
Irradiance Map Data for D:\SUSTech\Linear Units in millimeters
Data for Observation screen 3.5 Screen
Data generated at 14:31:18 October 23, 2025

Raytrace Time: mins: 0, secs: 6

Projected Plane Extent from surface geometry 
      TopLeft:(20,3,-20) 
      TopRight:(-20,3,-20)
      BottomLeft:(20,3,20) 
      BottomRight:(-20,3,20)
Corners of Data Set (plotted) 
      TopLeft:(20,3,-20) 
      TopRight:(-20,3,-20)
      BottomLeft:(20,3,20) 
      BottomRight:(-20,3,20)
Total Incident Rays: 63230
Min: 36.2154 Max: 456.003 Ave: 269.393
Total Flux: 0.431028 W, Emitted Flux: 0.6
Normalization: 0
Data Smoothing is On
Grid Size is 128 x 128
Map Count 50
Data Cells are 0.3125 x 0.3125 millimeters

62.3248	105.442	142.998	158.177	146.413	120.117	97.007	86.0125	86.6019	95.7507	109.464	120.714	123.207	118.312	112.299	107.173	101.049	94.7406	92.1601	95.1436	99.2199	97.5646	91.3205	89.2502	94.3688	100.309	102.752	104.109	106.016	106.264	103.916	103.031	109.495	123.16	136.581	143.571	142.839	133.87	117.909	101.089	89.918	85.8134	86.8802	93.3432	108.291	130.451	148.738	151.38	140.091	127.316	119.516	111.478	99.3477	89.7715	89.6504	94.9529	98.1698	100.646	108.963	124.303	141.706	154.346	155.093	140.619	117.702	100.656	100.359	117.487	141.527	156.091	154.981	149.092	149.155	152.655	153.383	151.678	150.771	151.016	150.484	147.597	141.863	133.521	126.007	125.865	133.42	138.838	133.227	119.306	108.929	110.294	118.683	123.908	123.774	125.212	135.261	151.586	163.018	162.529	153.206	139.935	125.753	115.711	114.787	121.913	131.106	139.165	146.54	148.589	136.98	113.158	89.3083	75.6869	73.3152	76.9921	81.8566	85.56	86.9768	87.6306	90.7609	96.4611	103.045	109.601	111.969	105.323	93.3034	84.0869	77.0241	63.5155	
92.7785	149.525	196.497	215.202	201.889	171.17	143.157	127.754	124.571	132.068	148.075	165.028	174.081	174.432	171.458	167.027	159.8	151.677	147.208	147.543	146.949	138.963	126.957	121.239	124.767	131.264	137.141	144.724	154.382	162.011	164.005	162.535	164.978	174.672	185.693	190.317	185.377	170.887	150.461	132.106	122.86	123.916	132.667	147.271	168.122	193.761	214.878	219.253	206.297	188.18	173.677	160.39	146.203	138.244	142.705	152.792	157.467	157.247	160.636	171.229	186.723	202.154	208.36	197.135	173.895	156.601	157.696	174.879	197.091	212.208	217.155	220.589	227.117	229.598	223.754	215.861	211.08	206.901	200.773	194.629	189.751	183.596	177.534	179.976	191.636	198.842	190.59	172.576	160.271	162.051	171.363	177.418	178.546	181.426	192.469	208.951	218.914	214.638	199.832	181.185	163.569	153.094	154.735	166.151	178.57	186.154	189.949	188.406	175.31	151.971	128.829	114.725	111.558	116.32	124.757	132.443	135.627	135.355	136.516	140.816	146.612	151.927	152.23	143.457	129.414	116.987	104.054	82.2163	
120.305	181.801	228.509	246.91	236.402	209.33	182.489	164.829	156.539	157.843	169.746	188.004	205.026	217.365	225.03	225.839	218.616	208.513	201.931	198.431	191.349	176.83	160.251	150.207	148.327	150.711	156.392	167.593	184.02	200.771	210.578	210.896	208.869	212.727	220.772	224.215	216.692	198.593	176.175	157.836	149.694	154.014	169.713	192.361	216.728	240.227	258.811	264.125	253.341	234.516	215.915	198.818	184.681	180.656	190.749	205.657	211.729	207.733	202.539	202.35	209.14	222.469	234.782	234.49	222.111	212.88	215.719	224.652	233.581	242.889	254.967	270.467	282.988	283.036	271.819	259.788	250.66	240.344	229.406	223.397	222.18	218.979	214.39	219.578	235.395	245.11	237.577	221.399	211.432	211.864	215.444	215.896	215.136	218.595	229.422	243.331	248.734	238.705	218.079	195.72	178.214	170.701	175.329	187.856	199.034	202.998	202.667	201.15	195.16	182.487	166.865	154.839	151.613	157.355	167.208	174.596	175.399	171.744	169.51	171.306	175.395	178.336	175.676	165.183	150.007	133.861	114.007	85.4078	
142.239	201.037	239.224	253.041	247.708	230.875	211.417	195.239	183.313	177.484	181.917	197.603	221.14	247.7	269.989	278.038	269.35	254.972	245.89	239.941	229.04	211.947	194.588	181.853	173.689	169.115	169.631	177.263	192.471	212.109	227.571	231.951	229.977	232.624	242.472	250.36	245.852	227.758	204.109	184.156	173.582	176.155	192.894	217.61	240.67	258.638	272.242	278.152	273.134	260.43	244.746	228.465	216.247	216.037	230.077	247.617	254.094	246.438	232.577	220.719	216.186	222.497	236.594	247.604	250.734	253.855	259.444	258.95	253.076	254.916	271.254	293.758	306.921	303.313	290.27	277.428	264.113	247.905	235.556	233.827	237.261	235.221	230.519	237.974	258.221	272.543	270.829	263.095	259.647	257.686	250.401	239.305	232.158	233.658	242.993	253.539	254.318	239.867	216.188	193.65	179.443	176.478	183.063	193.193	199.597	199.664	198.921	203.209	209.612	210.233	202.259	192.571	190.568	196.953	203.945	204.064	196.079	185.321	178.847	179.521	184.544	187.943	184.658	173.91	158.065	138.259	112.614	80.3186	
154.951	207.934	234.574	241.267	240.732	236.732	228.732	218.03	206.245	196.532	194.85	206.154	231.573	267.274	300.775	313.879	301.572	281.289	270.035	264.86	255.784	242.043	228.602	217.309	206.731	196.853	189.794	187.802	193.294	206.377	220.744	228.865	232.054	239.243	254.607	270.02	272.215	256.602	231.571	209.067	195.949	195.781	209.152	229.014	245.531	256.416	264.62	269.889	270.464	267.188	260.606	251.106	244.242	248.374	264.084	280.48	285.026	274.532	255.376	236.258	223.45	221.716	231.9	246.035	256.744	266.692	275.158	273.258	263.744	263.277	279.656	300.74	308.925	301.093	287.799	275.08	258.949	240.085	229.356	231.837	236.995	233.213	227.142	236.307	261.012	282.062	289.869	293.339	297.556	294.391	278.256	256.832	241.894	237.882	242.542	249.523	249.341	236.576	215.802	196.651	186.079	185.862	192.404	198.952	200.634	198.677	200.424	211.584	227.328	235.396	230.776	223.212	223.794	229.878	230.398	219.348	199.929	180.802	170.311	171.76	181.308	190.105	190.873	182.295	166.194	143.204	113.277	78.6939	
153.934	201.03	218.878	220.296	223.652	230.591	233.365	229.336	220.783	211.361	206.61	212.851	234.428	269.838	305.519	319.566	305.39	283.188	272.965	272.028	269.424	263.276	257.298	252.391	245.745	234.893	220.664	207.493	201.338	204.518	213.171	222.034	230.193	241.462	258.737	276.632	282.995	271.16	248.196	227.273	215.966	216.474	227.495	241.196	249.093	251.182	252.013	253.149	254.608	256.946	258.548	257.964	260.043	271.183	288.585	301.961	303.887	293.564	275.406	256.224	241.148	234.324	237.93	245.888	251.208	256.867	264.731	268.034	266.147	269.559	283.623	298.21	300.025	289.731	277.337	265.643	250.251	233.369	225.16	228.386	231.657	225.208	217.63	226.195	251.877	278.052	294.98	307.633	317.319	315.28	298.08	274.704	255.29	243.049	238.694	241.6	245.329	241.46	228.984	214.72	205.818	205.176	209.99	213.682	212.53	209.894	213.451	227.348	244.926	252.796	247.656	242.151	246.105	252.269	247.544	228.496	202.081	178.196	164.523	164.98	177.625	193.415	201.681	197.547	181.681	155.396	120.646	82.3012	
140.679	183.02	197.606	198.638	205.59	219.001	227.888	227.925	222.674	216.244	212.151	215.183	230.124	257.069	285.414	297.007	286.227	269.854	264.807	269.304	274.176	276.85	279.588	283.152	283.457	274.02	253.911	231.959	219.239	218.019	222.798	229.314	236.512	244.6	254.871	265.851	270.898	265.308	253.151	242.326	237.073	239.802	250.535	261.125	262.146	254.564	245.727	239.798	237.653	239.217	242.382	246.227	255.337	272.731	291.775	303.599	306.518	302.309	292.386	279.683	267.46	258.999	256.061	253.676	247.44	243.166	246.408	253.297	259.895	268.445	279.738	287.122	284.563	276.009	268.235	260.411	248.716	235.908	230.026	233.14	235.876	229.56	220.45	223.081	241.553	265.954	287.1	304.366	316.431	317.57	307.316	291.969	274.657	255.21	239.803	237.423	245.914	252.238	248.151	237.76	229.414	228.064	232.56	236.323	234.962	231.885	234.113	244.538	256.724	259.529	252.653	249.502	257.476	266.464	262.19	242.451	216.356	192.914	176.48	171.491	181.679	201.488	216.779	217.068	200.894	170.269	129.073	85.2097	
124.31	163.48	178.92	183.032	193.323	210.075	221.755	223.022	218.917	215.898	216.169	220.31	229.882	245.279	261.464	268.827	264.071	256.374	255.861	263.065	273.984	285.991	297.343	306.51	309.444	299.156	275.121	250.204	239.411	243.121	250.177	253.523	252.985	249.66	245.896	244.38	245.287	248.433	254.095	259.206	260.576	262.963	272.202	281.615	279.426	265.656	249.922	238.992	234.02	233.202	233.416	234.788	242.212	256.863	272.082	282.842	291.189	298.143	300.441	297.15	290.564	282.966	274.558	262.248	246.338	235.12	234.399	241.184	251.187	262.326	270.78	271.895	267.282	264.459	265.382	263.554	255.342	245.874	243.46	250.294	257.333	253.459	240.34	231.017	235.148	250.614	268.974	284.742	295.726	300.659	301.723	301.065	293.246	273.042	250.378	242.794	252.621	263.734	262.765	252.823	244.111	243.424	251.208	260.431	263.594	261.054	258.284	258.745	259.88	256.196	249.853	251.237	263.998	277.294	276.681	259.877	237.182	216.616	198.886	188.499	194.626	215.333	233.832	234.916	215.456	178.949	131.735	83.9361	
113.254	151.06	168.837	176.293	189.097	209.068	225.002	228.398	223.704	221.588	225.957	233.127	239.799	246.042	251.926	255.152	253.869	249.854	247.499	251.843	266.477	288.418	308.075	318.333	317.258	303.53	279.869	259.408	256.784	270.49	284.226	285.829	275.048	257.143	238.609	225.569	222.469	232.379	252.554	270.353	275.681	275.373	281.152	289.297	287.549	274.68	259.909	250.506	247.911	248.925	248.393	245.417	243.654	244.405	246.543	252.513	266.266	284.282	297.424	302.371	301.941	297.104	285.587	266.319	244.698	230.8	228.571	233.985	243.772	255.378	262.284	260.468	257.027	262.124	272.808	276.513	269.878	262.354	264.477	277.748	290.354	286.515	265.136	242.014	232.837	239.104	250.519	258.673	263.617	269.451	280.154	294.16	299.812	287.201	265.866	256.886	266.144	277.274	274.376	260.239	247.212	244.773	256.269	274.916	287.971	288.901	280.154	267.444	255.281	246.487	245.07	254.668	272.292	286.924	286.2	268.75	246.339	227.847	212.38	202.89	208.955	229.545	247.545	246.057	221.023	178.308	127.716	79.8693	
107.861	145.716	165.958	175.209	188.579	211.899	235.27	244.716	240.309	235.816	239.533	247.1	252.454	255.1	257.052	258.779	258.127	251.786	241.071	236.57	250.313	279.624	306.508	317.084	311.867	297.222	279.135	266.961	271.466	291.563	310.838	313.123	295.983	268.126	240.28	220.094	212.631	221.625	243.722	264.015	270.37	269.334	273.701	281.405	281.573	272.969	263.554	259.917	264.014	272.55	278.596	277.589	268.38	252.019	235.672	231.579	245.866	270.289	290.663	301.763	306.355	304.578	293.163	272.137	248.602	232.68	227.741	230.014	237.358	248.194	256.025	257.087	259.669	273.659	292.399	299.343	291.716	283.085	286.667	303.505	318.938	313.237	284.445	252.668	237.951	241.096	247.438	246.19	240.685	240.773	252.903	274.075	290.27	288.742	275.2	269.147	279.13	290.845	286.187	265.778	244.044	235.104	246.823	273.729	298.038	305.315	293.97	271.236	248.147	236.181	242.084	262.32	284.68	296.434	289.536	266.102	239.751	221.416	210.566	206.853	215.546	235.212	251.793	249.049	220.714	173.558	121.213	74.9605	
102.252	140.51	163.393	173.632	185.709	210.431	240.718	258.092	256.594	249.786	249.958	255.426	260.407	263.777	267.22	271.278	272.229	262.86	242.376	225.482	231.798	262	294.365	309.303	306.175	294.814	282.96	276.321	281.935	301.18	321.958	327.044	310.983	282.922	254.486	231.811	218.213	217.353	228.39	241.184	246.743	249.873	259.035	269.381	270.108	261.71	253.819	253.932	264.672	283.511	302.692	312.534	304.372	277.097	244.424	227.298	235.574	260.343	285.651	303.033	311.562	311.369	302.239	284.985	263.661	245.952	236.603	234.179	237.031	244.433	252.598	259.181	270.442	292.785	316.478	323.084	310.583	295.875	295.591	312.265	330.608	328.432	301.228	269.271	254.748	258.96	264.686	257.892	241.881	230.52	234.772	253.757	273.817	280.379	273.817	269.814	279.952	294.15	292.052	269.465	241.33	226.45	236.434	266.817	297.348	309.344	298.625	272.059	243.094	228.807	239.949	269.542	296.767	305.065	291.09	262.183	232.618	213.545	205.59	206.277	216.206	233.607	248.893	247.369	219.391	170.118	115.849	69.9447	
92.4885	130.878	157.456	170.615	182.28	205.961	238.097	260.23	263.512	259.042	258.995	262.887	266.108	268.445	272.923	280.988	286.708	278.424	252.482	224.569	219.392	244.37	280.571	304.111	307.751	299.264	288.455	281.745	284.976	301.043	321.411	329.646	319.022	297.768	275.346	254.145	234.813	221.086	215.724	215.681	218.39	228.757	248.647	265.175	264.285	249.881	237.338	236.971	251.345	278.307	310.154	333.244	332.565	303.764	262.163	233.097	231.177	251.687	280.396	304.381	315.869	315.319	308.552	297.696	281.929	265.719	255.39	250.842	248.86	249.209	253.223	262.183	279.752	307.121	331.405	333.606	312.995	289.64	284.166	301.595	327.05	336.342	319.576	292.161	277.339	281.131	288	280.55	258.266	236.12	230.448	244.552	265.067	274.628	268.853	260.913	266.267	280.875	284.716	268.694	244.776	232.119	242.393	270.96	298.399	307.435	295.196	268.369	238.722	223.203	235.152	268.606	298.884	306.268	290.79	263.64	236.59	217.49	208.849	210.382	220.449	235.313	247.742	245.606	218.334	168.962	113.656	67.1307	
81.3744	120.045	151.705	171.053	185.287	206.736	235.069	257.057	266.278	270.559	275.848	277.824	273.441	267.74	269.025	280.873	294.549	293.142	268.786	234.817	218.081	234.224	271.332	302.744	312.363	303.693	289.444	279.96	281.794	297.032	317.096	326.505	319.545	304.081	287.68	270.422	250.864	231.154	214.386	202.097	199.47	215.546	247.132	271.186	268.501	246.723	227.912	224.986	239.231	268.02	304.578	334.753	341.715	318.544	277.089	241.699	230.878	245.742	274.681	301.179	312.337	309.7	304.35	299.455	290.689	280.551	275.776	274.474	269.567	261.525	258.27	265.498	284.088	310.076	329.28	324.763	297.539	268.979	261.716	282.405	316.748	339.013	333.699	310.475	293.474	294.422	301.015	294.124	269.94	243.229	233.853	247.763	269.708	278.244	266.782	249.317	244.966	255.619	265.598	263.882	255.862	254.122	266.275	288.007	304.303	303.084	285.24	258.479	231.458	216.48	225.769	255.958	284.653	293.172	283.174	265.528	246.468	228.917	218.152	219.465	230.988	244.979	253.605	248.047	220.361	172.656	118.163	70.427	
74.8307	114.136	150.466	176.726	195.094	214.048	235.821	255.253	271.206	287.331	299.198	296.058	278.532	261.026	258.433	275.239	299.742	310.251	293.269	257.078	228.974	233.015	265.792	300.189	313.519	305.343	289.297	277.965	278.714	292.592	310.005	316.895	309.454	295.109	281.008	268.572	256.178	242.076	224.824	206.023	196.975	212.953	249.989	279.225	278.092	255.239	234.421	228.511	238.109	261.298	293.265	322.19	333.741	320.233	287.31	254.002	239.846	249.803	273.596	293.877	298.493	291.987	287.411	286.974	284.597	282.698	287.727	293.728	288.564	274.043	265.018	270.265	286.161	304.095	312.708	301.73	274.037	247.723	242.549	265.556	304.811	335.028	337.29	317.627	300.344	299.577	304.518	296.573	272.381	247.056	240.556	257.816	280.568	284.824	265.035	237.642	223.389	228.296	243.203	257.99	269.653	279.726	290.792	302.128	306.228	296.067	273.974	247.586	223.44	209.389	214.388	236.7	259.818	269.731	267.83	261.185	250.855	236.444	225.292	227.101	240.747	256.073	264.474	258.966	233.228	188.23	133.706	81.7795	
76.1313	115.875	153.527	182.923	203.782	220.51	236.515	253.528	274.541	298.635	312.714	302.703	274.632	250.955	249.532	273.172	308.569	331.928	324.291	287.567	248.233	237.26	259.83	292.222	309.601	307.227	294.794	283.1	280.236	287.961	297.034	296.317	285.347	271.18	259.755	253.926	252.735	250.768	241.212	223.058	209.216	218.681	250.609	278.782	282.129	266.526	249.643	240.801	242.357	256.266	280.204	304.643	319.101	316.88	297.777	273.359	260.676	265.822	279.348	285.911	278.662	266.413	261.376	262.806	264.012	269.089	284.489	299.488	296.676	279.497	269.258	276.182	290.229	297.805	293.124	276.535	253.74	235.836	234.685	256.601	294.756	327.089	333.611	318.495	304.868	305.822	310.463	301.866	278.908	257.159	254.131	271.448	289.836	287.694	262.563	230.467	209.906	209.405	226.549	253.039	278.143	293.433	299.289	301.336	299.388	288.46	268.324	244.046	221.261	206.537	206.761	221.053	238.503	249.287	252.526	251.404	245.854	235.083	225.718	227.703	241.386	258.608	272.296	274.976	257.45	216.856	159.974	99.8049	
85.0494	125.192	159.509	184.966	203.672	218.658	232.57	249.041	271.029	294.15	303.698	288.808	259.929	240.726	245.992	275.064	315.585	346.54	347.551	315.017	270.952	247.202	255.696	281.141	301.953	308.692	303.197	292.114	284.458	283.345	280.075	267.56	251.485	240.436	236.955	240.829	249.931	257.701	256.096	242.913	228.883	230.984	250.604	269.285	272.456	263.652	252.019	241.74	237.384	245.558	265.916	289.374	307.487	315.337	309.872	295.75	284.759	282.869	283.698	276.34	258.877	241.842	234.59	233.855	234.369	243.15	266.641	289.953	291.894	277.264	271.389	284.423	300.28	300.565	284.35	262.783	245.873	237.708	240.166	257.806	290.16	320.304	328.768	318.353	309.78	314.176	321.369	316	296.873	278.213	274.836	286.072	295.326	287.989	264.556	235.317	212.208	205.581	220.05	249.586	278.284	292.39	293.349	291.817	290.789	284.773	270.423	249.579	227.076	210.333	206.62	216.051	230.641	241.643	245.103	242.702	237.263	229.117	221.357	221.253	231.407	248.168	267.284	280.962	276.227	244.235	187.321	119.551	
101.349	142.763	169.87	183.946	194.706	208.21	224.947	244.338	264.594	279.659	280.486	264.441	243.33	234.944	247.03	275.566	311.624	342.115	351.612	333.279	299.134	272.53	267.45	279.782	296.333	306.28	305.145	295.491	285.62	278.179	264.604	242.116	222.952	217.963	225.443	238.811	252.784	262.159	262.795	255.2	247.135	247.841	255.496	258.5	251.574	240.54	230.516	221.664	217.853	227.308	251.166	280.109	304.645	320.069	323.307	314.99	301.41	288.611	276.644	261.519	243.095	227.484	218.465	212.496	208.762	217.329	243.58	270.655	277.757	270.9	274.528	296.2	316.716	315.456	293.642	269.143	256.218	254.605	257.812	268.218	290.83	314.61	322.208	314.992	309.862	316.184	326.707	327.824	314.987	298.548	291.705	294.23	294.421	285.54	269.852	249.192	226.763	214.062	222.571	249.02	275.205	286.338	286.005	285.964	288.012	285.752	275.27	257.205	235.912	219.445	215.456	224.14	238.009	248.007	248.457	241.529	233.945	226.996	219.214	214.725	218.5	230.507	248.438	266.456	272.073	251.911	201.65	133.1	
125.794	169.768	188.009	187.095	187.148	199.608	221.941	246.215	264.774	272.198	267.628	255.647	245.142	245.035	257.211	277.006	300.372	324.198	342.001	345.897	334.9	317.404	303.614	298.182	298.805	299.864	296.702	288.868	280.501	271.292	253.965	230.138	214.639	217.29	232.931	250.403	261.816	264.493	260.949	257.366	259.219	264.988	265.375	253.261	232.613	213.819	201.887	195.156	195.116	208.928	239.304	278.131	313.124	335.503	341.206	330.991	309.916	285.076	262.905	246.494	235.464	227.646	219.563	208.79	200	204.846	226.688	250.006	259.367	262.313	277.806	308.062	333.887	336.096	315.65	291.632	280.965	282.064	283.276	284.751	295.007	308.845	312.717	306.775	302.813	308.299	320.295	327.611	321.315	306.975	297.151	293.362	287.87	279.616	272.368	261.523	242.832	227.547	231.403	253.106	274.523	282.651	282.874	285.3	288.849	286.632	276.121	259.738	243.079	233.453	235.486	246.408	258.595	264.943	260.75	248.879	238.549	231.769	223.54	215.123	212.439	217.144	227.773	241.23	249.038	237.663	197.581	135.467	
153.946	201.699	213.594	201.582	194.344	206.632	232.152	257.614	274.157	280.023	279.569	277.764	276.345	276.939	280.617	285.78	292.801	306.267	328.4	352.269	366.052	363.381	347.077	325.353	305.749	292.052	283.79	278.245	273.569	265.925	251.063	234.586	228.898	238.427	256.236	271.559	276.163	268.878	257.803	255.139	265.359	277.597	275.769	256.259	229.29	206.284	191.066	182.559	182.825	198.407	232.973	280.787	327.318	356.024	358.667	340.065	310.812	279.855	254.884	241.474	238.516	238.2	232.478	219.988	208.193	207.951	221.184	236.389	244.932	255.187	279.683	315.324	344.443	351.032	334.916	313.448	305.135	308.921	309.747	304.902	304.594	308.76	308.274	302.468	297.934	300.465	311.573	322.557	320.959	308.735	298.455	292.791	285.432	278.17	276.352	272.526	258.364	244.178	246.118	262.59	276.876	279.721	278.556	281.857	286.259	283.946	273.021	258.758	249.73	252.286	265.181	279.298	286.643	285.425	274.963	258.559	245.77	238.929	231.405	222.19	216.305	215.706	219.146	224.437	226.661	216.177	183.108	129.378	
172.712	224.619	237.339	225.291	219.075	231.949	254.181	272.575	283.831	291.68	300.712	310.515	315.391	313.335	307.373	299.296	291.872	293.743	313.269	345.853	374.227	382.852	368.172	338.353	306.895	284.856	275.09	273.275	273.36	269.403	260.149	253.526	257.268	269.245	282.538	291.371	289.963	276.334	259.44	254.678	267.042	281.753	280.638	263.293	241.584	222.204	204.492	189.562	184.342	196.832	230.487	281.14	333.267	363.276	358.676	330.443	297.798	270.792	252.544	244.905	245.569	246.925	242.115	230.79	219.412	216.626	224.856	236.64	245.693	258.032	282.829	316.682	344.663	352.76	339.256	320.053	315.582	325.678	331.495	326.203	320.548	318.976	316.51	311.693	306.467	305.579	314.521	326.498	326.68	315.083	304.824	299.426	292.806	287.213	288.083	286.958	275.021	262.93	265.04	276.658	281.715	275.491	268.922	271.026	277.665	279.267	272.069	261.886	259.601	272.138	294.254	310.377	311.078	300.176	282.575	262.784	249.318	243.551	238.203	231.384	227.134	226.853	228.189	227.264	220.349	202.998	169.503	120.403	
172.51	227.326	248.687	248.535	251.105	264.294	277.352	282.187	283.703	289.772	302.821	318.104	327.142	326.818	319.377	306.084	290.437	283.51	296.651	326.561	355.246	365.998	353.961	326.281	296.992	278.171	272.903	276.937	283.497	285.53	282.46	282.551	290.094	298.361	301.117	299.696	294.204	281.559	266.162	260.413	268.792	278.507	275.828	264.308	254.367	245.185	229.535	209.371	196.789	202.571	230.078	275.354	322.694	346.34	333.853	301.378	272.674	256.128	248.49	245.861	245.151	242.933	237.15	228.378	220.474	220.552	233.15	252.18	266.48	275.559	289.597	312.497	334.721	341.954	329.146	311.293	311.544	330.634	345.47	344.08	336.65	331.823	329.024	326.485	322.34	320.146	327.482	338.587	337.681	323.988	311.422	305.388	300.487	297.014	297.959	295.215	283.136	274.497	280.78	291.698	289.542	273.34	258.818	257.852	267.146	275.89	277.318	273.929	274.939	288.46	310.827	325.286	320.879	302.981	279.843	258.269	246.562	244.199	242.522	239.793	240.89	246.723	252.001	249.083	233.098	203.575	161.676	111.235	
160.914	217.468	250.735	266.664	278.717	289.598	291.511	282.96	273.614	272.296	280.85	294.85	306.662	312.077	309.578	297.346	279.528	269.378	277.956	300.261	319.962	325.781	316.548	298.108	280.43	271.773	274.122	285.447	300.515	310.517	312.621	314.43	319.755	320.158	309.512	295.407	286.217	280.414	275.705	274.834	277.144	274.601	263.808	254.151	254.139	257.027	249.873	232.181	217.065	216.972	235.633	269.017	302.95	315.832	299.913	272.23	252.932	245.985	244.524	242.23	237.202	230.529	223.832	217.915	214.95	221.854	244.926	276.715	297.767	299.952	296.858	303.537	317.661	323.485	310.935	293.492	296.889	323.45	347.434	351.813	344.047	335.281	329.739	327.561	325.498	325.002	332.031	340.968	337.327	320.315	304.153	296.972	294.435	292.744	291.044	284.184	272.816	271.388	286.615	302.014	297.852	275.689	254.905	250.073	259.761	274.295	285.598	290.675	292.48	298.618	311.26	319.315	312.13	292.202	267.393	247.13	240.611	244.664	247.606	248.074	254.198	267.826	280.075	278.438	255.14	211.833	157.408	102.09	
153.427	213.082	256.431	282.882	297.454	302.06	294.955	278.991	262.833	253.82	255.791	266.877	279.37	287.146	286.641	275.242	258.332	249.74	257.284	272.741	282.765	283.551	278.376	270.898	265.441	266.117	274.921	292.842	316.154	333.628	338.831	338.428	338.045	330.294	308.915	284.552	272.141	273.914	283.287	291.828	290.094	273.922	252.047	240.043	244.348	255.404	258.462	250.04	240.244	239.787	251.271	270.876	288.778	292.187	279.324	262.774	253.02	249.751	247.647	242.646	234.619	225.878	218.595	214.51	216.625	231.24	263.111	302.27	324.63	318.693	301.317	295.147	302.5	306.512	293.354	274.435	276.363	303.989	333.132	344.217	339.455	327.98	317.122	311.671	310.792	313.392	320.269	325.376	318.132	298.769	280.497	272.95	272.698	272.242	267.877	259.149	253.03	262.287	286.643	306.005	302.227	279.249	256.448	247.848	253.98	269.062	286.401	298.343	300.593	298.33	298.882	298.694	289.209	269.933	247.964	234.75	238.46	251.169	257.403	257.063	263.355	280.656	297.544	297.234	268.812	214.844	150.527	91.842	
153.265	217.923	267.074	295.093	304.711	301.804	290.44	274.207	257.521	244.961	242.17	249.601	259.04	263.346	260.231	249.466	237.112	233.97	242.512	252.903	256.477	255.328	254.723	255.461	257.132	261.79	272.913	293.518	320.423	341.256	347.242	343.935	339.037	327.742	303.675	276.296	261.865	266.041	282.812	298.032	295.452	272.509	245.92	234.012	239.638	252.155	259.657	259.446	258.581	263.429	273.173	283.607	289.719	287.765	280.66	274.365	269.469	264.198	258.684	252.777	245.423	235.717	225.376	220.413	227.493	250.116	286.474	323.796	340.632	328.992	307.255	298.105	303.354	305.729	290.588	267.17	260.497	278.658	304.75	322.012	326.611	319.892	307.646	299.636	300.186	306.215	311.683	309.798	296.416	275.15	256.764	248.716	247.88	246.824	242.254	237.568	242.178	263.057	292.297	310.172	304.5	282.042	258.874	245.323	243.904	254.234	271.981	286.859	290.237	284.832	279.185	273.644	262.095	244.254	228.453	226.518	242.398	262.456	268.993	264.237	265.718	280.071	295.208	292.995	261.569	203.813	137.314	80.1241	
151.481	218.632	267.839	291.428	294.504	287.545	276.908	264.667	251.799	239.689	232.975	234.213	238.041	238.773	235.887	231.307	229.521	234.868	244.35	249.813	248.706	246.868	249.717	255.643	260.443	264.638	273.065	289.75	312.271	329.907	334.275	330.27	326.633	320.115	302.752	279.35	263.339	262.632	275.425	289.106	286.687	266.131	245.257	239.841	247.757	257.486	261.982	263.333	268.409	279.61	292.466	301.385	302.991	298.854	295.424	294.381	289.978	280.807	272.372	267.054	260.436	247.331	230.672	222.722	233.936	263.464	301.098	332.331	343.411	333.08	317.835	314.639	322.416	324.567	307.311	277.357	256.216	255.524	270.004	290.832	309.776	317.647	313.981	310.159	315.082	324.608	326.517	313.643	290.191	265.926	248.682	239.845	235.06	230.667	227.476	230.881	247.964	278.118	307.752	320	309.674	286.045	260.975	240.648	230.052	233.971	249.272	264.067	268.878	265.497	260.617	254.379	242.742	227.698	218.642	225.476	247.804	269.735	274.829	266.858	263.317	270.298	276.656	267.622	234.869	181.382	121.516	70.3825	
144.397	207.078	249.814	266.992	267.092	261.699	255.293	247.906	239.572	229.594	220.079	215.543	216.11	218.92	223.538	231.181	242.09	253.842	261.434	261.682	257.435	255.851	261.866	272.516	280.253	282.978	285.722	293.545	305.727	314.666	314.431	310.763	312.648	315.973	309.313	292.21	274.928	266.687	269.619	275.756	272.392	258.628	248.799	253.106	265.239	272.992	272.642	270.997	276.365	288.984	302.971	312.623	314.004	310.039	309.674	313.022	309.779	297.048	283.55	274.497	264.249	246.307	225.612	216.668	229.258	259.143	292.663	317.248	327.15	325.136	321.873	327.137	338.852	343.044	326.95	293.636	259.617	239.292	238.88	258.314	288.362	313.362	326.053	333.918	345.95	357.826	354.913	331.166	297.83	270.45	255.276	247.811	240.832	233.765	232.201	242.282	266.809	299.741	325.637	330.606	314.45	288.699	262.289	237.894	221.74	221.611	234.595	248.28	254.353	254.718	253.56	249.694	240.707	229.783	224.767	232.454	251.095	267.807	270.789	263.924	259.604	259.234	252.654	232.763	199.863	157.324	110.87	67.9346	
137.878	190.32	222.244	233.393	234.343	234.314	234.04	231.399	226.235	217.915	208.022	202.619	205.677	216.203	232.51	252.381	270.399	280.612	281.773	277.724	273.79	275.149	285.242	300.412	311.026	312.849	310.713	310.634	313.154	312.552	305.489	299.943	305.044	314.753	314.939	302.457	285.836	273.7	268.916	267.524	262.988	256.275	256.855	269.215	285.388	294.097	292.719	289.2	291.783	299.379	307.051	312.245	312.49	310.869	316.896	329.076	331.357	315.733	292.963	274.659	258.934	240.523	223.723	218.102	227.712	247.93	269.269	284.748	294.12	300.49	307.529	319.1	334.592	344.348	336.079	307.386	268.637	235.592	221.96	233.145	262.474	295.982	323.367	344.19	362.327	374.48	369.285	342.806	307.158	279.035	266.222	263.825	261.749	257.741	258.45	269.8	291.934	318.279	335.67	332.005	309.321	282.142	259.283	239.844	226.769	226.754	237.814	249.938	256.939	260.393	262.721	262.62	258.301	251.234	245.928	247.323	254.987	260.942	259.398	254.94	253.426	248.969	230.988	201.174	170.569	142.834	112.236	76.2828	
134.241	176.02	198.336	205.937	209.17	214.231	219.746	221.861	218.972	211.536	203.512	202.014	211.44	231.225	258.393	286.314	304.226	305.905	297.09	288.908	287.248	293.45	308.298	327.049	339.222	340.387	335.603	331.268	328.57	322.19	309.603	300.295	303.687	313.029	314.34	304.662	290.982	278.846	269.693	263.103	258.413	257.882	266.002	282.299	299.413	309.651	311.253	310.085	312.036	314.49	313.28	309.787	305.903	306.015	318.449	339.711	349.229	333.511	304.099	279.638	263.641	251.427	243.514	241.915	244.944	250.095	254.767	257.584	261.997	271.675	285.451	302.095	321.997	339.812	343.391	324.078	286.306	246.545	222.226	221.088	240.189	270.815	302.741	328.855	347.807	358.873	356.965	338.975	311.009	285.839	275.117	279.387	287.634	292.281	296.384	304.187	315.256	326.703	331.28	318.881	291.406	265.439	251.338	244.844	241.889	244.884	254.037	264.254	271.559	276.686	281.651	285.958	286.781	282.142	274.163	268.202	265.162	259.399	249.767	243.391	242.565	236.041	212.792	180.755	157.878	146.034	128.821	95.6222	
127.397	163.067	182.914	192.276	198.269	205.359	213.53	219.063	218.38	212.327	207.236	210.258	224.632	250.276	284.096	316.394	332.643	326.128	306.953	292.258	290.269	300.243	320.045	342.903	357.412	359.168	352.674	344.568	338.846	331.676	318.554	307.232	307.344	313.566	314.092	306.672	295.732	283.041	269.617	259.073	254.615	257.996	269.305	284.543	298.31	307.817	312.596	315.88	321.429	325.583	322.753	314.729	306.828	305.143	316.408	337.419	349.803	339.077	314.107	293.982	284.352	280.253	279.12	279.2	276.651	270.212	260.787	250.637	247.39	257.416	276.599	298.08	321.004	343.335	354.235	341.064	304.069	259.946	228.479	219.588	232.051	257.272	283.678	303.231	315.702	324.384	328.547	323.713	308.364	289.732	281.815	290.926	307.642	320.853	329.078	332.981	330.63	323.339	312.672	293.969	268.014	248.647	244.9	249.897	254.766	259.834	268.225	278.096	285.666	291.102	297.429	304.955	309.256	305.998	297.06	288.974	282.08	269.272	250.78	236.498	229.498	218.962	196.133	171.231	161.376	163.398	154.076	119.416	
113.504	149.709	175.965	193.1	202.917	209.282	215.996	222.396	224.533	221.729	219.001	222.225	235.003	259.383	293.496	327.393	345.379	337.937	313.322	291.809	286.631	297.752	320.463	346.585	364.82	369.576	362.13	348.989	339.96	335.265	326.961	317.786	316.572	320.267	319.574	312.618	301.445	285.594	267.494	254.429	250.887	256.268	266.818	276.736	283.494	288.761	293.183	298.757	309.154	320.71	325.142	321.185	313.89	308.923	311.542	322.403	332.485	330.873	319.251	308.857	304.755	304.254	305.731	308.155	307.105	298.5	281.689	261.557	251.134	260.013	281.584	303.897	324.228	343.086	352.65	340.186	303.722	258.691	226.568	220.795	239.511	266.961	286.096	292.021	292.099	295.004	301.463	304.948	299.841	289.595	286.345	297.247	315.748	332.845	345.657	349.787	338.345	314.12	288.438	266.259	248.222	240.342	244.726	252.056	255.181	259.005	269.642	283.348	292.749	297.236	301.738	308.392	313.232	311.632	305.451	301.151	297.607	285.035	261.783	238.203	220.566	203.614	183.337	168.963	171.121	180.757	173.198	135.749	
99.1998	141.497	178.936	205.763	218.995	222.478	224.588	230.483	237.879	241.557	240.012	237.26	240.969	257.499	286.246	318.469	339.993	338.679	317.394	295.742	290.498	301.583	321.428	343.505	361.037	368.102	361.04	344.637	333.322	331.877	330.733	327.467	328.035	329.879	325.727	315.528	301.536	282.695	262.364	249.894	249.979	258.865	268.248	270.93	268.023	265.655	266.051	271.094	284.324	301.483	312.714	315.111	312.229	306.969	302.65	304.544	313.681	322.706	324.037	318.674	312.282	308.484	309.769	317.191	325.339	324.3	308.1	282.332	264.474	266.959	282.8	298.569	311.162	322.579	327.733	315.771	283.505	243.344	216.749	220.657	252.862	289.71	306.828	301.034	287.643	281.569	284.869	289.688	289.365	285.743	286.967	297.146	312.219	328.885	346.101	354.647	340.866	306.426	270.255	246.78	237.434	239.762	247.064	248.451	243.499	245.698	262.624	284.13	296.34	297.369	295.129	296.09	299.271	300.104	298.501	299.368	301.63	295.022	274.525	247.389	222.11	200.223	182.384	174.987	181.565	190.026	178.941	139.262	
96.1192	147.557	194.725	226.619	238.748	236.338	232.078	237.344	251.862	264.125	263.723	252.989	245.857	253.771	275.999	303.846	325.987	331.269	319.384	306.951	309.156	321.465	332.172	339.531	346.374	349.981	343.587	328.648	318.31	318.917	322.96	326.202	330.339	330.65	321.509	307.012	292.281	275.761	259.104	251.301	257.185	270.568	278.833	273.98	261.344	251.674	248.77	253.219	265.893	280.923	289.729	292.106	292.175	290.323	287.545	290.499	304.472	322.737	330.927	323.714	309.389	298.755	298.236	310.071	328.521	339.292	330.301	304.443	279.575	269.918	272.096	276.384	280.784	286.93	290.791	283.262	259.891	228.951	209.536	219.863	259.436	302.952	321.913	311.653	290.922	279.2	280.14	284.931	285.852	283.755	284.789	291.644	302.008	316.476	335.961	349.061	338.11	303.132	265.578	243.733	238.984	243.993	247.765	241.177	230.797	235.509	261.023	289.765	301.722	294.894	282.047	275.126	275.78	278.524	280.377	284.417	291.304	293.183	282.539	261.11	236.282	214.243	199.057	194.091	197.761	198.134	179.331	136.519	
107.861	168.991	220.926	250.209	255.118	244.441	233.782	237.347	255.547	273.329	274.781	260.451	247.787	251.362	269.604	292.948	312.674	321.139	318.508	318.73	332.017	346.367	345.353	332.714	322.106	316.675	310.255	300.994	295.099	296.062	300.433	306.096	311.785	310.736	299.259	285.266	276.18	269.571	263.877	264.857	275.705	289.245	292.565	280.209	261.859	250.901	250.035	255.348	263.449	268.763	267.348	263.598	263.117	265.328	269.342	279.705	300.335	323.558	332.948	321.715	300.713	285.562	284.5	298.808	322.501	340.512	338.402	316.421	288.995	268.897	257.301	250.715	248.714	251.7	256.474	255.656	243.1	222.437	208.586	218.054	252.947	293.373	313.257	306.281	289.566	281.969	286.278	292.779	292.826	286.682	281.617	282.834	289.631	302.347	321.607	337.136	332.431	306.203	276.239	258.176	252.885	253.125	250.067	239.579	231.233	241.775	272.473	301.834	307.853	290.638	267.862	254.534	252.398	255.11	258.394	264.069	274.108	283.815	285.384	275.625	258.082	240.387	229.279	226.421	226.275	216.725	186.761	136.723	
125.705	194.158	246.131	268.641	264.821	247.249	232.272	232.577	247.711	264.244	267.181	254.846	242.471	244.794	261.006	282.048	300.483	310.588	313.721	322.678	343.408	358.238	348.098	320.292	294.871	279.705	271.928	268.783	268.917	270.14	271.263	273.666	276.7	274.981	266.733	259.295	259.045	264.295	272.796	285.595	300.857	310.739	306.442	288.231	269.313	263.053	268.286	274.468	274.533	266.647	253.859	244.1	242.552	247.235	255.598	270.083	293.067	316.712	325.229	312.338	289.901	275.487	277.491	294.37	317.907	333.686	330.192	309.829	284.376	262.295	245.159	232.735	225.968	225.874	231.395	236.626	233.476	221.482	211.191	215.535	238.138	267.571	285.777	286.903	282.741	286.066	296.266	303.674	300.587	287.813	274.75	270.372	275.914	289.506	308.945	325.964	328.874	315.692	296.559	281.471	272.375	265.856	258.133	249.754	248.31	262.708	290.037	311.276	308.426	284.401	257.914	242.486	238.141	239.052	242.109	248.831	260.922	275.151	284.719	284.336	274.232	261.885	256.564	259.826	261.638	245.924	203.672	142.003	
139.67	210.518	259.501	277.085	270.022	251.274	235.539	232.386	240.259	250.344	252.82	244.289	234.15	235.217	249.274	269.623	288.841	300.54	306.661	319.873	343.428	357.909	345.376	313.733	282.024	259.027	246.418	244.706	249.395	252.402	250.362	246.643	244.845	244.44	243.787	243.973	247.762	257.764	275.791	299.454	320.715	330.64	324.45	306.114	289.735	287.94	296.872	301.308	292.245	272.347	251.314	239.373	239.255	245.072	251.817	262.686	282.255	303.752	311.963	301.189	282.74	273.105	279.691	298.738	319.367	327.253	315.066	290.438	266.633	249.412	236.521	225.159	216.783	215.733	223.447	233.473	235.914	228.797	220.124	218.855	228.116	243.861	257.611	265.292	272.124	283.822	297.483	304.702	299.107	281.968	263.677	255.697	261.85	279.052	300.68	318.473	326.224	322.97	312.156	299.057	287.589	277.924	269.554	265.341	269.324	282.355	299.236	307.965	298.562	275.794	254.59	243.173	238.931	237.29	238.079	244.407	256.991	271.053	279.865	279.131	269.627	259.735	260.616	273.633	283.715	268.498	218.289	146.458	
147.332	215.171	259.266	276.446	274.921	262.9	249.97	243.154	242.237	244.104	244.553	239.621	232.769	233.24	244.904	264.119	283.523	295.814	303.877	320.349	345.986	361.93	353.663	327.603	296.909	268.163	247.269	240.832	246.263	251.249	246.848	236.28	229.399	231.905	240.025	245.657	247.637	254.306	272.902	299.99	325.184	340.376	341.966	331.886	320.849	320.315	327.178	326.746	310.71	284.376	260.886	251.121	254.489	260.041	260.506	262.569	275.639	293.952	301.908	294.679	282.708	279.05	288.772	307.775	325.239	327.225	307.684	276.818	251.591	239.666	235.549	230.871	225.882	228.147	240.208	253.17	256.372	249.643	240.685	234.864	233.505	237.046	243.912	251.413	260.341	273.001	286.996	295.051	290.396	273.505	254.236	244.659	251.224	271.643	295.476	312.301	319.526	319.005	312.384	303.077	294.745	286.857	278.811	274.747	277.832	285.117	291.14	290.808	281.366	267.674	258.759	256.473	255.059	250.683	246.99	250.948	262.553	272.659	272.745	261.716	245.111	233.895	239.212	260.406	278.824	268.663	218.94	145.05	
148.726	209.348	247.138	266.665	276.772	277.872	270.497	259.062	248.617	243.19	242.445	241.892	240.366	242.865	253.979	272.61	291.328	302.447	310.461	328.232	354.979	373.438	371.966	354.605	328.775	298.409	271.553	259.408	262.492	266.756	258.724	240.975	228.773	232.898	247.491	257.735	259.715	263.738	277.504	297.414	317.346	334.769	346.457	349.131	346.91	347.831	350.584	345.163	326.911	302.474	284.209	279.998	285.495	287.53	279.643	272.575	279.354	294.107	300.523	295.15	288.428	290.084	302.105	320.371	336.27	337.472	316.708	282.515	254.125	243.603	246.037	249.349	250.818	257.755	272.454	285.171	286.432	278.319	268.353	259.78	252.971	249.782	250.544	252.904	257.167	265.982	277.732	285.004	280.65	265.44	248.542	240.237	246.958	267.74	291.488	306.232	310.152	307.665	302.966	299.813	298.306	293.399	283.025	272.964	268.797	269.089	270.357	271.025	269.882	268.784	272.024	278.03	279.294	272.238	263.881	265.56	276.823	283.216	273.357	249.497	223.129	208.293	214.655	238.414	260.143	255.419	212.405	143.367	
142.696	194.099	224.89	245.525	265.837	280.42	280.352	266.382	249.46	240.326	240.29	243.895	247.427	253.508	267.55	289.192	308.64	317.021	320.664	333.718	356.68	375.612	380.222	371.277	352.432	326.407	301.507	289.266	290.325	290.999	278.371	255.684	239.371	241.321	256.201	269.714	277.636	286.381	296.982	304.27	309.919	320.459	335.033	346.948	353.904	358.268	359.06	351.898	337.174	322.11	314.615	316.201	320.069	316.158	301.756	288.717	289.923	299.828	303.592	299.243	296.658	303.084	318.05	336.689	352.133	354.321	335.405	301.345	270.724	257.893	260.908	268.419	274.888	283.752	296.726	307.272	308.606	301.883	292.61	284.429	278.703	275.936	274.411	272.123	271.46	275.695	281.941	282.352	272.185	255.865	243.196	240.512	249.291	267.452	286.997	298.676	300.347	296.412	293.788	296.817	300.942	296.693	281.468	262.665	249.388	245.45	251.16	263.832	276.039	283.49	290.002	297.207	298.869	290.526	279.923	281.172	294.369	301.591	288.166	256.998	223.245	203.77	207.618	229.198	250.501	250.271	215.077	151.226	
131.199	174.841	199.762	217.522	239.254	259.92	266.747	256.746	241.65	233.806	234.675	239.286	244.291	252.762	271.433	298.699	320.474	326.164	323.539	327.914	342.762	359.479	368.964	367.733	356.323	337.969	321.277	315.018	316.451	313.133	297.579	275.373	258.91	255.883	263.817	275.716	289.707	306.163	317.493	315.599	307.294	306.291	315.637	328.869	339.805	345.751	345.97	341.158	335.122	332.965	335.951	340.19	340.686	333.897	319.397	304.986	300.674	304.232	306.08	304.884	306.85	316.38	332.459	349.943	362.448	362.466	344.487	313.675	284.892	269.707	268.491	274.791	283.12	292.074	302.332	312.477	318.476	317.684	312.309	307.844	306.989	307.348	305.117	300.326	297.339	297.869	296.87	287.41	268.563	249.182	240.876	246.289	258.813	271.576	281.334	286.758	287.009	283.551	282.941	289.843	297.259	293.441	275.479	251.096	232.073	228.313	244.048	272.064	294.353	300.466	299.182	301.434	303.75	297.535	287.01	287.7	303.183	315.698	306.869	276.497	240.071	216.488	215.838	233.289	253.426	257.021	227.756	166.223	
121.23	162.278	185.235	197.655	211.48	227.853	237.953	236.808	230.381	226.403	226.726	229.638	233.595	242.111	262.367	291.759	314.382	319.885	316.281	316.821	325.763	339.982	352.635	356.541	349.908	337.986	330.058	330.9	333.383	326.572	310.114	293.082	281.434	274.813	272.879	277.629	290.861	309.209	320.794	316.099	302.089	293.395	295.261	303.31	310.566	312.904	312.173	313.073	318.699	328.321	337.092	340.437	339.113	335.222	326.962	315.744	309.027	309.675	313.774	318.256	322.982	329.892	340.337	350.791	355.168	349.207	332.321	309.673	289.161	275.051	268.29	269.502	277.009	286.715	297.63	311.372	325.223	332.741	333.096	332.79	334.653	334.116	328.299	321.049	317.243	315.883	311.366	298.413	276.91	256.532	250.816	261.726	276.205	281.513	278.35	274.803	272.817	269.348	267.955	274.986	285.313	286.133	271.977	248.748	229.103	226.829	248.523	283.13	305.438	302.661	290.259	288.393	295.008	294.475	284.62	282.226	297.362	315.415	314.388	289.234	254.023	228.497	223.974	237.577	256.397	261.75	234.999	174.064	
120.263	165.762	192.69	201.925	205.097	210.938	218.7	224.034	225.299	223.76	222.807	224.802	228.229	234.245	249.424	273.015	292.419	300.272	303.452	309.562	319.809	334.061	347.779	352.183	345.86	337.619	336.712	342.903	345.283	334.722	317.267	306.065	302.014	296.064	287.166	283.661	290.766	303.942	311.524	305.882	292.514	282.225	279.07	279.833	278.715	274.159	272.527	280.269	295.975	312.139	321.13	321.453	319.395	319.826	319.047	314.421	312.042	317.867	330.041	341.264	345.174	343.183	341.272	339.41	333.065	321.985	310.455	301.838	294.584	284.324	271.72	263.915	265.215	273.278	286.697	306.581	328.822	344.111	349.317	350.601	350.512	344.569	333.368	324.492	321.685	321.735	320.654	314.344	299.257	281.384	275.107	284.827	296.211	293.877	280.962	271.327	268.092	263.504	258.109	262.317	276.316	285.98	280.408	262.298	244.056	240.059	256.92	283.559	296.416	285.593	269.436	270.255	284.655	291.102	281.958	274.914	286.407	305.935	309.277	287.655	254.167	228.96	223.56	235.644	252.761	255.882	227.006	165.966	
128.402	184.318	221.044	232.424	228.397	223.017	223.396	228.284	231.767	230.847	230.119	233.568	237.043	237.959	242.894	255.366	268.401	277.951	289.242	304.511	321.077	338.517	352.307	353.456	343.886	337.487	343.105	354.755	357.859	344.819	326.01	317.675	318.996	316.222	306.464	299.832	302.609	309.702	311.033	302.544	289.782	280.191	275.35	270.819	261.544	250.089	247.144	258.795	278.538	294.514	299.513	295.314	290.732	291.983	295.999	298.818	304.596	319.562	341.448	358.422	360.041	349.124	336.146	324.394	311.554	300.922	299.58	307.157	312.873	305.654	286.067	265.197	252.823	252.345	264.746	288.72	316.616	336.864	344.744	345.62	342.533	333.14	321.737	317.25	319.88	323.976	328.51	331.654	326.061	311.877	301.903	303.67	306.802	298.364	282.796	273.963	272.738	267.79	258.924	261.48	280.487	299.237	300.523	284.667	264.953	255.076	259.787	270.497	271.937	260.376	251.552	261.18	282.565	293.615	285.515	275.204	281.502	297.407	299.55	278.253	246.503	224.424	222.047	234.753	248.324	244.265	208.915	147.065	
138.53	207.444	257.167	274.679	267.403	252.761	244.032	243.718	245.441	245.001	246.79	253.279	256.959	252.72	247.684	248.989	254.315	262.03	276.061	296.077	317.808	339.081	352.79	349.383	334.882	328.859	340.806	359.714	367.083	355.957	337.944	328.878	328.956	327.33	321.761	319.42	323.501	328.39	326.02	314.812	300.886	291.299	286.797	280.503	266.379	249.678	243.903	254.92	273.614	286.045	285.484	275.299	265.24	263.104	267.988	275.245	286.378	307.104	334.557	353.439	352.128	337.2	322.467	311.286	300.784	295.669	304.508	324.094	337.589	330.468	303.779	270.135	242.576	230.358	237.614	260.579	288.531	309.493	318.479	319.641	316.547	310.1	307.399	315.223	326.948	333.419	337.972	344.201	343.871	331.658	316.649	308.188	301.928	289.943	276.646	272.043	273.38	268.584	259.589	264.83	289.974	314.495	316.758	297.183	272.044	255.488	250.367	250.078	247.072	242.588	246.399	263.694	285.629	296.265	290.125	280.537	282.812	292.212	290.546	270.925	245.529	231.436	234.354	245.813	250.915	235.206	191.614	128.887	
144.936	224.904	286.214	310.176	302.477	283.383	269.5	264.379	262.301	260.623	263.935	272.994	278.541	273.603	263.282	255.436	252.053	254.662	266.08	284.425	306.142	328.704	342.174	335.326	316.466	309.777	326.857	353.77	368.404	363.536	349.331	337.267	329.057	322.872	321.221	326.528	335.926	343.098	341.997	331.127	315.723	304.436	300.308	295.897	283.062	265.8	257.761	266.349	283.385	293.557	288.493	271.99	255.261	247.379	248.65	254.548	265.698	287.47	315.458	331.493	325.416	309.89	301.465	299.807	297.339	298.035	311.993	335.68	350.559	341.895	311.544	272.204	237.798	220.127	224.037	243.486	267.108	285.818	296.053	299.29	297.905	296.55	305.399	327.102	346.109	349.479	346.128	347.231	346.306	334.376	316.642	302.628	292.207	280.534	270.139	266.986	266.798	260.01	252.118	261.648	290.854	315.761	313.755	287.361	256.127	235.731	228.87	229.641	232.724	239.344	252.935	271.226	287.401	295.241	293.17	287.74	286.933	288.448	283.67	271.25	259.542	257.162	263.325	267.777	259.084	230.249	180.367	118.359	
145.695	229.43	295.668	324.427	321.294	307.255	297.607	292.814	286.753	279.593	278.358	285.649	293.739	293.212	283.115	269.223	258.165	255.486	262.252	274.359	290.464	310.67	324.032	316.831	296.741	289.969	310.528	344.09	366.536	369.748	360.594	344.271	323.445	306.979	304.854	316.535	332.927	345.595	348.814	339.503	321.338	305.437	300.016	300.833	297.477	287.509	280.528	286.361	301.548	311.595	305.653	286.632	266.367	253.074	246.822	245.759	252.885	272.706	297.937	308.969	298.372	283.578	282.247	289.652	293.174	295.573	308.002	328.29	340.528	332.829	306.956	273.026	243.41	229.868	236.024	253.711	272.82	289.359	301.748	307.1	304.562	302.346	315.199	343.465	364.2	360.765	345.947	337.885	333.988	323.886	309.107	297.957	291.841	285.721	278.771	274.36	269.043	257.06	247.219	256.634	283.594	303.038	294.32	262.106	227.106	206.03	203.274	213.65	229.441	246.98	264.777	279.478	290.076	298.341	302.825	301.16	294.581	286.06	279.423	278.344	282.873	289.378	292.109	284.01	260.489	222.008	171.306	113.865	
142.098	218.871	279.835	310.723	318.032	318.783	322.519	324.845	318.01	303.861	292.988	293.01	300.126	303.218	295.491	280.178	266.647	262.186	265.18	269.546	276.961	291.906	304.828	300.455	283.656	278.675	299.972	335.527	363.548	375.432	372.16	351.932	318.848	291.42	286.621	302.848	326.261	345.02	351.663	341.616	318.356	295.715	287.386	294.132	303.989	305.856	301.998	303.328	313.629	323.751	322.05	308.018	290.394	274.163	259.237	248.68	249.264	264.062	284.005	291.156	280.271	268.417	271.091	281.242	284.796	283.804	289.235	301.511	310.856	309.909	298.069	278.706	260.114	254.389	265.566	284.229	301.067	315.906	328.691	333.23	325.441	314.897	320.475	344.658	362.886	355.167	333.01	318.203	313.523	308.746	300.982	296.682	298.769	301.8	301.697	299.141	290.39	272.028	255.504	257.455	275.041	285.534	271.669	238.28	203.676	183.568	184.637	204.058	231.875	258.172	277.438	288.643	297.201	309.491	321.275	321.338	306.315	286.353	277.128	284.672	299.1	306.043	298.709	276.87	243.28	203.105	159.23	111.266	
140.594	203.266	250.624	279.288	297.269	314.177	332.099	343.296	339.287	322.613	305.96	299.604	301.543	301.254	292.173	277.914	267.45	265.879	268.774	269.192	270.315	279.254	289.82	288.621	277.689	275.406	293.27	323.349	351.501	370.468	373.534	352.354	313.482	281.885	277.343	296.971	324.546	346.254	353.439	341.447	314.666	288.189	277.911	287.439	304.799	314.286	312.302	308.065	310.672	318.638	322.081	315.857	303.529	287.527	268.515	252.544	247.709	256.144	270.114	275.528	267.9	260.267	264.075	272.126	272.067	265.38	262.028	266.058	274.446	283.217	288.242	285.088	277.034	277.41	293.02	314.043	329.579	339.967	347.292	346.906	333.811	314.844	308.684	322.662	337.577	332.396	312.711	298.698	297.002	298.069	295.065	293.48	299.478	309.588	318.425	323.347	317.165	295.373	270.4	260.13	264.692	266.857	253.11	226.028	197.666	179.562	179.8	200.405	233.779	266.477	288.101	297.509	304.295	318.706	335.438	337.019	316.166	287.463	273.726	281.664	295.658	296.295	277.839	246.404	210.798	177.778	146.691	110.256	
145.845	196.026	228.894	251.286	273.376	298.374	322.191	336.286	334.501	321.41	309.277	304.479	301.34	291.618	275.697	261.305	255.323	258.736	265.696	269.414	271.358	277.278	284.363	283.839	276.849	275.805	287.564	306.92	328.038	347.19	353.279	335.012	300.866	276.043	277.06	298.607	324.479	342.498	346.643	334.541	310.753	288.161	280.005	288.982	304.752	314.009	312.086	303.992	298.516	299.677	301.15	295.67	284.797	272.292	259.22	248.514	244.98	250.916	261.823	266.612	260.807	254.656	257.074	261.746	258.471	247.791	238.51	237.676	245.912	259.82	273.872	280.846	280.916	286.65	305.841	328.21	340.473	342	338.39	330.921	316.355	296.403	284.603	291.155	304.909	307.189	297.259	289.584	291.412	294.819	291.783	287.328	290.106	299.884	313.081	326.171	328.344	310.364	281.509	260.971	254.772	252.585	244.305	229.307	211.47	195.65	189.81	202.223	232.527	268.428	293.874	302.34	304.089	314.417	331.022	334.181	313.338	282.863	266.369	270.416	279.203	272.963	246.78	211.412	180.546	159.721	141.666	113.184	
151.596	196.395	221.62	238.293	258.121	281.829	302.104	311.208	307.818	300.611	299.959	303.613	298.538	279.31	255.992	241.452	239.48	246.676	257.607	267.469	275.566	284.153	291.036	290.125	283.137	280.821	287.302	296.2	304.955	314.693	317.411	304.249	283.314	273.322	283.006	304.104	321.782	328.293	324.537	313.283	298.345	286.917	285.92	295.05	306.507	312.751	310.816	301.093	288.594	279.359	270.757	257.211	243.091	236.506	237.563	241.274	246.203	255.331	267.167	271.767	264.985	257.243	257.291	259.574	254.783	242.522	230.81	227.535	233.098	243.324	255.234	265.517	273.409	285.639	306.011	325.099	330.934	322.828	308.789	295.513	282.897	269.506	262.612	270.489	286.341	295.086	293.045	289.566	291.767	295.371	292.893	285.944	281.672	282.903	291.046	306.604	318.95	312.527	288.46	265.252	255.531	255.03	255.23	252.381	243.855	228.598	213.499	211.909	231.592	264.869	292.177	299.487	294.536	296.899	308.944	311.925	294.466	269.288	256.791	261.587	268.719	258.791	227.549	190.442	165.552	155.494	145.579	119.054	
146.871	192.6	220.128	237.522	255.413	274.954	288.195	288.476	279.815	276.133	286.318	299.515	295.579	271.619	245.939	234.783	237.605	245.95	255.504	266.431	279.589	294.49	305.771	305.518	296.023	290.698	294.029	296.042	292.474	288.78	284.467	275.907	269.039	273.3	289.067	306.305	312.397	303.902	289.155	277.814	273.722	276.932	286.34	298.52	308.135	312.053	309.193	298.485	282.633	266.745	249.379	227.845	210.823	210.436	225.413	243.19	256.471	268.992	282.145	287.321	281.126	274.128	274.431	276.16	270.058	255.91	241.791	234.554	233.041	233.835	239.179	251.852	269.187	287.222	303.265	312.928	310.987	297.181	278.289	262.538	252.499	247.339	250.845	266.216	285.133	294.812	292.924	287.963	288.727	295.39	299.469	294.647	283.338	271.676	267.843	279.207	298.99	306.677	293.273	274.52	268.765	275.864	285.679	290.868	286.405	269.435	245.675	230.087	235.169	258.49	281.905	287.775	280.033	278.063	286.013	287.036	271.943	253.811	249.776	261.024	271.317	260.616	225.77	186.298	163.035	156.402	147.911	120.284	
129.602	178.528	214.699	239.881	261.462	280.995	290.208	282.834	267.278	262.579	277.8	297.393	297.518	276.625	256.306	252.411	259.493	264.649	265.646	270.199	283.725	303.212	317.82	316.575	303.128	294.504	296.497	296.59	287.862	276.898	267.891	261.317	261.551	271.209	285.806	296.759	294.505	276.318	253.336	241.616	247.233	264.079	283.054	297.952	305.243	304.534	297.621	286.583	274.458	262.523	246.532	225.055	209.299	213.215	235.09	258.679	273.593	284.489	295.772	301.58	299.524	298.12	302.442	305.227	297.6	280.925	263.727	250.95	240.779	232.722	234.058	251.14	277.2	297.504	305.179	303.682	295.564	280.195	261.365	246.129	237.627	236.927	247.742	268.903	287.59	291.659	283.143	273.853	274.959	288.681	303.456	304.757	290.212	268.184	252.129	255.578	277.099	294.953	292.621	281.73	283.339	299.474	316.864	324.77	319.789	301.706	274.835	251.244	243.684	254.017	269.428	274.317	269.779	270.364	277.738	276.465	260.659	245.012	245.376	260.856	273.795	264.055	229.755	190.606	165.646	154.609	141.458	112.1	
108.061	158.317	201.671	235.486	264.379	288.871	299.344	289.235	269.067	260.306	273.274	294.046	300.983	292.279	285.129	289.456	295.728	290.8	277.714	272.301	283.203	303.056	315.588	309.568	291.968	281.721	284.767	288.84	285.745	278.62	270.181	262.841	261.739	267.209	274.468	279.695	276.662	258.852	233.905	221.713	232.319	256.644	280.065	294.089	296.23	288.871	277.847	269.327	266.567	265.913	258.904	243.912	232.406	237.992	259.469	281.095	292.576	298.874	305.546	309.592	310.431	314.027	321.865	326.074	319.105	303.363	286.525	271.517	256.847	244.859	245.197	264.443	292.736	310.982	312.428	305.109	294.304	278.868	261.926	249.222	241.755	240.659	251.285	271.524	284.988	278.796	259.772	245.226	247.847	268.228	292.182	302.207	292.857	270.13	247.337	241.701	258.321	279.562	286.498	284.855	292.425	311.492	328.658	333.281	326.032	310.888	289.63	267.778	255.586	258.106	267.609	271.975	271.257	275.23	282.691	279.467	261.322	242.59	238.951	250.87	262.367	255.405	228.778	197.617	174.314	157.479	136.468	103.078	
90.1772	138.393	183.164	221.007	255.414	285.412	300.423	293.69	274.407	261.477	266.487	283.613	298.973	308.222	317.059	325.885	324.022	303.699	275.755	261.79	270.279	288.835	297.675	287.667	269.098	260.235	266.241	277.69	286.479	289.585	285.008	276.435	271.185	269.49	268.028	268.588	268.65	257.194	235.112	221.98	231.072	254.133	275.506	286.091	284.302	275.017	266.152	263.92	269.817	277.424	276.933	267.422	259.924	266.275	285.507	304.122	313.21	316.551	317.973	316.11	313.308	314.817	320.532	324.605	321.97	313.836	304.485	294.521	282.394	271.282	270.415	285.1	306.475	319.768	321.32	316.875	307.782	293.147	278.666	269.428	262.651	257.496	261.488	275.413	282.094	266.366	236.968	216.193	218.289	241.254	270.2	289.857	293.594	280.783	258.458	243.981	249.945	268.165	282.168	289.633	298.567	310.004	316.118	312.138	303.17	295.033	285.691	273.515	265.572	268.827	278.046	282.366	281.566	284.22	289.733	285.664	266.508	243.002	230.373	233.234	240.887	238.889	224.924	207.279	191.098	172.888	145.054	104.562	
78.8392	123.788	166.703	204.789	240.858	273.094	291.866	290.975	275.856	259.656	255.39	268.113	292.19	317.792	337.291	343.974	330.525	296.876	259.194	239.997	246.276	264.007	273.047	265.575	251.77	246.687	254.912	271.426	289.234	300.1	298.674	290.304	283.745	278.33	270.805	266.629	267.759	262.634	246.44	234.228	239.255	255.53	269.81	275.334	272.884	268.562	268.203	273.453	282.874	290.501	289.06	280.193	274.99	283.3	303.566	323.352	333.977	337.425	334.974	325.414	313.811	306.678	304.585	305.464	308.042	312.127	316.921	318.452	312.938	303.379	298.71	303.799	313.618	321.582	327.602	331.558	327.834	315.48	303.159	295.618	287.148	275.718	271.768	280.484	285.145	266.929	232.745	207.311	207.132	229.581	260.148	286.567	302.499	301.723	283.446	261.572	254.287	264.921	282.306	295.716	301.079	298.062	287.829	274.517	265.916	265.955	268.718	267.638	266.901	274.476	287.071	293.754	292.811	292.763	295.806	291.727	272.726	245.122	223.481	217.108	221.75	225.883	223.68	217.107	207.8	191.594	160.99	114.599	
75.8903	119.749	161.585	198.664	232.663	261.908	279.507	280.703	267.71	249.209	239.85	252.339	284.663	320.626	343.573	345.179	324.016	285.517	245.264	222.188	223.393	238.778	250.976	251.361	246.049	245.256	253.179	269.045	287.704	298.976	297.167	289.186	284.01	279.631	271.144	264.253	264.904	265.19	257.407	250.007	253.277	262.401	266.958	264.585	260.433	261.216	268.647	278.693	287.229	290.348	284.953	275.035	270.946	281.173	304.346	328.212	342.975	349.166	346.626	333.281	314.808	299.186	288.61	283.986	288.388	303.309	323.434	337.133	336.659	326.272	316.804	313.882	315.313	319.488	328.268	338.079	338.867	328.449	315.941	305.925	292.874	276.592	270.455	281.627	292.222	279.904	249.153	224.517	223.035	242.682	270.503	296.563	315.733	320.583	306.241	281.571	265.098	267.993	284.357	298.123	297.252	281.527	259.237	240.774	234.593	241.85	253.72	260.16	262.612	270.703	285.644	297.795	301.925	303.206	304.781	299.267	278.864	247.564	219.445	206.934	210.168	218.609	222.481	219.765	212.312	198.061	169.702	123.99	
81.1961	127.557	170.48	205.69	233.511	253.93	264.311	261.894	247.317	227.862	219.302	236.131	275.631	317.969	343.109	343.337	321.66	286.041	248.187	221.81	215.324	225.199	238.527	245.426	246.938	248.521	253.629	264.187	277.279	283.811	279.118	270.158	265.651	264.048	259.373	255.039	258.373	265.181	266.134	263.867	266.208	269.335	264.533	252.995	243.928	244.641	254.051	264.593	270.374	269.603	262.934	254.524	251.55	261.208	284.273	310.605	329.93	340.972	342.514	331.603	312.743	294.54	280.649	272.06	274.195	292.991	321.453	340.89	341.189	329.75	319.294	315.314	315.805	318.892	325.616	332.856	331.799	319.984	304.824	290.511	273.996	258.345	257.752	277.654	298.127	295.892	274.932	257.172	255.486	267.419	284.577	301.646	315.645	320.538	311.097	291.616	276.178	277.098	291.05	300.956	293.759	271.208	244.102	224.205	220.545	233.9	253.011	263.262	263.039	264.793	276.714	293.111	305.348	311.803	313.199	305.451	283.534	250.801	220.615	206.213	208.146	215.156	216.927	211.791	202.943	190.792	169.139	130.87	
88.7682	139.475	185.211	218.605	238.312	247.091	247.587	239.167	221.484	201.876	196.332	217.602	261.7	309.203	339.385	342.938	324.056	293.132	260.272	234.79	224.041	228.245	238.766	246.412	249.419	250.071	250.779	254.677	261.295	263.956	258.149	248.402	242.56	241.793	241.937	244.515	255.197	269.68	276.042	273.574	271.289	268.611	257.995	241.507	229.483	228.553	236.221	243.915	245.157	240.188	233.275	228.358	228.177	236.74	256.444	281.766	304.495	320.806	327.146	320.342	304.547	289.293	279.014	271.298	269.794	284.616	310.925	328.261	327.593	318.549	312.454	313.04	318.351	324.496	328.547	327.363	317.342	300.409	283.64	269.372	254.944	244.533	250.987	277.545	304.813	311.724	302.253	293.391	290.728	290.415	290.754	293.531	298.931	302.542	299.194	289.687	283.262	289.407	303.933	310.339	298.214	272.275	243.747	223.581	221.762	240.153	264.887	276.337	270.411	261.933	265.087	279.752	297.068	309.384	313.4	307.236	288.484	259.899	234.232	223.581	224.286	222.832	213.678	201.368	190.619	181.599	167.906	138.221	
90.7016	144.314	193.238	226.653	241.03	241.138	233.965	220.856	201.036	181.915	178.443	200.624	244.731	294.705	329.932	337.18	319.349	290.45	263.353	244.875	237.515	239.769	245.613	249.142	249.407	247.656	245.182	245.325	249.713	253.355	250.083	240.877	232.613	229.696	231.881	240.943	259.627	280.115	287.187	279.45	270.257	264.119	254.116	240.573	232.172	233.055	238.979	241.439	234.439	220.661	209.433	207.319	213.303	224.65	241.576	263.598	287.327	307.011	315.507	309.641	295.158	283.444	279.026	275.062	271.031	278.528	297.062	310.207	311.318	307.992	307.004	311.396	322.214	335.067	340.918	332.63	311.686	289.223	275.342	268.292	260.985	255.787	264.488	290.62	318.464	330.522	329.458	326.762	322.613	312.617	299.448	289.338	285.551	286.124	285.766	282.904	284.545	297.838	316.228	322.438	307.603	279.544	251.346	233.083	233.494	253.863	278.905	287.703	276.203	259.402	252.999	261.261	278.617	295.749	306.078	307.001	296.42	277.333	263.199	263.016	264.871	251.82	226.319	202.992	188.662	180.709	170.532	144.289	
84.9614	138.283	188.866	223.397	236.772	234.69	225.904	212.581	194.251	178.178	176.578	195.939	233.727	279.028	313.544	321.466	303.434	275.621	254.5	245.946	246.489	249.708	250.678	248.562	245.922	244.066	242.922	245.369	253.438	260.943	259.127	248.377	237.149	231.792	234.011	245.964	268.118	289.91	295.087	283.584	272.699	270.323	267.949	261.872	258.608	260.957	263.743	258.89	241.233	215.923	198.072	198.655	213.363	230.735	246.45	264.239	286.542	307.297	315.957	308.598	292.583	280.867	278.272	276.616	272.461	275.272	287.754	300.026	306.25	307.675	306.872	309.967	323.079	341.923	352.021	341.462	314.643	290.961	283.691	286.207	285.758	282.918	289.593	310.506	334.277	347.756	352.059	353.464	349.83	337.913	320.73	303.474	291.146	285.79	283.297	280.836	284.857	301.898	323.936	332.221	317.767	290.831	266.669	253.169	254.453	269.727	286.064	287.647	273.13	254.535	243.748	246.298	261.083	281.131	298.289	307.008	304.554	296.45	297.466	311.208	316.967	295.736	257.028	223.136	202.422	189.829	175.125	145.151	
77.1542	128.03	177.826	212.14	226.173	227.129	223.608	216.601	205.635	197.156	198.871	212.556	236.832	267.51	292.59	297.778	281.65	258.954	246.433	248.227	255.623	258.387	254.141	248.416	246.808	248.801	252.529	260.886	274.191	281.961	274.353	257.102	244.05	241.38	247.413	260.991	280.951	298.554	301.786	293.104	289.715	298.037	305.197	302.184	295.078	290.442	286.11	274.863	251.244	220.925	201.878	207.104	229.13	250.419	264.193	277.375	296.483	316.099	324.047	315.074	296.271	280.757	274.697	273.198	272.814	278.064	291.003	306.052	315.72	315.062	307.228	305.099	317.978	338.945	350.641	341.01	315.964	296.427	295.039	302.381	304.208	301.837	306.757	322.206	339.89	353.189	363.628	371.378	371.328	361.813	345.391	324.844	306.093	294.763	288.633	284.722	288.825	306.536	329.396	339.489	329.226	309.234	292.474	282.156	278.304	280.315	281.662	275.418	262.961	250.243	242.121	242.997	255.246	275.241	294.723	306.099	307.621	308.376	322.129	345.645	354.254	331.863	291.107	253.555	226.451	205.098	180.384	142.226	
75.9148	124.769	172.751	205.629	219.97	224.948	228.653	230.589	230.365	232.803	239.679	247.025	253.995	264.018	274.361	275.004	262.744	249.008	248.121	260.241	271.394	270.521	261.311	256.111	260.201	267.602	274.553	285.655	299.389	301.079	282.733	258.336	247.582	255.044	272.041	289.743	304.636	314.093	315.481	314.258	322.571	340.718	351.121	340.988	318.493	298.861	286.815	275.763	257.523	234.754	223.328	234.909	260.786	282.553	293.292	300.466	311.929	324.675	328.659	317.972	297.051	277.093	265.954	264.766	272.761	289.085	310.684	330.268	336.843	324.489	303.812	295.759	308.722	329.688	340.156	332.183	312.726	298.847	300.126	307.48	309.149	308.512	314.793	326.475	336.967	348.189	364.787	380.733	385.337	376.506	357.743	333.116	310.418	296.371	289.238	286.288	291.915	309.064	329.283	339.487	336.724	328.674	319.384	306.381	290.864	277.165	265.892	256.823	251.379	248.578	246.786	248.963	259.431	276.879	293.924	303.266	305.479	311.577	331.036	354.589	360.786	342.128	310.739	279.185	250.449	222.399	188.585	141.906	
85.8622	134.892	182.4	215.399	230.587	237.15	242.777	247.672	253.678	264.892	277.742	282.385	276.597	269.593	267.576	264.545	255.029	247.657	255.419	275.186	288.596	284.748	272.953	270.239	279.707	289.635	295.062	303.327	313.337	309.58	286.356	261.341	255.965	274.045	302.344	324.592	334.199	334.972	334.406	340.163	356.538	376.296	380.228	356.266	316.414	284.092	269.917	266.645	262.171	254.481	254.971	273.729	304.062	328.919	338.338	335.766	330.589	327.5	323.142	310.955	290.155	268.298	254.449	255.522	274.385	306.379	341.412	365.811	364.55	335.664	300.503	286.272	298.348	318.422	327.688	321.249	306.057	295.999	299.404	308.471	312.982	316.888	326.62	336.035	339.467	345.882	363.887	384.364	391.501	380.112	354.753	324.363	300.015	287.435	282.902	282.292	287.86	300.66	314.413	323.344	329.456	334.444	330.698	311.755	284.652	261.067	245.867	239.877	241.948	246.545	248.899	251.58	260.317	275.608	291.145	299.779	302.499	309.766	326.669	341.334	340.024	325.924	309.366	291.033	267.55	238.558	199.736	146.248	
102.216	152.039	199.569	234.54	252.216	258.555	260.084	259.497	262.846	275.874	293.135	300.76	292.714	279.234	271.898	267.241	257.519	249.649	257.608	279.004	294.736	292.846	282.122	279.763	288.85	296.76	298.226	302.312	311.088	311.572	296.722	279.019	276.823	296.123	325.747	347.313	352.154	347.192	345.649	355.33	373.393	387.265	379.998	344.74	297.288	263.327	253.543	258.786	265.137	268.627	278.373	305.087	345.247	380.294	391.446	375.542	347.303	324.663	312.102	299.903	280.642	259.285	246.391	251.774	279.553	322.965	367.853	395.803	388.912	348.679	303.237	282.031	288.778	305.113	313.374	307.922	294.105	285.995	293.201	307.771	317.968	326.7	339.624	349.645	351.169	354.235	368.597	386.457	391.714	376.454	345.171	311.328	288.933	281.869	282.298	281.901	281.023	283.204	288.19	296.35	310.288	324.437	323.386	300.568	268.79	244.441	232.861	232.122	238.054	244.019	245.378	245.388	251.689	267.195	286.15	298.865	302.889	306.69	314.392	316.17	306.303	296.014	293.698	290.075	274.929	247.413	205.212	146.935	
114.169	161.265	204.714	239.371	260.346	268.66	267.612	261.308	259.012	268.669	286.451	298.674	296.362	286.37	279.693	273.775	261.097	248.465	250.694	268.149	284.796	287.627	279.784	274.827	278.768	283.275	282.841	285.839	298.695	312.359	314.47	306.599	302.659	313.517	334.637	350.404	351.572	344.245	341.937	351.46	366.71	373.801	359.632	323.078	281.425	256.281	253.173	260.877	267.075	270.815	283.447	317.502	369.747	416.342	429.054	400.683	353.483	317.394	301.022	289.651	271.395	252.144	244.015	254.712	285.048	327.992	371.775	399.425	392.777	353.118	307.6	283.111	283.135	293.348	299.172	293.492	279.654	272.266	281.475	298.616	311.326	322.428	338.672	354.711	363.534	369.542	379.107	388.443	387.38	369.091	337.028	305.578	289.615	290.914	296.541	293.097	281.034	270.587	269.235	279.496	298.982	315.573	313.137	289.35	259.648	239.763	233.223	235.887	242.34	246.735	245.313	241.591	244.883	261.007	285.001	303.612	308.882	306.509	302.406	291.854	275.25	267.245	273.863	279.771	269.879	241.857	195.924	135.663	
116.709	156.022	189.196	218.506	242.511	257.935	262.3	258.244	255.635	262.369	276.38	288.85	293.548	292.924	290.687	282.749	265.897	249.55	247.052	258.687	272.014	275.564	268.197	259.203	257.443	260.175	261.553	267.24	286.456	313.3	329.708	327.734	319.242	320.401	332.279	342.358	341.57	333.567	329.279	334.66	344.564	347.678	334.521	306.49	278.733	266.419	269.518	275.109	273.132	268.238	277.32	314.138	371.92	421.629	431.994	396.844	342.697	303.21	286.43	275.09	258.031	244.446	245.563	261.593	287.168	317.808	349.249	370.445	366.252	336.919	303.412	285.559	284.9	290.614	292.451	285.102	271.221	262.938	267.99	279.1	288.408	300.913	323.076	349.802	371.614	384.95	390.31	388.402	378.956	359.839	332.418	308.173	300.953	310.27	318.505	309.532	286.864	267.927	265.64	281.045	304.65	319.953	314.496	291.541	266.039	249.436	243.442	245.013	250.519	255.469	255.467	251.534	252.106	265.675	290.344	312.004	318.131	310.846	297.377	277.896	256.6	247.917	255.335	262.109	252.439	222.866	174.96	116.216	
114.602	145.32	167.279	189.852	216.762	242.038	256.674	260.395	262.73	269.323	277.425	285.171	294.769	305.816	310.824	302.118	283.387	268.751	267.709	275.61	281.204	277.75	265.822	252.517	246.282	247.379	250.623	259.272	282.545	315.682	337.562	336.246	324.437	321.055	327.989	333.698	330.885	322.8	317.413	318.427	322.196	322.127	312.974	296.129	282.032	280.695	289.81	295.235	286.355	271.229	272.276	304.33	356.927	399.311	403.773	368.076	317.992	283.127	268.524	257.97	244.727	240.924	253.869	274.233	291.429	305.502	319.762	329.232	324.671	307.804	292.554	289.271	294.913	299.464	296.882	286.846	272.818	262.018	258.312	258.399	262.367	277.733	307.612	344.478	377.379	397.205	398.641	385.524	367.64	348.771	328.084	312.577	313.417	326.956	332.691	316.358	286.864	265.751	266.569	287.162	313.486	328.412	323.492	304.449	283.348	267.145	256.705	252.194	254.209	260.976	267.071	268.21	267.961	275.982	295.776	316.203	322.679	313.821	296.548	273.778	250.965	239.932	242.011	243.026	230.591	200.984	154.644	99.673	
112.243	140.035	158.518	179.656	209.504	240.826	261.044	268.856	274.529	281.439	284.509	287.083	299.607	320.439	333.283	327.835	313.668	308.318	316.291	325.686	323.861	309.694	290.503	274.057	264.657	261.131	260.085	265.389	286.077	317.639	338.366	336.196	325.016	322.76	328.149	329.32	322.545	313.768	309.152	308.414	307.205	303.265	296.242	287.205	281.593	286.374	300.522	310.244	302.054	282.805	277.026	300.428	341.435	371.022	367.484	332.987	291.167	265.831	258.403	253.594	247.693	253.483	274.457	295.755	305.419	306.894	306.749	304.08	296.706	288.965	288.251	296.784	308.258	312.937	307.521	296.112	282.894	270.23	259.089	250.642	251.45	269.553	303.512	343.531	379.98	402.351	400.84	379.291	353.443	332.682	317.298	311.231	319.911	334.022	332.992	309.477	278.653	261.656	267.28	289.003	312.667	325.93	324.684	313.562	299.976	286.637	272.565	259.623	253.175	256.829	267.189	275.638	278.378	282.357	295.229	311.181	316.811	308.729	292.9	273.053	253.382	241.418	236.968	230.572	215.197	187.544	145.163	93.7565	
108.418	140.711	166.084	192.815	224.311	253.333	269.127	272.93	276.509	282.184	283.307	284.343	297.981	322.566	340.815	342.905	339.423	347.131	367.276	383.732	381.174	360.632	336.149	318.504	307.058	296.039	283.595	277.183	288.092	312.96	330.235	327.931	319.717	321.23	328.257	328.1	318.345	306.761	300.078	297.14	293.264	287.894	282.705	277.671	274.703	279.971	295.98	311.874	312.258	299.556	295.12	313.035	342.247	357.972	344.903	309.085	273.226	257.841	261.764	268.416	272.094	282.2	300.993	316.559	320.906	318.093	312.412	304.006	295.804	292.671	295.797	303.74	313.101	317.507	314.237	307.426	299.68	289.245	275.513	263.046	261.819	278.86	309.273	342.757	373.154	392.482	389.543	365.051	333.864	309.615	298.765	304.685	323.599	338.332	331.223	304.5	277.807	267.963	276.225	291.91	304.223	309.547	309.799	308.65	308.394	305.597	294.088	274.697	256.828	250.653	258.353	271.824	281.04	285.468	292.35	302.27	306.481	300.84	289.553	275.703	260.591	247.207	235.796	223.365	207.978	185.388	148.485	99.2211	
104.076	143.389	178.676	211.673	241.006	260.828	266.075	262.261	261.665	266.328	269.698	273.678	287.089	309.861	331.251	343.36	351.308	367.045	392.933	415.552	417.662	397.026	370.08	351.557	338.889	322.334	300.219	282.712	283.497	300.872	313.896	310.419	303.556	308.324	320.375	325.468	317.022	300.277	285.124	276.644	273.238	272.307	271.673	268.369	263.28	264.343	278.416	299.397	312.686	315.24	320.216	336.725	355.625	359.382	339.119	301.931	268.44	258.321	271.141	289.515	301.911	310.017	316.462	319.331	319.249	319.609	318.776	313.805	308.283	305.655	303.026	299.822	300.811	306.215	312.035	317.5	320.901	316.763	303.415	287.986	282.858	294.291	315.192	335.48	352.701	363.937	360.414	338.966	308.708	285.132	281.787	301.582	331.022	347.308	338.573	314.682	294.322	287.526	290.844	294.11	291.729	286.986	286.668	295.284	311.039	322.884	318.399	297.381	271.865	255.766	256.731	271.426	287.056	293.891	295.791	300.394	305.386	305.015	299.42	289.507	273.586	252.223	229.911	212.547	202.07	189.564	160.314	112.256	
105.706	149.136	188.321	221.083	243.891	253.38	249.707	240.989	238.426	244.123	252.54	261.567	274.417	294.258	319.388	342.462	358.768	373.049	391.52	409.583	412.429	392.956	364.565	344.232	331.701	316.904	296.773	279.606	277.663	289.848	297.393	290.272	282.692	290.083	308.33	321.029	315.601	292.795	266.385	251.171	250.588	257.778	263.367	261.082	252.772	248.76	258.738	281.355	305.598	324.159	339.86	355.392	365.1	360.984	339.993	306.246	274.632	264.225	278.629	302.532	319.067	321.68	313.361	302.355	297.96	303.436	311.28	312.8	309.054	303.533	293.828	281.654	278.155	289.127	308.455	328.49	342.812	344.114	330.82	312.154	302.16	306.016	314.942	319.964	322.496	324.77	321.435	306.605	283.757	267.863	274.87	304.771	337.981	352.588	344.772	327.679	313.132	303.249	295.163	285.919	275.57	268.197	270.489	287.735	315.557	337.288	337.948	318.851	292.963	273.702	271.168	286.378	305.212	311.165	306.939	307.986	317.453	325.719	326.171	316.051	292.067	256.047	219.758	198.396	196.037	196.436	175.496	127.579	
115.849	160.364	197.2	224.171	239.236	241.847	234.585	225.185	222.924	230.376	243.042	255.297	266.586	284.186	313.61	346.387	368.288	376.456	379.01	381.238	376.733	357.07	328.78	307.239	296.766	290.399	282.892	276.883	279.484	288.728	289.884	278.377	271	281.853	304.144	319.917	315.043	288.133	254.16	233.753	234.569	247.578	258.602	259.551	253.2	249.476	256.229	274.563	299.953	326.058	348.653	364.194	368.374	360.341	341.991	314.361	285.741	273.362	284.538	307.11	321.999	318.603	300.784	281.908	275.031	283.243	295.498	298.334	291.234	281.373	270.401	260.074	261.103	280.938	312.048	341.288	359.571	361.761	349.02	331.057	319.577	316.377	312.542	303.342	294.773	291.666	289.576	281.186	267.372	261.079	275.391	306.507	334.24	342.239	334.036	323.574	315.21	303.504	286.969	271.228	261.419	258.865	266.485	289.057	321.275	344.936	346.399	329.338	306.497	290.021	290.739	309.871	329.362	329.143	315.733	312.96	327.469	345.139	352.075	341.018	308.623	260.714	215.4	192.77	196.581	204.999	187.798	137.908	
126.853	172.918	208.685	231.627	240.877	239.111	231.245	223.625	223.011	232.063	246.634	258.362	265.093	278.135	307.714	344.64	369.703	374.553	365.03	351.701	338.044	318.427	292.768	272.277	264.869	267.726	274.558	282.549	292.642	300.973	297.535	284.224	279.213	292.342	312.569	323.59	316.511	290.617	256.786	233.861	232.125	245.313	259.603	266.769	269.545	274.075	280.709	288.638	301.72	322.559	347.545	367.757	373.919	365.183	347.078	321.997	295.784	283.48	292.889	312.827	323.586	314.69	292.576	272.363	266.249	275.694	287.665	286.617	273.127	259.761	252.076	249.085	256.536	281.166	315.881	345.156	360.052	361.033	353.667	344.884	338.269	330.296	315.466	296.682	283.386	279.211	278.26	273.178	264.651	262.72	276.256	300.892	320.178	322.132	313.124	307.838	307.86	301.904	285.518	268.098	259.439	260.102	269.322	290.41	319.437	340.701	342.294	327.355	307.188	294.377	301.004	325.853	344.973	336.536	312.604	303.436	317.879	340.12	352.153	343.248	310.808	264.307	223.118	204.5	208.964	214.117	191.678	137.476	
130.122	180.364	221.618	246.956	252.903	246.134	237.11	231.98	234.25	245.639	261.356	270.319	269.282	272.579	294.163	326.621	350.929	356.501	345.12	326.701	309.558	291.619	270.23	252.87	247.983	256.235	273.399	294.163	313.552	324.755	321.779	311.122	308.643	318.084	326.874	325.828	315.887	297.246	271.62	249.899	243.363	251.944	266.004	278.254	290.808	305.261	312.805	307.876	301.724	309.629	334.341	363.572	379.101	373.643	353.818	327.194	302.449	293.56	305.988	326.565	334.605	321.272	296.681	277.54	274.084	285.356	297.144	293.282	275.284	258.878	251.727	250.672	257.371	277.552	305.663	327.167	336.055	338.798	343.621	351.402	354.864	345.993	325.825	304.909	292.666	289.243	287.846	282.535	274.247	269.917	276.228	292.569	307.671	309.942	303.772	304.479	314.774	319.259	307.029	287.114	274.56	272.69	277.888	290.844	310.967	328.353	332.427	322.885	307.44	297.603	305.767	330.136	345.462	330.571	299.493	282.903	290.28	308.167	319.842	314.733	291.903	261.737	238.744	231.01	233.539	227	191.889	131.191	
127.238	183.036	233.257	264.616	269.259	257.907	247.752	245.186	250.313	264.131	281.419	288.129	278.547	268.093	274.914	296.314	315.754	322.251	315.376	301.965	288.513	274.184	257.532	243.746	239.143	247.536	270.199	302.029	331.921	349.019	350.604	345.822	345.036	345.282	336.157	319.551	307.17	299.268	286.835	270.387	260.21	262.564	273.453	286.53	301.89	317.88	321.603	305.605	285.073	282.779	306.753	344.463	371.72	373.866	355.787	329.71	308.417	305.185	322.316	344.223	350.431	334.927	310.52	293.897	293.242	306.621	320.628	318.714	300.168	279.724	266.452	258.681	257.505	267.465	283.811	295.087	299.895	308.509	328.142	352.546	365.773	358.342	338.271	320.718	312.138	309.549	307.006	299.944	288.829	278.843	277.126	287.78	303.437	311.175	311.995	320.446	339.889	352.045	340.993	315.829	297.262	292.158	293.567	297.744	306.958	318.724	325.68	324.721	318.135	311.713	314.58	327.567	332.658	313.799	282.55	262.445	260.238	266.973	272.252	270.093	261.641	254.601	255.178	261.838	264.864	247.723	199.298	130.392	
125.997	185.879	241.488	275.972	280.068	267.613	259.325	260.33	267.634	282.42	300.747	306.81	290.869	266.808	257.2	266.015	279.449	286.34	286.225	283.208	278.407	269.419	256.636	243.824	234.966	237.728	260.477	299.211	336.581	357.345	361.96	362.399	363.794	356.527	332.107	302.172	287.463	289.334	291.179	283.807	273.918	271.855	279.242	290.41	301.557	308.932	302.74	279.335	253.899	247.652	269.535	310.127	346.094	359.01	350.154	332.053	317.781	318.646	335.515	353.605	356.129	341.623	323.007	312.309	314.132	327.929	344.29	347.368	331.993	308.698	287.651	271.3	262.223	263.299	269.672	273.379	276.89	291.005	319.666	351.743	368.03	360.6	342.266	329.406	324.913	323.836	321.304	312.643	297.422	281.712	274.574	282.143	298.882	312.321	321.446	337.256	360.712	372.974	358.481	328.312	306.89	303.113	306.748	308.345	309.966	315.657	323.513	329.455	330.323	325.34	319.133	315.547	307.57	287.717	263.716	247.153	238.314	233.189	231.586	234.434	242.075	254.849	271.02	285.8	290.152	268.724	212.544	136.438	
127.739	188.469	243.132	275.345	278.348	267.844	264.313	270.578	280.533	294.618	311.631	317.522	299.146	266.159	243.501	241.958	251.445	261.311	271.151	282.278	289.908	288.05	277.101	260.483	242.372	234.78	251.703	289.9	327.345	345.347	346.963	347.867	351.3	342.608	312.392	276.613	261.154	270.05	284.481	288.452	283.191	279.649	283.832	291.832	296.887	294.233	279.781	254.482	229.474	219.777	234.647	270.688	310.076	334.307	340.336	336.142	330.144	330.405	339.405	347.653	344.878	334.392	326.566	324.744	328.072	338.652	354.019	361.995	353.65	333.538	311.186	291.996	278.991	273.675	272.728	272.112	275.481	290.734	318.417	346.803	359.079	350.207	333.975	325.309	324.446	325.102	322.626	311.785	292.099	272.066	262.227	267.722	283.723	300.6	316.403	335.881	356.088	361.934	343.357	312.32	292.329	292.964	303.141	308.957	309.862	313.571	322.37	330.321	330.283	320.446	305.159	289.589	274.061	258.364	246.384	237.488	225.3	211.734	208.48	222.242	247.122	271.407	287.711	296.426	296.474	274.211	217.477	139.549	
125.39	183.348	233.379	261.592	264.424	257.413	259.036	270.76	283.676	295.508	307.955	312.5	295.439	260.835	232.096	224.334	231.944	246.475	267.934	295.414	319.047	327.039	316.876	293.652	265.612	247.938	255.894	286.217	315.64	324.49	317.411	313.138	315.919	309.41	282.711	251.002	239.393	253.203	275.61	289.027	290.163	286.948	286.743	289.242	289.344	283.581	271.136	252.125	229.806	213.986	217.4	243.708	280.82	312.123	331.398	340.431	340.984	337.603	335.901	333.578	326.857	321.955	325.287	331.454	334.298	338.375	349.175	360.965	362.948	352.933	337.277	320.918	305.055	291.423	282.069	278.091	281.976	296.365	318.643	339.028	345.831	336.698	323.209	317.15	317.471	317.469	312.597	298.441	275.79	254.233	243.775	247.935	262.619	280.625	298.382	314.859	326.109	324.652	306.523	280.366	264.037	267.083	280.977	291.681	297.23	305.711	318.677	325.855	318.36	299.341	277.787	259.224	245.89	239.96	240.053	236.147	219.947	201.322	201.752	229.76	269.894	297.566	302.254	293.757	282.508	258.744	206.656	134.066	
114.79	167.055	211.888	238.515	244.949	243.88	250.858	267.34	282.577	290.829	296.053	297.028	282.927	253.257	226.42	217.19	222.659	237.552	264.619	304.307	344.136	364.535	356.813	329.062	296.415	274.838	275.761	294.87	311.174	307.32	289.446	277.565	277.131	272.846	254.17	233.257	229.414	245.996	269.89	287.15	293.089	290.449	284.514	279.484	276.499	275.344	274.639	268.713	252.235	232.004	224.992	240.121	269.669	300.414	325.402	341.612	345.475	339.139	330.719	322.85	315.339	315.118	325.378	335.667	337.197	335.856	342.441	356.734	367.388	367.362	359.975	347.765	328.488	304.694	285.503	277.962	283.472	299.486	319.678	335.069	338.561	330.557	319.797	314.04	311.72	307.436	298.066	281.617	260.242	241.509	232.619	236.789	251.43	269.19	283.171	290.128	290.428	284.756	271.652	253.388	240.425	241.466	252.566	264.187	275.471	291.926	310.181	316.113	302.168	277.482	255.414	241.302	236.642	242.042	249.747	244.435	221.69	200.194	205.911	244.384	292.076	316.983	308.552	283.896	261.298	235.116	188.838	124.972	
101.14	147.271	187.856	215.169	227.782	234.754	248.816	271.53	290.22	295.552	293.015	288.703	277.146	255.363	234.998	226.994	228.959	237.85	259.799	300.182	348.707	380.043	377.725	350.811	320.181	300.789	298.333	307.572	311.895	298.145	273.652	257.289	253.586	249.052	236.218	225.498	229.157	246.29	266.65	281.907	288.736	285.619	274.779	264.016	260.955	267.679	279.694	286.233	277.539	258.176	245.449	250.685	270.691	296.524	320.904	336.987	339.141	330.809	322.07	315.394	309.253	310.303	321.816	333.501	336.882	337.144	344.56	359.347	370.237	371.111	367.304	360.24	342.386	313.343	286.32	274.534	280.971	300.079	321.479	334.957	336.956	331.706	325.743	321.026	314.122	302.596	287.476	270.435	254.274	242.564	238.258	244.727	261.468	279.42	287.413	283.036	273.859	266.142	257.253	244.052	231.743	227.945	233.253	243.727	259.19	280.43	299.271	302.068	285.837	262.958	246.42	239.58	242.665	254.357	263.101	252.945	225.481	205.129	215.744	256.406	300.867	319.712	306.048	277.629	251.365	222.977	178.893	120.346	
92.1925	134.647	172.579	200.193	216.895	230.474	252.621	284.096	308.954	314.17	306.264	297.629	288.458	274.086	259.229	251.341	249.425	251.078	262.107	291.545	335.541	370.181	374.042	352.716	327.36	311.264	306.836	309.907	309.268	295.673	275.358	262.188	256.262	246.082	231.511	225.56	234.594	251.494	266.352	275.603	278.849	273.592	260.602	248.823	248.258	260.519	278.093	289.677	286.894	272.13	258.536	257.956	272.287	295.562	317.659	327.744	322.133	310.618	305.573	304.401	299.51	297.318	305.649	318.6	328.606	337.82	351.466	365.381	368.516	361.635	358.192	360.751	353.988	328.481	296.738	278.327	281.064	299.218	319.657	331.016	333.067	334.245	338.682	340.066	330.28	310.115	286.972	267.098	254.402	249.938	252.579	263.949	284.351	303.597	308.003	297.471	285.169	278.123	269.858	255.054	239.007	230.237	232.03	242.655	259.799	279.535	292.267	288.943	272.291	254.847	245.084	242.66	246.782	256.507	261.662	249.464	225.205	212.569	227.805	263.29	296.787	310.27	302.339	284.317	263.452	233.71	186.405	125.823	
90.7683	132.25	168.474	194.656	211.858	229.056	257.776	296.708	326.844	333.116	322.957	313.272	308.508	301.377	289.271	278	271.331	268.506	271.628	287.898	318.33	346.448	352.634	337.808	318.395	305.45	300.403	301.059	301.933	297.841	292.001	289.125	281.349	259.86	236.334	230.491	243.702	260.812	270.095	271.647	268.617	260.156	247.3	237.718	239.501	252.387	268.113	278.358	278.739	269.794	259.47	259.36	274.676	299.302	318.796	319.93	303.798	288.042	286.69	290.917	286.255	278.87	282.607	296.523	312.49	329.319	348.193	360.784	356.623	343.997	344.278	360.839	370.302	352.6	317.174	289.318	283.036	294.27	309.037	316.389	319.366	329.251	347.204	358.835	350.417	324.245	292.756	266.146	250.973	249.364	257.747	273.665	295.95	315.342	319.982	312.977	308.701	309.293	301.928	281.441	258.94	247.276	249.653	261.464	276.699	289.491	292.445	281.884	264.28	250.393	243.794	240.847	240.315	243.69	245.767	238.068	225.333	224.318	241.829	267.479	288.194	299.136	302.61	301.098	290.9	262.775	211.162	143.757	
95.5396	136.196	169.392	192.646	209.941	231.082	264.772	306.102	335.931	340.978	329.766	321.853	324.594	326.638	316.306	297.707	282.385	275.686	277.611	288.769	307.604	323.925	325.833	314.211	300.903	293.852	292.12	292.899	295.543	301.049	311.318	320.777	311.979	278.854	245.338	238.225	254.675	271.836	275.725	269.694	260.737	250.361	239.666	233.259	235.735	246.256	258.591	267.491	270.678	267.208	262.176	266.879	286.171	311.031	324.989	316.841	292.86	274.378	274.385	280.859	276.89	268.017	269.852	282.538	296.565	310.374	326.122	335.956	331.191	322.74	332.342	361.432	382.748	370.897	332.846	297.037	282.044	285.207	292.135	293.438	295.592	311.192	338.654	358.997	355.158	328.777	293.431	261.271	241.923	240.01	250.586	266.833	285.83	301.802	308.392	311.582	322.909	337.155	335.351	312.879	287.405	276.536	281.137	291.578	300.174	303.205	296.919	280.422	260.742	247.221	241.246	236.886	231.726	229.879	232.029	233.396	235.024	243.835	259.261	273.421	283.081	291.553	302.151	312.561	313.218	291.484	240.628	168.27	
103.47	141.412	168.89	188.369	208.17	236.777	275.908	315.888	340.89	342.74	330.602	324.815	335.1	346.359	337.532	309.878	282.7	270.22	273.884	287.623	302.16	308.244	302.162	289.865	282.459	284.739	290.603	292.934	293.715	301.511	320.705	338.848	330.956	292.599	255.138	248.962	268.21	284.762	283.073	270.062	257.655	249.692	244.981	242.653	244.165	251.316	262.266	272.677	278.681	278.47	277.627	287.158	308.251	327.749	330.7	312.675	285.023	267.351	267.691	273.937	272.892	269.64	274.81	284.345	288.425	289.096	293.623	298.972	299.022	301.357	320.624	355.016	379.65	371.186	335.143	298.683	281.12	279.916	280.226	274.661	273.079	288.653	318.031	341.333	341.138	317.837	283.981	252.342	233.986	233.807	245.168	258.654	271.122	281.311	288.736	300.358	323.227	348.012	354.837	339.472	320.365	314.304	318.178	320.354	317.22	310.864	299.562	280.487	258.791	244.719	240.626	238.041	231.335	226.316	229.308	238.541	250.845	265.016	277.391	284.255	286.727	289.066	295.844	307.47	314.763	301.779	257.194	185.409	
110.146	144.543	165.782	181.95	205.77	242.967	286.896	324.004	343.85	343.829	331.838	326.353	338.885	353.956	345.742	313.031	278.605	261.544	264.77	279.629	292.535	293.134	281.716	269.08	268.181	281.728	297.667	303.033	299.986	302.854	320.243	338.494	331.011	295.039	262.957	263.452	287.661	304.211	297.174	278.105	265.159	264.093	268.584	269.981	267.793	269.747	279.606	291.643	298.253	298.207	299.644	312.209	331.656	341.01	328.747	299.56	270.428	256.624	258.356	264.197	268.082	275.201	287.37	294.127	287.247	274.038	267.363	269.707	276.241	288.12	311.611	343.312	364.638	358.59	329.808	300.249	286.056	284.313	281.128	270.979	265.168	276.706	302.134	322.939	322.704	301.432	271.691	246.607	235.438	239.997	252.704	264.672	273.046	278.826	284.958	297.385	319.413	343.525	355.981	353.885	349.881	351.97	351.016	338.295	320.51	307.57	297.06	280.356	259.028	244.908	242.761	242.65	236.017	229.41	232.858	245.992	262.59	278.42	291.391	299.544	300.176	293.424	287.282	290.305	297.649	290.974	253.541	185.962	
112.64	145.613	163.86	178.268	204.1	244.813	288.335	320.325	336.053	336.821	327.352	321.458	330.604	342.571	333.923	303.462	272.397	257.097	258.033	267.4	275.33	274.041	264.168	256.518	264.303	288.871	313.928	322.187	315.22	310.092	317.995	327.443	316.536	286.455	266.692	279.349	310.997	328.42	317.336	294.631	283.672	290.411	302.404	304.049	294.993	289.83	296.874	308.211	313.52	313.319	316.904	330.06	343.966	341.212	315.055	277.946	250.324	241.905	245.53	251.2	259.923	276.717	295.225	300.645	287.714	267.714	256.728	260.239	272.556	289.428	312.204	337.335	351.752	345.217	323.227	302.519	294.24	294.843	292.745	283.155	275.56	282.36	302.088	318.245	314.932	292.979	267.312	251.251	248.962	257.438	271.022	284.797	294.916	300.032	303.078	308.638	319.012	332.336	343.646	352.319	363.858	374.694	369.135	343.466	315.4	300.928	295.667	285.337	266.945	251.333	245.732	243.267	236.353	231.222	237.718	254.125	272.037	288.188	304.371	317.987	319.114	303.334	282.444	272.346	273.317	267.535	234.914	172.771	
112.592	147.703	167.331	181.018	204.249	240.403	276.868	301.023	312.144	313.947	308.965	305.784	312.839	320.527	311.038	286.147	264.81	257.223	257.849	259.386	259.903	258.758	256.41	258.609	274.487	304.335	331.631	338.73	327.984	317.292	316.894	316.286	300.342	275.883	268.67	292.325	328.773	345.644	332.427	309.686	302.173	313.8	327.781	326.113	310.789	300.266	303.707	312.436	317.456	320.48	326.751	335.818	338.777	324.221	291.612	256.494	236.882	235.521	240.914	246.058	257.183	278.766	299.794	304.451	290.052	269.333	258.897	264.535	279.553	298.222	320.358	340.953	348.456	337.53	316.958	301.719	298.851	303.811	307.232	303.47	297.846	302.198	318.185	330.686	323.353	298.264	273.356	262.204	264.324	273.521	287.958	307.092	324.149	331.927	331.012	326.381	323.118	324.811	331.131	342.116	359.636	374.316	367.885	339.969	312.578	302.56	304.306	301.307	286.137	265.694	249.718	239.267	231.596	231.376	244.787	266.912	287.487	304.51	322.297	337.322	335.864	312.362	280.681	258.789	249.797	239.588	209.028	153.166	
113.107	152.208	175.424	188.814	206.78	234.541	261.922	277.658	282.097	281.266	279.44	282.584	293.875	301.871	292.086	270.658	257.391	258.696	263.395	262.434	259.075	259.767	265.889	276.276	292.856	316.275	335.653	337.649	326.05	317.295	317.362	314	296.601	275.89	274.211	299.42	333.063	347.235	334.508	314.517	309.607	321.422	332.501	327.718	312.114	302.19	303.296	308.679	315.053	323.487	330.682	330.964	320.887	298.662	268.55	244.29	237.557	244.71	252.858	257.936	268.567	289.203	308.859	313.101	299.573	279.54	268.194	270.989	282.979	301.29	325.388	346.423	350.808	335.532	312.996	298.966	298.51	306.814	316.548	320.783	320.164	325.153	339.672	349.939	339.643	310.812	281.635	266.422	265.308	273.345	291.071	318.173	343.641	354.96	350.775	338.405	327.556	324.546	327.768	335.022	348.278	360.521	356.034	334.276	314.062	310.067	317.814	321.44	309.394	283.249	254.773	234.324	225.45	230.945	251.966	280.218	304.364	322.654	339.137	349.684	341.706	312.196	275.736	247.919	230.597	213.271	181.799	131.843	
114.564	156.761	183.51	198.227	213.745	236.469	257.806	266.172	261.712	253.579	250.782	259.518	277.563	288.756	279.16	258.671	249.805	258.914	272.322	277.516	276.545	278.772	288.119	299.225	307.277	314.767	320.902	319.595	313.979	315.167	323.73	325.612	311.617	292.094	286.114	301.37	325.645	337.485	328.327	311.613	306.108	313.378	318.748	313.021	303.279	299.208	299.917	302.432	309.985	321.389	326.252	318.593	301.971	280.35	258.071	245.195	248.845	262.551	273.869	280.042	289.076	305.386	321.56	326.632	316.771	298.783	284.535	279.461	283.039	297.598	322.803	345.858	350.315	333.701	310.38	296.482	296.267	305.625	319.05	329.173	333.26	339.181	351.494	359.119	347.716	317.585	283.343	259.572	251.279	257.935	279.762	312.792	343.153	356.899	352.03	337.251	324.89	321.864	324.273	327.736	335.592	345.491	344.564	329.069	312.749	310.218	320.839	330.251	323.07	295.224	258.08	228.526	216.538	224.936	250.629	282.342	308.518	327.137	340.34	344.035	329.852	298.658	264.444	238.574	218.809	195.626	160.895	114.103	
116.545	160.243	189.931	208.435	226.849	249.864	267.487	267.999	253.724	237.695	232.496	243.999	265.271	277.007	267.002	247.677	242.302	258.143	282.012	297.945	302.101	302.384	306.692	311.342	308.359	300.827	296.746	297.597	304.003	318.934	338.089	347.462	338.173	317.843	302.9	304.316	318.583	329.569	324.423	308.967	299.594	299.635	298.192	291.627	287.738	289.265	290.669	292.112	299.686	309.912	311.408	302.33	289.968	277.154	264.381	258.806	266.694	282.042	293.638	299.41	306.048	317.359	329.676	336.522	333.138	320.975	307.067	295.945	290.674	298.014	318.924	339.141	340.822	322.318	299.569	288.175	290.833	302.753	318.545	331.285	337.154	341.433	348.602	351.679	340.275	313.349	280.295	253.122	239.845	243.971	265.071	296.675	326.449	342.737	341.609	328.6	315.183	309.266	308.484	309.574	316.829	329.212	333.45	321.905	305.114	299.643	309.203	321.515	319.74	295.699	257.208	222.121	205.301	212.573	239.208	271.574	297.541	314.001	321.56	318.691	303.356	278.657	254.143	235.791	218.6	193.388	155.596	108.244	
120.596	165.398	197.144	219.463	242.219	266.375	278.873	269.951	247.499	228.185	224.252	237.922	257.94	265.854	254.975	239.334	238.615	258.531	287.941	310.66	318.032	314.167	309.577	306.442	297.949	284.276	275.762	280.531	299.028	326.742	354.052	367.359	359.79	338.791	319.525	313.96	322.382	331.551	327.09	311.076	298.251	292.76	286.031	277.109	273.634	275.984	278.411	281.372	288.364	294.686	293.291	287.558	284.834	283.743	280.642	280.979	291.22	305.62	313.064	312.693	312.941	318.893	328.767	338.281	342.353	338.568	329.36	317.462	307.204	307.375	320.211	331.763	324.563	299.374	275.382	268.637	279.084	297.871	317.22	331.395	337.437	338.495	338.746	336.024	325.545	306.493	282.544	259.385	243.851	242.62	256.981	281.274	307.572	327.564	333.134	322.891	305.91	292.551	284.98	283.371	292.267	308.985	318.576	311.443	296.271	289.247	295.223	304.451	303.314	284.484	251.983	218.825	199.844	204.367	229.273	260.272	283.945	295.29	295.098	287.567	277.704	267.345	256.602	245.369	230.492	205.762	166.767	116.381	
127.851	174.116	206.39	229.555	253.436	276.25	282.955	266.502	239.939	221.964	221.941	236.945	253.134	256.321	246.876	238.724	244.142	263.837	289.124	309.207	316.639	311.639	302.671	296.541	289.811	277.513	266.255	269.827	293.653	329.261	360.257	372.072	362.756	343.862	329.326	326.343	332.304	336.684	330.289	316.113	305.251	299.64	291.534	280.019	272.178	271.412	276.093	284.054	291.411	291.927	284.735	278.808	281.617	288.976	294.84	303.242	319.222	334.612	336	323.938	312.652	312.556	322.878	337.403	348.458	350.44	343.423	330.867	318.996	316.55	324.426	328.31	311.97	278.747	251.266	247.772	266.391	292.842	315.932	331.668	338.416	336.764	330.276	322.383	314.731	306.15	293.378	275.213	257.11	249.395	256.708	274.454	296.736	317.409	326.196	317.125	297.341	278.372	265.291	260.951	269.883	288.166	301.077	299.653	291.075	287.589	290.802	292.299	284.866	267.846	245.048	222.061	207.501	210.751	231.583	257.648	275.696	279.951	272.811	264.225	263.927	269.675	270.61	261.451	244.455	219.204	180.225	127.372	
134.955	182.333	213.853	235.696	258.519	280.231	285.633	268.01	241.136	223.93	223.878	235.808	247.36	249.826	247.261	250.031	262.109	278.744	293.849	305.352	311.695	309.995	302.76	297.63	294.511	284.389	268.234	263.29	282.445	317.68	346.999	354.407	343.892	331.691	328.083	331.546	334.837	332.505	324.808	317.067	314.25	313.85	308.407	296.217	283.885	280.301	289.807	306.694	317.256	310.999	291.964	276.652	276.433	287.095	300.818	318.814	342.53	360.357	356.76	333.858	311.623	306.051	317.625	337.017	351.482	351.674	338.742	321.649	310.385	311.643	322.05	326.222	309.383	274.971	245.427	241.043	261.36	290.252	314.915	332.45	340.924	337.385	324.75	312.519	308.055	307.657	301.174	284.398	264.192	253.396	258.355	273.674	291.284	305.663	310.237	301.48	284.975	268.58	255.797	250.331	257.048	272.763	285.389	288.058	286.726	289.094	292.284	287.546	272.954	255.574	242.016	232.38	227.239	232.028	246.938	262.352	268.806	263.844	252.289	245.883	254.353	271.409	278.988	268.351	246.166	218.123	179.595	127.769	
136.982	183.94	213.897	234.223	256.731	280.692	291.256	278.828	253.687	233.848	227.419	231.553	239.105	245.733	253.99	268.019	285.999	300.827	308.988	315.112	321.902	323.232	316.322	309.375	305.971	296.002	275.449	260.141	267.117	292.5	314.758	318.542	311.119	309.408	317.899	327.16	327.503	319.195	310.853	309.817	315.757	322.03	321.335	311.571	298.818	295.611	310.717	336.729	352.336	340.736	307.61	277.652	269.349	280.283	300.289	325.881	353.896	371.444	365.134	339.536	314.711	305.631	313.667	330.22	339.852	330.868	307.746	285.95	277.807	286.341	304.067	315.823	308.632	283.592	258.088	250.899	264.914	288.481	311.19	329.962	340.656	336.77	319.813	302.999	297.698	298.599	292.42	276.058	257.931	249.278	255.376	270.557	284.005	289.438	286.837	279.869	272.842	266.288	258.873	253.912	256.87	266.384	274.239	276.191	277.254	282.325	286.639	281.63	267.38	253.402	247.138	247.045	250.539	259.36	270.078	272.531	262.546	245.388	229.652	224.84	236.772	257.817	268.926	258.67	233.281	202.411	165.049	117.72	
133.628	178.821	206.52	224.689	246.445	273.315	291.114	286.72	265.386	242.82	228.574	224.392	228.731	239.285	255.132	275.76	297.792	314.967	325.498	335.349	345.38	345.465	332.269	318.322	311.923	303.8	285.41	265.636	259.362	268.518	279.832	282.046	281.13	289.808	308.021	322.925	323.669	312.359	301.697	301.628	310.371	319.287	321.689	316.311	308.337	308.807	326.065	353.727	370.096	355.227	313.861	274.787	261.204	272.131	295.784	324.901	352.714	367.288	360.954	341.345	322.869	312.228	310.171	313.473	310.291	290.421	260.702	238.542	234.947	249.277	272.264	291.06	296.085	287.112	274.085	268.753	274.911	288.615	304.981	320.818	331.187	328.868	312.306	292.434	281.868	277.951	270.193	257.688	246.753	242.774	249.243	263.951	276.703	278.873	273.023	268.668	270.694	274.395	273.567	269.836	268.531	269.936	269.949	267.052	265.034	267.43	271.373	271.155	266.314	261.402	259.435	260.223	265.972	279.614	292.574	288.947	265.873	236.113	213.532	205.704	214.575	233.786	247.042	240.199	215.346	183.878	149.129	107.612	
127.091	171.289	198.264	214.659	233.881	260.119	281.704	284.618	269.608	248.124	229.957	220.782	222.018	230.867	244.634	263.191	285.631	307.84	328.256	349.282	365.034	362.062	340.873	320.075	311.988	308.971	299.32	283.189	268.869	262.452	262.277	263.496	268.119	282.677	306.215	327.485	333.967	323.849	309.264	303.261	306.22	310.191	310.397	308.091	307.669	313.942	328.776	347.002	354.338	336.331	297.852	264.252	254.928	267.513	291.266	319.784	345.812	358.283	353.389	340.87	330.257	320.104	308.209	295.815	278.629	251.655	221.797	203.299	203.689	219.441	240.902	259.259	270.953	277.402	281.941	286.478	291.499	297.907	305.101	310.695	313.564	311.528	300.685	284.034	270.32	260.989	252.524	246.374	244.047	243.86	248.475	262.051	278.451	285.701	282.277	278.75	283.311	291.908	295.819	293.68	289.229	283.873	277.401	270.277	263.763	260.413	262.266	268.698	276.558	280.362	275.956	267.189	266.726	283.19	304.554	306.955	282.592	245.824	215.168	200.116	202.114	216.377	228.739	223.055	198.414	167.711	137.09	101.644	
119.887	165.763	196.423	214.708	231.813	253.895	273.982	280.925	272.845	256.181	239.428	230.048	229.115	231.26	234.244	243.026	261.786	288.209	319.112	351.233	372.415	369.003	345.622	322.804	313.952	314.611	313.951	306.368	292.059	276.237	265.877	263.448	268.54	282.626	306.221	332.69	348.544	345.172	329.67	315.638	306.794	298.861	290.995	287.92	293.873	306.713	318.65	322.559	314.166	292.717	267.182	253.47	258.266	274.226	294.026	317.179	339.823	351.016	346.038	334.831	327.842	321.662	308.557	287.874	261.839	232.674	206.777	193.459	196.405	209.56	223.71	235.34	247.21	262.743	281.647	299.406	311.926	318.91	318.956	310.137	298.419	291.899	288.896	283.539	274.578	263.131	252.731	248.746	250.15	251.25	254.499	268.438	290.683	306.506	307.743	302.814	304.054	311.756	317.446	317.251	312.752	305.893	299.159	292.982	284.55	275.822	275.366	287.616	304.483	309.607	294.147	268.746	256.615	271.536	300.814	316.265	302.81	268.987	233.882	211.515	206.439	214.673	221.9	211.445	182.912	151.478	124.496	94.7642	
117.397	166.731	203.56	226.65	243.224	259.397	272.999	278.461	274.63	264.714	254.75	250.868	251.281	247.591	239.447	238.321	252.973	280.932	315.799	349.916	370.168	367.274	347.903	328.28	319.206	320.357	325.647	327.832	319.225	298.91	277.523	265.87	265.392	274.318	293.779	322.062	347.566	356.559	347.97	330.766	310.346	288.311	269.666	262.274	270.416	288.197	300.307	294.581	273.237	250.5	241.763	252.5	274.068	292.79	305.22	318.575	334.618	343.233	336.601	323.03	316.86	317.378	310.953	290.583	261.866	233.776	213.135	205.168	209.631	218.386	224.474	229.674	239.038	255.159	278.433	305.387	329.097	343.27	341.426	321.04	294.22	279.817	282.857	292.108	293.656	282.567	266.352	255.899	253.033	253.328	258.576	275.908	302.995	324.221	327.741	320.012	315.923	319.649	324.842	327.512	328.075	327.983	329.248	329.243	321.119	307.853	304.382	318.343	336.457	335.299	306.322	266.895	244.912	254.645	285.481	312.067	314.704	291.753	257.816	231.07	221.316	225.201	226.497	208.508	173.077	137.612	110.451	83.7892	
122.676	174.563	214.904	240.998	256.876	266.524	270.271	268.579	264.577	261.557	262.44	268.757	274.863	271.463	261.129	258.757	273.011	299.003	327.913	351.248	360.248	353.497	339.608	328.091	323.524	326.724	336.236	345.888	342.733	318.653	284.638	259.706	250.223	252.554	266.44	293.115	324.669	346.37	350.109	337.255	311.878	280.694	254.369	242.366	248.183	265.896	278.583	270.25	244.737	225.166	231.011	259.977	292.505	310.762	314.534	317.179	325.864	333.033	328.821	317.421	313.194	318.122	316.854	298.645	270.257	244.543	229.216	226.811	233.174	238.695	239.81	241.858	247.639	256.817	274.372	303.709	336.611	358.877	358.723	333.319	297.045	274.72	278.812	297.891	308.805	299.074	276.56	256.792	247.076	246.738	255.96	276.786	304.744	325.401	327.084	315.513	306.351	306.1	310.977	318.274	328.259	341.034	354.815	361.659	352.585	333.78	324.756	334.163	346.443	337.629	302.49	260.597	236.646	241.419	268.564	300.461	316.273	304.644	274.203	246.187	235.754	239.765	238.76	215.523	173.996	132.686	100.836	72.7346	
130.769	183.354	222.755	247.363	260.904	265.451	261.157	252.007	245.819	247.844	258.301	273.658	286.07	288.742	286.907	292.847	309.465	329.465	345.314	351.083	343.552	328.987	319.172	318.607	323.834	332.231	344.023	355.379	353.194	326.142	283.97	249.728	233.171	229.91	238.421	260.544	290.891	317.254	329.917	324.829	302.892	272.598	247.13	234.767	236.542	248.238	257.198	248.644	225.828	213.009	229.29	267.652	303.639	318.563	314.605	308.496	311.778	321.537	327.814	327.644	328.508	332.682	328.811	308.483	279.426	255.696	245.285	248.492	257.924	262.991	261.907	260.972	260.499	258.725	266.211	293.707	331.785	359.017	361.072	336.488	297.847	268.843	266.788	285.106	299.471	293.15	271.54	250.634	239.995	240.509	250.851	270.103	293.556	309.269	307.16	292.795	281.755	281.325	288.687	301.268	318.919	340.707	361.709	370.325	357.743	333.551	318.923	321.801	327.681	316.668	286.232	252.925	234.356	237.443	260.36	292.849	314.425	308.016	279.325	252.062	244.095	250.981	250.445	225.661	182.248	137.573	100.087	67.2857	
134.974	187.993	224.397	243.788	252.929	255.211	249.864	240.295	235.203	240.238	254.033	271.331	285.938	295.398	305.199	320.742	338.244	350.753	354.722	347.01	327.408	306.549	298.606	305.446	317.921	329.541	339.707	346.26	340.407	314.016	275.861	245.887	230.727	224.836	227.835	242.112	263.215	283.238	296.276	297.071	283.453	262.856	247.216	240.554	239.788	242.395	242.943	232.174	212.881	206.367	229.263	272.045	308.72	321.178	312.258	298.939	296.273	308.195	327.08	342.334	351.154	353.664	343.905	318.501	287.133	264.713	258.43	265.618	277.161	282.922	280.455	274.424	265.332	253.392	252.569	276.922	315.771	343.709	347.357	328.11	294.18	261.997	249.293	257.315	268.997	268.754	257.759	246.644	241.336	241.656	247.298	259.116	274.406	283.576	278.601	265.823	259.797	265.512	277.925	292.962	309.564	327.016	342.029	345.12	329.379	305.026	291.291	293.862	300.034	294.234	274.533	253.107	242.295	246.768	267.007	296.705	316.448	308.414	279.414	254.159	248.386	255.162	253.239	229.265	189.571	147.249	107.244	69.428	
134.173	188.786	222.928	235.936	239.019	240.094	239.134	236.939	238.649	247.038	259.766	273.32	285.793	298.335	314.104	332.369	347.698	356.633	357.724	346.764	323.38	299.862	290.725	296.437	307.125	315.993	320.557	318.227	306.049	283.984	261.771	251.249	249.073	245.793	243.365	246.915	254.239	262.391	270.412	273.488	267.538	258.8	256.517	258.956	258.055	251.941	241.9	225.438	206.129	202.127	227.676	272.233	310.052	323.868	314.781	296.442	285.412	292.882	316.283	341.734	358.913	364.389	353.88	326.724	294.632	273.786	270.001	277.615	287.757	292.95	289.651	279.135	263.053	245.254	240.026	259.893	293.661	317.297	321.719	311.313	289.118	261.395	241.5	237.125	242.693	248.561	251.938	254.212	254.014	250.531	247.984	250.99	257.73	259.993	253.216	245.822	249.887	265.069	282.18	295.405	302.894	305.139	304.357	298.018	282.224	265.063	261.017	272.029	285.669	288.782	279.114	266.154	260.451	265.919	282.968	306.644	319.9	307.849	279.624	257.619	251.332	252.394	245.914	224.486	193.009	157.807	118.871	77.2019	
131.033	187.633	221.641	231.234	229.612	228.262	230.257	236.089	246.5	259.659	272.256	282.904	292.7	303.983	317.376	330.759	343.098	355.085	362.624	356.135	334.012	310.122	298.314	297.829	300.893	302.653	298.722	285.634	266.077	248.617	245.143	259.732	278.011	283.833	278.611	271.289	265.637	263.848	266.473	267.936	264.551	263.397	271.478	281.886	282.178	269.833	250.106	226.346	204.313	199.725	224.059	266.682	304.383	321.987	317.854	299.693	282.001	280.103	297.473	323.361	346.347	359.609	355.572	332.234	302.263	282.952	279.506	285.212	292.38	296.276	293.211	281.446	262.849	244.103	237.807	251.708	274.823	289.638	293.88	293.627	286.92	270.768	251.648	239.458	238.592	247.311	261.482	274.207	276.892	269.022	260.071	256.768	255.74	249.994	239.777	235.73	246.827	268.388	288.663	299.89	298.485	285.874	269.611	254.537	240.982	235.243	246.012	269.769	292.582	303.147	299.711	289.824	283.021	283.902	293.742	309.095	315.96	302.565	277.879	258.913	249.185	242.214	232.024	216.151	195.329	168.301	131.001	85.8701	
126.676	183.598	219.77	232.813	232.76	229.274	229.008	236.405	250.768	266.943	281.341	293.471	303.542	311.574	317.167	322.239	332.885	351.618	368.483	368.024	348.677	326.648	315.087	311.695	309.68	304.51	290.393	265.373	237.535	220.831	228.177	259.923	296.565	316.036	314.086	300.423	286.664	279.991	278.581	275.038	268.959	269.857	282.46	296.509	298.021	283.876	260.107	233.154	210.419	204.882	224.938	261.008	294.331	313.417	315.458	302.673	284.533	275.18	281.693	300.183	324.221	345.6	350.691	333.336	306.557	289.039	286.577	292.731	299.458	302.21	298.575	287.124	270.001	254.94	251.521	260.89	272.051	276.51	279.499	287.031	292.859	288.134	273.889	259.411	254.354	262.665	281.296	299.943	305.824	297.741	287.169	280.347	271.759	256.148	238.289	230.504	240.69	264.248	288.848	302.32	297.148	275.42	248.294	226.366	215.933	223.454	250.697	286.532	315.328	329.569	329.567	319.574	305.962	295.297	293.698	301.567	306.714	296.502	275.441	255.308	239.058	225.831	216.45	209.264	198.799	177.131	138.896	89.9801	
119.766	173.759	212.755	235.097	243.961	242.276	238.223	241.452	252.733	266.561	280.88	296.21	309.758	316.439	315.011	313.173	322.929	346.235	368.298	371.234	355.182	337.998	331.729	332.149	330.993	321.824	298.796	263.662	228.318	207.525	212.98	245.49	288.99	320.854	328.685	317.178	302.605	296.046	292.624	283.754	273.531	273.801	286.734	300.572	302.99	291.837	272.428	250.842	232.76	226.954	239.928	265.061	288.31	302.383	306.622	301.063	289.044	278.396	275.082	281.559	299.83	324.274	336.959	326.99	306.456	294.791	298.127	309.217	317.275	316.331	307.768	295.305	282.614	276.175	280.88	290.616	293.729	289.945	290.402	299.84	309.322	308.373	296.469	282.529	277.365	285.493	303.673	322.503	330.382	325.571	317.494	309.591	294.618	268.78	240.034	223.275	229.263	256.026	288.372	305.985	297.457	267.941	232.359	205.764	200.347	222.326	264.751	308.672	339.121	354.483	357.457	347.772	326.839	303.213	290.442	294.756	304.151	300.778	281.625	255.53	230.805	214	208.18	208.279	203.004	181.096	139.274	87.6898	
109.695	156.988	196.159	227.106	246.642	250.964	247.334	247.562	253.906	262.28	272.814	288.087	304.926	314.732	313.958	311.565	320.803	342.847	362.642	364.577	351.254	340.042	340.725	346.967	348.105	336.596	309.348	271.572	234.568	209.363	204.827	224.449	260.998	297.487	316.512	315.136	308.257	307.264	305.058	293.117	279.518	278.534	290.888	303.582	305.982	298.432	287.289	277.11	268.092	262.479	266.078	277.047	285.57	288.13	289.03	289.686	287.639	281.683	273.034	267.57	275.244	296.813	316.099	319.274	313.343	314.044	326.257	341.789	347.702	337.763	319.027	302.858	295.077	298.889	313.564	327.447	328.702	321.891	319.909	325.097	328.131	321.112	305.996	293.114	292.685	304.805	321.193	334.002	338.631	336.322	332.697	326.479	308.643	275.981	238.415	214.507	219.829	253.634	293.948	311.51	294.619	255.426	213.873	187.484	190.261	224.976	276.524	322.416	351.693	367.553	373.239	365.007	340.429	308.614	288.438	291.331	306.212	310.997	295.749	266.842	237.939	220.674	216.391	215.763	206.114	178.607	133.756	82.8622	
99.0504	137.655	173.279	207.255	232.995	243.435	243.9	245.25	250.74	257.49	264.798	275.874	291.82	306.826	314.994	319.703	329.633	346.002	358.07	355.437	342.689	334.732	338.449	346.243	346.123	331.78	305.398	274.187	244.163	219.476	206.107	210.431	233.027	264.367	288.704	299.585	306.661	316.252	318.272	304.954	288.128	285.647	298.296	310.536	310.9	302.59	296.162	296.573	297.616	293.263	287.909	284.808	278.148	267.032	260.633	263.674	270.467	272.574	265.966	256.135	256.472	274.409	301.435	324.264	340.698	356.897	374.98	388.376	385.975	363.514	332.391	309.305	301.683	309.637	328.12	343.851	346.975	343.147	341.652	340.725	332.396	314.253	293.166	282.093	290.282	311.009	327.504	332.209	329.807	327.112	326.585	322.857	306.351	274.306	236.796	213.374	221.479	259.842	301.397	312.795	285.721	239.598	198.223	178.623	191.476	233.604	285.706	328.161	355.33	371.125	377.148	369.106	343.619	308.549	283.157	281.16	295.026	304.772	298.147	278.075	257.565	246.351	240.46	229.055	205.91	170.622	126.253	79.7633	
92.1722	125.156	157.889	191.629	218.751	231.859	234.269	235.785	242.892	254.26	263.813	270.611	281.193	298.06	315.592	329.054	339.715	349.284	353.102	345.91	332.704	324.939	327.019	331.724	327.665	310.677	287.789	267.095	248.185	228.109	211.058	205.765	216.054	236.774	258.208	276.616	296.723	317.082	323.884	310.28	291.4	288.365	302.301	315.174	313.433	301.445	294.255	299.943	308.823	307.121	295.928	282.394	264.874	243.457	229.025	229.436	240.103	250.531	252.711	248.158	248.842	266.556	301.545	343.209	380.561	409.125	427.827	433.209	419.058	384.927	343.845	312.879	299.613	303.029	316.068	326.801	329.691	330.489	332.57	329.303	314.08	289.338	265.726	257.866	273.975	302.527	321.206	322.566	316.487	312.074	310.022	305.456	292.196	268.814	242.578	227.676	237.497	270.751	303.114	305.311	273.222	228.371	194.132	185.079	206.95	251.082	297.974	334.361	358.949	373.395	377.076	366.989	340.588	304.066	273.904	262.745	267.086	274.12	275.33	271.916	271.408	274.215	267.188	240.438	200.256	157.915	116.951	76.8576	
91.675	126.435	161.797	196.55	223.429	236.395	236.493	232.791	237.594	253.654	269.233	275.598	280.529	294.07	313.794	330.528	339.779	343.001	340.298	330.561	318.677	312.644	314.121	316.522	310.566	293.852	275.045	261.942	250.507	233.679	214.84	204.48	206.983	217.918	232.284	250.525	274.948	299.43	309.044	297.86	281.323	280.334	296.274	311.821	312.473	300.265	291.073	297.108	309.66	310.14	295.627	275.802	253.435	228.62	210.179	206.763	217.192	232.924	243.375	245.238	248.764	268.81	310.04	362.098	408.918	440.947	456.003	452.618	428.437	387.221	342.727	309.04	291.654	288.981	293	293.61	290.575	291.672	296.96	296.606	283.999	262.594	242.882	238.261	255.775	284.74	305.724	312.766	312.792	309.378	301.688	290.765	278.464	266.014	255.827	252.308	260.743	280.514	296.805	290.927	261.858	226.471	202.978	203.259	230.032	271.869	311.164	340.538	361.844	375.049	377.436	365.736	338.1	301.046	268.908	250.771	243.809	241.736	242.965	250.819	268.172	285.124	279.187	241.212	188.368	141.44	104.017	70.0325	
96.5935	139.045	181.206	217.996	243.788	255.527	252.298	241.066	238.612	253.788	274.308	285.053	288.946	296.923	310.719	323.694	329.839	327.843	318.831	306.313	297.977	299.47	307.537	313.825	311.494	299.649	284.995	273.502	261.834	243.596	221.608	206.61	203.649	208.272	216.258	228.907	247.902	268.005	277.671	271.894	262.144	265.039	282.978	303.325	312.381	307.281	300.063	304.641	315.861	315.372	298.455	275.86	253.647	232.146	216.55	212.851	221.303	235.992	246.041	246.672	249.786	272.651	317.846	370.427	412.739	437.304	444.887	435.521	407.575	366.543	326.479	298.173	283.617	279.603	277.242	268.116	256.747	253.996	259.735	263.406	257.668	244.462	231.872	229.529	242.085	264.078	286.695	307.429	323.744	326.535	312.18	290.534	274.041	267.303	268.256	272.903	278.932	285.161	286.538	276.826	257.366	236.498	224.176	229.432	254.117	287.455	315.832	336.91	355.211	370.317	376.491	367.109	340.441	305.712	276.961	258.744	245.495	234.095	228.87	236.424	257.773	278.227	271.988	230.416	173.942	125.985	90.4035	60.2309	
102.888	153.523	201.536	238.43	260.705	269.286	263.501	247.817	239.195	250.766	274.324	292.888	301.386	304.754	307.828	312.368	315.204	309.675	293.77	276.608	272.761	287.014	308.846	325.308	331.621	328.303	317.848	303.327	285.346	262.302	236.516	216.509	208.161	208.736	213.255	220.674	231.81	244.332	251.648	249.893	245.541	250.172	268.039	292.777	312.992	321.17	321.893	325.438	330.474	325.4	307.979	287.521	269.724	255.502	247.495	246.772	251.436	257.66	258.041	251.124	251.817	276.756	322.155	367.625	397.125	408.454	406.953	395.058	370.622	337.161	306.319	286.071	276.675	274.523	270.663	257.895	243.011	237.812	242.286	246.586	243.582	234.905	227.768	227.596	234.43	247.47	270.567	306.231	341.43	352.541	332.63	300.154	276.855	269.735	274.147	282.66	288.962	289.287	283.135	273.708	265.305	259.213	257.009	263.668	280.161	298.456	311.266	322.126	338.2	358.155	372.167	369.87	349.64	322.447	301.12	286.042	269.58	251.315	239.732	242.571	258.552	272.125	260.946	219.275	165.571	119.37	83.6503	53.693	
107.122	163.228	213.831	248.258	264.853	268.324	260.404	244.28	234.15	243.813	269.686	296.458	312.3	313.487	305.555	299.907	298.989	291.367	270.342	249.424	249.848	275.911	310.684	337.31	353.036	359.368	354.141	337.082	312.832	285.706	257.795	233.567	219.131	215.819	219.56	226.352	234.766	243.129	247.255	244.335	238.732	239.681	253.461	279.243	308.899	331.566	342.239	343.727	339.037	328.31	314.805	303.757	295.764	290.624	289.839	290.516	288.103	281.637	270.362	257.763	258.457	283.998	324.618	359.039	375.677	375.867	366.576	353.163	335.395	313.658	292.947	277.276	269.109	269.057	269.511	262.244	252.21	249.191	252.659	254	247.521	236.843	231.136	233.274	237.381	243.079	262.942	304.838	350.116	366.062	343.882	306.823	280.317	271.376	274.985	284.876	294.679	297.581	291.438	282.771	279.864	283.248	289.723	298.826	308.375	312.153	309.007	308.791	321.551	344.399	364.312	370.281	361.374	346.173	332.354	317.072	294.792	270.674	257.221	260.926	274.922	281.122	262.644	219.997	170.085	126.241	88.8297	55.635	
109.224	168.38	219.548	251.045	263.432	264.498	257.14	242.476	231.673	238.792	264.629	297.018	320.176	322.314	306.504	290.571	283.83	274.558	252.967	232.726	236.016	265.687	303.15	332.39	353.15	367.483	370.014	356.793	332.943	306.266	278.969	251.806	230.907	222.655	225.831	234.764	245.716	255.716	259.572	253.752	242.335	235.147	241.352	264.654	299.242	330.695	345.307	340.699	326.018	312.767	308.608	313.76	320.921	325.022	326.48	322.818	310.85	293.887	277.171	265.949	269.889	294.055	326.945	351.341	360.126	353.969	337.61	319.94	306.909	297.517	287.157	273.572	263.52	265.432	274.087	278.269	278.398	280.847	284.337	281.557	268.656	252.089	244.58	248.865	253.632	254.35	265.684	299.905	340.501	355.464	336.405	304.859	282.166	272.489	272.082	278.985	290.423	298.634	296.495	287.63	283.528	289.849	303.6	319.009	328.72	325.912	312.971	304.518	313.207	334.803	354.537	363.642	363.43	358.188	348.123	328.604	299.473	272.354	262.439	273.68	292.54	296.787	273.811	230.814	184.462	142.717	103.153	65.2266	
109.96	169.63	220.233	250.978	265.284	272.189	271.429	258.882	243.592	243.015	264.145	298.341	327.194	332.323	312.424	287.623	273.812	263.383	245.432	229.518	233.304	257.52	286.483	309.656	329.886	349.64	361.887	358.24	340.208	316.451	290.814	262.964	238.393	225.674	226.089	235.008	249.13	264.968	274.576	270.453	254.359	237.688	234.641	253.186	287.071	317.418	326.494	313.279	293.461	283.916	292.414	315.051	337.427	347.371	344.355	331.703	312.345	292.906	279.59	274.656	281.528	301.688	326.528	344.561	350.672	341.874	319.348	295.51	283.739	283.541	282.113	271.028	259.78	262.923	277.861	292.112	302.529	311.344	315.542	309.341	291.379	270.536	262.32	269.96	277.648	274.807	274.018	290.701	315.777	325.851	314.982	297.449	283.935	273.096	263.339	259.64	266.395	278.01	282.195	275.938	270.85	278.074	296.733	317.422	329.088	324.994	309.946	300.506	309.395	330.415	346.922	351.88	350.135	345.109	333.038	309.736	279.486	255.79	252.03	269.446	292.102	297.448	276.089	237.856	197.137	158.037	117.413	76.193	
108.519	164.435	212.013	244.447	267.669	288.448	299.519	289.876	267.357	255.065	267.421	298.614	328.145	334.653	314.652	287.68	272.178	263.717	250.401	237.167	237.814	252.445	269.185	283.646	302.145	327.155	348.957	353.467	337.91	312.923	287.464	262.951	241.552	228.027	224.308	229.796	244.661	266.466	285.031	287.38	270.169	245.468	233.318	245.348	273.303	295.294	295.02	276.577	258.852	257.262	276.503	310.522	341.037	350.197	337.932	316.388	295.745	282.235	277.764	279.892	287.905	302.358	318.976	332.042	338.01	330.932	308.573	283.276	271.053	272.347	272.499	261.775	250.106	252.868	269.095	288.45	306.624	320.889	325.494	317.395	299.169	281.016	277.961	291.387	301.436	293.388	278.821	276.161	284.203	289.861	290.129	289.908	286.671	272.643	249.113	229.761	228.071	242.095	255.369	257.693	257.735	268.177	288.291	306.624	312.831	304.859	291.475	288.03	302.795	326.542	341.386	340.028	329.286	315.69	298.017	274.823	251.009	235.538	235.653	250.86	269.296	274.737	260.765	233.62	201.152	165.108	124.865	83.2099	
103.951	152.362	193.69	227.17	260.551	296.187	319.742	314.761	287.779	265.688	267.965	290.149	311.985	315.747	300.732	283.268	276.867	275.083	264.528	248.389	241.364	246.302	254.227	264.035	284.049	315.554	344.498	351.498	332.056	301.371	275.623	258.581	246.522	236.826	230.992	232.77	245.157	267.201	289.737	297.264	281.481	253.29	235.587	241.339	261.36	274.546	268.53	250.654	238.326	242.473	264.95	299.942	329.083	332.316	310.928	284.441	267.687	263.554	268.605	277.851	288.265	297.974	305.175	311.212	317.453	317.8	306.012	288.37	276.389	271.019	262.715	246.776	233.302	234.699	249.823	271.003	293.437	309.96	313.221	304.429	290.669	281.634	288.181	307.636	317.555	302.406	275.245	258.052	255.58	261.388	273.062	287.258	291.31	273.003	236.465	203.007	194.036	210.936	234.499	248.686	257.686	272.532	291.252	301.732	297.185	282.695	271.15	274.226	293.258	317.168	330.582	326.293	309.467	288.675	267.948	249.25	235.28	227.937	227.756	233.583	241.004	244.28	239.992	226.341	201.884	167.748	128.091	87.3878	
99.0707	141.225	175.694	206.387	243.257	286.634	319.066	321.195	296.516	270.827	264.349	273.374	281.674	280.403	274.008	273.077	281.163	286.988	276.675	254.11	237.346	234.549	239.929	251.938	276.405	311.701	341.596	346.313	323.054	290.457	268.347	260.696	259.08	256.01	252.536	253.331	260.304	273.54	289.164	295.065	281.481	256.77	241.355	245.658	260.649	268.686	261.048	245.446	235.885	239.414	256.505	283.15	304.403	301.831	277.07	251.709	241.4	245.483	257.485	273.171	288.18	295.256	292.285	288.87	294.697	305.71	310.96	306.848	296.408	281.055	259.933	236.186	220.119	220.26	234.245	255.316	277.656	291.949	291.64	282.12	273.461	273.111	286.486	308.244	317.254	299.057	266.729	244.328	240.628	251.13	270.945	292.364	299.791	279.685	236.385	194.363	180.232	198.771	229.899	253.016	267.542	283.146	298.824	303.604	293.276	276.561	266.716	270.849	286.019	303.321	313.425	310.474	295.581	275.668	257.82	245.944	240.25	237.862	235.153	230.377	225.445	224.809	227.936	224.72	205.447	171.978	132.719	92.5394	
100.862	142.918	173.474	197.906	229.476	270.893	306.2	315.42	297.656	273.436	260.595	257.145	253.413	249.075	251.04	262.943	279.828	288.45	276.974	250.125	227.313	221.339	230.042	249.075	277.51	309.757	331.898	330.888	309.063	284.296	271.793	271.941	276.241	278.886	280.892	283.736	285.115	284.935	285.577	283.063	271.675	257.551	253.876	264.3	278.787	283.267	272.734	255.789	244.42	243.225	251.459	266.499	278.739	274.529	254.451	236.47	233.735	242.92	256.784	274.425	292.386	298.1	286.719	273.686	276.918	296.068	316.736	325.729	317.751	294.998	264.888	236.608	219.014	217.177	228.661	247.593	267.387	278.137	274.427	263.714	256.926	259.038	271.52	289.811	298.512	285.185	259.081	242.158	244.327	259.807	280.874	301.568	311.086	296.008	255.486	211.022	192.311	209.146	242.773	268.738	281.951	292.573	303.614	306.619	297.763	284.559	276.495	276.844	283.595	293.484	301.95	302.714	293.032	277.676	264.414	257.142	254.766	253.561	248.589	236.771	222.72	217.28	222.358	223.317	206.273	174.016	136.404	97.0648	
112.41	159.776	190.632	209.753	232.858	265.892	296.464	306.875	293.868	271.774	254.7	243.496	235.088	233.266	242.439	259.152	274.506	278.739	265.279	239.328	218.105	215.128	230.092	255.885	285.542	310.282	319.804	310.828	293.533	282.63	281.875	284.642	286.651	289.847	296.323	302.943	302.915	293.821	280.499	268.148	260.186	262.09	276.847	298.012	312.603	309.994	290.868	267.638	252.387	247.676	250.25	256.785	262.44	260.068	249.649	242.547	246.681	256.558	266.09	279.182	295.633	300.574	285.711	267.191	267.188	289.083	317.426	333.57	328.14	304.513	274.092	246.98	228.655	222.348	228.479	244.482	263.966	275.423	272.168	261.343	253.62	252.219	256.871	266.417	273.417	268.496	255.686	251.231	262.112	279.003	293.35	306.78	318.373	315.088	286.473	245.574	222.62	233.95	265.346	290.443	299.68	302.953	307.172	307.169	299.802	290.323	283.567	280.592	283.294	293.44	306.021	310.795	302.943	287.743	273.621	264.302	259.503	257.281	252.335	239.236	221.731	212.098	213.749	212.529	195.253	165.467	131.847	95.6211	
127.311	180.304	214.796	234.379	252.969	275.868	294.018	295.944	281.138	259.775	241.572	229.318	224.409	230.882	248.056	265.969	274.221	269.175	251.807	229.055	214.627	218.721	239.551	268.37	296.491	314.09	312.42	295.457	281.252	282.131	289.803	289.921	283.218	280.979	287.75	297.596	301.01	291.654	272.012	254.043	251.752	271.185	304.656	334.809	345.653	331.32	300.019	269.023	250.924	246.273	248.502	251.454	252.573	251.449	249.975	252.983	260.997	267.07	268.958	275.101	287.747	292.841	281.205	266.408	268.632	290.647	316.62	329.292	323.363	304.772	282.587	261.504	242.895	230.514	229.777	243.436	266.21	283.677	286.035	278.844	271.213	264.11	257.329	255.196	258.054	259.186	258.195	265.065	281.843	295.528	298.936	302.545	314.799	323.645	310.398	277.725	251.953	254.728	280.045	303.792	311.942	310.295	306.648	299.904	290.012	281.399	275.584	273.282	280.045	298.757	319.639	327.381	316.623	294.715	271.873	253.883	243.849	241.881	240.859	231.968	216.425	204.824	201.08	194.554	175.796	149.079	120.705	89.1555	
136.443	191.527	230.464	255.509	274.549	288.222	290.009	277.286	256.626	237.153	223.718	217.478	220.499	235.975	260.378	280.075	283.281	270.206	248.339	227.965	220.686	231.95	256.08	283.032	305.575	315.707	306.041	283.988	271.38	278.764	290.731	288.13	274.028	264.853	267.306	275.909	281.807	276.176	257.397	239.549	243.266	275.202	320.149	352.982	356.79	331.708	292.453	257.839	238.91	235.53	240.167	243.44	241.397	238.297	240.556	249.159	257.524	258.741	256.012	259.546	270.398	276.874	273.043	270.254	281.869	304.122	319.888	319.094	307.415	294.957	284.672	272.387	255.549	239.289	233.241	244.807	270.276	293.628	303.462	303.564	299.259	287.961	270.777	258.415	256.977	260.461	264.672	274.584	289.213	295.829	290.665	288.517	300.38	315.152	312.569	288.506	262.019	256.336	274.538	297.669	307.894	304.901	295.633	283.158	270.835	262.301	257.551	259.166	274.44	302.946	329.655	337.133	320.577	288.741	254.298	227.146	214.608	217.12	223.495	221.063	209.313	197.666	190.641	181.092	162.558	138.94	114.135	85.0572	
135.668	189.563	231.17	260.87	280.263	285.799	273.47	248.445	224.231	210.753	208.399	213.089	223.295	241.349	265.922	285.73	288.821	274.942	253.735	237.954	237.855	254.249	277.307	296.126	306.613	306.068	291.182	269.633	260.173	270.565	285.04	284.641	271.354	259.816	256.057	257.111	258.696	253.821	238.418	223.837	230.276	264.34	309.343	338.394	335.869	307.15	270.178	240.034	222.685	218.977	225.424	231.831	229.435	222.432	222.085	230.196	237.512	238.656	239.571	247.137	258.213	264.423	266.077	274.288	294.906	316.1	319.907	304.514	285.782	277.008	276.406	273.7	263.443	249.91	242.961	251.683	274.251	296.473	308.808	314.197	314.039	302.767	282.089	265.505	261.499	264.605	268.268	273.469	278.896	277.097	269.197	268.372	280.446	294.087	293.496	274.117	248.922	239.767	255.297	280.014	293.179	290.677	280.039	267.524	257.001	249.77	246.468	253.427	276.613	308.746	332.096	332.613	308.301	268.648	227.876	198.78	190.554	201.447	215.199	216.384	205.648	194.271	187.974	180.563	165.049	143.268	117.762	86.3857	
126.029	177.703	219.952	250.369	266.713	264.966	244.749	215.817	194.302	189.935	200.118	215.504	228.764	240.408	254.861	269.558	275.364	268.49	255.84	249.711	258.032	277.291	294.843	300.563	295.172	283.691	268.027	252.527	247.522	257.97	273.191	278.324	272.592	264.573	257.08	249.423	242.963	235.195	221.891	209.42	212.947	239.088	275.061	297.236	292.053	267.495	241.39	222.413	209.462	204.298	210.588	221.003	221.444	211.5	204.99	208.498	216.12	224.457	236.318	250.227	258.662	258.37	257.284	267.505	289.432	306.763	303.168	281.848	261.301	254.264	258.531	264.775	266.694	263.879	260.911	265.217	277.892	290.217	296.681	300.403	301.818	295.294	280.463	266.641	261.268	261.826	262.672	262.035	258.927	251.926	246.163	250.506	263.369	272.41	267.508	247.818	224.447	217.218	235.644	264.766	282.198	282.399	273.989	265.044	258.219	252.578	251.173	263.58	291.061	318.634	329.616	317.72	285.895	244.25	206.501	184.769	186.298	205.236	221.457	220.099	206.568	195.802	193.23	190.312	177.531	154.926	125.211	88.7833	
112.72	161.844	203.394	232.47	244.927	238.229	216.288	191.37	177.673	181.535	198.741	218.647	230.277	231.563	232.053	239.392	248.679	251.558	249.721	253.327	268.195	288.181	299.632	294.13	277.017	259.851	247.596	239.063	236.149	243.114	255.988	264.338	264.892	261.162	253.75	243.249	233.386	223.913	211.204	198.018	194.842	209.062	233.723	250.397	247.228	231.144	216.942	208.671	201.042	195.655	200.833	213.264	216.657	205.689	193.815	192.608	202.239	220.461	243.198	260.081	261.866	251.341	242.362	247.086	263.185	275.135	270.532	253.249	237.185	231.348	236.214	248.452	263.01	273.545	276.643	275.843	275.638	274.908	272.398	270.795	271.575	271.847	268.086	261.033	254.466	250.215	247.236	244.127	239.961	235.34	235.423	245.027	258.393	262.92	251.983	228.956	206.161	201.198	221.888	254.557	278.063	284.72	280.315	273.104	266.868	261.326	261.371	276.282	301.907	319.792	317.844	297.035	263.596	227.244	199.738	189.963	200.605	221.544	232.252	223.094	206.25	198.366	200.667	200.243	186.768	161.323	127.769	88.0924	
101.871	147.224	186.36	214.157	225.524	218.128	198.858	181.851	177.236	185.211	200.575	216.248	223.118	217.893	211.166	215.495	228.38	238.198	242.508	249.622	264.923	282.809	290.857	281.907	262.536	245.877	236.971	231.073	226.469	228.557	237.392	244.554	245.493	242.12	235.772	227.966	220.864	212.911	201.202	187.594	179.698	184.933	201.11	215.549	217.833	210.408	202.793	198.624	194.637	191.702	196.399	206.861	209.31	197.736	183.609	180.296	192.278	216.954	244.233	259.738	256.367	240.717	226.897	224.797	232.538	239.502	237.488	228.024	217.918	212.034	213.679	225.462	244.939	263.238	271.498	268.565	259.97	251.072	244.487	241.133	242.14	247.88	253.808	253.224	244.999	234.16	226.23	223.589	225.456	229.955	237.829	250.619	263.07	264.569	250.07	225.384	203.694	199.15	217.176	248.093	275.399	288.306	285.755	275.224	265.303	258.787	258.794	270.196	287.041	294.874	287.476	268.281	242.74	218.717	205.022	205.938	219.275	233.321	232.022	214.101	197.243	195.97	204.225	204.22	187.148	158.198	123.256	84.1249	
93.8819	133.815	168.591	195.07	208.022	203.787	189.904	181.128	183.429	191.326	199.532	206.52	208.775	204	199.847	206.564	221.659	233.707	239.069	243.872	252.951	263.922	269.118	263.209	249.88	237.686	229.571	221.602	213.904	213.071	219.33	224.226	222.989	217.542	210.733	205.044	200.835	195.134	186.147	175.916	169.079	170.67	181.443	194.968	202.452	200.523	193.393	187.494	185.466	187.229	192.84	198.662	196.226	183.176	169.075	166.071	180.028	206.958	233.595	246.671	243.088	229.593	215.673	208.361	209.12	213.375	215.348	212.907	206.543	197.81	191.59	194.533	208.122	225.81	237.627	238.031	229.952	221.381	217.833	218.369	221.619	229.522	239.082	240.769	230.201	213.98	202.501	201.595	210.52	224.035	237.518	250.063	259.751	260.226	247.548	227.199	210.472	207.092	220.388	245.03	269.607	281.399	274.121	255.985	241.543	235.595	235.316	239.342	244.66	245.501	239.549	228.54	216.18	208.401	209.149	216.376	224.752	226.077	212.813	190.864	178.631	185.821	200.336	201.054	180.701	148.642	113.497	76.9726	
83.9016	117.592	147.209	171.601	185.965	185.725	177.441	174.161	178.79	184.252	186.921	188.661	189.776	189.456	191.52	200.97	215.064	225.876	230.411	230.953	230.066	229.886	230.704	230.219	226.74	220.703	212.206	200.723	190.489	188.816	194.928	200.317	200.014	194.617	186.483	179.065	173.947	169.331	164.303	160.173	158.172	159.763	167.136	179.207	188.565	187.435	177.206	167.893	167.228	173.995	181.749	184.042	176.917	162.327	148.759	146.522	161.468	188.551	213.631	225.7	224.124	213.942	200.427	189.748	187.157	191.981	199.002	202.968	199.339	186.332	169.195	157.922	159.187	171.163	184.942	191.796	190.635	188.255	190.857	196.47	201.168	206.627	212.42	211.149	198.9	182.358	171.953	173.292	185.542	202.744	217.85	228.417	235.299	236.694	230.169	218.881	209.82	208.957	218.992	237.252	254.529	257.595	240.285	214.284	197.966	195.155	196.311	195.035	192.492	190.349	187.198	182.483	180.371	185.89	196.949	205.187	205.215	195.962	178.378	160.452	155.35	167.457	184.134	185.807	165.809	133.752	99.4392	65.8859	
68.8596	96.383	121.228	142.615	156.156	157.712	152.397	149.868	151.753	153.811	155.204	157.455	160.361	163.649	169.082	178.146	188.801	197.119	200.564	197.278	187.651	178.132	176.032	180.97	185.957	185.067	176.904	163.657	151.964	149.478	155.953	164.154	168.515	166.649	158.359	147.663	139.587	135.168	133.371	133.953	136.234	139.551	146.043	156.8	164.998	161.447	147.716	136.202	136.419	145.999	155.214	156.237	147.492	133.149	120.714	118.775	132.659	157.495	180.285	191.693	191.314	182.559	169.254	157.947	155.247	161.623	172.651	182.232	182.36	167.729	142.806	119.859	109.968	115.46	129.016	140.743	146.751	150.962	158.006	165.421	168.253	167.47	165.265	159.175	147.854	136.092	130.322	133.61	145.467	161.884	176.632	186.208	191.565	193.934	193.268	190.538	187.93	188.831	196.843	210.912	221.591	215.672	190.327	160.87	145.655	146.028	149.38	147.428	143.175	141.165	139.551	136.768	138.173	148.273	161.258	166.571	161.338	150.05	137.418	128.526	128.835	139.04	151.233	152.645	137.463	111.117	81.0415	51.6939	
49.6261	70.5061	90.2494	107.463	118.082	119.069	114.119	109.486	106.825	105.793	107.549	111.581	115.573	119.253	124.119	130.67	137.823	143.827	146.035	140.73	128.063	116.439	115.079	123.119	131.309	132.567	126.092	114.518	103.605	100.266	105.79	115.321	123.412	125.479	118.925	107.342	97.9561	93.8036	93.3005	95.1662	98.9593	104.006	111.303	121.079	126.948	121.243	106.895	95.9551	96.4791	105.37	113.273	113.452	105.697	94.2539	84.7251	83.2513	93.853	112.837	130.377	139.478	139.573	132.73	121.989	113.036	111.139	116.884	127.953	139.686	143.215	131.379	107.09	81.9427	67.7698	68.7785	79.7192	91.903	100.808	107.995	115.914	121.956	121.555	115.302	107.102	98.7514	90.7652	84.935	83.3612	87.1607	96.5946	110.031	123.242	132.148	136.218	137.925	139.664	141.591	142.492	143.754	149.651	160.508	167.286	158.038	132.723	106.646	94.4995	95.8311	99.7701	99.3128	96.8404	96.1673	95.3577	92.876	93.4984	100.695	109.098	110.94	106.044	99.6821	95.2742	93.846	95.6864	100.32	105.37	105.641	97.0596	80.3016	58.594	36.2154	
