
TracePro Release: 7 0 3 
Irradiance Map Data for D:\SUSTech\Linear Units in millimeters
Data for Observation screen 3.5 Screen
Data generated at 12:16:13 October 23, 2025

Raytrace Time: mins: 0, secs: 11

Projected Plane Extent from surface geometry 
      TopLeft:(20,3,-20) 
      TopRight:(-20,3,-20)
      BottomLeft:(20,3,20) 
      BottomRight:(-20,3,20)
Corners of Data Set (plotted) 
      TopLeft:(20,3,-20) 
      TopRight:(-20,3,-20)
      BottomLeft:(20,3,20) 
      BottomRight:(-20,3,20)
Total Incident Rays: 15983
Min: 1.55498 Max: 103.238 Ave: 49.6816
Total Flux: 0.0794905 W, Emitted Flux: 0.6
Normalization: 0
Data Smoothing is On
Grid Size is 128 x 128
Map Count 50
Data Cells are 0.3125 x 0.3125 millimeters

2.54629	5.60918	9.68698	12.936	13.8068	12.8765	11.9752	12.2046	13.8286	17.4565	23.3002	28.4745	28.3872	22.9273	17.6488	17.203	20.5314	23.1419	22.4271	20.1177	19.5686	21.8246	25.7375	30.1389	33.9142	36.075	36.617	35.0425	30.0338	22.8475	17.4828	16.6641	20.6847	28.9082	38.4522	43.0531	39.0021	30.5901	24.5437	22.3709	22.1834	23.7218	27.3693	30.7819	30.4823	26.7481	23.7041	24.1571	26.7271	27.7163	24.9837	20.0566	16.016	14.1751	14.0152	16.1221	22.8001	34.0846	45.2462	50.1034	46.1553	36.305	26.2365	20.1402	18.4243	18.7188	18.5492	17.3298	16.3182	16.6645	17.3867	16.2173	12.8116	9.44849	8.15447	8.80617	10.0199	10.6432	10.467	10.0543	9.94766	10.0398	10.1336	11.1299	14.415	19.2699	22.4222	21.5629	18.1077	15.4779	15.6792	18.2363	21.7462	25.629	29.5836	31.5292	28.6099	21.3912	14.4037	11.4156	12.3307	15.042	18.5735	23.4541	29.5157	34.6259	35.8571	31.9174	24.4413	16.555	10.8103	8.18586	7.96066	8.74138	9.5924	9.82461	8.88723	7.20242	5.81502	5.21245	5.59523	7.38796	10.4663	13.6571	15.4653	15.1242	12.811	9.16282	
5.96486	12.5699	20.8272	26.9132	27.9461	25.0117	21.2868	19.001	19.4378	23.9767	32.5101	40.402	41.1637	34.6306	28.0285	27.0835	30.0842	31.5373	28.8827	24.7803	23.6456	26.8622	32.5041	38.4445	43.2696	45.9793	46.4826	44.3265	38.7257	31.5476	26.4559	25.3704	28.6475	36.4135	46.2147	51.4467	47.5289	38.0757	30.3507	27.6036	29.0954	33.7304	39.8792	43.8502	42.641	38.0832	34.9437	35.457	37.8541	38.5892	35.5584	30.1005	25.2392	22.2942	20.5583	20.6103	25.2889	35.3473	46.4949	52.6416	51.0824	44.1819	36.9855	33.2953	33.1733	33.5814	31.7518	28.1822	25.7573	26.0139	26.9629	25.4464	21.4343	18.1133	17.7542	19.5934	21.3628	21.4126	19.7497	17.7061	16.5702	16.2793	16.2018	17.36	21.5754	27.6456	31.3219	30.1745	26.0207	22.376	21.49	23.6133	27.8551	33.1526	37.9471	39.4158	35.2393	27.0752	20.046	17.8405	20.0077	24.0045	28.4808	34.1276	41.3953	47.9802	49.6331	44.3733	34.8108	25.3042	18.7865	16.194	16.3985	17.0049	16.4364	14.5703	11.9636	9.69179	8.6582	8.76553	9.93066	12.5044	15.7204	17.8644	18.2434	17.2182	14.7813	10.7591	
10.7863	21.3173	33.4259	41.4394	41.8691	36.6823	30.134	25.2119	23.8091	27.5655	36.235	45.0183	47.2402	42.2537	36.6589	35.6299	37.1378	36.1816	31.4063	26.1992	24.9101	28.6918	35.3108	42.1636	47.3743	49.7161	49.3812	46.8873	42.5508	37.8548	34.208	31.9205	32.0652	36.3565	43.6322	48.4507	46.2562	38.8216	32.0495	30.297	34.1721	41.5027	48.472	51.1303	48.5904	44.2957	42.0482	42.5195	44.272	45.1561	43.3409	39.0729	34.4289	30.5875	26.9705	24.2035	25.1455	31.0319	38.9046	44.3541	45.5651	44.1335	43.0398	44.115	46.4879	46.9743	43.2502	37.2195	33.3728	33.4936	34.6945	33.4515	30.3019	28.7324	30.3674	33.4668	35.2347	34.2179	31.097	27.8053	25.9099	25.1362	24.328	24.4514	27.6211	32.6951	35.7812	35.0637	31.8065	28.1076	26.1241	27.4931	32.1131	38.0283	42.3695	42.5385	37.7763	30.578	25.394	24.9571	28.5741	33.5648	37.8358	41.834	47.249	52.93	54.348	49.082	40.1553	32.0755	27.0574	25.6721	26.8696	27.4336	24.8612	19.8824	14.9227	11.9374	11.3775	12.2834	14.1762	17.3826	20.6695	21.8744	21.1052	19.7963	17.4974	12.9965	
15.5694	28.2	41.27	48.7541	48.0083	41.8732	34.7521	29.4523	27.3186	29.2191	35.2291	42.5416	46.1033	44.2398	40.9571	40.0677	40.1666	37.7224	32.3875	27.3397	26.0153	29.3832	36.1597	44.2765	50.7043	52.7358	50.8695	47.6327	44.7998	42.6323	39.772	35.5187	32.1818	32.7511	36.8927	40.4533	39.6012	34.9432	30.82	31.4782	37.7646	46.4672	52.613	53.1339	49.4719	45.8456	44.5919	45.3733	47.5374	49.8679	50.0593	47.1957	43.0638	39.1314	34.5918	29.4328	26.2379	27.032	30.6972	34.6736	37.8118	40.8549	44.8846	49.6671	53.4214	53.6844	49.241	42.5459	38.3826	38.6461	40.3151	39.8977	38.0477	37.9283	40.511	43.6941	45.0458	43.9256	41.3589	38.8698	37.6569	37.2522	35.8866	33.8564	33.2957	34.2527	35.0414	35.0794	34.1853	32.113	30.6237	32.4563	37.6769	43.1394	45.3714	43.212	38.0499	32.7721	30.3219	32.1119	37.422	43.4936	46.9554	47.4919	48.293	50.5334	50.8492	46.8661	41.0567	36.5673	34.0201	33.9233	36.3464	37.8448	34.576	27.432	20.392	16.2857	15.3443	16.0456	17.6112	20.6094	24.069	25.5845	25.0521	23.972	21.5384	16.0776	
18.8641	30.4797	40.9712	45.9279	44.3569	39.2146	34.0863	30.959	29.8447	30.2165	32.7381	37.4757	41.5617	42.1755	40.4981	39.4468	39.1308	37.4377	33.8164	30.2724	29.1862	31.6586	38.189	47.9874	56.4344	58.3255	54.3592	49.718	47.6607	46.8488	43.9073	38.3555	33.4413	32.015	33.5662	34.8718	33.3074	29.8028	28.0966	31.4103	39.5248	48.5779	53.9165	53.6271	49.9012	46.4394	45.0596	46.1826	49.9898	54.7175	56.6948	54.5958	51.2818	48.7939	44.9621	38.0221	30.5689	26.505	26.916	30.2219	34.6539	39.847	45.9668	51.5656	54.3698	53.5324	49.6158	44.6467	42.0319	43.315	45.7996	45.9238	43.7791	42.2807	43.0121	44.9297	46.5915	47.6672	48.172	48.2232	48.8374	50.0494	49.4613	45.7275	40.3093	35.12	31.8943	31.7651	33.3343	34.5306	36.4009	41.0696	47.2109	50.677	48.8743	43.2623	37.5048	34.2785	34.4506	38.2063	45.3031	53.0609	56.4929	53.8609	49.2457	46.5324	44.8911	42.6784	40.8789	39.9868	38.9667	39.2065	42.7744	46.4272	44.7384	37.7355	29.8198	24.2907	21.6379	20.553	20.3363	21.9483	25.1598	27.5169	27.8258	26.8523	23.9814	17.8768	
20.8913	29.3701	35.3993	37.2906	35.5303	32.3765	30.1579	29.9317	30.5002	30.2878	30.5541	33.5045	37.7063	39.4248	38.044	36.4332	36.2477	36.1548	34.9314	33.6117	33.7029	35.9443	41.9808	52.3038	61.3205	62.0265	55.6718	49.8561	48.7049	49.2601	47.0651	42.275	37.9946	35.7357	34.7208	33.0169	29.4469	25.6765	25.2129	30.0226	38.5371	46.9939	52.3093	53.4816	51.4023	47.8808	45.0388	45.3739	50.0357	56.3277	59.5367	58.7614	58.0373	58.9945	57.0931	48.8518	37.69	29.7796	27.993	31.0746	36.2149	42.0041	48.1412	52.4205	52.4608	49.4792	46.191	44.103	44.5925	48.1054	51.7133	51.404	46.8102	41.4614	38.8396	39.7837	43.409	48.28	52.3348	54.4444	56.2922	59.1545	60.3067	56.3973	47.5302	37.007	29.5694	28.0432	30.9874	35.9899	43.0469	51.531	57.5083	57.0828	50.4594	42.0749	36.8202	36.071	38.306	43.0163	51.1841	60.6656	65.0424	60.7513	51.8359	44.5253	41.0191	40.5738	41.9869	42.8583	41.6058	41.509	46.3546	52.6459	53.5239	48.02	40.1902	33.1797	27.9083	24.1074	21.6799	21.6186	23.9629	26.3636	26.8667	25.7036	22.8422	17.3757	
22.9114	28.3494	30.2597	29.571	27.9435	26.8433	27.2503	29.0958	30.4806	29.909	29.4841	32.3373	37.1552	39.3113	37.4238	34.8581	34.2948	34.6912	34.6987	35.2967	37.2364	39.9714	44.9602	53.5324	60.4213	58.7105	50.5875	44.673	44.8839	47.4055	47.6806	45.8288	43.5748	40.9543	37.6379	33.4901	28.5361	24.4137	23.9794	28.3906	35.5363	42.3204	47.552	51.0851	51.8439	48.9921	44.5712	42.9757	46.5767	52.7238	56.8323	58.664	62.1731	67.2315	67.3987	59.0607	46.6616	36.999	33.3473	35.0978	39.6644	45.1765	50.464	52.4589	49.1164	43.6064	40.4428	40.9952	45.0231	51.3889	56.1378	54.7931	47.3798	38.7472	34.2213	35.8725	42.2537	50.0487	55.7447	58.1528	59.8753	63.2216	65.5925	62.4141	52.6449	40.0028	30.3691	27.3111	30.2371	37.5299	48.0133	57.785	61.0864	56.141	46.7155	38.753	36.2686	38.5863	42.2913	46.6755	54.0959	63.4557	67.9846	63.0304	52.313	43.339	40.0695	41.7115	44.7822	45.1773	42.4591	42.0888	48.2132	56.2051	58.4218	53.7223	45.8561	37.5237	29.9971	24.2897	20.9414	20.1973	21.4907	22.8868	22.8432	21.6733	19.6626	15.8124	
24.2772	28.2788	28.2702	26.8224	26.3436	27.6266	30.1567	32.4189	32.4496	30.3034	29.507	33.1465	38.8872	41.2122	38.6057	34.972	33.5864	33.7204	34.2654	36.2196	39.5356	42.2754	45.1236	49.986	53.1788	49.4175	41.3441	36.4897	37.7148	41.7861	45.1143	46.9757	47.1499	44.8639	40.6445	35.773	30.8699	26.8803	25.73	28.5025	33.528	38.1991	42.3435	46.8532	49.9347	48.6628	44.0942	41.3633	43.977	49.9858	55.115	59.0182	64.7281	71.1467	72.4191	66.2282	56.4059	47.4898	41.9307	40.7589	43.327	47.8742	51.7793	51.1514	44.8189	37.3442	34.0792	36.4113	43.1208	51.6248	57.1223	55.3623	47.2292	38.3256	34.496	37.7588	45.4388	53.1003	57.7997	59.4222	60.7086	63.9401	66.7857	64.6181	56.2385	45.0992	36.0936	32.1528	33.6074	39.9112	49.1966	56.0465	55.1699	47.5811	38.9938	34.3935	35.6136	40.5241	44.9261	47.8303	52.1964	58.3168	60.8433	55.7248	46.4398	40.0183	39.8453	44.0408	47.847	47.2271	43.5055	43.3311	49.9762	57.6645	58.9235	53.1828	44.3088	35.0255	26.95	21.6182	19.3455	19.078	19.4994	19.5701	18.8716	17.8513	16.6079	13.9778	
22.7342	27.2102	28.5649	29.4134	31.8319	35.7379	39.25	39.7309	35.9872	30.6153	28.6605	32.374	38.1279	40.316	37.8141	34.3931	33.2709	34.1933	36.0785	39.162	42.6962	44.243	43.977	44.3036	43.8447	39.5434	33.515	30.6057	32.2828	36.8071	42.1722	46.7163	48.6353	47.0936	43.2638	38.9153	34.8534	31.4306	29.7614	31.1598	34.7088	37.7517	39.9718	43.2728	46.8765	47.3302	44.4852	43.1046	47.1316	54.7866	60.9811	64.0094	66.4285	69.1079	69.8011	67.5255	63.1035	56.9533	50.4362	46.668	47.334	50.7112	52.7526	49.5829	41.361	33.0203	29.5314	32.227	39.5673	48.4194	54.3403	53.9824	48.2441	41.7863	39.7408	43.6879	50.1546	54.9369	57.1432	57.9808	59.4422	62.904	66.1173	65.1052	59.3649	51.7623	45.0106	40.6831	39.7594	42.5428	47.2495	49.172	45.0804	37.6642	32.0202	30.8086	34.187	39.9655	44.1617	45.2245	45.676	46.9902	46.4358	41.8352	36.1742	34.3653	37.858	44.0884	48.8599	49.2163	46.9722	48.0392	54.5147	60.452	59.1136	50.5178	39.2427	29.1121	22.1486	19.0991	18.9328	19.4631	19.3688	18.7781	17.991	16.9005	15.1732	12.2082	
18.6668	25.2266	30.5348	35.5108	40.8759	45.9675	48.583	45.9678	38.0392	29.4849	26.0479	28.7478	33.3121	35.3158	34.5008	33.5697	34.5921	37.4747	40.9257	44.2196	46.7117	46.7497	44.2558	41.3765	38.4399	34.4501	30.9198	30.1232	32.163	36.4148	42.348	47.949	50.5493	49.5204	46.2527	42.3214	38.7008	35.8334	34.4657	35.8025	39.0871	41.3155	41.6145	42.4168	44.6078	45.8854	45.6886	47.5875	54.67	64.5046	70.6795	69.8358	64.8546	60.4525	59.0041	60.2547	61.5677	59.7851	55.2984	52.246	53.2223	55.8727	55.5748	50.0012	40.9329	32.5463	28.4163	29.7877	35.5374	43.1854	49.6966	52.3069	50.3195	46.3548	45.032	48.319	52.8	54.8017	55.03	55.6452	57.9275	61.9893	65.116	64.2563	60.2161	55.4496	50.7381	46.6138	44.3363	44.3814	45.1343	43.3706	37.9928	32.0636	28.796	28.7173	31.4469	35.8604	39.1246	39.4281	38.0826	36.6083	34.3711	31.0043	28.664	29.7496	34.2995	40.7588	47.1688	51.4847	53.7345	57.1674	63.174	67.0343	62.9231	50.9056	36.4465	25.2028	19.7307	19.2618	20.9222	21.9596	21.9137	22.0225	22.3353	21.2099	17.6691	12.4518	
15.3055	24.8058	34.3621	42.2098	47.9142	51.6318	52.3199	47.6927	37.986	28.4284	24.647	26.7642	30.3595	32.3829	33.6559	35.8005	39.11	42.9761	46.0022	47.4029	47.8476	47.4467	45.8001	43.2997	40.0968	36.6027	34.7182	35.5447	38.0117	41.6516	47.0287	52.4772	55.0521	54.3839	51.8386	48.1661	44.0971	40.9004	40.075	42.5492	46.6305	48.6762	47.4814	45.4004	44.5762	45.0298	46.9488	52.0619	61.2006	71.061	75.0561	69.4592	57.8275	47.6654	44.1327	47.2227	52.7255	56.0335	56.5948	57.7509	61.0866	63.2657	60.4049	52.7555	43.4086	35.2378	30.4067	30.1866	33.9391	40.0629	46.9261	51.6164	51.3356	47.5412	45.6997	48.8157	53.353	54.8957	54.283	54.9293	58.4756	63.2279	64.9606	61.9226	57.039	52.8811	49.2429	46.3253	45.2066	45.5493	45.2415	42.0968	36.614	31.8675	29.4408	28.3791	28.2367	29.3808	31.0114	31.9526	32.2403	32.2013	31.4959	30.2257	29.5294	30.1472	32.1884	36.66	44.6216	54.2987	62.199	67.6665	71.9753	73.2289	67.3025	53.7058	37.5543	25.6274	21.2608	22.7545	25.7329	27.144	27.6748	29.5623	32.0301	31.26	25.2656	16.3135	
14.2313	26.4062	38.7692	47.0472	50.6113	51.7054	51.1014	46.7718	38.2304	30.0246	27.6254	31.0225	35.2858	37.3841	38.934	41.5875	44.612	46.8156	47.1106	45.4912	44.1309	44.7747	46.6393	47.6551	46.4822	44.2409	43.6852	45.5699	48.0016	50.4526	54.3523	58.6572	60.7011	60.8532	60.5213	58.6077	54.0845	49.0452	47.3374	50.5838	55.736	58.132	56.3086	51.9649	47.5602	45.5493	47.6854	54.0567	62.9089	70.3116	70.8327	61.8983	47.6855	36.1484	32.5045	36.5336	44.2777	51.5181	57.0903	62.5063	67.3698	68.0942	62.9676	54.4492	45.5318	37.897	33.5323	33.9084	37.6091	42.5465	48.001	51.4475	49.5031	44.2797	42.8585	48.6125	56.3632	59.1019	57.0782	56.4015	60.5146	65.3981	64.6065	58.1705	51.4771	47.1074	44.1647	42.872	44.0589	46.3079	46.7123	43.6757	38.7398	34.9096	32.7347	30.3039	27.0028	24.3675	23.7431	25.273	28.5384	32.7198	36.4773	38.6917	38.9102	37.012	34.3763	35.1256	43.0866	56.4044	68.052	73.5051	74.1489	71.9559	65.7922	54.4012	40.3837	29.5423	26.0078	28.7528	33.0098	35.1749	36.3386	39.437	43.215	42.3118	33.8987	21.305	
14.083	27.7317	41.4245	49.3631	51.0735	50.535	49.8268	47.0075	40.7065	34.4533	33.8628	39.5333	45.7395	47.9419	47.4982	46.941	46.3708	45.2337	43.1271	40.3583	39.2231	41.9631	47.4897	52.0565	53.3598	53.0191	53.854	55.8288	56.9128	57.2794	58.9044	61.1475	62.3724	64.3339	68.3816	70.705	66.9407	58.959	53.6525	55.0814	60.1537	63.5223	63.1371	59.1688	52.892	47.8523	47.527	52.0768	58.7991	63.6256	62.2271	53.1172	40.3822	30.8704	28.6375	33.2169	41.5787	50.6777	59.1823	66.4457	69.9958	67.4288	60.4591	52.5878	44.8695	38.0919	35.5734	39.0901	44.807	48.4088	49.9519	49.2042	44.502	39.2319	41.0421	52.2635	64.9051	68.6396	63.2951	58.5717	60.6334	64.1118	61.2382	53.5372	47.3995	44.2294	42.0331	41.1957	43.122	46.3161	47.4069	45.0659	41.3901	39.1011	37.9492	35.357	30.3317	24.864	21.7657	22.5095	27.0893	34.615	43.1567	49.8379	51.7424	47.6238	40.36	36.8324	42.7242	56.1067	67.9461	71.3008	67.6748	62.5009	57.9828	52.3262	44.2909	36.5346	33.4568	36.4208	41.9217	45.4053	46.6744	48.4774	50.0989	46.8682	36.4532	22.4038	
13.1763	26.5572	40.4047	48.7906	51.035	51.2227	51.6815	50.5657	45.9115	40.3079	39.6678	45.9021	53.447	56.0585	53.3023	48.0282	42.6248	38.7032	36.5732	35.7377	37.2004	42.6323	50.5486	56.5811	58.7443	59.4382	60.7815	61.4446	59.8648	57.4326	56.205	55.8425	56.321	60.5883	69.4534	76.9003	75.4399	65.3214	55.1045	52.0089	55.055	59.5382	62.714	62.5557	57.8056	51.032	46.7192	47.0312	50.9168	55.1278	55.6367	50.3825	41.6892	34.536	32.3815	35.6864	43.1596	53.1033	63.5766	71.1641	71.6496	65.0149	56.7618	50.3335	43.8121	37.2702	35.9807	42.2371	49.703	51.487	48.28	43.2194	37.5322	34.9992	41.7087	57.9968	74.0396	77.8551	69.0303	59.1588	56.5712	57.1589	54.227	49.4393	47.2606	46.7053	44.8505	42.7555	43.4774	46.5276	48.0266	46.3073	44.078	44.1095	45.2409	43.9892	38.7615	31.5118	25.9783	24.7804	28.4268	36.37	47.1395	57.2539	61.5874	57.1674	47.384	40.6567	43.5991	54.4952	64.0225	64.6458	58.1556	52.0128	50.5809	51.7341	50.7896	46.615	43.2934	45.2764	51.3981	56.0342	56.4065	54.2471	50.2739	42.6375	30.9182	18.1428	
11.5146	22.9304	35.6127	44.93	49.8444	53.1691	56.4947	57.6528	53.9826	47.2888	43.7821	47.1946	53.8655	57.0329	53.58	45.3109	36.6046	31.3151	30.2846	32.2099	36.873	44.9338	54.1863	60.1432	61.6924	62.0927	62.9736	62.0189	57.8268	52.4433	48.1255	45.3034	45.1142	50.4172	61.411	72.0499	73.8278	64.6068	51.8607	44.5218	44.557	49.1703	55.5703	60.1128	59.1411	53.1356	46.2998	42.7842	44.3063	49.6073	55.0565	56.6506	53.1138	46.7985	41.4793	40.3848	45.3345	55.7876	67.9243	75.2498	72.9568	63.8345	55.9373	51.6178	46.0648	38.599	35.919	41.3471	48.1736	48.4486	42.7057	35.9567	31.571	32.8001	42.8369	60.0454	75.4534	78.7979	69.3932	57.0452	50.0829	47.7449	46.5482	46.9652	49.4735	50.9287	48.8977	45.7215	45.8111	49.2148	50.9855	48.9119	47.1255	49.2653	53.035	53.6094	48.7806	40.3799	32.9187	30.1886	32.8031	39.5838	49.4632	60.1238	66.3932	63.9306	54.7974	46.8266	46.9702	54.4975	61.023	59.5705	52.3515	47.2527	48.8219	54.5175	58.0584	56.1545	52.4874	53.3533	59.1743	63.6025	61.893	55.1504	45.7327	34.5065	22.6557	12.3545	
10.7697	19.6282	30.1742	39.8542	47.7625	55.3242	62.868	67.1068	64.3474	55.9136	48.2511	46.8474	50.8949	54.2972	51.5709	42.8371	33.0945	27.0928	26.0329	28.9185	35.3391	44.9752	54.8182	60.501	61.4395	61.2349	61.6503	60.1182	54.6648	47.2728	41.0933	37.4175	36.7878	40.6004	49.3268	59.406	63.7297	58.1911	47.1223	38.6049	36.4144	39.8469	46.9011	53.7531	55.9643	52.6898	47.0277	43.0133	43.5172	49.5892	59.3725	67.588	68.9424	62.5499	52.5302	45.5738	47.0561	56.9117	68.7328	74.1949	69.9536	61.2143	56.1638	55.14	51.2768	42.9147	36.8725	37.9701	41.9408	41.8801	37.0591	31.5281	29.1646	32.6679	42.6712	56.3128	67.5973	70.4452	63.9175	53.3678	44.9257	41.0492	41.6639	45.7322	50.2906	51.7881	49.8325	47.8924	49.7958	54.3614	55.5703	51.6918	48.982	52.0275	57.314	58.9542	54.6695	46.2892	38.719	36.5936	40.1134	46.2829	53.6297	62.1493	69.1624	70.118	64.1258	56.1625	53.1446	56.5618	60.1347	57.8019	51.5397	48.0325	50.5282	56.3632	60.1211	58.9769	56.1569	57.2025	62.2663	65.0551	60.7779	51.0433	39.4731	27.8772	17.3654	9.18739	
12.2607	19.5679	28.1395	37.1175	46.3997	57.0231	68.2779	75.3748	73.6265	64.3382	54.1231	49.4985	51.7022	55.1452	52.8928	44.2535	34.3495	27.6767	25.4258	27.4095	33.6265	43.206	52.8286	58.4422	59.3686	58.7721	58.6147	56.7497	51.154	44.1861	39.8751	38.7969	38.7259	39.1575	42.0203	47.5887	51.6738	49.6638	42.6495	36.0216	33.4349	35.3812	40.7534	46.5882	49.5836	49.4827	48.4423	47.9742	49.0105	53.8648	63.9116	75.0012	79.5831	73.851	61.3098	50.6813	49.5049	57.2705	65.7204	67.2323	61.6947	55.6068	54.9872	57.8782	56.6759	48.7345	39.7598	36.002	36.9437	37.6149	35.3744	31.729	30.1691	33.4252	40.8565	49.2711	55.8129	58.4415	56.0297	49.6276	42.6219	38.9913	40.4776	45.0625	48.5886	48.7144	47.2593	48.0526	52.7988	58.0011	57.5092	51.5203	47.9521	51.0557	56.1672	57.5335	53.9174	47.4166	42.4624	43.2696	49.0837	55.2279	59.886	65.443	72.4438	76.9173	74.6675	66.7212	59.68	58.2648	59.3758	57.5814	53.0564	49.9782	50.4359	52.9096	54.4719	53.8731	53.3403	55.8585	60.3279	61.2583	55.0161	44.166	33.2333	23.9161	16.031	9.57144	
15.3304	23.1179	31.1808	38.8062	46.6752	56.7356	68.4822	76.507	75.791	67.8306	58.9928	55.5089	58.5925	62.0267	58.5334	48.5781	38.3268	31.743	29.0833	30.0026	34.7055	42.5155	50.7077	55.908	57.1707	56.54	55.3329	52.1215	46.5624	42.5354	43.8818	48.3513	50.0455	47.0978	43.2264	42.1603	42.9677	42.1999	39.076	35.8753	34.5635	35.5323	38.1368	40.7129	42.2637	44.5113	49.2587	54.5158	57.2693	59.519	65.9085	75.3923	80.9051	77.0198	65.5919	55.0897	53.0771	57.9376	61.2148	58.3164	52.6649	50.3479	53.8408	59.3741	60.1665	53.4604	43.6357	37.5908	37.3923	39.1525	38.5584	35.2557	32.6777	34.0439	38.3855	42.6027	45.8163	48.3329	48.9418	46.3065	41.9654	39.8044	41.7212	45.4495	47.1867	45.7309	44.039	45.9573	51.4963	55.6557	53.3999	47.1897	44.8688	48.4619	52.2293	51.9403	48.6683	45.1624	44.3551	48.4316	55.5567	61.0015	63.6756	67.408	74.4999	81.4919	82.0092	73.8953	63.2155	57.6663	57.5111	57.5894	55.0727	51.1161	47.8517	46.3646	46.2126	46.7701	48.7418	52.7056	56.6206	56.0602	48.5821	37.3982	27.8364	21.7149	17.3233	12.7128	
18.7954	29.1735	38.9507	45.6109	49.6264	54.5617	61.9526	67.8891	68.0954	63.7627	59.8924	60.9844	66.5659	69.3528	63.0488	50.9021	41.0168	36.7547	36.1279	37.0162	39.5164	44.0268	49.232	52.9341	54.3539	54.2159	52.3249	47.7139	42.3109	41.4643	47.947	56.8613	60.2706	55.8693	48.0395	41.9873	39.1597	38.1862	37.9975	38.306	38.6342	38.5342	37.981	36.996	36.5947	39.8757	48.5241	58.3253	63.193	63.8381	66.2882	72.3065	77.0097	74.9311	66.3575	58.3285	56.938	59.1408	57.5579	51.5418	47.1271	48.5329	54.3015	59.5494	59.7413	53.7594	45.4756	41.0667	42.3453	44.8457	43.6995	38.9602	35.0418	35.4123	38.3393	40.2991	41.3681	43.185	44.8081	44.19	41.9897	41.422	44.164	48.2071	49.7692	47.2332	43.586	43.0551	45.6282	46.8894	43.8766	40.1463	41.3113	46.1002	48.0848	45.3368	41.8104	41.0053	43.6123	48.9375	54.7286	58.1701	59.7803	63.4124	70.978	79.1122	81.1611	73.7252	61.9423	54.6343	54.547	57.1951	57.1544	52.6986	46.4652	42.4286	41.7854	43.4177	46.7687	51.1676	54.0574	51.911	43.4706	32.336	24.2286	21.1882	20.1924	17.2082	
22.2585	35.9734	48.6928	55.401	55.2882	52.9826	52.9174	54.5583	55.2747	55.086	56.5132	61.8047	68.8491	70.2496	61.6692	48.9572	41.6596	42.3047	45.8305	47.4396	47.4182	48.0141	49.3862	50.4127	50.9336	51.0127	49.3005	44.8511	40.286	40.5875	47.4527	56.1061	59.8432	56.655	49.697	43.1469	39.2527	38.5484	40.5278	43.1652	43.7841	41.5379	38.0423	35.2073	34.3503	37.6615	46.5154	57.2203	63.6112	65.0547	66.3416	69.9896	73.234	71.7824	65.6639	60.7527	61.0409	61.8896	57.2021	49.6044	46.6276	50.4398	56.2636	58.5298	55.5131	49.1563	43.8706	44.0203	48.6552	51.3911	47.9865	41.1504	37.2726	39.309	43.3152	44.369	43.4005	43.7025	44.9774	44.9029	43.6098	43.9468	47.8786	53.7386	56.7501	53.6739	47.0576	41.7401	38.9034	36.4685	33.7453	33.5246	37.8315	42.9273	43.03	38.4421	35.058	36.5279	41.1354	45.4932	47.7733	48.1099	48.7689	52.7434	60.458	68.4984	71.4538	66.3658	56.8601	50.4547	50.9659	55.5033	57.9208	54.5136	47.6871	42.8248	41.8268	43.2794	46.5639	50.8428	52.8722	49.4272	40.5652	30.2529	23.7224	22.6073	23.1414	20.438	
24.485	39.6079	53.6394	60.6309	58.5719	51.5918	45.6982	43.6371	44.5337	46.9442	51.0602	57.7766	64.5585	64.9997	56.579	46.0129	42.8063	48.6624	56.1496	58.4941	56.7297	54.752	53.1526	51.1049	49.3138	48.3252	46.8184	43.7137	40.538	40.1268	43.391	48.1414	51.1777	50.9553	48.1379	44.5684	42.2524	42.7722	45.9971	48.9276	47.9002	42.844	37.6122	35.3028	35.7258	38.4941	44.5855	52.7954	59.297	62.7966	65.6806	69.4988	72.3302	71.0568	66.5659	64.3811	66.6151	67.3728	61.5478	53.5004	51.1884	55.6166	60.337	59.3646	52.742	45.0526	41.8942	46.2606	54.235	57.2681	51.7691	43.255	40.1303	44.6667	50.5512	51.5314	49.4928	49.1814	50.4438	50.3529	48.8129	48.9088	53.0385	59.6527	63.2922	59.8456	51.3372	42.4086	35.3292	30.7014	29.3155	31.6381	36.1863	39.1131	37.2742	32.5864	30.9004	35.0664	41.3612	44.297	42.6447	39.33	38.1736	41.4199	48.2172	55.2002	58.7114	57.0281	52.0299	48.2365	48.9464	53.2225	56.4908	54.8932	49.6021	44.9166	42.69	42.4766	44.964	49.7182	52.546	49.7381	42.0666	33.4678	28.0003	26.4634	25.3131	20.7935	
23.3471	36.4602	48.4575	54.8402	53.516	46.9058	40.2153	37.4427	38.6778	41.6912	45.8846	52.2896	58.7747	59.7554	53.4081	45.7292	44.9843	52.6053	61.3692	64.797	64.3753	63.4463	61.1213	56.4643	51.8002	49.0476	47.183	44.7951	42.3149	40.7034	40.3349	41.6697	44.6993	47.7689	48.9356	48.3519	48.1392	50.1015	53.5599	55.0941	51.6395	44.7041	39.4992	38.763	40.257	41.5639	43.6327	47.6681	52.5208	57.2982	62.9416	69.7565	75.1509	75.6996	72.6146	71.5153	73.9288	74.158	68.2102	60.6442	58.5751	62.6978	67.0204	65.53	57.6431	48.1685	43.9582	48.6707	57.7799	61.6865	56.2049	47.1224	43.5203	47.9534	54.1774	56.306	56.4385	58.5974	61.2257	60.7071	57.6466	55.9641	57.9914	62.1166	63.8822	60.2272	52.4206	43.4834	35.9267	32.2555	33.5044	37.2354	39.5773	38.6777	35.1462	31.707	32.6927	39.7133	47.7011	49.6686	44.7998	38.1649	34.833	36.6353	41.8907	47.3018	50.7875	52.077	51.7539	51.076	51.6483	53.8798	55.9983	55.5638	51.9916	46.8806	42.1297	39.5215	41.2756	47.1151	52.4174	52.9885	48.8955	42.8154	37.5696	33.5507	28.2271	20.1693	
19.3492	28.7417	37.1836	42.3781	42.8619	39.5943	35.9319	34.9193	36.4162	38.5173	41.6829	48.0346	55.6457	58.568	54.5261	48.3135	46.5271	50.9868	57.6929	63.0053	67.7793	71.7423	70.7817	64.2842	57.5547	54.2617	52.4598	49.517	45.9726	43.0505	41.2639	42.2074	46.8355	52.2816	54.7324	54.5537	55.2352	58.3163	61.579	61.4614	56.6174	50.0985	46.7855	47.5562	48.5414	46.8751	44.1208	43.1763	44.9842	49.6523	57.765	68.8039	79.1172	83.8317	82.7432	80.7945	80.3835	78.2046	72.0339	65.646	64.2498	68.4842	74.2678	76.0038	70.3246	59.4568	51.0292	51.5593	59.0032	64.3908	61.6045	53.5659	48.2072	49.3713	53.6776	57.425	62.0183	68.6626	73.3028	71.8463	66.3416	61.8379	60.2628	60.1057	59.0954	55.9728	50.8218	44.5481	39.4535	38.8372	43.179	47.9169	48.2271	44.4993	40.1771	38.109	41.0721	49.622	57.9143	58.4282	51.1442	42.6283	38.3903	39.5434	43.6674	47.5719	50.3851	53.0648	55.7099	57.5756	58.6897	59.6626	60.5254	60.1072	56.4271	49.1322	41.1493	36.5866	37.8799	44.138	51.5689	56.5067	57.1884	53.877	48.578	41.9779	32.5354	20.813	
16.3991	23.3737	29.7831	34.3276	35.8937	35.4016	35.2033	36.1733	36.9002	36.6647	38.1881	44.8694	54.491	59.9204	57.8828	52.0646	47.4181	46.2738	48.961	55.6952	66.242	75.8075	76.9509	69.708	62.5975	60.8472	60.6893	57.4568	52.2889	48.2579	46.8337	49.4042	55.6703	60.9119	60.9142	58.1644	58.1962	61.8852	65.132	64.4212	60.3462	56.925	57.532	60.5892	60.9422	55.7905	47.5697	41.0346	39.1991	42.87	51.9634	65.3569	79.4548	88.7652	90.5546	87.2852	82.3474	76.3269	69.4231	64.3478	64.1089	69.1437	77.4353	84.2096	83.0419	72.28	59.4081	54.4752	59.4394	66.8164	68.1655	62.4641	55.7004	52.9238	53.9307	57.4427	64.4334	74.018	80.3729	78.6856	71.4629	64.3819	59.4798	56.122	54.0302	52.613	50.3953	46.9783	44.6089	46.4092	52.268	57.3589	57.2508	53.1623	49.1464	47.9886	51.828	60.2837	67.0075	65.3215	56.7683	48.4284	44.8229	45.8022	48.6587	50.869	52.4205	54.8133	58.2265	61.6875	64.732	67.2251	68.6437	67.593	61.9247	51.8449	41.9998	37.3027	38.6306	43.9847	51.2705	58.2958	61.7739	59.9131	54.4557	46.5557	35.121	21.5404	
16.7846	23.7652	30.5757	35.4868	37.3399	38.2597	40.5222	42.4091	40.8934	36.8554	35.5171	41.4488	52.2998	59.9895	60.0916	55.0884	48.5559	43.0232	41.7784	47.7877	60.4018	72.6336	75.6227	69.4202	63.5186	63.8603	66.0274	64.1783	59.3693	55.6732	55.2614	58.8007	64.2562	65.9679	61.0778	54.6801	53.3752	56.9666	60.2556	60.2465	58.8908	60.1903	65.6463	71.9501	73.3817	66.728	54.4833	43.1619	37.8514	39.6672	47.6305	60.3477	75.2017	87.2719	91.6828	87.6037	78.5376	68.6554	60.5149	56.0138	56.4806	62.0903	72.1485	82.8265	86.1731	77.621	63.6721	56.4389	60.7821	70.232	74.743	70.8294	63.3702	58.0431	56.0651	57.1787	62.6769	72.1947	80.2291	80.6971	74.0861	65.3922	57.8139	52.7668	51.3231	52.2383	52.4555	51.0965	50.3864	52.581	57.1961	60.8881	60.8018	57.7843	54.8368	54.7776	59.6869	67.9546	72.9034	69.8393	62.0188	55.4821	52.2876	51.1823	50.6306	49.95	49.7985	51.3735	54.767	59.4409	65.1988	71.1741	74.9789	73.6394	65.7757	54.2448	45.2715	42.6588	44.8332	48.7633	53.7047	58.9442	61.2074	58.3966	52.2986	44.1247	32.8909	19.9458	
17.8003	25.7903	34.0108	40.1425	43.2063	46.2496	50.6959	52.3354	47.518	38.9964	33.8312	37.4671	48.0463	57.3039	59.6495	56.2121	49.7607	42.8168	39.3002	42.6248	52.4388	63.0446	67.0152	63.6711	60.2727	61.9221	65.2777	65.4068	62.9374	61.1156	61.571	64.2645	66.6497	63.9883	55.5599	47.5817	45.6332	48.3479	51.0174	51.9903	53.8516	59.4661	68.1905	76.2362	79.1407	73.7418	61.3052	48.2068	40.3974	39.5438	45.0165	55.8534	69.8277	82.1625	87.0656	82.0329	70.3941	58.0322	48.6889	43.8105	43.9501	49.2159	59.3822	71.2655	77.2334	72.0867	61.1497	56.0626	62.0643	72.9247	78.281	74.2577	65.9221	59.6007	56.5877	55.7864	58.3539	66.0315	75.7258	80.4454	76.9238	67.9943	58.2047	51.4147	49.8303	51.8375	53.5953	53.8647	54.3321	55.9254	57.689	58.3461	57.4643	55.6996	54.6348	56.731	63.551	72.061	75.8748	72.9254	67.6152	63.5068	59.4772	54.0273	48.2342	43.9257	42.2768	43.7725	47.8491	53.7144	61.3981	70.3098	76.9897	76.4569	67.5395	55.7933	48.7277	48.5692	51.7567	54.6003	56.6354	57.8805	56.4255	51.4518	44.7627	37.0079	27.1472	16.2976	
15.9814	23.9781	32.5891	39.9647	45.9543	52.9593	59.7218	60.2475	52.1181	40.1734	32.1723	33.6263	43.2554	53.2044	57.1848	55.3783	50.426	44.7831	41.2457	41.6105	45.6878	51.1265	54.2915	54.3567	54.8125	57.966	61.2026	61.7428	60.8549	60.7565	61.7757	63.2919	63.4332	59.2363	51.349	45.1293	43.7908	45.2151	46.3612	47.3034	50.8954	58.5709	67.4849	73.8836	76.1404	72.8271	63.6356	52.2354	43.5037	40.1291	43.1198	52.1893	64.6317	75.1958	78.4258	72.4134	60.5575	48.4097	39.4181	34.6868	34.3726	38.3828	46.5886	56.6648	62.6873	60.3858	53.7977	52.3456	60.2815	71.8505	77.3602	73.0084	64.0922	57.9376	55.9976	55.3107	55.6537	60.6477	70.5843	79.0998	79.9467	73.0609	62.6646	53.5658	49.0833	48.9623	50.2712	51.5276	53.2538	54.8112	54.5631	52.7859	51.3469	51.2412	52.7801	57.2483	65.0268	72.3181	74.2449	71.5039	68.8207	66.986	62.4032	54.0253	45.0996	38.856	36.6529	38.7123	43.8377	50.2628	57.8705	67.2867	75.6222	76.4821	67.7094	55.97	49.6835	50.3382	53.5574	55.5196	55.4522	53.426	49.05	43.0701	37.0761	30.6551	22.3914	13.3621	
12.0304	18.575	25.7078	32.992	41.4595	51.8737	59.9976	59.3695	49.6778	37.2183	29.2901	30.4568	39.4529	49.1763	53.6412	53.0014	50.2781	47.7311	46.1689	44.7811	42.9585	41.6015	41.6627	43.7663	48.4631	54.1268	57.0278	56.2032	54.8489	55.3341	56.9832	58.696	59.3112	56.9478	52.3629	49.3534	49.214	49.8494	49.7728	49.8231	52.5972	58.9379	65.1998	68.0259	68.3202	66.9128	62.294	54.3209	45.8967	40.9826	41.983	48.5365	57.8116	65.319	66.8843	61.4834	52.0978	43.0821	37.1664	34.9882	35.6665	38.0085	42.123	47.8632	52.0286	51.1108	47.2507	47.557	55.944	68.012	74.8942	72.0407	64.0757	59.1133	58.9453	58.862	57.1638	58.6057	66.1759	75.4916	80.0823	77.6887	69.7617	59.2873	50.2191	45.1581	43.7503	44.9255	47.9314	50.6053	50.6215	48.8623	48.3034	50.1117	53.5572	58.4927	64.2653	67.5602	65.9574	62.2723	60.7827	60.6674	57.8597	51.6775	44.9917	40.1137	38.3376	40.5905	45.8245	51.4955	57.1228	64.4743	72.0154	73.206	64.9953	53.7433	47.7148	47.9688	50.1879	51.1323	50.1314	47.1393	42.4863	37.7268	33.9705	29.523	22.2946	13.6067	
8.93815	13.7272	18.4901	24.0008	32.1261	42.5454	50.0261	49.0783	40.6934	30.9443	25.7241	28.2003	36.9075	45.8507	50.0733	50.2208	49.9469	51.3481	53.0531	51.5369	45.3687	37.4825	32.6769	34.1318	41.3654	49.5107	52.7675	50.8116	48.5828	49.1073	51.2099	53.5471	55.4478	55.4319	53.7577	53.0055	53.8938	55.1264	55.818	55.7892	56.3178	58.5387	60.5385	60.618	60.6963	62.0819	61.9278	57.0383	49.1239	43.48	42.7967	45.7093	50.1687	54.291	55.6466	52.9073	47.6764	43.3082	42.2719	44.6698	47.9364	49.071	48.6214	49.5369	51.4529	50.7484	47.4397	47.3326	54.9379	67.0831	75.1691	73.928	67.5571	64.2935	65.2606	64.4644	60.101	57.7026	61.1359	68.0044	74.1131	76.7762	73.78	64.3996	52.1824	42.4861	37.9909	38.6841	43.0206	47.6678	49.6306	49.5025	50.1246	52.5887	55.8481	59.0548	61.0908	59.5666	54.1111	48.4456	46.2082	46.8796	47.9163	48.3285	47.9611	46.58	45.6192	47.3637	51.5173	55.4646	58.4636	62.5651	67.1096	66.5585	58.4254	48.5165	43.5999	43.698	44.8647	45.0395	44.2651	42.3428	39.4194	37.1235	36.0749	33.4952	26.6408	17.1114	
8.16298	12.1038	15.1448	18.3682	23.8787	31.4453	36.9672	36.5662	31.2378	25.4215	23.2454	26.8709	35.2512	43.9046	48.6241	49.7647	51.3141	55.7761	60.4494	59.7178	51.1466	38.331	28.4077	27.0118	34.1725	43.7205	48.3633	47.2696	45.6526	46.4769	48.0625	49.2011	50.2666	50.6334	50.0862	50.0519	51.3809	54.0137	57.0612	58.3943	57.2625	55.2176	53.5332	53.1812	55.7527	60.8225	63.9496	60.7069	52.9958	47.104	45.2864	45.058	45.2118	46.5075	48.2653	48.6626	47.7842	47.9584	51.2571	57.3639	62.7598	63.5016	60.6578	59.161	60.017	59.0885	55.2841	54.3194	61.1929	72.5718	79.3571	76.7846	70.1977	67.581	68.2583	65.5318	58.8	53.9881	54.0707	57.4833	62.7953	68.5292	70.3906	64.3455	52.4279	41.1405	35.2241	35.7163	41.0261	47.4782	51.5282	52.7898	53.2567	54.1707	55.3607	56.4437	56.186	52.407	45.1551	37.7376	33.5076	33.7748	38.4027	45.5855	51.3313	52.9123	52.394	53.3882	56.1248	58.3357	59.4244	60.9129	61.9273	58.3502	49.5404	41.0857	37.7741	38.3837	39.2974	39.4382	39.5522	39.2914	38.2912	38.0066	38.8312	37.586	31.2957	21.3855	
9.13246	13.3393	15.8654	17.3762	19.9103	24.1406	27.9135	28.5983	26.2753	23.4145	22.8261	26.5353	34.7135	44.5218	51.5677	54.2712	55.9299	60.2427	65.2631	64.9343	55.9327	41.1812	28.2221	23.9493	29.4326	39.0649	45.4619	46.8845	47.4011	48.9689	49.2734	47.5673	45.908	45.2002	44.8431	44.6536	45.2993	47.9613	52.1097	54.4139	52.5652	48.2734	45.3985	46.9713	53.4056	61.664	66.2083	63.3553	56.0912	50.7938	48.9558	47.4706	45.2787	44.2723	45.3401	47.4034	49.8582	53.4888	59.0295	65.82	70.9885	71.631	69.4312	69.023	70.6384	69.6794	65.3188	63.9042	70.375	80.3326	84.0367	77.8843	68.7411	64.2081	62.538	57.7484	50.5733	46.2612	45.921	47.6818	51.7522	58.3432	63.3245	61.1744	52.1661	42.3234	36.7882	36.9043	41.7396	48.6468	54.0554	56.0108	55.0192	52.6554	50.5284	49.6807	49.282	46.896	41.4072	34.3354	28.7157	28.1175	34.6797	45.7796	54.5028	56.7436	55.5888	55.5806	56.8324	57.4892	57.7267	58.2818	57.0685	50.9872	41.3387	33.6588	31.3584	32.6501	34.005	34.419	34.9718	35.6001	35.7376	36.4136	37.7787	37.097	31.9665	23.2122	
10.2711	15.2371	18.1115	18.7816	19.0861	20.8761	23.8834	26.0404	26.0528	24.803	24.5873	27.8652	36.0598	47.6377	57.6547	61.9509	62.173	63.2566	65.7258	64.964	57.3506	44.3173	32.0106	26.8674	30.5069	38.8348	45.8776	49.5796	52.3087	54.6397	53.9511	50.0913	46.3979	45.0148	45.0402	44.6141	43.5898	43.8364	45.8165	46.7153	44.0709	39.5353	37.7987	42.4482	52.6598	63.2963	68.3806	65.9768	60.2982	56.794	55.8078	54.0994	50.4891	46.9041	45.4602	46.7185	50.3305	55.5994	61.4368	66.6609	69.8203	70.2179	70.1122	72.524	75.9891	75.5105	70.7573	68.6038	73.8937	81.8991	83.1812	74.7441	63.1617	55.2246	50.0734	44.0892	38.6267	37.1055	38.8723	41.7082	46.359	53.8367	60.6017	61.1055	55.1248	47.9987	43.7529	42.8709	45.4879	51.3741	57.6614	60.327	57.6551	51.3416	44.8772	41.1126	40.4758	40.8982	39.7351	35.8851	31.3996	31.3543	39.3595	52.0931	60.9994	61.6924	58.3316	56.0344	54.6897	53.1379	52.7859	53.7262	52.3015	45.605	35.9023	28.4644	26.15	27.4211	28.8692	29.1063	29.3518	30.2982	31.4788	32.8761	33.8568	32.6201	28.2239	21.24	
10.5292	16.1004	19.7476	20.4947	19.7994	20.5055	23.7492	27.465	29.0971	28.7481	28.7662	31.6829	39.1122	50.2878	60.8351	65.7872	65.2816	64.0573	64.2269	63.0241	57.4953	48.1922	39.3739	35.7172	38.3209	44.4156	50.151	54.0896	57.46	59.988	59.2598	55.2649	51.2159	49.676	50.1436	50.1368	48.2762	45.5907	43.1805	40.3844	36.3922	32.6606	32.8453	39.9262	52.7208	65.3172	71.5328	70.8055	68.0901	67.2857	67.2945	65.0336	59.6017	52.926	47.8418	46.237	48.5088	53.3967	58.4569	61.7318	62.7039	62.4575	63.5611	67.8145	72.851	73.3019	68.4418	64.9332	67.7761	73.238	73.4645	65.5927	54.2537	44.8957	38.1268	32.6123	29.5715	30.632	34.4863	39.521	46.747	56.5313	64.5982	65.8085	61.2067	56.2718	53.3498	51.4328	51.5973	56.297	63.667	67.5597	63.8001	53.924	42.8275	34.9372	32.3821	34.2763	37.2838	38.1752	37.5086	40.3701	50.5766	64.249	72.3766	70.8503	64.1934	57.6404	51.7508	46.983	45.8031	47.5129	47.1856	41.6523	33.0766	26.0721	23.1882	23.3884	23.8635	23.3963	23.401	25.2144	28.3412	31.1564	31.6495	28.8398	23.6443	17.3008	
10.3253	16.0228	20.3535	21.7955	21.3595	22.3853	26.6541	31.744	34.3987	34.8264	35.6173	38.4584	43.5575	50.33	56.9749	60.9899	62.0956	62.6238	63.3635	62.3415	58.1681	52.0113	46.9976	45.821	48.4279	52.5549	55.7563	57.4611	59.1684	61.2239	61.6084	59.1401	55.3572	52.9667	53.2289	54.7138	54.7153	51.4287	45.1739	38.1957	32.7673	30.2015	31.9402	39.7071	52.8612	66.1841	73.6918	75.4737	76.632	79.5199	81.4909	79.1482	71.8596	62.1367	53.5186	48.4406	47.8459	50.7706	54.3519	55.9243	55.0172	53.3529	53.5899	57.3646	62.6454	64.089	60.0413	56.0101	56.6343	59.4586	58.9275	52.8753	44.2902	37.1646	32.3149	28.8917	27.5422	29.1876	33.1643	39.3445	49.1493	61.5043	70.4691	71.173	66.2554	61.7555	59.2648	57.0633	56.5189	61.3739	70.3264	75.7409	71.609	59.256	44.5238	33.0433	28.2412	30.1684	35.5098	40.2252	43.7259	49.937	61.7168	75.1905	82.4901	79.9852	70.9444	59.8044	48.9319	41.3932	40.0194	42.7086	43.6727	39.7092	32.7014	26.5136	23.1477	21.7756	20.5382	19.1213	19.251	22.4914	28.1526	33.1009	33.7531	29.314	22.1838	14.8607	
10.1228	15.2227	19.5007	21.6087	22.2789	24.6689	30.3702	36.5798	40.0716	41.6931	44.2536	48.0375	50.6059	50.6942	50.1367	51.1473	54.1651	58.2672	61.3992	61.5508	58.6344	54.355	51.2075	51.105	53.7936	57.0224	58.1133	56.5523	55.1691	56.4175	58.709	58.5256	54.997	51.1981	50.8355	54.3221	58.0158	56.8145	49.3402	40.0745	34.1616	32.812	35.2108	41.6182	52.1329	63.3101	70.4163	74.1255	79.3995	87.4324	93.8599	93.6801	85.8839	74.3384	63.7119	56.0994	52.1955	51.8604	52.9835	52.6985	50.0528	46.6383	45.1184	47.3093	51.8509	54.1415	52.1597	49.6472	49.6951	50.3896	48.5207	43.5029	37.7919	34.1594	32.5798	31.4973	31.0261	32.1071	34.8733	40.4316	50.6726	63.6194	72.4477	72.5098	66.739	61.1921	58.1305	56.4031	56.8985	62.9316	73.2606	79.7877	75.7417	62.4183	46.4396	34.3665	29.8146	32.1835	37.8306	43.3216	48.4589	56.0057	67.0335	78.1247	84.1548	82.3445	73.4673	60.2975	47.0796	39.2283	39.1708	43.2164	45.2478	42.5586	36.9933	31.5701	27.4679	24.0345	20.6326	18.0768	18.246	22.4926	29.9889	36.8745	38.3787	33.2243	24.4475	15.5883	
9.3318	13.252	16.8227	19.4658	21.8138	26.0904	32.9061	39.4178	43.3972	46.6225	51.8311	57.8262	59.4361	54.0984	46.4554	43.0402	45.5829	51.4442	57.1174	60.4314	60.6041	57.6416	53.418	51.3333	52.9132	55.9332	56.213	52.2237	47.9088	48.1515	52.132	54.2934	51.6111	47.2793	46.5436	51.0227	56.9909	58.0579	52.0295	44.091	40.0802	40.3161	42.1793	45.0081	49.8948	55.8569	60.4303	64.9192	73.5854	86.6735	98.5321	102.419	96.7804	86.6555	77.0349	68.578	61.4308	57.1303	55.3371	53.2833	49.3957	45.129	43.1841	45.0809	49.4686	52.5976	52.6925	51.9664	51.8703	50.7295	47.1539	41.9521	37.3324	35.147	34.9052	35.039	35.7706	37.812	40.5976	44.7942	52.5205	62.4221	68.8386	68.0445	62.2095	56.3706	53.3594	52.5192	53.854	59.9705	69.9112	76.0463	71.9772	59.4952	45.8151	37.6044	37.0158	40.8895	44.7237	47.3064	51.0072	58.0715	67.0016	74.3424	78.1915	77.3618	70.6342	59.0139	47.3318	41.6174	43.4507	48.5813	51.7522	51.1564	48.0106	43.4333	37.4883	30.582	24.2089	20.3467	20.4377	24.9104	32.6828	40.1034	42.2121	37.2011	27.9463	18.2105	
7.75453	10.8724	14.269	17.9967	22.5124	28.6339	35.4758	40.5683	43.7018	47.8277	54.9325	62.3606	63.7532	56.1517	45.1901	38.9876	40.1871	46.6623	55.4781	63.9106	68.3357	65.6955	58.0823	51.9824	51.2638	53.6145	53.4723	48.193	41.889	40.9608	45.8598	50.4436	49.9429	46.5153	45.474	48.8401	53.5883	54.6585	51.0654	47.8045	48.7844	51.5095	51.5703	48.927	46.9977	47.5594	50.0019	55.0594	65.0495	79.6474	93.9591	101.554	100.592	95.3306	88.9786	80.5223	70.6859	63.5905	60.6093	58.5267	54.9216	51.2758	50.4658	53.5315	58.5771	61.9875	62.005	60.2588	58.2307	55.2704	50.8297	45.5842	40.8649	37.897	36.6842	37.0025	40.0571	45.94	51.7056	55.5704	59.1259	62.701	63.6504	60.7065	55.8957	52.3708	51.4818	51.5797	52.0214	55.6918	62.513	65.9976	61.2788	51.3059	43.1596	41.9402	46.9073	51.9295	52.2912	50.1404	51.1639	57.2379	64.2279	68.1893	69.762	69.6781	65.9833	58.1868	50.1687	46.8798	49.2498	54.2243	58.7604	61.8851	62.9824	59.9465	51.4676	39.9861	30.1821	25.337	25.7854	30.1087	36.5181	42.2553	43.5426	38.7478	30.0812	20.5338	
6.56091	10.3321	15.1378	20.7334	27.1663	34.2746	39.9862	42.2404	42.9399	46.1803	52.747	58.7301	58.712	51.2649	41.6973	36.7942	39.092	47.752	60.6809	73.8493	80.679	76.6019	65.4467	56.1109	53.0013	53.4796	52.0823	46.0586	38.9299	37.2595	42.8721	50.2861	52.9992	50.8686	48.7725	49.3495	50.4255	49.1439	47.1463	49.5533	57.0418	62.6372	60.1233	52.0719	45.8614	45.3941	49.5824	56.1744	64.597	75.3654	87.2181	96.0565	99.2396	98.2039	93.7627	84.753	73.7042	66.7535	65.8567	66.8554	66.0974	64.3767	64.4752	67.5864	71.8517	73.496	70.5171	64.8721	59.5723	55.6126	52.3853	48.954	45.0917	41.5547	39.1987	39.4802	44.8854	55.2223	65.4092	70.8093	71.5232	68.8908	63.3713	57.2693	53.9586	54.4004	56.3793	56.3354	53.9237	53.1317	54.9141	54.3914	48.9444	42.545	40.7963	45.7706	53.9545	58.2543	55.4464	50.2394	49.4211	53.9464	58.7569	60.5231	61.428	63.109	63.0465	59.4615	54.8768	52.7444	53.801	57.232	62.5185	69.0186	74.1985	73.26	63.5689	48.9985	37.1056	32.5503	34.3025	38.3887	41.8726	43.4739	42.0466	37.1388	29.9351	21.6552	
6.94937	12.8801	20.2767	27.4904	34.1006	40.3804	44.411	44.1961	42.3759	43.6246	48.0017	50.9084	48.5461	41.7587	35.3752	34.0633	39.7075	51.9629	68.3236	83.2493	89.3084	83.2331	70.8918	61.091	56.6461	54.8753	51.9293	45.8281	39.196	37.8631	44.6315	54.9437	60.4406	58.346	53.7944	51.0244	48.3687	44.0956	42.1915	48.4117	60.7231	68.2143	63.7591	53.3872	48.3443	53.0796	63.4889	72.5395	77.0166	80.0279	85.5363	92.0032	95.2755	94.1224	88.7556	79.4553	69.7019	65.2315	67.7536	73.3621	77.5543	78.8889	78.6524	78.6348	78.5492	75.7414	68.722	59.892	53.0388	49.8941	49.5505	49.5635	48.1452	45.5032	43.0252	43.111	48.9246	60.666	73.2458	80.9496	82.141	77.4896	68.8627	61.4026	60.1534	64.0098	67.0319	64.686	58.1692	52.546	49.3511	45.3925	40.0515	37.196	39.8201	46.9693	54.1626	56.2835	52.8599	48.7844	48.3792	50.976	52.9451	53.3754	55.2494	59.5382	62.6335	62.0298	59.7215	58.0387	57.3676	58.5873	62.8178	69.4288	75.5933	76.402	68.3128	54.4544	43.3631	40.906	44.9932	48.8771	48.3052	44.0783	38.7603	33.7119	28.7778	22.622	
8.80698	17.0911	26.573	33.9608	38.6175	42.3895	44.8602	43.9741	41.4032	41.3799	44.0555	44.9026	40.9378	34.3239	29.8531	31.1537	39.6379	54.4056	71.4495	84.3693	87.5407	80.8266	70.6466	63.1416	59.0123	56.3271	53.0931	47.9281	42.6697	42.4783	50.6965	63.1972	69.8686	65.9329	57.6146	51.55	46.5081	40.3944	37.8002	44.7745	58.2194	66.0722	61.7264	53.2382	53.3216	65.6418	82.8193	93.7596	93.8217	88.8836	87.0119	88.4084	88.1791	84.4579	78.4843	71.6301	65.8734	63.9306	67.2566	74.7987	83.1881	88.0653	87.2136	82.1276	75.165	66.8396	57.4704	49.1531	44.1067	43.0871	45.3309	48.3303	49.3706	47.8993	45.4379	44.6698	48.6156	57.9971	69.4737	78.3469	81.921	79.4717	72.8124	67.8935	69.8594	75.7424	77.647	71.9392	61.9848	53.2795	47.1448	41.4998	36.8072	35.9048	39.3645	44.7303	48.5465	48.9325	47.7768	48.4139	51.0983	53.2041	53.0845	52.5106	54.8512	60.0684	63.9084	64.1091	62.9362	61.8972	60.4633	59.807	61.5503	65.1983	69.1726	70.5223	65.515	55.1597	47.0951	47.7382	54.3889	58.127	53.838	44.5706	36.2183	31.4775	28.8562	24.6746	
11.2097	20.3649	29.9409	36.1357	38.3834	39.6571	41.1634	41.1768	39.8049	39.9159	42.0347	42.4525	38.3965	32.1614	28.6502	31.2533	40.8189	55.4016	69.7206	77.6979	77.1056	71.1808	65.0603	60.9318	58.1921	56.3166	54.3648	50.8182	47.0635	48.1432	57.6775	71.4446	78.13	71.8404	59.7155	50.6351	44.4124	38.1997	35.3284	41.0647	52.7684	60.2178	58.1018	53.534	57.5185	72.9041	91.6493	101.946	99.4364	90.9346	85.0256	82.305	78.8605	74.1346	70.3733	68.7489	68.4367	68.0506	68.5608	73.2452	82.2235	89.5399	88.9269	80.1482	67.5092	55.2002	45.909	40.8178	39.1559	39.9006	43.0155	47.1761	49.3717	48.1171	44.8782	42.5942	43.8363	49.4304	57.8569	66.0107	70.8199	70.8474	68.0145	67.6649	73.082	79.7193	79.9737	72.3718	61.9655	53.7056	47.8453	42.5195	38.4191	37.341	38.7659	40.6221	41.3495	41.2772	43.0622	48.5706	55.4541	59.5158	59.6231	58.5869	59.8458	63.3632	65.641	65.2199	64.4139	64.07	62.8397	61.3289	61.0273	61.7759	63.0867	63.5768	60.0019	52.2848	46.8455	49.5685	57.2746	60.5212	54.6633	44.1608	35.7572	31.8924	30.3683	26.7892	
13.7681	22.0732	30.1194	34.934	35.8513	35.6722	36.651	37.8846	38.2474	38.9085	40.6727	41.2679	38.4198	34.0875	32.8757	37.4107	47.0468	58.7612	67.5113	69.1176	64.8769	60.2357	57.9523	56.4052	54.6096	53.7162	53.3535	51.576	49.3719	51.6707	62.1143	76.4195	83.1309	75.9154	61.6205	50.2294	43.3145	38.0767	35.8784	40.3259	49.8382	57.3703	58.527	56.8547	59.6568	70.0497	82.8342	89.2272	86.6442	80.7029	76.7501	73.977	70.1623	66.7233	66.2596	69.365	73.5602	74.5378	72.1701	72.5414	79.1719	86.5391	86.5064	77.0812	62.5216	48.8968	40.8261	38.9508	39.8964	41.0316	43.2071	46.7461	48.8707	47.2419	43.0407	39.3921	38.467	40.9297	46.3989	52.7895	56.7417	56.7764	55.5972	57.9183	64.8316	71.0199	70.5023	63.8206	56.4236	51.7926	48.7974	45.5057	42.4447	40.5509	39.1895	37.6318	36.1537	35.8498	38.7612	46.1134	55.4188	62.0396	64.0557	63.5598	63.6327	65.0724	66.0977	65.8666	65.8445	66.234	65.4864	63.7445	62.5521	62.3799	62.697	61.7825	56.9408	48.9247	43.8063	46.1472	52.3538	54.5049	49.8113	42.4364	36.7976	33.659	31.249	26.5822	
16.4752	23.7613	30.692	35.0892	35.513	34.1707	34.4225	36.3557	37.8619	38.5058	39.1833	39.3294	37.9601	36.9621	39.9806	47.7558	57.2855	64.7347	66.8399	62.5846	56.0253	53.1037	53.9663	53.997	51.9961	50.7434	51.0253	50.8874	50.3626	53.4663	63.7378	77.5198	84.3441	77.8683	63.6741	51.6106	44.8368	41.208	40.4936	44.606	52.9317	61.2063	65.0193	63.6264	60.8406	61.1876	64.0303	65.0326	63.5914	63.1824	64.6539	64.9238	62.8979	61.2907	62.4531	66.7904	72.4148	74.9528	73.2989	72.8784	77.4095	82.6427	82.0965	73.8017	60.4609	47.6176	41.0106	41.5967	44.3711	45.1106	45.1086	46.5313	47.7203	46.0181	41.8738	37.9565	36.1249	37.033	40.7488	45.4531	47.5595	45.7061	43.2475	44.7779	50.6125	55.9293	56.2481	52.6962	49.818	49.3956	49.4636	48.5553	47.1173	45.1308	41.7721	37.4873	34.148	33.1808	35.4106	41.4011	49.7034	56.7775	60.3393	61.1339	61.2917	62.2589	63.9222	65.7535	67.8449	69.448	68.8403	66.1309	63.8428	63.7413	64.6747	63.2789	56.8911	47.6194	41.6127	41.9961	45.2101	46.1824	44.3023	41.8263	39.2026	35.4739	30.3791	23.5676	
18.4848	25.8756	33.2786	38.2912	38.4561	36.0707	35.8918	38.6078	41.0913	41.4708	40.2748	38.401	36.9826	38.5117	45.2286	55.6244	64.9686	69.2432	66.8619	59.3161	52.174	51.1125	54.7443	56.5366	54.2714	51.6142	51.3426	52.2166	52.707	55.0678	62.8884	74.0865	80.0371	74.9103	63.1229	53.4944	49.3038	48.5089	49.8253	53.9912	61.2393	69.3356	73.4695	69.8783	60.6711	52.0392	46.896	43.985	43.5619	47.2375	52.9316	56.2219	56.3671	56.0528	56.8708	59.324	63.4297	67.1435	69.2373	71.7961	75.4158	76.9602	74.0576	66.7292	56.0468	45.6865	41.5022	44.9639	50.0935	50.9558	48.6175	47.0554	46.6066	45.061	41.9129	38.9269	37.9415	39.5674	43.0361	45.9848	45.5301	41.2533	36.6641	36.1638	40.5322	46.1113	48.7952	48.7891	49.4509	51.4994	52.6343	52.2011	51.1756	49.0895	44.7724	39.1453	35.0932	34.2807	36.108	39.6964	44.4415	49.2116	52.7782	54.7296	55.7286	57.1746	60.0219	64.1126	68.5463	71.4396	70.3803	65.5251	61.0121	60.4833	62.5461	62.2739	56.5314	47.9198	42.1835	41.2073	41.935	42.1687	42.8331	43.896	42.5148	36.9941	28.8039	19.8752	
18.9035	26.9966	35.1759	40.608	40.9025	39.0628	40.3159	44.9381	48.9452	49.4477	46.2361	41.2135	37.8919	39.677	47.3169	57.7848	66.5431	70.3294	67.714	60.1637	53.27	53.0006	58.6032	62.8934	61.4703	57.3815	55.4583	55.9458	56.0043	55.7794	58.6916	64.719	68.0374	64.3863	57.4126	53.7004	54.7461	57.9165	61.4155	65.2629	70.4596	76.5577	78.761	72.0565	58.526	45.5037	37.1867	33.0131	32.8444	37.4098	44.1956	48.8956	50.6213	51.2518	51.6169	52.1556	54.241	58.357	63.6982	68.6753	70.3321	66.9176	60.5211	53.6011	46.2864	40.2984	40.4223	47.8037	55.9146	57.7703	54.038	49.9148	47.5762	45.5815	42.9847	41.3644	43.0119	47.6458	51.8167	52.0672	47.8502	41.3135	35.9384	35.0482	39.5912	46.6904	51.7638	53.8207	55.8025	58.1542	58.0522	55.2884	52.1556	49.0831	45.0448	40.7218	38.7758	40.4883	43.8715	46.2221	47.1267	48.0907	49.9024	51.7485	53.044	54.6123	57.6165	62.2536	67.3922	70.5292	68.6359	61.6553	54.7462	53.2035	56.0643	57.5788	53.9989	47.7227	43.8188	43.2137	43.0939	42.8287	44.115	45.9541	44.4432	37.8898	28.2477	18.12	
18.215	26.4061	33.9173	38.5318	39.5851	40.5022	44.9476	51.6962	56.6371	57.0262	52.4697	45.5835	41.2911	43.0771	50.2426	59.1704	66.8123	71.3792	70.8365	64.8736	58.0036	56.9463	63.1002	69.7626	69.9956	64.9036	60.5197	59.0409	57.524	54.3569	51.9215	51.6985	51.3811	49.3184	48.2241	51.1258	56.9595	63.0957	68.19	71.7747	75.1572	79.3515	79.9847	71.6385	56.7592	43.1685	34.9294	30.8963	30.2327	33.6723	39.5578	44.2245	46.5905	48.1492	49.448	50.2453	51.6735	55.4559	61.2132	65.0812	62.5719	54.109	44.9868	38.8276	35.2051	34.5544	39.9015	51.0215	61.2744	64.1133	60.2813	55.1488	51.4721	48.2314	44.9602	44.444	49.6219	58.109	62.8956	59.9232	52.0363	44.51	40.3802	40.7163	45.6016	52.7647	57.8892	59.6701	60.9944	62.2583	60.1931	54.6141	48.9663	45.1843	42.9979	42.5551	45.1496	51.0511	57.4971	60.4711	59.0275	56.2517	54.9959	55.1604	55.8683	57.3057	59.9883	63.7899	67.5773	69.2339	66.0799	57.7529	49.2673	46.6713	49.6368	52.2058	50.2133	45.8485	43.9165	44.8688	45.3553	44.4477	44.1822	44.6689	43.1807	37.9522	29.4271	19.1598	
17.3114	24.7991	30.4165	33.5581	35.8743	40.2456	47.279	54.0442	57.4868	56.6065	51.9947	46.6393	45.0034	49.2036	57.3116	65.6403	72.144	76.1711	76.0009	70.5399	63.0962	60.3149	65.422	73.1691	75.2641	70.3699	64.0752	60.1004	56.6967	51.5856	45.6591	40.7739	37.5729	36.8631	40.0465	46.426	53.2446	59.3323	64.7664	68.6838	71.9878	76.4246	78.1182	71.2636	57.8032	45.1698	37.2537	33.1014	32.0421	34.8132	39.8891	43.7615	45.5816	47.4784	50.2094	52.4629	54.2626	57.4822	61.8008	62.4812	55.5977	44.1115	34.6989	30.2474	29.6036	32.8604	41.691	54.2646	64.3277	67.1236	63.9223	59.2365	55.2189	50.9025	46.7425	47.1665	55.3178	66.3554	70.9247	65.8527	57.0007	51.2004	49.8019	50.8422	53.3578	56.7711	58.9474	59.0387	59.0852	59.2505	56.6939	51.0893	45.5927	42.7465	43.2213	46.8748	53.3432	61.9493	70.3675	74.5111	72.6343	68.0456	64.8478	63.6881	63.6821	64.8679	67.2696	69.7992	70.9686	69.6864	64.4934	55.0032	45.5456	42.0501	44.5436	47.271	45.9363	42.465	41.6751	44.1006	45.6089	43.9656	41.3265	39.9218	39.0985	36.7543	30.849	21.1923	
16.5387	23.2308	27.1773	29.3884	33.0464	39.6709	46.916	51.0622	51.0691	48.4208	45.0399	43.6333	46.9489	55.2263	65.9156	75.5093	81.4948	82.9731	79.8536	72.8841	64.8982	60.8621	64.148	71.5399	75.4192	72.4125	66.1694	60.898	56.3706	50.5443	43.3498	36.4735	32.032	32.0138	36.4981	42.3182	46.5938	50.4677	55.4502	60.0095	64.1705	70.0094	74.4563	71.4634	61.3636	49.9445	41.1528	35.9032	35.0273	38.8358	44.5311	47.8598	48.1642	48.6508	50.9285	53.4595	55.7144	59.2011	62.8889	61.6009	52.7822	41.4558	34.2003	31.921	32.4441	36.2899	44.9792	55.8647	63.4192	64.8899	61.9547	57.8394	53.9871	49.6956	45.9632	47.5594	56.8807	67.7335	71.0662	65.8268	59.2978	57.4616	58.9756	59.3037	57.4244	55.48	54.2708	53.3017	53.1306	53.6932	53.0627	50.4399	47.4819	46.3766	48.5012	53.6656	60.3731	67.7511	74.9779	79.1925	78.5545	76.0068	75.2481	75.6135	75.0271	74.2501	74.64	75.0148	73.3661	69.0953	61.6818	51.1197	41.2835	37.3432	39.2226	41.809	41.0976	38.4648	38.3276	41.4809	43.6431	41.6544	37.4674	34.725	34.4336	34.3612	30.6742	21.9092	
15.972	22.3978	25.7863	27.9119	32.3133	39.2661	44.9396	45.9962	43.299	39.9641	38.3065	40.1508	46.7807	57.4493	69.8405	80.9025	86.8191	85.2933	78.159	69.4406	62.1848	58.792	61.1621	67.6449	72.5441	71.6866	66.8592	62.1262	58.0757	52.8799	46.2504	39.7993	35.7742	35.9406	39.3463	42.1538	42.827	44.771	49.9328	55.2892	59.6819	65.6395	71.5583	71.9582	65.5814	55.7291	45.7766	38.7846	37.7844	43.1621	50.9037	55.2734	54.4486	51.9259	50.9368	51.4475	53.43	57.7971	62.4414	61.9301	54.6291	46.1774	42.171	41.6805	41.6276	43.0906	48.5029	55.7561	60.1259	59.8423	56.4239	52.1498	48.449	45.3058	43.4187	45.9747	53.9743	61.7998	63.0272	58.6931	55.4924	57.1097	60.1545	59.4416	54.9219	50.5506	48.4638	48.0668	49.2157	52.0214	54.8072	55.6732	54.8532	54.2951	55.7671	59.0242	62.4223	65.8394	70.0051	73.5834	75.6236	78.7054	84.258	88.0005	85.7409	79.8738	75.153	72.1915	68.7201	63.2428	55.0495	44.7572	36.0571	32.6881	33.99	36.0981	36.2086	35.2104	36.2576	39.8626	42.3796	40.7787	36.4463	33.0837	32.5828	33.0096	29.9613	21.5885	
15.3942	22.3133	26.4883	29.1198	33.1669	38.8053	42.8036	42.7943	40.2399	38.041	37.6044	39.8149	45.6386	54.6298	65.3969	75.7955	81.3125	78.3787	69.6984	61.2531	56.1742	54.9664	57.8959	63.826	68.6833	68.5822	64.6342	60.885	58.2425	55.0475	51.1735	47.9085	46.4833	47.4212	48.8974	47.7229	44.8674	45.8441	52.0671	58.3286	62.0353	66.0212	70.4121	71.476	67.7903	60.4908	51.1469	43.1921	41.2874	47.1972	57.4197	64.9566	65.3137	60.5548	55.1983	51.6142	51.0363	54.2717	59.1966	60.9851	57.8383	53.7702	52.7534	53.274	52.0898	50.3867	51.6925	55.516	57.9807	57.083	53.581	49.2886	46.1542	44.8251	44.8636	46.9014	50.9908	53.7953	52.3437	48.7915	47.8969	50.9528	54.0403	53.195	49.4935	46.6032	45.7211	46.1545	48.7936	54.6135	61.097	64.3236	63.4894	61.1594	59.9242	59.7429	59.3786	59.5074	61.4952	65.0013	70.2797	79.2891	90.2706	95.4918	89.7658	77.4763	66.7559	60.5893	56.6683	52.0157	45.2749	37.5152	31.832	30.0267	30.7622	31.9541	32.9064	34.3854	37.4716	41.46	43.7397	42.5034	38.6917	35.2387	34.2574	34.1555	30.5603	21.7796	
15.0645	23.5408	29.9814	33.6425	36.3497	39.6047	42.5683	43.8756	44.0153	43.9659	43.4778	43.0679	44.5485	48.5057	54.5801	61.8687	66.5944	64.8423	58.3224	52.1193	49.0269	49.4485	53.3368	59.5371	64.3326	63.8239	59.0982	54.8984	53.1032	52.7018	53.5312	55.7467	58.9113	62.1154	62.5501	57.7046	51.281	50.8841	57.4071	63.9385	66.6103	67.8	68.7476	68.1019	65.8233	62.0455	55.9475	49.2607	46.8435	52.2495	64.0304	75.5295	79.9264	76.1404	67.7281	58.7053	52.299	50.6193	53.1739	56.6138	58.1295	58.4828	59.5493	60.3016	58.3626	54.8539	53.7505	56.0304	58.7367	59.3957	57.6772	54.7876	53.1006	53.6132	54.3253	53.4965	51.4104	48.1426	43.9634	41.1648	42.255	46.5739	50.117	50.2322	48.6835	47.8234	47.1576	46.5595	49.4103	58.0385	68.1788	72.7608	69.8391	63.7213	59.2588	57.1589	55.8012	55.2164	56.5197	60.2951	67.789	79.7865	91.9672	95.6225	86.4818	70.0765	55.7563	47.647	43.5518	40.0725	35.9512	32.0789	30.0532	30.0038	30.5292	31.2392	33.3209	37.3981	42.1592	45.2361	45.282	42.7028	38.846	35.7815	35.0718	34.9404	31.0355	21.9402	
15.9846	27.1228	36.8376	41.8704	42.9508	43.5497	45.7125	48.9411	52.1227	53.6418	51.6198	47.0567	43.3186	41.9704	43.0941	46.8456	51.2498	52.7149	50.2953	46.1689	43.0541	43.035	47.1576	54.3114	59.9616	59.0142	52.3831	46.3209	44.6492	47.0751	52.4983	59.427	66.4466	72.2494	73.1522	66.3594	57.0785	54.3887	59.351	64.9229	66.7333	66.063	64.2788	61.9167	60.6348	60.5328	58.9021	55.1911	53.459	58.1239	69.6543	83.4878	92.6493	92.5633	83.4104	69.3944	56.2193	48.2388	46.8737	50.1612	54.5223	57.9422	60.2383	60.7715	58.5941	55.2694	54.3396	56.9088	61.0661	64.9223	67.1314	67.3671	67.6926	69.3159	69.0821	63.6345	54.2972	45.0389	39.0235	38.0133	42.2903	49.5021	54.9622	56.2374	55.3503	53.7907	50.3487	46.485	48.402	59.3677	72.787	78.0042	72.035	61.801	55.3838	54.2335	54.9907	55.6209	56.9705	60.9453	69.1613	80.8723	90.9277	92.2544	82.1687	65.5908	50.7219	41.5293	36.3787	32.9814	30.9547	30.3895	31.038	32.2891	33.3563	34.7802	38.4078	44.239	48.8974	48.8171	44.1092	37.8729	32.8333	30.495	31.0638	31.8545	28.5376	20.1232	
17.7922	31.2231	43.3246	49.3014	49.4549	48.517	50.1751	54.554	59.6049	61.6584	57.5897	49.2916	41.7652	37.193	35.4009	37.009	41.8761	46.8615	48.0237	44.5398	39.5944	37.4982	40.6994	48.2703	54.7793	53.8631	46.1893	39.2392	38.3098	42.9952	50.4784	58.1278	65.1975	71.4644	73.1034	66.5526	56.6988	52.437	55.1411	59.0563	60.4199	59.6288	57.4987	55.2518	55.5213	58.6051	60.6947	59.7466	59.1235	63.0005	72.3841	85.1428	96.2998	99.594	91.8602	76.3821	60.1342	48.5066	43.731	45.1115	49.6925	54.4475	57.5477	58.0031	56.063	54.0255	54.3551	57.2221	62.2041	69.386	76.5999	80.8424	82.8149	84.0906	81.8098	72.2431	57.5682	44.7415	39.0646	41.2641	49.1756	58.9447	65.6284	67.0676	65.1602	60.6206	52.4948	44.4798	44.882	56.9637	72.1798	77.5146	69.5858	57.4008	51.1018	52.107	55.3109	57.2124	59.0568	63.6655	71.8016	81.2663	88.0108	88.1982	80.3894	67.2594	54.2081	44.4334	37.5372	33.1147	31.6812	32.6193	34.6663	37.1628	39.6171	42.4615	47.2039	53.047	55.5192	50.9351	40.7964	30.2912	23.5918	21.9377	23.9414	25.7256	23.2182	16.1729	
18.3312	31.6091	43.2693	49.008	49.5528	49.4094	51.7851	56.8949	62.8642	65.273	60.2074	49.9664	40.5444	34.6304	31.8332	32.705	38.0092	45.0121	48.1844	44.9874	38.7615	34.8617	36.3634	42.5704	48.2573	47.4987	41.1671	36.2688	37.3678	42.9515	48.9688	53.114	56.5468	60.6535	62.239	57.4967	49.8003	46.0379	47.4056	50.1062	51.8907	52.7639	52.3681	51.4763	53.279	58.4876	62.7592	63.4082	63.4622	66.2972	72.4033	81.1939	90.2633	94.3319	89.4354	77.5263	63.8967	52.2626	44.926	43.3829	46.7123	51.8194	55.4681	56.1133	54.7851	54.0146	54.8834	56.8077	61.3317	70.7741	81.976	88.8466	90.4178	89.2259	84.6177	74.0168	59.4917	48.3305	46.162	52.2473	61.7787	69.9741	73.9762	73.9338	71.2504	64.6791	53.1517	42.0574	40.5317	51.3933	65.9069	71.3489	64.5402	54.2112	49.6186	51.4379	54.5765	56.1654	58.204	63.1773	70.1667	76.2621	79.7447	80.3578	77.4821	70.7794	61.8884	52.8982	45.0096	39.5147	37.2842	37.7711	40.3433	44.5713	49.079	53.1128	57.488	61.1675	60.0012	51.2533	37.3559	24.1527	16.3508	15.0355	17.7814	19.9435	17.8829	12.1025	
16.5824	27.333	36.1673	40.6417	42.391	44.7747	49.1424	55.0853	61.36	64.208	59.8108	50.0335	40.5344	34.3969	31.6813	32.6552	37.784	44.7698	48.5985	46.527	41.1398	37.1172	37.1752	40.6774	43.6214	42.4031	38.8087	37.7792	40.9918	45.4646	47.4515	46.5392	45.8581	47.5776	49.1344	47.0494	42.8435	40.6639	41.5845	44.2273	48.0239	52.1759	54.1647	53.6977	54.9896	60.0215	64.573	65.677	65.9847	68.1296	72.0384	77.236	82.3834	84.571	82.0203	75.8602	67.5584	57.5863	48.4684	44.413	46.5837	51.774	55.6521	56.521	56.0448	56.398	57.2183	57.6106	60.8285	70.5426	82.5053	88.4604	86.7006	81.3349	74.7807	66.5388	57.8069	53.3992	57.0881	66.5548	74.916	77.3732	75.0788	72.0759	69.3404	63.251	51.9513	40.8166	38.0355	45.8917	57.5517	63.2896	60.5068	55.0285	52.6036	53.1793	53.6808	53.3207	54.3765	58.146	62.5676	65.01	65.8808	67.5092	69.8717	70.2716	67.0174	61.0237	54.6044	49.5916	46.2452	44.7544	46.6369	52.0929	58.2386	62.7082	65.7065	66.5413	62.1867	51.0776	35.8588	21.8596	13.5318	11.9377	14.4785	16.5008	14.7119	9.79668	
14.1848	22.1872	27.9622	30.797	33.2324	37.6974	43.8548	50.3453	56.202	59.1016	56.4891	49.53	42.2806	37.6512	36.3638	38.2449	42.8904	48.6718	52.2765	51.4512	47.6874	44.5377	43.9951	44.9182	44.3913	41.6979	40.024	42.0948	46.2631	48.3962	46.258	41.8907	39.505	40.7962	43.3563	44.1777	43.1221	41.9665	42.3135	45.5669	52.4075	60.2676	63.7347	61.3874	58.927	60.473	62.9163	63.3612	63.9311	66.9459	72.0456	77.071	79.2127	77.8216	75.1536	72.6605	68.443	60.5705	51.7933	47.3059	48.8504	53.5669	57.3386	58.6926	59.4954	61.3526	62.5881	61.7226	62.67	69.7242	78.5802	80.8941	75.2357	66.5032	58.8322	53.5604	51.4225	54.1456	62.7552	73.9833	80.5787	78.3876	71.1607	65.1838	61.608	56.5853	48.1801	40.2551	38.3215	43.6596	52.103	58.1067	59.9098	59.4885	58.4676	56.6239	53.7627	51.2199	50.8286	52.6609	54.5774	54.597	53.7655	55.128	59.3267	63.5	64.8023	63.3207	61.1423	58.8725	55.2106	51.2639	51.1103	55.753	61.4551	65.407	67.8342	68.0991	63.5167	52.8387	38.3306	24.5475	15.6702	13.039	14.5589	16.1564	14.6174	10.0549	
13.5677	20.1402	23.7684	24.789	26.4882	30.9861	37.2741	43.4582	48.4174	51.051	50.5771	47.8747	45.0995	44.225	45.8857	49.1764	53.1979	57.5228	60.5104	60.0431	56.7081	53.7128	52.8039	52.0218	48.8142	44.5427	43.4378	46.7778	50.8649	51.1909	47.0253	42.0045	40.3217	42.7246	46.9263	50.4475	51.869	51.1096	50.3494	53.4006	61.9002	71.6969	75.114	69.7424	62.001	57.9287	56.5282	55.6799	56.8621	62.1623	70.922	78.2797	78.7128	73.3633	68.5916	66.9011	64.9669	60.3174	55.2474	52.9559	53.8302	56.4756	59.1604	61.0178	63.1609	66.4597	68.479	66.9082	65.0713	67.317	70.9236	69.8777	63.3161	54.661	46.9838	42.4677	42.6821	48.0021	57.5671	68.2754	74.5663	73.2075	66.9031	60.2938	54.9552	49.5707	43.7125	39.7475	40.1622	44.7861	51.337	57.6057	62.4549	64.8443	63.6504	59.1772	53.6903	49.8609	48.6535	49.2055	50.1005	50.1255	49.3033	49.1054	50.6236	53.3252	55.9542	58.3133	60.9309	62.1215	59.1043	53.8107	51.7336	53.9702	57.1113	59.8732	63.2212	65.7494	63.9051	56.0076	43.8212	31.2751	22.2368	18.2872	18.2334	19.0561	17.493	12.6418	
15.4199	21.8232	24.0416	23.0798	22.8419	25.4959	30.2101	35.2936	39.44	41.9842	43.3613	44.6488	46.7989	50.5239	55.4791	59.9247	63.1791	66.3323	68.8282	67.9917	63.5351	59.0091	56.9031	55.2885	51.7309	47.8994	47.4075	50.5874	53.7679	53.3477	49.4255	45.5603	45.1184	48.3923	53.7312	59.2634	62.6834	62.4107	60.4413	61.7096	68.8185	77.9042	81.1158	74.9701	64.3196	55.5498	50.3837	48.4988	50.6722	58.0373	69.2801	77.6415	76.234	67.9081	61.5692	60.2235	60.437	60.3713	61.3258	62.8372	62.7025	61.3036	60.7141	61.3821	63.1757	66.2338	68.5694	67.7141	65.1399	63.6528	62.5969	60.0109	55.8594	50.4526	43.8174	38.0375	36.3486	39.7253	46.7698	55.0761	61.6004	64.3684	63.3541	59.229	53.1439	46.6664	41.6042	39.9237	42.1665	46.9474	52.8399	59.246	64.9586	67.3756	64.7551	58.4575	52.0557	48.2896	46.8692	46.3931	47.0621	49.1598	50.9408	50.2796	47.6807	45.975	47.0277	50.649	55.4025	58.0244	55.7403	51.0806	48.9236	49.3967	50.1202	51.9514	56.308	60.765	61.2796	56.3222	47.5622	38.1733	30.697	25.9976	23.9717	23.3847	21.3045	15.8556	
17.7526	24.6388	26.3718	24.1089	21.9094	22.1411	24.7214	28.681	32.5515	35.1917	37.2346	40.3508	45.5653	52.7727	60.3509	65.7656	68.6735	71.1935	73.1847	71.2728	64.5927	57.3969	53.6681	52.6752	52.055	51.6665	52.4341	54.032	54.8895	53.7814	51.1693	49.0875	49.4123	52.3317	57.0851	62.5512	66.4164	66.4578	63.8199	62.9385	67.0792	74.5716	79.5146	77.0792	68.1722	57.7296	50.2656	48.1455	51.6887	60.1858	71.0263	77.0191	72.3834	62.0863	55.8329	55.8283	58.4359	62.6516	69.2445	74.7514	74.1103	68.1929	62.3233	59.1093	58.0187	58.8504	61.0702	63.0319	63.4646	61.6228	57.9066	54.6348	53.1905	51.3265	46.2927	39.63	35.6903	36.5131	40.9132	46.6685	52.1379	56.9211	60.1128	59.436	54.3538	47.4496	42.3312	41.3913	44.2259	48.692	53.7314	59.3237	64.0675	65.1639	61.518	55.3481	50.321	48.0144	46.4344	44.0903	43.6206	47.6549	53.2312	54.404	50.1197	45.4658	44.6639	47.2412	50.3995	51.1764	48.6408	45.7448	45.3862	46.2933	46.9176	48.8846	52.8914	56.1177	55.6899	51.5544	45.9587	41.1645	37.2	33.0106	29.3299	26.9909	23.9065	17.8355	
17.9067	25.5732	28.5321	26.9966	24.0985	22.5399	23.6315	27.3129	31.5339	33.8035	34.365	36.1462	41.669	50.8415	60.7735	67.8234	71.3097	73.404	73.9883	69.7574	60.4113	51.295	47.6803	49.8695	54.8491	59.1507	60.2749	58.211	55.0408	52.7099	51.843	52.1743	53.2824	54.7447	56.449	58.4555	59.912	59.3367	56.9805	55.5838	58.0423	64.8907	72.9084	76.4565	72.4258	63.5761	56.12	54.675	59.63	68.7009	77.7253	79.6086	70.8047	58.568	52.6601	53.8065	57.6157	63.6807	73.2282	81.7809	82.1673	73.888	63.3432	55.6408	51.4188	50.2876	52.5939	57.798	62.5119	62.3708	57.6403	53.448	52.6673	52.3973	49.0049	43.5263	40.0154	40.796	45.0603	50.0195	53.5397	56.4982	59.7956	60.7744	56.8015	49.7763	44.4322	43.7242	46.6034	50.3004	53.7744	57.4464	60.6108	61.1931	58.3409	54.1122	51.7419	51.3977	49.3019	44.0379	40.6237	44.05	51.4375	55.066	52.5591	48.9897	48.5273	49.8598	49.8309	47.1283	43.4073	42.0817	44.2551	47.6127	50.5818	53.6495	56.0501	55.502	51.2789	45.2188	40.5456	39.1199	38.9095	36.9104	33.5977	30.372	25.8027	18.514	
16.0012	24.9456	31.1116	32.5838	30.4598	28.0193	28.6087	32.8463	37.3636	38.0313	35.027	33.1613	37.0393	46.9512	58.9455	68.2474	73.2258	75.0129	73.1776	65.7005	54.2924	45.4484	44.6029	51.8548	62.7427	70.4961	70.2224	63.3639	55.8886	52.6012	54.179	57.7956	59.9581	59.0701	55.792	51.9855	49.1494	47.327	46.2448	46.6234	49.6193	56.1379	65.2124	72.4813	73.5356	69.052	64.207	63.6769	68.5834	77.0789	84.4152	83.2863	71.5331	57.8457	51.7824	52.8331	55.8639	60.7531	69.5367	78.6243	80.7585	73.5288	61.9701	52.7526	48.3972	47.8431	50.4768	56.4035	62.3276	62.8323	57.8181	52.8446	51.2571	50.9338	49.147	46.6755	46.1581	49.1891	55.2377	61.0679	63.3785	63.4259	64.3965	64.7835	60.6135	52.7837	46.7045	45.8076	48.6694	51.9495	54.1206	55.9698	58.2758	59.807	58.7969	56.3526	55.7386	56.6063	53.8519	45.7683	38.6602	39.028	44.9731	49.3959	49.7075	49.5051	51.2143	52.7176	51.1954	46.7507	42.7952	43.1691	48.0916	54.6597	60.5425	64.3265	64.2304	59.3431	50.8357	41.5327	35.2822	34.3257	36.4247	37.7912	37.3325	34.6555	28.2792	18.8423	
14.7202	25.9359	36.7723	42.6092	42.0757	39.2826	39.8287	44.3763	47.8217	45.333	38.114	32.5855	34.2647	43.2977	55.5282	66.4101	73.5498	75.7564	71.4962	60.9717	48.8749	42.1827	44.8697	55.7713	69.532	78.2589	76.6376	67.2462	57.9214	55.0164	59.4965	66.4872	69.3736	65.4875	56.9464	47.8268	41.5374	39.1171	39.9759	43.2052	47.5717	52.7157	59.3407	66.4138	71.0144	71.9202	70.7664	70.1446	72.4033	78.4662	84.6578	83.167	71.6307	58.6142	52.9562	53.4602	54.8842	57.0744	62.088	67.9941	70.113	65.7929	57.4811	51.2432	50.5328	53.1255	56.1278	59.5462	62.2081	60.8053	55.437	50.1764	47.6213	46.9222	46.9513	48.2285	51.4195	56.6255	63.5115	69.6704	71.8811	70.9362	70.3187	69.3314	63.9921	54.9155	47.8513	46.5997	49.7495	53.5141	55.5417	56.673	58.9205	61.3698	60.9636	58.1884	57.1722	58.1144	55.2992	46.2193	37.0081	34.4945	37.6761	40.9158	42.2027	43.9398	47.2792	50.1745	50.3434	48.0238	46.6309	49.9194	57.7442	66.7227	73.6406	75.8603	71.8136	62.6751	51.1461	39.949	32.4701	31.0256	34.0215	37.9048	40.1205	38.1589	30.312	19.0074	
15.3803	29.3971	45.0243	55.4135	56.9947	54.3718	54.7677	58.4369	59.1076	52.9004	42.9097	35.8482	35.9472	42.3923	52.1336	62.8667	72.0274	75.1697	69.0393	56.4244	45.0664	41.3076	46.0818	56.4172	67.7885	74.5704	73.0475	65.3921	57.9713	56.7679	63.448	72.6575	75.8975	69.7512	57.7662	46.0166	38.933	37.5153	40.579	46.0359	50.9427	53.9548	57.0285	62.0357	67.8036	71.9291	72.9741	71.1501	69.5578	72.3253	77.9478	78.5055	70.4034	60.4056	55.8572	55.7081	55.8587	56.0244	56.9134	57.5786	57.3619	55.6474	52.5903	51.6473	55.7273	61.8616	65.2061	65.0624	62.7355	58.383	52.5613	47.0683	43.5167	42.5742	44.4783	49.0241	54.7125	60.0052	65.0062	69.5314	72.0629	72.5213	72.2714	70.1954	63.5698	53.9086	46.9359	46.2321	50.3239	55.1914	58.0273	59.5695	61.9847	63.9812	61.9459	56.7946	53.8874	54.288	52.1936	44.2234	35.4331	32.011	33.2895	34.7827	35.1656	36.5618	40.1588	44.8091	48.6931	51.0722	53.766	59.828	69.3497	78.936	84.6996	83.4692	74.5671	61.4728	48.5534	38.2777	32.6289	32.5298	35.8471	39.3619	40.9029	38.2003	29.8965	18.5387	
16.6167	32.1229	50.2945	63.7505	67.709	66.1588	66.4231	68.5914	66.8009	59.0573	49.6532	43.8555	43.2829	46.1951	51.6633	60.5121	70.2773	73.5775	65.9305	52.4357	42.8696	42.0192	47.1554	53.4398	58.4024	60.7831	59.5724	55.6844	52.2132	53.3234	61.1333	71.2613	75.261	69.2201	56.8686	45.2589	39.4874	40.3728	45.8789	52.6413	56.9679	58.0853	59.0808	62.4031	66.9087	70.3151	70.9884	67.9466	63.6541	63.6821	68.7608	72.0823	68.8935	62.7565	58.698	56.8237	55.6578	55.129	54.0054	51.2853	49.4118	50.0083	51.5379	54.3867	60.5865	67.8131	70.8692	68.2917	62.8376	57.2616	52.0355	46.6915	42.3104	41.1396	44.1832	50.1819	56.0465	59.3322	60.8348	62.7541	65.7016	68.8413	70.4048	67.7708	60.0787	50.9098	45.6801	46.5699	51.4763	56.7426	60.282	62.911	65.786	66.6847	62.3298	54.7224	50.0785	49.9189	48.6323	42.5524	35.6162	32.6145	32.7004	32.5941	31.8488	32.5632	36.2282	42.586	50.0371	56.4397	61.3744	67.1544	75.366	84.0124	88.8449	85.6771	73.8504	58.2986	45.1179	37.2832	35.5813	38.5048	41.7214	41.9724	39.4365	34.596	26.9062	17.3567	
16.9817	31.4262	48.2141	61.5151	66.9896	67.2085	68.0313	69.8032	68.4564	63.4719	58.3464	55.4881	54.1774	53.0296	53.8115	59.7839	68.3007	70.3863	61.5506	48.3849	41.1314	42.7767	47.6859	49.628	48.0953	45.7555	43.878	42.4416	42.2379	45.8297	54.9727	66.0476	71.5761	67.5378	56.8141	46.2272	41.5667	44.4497	52.4697	60.5717	64.2138	63.9503	64.2036	66.6334	68.7669	69.0598	67.7584	64.0693	58.9484	57.1588	60.7883	65.3143	65.9302	62.8584	58.3766	53.8566	50.7842	49.8495	48.8735	46.6551	46.4199	50.0404	54.5594	58.3164	63.0956	68.2709	69.8151	66.1374	60.4529	56.4731	53.8071	49.9511	45.6309	44.2488	47.0853	52.1887	56.2402	56.9166	55.3533	55.1563	58.7544	65.1904	69.8287	67.6594	59.1947	50.6782	47.3514	49.281	53.4909	57.4674	60.7799	64.3894	67.9043	68.1484	62.6578	54.4068	49.5673	49.3723	48.697	44.6442	40.2968	38.0354	36.2615	33.7438	31.8127	32.3413	36.3124	43.6923	52.8735	60.6854	65.0856	67.924	72.7264	79.9396	85.5733	83.8823	72.8531	57.3767	44.6547	38.76	40.2289	45.4379	47.5867	43.4238	36.1114	29.2808	22.8827	15.8162	
16.3148	28.0492	40.6767	50.8467	56.0525	57.8281	60.0447	63.2046	65.1768	66.0952	67.1978	67.3017	64.1217	58.2779	54.7424	57.9802	64.5676	65.1523	55.9982	44.0991	39.0252	42.5296	47.6257	47.4357	42.5781	37.819	35.2503	34.2262	35.1448	40.5441	51.748	64.7946	72.4078	70.5534	61.34	50.827	45.3288	48.0875	57.3191	66.6823	70.4155	69.5077	69.2538	70.9161	71.0917	68.7223	65.7572	62.1608	57.4588	54.296	54.98	57.7256	59.2546	57.9267	53.4419	47.1228	42.1275	40.2745	40.0688	40.6133	44.1701	51.1657	57.6416	61.1381	63.4452	65.4306	64.8367	60.8334	56.8391	56.3675	57.613	56.2527	52.6243	50.7821	52.0695	54.4848	55.6854	54.1167	50.6791	49.3682	54.032	64.1295	72.8921	72.5528	63.7689	54.9625	51.7477	52.7692	54.6955	56.3798	58.7525	62.5461	66.024	65.6434	60.1541	53.3659	50.5712	51.7886	52.4212	51.1253	50.2357	48.8552	44.1464	37.6501	33.5252	33.5446	37.3411	44.26	52.7152	59.7424	63.1629	64.1841	66.6418	72.7291	79.5252	80.5725	72.4391	59.0372	47.5483	42.681	45.1379	50.2324	50.0602	42.1654	31.9887	24.653	19.6749	14.4368	
14.8528	24.0361	32.701	39.27	43.121	45.5735	48.9614	53.6246	58.9397	65.6243	72.6952	75.3135	69.8606	59.6167	52.8438	54.404	59.8923	60.2258	52.1745	41.9627	38.1756	42.4738	48.0936	48.1242	43.4237	39.2779	37.4937	36.6175	37.1582	42.5051	54.4478	68.893	78.2103	78.0448	69.9772	59.1849	51.7726	52.0874	59.572	68.3732	72.604	72.3776	71.9906	72.6977	71.8352	68.9828	66.5279	64.4119	60.6663	55.7366	51.9507	50.3875	50.3645	50.0245	46.9194	40.7643	34.7054	31.5934	31.4626	34.2026	41.0027	50.7944	59.0395	62.7705	63.2719	62.2997	59.7246	56.1668	54.975	58.5576	63.4694	64.1535	60.8747	57.9672	56.6017	55.137	52.8462	49.4284	45.4695	44.4154	50.3404	62.9612	74.8432	76.6927	68.233	58.3847	53.4815	52.3212	51.9529	52.0393	53.846	57.5054	60.3955	59.0394	53.5628	48.8318	49.2373	53.1688	56.1671	58.1814	60.8278	60.3977	52.9692	42.3992	35.6244	34.7811	38.0679	43.6327	50.0149	55.6497	59.3393	61.1422	63.3266	68.5684	75.3818	77.8003	72.0199	61.226	51.7712	47.7675	49.5775	52.4171	49.1985	39.2141	28.9421	22.8149	18.9525	14.1244	
13.3679	21.2701	28.1139	32.7828	35.5189	37.7367	40.9029	45.1807	51.2611	60.9188	71.9715	76.8538	70.7494	58.5817	50.4955	51.3008	56.4076	57.6793	51.8217	43.361	39.8727	43.7665	49.5421	50.64	47.4927	45.2356	45.6653	46.6828	47.7565	51.7893	61.2677	73.5312	81.9938	82.5079	76.104	66.6116	58.6849	56.2609	59.7546	65.5455	69.6679	71.2506	71.7894	71.9637	71.1265	70.157	70.8379	71.7128	68.9714	61.6658	52.958	46.6912	44.5042	44.8629	43.9122	39.4927	33.6736	29.4788	28.2104	31.0659	39.3029	51.167	61.4905	66.1794	65.2034	60.9549	56.1721	53.4606	55.3172	62.0272	68.9467	70.6973	67.8575	64.0378	59.507	53.3379	47.1134	42.4581	39.7772	40.6074	47.1205	58.7106	69.583	71.9104	64.5166	54.6129	48.4507	45.9122	44.8639	45.1109	47.5867	51.9365	55.0239	53.2103	47.3732	43.2883	45.128	50.5923	55.3679	59.695	64.5316	65.2057	57.4551	45.6188	37.6994	36.4703	39.6281	44.4641	49.6338	54.795	59.3044	61.9157	63.5841	67.4809	73.2772	75.4814	70.5178	61.6856	54.5708	51.762	52.5154	52.495	46.7417	36.5711	28.285	24.3165	21.0979	15.4491	
13.6604	21.798	28.6947	32.8934	34.7509	35.8889	37.5409	39.8032	44.1417	53.2681	65.0873	71.4865	67.2431	56.8836	49.6515	49.7038	53.5537	55.1215	51.3661	45.0255	42.2009	45.5305	50.8871	52.4636	50.0664	48.5596	50.7947	55.0319	58.802	62.4163	67.8135	74.4031	78.5238	77.7701	72.999	66.3233	60.1979	57.1175	57.6059	60.1208	63.3774	66.6094	68.7928	69.5922	70.1414	72.3194	76.6794	80.2145	78.0516	68.9551	57.2061	48.3484	44.925	45.5741	46.3188	44.2498	40.039	35.5935	32.5178	33.5328	41.1016	53.6688	65.5847	71.4281	69.3948	61.9797	54.7709	52.6266	56.8544	65.1853	72.6158	75.2931	73.9732	70.2322	62.8276	51.977	42.1065	37.084	37.0331	40.5199	46.3152	53.047	58.1683	58.1917	52.5135	45.3346	40.7423	38.9142	38.624	39.8706	43.466	49.1032	53.4626	52.4548	46.7558	42.0174	42.3763	46.3535	50.636	55.0851	60.0989	61.9981	57.0163	47.8381	41.0304	39.7646	42.6717	47.5341	53.3155	59.5854	64.6211	66.0641	65.2369	66.6652	70.8171	72.087	66.8616	58.8645	53.4907	51.9754	52.2632	50.526	44.022	35.3664	29.6845	27.4252	24.1922	17.3636	
16.9637	26.3717	33.8022	37.4159	37.787	37.11	36.9778	37.2963	39.0282	44.94	54.2505	60.8185	60.0825	54.5363	50.1107	49.4176	50.4985	50.2254	47.2493	43.5575	43.0015	46.6593	51.0609	51.8713	48.8352	46.273	48.1488	54.0408	60.5144	65.233	68.3513	70.0893	69.592	66.8172	62.8939	58.6161	54.9445	53.3825	53.9448	55.4617	57.945	61.4568	64.5884	66.9066	70.1007	75.1963	81.0252	84.5554	82.016	72.7372	61.1612	52.705	49.4354	50.0695	51.5272	51.3494	49.3518	45.9818	42.0776	40.7424	45.3996	55.5125	66.3441	72.5023	70.7353	62.3146	53.9011	52.2986	58.5701	68.5983	77.1014	81.3029	81.544	77.714	68.1157	54.217	42.2459	37.4468	39.6381	44.8579	48.9177	49.7357	47.6834	44.0968	40.5136	38.5304	38.3185	38.5792	38.7549	39.7217	42.9971	48.9455	54.4113	55.0735	51.0978	46.9049	45.7274	47.1544	49.4792	52.2671	55.5779	57.7921	56.387	51.4705	46.5044	44.5723	46.1652	50.7213	57.8061	65.9093	71.181	70.5066	66.3915	64.7118	66.6514	66.7296	61.0271	53.1532	48.5473	47.917	48.4151	46.6523	41.3728	35.2459	31.5525	29.5993	25.6835	18.173	
22.4952	33.2174	40.6868	43.0271	41.3493	38.7277	37.4425	36.8999	36.328	37.7767	42.6408	48.2006	51.0951	51.4799	51.4745	51.4363	49.9112	46.3848	42.4625	40.8758	43.0641	47.1686	49.6939	48.5927	44.4654	40.4352	40.1082	44.379	50.9403	56.9808	60.9953	62.3626	61.2675	58.942	56.3267	53.3224	50.8217	50.8671	53.3939	56.2807	58.561	60.52	62.4901	65.7936	71.8025	78.9415	84.1246	85.4627	81.4334	72.2067	61.8887	55.0994	53.0364	54.1948	55.974	56.4832	55.8985	54.5652	52.1804	49.9906	50.5667	54.8515	61.2234	66.4191	66.2282	59.2123	50.9711	49.7454	57.8578	70.6606	81.9089	88.0581	88.6103	83.8073	73.5211	59.7594	48.1135	43.7031	46.4153	51.353	53.0975	49.449	42.3505	36.1503	34.5612	37.8218	42.4265	44.7927	44.5195	43.5494	44.578	49.0209	54.222	56.1446	54.9686	53.8623	54.2033	55.25	56.2982	57.114	57.8076	58.6585	58.7082	56.295	52.0576	48.8175	48.7072	52.4992	60.0294	68.7531	73.4956	71.1855	64.9743	60.8113	60.3958	59.3075	53.6835	46.2706	42.0547	41.6776	42.2806	41.2512	38.2559	34.9455	32.3931	29.6314	24.8193	17.4663	
28.2905	39.6837	46.5562	47.2463	43.5663	39.6781	38.5216	38.585	36.8088	34.3068	34.7763	38.7812	43.9572	48.8937	53.3417	55.7427	53.7361	47.7897	42.1349	41.019	44.3977	47.9671	48.1544	45.1667	40.6708	36.0563	33.155	33.6779	37.8571	44.3897	50.9605	55.5341	58.0774	59.8117	60.4924	58.843	56.3621	56.8178	60.9786	65.6588	67.7011	66.7278	65.4194	67.6684	74.5428	82.3604	86.9558	86.9421	81.3552	70.5863	59.4307	53.1383	52.6158	55.4624	58.2516	58.982	58.8716	59.6307	60.4615	59.6314	57.1385	55.1046	56.2197	60.2297	61.7265	55.9804	47.0921	44.5698	52.6003	66.9464	80.3209	87.7492	88.3714	84.038	76.2136	65.8987	56.5209	52.6255	54.7111	58.0944	57.3214	50.6028	40.6927	33.1221	32.5495	38.677	46.2812	50.4822	50.4584	48.1105	46.5686	48.2625	51.6267	53.5118	54.5435	57.2062	61.0499	63.8059	64.7421	64.3331	63.1439	62.1424	61.2899	58.7637	54.2053	50.3225	49.781	53.2973	60.156	67.3451	70.089	66.4986	59.8258	54.7393	52.7384	50.957	46.2279	40.0628	36.3503	35.7809	36.0909	35.8051	35.2392	34.4908	32.4013	28.2582	22.525	15.7993	
31.8186	43.1581	49.1	48.159	42.9722	38.9944	39.5706	41.9023	40.7688	36.4714	34.311	36.8466	42.0904	48.0939	54.3694	58.916	58.1548	51.8983	45.3125	43.7543	47.0473	50.1321	49.434	46.1967	42.5058	38.0936	32.8745	29.207	30.0636	36.0349	44.5017	52.4587	59.622	66.7143	71.8689	72.4256	70.2166	70.4468	74.7871	79.6109	80.5145	76.7536	72.2378	71.8156	76.286	82.2132	86.4601	87.4025	82.0924	69.5535	55.7674	48.2626	48.7541	53.9042	59.0545	61.5344	62.6032	64.8904	68.2445	69.4538	66.0349	60.3263	58.2869	61.6832	63.6468	57.2369	46.142	40.665	45.801	57.7944	69.4671	76.0509	77.5851	76.8069	74.4209	69.1119	62.6917	59.8973	62.0155	64.5728	61.973	52.7416	40.5701	31.7544	30.8181	37.0008	45.237	50.9821	52.8749	51.4507	48.7621	47.693	48.609	49.9164	52.0955	56.5946	62.0548	65.4653	65.9245	64.7184	63.0705	61.5126	59.708	56.4558	51.8721	48.601	49.0113	53.1434	59.3826	64.3952	64.508	59.6461	53.3721	48.7943	46.5545	44.9762	41.6367	36.7761	33.2825	32.3867	32.6416	33.2226	34.5802	35.4403	32.976	26.9312	19.8969	13.5354	
30.7026	41.2956	46.4161	44.6367	39.2211	36.4553	39.6189	44.9315	46.0791	42.843	40.6653	42.2206	45.4399	48.8533	53.1904	57.3662	57.5348	52.5232	46.7409	45.4967	49.2095	53.3055	54.0574	52.5408	50.6507	46.845	39.6656	32.2372	29.8245	34.3726	43.1843	53.0177	63.4034	74.1011	82.0521	84.2557	82.6422	82.3492	85.0327	87.4915	86.2632	81.4219	76.4801	74.518	75.2565	77.0032	79.6248	82.2678	79.7273	68.2148	53.2663	44.4237	45.2294	52.6018	61.4473	67.9279	71.27	73.4761	76.1966	77.6253	74.5187	68.4258	65.7528	68.4336	69.2767	61.7224	49.8238	42.8439	44.3487	50.705	56.6376	59.998	62.4988	66.0986	68.9067	67.6232	63.7848	62.5732	65.588	68.4443	65.3221	54.7431	41.271	31.9107	30.5802	35.8147	43.1665	49.1923	52.7879	53.4968	51.503	49.0011	48.2673	49.5509	52.3115	56.0647	59.4894	60.7429	59.414	57.1182	55.6112	54.9862	53.9083	51.1239	47.1452	44.5879	45.877	51.1276	58.0489	62.4774	61.2112	55.663	49.9722	46.3848	44.9601	44.5159	42.5028	37.961	33.6847	32.278	33.0319	34.7031	37.0783	38.0823	34.306	26.0893	17.5061	11.0621	
25.5283	34.9106	39.7407	38.7344	35.0607	34.3695	39.2072	46.0208	49.4147	49.1064	48.9495	49.995	50.1576	49.3919	49.9317	51.7774	51.9244	49.0146	45.796	46.2439	51.1411	56.6788	59.1876	59.7093	59.9264	57.1412	48.8814	38.9784	34.2443	37.4126	46.079	57.1824	69.2612	80.1362	86.5927	87.5556	85.5604	84.1225	83.7415	82.2856	78.7948	74.8897	72.8288	72.5142	71.5888	69.4908	69.2961	72.5516	73.8747	66.8813	54.4817	46.2063	47.5343	57.0132	69.838	80.2838	84.4384	83.5095	81.8183	80.6293	77.6142	73.0805	71.1017	72.3963	71.6135	65.0985	56.8156	52.5204	52.3932	52.7289	51.6207	50.9055	53.3966	58.8939	63.368	63.4546	61.023	60.524	63.1493	65.5367	62.9246	53.799	42.2726	34.8543	34.7248	39.9175	46.1548	50.7299	53.7665	55.5018	54.8677	52.4515	51.1295	52.4023	54.8569	56.3935	56.1953	54.3511	51.2149	48.0718	46.8409	47.7126	48.3567	46.5167	42.6603	39.8756	41.3992	47.9714	56.6697	62.1527	61.2116	56.1255	51.2816	48.6572	48.4192	49.3125	47.8357	42.2815	36.2273	33.9477	35.4189	38.5057	41.5739	41.7388	35.9664	25.7814	16.1605	9.6808	
20.1934	28.5933	33.9328	35.3398	34.9583	36.1532	40.2864	45.421	48.9039	50.8828	52.7867	53.4609	51.1344	47.4233	45.4347	45.5917	46.1598	46.4158	47.3496	50.7894	57.0384	62.5855	64.3831	64.6267	65.4268	63.2841	55.1209	45.1195	40.509	44.0268	53.4984	65.846	77.8752	85.2388	85.7605	82.1191	78.2907	75.5749	72.5417	68.0801	63.816	62.5475	64.9789	68.1797	67.9483	63.9541	61.1879	63.7472	68.0891	67.0239	60.2426	55.1741	58.0422	69.087	83.8603	94.9406	96.5782	90.4686	83.175	78.2049	74.6782	72.0467	71.0594	70.8149	69.028	65.8079	64.3628	66.0012	67.0486	63.5449	57.1021	53.2294	54.516	58.2066	60.1455	59.0477	56.8056	55.5099	55.5619	56.0009	54.7832	50.3405	44.3029	40.9439	43.0675	49.203	55.0227	57.8089	58.8442	59.6621	58.9604	56.3257	54.3731	54.6647	55.4151	54.3729	51.5689	48.2949	45.1037	42.5735	42.3636	44.708	46.4585	44.497	39.775	36.467	38.3956	46.1686	56.0183	62.0133	61.5537	57.6221	54.2241	52.8099	53.5576	54.8941	52.8482	46.0301	38.8015	36.2146	38.7765	43.8879	48.2099	47.4156	39.2207	27.2707	17.3431	11.0768	
18.1357	26.4786	33.0653	37.5827	40.4462	41.9662	42.6921	43.2816	44.3576	46.6043	49.3129	49.7094	46.5148	42.3383	40.2013	40.3882	42.3959	46.5372	52.6332	60.4022	68.7867	73.6045	72.3264	68.9214	66.9394	63.5423	56.1254	48.8182	47.833	54.463	65.5712	77.5914	86.6255	87.9216	80.9273	71.5951	65.4628	62.2494	58.6911	54.1626	51.9019	54.7298	61.2882	66.7872	66.9909	62.3285	58.113	59.2456	64.3964	67.6642	66.8522	66.4419	71.4481	82.395	95.3112	103.238	101.23	91.6997	81.2513	73.8372	70.0562	69.3162	69.5368	68.1536	65.4552	64.8467	69.1167	76.3827	80.1525	75.9285	67.3706	61.8586	60.892	60.2166	57.5681	54.5667	52.4096	50.171	47.5432	46.1719	46.9385	48.1821	48.3105	48.8754	52.9406	60.263	66.4335	68.3851	67.8728	66.7675	63.8722	59.5228	56.7202	55.8804	54.1851	50.2314	45.641	42.336	40.4992	39.9433	41.5978	45.1253	46.9235	44.1196	38.86	36.1002	39.0114	46.9633	55.6441	59.9044	58.7046	55.661	53.8698	53.6176	54.5018	55.0163	52.2594	46.053	40.5891	40.0258	44.6583	51.8426	57.1704	55.1593	44.4683	31.0056	21.1031	14.9545	
19.6105	28.9222	36.967	43.7357	47.8736	47.3061	42.9662	38.5067	37.0753	39.2587	42.5183	43.1965	40.6811	37.8148	36.6139	36.9341	39.5693	46.1754	56.293	68.2504	79.5023	84.7194	81.0814	73.3562	66.7631	60.7441	54.3988	51.5814	56.4253	67.449	79.1942	87.6087	90.5899	85.7383	73.6994	60.9438	53.4115	50.4396	48.0257	45.7342	47.3647	54.8007	64.2464	69.8291	69.0395	63.9775	59.1138	58.2267	61.5597	65.8167	68.7826	72.2196	78.4109	86.9174	95.0865	99	95.7736	86.8061	76.5722	68.941	66.2044	68.0552	70.1647	68.1946	63.7652	62.7469	68.4306	77.8935	83.7336	81.0268	73.2893	67.3951	63.9453	59.192	53.4399	50.0872	49.0976	47.3832	44.1613	42.2028	44.0247	48.4624	52.2802	55.3517	61.0013	69.616	76.4558	78.3112	77.0585	74.0841	68.4352	62.4304	60.1156	59.7463	56.0989	48.6714	41.5363	37.5931	36.7437	38.1308	41.5679	45.7595	47.2321	44.1983	39.7634	38.5676	42.1157	48.3643	53.5452	54.6232	52.2198	49.8502	49.3094	49.5266	49.4299	48.4543	45.9855	42.9911	42.325	45.9431	52.8976	60.4422	64.5325	60.4444	48.1437	34.3335	24.731	18.4123	
21.9562	32.5068	41.5058	48.6132	51.4308	47.3343	38.7057	31.545	30.0383	33.7307	38.3435	40.0656	39.521	39.3518	39.4016	38.525	39.1058	44.5771	54.7784	67.5015	79.7657	86.1005	83.0857	74.5207	66.0397	59.3195	55.2568	57.202	67.0373	80.5176	89.985	91.7274	87.4625	78.875	66.7701	54.7881	47.2896	44.2379	42.5511	42.2741	47.2836	58.4498	69.9339	75.0939	73.0976	67.4136	61.5389	58.0714	58.3271	61.3221	65.3247	69.8203	74.5056	78.594	81.7793	83.5297	81.9554	76.0188	67.8815	61.7562	61.2612	66.1069	70.5468	68.8622	62.7086	59.0346	62.0499	69.6998	75.6454	75.0629	69.8294	64.7973	60.2959	54.2683	48.6679	46.8753	47.8808	48.1509	46.5675	45.0359	46.1827	50.2209	54.4665	58.2847	64.7375	74.126	81.6843	84.324	83.2646	78.9189	71.1394	64.5576	64.0232	65.4741	61.0561	50.7327	40.8726	35.6823	35.1677	37.922	42.6604	47.2911	48.6928	45.9756	42.4624	41.8845	44.2601	47.0021	47.9734	46.6548	44.4558	43.6764	44.6522	45.3124	44.219	42.1406	40.762	41.6031	45.7658	52.8218	60.1941	65.079	65.2372	58.7118	46.8125	34.7518	26.0555	19.4431	
22.0706	33.0289	42.1949	48.234	48.517	41.6505	31.6	25.0672	25.6855	31.4816	37.1501	39.9796	42.5648	46.8986	49.3868	47.0277	43.8405	45.1813	51.2261	59.8661	69.1884	75.3327	74.9032	69.7251	64.2516	60.9166	61.1933	67.2756	79.0307	90.8003	94.7786	89.0471	79.3176	70.7794	63.1508	55.2386	48.4982	44.0976	41.2467	41.1024	47.6107	60.9296	73.9082	79.2024	76.5415	69.8773	62.5472	57.3054	56.1183	58.4602	61.9074	64.221	64.4704	63.4599	63.2225	64.5494	65.0021	61.8233	56.2157	52.4712	54.052	60.4202	66.1665	65.5945	59.3602	53.4685	52.5567	56.4893	61.1392	62.3309	60.3038	57.7357	54.5901	49.9511	46.2243	46.1232	48.4655	50.4956	51.0791	50.7007	51.3348	54.2408	57.5524	60.3497	65.367	73.4406	81.1512	85.7474	86.3779	81.5414	71.9833	64.245	63.767	65.9206	62.0515	51.7558	41.7126	36.7939	37.3112	41.4471	47.2808	52.4638	54.0892	51.5803	48.0389	46.2099	45.2451	43.2279	40.3898	38.3327	38.2022	40.2557	43.4211	45.349	44.6203	42.6674	42.2953	45.2206	51.4841	59.0247	64.0606	64.1675	59.5526	51.4464	41.8768	33.1781	25.9879	19.1619	
19.4664	29.5807	38.3329	43.2134	41.6145	33.948	25.2224	21.3806	24.4586	31.0239	35.889	38.6352	44.0014	53.0877	59.0079	56.8587	51.4911	49.1889	50.0894	52.5495	56.4524	60.4395	62.0209	61.3837	61.2263	63.5242	69.1003	78.1588	88.5246	94.8307	92.1474	81.6877	71.0764	65.9872	64.1078	60.3408	54.0235	47.4578	42.0436	40.2798	46.3285	59.8383	72.9886	78.1104	74.991	67.706	60.0764	55.6856	56.5285	60.7881	64.1051	63.1925	58.4386	53.3246	51.168	52.0603	52.7475	50.5776	46.9538	45.2434	47.147	51.8607	56.2444	56.5749	52.3701	46.95	44.1042	45.2993	48.6131	51.0097	52.1332	52.9561	52.3983	49.7401	47.5352	48.1115	50.279	51.969	52.7762	53.4011	55.5157	59.7213	63.3006	64.7075	66.7104	71.4216	77.6425	83.2857	85.5014	80.9768	70.526	60.8356	57.5619	58.1366	55.8816	49.3505	42.9188	40.7179	43.153	48.1788	54.0412	59.1415	61.2108	59.9151	57.6701	55.2666	50.4655	42.7959	35.8086	33.2318	35.459	40.2011	44.9388	47.967	48.5595	47.7432	47.8338	50.6994	56.4611	62.3707	64.1063	59.9913	52.1649	43.8319	37.0579	31.7822	26.349	19.5611	
16.6296	25.2479	33.2215	37.4358	35.3479	28.5804	22.4101	21.557	26.4387	32.4993	35.0851	35.8905	41.1255	51.6066	59.5526	59.5184	55.7028	53.3015	51.9066	50.3554	49.7718	50.8276	52.5722	54.7214	58.5795	65.3269	74.9381	85.5307	92.9139	93.1455	86.0973	75.9646	68.8227	67.4141	67.9105	65.0136	58.4078	50.6949	43.509	39.6849	43.56	54.8708	66.2148	70.4088	67.2103	60.4411	54.147	52.4051	57.1252	65.3729	71.0529	69.9033	63.1201	55.8516	52.0657	51.345	50.5734	48.1991	45.7518	44.7374	44.5578	44.4736	44.6033	44.5553	43.5009	41.5168	40.1113	40.9369	43.5368	46.3802	49.4761	52.5968	53.668	52.3243	51.3781	52.496	53.724	52.9303	51.0939	51.1571	55.3636	62.4256	67.6458	68.9509	69.2528	71.2731	74.9344	78.622	79.5156	74.9445	65.5465	55.7904	50.0971	48.6781	48.334	46.9594	45.7364	46.9282	50.4259	54.2225	57.7597	61.4061	64.4051	66.7719	69.3593	69.5842	62.7932	49.8801	38.0934	33.5828	36.3418	41.7684	45.9466	48.3507	49.5879	49.8551	50.0092	51.8472	56.0929	60.0994	59.7736	54.1685	45.9938	38.7477	34.4793	32.3459	29.2271	22.8827	
16.3823	23.7918	30.7572	34.6411	33.3529	28.6133	24.881	25.8983	31.6194	37.1587	37.8109	35.7058	37.453	44.7186	51.621	53.7378	53.5803	53.9138	53.6387	51.8184	49.638	48.6467	49.5532	52.6604	58.4445	67.2541	78.4685	88.9509	93.5882	90.4737	83.4883	77.4472	74.2088	72.7823	70.1091	64.435	57.6424	51.5366	45.6285	41.1418	42.0928	49.3841	57.5558	60.6069	57.8744	52.1744	47.0862	46.7451	53.5787	65.3698	75.9633	79.6022	75.3598	67.5704	61.3209	57.9084	55.7161	53.9664	53.0728	51.9382	48.2168	41.9618	36.4078	34.4777	35.9635	38.5238	40.7698	43.019	45.3892	47.9538	51.3923	54.6549	55.5644	54.9423	55.6697	57.9919	58.7534	55.4973	50.2914	48.278	52.5202	60.3888	66.169	68.0379	68.9265	71.0542	73.6217	74.3305	71.5965	65.8276	58.5395	51.3798	46.2779	44.6851	46.0552	48.3603	50.6239	53.2725	55.5584	56.0829	56.0153	57.7194	61.8419	68.4247	76.4461	80.5629	74.5587	59.8881	45.3485	38.2968	39.1672	42.7482	44.4625	44.7038	45.4519	46.4792	46.9277	47.6117	49.6501	51.6095	50.6692	46.2291	40.2152	35.4683	34.395	36.4745	37.1132	31.6361	
18.9859	25.6818	31.3771	35.0836	35.768	34.0081	32.0693	33.1212	38.3993	43.8844	44.1109	39.921	37.5905	40.0762	43.914	45.9787	47.5364	49.6656	51.0517	50.8154	49.5309	48.5924	49.5776	53.4573	60.3929	69.986	80.7753	89.1195	90.9988	87.183	83.0901	81.2848	79.25	74.3319	66.3503	57.8113	52.3356	50.4395	48.9235	46.1254	44.8953	47.9386	52.7654	54.6977	52.2166	46.8574	41.5488	40.1811	45.8449	58.4307	73.6639	84.472	85.4914	77.998	68.5319	62.128	59.7641	60.7386	62.9816	62.2976	55.4026	43.8253	33.2036	28.7233	31.2096	37.3817	43.5279	47.8996	50.4549	52.6208	55.6138	57.7925	57.4875	56.9489	58.8904	62.2115	63.229	59.4519	52.8463	48.7858	50.5557	55.7047	59.3839	60.6404	62.3191	66.1244	70.156	70.4082	65.4639	58.4415	52.5656	48.3101	45.8156	46.1914	49.3481	53.1188	55.7266	56.9736	56.492	54.1536	51.9962	52.4688	56.3883	63.7631	72.8736	78.4095	75.1853	64.3302	52.2544	44.5936	42.6814	43.146	42.1755	40.5898	41.2855	43.9747	45.6486	44.8004	42.9331	41.4833	39.8868	37.3463	34.3362	32.9105	35.8287	42.8573	47.8254	43.2987	
21.4795	27.326	31.3543	34.8694	38.2199	40.105	39.7814	39.9693	44.0135	49.5441	50.5088	46.3028	42.7413	43.0067	43.9646	43.0537	42.0812	42.5732	43.6267	44.4537	45.2743	46.7787	49.7501	54.7146	62.0144	71.3602	80.4758	85.4367	84.3215	80.3068	78.2734	78.0146	75.1171	67.6816	57.9867	50.0826	47.3159	49.6143	52.8902	52.9788	50.6706	50.1075	52.1095	53.2824	50.8752	45.227	39.011	35.7364	38.4537	48.8728	65.365	80.914	86.5553	79.9632	67.9865	59.0774	57.1245	61.5475	67.6667	68.3709	59.8725	45.3284	32.0674	26.2627	29.3317	37.9848	47.3151	53.7939	56.8217	58.6743	60.9998	61.9248	60.2965	59.2302	61.2383	64.589	65.7176	62.3142	55.6898	50.2091	48.8065	49.9946	50.5319	50.0313	51.0166	55.4752	61.6448	64.192	60.3388	53.5273	48.236	45.7832	46.2221	49.5057	54.0573	57.217	57.8341	56.6523	54.5098	52.1275	50.4863	50.0651	51.33	55.2327	60.9771	65.1297	65.0101	61.2687	55.8692	50.4462	46.6691	44.3701	41.9266	40.4825	43.0502	48.94	52.6575	49.9272	43.0071	37.056	33.8709	32.1967	31.2573	32.3446	37.7939	47.0887	53.5913	49.1398	
20.5977	25.2267	27.6704	30.8935	36.343	41.4575	43.2147	43.4624	46.487	51.4609	53.229	51.2906	50.8371	53.0484	52.6751	47.5	41.6994	38.643	37.8376	38.6485	41.7446	47.1188	53.074	58.0883	63.0584	69.5244	75.8696	78.3493	76.1025	72.4221	70.3408	68.7717	64.8681	58.5617	52.1519	47.7278	46.9121	50.4987	56.0416	58.235	55.3062	51.7815	51.6433	53.08	51.8379	46.6176	39.9987	35.4383	35.5304	42.4747	56.2564	71.3194	78.5053	73.397	61.1485	51.0489	49.1699	55.8071	64.8649	67.1381	58.5067	43.6327	30.9903	26.5526	31.3046	41.9427	53.2367	60.765	63.5334	64.397	65.6468	65.7731	63.9263	63.1826	65.595	68.7498	68.6341	63.3365	54.9281	47.8279	44.5371	43.7628	42.8409	41.0833	40.4821	43.8119	50.6501	55.6774	54.5477	49.2116	44.5176	43.5414	46.8967	52.591	56.7815	57.1701	55.1197	53.3355	53.002	53.5731	53.3735	51.074	48.136	47.6956	50.1252	52.7745	54.351	55.8002	56.4995	54.4416	50.313	46.4064	43.7937	43.9997	49.1448	57.7237	62.9704	59.3111	49.666	41.2743	36.8095	34.6795	33.9674	35.5366	40.4481	47.3586	50.777	44.8041	
16.3847	20.1584	22.1687	25.3813	31.5629	38.4128	42.388	43.8227	45.8817	48.9085	50.6431	52.3472	57.8133	64.4293	64.3449	56.4022	47.5008	42.3645	40.2738	40.6596	45.2005	53.673	61.568	64.6785	64.5616	65.7346	68.9057	71.1499	70.9945	69.3595	66.7992	62.903	58.1678	54.4224	52.4361	51.0034	49.9906	51.7561	56.5683	59.4738	56.7013	51.8693	50.7661	53.2898	54.164	50.1897	43.7272	38.8528	38.0197	42.4662	51.627	61.7163	66.6928	62.5951	52.015	42.5779	41.1558	49.1942	60.1812	63.6057	55.4326	41.9565	32.2361	30.8797	37.4972	48.641	59.4977	65.8065	66.7291	65.7748	66.221	67.3611	68.1607	70.5169	75.2894	78.6035	75.1428	64.1729	50.9048	41.6042	38.3173	38.5134	38.5015	36.6994	34.8086	36.4538	42.6434	48.8762	49.8922	45.8871	41.7538	42.2712	48.2772	55.4316	57.8311	54.5178	50.5144	50.5971	54.6084	58.6051	58.2983	52.8232	46.4554	44.5106	47.2024	50.2266	51.4637	53.0301	55.4566	55.5487	52.0975	47.8797	45.7887	47.3452	53.1363	61.2539	66.1561	63.3901	55.8439	49.6589	46.0198	43.0329	40.9447	41.0911	43.3893	45.686	44.1622	36.0885	
11.6054	15.4576	18.6091	22.7551	29.2137	36.7353	42.2556	44.3633	44.3862	43.9996	44.6395	49.3078	59.5616	69.4249	70.2882	62.5734	54.2968	50.0404	48.5545	49.0463	53.596	62.1724	69.2467	69.4158	64.7387	61.8211	63.4399	67.3348	70.6915	71.875	69.5942	64.0037	58.0335	55.0678	55.0473	54.7262	52.6742	51.7343	54.1473	56.8108	55.7206	52.579	52.3278	55.6516	57.5008	54.0385	47.7833	43.7817	44.5076	49.112	54.699	58.6618	59.1347	54.2588	45.0252	37.135	37.3377	47.4607	60.309	64.44	56.6495	45.0211	38.3692	39.0287	45.0732	53.5168	60.9692	64.1537	62.5925	60.2975	61.5722	66.4484	72.9361	80.7205	88.888	91.9639	83.7009	65.5327	46.6605	35.3218	32.895	35.2744	37.2522	36.235	33.9921	34.9327	40.795	47.5587	49.5547	45.9329	41.7356	42.8801	50.2835	58.1678	59.3304	53.7614	49.2015	51.6123	58.766	63.5766	61.0255	52.6832	45.6034	45.6205	51.3445	55.9768	55.8243	54.3182	54.8803	55.0052	51.9857	48.2517	47.3569	49.805	54.2534	59.0651	61.5772	59.8716	56.4557	54.8658	53.9192	51.1988	47.8346	45.7504	44.8118	43.2569	38.6191	29.6887	
8.44517	12.7203	17.4916	23.3067	30.8362	39.3781	45.8596	47.3641	44.3924	40.4027	39.4461	44.6598	55.3609	64.6735	65.7817	60.2986	55.027	53.3646	54.1426	56.1983	60.3897	66.4558	70.3121	68.0118	61.8669	58.3729	60.6701	66.5228	72.172	75.0391	73.4164	67.3409	60.3005	56.6689	56.9119	57.4848	55.6329	52.772	51.9703	53.214	54.1541	54.5786	56.5273	59.808	60.4607	56.1722	50.4746	48.8811	53.2677	60.2749	64.4471	63.9111	60.0853	53.0731	43.5226	36.4506	38.4747	50.9334	65.3406	69.7125	62.3041	52.5154	47.8161	48.0055	50.409	53.5606	56.1987	56.175	53.0468	50.8528	54.4824	64.1226	76.2931	88.4708	98.5168	100.54	88.6764	66.3134	44.6922	32.361	30.1482	33.7186	37.4103	37.7775	36.4078	38.0433	44.3276	51.183	53.2182	49.6447	45.3343	45.9832	52.6245	59.9905	61.0078	55.6496	51.9443	55.3819	62.3257	65.1499	60.2307	51.2613	46.0115	48.984	56.9526	62.1719	60.9435	57.6091	56.793	56.0602	52.3424	49.0742	50.4758	54.9044	58.1939	58.8762	57.36	54.4171	52.4589	53.4008	55.1871	54.9082	52.4562	48.7586	44.5477	40.1836	34.4778	26.0148	
7.43538	11.3835	16.4793	23.2653	32.1848	42.2667	49.6938	50.6297	45.7796	39.9351	37.763	41.2386	48.4876	54.0914	54.2461	51.0132	48.8021	49.6062	52.9857	57.7688	62.7851	66.6995	67.5796	64.2347	59.0617	56.9064	59.9874	66.0402	71.4463	74.1282	72.8461	67.3203	60.6941	57.6941	59.3976	62.2893	62.0207	57.8457	53.3619	51.8335	53.1139	56.0461	60.0253	63.034	61.9059	56.8752	52.851	54.7259	62.7813	71.6115	74.6469	71.2532	65.0379	56.961	47.2111	40.2811	42.5629	55.0184	68.8006	72.7062	66.5823	59.7036	56.9627	55.8367	53.825	51.4563	49.5407	47.0443	43.5494	42.6203	48.7098	61.2342	75.3258	87.5621	96.4195	97.6057	86.5442	66.4188	46.7826	34.7014	31.3056	34.0092	38.3927	40.5856	41.1193	43.9217	49.9681	55.4873	56.7512	54.0068	50.8102	50.6949	54.6743	59.7554	60.6289	56.9228	54.8974	58.2555	63.2399	64.0566	58.7551	51.0126	47.5009	51.4024	58.8069	62.858	61.4897	59.4045	59.9242	59.208	54.5939	51.8015	56.1183	63.4247	66.1786	62.7169	56.4123	50.5977	47.5944	48.4832	51.8493	54.9379	55.2479	51.3856	44.7803	38.1834	31.6745	23.5124	
8.26791	10.9781	14.6973	20.9348	30.2604	41.0592	49.0627	50.6195	46.7101	41.6705	38.9756	39.6357	42.2096	43.5842	42.3998	40.7363	41.0067	43.7915	48.8961	55.6224	61.9681	65.6549	65.8193	63.2959	60.5331	60.2893	63.1252	67.0141	69.6477	70.2349	68.2969	63.5507	58.7426	58.1871	62.5548	67.8825	68.8654	63.7873	56.902	53.219	53.4767	56.4422	60.8996	63.8497	62.2218	57.8338	56.3144	61.144	70.5077	78.0729	78.4717	73.445	67.9225	62.2073	54.642	47.9724	47.839	55.8145	65.2796	68.0324	65.0116	63.1691	63.8216	62.6877	57.7847	51.0296	44.9061	40.2194	37.2877	38.457	46.1833	58.4667	69.9225	77.8562	83.0457	84.3567	78.6855	66.5753	52.7696	41.8772	36.2524	36.364	40.2837	44.3127	47.1023	50.4868	54.6633	57.2065	57.1692	55.999	54.9403	54.465	55.569	57.8837	58.219	55.8889	55.0027	57.8132	61.7154	63.0074	59.5338	52.7323	48.1197	49.6421	54.5692	57.2097	56.4941	56.7077	59.5015	60.0439	56.1128	54.3887	60.3912	68.7997	70.4062	63.6596	54.3024	47.6302	45.274	46.614	50.3205	54.6539	56.6603	53.6728	46.7189	39.0622	31.5431	22.8553	
9.97843	11.5931	13.7981	19.0337	27.7166	37.5418	44.8233	47.4679	46.5084	43.9559	40.9757	38.566	37.0661	35.435	33.5452	33.3155	36.0384	40.8997	46.8786	53.7074	60.1963	64.1545	64.9455	64.5632	65.7218	68.9725	72.2866	73.4453	71.894	68.7524	64.947	60.6513	57.757	59.0058	63.9348	68.7189	69.1836	64.5469	58.954	56.2602	56.0495	57.3534	60.3554	62.947	62.0298	59.2336	59.7479	65.6915	73.7057	77.8222	75.5213	71.3068	70.1717	70.0474	66.2021	59.1721	54.0592	54.0865	56.9149	58.6521	60.0419	63.6928	67.4754	66.9052	60.8474	51.3874	41.924	35.8019	34.6539	38.5745	46.7082	56.1031	62.5621	65.0383	66.337	68.1106	68.6543	65.6591	58.6978	49.7039	42.1547	39.4816	42.4314	47.9619	52.8281	56.3021	58.042	57.5371	56.2404	56.0993	56.4729	55.9464	55.6444	56.5545	56.4708	54.3071	52.8732	54.547	58.8638	63.1459	62.797	55.8008	47.3097	44.0775	45.923	47.6726	47.5613	48.8637	52.8803	55.4457	54.1489	53.7192	58.4987	64.436	64.1269	56.739	48.4507	44.9275	46.7044	50.5612	53.6943	55.8292	56.7151	54.7024	49.3481	42.2418	34.3339	25.0632	
11.3787	13.101	15.1944	20.1928	27.8349	35.3224	40.4006	43.3182	45.1949	45.1943	41.9647	36.9197	32.5401	29.4324	27.836	29.1741	34.0505	40.7775	47.4601	53.8344	59.4296	62.4592	62.8409	64.065	69.5373	77.7459	83.5693	83.6601	78.5954	71.6429	65.8859	62.2099	60.7414	61.4914	63.0604	63.5491	62.1815	59.9258	59.0168	59.66	59.5324	58.5125	59.0147	60.7557	60.8379	59.6671	61.0939	66.3633	71.9448	73.3466	70.829	70.4529	75.8817	81.8237	80.5409	71.4095	60.2249	52.4637	49.9544	52.0319	57.5115	64.0958	67.8042	66.129	59.5239	49.3969	38.8452	33.0756	34.7297	41.2041	48.2786	53.3224	55.0605	54.214	53.7131	55.7719	59.6703	62.314	60.5783	54.1598	46.3934	42.2579	44.4438	50.9887	57.7152	61.7581	62.3176	60.4095	58.4062	57.8456	57.7687	57.0554	56.8981	57.996	58.0481	55.4455	52.296	52.1718	57.1491	64.8331	67.5254	59.9635	47.3719	39.413	38.2436	38.8237	38.45	39.7424	44.5176	49.6438	51.5695	51.5996	52.6956	53.7895	51.4084	45.6197	41.1105	42.4222	49.2165	56.0551	58.1661	56.6185	54.9922	53.7019	50.7065	45.3394	38.2504	29.1489	
12.3777	15.4445	18.6082	23.7652	29.9896	34.5117	36.7112	38.8409	42.178	44.0204	41.1758	34.9503	29.1967	25.882	25.3309	28.0024	33.7766	41.0152	48.0285	54.3077	58.8082	59.6558	58.0151	59.3418	67.6716	79.919	88.7051	89.5388	83.3978	74.9861	68.9625	66.5741	66.0352	64.7424	61.207	56.6633	54.0755	55.1954	59.0398	62.0247	61.0609	57.6973	56.1856	57.3902	58.5819	58.9595	60.6398	64.258	67.4597	68.0181	67.8412	72.6006	83.7908	93.5444	92.4855	80.1526	63.8996	51.3656	46.8786	50.5921	58.5454	65.0277	66.1463	62.1083	55.0244	45.6282	35.9155	31.3893	35.0921	42.8069	48.2603	49.6082	48.5031	47.0449	47.0529	49.4837	53.8932	58.3187	59.7883	56.5078	50.2762	45.972	47.4182	54.1497	62.2378	67.4135	68.3692	67.0017	65.2711	63.486	61.5283	60.2534	60.9549	63.2279	64.3625	62.0549	57.4408	55.0815	59.3521	68.3399	72.4759	64.5864	49.8128	39.1802	35.8802	35.0247	33.9257	35.365	41.6197	49.7579	54.495	54.1603	51.0564	47.0785	42.3303	37.5493	35.5836	39.6777	49.1521	57.4404	58.5318	54.2632	50.6942	49.8762	49.1475	46.339	41.2259	32.9992	
13.6773	18.5952	22.9544	27.9185	32.5311	34.597	34.5437	35.4668	38.8855	41.8485	40.286	34.471	28.4457	25.3992	25.9425	29.3849	34.7255	40.8675	46.9749	52.2438	54.8365	53.2513	50.2162	52.212	62.5198	76.3943	85.7108	86.6279	81.1766	74.337	70.1712	69.1868	68.674	65.2421	58.2904	51.5769	49.8165	53.8388	59.9483	62.9219	60.3917	55.4888	53.2788	54.7292	57.117	58.9381	60.7279	62.6272	63.9833	64.7232	67.1985	75.6526	89.6968	100.406	98.3823	83.7359	64.7478	50.2446	45.4276	49.9414	58.1019	63.4341	63.1308	58.5962	52.1499	44.0251	35.2716	30.7916	34.0923	41.5251	46.4647	46.8651	45.2618	44.388	45.4462	48.4253	52.7866	57.7598	61.4253	61.0809	56.6742	52.3634	52.6156	58.2701	66.1153	71.4492	73.0284	73.3324	73.0219	70.4005	66.2917	64.24	66.0013	70.0015	73.119	72.4307	67.6967	63.276	64.9232	72.079	75.592	67.8234	53.0308	41.8088	37.6358	36.1694	35.1111	37.3755	45.5735	56.9818	64.8196	64.7158	58.2521	49.7558	42.1778	36.5911	34.3757	38.1416	47.5619	55.9046	56.4477	50.7151	45.457	44.1852	45.1575	45.3936	42.7727	35.3774	
15.0244	21.6073	27.041	31.9829	36.0102	37.6283	37.1345	37.2662	40.1821	43.8699	43.6584	38.2047	31.3985	27.8256	28.6935	32.3156	36.8156	41.4906	45.8218	48.361	47.5328	43.9909	42.2216	47.8416	61.0829	74.5508	80.5569	78.5251	73.2117	69.0718	67.4026	66.8843	65.1837	60.3434	53.1359	47.9592	48.7453	54.6137	61.0186	63.4365	60.4364	55.3399	52.9967	54.376	57.2182	59.9918	62.1888	63.5952	64.6141	65.8355	68.9953	77.4917	90.8408	100.873	98.9299	84.7412	65.6427	50.2786	44.1106	46.7285	52.7612	57.1673	58.3767	57.0427	53.6764	47.5183	39.1141	33.0214	33.8982	40.3228	46.2836	48.3563	47.9797	47.8549	49.4724	53.0099	57.8016	63.1344	67.5954	68.3722	64.6815	60.3079	59.5805	63.3317	68.7801	72.0925	73.2272	74.9686	76.135	73.0647	67.3802	64.7529	67.1821	72.1407	76.6232	78.1102	75.3004	70.6928	69.5909	73.3212	75.257	68.315	54.9826	44.233	39.9344	38.913	38.8985	42.1017	51.5144	65.7255	77.4103	79.1487	70.8904	59.1217	49.4704	42.8197	38.9838	40.5962	48.7412	57.3249	58.4408	51.709	43.6789	40.1141	41.4608	44.0401	43.0981	35.6639	
15.6311	23.3366	30.0298	36.0397	41.4009	44.9091	45.7466	45.8047	48.4548	52.8731	53.2749	46.7759	37.8146	32.5342	32.5664	35.5429	39.2698	43.4185	46.9046	46.812	42.3039	37.4787	38.7961	49.6355	65.7282	76.9848	77.396	70.8235	64.8187	62.5986	62.1356	60.4524	56.6484	51.302	46.2094	44.589	48.2071	55.043	61.525	64.839	63.6082	59.4862	56.1334	55.2923	56.6119	59.4986	62.8736	65.8987	68.5497	70.2451	71.5778	76.347	86.0751	94.9775	95.2147	84.7094	68.1246	52.9627	44.8456	43.8667	46.0944	48.9888	52.5898	56.42	58.1883	55.2476	47.5602	39.7253	37.9319	43.3695	50.8103	55.1402	56.2772	56.8658	58.935	62.99	67.8427	71.9081	74.1371	73.1312	69.108	65.6507	65.6375	68.3662	71.0039	71.2738	70.767	72.2305	73.1662	69.4757	63.5067	60.9252	62.6269	65.7427	68.839	71.4748	72.216	70.6495	69.5941	71.3859	72.4057	66.8634	55.7622	46.1755	42.1546	41.8251	42.8019	46.0945	54.8614	69.6643	83.9923	88.3186	80.7678	68.9437	59.8474	53.369	47.8061	46.4186	52.7697	62.3118	65.4349	58.3942	46.9987	39.7904	39.7573	42.5866	41.3888	32.9818	
15.7366	23.9184	31.9598	39.9669	47.6833	53.549	55.7828	55.8758	58.3688	63.2322	63.6622	56.0135	45.515	38.8253	37.1055	37.9692	40.2516	44.5309	48.8747	48.3878	42.3385	37.639	42.1195	56.3729	72.2882	79.5146	75.3964	66.8045	61.3475	60.1014	58.9478	54.7484	48.5774	43.2962	41.075	43.1972	49.1602	56.5994	63.5148	68.613	70.103	67.1942	61.5939	56.266	54.0714	56.1702	61.0108	66.5556	71.3442	73.1564	71.7454	71.653	76.7038	84.0271	87.0116	81.8181	70.1482	57.7092	49.5559	45.8117	43.8194	43.6489	47.5087	54.8449	61.3847	62.5962	57.3344	49.4785	45.9802	50.3404	58.3743	63.7068	65.1564	65.7512	68.1124	72.4732	76.421	77.2283	74.7034	70.1841	65.7848	64.4053	66.7314	70.3729	72.2238	70.7934	68.4079	67.862	67.097	63.4355	59.3441	57.8971	57.4648	55.6622	54.1048	55.5336	59.3142	62.6315	65.0603	68.0685	69.5781	65.3438	56.3318	48.4523	45.3426	45.779	47.2356	49.4058	55.0143	66.4168	79.5001	85.3944	81.3714	73.88	68.3807	63.1943	56.137	51.476	55.2126	65.1663	70.9843	65.351	52.2279	41.8216	39.1181	39.8533	36.7127	27.3347	
16.1915	24.4874	33.8384	43.9374	53.1662	59.4342	61.4972	61.1447	62.8546	66.9984	67.4313	60.8785	52.073	45.9081	42.1556	39.4104	38.8871	42.581	48.176	49.4297	44.9888	42.4352	49.3718	63.8126	76.0407	78.5372	72.8807	66.4157	63.7721	63.496	61.2111	54.8872	47.0407	41.8916	41.9819	47.2546	55.4784	63.8798	70.9633	76.0796	77.9128	74.8007	66.7599	57.2254	51.6109	52.4378	57.543	63.8649	69.1645	70.641	67.6506	64.5106	65.7492	70.7278	75.0609	74.9483	69.8779	62.8527	57.1511	52.4971	47.3177	43.6148	45.2294	52.3606	60.7157	65.2899	63.687	57.7686	53.7627	56.7538	63.9113	68.3554	68.3473	67.5878	69.4019	73.5824	76.4366	74.3353	67.9069	60.8174	56.4773	56.6827	60.629	65.6147	68.5853	67.6676	64.6009	62.3922	60.8307	59.302	59.5624	61.0032	58.9595	51.5178	43.4768	40.9175	44.8412	51.695	58.5406	64.6465	67.677	64.4537	56.8393	50.7291	49.3721	51.3932	53.5541	53.8626	54.1687	58.5603	66.5733	72.3417	73.1968	72.5005	71.9878	68.6433	61.0821	54.1306	54.5636	62.7224	70.0587	67.4455	55.6884	44.0177	38.3319	35.6354	30.116	20.6561	
17.2665	25.9365	36.7494	48.3937	57.2583	61.4576	62.0972	61.4023	62.0172	64.4356	65.0076	61.4759	56.5518	52.1104	46.7377	40.5742	37.1522	39.6053	45.9102	49.6744	48.4125	48.1522	55.3078	66.971	74.1914	72.9896	67.9487	65.3288	66.2428	67.5122	65.8386	60.3027	53.1657	48.6615	50.0688	57.3018	67.3502	76.7131	82.8851	84.8742	83.1522	77.9161	68.6982	57.8596	50.8441	50.1893	53.4746	57.9552	62.0341	63.1657	60.1687	56.1187	54.9163	57.4238	62.1466	66.653	68.5889	67.6133	64.9338	60.4335	53.8818	48.093	46.9614	51.3286	58.3265	63.7555	64.492	60.603	57.0468	59.1679	64.8634	67.3979	65.1036	62.1092	62.1776	65.277	67.6898	65.5068	58.975	51.8481	47.4984	47.039	49.8031	54.3418	58.3105	59.2521	57.6095	56.0359	55.8921	58.1259	63.7122	69.3687	67.9985	57.1651	43.2895	35.0522	35.7469	42.7905	52.0467	60.6207	65.3231	63.3377	57.0741	52.9456	54.2263	58.8553	62.2799	60.7549	55.436	52.2371	54.3042	58.7863	63.0742	67.5017	70.7266	69.4281	63.259	56.2469	53.6382	57.4867	63.4333	63.6181	55.6511	45.2761	37.8606	32.3104	25.1765	16.2759	
18.2097	27.6181	39.6995	51.8217	58.8421	59.9857	59.3498	59.4403	60.243	61.6993	62.5223	61.2887	58.7365	55.0003	48.9232	41.8956	38.0902	40.5551	47.7705	53.9582	55.0398	54.2056	57.2839	63.3354	65.8944	62.7448	58.6978	58.5115	61.4333	64.1912	65.1762	63.969	60.9819	58.895	61.235	68.6316	78.4295	86.9641	90.6695	88.0812	81.7437	74.6933	66.665	57.7845	51.3047	48.9593	49.2759	51.3304	54.4141	55.5857	52.8089	48.1876	45.206	46.0058	51.5128	60.1864	67.6864	70.9224	70.1536	66.2321	60.0508	54.1019	51.2921	52.992	57.9401	62.3697	62.6715	58.8778	55.7741	57.9336	62.881	64.2685	60.644	55.6761	53.0108	53.863	56.3736	56.9477	53.7901	48.3722	43.2547	39.9869	39.4127	41.8546	45.8559	48.8463	50.1277	51.1609	53.5945	59.1285	68.3159	76.9918	77.5615	66.9583	50.8753	38.2436	34.1656	38.2202	46.6644	55.5075	61.057	60.5913	56.5532	55.5695	60.5351	68.1567	72.8744	70.2868	61.3207	53.0147	50.7286	53.1835	57.4687	62.4419	66.1404	66.1441	62.5419	57.4446	53.3068	52.4712	54.8314	55.9412	51.9431	44.7621	38.1949	32.3395	25.2215	16.7716	
17.7296	27.4635	39.6864	50.9697	55.8085	54.5196	53.2723	55.0961	58.1164	60.8124	62.4316	61.8723	59.0997	54.5537	48.7507	43.9613	43.2798	47.9784	56.474	64.1708	65.9147	61.9107	57.8188	56.4048	54.6658	50.5376	46.8146	46.7161	49.4805	52.9393	56.7254	60.3538	62.4666	63.8192	67.1613	73.3568	80.5036	85.664	85.6576	79.6256	71.4275	65.4014	61.1481	56.6519	52.3502	49.0517	47.3049	48.591	52.0381	53.1188	49.3402	43.1938	38.4805	38.1357	44.196	55.0768	64.9785	69.6149	69.5423	66.7182	62.3444	57.7896	54.8908	55.7678	60.3988	64.3716	63.0061	57.2407	53.0567	54.6988	59.3698	61.1026	58.0042	52.3353	47.2986	45.8364	48.6376	52.499	52.9946	48.844	42.2094	36.0217	32.7689	33.6172	37.2551	41.3666	45.0577	48.791	53.7387	61.4841	71.6478	79.9238	80.8539	72.8373	59.5211	46.6437	38.897	38.2639	43.0941	49.814	54.764	55.4056	54.1731	57.3618	66.5814	76.9002	82.6865	80.4366	70.9293	60.6873	55.6511	55.3934	56.9596	58.9133	60.0573	59.4229	57.4241	54.6569	51.296	48.6897	48.3996	48.6999	46.3614	41.7762	37.7073	34.3254	29.1895	21.1527	
15.4139	24.4979	35.5581	45.2306	48.5157	46.0389	44.5186	47.7889	53.5911	58.8461	62.0412	62.1749	59.137	53.9826	48.9918	47.6629	51.8734	59.8596	68.7869	75.956	77.3919	71.3383	61.9251	54.1654	48.434	42.9845	38.4788	37.0355	38.8396	42.6902	47.8677	53.116	56.7654	59.255	62.589	67.0494	70.827	71.771	68.2918	61.1555	54.4715	51.9001	52.7121	53.9054	53.4957	51.1553	49.4616	51.9027	56.4518	56.6594	50.557	42.275	36.1312	34.7272	39.7761	49.5879	58.4707	62.333	62.0922	60.3087	58.2273	56.1031	54.6505	56.3184	62.0707	67.0741	65.2268	57.3358	50.5055	49.9574	53.7499	56.299	54.8022	50.1696	45.0742	43.0733	46.0927	51.2227	52.7609	48.2606	40.3299	33.2837	30.1989	31.4314	34.7606	38.2674	42.0951	47.105	54.3511	64.416	74.4727	79.3703	77.3965	71.1598	63.1298	54.0616	45.6838	41.1138	41.356	44.5067	47.6216	48.4241	49.0504	55.0636	66.9828	78.9667	85.9719	85.782	78.5066	68.6533	61.7922	58.8167	57.6131	56.5306	54.4761	51.6045	49.3749	48.3788	47.8439	47.5543	47.6891	46.6878	42.8446	37.8257	34.9948	34.3787	31.968	24.7698	
12.593	20.5248	29.935	38.0102	40.5759	38.0742	36.6325	40.3432	47.3165	53.9937	58.6282	60.673	59.7265	55.8677	51.6505	52.2523	59.7973	69.9318	77.8292	82.7493	84.032	79.6521	70.5231	60.5793	52.1252	44.6858	38.4562	35.5241	37.0864	41.8741	47.2072	50.4277	50.8106	50.4317	51.5945	53.9737	55.3379	53.8422	49.1649	43.0494	38.8598	39.1589	43.6623	49.6948	53.6163	53.8127	53.9544	58.497	64.1469	63.1846	54.6849	44.7601	38.1983	36.2416	39.2542	45.9631	52.2018	54.4805	53.2762	51.2787	50.3438	50.2924	50.4783	52.7044	58.7898	64.9096	64.317	56.2488	47.5337	44.7518	47.399	50.1415	49.7541	47.0799	44.334	43.7063	46.3734	50.1166	50.3066	45.0351	37.2975	31.8691	31.2844	34.2068	37.2703	38.9963	40.9863	45.6282	54.609	67.0649	76.8543	77.309	70.1127	62.7453	58.3366	54.1244	48.3214	43.0894	40.5442	40.4902	41.4494	41.5902	42.0665	47.4052	58.4323	70.2413	78.4731	81.1661	77.3658	69.5387	62.5832	58.68	56.8404	54.9458	51.0418	45.8532	42.5526	42.8715	45.9486	50.1838	53.1737	51.6573	44.8884	36.6482	31.7957	30.9559	29.5368	23.3714	
11.395	18.5388	26.388	32.8445	34.9303	33.1294	32.3458	35.7221	41.5773	47.2599	52.2434	57.012	60.4815	60.0951	56.5145	55.7871	61.8452	70.5046	76.163	79.0177	81.0837	81.0337	76.8165	69.3406	60.8021	52.1591	44.6195	40.9537	42.9526	48.6748	53.2907	52.9815	48.4803	43.9681	42.3325	42.9895	43.7843	43.1261	40.5098	36.5789	33.278	33.1711	37.737	45.6102	52.5478	55.8241	58.659	65.1208	71.4307	69.7941	59.9557	49.3878	43.4054	41.7069	43.1885	47.5164	52.1763	53.5458	51.0653	47.6871	46.3948	46.8841	47.0964	48.004	52.3154	57.9583	58.6299	52.1516	44.1758	41.5914	44.3278	46.752	46.0172	44.4702	44.4499	45.7688	47.7232	49.2708	48.2545	43.5303	37.431	34.2556	35.7992	39.6588	42.3077	42.7301	43.0752	46.7874	56.1913	69.3009	77.9118	74.5646	62.5971	52.1558	47.6976	45.9941	43.7573	41.2407	39.3054	38.1624	37.9147	37.4165	36.5	38.5334	45.7062	55.3603	63.6094	67.8393	66.72	62.1274	58.0114	56.1501	55.6821	54.3498	49.7599	42.9407	38.5039	39.4497	45.1744	53.3932	59.8835	59.4726	51.1035	39.4727	30.5268	26.1801	23.1119	17.559	
13.1217	20.2458	26.5351	30.81	31.9626	30.964	31.093	33.7078	37.1288	40.335	44.7677	52.074	60.5498	64.9474	62.6566	58.4181	58.0802	60.9496	63.3938	65.4805	69.0833	73.0756	74.3039	71.4843	65.6859	58.4256	51.57	47.9455	49.4987	54.2595	56.7591	53.2568	46.0004	40.2691	38.3966	39.2074	41.3126	43.9296	45.5059	44.0952	39.9223	36.4665	37.7444	44.3462	52.5062	58.5893	63.8971	71.1187	77.0559	75.0021	64.7241	53.9178	48.3824	47.0197	48.0445	52.1751	57.5753	59.4338	56.2243	51.7433	50.0879	50.4234	49.3871	47.8162	49.3616	52.8763	52.741	47.1353	41.3674	41.3256	45.6481	47.8121	45.6857	43.811	45.5602	49.0022	51.4525	52.6377	52.3586	49.353	44.4886	41.5839	42.5352	45.2578	47.2802	47.9546	48.5624	52.0847	60.7149	72.0807	78.3197	72.7126	58.4818	45.3719	38.3657	35.7619	35.3049	36.1611	36.9475	36.9403	37.0583	36.7475	34.8414	33.7257	36.7352	43.1936	49.6019	53.1275	53.4405	53.007	54.0475	55.7518	56.304	54.5179	49.2248	41.5588	36.0552	36.2431	42.2289	52.0796	61.177	63.1573	55.6945	42.9547	31.1724	23.2746	17.6785	11.9979	
17.5904	25.4376	30.294	32.1027	32.058	31.7315	32.5952	34.248	35.0704	35.4242	38.3925	46.6515	58.5342	67.518	67.9409	61.4081	54.3034	50.4072	49.741	52.0762	57.1729	63.0211	66.848	67.4797	65.5718	62.1017	57.8648	54.4136	53.5344	54.3515	52.8886	46.9346	39.854	36.5932	37.7299	40.7903	44.9423	50.5685	55.784	56.7122	51.9518	45.2857	42.5957	46.5267	54.5069	62.2799	68.9087	75.572	79.9791	76.9213	66.0821	54.6373	48.6518	47.1719	48.3747	53.3998	60.3263	63.2711	60.2909	56.1207	55.5238	56.8954	55.8808	53.5282	53.8369	55.0381	51.7896	44.4753	39.676	41.799	47.4209	49.4028	46.2698	43.966	47.0054	52.9815	57.8522	61.1096	62.9828	61.4361	56.1347	51.0956	49.2727	49.7101	51.1952	53.2156	55.584	59.8583	67.4506	75.9738	79.2229	72.3429	58.0742	44.1962	34.9879	30.1934	29.4207	31.8896	34.7139	36.0594	36.9082	37.1781	35.5152	33.5142	34.3163	37.9471	41.6926	43.841	45.7766	50.2114	56.692	60.9383	60.2001	55.7333	49.2233	41.7157	35.6773	33.9194	37.7367	46.5285	56.3447	60.563	55.5284	44.1933	32.483	23.4604	16.3163	9.92738	
23.5451	32.8283	37.2223	37.5805	36.9257	37.2067	38.4617	39.1678	37.7259	34.9836	34.9352	41.3372	53.3748	64.8237	68.4882	62.914	53.4414	46.4132	44.6918	47.9811	54.0176	59.6003	62.7957	64.2455	65.4411	66.2306	65.1163	61.7083	57.2519	52.2678	45.6222	37.5083	31.6779	31.7629	36.5853	42.396	48.0304	54.4446	60.6311	62.9132	58.9462	51.4338	46.4809	48.2476	55.501	63.7844	70.6859	76.2888	78.6524	73.6785	61.5305	49.1386	42.6264	41.2992	42.8655	47.8252	54.5002	57.6426	55.6328	53.3162	55.3036	59.491	61.0839	60.9275	62.2479	61.92	54.9446	44.4392	38.6739	40.8388	46.2481	48.1982	45.604	44.1003	48.243	55.9403	63.0542	68.6252	72.3155	71.4607	65.373	58.5167	54.7709	53.8217	54.9207	57.805	61.7129	67.1019	74.3116	80.3925	80.383	72.0012	58.8257	46.7934	38.2245	32.7904	31.1394	33.0595	35.508	36.3178	36.4543	36.5676	36.0397	35.6505	36.6738	38.5821	40.1625	41.8441	46.1842	55.0066	65.2105	70.0626	66.5492	58.453	50.6317	44.1769	38.5718	34.9477	35.7564	41.9983	50.7472	55.9547	53.2606	44.1876	33.9272	25.348	17.7508	10.6324	
29.1859	40.379	45.7738	46.4095	45.9095	46.3114	47.127	46.6884	43.5292	38.2707	34.9235	37.8545	47.2423	58.1404	63.7197	60.948	53.3946	47.5208	47.1412	51.7102	57.8205	61.8323	62.8327	63.4451	66.2711	70.1115	71.4609	68.3349	61.0508	50.8918	39.5323	29.5329	24.4492	26.4356	33.503	41.3874	47.8247	53.2486	58.0305	60.3236	57.6195	50.8602	45.3958	46.2954	53.1727	61.3908	67.9137	72.4266	72.9787	65.9704	52.3647	39.4977	33.5721	33.7043	36.2432	40.1233	44.4246	46.3265	45.3656	45.6833	50.8081	58.1819	62.9559	65.3609	67.3372	65.2954	55.6273	43.3341	37.0093	38.9379	44.3416	47.2618	46.3823	46.0503	50.0896	57.0167	63.8195	69.7828	73.9871	73.6047	68.1345	61.9517	58.7919	57.9478	58.3259	60.3745	64.3362	70.6421	78.4752	83.3521	80.5689	70.8072	59.9152	52.5168	47.9375	44.0494	41.4239	40.8459	40.5153	38.8764	36.9872	36.2385	37.0505	39.318	41.6851	42.6712	42.9514	44.8629	50.8029	61.1766	71.8727	76.0525	70.8256	60.6587	52.1642	46.9857	42.5903	38.4019	37.2709	41.0966	47.8088	52.5779	51.271	44.1465	35.3196	27.49	20.0317	12.5218	
32.1405	44.6836	51.5884	53.5119	53.5549	53.3964	52.6564	50.537	46.5199	41.1715	37.4456	38.6069	44.9522	53.3716	58.9383	58.3831	53.4994	49.6988	50.6974	55.6137	60.6368	62.525	61.4555	61.1788	64.6608	69.959	72.6785	70.2317	62.063	49.3332	35.381	24.3598	19.5091	22.0723	30.2416	39.8173	47.0169	51.1173	53.9163	55.7653	54.0914	48.0738	42.4712	43.1459	49.8577	57.3282	62.446	65.5429	65.0631	57.2707	43.2094	30.7034	26.4459	29.4844	34.5024	38.1227	39.6915	39.3557	38.727	41.3835	49.1119	58.2996	64.0632	66.2798	66.1562	61.1727	50.216	38.9769	34.7056	38.8304	46.6112	51.6972	51.9125	51.1019	53.1525	57.2929	61.7211	66.3979	70.3093	70.6816	66.8261	62.1779	59.9195	59.1897	58.5087	58.7222	61.3888	67.7027	76.2368	81.1033	77.4844	68.2239	60.9859	59.4671	60.332	59.0185	55.22	51.0063	46.8557	42.5112	39.0675	38.0329	40.1795	44.412	47.3957	47.4635	47.0411	49.0396	54.3755	62.4319	70.3977	73.619	69.1788	59.6248	51.166	46.6265	43.602	40.5345	39.4781	41.9193	46.2385	49.2803	48.2815	43.1149	36.5684	30.371	23.4895	15.5272	
30.408	42.5814	50.1514	53.5388	54.7512	54.2836	51.7227	47.8188	44.0395	41.556	41.4516	43.9498	48.3044	53.6501	58.0041	58.5749	55.3642	52.0967	52.1773	55.3053	58.2547	58.3255	56.3346	56.2323	60.4308	66.2479	69.3248	67.6495	60.3875	47.915	33.7505	22.6536	17.7514	20.1807	28.8547	39.8121	47.8907	51.2148	52.6336	54.2845	53.4997	47.9063	41.8313	41.9858	48.164	54.207	57.0737	58.5019	57.9088	50.961	37.7301	26.1177	23.7656	30.2902	38.9986	43.7422	43.1375	39.9238	38.5042	42.5999	51.9881	61.3094	65.6351	65.3054	61.7459	54.0315	43.2799	34.9774	34.5716	42.7501	54.1892	61.0194	60.3872	57.1315	56.263	57.4188	59.1643	62.165	66.0397	67.9373	65.7555	61.157	57.5118	55.5511	54.1104	53.2013	54.2231	59.0131	66.808	72.1083	70.2169	63.7139	59.7324	61.7744	66.3094	67.5441	63.7696	57.3991	50.747	45.0108	41.5166	41.3904	44.7891	49.4849	51.3695	49.7475	48.5585	50.2576	53.7747	57.9481	62.3335	65.2335	63.384	55.9852	47.4782	42.3026	40.1259	39.3632	40.3885	43.0868	45.6559	46.4777	44.9056	41.6857	38.4908	34.9368	28.6771	19.625	
24.6807	34.9385	42.2338	47.216	50.5757	50.8499	47.2052	42.0917	39.2428	40.6899	45.6155	50.7294	53.7336	55.8893	58.4888	59.7705	57.9714	54.2895	51.539	51.2615	51.9845	51.3109	49.9158	51.2951	56.782	62.9127	65.7993	64.668	59.1185	48.7772	36.2909	25.8674	20.4213	21.5808	29.2337	40.0174	48.5074	52.0141	53.0155	54.3178	53.8415	48.5875	42.1692	41.6797	47.2875	52.1876	53.0466	52.9011	52.5355	47.2821	35.9142	25.7395	24.9635	33.9842	45.4446	51.0695	48.5663	42.4571	39.5311	43.9515	53.9094	62.512	64.936	62.4401	57.1708	49.2659	40.5839	35.6016	38.4387	49.6379	63.3937	70.5522	68.0687	61.9622	58.235	56.6414	55.7816	57.1552	61.4728	65.6584	65.5132	60.5928	54.7671	51.2022	49.6354	48.6065	48.0201	49.8451	55.1713	60.8191	62.2165	58.987	55.5601	56.333	60.6542	63.7652	62.5317	57.7418	51.5581	46.1651	43.5732	44.5923	48.4452	52.0758	51.5455	47.4421	44.8435	45.9743	48.4802	50.5863	53.2048	56.6135	57.2601	51.6978	42.6918	36.1372	34.2931	36.1134	40.3138	45.0161	47.7031	47.2321	44.5491	42.013	41.2096	39.8941	34.1115	23.8658	
18.1376	26.2333	33.2346	40.0868	46.0341	47.6346	43.6601	37.8786	35.6414	39.6253	47.8945	54.8601	56.8382	56.1295	56.5555	57.8936	57.3125	53.3715	47.9647	44.6677	44.1569	44.2271	44.8086	48.4621	55.4292	61.7329	63.923	62.4114	58.2058	51.3177	42.8405	34.483	28.0936	26.3333	30.5391	38.6208	46.4936	51.2505	53.1448	53.8025	52.3951	47.009	40.7074	40.0413	45.4271	49.8321	49.432	48.0554	47.966	44.9211	36.7068	29.0706	29.3456	38.2879	49.1658	53.7525	49.7571	42.088	37.9493	41.5865	50.8877	58.7064	60.3649	57.4572	52.6976	46.9427	41.6462	39.4569	43.4246	54.8747	68.9818	76.5235	73.7041	65.9316	59.4348	54.8155	51.3871	51.2131	55.5928	61.5564	63.9301	60.6478	55.0256	51.359	50.1332	48.9458	46.4339	44.6759	46.9667	52.8749	57.5086	56.5361	51.2683	47.4291	48.4259	52.1493	54.75	54.275	50.9897	47.1963	45.5126	46.6074	49.2788	50.6301	47.5587	41.3188	37.2814	38.0343	41.0951	43.8119	46.6836	50.4463	51.7997	46.7587	37.5143	30.518	29.3062	33.0685	39.6684	46.6137	50.8318	50.3661	46.3437	42.6094	41.9434	41.9631	37.6017	27.6949	
13.8206	20.6147	27.9002	36.511	44.2839	46.6608	42.6203	36.6246	34.464	38.9591	48.0145	55.5206	56.9627	54.3762	52.7103	53.1979	52.8408	48.6105	41.7423	37.0195	36.6122	38.5242	41.7551	47.6885	55.7497	61.7255	62.2827	58.8972	55.2228	53.0126	51.0265	46.3803	39.0598	33.4223	32.7919	36.6555	43.1134	49.7577	53.8875	54.3563	51.2522	44.9777	38.7252	37.7474	42.2336	45.7833	44.848	43.4814	44.6338	44.7664	41.1379	37.1648	37.8338	43.8092	50.4901	52.1654	47.5077	40.2317	35.7778	37.998	45.7028	52.6407	54.1311	51.3392	47.3845	44.0435	42.0833	41.7294	44.6332	53.4742	66.2624	75.2879	75.1553	68.3105	60.2575	53.417	48.5551	47.5366	51.3293	57.666	61.9806	61.2424	57.2943	54.3336	53.3027	51.5176	47.2062	42.7378	42.8388	48.8075	55.4127	55.6577	48.6174	40.4505	37.4181	40.3179	45.7761	49.8422	50.6325	49.4605	48.4136	47.9624	47.5785	45.7999	40.8476	34.0221	29.9616	31.2756	35.7332	39.9573	43.3747	46.4053	46.5509	41.1448	32.785	27.1672	27.042	31.2752	38.0019	45.5536	50.8777	50.7404	45.5461	39.964	38.3337	39.6112	38.3421	30.9241	
13.1816	19.9035	27.709	36.93	44.5697	46.2945	42.1705	36.9229	35.484	39.863	48.1223	54.9718	56.1185	53.1623	51.0903	51.4559	50.873	45.8128	37.7891	32.1885	31.8092	34.99	40.1012	47.3639	55.5286	60.4137	58.9678	53.702	50.7841	53.4544	57.8164	56.5984	48.5728	39.9477	35.6074	36.0092	41.0032	49.1529	55.8121	57.098	53.2067	46.4784	40.1245	37.672	39.2343	40.5922	39.7975	40.3337	44.2157	48.2715	49.7207	49.6107	50.1095	51.771	52.9677	51.5081	47.0582	41.2863	37.1524	37.9906	43.6969	48.9239	48.9529	44.8781	40.6859	39.0015	39.5878	40.1636	40.7642	45.1118	54.6434	64.6809	69.0766	66.4977	60.2912	54.0048	49.8208	49.4489	53.5071	60.1638	65.0147	64.1866	58.9764	54.4361	52.414	50.161	45.6607	40.9921	40.5242	45.8226	52.2911	52.9063	45.6644	35.6637	29.8539	31.2109	37.8495	45.5661	51.1313	53.7701	53.3653	50.0116	45.122	39.7175	33.5353	27.7264	25.5281	28.4602	34.0765	38.9284	42.0279	43.5179	41.9586	36.6791	30.6172	27.4035	27.8071	30.6462	35.4144	41.8333	47.0498	46.9568	41.3227	34.8152	32.4553	34.6943	36.4644	32.0641	
15.3642	22.7995	30.5843	38.535	43.9131	43.7702	39.6786	36.3531	37.0385	41.9924	49.0471	54.2675	54.9066	53.2096	53.8733	57.0838	57.5806	51.502	41.6132	34.0117	31.7402	33.7787	38.5465	45.3051	52.0865	55.2633	52.9632	48.2829	47.4499	53.1811	60.0682	59.8004	51.7144	42.7392	37.6331	36.7149	40.477	48.5384	56.3941	59.2148	56.8407	51.8171	46.1097	41.3876	38.5319	36.7997	36.4724	39.6745	46.3967	53.7006	59.2561	62.3257	62.7685	61.1012	58.2289	54.7899	51.0166	46.8627	43.3852	43.3559	47.131	49.6674	46.3804	39.3629	34.1054	33.4286	35.5882	36.5718	35.3688	35.6418	40.8215	49.7407	57.6372	60.6995	59.1383	55.649	53.1843	54.5877	61.1731	70.204	75.0828	70.7664	59.9057	50.3125	45.6397	43.3198	40.8031	38.8114	39.5223	43.4943	47.686	47.3171	40.5825	30.935	24.2764	24.3119	30.779	40.7525	50.8393	57.8138	58.4119	52.2494	43.2142	34.893	28.1907	24.1658	24.7496	29.7405	35.9625	40.4128	42.4676	42.3027	39.6669	35.6554	32.6296	31.3404	30.7952	30.7974	32.8604	37.7943	42.6487	42.858	37.7882	31.4203	28.3435	29.907	32.2351	29.3814	
17.7884	25.7837	32.7275	38.2207	40.6622	38.8651	35.4439	34.6953	38.1443	44.1073	49.7338	52.4783	52.1674	52.7558	58.5234	67.1091	70.3466	63.9401	52.2367	42.0261	36.2786	34.7182	36.5568	40.8124	45.1354	46.845	45.6184	44.1142	45.8524	51.4641	56.3755	55.102	48.3846	41.7213	38.1116	37.3257	39.7824	45.9049	52.9968	57.241	57.9999	56.4728	52.5375	46.3539	39.9759	35.8425	35.851	40.5454	48.2699	56.8552	64.8864	70.5609	72.0287	69.3053	64.4159	59.7537	56.505	54.1861	52.2884	52.1448	54.0162	53.5341	46.7855	36.9766	30.6936	30.3884	33.0714	34.4054	33.243	31.9662	33.7199	39.8705	48.1131	54.0757	55.7037	54.1372	52.5184	55.5448	65.8586	79.0245	85.0607	77.5793	61.0273	46.079	38.2981	35.8107	35.8594	37.6609	40.7053	43.8546	45.2484	42.7144	35.7356	27.035	20.8747	20.0301	25.0359	34.8779	47.0934	56.9263	58.7964	52.0423	42.0557	33.4839	27.4797	25.3109	28.5562	35.6616	42.3368	45.752	45.9785	43.8715	40.5528	38.0896	37.3133	36.3072	33.5014	30.4779	30.5179	34.8266	40.1515	41.6495	38.1411	32.501	28.3549	27.4014	27.4549	24.1219	
18.9446	26.939	32.7234	35.9799	36.3868	34.2452	32.4877	34.5429	40.4876	47.014	50.5701	50.1561	48.4879	51.009	60.9498	73.5203	78.8585	73.0878	61.6512	50.9657	42.9403	37.4914	35.1111	35.8603	37.9745	39.484	40.4816	42.1572	44.8491	47.6909	48.8333	46.9252	43.0672	39.5221	37.2941	36.4716	37.592	41.3222	46.7249	51.4858	54.5899	56.0118	54.4291	49.0926	42.1992	37.3096	36.8084	40.4831	46.5951	54.4367	63.5897	71.5743	75.1229	73.1086	67.3669	61.5205	58.8964	59.9341	61.8482	62.53	61.8795	58.1875	49.5074	38.9579	32.4724	32.0449	34.5209	36.225	36.3246	35.6124	35.7795	39.0617	44.6286	48.5457	48.7853	46.4238	44.588	48.5272	61.3112	77.7046	86.2261	79.6613	62.6739	46.4563	37.1288	33.7751	34.5041	38.2408	42.9797	46.2894	46.4167	42.3174	34.7638	26.9721	21.9464	20.5686	23.1595	30.2959	40.8803	50.2683	52.8465	48.2513	41.4325	35.7433	31.5805	30.8063	35.7969	44.5115	51.3575	52.989	50.2533	45.5366	41.4074	39.8588	39.8064	37.828	33.0169	28.5324	28.151	32.6178	38.7213	42.1093	41.1965	37.3774	32.7826	28.8557	25.1185	19.6925	
19.2333	27.285	32.626	34.8618	34.3677	32.5447	32.5507	36.9726	44.6946	51.18	52.6293	49.7939	47.397	50.629	60.8543	72.3854	76.5869	71.4964	62.8022	55.0658	47.992	40.863	35.3933	33.5313	34.8366	37.3155	39.8015	41.9574	43.066	42.5953	41.1895	39.9768	39.0856	37.6168	35.5473	34.2173	34.664	37.2256	41.5485	46.0591	49.5714	52.0551	52.6533	50.2637	45.6743	41.0816	38.4249	38.3043	40.775	46.6278	55.6231	64.6402	69.7232	68.9184	63.277	57.0491	56.097	62.4404	70.5223	73.3195	69.9692	63.0717	54.0417	44.9099	39.2693	38.6359	40.471	41.8019	42.2245	41.9945	41.7895	43.1806	45.0018	43.9427	39.858	35.3927	33.4929	37.9109	50.7005	67.4346	78.24	76.2274	64.6702	52.5172	44.2874	39.4807	37.9748	40.0253	43.9578	47.2031	47.6731	43.9534	37.1362	31.0156	27.7139	26.2725	26.4734	29.8469	36.3442	42.5343	44.6777	43.1517	41.0772	39.1818	36.6551	35.8728	40.3891	48.6866	54.7077	54.5085	49.2006	42.4247	37.7544	36.6038	36.5848	34.2248	29.7018	26.5035	27.2677	31.6695	37.3205	41.8142	44.0113	43.4806	39.8877	33.6414	25.8056	17.4107	
18.9198	27.8158	34.428	37.5013	36.8356	34.411	34.2286	38.9317	46.9008	53.1289	54.2619	52.3517	51.9487	55.6827	62.8617	68.945	68.7945	63.0561	57.1291	53.4016	49.4317	43.5019	37.7195	35.3043	36.9208	40.1167	42.0219	41.8924	40.5077	38.5744	36.9359	36.5908	36.9495	36.0146	33.6719	32.112	32.6659	35.3109	39.6812	44.2926	47.6823	50.044	51.595	51.7979	50.1632	46.2989	40.7335	35.6698	34	37.4456	44.8166	52.4753	57.1549	57.3271	53.0968	47.93	48.889	59.5864	73.2199	79.0646	74.8605	66.3821	58.3604	52.041	48.3139	47.7634	48.447	48.0187	46.7771	45.7753	45.5155	46.0156	44.8801	39.616	32.2158	26.7625	25.5752	30.0295	40.6838	54.8095	65.8684	68.5489	64.7193	59.868	55.2331	49.5904	44.6098	42.7939	43.7833	45.4705	45.8545	43.3403	38.6897	35.179	33.8795	32.788	31.5932	32.3144	35.3509	38.4667	39.8655	40.3451	41.1669	41.0768	38.5066	35.8638	37.3108	42.6288	47.0669	46.8087	41.9819	35.6272	31.4151	30.5381	30.5807	29.1562	27.2482	27.2623	29.7213	33.3109	37.0047	40.9986	45.2656	47.8117	45.6477	37.8532	26.7063	15.7944	
18.0055	28.4619	37.8773	43.3061	42.7204	38.1418	35.0615	37.168	43.2061	48.9081	52.221	55.445	60.485	65.9049	69.5569	69.4149	64.1969	56.5297	51.3478	49.9118	48.979	45.9445	41.9627	39.9724	41.1838	43.4019	43.4095	41.173	39.3961	39.1235	39.0782	38.7096	38.1373	36.44	33.5384	31.3923	31.506	34.1956	39.3224	45.208	49.4745	51.4192	51.868	52.1288	52.2485	49.7104	42.8082	34.499	29.9921	31.4787	36.6059	41.542	44.5503	45.4389	43.3976	39.6615	40.4749	50.7866	65.4337	73.3953	70.8117	63.5383	58.0287	55.6515	55.1057	55.2364	54.4609	51.6291	48.0082	45.5996	44.9682	44.8136	42.086	35.3151	27.5629	22.96	22.787	26.5769	33.9661	43.8552	52.8406	57.7176	59.8645	61.9213	61.8764	57.1225	50.3347	45.8679	44.2607	43.4539	42.1856	40.0831	37.6531	36.4132	36.2541	35.3479	33.8748	33.9075	35.8633	38.163	39.7034	40.8244	41.7015	40.7693	36.7766	31.9407	30.0184	31.8408	35.0822	36.9686	35.8584	32.5067	29.8511	29.1997	28.8157	27.8864	28.1503	30.6096	33.883	36.2249	37.6787	39.9578	43.8867	47.1322	45.5571	37.3331	25.0533	13.4943	
17.1258	29.0976	41.1594	48.587	47.6248	40.5182	34.1913	32.9616	35.8137	40.1575	46.1513	55.6731	66.8203	74.2809	75.504	71.2717	63.114	54.1943	48.665	47.8252	49.0022	48.8964	46.8101	44.486	43.6143	43.5695	42.5342	41.1264	42.1326	45.5049	47.536	46.4701	43.9458	40.6313	36.1203	31.8059	29.9196	31.9072	37.9533	45.7437	51.3774	52.6296	50.709	49.1357	49.455	48.3874	42.4658	34.0731	29.1074	30.0961	34.2106	37.4325	39.0714	40.3838	40.2164	37.2947	35.7115	41.1291	51.7084	58.9795	58.3043	53.7326	51.7865	54.1158	57.5149	58.6857	56.6281	52.0887	46.9687	43.2617	41.6216	40.624	37.5927	31.7437	25.7935	22.7493	22.9633	25.3966	29.7499	35.98	42.3827	47.0777	51.3685	56.6187	59.4733	56.5512	50.5057	46.148	44.0448	41.9015	39.4932	38.1788	37.9638	37.902	37.1078	35.1868	33.2769	33.2075	35.2516	38.0351	40.1081	40.9618	40.5231	38.0612	33.399	28.5552	25.8485	25.9287	28.7244	33.3373	36.9817	37.8308	37.412	36.7514	34.6039	31.7248	31.018	32.9478	35.2635	36.2555	36.1437	36.428	38.1678	40.0796	38.7259	31.779	20.9722	10.7623	
16.2717	28.7406	41.5771	49.0297	47.0741	38.9689	32.2176	30.086	30.6789	32.975	39.527	51.907	65.472	73.0489	72.7829	67.5496	59.9495	52.1343	47.0181	46.3586	48.583	50.1213	48.8742	45.7555	43.064	42.0358	42.4786	44.5107	49.0015	54.525	56.7903	54.3193	49.9806	45.1705	38.9149	32.244	28.2225	29.2199	35.4506	43.9623	49.8454	50.227	46.8052	43.8992	43.5521	43.1297	39.2068	33.0117	29.588	31.7753	36.8917	40.2412	41.1289	42.2015	43.068	40.7958	36.9099	36.6652	40.9507	44.6872	44.1038	42.0299	44.1485	51.3154	58.1575	59.7582	56.4786	51.163	45.5979	40.955	38.2157	36.7424	34.4532	30.5676	26.7203	24.5165	23.8923	24.4714	26.7913	31.2233	36.2534	40.0031	43.3397	47.5505	50.1758	48.3874	44.0882	41.0882	39.7862	38.503	38.1252	40.6273	44.3193	45.2957	42.2704	37.2515	33.1582	31.8155	33.1049	35.3789	36.7408	36.4761	34.9185	32.229	29.0781	27.0202	26.3751	26.6745	29.4454	36.1142	43.9499	49.0059	50.7419	49.332	43.9927	37.0426	32.7282	31.765	31.9381	31.7371	30.8345	29.6018	29.1043	29.6598	29.1543	24.7596	16.724	8.56888	
14.5925	26.1095	37.6747	43.4966	40.587	33.4866	29.2843	29.1854	29.7905	30.6281	35.3907	45.51	56.1136	61.1491	60.2529	56.9271	52.934	48.4111	44.8381	44.1371	45.7149	46.7545	45.3642	42.4562	40.5669	41.672	45.9122	51.8201	57.7632	61.586	60.5547	55.192	49.2975	44.1555	38.2105	31.9381	28.0145	28.3409	32.9619	39.5233	43.9336	43.9255	41.143	38.612	37.6199	37.1518	35.2636	31.9499	30.5964	34.2863	40.7782	44.6064	44.7113	44.938	46.1521	44.8235	40.3619	36.5996	35.4113	34.5965	32.7255	32.8443	39.2805	50.7325	59.5743	60.3804	55.5126	49.6999	44.4249	40.0226	37.533	36.5342	35.0083	32.2003	29.2192	26.7806	24.7678	23.7433	24.936	28.6702	33.2429	36.3141	37.7539	38.9044	39.3895	37.9751	35.3926	33.38	32.3593	32.569	36.3378	45.1286	54.5207	57.2589	51.4887	42.0434	34.5657	31.1894	30.8049	31.0426	30.0783	27.9384	25.7008	23.9342	23.3404	24.6493	26.6526	28.0702	31.2683	39.2773	50.0107	58.2968	61.4981	58.7888	50.1278	39.3217	31.6047	27.9907	26.4969	25.7161	24.6131	22.522	20.6105	20.5569	21.2713	19.4096	13.8501	7.30381	
12.0711	21.7656	31.1611	35.0515	31.7248	26.3631	25.071	27.5447	29.6082	30.4835	33.0775	38.2517	42.8673	44.2185	43.7463	44.2589	45.4401	45.1408	43.4273	41.9886	41.1007	39.6841	37.3431	35.4105	36.0957	40.87	49.0852	57.8278	63.7351	64.0938	58.0164	48.7732	41.3315	36.8513	33.4273	30.5669	29.1051	29.1609	30.7238	33.5298	35.8983	36.4044	35.4414	33.7957	32.2256	31.7742	31.9904	31.4493	31.5669	35.4065	41.4881	44.5584	43.7324	43.2644	44.4227	43.7996	40.0094	35.3369	31.1827	27.1719	24.4047	26.5785	36.3343	50.029	58.9013	58.2194	51.9883	46.0696	42.0983	40.0143	39.8744	39.9421	37.8687	33.8706	29.9482	26.9137	24.6394	23.6903	24.8024	27.9738	32.0529	34.7855	34.7356	32.8998	31.2264	30.4436	29.8374	28.4511	26.5421	26.5974	32.6675	45.8771	59.7129	64.2265	56.7355	44.2825	34.968	30.8911	29.4573	27.5607	23.9473	19.7674	16.8425	15.8005	16.7657	19.6041	22.7605	25.1162	28.9239	37.152	48.4472	58.0418	62.289	59.3931	49.5626	37.255	28.1371	23.5182	21.5756	20.8518	19.9094	17.5578	14.9872	14.5698	15.8906	15.5313	11.6385	6.29994	
9.34787	17.0639	24.3167	26.784	23.6668	19.7961	19.9782	23.4536	26.588	28.3402	29.817	30.8067	30.2086	28.7967	29.4184	33.7558	39.5165	42.7169	42.2307	39.6404	36.2001	32.2787	28.5504	26.6889	28.6509	35.218	45.0751	55.1305	61.5547	60.6253	51.7638	39.9915	31.3984	27.5022	26.5449	27.1677	28.2331	28.1956	27.2366	27.2431	28.7559	30.4801	30.8338	28.9673	26.3283	25.937	28.0671	29.8361	30.7222	33.3519	37.2545	38.578	37.1507	36.6282	37.5584	37.0725	34.3127	30.518	25.9754	21.0627	18.4369	21.8503	32.2647	44.8141	51.6768	49.9062	43.951	39.2012	37.4099	38.6083	41.5386	42.5882	39.0052	32.3708	26.4237	23.0332	22.1481	23.2795	25.5515	28.4687	32.0246	34.6167	33.7121	29.8378	26.8253	26.9651	28.2094	27.2577	23.935	22.033	26.747	39.5634	53.8837	59.0923	51.8735	39.7842	31.6305	28.9429	28.001	25.3453	20.2747	14.7691	11.1871	10.1511	11.1713	13.5645	16.2456	18.6943	22.3273	29.0002	38.222	47.0905	52.3211	51.2902	43.4397	32.5042	23.9091	19.3828	17.4153	16.6748	15.926	13.9284	11.4615	10.7017	11.667	11.6137	8.82034	4.79513	
6.6016	12.2305	17.4071	18.9855	16.7024	14.1862	14.6788	17.5833	20.6138	22.9157	24.1013	23.0693	20.0424	17.716	19.2506	25.3617	32.9486	37.4834	37.3396	34.3083	30.3711	25.9912	21.464	18.4876	19.2346	24.3917	32.8231	42.4192	49.8316	50.4005	42.6067	31.3863	22.9984	19.3643	19.2084	20.9427	22.694	22.5674	21.021	20.7011	22.8851	25.8677	26.5987	23.7281	19.8779	19.2536	22.2577	25.2129	26.3052	27.4528	29.0257	28.8788	27.4513	27.3082	28.1396	27.8519	26.4009	24.2629	20.6729	16.1863	13.9947	17.2948	25.7709	34.6419	38.511	36.701	33.01	30.6743	30.701	33.5561	37.9237	39.5932	35.4409	27.3087	19.9453	16.4493	17.0859	20.3431	23.9499	27.0087	30.2819	32.7748	31.6184	27.1066	23.7244	24.2438	26.0581	25.0997	20.9816	17.4128	19.3369	28.5903	40.1175	44.8127	39.3106	29.9528	24.379	23.5716	23.8129	21.8373	17.1263	11.7778	8.19664	6.97529	7.40884	8.742	10.4096	12.1794	14.5766	18.5687	24.528	31.451	36.9821	38.2633	33.9178	26.2841	19.7173	15.9103	13.7615	12.5366	11.792	10.5159	8.74255	7.84085	8.03265	7.64908	5.63796	2.99403	
3.92974	7.37819	10.526	11.5388	10.3826	9.12707	9.51127	11.3006	13.5369	15.7077	16.7569	15.3624	12.2719	10.3408	11.9951	17.2811	23.5562	27.2808	27.1707	24.9746	22.559	19.6541	15.6236	11.8849	10.7543	13.1255	18.5122	25.9816	33.0863	35.3006	30.4741	22.2532	15.7583	12.7294	12.3014	13.2511	14.2233	14.0325	13.2253	13.8499	16.7767	20.1478	20.7777	17.5796	13.5228	12.6246	15.1901	17.882	18.6669	18.762	18.9043	18.1959	17.2069	17.4489	18.347	18.6444	18.599	17.9969	15.5461	11.8476	9.91616	12.1548	17.6696	22.6454	24.1432	23.0907	22.1335	22.0529	22.6416	24.76	28.2604	30.0387	26.9952	19.9799	13.1398	9.89519	10.8356	14.3241	17.9791	20.8913	23.7922	25.9673	25.0761	21.3785	18.5344	18.7129	19.7741	18.6094	15.0103	11.6349	11.9719	17.5897	25.3491	28.8321	25.2819	19.0263	15.5563	15.5764	16.3587	15.4246	12.2956	8.50969	5.85812	4.77779	4.76612	5.36117	6.277	7.22365	8.20812	9.86793	13.0188	17.5845	22.0321	24.1073	22.5229	18.5369	14.8643	12.4097	10.3472	8.7141	7.91794	7.28009	6.27307	5.47712	5.14155	4.48753	3.08937	1.55498	
