
TracePro Release: 7 0 3 
Irradiance Map Data for D:\SUSTech\Linear Units in millimeters
Data for Observation screen 3.5 Screen
Data generated at 23:14:17 October 24, 2025

Raytrace Time: mins: 0, secs: 11

Projected Plane Extent from surface geometry 
      TopLeft:(20,3,-20) 
      TopRight:(-20,3,-20)
      BottomLeft:(20,3,20) 
      BottomRight:(-20,3,20)
Corners of Data Set (plotted) 
      TopLeft:(20,3,-20) 
      TopRight:(-20,3,-20)
      BottomLeft:(20,3,20) 
      BottomRight:(-20,3,20)
Total Incident Rays: 7233
Min: 0.578395 Max: 66.6595 Ave: 21.9281
Total Flux: 0.035085 W, Emitted Flux: 0.6
Normalization: 0
Data Smoothing is On
Grid Size is 128 x 128
Map Count 50
Data Cells are 0.3125 x 0.3125 millimeters

6.08283	6.69955	5.947	4.54168	3.53863	3.46114	3.88158	4.01954	3.57199	3.05865	3.67521	6.61759	11.8957	17.4823	20.3216	18.9895	15.0354	11.3196	9.44866	9.14206	9.7995	11.2722	12.5646	12.0603	9.68651	6.89647	4.96243	4.71458	6.74624	10.3124	12.8519	12.4416	10.2016	8.94174	10.074	12.2663	13.1007	11.8043	9.3529	6.71717	4.44417	2.99834	2.57623	3.11109	4.51866	6.40707	7.73963	7.58837	6.31048	5.6004	7.12388	10.4745	12.9286	12.7097	11.172	10.0278	9.14202	8.85478	11.2978	16.9731	22.029	21.9113	16.9403	11.5818	8.94445	8.27554	7.46098	6.09963	5.32243	5.57055	5.89179	5.30023	3.98104	3.12191	3.9097	6.40511	8.96925	9.55361	8.34088	7.97082	10.0915	12.8125	13.0365	10.5961	8.10055	7.27534	7.65976	8.07806	7.55874	5.88818	4.22809	4.28618	6.65333	9.9225	11.5111	10.2251	7.55514	5.75305	5.4914	5.6916	5.34373	5.18683	6.97121	11.0082	14.8935	15.5469	12.6306	8.53444	5.45657	4.25345	5.09835	7.3673	9.25482	9.07726	7.13612	5.14582	4.08654	3.61648	3.11433	2.54735	2.33594	2.70196	3.60815	5.1508	7.16899	8.61786	8.32498	6.29975	
9.10295	11.1416	10.9548	8.95161	6.96019	6.41094	6.94139	7.27706	6.75476	6.00048	6.67078	10.2344	16.5366	23.3986	27.5805	26.8607	22.1149	16.9178	14.1724	13.6928	13.951	14.4378	14.9029	14.6108	13.3403	11.4257	9.34172	8.22798	9.47883	12.8804	15.9658	16.4395	14.8443	13.9151	15.5085	18.3007	19.3232	17.5991	14.3633	10.7001	7.2111	4.78928	4.09185	5.08132	7.50623	10.7106	13.0252	12.9361	10.9364	9.38567	10.5829	14.3227	17.5469	18.1665	17.6007	17.2601	16.1288	14.4455	15.493	20.6159	25.5544	25.0592	19.5158	13.9942	11.8976	12.0867	11.7775	10.4511	9.91471	11.0136	12.058	11.0647	8.27218	5.79007	5.47833	7.36206	9.49996	9.757	8.31473	7.58498	9.04857	11.1989	11.6135	10.2939	9.32922	9.88461	11.37	12.5966	12.272	9.98827	7.49207	7.47046	11.0091	16.1936	19.0697	17.4815	13.478	10.6717	10.3615	10.7523	9.80806	8.45507	9.72547	14.7806	20.5306	22.1162	18.284	12.4788	8.45058	7.54579	9.68141	13.7383	16.9396	16.6135	13.1918	9.43974	7.05958	5.75222	4.74302	3.95402	3.80515	4.30856	5.03341	5.96366	7.29324	8.35781	7.99725	6.02497	
11.2333	15.778	17.4344	15.522	12.6032	11.4436	11.9952	12.4853	11.801	10.5922	10.9007	14.2517	20.1165	26.6122	31.3512	31.66	26.9712	20.8856	17.779	18.0539	19.0848	19.1807	18.613	18.2716	18.3003	17.5852	15.3178	12.8433	12.4416	14.5943	17.3442	18.3904	17.5045	16.7678	18.3176	21.6438	24.2001	24.4524	22.3756	18.1205	12.5711	7.99459	6.22989	7.3339	10.6072	15.0026	18.3539	18.685	16.4426	14.0717	13.9051	16.2099	18.8471	20.1472	20.9575	21.6984	20.6192	17.8917	17.2726	20.5378	23.8861	22.7724	17.841	13.6077	12.9085	14.5279	15.5468	15.1551	15.4198	17.6521	19.653	18.3265	13.7726	9.07173	6.86593	7.27566	8.442	8.5329	7.5	6.7658	7.22648	8.22846	8.82307	9.26211	10.4119	12.3848	14.6583	16.4754	16.5	14.0774	11.1504	10.8783	14.5556	20.1759	23.5218	22.1007	17.8521	14.7491	14.5483	15.1931	13.8418	11.28	11.31	15.8305	21.8135	23.8292	20.1203	14.4478	11.1142	11.237	14.1342	18.6238	22.1562	21.9835	18.3355	13.9509	10.6149	8.22942	6.33962	5.07084	4.78465	5.21786	5.61174	5.88752	6.58414	7.42181	7.20437	5.44771	
12.273	19.7502	24.324	23.8216	21.0057	19.6288	19.9042	19.8306	18.2462	15.9907	15.3351	17.6607	22.0245	26.8971	31.0004	31.7788	27.5904	21.7134	19.5002	22.0469	25.7052	26.8633	25.5119	24.2087	24.2027	23.7514	21.0541	17.3662	15.4294	16.0789	17.7208	18.3352	17.4234	16.5209	17.8876	22.2417	28.0692	32.7248	33.4922	28.8657	20.4345	12.617	8.92828	9.61246	13.3342	18.5421	22.8149	23.9941	22.3604	19.9191	18.3895	18.3525	19.1251	19.7971	20.4407	20.8289	19.5504	16.9627	16.1916	18.4485	20.5107	19.0995	15.1862	12.3766	12.9212	16.0517	19.0174	20.1444	20.8802	23.0404	24.9551	23.1956	17.5123	11.3212	7.69378	6.89169	7.37224	7.75479	7.72988	7.63987	7.6855	7.95549	8.94956	11.1182	13.894	16.1697	17.6842	18.7207	18.6011	16.5747	14.0906	13.7466	16.3553	20.1781	22.2935	21.1182	18.0179	16.0023	16.6022	17.7656	16.3657	12.9985	11.5145	13.956	17.9869	19.4059	17.0256	13.9869	13.3622	14.8624	17.0095	19.49	21.7704	22.312	20.653	17.8532	14.6562	11.2151	8.02639	5.8344	4.97083	4.97524	5.05745	5.20064	6.02861	7.25892	7.41516	5.71165	
12.4709	22.3238	30.0871	32.3031	31.0094	29.7978	28.8893	26.8002	23.2886	19.7147	18.2031	19.6417	22.6115	25.5388	27.8192	27.8211	24.2067	19.8609	19.8185	25.1991	31.7638	34.545	32.9781	30.3769	29.0119	27.727	24.6019	20.4119	17.7463	17.5301	18.3005	18.2615	16.9781	15.7532	16.9026	22.14	30.8268	39.2123	42.2556	37.3815	26.9574	16.8596	11.6738	11.8944	15.8262	21.54	26.5113	28.5439	27.7706	25.8188	23.7984	22.2405	21.2985	20.3935	19.0044	17.1559	14.8589	12.9392	13.2539	15.8661	17.9185	17.043	14.1691	12.1627	13.2512	17.5031	22.317	24.7183	24.8863	25.0862	25.2486	22.8255	17.2325	11.2721	7.67964	6.6585	6.98147	7.76842	8.7911	9.87287	10.7304	11.7493	14.1033	17.9492	21.351	22.2579	20.913	19.1876	17.9427	16.7505	15.9525	16.4821	17.9363	18.8799	18.455	16.8951	15.4002	15.7826	18.5781	20.9605	19.4334	14.8595	11.3592	10.9633	12.1401	12.6323	12.3643	13.3441	16.2885	18.8362	18.9333	17.9473	18.1878	19.7205	21.172	21.27	19.1173	14.9493	10.4092	7.05352	5.2413	4.45549	4.11954	4.31926	5.5187	7.22016	7.71415	6.04984	
12.29	23.4987	33.7274	38.7771	39.4164	38.1417	35.1143	30.1171	24.4555	20.0715	18.7083	20.6184	23.7039	25.6087	25.7038	23.8656	20.337	17.7166	19.5253	26.0199	33.1993	36.6702	35.8485	33.2239	30.8247	28.6275	25.4537	21.5096	18.9727	19.0362	20.3734	20.9295	19.8698	18.2308	18.4603	22.859	31.2321	39.5644	42.516	37.8652	28.1846	18.8442	14.0521	14.4626	18.5306	24.3245	29.4297	31.6772	30.989	28.9452	26.8206	25.2184	24.153	22.4987	19.1826	14.8578	11.1352	9.38551	10.362	13.2793	15.7723	15.9861	14.2354	12.5593	13.3946	17.6802	23.1152	25.9906	25.4717	23.7907	22.1248	19.2082	14.5485	10.0853	7.68194	7.14293	7.3556	7.92577	9.17998	11.297	14.1537	18.094	23.545	29.1439	31.8832	29.8963	24.4603	19.0788	16.421	16.6189	18.5399	20.8196	21.703	20.2133	17.3176	14.8079	14.2696	17.1899	23.0613	27.2956	25.3123	18.5337	12.2001	8.92665	7.86643	8.08472	10.1793	14.9463	20.7801	23.5841	21.4143	17.5534	16.4077	18.7541	22.4258	24.7622	23.8293	19.6831	14.4666	10.1788	7.26376	5.36033	4.2181	3.96534	4.82204	6.23547	6.6809	5.26372	
11.8941	23.2336	34.2496	40.7933	42.798	41.5851	37.1505	30.2793	23.2681	18.4481	17.6698	21.1417	26.1718	29.075	28.3327	24.7787	20.3775	17.8908	19.3784	24.0246	28.7664	31.3586	31.7538	30.5894	28.4668	26.1369	23.5153	20.638	19.3305	21.0485	24.5074	26.9853	26.8218	24.666	23.0831	24.6164	29.3291	34.0442	35.0055	31.177	24.5037	18.3833	15.7274	17.2235	21.6566	27.1998	31.6938	33.2069	31.4344	28.0472	25.2724	24.3443	24.6999	24.0742	20.7059	15.5829	11.2478	9.29816	9.8475	12.0084	14.3129	15.3661	14.5504	12.7819	12.4797	15.275	19.6277	22.4052	22.614	21.6116	20.1181	17.4628	13.8443	10.9939	9.99216	9.97723	9.59405	8.80732	8.84146	10.9869	16.0349	24.1552	33.6829	40.6408	41.5708	36.211	27.3545	19.6115	16.8168	19.2547	24.0545	27.6822	27.9071	24.9872	21.046	17.9272	17.1412	20.7392	28.2529	33.8724	31.7804	23.3539	14.6528	9.14292	6.71796	7.18576	11.3139	18.7664	26.0876	28.3408	24.6255	19.9304	19.1688	22.2997	26.4785	29.2898	29.1767	25.8939	20.9798	16.21	12.2105	8.99097	6.64387	5.25324	4.80762	4.97597	4.82812	3.68025	
10.8811	20.9355	30.7396	37.0987	40.0871	40.3291	37.1884	30.9707	23.6197	17.9031	16.7928	21.259	28.4236	33.5764	33.9916	30.1778	24.7639	20.9806	20.3862	21.5736	22.4822	23.0224	23.7772	23.8983	22.6113	20.7682	19.1402	18.1271	19.2809	23.7204	29.6906	33.8591	34.3186	31.7133	28.4261	26.6802	26.723	26.8681	25.5272	22.6598	19.1642	16.4316	16.223	19.3846	25.0053	30.8802	34.533	34.4008	30.5795	25.169	21.3843	21.1154	23.2549	24.5416	22.7391	18.9362	15.657	13.8993	13.356	13.7969	14.9859	15.9939	15.3851	13.0194	11.083	11.6676	14.2828	17.1974	19.7914	22.0205	22.9066	21.5373	18.8703	17.0206	16.8665	16.9575	15.3104	12.0492	9.48997	10.2703	16.1257	26.8524	38.6863	45.7295	44.9455	37.807	28.0415	20.4976	19.2546	24.195	30.9113	34.6346	33.9387	30.9954	28.2043	25.5596	23.3098	24.4894	30.3372	35.8835	35.0218	27.9018	19.3866	12.8589	9.15555	9.20492	14.1376	22.6494	29.8887	31.0612	27.0571	23.9327	25.4379	29.5263	32.9288	34.8269	35.1786	33.3254	29.336	24.3894	19.5103	15.2026	11.755	9.00423	6.69715	4.96759	3.70628	2.47994	
9.64634	17.8094	25.4296	30.5197	33.9722	36.5971	37.0702	33.8068	27.1095	20.1875	17.7158	21.5697	28.827	34.7754	36.5946	34.1433	29.4121	25.4734	23.6764	22.2784	19.8668	17.8676	17.5382	17.6088	16.7119	15.3364	14.5132	15.2155	18.9462	26.0816	33.8433	38.361	38.35	35.2497	31.1598	27.44	24.2629	21.2487	18.4521	16.3558	15.0688	14.6549	16.077	20.5658	27.8359	35.0116	38.2987	36.167	30.0299	23.0538	18.8242	19.1235	22.3882	25.0511	25.1341	23.9465	23.0849	21.9541	19.9343	18.099	17.4756	17.3957	16.0858	12.9867	9.96018	9.12645	10.847	14.6567	20.1768	26.1433	30.2222	31.0468	29.5344	27.9091	27.5502	27.0334	23.6812	17.6274	12.2358	11.0542	15.8616	25.6903	36.0244	41.3949	40.0379	33.9226	26.1234	20.6203	20.9803	26.8192	33.5228	36.6246	36.0063	35.1061	35.5398	34.5164	30.4263	27.3623	29.3264	33.9495	35.9719	33.4462	27.8411	21.0724	15.1742	13.1049	16.8635	24.3577	29.9379	29.8599	26.8305	26.7518	31.0433	35.626	37.5469	38.1988	39.1886	39.2146	36.5883	31.8562	26.621	21.95	18.1048	14.3797	10.2499	6.48166	3.84447	2.14102	
9.94661	17.4279	23.6556	26.9561	29.1104	32.3351	35.7542	36.0368	31.2267	24.2005	20.7304	23.0553	28.0058	31.8361	33.4613	33.0738	31.4225	30.2523	29.919	27.924	23.1668	18.4553	16.1113	15.2	14.2185	13.024	12.2948	13.4362	18.3362	27.0306	35.7624	39.883	38.5961	34.5011	29.9249	25.5644	21.3348	17.4472	14.6555	13.6091	14.0934	15.3618	17.4438	21.7251	29.1341	37.0804	40.5533	37.4441	30.2248	22.9803	18.9971	19.4142	22.5411	25.4529	27.2018	29.1246	30.941	30.0474	26.0786	21.8745	19.3582	17.737	15.4206	12.1572	9.34217	8.51259	10.4201	15.3782	22.9381	31.1702	37.5155	40.4924	40.1633	38.1801	36.6913	34.9868	30.1899	22.5471	16.1035	14.4667	18.2895	25.2745	31.2881	33.2661	31.435	27.5111	22.8676	19.5927	20.0623	24.204	28.9487	31.4262	32.3126	34.7774	39.0653	40.3392	35.6631	29.7177	28.6891	32.9289	38.5339	41.4851	39.2221	31.7707	22.6354	17.177	18.2532	23.1308	26.1391	25.0442	23.5237	26.1666	32.1214	36.2656	36.4865	35.9943	37.5759	39.5125	38.8043	35.2217	30.5236	26.23	22.6273	18.5512	13.31	8.18519	4.53987	2.32993	
12.5852	21.2398	27.512	28.857	27.6089	28.1373	31.4046	33.8277	31.7379	26.723	24.1695	25.7609	27.881	28.1803	28.2609	29.5258	31.6309	34.5306	37.1307	35.9371	29.8653	22.8722	18.5688	16.7007	15.6607	14.5041	13.2751	13.601	17.9089	26.5009	35.4894	39.6337	37.6859	32.548	27.0352	22.0399	17.6996	14.5002	13.1787	14.0937	16.7525	19.827	22.1056	24.3095	28.6784	34.7273	38.1069	35.9984	30.2295	24.3945	21.0477	20.8198	22.4668	24.6776	28.0105	33.1011	36.9559	35.3389	29.0528	22.8503	19.0664	16.5024	13.8755	11.3759	9.75798	9.63401	11.8083	17.0655	24.8356	32.9666	39.359	42.8962	43.0069	40.6174	38.1069	35.4514	30.3141	23.4262	19.0785	20.2435	25.6301	30.8323	32.0407	29.2637	25.4078	22.3852	20.0011	18.1701	17.779	19.2471	21.5217	23.3307	25.3447	29.7471	36.1122	39.5354	36.8196	31.9328	30.9285	35.4774	43.1243	48.9798	47.9182	38.9767	27.0193	18.8648	17.4379	19.6201	20.4535	18.9733	18.7247	22.7925	29.2211	32.7017	31.417	29.3396	30.2715	33.1112	34.5303	33.1509	29.8367	26.1883	22.918	19.0249	13.8813	8.81526	5.13418	2.75894	
15.7997	25.7701	32.3695	32.0583	27.2015	23.6899	24.4071	26.8112	27.0053	25.3881	25.7441	28.2512	28.7957	26.3703	24.8046	26.5439	30.5791	35.7688	40.4743	40.9536	35.6516	28.2534	23.008	20.5936	19.4934	18.1507	16.2342	15.4134	18.0988	24.8739	32.9283	37.6982	37.0331	32.3437	25.9229	19.4576	14.4151	12.0391	12.8281	16.345	21.5174	26.66	29.4199	28.9467	27.933	29.0788	30.9607	30.725	28.1581	25.1063	23.1922	22.499	22.2448	23.1568	27.4892	34.8523	39.7171	37.0587	29.109	21.9334	17.8674	15.3959	13.4236	12.169	11.6822	11.9272	13.7919	18.2875	24.6375	30.6472	34.9034	37.0549	36.6708	34.2125	31.4725	28.6132	24.3057	19.9825	19.853	26.1042	35.422	40.8049	38.1617	30.4279	23.4956	19.8979	18.3532	17.2455	16.4396	16.5416	17.4809	18.4533	19.5968	22.6217	27.9744	32.6282	33.8938	33.5153	34.8565	39.2514	45.7842	50.5333	48.2332	38.109	25.6064	17.2689	15.0821	15.8244	15.6528	14.401	14.9501	19.4497	25.9638	29.2045	26.725	22.3989	21.1664	23.4774	26.4583	27.4337	25.6991	22.6146	19.5863	16.3084	12.4031	8.78136	6.02402	3.75262	
17.5557	26.9147	32.6071	31.2385	24.7471	18.8908	17.2356	18.474	19.7244	21.061	24.4635	28.4124	28.6665	25.2608	22.8903	24.119	27.6776	32.4978	37.8533	40.8677	38.9631	33.609	28.5254	25.5691	23.904	21.9725	19.5467	18.0266	18.9122	22.6657	28.3065	33.3769	35.3527	32.9879	26.6215	18.5382	12.1804	10.0185	12.3814	17.9562	25.109	32.2118	36.3034	34.5306	28.6887	24.0859	23.0386	23.5529	23.6298	23.5745	24.1697	24.3749	23.0235	22.3064	25.965	33.2568	37.8347	35.0438	27.7506	21.7056	18.571	16.8537	15.8465	15.4801	15.167	14.9857	16.3744	20.1749	24.7984	27.964	29.3495	29.6445	28.6078	26.1444	23.2482	20.2386	16.8825	15.0584	18.5135	28.8347	41.5536	47.816	43.0393	32.1673	23.2618	19.1629	17.8404	17.119	16.6655	17.0404	18.0572	18.3661	17.3715	16.974	19.4349	24.2045	29.0704	33.0076	36.1275	39.0682	42.4646	44.3194	40.6118	31.0509	20.7115	14.802	13.9318	14.7335	14.3572	13.3296	14.0911	18.3097	24.4699	27.4973	24.1696	17.8392	14.2306	15.2771	18.7922	21.2528	20.7007	18.1352	15.4224	13.017	10.9551	9.56442	8.21208	5.92505	
17.9943	24.6958	27.9265	25.8442	19.9611	14.547	12.4367	12.9448	14.3657	16.9216	21.3814	25.5114	25.8334	23.0259	21.1663	21.9987	24.2487	27.6077	32.8534	38.458	40.8044	38.3768	33.6775	29.9172	27.5346	25.3146	23.0168	21.29	20.4341	20.8387	23.2924	27.5326	31.2838	31.2601	25.854	17.3558	10.4047	8.20495	10.9402	16.9177	24.5805	32.929	39.0412	38.3061	30.5981	22.1038	18.0184	17.7792	18.8493	20.9802	24.4603	26.8547	25.7349	23.4581	24.5641	29.0283	31.8993	30.0029	25.8288	23.1133	22.0422	21.3591	21.1635	21.1152	20.0677	18.8572	20.0105	23.9164	27.5115	28.3013	27.4865	26.8891	25.8837	23.4106	19.9175	16.162	12.8609	11.9969	16.4839	27.3804	40.3987	46.8119	41.9943	31.1933	22.7622	19.3167	18.4701	18.0499	17.9515	18.8305	20.3126	20.419	17.8095	14.5603	14.4403	18.5737	24.6495	29.6419	32.1084	32.8841	33.686	33.842	30.4284	23.2594	16.5246	14.1336	15.5887	17.1877	16.7098	15.5121	15.9827	19.2867	24.2346	26.5178	22.8076	15.6905	10.712	10.51	13.6125	16.4925	16.6813	14.6866	12.3476	10.7737	10.5997	11.5999	11.678	9.08555	
17.8463	21.4027	21.7865	19.3379	15.5334	12.7056	12.0379	12.7356	13.842	15.7019	18.6452	21.0953	21.1644	19.7734	19.5111	20.9025	22.6387	24.9549	29.6771	36.5376	41.5722	41.052	36.4063	32.1939	30.1666	28.949	27.4564	25.407	22.6854	20.2812	20.1266	22.8715	26.4105	27.0134	22.5954	15.1279	8.98484	7.06177	9.24729	13.9682	20.47	28.9082	36.9641	38.93	32.3855	22.6843	16.5579	15.0973	16.1238	19.3272	24.9697	29.956	30.4714	27.6188	25.6909	25.9734	26.137	24.9157	24.046	24.8724	26.0046	26.3945	26.9731	27.2383	25.5022	23.2106	23.9225	27.8395	30.7882	30.0597	28.0213	27.3907	27.1703	25.4136	21.9853	17.6991	13.831	12.517	15.8291	24.1308	34.1691	39.3575	35.9212	27.814	21.7385	19.8682	20.0385	20.091	19.8663	20.3037	21.5707	21.7919	18.9759	14.7069	13.2267	16.3232	21.4127	24.8709	25.5868	25.0816	25.1261	25.2109	23.0614	18.5101	14.8594	15.0687	18.057	20.031	19.3354	18.0539	18.4483	20.8414	24.039	25.0321	21.3262	14.703	9.53444	8.36825	10.5176	13.1672	13.8363	12.3888	10.3276	9.31056	10.557	13.3811	14.4934	11.5792	
16.2721	17.8417	16.92	15.5285	15.1991	16.2219	17.6398	18.3082	18.1013	17.7128	17.5406	17.2497	16.6399	16.6022	18.2519	21.093	23.4965	25.4546	29.1246	35.3515	40.6538	40.5205	36.0236	32.6265	32.4587	33.0121	31.9518	28.8805	24.5919	21.0109	20.1258	22.0224	24.4584	24.4463	20.5538	14.351	9.35608	7.8657	9.3538	12.3182	16.9055	24.5165	33.7028	38.3747	34.202	25.0137	18.1026	15.8664	16.4069	19.2336	25.185	31.9755	35.1539	33.6844	30.4304	27.5393	25.0214	23.2459	23.5756	25.9844	28.2816	29.4894	30.8805	31.8166	30.0512	26.8437	26.1922	28.9011	31.0678	29.8154	27.3068	26.5006	26.9148	26.6339	24.7591	21.2573	17.3449	15.4766	17.2201	22.1112	27.8971	30.9719	29.1685	24.4386	20.7207	19.9234	20.9166	21.5967	21.1573	20.5761	21.0587	21.6179	19.8043	15.9692	13.8399	15.5031	18.7847	20.6904	20.9135	20.9797	21.7238	22.2085	20.8115	17.6925	15.4717	16.3491	19.0652	20.3064	19.275	18.5216	19.7981	22.1356	23.7762	23.1466	19.4178	13.8659	9.18676	7.36194	8.47044	10.6439	11.5741	10.5516	8.71537	7.98944	9.79743	13.1636	14.5034	11.5864	
12.5236	13.8284	14.1242	16.0635	20.7236	25.9615	28.4601	27.2772	24.1091	20.6813	17.4866	14.8171	13.4779	14.3097	17.5726	22.2419	26.1383	28.2751	30.5014	34.5484	37.9973	37.0263	33.2237	31.9879	34.208	35.6947	33.7239	29.2914	24.8662	22.6157	23.1915	25.2624	26.7317	26.0395	22.4061	16.7149	11.9847	10.5864	11.8013	13.8716	17.1751	23.6083	32.3867	37.9699	35.5621	27.901	21.9173	20.0867	20.0192	20.8565	24.5816	31.0419	36.4523	37.9698	36.2539	32.8688	28.7337	25.3858	24.6695	26.6114	29.0902	30.9418	33.0903	34.6743	32.9735	28.5946	25.7057	26.4623	28.2701	27.8165	25.4959	23.7402	23.4761	23.9616	23.872	22.0408	19.1079	17.5697	18.7595	21.5885	24.3115	25.7384	25.3147	23.1113	20.2855	18.8032	19.2693	20.1102	19.7646	18.7754	18.9956	20.3567	20.2003	17.5042	14.9476	14.8829	16.4237	17.8585	19.1121	20.8002	22.6309	23.4423	22.3366	19.7952	17.843	18.1388	19.4615	19.1637	17.4683	17.4302	20.2653	23.4926	24.2309	22.0028	17.9269	13.2086	9.02078	6.68947	6.83321	8.35209	9.24343	8.57736	7.18827	6.7748	8.42479	11.0692	11.8056	9.17356	
8.12848	10.1451	12.9466	19.1031	28.7486	37.1423	38.9392	34.2656	27.4627	21.5982	16.8918	13.2498	11.6786	13.154	17.7362	24.2401	30.0048	32.841	33.6733	34.6079	34.68	31.9221	28.8882	29.883	33.5908	34.6947	31.4216	26.7774	24.3164	25.3108	28.2409	30.3108	30.2722	28.581	24.9658	19.3335	14.3358	12.8574	14.4601	17.1201	20.5174	25.7389	32.2225	36.1645	34.3093	29.071	25.9096	25.9819	25.8815	24.3073	24.2909	28.0966	33.744	37.9303	39.2774	37.487	32.9353	27.9395	25.521	26.6346	29.5184	32.3762	35.1355	36.6312	34.1234	28.0384	22.9848	22.5056	25.158	26.7542	25.2402	22.1309	19.9539	19.6458	20.0913	19.5327	17.9162	17.2056	18.5444	20.7218	22.1754	22.9544	23.5045	22.6945	19.7494	16.6562	15.5436	15.8015	15.6972	15.2566	16.2123	18.8107	20.4571	19.2856	16.7588	15.1581	15.1325	16.3771	18.578	21.3195	23.8376	25.1794	24.7731	22.883	20.9913	20.672	20.8832	19.1987	16.4399	16.3309	20.0926	24.2535	24.8792	21.9246	17.7228	13.4753	9.44613	6.59173	5.77926	6.36945	6.86017	6.52772	5.90918	6.02769	7.29036	8.6793	8.42419	6.09125	
5.26827	7.84059	12.1721	20.4834	32.2405	41.3735	41.7936	34.7005	26.0768	19.5576	14.9697	11.737	10.8171	13.3718	19.418	27.5626	34.8983	38.4956	38.1624	35.7895	31.9251	26.8577	23.8341	25.57	29.1301	29.4902	26.3567	23.6616	24.5353	28.7764	33.1282	33.9965	31.2792	27.5503	23.4484	18.2312	13.7365	12.7612	15.2805	19.3301	23.5905	27.7091	31.0814	32.1017	30.0105	27.2937	27.3952	29.8904	30.8553	28.4819	25.6616	26.0782	29.9709	34.9205	38.3839	38.1881	33.8012	27.9997	24.8643	26.2122	30.4254	34.7323	37.6926	37.8669	33.3301	25.3651	19.1345	18.6843	22.9193	26.8958	26.73	23.0816	19.4863	18.1348	18.3123	18.1818	17.1861	16.5666	17.4286	18.9652	19.7307	20.0308	20.7571	20.6194	18.0497	14.4731	12.3505	11.9441	12.0242	12.4345	14.4222	18.0487	21.0278	21.3932	19.49	16.9391	15.4185	15.8267	17.7669	20.4359	23.2933	25.5355	26.1719	24.8905	23.0198	22.5708	22.7915	20.8573	17.2643	16.1239	19.2374	23.3537	24.503	22.5375	19.4288	15.785	11.6874	8.34495	6.68671	6.17371	5.91537	5.72651	5.86319	6.45803	7.21595	7.31449	6.05876	3.83797	
4.27773	6.78001	10.7369	17.8444	27.7297	35.3323	35.523	29.4591	22.1997	16.64	12.7864	10.6098	11.2277	15.5923	23.2837	32.4474	40.1956	43.7983	42.5299	37.6694	30.6492	23.4928	19.6266	20.3883	22.5057	22.3442	20.6603	20.8122	24.487	30.3015	34.5168	33.693	28.4528	22.5856	17.887	13.7798	11.0785	11.5065	14.8556	19.4047	23.6608	26.7151	27.9314	26.9731	24.7895	23.8978	26.0917	30.1882	32.9292	32.1284	28.9432	26.7942	27.9547	31.7955	35.5344	35.8976	31.9632	26.7145	24.4133	26.9439	32.6323	38.0516	40.5634	38.4361	31.1579	21.6675	15.3692	15.5969	20.9587	26.5444	28.0159	25.4312	22.3212	21.1722	21.3781	21.1392	19.6792	17.89	17.2627	17.7116	17.7606	17.3248	17.5784	18.0368	17.0292	14.6162	12.467	11.5601	11.6076	12.594	15.2535	19.1938	22.4553	23.5861	22.3894	19.566	16.9255	16.0649	16.9072	18.9323	21.9623	24.8874	25.9392	24.5906	22.589	22.496	23.8072	23.0961	19.8574	17.8973	19.5199	22.602	24.441	24.8038	23.933	21.0875	16.7956	13.235	11.2529	9.90258	8.79398	8.47696	8.9648	9.46748	9.20735	7.77962	5.37512	2.88126	
4.02216	6.08463	8.68661	12.9055	18.9887	24.2627	25.54	23.0634	19.1845	15.2626	12.0674	11.0086	13.4545	19.54	28.0556	36.9111	43.726	46.7301	45.3427	39.9321	31.6434	23.2326	18.2205	17.3233	17.6615	16.9009	16.1138	17.5777	21.7723	26.9767	30.1178	28.6094	23.0895	16.9853	12.5336	9.87485	9.44106	11.6373	15.174	18.3295	20.6846	22.3628	22.8657	21.7904	20.4127	21.0228	24.3301	29.0918	33.6072	35.9207	34.622	31.1607	29.1918	30.5362	33.0213	33.0056	29.8116	26.5124	26.4174	30.2928	36.335	41.4779	42.8046	38.3989	28.9834	18.9904	13.5686	14.622	20.2116	26.1691	28.8145	27.9016	26.2751	26.037	26.5004	25.9505	23.5951	20.3449	18.2938	18.0085	17.7966	17.0292	17.2876	19.1662	20.6596	19.7846	17.2108	15.1078	14.588	15.8304	18.8909	22.6853	25.3909	26.364	25.6327	23.1737	20.1825	18.3734	18.0768	19.1322	21.5409	23.9057	24.1636	22.2199	20.3746	21.2144	24.1643	25.5246	23.9699	22.459	23.1116	24.954	27.178	29.7399	30.8443	28.3318	23.6246	20.2474	18.8541	17.659	16.4402	16.3333	16.9735	16.7174	14.7008	11.1572	6.97444	3.41389	
3.86105	5.57649	7.07917	8.95478	11.8846	15.1806	17.4512	18.2537	17.5651	15.3588	12.9917	12.9721	16.5973	22.9962	30.5105	37.6947	43.2075	46.1538	46.0468	42.1223	34.3571	25.4917	19.5033	17.3671	16.6209	15.2903	14.0811	14.5426	16.9153	20.0066	21.9376	21.1681	17.9011	13.9435	10.7299	9.06026	10.0068	13.3766	16.5088	17.2683	16.6817	16.6392	17.0251	16.8909	17.0336	19.2268	23.4824	28.7215	34.9665	41.2426	43.7126	40.4714	35.3683	32.9633	32.5739	30.895	28.059	27.3143	30.1821	35.1386	39.9082	42.7478	42.035	36.4584	27.2318	18.8888	15.5737	17.6774	22.8175	27.8709	30.2608	29.7615	28.6542	28.717	29.2632	28.65	26.0479	22.377	19.9891	19.6687	19.6754	19.3765	20.82	25.0802	29.1961	29.1034	25.0102	20.9125	19.5326	20.9357	24.1863	27.609	29.6821	30.5284	30.4645	28.7967	25.9582	23.7143	22.6145	22.2947	22.6921	22.8203	21.3696	19.084	18.3952	21.1041	26.0383	29.4884	29.8165	29.0865	28.9799	29.5815	31.7102	35.306	36.9958	33.899	28.4384	25.2856	25.0622	25.3285	25.6547	27.0834	28.5225	27.7191	24.0989	18.3671	11.7067	5.90828	
4.4273	6.23821	7.2648	7.93103	9.18367	11.2686	13.6939	15.7978	16.6329	15.6867	14.3787	15.16	18.7983	23.9132	29.261	34.6545	39.5884	43.1998	44.7359	42.6705	36.0028	27.2747	20.9859	18.6733	18.0847	16.8043	14.7561	13.2821	13.2161	14.2627	15.5014	16.0466	15.5798	14.2261	12.1449	10.3991	11.0635	14.2619	16.7179	15.835	13.2276	11.8629	12.2008	13.1317	14.7337	18.0361	22.8408	28.5134	36.4021	46.705	53.9419	52.5515	45.2924	38.886	34.5956	29.9997	26.2756	27.0313	32.148	37.575	40.071	39.4071	36.5437	31.7594	25.851	21.5864	21.3175	24.2585	28.0399	30.8901	31.544	30.0366	28.4254	28.3817	29.1673	29.0206	27.0401	24.0926	22.2516	22.0914	22.3018	22.8484	25.7375	31.5881	36.7911	36.543	31.2272	26.1244	24.7771	26.628	29.6417	32.0719	33.3979	34.4871	35.3712	34.4652	31.798	29.6256	28.6662	27.6743	25.8752	22.9823	19.4195	17.2319	18.6527	24.1734	31.5425	36.6885	37.6341	35.9965	33.879	32.785	34.3454	37.7899	38.7974	34.581	28.2232	24.8148	25.2331	27.216	30.0884	34.1168	37.415	37.6414	34.4484	28.0664	19.1821	10.348	
6.33229	8.76918	9.7506	9.93347	10.8058	12.8899	15.423	17.3007	17.7625	16.8889	16.0154	16.7637	19.3147	22.5647	26.2318	30.9809	36.134	39.9975	41.6052	39.8639	34.0304	26.4314	21.1242	19.5664	19.7559	19.009	16.5954	13.8975	12.5331	12.9235	14.4173	15.9378	16.6338	16.0531	13.9876	11.4589	10.8454	12.8513	14.7307	13.7867	11.0249	9.31654	9.83866	11.8398	14.4874	17.8012	21.9013	27.0644	35.32	47.5752	58.0403	59.0181	51.5916	43.1021	36.2481	29.3987	24.1646	24.4135	29.6444	34.6476	35.2873	32.195	28.748	26.868	26.2211	26.7045	28.6523	30.8604	31.7799	31.4249	30.036	27.862	26.4186	26.8789	28.2295	28.6721	27.5615	25.7804	24.7191	24.589	24.88	26.0965	29.2746	34.0781	37.6128	36.495	31.5882	27.7395	27.8947	30.7582	33.5175	34.5855	34.6208	35.2318	36.1592	35.3265	32.8202	31.5859	32.7665	34.0112	32.4179	27.1986	20.9911	18.2311	21.3358	29.4156	38.9114	44.8822	44.7621	40.4265	35.4258	32.6277	33.4029	35.8796	35.6272	30.5807	23.892	20.016	19.937	22.3194	26.6591	32.4545	37.6083	40.386	40.232	35.7107	26.2016	14.9482	
8.62376	11.9373	13.2528	13.6599	15.4632	19.1599	22.6859	23.8868	22.7331	20.6531	18.9553	18.309	18.7644	20.1673	23.1405	28.3531	34.2172	37.8697	38.1158	35.2261	30.0956	24.8209	21.5321	20.5775	20.686	20.0439	17.7841	15.0033	13.6139	14.4909	16.8648	18.8062	18.8701	17.1961	14.469	11.5762	10.2153	11.3185	13.1904	13.2313	11.2113	9.45602	10.1588	13.2151	16.5978	18.929	20.8081	23.8038	30.1824	40.8987	51.116	53.4843	47.8699	40.5927	34.5519	28.2196	22.491	20.9765	24.1841	27.9126	27.9823	24.935	23.0608	25.1133	29.6045	33.6371	35.6838	34.9276	31.5971	27.7934	25.1468	23.7247	23.6782	24.9995	26.493	27.0016	26.688	26.3641	26.3137	26.2821	26.5734	27.8977	30.0195	31.8606	32.1002	29.7978	26.2343	24.601	26.5361	30.6016	33.992	34.948	34.0524	32.9857	32.0472	30.0987	27.7218	28.2235	33.4831	40.294	42.1418	35.8024	26.0261	20.8133	23.5523	32.182	41.9632	47.2923	45.3851	38.8384	32.5009	29.4785	29.8743	31.0138	29.4713	24.455	18.6786	15.009	14.0039	15.4059	19.2728	24.7538	30.1979	34.9682	38.2143	36.6951	28.4095	16.7865	
9.4827	13.4917	15.6546	17.2897	21.2269	27.6673	32.78	33.1577	29.9164	26.181	23.0687	20.1939	17.8544	17.2419	19.7444	25.7357	32.9574	37.5395	37.3511	33.5395	29.171	26.4538	25.0204	23.58	22.0203	20.4192	18.2068	15.6484	14.3104	15.4456	18.3715	20.4732	19.8445	17.3781	14.7874	12.694	11.7448	12.8359	15.2105	16.2629	14.5231	12.0039	12.241	15.9448	19.8425	20.8628	19.7684	19.5097	22.6796	29.9222	37.6333	40.2766	37.4244	33.7074	31.1743	27.7506	22.9225	19.5117	19.5128	21.1646	21.3521	20.0618	20.8356	26.2708	34.3975	40.5408	41.4633	36.858	29.2349	22.7933	20.0303	20.2416	21.6664	22.9856	23.3861	23.1349	23.5021	24.9736	26.3652	26.6819	26.7353	27.4562	28.0527	27.2623	24.8898	21.6671	19.0485	18.7369	21.4291	26.2904	31.331	34.2889	33.9828	31.0255	26.995	23.0249	20.4932	22.5555	31.7146	44.3496	50.4626	43.8286	30.5172	21.7113	22.0079	28.6907	36.4521	39.9312	36.8978	30.4568	25.5534	24.2663	25.0642	25.0557	22.591	18.43	14.6153	12.1064	10.7419	11.0589	13.6562	17.5434	21.568	26.1149	30.4996	30.8594	24.6058	14.7396	
8.50427	12.9086	16.3189	19.7626	25.9	34.5845	40.7348	40.1369	35.065	30.1331	26.1861	21.7236	17.04	14.4439	16.1264	22.5602	31.5189	38.5252	39.9353	36.6368	33.2523	32.4243	31.9994	29.3468	25.3195	21.8064	18.7646	15.7377	13.7844	14.3824	17.1548	19.5006	19.4546	18.0745	17.226	16.9269	16.8208	17.8317	20.1925	21.5165	19.4265	15.7005	15.0747	19.1122	23.5595	23.6497	19.8496	16.3007	16.3344	20.4337	25.7341	28.3222	27.9901	27.9938	29.2727	29.0735	25.6394	20.8378	17.6316	16.6853	16.6683	17.2956	20.4017	27.4742	36.7792	43.5728	43.6001	36.5881	26.7571	19.8003	18.2927	20.2903	22.3384	22.4698	20.8214	19.2351	19.9286	22.9644	25.7512	26.4009	25.9102	25.6257	24.9665	22.8331	19.3859	15.8753	13.6933	13.7646	16.4619	21.737	28.5039	33.9262	34.7548	30.3892	23.73	18.0769	15.3368	17.9866	28.4883	43.3836	51.5933	45.442	30.8015	19.6069	17.0716	20.6826	25.4974	27.1346	24.1881	19.5773	17.3213	18.2489	19.7917	19.3043	16.7242	13.9507	12.3407	11.3452	10.2218	9.94861	11.4901	13.8419	16.0109	18.7744	21.9556	22.4577	18.0528	10.8986	
7.19535	11.9666	16.6057	21.2877	27.9125	36.4574	42.2263	41.126	35.5955	30.517	26.7209	22.2279	16.8301	12.9746	13.4657	19.3717	28.9618	37.6952	41.1202	39.6493	38.1423	39.0766	39.3855	35.8332	29.7189	23.9656	19.2644	15.2261	12.6382	12.7728	15.3091	18.0715	19.4598	20.4101	22.3032	24.1412	24.3962	24.1046	24.9638	25.5664	23.0991	18.7661	17.7904	22.3838	27.7072	27.5866	21.9048	15.5993	12.9247	14.5636	18.0549	20.4556	21.8025	24.4783	28.5577	30.8067	28.799	23.6826	18.5328	15.3945	14.721	16.5435	20.9029	27.5038	35.0621	40.4363	39.8793	32.9791	24.3016	19.5711	20.4297	23.7414	25.5517	24.3393	21.0491	18.2364	18.6246	22.1736	25.5335	26.2351	25.3205	24.3738	22.9525	20.1067	16.2634	12.9028	11.2421	11.6787	14.3955	19.8019	27.2079	33.3603	34.1831	29.0007	21.6064	16.0496	13.893	16.4411	25.3722	38.0157	45.2951	40.3388	27.3271	16.2299	12.1336	13.4966	16.3293	17.1284	14.8492	11.7731	10.9674	12.7575	14.6232	14.4671	12.9171	11.9577	12.2137	12.3472	11.4213	10.6806	11.4504	12.9502	14.0017	14.9554	16.0718	15.8491	12.9572	8.40492	
7.07965	12.4764	18.16	23.1037	28.0001	33.4752	37.2064	36.458	32.4825	28.5232	25.4879	22.1191	17.7402	13.7235	12.7043	16.5203	24.2658	32.0107	35.9182	36.5483	37.8595	41.0804	42.5265	38.9251	31.7814	24.5169	18.6139	14.237	11.9868	12.4885	15.1023	18.1077	20.5756	23.5636	27.9521	31.576	31.5822	29.0502	27.3798	26.7214	24.2021	20.0193	19.0054	23.8106	29.8069	30.2039	24.0839	16.3006	11.5672	10.9794	12.6728	14.5536	16.9152	21.5951	28.0355	32.4871	32.0784	27.6418	22.032	17.7244	16.4184	18.7337	23.4533	28.4529	32.4867	34.5688	32.9621	27.6951	22.5507	21.5806	24.5605	27.8864	28.9756	27.5996	24.3041	20.7149	19.6989	21.9835	24.6851	25.4563	25.1455	24.7547	23.2628	19.7584	15.3036	11.9216	10.7406	11.5632	14.1626	19.0453	25.6467	30.7522	30.7966	25.9777	20.3701	17.3396	17.2043	19.7294	25.4687	32.9554	36.9143	32.799	22.721	13.5023	9.64875	10.7122	13.4803	14.5512	12.5946	9.47662	8.08002	9.02131	10.5271	11.1869	11.4733	12.3633	13.6258	13.9415	12.8083	11.7532	12.3739	14.0504	14.9875	14.581	13.5951	12.5813	11.1753	8.83659	
8.31837	14.6999	21.6099	26.784	29.2222	30.0199	30.2436	29.6529	28.0559	25.9505	23.9708	22.2977	20.1776	17.0079	14.2064	14.4104	18.1618	22.7584	25.5521	27.3739	30.8869	35.8982	38.4426	35.5453	28.8566	21.9606	16.7583	13.6694	12.86	14.1679	16.7076	19.366	21.969	25.6943	31.0564	35.3478	35.0016	30.8432	27.1811	25.5065	23.1943	19.3409	17.7199	21.3062	26.876	28.3594	23.8782	16.7967	11.2497	8.81307	8.72007	9.9578	13.169	19.9045	29.1015	36.1202	37.2746	33.3593	27.5609	22.7656	21.1998	23.7258	28.5982	32.4044	33.1877	31.4136	28.0189	24.2527	22.6756	24.7522	28.2511	30.1507	30.5769	30.6289	29.0631	25.2196	21.828	21.1596	22.0551	23.049	24.4765	25.9223	25.27	21.5438	16.3909	12.3803	10.8547	11.4136	13.4544	17.2904	22.4057	26.0681	25.7861	22.745	20.908	22.3301	25.4943	28.377	30.5049	31.7162	30.7013	25.8833	18.1888	11.5771	9.53317	12.1197	16.3389	18.2515	16.0674	11.8998	9.12529	8.6742	9.35821	10.4697	12.1406	13.9301	14.803	14.1872	12.6451	11.9365	13.5038	16.4016	17.8089	16.2059	13.2614	11.6716	11.7291	11.1525	
10.1055	17.8123	26.3601	32.3443	32.9541	29.2988	25.4039	23.7206	23.4779	23.0216	22.4468	22.9867	23.7887	22.0269	17.4319	13.5159	12.8413	14.1607	15.4691	17.2082	20.893	25.771	28.4571	26.6508	21.924	17.4864	15.0711	14.7772	15.9569	17.7325	19.4884	21.1807	23.2128	26.2284	30.354	33.6613	33.2392	29.2494	25.2455	23.1482	21.0161	17.4455	14.9585	16.5052	20.8357	23.6694	22.3017	17.6029	12.273	8.42019	6.76477	7.4493	11.3832	19.9018	31.5514	40.7954	43.0043	38.9997	32.8511	28.1487	26.9652	29.7878	34.8851	38.3275	37.0963	32.1695	26.8399	23.6126	23.7118	26.4118	28.5961	28.5549	28.7022	30.7877	31.8587	29.1028	24.4298	20.9877	19.5907	20.2698	23.1707	26.617	27.4429	24.2799	18.733	13.5775	10.7638	10.4938	12.1482	15.436	19.3962	21.7786	21.332	20.1999	22.2032	28.1358	34.6482	38.0938	37.2381	32.8553	26.6632	20.0053	13.8411	10.0713	10.6773	15.4145	21.1814	23.7164	21.3397	16.9246	14.1262	13.2109	12.7763	12.9351	14.1791	15.2487	14.6131	12.6092	10.869	11.0934	14.108	18.3505	20.1172	17.4477	13.0019	10.9617	11.8485	12.2604	
11.5296	20.6786	30.7135	37.1406	36.2588	29.6007	22.8566	19.8162	19.6935	20.1407	20.9657	23.6227	26.8813	26.3356	20.5112	13.6146	9.87878	9.1247	9.34894	10.1996	12.4372	15.5667	17.4452	16.7073	14.6401	13.6801	15.0557	18.1918	21.3205	22.8609	22.9178	23.0748	24.2901	26.0229	27.7056	28.9641	28.6561	26.2945	23.4392	21.3726	19.1039	15.7788	13.0849	13.3835	16.7557	20.7205	22.1372	19.6068	14.4584	9.35434	6.35872	6.45614	10.5359	19.5437	31.7981	41.6737	44.4063	40.835	35.4317	31.9829	31.927	35.1313	40.0703	42.9842	40.4621	33.7233	27.2562	23.8132	23.3052	24.1693	24.1122	22.7263	22.861	26.1343	29.6149	29.918	27.1783	23.3009	20.0469	19.3575	22.3009	26.9005	29.0896	26.613	20.6716	14.2655	10.1375	9.4071	11.6018	15.4284	18.8505	19.873	18.5875	18.0319	21.7299	29.6026	37.5684	41.4513	39.475	32.362	23.2076	15.4245	10.6339	9.50883	12.4256	18.3711	24.35	26.7518	24.8693	22.2371	21.7782	21.88	20.2353	18.0356	17.1495	16.48	14.2218	11.1486	9.46348	10.517	14.2722	18.7035	20.0713	16.6428	11.4954	9.01323	9.66286	10.144	
11.8632	21.9742	32.5299	38.1609	35.7656	28.2597	21.5996	18.8119	18.7498	19.3355	20.5623	23.832	27.8019	27.7651	21.8543	14.2262	9.48839	7.86211	7.35197	7.21484	7.9101	9.29636	10.2597	10.2675	10.4398	12.525	17.2267	23.3028	27.8877	28.6265	26.34	24.522	25.058	26.2646	26.3579	25.8305	25.3433	24.5044	23.1551	21.3692	18.8035	15.7495	13.667	13.9504	16.9016	21.1403	23.5289	21.5442	15.9752	9.95231	6.15127	5.75375	9.38937	17.585	28.6786	37.7687	40.8529	38.8563	35.7489	34.4695	35.5279	38.348	41.7304	42.7972	39.0457	32.0439	25.9156	22.4485	20.6034	19.1913	17.5637	15.9825	16.1245	19.1227	23.7878	27.9201	29.6514	27.8167	23.5938	20.8428	22.5874	27.3236	30.1429	27.7744	21.2106	13.9015	9.18422	8.742	12.1203	17.0352	20.3567	20.2781	18.0479	17.0912	20.0352	26.2678	32.7046	36.3568	35.1669	28.7432	19.9141	12.8685	9.74619	10.5682	14.4247	19.6619	24.0289	25.5968	25.0084	25.6686	28.7439	30.5031	27.9959	23.6975	21.0882	19.3966	16.2289	12.2978	10.3448	11.5547	14.8617	17.868	17.7987	13.8963	8.95083	6.32747	6.2287	6.28235	
10.5977	20.4088	30.2425	34.5646	31.5782	25.5537	21.6473	20.9039	21.3865	21.499	21.6959	23.592	26.4646	26.5022	21.8444	15.506	11.1529	9.1438	8.10372	7.57712	7.86559	8.64625	9.09603	9.33145	10.6947	14.4599	20.7822	28.1488	33.2726	33.202	29.024	25.6805	26.1607	28.1934	28.4562	26.8921	25.2411	24.271	23.5522	22.2049	19.9195	17.7263	16.9101	17.832	20.3907	23.6943	25.0112	21.9505	15.6338	9.45368	5.83471	5.49528	8.7729	16.1124	26.0588	34.2624	37.3935	36.7324	35.7479	36.0788	37.0929	37.9285	38.0722	36.2917	31.7323	25.9596	21.5757	19.0782	17.1324	15.1733	13.6413	12.7759	12.793	14.4974	18.9062	25.8533	32.2615	33.5434	29.0557	24.0155	23.7403	27.6439	30.4011	28.0695	21.3509	13.7602	8.90114	8.7956	13.0097	18.7492	22.3731	22.262	20.2985	19.6578	21.4081	24.2475	27.0497	29.2916	29.103	24.6934	17.9089	12.7667	11.3297	13.0614	16.2191	19.0393	20.6169	21.1193	22.2331	26.2267	31.9967	34.5879	31.655	27.0891	25.2058	24.655	21.6655	16.6481	13.5005	13.9758	16.0094	16.6698	14.5922	10.4514	6.42454	4.27445	3.74598	3.40459	
7.97695	16.0272	24.1904	27.7492	25.8352	22.8575	22.5931	24.2275	25.1761	24.455	23.1293	23.0487	24.3268	24.59	22.058	17.8683	14.1532	11.6811	10.3711	10.3941	11.6406	12.8992	13.0241	12.8602	14.4626	18.6657	24.7466	31.2599	35.6445	35.1444	30.6006	27.1001	28.1911	31.6569	32.9944	30.7809	27.064	24.2903	23.0406	22.2704	21.4175	21.2936	22.4165	24.2375	26.2596	27.7469	26.6646	21.6839	14.7349	9.19312	6.68233	7.09109	10.5468	17.7459	27.337	34.7134	36.6599	35.325	34.5463	35.0251	34.9769	33.2813	30.3436	26.7143	22.7287	19.17	16.946	15.9814	15.2718	14.4196	13.929	13.7635	13.3886	13.6454	17.1208	25.3609	35.075	39.2678	35.1004	28.0286	25.1369	27.2775	29.7605	28.3885	22.7818	15.5584	10.4906	10.2275	14.5351	20.5619	24.6834	25.3652	24.7205	25.6023	27.43	27.7248	26.8738	26.875	26.5486	23.3517	18.4448	15.2286	14.9283	16.3167	17.5251	17.392	16.3311	16.0197	18.5608	24.7194	31.4162	33.5673	30.3999	27.0565	27.7939	29.9729	28.046	21.9358	16.9131	15.9057	16.4332	15.1428	11.7023	7.81056	4.97244	3.56736	2.96129	2.3528	
5.35644	11.1478	17.4771	20.8957	20.7899	20.6996	23.118	26.1439	26.9961	25.5805	23.6867	22.8927	23.4191	24.1124	23.4909	21.0224	17.4822	14.3267	12.9213	13.9531	16.6866	18.7567	18.4933	17.5811	19.1613	23.7451	29.2109	33.7099	36.087	35.0488	31.2014	28.3631	29.7036	33.6792	35.7309	33.3311	28.1491	23.6169	21.5046	21.427	22.8576	25.7127	29.1779	32.0378	33.6288	33.1656	29.409	22.5123	15.2795	10.8603	9.92654	11.4635	15.3849	22.5439	31.3902	36.8501	35.9701	32.176	30.1589	30.1056	29.3678	26.6785	23.1217	20.2749	18.5743	17.3624	16.326	15.9432	16.128	16.2451	16.1938	15.8148	14.7167	14.0105	16.7436	25.0424	36.0079	42.1724	39.2222	31.3565	25.9592	25.7236	27.8939	28.4372	25.1484	19.0042	13.9873	13.6684	18.0184	24.1067	28.3465	29.1331	28.8431	30.6855	33.3098	32.9837	30.2309	28.3443	27.1052	24.3217	20.9994	19.5208	19.6421	19.5663	18.2877	15.8811	13.3793	12.6537	15.6342	22.1994	28.5159	30.0501	27.1069	25.0528	27.7056	31.8317	31.0336	24.6603	18.3779	15.9421	15.346	13.4864	10.3074	7.39312	5.47776	4.27009	3.27955	2.27107	
4.13088	8.42124	13.5814	17.0835	18.1362	19.3508	22.5958	25.7176	26.0663	24.4148	23.1667	23.1817	23.9663	25.0206	25.4505	23.8303	20.0181	16.0601	14.3693	15.8486	19.3304	21.841	21.4063	20.2007	22.2427	28.0377	33.958	36.7893	36.4345	34.0434	30.666	28.2306	28.7622	31.7004	33.6718	31.943	27.2204	22.4708	20.0788	20.8829	24.7507	30.4074	35.6945	39.2507	40.5661	38.7635	33.2061	25.1375	17.897	14.4784	14.9295	17.5669	21.9479	28.4859	35.1636	37.2627	33.0209	26.9914	24.1699	24.2432	24.0988	22.5227	20.8958	20.9983	22.5531	23.0529	21.3208	19.3103	18.5613	18.2791	17.5414	16.1847	14.4012	13.5174	16.0653	23.6483	34.0072	41.0252	40.0724	33.0059	25.9401	23.2018	24.6026	26.7867	25.9962	21.6176	17.5708	17.9863	22.8513	29.0269	32.784	32.318	30.3744	31.2263	34.0743	34.4817	31.7607	28.882	26.7068	24.3548	22.798	22.9616	23.1073	21.3781	18.2546	15.0972	12.6649	11.8802	14.2432	19.7718	25.3129	27.1161	25.1602	23.5491	25.677	29.3031	28.9942	23.7029	17.9401	15.1702	14.3543	13.3341	11.8263	10.3302	8.65915	6.51036	4.23415	2.39254	
4.47063	8.33303	13.1015	16.6586	18.0149	19.2663	22.2025	24.8323	24.5695	22.5674	21.6631	22.3456	23.5038	24.8622	25.9887	25.0056	21.0913	16.5441	14.3109	15.3137	18.3891	20.8682	20.9055	20.4583	23.5002	30.6275	37.4057	39.2081	36.2891	32.1407	28.831	26.6759	26.1895	27.4472	28.8152	28.2819	25.4463	21.8301	20.0402	22.2887	28.538	35.8901	41.2918	44.2631	45.1553	43.1677	37.6417	29.6491	22.3101	18.7843	19.377	22.4417	27.0988	32.5924	36.2909	34.8393	28.3852	21.9088	19.7229	20.972	22.5089	23.2071	24.3546	27.5521	31.6949	32.5937	28.5093	23.143	19.9767	18.4133	16.8177	14.8715	13.1709	13.0408	16.1436	23.1764	32.4408	39.6352	40.454	34.6172	26.6054	21.6356	21.4787	23.7425	24.3117	21.7452	19.2258	20.4434	25.365	31.1133	34.0979	32.3573	28.6576	27.9982	30.6355	32.1523	30.32	26.9218	23.7813	21.6462	21.3776	22.5082	22.5421	20.1573	17.0612	15.1598	14.2492	13.9176	15.3884	19.4813	24.337	26.8745	25.9805	23.9031	23.7472	25.1597	24.797	21.4576	17.6549	15.8045	15.7457	16.2958	16.7364	16.3076	14.0501	10.022	5.73762	2.67126	
5.82334	9.99244	14.7868	18.222	19.436	20.5456	23.4572	26.1377	25.479	22.3178	19.991	19.6634	20.437	22.0252	23.9252	23.8406	20.4445	16.0009	13.592	14.1015	16.5867	19.0814	20.1864	21.311	25.4237	32.7489	39.0143	39.5455	34.8978	29.7845	26.9204	25.5921	24.8911	24.7744	25.0924	25.2049	24.1078	21.9451	21.5494	26.1327	34.8146	42.4771	45.7143	46.1805	46.166	45.2111	41.7532	35.2667	27.8144	22.8589	21.7694	23.7724	27.8189	31.937	33.0984	29.5624	23.0458	18.0261	17.4808	20.2849	23.7925	26.8418	30.0741	34.5961	38.9019	38.3982	31.6694	23.5624	18.571	16.2919	14.7074	13.2283	12.5125	13.8078	18.1896	25.6903	34.7659	42.0582	43.5481	38.0397	29.2762	22.7112	20.7938	21.7998	22.2627	20.7932	19.3357	20.259	23.7303	28.0166	30.2839	28.5756	25.0608	24.2949	27.0783	29.6125	28.8719	25.3414	21.1154	18.2469	17.8217	18.7364	18.5427	16.6101	15.1258	15.7355	17.1246	17.7654	18.7439	21.6197	25.5647	28.0708	27.4248	24.616	22.3889	21.804	21.4137	20.0315	18.4776	18.2342	19.5967	21.6766	23.1413	22.5428	18.9645	13.1099	7.22907	3.1978	
8.24057	13.1528	18.0801	20.9643	21.3634	22.0285	25.296	28.8771	28.4992	24.001	19.2292	16.7989	16.602	18.0861	20.276	20.7603	18.2149	14.7242	13.1051	14.1228	16.9478	20.0236	22.4336	25.2926	30.238	36.4776	40.346	38.7479	33.236	28.4894	26.6972	26.5156	26.2009	25.083	23.7501	23.1051	22.4777	21.3941	22.7926	30.0533	40.7639	47.5949	47.1988	43.8568	42.3655	42.8101	42.3923	38.6423	32.2049	26.2758	22.9947	22.7096	24.8049	27.0397	26.6468	23.0057	18.3245	15.9078	17.2093	21.0088	25.5669	29.9119	33.831	37.5046	39.3738	36.1488	27.9215	19.615	14.9881	13.3444	12.6245	12.1069	12.4103	14.8486	20.4629	29.0857	38.9239	46.4481	47.5871	41.3563	31.922	24.8186	22.1213	22.0204	21.8331	20.7805	19.754	19.7048	21.2465	24.1802	26.4375	25.837	23.634	23.4337	26.2349	29.2617	29.5417	26.3776	21.2924	17.1505	15.8265	16.2552	15.9412	14.3851	13.8581	15.901	18.771	20.3167	21.2166	23.0781	25.5836	26.9834	25.9825	23.1109	20.3297	18.9515	18.6585	18.5829	18.8158	20.3363	23.3378	26.4496	27.6327	25.5549	20.4364	13.8942	8.01314	4.03405	
12.1047	17.6558	22.3178	24.0304	22.7858	22.1665	25.2292	29.6717	30.116	25.1619	18.8727	15.1925	14.6195	15.9496	17.6524	17.86	15.9842	13.8768	13.6211	15.7218	19.4951	23.576	27.2602	31.421	36.6205	41.1454	41.9855	38.1263	32.4977	28.9536	28.1478	28.3918	28.0826	26.0949	22.9427	20.5613	19.2689	18.6995	21.4303	30.216	41.5404	47.0928	43.7972	37.4813	34.5169	35.5073	37.2465	36.5768	33.0937	28.6456	24.8362	22.69	22.5343	22.9385	21.9431	19.3469	17.0492	17.2877	20.1177	23.7344	27.1972	30.5876	33.5769	35.2367	33.8705	28.2083	20.1647	13.8824	11.3796	11.3994	12.0022	12.3553	12.9059	15.1325	20.5198	29.24	39.3921	46.9209	47.422	40.404	30.9187	24.6188	22.7074	22.6182	22.07	21.1076	20.3245	19.9551	21.2128	25.025	29.1942	30.3565	28.6796	27.4722	28.5649	30.5362	30.8824	28.1247	23.0404	18.7989	17.9607	19.337	19.4293	17.0257	14.8278	15.3915	17.6492	19.3567	20.4367	21.7761	23.0385	23.2751	22.1768	20.2223	18.2508	16.9059	16.2929	16.2242	17.0504	19.6142	23.7149	27.3207	27.8192	24.2868	18.4064	12.7119	8.51445	5.6174	
16.4002	21.8072	25.4684	25.8608	23.2022	21.2721	23.5072	27.902	28.7796	24.1055	17.9745	14.9182	15.3487	17.1173	18.2961	17.9729	16.5898	15.6471	16.1088	18.1788	21.8927	26.5163	31.1129	35.6935	40.1989	43.0727	42.0787	37.3237	32.272	29.7379	28.9973	28.412	27.2338	24.5397	20.4786	17.0464	15.1869	14.7412	17.55	25.6017	35.6101	40.1506	36.4813	29.949	26.5386	27.0857	29.2506	30.929	31.4386	30.6146	28.4001	25.8914	24.4842	24.064	23.4889	22.1682	21.2976	22.8762	26.2398	28.4218	28.7091	28.9153	29.6163	29.1276	25.5546	19.1535	12.7743	9.3876	9.56918	11.8017	14.2162	15.5103	15.5504	15.8978	18.7468	25.0537	33.4487	39.9833	40.1413	33.566	25.5373	21.4334	21.5076	22.2545	21.4363	19.9776	19.09	19.249	22.2552	29.5012	37.8165	41.5565	39.2334	34.6285	31.611	30.6482	29.9257	27.7246	24.3197	22.431	24.2972	28.037	28.7139	24.2673	18.4133	15.513	15.6508	16.78	18.2155	19.9762	21.2237	21.2957	20.7002	20.0389	19.2326	18.0388	16.442	14.8478	14.3819	16.2496	20.235	24.0559	24.6239	20.9516	15.5495	11.6366	9.80067	8.29809	
18.9886	23.7728	26.5867	26.6212	23.8301	21.3721	22.6022	25.9918	26.4378	22.2555	17.5747	16.4977	18.5201	20.7816	21.6725	21.3257	20.6929	20.4775	20.3719	20.5274	22.4063	26.396	30.9587	34.8046	37.8864	39.9229	39.381	35.7753	31.5719	29.0597	27.588	25.8287	23.4989	20.3398	16.6706	13.938	12.6705	12.4033	14.1823	19.6086	26.7601	30.4456	28.3861	24.0405	21.5385	21.6126	23.3547	26.5249	30.7856	34.0676	34.2676	32.142	30.1538	29.74	30.3425	30.1014	28.9944	29.53	31.6304	31.6617	28.6123	25.4137	23.6083	21.4456	17.2064	11.8281	7.96475	7.48902	10.3093	14.911	19.2673	21.3707	20.3826	17.9142	16.8481	18.9329	23.6822	28.0968	28.2864	23.7383	18.8	17.85	20.3358	21.996	20.447	17.5258	15.7377	16.3381	21.3622	32.184	44.769	51.1562	47.7879	39.0145	31.3146	27.3716	26.1936	26.0242	26.4487	28.6539	33.3346	38.0308	37.8503	31.0656	22.2742	16.8345	15.377	16.0142	17.979	20.951	23.4833	24.5554	24.8591	25.0297	24.6953	23.3808	20.7538	17.0324	13.8438	13.3332	16.0518	19.8961	21.2266	18.4157	14.0668	11.8302	11.909	11.4037	
19.4908	24.3738	27.8654	29.0373	26.8648	23.8299	23.6122	25.4915	25.2738	22.0266	19.6788	20.8423	23.434	24.6564	24.498	24.3326	24.8012	25.1802	24.0367	21.92	21.7268	24.4932	27.8678	29.8841	31.483	34.0558	36.1411	35.1054	31.4171	27.9959	25.9966	24.1299	21.1749	17.3966	14.2579	13.0407	13.2997	13.6415	14.1824	16.3222	19.8141	22.1773	21.9246	20.4321	19.5722	19.7296	21.1911	25.429	32.7583	39.6698	41.9351	39.5958	36.2602	35.2503	36.6052	36.9225	34.5524	32.3742	31.7913	29.8545	25.2362	20.5311	17.4113	14.62	11.0118	7.54076	6.17096	8.17454	13.2636	19.5956	24.6499	26.2492	23.7171	18.8809	14.8078	13.5027	15.1011	17.7175	18.4421	16.4792	14.711	16.395	20.598	22.6579	20.0168	15.2738	12.2264	12.7698	18.5357	30.4134	44.2719	51.4432	47.2219	36.1272	26.2163	21.7055	22.3574	26.3067	31.8633	37.7404	42.4956	44.1016	40.4023	31.7505	22.6172	17.3821	16.2526	17.4281	20.3736	24.9031	29.3223	32.1487	33.5517	33.6839	32.556	30.7637	27.9305	22.9748	17.0585	13.4392	13.992	17.0843	18.7744	16.8624	13.5904	12.5253	13.6183	13.4681	
19.4135	25.5392	31.0875	34.0019	32.002	27.5661	25.5157	26.1704	25.9401	24.2316	24.3441	26.9374	28.3634	26.6624	24.198	23.6591	25.0043	25.986	24.5156	21.7627	21.2002	23.3907	25.238	25.2565	26.1532	30.6412	36.3848	37.887	33.8768	29.1187	27.3885	26.8101	23.9061	18.9102	15.0788	14.5152	16.1739	17.5336	17.5045	16.9799	16.9937	17.6604	18.6207	19.5412	20.1723	20.4758	21.5218	25.9723	34.9708	44.3927	48.1212	44.896	39.1227	36.1108	36.8444	37.1399	33.9638	29.6656	26.7145	23.7042	19.3803	15.1739	12.3004	10.1991	8.20561	6.75907	7.16492	10.7253	17.1871	23.9038	27.6241	26.9066	22.547	16.7886	12.0935	10.0835	11.1626	14.046	16.1142	15.9214	15.3142	17.3223	21.3977	23.0211	19.6056	14.0042	10.5616	11.286	16.8045	26.884	37.9028	42.8879	38.0466	27.5804	19.0452	16.7667	20.9584	29.5186	39.2412	46.5545	48.5152	44.4003	35.9645	26.2459	18.7008	15.4505	15.9337	18.6282	23.1489	29.2548	35.3442	39.9509	42.4254	41.9123	39.156	36.7531	34.6869	30.0255	22.5658	16.1719	13.9675	15.087	16.0567	14.7191	12.6118	12.407	13.7038	13.3632	
18.7294	26.3273	33.7792	37.6812	35.1471	29.3161	26.11	26.5016	27.0395	26.8936	28.4913	31.1023	30.4847	25.8028	21.0954	19.7246	21.1796	22.5099	21.6295	20.0068	20.6025	23.0236	24.0946	23.4998	25.4171	32.823	41.6712	44.0602	38.3935	31.9146	30.5982	31.7025	29.3408	23.1086	17.7077	16.5655	18.7785	21.2023	21.6874	20.1485	18.0298	17.4876	19.352	21.9085	23.1246	22.8382	22.6514	25.5981	33.6364	43.4078	48.0368	44.5385	36.9658	31.8636	31.3169	31.4628	28.6321	23.9706	20.0401	16.8775	13.6302	10.7422	9.04831	8.58796	8.75077	9.04267	10.126	13.6966	19.9591	25.8003	27.3921	24.1295	18.4794	13.0926	9.54761	8.97382	11.9995	17.2838	21.2813	21.4052	19.3887	19.2607	21.5398	22.3098	19.0646	14.2485	11.8779	13.6667	18.9398	25.8352	31.45	32.159	26.6822	18.5813	13.3353	14.2012	21.3526	32.384	43.2448	49.7219	48.8797	41.0031	29.9773	20.3071	14.4904	12.8784	14.5823	18.6136	24.4416	31.2133	37.555	42.7268	45.7167	44.7672	41.0581	38.5887	37.7367	34.4246	27.122	19.3712	14.8132	13.492	13.075	11.9673	10.9144	11.2588	12.185	11.3214	
15.941	24.0712	32.0614	35.7192	32.5887	26.4957	23.3682	24.1227	25.5091	26.3943	28.3166	30.1372	28.2517	22.5976	17.1989	15.1045	15.8972	17.1403	17.2773	17.4373	19.3549	22.1047	23.3773	23.9756	28.4019	38.738	49.0269	50.2226	41.8366	33.2215	31.45	33.402	31.9345	25.6523	19.4274	17.5025	19.5249	22.5567	24.1389	23.1998	20.77	20.0734	22.7182	25.9449	26.6399	25.0803	23.1961	23.4084	28.0786	35.7592	40.5023	38.0858	31.1242	25.889	24.9342	25.22	23.2595	19.2145	15.2434	12.2779	9.95331	8.29757	8.0064	9.376	11.495	12.8722	13.4708	15.34	19.6581	23.9688	24.439	20.4098	14.7232	10.1853	8.02966	9.30982	14.9221	23.0678	28.6329	27.9099	23.3481	20.5317	21.0454	21.5961	19.7139	17.0342	16.8151	20.3247	25.5682	29.0847	28.8412	24.8304	18.5152	12.7438	10.4811	13.2488	20.7061	30.5733	39.4687	44.4364	43.5641	36.9132	27.4834	19.3233	14.6288	13.4707	15.2652	19.4121	24.8618	30.0048	34.0251	37.5494	40.1115	39.7383	37.2258	36.1123	36.7112	35.1576	29.406	21.9519	16.1589	12.9174	11.1568	9.93359	9.43266	9.91492	10.2411	8.80471	
11.6354	19.068	26.1413	28.7529	25.4934	20.2614	17.78	18.5397	20.0854	21.4575	23.4518	25.0464	23.6915	19.2982	14.5467	11.7997	11.4029	12.2245	13.3901	15.3011	18.3521	21.5004	23.4725	25.5149	31.5416	42.7092	52.3126	51.5996	41.3264	31.4506	28.9302	30.9354	30.4629	25.292	19.483	17.3041	18.8234	21.6502	23.7442	23.7747	22.2131	22.1433	25.1214	28.0266	27.7937	25.3833	22.5868	20.5736	21.55	26.0315	30.0574	29.3616	25.006	21.7445	21.6202	22.3092	21.0766	17.7418	13.9739	11.0346	9.0627	8.24217	9.22178	12.034	15.2614	16.7887	16.1133	15.4609	17.0619	19.8729	20.5948	17.6738	12.8887	8.95089	7.47788	9.75654	16.7295	26.1639	31.9994	30.2161	24.1264	20.1572	20.2202	21.5011	21.7832	22.0667	24.7711	30.4257	35.7041	36.0695	30.6106	22.338	14.9035	10.6682	10.3339	13.2604	18.3147	24.2459	29.7852	33.9523	35.6855	33.9046	29.0806	23.6036	19.7805	18.5083	19.7919	22.9451	26.2119	27.6548	27.4102	27.6941	29.2603	30.5089	31.0673	32.4965	34.664	34.7988	31.0073	24.6064	18.393	13.8959	11.0091	9.3223	8.77563	9.01533	8.75792	6.91813	
8.32429	14.5127	19.9314	21.3185	18.3915	14.439	12.4305	12.5075	13.4817	15.0773	17.6401	20.1985	20.753	18.494	14.5167	10.8614	9.03694	9.23156	11.0952	14.484	18.8946	23.051	25.8037	27.8565	32.2649	40.3614	46.95	45.0047	35.5968	27.2367	25.5609	27.9796	28.2224	23.9557	18.6737	16.4219	17.383	19.4894	21.2235	21.6798	21.0956	21.5437	23.9126	25.7637	25.2452	23.6044	21.6153	19.0133	17.6501	19.4276	22.4054	23.1061	21.5032	20.5922	21.641	22.8555	22.1725	19.3178	15.6123	12.462	10.5423	10.4679	12.7475	16.7114	20.3136	21.2481	19.0719	16.2393	15.608	17.2642	18.6046	17.1721	13.2621	9.38177	7.77927	9.84435	16.1726	24.4817	29.243	27.1983	21.8365	18.8701	19.5951	21.6534	23.6898	26.8039	32.6875	40.6342	46.0557	44.1522	35.1062	23.6948	14.9933	11.4585	12.2999	14.7385	16.7709	18.6349	21.4425	25.5633	30.0654	32.8876	32.4641	29.5205	26.4032	25.0215	25.8849	27.9261	28.8619	26.8389	22.7785	20.0853	20.8086	23.788	27.1159	30.2256	32.9216	33.9523	31.852	26.9496	21.2775	16.3598	12.5644	10.1079	9.10458	8.90356	8.13031	5.99387	
7.29855	12.3795	16.1028	16.5154	14.2987	11.6766	9.90295	9.07255	9.33991	11.2241	14.8009	18.8659	21.4	20.8385	17.219	12.587	9.41033	8.76802	10.7044	15.0222	20.8662	26.4064	29.7279	30.4904	30.885	33.0695	34.9279	32.3076	25.9757	21.5917	22.525	25.9238	26.3922	22.3576	17.346	15.0633	15.6818	17.4154	18.951	19.5915	19.4126	19.4574	20.1273	20.4905	20.4678	21.0064	21.1275	19.2273	16.9676	17.165	19.4072	21.0664	21.338	21.8688	23.6101	25.1758	24.5729	21.4275	17.305	14.0809	12.8394	14.256	18.287	23.3998	27.0493	27.0673	23.5939	19.5094	17.5974	18.122	19.1672	18.2149	14.6378	10.5964	8.57985	9.74092	14.1491	19.9197	23.1788	21.9554	19.0705	18.4245	20.1903	22.3023	24.499	28.6475	36.1236	45.0586	50.3726	48.0453	38.7293	26.8283	17.5399	14.0384	15.4436	17.752	18.2365	18.1042	19.8313	24.0258	29.4487	33.9456	35.4463	33.6786	30.6874	29.035	29.6834	31.2878	31.291	27.9721	22.4336	18.407	18.6615	22.2391	26.01	28.1702	29.2296	29.7226	28.8741	26.2817	22.7556	18.8572	14.9044	11.9235	10.6511	10.3264	9.25387	6.64012	
8.10012	12.4774	14.8245	14.6539	13.4148	12.0879	10.4912	8.98696	8.92952	11.3225	15.7713	20.6376	23.9687	24.1651	20.8664	15.8357	11.7013	10.051	11.4864	16.101	22.8247	29.1398	32.4858	31.9841	28.989	25.8246	23.1135	19.799	16.4743	15.8413	18.8964	22.651	23.073	19.7259	15.8317	14.1575	14.8928	16.9919	19.272	20.5249	20.2846	19.057	17.3747	15.844	15.8627	17.991	19.8584	19.0396	17.0382	17.013	19.4423	22.2444	23.8532	24.8651	26.3098	27.2392	25.5696	21.1385	16.3543	13.7893	14.5983	18.7181	24.8066	30.4735	33.3374	32.0772	27.8245	23.6922	21.488	20.712	20.1686	18.3926	14.7807	10.9655	8.99748	9.50147	12.1323	15.6505	17.9512	18.069	17.7691	19.2209	21.7614	23.3698	24.2828	26.9623	32.9019	40.0814	44.4088	43.5577	37.8459	29.1602	21.1238	17.6875	19.2302	21.8419	22.3672	22.1184	23.747	27.4075	31.6204	35.0557	36.4309	34.9568	31.7507	29.4495	29.6817	31.3036	31.6977	29.2578	24.8484	21.4655	21.4235	23.7987	25.4537	24.7022	22.9113	21.8737	21.5585	21.2874	20.704	19.173	16.619	14.3867	13.6491	13.7201	12.5293	9.06604	
9.91501	14.1801	15.7083	15.1606	14.6435	14.2749	12.9256	11.2829	11.5283	14.6311	19.272	23.3356	25.6023	25.4895	22.7371	18.2175	13.7703	11.2297	12.0309	16.6454	23.5574	29.5793	32.2349	31.1208	27.0099	21.4112	16.1903	12.5171	10.9912	12.0555	15.0701	17.7692	18.0991	16.4332	14.7825	14.4077	15.5338	18.2433	21.8082	24.2513	24.0943	21.4983	17.5038	13.7718	12.4602	14.12	16.2858	16.5526	15.928	17.0246	20.6225	25.0157	27.8649	28.6788	28.5732	27.4264	23.8006	18.1166	13.3501	12.4122	16.2583	23.5282	31.0118	35.6882	36.3861	33.5063	29.0381	25.6121	23.6897	21.8861	19.5592	16.5907	13.0347	10.0831	8.95501	9.52872	11.1478	13.3131	15.3461	16.7041	17.9777	20.1834	22.6212	23.5176	22.9636	23.1894	25.6709	29.1425	31.5935	32.6901	32.1836	28.928	24.0571	21.6187	23.4132	26.2711	26.9327	26.5393	27.5965	29.8459	31.8198	33.3881	34.4868	33.815	30.8562	27.654	26.7131	27.8609	28.9372	28.576	27.1832	26.1147	26.0456	26.0108	24.3339	20.7638	17.0319	14.7534	14.0878	14.6655	16.0144	17.2247	17.7106	17.7917	18.0269	18.0843	16.2752	11.6806	
11.78	16.3171	17.5077	16.5404	16.0923	16.2239	15.4738	14.5341	15.7308	19.5257	23.4892	25.2683	25.0009	23.7107	21.4401	17.9402	13.8405	10.9588	11.5037	16.213	22.9324	27.9018	29.2529	27.7554	24.1807	19.0283	14.0369	11.159	10.807	11.9744	13.3169	13.9527	13.841	13.6492	13.9503	14.7347	16.2117	19.255	23.7359	27.3468	27.5866	24.1041	18.4665	13.0149	10.0462	10.2845	12.0965	13.6041	14.9092	17.4174	21.9839	27.5208	31.3081	31.7982	29.8492	26.3441	21.2052	15.3895	11.5915	12.5601	18.9971	28.2292	35.5193	38.0552	36.5459	32.7912	28.4038	24.9665	22.6886	20.4029	17.5144	14.2349	11.1767	9.49944	9.71122	10.762	11.6032	12.6096	14.5014	16.8895	18.9908	20.7893	22.1385	22.1883	20.9771	19.9072	19.7169	19.682	19.8318	21.6064	24.6932	26.2067	25.2111	24.7494	26.8426	29.0271	28.6406	27.1143	26.9904	27.8581	28.3491	29.1518	30.9418	31.769	29.4494	25.1735	22.246	22.0116	23.3675	25.2092	27.2649	29.1168	29.5945	27.6189	23.4177	18.6064	14.7868	12.2393	10.6471	10.3729	11.9923	15.3291	19.2669	22.0738	22.7757	21.5565	18.1275	12.402	
12.4631	16.7933	17.6376	16.3408	15.8461	16.6085	17.2169	17.8701	20.2077	23.947	26.1694	25.0614	22.1895	19.7037	17.7216	15.2005	11.8852	9.3594	10.1085	14.8874	21.0815	24.7609	24.7857	23.0162	20.6728	17.7135	15.0122	14.021	14.7074	15.4202	14.8838	13.5081	12.4687	12.3444	12.9713	14.0328	15.7211	18.8163	23.3456	27.2526	27.6828	23.8455	17.6503	11.8508	8.50705	8.30496	10.3791	13.2399	16.0014	18.9674	23.2069	28.4976	32.4188	32.9743	30.4925	26.1991	21.001	16.0047	13.222	15.1399	22.2569	31.0361	36.4908	37.1949	35.4283	32.7249	28.755	24.0641	20.2219	17.6553	15.4763	12.9974	10.8443	10.4353	11.8907	13.2326	12.9559	12.3869	13.7728	16.9859	19.8537	21.1408	21.2409	20.5848	19.5727	18.8129	17.8075	15.6175	13.5807	14.5109	18.6785	23.1474	25.8422	27.6633	29.2747	29.0668	26.3275	23.4508	22.7683	23.5222	24.2724	25.8133	28.7741	30.6508	28.4625	23.0428	18.1955	16.4711	17.7512	20.9205	24.9902	28.6003	29.7515	27.3824	22.8611	18.7744	16.1719	13.9764	11.417	9.66966	10.544	14.6903	20.6367	25.1007	25.7819	22.9711	17.6981	11.1444	
11.6175	14.7225	14.8706	13.6363	13.7587	15.8925	18.7083	21.5387	24.657	27.0511	26.5142	22.7914	18.4	15.5001	13.8904	12.162	9.65892	7.64473	8.43309	12.7094	18.0037	20.8441	20.4939	19.0495	18.1424	17.7637	17.8354	18.7065	19.9376	20.1098	18.6549	16.6203	15.0068	13.8488	13.1683	13.4485	15.0627	18.0139	21.8332	24.9618	25.0737	21.3409	15.6317	10.7087	8.32072	8.91145	11.799	15.5118	18.6563	21.2329	24.5437	28.6452	31.5839	32.0072	30.2271	27.0058	23.0522	19.1211	16.6544	17.9694	23.5005	29.7043	32.636	32.6007	32.4371	32.3011	29.6374	24.0454	18.5281	15.4409	14.0176	12.5988	11.4027	11.8947	13.9873	15.1854	13.75	11.6517	12.2163	15.7038	19.2099	20.6052	20.3833	19.697	19.3104	19.4616	18.6841	15.5337	11.9906	11.7943	16.0263	22.5526	28.6653	32.4506	32.4424	28.44	22.8487	19.2715	19.226	21.1318	23.1597	25.7283	29.189	30.9794	28.3159	22.2523	16.6406	14.3239	15.5156	18.7213	22.3958	25.3792	26.3167	24.6015	21.6715	19.5678	18.395	16.5497	13.4625	10.7931	10.7613	14.3065	20.1005	24.8642	25.888	22.7263	16.5423	9.57787	
10.1801	11.6708	11.0364	10.1818	11.3778	15.2121	20.4247	25.4714	29.0999	29.7806	26.7302	21.45	16.6957	14.0123	12.8778	11.7087	9.55023	7.38488	7.3615	10.3033	14.4686	17.1809	17.502	16.8196	16.936	18.2954	20.2223	22.05	23.217	23.2042	22.4601	21.8773	20.9949	18.8178	16.1287	14.9785	16.1849	18.757	21.4174	23.1948	22.8479	19.6961	15.0044	11.1988	9.98465	11.5497	14.7891	18.0795	20.4396	22.5156	25.5274	28.6752	29.9863	29.4097	28.108	26.3527	23.9504	20.9864	18.385	18.1565	20.9389	24.202	25.4698	25.7795	27.5519	30.1047	29.7871	24.9812	18.6365	14.4592	12.7493	11.793	11.292	12.2488	14.3539	15.2006	13.209	10.405	10.229	13.2426	16.79	18.6622	19.1097	19.2158	19.8999	21.3118	21.2667	17.7696	13.2256	12.192	16.484	24.5954	33.168	37.8576	35.7306	28.3728	20.9204	17.4611	18.3932	21.4196	24.3226	27.0852	30.1567	31.5834	29.1152	23.768	18.7719	16.6117	17.5541	19.7409	21.2632	21.7866	21.5549	20.7639	20.0756	19.8952	19.4162	17.5167	14.4247	11.7602	11.1912	13.5072	18.0265	22.5441	24.4622	22.0951	15.929	8.84851	
8.7885	9.38602	8.52434	8.10341	9.9501	14.6905	21.314	27.82	32.0704	32.4877	29.2669	24.3893	20.0072	17.2848	16.0164	14.7775	12.3555	9.48901	8.21281	9.45936	12.1944	14.5381	15.2753	14.8947	15.11	16.8206	19.2369	21.2579	22.5143	23.3632	24.8106	26.9955	27.7698	25.2232	21.0239	18.7708	19.6296	21.6325	22.8737	23.2259	22.6904	20.5049	16.8525	13.7424	13.1737	15.1025	17.6738	19.2297	19.8817	21.2712	24.2858	27.0512	27.3171	25.7856	24.3484	23.3101	22.0184	19.9862	17.4103	15.6966	16.0257	17.5829	18.9826	20.6011	23.9168	28.4575	30.6295	27.4263	20.6251	14.7133	11.6368	10.413	10.3408	11.6465	13.6635	14.3201	12.4276	9.77383	9.30655	11.6423	14.725	16.7543	17.8829	19.1194	21.6194	25.2993	26.7543	23.0345	17.0876	14.7235	18.502	26.8749	35.6561	39.5158	35.7956	27.5257	20.3896	17.4619	18.3203	20.9935	23.609	25.9905	28.8383	30.9589	30.3593	27.2525	23.6347	21.5117	21.5435	22.1539	21.4036	19.5954	18.4663	18.908	20.2403	20.9445	19.9483	17.4091	14.4981	12.4337	11.8845	13.2294	16.4647	20.5468	23.0589	21.3948	15.5444	8.64405	
7.72077	8.77783	8.64506	8.53343	9.97951	14.0867	20.4447	27.1633	32.1996	34.5082	34.2354	31.8565	27.9912	24.0004	21.071	18.8278	16.1864	13.4152	11.8691	11.9248	12.7149	13.2712	12.9704	12.0177	11.6514	12.7119	14.67	16.793	19.136	22.1706	26.2119	30.3447	31.9338	29.3861	25.1059	23.0955	24.1019	25.4228	25.1638	24.2811	23.7959	22.6459	19.9485	17.3409	17.0222	18.5997	19.662	18.961	17.7019	17.9846	20.3812	22.9168	23.4222	22.2084	20.8839	20.134	19.6385	18.5715	16.2222	13.348	11.9225	12.9071	15.5093	18.874	23.4525	29.2254	33.0287	30.9557	23.6956	16.0136	11.2287	9.36373	9.60576	11.4354	13.6804	14.4325	12.877	10.6795	10.3343	12.3309	14.9148	16.6372	17.8782	19.9319	24.2706	30.4831	33.8476	30.2771	22.9825	18.9601	21.5793	28.9127	35.8817	37.6192	33.3572	26.7572	21.5328	18.5537	17.4095	17.7929	19.1195	21.2926	24.7496	28.4877	30.5055	30.0839	27.9953	25.7152	24.3739	23.4061	21.4476	18.9642	18.333	20.6412	23.5726	23.9153	21.2279	17.5571	14.8952	13.8438	13.9471	14.8321	16.763	19.6847	21.7337	20.2028	14.8574	8.50572	
8.30828	11.2295	12.5564	12.3163	12.1071	14.1432	19.0172	25.1804	30.9788	36.0678	40.0035	40.6676	36.6202	29.9267	24.1349	20.7337	18.9774	18.0657	17.8034	17.4405	15.987	13.5927	11.129	9.23911	8.40322	8.80725	10.2473	12.8485	17.1225	22.7692	28.2471	31.702	31.8494	29.119	26.3202	26.0741	27.6639	28.2369	26.8066	25.2913	25.0577	24.7418	23.0158	21.302	21.4603	22.3453	21.3823	18.4115	15.6439	15.0225	16.8009	19.4902	21.1356	21.1819	20.6116	20.4306	20.5673	19.8712	17.1315	12.9646	10.0375	10.4254	13.6832	18.2685	23.9422	30.6744	35.5236	34.4067	27.3179	18.5906	12.2682	9.52647	9.84208	12.2038	14.9867	16.2455	15.216	13.2991	12.7078	14.0814	16.0614	17.4744	18.7544	21.054	25.7125	32.4767	36.9227	34.7283	28.1909	23.8884	25.8279	32.2597	37.4541	37.3533	33.5164	29.7301	26.5488	22.3383	17.5515	14.4017	13.9526	16.0345	20.1037	24.7476	28.1784	29.5288	28.8888	26.8847	24.4787	22.2509	20.0203	18.3701	19.5936	24.4052	28.8137	28.2126	23.2333	18.1346	15.726	15.9187	17.1127	17.9681	18.6472	20.0043	21.2171	19.9055	15.2562	9.25095	
11.5443	17.2706	20.2088	19.2153	16.4582	15.7524	18.8699	24.393	30.4961	37.1459	43.6506	46.0045	41.0972	31.8017	24.0471	20.9858	21.671	23.4894	24.4373	23.3316	19.7669	14.9055	10.8431	8.73205	8.30577	8.87629	10.3591	13.579	19.2416	25.9941	30.5597	30.9007	28.1044	25.0759	24.4076	26.3226	28.4056	28.3493	26.5943	25.511	25.9787	26.3682	25.6356	25.3069	26.5364	27.0404	24.1231	18.9876	15.0878	14.4469	17.0128	21.0929	24.1512	25.1086	25.2806	25.9026	26.1716	24.4129	19.9502	14.1364	9.84072	9.11775	11.7113	16.3705	22.7936	30.54	36.5783	37.0125	31.2509	22.5896	15.1974	11.3277	11.1174	13.664	17.3563	20.0754	20.275	18.2527	15.9933	15.2188	15.9147	17.387	19.438	21.8991	25.0994	29.5598	33.4138	33.5898	30.2256	27.3438	29.1776	35.2562	39.9765	39.624	37.1762	36.3576	35.0136	29.3726	20.8775	14.2351	11.9755	13.6006	17.2942	21.1251	24.0002	25.7474	26.1913	24.8433	21.9648	18.9301	16.8179	16.5554	20.1568	27.716	33.8665	32.7642	25.6392	18.6644	15.7339	16.4633	18.4645	19.7157	20.194	21.2881	22.9245	22.6189	18.4514	11.7682	
15.6578	24.1376	28.5287	26.7673	21.6939	18.5697	20.1079	24.7793	30.1391	36.097	42.4198	44.936	39.8531	30.2618	23.3061	22.8565	26.9867	30.7079	30.6204	26.8938	21.3095	15.7973	12.3361	11.747	12.9544	14.5418	16.4147	19.5893	24.568	29.5157	30.9943	27.8533	22.893	19.939	20.6239	23.4444	25.4065	25.1356	24.0206	24.1404	25.5559	26.5875	26.7633	27.7977	30.3126	31.2636	27.6924	21.3353	16.6325	16.4898	21.0465	27.5774	31.8842	32.655	32.7079	33.8047	33.7491	30.1167	23.4179	16.1901	10.9929	9.04955	10.1461	13.8342	20.1412	28.1948	34.9465	37.07	33.7407	27.0135	20.1113	15.3125	13.6438	15.5495	20.3562	25.5802	27.8077	25.3182	20.043	15.7419	14.5405	16.3859	20.0613	23.3963	25.0061	26.0278	27.9139	29.7269	29.4187	27.7045	28.6006	33.5907	38.3406	39.2121	38.926	40.6478	41.039	35.3407	25.3018	16.8445	13.359	14.1926	16.7715	18.9452	20.3606	21.5603	22.1894	21.0404	18.0238	14.8932	13.3269	14.423	19.8832	29.3626	36.9476	36.0079	27.5013	18.4755	13.927	13.8618	15.8279	17.6868	19.2636	21.8743	25.3922	26.66	22.6746	14.7384	
17.4481	27.5724	33.3321	31.906	26.1189	21.7809	22.0469	25.3513	28.9298	32.7057	37.2123	39.2978	35.3783	28.0288	24.1706	27.5683	35.069	39.3044	35.9717	27.8265	20.0646	15.434	14.6584	17.0712	20.5042	23.1815	25.1881	27.3775	29.8286	31.1077	29.2141	24.3189	19.3421	17.0015	17.6336	19.5717	20.806	20.8228	20.7934	21.8056	23.4296	24.5037	25.1044	26.8424	30.2026	32.4332	30.3948	24.7889	19.766	19.4829	25.1975	33.5184	38.4927	38.3585	37.3758	38.2735	38.1345	33.882	26.5545	19.1446	13.7161	10.8635	10.4808	12.7441	17.8814	24.7348	30.687	33.7143	33.6633	31.4279	27.5654	22.4069	17.9181	17.4239	22.2299	29.4389	33.3896	30.3823	22.5649	15.5637	13.071	15.4006	20.7182	25.5256	26.8461	25.5831	25.2997	26.9861	27.596	25.5368	24.3224	27.1116	31.5027	33.97	35.529	38.197	39.3525	35.1463	26.8599	19.4116	15.9117	16.0823	17.7617	19.0094	19.5541	19.844	19.4111	17.3867	14.2103	11.6771	11.1375	13.2452	19.084	28.1641	35.3995	34.7293	26.4457	16.8233	11.043	9.81533	11.2543	13.4276	15.9728	19.8994	24.8863	27.4146	23.9692	15.8062	
15.9371	26.1145	32.9504	33.219	28.8635	24.9935	24.6023	26.4265	28.0615	29.58	31.9336	33.1701	30.6208	26.3276	26.0323	32.6675	42.1904	45.9442	39.3503	27.266	17.7099	14.2323	16.1695	21.012	25.6677	28.5889	30.3151	31.4748	31.8085	30.6115	27.3786	22.9799	19.546	18.1942	18.2289	18.646	19.0274	19.4411	20.1126	20.9105	21.3203	21.1505	21.0981	22.5212	25.9528	29.5935	30.3941	27.1599	22.4698	21.1441	25.9413	34.0191	38.8944	38.0475	35.7541	35.6921	35.891	33.3311	28.2124	22.4619	17.6311	14.4695	13.2033	14.2283	17.7025	22.3439	26.3135	29.363	32.6619	36.0969	36.5566	31.2347	22.9032	18.2755	20.9234	27.8184	31.9625	28.8106	20.7449	13.8617	11.8741	14.9051	21.0599	26.7397	28.4298	26.5014	24.9157	25.5675	25.562	22.5819	19.612	20.5839	24.6528	28.3059	30.4557	32.026	32.4334	30.1702	25.7409	21.405	18.9612	18.8397	20.1514	21.423	21.8129	20.9959	18.6017	14.9301	11.395	9.56237	9.97535	12.4399	17.0577	23.3205	28.1935	27.7525	21.7107	14.0149	8.70618	7.07561	8.0996	10.0763	12.3732	15.828	20.4693	23.4173	21.2889	14.6217	
13.1708	22.0989	28.9878	31.052	29.2584	27.0755	26.7818	27.7895	28.4648	28.6936	29.1591	28.9452	26.9617	25.2608	27.7579	35.5851	44.4758	46.7983	38.8598	25.854	16.1587	13.4015	16.1071	20.8799	24.7778	27.011	28.3756	29.247	29.3777	28.5362	26.5121	23.8988	22.3625	22.4762	22.8985	22.6603	22.2488	22.2812	22.5165	22.1271	20.5919	18.4057	16.8054	17.0575	19.7089	23.7515	26.5774	25.83	22.426	20.6635	23.9055	30.5006	34.8888	33.88	30.3314	28.4197	28.4441	28.4215	27.1444	24.5122	21.3246	18.6966	17.2327	17.4038	19.3097	21.7453	23.6668	26.26	31.5981	38.6793	41.8158	36.2448	25.2748	17.4738	17.5691	22.6851	25.8224	22.7879	16.1525	11.4596	11.5705	16.0159	22.5659	27.7009	28.5104	25.8462	23.5185	23.2637	22.6096	19.5008	16.4307	17.1569	21.5406	26.0739	28.2171	28.2472	27.5309	26.807	25.9937	24.9017	24.0068	24.1096	25.1414	25.9858	25.4949	23.0114	18.6251	13.6374	9.85627	8.32664	8.98661	11.1025	13.9377	16.9762	19.332	19.4904	16.6142	11.8873	7.80429	6.15614	6.81904	8.34845	9.83203	11.8556	14.9397	17.4839	16.7772	12.352	
11.1971	18.2632	23.8217	26.351	26.5247	26.0866	26.4093	27.7337	29.0683	29.4383	28.7402	27.0751	25.2551	25.612	29.7891	36.424	41.804	41.6881	34.4876	24.0206	16.3657	14.1089	15.5975	18.0701	20.0067	21.423	22.6306	23.5145	24.1872	24.7872	24.7093	23.9811	24.4107	26.883	29.3453	29.6265	28.092	26.2557	24.675	22.8497	20.197	16.9691	14.29	13.3841	14.753	17.7406	20.5344	21.1811	19.8757	19.4879	22.5298	28.0843	32.0292	30.9579	26.1161	21.7838	20.5032	21.7546	23.5737	24.1741	23.2366	21.6415	20.2416	19.8168	20.5971	21.5117	22.0713	24.0909	29.4612	36.3733	39.0155	33.4183	23.1623	16.0307	16.0909	20.5651	22.8992	19.5179	13.5523	10.5873	13.1061	19.8703	27.2585	30.8191	28.6554	23.519	19.754	18.6205	17.8583	15.7795	14.1282	15.7471	20.7175	26.0685	28.9185	29.0373	28.3517	28.5244	29.4317	30.3205	31.3773	32.9164	34.1014	33.5446	30.5033	25.2614	19.0903	13.7281	10.2227	8.67843	8.9036	10.3329	11.9097	13.0652	14.2274	15.3338	14.8727	11.9554	8.20025	6.03829	6.16348	7.49152	8.831	10.0029	11.3882	12.62	12.2642	9.50542	
9.74026	14.8814	18.4633	20.3337	21.3747	22.0834	23.0967	25.3611	28.2537	29.7025	28.778	26.5362	25.3196	27.4047	32.2564	36.3623	37.069	34.2124	28.6184	22.1653	17.6025	15.881	15.5225	15.2797	15.5009	16.6939	18.1666	18.9779	19.3958	20.0292	20.5417	21.1218	23.7667	29.3027	34.6808	36.1369	33.4046	28.8437	24.5411	21.3217	18.8676	16.5364	14.5014	13.6069	14.1208	15.4172	16.7059	17.5323	18.2648	20.173	24.133	29.1646	32.2525	30.4701	24.4525	18.3284	15.5993	16.694	19.763	22.3405	23.0355	22.0922	20.6691	20.138	20.76	21.2148	21.1755	22.5948	26.5969	30.7705	30.9603	25.8663	19.0942	15.8149	18.2437	23.6186	25.7342	21.3226	14.4237	11.6693	15.8957	25.0343	33.4496	35.1955	29.3017	20.7313	14.8262	12.719	12.3854	12.1885	12.5667	14.9215	19.5802	24.9988	29.0875	31.1224	31.9735	32.5673	33.1149	34.3152	37.3913	41.8296	44.8927	43.9295	38.2358	29.5828	21.3746	16.0116	13.2038	11.7559	11.5693	12.5539	13.4842	13.6743	14.304	16.0085	16.5842	13.896	9.42662	6.37254	6.1515	8.05442	10.4479	11.7891	11.593	10.4592	8.8003	6.46767	
7.78657	11.3548	13.578	15.0652	16.6456	17.9421	19.1288	21.6625	25.3597	27.7263	27.4418	25.9953	26.0965	29.3549	33.922	35.5075	32.518	27.5308	23.0427	19.6139	17.4429	16.1242	14.5003	12.6738	12.2623	14.0084	16.5438	17.9742	17.8016	16.8041	16.0341	16.9502	21.47	29.623	37.6713	41.0865	38.638	32.2033	24.8544	19.5045	17.1149	16.5091	16.5939	17.2964	18.2039	18.4403	18.1996	18.7292	20.8839	24.5924	29.0483	32.7345	33.5457	30.0154	23.368	17.1667	14.2447	15.0043	17.9895	20.8573	21.769	20.6973	19.3252	19.564	21.2877	22.3199	22.0375	22.4723	24.3565	25.302	23.1976	19.2168	16.5006	17.1596	21.3276	26.6256	28.01	22.8165	15.4546	12.9642	18.2434	28.5025	36.8886	37.0183	28.7953	18.1992	10.8962	8.28073	8.95305	11.1043	13.3513	15.3445	17.8573	21.4553	25.6806	29.6627	32.5601	33.551	32.9039	33.137	36.9858	43.9005	50.0699	51.3043	45.5555	35.0027	25.2617	20.0785	18.3215	17.6509	17.895	18.9704	19.1618	17.8502	17.2163	18.5783	19.2171	16.2083	11.0646	7.56523	7.70507	11.0393	15.2897	17.3776	15.7589	11.7204	7.58164	4.44454	
5.78321	8.62067	10.7729	12.7653	14.8604	16.1911	16.9017	18.7333	21.9316	24.5303	25.541	26.1202	27.824	31.0883	34.0632	33.4513	28.5484	22.5197	18.2289	15.8441	14.5077	13.2423	11.3017	9.41322	9.42782	12.2327	16.6209	19.9691	20.0608	17.1182	14.0064	14.0665	19.0609	28.1872	38.0013	44.3425	44.5278	38.1508	28.1056	19.6388	15.9676	16.2695	18.4726	21.3774	23.6785	24.0893	23.3893	24.0094	27.2322	32.0384	36.0507	37.0494	34.2112	28.4756	22.085	17.3823	15.5284	16.2753	18.4822	20.4341	20.6112	19.1273	18.0419	19.4898	22.8665	25.0396	24.6889	23.6942	23.0142	21.2211	17.9698	15.5175	15.8896	18.5572	21.9348	24.5905	24.1186	19.4061	14.151	13.7921	20.0315	29.5494	36.0816	34.8295	26.5596	16.4755	9.3191	6.83987	8.68326	13.0089	16.6612	17.5829	16.8862	17.0644	19.4157	23.4841	27.3919	28.9266	27.8888	27.1312	29.889	36.4985	44.1462	48.3546	45.3719	36.2887	27.3991	23.4666	23.4266	24.5585	26.2955	27.8072	26.7681	23.1006	20.279	20.3555	20.4829	17.4142	12.5046	9.5036	10.5631	15.3404	21.084	23.8127	21.3689	15.2643	8.88382	4.36877	
4.93403	8.23462	11.4825	14.426	16.6428	17.4473	17.5542	18.737	21.1285	23.4869	25.7024	28.3968	31.2425	33.3466	33.728	31.2589	26.047	20.1513	15.5271	12.5372	10.6325	9.05251	7.40957	6.3481	7.17864	10.8303	16.8329	22.3953	23.5796	19.53	14.2808	12.6889	16.4906	24.6093	34.6439	43.3763	46.8469	42.1377	31.2292	20.7528	15.7784	16.1446	19.2896	23.348	26.6715	27.845	27.7217	28.9906	33.1228	38.6744	41.9896	40.1321	33.8518	26.7218	21.6088	19.1109	18.5815	19.1442	20.047	20.5904	20.0181	18.4641	17.7547	19.9453	24.3989	27.6044	27.4502	25.2284	22.2929	18.6523	15.213	14.0719	15.9273	18.6585	19.7725	18.9112	16.5971	13.6099	12.429	15.6491	22.7012	29.8449	33.0049	30.5099	23.8003	15.985	9.95183	7.5939	9.73426	15.0456	19.6174	20.2427	17.5855	14.6917	14.0186	16.0667	19.2169	21.0813	20.8921	20.2449	21.3831	25.4384	31.6603	36.863	36.8975	31.4605	25.6084	23.8427	25.7384	29.0218	32.5356	34.4816	32.4145	27.0064	22.3685	20.785	19.8494	16.879	13.0667	11.3361	13.2113	18.2153	23.7964	26.433	24.233	18.2985	11.4713	5.99591	
5.69053	10.5636	15.6388	19.566	21.5469	21.5654	21.1272	21.9875	23.8236	25.62	27.9632	31.3832	34.491	35.5442	34.222	31.1738	26.9602	21.8805	16.4776	11.7276	8.34109	6.22937	5.0915	5.04155	6.53162	10.2351	16.3589	22.6824	24.7401	20.7904	14.767	11.8115	13.6574	19.4925	27.8994	36.5063	41.2802	38.6257	29.7376	20.7361	16.6512	17.3963	20.3942	24.0214	27.1217	28.5194	28.8552	30.4742	34.8899	40.7492	43.6701	40.125	32.1334	25.287	22.5163	22.5049	22.9663	22.7568	21.8589	20.7949	19.677	18.4653	18.2091	20.5313	25.0338	28.4656	28.3661	25.5184	21.5317	17.387	14.4005	13.8798	15.6044	17.2742	16.6127	13.9587	11.3487	10.5654	13.0938	19.164	26.0946	30.0403	29.6607	26.4215	21.8803	16.6764	11.7491	8.92719	10.0207	14.7644	19.9054	21.8823	19.8578	15.6729	12.2013	11.294	12.4802	14.0457	14.9858	15.4242	16.1232	18.2586	22.4526	27.0441	28.6323	26.1612	22.8184	22.1419	24.5857	28.7281	32.9008	34.8685	32.8356	27.8987	23.383	20.7805	18.4522	15.2812	12.7526	12.5743	14.9119	18.8007	22.4764	24.137	23.0082	19.3243	13.9536	8.29891	
7.70558	14.7615	21.7982	26.4752	28.1427	27.4289	26.1225	26.0285	26.8554	27.5904	28.799	31.1972	33.8327	35.0951	34.5207	32.926	30.6198	26.4779	20.0455	13.1714	8.14181	5.6106	5.10893	6.1355	8.30648	11.5765	16.2287	21.12	22.8942	19.7928	14.6515	11.4875	11.7779	15.2595	21.0941	27.306	30.8373	29.4379	24.2326	19.4787	18.3135	19.9793	22.4108	25.0926	27.6421	28.8011	28.711	29.4821	32.9306	38.122	40.5548	36.5367	28.8768	24.2208	25.0502	27.954	28.9635	27.1866	23.9242	20.9072	19.0864	18.4251	18.9674	21.2974	24.9303	27.273	26.4058	23.2543	19.5321	16.3155	14.4539	14.2073	14.9144	15.2091	14.0152	11.9647	10.8302	11.9958	16.2039	22.6695	28.0614	29.2407	26.9811	24.2847	21.9352	18.5656	13.9882	10.1767	9.62018	13.0917	18.6142	22.8105	23.0429	19.1153	13.7496	10.1311	9.14349	9.89755	11.4824	13.2459	14.9179	17.2254	21.0679	25.5222	27.9123	26.8816	24.1067	22.3097	22.9732	25.6916	28.6525	29.8805	28.6207	25.9548	23.4867	21.1036	17.6761	13.9959	12.3939	13.6879	16.6007	19.3522	20.8073	21.0907	20.8421	19.4545	15.6687	10.015	
10.2705	19.4121	27.8522	32.6173	33.7587	32.4665	30.1444	28.3864	27.383	26.4383	25.8425	26.4218	28.2724	30.4899	32.0313	32.7955	32.6091	29.7825	23.3085	15.4359	9.60016	7.14241	7.46863	9.73167	12.9965	16.0762	18.4791	20.1811	20.1736	17.7095	14.2611	11.9007	11.5861	13.706	17.695	21.3714	22.5705	21.0843	18.7447	17.9908	19.5602	21.8503	23.6617	25.8689	28.7025	30.2862	29.7684	28.9963	30.2576	33.3048	34.3747	30.4502	24.7548	23.9172	29.3863	35.4194	36.353	32.1824	26.1328	20.9813	18.3147	18.3617	20.2481	23.0202	25.5043	25.8404	23.3968	19.801	16.7697	14.9976	14.5414	14.643	14.3818	13.5909	12.6883	12.4335	13.4883	16.0539	20.1983	25.1091	28.293	28.0643	26.187	25.3247	24.8854	22.3007	17.2393	12.1982	10.1434	12.4562	18.1223	24.141	26.7333	23.8706	17.5608	11.9223	9.22963	9.36695	11.4909	14.4688	17.2811	20.201	24.2225	28.909	32.1594	32.3605	29.7076	26.0292	23.8199	23.9188	24.825	24.9945	24.3326	23.6654	23.2118	21.5165	17.5807	13.528	12.5166	15.0459	18.9619	21.6692	22.0115	21.1874	20.8196	19.906	16.2208	10.2314	
12.3069	22.6139	31.3503	35.3582	35.6639	34.1277	31.6388	29.0626	26.5625	23.832	21.3994	20.335	21.2631	23.6412	26.1495	28.2465	29.8341	29.2631	24.7648	17.9264	12.6269	10.8959	12.1768	15.5711	20.0175	23.1333	23.0955	20.7875	17.9641	15.3712	13.2978	11.9618	11.9347	14.2281	18.206	20.808	19.9672	17.1904	15.5387	16.5742	19.3918	21.8518	23.2596	25.2527	28.7576	31.8135	32.3283	30.8503	29.4541	29.025	27.8147	24.2167	21.1831	24.2201	33.5466	41.7179	41.9816	35.4142	27.0851	20.4849	17.371	18.2175	21.7955	25.9488	28.386	27.39	23.4955	19.1617	16.1604	14.8743	14.8816	14.9248	14.0035	12.665	12.2195	13.3959	15.9718	19.3517	23.2426	26.9316	28.8554	28.5967	28.1439	29.229	30.2579	28.1756	22.6593	16.5169	13.1335	14.4116	19.9037	26.92	31.2895	29.6916	23.0616	16.1225	12.6357	13.0996	16.2326	19.9976	22.5268	24.0091	26.1913	29.6842	33.29	35.1739	33.7754	29.6001	25.7918	24.4207	24.3886	24.1252	23.5122	23.2572	23.2694	21.7013	17.5528	13.3866	12.6488	15.8241	20.6275	24.1464	24.8422	23.7592	22.5149	20.2486	15.3441	8.96332	
12.7309	22.7066	30.5058	33.2512	32.7471	31.4766	30.1241	28.6629	26.4474	23.0634	19.5765	17.5045	17.3254	18.3142	19.5704	21.3121	24.0986	26.3003	25.022	20.573	16.7759	16.1638	18.1564	21.8538	26.4434	28.9511	26.5864	20.8908	15.6816	12.7185	11.3631	10.699	11.324	14.7258	19.9898	23.0184	21.2487	17.0597	14.6295	15.6002	18.624	21.3737	22.8373	24.4354	28.0624	32.9239	35.9867	35.1817	31.3018	26.9588	23.4973	20.6271	19.8567	24.6589	34.5615	42.3647	41.6488	33.9897	25.0693	18.5041	15.7399	17.245	22.1653	28.2344	32.2692	31.9019	27.9199	23.2748	19.8023	17.6636	16.4466	15.3152	13.6791	12.1897	11.9976	13.4309	15.9918	19.3199	23.4011	27.3954	29.7232	30.2641	30.9448	33.1184	35.1892	34.197	29.3589	22.9374	18.5409	18.8637	23.9006	30.9517	35.8236	34.7979	28.1899	21.1162	18.3494	20.3695	24.7605	28.241	28.4236	26.1564	24.4864	25.2491	28.2192	31.5123	32.1253	29.2798	26.2401	25.6931	26.3898	26.144	24.8125	23.7228	23.2597	21.5534	17.3967	13.1857	12.211	15.0197	19.7727	24.0326	26.1078	25.9339	23.9807	19.7791	13.4181	7.01157	
11.3167	19.7238	25.8659	27.4282	26.5392	25.9625	26.3428	27.0403	26.6553	24.3568	21.2931	19.153	18.1147	17.2025	16.1652	16.3907	19.2939	23.3742	24.9261	23.0948	21.1363	21.4745	23.3643	25.9338	28.8095	29.4505	25.2914	18.2512	12.6386	10.1385	9.3877	9.03725	9.92449	13.8312	19.9124	23.9431	22.9375	18.8678	15.9799	16.3701	19.1517	22.1131	23.7265	24.8563	28.0771	34.0047	39.2835	39.3577	33.5805	26.4534	22.3027	21.2752	22.4072	26.6518	33.4956	38.0076	35.8132	28.4796	20.7226	15.5299	13.8211	15.7777	21.0415	28.1241	33.9384	35.5336	33.2203	29.8245	26.7722	23.5751	20.082	16.8081	14.2264	12.8205	12.7353	13.4364	14.5634	16.7389	20.6496	25.3036	28.575	29.9208	31.0451	33.3425	35.8141	36.1469	33.1364	27.849	23.4647	23.2889	27.6286	33.4934	36.9782	35.2864	29.1966	23.7289	23.3137	27.5334	32.6975	34.7595	31.7095	25.6266	20.5927	19.0014	21.1651	25.3002	27.6499	26.6397	25.4111	26.6426	28.3266	27.4769	24.5298	22.1586	21.3211	19.925	16.3603	12.5472	11.34	13.2698	17.1071	21.3832	24.7773	26.0378	24.0031	18.4581	11.2454	5.21986	
8.68435	15.058	19.6362	20.7389	20.3727	21.0326	23.0127	25.2751	26.4284	25.6668	23.8074	22.3331	21.4719	20.144	17.8795	16.296	17.7567	21.8007	24.899	25.3637	25.2616	26.1742	27.1895	27.6322	27.5476	25.5194	20.2584	13.8526	9.80641	8.8966	9.12487	8.99643	9.52708	12.6429	18.1007	22.8199	23.9516	21.9661	19.8024	19.7743	21.8031	24.0941	25.2114	25.8268	28.2931	33.5709	38.6808	38.5763	32.2358	25.1921	23.0749	25.4494	28.8247	31.8993	34.3495	34.1058	29.7399	23.038	17.1184	13.8868	13.7694	16.3458	21.0583	27.3128	33.2949	36.4094	36.5084	35.8103	34.5498	30.9028	25.0769	19.5256	16.1624	15.2873	15.6465	15.4769	14.6554	14.9636	17.6944	21.8163	25.0673	26.6247	27.7398	29.4811	31.2292	31.7564	30.3248	27.0526	23.936	24.0176	27.6866	31.8379	33.1294	30.3324	25.2482	22.2331	24.2303	29.6813	34.4807	34.9809	30.1052	22.6092	16.5838	14.3724	16.6134	21.6327	25.1532	25.0332	24.3916	26.0499	27.599	25.6513	21.2375	17.9318	16.9251	16.1063	13.7832	11.328	10.9117	12.7688	15.781	19.1091	22.2443	23.8042	21.7838	15.9936	9.03389	3.82853	
5.70867	10.1035	13.5834	15.1627	16.4024	18.9249	22.1743	24.7324	25.8175	25.3209	23.9722	23.2057	23.7819	24.4897	23.2936	20.5707	19.5521	21.7921	24.9327	26.9065	28.3955	29.7961	30.0535	28.7984	26.3153	22.1245	16.237	10.9225	8.78687	9.65938	10.9952	11.235	11.4879	13.5667	17.7202	22.4405	25.6104	26.143	25.0519	24.4802	25.1947	26.019	26.0102	25.8986	27.1851	30.2307	32.8921	31.6755	26.3651	22.1553	23.8646	29.9851	35.5043	37.9147	37.2137	33.4225	27.3673	21.2023	16.9385	15.7602	17.8201	21.6513	25.4495	29.2045	33.2799	36.426	38.2626	40.0614	40.5043	36.469	28.7716	21.6874	18.2629	18.6319	20.2694	20.0424	17.7752	16.1286	16.7948	18.9337	20.9282	22.2321	23.3817	24.4298	24.5978	23.7959	22.5613	20.9094	19.5221	20.3629	23.7481	27.0429	27.4767	24.5686	20.5194	18.9218	21.3683	25.7777	28.8615	28.4599	24.2563	18.2287	13.3203	11.8065	14.9124	21.0496	25.3255	24.9191	22.9075	22.8271	23.1378	20.8189	16.6345	13.5855	12.6699	12.3407	11.4183	10.941	12.4165	15.4902	18.2617	19.6165	20.1021	19.7574	17.1919	12.108	6.54397	2.64836	
3.26518	5.99635	8.65278	10.952	13.9183	18.0325	21.8303	23.7334	23.7151	22.4997	21.0101	20.865	23.4737	27.4958	28.9826	26.369	23.1391	22.7751	24.5924	26.7937	29.0339	30.6579	30.58	28.8714	25.909	21.3076	15.4472	10.7587	9.57742	11.3135	13.2602	14.0818	14.9401	17.0402	20.3072	24.2439	27.8461	29.4661	28.6715	27.2402	26.6761	26.4008	25.6296	24.8738	24.8906	25.5533	25.614	23.4946	19.8708	18.7202	23.2355	31.3487	37.8599	40.0407	38.3396	33.8393	27.9814	22.7017	19.6919	20.3282	24.7809	30.2047	32.9733	33.4677	34.5715	36.7257	39.1565	41.8672	42.4634	37.6029	28.9148	21.5213	18.7243	20.586	24.0448	24.9457	22.4614	19.3389	17.5762	16.9888	17.1017	17.8732	19.0611	19.6306	18.5358	16.4166	14.8637	14.2829	14.556	16.3895	19.8654	23.2761	24.516	22.8094	19.7307	18.2399	19.2929	20.917	21.3145	20.3345	18.1249	14.8767	11.7356	11.0239	14.7892	21.6473	26.3004	25.2443	21.1328	18.302	17.0818	15.4739	13.2164	11.631	11.3362	11.6815	12.1791	13.6002	16.8856	21.1416	23.4923	22.157	18.6961	15.2528	11.819	7.8941	4.21792	1.75392	
1.81986	3.38475	5.28849	7.77155	11.435	15.8447	19.1093	20.0116	19.2696	18.061	17.1941	18.1403	22.591	29.2969	33.3487	31.6653	27.1421	24.2932	24.174	25.7267	27.8033	28.7962	27.8259	25.8463	23.597	20.261	15.6199	11.8121	11.0679	12.7914	14.6394	15.9164	17.8938	20.8585	23.6756	25.9955	27.9995	28.7759	27.5659	25.7136	24.919	24.8332	24.3413	23.3777	22.3932	21.5355	20.4837	18.7045	16.733	16.9645	21.5686	29.1765	35.4829	37.7662	36.5161	33.0786	28.4786	24.0255	21.5904	23.1713	28.9345	34.9807	36.6023	34.6341	33.7063	35.2999	37.9103	40.2661	39.9181	34.5499	26.2735	19.655	17.4552	19.9101	24.5	27.1035	25.9842	22.7686	19.2056	16.0391	14.0884	13.7678	14.3608	14.466	13.2026	11.3719	10.6111	11.5551	13.9378	17.4056	21.2355	24.4242	26.0954	25.5907	23.6766	22.4231	22.0398	20.6451	18.0372	16.1653	15.6416	14.8718	13.1282	12.5575	15.8968	22.2604	26.6467	25.2605	19.8738	14.9787	12.7206	12.3156	12.404	12.5708	13.2657	14.816	17.0709	19.952	23.5023	26.8269	27.3935	23.5528	17.3158	11.8758	8.1003	5.30119	3.11702	1.58122	
1.18402	2.12907	3.50288	5.78791	9.28256	13.004	15.1126	15.1453	14.5331	14.5348	15.4766	18.3246	24.5845	32.9899	38.4388	37.1786	31.4801	26.4917	24.839	26.026	27.8173	27.4617	24.3713	20.8662	18.7278	17.0671	14.7628	12.9271	13.1971	14.9767	16.398	17.45	19.742	23.0238	25.0984	25.22	24.5021	23.4978	22.0401	20.9231	21.1667	22.1462	22.4293	21.4894	19.7848	18.2347	17.5227	17.4138	17.3416	17.903	20.7787	26.1722	31.5498	34.2752	33.9107	31.2059	26.9202	22.3442	19.6666	20.9434	25.925	30.674	31.1244	28.6085	27.8217	30.1202	33.2728	35.209	34.3067	29.8033	23.5006	18.3012	16.1327	17.6764	21.7711	25.6296	27.1513	25.9615	22.3769	17.5589	13.5454	11.3787	10.4661	9.85053	9.22122	9.12635	10.4225	13.7122	19.051	25.0974	29.4086	30.9767	30.8513	29.9859	29.095	28.8819	28.0318	24.4498	19.3614	16.4538	16.8471	17.8567	17.2138	16.3339	18.1175	22.491	25.6674	24.2753	19.0328	13.6944	11.4277	12.4678	14.6449	16.2452	17.8721	20.8094	24.8069	28.3168	30.1508	30.0847	27.6863	22.5828	16.2688	11.0379	7.6543	5.52679	3.91538	2.45455	
1.05864	1.91771	3.26535	5.57719	8.88017	11.8607	12.9107	12.3522	12.1363	13.4221	16.2336	21.296	29.6398	39.269	44.7337	42.4628	35.1484	28.7689	26.7567	28.3147	29.9723	28.1338	22.5583	16.8373	14.0585	13.8063	14.1874	14.8266	16.4399	18.4788	19.3902	19.4813	20.8023	23.247	24.1732	22.4172	19.5335	17.2469	16.0519	16.1369	17.5385	19.3072	20.0726	19.2258	17.2775	15.6597	15.7362	17.4906	19.552	20.9057	22.2324	24.8521	28.6411	31.7515	32.1685	29.2102	23.9474	18.6244	15.5694	15.9553	18.7823	21.0196	20.441	18.6887	19.2145	22.5766	26.3033	28.2599	27.9229	25.684	22.2952	18.6806	16.1358	15.9803	18.5596	22.8773	27.1073	29.0943	27.2235	22.1742	16.5824	12.2198	9.22235	7.56733	7.58874	9.41649	12.9492	18.7152	27.1583	35.8163	40.1268	38.7808	34.9446	31.9415	31.1159	31.8641	31.3018	27.1125	21.2079	17.817	18.431	20.4825	21.0395	20.3214	20.5952	22.4981	23.9069	22.4695	18.1799	13.6667	12.3178	15.0401	19.1707	22.0695	24.3997	27.9917	32.4178	35.23	34.6082	31.1626	26.719	22.2392	17.9583	14.1634	11.1224	8.78426	6.69073	4.46318	
1.64907	3.02382	4.84961	7.3715	10.4977	12.9102	13.3153	12.5514	12.6514	14.493	18.1227	24.3883	33.7456	43.1717	47.0853	43.0673	35.0069	29.183	28.4199	30.7934	32.1121	29.001	21.841	14.8411	11.8113	12.8224	15.417	17.7842	19.813	21.3203	21.3191	20.2689	20.3361	21.7252	21.9778	19.7443	16.4148	13.9658	13.066	13.5534	15.1669	17.1439	18.3008	17.9143	16.3509	14.9563	15.1745	17.5639	21.2704	24.3809	25.5978	25.9764	27.7531	30.6929	31.4582	27.7934	21.4568	16.0094	13.4635	13.4798	14.3335	14.214	12.7326	11.595	12.7623	16.063	19.5192	21.7272	22.9697	23.7136	23.2003	20.827	17.8454	16.4643	18.1741	22.8219	28.4257	32.0958	31.7212	27.5245	21.5753	15.6	10.5507	7.55557	7.58759	10.4924	15.511	23.0389	33.5143	43.4414	46.8625	42.4642	34.8832	29.1433	27.2613	28.0496	28.0934	25.1329	20.5622	17.5644	17.7201	19.7814	21.4602	22.0399	22.5011	23.2743	23.2356	21.2111	17.3908	13.7544	13.374	17.3705	23.003	27.1187	29.9096	32.9441	35.9373	37.0992	35.1698	31.06	27.2398	24.9781	23.3487	21.0728	18.0868	14.9484	11.6914	8.06747	
3.54124	6.17594	8.70813	10.9173	13.1622	14.9347	15.3832	15.2621	16.0734	18.1671	21.4725	26.7435	34.0576	40.4218	41.4807	36.5363	29.9126	26.7534	28.4885	32.2912	33.7968	30.2172	22.5626	15.2279	12.1821	13.8239	17.5657	20.6559	22.1221	22.05	20.5254	18.6061	18.1975	19.3364	19.8712	18.4473	15.9498	13.9632	13.0165	13.0406	14.351	16.8072	19.0505	19.665	18.6147	17.0013	16.1667	17.5524	21.7722	26.7822	29.1445	28.7076	29.0756	31.4099	31.7767	27.2354	20.5239	16.1473	15.1937	15.6397	15.3409	13.6126	11.3229	10.0922	10.6981	12.5434	14.7496	17.2427	20.6209	24.3617	26.0531	24.2839	20.968	19.576	22.246	27.978	33.2779	35.4792	34.4602	31.1951	26.2247	19.805	13.1492	8.54423	7.71589	10.5843	16.1138	24.2787	35.0381	44.5696	46.8673	40.696	30.9345	23.1843	19.8942	20.0026	20.59	19.7042	17.5907	15.6724	15.2708	16.6407	18.9883	21.6497	24.317	25.9368	25.0279	21.5301	16.9892	13.5604	13.5569	17.7228	23.6479	28.2614	31.0141	32.7566	33.6924	33.5224	31.9677	29.5975	28.0195	28.0111	28.4293	27.7723	25.7809	22.92	19.1479	14.0849	
6.75299	11.283	14.5144	15.6458	16.2428	17.4996	19.0034	20.6765	22.9568	25.4549	27.5368	29.4789	31.6634	32.874	31.2022	27.035	23.3397	23.1524	27.3014	33.3584	36.7898	34.285	26.8008	19.0057	15.1238	15.9704	19.548	23.0414	24.3819	22.9623	19.8355	17.3423	17.2667	18.8922	19.9177	19.0511	16.9527	14.9822	13.6861	13.3304	14.93	18.8206	23.0441	24.9706	23.9764	21.2268	18.3336	17.6289	21.0607	26.942	30.797	31.4227	32.1496	34.0199	33.0745	27.1943	20.4411	17.5684	18.3333	19.3738	18.5745	16.1123	13.4298	11.9236	11.6069	11.7735	12.7267	15.5495	20.63	26.2595	28.9988	27.3136	23.992	23.6841	28.6085	35.8967	40.0384	39.2316	36.5054	34.1871	30.8794	24.5676	16.3688	9.79066	7.44108	9.5275	14.8617	22.6673	32.263	40.4113	42.0993	35.9166	25.9265	17.5151	13.3497	12.7859	13.6613	14.3333	14.2486	13.702	13.5998	14.7213	17.4088	21.896	27.2755	30.472	28.7693	23.21	17.368	13.9559	14.1716	17.8893	23.1049	27.221	29.2294	29.5765	29.0562	28.2756	27.2987	26.275	25.9231	26.6029	27.8091	28.8717	29.4658	29.185	26.8787	21.3277	
9.79064	16.0073	19.7506	19.8851	19.3089	20.801	24.0918	28.0038	31.8461	34.4342	34.3897	31.6864	27.8967	24.522	21.9479	20.2001	19.4991	20.8284	25.7863	33.7068	40.03	39.979	33.6241	25.6947	20.6027	19.5692	21.7877	25.4383	27.6709	26.3356	22.5852	20.0896	20.9172	23.4001	24.4518	22.701	19.1731	15.8071	13.7077	13.4109	15.956	21.6085	27.9195	31.2413	30.1813	25.9396	20.7278	17.6731	19.4582	24.952	29.978	32.8703	35.345	36.88	33.8918	26.2188	19.1927	17.1447	18.7208	20.0805	19.4366	17.2747	14.9068	13.4393	12.7603	12.4937	13.5472	16.9537	22.2432	27.3495	29.4927	27.7513	25.0301	25.9718	32.2831	39.9053	42.8505	40.6341	38.1392	37.8388	36.4099	30.037	20.0275	11.2207	7.08881	8.04394	12.6788	19.4563	27.1931	33.6132	35.14	30.2813	21.7876	14.1238	9.98011	9.32444	10.5476	11.9704	12.7813	13.3001	14.3022	16.0602	18.9991	24.3485	31.4047	35.5279	32.7959	25.3336	18.613	15.7221	16.7006	20.4774	25.2205	28.6434	29.495	28.3174	26.5605	24.9763	23.3141	21.6787	20.7298	20.7176	21.6134	23.5909	26.5909	29.5028	29.8286	25.2002	
10.5035	16.9844	20.7388	20.8492	20.6545	23.1658	27.8851	33.0809	37.5219	39.543	37.289	30.8021	23.0028	17.6113	16.2843	17.794	19.4493	20.6107	24.0971	31.5496	39.3349	41.9775	38.3855	32.2268	27.0907	24.2199	24.1568	26.8491	29.859	29.9409	27.4153	26.2529	28.8343	32.7781	33.7998	30.0909	23.4827	17.3459	13.8466	13.5452	16.6806	23.0187	30.3763	35.0818	34.804	29.9593	23.0841	18.1122	18.2447	22.8361	28.2303	32.4342	35.6473	36.1849	31.3026	22.5494	15.5277	13.6587	15.239	16.8562	16.9949	15.8502	14.2271	13.1047	12.9043	13.8355	16.4894	20.5516	24.404	26.7633	27.1367	25.6555	24.0856	25.4615	30.7587	36.5051	38.3842	37.0842	37.0671	39.5512	40.0268	34.0109	23.0354	12.7207	7.13787	6.87847	10.382	15.6648	21.3334	26.018	27.6708	25.0599	19.3748	13.4782	10.0331	9.95784	11.9552	13.795	14.5085	15.0724	16.6015	18.808	21.6947	27.0128	34.4744	38.7177	35.2212	26.9132	20.2964	18.3849	20.4349	24.8166	29.6423	32.5643	32.0887	29.0588	25.6816	22.8406	20.0011	17.432	15.9714	15.5018	15.6587	16.9526	19.9393	23.6592	25.3012	22.1671	
8.43242	13.5059	16.6146	17.459	18.6897	22.1964	27.1012	31.8973	35.7086	37.1525	34.302	26.9602	18.3824	13.3001	13.9621	18.1897	21.3412	21.611	22.3304	26.8318	33.4397	37.7857	38.0148	35.494	31.7822	27.766	25.1287	25.625	28.3571	30.2234	30.3079	31.6577	36.7762	42.9675	44.5502	38.9866	29.2176	20.3802	15.5949	15.1303	18.0336	23.4727	30.3456	36.1241	37.6664	33.6737	26.2093	19.926	18.8005	22.5329	27.1738	30.0497	31.1963	29.7705	24.2656	16.4752	10.7683	9.46911	11.2174	13.3698	14.4288	14.1695	13.1022	12.3845	13.1517	15.8258	19.9093	23.6441	25.0937	24.462	23.5175	22.9786	22.8435	24.0687	27.2088	30.422	31.5255	31.4674	33.2282	37.0601	38.6761	33.8752	23.8645	13.8497	7.92788	6.88194	9.18423	12.8209	16.5858	19.9406	22.0874	22.0021	19.3382	15.3544	12.773	13.4728	16.2895	18.3367	18.4257	17.926	18.3403	19.605	21.7834	26.5313	33.5379	37.6096	34.5589	27.4728	22.3453	21.4492	23.8378	27.9995	32.0776	33.7696	31.7196	27.0782	22.4781	19.0695	16.4951	15.125	15.3044	15.7111	15.075	14.2109	14.6388	16.1776	16.8029	14.5682	
5.2409	8.29079	10.4372	11.9445	14.3838	18.2879	22.4604	25.8251	28.3494	29.6916	28.2079	22.794	15.7129	11.6971	13.4665	18.7893	22.5732	22.4994	21.2621	22.3677	26.1699	30.6555	33.9165	34.8677	32.8689	28.4336	23.9676	22.3465	24.1774	27.1211	29.2867	32.588	39.7535	48.1789	50.9334	44.7704	33.6829	23.9649	18.9472	18.5655	21.0542	25.1052	30.6927	36.7461	39.8557	37.1821	29.8587	22.7509	20.5558	23.2917	26.3153	26.1795	23.7662	20.3911	15.7906	10.7766	7.65202	7.8039	10.482	13.5801	15.3519	15.3347	14.1516	13.4032	14.799	18.4055	22.3844	24.3854	23.4026	21.1167	20.1954	21.0272	22.3063	23.8655	26.2741	28.7746	29.9022	29.8388	30.6077	32.9291	33.8818	30.041	22.112	14.1911	9.60627	8.78775	10.2289	12.4624	15.0197	17.9281	20.7289	22.1955	21.2033	18.3771	16.3961	17.3324	20.0639	21.7506	21.2403	19.5449	18.0097	17.4252	18.6176	22.7249	28.8985	32.8259	31.504	27.5757	25.1189	24.9627	26.28	28.3491	29.8742	29.2054	25.7154	20.6776	16.3417	13.8597	13.4218	15.4834	19.192	21.3287	19.7061	15.9399	12.8746	11.21	9.82606	7.69419	
2.67709	4.18778	5.52847	7.19924	10.0203	13.8242	17.2902	19.4105	20.6672	21.8879	22.1036	19.372	14.4392	11.3452	13.0618	17.9975	21.9551	22.7791	21.6402	20.7524	21.7807	25.1608	29.4733	32.0728	30.9603	26.5192	21.4942	19.0097	20.1233	22.9232	25.2242	28.4418	35.6401	44.8054	48.83	44.1922	34.9171	26.7257	22.2967	21.9407	24.4093	28.2507	33.3608	38.9379	41.7382	38.9598	31.6322	24.2359	21.188	22.611	23.8742	21.4018	16.7314	12.7154	9.90377	8.03896	7.60347	9.37645	13.2539	17.4325	19.7369	19.4678	17.4769	15.9123	17.0139	20.528	23.6983	24.0924	21.6798	18.9603	18.5047	20.0707	21.9858	24.2505	27.7512	31.678	33.6923	32.7149	30.6264	29.5526	28.3065	24.4484	18.6004	13.9101	12.2956	12.844	13.792	14.9283	17.1586	20.5525	23.7467	24.9398	23.4091	20.454	18.5045	18.8017	20.239	20.9503	20.2219	18.2369	15.7091	14.215	15.318	19.3414	24.6653	28.1307	28.3032	27.3826	27.3847	27.537	26.97	25.9642	24.3367	21.4785	17.5173	13.5249	10.8367	10.2361	12.3976	17.8873	24.6673	27.8793	24.9494	18.6054	12.9081	9.09933	6.39205	4.12575	
1.3681	2.11392	2.94437	4.33462	6.80702	10.1832	13.2952	14.8998	15.2822	15.8794	16.6436	15.6696	12.6367	10.4191	11.697	15.7802	20.0524	22.7775	23.3126	22.0388	21.1999	23.0948	27.0281	29.714	28.5364	24.0033	19.1996	17.0054	17.7869	19.4631	20.2617	21.6702	26.7223	34.3675	39.0536	37.7584	33.0009	27.9256	24.0593	23.1324	25.9661	31.4451	37.9893	43.2405	43.896	38.7171	30.2724	22.8125	19.358	19.5464	19.5805	16.5575	11.9512	8.72124	7.72039	8.19078	9.53294	12.2178	16.7688	21.651	24.1818	23.3229	20.2103	17.5103	17.8198	20.9194	23.9172	24.2999	22.0012	19.4197	18.8395	19.7475	20.7846	22.8019	27.1783	32.6579	35.7625	34.325	30.0576	26.0881	22.7382	18.68	14.7932	13.6133	15.6138	18.1418	18.9216	19.1988	21.5243	25.7403	28.9191	28.4728	24.6875	20.3188	17.7076	16.9689	16.9664	16.936	16.5179	15.1452	13.1682	12.6577	15.1392	19.6284	23.7053	25.5145	25.3656	25.4378	26.5045	26.7369	24.9168	21.8475	18.3725	14.7472	11.4945	9.42933	9.04715	10.386	14.0093	20.5975	27.811	30.4533	26.3092	18.8144	12.3661	8.16133	5.28814	3.05996	
1.40642	2.01971	2.53431	3.3583	5.01003	7.55815	10.1862	11.5761	11.5252	11.3524	11.6778	11.3376	9.71541	8.4426	9.50578	13.0861	18.105	23.0974	25.9354	25.504	24.0201	24.7798	27.8877	30.0145	28.1848	23.1265	18.442	16.7016	17.1338	17.2902	16.2223	15.6343	17.8952	22.7034	26.9934	28.8687	28.7884	26.8224	23.4487	21.9349	25.3645	33.2053	42.2159	47.9581	46.5511	38.1833	27.6059	19.6533	16.0022	15.454	15.1106	12.8834	9.64341	7.60006	7.65957	9.131	11.1451	14.22	19.2821	24.6796	26.9732	24.9397	20.5343	17.0253	16.8	19.5031	22.6508	23.9667	22.8749	20.8877	19.7152	18.9943	18.1612	18.8913	22.8488	28.6523	32.6303	32.1041	27.8855	22.8643	18.4192	14.4765	12.2005	13.5459	18.0504	22.1228	23.1283	22.9862	25.2555	29.8203	32.7331	30.6569	24.4829	18.2277	14.5993	13.239	13.0131	13.5401	14.1247	13.6573	12.8623	14.3597	18.8704	23.5216	25.216	23.8275	21.6928	21.218	22.4741	23.1422	21.535	18.2527	14.5378	11.1716	9.03579	9.03813	11.0607	13.8788	17.1749	21.8813	26.6945	27.6192	23.1564	16.4232	10.9637	7.47705	4.9814	2.88665	
3.12139	4.21757	4.54182	4.58072	5.09141	6.31522	7.79446	8.60655	8.38861	7.93065	7.88367	7.73566	7.00394	6.50515	7.70335	11.4981	17.8582	25.3662	30.9994	32.6137	31.6787	31.4389	32.803	33.2215	29.9513	23.8952	18.7861	16.8186	16.5878	15.6859	13.8341	12.591	13.2678	15.709	18.7571	21.6423	23.7274	23.471	20.7851	19.3317	23.0371	31.8072	41.945	48.2835	46.4539	36.7559	24.913	16.4979	12.7596	12.0833	12.1802	11.3319	9.55282	8.20769	8.28574	9.53297	11.542	15.2843	21.6102	27.898	29.589	25.7107	19.7924	15.8574	15.4737	17.6233	20.4294	22.5425	23.1622	22.2833	20.4278	17.8102	15.3466	15.2694	18.7718	24.3129	28.8822	29.9515	27.0189	21.893	16.7634	12.9461	11.6706	13.8997	18.6768	22.934	24.4036	24.5061	26.4489	30.547	33.1793	30.6437	23.4622	15.9242	11.3554	9.88281	10.6265	12.9179	15.0939	15.5162	15.6847	18.9652	25.0634	29.0812	27.5305	22.3676	18.0657	17.2042	19.0448	20.7608	20.2021	17.5302	14.0332	10.8763	9.44041	10.9886	14.8738	18.3545	19.9434	21.0527	22.2928	21.6578	18.1516	13.5919	9.92783	7.28724	4.9695	2.8324	
7.06718	9.42788	9.68673	8.65185	7.69927	7.17448	6.84576	6.52733	6.20638	6.18992	6.60289	6.85168	6.44921	6.12511	7.56629	12.2986	20.7296	31.2866	40.3962	44.9606	45.022	42.9288	40.3928	36.7981	30.8899	23.7226	18.1236	15.5357	14.7901	14.1426	13.3567	13.1875	14.0152	15.5307	17.2253	18.951	20.378	20.1579	17.9175	16.4662	19.1661	26.1706	34.6207	40.3591	39.4214	31.45	21.2101	13.8723	10.7535	10.5719	11.5656	12.0375	11.2441	10.0123	9.52792	10.0693	11.9704	16.7098	24.5554	31.4915	32.1716	26.4594	19.5191	15.7382	15.4919	17.0253	19.3342	22.3281	24.9301	25.208	22.4298	17.9547	14.6526	14.9875	18.8182	23.893	28.1255	29.891	27.8362	22.5967	16.9591	13.5153	13.2244	15.4951	18.9436	22.1275	24.0037	24.8689	26.4247	29.4526	31.7829	29.9763	23.4509	15.62	10.2134	8.43411	10.0364	14.0427	17.8181	19.0887	19.7718	23.878	30.611	33.8024	29.8091	22.1284	16.7777	16.3688	19.2282	21.8289	21.7537	19.1516	15.5483	12.3975	11.3359	13.7794	18.6075	21.8914	21.3268	18.9622	17.3012	16.0752	14.305	12.1888	10.1649	8.01607	5.49122	3.01838	
12.8805	17.2494	17.6216	15.2441	12.52	10.0435	7.6796	5.97997	5.63605	6.86717	9.00014	10.3092	9.64428	8.3064	9.24821	14.7724	25.2672	38.826	51.3992	58.8148	59.4383	54.5445	46.6833	37.8074	29.007	21.4359	16.1653	13.4716	12.8405	13.4982	14.8106	16.4438	18.3341	20.1333	21.0514	20.9976	20.655	19.6348	17.2131	14.9048	15.1684	18.4344	23.138	26.8677	26.9682	22.695	16.728	12.4347	10.9038	11.5077	13.1327	14.2954	13.9344	12.5792	11.5629	11.6052	13.601	19.1189	27.4885	33.7459	32.9812	26.4692	20.157	17.6506	17.8533	18.7486	20.6223	24.4298	28.4369	29.165	25.4928	20.033	16.8531	17.983	21.7364	25.213	27.5444	28.6336	27.0064	22.2385	17.0813	14.8114	15.9749	18.4512	20.4632	22.3164	24.3925	25.9602	27.021	28.582	30.2078	29.398	24.5722	17.5157	11.6187	9.05791	10.5401	15.2353	19.9813	21.7922	22.2666	25.7631	32.0894	35.3165	31.5555	24.0811	19.0627	19.1288	22.1458	24.2768	23.3741	20.1195	16.4523	13.8431	13.6205	16.9231	22.261	25.0302	22.5752	17.6782	14.3286	13.2488	13.0447	12.6385	11.6305	9.72717	6.89518	3.87288	
18.0393	24.5541	25.5255	22.2633	18.0108	13.7983	9.65366	6.73138	6.60701	9.89482	15.0627	18.2853	16.8896	13.0116	11.7002	16.3766	27.3195	42.3095	56.9476	66.0692	66.6595	59.4162	47.7756	35.7173	26.0468	19.6045	15.6303	13.3286	12.8418	14.4297	17.3326	20.4498	23.478	26.0044	26.7315	25.4408	23.7577	22.1686	19.5559	16.2023	13.769	13.0584	13.7291	14.9779	15.6976	15.2432	14.2498	13.7832	14.1628	15.1217	16.3515	17.2289	16.855	15.3083	13.8123	13.5129	15.6655	21.4678	29.2434	33.8786	31.9723	26.2824	22.3862	22.0227	22.5995	22.3789	22.995	26.0855	29.6635	30.1562	26.903	22.6596	20.7714	22.1326	24.2975	24.8275	24.4877	24.6068	23.7589	20.5411	16.9416	16.1292	18.4614	21.2182	22.5542	23.6779	25.5985	27.0326	27.1364	27.0091	27.4081	27.0868	24.2809	19.1581	13.8702	10.8119	11.5736	15.8437	20.4563	22.0068	21.4769	23.2818	28.6476	33.2165	32.6328	27.9698	24.0464	23.7245	25.3956	25.6693	23.0983	19.0877	15.9453	14.8816	16.3882	20.8746	26.6259	28.9594	25.2815	19.0096	14.9841	14.1114	14.4434	14.4119	13.6595	11.99	9.096	5.51565	
19.4152	27.431	29.9969	27.5875	23.1021	17.866	12.4028	8.55987	8.85998	14.4867	23.0473	28.3757	26.0253	18.8165	13.8106	15.5658	24.4466	38.2309	52.5278	61.6668	61.9951	54.3666	42.9699	32.3635	25.2049	21.2384	18.525	16.0681	14.8036	16.0504	19.5424	23.8863	28.1215	31.2661	31.7705	29.6103	27.0903	25.4104	23.3373	20.0385	16.185	12.7165	10.2669	9.38869	10.3948	12.964	16.2391	19.2588	21.1674	21.5034	20.8809	20.2488	19.27	17.3372	15.2921	14.6637	16.8631	22.4514	29.0837	32.2878	30.3833	26.8183	25.8053	27.0899	27.352	25.548	24.0102	24.6141	26.1931	26.6005	25.616	24.5725	24.7103	25.7904	25.6642	23.2607	20.8897	20.6726	21.0987	19.9857	18.1692	18.0926	20.2991	22.7712	24.1251	25.2823	26.6214	26.8269	25.5062	23.9178	23.0327	22.4905	21.1776	18.516	15.1779	12.7824	13.0054	15.9244	18.9991	19.3687	17.7744	18.2248	22.9832	29.5325	33.1982	32.2048	29.3599	28.0855	28.1235	26.7242	22.7423	18.1459	15.8572	16.9441	20.6068	25.8825	31.0581	32.5732	28.7249	23.057	19.9044	19.3132	18.844	17.4184	15.7166	13.9688	11.2438	7.33786	
17.0423	25.8465	30.9271	31.1396	27.7932	22.2014	15.8029	11.4153	12.3082	19.7432	30.379	36.6294	33.3238	23.6731	15.4672	13.6366	18.7455	28.9638	40.4584	47.9996	48.3251	42.8347	35.8055	30.7025	28.1626	26.31	23.2632	19.273	16.3586	16.5256	20.1157	25.7907	31.5987	35.4121	35.5305	32.4413	28.9951	27.1095	25.9739	24.0972	20.9692	16.8454	12.5801	9.97345	10.9484	15.728	22.4058	28.3185	31.1906	29.944	26.1095	22.6082	20.1647	17.7709	15.7289	15.4963	18.1581	23.4366	28.7303	30.7941	29.4627	27.8884	28.3492	29.395	28.3995	25.3189	22.2268	20.6367	20.5679	21.4765	23.0188	24.8149	26.5321	27.4959	26.1024	22.2041	18.8259	18.5206	20.1148	21.1529	21.1652	21.3283	22.3934	23.8419	25.2729	26.7823	27.4168	26.0678	23.4515	20.971	19.0915	17.7771	16.9615	16.3935	15.7761	15.2785	15.4954	16.4057	16.7774	15.4697	13.5405	14.0241	18.9754	26.9506	33.4527	34.9187	32.6639	30.7879	30.4633	29.086	24.7967	19.7158	17.8905	20.7716	26.0782	30.9405	33.9103	33.883	31.0402	28.4839	28.5245	29.1685	27.1983	22.5885	18.0739	15.1055	12.2944	8.36123	
14.2404	23.7284	31.2326	33.9328	31.577	25.6369	18.7508	14.6608	16.5969	24.8364	35.1583	40.426	36.5162	26.5354	17.1937	12.8019	14.122	19.8995	27.2729	32.4211	33.3368	31.7892	31.1294	32.5777	33.9752	32.1298	26.5924	20.0373	15.4967	14.7276	18.114	24.7039	32.125	37.1631	37.5809	34.0364	29.7025	27.1366	26.4452	26.4711	25.861	23.176	18.2917	14.0931	14.5164	20.5799	29.5809	37.4735	40.7296	37.6607	30.4787	23.7598	19.5863	17.2587	16.5509	18.1544	22.3404	27.9587	32.1945	32.9332	31.344	30.0775	29.6121	28.2638	25.1952	21.4459	18.2811	16.4501	16.5272	18.4458	21.0966	23.2796	24.8656	25.7726	24.6302	20.9881	17.3936	16.6669	18.7292	21.6116	23.7153	24.5393	24.4923	24.4232	25.2627	26.7864	27.0298	24.9233	21.7985	18.9506	16.3647	14.2411	13.4883	14.5416	16.6647	18.5769	19.2466	18.1978	15.7281	12.8804	11.343	12.9725	18.5578	26.6103	33.2363	34.922	32.651	30.8094	31.2842	31.3053	27.9089	22.8309	21.0349	24.6102	30.3329	33.92	34.3775	33.1038	32.187	34.1078	38.8032	41.7609	38.4219	29.6988	20.9774	15.6657	12.2844	8.44256	
13.1292	23.345	32.2643	36.0239	33.733	27.3913	20.7932	18.0795	21.3225	29.001	36.7461	39.7981	36.0291	27.5288	18.7959	13.3142	12.1329	14.4173	18.1773	21.242	23.0285	25.2743	29.8215	35.6291	38.4981	34.9589	26.5215	18.0088	12.7515	11.4861	14.1241	20.3449	28.4428	34.9731	36.8464	34.0301	29.4468	26.0186	25.0041	26.4241	28.6599	28.3036	23.6761	18.3629	17.9903	24.1298	33.5105	41.4952	44.2897	40.2065	31.7075	23.8263	19.4054	18.3562	20.0264	24.0178	29.9503	36.4512	40.4925	40.2154	37.5106	34.8006	31.5392	26.5713	21.0633	16.8829	14.4967	13.9855	15.8731	19.4653	22.2123	22.5303	21.822	21.6951	21.1106	18.6193	15.4618	14.2855	16.1608	20.0887	23.9833	25.804	25.028	23.218	22.6328	23.5305	23.7601	22.0469	19.3918	16.6478	13.7261	11.2726	10.7968	13.0523	17.1092	20.9017	22.2783	20.2839	16.1456	12.444	11.4685	14.2396	20.1007	26.8964	31.5235	31.8048	29.1663	27.5382	28.6416	29.9431	28.2191	24.5197	23.4263	27.0147	32.1169	34.5556	33.9219	32.8716	34.2944	39.9274	48.0339	52.4536	47.7086	35.4997	23.3512	16.1401	12.2262	8.39046	
12.4563	22.6317	31.8544	36.2421	34.6711	29.1138	23.8014	22.6738	26.2359	31.5836	35.4683	36.2769	33.3026	26.8343	19.2971	13.8339	11.8241	12.549	14.4071	16.2484	18.387	22.3138	28.597	34.9866	37.0735	32.2663	23.1832	14.947	10.2183	8.80465	10.2566	14.816	21.9369	28.9687	32.4958	31.3701	27.4739	23.573	21.9452	23.8419	27.6727	28.8861	24.9647	19.6721	18.9416	24.0757	31.6161	37.5361	39.1037	35.3709	28.618	23.0286	21.0404	22.65	26.6382	31.6621	37.5357	44.011	48.4324	48.3487	45.0934	40.6264	34.307	26.1899	18.9657	14.6744	13.1673	14.2787	18.4222	24.0378	26.9819	25.1447	21.5145	19.611	18.8591	16.9984	14.188	12.6726	14.0262	18.0129	22.6865	25.1542	23.9294	20.6848	18.5419	18.486	18.7555	17.9182	16.2484	14.0067	11.1801	8.84709	8.70951	11.4115	16.0228	20.5695	22.6985	21.081	16.8877	13.0524	12.1591	14.9955	20.2352	25.3521	27.9015	26.9242	24.1128	22.4602	23.2462	24.8803	25.1148	24.4871	25.8481	30.0727	34.5293	36.3242	35.6745	35.4893	38.5454	45.4996	53.583	56.7703	50.3567	36.7527	23.8717	16.4596	12.4736	8.52026	
10.5236	19.2627	27.9007	33.585	34.7865	32.0921	28.7643	28.1184	29.9629	31.6438	31.9266	31.4656	29.6952	25.1769	19.0588	14.3677	12.6612	13.3	14.7267	15.949	17.5201	20.7407	25.5164	29.6037	30.0409	25.7203	18.9246	13.1204	9.7284	8.27466	8.46777	10.8728	15.7317	21.6077	25.8246	26.6045	24.2433	20.6233	18.5799	20.1691	23.8737	25.1302	21.7433	17.2503	16.5256	20.0526	24.7719	28.0879	28.7615	26.5512	23.2679	21.9129	23.9871	28.8584	34.3615	38.3757	41.5077	45.6021	49.3738	50.0065	47.4696	42.6743	35.2748	26.5564	19.6771	16.0815	15.2925	17.3288	22.5182	28.8604	31.804	29.3326	25.1053	22.9791	21.9752	19.4636	15.7019	13.1749	13.5659	16.7905	21.1941	23.8571	22.8123	19.3697	16.6729	16.0422	16.1765	15.7537	14.6876	12.8553	10.2092	8.00803	7.88497	10.2215	14.274	18.6744	21.3681	20.7265	17.3386	13.7023	12.2437	13.8811	17.7282	21.7373	23.7905	23.0723	20.8135	19.0461	18.8755	20.0231	21.8154	24.7004	29.5038	35.2578	39.5769	40.7861	39.5386	38.9096	41.6452	47.3244	52.5853	52.9746	45.7765	33.4692	22.4829	16.2719	12.5764	8.5143	
7.73975	14.286	21.7301	28.6713	33.3196	34.3014	32.7926	31.2323	30.0707	28.4426	26.9488	26.8532	26.9292	24.7148	20.546	16.9886	15.6656	16.363	17.6172	18.1958	18.6808	20.3463	22.6723	23.8166	22.8214	20.0899	16.8121	14.0885	12.0625	10.4149	9.4483	9.98997	12.4729	16.3631	20.2917	22.5826	21.9978	19.1171	16.8832	17.8254	20.5383	20.9355	17.5487	13.5521	12.5085	14.3198	16.7821	18.7112	19.7172	19.4852	19.172	21.1465	26.4544	33.8296	40.1189	42.3573	41.4996	41.1715	42.1372	42.4398	41.2626	38.3906	33.3103	27.3127	22.773	20.4852	20.2819	22.4155	26.6381	30.9866	32.5446	30.8633	29.2304	29.5678	29.2296	25.4864	19.7254	15.48	14.5748	16.5862	20.0056	22.5703	22.5635	20.6749	19.0996	18.7243	18.5443	17.7534	16.5181	14.6231	11.8612	9.45834	8.87726	10.304	13.3613	17.3427	20.3517	20.428	17.7774	14.4625	12.3421	12.2621	14.3324	17.7412	20.6777	21.6597	20.8298	19.3647	18.3767	18.5628	20.5032	24.9653	31.6707	38.3708	42.5669	43.0006	40.3597	37.9241	38.6899	41.7451	43.7718	42.1821	36.0079	27.0501	19.5319	15.4642	12.5869	8.65865	
5.37419	10.093	16.1764	23.1421	29.4132	32.6631	32.2729	29.6915	26.3588	23.3515	22.2255	23.8434	26.4221	27.0464	25.1277	22.4462	20.8612	20.9385	21.5157	21.3221	21.2131	22.3999	23.4413	22.3437	19.9305	18.2023	17.5869	17.216	16.1479	14.2845	12.6371	12.1998	13.0959	15.1775	18.2669	21.1244	21.577	19.2535	16.9947	17.529	19.5862	19.3968	15.8068	11.7047	9.98126	10.4214	11.6003	13.2949	15.3104	16.5937	17.45	20.1265	26.0457	34.0756	40.6623	41.9776	38.3003	33.8304	31.2591	30.4123	30.7419	31.3168	30.6482	28.5519	26.268	25.0394	25.715	28.0801	30.3143	30.6665	29.1711	27.8334	29.1088	32.2847	33.1311	29.1194	22.5982	17.7167	16.1699	17.0915	19.1452	21.1624	22.3835	23.0483	23.7347	24.1259	23.4719	22.0195	20.5274	18.6144	15.7347	12.9485	11.5432	11.785	14.0295	18.15	21.7783	22.175	19.5169	16.0923	13.3507	11.727	12.0762	15.0028	19.2541	22.4795	23.4771	22.8393	21.7358	20.8786	21.08	23.7424	29.0568	34.8775	38.6088	38.687	35.4353	31.8828	30.8182	31.3496	30.9324	28.4765	24.0774	18.9325	15.4821	14.4307	13.209	9.7483	
3.8889	7.57875	12.5868	18.4075	23.8428	27.2099	27.5575	25.3396	21.9695	19.3476	19.3399	22.6281	27.4996	30.702	30.4455	27.8432	25.3548	24.3725	24.1049	23.6303	24.2693	26.8112	28.1622	25.4768	21.0656	18.8499	19.2721	20.1462	19.7397	18.2901	17.3067	17.3165	17.5398	17.9816	19.5147	21.4549	21.5259	19.2255	17.1898	17.9188	20.21	20.3263	16.8557	12.5136	10.2186	9.86228	10.4145	12.2461	15.1689	17.168	17.5043	18.4244	22.2674	28.8227	34.9521	36.411	32.2838	26.1615	21.7962	20.6215	22.7181	26.6863	29.5897	29.4562	27.3761	26.3936	28.414	31.7428	32.4044	28.8987	23.9823	21.5856	23.3878	27.1865	28.6986	26.1088	21.6797	18.5623	17.5645	17.684	18.2	19.1724	20.9689	23.6702	26.3398	27.3719	26.3164	24.6155	23.5586	22.3978	20.0363	17.1416	14.8737	14.0607	16.2902	21.9608	27.4481	28.2657	24.3681	19.1666	14.8931	11.9489	11.348	14.4997	20.5334	26.0294	28.3677	28.1474	27.0871	25.2944	22.7836	21.5237	23.2458	27.0512	30.4802	31.3502	29.3837	26.7166	25.0346	23.5032	20.9118	17.4949	14.0911	11.7914	11.9922	14.2266	15.1108	12.1694	
3.16588	6.43996	10.8725	15.3579	18.8186	20.9973	21.8865	21.1916	19.1986	17.4236	17.8593	21.7194	27.9312	32.8612	33.393	30.2191	26.6691	24.8232	24.0904	23.9451	26.0284	30.4796	32.6559	28.9161	22.7056	19.679	20.6095	22.3269	22.6012	22.346	23.3911	25.1051	25.3521	24.1541	23.2551	22.6969	20.9452	18.0565	16.3108	17.5687	20.6614	21.8548	19.1321	14.8671	12.2505	11.506	11.9589	14.431	18.6011	21.2843	20.4912	18.4801	18.7471	22.3051	26.8915	28.5211	25.3877	19.9189	15.9116	15.6338	19.5677	25.7946	29.9588	29.0899	25.3733	23.9365	27.049	31.3512	31.3605	25.8497	18.9972	15.4193	16.195	18.8929	20.4203	20.0954	19.4136	19.3117	19.1455	18.2576	17.1498	17.0015	18.715	22.059	25.3573	26.6286	25.6528	24.3357	24.2251	24.4163	23.1701	20.422	17.3491	15.838	18.8651	27.2031	35.7006	37.4772	31.5882	22.9147	15.8635	11.7856	11.5139	16.3398	25.0961	32.8137	35.2666	33.6032	31.1869	28.2793	23.8692	19.6445	18.3819	20.6151	24.3806	27.0283	27.5879	26.9422	25.2732	21.7968	16.9037	12.1544	8.89414	8.19517	10.9009	15.6961	18.2555	15.457	
2.98765	6.16909	10.4048	13.9596	15.591	16.1784	16.9408	17.3956	16.7179	15.6227	16.07	19.9304	26.8432	32.8991	33.9067	30.36	26.4877	24.724	24.0922	24.0042	26.2437	30.7642	32.6953	28.5275	22.2286	20.0513	22.628	25.7375	26.692	27.2595	29.8501	33.1771	34.1373	32.1915	28.9478	25.1244	20.6623	16.5878	14.7364	16.1955	19.9767	22.705	21.7346	18.5105	16.0621	15.102	15.7007	19.3614	25.59	29.7006	28.0959	23.0523	19.426	19.4711	21.7396	22.759	20.379	16.0322	12.9884	13.6818	18.7828	25.9379	29.8076	27.2463	21.766	19.6761	22.9838	27.6042	27.8833	22.6769	16.1236	12.5953	12.8188	14.6164	16.1112	17.641	20.0325	22.2084	22.242	19.9945	17.353	16.4684	18.0797	21.1048	23.7879	24.9182	24.3898	23.5677	24.1058	25.4942	25.4244	22.838	18.9859	16.8311	20.275	30.2851	40.9589	43.8021	36.6787	25.193	15.8077	11.1986	12.105	19.3069	30.9028	40.2355	41.5113	36.5693	31.21	27.2473	23.114	18.9496	16.909	18.3896	22.4496	26.5619	29.1491	29.9685	28.191	23.2733	16.8416	11.3724	8.37031	8.59065	12.4058	18.1235	21.0705	17.8886	
3.08595	6.40081	10.7109	13.7898	14.0907	13.0025	12.6636	13.0055	12.9092	12.5627	13.5835	17.8072	25.0611	31.5024	32.8576	29.9996	27.6953	27.7927	27.9627	27.0519	27.1032	28.7505	28.5522	24.2676	19.7209	20.2635	25.6234	30.5595	31.8765	31.8059	33.623	36.9796	39.0793	38.1145	34.0773	27.8825	21.0928	15.7385	13.3502	14.4901	18.5824	23.0829	25.0557	24.5411	23.499	22.5965	22.7538	26.7278	34.4356	39.8929	37.7849	30.2662	23.4006	20.4537	20.5103	20.4299	17.9913	14.0855	11.3888	12.1317	17.1116	23.9699	27.187	23.8099	17.8127	15.4089	18.25	22.7385	24.0809	20.9456	16.3972	14.0252	14.5087	16.2148	17.9986	20.4593	23.9435	26.6492	26.3144	23.0066	19.3199	18.1804	20.0607	22.7574	24.4863	25.1749	24.8149	23.9119	24.3418	26.4706	27.7612	26.1219	22.2933	19.3252	21.2762	29.5989	39.3454	42.4243	35.9584	24.7688	15.4654	11.2687	13.0522	21.3283	33.7666	43.0421	42.7541	35.1232	27.6629	23.9629	22.3274	20.745	19.4732	20.0286	22.88	26.4648	29.1209	30.131	28.5164	23.8602	17.8753	13.1761	11.2619	12.2472	15.6828	19.9498	21.3736	17.4304	
3.3832	7.24633	12.1767	15.3728	14.7918	11.9774	9.84863	9.14274	9.0688	9.61535	11.7556	16.4205	23.0037	28.3402	29.5546	28.5391	29.6961	33.0389	34.3991	32.1928	28.9427	26.3308	23.1191	18.8916	16.8718	20.4931	28.2017	34.3138	35.4753	33.7224	32.8104	34.2534	36.6715	37.2277	34.0807	27.8716	20.8688	15.3833	12.8072	13.6819	17.9205	23.8961	28.9415	32.0388	33.5928	33.2858	32.2659	34.6243	41.3995	46.4288	43.6182	34.9296	26.6629	22.2527	21.0293	20.0939	17.2448	13.1798	10.1807	10.1244	13.8074	19.3142	21.8759	18.9375	13.8613	11.7471	14.0203	18.2906	21.1023	20.9041	19.1858	18.2863	19.0248	20.8378	23.0848	25.6137	28.0973	29.415	28.2832	24.6576	20.7204	19.6421	21.9126	24.6087	25.7154	25.8005	25.0517	23.6094	23.6794	26.5616	30.0559	31.2908	29.4212	25.8921	24.2214	27.2014	32.6983	34.893	30.7394	22.9428	16.1484	12.9746	14.4927	21.2665	31.2904	38.4817	37.4539	30.1158	23.5873	22.0283	23.8287	25.4565	25.2899	24.3253	24.1749	24.8252	25.419	25.6521	24.9367	22.4637	18.8816	16.3785	16.4704	18.3711	20.3269	21.0974	19.3308	14.3716	
4.01679	8.84342	14.9213	18.7422	17.6283	13.2319	9.29903	7.43026	7.23762	8.5752	11.6499	16.1452	20.856	23.8179	24.3853	25.445	30.0709	35.9417	37.6982	34.1738	28.5431	23.1664	18.4256	15.1869	15.7438	21.5097	30.0011	35.9615	36.4874	33.143	29.4098	28.0072	28.9574	29.5602	27.612	23.5379	18.963	15.2739	13.5904	14.7721	19.0464	25.3251	31.5911	36.7365	40.3208	41.0968	39.6566	40.1475	44.2596	46.8897	42.9898	34.7042	27.3617	23.3499	21.8602	20.3989	17.0934	12.7582	9.45731	8.56313	10.5958	14.2714	16.1822	14.3292	10.906	9.46103	11.263	15.2307	19.2704	21.7809	22.7547	23.1126	23.8016	25.5494	28.0859	29.9636	30.0857	28.7448	26.4253	23.0004	19.4945	18.5374	20.8212	23.6046	24.6889	24.4317	23.1715	21.3873	21.5637	25.4869	31.5894	36.7794	38.3568	35.1259	29.4126	25.7024	25.4966	26.0048	24.4577	21.1584	17.8649	15.8866	16.37	20.0389	25.7708	30.0816	29.5679	25.0351	21.3762	22.2117	26.4349	30.3776	31.3978	29.3923	26.0705	22.8488	20.3465	19.2533	19.5166	19.7953	19.4504	19.9545	22.5595	25.4774	25.738	22.6849	17.4837	11.3899	
4.86619	10.3924	17.1127	21.234	19.8847	14.7921	10.0564	7.69213	7.56948	9.46525	13.0157	17.0183	19.8952	20.6788	20.5032	22.8369	29.2602	35.4933	35.9187	30.7064	24.08	18.6821	15.2329	14.5142	17.4545	24.0125	31.79	36.7097	36.5583	32.4695	27.2081	23.462	21.8846	20.8061	19.1292	17.5019	16.3991	15.6252	15.6084	17.3475	21.164	26.2332	31.2789	35.7633	39.541	41.5469	41.6343	42.2388	44.2255	43.9559	38.8095	31.6969	26.5504	24.0048	22.6538	20.6238	16.9861	12.9252	10.0788	8.9762	9.72615	11.8794	13.5481	13.1076	11.3781	10.4088	11.3993	14.4236	18.5551	22.382	25.0194	26.3474	27.2291	29.0798	31.5669	32.2173	29.7484	25.8852	22.6106	19.7787	17.0888	16.0335	17.6522	20.4798	22.5456	23.0925	21.887	19.9682	20.2416	24.5715	31.7914	39.1891	43.4049	41.3098	33.5764	25.2276	20.3284	18.7621	18.6621	18.8949	18.799	18.2708	18.2626	19.5523	21.9356	24.3823	25.0237	23.1136	21.1104	22.1954	26.4555	31.2729	33.7129	32.0755	27.0481	20.9573	15.9952	13.756	14.6146	17.2161	20.1846	23.8833	28.5798	31.7507	30.2941	24.5255	17.1527	10.2457	
5.4671	10.7811	16.7975	20.3614	19.3191	15.2622	11.4881	9.54568	9.5292	11.5351	15.2065	19.1984	21.732	21.8016	21.0352	23.35	29.7125	34.6591	32.5806	25.1725	18.0637	14.1735	13.6961	16.2392	21.0757	27.4051	33.8782	37.8753	37.5952	33.7532	28.3262	23.2456	19.2802	15.9786	13.5995	13.237	14.6964	16.4502	17.842	19.5545	22.066	25.1257	28.3324	31.6284	35.1032	38.1982	40.4138	42.2549	43.1997	40.7484	34.5513	28.3256	25.0534	23.9071	22.7004	20.2884	17.1176	14.6082	13.3033	12.5018	12.2028	13.3758	15.708	17.4075	17.4806	16.4345	15.5471	16.1933	18.6968	22.1229	25.3339	27.557	29.1594	31.3545	33.4245	32.6548	28.3786	23.31	20.0603	18.3687	16.6809	15.1013	15.2861	18.0721	22.3363	25.4601	25.2392	22.7653	21.901	24.8917	30.6228	36.853	41.0152	40.0152	33.2683	24.4656	17.7298	14.3993	14.1303	15.9708	18.2277	19.7755	20.8916	21.8291	22.7831	24.272	25.2033	23.6734	20.7445	19.7274	22.0998	26.5452	30.0953	29.605	24.5826	17.8115	12.4875	10.4504	12.2603	17.1451	23.4577	29.8607	35.006	36.4391	32.6262	25.3617	17.5434	10.5848	
5.58567	10.1216	14.8373	17.7941	18.0399	16.7242	15.3213	14.1074	13.4587	14.4614	17.5921	22.0753	25.9154	26.8833	25.6699	26.495	30.9996	33.8647	29.6084	20.6365	13.4197	11.1333	13.3803	18.4804	24.4502	30.4207	36.1751	39.933	39.9042	36.7072	31.8428	26.2552	20.5923	15.4701	12.0741	11.7833	14.303	17.365	19.1947	20.0202	20.8335	22.4215	25.327	29.4592	33.9381	37.6494	40.1066	41.4778	41.1226	37.3877	30.7501	24.91	22.4858	22.1164	21.1782	19.2109	17.8326	18.2062	19.1799	18.6427	16.9566	17.183	20.8012	25.4911	27.8759	26.5114	22.7512	19.671	19.3033	21.4768	24.9241	28.0857	30.3764	32.4716	33.6871	31.9402	27.3467	22.7478	20.5863	20.4845	19.8394	17.3572	15.4354	17.6796	24.3674	30.9769	32.3525	28.8138	25.5548	25.9179	28.7704	31.8244	33.6018	32.6848	28.5894	22.8669	17.4132	13.3979	12.0809	14.0214	17.9978	22.5249	26.6502	28.8875	28.7679	27.9382	26.6771	23.3033	18.4116	15.1747	15.6053	19.0246	22.5559	22.7213	18.7773	13.5772	10.2265	10.0037	13.448	20.6335	29.7487	37.4189	40.7685	38.6452	32.4189	25.1987	18.6332	12.3607	
5.80364	9.92044	14.0078	17.1907	19.4615	21.3649	22.4315	21.4558	19.0447	17.6301	19.0499	23.4509	28.7468	31.2706	30.0266	28.8489	30.4899	31.1241	25.9419	17.0518	10.5893	9.76564	13.8488	20.2043	26.3557	32.0249	37.6744	41.4261	41.344	38.5694	34.6922	29.5876	23.2898	17.1016	12.8751	12.1373	14.7305	18.1166	19.7034	19.4788	19.2311	20.7171	24.9415	31.3324	37.4742	40.9365	41.2815	39.7437	37.1405	32.7441	26.5687	21.3159	19.329	19.3489	18.8173	17.841	18.6898	22.0322	25.1338	24.626	21.2973	20.235	24.6983	32.0674	36.8543	35.6831	29.6566	23.128	19.7841	20.4691	23.8988	27.6703	30.1471	31.5407	31.7773	29.9387	26.5537	23.7124	23.2169	24.7293	25.0583	21.7384	17.5034	18.0949	25.3811	34.0843	36.8261	32.699	27.5712	25.8336	26.4606	26.7577	25.7674	24.033	22.3529	20.7801	18.3131	14.8112	12.6057	14.1128	19.3924	27.2446	35.4189	39.7421	37.9469	32.7408	27.1044	21.0443	14.9741	11.1349	10.9635	13.5365	16.0748	15.9057	13.0947	10.3417	9.79373	11.6784	16.2984	24.4192	34.2537	41.0473	41.365	36.2187	29.8079	25.3337	21.8405	16.6539	
7.25375	11.734	15.8644	19.4036	22.9491	26.6764	28.9814	27.7237	23.5101	19.5958	18.7718	21.8187	26.9387	30.2669	29.8498	28.3549	28.4943	27.8019	22.5737	14.5798	9.28562	9.88708	15.3722	22.1126	27.3336	31.6897	36.3942	39.5284	39.1699	36.9365	34.5037	30.7681	24.8853	18.4537	13.9021	12.943	15.6208	19.3338	20.845	19.9817	19.3756	21.3559	26.5985	33.953	40.3673	42.8104	40.8082	36.3956	31.8123	27.2858	22.3161	18.4243	17.3867	17.9687	17.8374	17.4704	19.3857	24.0294	27.9815	27.2618	22.8307	20.7209	25.0851	33.3538	39.4134	39.2902	33.4788	25.7391	20.0985	18.6289	20.8652	24.3427	26.8349	27.9769	27.9471	26.7198	25.0168	24.0923	25.0699	27.711	28.8132	25.2625	19.3631	17.3859	22.3986	30.1507	33.2798	29.9139	25.037	22.9005	22.6898	21.7263	19.2786	17.1004	17.2459	19.1873	19.7622	17.3621	14.7476	15.691	21.3277	30.9311	41.7355	47.7525	44.9153	36.2622	27.0743	19.194	13.0362	9.89232	10.3194	12.6602	14.0341	12.8831	10.4354	9.20113	10.2986	13.0995	17.538	24.5348	32.5612	36.8852	34.7524	29.1242	25.6048	26.1643	26.7968	22.7019	
10.2179	15.3528	19.147	21.7599	24.4591	27.636	29.6569	28.3145	23.9556	19.5611	17.7619	19.2068	22.5965	25.4747	26.6045	27.3589	28.6594	27.9086	22.4181	14.4674	9.62479	11.308	18.065	24.9037	28.3152	29.7697	31.8476	33.6356	33.5381	32.6743	31.8379	29.2617	23.9934	18.0058	14.0275	13.8378	17.5648	22.3359	24.0986	22.4898	21.044	22.492	26.8153	32.5487	37.3054	38.7349	36.3333	31.6685	26.9471	22.9808	19.426	17.12	17.2088	18.4648	18.8456	18.823	20.6394	24.6991	27.8443	26.4479	21.7034	19.4265	23.2609	30.5373	36.0632	37.1625	33.8588	27.4745	20.6576	16.5698	16.4803	18.9223	21.7671	23.8821	24.6357	23.9666	22.9598	22.9307	24.6528	27.6261	28.9224	25.638	19.3224	15.179	16.5677	21.27	23.8499	22.1395	19.12	17.7219	17.3888	16.2139	13.9173	12.6436	14.8921	19.8326	22.938	21.4779	18.5039	18.6557	23.2086	31.2679	40.6569	46.2774	43.9698	35.8849	26.9355	19.331	13.8085	11.5988	12.8226	15.1156	15.4567	13.2529	10.5541	9.4729	10.4628	12.8544	16.54	22.0337	27.7338	29.5959	26.1009	21.4004	21.1984	25.9912	29.6858	26.3539	
13.3352	18.5766	21.2088	21.7675	22.2107	23.4949	24.6126	23.8569	21.2254	18.6945	17.977	19.1052	21.0745	23.203	25.8597	29.5812	32.9525	32.3788	25.9042	16.7782	11.2935	13.3254	20.9724	27.8268	29.3026	27.2613	25.9205	26.2637	27.3814	28.9574	29.6334	27.1295	21.695	16.293	13.6459	15.2651	20.9758	27.1293	28.7925	25.7534	22.5665	22.266	24.2307	27.015	29.4286	30.3568	29.3503	26.775	23.6639	20.8646	18.453	16.9454	17.1735	18.4768	19.4784	20.3082	22.2974	25.5447	27.381	25.0243	20.1874	18.0943	21.161	26.4013	30.0485	31.4855	30.8916	27.2614	21.1361	15.7938	13.9409	15.4407	18.7443	22.175	23.8565	23.0955	21.6285	21.7516	23.9966	26.7332	27.1498	23.6121	17.5636	12.5732	11.3906	13.4374	15.458	15.4315	14.4026	13.7969	13.3601	12.2616	10.8187	11.1904	15.7638	23.3233	28.349	27.4394	24.2266	23.8665	26.5548	30.2241	34.082	36.4857	35.2538	31.0271	25.8202	20.4816	16.1354	14.6942	16.3521	18.3585	17.7766	14.8405	11.9104	10.3691	10.3113	11.818	15.3175	20.7038	25.6173	26.2008	21.7485	16.9393	17.258	22.6089	26.6786	23.8268	
14.7831	19.3547	20.8248	20.0249	18.9742	18.8651	19.4302	19.6188	19.1166	18.9099	20.0195	22.1908	24.3261	26.3149	29.4497	34.0778	37.7382	36.6393	29.3401	19.3045	13.0007	14.642	22.2623	28.8005	28.933	24.4208	20.5535	20.2107	23.4376	28.3338	30.71	27.5246	20.8981	15.4072	13.8043	17.1612	24.6731	31.6655	32.7221	28.3379	23.907	22.2744	22.1374	22.1526	22.2414	22.4665	22.6166	22.1772	21.0371	19.663	18.1777	16.7449	16.0805	16.476	17.6122	19.4378	22.3211	25.813	27.3513	24.6792	19.8777	17.5853	19.2616	22.0289	23.3778	24.104	25.0696	24.5871	21.4217	17.4969	15.6253	16.5654	19.4571	22.7766	24.3033	23.0888	21.4285	22.3986	25.8275	28.2676	26.8522	21.8937	15.6745	10.6407	8.65747	9.83334	12.1903	13.7799	14.3268	14.3108	13.8785	12.9644	12.0954	13.245	18.6212	26.8831	32.3968	31.9683	29.6703	30.0774	31.2972	29.9115	26.9774	24.9261	24.0921	23.8003	22.8994	20.4647	17.714	17.1407	19.1922	21.0791	20.0702	16.9111	13.8861	11.6782	10.3707	11.059	14.8158	20.954	26.2937	26.8484	21.9457	15.9071	13.9233	16.443	18.6942	16.3601	
13.7667	17.4844	18.7845	18.4581	17.7161	17.4948	18.2083	19.2822	19.9875	20.7727	22.8581	26.4076	29.7797	31.7605	33.385	35.6202	37.0117	34.9487	28.2742	19.3241	13.3078	14.1128	20.3021	25.694	25.3453	20.5893	16.5774	17.1074	22.9416	31.0392	34.9272	30.8709	22.6182	16.2576	14.6455	18.4909	26.5218	33.5766	34.4383	30.3144	26.6733	25.4453	24.2938	21.817	19.0629	17.4227	17.2171	17.6538	17.9783	18.1	17.771	16.6426	15.0873	14.0019	14.2043	16.1431	19.8991	24.5254	27.1043	25.296	21.0335	18.295	18.1183	18.3896	17.6855	17.3278	18.8915	21.2898	22.1689	21.3139	20.5684	20.9399	22.1131	23.4836	23.8532	22.5822	21.741	24.1273	28.6816	30.7455	27.6698	21.2897	14.6608	9.78295	8.07123	9.83087	13.4235	16.5905	18.2734	18.7878	18.8349	18.4689	17.6557	17.8978	21.3097	27.0476	30.8608	30.8224	30.5547	32.5595	32.9943	28.1855	20.8666	15.9243	15.0328	16.7683	18.3847	18.106	16.9933	17.5434	20.3318	22.7785	22.3141	19.6078	16.4784	13.2808	10.6002	10.4153	13.9956	20.1529	25.6256	26.9005	22.92	16.535	12.11	11.1334	11.1186	9.25456	
10.8352	14.1199	16.2544	17.518	18.0723	18.6455	20.1665	21.9983	22.8321	23.2861	25.6451	30.5969	35.2447	36.3316	34.3791	31.939	29.8925	27.2834	22.8875	17.1008	12.6801	12.3778	15.7842	19.1098	18.9759	16.1712	14.5924	17.6384	25.9188	35.6141	39.5249	34.2861	24.7881	17.6783	15.4435	18.3332	25.1588	31.5851	33.4007	31.7855	31.062	31.8206	30.6027	25.7214	19.499	15.1789	13.9245	14.722	16.2379	17.8367	18.8572	18.4172	16.3073	13.5341	11.9281	13.0009	17.1407	22.9812	27.0358	26.6112	23.2728	20.3982	18.7716	17.0029	14.5636	13.0088	14.3598	18.3615	22.3041	24.2993	24.8981	24.8347	24.2318	23.725	23.4562	22.7383	22.4246	24.5435	28.1765	29.2794	25.8621	19.8813	13.9575	9.74435	8.75867	11.5931	16.5202	20.6883	22.7114	23.4717	24.3177	24.8636	23.9648	22.4492	22.3811	23.7902	24.5678	24.3139	25.4384	28.1494	28.1405	22.721	15.1399	10.221	9.5945	11.7862	14.1069	14.9445	15.2298	17.0738	20.8488	24.1454	24.5843	22.515	19.1507	14.8133	10.7761	9.51187	12.0486	16.9307	21.6172	23.8015	22.1899	17.6252	12.9145	10.1123	8.59024	6.67729	
7.4623	10.6765	13.8616	16.6269	18.4753	20.1565	22.704	25.0134	25.4784	25.5776	28.8312	35.6915	41.2374	40.3318	33.7606	26.3448	21.4062	19.1558	17.9255	16.0882	13.6455	11.9729	12.0553	13.0757	13.4431	13.3068	15.0525	21.0955	31.0559	40.2895	42.3203	35.6179	25.9892	19.3778	16.8693	17.8242	21.7287	26.542	29.8688	32.1289	35.5114	39.2091	38.7847	31.9842	22.4034	15.6737	14.0435	15.8408	18.7063	21.4808	23.303	23.0346	20.1414	15.6416	12.0723	11.8712	15.6945	21.8134	26.5034	27.0953	24.9751	22.9637	21.2223	18.3203	14.3095	11.168	11.19	14.75	19.5828	23.2347	25.1364	25.5153	24.9167	24.768	25.4786	25.4071	23.9908	23.0928	23.3636	22.8394	20.28	16.5585	12.7896	9.93308	9.6768	13.1173	18.6197	22.8941	24.493	25.0253	26.3811	27.7614	27.0778	24.4026	21.6049	19.4932	17.6775	16.6928	17.8357	20.1891	20.2993	16.5113	11.2569	7.90211	7.69621	9.77869	12.3063	14.1581	16.1518	19.7939	24.6694	28.0293	27.8637	24.9716	20.733	15.5953	10.8575	8.65257	9.58881	12.4014	15.6548	18.4293	19.6544	18.5617	15.9835	13.5229	11.4479	8.84966	
5.25128	8.30264	11.993	15.7407	18.8202	21.6549	24.8021	26.9859	27.0935	27.5893	32.5758	41.5099	47.3953	44.0856	33.4295	22.3666	15.8796	14.6861	16.5673	18.2189	17.3424	14.3735	11.8499	11.3809	12.2809	13.8311	17.4442	25.0163	35.1513	42.4489	41.9406	34.7413	27.2112	23.2627	21.4176	19.8613	19.3948	21.1733	25.034	30.6355	38.0423	45.0964	46.2679	38.4854	26.4996	18.3983	17.4281	20.8501	24.9676	28.1462	29.5822	28.3883	24.291	18.3813	13.3522	11.9216	14.6982	19.8001	23.9171	25.0097	24.4621	24.4662	24.2944	21.8169	17.0079	12.1154	9.76034	11.0096	14.5799	18.3455	21.1691	22.997	24.6807	27.3408	30.12	30.1213	26.3866	21.5092	17.9434	15.7164	14.1145	12.8081	11.4033	9.97168	10.0435	13.1944	18.361	22.3737	23.6575	23.8276	24.9637	26.5779	26.4948	23.9548	20.1441	16.2881	13.0876	11.5327	12.4578	14.9064	16.2214	14.771	11.6508	9.12101	8.65561	10.4523	13.627	17.3431	22.0033	28.113	33.8281	35.5903	32.2201	26.2764	20.4326	15.2292	10.9129	8.35226	7.74606	8.44105	10.0835	12.8343	16.1891	18.6569	19.3103	18.5304	16.6377	13.2248	
5.31595	7.81385	11.0469	15.1562	19.5356	23.5953	26.8402	28.293	27.9186	28.7898	34.9196	44.8646	50.387	45.1932	32.3026	19.8668	13.3221	13.3053	17.2741	21.0791	21.242	17.9374	14.8137	14.5512	16.1186	17.7434	20.6357	27.049	35.2563	39.7191	37.3421	31.6561	28.7069	29.3424	28.9746	24.8267	19.4722	17.1661	19.6744	26.3688	36.0441	45.5243	48.3686	40.9578	28.7788	21.2136	21.635	26.2838	30.686	33.1498	33.1821	30.5089	25.4135	18.95	13.4481	11.4054	13.329	17.4142	20.842	22.0932	22.6038	24.5094	27.0427	27.3127	23.8049	17.8414	12.5262	10.2137	10.8422	12.9914	15.7027	19.1839	24.3948	31.0819	36.0049	35.3055	29.0946	21.3352	15.3976	12.0625	10.7548	10.5433	10.3778	9.84265	10.094	12.7659	17.4377	21.5671	23.3033	23.2231	23.1426	23.8742	24.3565	23.0797	19.7936	15.4693	11.5824	9.71805	10.9107	14.514	17.8894	18.4139	15.975	12.7406	11.1352	12.4763	16.5813	22.564	30.0277	38.1198	43.4807	42.1697	34.5827	25.494	18.721	14.3748	11.1657	8.61485	6.8058	5.86116	6.17553	8.43026	12.6529	17.425	20.8172	21.899	20.5778	16.7502	
7.99584	9.59206	11.2797	14.6602	19.7187	24.7626	27.9914	28.6102	27.4833	27.904	33.6636	43.076	47.733	41.7324	28.8765	17.4569	12.1641	12.9138	17.1605	21.2102	22.0016	19.9295	18.6221	20.2648	22.7138	23.3696	23.8554	27.2901	32.2424	33.6714	30.1535	26.6151	28.1377	32.9147	34.1402	28.48	19.7166	13.9557	14.0314	19.3361	28.2602	37.4844	40.9633	35.528	26.4116	21.8458	23.8735	28.3225	31.383	32.2036	30.8678	27.5439	22.5924	16.6823	11.7087	10.0548	12.4067	17.0332	20.8081	21.8364	21.8242	24.243	29.7452	34.7684	34.8148	28.9733	20.9163	14.7437	11.5332	10.6343	11.868	16.0649	24.1734	34.4611	41.2642	39.8299	31.7551	22.6193	16.041	12.3918	10.7565	10.1605	9.89271	9.83401	10.8316	13.9265	18.8254	23.7364	26.4968	25.9854	23.503	21.9378	22.3843	22.9292	21.2631	17.1976	12.6911	10.2918	11.6398	16.3793	21.5374	23.2903	20.6152	16.1387	13.3463	14.1635	18.5872	25.5909	34.1258	42.2797	45.9523	41.8506	32.1912	22.9157	17.4277	14.6264	12.156	9.19324	6.30599	4.31017	3.85458	5.55781	9.667	15.2253	20.1195	22.4559	21.5526	17.5819	
12.067	12.8625	12.4487	13.758	17.779	22.5962	25.6301	25.8958	24.4356	24.3168	28.9563	36.8391	40.4279	34.8327	24.1318	15.7061	12.5724	13.415	16.0111	18.4123	19.2997	19.3318	20.9387	24.883	28.1574	28.0256	26.512	27.1891	29.146	28.1886	23.755	20.8711	23.8069	30.028	32.4589	27.3703	18.167	11.0269	9.06007	11.784	17.6295	24.0205	26.8368	24.2965	20.3281	19.9695	23.0839	25.9001	26.4867	25.5684	24.0007	21.8495	18.5459	13.9057	9.72962	8.83229	12.3923	18.603	23.3412	23.7958	22.3227	24.5236	32.6833	42.2787	45.9137	40.962	31.6676	23.0871	16.6463	12.3748	11.1795	14.4028	22.8726	34.4396	42.544	41.6052	33.4736	24.5161	18.3902	14.8371	12.5901	10.9909	10.1243	10.5746	12.952	17.2755	22.938	28.8489	32.5953	31.3314	25.8913	21.3442	21.1585	23.3877	23.676	20.197	15.0929	11.9347	12.8339	17.453	22.8157	24.7936	22.0017	17.2478	14.216	14.5081	17.8972	23.5805	30.6528	37.1259	39.2469	34.7972	26.89	20.9826	18.6928	17.3208	14.3601	10.0228	5.94952	3.3447	2.60591	3.90781	7.43958	12.7674	18.1137	21.0094	20.1126	15.9219	
14.7496	15.6458	13.9838	12.7845	14.0211	16.8739	19.172	19.7045	18.934	19.0552	22.6639	28.5381	31.0166	26.9705	20.2334	16.271	15.8263	16.1816	15.7873	15.2185	15.371	16.9021	20.4963	25.5879	29.3877	29.7472	28.1508	27.297	26.8785	24.2052	19.0914	15.6493	17.6	23.2887	26.7525	23.772	16.1598	9.17396	5.98545	6.34738	8.85373	11.8919	13.5374	13.3825	13.7174	16.3557	19.5818	20.5679	19.1633	17.3697	16.6846	16.8027	15.8093	12.5086	8.78433	8.05144	11.9402	18.6292	23.4983	23.4326	21.4069	24.1171	34.0434	45.4932	50.1583	45.953	37.6354	29.4914	22.0604	15.7502	12.4305	13.522	19.5266	29.1127	37.1599	38.1961	32.7403	25.8961	20.7719	17.1415	14.253	12.0631	11.1627	12.4859	16.222	21.3124	26.9204	32.8455	36.8355	34.931	27.5218	20.8894	20.0208	23.2054	24.8828	22.045	16.9503	13.7464	14.2052	17.4077	20.9932	22.1259	19.8864	16.4137	14.1751	13.7953	15.0158	17.7867	22.0098	26.4649	28.368	26.1038	22.3083	21.0129	21.9639	21.1943	16.7387	10.5827	5.54143	2.75909	2.01846	2.96599	5.68219	10.1896	15.264	18.3014	17.42	13.2243	
14.3071	16.5783	15.5355	12.763	10.8433	10.9132	12.1393	13.2382	13.6336	14.2096	16.6427	20.2925	21.8556	20.0677	18.0403	18.8528	20.9687	20.5513	16.9696	13.2451	12.07	13.8276	17.6847	22.472	26.6112	28.7872	28.8094	27.249	24.4371	20.0725	14.7208	11.203	12.4018	17.6203	22.1224	21.2524	15.2973	8.7055	4.80471	3.62409	3.92001	4.72562	5.44473	6.29949	8.31754	11.5469	14.0752	14.1461	12.337	10.7924	11.1433	12.9589	13.7097	11.5998	8.26278	7.08343	9.76141	14.8319	18.4874	18.3596	17.3172	21.1133	31.0688	41.0544	44.0879	40.1427	34.105	28.4808	22.49	16.5316	12.7499	12.1493	14.7576	20.4412	26.847	29.9935	28.7522	25.2839	21.3073	17.3392	14.0614	12.148	12.1841	14.861	19.6053	24.2809	28.0298	31.9451	34.8782	32.8323	25.5042	18.6604	17.4213	20.5635	22.6556	20.5616	16.6382	14.7894	15.5599	17.0409	17.9158	17.7123	16.5374	15.2083	14.1217	12.99	12.0451	12.1071	13.7696	16.6867	19.0562	19.2988	18.8535	20.3964	22.8261	21.9589	16.5379	9.69932	4.73383	2.38782	1.84192	2.40526	4.16486	7.46809	11.6312	14.4367	13.9065	10.3763	
11.6912	15.6847	16.3357	13.3263	9.40084	7.41046	7.83313	9.38882	10.5109	10.9144	11.773	13.3562	14.3644	14.6499	16.2791	20.2925	23.7447	22.584	17.0971	11.6312	9.51752	10.7526	13.7822	17.5802	21.8739	25.8993	27.7185	25.8232	20.9643	15.1456	10.0304	7.32489	8.66884	13.6396	18.4977	18.7899	14.0826	8.15412	4.20718	2.43403	1.79689	1.65942	1.86915	2.65087	4.33475	6.55323	8.08105	8.04304	6.91707	6.14377	6.98927	9.21383	10.7112	9.7025	7.12932	5.57369	6.49336	9.0987	11.133	11.3145	11.6249	15.7016	23.7	30.4254	31.2026	27.5066	23.57	20.4835	16.9196	13.0918	10.5742	9.65338	9.97309	12.1697	16.2117	20.1419	22.0768	21.4606	18.5342	14.5619	11.4698	10.3694	11.6886	15.736	21.1442	24.7847	25.6753	26.1792	27.0012	25.1642	19.5763	14.126	12.9017	15.2687	17.0298	15.7742	13.671	13.6641	15.0686	15.4112	14.342	13.2978	13.2234	13.7812	13.6956	12.2267	10.1913	8.84055	8.90105	10.5526	12.7836	14.0069	14.5662	16.1948	18.0882	17.0838	12.4526	7.02017	3.46744	2.09762	1.88175	2.11589	3.00317	5.03758	7.88132	9.99096	9.81427	7.37717	
8.44852	12.9794	14.7282	12.3245	8.18593	5.64827	5.76762	7.38704	8.54901	8.3893	7.89417	8.04662	8.71448	10.0451	13.0625	17.6056	20.6812	19.1534	13.901	8.93796	6.94084	7.61911	9.58073	12.2971	16.1489	20.5794	23.0552	21.2865	16.0139	10.129	5.84558	4.1197	5.46689	9.39658	13.2868	13.826	10.5355	6.1561	3.11218	1.59849	0.890866	0.578395	0.58261	0.972751	1.80089	2.82442	3.52216	3.56002	3.14574	2.96463	3.76644	5.53964	7.02358	6.84976	5.25296	3.79365	3.59169	4.46362	5.41439	5.86655	6.7744	9.91117	14.9994	18.6052	18.0933	15.0808	12.5425	10.9641	9.35467	7.78148	6.9426	6.5341	6.07192	6.3629	8.37474	11.588	14.3381	14.9704	13.0043	9.83549	7.53152	7.14848	9.06545	13.4606	18.7093	21.3592	20.2176	18.059	16.984	15.4581	12.0743	8.68102	7.82707	9.2866	10.4459	9.84415	9.07328	9.93777	11.3824	11.3026	9.83448	8.8677	9.50585	10.9941	11.5555	10.4138	8.52189	6.97998	6.27761	6.77429	8.0772	8.93688	9.11303	9.62701	10.3076	9.49256	6.78333	3.82071	2.12977	1.73707	1.81036	1.85702	2.17386	3.22508	4.80486	5.98381	5.86416	4.41413	
