
TracePro Release: 7 0 3 
Irradiance Map Data for D:\SUSTech\Linear Units in millimeters
Data for Observation screen 3.5 Screen
Data generated at 22:41:24 October 24, 2025

Raytrace Time: mins: 0, secs: 11

Projected Plane Extent from surface geometry 
      TopLeft:(20,3,-20) 
      TopRight:(-20,3,-20)
      BottomLeft:(20,3,20) 
      BottomRight:(-20,3,20)
Corners of Data Set (plotted) 
      TopLeft:(20,3,-20) 
      TopRight:(-20,3,-20)
      BottomLeft:(20,3,20) 
      BottomRight:(-20,3,20)
Total Incident Rays: 27718
Min: 5.7939 Max: 181.097 Ave: 89.0837
Total Flux: 0.142534 W, Emitted Flux: 0.6
Normalization: 0
Data Smoothing is On
Grid Size is 128 x 128
Map Count 50
Data Cells are 0.3125 x 0.3125 millimeters

25.0342	35.7359	42.6177	44.2905	42.753	42.1219	44.8832	49.2567	51.4385	49.8162	46.1728	43.5405	43.8625	47.2594	51.7899	54.2447	52.1975	45.7847	38.3625	35.1908	39.9689	50.0877	56.5198	52.8382	42.2797	32.1165	25.7212	22.9961	23.1182	24.5099	25.0995	24.2477	23.2184	22.9594	23.2347	23.8524	24.9655	26.8173	28.9431	29.6023	28.1259	26.0239	23.9463	21.3096	19.1161	19.1885	21.4512	24.3877	27.2052	30.2129	33.9247	38.3729	42.3529	43.7821	42.2875	40.6275	41.541	44.5548	48.1414	51.7476	53.9388	53.8333	53.3443	53.1777	51.6616	49.2999	48.2244	48.1345	47.1515	44.7788	41.6116	37.3248	31.0146	23.7036	17.9669	14.7206	12.9776	12.39	14.0638	19.513	28.6113	37.6873	41.9097	40.1067	34.9782	29.768	26.8306	27.2384	29.2777	29.3025	26.0593	22.4318	21.6155	22.7856	22.1615	18.3725	14.5808	14.5015	18.2609	22.7264	25.3853	27.1536	29.8444	32.387	32.6375	31.0547	29.555	28.9678	29.3869	30.7972	32.5363	32.9911	30.5597	25.8505	21.8448	20.4277	20.475	20.228	19.838	21.1144	25.412	31.6781	36.5176	37.138	34.4362	31.2943	27.9924	22.4051	
34.2416	49.5577	59.3695	61.7535	59.67	57.8037	58.4425	60.5055	61.9719	62.0492	61.2985	60.8948	62.5816	67.9795	75.3217	79.2541	76.0323	66.9908	57.2295	52.8443	57.8426	69.1799	76.402	72.0795	60.0709	48.7669	41.5704	37.7153	36.1281	35.4117	33.7465	30.8914	28.7726	29.0926	31.7953	35.6566	39.2857	42.1713	43.7629	42.2633	37.4494	32.3076	29.3082	28.5848	30.1395	34.0711	38.9995	42.9257	45.6131	48.4991	52.5489	57.1735	60.5101	60.9399	59.3023	58.4642	59.5921	61.1987	63.0475	66.2045	68.4307	66.8779	63.7798	62.4516	62.8368	64.4475	67.2088	69.0426	67.5833	63.398	58.3493	52.0569	43.1722	33.3486	26.0969	22.191	19.8487	18.7286	20.8619	28.1933	39.7843	50.8651	56.255	54.9497	49.8936	44.9868	43.6808	47.2407	51.9863	51.6329	44.6043	36.1699	32.0026	31.7446	30.8248	27.4254	24.6558	26.2316	32.2178	38.8085	42.6499	44.9295	48.2101	51.1524	50.9839	48.3289	45.4234	43.2493	42.5517	43.7494	45.563	45.8204	43.0949	38.08	33.5859	31.6584	31.6394	31.9319	32.2861	34.046	38.4389	44.4116	48.5305	48.0153	43.9132	39.2949	34.3826	26.9153	
38.4167	57.2961	69.3015	71.7204	68.9235	66.2484	65.0446	64.4068	64.3469	65.626	68.0595	70.66	74.4506	82.3343	92.4578	97.1755	92.3595	81.9472	72.477	68.7714	73.4995	83.7399	89.8082	84.7428	72.7447	62.6951	57.7209	55.4574	53.1014	48.9735	43.0057	37.4409	35.2204	37.4411	43.1712	50.4196	57.0987	62.1997	64.443	61.0945	51.9079	41.6394	35.8268	36.5993	42.7713	51.366	58.8146	62.6758	63.6437	64.6671	67.3115	70.3986	71.9916	71.7314	71.4716	72.9786	74.8157	74.2758	72.6	72.8996	73.1381	69.1375	62.8954	59.9594	62.4847	69.4575	78.4533	85.1913	86.0654	81.9593	75.7047	66.9808	54.6345	41.6471	32.6159	28.3229	26.4881	26.5637	30.8266	40.7257	53.588	63.8004	67.572	65.6365	61.4797	59.0657	61.8042	69.8185	76.9767	75.1545	63.5388	50.0628	42.4523	40.7627	40.3439	39.0145	38.3186	40.5438	46.2339	52.7309	56.8935	59.5172	62.674	64.6831	63.0313	58.9486	55.0452	52.4962	52.0101	53.2853	54.3554	53.8703	51.7864	48.3818	44.7451	42.4232	41.9443	42.6536	43.7454	45.5817	49.3293	54.3094	56.9912	54.235	47.1003	39.3006	32.0576	23.825	
39.9058	60.9216	74.0264	76.0993	72.85	70.0032	67.9962	66.0226	65.2479	67.1526	71.3059	75.9404	81.9757	92.7502	105.32	109.849	102.619	90.7902	82.379	80.1466	84.1558	91.335	94.2615	88.0824	77.4954	71.1866	71.5148	73.9591	72.972	65.8429	55.0486	47.1552	46.5769	52.1315	60.4117	69.0727	77.0452	84.0436	88.2542	85.4513	74.0016	58.8052	48.1354	47.509	56.0646	68.1153	77.4788	80.6859	78.9461	76.6794	76.3224	76.712	76.4594	76.1426	77.5817	81.2199	83.8061	81.6291	76.3858	72.594	69.6822	63.8067	56.3465	53.3474	58.5126	71.0966	87.1378	100.052	104.231	100.263	92.0681	80.1725	64.3605	48.7844	38.4958	34.3942	34.3529	37.6765	46.1152	59.3595	71.9537	77.9417	76.9351	72.9697	70.1659	71.719	79.6105	91.5701	99.3228	94.676	78.9196	62.3797	53.5426	52.1125	53.4844	54.8041	55.0329	54.7229	56.0496	59.3101	62.5896	65.6171	68.5059	68.7857	64.8421	59.1455	55.2418	54.5818	56.5605	58.8087	59.1312	58.3836	58.3297	58.2471	56.7173	54.1378	52.0441	51.264	51.2497	51.9625	54.8756	59.5976	61.7091	57.0113	46.6786	35.5328	26.1587	17.8825	
44.1342	66.4841	79.7643	81.588	78.3553	75.0791	71.7229	68.7186	68.2858	71.3226	76.5173	82.3061	90.3799	103.731	117.711	121.244	111.355	97.3258	88.5063	86.6936	89.5732	93.2383	92.5594	85.5647	77.538	76.0446	81.9202	88.9885	90.1373	81.9108	68.5175	60.0619	62.1364	71.0233	80.4578	87.7244	93.4779	99.4187	104.814	105.031	95.9472	79.5223	64.3546	59.5936	66.9899	80.3411	91.309	94.3982	90.4228	85.1566	82.2312	80.7795	79.5168	78.7404	79.658	82.5239	84.2301	80.9362	73.8367	67.4507	62.6284	56.9284	51.3436	51.1809	60.4686	78.4998	99.9544	116.237	120.45	113.586	101.206	85.6515	68.2295	53.4392	45.3173	43.7851	46.5018	53.0808	65.3556	81.2166	92.2226	92.6143	86.1974	80.2406	78.7843	83.8433	95.8957	110.233	116.857	108.636	89.9409	73.231	66.3253	67.2813	70.9236	73.4521	71.7638	65.9489	60.6402	59.121	60.5526	63.5025	66.0289	64.8341	59.2119	52.9489	50.5058	53.0387	57.9295	61.1512	61.4982	62.1521	65.6122	69.8132	71.2568	68.7408	63.799	58.9307	55.2628	53.402	55.1144	59.9337	62.4369	57.532	46.5172	34.585	24.5372	16.0381	
53.9306	77.9199	90.5008	90.9611	86.5567	81.5592	75.8767	71.4237	71.4817	76.1885	82.8225	89.7687	99.4641	114.161	127.942	130.223	119.044	103.698	93.7011	91.257	93.3466	95.1677	92.5591	85.4238	79.3065	80.3787	88.0473	96.0138	98.127	91.3238	79.5762	73.0208	76.9378	86.6711	95.2066	99.6735	101.247	102.966	106.385	108.758	104.541	91.3894	75.312	66.8375	70.8818	83.3121	95.3779	99.5902	95.7526	90.3986	87.9269	87.1603	85.8465	83.3415	80.769	79.4949	78.115	73.8668	67.3546	61.7352	57.7908	54.049	51.6562	55.3578	68.7223	90.1665	112.954	127.724	128.126	116.268	98.9609	80.4922	64.1223	54.4743	53.5234	58.0871	63.6392	70.39	82.4144	98.0954	107.512	104.801	95.8351	89.2056	88.4654	95.0691	109.136	124.534	129.651	118.186	97.7801	82.9114	79.8144	83.8311	88.5006	89.4857	83.7034	72.6007	62.5787	57.6834	56.8843	58.3159	59.732	57.9159	52.5832	47.8632	48.0139	52.9811	58.7313	61.6504	62.6456	65.9995	73.3936	81.7259	86.584	85.2452	78.3425	69.4881	61.7124	56.417	55.344	58.3265	60.4763	56.9566	48.5856	39.0718	29.7732	20.2652	
65.1611	90.787	101.489	98.3417	90.7539	84.0754	78.1871	74.0512	74.2606	79.0801	85.8799	93.2965	104.077	119.514	132.858	134.768	124.244	109.338	98.627	95.3088	97.4459	99.9109	97.7279	90.5663	83.7923	83.0904	88.0175	93.9379	96.8575	94.0344	87.167	83.3756	86.7244	94.002	100.42	103.47	102.608	99.4635	97.2362	97.1628	95.5553	87.6947	75.446	66.8725	67.9817	77.8189	89.5538	95.5743	94.9734	93.6334	95.0419	96.7062	95.2412	89.8979	82.7877	76.7869	72.2192	67.5506	62.9467	59.9695	58.3946	56.7115	56.2091	61.5269	75.6628	96.1207	115.891	126.781	124.034	109.904	90.6504	71.5904	57.9425	54.9773	62.8932	74.3369	81.0752	83.8802	90.7536	103.319	112.438	111.071	103.34	97.0931	96.167	102.462	116.471	131.848	136.045	123.04	102.579	90.0721	89.9428	95.3351	98.9162	96.7176	87.4903	74.6715	64.5077	59.2512	56.7463	55.7039	55.4674	54.0361	51.1191	49.7973	52.7215	58.2691	62.2792	63.2947	64.5592	70.2159	80.4859	91.9414	100.336	102.092	96.6049	87.1652	77.2721	68.4662	62.3938	60.086	59.2055	56.5525	51.8953	46.0109	37.9109	26.9891	
69.2528	94.6216	102.676	95.7136	85.7765	80.6223	79.4521	78.9603	78.5324	79.6131	82.7365	88.6791	100.455	117.833	132.508	135.322	125.899	111.665	100.469	96.2365	98.5554	102.708	102.289	95.2105	86.1648	81.3992	82.3947	86.9668	92.1954	94.1659	91.557	88.5515	89.115	92.969	98.3289	102.837	102.921	96.8071	87.9757	82.13	79.9248	76.9884	71.3342	66.3146	66.6209	73.4942	82.9133	89.3568	92.4789	96.5832	102.735	106.72	104.76	97.0044	87.0196	78.9234	73.5926	69.1919	65.1623	62.7264	61.7738	60.7006	60.3027	64.5317	75.6972	91.3543	106.133	114.474	112.979	102.433	86.6873	70.4278	59.6703	60.4627	72.6048	86.3454	91.1467	88.4552	89.15	97.9083	107.484	109.507	104.482	98.7361	97.1962	102.426	114.915	128.958	132.841	120.984	102.959	92.8297	93.4682	97.806	99.2146	94.8499	85.2498	74.6718	67.6994	64.2905	61.5341	58.9017	57.4557	57.1115	58.0872	61.6974	67.7392	72.7282	73.0955	70.2801	70.0767	76.4133	88.0507	101.341	112.725	118.666	117.302	110.168	99.928	88.2199	76.8507	67.8692	61.6488	57.2738	53.9908	50.1381	42.8703	31.2936	
63.2843	86.4109	92.8694	84.797	75.3353	74.3211	80.1267	84.495	82.8246	77.8325	74.61	77.4615	89.8675	109.707	126.491	130.358	121.668	108.413	97.9478	93.4782	95.0069	99.2197	100.014	93.8264	83.9836	77.0982	76.5519	81.4422	88.2157	91.7903	89.7692	85.4797	83.683	86.1788	92.3691	99.4006	101.811	95.5253	83.6421	74.4291	71.9676	73.1081	73.5275	72.8648	74.0796	78.7856	84.3811	87.9093	90.9126	96.9391	105.278	110.909	110.097	103.185	94.1167	87.5226	83.7162	79.1491	72.635	66.8603	63.6177	61.8779	61.3704	64.2435	71.7314	82.0123	91.9931	98.9811	101.024	97.6115	89.8011	79.8372	72.1008	72.311	81.3081	90.6486	91.0916	84.9606	82.7537	89.1884	98.5506	102.426	98.8461	93.0477	91.0246	95.5077	106.143	117.984	121.721	112.855	99.0223	91.3919	91.9683	94.8957	95.0889	90.9732	83.7574	76.8464	73.084	71.8014	70.4536	68.2835	66.4925	67.1649	72.4946	82.3745	92.7551	97.3154	92.7614	83.8447	79.9053	85.3583	97.0903	110.377	122.475	130.82	132.724	127.668	117.42	104.429	90.9438	78.6625	68.5956	61.1795	55.981	50.9221	43.1527	31.7261	
53.1218	74.4947	82.0824	75.896	67.7238	68.6657	77.8432	85.0411	83.1861	74.8066	67.1318	66.7939	77.9158	97.513	114.159	118.131	111.007	101.367	94.9228	91.9789	91.491	92.6154	92.471	87.9185	80.5836	75.9436	77.0994	82.0284	86.0859	85.7826	81.3908	76.7579	75.8726	79.8129	86.8747	93.7454	96.1499	91.2317	81.8641	75.3834	75.6821	80.0756	83.9067	85.697	87.5942	90.5128	91.64	89.5564	87.7932	90.5501	97.4807	104.322	107.36	105.825	102.178	99.7425	97.3474	90.6042	79.7257	69.9718	64.7015	62.9878	63.3365	66.1094	71.7389	78.6087	84.3078	88.0682	90.6065	92.3546	92.6447	90.4771	86.7745	85.2804	87.9605	90.186	86.6736	80.5042	79.3618	85.8061	94.7816	98.3559	93.6229	85.9751	82.8256	86.8856	96.2534	106.115	109.886	104.371	94.6542	89.092	89.9134	92.8969	93.979	92.0841	87.92	83.2866	80.4084	80.1067	81.0904	81.2028	79.8861	80.7821	88.9967	104.09	118.474	122.704	113.314	98.0033	89.6865	93.5379	104.29	115.349	124.468	130.755	132.122	127.346	117.898	106.976	96.9101	87.9842	79.7822	72.064	64.1938	55.0586	44.0305	31.43	
44.6232	65.754	76.6594	74.3517	67.3192	66.545	73.4948	80.1698	79.7507	73.0817	65.6797	63.8442	72.2285	88.4976	102.144	104.907	99.8857	95.6489	95.1158	94.6094	91.6003	88.032	85.564	83.1909	81.1593	82.0587	86.1222	89.0367	86.5571	79.7102	73.4392	71.6594	75.2091	82.0537	88.103	90.1415	88.0692	83.7683	80.4131	81.2354	86.1873	92.1486	96.2556	98.0406	99.061	99.3024	95.9888	88.5787	81.2607	78.9314	82.8745	90.2778	97.5528	103.29	108.085	111.458	109.121	98.1477	83.6766	73.6871	70.1882	70.1691	71.2784	74.0019	79.398	85.3086	87.543	85.6871	83.9315	85.5949	89.7211	93.0776	93.8954	93.3624	92.9483	91.0441	86.2487	82.1195	83.6914	91.8239	101.424	103.781	95.2735	83.0055	76.9417	79.9173	88.1717	96.7448	101.55	100.191	94.595	90.3339	90.623	93.76	96.8265	98.0853	96.2869	91.6484	87.2329	86.5443	89.8464	93.3331	93.5064	93.5974	100.78	115.743	129.925	132.791	120.961	102.897	92.3195	94.6974	103.952	112.01	116.043	116.554	113.953	108.719	102.54	97.8284	95.5299	94.5475	93.3212	89.9539	81.878	68.1502	51.2379	34.4673	
38.8313	59.7959	74.2402	77.413	73.5615	71.011	72.9605	76.0276	76.3227	73.4622	69.7413	69.3387	76.5548	89.7934	100.028	100.819	96.5411	95.459	98.1303	98.1908	92.7916	86.1683	82.9479	83.6856	87.4154	93.2361	98.0486	96.7502	87.744	76.8075	71.9336	75.6816	85.0684	94.6432	98.0212	92.7067	83.8816	79.2732	82.436	91.1017	99.56	104.18	105.688	105.745	104.651	101.463	94.7847	84.8689	74.7273	68.9676	70.6607	78.1746	87.7624	98.6184	111.119	120.5	118.016	103.095	87.6867	81.8173	83.0221	84.1993	83.4825	84.3144	89.6048	96.0203	96.5878	90.1839	83.283	81.6531	84.9021	89.5069	93.4494	96.5306	98.3234	97.4491	94.0759	91.7127	94.2034	102.343	111.327	111.433	98.5484	81.6881	72.8008	74.2125	80.7664	88.3327	95.3899	99.7212	99.5329	96.742	94.9383	95.931	99.526	103.306	103.12	97.6202	91.2134	89.9041	95.3139	102.629	105.31	103.839	105.441	113.368	121.892	122.437	111.851	96.1684	86.2419	87.4977	95.5322	102.182	102.838	98.0441	91.3354	86.5051	85.7309	88.8585	93.7333	98.6598	103.529	106.201	101.157	85.5295	63.4293	41.3007	
35.713	55.7904	72.761	82.0903	84.0074	82.1635	79.602	77.3063	75.4802	74.3697	74.3435	77.1064	85.24	97.2141	105.875	106.517	103.249	102.591	103.592	100.11	91.5407	84.2423	83.012	87.3262	94.4915	101.356	103.803	98.3905	86.5892	76.3246	75.528	84.7566	98.5269	109.446	110.27	99.8218	87.0011	83.096	91.3764	105.023	113.928	114.748	112.097	109.623	106.091	99.9583	91.7469	82.1031	71.8785	65.0327	66.584	75.6591	86.8035	98.7015	113.24	124.977	122.608	106.806	93.9282	94.1459	99.5347	99.3107	94.1344	91.8045	96.2407	102.529	102.648	95.4736	87.4058	84.0437	85.1877	88.1171	92.2181	97.9261	103.908	107.568	107.823	106.506	106.508	109.432	112.56	108.271	93.6148	77.4367	70.0103	71.4338	76.0848	82.0892	90.7615	100.228	105.681	105.081	100.902	97.7777	99.0532	103.033	103.849	98.8128	92.6259	92.2167	99.6719	110.038	115.272	112.571	107.244	105.16	105.812	104.269	96.9963	85.8888	77.8057	78.3616	85.9964	93.4512	94.2476	87.778	79.4094	75.8336	79.8536	88.4515	95.9121	100.606	105.864	111.421	110.013	96.2749	73.364	48.3898	
35.8023	54.5494	72.2168	85.88	93.5142	94.5892	90.5445	84.2412	78.7717	76.343	77.386	81.5266	89.0569	99.075	107.975	112.96	115.083	115.818	112.321	101.269	87.0646	78.888	80.2174	87.3418	95.2507	100.338	100.068	93.4492	83.1538	76.3157	79.159	91.0283	105.987	116.683	116.8	106.338	94.3863	92.0036	101.967	115.978	122.915	120.515	115.308	111.251	105.912	97.7124	88.7014	79.9445	71.0591	65.7402	70.4986	84.4464	98.3335	107.394	115.525	122.244	118.804	105.751	98.2831	103.904	111.142	108.615	100.5	97.0802	100.593	104.684	103.436	97.7208	92.464	90.6306	91.0969	91.6936	93.0879	97.4755	105.118	113.652	119.679	121.147	118.24	112.696	105.564	95.2869	82.1543	72.4264	71.0962	74.7729	77.8184	80.8908	88.1607	99.0264	107.547	108.934	103.86	97.623	95.5575	97.7544	99.1365	96.4479	93.2158	95.3264	104.074	115.161	121.942	120.035	111.206	101.611	95.5232	91.8999	86.7839	78.8485	72.4419	73.273	81.337	90.1471	92.6094	87.2823	79.5064	76.7805	82.4359	92.3208	98.9229	100.724	103.05	107.315	107.047	96.6439	77.0155	52.8527	
38.0212	54.6015	70.032	84.0754	95.4373	101.598	101.166	95.3016	87.5992	82.4437	81.4888	83.0225	85.8618	91.2421	100.573	112.954	124.588	129.681	122.58	103.349	82.1335	71.3927	73.7677	82.4642	90.1227	93.4475	92.1216	86.6237	79.1039	75.0627	79.2937	90.9488	104.929	115.133	116.789	109.854	100.58	97.7007	104.631	115.067	119.793	117.423	113.466	110.177	104.436	94.9721	84.7642	76.243	69.8771	69.1972	80.269	100.759	117.182	120.655	117.061	113.611	107.697	99.0835	97.294	105.465	112.215	109.143	102.849	102.356	106.187	107.3	103.451	98.3514	95.6961	95.8193	96.5006	95.5618	93.7254	94.1022	99.5372	110.16	121.918	128.795	126.768	116.002	100.602	85.6134	75.0382	72.1554	76.6527	82.3958	83.7297	82.7337	85.764	94.2086	102.615	105.087	100.873	94.269	90.5128	91.3513	93.7155	94.0804	94.0199	97.7716	105.832	115.325	122.855	124.055	116.235	103.154	92.0862	85.6826	80.5404	74.1622	69.7797	72.0373	80.2879	88.5874	91.2375	87.4733	81.3266	78.4085	81.9784	89.5546	95.2912	97.6593	100.061	102.746	101.3	92.6338	76.4612	54.4223	
39.054	52.2917	63.2784	75.1144	89.2299	102.375	109.253	107.312	99.421	91.6769	87.1441	83.786	80.1482	79.968	88.9601	107.573	128.126	139.187	132.559	109.894	84.4142	70.7896	72.2767	80.8594	87.5436	89.258	87.132	82.0492	75.5839	72.5176	76.868	87.6527	100.644	111.128	115.345	112.034	104.014	98.0535	99.3476	105.118	108.645	108.316	107.019	105.208	100.25	91.3274	81.2747	73.7792	71.1777	76.6689	93.8838	118.029	133.77	131.443	118.762	107.657	99.909	94.4652	95.2418	102.125	106.574	104.472	102.737	106.785	111.781	111.065	105.208	99.4192	96.833	97.0575	97.8662	96.8797	93.6486	90.365	91.0843	98.9091	111.899	123.282	125.964	117.052	100.55	84.8256	76.3607	76.9619	83.6423	89.3726	88.6581	83.8736	82.4968	87.706	94.9209	97.7953	94.6618	88.7704	85.0129	86.452	91.2403	94.5819	95.6195	97.8085	102.706	109.624	117.711	122.453	117.269	103.191	89.1074	80.3684	74.7696	70.1922	68.9787	73.0761	79.8541	84.6559	85.2495	82.8015	79.1573	75.7688	74.8075	77.5694	82.981	89.7156	96.4881	99.9852	97.1443	87.8288	72.4767	51.8417	
36.2438	46.2428	53.8748	64.8695	82.4418	101.778	114.023	114.721	106.965	97.4547	89.969	83.1756	75.9456	73.011	81.8471	103.408	128.751	145.052	143.512	124.921	100.603	84.6477	82.4031	87.7719	91.8433	91.3348	87.3906	80.809	73.5324	70.5694	75.171	85.5898	97.9485	108.787	114.982	113.984	106.404	98.0746	95.3785	97.9247	100.458	100.326	98.4879	95.9198	92.4334	87.5843	82.0279	78.2125	79.3289	88.6259	107.401	129.212	140.75	135.79	122.649	111.612	103.948	98.4456	97.4246	100.614	102.633	101.897	103.833	110.424	115.407	113.542	106.921	100.6	97.3735	97.3714	98.8729	99.0129	95.7407	89.5802	84.2738	84.7928	92.804	104.491	112.499	110.601	99.4308	86.6939	80.0429	81.7213	88.3534	93.0405	90.6972	83.7185	79.8975	83.3412	89.8703	92.7163	89.7278	83.9209	80.7291	84.4267	93.0929	99.3546	99.5312	97.3911	97.482	101.491	109.206	115.476	112.089	98.976	85.1693	76.353	71.2033	69.0399	71.4951	77.0297	80.7831	80.3374	78.1407	77.6431	77.997	75.3489	69.6594	66.1194	69.3793	78.8909	89.1669	93.743	89.9041	78.9875	62.9384	43.6764	
31.1538	39.7339	47.1229	59.9671	80.9121	102.416	114.031	113.249	105.119	95.4454	87.3202	80.6905	74.9996	73.8988	83.6921	105.015	130.101	148.72	153.969	144.566	125.689	107.48	98.1298	96.9855	97.5756	95.6302	90.3107	81.8213	73.1595	69.9409	74.7238	84.8899	96.4634	106.835	113.559	113.736	107.507	100.248	97.5115	98.8717	99.5287	96.1694	89.707	84.1207	82.8741	85.4693	88.4579	90.0756	92.632	100.351	114.342	128.911	135.465	132.285	125.805	120.263	113.765	106.077	101.521	102.025	104.045	105.409	108.951	115.034	118.142	114.828	107.8	101.499	98.7142	99.9786	103.077	104.01	99.7834	90.4342	79.3216	71.8167	72.3219	81.1258	92.883	99.1716	95.8536	87.4161	81.8902	83.1691	88.6271	91.9959	89.0523	82.1408	78.2691	81.3417	87.5773	90.4899	87.9092	82.7603	80.9197	87.3429	99.4859	107.528	105.747	99.0581	94.9771	96.0962	101.246	105.546	102.429	92.3642	82.5221	76.1808	72.1214	71.6788	76.6401	82.9398	83.9429	79.0822	74.8738	76.8985	82.1691	82.0634	73.6883	64.3514	62.9983	70.4731	79.5992	82.7312	77.3355	65.2048	49.353	32.6818	
28.4323	37.574	46.1396	60.5123	82.2331	101.927	109.405	105.452	97.3052	89.1736	82.5952	78.8862	78.3998	82.2476	93.0434	110.607	130.394	147.025	156.564	155.812	143.234	123.721	107.54	100.315	99.0733	98.2557	94.0448	85.4251	75.8844	71.4458	75.0284	84.3894	95.1767	104.282	109.59	109.309	104.725	100.708	100.446	102.049	100.941	93.9912	82.9895	74.7824	75.6394	84.8715	95.2897	100.583	101.524	103.705	109.903	117.087	121.13	122.172	122.701	121.721	116.196	107.681	102.399	103.932	108.863	112.56	115.666	119.512	120.992	117.399	110.262	103.339	100.518	102.88	106.733	106.577	99.7146	87.5557	73.6677	62.3041	58.1169	64.273	78.5466	92.259	96.9874	92.9643	87.6675	86.4747	87.9627	87.8029	84.093	78.9456	76.6335	79.5707	85.3155	89.0998	88.8532	86.546	87.112	94.8879	106.981	113.381	108.782	99.6157	94.2983	93.7761	95.089	95.2	91.5269	85.6174	81.4241	78.5732	75.2926	74.6467	79.6717	86.0501	86.3275	80.0745	75.3431	79.0812	87.8427	90.8674	83.1207	71.4582	66.0918	69.3051	74.4356	73.8928	65.5579	52.1083	37.3113	23.7568	
31.0677	41.8638	50.7117	63.5969	82.6615	99.3707	104.341	99.3249	92.0924	85.9487	81.6187	81.7562	87.5656	96.6379	106.348	116.121	126.569	137.513	146.675	149.415	140.842	122.825	105.743	97.8076	97.8993	100.234	99.6563	93.7986	84.8344	78.3141	78.9554	86.8099	97.1291	104.552	106.443	103.269	98.5	96.3675	97.7696	99.9006	98.8854	92.0273	80.9398	72.4081	73.0837	82.8047	93.96	98.782	97.1126	94.8764	96.2725	100.789	106.16	110.858	113.449	111.996	106.474	100.591	99.7426	105.879	114.055	118.212	119.269	121.265	123.388	121.833	115.103	106.07	100.662	101.36	103.553	100.886	91.6457	78.9918	66.656	56.9462	52.8939	58.7819	75.3676	95.1392	107.117	108.092	104.222	100.571	95.9178	88.8749	81.8042	77.3602	76.177	78.3298	83.1675	88.226	91.2567	92.6567	95.3898	101.995	109.749	111.053	103.11	93.2655	88.8574	88.3947	87.6477	85.7594	83.5338	82.593	83.5832	83.2324	79.1868	75.6742	77.8525	83.4092	85.2601	81.3963	78.0431	81.8544	90.7927	95.7753	91.4319	82.0161	75.9453	76.4187	78.2882	74.1182	62.0032	46.0888	31.2034	19.3053	
37.8599	50.6742	58.8643	68.0485	82.4391	96.5901	102.113	99.1014	93.8053	89.4872	87.5514	91.8379	103.444	115.781	121.264	120.497	120.405	124.763	130.576	131.872	124.243	109.962	97.977	94.2681	97.0134	101.941	105.402	104.081	97.2993	89.2671	86.9981	93.6069	104.071	110.094	107.902	100.347	93.3209	90.5807	91.4408	93.1923	93.4809	90.3268	83.6794	76.9072	74.5553	77.9703	83.1302	84.671	82.1767	80.1016	82.4249	89.4883	98.3569	104.498	104.25	98.0134	91.1375	89.7666	96.3686	107.955	117.213	119.591	118.743	120.318	123.708	123.853	117.374	106.432	97.8189	95.1075	94.3707	90.0535	81.2157	71.1211	62.7511	57.0181	55.636	62.9195	81.1139	103.799	119.737	125.293	125.952	124.304	116.585	102.663	89.2878	81.7001	79.2589	80.1734	84.1335	89.6182	94.1078	97.1174	100.173	104.117	106.68	103.092	92.4596	81.6521	77.0008	76.8178	77.3419	78.7567	82.2772	87.5944	92.6294	93.0884	86.78	78.6565	76.1168	80.0431	84.6562	85.4796	84.5689	86.9098	93.0501	98.0898	97.5715	92.4218	88.1217	88.3172	89.2373	83.2454	68.1189	49.0455	31.9572	19.0249	
44.2107	58.3555	65.6231	70.8909	80.1676	91.8651	99.4374	100.708	98.9934	97.407	98.7293	107.423	123.362	136.292	135.737	124.889	116.324	116.073	119.289	118.522	110.684	99.5924	92.6193	92.1715	95.1378	99.7018	104.968	107.224	103.111	95.3411	92.0663	98.2041	108.722	113.732	108.884	98.6403	90.4462	87.5047	87.6964	88.4326	89.4083	90.2491	89.1684	84.8546	78.689	73.8048	71.2554	69.5786	68.4618	70.1089	76.7286	87.7948	99.4345	105.737	102.032	90.4122	80.7248	81.856	93.6787	108.03	116.102	116.587	115.344	116.581	118.493	117.396	111.537	102.203	93.666	88.8455	86.0744	82.376	77.1362	71.7727	67.3912	64.4035	64.73	72.6399	90.068	110.683	124.847	131.696	137.664	142.633	138.663	123.436	104.968	91.8522	85.9808	85.6018	89.0041	93.8057	97.5977	100.083	102.139	103.682	103.207	97.7655	86.2924	73.8625	66.8253	65.8588	69.0999	76.584	87.4656	98.2816	105.472	106.061	98.8287	88.1109	82.042	84.4601	91.2545	95.6661	95.7912	95.3344	97.5792	101.43	103.095	100.951	98.5909	99.9822	101.827	95.9693	79.7617	58.4159	38.0483	21.8	
45.9588	59.5693	65.4528	67.5651	72.4909	81.8257	91.5099	97.9382	101.403	104.305	110.044	122.568	140.498	152.208	146.64	128.902	114.762	111.79	114.586	114.525	108.045	98.7515	92.721	90.8556	90.4027	91.6907	95.7566	99.1939	97.5068	91.802	89.0905	94.2278	103.048	106.686	101.541	92.4116	86.4059	85.7323	87.2553	88.263	89.7404	92.9382	95.5271	93.1135	84.7154	74.476	66.7662	63.007	63.6978	69.6512	80.363	93.3715	105.602	112.695	108.849	94.4844	81.01	79.8325	90.4386	102.828	108.82	109.146	108.562	108.008	105.77	102.419	99.4561	95.9455	90.9558	85.9503	82.6278	81.1775	80.869	80.7626	79.7176	77.5866	77.0896	82.7943	95.8556	110.1	118.413	122.859	130.695	141.069	144.5	135.458	118.627	102.789	93.3855	91.1034	93.538	97.4191	101.006	104.214	106.456	106.551	104.351	98.8711	88.3854	75.6565	66.7662	64.6962	69.4621	80.6056	94.884	106.477	112.518	113.453	109.1	100.882	95.0445	97.0613	104.377	109.079	107.477	103.534	102.685	105.565	107.883	106.493	104.748	107.327	110.908	106.727	91.7211	70.1324	47.0359	26.6229	
43.9665	55.9317	60.2574	60.3883	62.6203	69.9982	80.3509	90.096	98.2549	106.375	116.603	131.073	148.404	158.536	150.942	130.14	112.013	105.807	108.168	110.753	108.206	101.416	94.4938	88.9571	84.3363	82.2196	84.0024	87.2044	87.7515	84.9225	82.9575	85.9928	91.8278	94.1394	90.2594	83.9411	80.7433	82.4939	86.6971	90.502	93.8106	97.868	101.406	100.078	91.8232	80.2354	70.309	64.9207	66.2186	74.9927	87.9963	100.486	111.357	119.739	119.163	106.184	90.0523	82.7538	85.725	91.8768	95.7314	97.5925	98.3555	96.2426	91.3791	88.4571	90.7061	94.1218	92.9436	87.9734	84.367	84.6017	87.4781	90.8433	92.1946	90.0369	86.8169	87.4007	93.2857	100.172	103.548	105.443	111.321	121.439	129.688	130.057	121.611	108.606	97.5627	92.656	93.0488	96.0486	101.124	107.901	112.852	112.697	108.799	103.043	94.5054	84.3148	76.8464	75.1328	79.9387	90.38	101.829	108.205	109.355	109.787	109.94	107.376	104.834	107.737	114.689	117.993	114.028	107.674	105.556	108.332	110.348	107.606	104.429	107.018	112.496	111.578	100.114	80.4459	56.1491	32.2964	
42.2048	53.8144	57.8351	57.5833	59.0327	64.9435	73.4649	82.2883	91.9724	103.832	116.99	130.806	145.224	153.913	147.477	127.758	107.741	97.3176	96.6999	100.282	102.212	99.8781	94.0244	86.6976	80.2183	76.8376	77.1724	79.6277	81.4987	80.9122	79.4731	80.7693	84.7435	87.1212	84.9088	79.8672	76.5755	78.4187	85.1882	93.3323	99.1459	102.489	104.888	104.538	98.4583	88.0231	77.479	70.5673	70.9874	80.1869	93.5473	104.777	113.987	123.479	127.765	120.058	104.349	90.299	82.5586	80.1577	81.3106	84.9632	88.4825	88.7303	86.7985	88.2627	96.1094	104.489	104.95	98.1156	91.8543	90.2936	92.0447	95.1677	96.996	94.2545	87.9666	83.233	83.0602	85.8194	88.41	90.2389	93.3618	99.4648	107.745	114.614	115.251	108.155	98.0209	90.9867	88.6427	90.2029	96.7073	107.411	115.857	116.487	111.496	105.403	99.2778	93.6673	90.3569	90.699	95.2777	102.758	108.097	106.578	101.018	98.5507	100.15	101.447	102.341	106.745	113.713	116.815	113.148	107.534	106.252	109.145	109.45	103.287	96.7594	97.9711	105.039	108.436	102.085	85.8643	62.322	37.1535	
41.471	54.6459	60.3262	61.705	64.6318	70.4615	75.974	80.3897	87.9352	100.821	114.496	124.926	133.854	140.299	137.669	124.499	107.663	94.5803	88.5128	88.9543	92.7171	95.0909	92.6086	86.1318	79.7728	76.34	75.4963	76.1502	77.465	77.8522	77.0211	77.5155	80.8291	84.3263	84.0099	79.2574	74.2819	74.9411	83.3413	94.6231	101.353	102.698	103.884	105.803	103.707	95.9826	86.1108	78.4083	76.9889	83.8722	95.3461	105.621	114.944	126.553	136.113	134.834	121.247	101.977	84.8741	74.6509	72.4842	76.9907	84.5446	91.3665	97.0236	104.981	117.437	128.469	128.288	116.761	103.869	96.2028	93.0863	92.8751	92.8881	88.7706	80.7417	74.4172	73.8464	78.0031	82.8633	85.393	86.1497	88.0944	93.7047	102.155	108.134	106.717	99.3967	91.5613	86.4984	85.8416	92.0363	104.111	114.125	115.199	109.625	103.539	99.7	98.1819	98.5871	101.107	106.271	112.051	113.037	105.931	95.0439	87.8294	86.1255	86.9484	89.4235	94.9562	102.002	106.164	105.933	104.842	106.725	109.693	106.787	95.827	85.1711	84.1454	91.6741	98.4691	96.7346	84.4184	63.7553	40.2016	
39.3253	54.2265	62.8702	68.0269	74.6629	82.1166	85.5069	85.4694	89.9144	102.103	114.165	118.92	120.088	123.251	126.37	124.532	116.121	103.441	91.5527	85.8015	87.7348	92.5783	93.4204	88.9097	83.3428	79.5068	76.3967	73.7129	73.0355	73.9131	73.886	73.1028	74.3773	78.006	80.1221	77.6163	73.0664	72.9793	80.5548	90.7158	95.5062	95.3422	97.856	104.499	108.376	105.475	98.388	91.1456	87.3246	89.3909	96.0868	104.274	114.543	128.91	142.422	145.209	133.236	112.084	91.4912	78.1923	74.0872	78.6177	89.2322	101.7	113.351	125.677	140.632	152.836	151.758	135.858	115.981	101.435	93.0539	88.9176	85.9672	80.3215	73.0988	70.3191	75.1349	84.2309	91.1358	92.2501	89.6666	87.7186	89.7447	96.8176	105.183	108.632	105.29	98.2941	91.5763	88.5927	92.7115	103.282	112.435	112.638	105.694	98.686	95.3514	95.0852	96.5942	100.436	107.442	114.55	115.402	107.058	93.8024	82.2116	75.3139	73.3692	76.1134	81.9322	87.7833	92.0073	96.0366	102.172	109.798	113.435	106.501	90.4414	76.1471	72.6062	78.5198	85.4689	85.7061	76.8969	61.0218	41.6428	
34.9359	50.7567	63.2125	73.6501	84.065	91.9624	93.3406	91.1693	94.9014	106.999	116.992	116.001	109.864	110.233	119.316	128.692	128.928	117.981	102.057	90.5124	88.6462	93.0553	95.9652	94.4799	91.2734	87.354	81.162	74.4175	71.8749	73.9695	75.0049	71.7108	68.5061	70.2195	74.7846	76.7944	75.1349	74.0918	77.0121	81.0706	81.6248	81.226	87.2548	99.9342	111.461	116.374	114.819	108.991	102.254	98.0714	97.5017	100.527	109.082	123.792	138.203	142.246	132.123	113.887	97.1867	87.0959	84.1155	88.552	99.3249	112.019	123.268	134.802	148.865	160.53	160.016	144.817	123.699	106.061	94.4702	87.5675	82.3728	76.4013	72.2219	75.3399	86.4886	99.4706	106.294	104.365	97.9034	91.9445	89.8628	94.3989	103.766	111.278	112.56	108.594	102.622	98.3247	99.8336	107.987	115.982	115.427	106.668	97.0336	91.2638	88.9821	89.2004	93.0737	101.441	110.591	113.381	106.407	93.4097	80.2988	70.9256	67.8096	70.9548	76.0196	78.7095	80.5865	87.2253	100.787	115.652	121.103	110.689	90.5827	74.1153	68.2577	70.1548	73.0297	71.8109	65.5881	55.3177	41.2227	
30.4105	47.1992	64.0718	79.5659	90.9192	94.8911	92.068	89.1845	94.7493	108.475	118.389	115.195	105.699	104.902	117.449	132.593	136.909	127.228	110.413	96.137	90.5122	92.4001	96.2769	99.0189	100.305	97.8905	89.7608	80.3624	77.5005	81.8298	84.3717	78.7945	70.9209	69.7129	75.3339	80.9365	81.5897	78.3549	74.5444	70.7621	66.4881	65.3408	73.0157	89.3655	108.013	122.403	128.107	124.092	114.417	104.393	96.4445	92.6446	96.7874	109.33	123.106	128.312	121.744	109.524	99.9063	95.3456	94.7941	99.1267	108.144	117.439	124.36	132.078	142.694	151.406	151.408	141.148	124.875	108.352	95.7152	88.1077	83.1207	78.5542	77.3195	83.9972	97.4503	110.493	115.966	112.789	105.359	97.4642	92.1177	93.7148	102.278	111.445	116.178	116.136	112.684	108.529	108.719	116.119	125.27	126.718	118.008	105.243	94.7464	88.2464	85.4944	87.1305	93.7168	102.234	105.946	101.06	90.8513	80.6912	73.8491	72.5835	76.1958	79.0475	77.1669	75.0072	81.1913	98.3814	118.166	126.042	115.102	94.4235	78.3056	70.9895	67.6815	63.8941	58.8497	53.6604	47.7325	38.1346	
28.2818	46.6691	67.2528	85.4814	94.4763	91.5111	82.8337	78.7607	85.9367	101.756	114.331	114.091	106.424	106.039	118.218	132.427	136.126	127.732	113.61	100.215	91.6305	89.0953	91.3775	96.6112	102.035	102.764	96.26	87.891	86.408	92.7401	97.0499	91.6586	82.3003	79.1805	83.5829	88.7787	88.7094	82.8687	74.4168	65.7554	58.0168	54.2859	59.2485	74.4378	96.2516	117.288	128.727	126.532	115.329	101.906	89.3966	81.1195	82.4419	94.2654	109.209	117.323	115.251	108.557	103.737	101.509	101.005	104.271	111.412	117.717	121.234	126.074	133.306	137.728	136.318	130.196	119.476	105.239	93.1676	87.7885	86.3876	84.4111	83.6518	88.8898	99.5225	109.659	114.338	113.548	109.935	104.393	98.59	97.6028	103.031	110.144	115.107	117.076	115.438	112.019	112.658	121.482	134.383	141.41	136.141	121.487	105.591	93.7548	86.6641	84.0538	86.5464	92.4916	96.1531	93.8642	88.6371	84.7825	83.6137	85.6024	89.1728	89.1407	83.3872	77.8422	80.9441	95.2686	113.597	122.399	114.458	97.5884	84.1899	76.4754	69.1194	59.8998	51.1988	45.1729	40.3602	32.8327	
29.8807	50.3001	72.7846	90.7748	95.9472	86.9318	73.5403	67.8057	75.1074	92.2117	108.236	113.333	110.502	111.69	120.98	130.03	130.876	124.686	116.067	106.389	95.7483	86.6539	82.8228	85.6485	92.3953	97.3579	96.6705	92.9644	93.0193	99.0785	104.302	101.895	95.5808	93.1905	95.235	96.2976	92.6999	85.2039	76.4551	67.6519	58.7893	52.1112	52.6272	63.8914	84.1533	105.7	118.27	116.957	106.069	92.2008	78.7573	70.0715	72.4119	86.7011	104.915	116.393	117.82	114.64	111.428	107.509	103.669	104.145	109.186	113.376	114.886	118.04	123.019	124.309	121.103	116.377	108.297	95.6683	85.6486	84.846	89.0428	90.0652	87.9989	88.8938	94.5682	101.469	106.412	109.367	110.96	109.725	105.469	102.419	103.497	106.752	110.196	112.509	111.478	108.339	109.196	118.794	134.888	148.277	148.836	135.228	116.078	99.4469	87.4128	80.435	79.8452	84.2295	88.0809	88.3577	88.1544	90.4375	94.4895	99.3245	103.148	102.22	96.4026	91.0456	91.2725	98.4007	109.012	114.922	110.132	98.5946	88.3663	80.7016	71.8769	61.1679	50.9212	42.5736	35.3166	27.0146	
35.6053	58.7901	82.185	98.1426	99.3185	86.3971	70.6017	64.1614	71.8257	89.8875	107.691	115.831	116.708	119.502	125.715	129.163	127.374	124.072	121.605	116.519	104.551	88.1474	75.4898	72.4347	78.1664	87.2003	93.6089	95.3885	96.0291	99.4564	103.61	104.191	102.745	103.253	104.134	100.996	93.8275	86.4204	80.7774	74.9437	66.8001	58.7731	56.7985	64.8826	81.347	98.8309	108.265	105.812	95.3835	82.5116	70.324	63.4347	68.1259	85.0188	105.419	118.137	120.684	119.346	117.142	111.601	104.461	101.7	103.829	105.299	104.467	105.475	108.539	108.882	105.853	101.653	94.2559	83.3161	76.4591	79.6493	87.5338	90.7317	88.4981	87.1977	90.1935	95.8461	101.668	106.284	108.899	108.275	104.009	99.0334	97.0075	98.5598	102.636	106.687	106.901	103.462	102.174	108.892	124.138	140.768	147.306	139.045	122.059	103.535	87.131	76.5686	74.4536	78.0455	81.3453	82.5095	85.0371	90.7393	97.6562	104.298	109.421	111.017	109.963	109.278	109.499	109.903	110.608	110.02	105.513	97.9548	90.3277	82.9959	74.7393	65.5518	55.5215	44.5061	33.376	22.9404	
43.7295	70.5903	95.1697	108.647	105.714	89.9545	73.4186	67.8315	77.0626	95.8594	112.724	119.608	120.545	123.674	128.227	128.878	126.523	125.955	127.662	125.608	113.091	92.0267	72.9794	64.8326	68.5236	78.9973	89.1629	94.3815	95.867	97.5107	99.6877	100.6	101.519	104.278	105.768	101.649	93.8267	88.4821	87.418	85.7744	79.5778	71.9966	69.5478	75.3468	87.4649	99.8798	105.077	100.09	89.0927	77.4223	67.4764	62.5252	67.736	83.7526	102.43	113.117	114.372	113.624	113.679	110.375	103.8	99.3448	98.1774	96.3788	93.1472	91.8584	92.9137	93.2666	91.9885	89.1273	82.9578	74.9052	71.2682	75.2599	82.1074	85.3842	85.2465	86.3271	90.8994	98.1412	105.537	109.284	107.352	101.217	93.3722	86.6873	84.5613	88.2832	96.0589	103.704	106.227	102.344	97.0852	98.1172	109.199	125.714	137.225	137.371	127.341	110.151	90.6716	76.8207	72.4197	73.2256	73.4649	73.1539	76.0921	82.8979	90.8299	98.3328	104.975	110.281	115.248	120.314	122.503	119.305	112.575	105.654	99.9036	94.9892	89.758	83.3099	76.2798	69.1639	60.2137	48.2615	35.3385	23.6692	
49.0447	78.9821	104.982	116.721	110.691	93.509	77.6554	73.2999	82.8211	99.8664	113.103	116.237	114.846	117.178	121.836	123.303	122.531	123.596	126.439	125.788	115.411	96.0359	76.6791	66.2541	66.9882	74.7067	82.9727	88.3057	91.9201	95.5103	97.8204	97.8865	98.1237	100.587	102.504	99.6821	93.7123	91.118	94.1279	96.8274	93.7302	87.6432	84.8258	87.7587	95.3825	103.725	105.981	98.889	87.2322	77.1845	70.2121	66.9147	70.4613	81.8862	95.1094	101.488	100.354	99.5339	102.762	104.957	102.396	97.7756	93.6717	89.3358	84.9512	82.4326	81.769	81.5811	81.4436	80.3232	76.8518	72.8227	71.6707	73.781	76.5192	78.4876	81.6002	87.6444	96.115	106.21	115.394	117.623	109.591	95.6929	82.713	75.0215	75.2216	83.0544	94.602	104.691	108.732	104.587	96.1109	92.4692	100.117	116.085	131.067	138.122	134.514	119.722	99.3285	83.3549	75.4356	70.8437	65.8041	62.812	65.6032	73.1142	81.5545	89.1826	96.0714	102.62	109.762	116.885	120.093	116.261	107.383	98.6181	93.2661	90.4961	87.1816	81.8235	75.8968	70.387	63.4032	53.7057	42.8521	31.6632	
47.2061	77.4521	104.239	116.247	110.534	95.2075	81.8918	77.7681	83.4912	94.111	101.558	101.425	98.6251	100.717	106.744	110.747	111.736	112.509	114.434	115.92	112.866	102.736	88.5623	77.3425	73.7641	75.6043	77.8828	80.3476	86.1998	94.676	100.584	101.586	100.815	101.452	102.221	99.8321	95.035	93.4805	98.2634	104.28	104.722	100.285	96.4161	96.3215	100.466	106.101	106.663	98.8474	87.9082	80.3562	76.5359	74.5782	75.8424	81.6474	88.2022	89.6464	86.0997	84.8655	90.5231	97.9337	99.7495	95.7375	90.129	85.2049	81.3876	78.8372	76.8965	75.2264	74.4375	74.199	73.7695	73.6742	73.9796	73.5704	72.6592	74.0686	80.5856	91.0029	102.046	112.917	122.006	123.04	112.054	94.1915	78.5176	71.1366	74.1326	84.8326	97.1588	106.51	110.446	106.668	97.33	92.0298	98.7878	114.92	131.111	140.385	139.118	126.536	108.656	93.9938	83.6621	73.2545	62.4899	56.8911	60.1212	68.9983	77.9984	84.8499	89.9093	94.125	98.8213	103.997	106.671	103.99	97.4521	91.582	88.9433	88.0377	85.9087	81.6414	76.7271	72.2955	67.438	61.4576	54.3855	44.1438	
40.0157	67.3153	93.264	107.161	105.552	95.6537	86.9318	82.904	82.2688	83.2102	83.737	82.2473	81.3846	85.8796	94.2866	100.235	101.03	99.0539	98.683	103.405	111.409	115.008	108.551	96.2955	86.8687	81.638	77.2492	75.9338	83.0278	96.4962	107.302	110.355	109.001	108.177	107.935	105.087	99.4391	96.1779	99.9341	107.353	110.477	107.049	101.655	99.2206	101.368	105.111	104.47	97.4524	89.1875	84.8307	83.4884	82.3842	82.2586	84.1179	85.0218	81.5552	75.3498	73.0846	79.2704	89.3447	94.5131	92.5331	88.1665	85.3061	83.9312	82.2672	78.9548	74.7046	71.6894	71.1213	72.8073	75.3141	75.8158	73.0604	70.1601	72.3001	81.3581	93.1787	102.806	110.308	116.343	116.666	107.441	92.0681	78.5433	73.3694	78.1736	88.473	97.8963	104.525	108.502	106.591	98.3393	92.9026	99.284	114.9	130.305	138.827	137.586	127.522	114.93	104.677	93.9732	78.9758	63.2488	55.3136	58.9941	69.2608	78.677	84.2336	86.6913	87.8248	89.6509	92.8252	94.9825	93.6097	90.1115	88.0391	88.388	89.0671	88.0878	85.2503	81.405	77.387	73.1987	68.6215	62.7236	52.0262	
32.6469	55.2998	78.195	93.0832	96.4456	93.2897	90.4641	88.465	83.6973	76.4177	70.8886	69.8856	74.4966	84.8291	96.5463	102.66	100.387	93.0409	88.2553	94.1445	110.975	126.787	127.987	115.072	99.6796	88.0135	79.0957	75.5211	82.9227	99.1178	112.802	116.197	113.299	112.161	113.821	112.85	106.659	100.484	101.38	108.294	112.743	109.759	102.653	97.6488	97.4214	99.0466	97.8225	93.2265	89.1328	88.0871	88.3071	87.9046	88.1561	88.8245	85.8868	77.7462	68.6414	65.0544	70.3051	80.7351	88.7039	90.9373	90.7772	92.1607	94.5838	94.0699	88.2063	79.4926	72.8098	71.1411	74.2172	78.3393	78.3589	73.5702	69.7192	72.8821	82.5888	92.0641	96.4252	97.9373	99.9677	100.513	95.8234	86.7937	78.8545	77.2681	82.4713	89.3992	94.0562	98.6276	104.702	106.504	100.332	94.5536	99.2999	113.084	127.086	134.783	133.676	126.095	118.25	111.663	100.686	82.4955	63.5217	53.8183	57.0898	67.5872	77.2037	82.6558	84.9154	86.0984	88.1871	91.3681	93.0036	91.2016	88.2331	87.4141	88.8812	90.5036	90.877	89.653	86.8315	82.9341	78.0231	71.5006	62.6151	49.5466	
28.4723	47.1697	65.5782	78.547	84.3038	86.2189	88.6194	90.3107	86.1028	76.1266	67.985	68.7804	79.9844	97.4586	112.525	117.042	109.384	94.919	83.8427	86.7494	105.274	126.521	133.239	121.961	104.144	89.6735	80.0577	76.5808	83.4042	99.0487	112.149	113.388	107.711	106.869	113.207	117.978	114.4	106.741	104.44	109.478	114.192	111.58	102.743	93.9891	89.6525	88.6338	87.8728	87.0365	87.6885	89.5584	90.4845	90.568	92.2189	93.5002	88.601	77.4413	66.9936	63.3264	67.5916	77.0759	87.2424	94.8772	100.39	106.044	110.944	109.79	99.7156	85.4382	74.7564	72.1252	76.7679	82.8334	83.1629	77.4072	73.43	77.6135	86.7434	92.075	90.412	87.0084	86.8137	88.2005	86.983	82.7712	79.3646	80.2043	84.225	87.2317	88.9281	94.466	104.623	110.588	106.334	99.7253	102.038	113.547	126.423	133.842	132.862	126.006	119.043	112.304	100.165	81.211	62.4821	53.1281	56.0301	65.7542	75.2753	82.2957	87.7725	92.7083	97.5423	101.035	100.334	95.2379	89.7713	87.3722	87.8057	89.196	90.2758	90.173	88.3873	85.2094	79.9719	70.9249	57.7757	41.7377	
28.4879	45.8187	60.4015	69.1603	73.684	77.4798	82.6194	87.1414	86.066	78.5563	71.5932	73.8841	88.4521	109.864	126.644	129.139	116.437	96.1168	79.9648	78.2545	92.4189	111.572	120.195	113.093	99.0247	87.7788	81.3223	79.34	84.7463	97.3252	107.167	104.979	96.363	95.4021	105.985	117.541	119.084	112.233	107.589	110.419	114.836	112.456	102.144	89.9497	81.9232	79.151	79.884	83.3057	88.7189	93.2091	93.9748	92.9963	94.1288	94.8254	88.9228	77.7582	69.4048	68.3068	72.9155	81.1081	92.0118	103.634	113.348	120.416	123.636	118.856	104.834	87.8106	76.1816	74.1493	80.3854	88.2862	89.7654	84.3208	80.9789	86.4174	95.3792	97.9686	93.2915	89.0724	89.5752	91.186	89.3188	84.5259	80.8721	80.7313	82.6091	84.3406	88.1149	98.4212	112.823	120.655	116.207	107.802	107.267	116.292	128.153	135.596	134.349	125.777	115.598	106.019	93.8401	78.0232	63.6737	57.7956	62.3245	71.8519	80.4676	88.0102	96.4973	105.565	113.121	115.837	110.803	100.262	90.6525	85.8283	84.9305	85.6414	86.6386	87.2696	87.1085	85.8006	81.4838	71.3353	55.2588	36.7229	
31.8081	50.5692	63.6514	68.3135	69.6278	72.8109	78.2928	83.4083	84.5852	80.7359	76.1026	77.6863	89.5182	108.23	123.518	125.211	111.53	90.4834	73.8937	69.948	78.8682	92.6945	100.527	98.4588	92.4179	88.491	86.426	85.3858	88.9616	98.1264	104.194	98.8832	88.1735	86.2542	97.905	112.902	118.044	112.303	106.458	108.036	112.302	110.013	99.2344	86.375	78.0283	75.7086	78.3502	85.4979	95.4396	102.861	103.307	99.3811	96.3946	93.3015	85.9698	76.9013	73.0173	76.1037	82.2697	89.3418	98.835	110.395	120.002	124.648	123.314	114.806	100.68	87.0134	79.5622	79.8994	86.0134	92.7737	93.7687	88.7972	86.5797	93.3184	102.86	105.602	102.851	103.024	107.136	107.87	100.941	90.2508	82.2425	79.623	81.3814	86.5946	96.9248	113.173	129.134	134.416	126.425	114.804	110.671	116.108	125.878	132.952	131.422	120.841	107.514	96.8172	87.5227	77.0295	67.9261	66.3594	74.1253	84.7389	91.6761	96.695	104.439	114.728	123.296	124.581	115.418	99.8977	86.5499	80.1077	79.1844	80.3772	82.1003	84.3987	87.0358	88.6051	85.9973	75.6599	57.5448	36.5372	
36.1953	57.7793	71.6667	74.2608	72.9241	75.117	80.4523	84.935	85.993	83.5789	80.0355	79.0265	83.7049	94.0111	104.564	107.11	97.8633	82.0465	69.2768	65.7629	71.522	81.2821	88.0418	90.0961	91.7061	94.397	94.7141	92.6795	94.4257	101.82	106.098	99.5537	88.1015	84.707	94.1918	107.689	112.197	105.973	99.7424	101.292	105.78	104.05	94.8542	84.7589	79.1823	78.6141	82.598	91.9648	105.051	114.922	115.441	108.779	101.042	93.4992	84.8696	78.1084	77.7904	83.4054	90.1366	95.4249	101.07	107.98	113.187	113.788	109.482	101.432	92.6355	87.2295	86.8383	89.4335	92.274	93.2915	90.5401	85.5999	85.2661	93.0873	102.772	107.233	109.84	117.455	126.391	125.81	112.629	95.1289	83.2734	81.0756	87.3799	99.6055	116.221	134.729	147.603	146.789	133.733	118.843	110.853	111.186	116.535	121.406	119.724	110.221	99.1735	92.373	87.5466	80.0852	72.2582	71.6321	80.8536	92.5511	98.7394	101.23	106.324	114.874	121.951	121.272	110.077	92.8266	77.9601	70.577	69.7783	72.1483	75.9838	81.2107	87.1027	91.6451	91.2937	81.7554	62.3733	38.9036	
40.3544	64.8674	81.0173	83.9814	82.0095	84.6003	91.0905	95.2021	94.086	89.8961	85.5591	81.7644	78.9825	79.539	84.3169	88.8887	87.3262	79.5659	71.1383	67.3142	70.0961	77.0476	83.1997	87.8664	94.2986	100.674	100.974	96.3357	95.8022	102.511	107.435	102.404	92.0804	87.6425	93.6426	102.817	104.16	96.9792	91.1963	92.9242	97.3523	97.3384	92.6153	87.8554	85.8996	86.8256	91.497	101.467	114.595	123.66	123.101	115.332	106.084	97.3228	89.1787	84.1789	84.8468	89.839	94.893	97.0043	96.9991	96.8969	96.4076	94.2161	90.5776	87.354	87.0498	90.9828	96.8661	99.7777	97.0473	90.2396	82.6219	78.2145	80.8467	89.4642	97.8036	102.919	109.82	122.293	133.2	131.409	115.908	97.0069	86.0441	88.0913	101.249	119.304	137.103	151.867	158.47	152.12	136.543	120.812	110.223	105.267	104.646	105.496	103.981	99.6161	96.7176	97.1182	95.2883	86.3765	74.9564	70.7907	77.7457	89.4657	97.7671	102.176	106.767	112.337	115.515	112.197	101.231	86.0554	72.3454	64.1021	61.7407	63.6516	68.7033	75.9109	83.5182	89.8028	92.0316	85.2233	66.8985	42.3285	
44.4948	71.5555	90.7389	95.9517	95.1169	99.2249	107.709	111.726	107.258	98.9516	92.1349	86.014	78.0921	71.5841	72.358	79.6561	85.8484	85.3629	79.1184	72.0393	69.5153	72.7351	78.2713	85.1028	94.8854	103.57	103.53	96.0251	91.8034	96.2879	102.091	100.489	93.2831	88.9242	91.6135	96.335	95.3812	89.0987	84.7124	85.8418	89.6551	92.9954	95.516	97.4006	98.5451	100.451	106.003	115.972	126.373	130.752	126.834	118.682	110.491	102.798	95.8664	91.7694	91.9567	95.3559	98.4702	97.4107	91.9354	85.5877	80.9889	78.0924	76.9553	79.28	86.7049	97.9905	107.503	108.581	100.05	87.1241	76.7204	74.0968	80.1078	89.3843	95.6681	99.5082	106.247	116.682	123.91	121.216	109.986	97.7113	92.1764	98.2731	114.509	132.612	145.789	153.404	154.448	146.694	133.423	120.722	110.849	103.507	98.5431	95.6916	94.629	96.2025	101.421	106.959	105.143	92.7968	76.8866	68.0757	71.1581	82.4397	95.191	105.551	112.172	114.549	112.925	107.378	98.1718	86.8255	75.699	67.1864	62.6916	62.3272	65.689	71.6289	78.3416	84.7939	89.0635	85.7477	70.4058	46.527	
47.9429	76.3622	98.3825	106.858	108.008	113.157	122.419	125.647	117.797	105.085	95.0628	86.9728	76.7918	67.7163	67.8008	78.0424	89.7575	93.8302	87.8226	76.301	67.5689	66.6428	72.066	81.6728	94.5963	105.608	106.743	97.9982	89.5965	89.707	94.8265	96.5023	92.7579	88.4141	87.4315	88.2544	87.2819	84.4678	82.2459	82.0357	85.007	92.5899	103.001	110.958	114.087	116.252	122.241	131.718	139.145	139.187	132.803	125.016	117.382	108.742	100.533	95.7215	95.4252	98.5916	101.519	99.0679	90.4746	80.835	74.7002	72.3302	73.1445	78.7502	90.5438	105.594	115.938	114.36	101.762	86.1333	75.806	75.4835	83.9023	93.8087	99.2094	101.574	104.715	107.837	107.806	104.906	102.239	100.913	101.393	107.088	118.942	130.717	136.851	138.529	137.196	131.75	123.951	117.372	112.704	108.525	103.678	98.9346	97.054	100.166	107.079	112.416	109.348	96.1551	79.2806	68.0848	68.0462	78.6133	95.2235	111.458	120.672	120.791	115.888	109.832	102.928	94.7151	86.0096	78.8134	74.624	72.8844	72.5656	73.9495	77.6892	83.5293	88.5774	86.716	73.1568	50.2531	
48.4296	76.2014	99.6973	111.367	114.774	120.119	128.513	130.268	120.059	104.501	92.0857	82.7833	72.8559	65.3622	67.7966	80.4097	93.9913	99.0693	92.7293	79.1152	67.2202	64.3909	70.7385	82.3979	96.3168	108.457	112.448	105.783	95.4025	91.1087	93.9326	96.7373	94.5024	88.6679	83.2669	80.7898	81.5051	83.6844	84.2667	82.8892	84.8069	95.3463	111.315	123.064	126.41	126.71	130.221	137.152	142.773	142.945	139.12	134.251	126.344	113.816	101.343	94.3066	93.6802	97.3565	100.772	98.5421	90.2605	81.2347	75.8572	74.2356	75.7947	82.3654	95.1999	110.449	119.704	116.642	103.442	88.7759	80.5346	81.8859	90.6224	100.418	106.257	108.268	107.555	103.199	96.7902	94.4873	99.9738	108.106	111.936	112.699	114.906	117.75	118.684	118.415	117.606	115.332	112.731	112.575	115.533	118.801	117.928	112.184	106.301	104.581	106.698	108.885	106.347	96.6663	82.7173	71.2356	68.5715	77.2096	94.8014	114.275	126.148	126.694	121.447	116.247	111.204	104.83	98.0278	93.6942	93.116	92.8828	89.2758	84.4538	83.6429	88.1722	92.9361	90.1577	75.803	52.7106	
44.3348	69.861	92.9444	106.328	111.622	117.37	125.122	126.145	115.253	99.0002	86.0861	77.0546	68.9914	64.9112	70.4908	83.8199	95.6424	98.886	92.9356	81.4659	71.5702	70.3633	78.0999	89.1634	100.09	110.657	117.569	115.28	105.53	97.6472	96.4153	97.3768	94.641	87.2654	78.9259	74.8042	77.5909	84.0597	87.3629	85.7085	86.4849	97.6068	115.866	129.141	131.042	126.924	124.629	126.743	131.096	134.704	137.328	137.752	130.496	114.582	98.1907	89.0071	87.5396	90.1602	92.3501	90.8034	86.0918	81.314	78.3469	77.4642	79.4836	86.5327	99.0008	112.455	119.782	116.892	106.477	95.8521	90.9956	93.1993	100.133	108.01	113.687	115.626	112.414	103.633	94.067	92.6437	102.929	116.236	120.701	115.462	108.295	104.468	104.262	105.813	106.857	106.589	106.917	110.846	119.623	129.623	132.74	125.281	113.103	103.951	100.7	101.7	102.193	97.3476	86.6725	75.1498	70.0367	75.8382	91.7142	111.525	125.815	129.226	125.598	121.128	117.119	112.312	107.515	106.393	110.609	114.108	109.488	99.3227	93.0424	94.8788	99.0328	95.7586	80.3558	56.0381	
36.533	58.9731	79.8241	92.5596	98.4618	104.828	112.977	114.975	105.68	91.0543	79.7102	72.5564	66.9712	65.5022	72.2262	83.9351	92.3595	93.5315	89.3887	82.9819	78.6439	81.5616	90.8603	99.8334	106.16	113.737	121.995	122.888	113.257	100.848	93.4696	90.6408	87.5474	81.3506	73.8717	70.3032	74.0089	81.6791	85.9276	84.5042	84.7185	95.2003	113.637	127.318	127.841	119.608	111.769	109.319	112.343	118.74	126.586	131.452	126.125	110.335	93.499	83.4733	79.9197	78.6919	77.2442	76.0892	76.6581	78.1639	78.8223	79.3553	82.4951	90.3383	101.982	112.731	117.385	114.634	107.942	102.72	102.093	105.14	109.432	113.758	117.518	118.692	114.146	103.664	93.2696	92.2047	103.752	118.517	122.774	114.244	102.628	97.2337	99.378	103.896	105.93	105.868	107.331	113.014	123.528	135.087	138.493	128.577	111.642	98.1554	93.8701	97.4544	101.779	99.7549	90.222	78.3652	71.8402	75.3034	87.9703	105.049	119.264	124.809	122.733	118.733	115.958	113.504	110.875	111.694	119.021	126.419	123.708	111.734	101.263	99.54	102.898	100.943	86.4744	61.3299	
28.1403	46.9264	64.4168	75.083	80.2459	85.9152	93.4825	96.884	91.253	80.6666	72.6877	68.7794	66.3772	66.5282	71.8701	79.9644	85.1878	85.7776	84.1366	82.4218	83.3677	90.4508	101.607	109.928	114.168	120.167	128.461	129.603	117.574	99.23	85.1606	78.8792	76.9864	74.6421	70.6572	68.4668	71.1761	76.4693	78.8612	77.2051	77.8373	87.8512	105.148	118.415	119.36	111.087	101.975	97.5634	99.3209	106.038	115.047	121.031	117.559	104.948	90.9216	81.0175	74.1908	67.4813	61.343	59.749	64.6201	72.0496	77.3455	80.8733	85.6916	93.3671	102.697	109.653	110.608	106.586	102.415	102.193	106.078	110.685	112.942	113.381	114.245	114.386	109.373	98.3755	87.6607	85.9229	96.0747	109.877	114.635	107.651	98.5189	97.055	103.064	108.398	108.112	106.077	108.172	115.232	124.718	132.463	131.851	119.807	102.369	89.5824	87.78	95.0538	102.306	101.634	92.6956	81.2806	74.6361	76.5494	85.5277	97.4685	107.632	111.777	110.037	107.475	107.632	108.576	107.601	107.882	114.698	123.882	124.689	115.084	103.84	99.3374	101.092	100.374	88.4255	64.6595	
23.2195	38.667	53.207	62.3945	66.4383	69.272	73.2493	76.0223	74.0477	68.8212	65.7115	66.6489	69.116	71.6255	74.8325	78.3194	80.5293	81.2528	81.3883	81.691	84.5814	93.1941	105.443	114.863	120.057	126.341	134.238	134.255	119.719	97.3545	79.3564	71.6425	71.6622	72.8998	71.5956	69.7783	70.4316	72.0198	71.0584	68.385	69.6559	79.0256	93.5365	105.009	108.036	104.328	98.5386	94.475	94.9142	100.268	107.801	112.484	109.975	101.233	91.0691	81.7407	71.792	60.2228	50.0116	46.9703	53.3332	64.387	74.3929	82.157	88.7203	94.874	100.715	103.688	100.859	94.6534	91.3534	94.3082	101.34	107.209	108.165	105.679	104.329	104.211	99.8676	89.3865	78.7999	75.9099	83.0248	94.1866	100.162	98.7953	97.5553	103.445	112.772	115.368	108.99	102.849	105.202	114.291	123.009	125.744	119.847	106.785	92.1402	82.6397	82.829	90.8682	98.5509	99.0787	92.4781	83.5457	78.0097	79.1285	85.5444	92.965	97.4483	97.1972	94.2199	93.5824	97.4906	101.787	101.593	99.4792	102.604	110.316	113.484	107.701	98.2333	92.366	91.6674	90.6599	81.7435	62.2126	
24.5577	38.2643	51.4101	60.6657	64.1752	63.2061	61.428	60.9035	60.3739	59.6848	62.053	69.12	77.6992	83.4348	85.0022	84.2502	83.8303	84.697	85.4553	85.0801	86.2233	92.8381	103.966	113.971	120.507	127.119	134.102	133.405	119.351	97.9867	80.5496	73.2807	74.3939	76.935	76.0509	73.6172	73.0077	72.6567	69.4341	65.2209	65.3901	71.9975	81.8094	90.4162	95.9101	98.19	96.8636	93.2919	91.9819	95.6468	101.781	105.551	104.355	99.7157	94.024	86.442	74.5943	59.2112	45.7073	40.888	46.724	58.6601	71.3103	82.2431	90.2445	95.4776	99.4263	100.474	95.5905	87.8571	84.2222	87.0156	92.9891	97.3545	97.1313	94.0133	92.7192	93.5043	90.799	82.3166	73.2925	69.9969	73.905	81.519	87.8999	92.1789	99.1344	111.583	122.235	120.442	107.472	96.7755	98.2776	109.078	119.024	120.133	111.684	99.2075	88.5193	82.578	82.6983	87.3403	91.5995	91.7848	88.3165	83.7368	81.0474	83.0193	89.4631	95.761	96.8446	92.308	87.0094	86.8034	92.3821	97.857	97.4445	93.116	92.2462	96.6077	99.4573	95.5789	87.5605	80.9041	77.8399	75.9621	70.0055	55.821	
31.0172	44.608	57.5604	67.7775	71.5731	67.8369	61.1892	56.9563	55.8012	57.2469	63.5966	75.7357	89.021	96.8648	97.1267	93.8325	92.4855	94.0486	94.8377	92.6415	90.6245	93.4917	101.544	110.578	117.688	124.145	129.609	128.414	117.01	100.111	85.9709	79.793	80.9496	83.5634	82.8303	80.633	80.6702	81.17	78.0028	72.0233	68.0569	68.4474	71.9629	77.5278	84.749	91.0112	92.1108	88.2818	85.7042	88.7607	95.0247	99.7381	101.552	102.527	103.231	99.376	86.355	66.6686	49.6934	43.7931	49.4314	60.6531	72.3561	82.8271	90.9923	96.8751	101.762	103.654	99.46	92.4937	88.5179	87.787	87.7161	87.2489	86.2294	85.6257	87.1259	89.2903	87.6408	81.0666	74.1002	71.4439	73.6021	78.0226	82.4545	87.8057	97.8646	112.653	122.955	118.7	102.722	89.1664	88.7209	99.999	112.659	116.054	108.427	97.5919	90.8082	88.6556	88.5811	88.2618	86.3203	83.3743	81.4771	81.5231	83.2933	87.8791	95.8936	103.352	104.355	98.3712	91.5848	90.4115	94.6761	98.2168	96.2111	90.65	87.6569	89.2505	90.3882	86.3917	78.8138	71.78	67.367	64.8647	60.6366	49.9645	
38.3988	52.8813	66.2677	77.2001	81.1894	76.3449	67.903	62.1467	60.0546	61.331	68.5176	82.1129	96.4234	103.956	102.794	98.4704	97.5415	100.015	100.848	97.9203	94.4831	94.4842	99.0358	106.429	114.109	120.727	124.618	122.499	113.402	101.006	90.4098	85.3226	86.3743	89.7039	90.8414	90.5042	92.0106	94.3125	92.8032	85.9462	76.8095	69.1319	65.4757	67.7558	75.4011	83.3111	85.5791	82.6007	81.0199	85.0834	92.1035	97.9711	103.031	110.3	118.701	119.804	105.919	81.6094	61.4243	55.9423	63.1571	73.6172	81.5054	87.5019	93.3989	99.9895	107.169	111.6	110.321	106.344	102.622	96.9268	88.8576	82.8045	82.1712	86.6699	93.2525	97.1616	94.8408	87.5086	80.5917	78.5579	80.797	83.2783	83.7415	84.839	91.7726	104.597	114.157	110.642	95.6217	81.4803	79.7051	91.6632	107.571	114.036	107.35	96.9592	92.5237	93.7557	94.5112	90.6914	83.1556	76.2436	74.255	77.7785	84.0411	91.4088	100.094	107.847	109.927	105.283	99.3554	97.9817	100.223	100.312	95.3914	88.4521	84.4881	84.6724	84.7796	81.1477	75.0794	69.3452	64.9849	61.5867	56.7009	46.4585	
43.6499	60.0879	74.773	85.6045	88.4835	83.2367	75.6506	70.5906	67.9913	67.99	73.6839	85.4868	97.6706	103.015	99.9347	94.447	93.2319	95.7441	97.0471	95.7092	93.7726	92.7891	94.2731	99.5338	107.106	113.792	116.894	114.715	107.915	99.3382	91.7595	87.6311	88.6052	92.9142	96.3905	97.7436	99.4369	102.339	103.071	97.8964	86.6531	72.9845	62.8996	61.5656	68.667	77.6944	82.2245	82.5561	83.9065	88.8219	94.7327	99.5053	105.806	117.538	132.022	137.444	123.889	97.4691	76.4345	72.8843	82.4826	92.2494	95.4847	95.5237	97.6487	103.998	113.315	120.765	122.89	121.657	117.557	107.216	92.7263	82.7446	83.476	94.0948	107.713	115.352	112.329	101.963	92.519	89.835	92.2987	93.568	90.1513	85.5533	86.7124	95.2825	103.463	101.448	88.8425	76.4663	76.5427	91.4162	110.091	117.14	108.719	96.1903	91.2425	93.5883	95.0138	89.9661	80.0402	71.1716	68.741	73.625	82.2117	91.0477	99.3718	106.325	109.072	106.471	102.674	102.491	104.198	101.912	93.9248	84.5177	78.8306	77.8767	78.0811	76.4179	73.5967	70.7673	67.3335	62.4796	55.2326	43.7438	
46.3423	65.5395	82.3245	92.655	93.7029	88.5931	83.2706	79.6173	76.1926	74.2426	77.684	86.8403	96.1634	98.8593	93.5071	86.2056	83.6485	85.4544	87.5959	89.0535	89.8791	88.8936	87.4675	89.086	94.0768	99.8545	104.058	105.092	102.742	98.1175	92.5841	88.3404	87.9201	91.0976	94.3969	95.3828	95.8031	98.3025	101.444	100.454	91.7478	76.7738	63.0262	58.8071	65.1661	75.3532	82.9546	87.6508	91.9667	96.0214	98.1646	99.4239	104.676	117.75	134.526	142.186	130.839	106.807	88.2816	86.8258	96.9534	104.893	104.594	101.003	100.72	106.305	116.233	125.299	129.339	128.909	123.523	110.256	92.5187	80.6109	82.4372	97.9062	118.679	132.325	131.248	119.13	106.904	102.166	103.308	103.469	98.5372	91.19	88.1067	92.1601	97.5746	95.5967	85.5026	77.5133	82.9154	101.61	120.201	124.038	112.009	96.5693	89.2826	90.294	91.5648	87.0642	78.0142	69.828	67.0824	70.7073	78.2666	86.9718	95.5748	103.055	107.065	106.166	103.441	103.477	105.183	102.607	93.3906	81.8565	73.8502	71.3547	71.7538	71.9571	71.5529	70.688	68.0134	62.3156	53.4315	41.0287	
47.2922	68.813	87.7031	98.1785	98.6814	95.2157	93.3604	91.5829	86.7608	81.5934	81.9136	88.6864	96.1614	97.3388	90.8537	82.6936	79.0768	79.7248	81.7272	84.6027	87.0544	85.9325	81.7827	78.7511	79.2991	83.7042	91.1177	98.7003	102.994	102.266	97.2957	91.2372	87.3771	86.2565	85.8946	84.7039	83.9685	86.2923	91.2173	94.2789	90.1637	77.6795	63.6441	58.0722	63.5361	73.8768	83.4745	91.8757	98.9481	102.012	99.9363	96.6019	98.7279	109.886	125.195	132.885	124.958	106.859	93.0997	92.3798	99.7186	104.561	103.373	100.521	100.452	104.538	111.89	119.028	122.505	121.91	116.27	103.139	85.7275	73.7888	75.6196	92.2557	116.371	135.1	138.608	128.662	116.004	109.143	108.327	108.647	105.733	99.641	95.0141	95.3943	97.5122	94.9617	87.9718	85.8419	96.749	116.442	130.586	128.848	114.164	97.7611	88.5745	87.51	88.5049	85.6112	78.9743	72.6325	69.5631	70.4273	74.8299	82.24	91.7108	101.341	108.039	109.062	105.63	102.679	102.168	99.9523	92.4487	82.0756	74.0014	70.86	70.9896	71.099	69.9821	68.3435	66.1701	62.1324	54.4908	42.0343	
47.7055	70.272	90.6695	102.403	104.347	103.995	106.665	107.923	102.23	93.129	89.3285	93.5812	100.086	101.628	96.726	90.0858	86.1882	84.56	83.6957	84.4792	85.8618	84.1211	78.8199	73.2286	70.6899	74.2445	84.9107	98.7035	108.857	111.103	106.288	98.6548	91.4327	85.0642	79.6275	75.9841	75.001	77.2154	81.8702	86.0718	85.2375	76.4701	64.232	58.0634	61.6573	70.3912	80.2584	91.2822	101.487	105.409	100.898	93.0612	90.3668	97.3088	109.347	116.195	111.928	100.734	91.896	90.2008	92.7779	95.0584	96.2743	97.5926	98.9014	99.9792	101.511	103.307	104.302	103.75	99.5741	89.1927	75.1113	65.1874	66.3151	80.052	101.765	121.635	130.064	125.611	115.467	107.803	106.091	108.52	110.062	107.4	102.814	100.421	99.888	97.8639	95.0212	97.9428	110.949	127.528	135.322	129.097	114.127	98.7454	88.789	86.1829	87.3101	86.2645	81.6496	76.3591	72.7309	71.4768	73.3524	79.1113	88.1907	98.8108	108.043	111.525	107.196	99.4906	94.2842	91.3122	87.1793	81.7477	77.6547	76.6279	77.2107	76.0765	72.064	67.8095	66.4229	66.8131	63.2395	50.9155	
48.3179	71.0262	92.1335	105.346	109.397	112.212	119.155	123.896	118.632	107.024	99.869	101.428	106.562	109.131	107.623	104.069	100.345	95.797	90.1082	85.7185	83.3794	80.7689	77.1099	73.3983	71.3052	74.6413	85.9237	101.295	113.069	116.669	113.517	107.614	100.358	91.0696	81.8412	76.4991	75.6076	76.9883	79.2463	81.9177	82.6046	77.3323	67.1957	59.8263	60.0407	65.6892	74.4826	86.6316	99.1367	104.699	99.4622	88.316	81.0584	83.885	93.5096	100.79	100.576	95.2145	89.3413	85.1116	83.0965	84.7125	90.4107	96.7819	99.1666	96.5761	91.8049	87.9722	86.4393	86.0721	83.3702	75.9194	66.1437	59.4239	59.8689	68.8585	84.7148	102.039	113.544	115.25	109.528	102.818	100.985	104.915	109.699	110.199	106.821	103.453	102.124	102.349	104.118	109.81	120.814	132.043	135.128	127.397	113.317	98.7634	88.2077	84.4977	85.8069	86.2676	82.7536	77.2059	72.7376	70.9523	72.299	76.5403	82.9779	91.5998	101.673	107.936	104.424	93.6748	84.1777	79.7614	78.6623	79.0235	80.7486	84.0152	86.8013	85.3704	78.7432	71.7198	70.9824	76.1378	77.1323	64.6895	
49.1683	71.5663	92.0255	105.217	110.204	114.742	123.93	130.691	126.519	115.075	107.077	106.469	109.171	111.486	112.439	111.593	108.751	103.019	94.1542	85.1824	78.948	75.6387	74.9695	75.6225	76.4023	79.9534	89.0649	100.899	109.789	113.443	113.859	113.073	109.352	100.452	89.8535	83.535	82.0524	81.7714	81.368	82.5791	84.7211	82.6178	74.1353	65.0479	61.4697	63.7521	70.4843	81.2561	92.9194	98.3974	93.1547	81.1121	71.9649	72.8322	82.0711	91.7543	96.1053	94.7997	89.4371	81.9323	76.4598	78.1843	87.3598	97.3679	101.085	97.1824	89.4811	82.8832	80.0726	79.4785	76.9035	70.8284	64.1054	60.0044	60.044	65.0887	75.1299	87.9516	99.2432	104.833	103.808	99.7316	97.8137	100.053	103.694	105.234	104.612	104.134	105.571	109.429	114.97	121.473	128.962	135.314	135.813	127.842	113.703	98.2995	86.2553	80.9245	81.7923	83.5681	81.375	75.5782	70.3161	68.6822	70.3178	72.8741	75.2628	79.9743	89.3302	98.0517	97.1408	86.8703	76.4592	72.2022	73.7608	78.298	84.0084	90.432	95.4179	94.7052	86.9214	77.913	76.7832	84.0885	87.4365	74.6479	
49.6044	70.9432	88.9347	99.8837	104.004	108.363	117.229	123.836	120.545	111.031	104.34	102.731	102.923	103.696	105.164	106.061	105.221	101.096	92.7627	83.1031	75.753	72.1648	72.9196	76.503	80.2676	84.6468	90.96	97.4984	102.27	105.901	109.88	113.737	113.858	107.507	98.2078	91.699	88.6276	86.2755	84.4219	85.6051	89.2544	89.276	81.9927	72.2307	66.8109	67.2244	71.4572	77.8725	84.4517	87.0275	82.2814	72.6298	65.4504	66.8688	76.5349	88.2652	95.8159	96.7473	91.378	82.2164	74.9835	75.8318	85.3	97.2561	104.678	104.681	98.9629	91.9163	87.2465	84.5638	80.8545	75.5376	70.9407	68.5908	68.666	71.5272	77.1245	84.3718	91.63	96.8591	98.6316	97.6962	96.155	95.29	95.0508	95.6569	98.6003	104.433	111.466	118.383	125.192	131.803	138.005	142.417	141.506	132.465	116.739	99.1244	84.491	76.7615	77.0816	80.9815	81.4066	76.2298	70.0862	67.8674	69.1383	69.9127	68.5104	68.9518	75.7858	84.8066	86.5534	79.9889	73.1836	72.2962	77.1607	84.1876	90.6483	96.4771	100.85	100.102	92.231	82.4801	80.2927	86.7478	89.4094	75.9047	
47.806	67.3944	82.435	90.7257	93.4828	96.6661	103.652	108.782	105.832	98.2274	93.2013	91.5781	90.5828	90.5638	92.794	96.2389	98.7229	97.3046	90.9699	83.2021	77.1051	73.2564	73.1666	77.4189	83.4377	88.8328	92.6872	94.845	96.9602	100.817	105.846	110.282	111.949	109.445	104.488	99.6298	95.3484	91.5166	89.2093	90.1274	92.9732	92.2868	85.3612	76.8955	73.042	74.4149	76.9731	77.5039	76.1106	73.5967	69.6136	64.9913	62.9912	66.6968	75.9387	86.688	94.0609	95.7389	91.9071	84.4324	77.6087	76.8118	84.3669	97.8641	111.896	120.369	119.761	112.045	102.609	94.9444	89.6079	86.7186	85.9929	86.1649	86.6203	87.6646	88.8421	89.3638	89.675	90.5241	91.6347	92.2945	92.0411	90.8226	89.1116	89.0967	94.7365	106.333	117.805	124.524	128.877	134.885	142.629	148.271	146.952	136.62	119.596	100.38	83.5569	74.248	75.5628	83.1774	87.3476	83.2311	75.6866	71.8395	72.4731	72.6686	69.2219	65.7828	68.011	73.9682	76.5212	74.7678	74.2343	78.517	86.5501	94.4376	99.1402	101.388	102.506	100.402	92.7312	83.4974	81.1675	86.3688	87.1596	72.5063	
42.2989	59.9652	73.4308	81.0675	83.932	86.4411	91.37	94.7124	91.7234	85.2216	80.9126	79.1231	77.9954	79.2244	85.1287	94.389	102.26	103.348	97.4503	90.1239	84.0592	78.4467	76.0578	80.0372	87.4875	92.9196	94.0423	93.0186	93.9739	97.7014	101.103	102.786	104.155	105.997	107.298	106.312	103.092	99.6693	97.2045	95.7676	94.1645	89.5917	82.0548	76.3644	76.7259	81.5314	84.3442	80.324	71.395	63.4093	59.8399	60.6387	64.6306	70.8581	78.4276	85.6163	90.544	92.6153	91.7432	87.7587	82.4126	80.1349	85.3465	99.5664	119.317	135.912	140.78	132.862	118.777	106.293	100.313	101.862	107.181	110.923	111.167	108.828	104.228	97.3742	90.1419	85.166	83.2914	83.6511	85.3098	87.4844	88.6119	89.4532	95.6138	108.846	120.629	123.795	123.108	126.978	135.945	143.148	142.087	132.051	116.584	99.119	83.1291	74.6413	78.2696	89.802	97.8358	95.325	86.7223	81.366	82.2452	83.8509	80.5015	74.3763	71.8566	73.3726	74.63	75.7124	79.8733	87.4294	95.9599	102.046	103.514	102.127	100.49	97.2071	89.7899	81.9061	81.2905	87.2482	87.2681	71.386	
34.1133	49.3933	62.1382	70.9743	75.9823	79.4799	83.4668	85.7103	83.0243	77.4053	72.9721	70.0476	68.5452	72.188	84.1279	101.606	116.259	119.874	112.974	103.366	94.1018	84.1339	77.9733	80.5569	87.9963	92.4694	91.3785	88.7335	89.5172	92.983	94.4967	93.5342	94.2403	98.9564	104.993	108.24	108.403	107.437	104.976	100.018	92.7903	83.7339	75.5667	73.0616	77.9468	86.3133	90.5903	85.1641	72.4641	61.2521	58.1228	62.933	70.9792	77.8425	82.4622	85.9508	89.4635	93.107	95.0448	92.9625	87.6565	83.7154	86.4308	98.8071	118.773	137.871	146.343	141.438	128.885	117.169	113.023	118.362	127.884	133.689	132.649	126.355	116.554	104.138	91.4657	81.9969	77.4072	77.2101	80.7643	86.9218	91.8151	93.6636	98.1565	108.642	117.065	116.013	111.132	112.35	120.334	127.277	126.725	119.213	108.792	97.3493	86.0179	79.6621	83.6236	95.8898	106.462	106.796	99.2602	93.9247	95.8094	99.3454	96.8852	89.4219	84.0737	82.8076	82.5732	83.8709	88.8688	95.7174	100.898	102.306	100.123	97.2244	95.4791	92.3532	85.5034	79.5657	81.9	89.8354	89.7218	72.5893	
26.6535	38.9687	50.1357	59.6795	67.305	73.2509	78.1275	80.7958	79.3348	74.9894	70.4961	66.4025	64.6317	70.6516	87.233	109.727	128.106	133.372	125.989	113.974	100.619	85.8146	75.6475	75.8117	81.9595	85.676	84.3726	82.3114	84.0814	87.9881	88.9888	87.0705	87.2082	92.0373	98.9477	104.702	108.965	111.174	108.77	101.336	91.0637	80.0537	72.1169	71.793	78.8965	88.3466	93.6525	89.9894	78.8618	68.635	66.9454	73.8215	82.4998	86.6516	86.6017	87.2882	91.9271	98.6858	102.177	98.8071	90.9569	84.828	85.3024	94.019	108.865	123.733	132.267	132.795	128.407	123.884	123.842	129.959	138.173	142.173	139.551	132.186	122.006	109.135	94.8784	83.0601	76.9376	77.0084	82.1526	90.189	96.5111	98.4535	100.539	106.25	109.845	105.986	99.8375	99.7178	105.934	111.914	112.691	109.269	105.39	101.805	96.5485	90.8602	90.3655	98.1781	108.786	112.768	108.785	105.181	107.64	111.512	108.998	100.418	93.3104	91.0219	90.8574	92.3214	96.5109	100.533	100.444	96.2148	91.4381	89.7376	90.2472	88.132	82.0509	78.4423	83.565	91.9467	89.6736	70.4751	
23.882	34.188	42.9541	50.9651	59.1147	66.9562	73.6909	78.1904	79.0505	76.9787	73.9016	70.6592	70.2904	78.0906	94.4563	113.455	127.658	131.333	124.665	113.002	98.5136	82.1537	70.7369	69.7354	75.1365	79.2878	79.6148	79.7001	83.2418	87.8027	88.353	85.6761	85.0808	88.4939	93.8862	100.681	108.708	113.676	111.159	102.963	93.2745	83.5535	76.2487	75.3551	80.6049	87.9123	93.4273	93.8564	88.7582	83.3654	84.0458	91.0096	97.2053	95.9845	89.8945	88.0332	94.8682	105.011	108.893	102.466	90.9294	82.8302	82.3282	88.1643	96.4747	103.601	108.813	113.447	117.813	121.708	126.041	130.873	133.921	133.168	129.377	125.005	120.483	113.006	101.394	89.5627	83.0871	84.18	90.6899	98.5729	103.717	104.605	104.409	105.541	104.99	100.243	94.9721	94.5937	99.5645	105.749	109.399	110.396	111.55	113.738	112.72	105.382	97.4263	97.8987	106.335	113.012	113.019	111.402	113.037	115.133	111.495	101.654	92.4395	88.8415	89.5799	93.0102	98.2576	101.023	96.9763	88.5103	83.1936	85.1532	89.6274	88.8722	83.1182	81.007	87.102	92.8687	85.4615	63.1472	
28.2587	39.0508	45.7993	50.1937	55.6711	63.1433	71.2265	78.2175	82.7887	85.1738	86.2606	86.3454	88.191	95.5544	106.158	114.124	117.285	115.847	110.415	102.169	90.5198	76.6276	67.2745	67.3732	73.6518	79.6034	82.6744	85.6022	90.7742	94.5624	92.3841	87.2737	85.8355	88.7266	93.2946	100.9	111.784	118.964	116.96	109.769	102.912	95.8893	88.1189	82.9349	82.3426	85.4162	90.7679	95.8264	98.098	99.0459	102.502	108.711	111.555	105.016	93.6063	89.5841	97.8981	109.94	113.214	103.881	89.3928	80.0734	79.5744	83.9914	87.3782	87.7848	89.1234	95.0924	103.938	112.384	119.241	122.944	121.6	116.537	112.25	112.42	115.591	115.868	110.064	101.737	97.2817	99.8795	106.849	112.795	114.331	111.807	108.116	105.196	102.503	99.1516	95.8814	95.1005	98.8192	106.106	113.277	117.441	120.157	123.776	123.987	115.017	102.197	97.6392	103.419	110.283	112.047	110.902	110.133	109.145	104.559	95.0698	84.9397	79.5756	80.383	86.4863	95.2487	99.9155	94.7567	84.0454	79.4209	85.9737	95.2646	96.2145	89.7732	86.4025	89.8842	90.5025	77.5995	53.2871	
39.4168	52.5024	57.7138	57.787	59.2793	65.193	73.8455	83.0153	91.8962	100.199	106.663	109.84	111.515	114.482	116.208	112.58	105.428	99.203	95.2923	91.5619	84.4283	74.4517	67.9964	69.4834	76.5046	84.1001	90.2962	96.6494	103.002	104.029	96.681	87.8148	86.1946	90.9593	96.9537	105.087	116.511	124.805	124.668	120.167	116.354	110.991	101.047	89.6073	81.9602	80.8185	85.9309	94.2888	102.202	108.668	115.142	121.556	122.772	113.824	100.649	96.3773	104.802	115.637	116.513	104.911	89.0623	79.235	78.3855	81.5425	82.395	80.1673	80.373	86.7752	96.2355	104.685	111.195	114.134	111.211	104.476	100.449	103.858	111.989	117.805	118.49	117.1	117.77	122.033	127.26	128.771	124.336	115.765	106.757	100.165	97.3339	97.2489	96.7126	95.3112	97.2062	104.698	113.698	118.593	120.038	122.12	122.086	114.062	102.508	98.2309	102.501	107.417	108.322	106.124	102.471	98.6111	94.4877	88.3297	80.286	73.9848	73.5185	80.7568	92.7824	100.524	96.1063	84.3211	79.8283	89.1915	101.974	104.374	96.4326	88.8796	86.1719	80.7845	65.1765	42.5024	
53.1366	68.1176	71.6186	68.4981	68.0671	73.922	82.9062	92.4058	103.069	114.478	123.143	126.2	124.849	121.639	116.021	106.944	97.159	90.79	89.0408	88.7825	85.2281	78.3773	73.8106	75.1386	80.6519	87.8169	96.3292	105.878	112.362	109.259	96.5387	84.824	84.2436	92.6387	101.87	110.25	119.575	126.719	127.826	125.179	122.16	116.33	104.288	89.0139	77.5441	74.5397	79.8847	90.1721	101.646	112.084	120.951	127.712	128.692	121.059	111.292	109.586	116.201	121.667	117.948	105.1	90.1501	80.8334	78.9082	80.3418	80.8385	80.2935	82.7106	90.0895	98.5681	104.344	107.855	109.087	105.909	99.4245	96.057	100.844	110.534	118.403	123.495	129.11	136.132	142.02	143.216	137.707	126.371	112.372	99.6199	91.4312	89.9049	93.2567	95.3985	93.8579	93.7856	99.2947	106.546	109.527	109.167	110.313	111.249	106.979	100.842	100.133	104.01	106.581	105.957	102.933	97.986	93.3808	91.4091	89.826	84.8617	77.8967	74.9859	80.6262	92.5733	101.19	97.4537	85.275	79.7176	88.3789	101.373	104.438	95.8528	84.4082	75.2223	64.8754	49.4377	31.2397	
61.8863	77.2353	79.7091	76.4919	77.917	85.877	94.6564	101.448	108.938	117.611	123.522	124.057	120.217	113.631	105.48	97.8908	92.9061	90.9651	91.5541	92.5685	90.6162	85.7068	82.0674	82.1267	84.9132	90.5426	100.145	110.815	114.981	107.168	91.3295	79.4258	80.3383	91.399	103.699	112.866	119.629	123.511	122.686	118.361	113.153	105.985	94.447	80.8087	71.0938	69.441	75.6069	86.9493	100.68	113.589	122.717	127.214	126.875	122.94	120.745	123.416	126.331	123.754	115.091	103.021	91.3905	83.8425	80.9362	80.8065	82.2527	85.3138	90.9427	98.9778	105.718	107.983	107.243	105.447	101.487	95.4572	92.6647	98.1801	108.9	117.88	124.511	133.15	144.084	150.925	147.203	133.649	116.658	101.7	91.0519	85.7509	86.9014	92.6108	96.6028	95.6447	93.9074	95.3062	97.3175	96.2035	94.357	96.5627	100.875	102.311	102.49	105.213	108.266	108.271	106.276	103.583	99.8417	97.0499	97.7926	99.0993	95.3337	87.2425	81.9249	84.3462	92.3688	97.9775	93.6864	82.0684	75.3161	80.484	90.4263	93.4099	86.4499	74.7761	62.5657	49.614	35.2874	21.4104	
60.9679	76.3459	80.6587	81.234	86.5473	95.8847	102.406	104.336	106.133	109.441	111.295	110.158	106.629	100.709	93.9603	90.63	92.0758	94.8565	96.2448	96.0433	93.8851	90.2162	87.5266	87.266	89.3193	94.8534	104.207	112.231	111.272	99.7372	84.5706	75.2401	76.6994	86.7919	99.2141	108.86	113.92	114.05	109.361	101.903	94.6935	88.0383	80.3863	72.6198	68.1243	69.1578	75.374	85.7949	99.4587	112.582	119.598	119.401	116.472	116.761	122.95	129.939	129.445	120.797	110.025	100.699	92.9988	87.4138	84.1489	83.1488	85.4173	90.944	98.1065	105.254	109.713	109.154	104.94	99.8199	94.0658	87.7282	85.1985	91.9061	105.658	117.949	125.115	131.768	141.037	146.234	138.17	118.639	99.0203	87.5607	84.1601	85.4744	90.145	96.9224	101.656	101.454	98.4125	95.3361	91.4779	85.7385	81.8436	84.8955	93.3036	101.604	108.491	113.91	114.788	110.686	106.108	103.621	102.052	101.925	104.712	106.969	103.291	95.1409	89.5297	89.6134	92.1748	92.0846	86.0997	76.282	69.7978	71.0434	76.0422	77.6263	73.0931	64.2601	53.0211	40.1649	27.068	15.7913	
54.7219	71.8363	81.5303	88.0315	95.5262	101.872	102.875	99.9537	98.2585	98.9775	99.4567	98.7399	97.256	94.1946	90.6647	90.881	95.3058	98.7219	97.9308	94.8692	91.7803	89.4295	89.0614	91.5753	96.6345	103.653	110.317	111.335	103.37	90.2469	79.1943	73.9758	74.6117	80.2618	89.0812	97.1627	100.43	97.5802	90.4766	82.6183	76.9855	74.1017	72.6178	71.6958	71.9747	74.2779	78.5684	85.3473	95.486	105.786	109.538	105.472	101.177	105.242	117.539	127.807	126.935	117.664	108.326	101.442	95.3073	90.1633	87.0527	86.35	89.0387	94.7067	100.737	105.356	107.474	105.626	100.023	92.6253	84.6877	77.2757	74.7397	83.1045	101.401	119.072	127.235	128.805	130.93	131.033	120.396	99.7957	81.1649	74.0672	77.4804	84.7989	92.0784	98.6266	102.922	103.003	99.4594	94.3833	87.9953	79.8432	73.7053	75.6918	86.2927	100.418	113.366	120.825	118.997	110.248	102.314	99.1953	99.0558	100.849	104.957	107.948	105.31	99.1189	95.5138	95.3105	93.8064	88.3831	80.6106	73.2653	68.7044	67.4115	67.3188	66.033	62.6514	56.9822	48.6131	37.8044	26.2931	16.0904	
50.882	71.6323	88.1084	99.7425	105.954	105.068	98.3695	91.5063	89.1785	90.6455	92.4156	93.3416	94.2189	94.8449	95.6365	98.4757	101.995	101.609	96.575	91.045	87.9591	87.7247	91.3553	99.277	109.122	117.118	118.881	110.841	95.4386	81.4443	74.7574	73.0606	72.2805	72.9687	77.1071	82.3334	83.522	79.0671	72.2952	67.3216	66.0052	68.3229	72.9552	77.4209	80.2088	81.9665	83.4921	85.6323	89.9521	94.9403	95.3225	90.2809	87.5884	95.1131	110.678	123.229	124.916	118.722	111.294	104.067	96.2685	90.0898	87.8512	89.2016	92.8928	97.1527	99.8729	100.849	100.852	99.1268	94.519	87.1684	78.2367	70.0571	67.5617	76.9968	98.2456	119.615	128.118	124.262	118.011	112.553	102.301	85.5208	70.0213	64.7914	70.2972	79.6443	87.1354	91.8641	94.249	93.8773	91.3632	88.3191	84.1589	77.3091	70.8738	71.5395	81.7127	97.3108	111.714	118.381	114.168	103.526	95.2517	93.2752	94.9449	98.1114	102.688	105.845	104.124	99.8425	98.2487	98.8572	96.0285	88.0869	79.4766	74.135	71.6658	69.3069	65.6569	62.0137	59.4612	56.5139	50.9328	42.3657	32.1677	21.7072	
49.7987	73.3889	94.4594	108.742	112.431	105.006	92.2667	82.531	79.7426	82.1526	86.0206	89.5833	93.265	97.271	101.56	105.771	106.972	102.204	94.0649	88.3682	87.2472	89.9751	97.3217	108.971	120.747	127.756	125.743	112.059	91.5649	75.6846	70.0065	69.2872	67.455	65.5577	67.0211	70.1438	69.8967	65.3713	60.8277	59.8671	62.5675	68.1517	75.7449	82.5015	86.1717	87.7353	88.0925	86.9574	85.6053	84.8392	82.5604	78.9876	80.0265	90.4952	106.94	120.242	124.513	121.094	113.805	104.328	94.353	87.7872	87.4461	91.8988	96.9184	98.9171	97.3339	94.5313	92.8694	92.2476	90.7744	86.4815	79.1337	71.5873	69.2119	77.8913	98.0582	118.76	126.093	118.954	107.953	100.368	93.6334	82.8411	70.2051	63.9299	67.579	75.6342	80.9909	81.9482	80.6967	79.3553	79.4763	81.276	81.7825	78.3599	74.0661	75.0722	83.5868	95.9578	105.753	107.516	100.721	91.3978	87.4762	91.0186	97.46	103.001	107.08	108.029	104.212	98.7641	96.6797	97.2997	94.7389	86.9241	78.7639	74.894	74.0479	71.7568	66.9425	63.4308	63.4824	63.8372	60.3212	52.4208	41.7209	29.407	
46.2044	68.8518	89.7654	104.013	107.155	98.9549	85.7942	75.7194	72.3076	74.7979	80.8252	88.2599	95.4249	100.757	104.066	105.862	104.374	97.9425	90.118	86.7377	89.0539	94.8596	103.181	112.772	120.766	125.386	124.082	112.38	92.3381	74.8429	66.8203	64.4431	62.2215	60.5998	61.8102	63.7471	62.3524	58.2641	56.3921	59.1553	64.3207	69.7671	75.5372	80.9132	85.03	88.4437	90.084	87.795	83.0036	78.8867	76.0341	75.1533	79.5212	90.6096	104.681	115.673	119.955	117.495	109.952	99.6385	90.0889	85.463	87.9201	94.9941	100.458	100.007	95.117	89.9965	87.3541	87.7962	89.9432	90.2755	86.3255	80.2687	77.5132	83.6974	99.9464	117.337	123.361	116.048	104.935	98.9813	97.2888	92.0817	81.2657	73.2337	74.6964	80.9582	83.145	79.086	73.4631	71.3	74.4682	80.6393	84.3357	83.1228	81.0849	83.4846	90.8926	99.1643	102.643	98.1038	87.9754	79.8039	80.9854	91.9334	105.681	115.797	120.212	117.735	108.736	98.3352	92.4893	91.0052	88.1684	81.3499	74.8204	73.1153	74.5411	73.7085	69.8069	68.4004	72.2729	76.0532	73.3849	63.7821	50.1092	34.6825	
39.3209	57.7213	74.4243	86.4487	90.9816	87.2701	79.1785	72.6542	71.0497	74.7828	83.156	94.4081	104.427	108.39	105.908	101.062	96.0703	90.2347	85.1594	84.8555	90.2339	97.9265	104.072	106.784	107.434	109.741	112.876	109.191	95.5546	79.7891	69.8149	65.1891	62.7105	62.0373	63.2558	63.659	60.5107	56.1257	56.0417	61.649	68.3122	71.7962	72.956	74.9897	79.8402	86.4921	90.4082	88.2432	82.8269	79.0516	78.3019	80.5603	86.3606	94.6632	102.698	107.928	109.092	105.829	98.5726	89.6783	83.2391	82.6799	88.6692	97.6597	103.126	101.911	97.155	92.6668	89.5713	89.0849	91.8969	94.7828	93.5124	88.5329	84.8115	88.3017	100.826	115.236	120.926	115.549	106.869	103.782	106.228	105.115	96.2573	88.5164	90.2183	96.0789	95.4793	86.8737	77.9636	75.6883	80.7172	88.0743	91.3929	89.8457	88.7691	92.4724	99.9509	106.388	106.379	97.8165	84.546	74.9644	76.9887	91.4093	110.587	126.022	133.263	129.736	116.299	100.187	89.307	84.388	80.3298	74.6295	70.7891	72.3588	76.8603	78.4469	76.6211	77.6698	84.0265	88.6083	83.947	70.354	52.5361	34.4021	
33.5561	47.915	59.8317	68.61	73.8966	74.9905	73.4909	73.4639	77.3309	84.5751	94.5379	106.562	116.46	117.737	109.466	98.2945	90.2777	85.8988	84.1504	86.166	92.4724	99.5089	101.704	97.322	91.4913	91.6798	98.2279	102.449	97.9938	88.5554	80.4359	75.1413	71.8279	70.2659	69.8718	68.4586	64.0925	59.1515	59.1037	65.3313	72.3185	74.1002	71.606	71.3648	77.7225	87.4229	92.6721	90.4812	85.9129	84.4607	86.8532	91.9984	98.088	102.234	103.165	101.612	98.204	92.7249	85.2088	78.0832	75.4826	79.4888	88.7105	98.9419	105.132	106.328	106.059	105.505	102.649	98.644	97.088	97.6751	96.6228	92.4593	88.4436	90.1106	99.5697	111.333	117.152	114.789	109.527	108.457	112.286	113.326	107.482	102.887	106.861	112.782	109.661	97.9237	87.8964	86.6875	92.5149	98.5575	99.6686	97.4909	97.7063	102.914	110.852	116.859	116.246	107.14	92.6516	80.2104	78.1325	89.2593	107.709	124.87	134.946	133.673	120.559	102.875	89.4703	82.0541	77.0068	72.9855	72.7086	77.6415	84.2134	87.3623	87.5653	90.5043	96.7286	97.9653	87.8331	69.0417	48.022	29.2074	
31.1214	43.8176	53.06	59.1517	63.6508	67.079	70.7971	77.764	88.2946	98.9331	107.609	115.328	121.041	119.951	110.357	97.9222	89.8093	87.9286	89.9733	94.1671	99.8098	104.034	102.295	93.8661	84.4657	81.4884	86.4314	93.4806	96.9101	96.4129	93.776	89.7583	85.1065	80.9123	78.2351	76.776	74.1268	69.8227	67.6981	70.4174	74.5506	74.5672	71.0286	71.3726	80.3174	92.154	97.0478	93.6891	89.5707	89.9639	94.4132	101.228	107.226	108.275	104.406	98.8081	93.0195	86.315	78.4617	72.664	73.3503	80.5534	90.4508	99.5681	106.189	111.487	117.859	123.239	122.461	115.367	107.172	101.658	98.4168	95.6351	93.3827	94.016	99.1382	106.588	112.079	113.362	111.776	111.218	113.75	115.534	113.63	113.258	118.273	121.467	114.354	100.595	91.7533	93.2208	100.25	105.156	105.268	104.676	108.151	115.466	123.032	127.688	127.326	120.558	108.012	94.1615	86.7037	90.5997	102.448	114.879	123.262	124.279	116.217	103.457	92.5205	84.9778	79.5614	77.4353	80.8165	88.085	94.3361	96.7582	97.7077	101.383	105.632	101.708	85.6757	63.0558	41.1079	23.4745	
30.3992	42.8201	51.0574	55.4981	58.8611	63.3579	70.9713	83.2012	97.5758	108.233	112.452	112.976	112.622	110.018	103.002	93.9085	88.3219	89.2858	95.0209	102.033	107.709	109.676	105.971	97.1862	87.0781	80.5366	80.2925	85.3435	92.9537	100.112	103.521	101.673	96.0328	89.5382	85.967	87.155	89.1505	86.8268	81.1886	76.757	74.4644	71.7475	69.1613	72.6013	84.8407	97.9575	101.327	95.4831	90.0637	90.4283	95.2694	102.41	107.956	107.384	102.054	96.9913	93.4598	88.6273	81.4002	76.6276	79.751	88.2877	95.5865	100.001	104.482	111.969	123.017	133.686	137.521	131.97	120.498	109.03	102.18	100.934	102.421	103.015	102.572	104.051	108.522	112.955	113.789	112.115	112.363	115.035	117.503	120.185	122.685	119.175	106.41	91.5878	85.5395	90.5497	99.2743	104.129	105.077	107.819	115.357	124.318	129.936	131.533	131.163	128.602	121.322	109.679	99.6933	97.5247	101.486	105.359	107.176	107.473	105.401	101.585	97.431	92.2025	86.4336	84.5189	89.2065	96.325	100.034	100.17	100.673	103.806	105.609	98.3648	80.3364	57.9283	37.6705	21.9081	
29.5291	41.3211	48.5242	51.6283	54.1774	59.6799	70.0499	84.3776	97.8607	104.899	104.445	100.332	96.6657	94.0137	90.1928	84.6686	80.7169	82.0286	88.6585	97.3779	104.251	106.649	104.275	98.4136	90.8263	84.1032	81.1304	83.5239	91.1457	101.021	107.735	107.801	102.144	94.8072	91.618	95.683	101.719	101.012	92.1487	81.1116	73.0264	68.7902	68.9345	76.387	91.0619	104.133	105.502	96.6679	88.2839	86.4856	90.1797	96.8133	101.98	101.241	97.1203	95.7473	97.0375	95.0447	87.8547	82.8136	87.0826	95.9705	99.7741	98.1023	98.1216	104.192	115.46	128.312	137.554	138.379	129.655	115.977	105.99	105.588	111.111	113.044	108.763	105.765	109.516	115.438	115.994	111.409	109.06	112.592	118.385	121.955	120.03	109.806	93.2471	79.2034	76.1933	83.6493	93.0511	97.7965	99.9189	105.54	115.656	124.625	127.197	125.06	124.301	126.435	126.297	119.85	110.744	105.631	104.061	100.705	95.7461	93.4911	95.3452	100.021	104.204	103.251	97.0414	92.0517	92.9175	95.7487	95.484	93.7057	93.9797	96.0788	95.7927	88.2343	73.2239	55.6281	39.7044	26.2228	
27.6905	38.1486	44.2327	46.6383	48.9501	54.8176	65.4615	78.0752	87.2304	89.81	87.7404	85.0332	84.0265	84.1094	82.4791	77.4347	71.4215	69.0283	72.3067	79.437	86.8472	91.8202	93.5694	92.5548	90.2215	88.893	89.6877	91.9816	96.05	102.345	108.148	109.135	104.099	96.7547	93.6592	98.1995	104.919	104.37	94.3776	81.503	72.8583	70.9198	75.1569	85.1407	98.8306	108.965	107.965	97.7429	87.8163	83.7737	84.9924	89.642	94.0555	94.3348	93.0988	95.9143	100.67	99.1462	89.767	82.427	85.8971	94.5645	96.6826	91.652	88.4376	91.9316	100.535	112.148	124.406	131.957	129.572	118.603	108.409	108.187	115.539	118.719	113.839	110.309	114.676	120.46	118.482	109.785	103.989	106.67	113.599	117.213	113.107	101.252	85.923	74.6429	73.4456	80.9062	88.9477	92.1455	93.9573	100.42	110.966	118.953	119.193	114.375	113.017	118.695	124.854	123.579	116.05	109.186	104.191	97.373	89.8234	86.6489	90.5343	100.62	111.706	115.548	109.173	99.0604	92.2729	87.9807	83.489	80.8237	81.544	82.8242	80.9144	74.4489	64.8681	54.8392	45.4189	34.9511	
25.4425	34.6828	40.7751	44.528	48.0017	53.0897	60.4243	67.8939	71.9643	72.1562	72.1388	75.4211	81.7702	87.2845	87.0134	79.3121	68.2971	60.3962	58.6152	61.8331	68.1658	76.025	82.7609	86.274	88.8195	94.6911	102.672	106.596	105.158	104.015	106.08	106.972	102.465	95.0369	91.3197	94.747	100.566	100.482	92.7076	83.2045	78.3821	80.2666	86.9001	95.3244	103.137	106.842	103.339	95.2039	88.6375	85.5699	84.3471	84.8617	86.4395	87.186	89.1398	95.4646	101.66	98.7732	86.4062	75.8161	76.5482	83.8877	86.4102	82.6276	80.4641	83.8176	90.2992	98.8733	109.995	120.184	123.556	118.812	112.191	111.805	117.042	118.758	114.451	112.956	118.664	123.469	118.734	106.634	97.4052	98.1468	105.932	112.08	110.944	103.109	92.3626	83.5512	81.6246	86.7405	91.9294	91.808	90.5331	94.752	103.644	110.598	110.4	104.971	103.249	110.68	120.567	122.296	115.082	106.13	98.8456	91.9393	86.2668	84.8685	90.1049	102.522	117.202	124.042	117.649	103.678	90.8042	81.1713	73.9215	70.6853	71.6243	72.5011	69.5981	63.9669	59.0058	56.2142	53.361	45.6352	
25.4749	34.3443	41.5366	48.4024	54.6581	58.7079	60.5541	61.3198	61.4151	61.8266	65.4513	74.8507	88.4087	99.012	98.8043	86.9749	71.224	60.2166	56.1271	56.5627	61.0725	70.3663	80.7209	86.8777	90.9611	99.6799	111.308	115.657	109.675	102.535	101.317	101.819	97.7776	90.5689	86.7148	89.9514	96.4329	99.1381	96.5447	92.7147	91.4384	93.7681	97.8195	100.227	99.3916	95.6756	90.3554	86.6625	87.0127	88.415	86.6179	82.4473	79.0123	78.153	82.2128	91.6451	99.6638	97.0457	83.7529	70.7817	68.0071	73.0698	76.8458	77.2502	79.7296	86.0658	92.4981	97.6269	103.587	110.523	115.773	117.466	116.664	116.432	116.985	114.62	110.096	110.413	116.788	120.614	114.808	101.845	91.0687	90.9014	101.123	112.998	118.668	117.357	111.309	102.969	97.5521	98.5364	100.498	96.5411	89.9064	88.3808	92.8359	97.9266	98.3788	94.3418	93.5562	102.265	114.082	116.986	109.225	98.8002	91.2323	86.5736	84.1489	84.6509	90.349	102.879	117.657	124.572	118.25	104.008	90.5515	80.698	73.3726	69.4929	69.8674	70.9404	68.5136	63.8766	61.6704	63.3276	64.3187	57.2048	
30.7778	40.0771	47.8049	57.0091	66.3	70.4455	68.0684	63.5732	61.4904	63.1991	69.1568	80.7124	96.461	107.978	105.606	89.9952	72.532	63.1932	61.7657	62.81	65.6111	73.3643	83.9934	90.7356	93.5257	99.3288	108.218	110.984	104.286	96.5942	94.7225	95.0589	92.0591	86.7309	84.5929	89.1743	97.5673	104.03	106.876	107.468	106.614	105.151	103.127	98.7389	91.3621	83.0631	77.0283	76.6467	82.3464	88.3267	87.8032	80.7107	72.4693	68.7649	73.3381	85.2831	96.7097	97.8161	86.9166	73.3793	67.7316	70.5707	75.3979	79.9887	87.719	98.4668	106.741	109.101	107.34	105.341	106.289	110.765	115.804	117.921	115.893	110.463	105.314	105.709	111.238	114.523	109.82	98.53	88.086	87.4351	98.8934	114.784	126.211	131.143	129.985	122.46	113.42	109.648	108.41	101.608	89.9631	81.4194	79.5245	81.341	82.126	80.5866	82.4308	93.1178	106.331	109.797	101.902	92.047	87.0447	85.8558	85.1307	84.8303	88.6249	98.6741	110.284	114.924	109.233	98.3846	89.5574	84.0543	78.9873	74.6585	74.1183	76.2791	76.6441	74.6499	74.1902	77.0988	78.4944	69.6724	
40.7251	51.0733	57.91	66.5448	76.8969	82.2053	79.2916	73.4976	71.4584	74.2214	79.6617	87.9882	99.2484	106.465	100.557	83.5216	68.2614	64.1881	68.4865	72.575	73.7981	76.8319	83.6939	89.2477	90.5281	91.9355	95.7887	97.4141	94.17	90.3532	89.5639	89.8401	88.7438	87.2297	88.2144	93.7061	102.092	109.845	115.151	116.834	114.025	108.504	102.496	95.6615	87.3613	78.8344	72.6685	72.2761	78.6783	86.3886	87.4737	80.1839	70.093	64.6031	68.3804	80.794	95.0274	101.236	94.8263	82.4883	75.266	76.3109	81.2733	88.3324	99.8847	114.776	126.165	127.752	118.861	105.265	96.3357	98.0581	107.268	115.289	116.712	112.377	106.818	105.079	108.177	111.27	108.771	99.7672	89.4924	86.4121	94.2295	107.692	119.879	129.078	133.993	131.166	122.872	116.432	112.137	103.411	89.4008	76.7542	70.1787	68.6344	68.6772	69.0812	73.7934	86.3844	100.457	104.507	97.4897	89.8063	88.6788	90.9487	90.6219	87.6737	87.0809	91.2255	96.3196	96.9535	92.2077	86.5219	84.5652	85.1191	83.2967	79.3507	78.8614	83.4379	88.4587	90.4653	91.1924	93.2249	92.9972	81.5052	
50.1997	62.522	68.2143	73.4687	81.2931	87.0684	86.9308	84.3734	84.797	88.0969	90.5918	92.0402	94.5411	94.7171	86.295	71.7157	62.017	64.0965	73.6397	80.7394	80.6776	78.1801	79.3329	82.5969	83.5673	83.4076	85.2796	88.1403	89.312	88.8458	88.3437	88.6065	90.1213	92.9988	96.6525	100.85	105.526	110.119	113.267	112.681	107.884	102.021	97.7949	94.3037	89.6294	83.3272	76.7525	73.6654	77.222	84.1119	86.7636	82.2626	74.6666	69.9366	71.9589	81.3151	94.3002	102.855	100.543	91.0014	84.1243	84.0015	88.1671	95.9126	109.112	126.071	139.904	142.678	130.572	108.342	88.9166	84.317	95.0133	110.446	119.892	120.022	114.238	109.251	109.678	113.033	112.462	104.522	93.2349	86.3932	87.6628	94.1748	102.495	112.474	122.515	127.468	125.667	120.855	114.435	103.874	89.8178	77.4079	69.9061	66.1922	64.3846	65.1229	71.638	85.1654	99.1484	103.586	97.7126	91.6077	92.672	97.3407	98.491	94.8671	90.1084	86.5043	83.2153	79.0538	74.7497	73.16	76.4021	81.3695	82.4396	80.4406	82.3232	90.6502	100.023	104.688	105.181	105.308	102.877	88.8469	
54.6878	69.9627	75.5665	76.1594	78.2381	82.5409	86.4843	89.9615	94.1305	97.1605	95.6908	90.2599	84.5615	78.8056	70.2644	61.0774	58.2854	65.3784	77.8175	86.4887	85.9985	80.5336	78.0775	79.7695	81.53	82.8752	86.1659	90.71	93.2298	92.6643	91.4955	92.6054	96.9375	102.954	107.501	108.605	107.112	104.964	102.342	98.0837	93.2783	91.3085	92.9869	95.0327	94.1271	89.2865	81.5734	75.274	75.5859	81.5038	86.4589	87.0422	85.059	82.9076	82.3293	85.3347	92.2156	98.5044	98.3662	92.8358	88.4403	88.2449	91.5326	98.826	111.051	126.321	139.637	144.044	133.685	110.053	85.387	75.2107	84.6965	104.488	120.366	124.466	118.753	111.912	111.472	116.029	117.172	109.815	98.0946	89.5623	86.5843	86.8721	89.5475	96.3611	107.291	118.181	124.428	124.339	117.962	106.391	93.0414	82.3089	75.5561	70.7551	67.2456	67.9383	75.6907	89.0582	101.319	104.81	99.1904	93.0351	93.6878	99.4729	104.152	103.847	98.1136	88.6803	78.737	71.1763	66.982	66.6101	70.4922	75.9256	78.5515	79.6425	85.4784	97.3183	108.323	112.252	110.673	108.594	104.103	88.361	
54.4687	72.4013	78.7012	75.4237	71.4517	73.1982	80.4702	89.4484	96.0856	97.4734	92.8355	84.3646	75.5665	67.8451	60.8511	56.4278	58.3756	67.8422	80.7222	89.3132	88.9249	83.7964	81.7751	84.1922	87.5507	91.2079	95.9246	99.6659	100.176	98.944	99.6629	103.906	110.604	117.31	120.464	117.434	109.254	99.7121	91.5457	85.6477	83.5315	86.8919	93.8181	99.0004	98.8585	93.2901	83.9645	75.4865	74.078	80.2122	88.1031	93.9846	97.6068	97.8298	94.1712	89.8579	88.7963	90.4436	90.8526	89.0194	87.3968	87.594	90.5477	97.1622	106.602	117.09	126.777	131.831	126.414	108.435	86.1169	74.4328	81.2287	99.6255	115.627	120.308	115.155	109.013	109.607	115.918	119.532	114.758	105.483	98.7092	95.0876	91.5287	88.4172	89.2998	96.4278	107.992	118.67	123.117	119.394	109.423	97.1383	86.626	79.6465	74.802	71.9694	74.5086	83.7256	95.3989	103.344	103.578	97.2395	90.8275	90.3726	96.3779	104.873	109.89	106.626	95.8599	83.8062	75.8774	72.1524	70.4605	70.7603	73.0239	75.353	78.6225	87.0438	99.9678	109.771	111.271	107.555	103.602	97.1748	80.6596	
51.6108	69.9633	76.9266	72.9538	66.6788	67.015	75.8511	87.1318	93.1033	91.6351	86.084	79.7999	73.7553	67.8813	62.4612	59.3091	61.3738	69.8417	81.269	88.4694	87.6127	83.7113	83.9913	88.5686	93.7771	98.9538	103.49	104.718	103.356	104.622	111.321	120.497	128.495	133.647	133.633	126.179	112.848	99.136	90.0507	86.9041	88.8384	94.9575	102.639	107.039	105.317	98.0551	87.181	77.1519	74.4806	80.7803	91.0198	100.809	108.144	109.711	103.794	94.2893	87.2768	84.8777	84.5477	83.8793	82.8363	82.8492	86.2162	93.1363	100.552	106.402	111.308	115.149	114.395	105.13	90.5192	81.5198	85.5956	98.4179	109.552	112.568	108.9	105.035	106.618	113.577	119.978	120.271	116.083	112.362	108.682	101.788	93.0042	87.2625	88.41	96.4449	106.836	113.62	113.874	107.965	97.5797	86.4595	78.9955	76.0737	77.1355	83.3894	93.4376	101.41	103.028	98.7483	91.8624	86.5792	85.889	90.9414	100.658	109.427	110.091	102.053	92.0795	86.0431	83.0023	79.1192	74.724	72.7529	73.371	76.5535	84.6735	96.3737	104.752	105.795	102.052	96.5116	87.1854	69.61	
47.5622	63.7104	71.1129	70.3358	67.1096	68.7258	78.0132	88.6478	91.7353	87.3318	82.4447	80.1289	78.1205	74.754	70.3604	66.3344	65.7691	71.3969	80.6826	86.1393	84.1249	80.2766	81.563	87.3161	93.4873	99.158	103.255	103.458	102.678	107.942	120.115	132.235	139.303	141.437	138.3	128.865	115.492	104.11	99.8355	102.224	106.713	110.931	114.823	116.399	113.214	104.951	92.8443	80.8849	75.7052	80.3567	91.1844	103.209	112.717	115.489	109.74	99.2089	89.916	84.7166	81.9435	79.2282	76.551	76.1952	80.8116	89.3338	97.0367	101.081	102.675	104.187	105.276	102.652	95.8814	90.7678	92.6037	99.5658	105.997	108.564	107.773	106.222	106.969	112.011	119.735	125.455	127.024	125.671	120.638	110.2	96.8631	86.0682	81.9395	85.0537	92.1093	98.5522	101.656	99.8112	92.086	81.9883	76.3302	77.6821	83.8938	92.7955	101.134	104.128	100.483	93.6385	87.7881	84.7983	84.1228	86.3117	93.3928	102.655	106.69	102.804	96.215	92.2819	89.8015	84.5486	77.2971	72.6068	71.694	73.9594	80.8864	91.456	100.189	103.504	101.508	94.0617	80.1329	59.8598	
45.5438	58.7368	66.0191	69.2866	71.2533	75.7915	85.2544	94.1801	94.6694	88.5894	83.934	82.4488	80.6895	77.8036	74.8228	71.8699	70.7396	74.7505	82.4385	86.6406	83.7904	79.3378	79.832	84.6652	90.0667	95.2186	99.5371	101.096	102.269	109.113	121.532	131.68	134.671	132.585	127.961	121.7	115.543	112.444	114.755	120.43	123.808	123.541	123.16	123	119.611	110.961	97.8202	83.9713	75.7452	77.2262	86.6718	99.3696	110.295	114.865	111.853	104.146	95.6305	88.4467	82.3224	76.5703	72.3379	72.3557	78.4373	88.298	96.7995	101.008	101.901	102.082	102.542	101.699	98.6271	95.7819	96.3143	100.366	105.636	109.908	111.841	110.714	108.163	108.935	115.817	125.438	132.322	133.604	128.141	116.349	101.772	89.2512	81.8917	79.8855	81.3924	84.5681	87.8061	88.1603	83.2157	76.3781	74.9029	80.9022	90.0827	97.9712	102.148	101.676	97.6967	92.7986	89.3128	87.4937	85.2833	83.1866	85.9601	94.1442	100.332	99.1275	94.2144	91.3799	89.8321	85.092	77.6819	72.4442	71.3148	73.9967	81.503	92.5935	102.396	107.595	106.781	97.5085	79.0807	55.1913	
49.0836	61.1007	67.3166	71.1921	75.1574	81.0034	89.4163	95.935	95.2454	89.7517	85.1298	81.4157	76.5034	72.3324	71.4686	72.8646	75.2551	79.9874	86.434	89.608	86.968	82.9891	82.899	86.1822	89.8352	93.6163	97.9661	101.273	103.915	109.73	118.637	123.75	120.823	114.098	109.934	110.952	115.804	121.458	126.349	129.319	128.288	124.901	123.862	124.703	122.085	113.23	99.6921	85.3537	75.3563	73.6438	80.35	92.1402	103.494	109.552	109.798	106.292	100.129	92.4241	84.9275	78.7595	75.1941	76.4407	83.299	92.5412	99.3689	102.24	102.937	103.024	102.116	99.6127	96.4546	94.5787	95.8392	100.842	107.703	113.153	114.589	110.572	103.263	99.5648	104.58	115.857	126.72	131.972	129.73	121.308	110.181	99.6624	91.0701	83.925	78.4641	76.5888	78.3037	79.5866	77.0994	73.8629	75.7872	83.1669	90.6186	94.2268	94.9338	95.8903	97.8147	98.243	95.8568	91.5362	85.4527	79.5997	80.0141	88.2704	95.7874	94.8576	89.2903	86.6763	86.6883	84.0207	78.145	73.3473	72.5234	76.815	86.8931	99.7455	109.345	112.951	110.652	100.281	80.242	54.4769	
56.7884	71.0074	76.3586	76.6506	77.0387	80.217	85.1229	87.9955	86.9301	84.2078	81.4595	76.6985	69.4036	63.8748	64.518	70.5288	77.6596	83.5338	87.796	89.1699	87.3089	85.444	86.7899	90.305	93.2603	95.7913	99.353	103.03	105.977	110.338	116.005	116.698	108.679	98.5681	96.2202	104.394	117.258	126.49	128.578	125.204	119.484	115.668	116.9	120.279	119.545	112.25	100.498	87.6839	77.4391	73.0996	76.1563	84.9766	94.5148	100.093	101.927	101.672	98.4152	92.74	88.0467	85.72	85.315	88.0652	94.6095	101.221	103.396	101.718	100.093	99.693	98.1269	94.4035	90.8833	90.2094	93.8863	101.738	110.17	114.346	111.994	103.383	92.1753	85.7143	88.7291	99.0798	111.244	120.31	123.635	121.65	116.722	110.473	102.326	91.3593	80.3571	74.7795	75.7578	78.2818	78.1617	77.2016	78.9257	82.3384	83.656	82.4076	83.2171	90.6317	101.569	106.898	102.49	92.405	81.6476	74.2878	75.5592	85.4451	93.818	92.3121	85.8165	83.1576	84.0822	82.9984	78.6398	74.1585	72.9769	78.2447	90.8892	105.568	113.848	113.109	106.554	94.9912	76.2969	52.0744	
62.9294	82.1625	88.5158	84.0464	77.5561	75.1254	75.2509	74.4941	73.5245	74.3161	75.1595	72.3691	65.6966	59.8941	60.6278	68.6358	78.4786	84.348	85.2851	83.567	81.7389	82.4072	86.8346	92.6346	96.3446	98.1324	100.335	103.051	105.423	108.75	112.588	110.761	100.042	88.8289	88.3904	99.7796	113.917	121.423	119.933	112.839	105.213	101.875	104.543	109.781	112.308	109.573	102.129	92.0132	82.299	76.1729	75.3208	79.0858	84.1519	87.4459	89.7575	91.902	91.6299	89.4808	89.5991	92.4312	95.3031	98.6793	103.834	107.223	104.469	97.5831	92.5012	91.3235	91.034	89.2409	87.2442	87.7753	93.0485	102.385	110.504	112.05	106.226	95.1352	82.729	74.9236	75.2333	82.4071	93.3322	104.428	112.062	114.962	114.699	112.202	105.568	93.7275	81.3616	75.4761	77.1979	81.4749	84.0149	84.5398	83.4656	79.7666	73.7541	69.5094	73.4239	88.2313	106.131	113.466	105.589	90.1776	76.5027	70.0449	74.0291	85.7343	94.4323	92.9942	86.8951	84.028	83.8055	82.0099	78.0823	73.8085	71.6472	75.9192	88.7708	104.191	111.911	108.004	96.9866	83.3048	66.4506	45.9069	
63.9644	88.0974	96.6982	89.0394	76.3477	68.4328	64.9322	62.624	62.7478	66.4266	70.3253	70.3744	66.1515	61.4464	61.8393	69.705	80.4409	86.2504	84.4053	79.0736	75.8352	77.8138	84.7544	92.3416	95.9998	96.3027	96.5915	97.8426	99.4808	102.065	104.619	101.67	91.08	81.33	81.9959	91.8227	101.986	106.549	105.314	99.9683	93.1847	89.2034	90.5635	95.9087	101.71	104.251	101.25	93.6194	85.1558	79.1564	76.1244	75.2638	75.7515	77.3586	81.0727	85.7063	87.5254	87.1553	89.051	93.1468	96.0588	98.3676	102.047	103.816	99.0369	89.7874	82.9239	82.0511	84.8978	87.4212	88.0153	88.6599	93.1302	101.407	107.61	106.877	100.126	90.3164	79.7755	71.5955	68.565	71.5763	80.1797	91.6305	100.89	105.055	105.741	104.526	99.4293	89.5309	79.6853	75.7726	78.1315	83.1717	88.0066	90.6493	88.3055	79.7779	69.1984	64.2895	71.2635	89.7909	109.495	116.444	107.176	90.6824	77.3908	73.177	79.7517	92.2363	100.177	98.5819	93.2023	90.0185	87.7553	83.9323	79.4351	75.0632	71.2601	72.013	81.2871	95.1894	103.719	100.53	87.9998	72.4412	56.5529	39.5507	
62.0423	88.2982	98.1903	89.1301	72.8985	61.5177	56.4949	54.9639	57.1509	62.8325	68.2456	69.9553	67.8098	64.5776	64.8905	72.2046	83.8033	91.1084	88.827	81.1513	75.9778	77.4729	84.5288	91.472	93.168	90.7399	88.3258	87.7966	89.0406	91.4713	93.0958	90.1279	82.4912	76.8472	78.2362	83.594	87.7728	90.3495	92.2214	91.0367	85.5649	79.672	77.9886	81.7598	88.857	94.4789	94.2103	88.4751	82.0045	78.2902	76.6987	75.6772	75.5697	77.9358	83.6136	89.4914	90.7246	88.3226	87.1642	87.5825	87.2894	88.0254	91.9579	94.9695	91.2613	82.2217	75.0668	74.8435	80.4816	86.8304	89.5587	89.7291	92.5921	99.244	103.741	101.541	94.9265	87.915	81.3772	75.0262	70.148	69.4732	75.3113	85.9315	95.0462	98.1361	96.9481	94.5807	90.3543	83.5892	77.6267	75.729	77.4033	81.255	87.0166	92.802	93.4944	85.9982	75.3408	71.1862	79.0437	96.1608	112.688	118.265	111.147	98.5435	88.7774	87.1564	94.8987	106.262	111.543	107.951	102.254	99.5201	97.1549	92.3766	86.7086	81.0591	74.5211	69.7931	72.1742	81.5677	90.5116	90.6931	80.3655	65.0686	50.095	35.6825	
60.8452	86.5902	96.2857	86.9279	69.5208	56.7337	51.8498	52.2219	56.5223	63.6186	69.9786	72.3726	70.6027	67.235	66.7383	73.475	86.325	96.3297	95.8587	88.1	81.7794	81.7175	87.0662	92.5481	92.8841	88.2094	82.4656	79.2959	80.0954	82.9969	84.3819	82.4244	79.5696	79.7599	82.447	83.3938	82.0559	82.6518	85.9612	86.3945	80.591	72.5867	68.2083	70.021	76.9374	84.0737	85.7824	81.5578	76.3813	74.8304	77.2122	81.4535	86.0248	91.0295	96.8724	100.436	97.5722	90.4878	84.6821	81.0014	78.4642	79.8799	86.7697	93.0309	91.1649	82.0404	73.4556	71.813	77.3944	85.0402	89.1068	89.8725	92.8686	99.4529	103.455	100.187	92.935	87.8952	86.6059	85.8577	82.9809	79.9351	81.8332	89.6629	96.9674	97.4904	92.7105	87.5837	83.2986	79.0488	76.0966	75.4583	76.0886	78.1492	83.8913	92.9482	99.0994	96.3603	88.4027	85.6168	92.8238	105.442	115.791	119.079	115.569	109.318	105.049	106.44	114.072	122.324	123.081	115.848	108.951	107.513	107.117	102.761	95.7924	88.4409	79.7484	70.5025	65.6634	68.6273	75.8627	78.8467	72.2537	59.2189	45.67	32.9997	
60.9359	85.6315	95.1639	86.4945	69.4369	56.9	53.5107	56.1942	62.0324	69.9432	77.1713	79.7764	76.5895	70.754	68.1592	74.2039	88.0727	100.121	101.479	94.5207	87.7233	86.2106	90.4505	96.7272	98.9275	93.9866	84.8818	78.1628	77.6747	80.6937	82.2684	82.0715	84.2356	90.2946	95.4794	94.8441	90.632	88.8549	89.571	86.7638	78.1406	68.4124	63.0406	64.5449	72.5408	82.2229	86.4627	82.9895	76.645	74.1737	78.9477	89.2955	100.052	107.318	110.61	108.72	100.265	89.1833	81.1669	77.1477	76.764	82.6549	94.6425	104.616	104.04	93.6016	81.4965	75.3423	77.2402	83.3317	88.0205	90.7033	95.5924	103	106.654	102.434	94.7348	91.962	97.4633	105.93	108.916	104.703	100.601	102.155	104.776	101.26	92.4136	84.2629	79.1822	75.9832	74.6116	75.021	75.6189	76.9254	82.6191	93.5674	103.1	103.503	97.5833	96.0449	102.729	111.099	115.005	114.835	113.643	113.556	115.853	121.181	128.226	132.188	127.914	117.178	108.763	107.449	107.845	103.668	96.2955	89.2899	81.8406	72.2907	63.6271	61.2969	65.6077	69.2518	65.1706	54.2752	41.7886	29.9071	
61.2407	85.8822	96.147	88.6977	72.7921	61.9383	61.3674	66.7128	73.4287	81.0339	88.0658	89.9992	84.5466	75.5603	70.779	76.238	90.1281	102.066	103.486	96.6566	89.4101	87.3324	92.5937	102.457	108.678	104.423	92.3247	82.1301	79.717	82.0527	83.9736	85.9045	91.9832	102.211	110.442	111.788	108.597	105.381	101.254	92.6227	80.489	69.8581	64.7864	67.6918	78.7821	92.483	99.6693	96.494	87.5287	80.9762	83.189	94.2168	106.983	114.061	113.548	106.388	94.6653	83.3932	77.0367	76.1304	80.9553	93.2808	110.614	123.695	124.218	112.498	96.0826	83.5083	79.3705	82.1814	86.9856	91.6513	97.813	104.422	106.368	101.749	96.0306	97.8939	111.136	129.049	138.535	133.78	122.884	115.808	111.634	104.009	92.9047	83.6795	78.469	75.7356	75.1672	76.5244	77.7441	79.2072	84.975	95.8315	104.654	103.916	97.0702	95.0573	101.139	107.588	107.965	104.859	104.319	108.981	117.558	126.61	132.358	131.936	124.201	112.105	102.35	98.4128	96.2588	91.2585	84.9617	80.6101	77.0174	70.8896	63.208	59.6232	62.3435	65.3592	61.7452	51.6583	39.4814	27.621	
61.145	86.3615	97.3598	90.9105	76.6836	68.4796	71.0937	78.6897	85.5008	91.6514	97.0581	97.4935	90.3353	79.7027	73.8837	78.4831	90.6817	100.704	101.66	95.3806	88.1079	86.0814	93.3823	107.27	116.753	112.374	97.5835	84.7122	80.762	82.7935	85.8946	90.0876	97.9974	108.929	118.208	122.568	123.041	120.47	113.088	101.16	88.5673	78.5946	73.4225	76.7324	89.9653	106.424	115.685	113.685	104.184	94.0691	90.3463	95.6758	104.767	109.476	106.302	96.9631	86.0067	78.4906	76.4689	79.4356	88.4816	104.972	124.759	138.756	139.991	127.972	108.434	90.3331	80.8302	80.9902	86.2354	91.9426	96.7304	99.4404	98.1894	94.2891	93.1912	101.125	120.036	142.625	154.913	149.577	134.159	120.476	110.949	101.268	90.9439	83.7778	80.6611	79.311	79.2657	80.7893	82.449	84.7789	91.1126	100.954	106.981	102.95	93.0223	87.9406	91.9497	98.4744	99.5592	95.9497	95.0435	101.401	112.644	122.367	125.677	122.356	114.529	104.4	94.6633	87.1829	81.1246	75.2981	70.7316	68.5746	67.5679	65.2055	61.6246	60.562	63.367	65.1452	60.9093	51.4373	40.0404	28.2208	
59.9751	85.0543	96.0352	90.7569	79.1213	73.5585	77.6777	85.522	91.5691	96.2	99.7462	98.6908	91.1069	80.9748	75.3063	78.3482	87.6226	95.8897	98.0945	94.1562	87.5214	85.0385	93.0439	109.025	120.157	115.593	99.2321	84.5306	79.4519	81.9331	87.1355	93.5417	101.374	109.436	115.978	120.916	124.462	123.959	117.226	107.643	99.4012	91.9643	85.8482	87.1775	98.9646	113.88	122.28	121.914	115.42	105.887	98.1955	96.924	100.737	103.454	100.363	92.0859	83.9355	81.0924	83.8061	89.7993	99.7406	114.847	131.1	141.634	142.151	131.512	112.728	93.7009	82.6919	82.4548	88.4881	93.6926	94.488	91.2541	86.4075	83.9317	87.9031	100.708	121.242	142.147	151.936	145.194	128.789	113.538	102.858	93.8573	85.9508	82.0726	82.3837	83.5624	84.1745	85.2247	87.2869	91.3123	98.7525	107.726	111.992	106.684	94.8503	85.8617	86.2013	92.6354	96.1412	93.544	91.0668	94.6629	102.832	109.544	110.735	107.466	102.575	96.7895	89.6424	81.6423	74.2561	68.7479	65.1377	62.6471	61.2182	61.017	61.7763	63.5897	65.581	64.9142	60.0927	52.5464	43.2482	31.6701	
56.7411	79.8732	90.3217	87.6567	80.4566	77.4855	80.688	85.9538	90.108	93.6334	95.8599	93.7051	86.6727	78.5763	74.1597	76.0463	83.0905	90.8466	95.0379	93.4194	87.2269	83.5252	90.1495	105.646	117.738	115.292	100.552	85.428	78.6522	80.3516	86.6106	94.6539	102.219	106.835	108.76	111.108	114.657	115.502	111.803	108.089	106.859	103.829	98.2991	97.8674	105.872	114.993	118.666	118.179	115.565	109.93	102.813	98.823	99.7625	102.366	101.637	96.1523	90.6187	90.9752	97.212	105.025	112.87	121.268	128.051	130.838	129.507	122.93	110.487	96.4957	87.8975	88.2351	93.8216	96.904	93.3718	85.2758	77.8478	76.236	83.2664	98.6914	118.646	135.092	139.519	130.441	115.311	102.778	94.7997	88.102	81.6484	78.6014	80.4141	83.9673	86.1864	87.5546	90.224	95.4685	103.081	111.351	116.653	114.46	104.106	92.3042	87.9516	92.0205	96.2069	94.3324	89.7902	88.3951	90.9073	94.3783	95.9065	94.9631	93.0159	91.1331	88.7699	84.9679	80.1298	75.5028	70.9336	65.895	62.5793	63.5599	67.402	70.0714	68.9996	64.7108	59.6959	54.9871	47.9535	35.9662	
51.2385	70.2038	79.7011	81.5222	81.4867	82.6655	84.1851	84.5989	84.97	86.8163	88.0808	85.4815	79.7129	74.5237	72.7142	75.4561	82.1394	89.2771	92.731	90.5368	84.2216	79.962	84.5097	97.4801	109.785	111.666	102.114	88.7123	79.7373	78.2593	83.0746	91.8533	100.575	104.501	103.523	102.288	103.089	103.174	101.559	102.572	107.416	110.076	108.423	108.796	113.152	115.062	112.328	109.837	109.195	106.914	102.174	98.4924	98.6737	101.814	103.765	101.502	98.4051	100.779	108.787	116.706	120.883	121.021	117.188	111.873	109.267	108.647	105.469	98.8969	93.1894	92.603	95.7082	96.5468	91.7202	83.0809	75.2076	72.9368	79.6458	95.379	114.807	128.155	128.166	117.064	104.108	96.3034	92.9893	88.9394	81.8557	75.5283	74.6353	78.6355	83.4173	87.0709	90.8286	95.6672	101.525	109.114	117.652	121.244	114.263	100.641	91.2167	90.8179	93.5175	92.2406	87.3197	83.0853	82.275	85.0941	88.8365	89.8494	88.2764	87.9724	90.6412	93.3044	92.4893	87.8168	80.4946	72.4524	67.9894	70.448	76.5947	79.0311	74.3343	66.4555	61.2782	58.7853	52.8008	39.4227	
45.27	59.071	67.3415	74.3683	83.034	89.9872	90.3777	85.091	80.375	80.1381	81.4433	79.8242	75.825	73.2419	74.3404	79.2119	86.0319	90.5731	89.6882	84.5322	78.548	75.6032	78.8863	88.2512	98.8928	104.048	100.277	90.2155	80.1329	75.2506	77.7607	86.9149	97.8709	103.809	102.819	99.2317	96.7416	94.7122	93.0577	95.6696	103.809	111.472	114.639	116.612	117.838	113.929	106.693	102.781	102.542	101.138	97.3374	94.0056	93.6681	96.8998	100.949	101.923	101.616	105.58	113.426	119.195	119.445	114.073	104.086	94.2326	91.1965	95.0607	98.8494	97.4998	92.824	89.7907	89.751	89.8288	87.7821	83.2497	76.9967	72.4179	75.0626	87.721	105.526	117.542	116.245	105.296	95.2748	92.6095	94.4543	93.2027	84.9258	73.7006	67.3906	69.2962	76.1663	83.5839	89.4382	93.2022	96.55	103.713	115.283	123.03	118.154	103.389	90.3132	85.7811	86.4955	86.227	83.2933	79.9026	78.9912	82.2823	87.0956	87.9229	84.7218	84.1783	89.9663	97.3891	99.4736	94.2724	84.7987	75.646	71.8876	76.1847	84.087	86.4867	79.4932	69.2969	64.063	62.9654	57.3237	42.4818	
40.0693	50.1768	58.0208	69.2403	84.4122	95.6961	95.4606	86.374	78.6661	78.3146	81.7117	82.5368	80.0089	78.1472	80.1414	85.4583	90.2895	90.0951	84.2512	77.1506	73.0352	72.9153	76.2457	82.2623	89.2817	93.9646	93.0201	86.2002	77.1593	71.4163	73.2564	82.8888	95.2353	103.114	103.494	99.3564	94.8211	91.103	88.8791	91.4843	100.395	110.213	115.628	117.464	115.766	108.585	100.039	96.5341	96.7112	95.1067	91.1358	87.6448	86.788	90.3208	96.8763	101.832	105.202	110.896	117.138	118.599	114.647	106.977	95.8899	84.6945	80.2992	84.5945	90.9625	92.2227	88.1588	83.5696	81.4319	81.501	83.0412	83.6362	79.498	71.7236	67.8435	73.9327	87.3053	98.0748	98.4156	90.6696	84.5956	86.4114	92.472	93.9894	86.2495	73.0201	62.9928	61.9732	69.1546	79.5301	87.4728	90.4065	92.1859	99.8445	113.051	121.156	115.52	100.103	85.9042	79.1173	78.0129	78.3583	78.2251	77.7181	77.9405	80.518	83.8609	83.1551	78.5441	77.0147	82.6284	90.9356	94.5526	90.8011	83.0507	76.4067	74.7316	79.4446	86.6986	88.2623	80.4812	70.1752	66.1218	66.8855	62.2828	46.791	
34.0895	43.3465	52.5192	65.9005	82.5473	94.4824	94.7813	86.7906	81.0399	83.4184	89.871	93.1818	91.5631	88.9476	89.2302	91.5585	91.3716	85.7539	77.0751	70.7416	69.8125	73.1816	77.9252	81.9934	84.7845	85.7679	83.9879	79.042	72.4365	68.3996	71.34	81.14	92.8083	100.766	102.47	99.2933	94.6374	90.8947	89.2001	91.5833	98.9812	107.373	112.063	112.709	109.137	100.768	92.3399	89.6582	90.7183	89.9284	86.7577	83.6163	82.5795	86.9891	97.1424	107.738	116.44	124.665	128.784	124.428	115.029	105.309	94.428	82.3372	74.8841	76.5129	82.9839	86.4223	84.4997	80.7525	78.1681	77.6142	79.888	82.5629	79.3868	69.1863	59.8284	59.2882	67.2895	76.5007	79.6259	76.6161	74.6538	79.1696	86.9475	90.3236	85.549	75.4744	66.5617	64.3292	70.219	80.3691	87.697	89.0111	90.2345	99.489	113.94	120.622	112.492	96.0456	81.6476	73.4486	70.137	69.9939	72.2369	75.0983	76.6349	77.5263	78.2632	76.3106	71.419	68.3934	70.8756	77.0466	82.1416	83.4015	82.4111	81.7889	82.2475	84.066	86.2869	84.5407	76.5317	68.1645	66.8686	70.3971	67.8139	52.6048	
27.1201	37.652	49.1818	62.5524	76.3649	86.503	89.3326	86.9386	86.3419	91.6402	99.3714	103.829	103.776	101.844	100.165	97.5997	91.4257	81.6749	72.2039	67.5551	69.667	76.6402	83.7486	86.9934	85.8989	82.3553	78.2946	74.2923	70.3644	68.9556	73.5457	83.1672	93.1096	99.9743	102.568	101.181	98.0108	95.7186	95.1869	96.5099	100.119	104.705	107.728	108.028	104.303	95.7697	86.9257	84.0059	86.171	87.839	86.8978	84.4078	82.878	87.8329	101.693	118.524	132.563	142.144	143.092	133.058	118.707	106.712	95.3144	81.9242	71.4301	70.2482	76.4659	82.0942	82.9793	81.377	79.8844	79.0492	79.8789	81.1787	77.4799	66.9253	56.2779	53.0707	57.8806	65.4517	69.8073	69.9005	70.7204	76.2673	83.9529	88.6491	88.406	84.5044	79.9249	78.6223	82.8552	89.5307	92.2444	89.7535	89.7747	99.9087	115.234	121.483	112.22	95.2563	80.7215	71.1489	65.2768	63.9472	68.0418	74.0752	76.8694	75.9426	73.9136	70.8369	66.007	61.5455	60.5806	64.583	72.2899	80.9965	89.296	95.7305	97.3194	93.8116	88.2965	81.4462	72.6554	66.1362	67.2536	73.147	72.7247	58.4696	
22.9382	35.5553	48.8913	60.3877	69.4012	77.0315	82.9573	86.5519	90.0633	95.8915	102.292	106.751	109.838	111.87	110.772	104.901	95.0345	83.6771	73.9439	69.4247	72.9411	82.8542	92.1593	94.5678	90.1148	83.1001	77.4443	74.3005	72.997	74.7366	81.739	92.1257	101.415	107.506	110.233	109.792	107.597	105.794	104.71	103.471	103.083	104.754	107.088	107.813	104.652	96.1476	86.1357	82.0153	85.2736	90.1315	91.5731	89.0102	85.9848	90.1737	105.936	126.565	142.084	148.375	144.263	131.556	117.288	106	94.6403	80.6825	69.4273	67.7378	74.2247	80.8846	82.8839	82.4114	82.6901	83.5296	84.0723	83.3886	78.6313	69.3947	61.2234	59.495	63.538	68.5138	70.2992	69.6719	71.6062	78.6377	87.9249	95.8486	100.692	101.427	99.2675	98.6553	101.838	104.255	100.276	92.1553	89.0133	96.9462	110.67	117.155	110.095	96.1839	84.0956	74.7599	66.9847	64.3162	69.6844	78.3397	82.3234	79.7513	74.3856	68.8284	63.4385	58.8315	56.8842	60.6294	71.3735	86.4862	101.789	112.568	114.007	106.433	95.6271	84.9649	74.5238	67.5069	68.5498	75.0177	75.8716	62.5934	
25.0999	40.2252	54.4865	63.1754	66.9325	71.1373	77.7779	83.8939	88.3075	92.7147	97.0362	101.217	107.486	114.688	117.232	112.554	103.371	92.6763	82.1441	75.6475	78.3744	89.4543	99.8996	101.739	95.6405	87.1733	80.5786	77.5205	78.4573	84.3719	95.4474	108.234	118.368	124.343	126.359	124.835	120.687	115.444	110.079	105.319	103.558	105.954	109.424	110.616	107.829	99.4582	88.1515	82.1456	85.456	92.3296	95.1161	92.0705	87.5657	90.0373	104.689	124.46	136.381	135.686	126.681	115.978	107.932	101.261	91.3297	78.3064	69.4697	70.5804	78.4632	84.831	85.5058	83.953	85.177	88.9065	91.5738	90.8301	85.857	78.3473	73.2169	73.6951	77.1296	77.9489	74.0101	69.8303	72.1465	82.4135	96.666	110.674	120.423	121.989	117.31	114.54	116.751	116.461	107.335	94.391	87.4327	90.6006	99.3392	104.453	101.524	95.0959	89.8802	83.641	75.0662	70.8115	76.6706	87.8631	94.474	92.2546	83.9067	74.2551	67.1442	63.4423	62.4725	66.2616	77.5225	94.2555	110.878	121.611	122.513	115.066	104.639	93.5508	81.5472	72.2079	70.9505	75.8072	75.925	62.6129	
32.5938	50.4104	65.3603	71.8595	71.1913	70.8478	74.4286	78.638	81.4095	84.493	88.1219	92.0756	98.8437	108.311	115.346	116.419	112.26	103.875	92.3889	83.0433	83.0477	92.7111	103.181	106.268	102.123	94.87	87.3598	82.6159	84.4519	94.4913	109.862	124.622	134.745	139.952	140.874	137.513	129.499	117.77	105.616	97.4557	96.8832	102.697	108.802	111.297	109.707	102.228	89.8068	80.8733	81.8997	88.2712	91.3864	88.9305	84.8905	86.2	97.2893	111.912	117.658	111.128	100.599	94.9982	95.0685	93.9368	85.938	74.8448	70.3251	76.128	86.0554	91.4965	89.8355	86.2648	87.5128	93.729	99.4502	100.704	97.2876	91.4617	87.1412	86.664	87.1771	83.2345	74.2868	67.4335	70.3136	83.4979	102.27	121.49	134.77	135.731	126.87	119.749	119.519	117.801	107.482	94.0158	86.1699	85.6626	88.3386	89.6967	89.6653	91.7978	95.4214	93.6967	85.0114	79.0644	84.7926	98.9412	110.963	113.052	104.073	90.1003	80.0166	76.3761	75.6406	77.5459	85.2622	97.7966	109.997	117.374	118.26	114.466	108.539	100.046	88.3256	77.6117	73.6945	74.8623	71.3901	56.5431	
40.1137	59.3147	74.351	80.1533	77.5069	73.2429	71.7698	71.6113	72.1832	75.6452	81.1068	85.6409	90.0696	96.9409	105.626	113.055	115.933	111.646	100.803	89.4678	85.709	91.7795	101.558	107.945	109.112	105.454	97.6989	90.8309	92.3612	104.326	120.818	133.891	140.583	142.789	142.249	138.161	127.895	111.275	93.9532	83.8541	85.0829	94.193	103.366	108.599	109.565	103.632	90.2825	77.9033	75.101	79.4796	83.1543	83.3085	82.1281	83.401	89.6743	96.7856	96.4568	87.6958	78.9491	78.1477	83.8961	86.8113	80.7933	71.8694	71.1382	80.5274	91.4719	95.5664	92.1475	87.9424	90.1758	98.4285	106.255	109.831	109.42	105.469	99.2492	93.5165	88.3618	80.7333	70.8472	64.8322	68.371	81.078	98.8296	117.418	131.086	133.127	124.24	114.563	110.558	107.123	99.0366	90.3296	86.3962	85.8847	84.1115	80.4072	80.1327	87.7577	98.268	100.874	93.7108	87.8281	93.5303	109.756	127.184	134.876	126.973	109.751	96.3678	91.3476	89.6896	89.3701	92.468	97.6367	101.383	102.893	103.418	104.07	104.107	100.657	92.2885	82.5932	76.5174	72.5593	63.5313	46.3692	
41.973	59.9252	73.6155	79.7041	78.0471	72.7985	67.9286	64.3918	63.9401	69.2578	78.3553	85.2366	87.5519	89.1499	94.6374	104.086	112.61	114.035	106.447	94.9137	87.9362	90.2886	99.4733	109.779	116.847	117.3	110.793	104.212	106.384	117.899	130.921	137.839	137.78	134.767	131.858	127.936	118.361	101.385	83.3718	73.6518	76.1688	86.7325	97.6991	105.033	107.567	102.3	88.6301	74.5148	69.1145	72.2019	77.7195	82.3219	85.4048	86.9922	87.7618	86.7547	81.4926	72.9126	66.6643	68.1367	75.9717	81.3463	78.0096	71.7999	73.4027	83.844	94.187	96.913	93.0094	90.3706	95.5205	105.674	113.406	117.158	118.872	116.24	106.95	94.745	84.161	75.4869	68.5235	65.6925	69.1437	77.9098	89.3457	101.43	111.705	115.947	112.274	104.767	98.1739	92.5703	87.4455	85.358	87.3345	88.9748	84.7807	76.5016	73.7946	82.7763	96.7689	103.772	101.701	99.7305	106.047	120.979	138.171	146.651	138.594	119.972	105.001	99.0182	97.59	98.1556	99.8202	98.4381	92.2868	86.0536	84.7335	88.7196	94.6575	97.6802	94.4901	86.704	78.4715	69.5104	55.6554	36.9308	
37.4212	52.9874	65.1408	71.9869	72.879	69.534	64.743	60.6744	60.3214	66.7204	78.3032	88.2544	91.1792	88.9765	88.5097	94.6494	105.307	112.313	109.365	99.2463	91.0199	91.4236	100.599	114.026	125.283	128.584	124.369	121.293	126.746	137.853	145.705	144.881	137.152	127.998	121.381	116.651	108.763	94.9314	80.2305	72.6625	75.3677	84.767	94.5837	100.857	101.734	95.2849	82.398	69.8259	64.7773	67.9571	75.7472	85.0144	92.5164	94.5703	90.2478	82.1207	73.3576	65.9854	61.9719	63.9405	71.5153	78.2783	78.5619	76.2463	79.5895	89.3072	98.2417	100.496	97.6381	97.6421	105.898	116.857	121.888	122.173	122.38	119.003	107.436	91.9747	79.851	73.1097	70.1706	69.7991	71.8421	75.9143	80.7924	85.7692	91.3193	96.9414	99.9241	97.8702	91.3517	83.8741	79.8233	81.5504	87.1452	90.4184	85.5546	75.295	70.809	78.9297	93.7613	104.992	110.297	114.481	121.055	130.296	139.557	141.865	131.813	114.632	101.624	97.1299	98.3524	103	106.802	102.072	88.3422	75.4363	71.7294	77.042	86.3443	93.6513	93.9712	86.9995	76.7345	64.7293	49.0183	30.6717	
31.8939	47.1888	60.2092	68.5199	71.2457	69.76	66.4665	63.3443	62.9315	68.2176	79.2224	90.7563	96.0006	93.0449	87.4034	87.7469	96.8482	106.753	107.64	99.9854	92.5731	92.4371	101.228	116.004	129.471	134.576	133.116	135.092	145.744	158.718	164.07	157.952	144.146	129.119	117.327	109.315	101.9	92.5976	83.5417	78.8538	80.3925	86.341	92.6497	95.7391	93.3141	84.8402	73.1603	63.866	61.1062	64.8549	73.2519	84.5086	94.7608	97.8953	91.1225	78.9637	68.6687	63.4105	62.4568	65.4102	71.9831	78.834	82.339	84.4258	89.7835	98.513	106.289	109.47	108.809	110.417	118.888	128.034	128.723	123.498	119.336	113.8	102.086	87.9386	78.2069	74.569	74.1355	73.757	73.0003	73.3013	74.9713	77.2499	80.8989	87.4661	94.9782	97.6882	92.5981	83.9144	78.6609	80.0232	85.74	89.6808	86.3385	78.0786	74.6745	82.1276	96.2297	109.587	119.928	127.92	132.577	133.321	130.877	124.287	112.686	99.8792	92.1761	91.7372	96.6991	105.015	111.075	106.136	90.4536	75.576	70.4742	74.2181	81.6318	87.7397	87.9731	81.1556	70.7247	58.9424	44.5431	28.1069	
30.8937	48.749	65.02	75.1823	77.9421	76.0151	72.8294	69.9048	68.6581	71.8305	80.6277	91.4839	97.6281	94.8911	86.7673	82.8487	88.5002	97.2288	99.1729	93.9388	88.4483	88.0279	95.0456	108.762	122.697	129.566	131.57	138.713	154.713	171.414	177.787	169.95	152.698	133.188	115.858	102.783	94.4381	89.7962	87.1482	85.4347	85.3641	87.7248	90.9757	91.9911	87.9187	78.4893	67.5745	60.5281	59.6713	63.4238	69.8351	78.6791	88.1769	92.3632	86.5892	74.6393	65.318	63.2581	66.588	71.5975	76.64	81.4345	85.8584	91.2346	98.9753	107.827	115.511	120.353	121.479	121.925	126.329	131.058	128.11	119.514	112.629	106.567	97.1486	86.7986	80.5256	79.1218	79.2622	77.0859	72.4015	68.9354	69.5289	73.4848	79.4556	87.6012	96.3654	100.53	96.6774	88.1401	81.4792	80.4527	84.1663	88.144	88.1242	85.4813	86.5594	94.9401	107.429	119.285	129.335	136.632	137.509	130.248	117.95	104.912	93.728	86.2936	84.688	88.8952	96.3438	104.711	110.177	106.965	95.4769	83.8463	77.8652	76.6027	77.4128	78.4178	76.9968	71.6685	64.2758	56.0355	44.9501	30.4483	
33.8092	54.0379	72.6492	83.9721	86.3364	83.2754	79.125	75.2272	72.406	73.5227	80.0711	88.497	92.7184	89.8908	83.5932	81.1602	85.219	89.7044	88.5574	83.7012	80.0404	79.7007	84.4346	95.2727	107.762	115.708	121.053	132.472	152.622	172.826	181.097	173.043	154.408	132.815	111.816	94.4664	85.0954	84.3121	86.8138	87.281	86.3181	87.2193	89.86	91.1633	88.1202	80.0096	70.0888	63.4682	62.4235	64.7623	67.4996	71.0502	76.6295	80.551	77.3321	68.5055	62.0979	63.6201	70.9904	77.8604	81.0318	82.6811	85.9958	92.6397	102.237	112.14	120.077	124.953	125.078	121.636	119.966	120.312	116.927	110.032	104.978	101.36	95.7038	89.494	86.4443	87.049	87.8487	84.0067	74.9687	66.5842	65.0047	70.6872	79.8854	89.2442	96.5269	99.3788	96.8099	90.7482	84.8528	82.2365	83.4178	86.2665	89.0627	92.971	100.368	111.167	121.673	128.805	133.849	137.619	135.868	125.051	108.64	93.8013	84.513	80.897	82.7797	88.9907	95.8333	100.761	103.461	103.098	99.3804	93.3955	85.8232	77.7005	71.3974	68.2268	66.5384	64.1433	61.17	57.5192	50.0083	36.6227	
35.4898	55.1663	73.1062	84.7579	88.352	86.2514	82.0491	76.9614	71.9947	70.6016	74.4314	79.4784	80.9144	79.5017	80.4353	86.6766	93.7409	93.7879	86.2521	78.4541	75.1614	75.3892	78.9031	86.8249	96.2653	102.867	108.861	121.737	143.587	165.606	174.791	166.325	147.22	125.729	104.183	85.6273	76.7074	78.7138	83.7626	84.6769	83.3841	84.8841	88.7708	91.4622	90.6693	85.6921	77.978	71.1307	67.9623	67.471	66.589	65.4398	66.7966	69.3786	68.1065	62.4728	58.5717	61.8118	70.5741	78.1557	81.1898	82.613	85.9037	92.2839	101.647	111.47	118.07	119.475	114.969	106.587	100.384	99.0901	98.8371	97.5462	97.0961	96.9038	95.0239	93.1737	94.6023	99.4901	103.039	98.431	85.0579	71.1035	65.268	69.1028	77.874	85.8676	90.2403	91.5604	91.5469	90.4545	88.146	86.1215	85.5166	86.0544	88.8461	96.1763	108.077	121.248	130.097	131.354	129.008	128.474	127.442	120.06	107.15	95.3209	88.2426	85.1083	85.4733	88.771	91.7624	92.4528	93.0012	95.8421	99.4561	98.4567	89.4968	76.7353	67.4099	63.9413	63.4948	62.8964	61.8205	60.2429	54.5936	41.6231	
32.5365	49.6099	65.7861	78.1945	84.5441	84.8273	81.2047	75.2943	68.7288	64.9458	65.5347	67.2087	67.3545	69.8308	80.558	98.0725	111.085	109.304	96.0028	83.4629	78.3118	78.6967	82.3689	88.5427	94.1308	96.5169	99.2122	109.595	130.007	151.96	161.414	152.656	133.553	113.38	94.0296	77.8924	71.6441	75.9076	81.5114	81.5957	79.9608	82.3552	87.2269	90.2681	90.4355	88.1343	83.3643	77.381	72.7757	70.2764	67.9727	65.516	65.2791	66.9985	66.3082	61.443	56.7881	57.5662	63.624	70.534	76.3258	82.5855	89.1292	94.8185	101.23	108.451	112.173	108.929	99.2217	87.0622	78.9246	78.2578	82.2558	86.913	90.6377	92.8169	94.0778	97.2809	105.395	117.335	125.002	119.077	100.75	81.5099	70.8825	69.8939	73.9812	77.8084	79.2241	80.5118	84.4087	89.3326	91.8799	91.9572	91.0382	89.7817	90.5497	96.7598	108.812	122.678	130.488	126.722	116.932	112.034	113.767	114.959	111.759	106.574	101.166	95.1782	89.9818	87.2472	85.5686	83.5287	83.2933	87.8202	95.1421	97.2381	89.0844	76.7654	69.678	69.0475	69.6311	67.7991	64.4528	60.9915	54.5317	41.5115	
26.3075	41.3912	57.5823	72.0242	80.8641	82.276	78.2394	72.0211	66.0424	62.0465	60.2857	59.2711	59.476	65.9265	83.1175	106.878	123.889	123.49	109.154	93.6371	85.5874	85.3623	89.9175	95.1272	96.3	92.6974	89.9399	95.8376	113.188	134.166	144.152	136.353	118.65	101.019	85.4854	73.6246	70.7178	76.3241	81.5976	81.1874	79.8197	82.6149	86.7826	87.6277	85.5564	83.1849	80.6992	77.4029	74.5715	73.5523	73.4626	73.4477	74.5045	76.2457	74.8839	68.2078	59.7983	55.0816	55.639	60.0714	68.4412	80.6151	91.6473	96.9043	99.2743	102.829	104.836	100.563	89.6853	76.5047	67.6697	67.3538	74.0071	82.6493	88.9539	92.2794	95.8136	103.698	118.428	136.881	147.14	138.253	114.558	90.9108	76.5879	71.2227	70.5651	70.7316	70.7249	73.0932	80.0906	88.994	94.817	96.7092	96.7402	95.9739	95.8848	99.2748	108.052	119.961	126.114	118.635	103.39	94.9013	98.664	108.106	115.655	117.93	113.68	104.18	94.1031	87.5172	83.9059	80.9801	79.4225	82.1036	88.5103	91.7255	86.4068	78.0235	75.5264	78.539	79.6656	75.1572	67.661	60.1266	50.9038	37.3503	
20.5533	35.3261	53.132	69.6084	79.4284	80.6498	76.1496	70.7373	67.3304	65.4628	63.371	61.1743	61.9066	69.8051	86.4561	107.355	122.791	124.955	114.725	100.32	90.595	89.5681	94.8363	99.069	95.8533	86.5485	79.1672	81.8238	96.9832	117.07	127.913	122.799	109.028	95.6748	84.2636	75.746	74.184	78.9531	83.1474	83.3133	83.5053	86.7332	89.2214	86.5829	80.4746	75.7853	74.0928	73.7781	74.618	77.5784	81.7429	85.2166	87.6798	89.0163	86.7918	79.124	68.6639	60.003	55.1311	54.6921	61.0246	74.1566	86.8439	91.7794	91.6163	93.2637	96.6836	96.5854	89.8167	78.4196	68.8946	67.4384	74.8176	85.7492	93.5659	97.091	101.103	110.585	127.433	147.072	156.306	144.841	118.822	93.5029	77.5182	70.5795	69.0715	69.6873	71.338	75.1979	82.3897	90.8047	96.4436	98.6425	99.7064	100.887	102.102	103.756	107.874	114.677	117.076	107.455	91.0304	81.7095	85.9848	99.2568	113.263	120.623	117.591	107.08	96.5218	91.0427	89.0732	86.1427	81.7304	79.6558	82.0581	84.6578	82.1128	77.4534	78.1132	83.6431	86.0216	80.8523	70.9947	59.9058	47.35	32.6478	
18.0751	33.3012	51.6803	67.7164	76.7603	78.5739	76.0762	72.9257	71.7179	71.9764	71.6373	71.1316	73.3972	80.1495	90.2413	101.234	110.274	114.015	110.012	99.9462	90.6447	88.6696	93.4678	96.9311	91.7256	79.8455	70.4809	72.0814	86.4274	105.556	116.646	114.696	106.276	97.9692	89.9104	82.6508	79.7468	81.4413	83.6794	84.7238	86.9468	90.9922	93.042	89.4686	81.782	75.3688	73.2063	73.9733	76.7496	82.1311	88.6507	93.0474	94.3266	94.0781	92.6514	88.6314	81.8528	73.5859	64.7198	57.505	57.1048	65.4019	75.4662	79.3069	78.6609	80.8792	87.6078	93.635	93.1254	85.0109	75.2172	72.4907	80.369	93.3492	102.517	105.541	107.451	113.387	125.048	138.612	143.87	133.424	111.817	89.7808	74.571	68.2019	68.8751	73.3704	79.3347	85.1624	90.306	94.7174	97.5532	98.7532	99.8053	102.041	104.703	105.433	104.527	104.259	102.059	93.2434	81.0213	74.6227	78.973	91.7569	106.472	115.293	113.976	105.638	97.7205	94.8818	94.4071	90.6445	83.2319	77.1405	75.9942	77.4288	76.4268	73.4154	74.0615	79.6384	83.9663	81.6714	73.2227	60.8935	45.7785	29.6395	
19.4775	34.7579	51.0393	63.3032	70.0225	73.4974	75.2232	75.1553	74.7578	75.9483	78.6429	82.3745	87.2561	91.6712	93.2113	93.1718	95.4	99.842	101.161	95.8641	87.9259	84.3281	87.035	90.4613	87.3305	77.4362	68.7071	70.1936	83.8223	101.204	111.052	110.877	106.818	102.612	96.6214	88.9488	83.1092	80.8029	80.725	82.1702	85.821	91.1228	95.3506	95.3103	90.269	83.8131	80.0877	79.4272	81.0347	85.283	90.5261	92.7802	91.0035	89.0207	90.3	93.5333	94.4225	89.5516	78.3296	65.0146	57.8141	60.2138	65.8752	67.5007	66.6215	69.6346	78.2128	87.5449	91.0085	85.9748	77.6717	75.966	85.8518	101.485	112.375	114.828	112.833	110.98	111.745	114.754	115.74	110.495	98.9937	84.3753	71.7212	65.9889	68.0434	75.4787	85.0661	92.4025	95.0501	95.1201	95.2693	95.7442	96.4502	98.691	101.824	101.467	96.1064	89.9377	85.432	80.7763	75.8004	73.9368	78.3966	88.9616	101.387	109.82	111.129	106.689	100.911	97.2712	93.9119	86.9667	77.7908	71.4463	70.2879	71.8785	71.83	68.9378	67.1022	69.9211	75.03	76.9061	72.4644	61.6242	46.0743	29.2498	
23.6062	38.0756	50.4144	57.4935	61.2478	65.6582	70.8271	73.8241	74.7158	76.9464	82.3637	89.8241	96.5946	98.5599	93.6771	86.8975	85.8338	90.9937	95.1037	92.5567	85.4526	79.8618	79.8068	83.5369	84.5405	79.2675	72.8582	74.3652	86.1723	100.237	107.529	108.29	107.975	107.151	102.263	93.177	83.9598	77.926	75.6262	76.7126	81.0671	88.0974	95.8676	100.698	99.1402	92.479	85.8856	82.1003	80.9413	82.3804	84.9932	85.1164	81.6776	79.1957	82.7777	91.5146	98.8521	98.2287	87.5935	72.2492	62.3122	61.9571	64.9599	64.8401	63.2063	65.0981	71.585	78.8202	81.5191	77.8432	72.6866	74.8613	88.5251	107.35	120.352	122.711	116.742	106.166	94.9942	87.6896	86.0485	87.5645	86.9515	80.5137	71.1105	65.3299	66.1268	72.5542	81.6617	87.8775	87.9681	85.6131	85.5287	87.3161	88.9601	91.5135	94.7213	93.5256	85.9771	77.8993	74.6878	75.2398	76.0262	76.7868	80.6791	89.3996	100.268	109.334	114.214	113.435	107.55	99.2464	89.3118	77.7623	68.3533	65.254	67.6916	71.4639	72.6691	69.6435	64.8361	63.2171	66.1634	69.5908	68.5529	60.976	47.7414	31.8372	
29.0004	41.967	50.2915	53.4985	55.3531	59.4805	65.6453	71.0587	74.6658	78.4373	84.5427	92.6596	99.1426	98.8526	91.0934	82.8985	81.795	86.7875	90.4801	88.2372	81.6882	75.5173	74.1865	78.1313	81.7912	80.2021	76.5152	78.2599	87.0476	96.3938	101.377	104.759	109.526	112.178	107.995	97.7232	86.2466	77.5655	72.8234	72.1876	76.2388	84.5605	94.2865	100.818	100.162	92.5931	83.0495	75.8208	71.9742	71.3971	72.9447	73.7979	72.2995	71.171	74.899	83.6424	92.3189	94.8875	88.3005	76.3749	68.4274	68.7512	72.1239	72.9406	71.7542	71.3499	72.365	72.9794	70.7085	65.8529	63.3668	69.9237	87.6308	109.79	125.351	128.223	119.238	101.891	81.9547	67.8364	65.1598	71.5644	78.2883	78.0323	71.9161	66.1868	64.5141	67.1498	71.9483	74.1392	71.6922	69.4306	72.0577	77.179	80.5258	82.8907	85.2746	83.9764	77.9238	73.0196	73.8792	77.9037	79.964	79.488	81.0185	87.9385	98.7308	110.051	118.473	119.76	112.309	99.1328	83.8141	69.7658	62.1949	63.9259	71.2697	78.0382	80.5491	77.5451	70.5781	64.472	62.8098	64.0519	63.9221	59.502	49.9228	36.018	
34.686	46.0815	51.4556	53.229	55.4325	59.6155	65.4652	72.0374	77.6967	81.6458	85.7083	91.4491	95.5932	92.9617	84.5003	77.5421	76.9384	79.9225	81.0277	78.3968	73.7983	70.289	70.9707	75.6084	79.0586	77.7567	75.1986	76.8432	82.4929	87.9007	92.8308	100.967	110.877	115.474	111.208	101.093	89.9694	80.5061	73.2927	69.6739	71.972	79.6415	88.1103	92.9139	92.1204	85.5939	75.4657	65.6435	59.3455	57.7781	60.3102	64.6608	67.9268	69.6484	72.1228	76.215	80.3074	82.3884	80.5673	75.9101	73.7445	77.0143	82.6167	86.6798	87.9173	86.0583	81.3115	74.1861	65.3402	57.4754	55.663	64.414	84.2542	108.998	127.451	131.328	120.235	98.915	75.0995	58.6143	55.5041	62.9069	71.7352	74.5274	71.1039	66.0193	62.7176	62.0924	62.5825	60.9483	57.2232	56.8671	63.2306	71.3116	74.7722	74.6555	74.4743	73.6841	72.561	74.9025	81.2323	86.3448	85.761	81.1091	78.3605	81.9747	91.8617	104.636	114.684	116.074	107.368	92.6074	76.9665	65.1809	61.9854	68.5969	79.8673	88.594	91.215	87.4385	78.8289	69.5635	64.0556	62.6313	61.8366	58.4311	50.6917	38.1344	
38.5361	48.7032	52.5311	54.8224	59.2613	64.8462	70.4681	76.5805	81.7501	83.6915	84.032	85.6099	85.8736	80.6692	72.4548	67.4977	67.2924	67.9613	66.7275	64.6971	63.9139	65.8605	71.318	77.5398	79.0546	74.9542	70.7546	70.8691	73.9583	77.8011	84.8484	97.3249	109.422	112.893	107.425	98.5028	89.8634	81.742	73.7165	68.0326	68.015	72.7788	77.5961	80.2038	81.3469	79.4376	71.8789	60.7602	51.8458	49.2062	53.2184	61.2869	68.9572	73.2141	74.1745	72.3858	68.9372	66.7701	67.4722	70.6448	76.3714	84.1619	92.1866	98.6769	101.734	99.5414	91.8559	79.8405	66.0399	55.3086	52.7538	60.8638	79.4996	104.333	124.729	129.922	118.136	96.046	73.1116	57.801	53.7088	57.995	64.3472	67.3009	65.478	61.3373	58.0048	56.9217	56.8431	55.1754	52.4678	53.6707	61.0601	68.6407	69.6646	65.9599	63.3467	64.1998	69.425	79.4255	90.0114	94.2509	89.9355	81.4439	74.8963	74.3972	81.0555	91.8158	99.9067	99.7056	91.3618	79.395	68.632	62.9859	65.2978	75.4314	88.482	97.2775	98.0666	91.7452	81.1759	70.6633	64.6428	63.2316	61.8996	56.942	47.7863	35.1416	
36.8726	46.0038	49.7999	53.8013	60.8485	68.0629	73.3727	77.8823	81.1188	80.8412	77.9854	75.1069	70.9446	63.8004	57.1866	55.3746	56.8196	56.7375	54.2501	52.9954	55.84	63.1371	73.2827	81.1185	81.0803	74.4168	67.7882	65.0382	65.2383	68.1342	76.7101	90.6979	101.843	102.824	96.166	88.5492	82.6839	77.4762	71.8415	67.29	65.8668	66.3749	66.4574	67.5456	72.0002	75.9557	72.5519	61.7428	50.8949	46.9732	51.4299	60.7184	69.3276	73.6645	73.0468	67.4352	58.8293	52.8526	54.0052	62.2133	74.4686	86.962	96.9977	103.355	105.274	102.63	95.354	83.0472	67.9794	56.1896	52.5517	57.8424	71.8346	92.8043	112.349	119.057	109.778	91.5997	73.8356	61.5551	55.1226	53.3363	54.6199	55.9789	54.7982	51.7995	50.0638	51.6106	55.2578	57.6268	57.3976	57.802	61.3894	64.2284	61.581	56.0448	53.8354	57.9668	68.2761	81.8812	92.3487	93.7899	86.9357	77.7503	70.787	67.944	70.3005	75.8343	79.028	76.55	70.362	64.4048	61.4513	62.9397	69.3408	80.226	92.5837	100.002	97.9261	87.9471	74.9063	63.9715	59.0898	59.0349	57.6735	50.9671	40.0387	27.6249	
28.6459	36.7447	41.8288	47.9662	56.2755	63.2682	67.1439	69.8068	71.913	71.4368	67.669	61.923	54.8337	47.7253	44.4307	46.9826	51.4828	51.9409	48.0891	45.7647	49.4637	58.9709	70.8336	79.0809	79.3499	73.6969	67.0184	61.4624	57.5654	57.6676	64.8945	77.262	86.1742	85.6924	79.1332	72.7854	69.0707	67.2874	66.2645	65.4323	63.8997	60.271	55.6974	55.0583	61.1872	68.7677	69.0036	60.1456	49.329	44.7217	48.297	55.802	61.827	63.9844	62.2102	56.3444	48.0226	42.2883	43.5802	52.5616	66.8135	82.0464	93.7419	98.9648	98.0961	94.3201	88.6956	78.9917	65.911	55.0038	50.2673	51.4856	58.7663	72.7041	88.3943	96.5529	93.2631	83.4646	73.6451	64.8863	55.5052	47.2518	43.308	42.6374	41.8255	40.6473	42.0911	48.0841	56.8349	63.6635	65.0564	62.5855	59.8803	56.5651	50.9464	45.9406	46.4984	54.1898	66.4601	78.2306	84.1066	81.6687	74.0302	66.9341	62.5326	59.9009	59.084	59.3178	57.7778	53.8871	50.7828	51.4953	56.4118	63.7453	71.5464	80.1058	89.4965	94.8293	90.508	77.698	62.5189	50.8484	45.9125	45.7974	44.5063	38.3175	28.6614	18.6733	
17.8155	24.7483	31.2538	38.7918	46.3382	50.8019	51.9254	52.7401	54.6873	55.6233	53.0938	47.2203	40.2027	35.3287	35.9201	42.3068	49.4957	50.6413	45.2053	40.3072	41.9569	49.822	59.7332	66.7971	68.7764	67.1701	63.0719	56.1071	48.3167	44.5637	48.2714	56.9878	63.3088	62.627	57.5111	52.7933	50.7365	51.4819	54.1282	56.5544	55.6408	49.9291	42.7926	40.5601	45.9224	53.858	56.0938	49.9482	40.9215	36.4028	38.3182	42.7162	45.3399	45.3849	43.6499	40.1774	35.9046	33.6276	35.5056	42.3195	54.182	68.896	81.1486	85.8403	83.2205	78.4351	73.8897	67.0097	57.1394	48.0752	42.5199	40.0781	41.3285	48.1323	58.7465	67.2981	69.9731	68.5842	65.9361	60.3858	49.8176	38.2108	31.3932	29.5774	29.5406	30.8541	35.9489	45.6218	56.8735	64.5976	65.1772	59.7947	52.6491	45.6927	39.2513	35.9306	39.0218	48.3373	59.341	66.3359	66.5716	61.1857	54.1494	49.6425	47.9609	46.6516	44.8474	42.5002	38.9292	35.2132	34.6996	39.835	49.6692	60.012	67.0076	71.7116	77.1028	80.3411	75.3706	62.1526	46.7552	35.0871	29.5782	28.45	27.3517	23.439	17.3125	11.0273	
9.11631	14.4667	20.9404	28.0933	33.5912	35.0931	33.6564	32.8241	34.3022	36.1302	35.2749	31.2349	26.5499	24.6269	27.6805	35.2245	42.8277	44.2629	38.5875	32.342	31.5128	35.88	41.9089	46.7517	49.9413	51.8396	50.5393	44.1065	35.2176	29.4809	30.01	34.7115	38.3588	37.8836	34.7477	31.9133	31.0253	32.5209	35.8764	39.008	38.7159	33.7609	27.4244	25.0288	28.7324	35.0334	37.6974	34.0037	27.4496	23.4968	23.762	25.527	26.0919	25.487	24.6892	23.8954	23.5881	24.6276	26.9599	30.9771	38.6037	49.908	60.4694	64.7518	62.2211	57.5629	53.6702	48.8707	42.0329	35.1244	29.7917	25.9074	24.1674	26.4166	32.5591	39.5177	44.3311	46.8902	47.7504	44.6961	36.1129	25.9853	19.8035	18.2864	19.2212	22.3674	29.2666	39.3939	49.0325	54.0173	52.4812	46.0481	38.3709	31.6785	26.7391	25.2833	29.1664	37.3683	45.1865	47.8168	44.6762	38.6587	33.1881	30.559	30.273	30.0646	28.8601	26.6497	23.5678	20.9664	21.5605	27.3707	37.3923	47.1031	52.1896	53.8156	56.095	57.9057	53.8459	42.9445	30.1928	20.6925	16.0223	14.6944	14.0399	12.2037	9.11899	5.7939	
