
TracePro Release: 7 0 3 
Irradiance Map Data for D:\SUSTech\Linear Units in millimeters
Data for Observation screen 3.5 Screen
Data generated at 22:40:09 October 24, 2025

Raytrace Time: mins: 0, secs: 5

Projected Plane Extent from surface geometry 
      TopLeft:(20,3,-20) 
      TopRight:(-20,3,-20)
      BottomLeft:(20,3,20) 
      BottomRight:(-20,3,20)
Corners of Data Set (plotted) 
      TopLeft:(20,3,-20) 
      TopRight:(-20,3,-20)
      BottomLeft:(20,3,20) 
      BottomRight:(-20,3,20)
Total Incident Rays: 57489
Min: 25.7778 Max: 692.905 Ave: 317.412
Total Flux: 0.50786 W, Emitted Flux: 0.6
Normalization: 0
Data Smoothing is On
Grid Size is 128 x 128
Map Count 50
Data Cells are 0.3125 x 0.3125 millimeters

36.0636	53.5457	69.262	84.02	98.5201	110.757	119.388	126.619	132.742	130.781	115.332	92.6903	75.6427	72.7846	83.4734	99.7046	113.358	122.105	128.563	134.077	135.277	130.003	124.475	128.023	140.079	149.283	146.329	133.075	119.87	113.821	110.202	102.426	94.6273	93.205	94.9918	91.5553	78.968	62.1982	51.4679	54.1571	71.0303	96.0763	116.866	121.315	108.755	90.32	77.6698	76.0607	84.5773	96.062	102.471	104.016	105.666	106.729	102.378	92.4151	82.381	76.5559	73.9267	73.3109	77.6678	88.8968	102.652	111.469	110.839	102.474	91.9534	82.5393	73.9139	66.472	62.659	64.4063	71.5282	82.0337	92.1462	97.0469	94.0607	84.8373	75.3031	73.0302	80.3558	90.3532	94.7711	95.9112	103.147	118.102	131.266	132.447	121.038	105.263	92.9465	87.0599	86.9359	89.7084	92.9419	96.6929	102.221	109.132	115.126	117.862	115.047	105.299	90.8607	77.385	69.6142	66.8777	64.429	59.9978	56.8636	59.8192	69.7896	84.1109	101.209	120.79	138.459	145.273	135.424	113.069	89.4375	73.3059	67.3147	70.3519	77.7758	81.7477	76.5135	62.5451	44.0405	25.7778	
55.5119	76.7242	93.3281	108.585	124.74	139.726	152.157	164.395	175.398	175.557	158.51	132.519	113.108	110.03	122.585	143.277	163.565	177.304	183.517	184.672	180.685	171.331	163.841	167.181	179.078	188.279	186.732	175.137	162.004	154.346	147.555	135.107	122.469	117.732	118.015	114.121	101.891	86.4331	77.3728	81.6617	100.941	129.843	154.623	160.912	146.775	124.487	109.445	110.286	125.64	144.621	155.212	155.736	152.36	147.761	139.27	125.417	109.834	98.199	93.8757	98.6009	112.529	130.364	143.291	146.464	140.77	129.761	117.452	106.484	98.0017	93.4344	94.7751	103.124	117.309	133.609	145.712	146.639	134.869	117.183	104.153	103.939	116.469	131.187	137.177	138.044	146.245	162.611	175.042	175.133	165.813	154.275	144.575	138.434	136.508	137.403	139.128	141.461	146.338	154.87	163.754	166.515	158.561	141.093	120.558	104.758	98.2642	98.5432	98.2968	94.2317	91.0628	95.4764	108.711	126.979	146.97	166.911	182.179	184.632	169.557	142.524	116.256	100.385	96.8745	102.221	109.736	111.449	102.227	83.1505	59.2109	35.8082	
75.65	98.2031	111.07	120.84	133.408	148.316	163.301	178.273	190.727	192.507	179.424	159.306	145.004	143.878	155.646	176.792	201.693	220.514	225.609	218.436	204.143	187.893	178.476	181.98	192.286	198.637	196.697	188.324	179.367	173.863	166.991	153.773	139.899	132.785	130.252	125.4	116.24	106.744	101.921	105.758	121.363	146.285	168.947	176.602	166.621	147.801	133.795	135.194	153.082	177.302	193.365	194.356	184.354	170.984	157.658	142.758	125.564	110.762	106.168	117.074	139.869	160.892	167.779	161.418	151.168	142.575	135.068	127.552	121.473	119.381	123.697	136.312	156.112	177.377	191.138	189.081	171.128	147.964	132.488	131.742	144.335	159.667	166.619	168.271	176.163	189.53	197.028	195.04	189.655	185.162	180.649	175.712	172.134	170.919	171.036	171.58	175.219	185.483	198.277	201.666	187.956	162.297	137.128	122.301	120.85	127.976	134.229	134.523	133.186	137.833	150.489	167.223	183.64	197.137	204.62	201.226	184.578	160.348	139.524	129.52	130.231	136.002	139.992	137.139	124.45	102.489	75.4345	48.3251	
91.1313	115.185	124.33	127.566	135.159	148.995	164.983	179.028	187.992	188.711	181.424	171.878	166.757	169.124	179.277	198.184	224.517	247.424	252.734	237.611	211.045	185.534	172.637	175.33	183.564	186.278	182.6	177.763	175.98	175.985	171.48	160.493	149.2	142.375	137.668	132.047	127.027	124.456	123.058	123.542	131.201	147.583	165.098	174.717	173.281	162.772	150.43	147.46	160.917	186.062	207.496	211.303	197.603	178.617	164.063	152.061	137.026	121.87	117.383	130.622	154.971	172.882	172.522	160.253	151.086	150.742	153.524	153.51	150.438	146.908	147.21	157.038	177.571	201.529	217.34	215.84	197.476	173.461	155.602	149.517	155.778	168.261	177.398	182.347	189.421	197.392	199.53	196.352	193.792	193.702	193.275	191.045	188.881	188.619	189.124	188.953	191.6	202.499	217.444	220.867	202.803	172.013	146.43	137.057	144.08	160.119	174.619	181.218	182.428	184.775	190.795	198.436	205.158	209.622	210.595	205.768	194.326	180.72	171.359	168.404	169.628	170.578	167.547	159.271	144.115	121.011	92.5406	62.7664	
98.6914	126.535	136.937	138.567	143.688	155.757	170.075	180.694	184.789	183.106	178.883	175.978	176.661	181.581	191.295	207.953	232.667	257.115	264.863	247.707	214.37	181.963	164.087	162.517	167.071	167.604	164.341	163.953	169.032	173.584	170.624	162.395	156.096	152.557	147.473	140.989	137.97	138.838	138.088	134.469	134.957	144.508	159.091	172.116	179.026	175.586	162.981	152.879	158.947	182.423	207.153	213.707	200.005	181.717	171.442	165.304	154.224	140.484	135.469	144.834	161.089	170.15	165.326	155.024	152.931	161.983	173.69	180.152	179.468	172.98	166.097	168.358	184.387	207.442	224.7	225.828	210.089	186.865	165.718	151.95	150.156	160.162	173.74	183.809	190.057	193.224	193.267	191.995	191.687	192.822	194.301	195.837	198.758	202.854	205.286	205.014	206.224	214.526	226.709	227.927	208.453	178.815	158.89	158.596	174.882	198.376	218.654	229.476	231.319	227.655	221.014	213.905	209.272	208.453	210.112	211.053	210.061	210.19	212.675	213.044	208.02	198.717	187.119	173.947	156.895	133.356	104.607	73.4964	
102.433	136.366	153.19	158.076	161.564	168.277	176.534	182.719	184.484	182.262	178.604	176.235	177.087	182.793	193.705	209.193	229.629	251.309	261.534	249.63	220.335	189.099	168.473	161.036	161.065	162.023	163.091	167.525	174.907	178.499	174.502	169.244	169.248	170.465	165.719	156.585	150.091	147.586	144.236	138.79	137.712	146.806	163.407	180.265	190.614	188.368	173.729	159.179	161.306	183.356	207.986	214.248	201.465	187.48	184.149	184.75	178.657	167.752	161.138	161.784	164.855	164.386	159.23	155.534	160.894	174.556	188.471	196.797	198.182	192.42	182.941	178.774	186.716	203.914	219.989	223.818	211.651	189.567	165.388	145.453	137.939	146.893	164.832	179.255	184.699	185.156	186.832	190.932	194.721	197.014	199.007	202.948	210.157	217.405	219.894	218.059	216.871	220.73	227.333	225.484	208.443	186.878	177.784	186.999	209.153	235.188	256.194	266.693	265.365	252.539	231.406	210.68	199.558	200.537	209.064	218.395	226.304	235.921	245.484	245.192	231.498	212.111	194.159	177.891	159.423	135.742	107.431	76.3162	
108.983	150.866	176.527	185.147	183.785	179.914	178.176	179.271	180.662	179.944	177.174	174.341	174.541	181.079	193.631	207.793	221.698	236.048	245.481	241.249	223.635	202.089	185.429	177.119	176.446	181.162	189.09	197.447	201.942	199.026	191.484	188.118	192.271	195.881	190.339	177.035	162.738	151.165	142.869	139.062	143.392	158.475	180.012	198.347	205.503	198.677	182.299	168.995	172.218	192.305	212.237	215.238	204.252	196.006	198.88	204.68	203.081	194.466	184.295	175.018	167.492	162.704	160.858	163.314	171.987	184.409	195.206	202.214	205.779	204.605	198.17	191.056	190.149	198.224	210.465	216.626	209.574	190.923	166.638	144.302	134.011	141.932	161.752	178.23	182.876	182.492	187.671	198.389	207.17	210.355	210.106	211.16	216.493	222.063	221.733	216.68	212.937	214.042	217.336	214.723	203.53	194.09	197.619	213.778	235.758	257.44	273.315	278.922	271.473	249.818	219.01	192.664	183.13	190.991	206.767	220.512	230.5	241.733	252.325	250.348	232.334	209.699	191.501	175.995	157.855	134.474	106.458	75.3798	
117.221	168.691	204.206	215.219	205.907	189.256	177.214	173.427	174.139	174.514	173.141	171.743	173.37	180.691	192.442	203.065	210.002	216.515	222.849	223.587	216.793	206.971	199.828	198.766	204.487	216.162	230.744	241.314	241.299	231.257	219.674	215.413	218.04	218.53	210.042	193.389	172.599	152.549	140.16	140.584	153.964	176.735	201.068	216.194	215.956	203.489	188.219	180.741	187.119	202.528	213.568	212.76	206.378	205.066	211.485	218.282	217.462	208.125	193.536	177.945	166.886	163.604	166.235	172.207	180.534	189.121	195.972	201.679	207.049	210.035	207.38	199.445	192.313	192.999	201.383	208.973	207.264	194.454	174.253	154.192	144.418	151.843	171.759	188.554	192.972	194.085	204.165	220.158	230.239	229.664	222.096	214.309	212.146	213.686	211.431	204.267	198.638	199.008	202.446	202.237	198.156	199.487	212.337	231.37	248.81	261.884	269.134	267.353	253.163	226.045	193.163	169.421	166.251	181.147	200.991	214.549	221.569	228.962	236.261	232.836	216.238	198.17	186.325	176.33	161.398	139.196	110.906	78.589	
120.902	181.075	225.385	238.247	222.638	197.663	180.705	175.331	175.266	174.438	172.086	171.021	173.422	179.132	185.978	190.883	193.751	198.163	204.043	206.191	202.614	197.744	198.299	207.889	224.482	243.814	261.353	270.608	267.248	255.005	243.288	237.979	235.623	229.072	216.134	198.658	177.459	155.699	143.288	148.49	169.02	195.437	216.947	224.611	216.885	201.788	190.484	190.051	199.59	209.912	212.406	209.388	208.745	212.879	218.843	221.83	217.487	205.473	189.513	174.998	167.09	167.221	172.135	178.434	184.287	188.501	192.077	197.013	203.209	208.311	208.36	201.097	191.543	188.68	194.303	201.265	202.48	195.613	182.122	167.849	161.825	170.491	189.937	205.991	211.558	217.696	234.653	253.218	258.026	247.543	230.155	213.697	204.852	204.305	203.674	197.47	190.752	189.993	194.114	197.585	199.561	206.135	220.774	237.969	251.004	258.518	259.969	252.072	232.264	202.77	172.393	154.065	156.088	174.328	195.118	207.198	210.547	212.417	214.138	208.639	195.597	185.295	182.251	179.469	169.116	149.138	121.064	87.0222	
120.933	184.442	231.277	244.414	228.378	205.185	192.632	190.952	190.421	185.146	177.757	174.148	175.621	178.056	178.193	177.343	180.156	189.36	199.348	200.681	191.973	182.46	184.219	201.579	227.306	250.725	265.307	268.865	263.518	254.956	248.637	245.077	238.882	225.993	209.695	194.632	179.411	163.36	155.53	165.348	188.954	212.918	225.928	223.808	210.169	194.522	186.746	191.703	205.062	214.842	214.781	212.172	214.385	218.558	220.32	218.473	211.028	198.327	185.787	178.087	175.937	178.089	182.626	187.39	189.646	188.443	187.245	189.375	194.577	201.074	204.574	200.068	190.668	185.803	187.952	191.59	192.909	190.567	183.462	175.257	174.268	185.561	204.442	219.384	227.431	240.101	262.521	279.081	273.83	252.164	229.066	211.307	201.834	202.219	205.441	202.723	195.553	191.416	193.523	199.329	205.484	212.205	221.503	232.715	243.718	252.655	255.284	246.245	224.789	196.453	170.429	156.254	159.346	176.138	194.896	204.833	204.953	202.026	198.923	191.486	180.965	176.272	179.085	180.436	172.527	154.434	127.674	93.3333	
123.714	183.977	225.1	236.097	225.395	212.63	210.44	214.308	211.975	199.748	186.019	180.482	182.504	183.131	177.835	172.227	175.976	191.552	207.389	208.012	192.148	175.723	176.726	197.852	225.774	246.068	253.111	249.589	242.666	238.239	237.231	235.785	228.004	212.671	196.79	187.115	180.915	174.311	174.751	191.086	216.56	234.313	235.1	221.772	202.192	184.745	177.755	186.221	204.88	219.736	223.821	223.643	224.111	222.153	218.159	215.462	211.072	202.885	196.638	195.405	195.586	195.835	198.402	202.289	201.85	194.837	186.652	182.86	184.809	191.824	198.936	198.585	191.406	185.487	183.221	181.582	180.836	180.615	177.277	173.098	176.708	191.452	210.675	225.392	236.094	252.066	272.921	281.411	265.652	237.548	215.725	203.692	198.663	202.257	210.684	213.206	205.889	195.636	191.504	196.124	203.932	208.337	209.589	213.196	222.908	235.816	243.457	239.303	224.086	203.562	184.604	173.675	175.031	186.796	199.869	204.964	201.659	197.284	194.621	188.27	178.552	174.511	177.724	178.51	169.345	150.735	124.628	91.2671	
127.368	180.978	213.963	223.946	221.766	220.574	226.418	232.539	226.862	208.558	191.039	186.342	190.923	191.569	183.046	173.917	177.11	195.993	216.679	219.754	203.398	188.192	194.004	217.188	238.844	247.907	245.439	236.517	226.579	219.918	217.485	215.52	208.265	195.038	183.123	179.505	181.551	184.794	195.502	220.2	248.132	259.835	249.142	225.254	198.934	177.699	169.724	180.776	204.902	226.415	236.456	238.086	233.183	221.847	212.984	214.575	219.845	221.048	222.009	224.086	221.215	214.444	212.155	215.151	214.225	204.194	190.527	180.554	177.912	183.364	192.201	196.16	193.447	188.784	183.33	176.539	172.193	170.955	168.258	166.181	173.605	191.898	212.122	227.019	238.813	252.886	265.24	262.747	240.719	213.588	197.513	191.632	190.472	197.755	212.748	221.793	214.529	196.794	183.617	183.348	189.817	191.782	187.624	185.771	192.719	205.444	215.951	219.897	217.61	210.269	200.371	193.217	193.453	199.764	204.612	202.063	195.917	195.451	200.345	199.159	189.151	181.345	180.447	177.795	165.622	144.554	116.968	83.648	
122.529	168.905	197.999	212.703	221.001	227.8	235.634	240.556	233.091	212.827	193.853	188.849	193.454	193.387	183.69	173.719	176.402	195.546	219.067	228.419	221.312	217.831	233.772	257.248	267.134	261.166	249.682	237.114	222.011	206.657	197.038	193.389	189.026	180.33	172.351	172.349	180.185	192.103	211.035	239.625	266.612	274.702	259.895	232.239	202.608	179.082	170.555	182.94	209.993	235.144	247.491	247.004	234.477	214.736	204.067	212.414	228.097	238.053	244.648	248.862	242.929	228.474	218.792	218.98	219.489	211.857	198.116	184.26	175.822	177.035	185.932	194.236	196.535	193.688	186.747	177.286	170.041	166.184	162.488	161.774	172.019	192.175	211.535	224.31	233.749	241.966	244.109	234.068	213.964	195.873	187.722	183.751	180.637	187.812	207.476	222.541	216.676	194.137	173.602	167.571	171.681	174.5	172.628	171.311	174.561	181.304	189.695	199.576	208.743	211.944	208.373	204.589	205.872	208.999	206.252	196.475	189.958	197.52	213.383	219.032	209.031	196.264	188.739	180.655	165.604	143.2	113.851	78.6061	
107.799	147.185	177.061	201.434	221.065	233.01	239.941	243.804	238.256	220.35	200.389	190.628	189.499	185.937	176.628	169.826	174.686	192.71	215.426	230.288	235.922	246.719	270.459	291.151	291.227	275.917	259.765	244.958	224.834	201.069	185.153	181.086	179.797	173.465	165.682	165.948	177.756	196.337	217.396	239.466	257.524	263.519	254.586	234.913	211.304	191.651	184.761	196.666	222.877	247.302	256.437	248.355	226.953	203.243	195.908	210.894	231.23	242.259	248.6	254.151	250.148	234.137	219.342	216.184	219.221	218.5	210.355	195.637	180.277	174.536	182.166	194.261	199.744	196.502	188.37	179.135	171.69	166.555	162.847	164.039	175.825	194.681	209.413	216.095	219.041	219.067	213.12	202.117	192.072	188.786	189.171	183.24	172.677	173.867	192.638	211.363	210.163	189.744	167.44	157.51	160.637	170.052	180.282	187.49	188.865	186.8	188.414	197.959	210.965	217.959	216.492	213.974	215.472	215.757	207.259	193.461	189.31	204.481	228.031	238.46	230.106	214.824	200.132	184.19	166.149	145.496	117.156	79.7064	
93.0881	125.815	156.229	188.3	216.145	231.768	239.147	244.243	242.8	229.956	211.141	195.921	185.847	176.315	168.323	168.488	179.008	195.5	212.038	224.802	235.982	253.541	278.174	296.228	296.794	285.226	271.5	256.001	233.02	205.824	188.123	184.521	183.38	174.674	163.165	161.649	175.993	198.294	215.861	224.326	228.309	231.928	233.583	229.735	220.732	211.635	209.295	220.017	242.896	263.718	266.005	246.757	216.835	194.59	195.65	216.118	234.084	237.574	236.876	241.272	242.389	231.33	216.346	210.801	215.269	221.852	222.996	212.572	193.083	179.472	183.261	196.836	203.587	198.392	188.234	179.16	172.467	168.483	167.828	172.708	185.394	200.485	207.776	205.745	200.105	192.305	182.183	175.091	176.968	186.024	190.867	181.22	163.843	158.292	172.802	193.163	199.482	187.056	167.399	155.194	158.849	178.861	207.108	228.116	230.834	220.767	213.009	216.369	227.59	236.653	238.12	235.346	232.093	225.503	211.697	197.033	195.815	213.18	235.709	245.295	239.097	225.03	205.785	182.562	162.111	145.256	120.745	83.0015	
87.8863	114.451	140.276	170.933	199.519	217.593	228.798	237.69	240.639	234.455	221.49	205.405	187.791	171.889	165.86	175.007	193.192	208.258	214.446	215.898	220.798	234.782	255.903	275.672	287.337	289.58	283.484	269.165	245.68	218.75	201.724	198.031	194.791	182.091	166.375	161.951	175.348	196.877	209.24	206.861	200.902	203.187	212.861	222.016	227.065	230.067	234.746	245.975	265.2	281.164	276.027	246.194	209.712	191.484	201.69	225.328	237.391	231.208	222.759	224.977	230.187	225.268	213.069	206.103	209.125	219.268	229.772	229.037	212.202	193.454	191.471	203.918	211.572	205.231	192.157	180.082	171.636	169.354	174.105	184.554	198.799	209.893	209.443	199.055	186.603	175.066	165.754	163.876	171.79	182.383	183.52	170.334	152.424	145.879	157.625	178.036	190.09	185.115	168.802	155.993	161.9	192.646	237.026	270.291	275.779	260.586	243.708	237.966	245.331	258.58	267.029	264.493	252.536	235.911	218.151	205.611	206.433	219.311	231.521	232.927	225.879	214.654	196.254	172.041	152.587	139.607	119.111	83.3792	
93.1125	115.569	132.14	151.761	173.637	193.375	211.626	226.68	234.177	234.789	230.052	217.207	195.897	176.235	173.09	190.279	214.745	228.259	224.244	212.109	205.662	211.244	226.837	247.796	268.874	282.884	285.043	275.695	256.165	232.069	215.74	211.11	206.81	193.848	177.619	170.06	177.561	193.125	201.44	197.378	192.452	197.747	210.12	221.073	229.461	239.217	251.783	266.592	282.871	292.929	281.552	245.117	204.861	189.149	204.101	227.371	233.747	222.378	212.011	214.177	220.676	219.247	211.372	205.927	207.227	216.782	231.639	238.995	228.259	209.388	203.933	215.261	224.73	219.462	204.361	187.647	174.956	172.444	181.167	196.355	212.192	219.947	213.206	197.333	182.529	172.479	167.413	169.029	175.396	178.367	171.534	157.599	145.43	143.335	154.201	171.511	182.859	180.654	168.486	159.652	170.381	208.05	259.813	297.93	304.703	286.805	262.289	246.139	246.917	262.323	277.503	276.405	258.225	236.066	220.238	213.803	216.332	221.534	219.725	208.664	195.812	185.113	171.427	153.925	140.34	130.929	113.199	80.7482	
102.66	124.728	132.892	139.153	152.292	173.854	200.214	222.074	233.122	236.897	236.264	226.315	206.093	188.925	191.2	213.784	240.086	250.471	239.659	220.733	209.778	210.84	218.85	230.612	244.891	257.117	263.67	264.296	256.346	239.609	223.84	216.515	212.227	204.018	193.037	184.877	184.689	191.549	197.71	200.208	206.184	219.209	230.289	231.516	229.462	236.49	254.363	273.827	287.414	291.085	276.1	239.143	199.092	183.817	198.287	218.369	220.939	209.426	202.001	205.252	209.92	208.831	206.324	207.071	210.896	219.354	231.614	237.83	229.422	214.402	211.42	224.575	236.941	234.355	219.521	200.78	185.775	182.201	190.935	206.088	220.462	224.764	214.417	197.263	184.096	177.785	176.561	179.149	181.799	178.114	167.263	155.967	150.139	151.896	160.992	172.183	178.081	176.898	173.173	174.705	191.043	227.481	274.163	308.063	313.509	294.156	263.873	237.734	228.928	240.027	256.069	256.707	240.052	223.185	217.531	220.054	223.875	222.678	210.983	189.741	168.045	152.798	142.369	134.409	129.717	124.423	108.729	79.1877	
108.45	132.122	137.046	136.651	146.256	170.866	203.403	229.809	241.571	242.415	238.096	227.831	213.144	206.189	218.296	245.22	269.292	273.498	257.533	239.707	236.086	242.678	244.988	238.217	228.946	224.313	228.572	240.654	249.467	244.007	228.561	215.339	208.596	205.435	202.282	197.09	192.253	192.522	199.282	212.377	232.472	253.769	261.576	248.573	228.964	225.205	241.796	262.367	272.987	272.751	259.447	228.829	193.404	178.177	189.77	206.577	207.684	197.147	190.572	191.074	190.436	187.36	189.565	198.732	209.532	219.301	225.482	223.019	212.134	202.952	207.687	225.523	240.132	238.368	223.43	205.742	193.788	192.532	200.065	210.946	220.599	222.454	213.096	198.985	188.723	184.314	183.927	186.661	189.797	187.476	178.338	167.902	161.293	161.039	166.853	173.029	175.383	178.511	188.203	203.608	222.868	248.455	278.784	301.637	304.676	286.523	255.053	223.27	205.873	209.044	221.085	223.272	214.198	209.774	217.034	226.728	230.158	225.777	211.993	187.46	158.342	135.179	123.685	122.89	126.9	126.06	111.511	82.507	
103.965	127.48	133.907	136.77	151.068	179.991	215.028	242.718	253.615	248.815	236.385	223.235	215.457	221.672	245.471	277.285	298.856	295.966	274.192	258.96	267.683	287.674	292.008	270.225	235.331	209.006	206.406	226.233	249.144	254.043	239.199	219.412	206.678	202.571	202.184	199.491	194.152	193.299	204.356	228.232	258.464	282.377	284.898	261.292	228.624	213.266	222.198	237.987	245.324	245.507	239.407	219.845	191.872	177.469	186.738	202.472	204.276	192.826	180.742	172.212	163.502	157.34	162.087	177.609	195.251	207.161	207.843	197.173	184.559	182.576	196.537	218.861	232.572	226.71	207.674	190.385	184.368	189.513	198.863	207.296	214.745	219.178	216.869	209	200.307	193.741	190.773	194.121	202.911	208.025	201.228	184.75	168.015	160.13	162.484	167.328	170.802	180.954	203.783	230.669	249.264	259.936	270.885	282.167	285.142	273.184	247.28	216.692	196.209	194.719	203.88	207.833	205.425	208.962	221.157	230.903	231.466	226.145	215.503	194.23	163.704	136.078	123.543	127.758	138.298	140.237	124.29	91.959	
88.7286	109.951	120.132	131.711	154.46	186.592	220.363	247.034	257.725	249.353	230.28	214.234	210.983	225.188	255.348	290.549	312.906	308.458	284.466	270.028	285.141	315.276	327.098	302.97	255.863	216.946	209.824	232.819	262.131	273.029	260.868	238.902	219.875	208.091	202.449	198.85	195.197	197.203	213.974	245.344	277.783	295.122	289.024	261.784	228.109	208.301	208.815	216.753	220.478	222.586	224.306	215.881	196.734	185.899	195.851	212.748	215.517	200.789	179.613	160.065	143.692	134.564	139.211	156.523	176.695	188.528	185.302	171.183	160.668	165.812	186.081	209.124	218.307	205.616	180.622	161.949	160.135	171.142	184.342	195.295	207.391	221.546	231.93	232.54	223.549	210.419	200.803	202.908	217.149	229.139	222.465	197.069	168.742	153.252	152.426	156.358	160.762	174.398	202.931	234.375	251.022	251.851	251.409	258.152	265.752	263.58	247.325	223.29	206.25	206.16	215.838	221.076	220.015	220.947	225.565	226.799	221.685	214.983	207.54	192.459	168.067	145.45	138.332	148.458	162.703	163.963	143.396	104.59	
71.9514	92.3544	106.709	124.815	151.571	182.159	211.003	234.189	244.148	234.788	213.494	197.121	196.043	210.921	238.926	273.174	299.198	302.113	284.973	272.186	283.461	310.581	325.949	309.012	266.816	230.474	225.566	249.498	278.662	291.244	283.192	263.812	241.562	221.743	209.502	205.129	204.291	208.85	228.082	261.336	289.272	294.044	277.871	253.105	229.105	213.425	209.277	210.434	210.796	213.43	218.998	217.737	207.402	204.02	218.529	237.179	238.743	219.619	192.239	167.35	147.839	136.481	138.371	153.247	172.033	182.163	176.795	162.48	154.562	162.31	181.353	198.541	200.879	184.128	158.027	140.197	140.349	152.783	166.85	180.736	200.286	227.257	253.245	264.993	256.196	233.462	212.03	207.047	220.554	234.926	228.97	201.04	169.677	152.189	148.469	147.947	147.76	156.892	180.957	209.288	224.699	225.336	226.227	237.224	251.557	257.182	249.393	234.262	224.876	228.616	238.212	242.564	240.234	235.298	228.501	218.021	205.141	194.853	188.052	178.761	164.698	154.323	157.544	172.604	185.921	182.803	156.556	112.016	
65.5118	89.3506	107.28	125.319	147.594	171.007	191.862	208.144	214.338	204.713	185.443	172.597	174.75	188.592	210.436	239.143	267.112	280.736	276.634	268.479	271.088	284.625	295.069	285.947	257.613	233.147	233.832	256.783	282.067	292.837	286.825	270.733	249.283	227.648	215.135	214.637	218.459	223.965	241.136	271.32	292.503	286.131	263.185	244.004	232.206	223.313	217.709	215.58	215.733	220.052	226.688	227.339	222.433	226.185	244.92	262.901	261.204	240.663	216.349	196.895	180.146	166.212	162.412	172.827	190.481	201.559	197.51	184.064	174.819	176.677	184.835	189.439	183.993	168.272	148.703	136.637	138.412	148.159	157.857	169.867	192.42	227.776	266.926	291.61	286.894	256.255	220.995	203.684	209.731	222.788	221.208	200.664	176.534	162.801	156.933	149.674	141.194	140.761	153.8	173.547	187.838	194.893	204.978	222.789	239.389	245.187	240.651	233.754	232.896	239.329	246.089	248.107	246.933	242.982	232.891	215.532	195.659	180.995	173.834	169.025	164.314	165.381	175.858	189.53	195.556	185.286	154.798	108.629	
71.7141	102.14	122.933	136.404	149.589	164.255	176.899	184.36	184.142	174.045	159.135	152.173	159.314	174.112	190.501	210.761	235.06	254.312	261.224	259.489	257.116	258.312	260.528	255.054	239.282	226.221	229.914	248.3	266.782	272.672	265.201	251.071	233.805	217.186	210.747	217.687	227.578	234.063	247.416	272.299	288.031	276.48	252.003	237.447	232.577	227.088	221.459	221.158	227.817	239.311	248.219	247.377	242.202	246.253	261.252	272.256	267.354	253.236	243.766	239.094	227.753	208.432	195.588	201.239	220.931	237.965	239.267	227.129	212.963	203.7	197.326	188.505	176.303	163.542	152.684	147.521	150.464	156.391	159.971	166.313	185.084	219.807	264.18	299.512	303.477	272.828	229.935	201.692	197.725	207.515	213.013	206.232	194.442	185.785	177.732	165.062	150.916	143.341	146.062	156.205	168.416	181.616	198.949	217.771	228.1	225.738	218.414	216.292	222.213	230.96	235.985	237.642	240.987	244.961	241.205	224.636	201.514	184.435	177.947	176.22	176.784	183.795	195.514	202.445	197.951	179.725	146.098	100.654	
82.5848	119.28	142.797	152.826	159.525	168.9	176.418	176.843	170.911	160.819	150.334	147.622	156.914	171.44	183.671	196.212	213.692	231.818	243.329	247.164	246.331	243.869	241.182	235.967	227.017	220.579	223.55	233.917	242.358	240.695	230.082	218.094	207.766	200.091	201.636	214.584	228.117	234.584	243.78	263.07	275.809	265.149	243.655	231.949	228.499	223.274	219.401	225.927	244.413	266.569	278.879	275.548	266.004	261.866	262.457	259.907	253.502	252.756	263.803	275.078	267.192	240.124	217.105	218.399	241.379	265.392	272.251	261.197	243.298	227.774	215.338	201.529	186.232	173.835	165.757	162.254	164.517	169.071	170.941	173.431	185.269	212.162	252.905	292.494	305.802	283.151	242.926	210.956	199.537	206.054	219.124	227.496	227.34	220.113	207.391	191.361	177.199	169.526	168.546	173.012	182.365	195.875	211.429	222.562	221.123	208.007	195.594	194.834	204.648	216.048	222.729	226.885	234.768	245.974	250.162	238.117	215.7	199.097	194.163	193.688	195.55	204.481	215.88	217.566	204.931	179.688	142.317	96.4284	
89.5416	130.163	156.929	167.746	173.066	180.4	185.321	182.659	175.595	168.545	162.544	160.239	164.889	173.86	182.441	192.16	206.361	221.887	233.223	239.668	242.975	243.241	239.973	233.406	225.594	220.88	220.975	221.936	218.444	208.177	195.111	186.983	185.829	189.14	198.182	212.53	223.33	225.646	229.699	244.239	256.923	252.218	237.908	229.971	227.183	222.828	223.279	238.745	267.97	296.929	309.403	302.237	285.808	267.981	249.348	233.322	228.598	241.368	267.049	286.574	279.259	247.554	218.957	217.634	241.501	267.608	275.981	265.814	249.715	238.959	233.744	225.876	211.997	196.615	183.239	174.29	173.795	180.693	187.87	192.542	199.925	217.559	248.964	284.283	300.917	286.775	254.907	226.749	214.677	221.893	243.111	264.311	270.611	258.391	237.296	218.929	208.995	207.32	209.774	213.473	218.716	225.447	231.301	231.102	219.666	200.13	185.642	185.982	197.415	209.876	218.004	223.765	232.156	243.683	249.567	239.902	219.745	205.664	203.09	204	207.091	218.344	232.033	233.056	215.711	184.094	142.127	94.729	
90.1953	133.538	164.365	178.12	182.833	186.288	187.584	185.251	183.485	185.088	186.462	184.173	180.457	179.302	183.233	194.159	210.806	227.056	237.924	244.613	250.161	253.585	251.673	243.646	232.894	224.623	219.12	211.143	197.947	182.054	169.454	166.884	175.201	189.194	204.341	216.218	218.856	213.279	212.066	224.367	240.352	244.652	239.333	235.64	233.931	231.782	237.61	259.889	293.42	321.837	330.499	318.105	292.398	258.863	224.407	202.914	204.613	226.372	255.01	272.498	264.334	234.852	208.823	208.058	229.657	252.054	258.813	251.755	243.976	245.104	251.734	252.479	241.916	223.396	202.166	185.187	181.075	191.211	206.449	217.745	225.166	235.334	253.709	275.673	285.901	275.086	252.295	233.419	228.422	242.102	271.876	301.362	308.107	286.956	257.036	238.467	235.706	243.185	252.22	255.893	253.323	247.945	242.467	234.947	220.719	201.78	189.815	192.417	203.781	214.406	220.974	225.148	229.437	234.079	233.543	221.128	202.202	191.425	192.867	198.45	206.586	222.774	240.819	243.453	222.835	185.301	139.405	91.5594	
87.8539	134.454	169.703	185.131	185.766	180.957	176.464	176.225	183.427	196.912	209.332	212.357	204.695	193.678	189.923	199.45	218.664	238.36	252.507	261.351	267.285	270.608	269.371	261.255	247.08	231.899	218.278	203.568	186.936	172.054	164.319	168.052	182.479	201.922	219.483	227.805	222.504	209.67	204.816	217.34	237.71	248.91	248.169	244.608	242.145	242.003	251.491	274.995	305.438	329.376	335.602	320.382	285.863	239.12	197.148	180.142	192.544	219.78	243.673	252.553	241.85	217.95	199.491	201.678	219.484	235.475	240.413	239.645	243.753	255.938	268.249	271.382	263.123	245.247	221.215	199.798	192.371	202.6	222.298	239.325	247.931	250.844	253.619	257.091	255.354	244.609	230.807	223.169	227.523	248.019	282.976	315.499	320.917	294.935	262.743	249.136	256.468	274.185	289.146	289.708	274.159	252.988	237.715	229.285	220.259	208.371	201.689	205.323	213.648	220.339	224.851	227.811	227.921	223.674	212.939	194.462	175.122	167.041	172.875	184.414	197.946	217.224	237.401	241.649	220.235	180.306	133.717	87.5417	
85.8076	135.469	174.751	191.564	188.183	175.566	165.599	166.317	178.772	199.155	221.076	235.126	233.528	219.105	206.153	207.465	222.81	244.217	265.645	282.6	290.926	291.1	287.037	278.766	263.767	244.14	224.688	207.85	194.731	187.033	187.016	195.155	208.483	224.026	238.718	245.248	237.729	222.593	216.641	229.648	251.101	261.486	255.955	246.148	241.441	243.703	254.63	274.058	297.083	316.759	324.226	310.101	271.569	220.245	181.358	175.656	199.55	229.882	246.749	245.352	230.463	211.159	200.298	205.326	218.649	227.504	229.698	233.456	245.732	262.321	272.386	272.806	267.881	257.768	240.094	219.96	208.895	214.453	233.076	252.125	260.119	255.489	244.472	232.867	222.044	212.2	205.688	204.883	212.058	231.654	263.83	294.241	300.751	279.775	255.766	252.944	272.019	299.382	318.539	314.003	283.94	246.736	223.422	217.756	218.863	218.153	216.871	217.532	218.751	220.52	224.672	229.495	229.501	220.871	203.821	181.796	162.642	155.854	163.022	175.525	187.125	201.07	216.969	221.691	204.214	169.183	127.487	85.2534	
83.3345	133.475	175.623	197.198	197.632	185.567	173.734	171.623	179.914	196.107	219.354	243.67	255.392	246.859	228.619	218.525	223.354	241.05	269.02	298.198	313.834	311.723	301.101	289.217	275.214	257.75	239.686	226.037	219.829	220.616	226.458	233.524	237.692	241.573	249.9	257.118	253.521	242.236	239.081	253.045	271.842	274.338	257.293	238.78	233.57	240.229	252.252	266.613	282.6	298.397	305.764	292.278	255.265	210.674	184.464	191.798	222.643	250.965	258.863	248.058	230.455	216.665	213.223	219.542	226.578	226.571	222.206	222.977	233.686	246.755	251.921	251.962	255.89	261.503	258.129	243.076	227.198	224.431	237.839	255.721	262.813	254.548	237.504	220.052	207.003	199.589	196.116	193.832	193.834	202.596	223.596	247.538	257.216	248.198	238.404	247.532	276.003	310.099	331.987	324.311	285.513	239.063	212.176	210.975	222.811	233.03	234.861	229.345	221.988	218.577	220.794	225.332	226.428	219.95	206.204	189.029	174.129	167.851	171.643	177.768	179.36	180.775	186.746	189.727	179.686	156.651	125.208	88.0767	
79.8677	127.642	170.896	200.031	212.478	210.764	202.163	194.726	191.629	195.308	211.312	238.54	261.362	262.994	246.095	228.588	222.511	232.24	260.91	299.496	325.454	326.048	309.873	291.957	278.955	268.573	257.608	248.527	246.146	250.798	257.739	259.554	252.245	243.776	245.274	252.743	253.875	249.523	253.469	271.439	288.509	283.726	257.792	235.055	232.768	244.507	257.812	269.372	280.744	291.022	292.938	276.971	244.985	214.317	204.42	221.152	250.779	269.796	265.747	246.947	230.477	225.981	231.421	237.63	235.753	224.278	209.868	202.081	204.957	211.619	214.354	218.765	235.108	258.757	271.677	263.487	244.109	232.715	237.894	251.344	258.866	254.045	240.492	225.595	215.356	210.91	207.262	198.692	186.658	179.949	185.714	200.633	212.747	215.447	217.545	232.838	263.547	299.337	323.227	317.478	280.257	235.388	211.089	214.833	234.264	251.245	253.877	243.63	230.999	222.716	217.76	214.327	212.462	211.269	209.199	205.108	198.529	192.197	189.27	185.926	177.334	168.049	164.204	163.483	160.708	152.228	132.617	98.9162	
78.2102	123.667	167.078	202.14	226.069	236.463	233.423	221.265	206.234	197.047	203.592	226.687	251.495	259.461	248.468	232.496	222.968	226.15	249.447	288.963	322.294	329.564	313.265	291.705	279.34	275.409	270.706	262.584	257.615	260.751	267.705	268.031	256.193	241.342	236.796	240.134	240.418	240.007	251.176	274.819	293.508	288.552	264.033	245.161	247.116	261.077	274.624	285.018	291.855	293.187	286.026	267.396	242.606	226.589	230.692	252.547	276.605	283.697	267.58	242.228	227.908	231.823	243.925	248.474	237.84	216.263	193.761	179.572	177.105	180.742	184.089	192.49	216.073	250.015	273.787	273.397	256.34	240.699	236.633	242.074	249.414	251.779	247.075	239.303	234.574	233.858	230.444	217.527	197.125	178.936	171.975	177.809	189.583	198.888	205.68	218.128	242.142	273.985	299.43	300.413	273.014	237.314	218.985	226.128	247.829	265.94	268.454	257.926	244.636	232.263	217.988	203.555	196.058	199.437	210.54	220.842	221.911	213.772	203.479	193.571	182.145	170.698	161.516	155.844	156.21	158.247	146.947	113.402	
79.3442	124.779	169.019	206.517	234.72	250.195	249.531	233.724	210.702	194.273	195.929	213.959	234.071	242.676	239.179	232.92	229.714	232.236	248.399	281.161	315.031	328.249	316.326	295.137	282.02	278.665	274.235	262.961	252.833	254.436	266.175	274.33	268.132	253.393	243.253	237.975	230.766	227.339	239.319	263.988	283.919	284.827	271.195	261.384	265.396	277.679	290.949	300.356	299.65	288.154	271.971	254.575	239.186	234.842	248.524	275.336	298.661	300.512	277.902	247.988	231.66	234.176	243.504	244.094	230.217	207.415	185.227	171.455	168.924	172.732	176.225	182.94	202.887	234.063	259.626	266.82	258.583	245.287	234.732	231.405	235.985	242.805	245.627	245.741	248.384	253.254	252.783	240.915	220.907	201.717	190.456	190.349	199.409	209.593	214.327	216.913	226.994	248.539	271.658	278.755	263.561	240.913	231.654	242.102	261.626	274.988	275.007	265.737	253.91	239.863	221.071	201.073	189.675	194.895	214.298	233.648	238.166	227.234	212.569	202.384	195.936	188.931	177.386	164.522	160.457	163.473	154.168	119.821	
80.9183	127.325	172.129	209.059	235.135	247.76	244.582	226.394	201.263	184.516	187.049	203.477	219.326	226.892	229.506	233.783	240.503	247.723	260.762	286.382	316.943	333.439	327.055	308.158	292.1	282.881	272.855	257.104	244.166	247.617	268.238	288.996	292.073	279.02	263.874	250.618	235.483	224.863	229.549	246.955	263.816	271.026	269.813	267.633	270.385	279.856	293.956	302.216	292.272	268.329	247.591	237.499	233.651	236.272	252.708	283.266	312.226	318.746	298.479	267.946	245.472	235.658	232.116	227.102	217.175	203.696	190.589	182.444	181.835	185.125	185.823	185.609	193.982	213.334	234.185	246.981	249.039	241.835	230.192	222.389	223.714	230.161	235.582	241.494	252.127	264.542	269.583	262.59	249.485	238.626	232.545	232.25	238.941	246.843	246.03	235.762	227.546	231.71	243.857	249.864	244.397	238.176	244.242	261.77	277.602	281.522	274.873	264.979	255.674	244.372	227.617	207.532	193.476	196.764	217.567	239.309	244.371	233.164	220.446	216.384	218.483	216.719	202.436	179.631	163.291	157.075	144.51	111.906	
83.8524	130.051	171.808	203.622	223.329	229.647	223.29	206.817	186.197	173.507	178.195	194.8	209.78	217.386	222.065	230.227	242.758	256.723	273.767	298.908	328.265	346.929	344.908	327.882	308.407	292.484	276.781	258.577	245.647	251.241	277.366	305.323	312.555	298.91	281.179	266.406	250.145	234.769	229.196	234.654	244.947	254.671	259.933	259.785	259.707	267.585	282.545	289.281	274.122	246.752	230.717	233.373	240.919	243.97	252.45	277.478	308.85	323.283	312.021	286.671	260.194	237.224	220.153	211.043	207.856	205.972	203.106	200.909	201.777	203.53	200.64	193.144	189.239	195.65	210.343	225.765	234.222	232.348	224.206	218.266	219.382	224.75	230.982	241.137	258.603	278.071	288.501	286.014	279.375	277.762	280.225	283.933	290.243	295.271	288.203	265.568	239.098	223.207	218.705	217.033	217.043	227.216	250.851	276.441	287.871	281.72	268.313	258.439	253.999	248.529	235.167	214.602	197.053	196.116	213.736	233.762	239.31	232.097	226.877	232.033	242.17	244.417	228.407	196.94	165.853	145.192	126.652	97.6642	
91.4728	136.432	171.154	192.924	203.328	203.921	198.24	189.225	177.955	170.061	173.754	187.789	201.976	209.454	212.285	217.597	230.187	249.685	274.715	305.176	336.762	357.404	357.389	340.368	318.878	301.433	286.547	270.792	259.191	262.905	285.222	309.865	314.934	300.644	285.008	275.65	265.488	251.123	238.581	233.238	235.675	242.785	247.282	245.155	243.218	250.754	264.972	270.485	257.929	239.284	235.865	251.246	265.385	262.56	254.683	263.316	287.479	305.64	304.587	288.746	265.185	238.453	216.929	208.137	209.517	212.912	214.229	214.669	216.287	217.577	213.833	203.26	191.718	188.891	198.735	214.507	224.865	225.375	221.193	219.483	223.17	230.798	241.334	257.393	280.213	303.042	315.071	314.046	309.965	312.064	318.595	325.032	331.198	332.906	319.273	286.418	246.831	217.271	201.467	194.304	197.417	217.489	250.105	276.487	281.667	269.686	255.742	250.051	251.458	249.916	236.48	213.359	193.155	189.088	202.514	219.828	227.498	227.29	230.608	242.507	257.01	263.04	250.502	218.017	177.882	144.637	118.831	90.5898	
100.464	143.833	171.409	183.352	185.742	183.886	183.301	185.368	185.243	181.831	181.773	188.532	197.167	201.387	200.691	201.442	211.331	233.06	263.59	298.086	330.748	351.484	351.254	333.051	311.197	297.366	289.778	280.949	271.387	269.656	281.192	296.78	299.94	289.692	279.99	277.312	274.849	265.883	251.967	239.075	232.463	232.441	232.556	228.936	227.897	236.444	250.039	256.439	251.184	244.665	251.518	271.597	284.853	275.229	254.307	247.119	259.92	276.14	280.936	273.69	258.019	237.613	221.283	216.338	218.885	221.104	221.44	222.193	224.452	226.785	225.538	217.43	204.765	197.418	203.775	218.742	228.571	227.943	223.281	222.137	227.582	239.388	256.886	280.492	307.945	330.521	339.912	338.439	336.002	338.222	343.011	348.028	352.842	350.914	330.481	289.567	243.527	210.786	195.405	191.629	199.191	221.793	251.964	271.003	269.556	257.373	248.59	247.859	250.419	246.727	230.643	207.045	187.976	182.652	191.293	205.376	216.218	223.848	233.699	247.353	261.389	270.365	265.637	240.063	199.666	159.856	127.019	94.7335	
103.556	144.763	168.396	175.952	175.473	174.685	180.664	193.761	204.983	207.883	205.889	203.715	201.679	198.541	194.071	191.555	197.965	217.987	248.197	280.665	308.992	326.137	325.024	307.528	287.548	278.647	279.187	278.117	271.509	265.166	266.695	275.502	281.547	279.297	274.333	273.316	275.45	273.785	262.882	245.115	229.118	220.785	217.369	214.993	216.684	226.576	240.708	249.796	250.31	248.889	255.52	270.36	278.727	268.129	246.891	235.263	240.711	251.473	254.949	250.715	242.557	232.206	224.241	222.697	223.525	222.208	221.325	223.943	228.987	234.331	237.934	236.25	227.56	219.179	222.318	235.164	242.953	238.141	227.815	222.388	226.948	240.95	262.464	291.048	322.304	344.42	350.609	348.807	349.319	352.363	354.321	356.708	360.719	357.189	332.67	287.554	240.573	210.951	201.878	205.987	219.576	242.969	268.53	281.024	276.364	266.823	262.602	261.385	256.634	245.114	228.032	210.721	198.301	192.078	192.19	198.538	209.237	222.49	237.17	251.126	263.269	273.368	274.524	255.729	218.334	176.929	139.885	102.836	
101.696	141.03	163.923	171.404	170.961	171.266	180.915	201.031	221.772	233.689	235.418	228.352	215.959	204.82	197.709	193.514	195.705	210.164	234.267	258.607	277.489	288.521	288.125	276.14	262.019	258.068	264.166	269.125	266.286	258.854	255.547	261.827	271.89	275.006	269.178	263.85	267.266	273.236	267.987	248.676	226.987	214.318	210.505	210.094	212.384	220.424	233.352	244.494	248.092	245.769	245.415	251.323	256.371	251.145	238.684	231.622	235.023	239.92	237.749	231.8	227.686	224.308	220.619	217.925	214.276	209.542	209.691	217.766	229.651	241.071	250.959	256.389	252.642	243.907	243.007	251.995	256.541	246.961	230.582	220.617	223.278	236.181	256.197	284.543	317.787	341.721	347.697	345.406	346.798	350.548	351.856	353.664	358.279	356.206	334.041	293.035	251.672	226.907	220.724	227.323	243.959	269.748	296.325	309.353	306.128	299.268	296.112	289.281	272.457	251.617	237.103	232.975	233.155	227.216	214.274	204.92	207.468	221.021	239.588	256.953	270.825	281.443	282.419	262.872	224.607	182.717	145.081	106.672	
101.872	141.044	164.67	172.24	170.667	169.812	178.988	199.841	224.211	243.153	251.442	245.291	228.9	215.336	210.137	207.366	205.722	211.531	224.29	235.634	242.154	246.44	248.62	246.48	243.177	246.639	257.546	266.78	267.143	260.507	255.666	259.679	268.421	269.645	258.634	247.721	251.464	264.063	265.525	248.907	227.791	216.28	214.084	214.201	214.422	217.794	226.521	237.522	244.085	242.509	237.585	237.661	242.448	243.575	239.079	236.886	240.515	241.942	235.397	227.407	224.366	222.006	215.384	206.127	196.569	190.02	193.131	208.072	228.325	246.953	262.584	272.956	272.035	262.083	256.72	260.914	261.798	249.389	231.3	220.832	222.361	231.521	245.643	268.786	300.463	326.812	335.568	332.487	330.708	332.852	334.779	337.019	341.144	341.009	327.057	299.732	271.75	253.61	245.71	247.251	261.535	288.762	318.208	334.199	334.119	330.367	328.283	317.261	291.645	264.701	254.255	264.165	279.162	276.518	251.041	222.07	210.029	218.639	239.886	263.614	282.939	294.099	290.138	263.653	220.734	177.903	141.498	104.559	
103.641	143.903	168.768	175.973	173.264	172.463	181.344	198.879	218.519	235.063	243.967	240.216	228.298	222.334	226.434	229.874	226.912	223.658	222.84	219.484	212.966	209.352	211.784	217.884	226.752	241.017	259.08	272.584	275.175	269.185	262.736	261.279	262.032	256.627	242.104	230.34	235.628	251.866	257.737	245.137	227.547	218.634	217.625	218.608	219.867	222.082	226.506	233.986	241.503	243.482	240.621	241.37	248.233	252.615	250.67	250.321	255.101	256.045	247.886	238.97	235.723	231.335	218.999	202.449	188.344	181.373	186.35	204.557	229.47	252.924	272.565	286.126	286.84	275.548	265.678	264.268	261.415	248.946	234.155	227.245	228.345	231.645	236.485	249.811	274.446	299.655	311.274	308.822	304.237	304.962	308.146	309.991	310.487	309.219	303.386	292.819	282.197	273.752	265.934	262.916	273.737	298.659	324.342	336.822	337.373	338.124	340.475	330.955	304.516	277.271	269.786	286.976	311.231	313.191	281.698	238.558	213.13	215.318	237.457	265.956	288.556	297.589	287.23	254.931	209.98	168.151	133.84	99.1705	
100.354	141.523	168.252	176.798	176.587	180.906	193.377	207.1	215.444	218.46	218.07	215.013	214.459	224.33	242.133	254.218	253.292	245.336	235.818	222.65	206.032	192.872	188.64	193.552	207.541	230.863	258.061	278.465	285.528	281.811	273.682	264.529	254.772	243.542	231.303	225.699	234.841	251.221	256.688	245.468	229.643	220.692	218.935	222.12	229.112	235.216	236.644	236.572	239.022	242.681	246.877	255.78	267.845	272.811	269.397	269.42	276.301	278.027	268.41	257.787	253.957	249.076	234.969	215.936	200.201	192.121	194.758	209.907	233.593	258.564	281.521	299.044	302.614	290.576	275.227	266.504	260.054	250.352	242.243	241.086	242.929	240.743	235.291	235.69	248.003	266.06	277.125	276.778	273.899	277.493	284.64	286.603	281.04	273.3	268.842	269.307	273.42	276.487	274.872	274.748	286.124	306.282	320.779	322.412	319.984	324.549	331.77	326.509	305.276	283.105	277.466	293.31	317.082	321.705	292.259	246.331	214.899	212.245	232.481	259.924	278.81	281.184	265.642	233.771	193.529	156.369	125.004	92.6353	
92.7171	134.275	163.097	174.822	180.405	192.624	209.531	218.455	212.7	198.201	186.151	185.358	199.637	225.932	254.001	271.812	275.111	269.907	261.725	248.298	227.719	205.562	189.191	182.927	191.006	215.744	249.972	279.462	295.161	297.665	290.29	274.949	256.34	241.522	234.654	238.585	253.509	269.69	273.562	263.067	248.251	237.617	232.966	235.716	245.228	252.828	250.411	241.302	234.827	236.571	248.583	269.939	290.072	295.032	288.296	287.27	295.476	297.983	287.028	274.078	269.142	265.11	252.93	235.807	220.932	211.476	209.751	218.669	237.327	260.813	285.882	307.956	316.121	304.905	284.477	268.39	259.317	254.112	253.638	259.047	264.727	262.314	250.966	239.828	237.998	244.442	250.396	250.975	251.828	260.729	273.838	277.665	266.235	248.97	239.613	243.615	256.492	268.834	275.324	281.648	295.166	309.854	313.219	305.903	301.444	307.288	314.808	311.31	297.009	283.593	281.03	291.928	308.961	313.173	289.942	249.665	218.254	211.421	226.533	248.185	259.299	253.901	236.191	210.258	179.177	147.983	118.442	86.7866	
89.155	131.204	161.443	176.377	187.907	206.013	223.271	224.332	205.089	177.979	161.751	168.805	197.69	234.551	264.528	281.381	287.367	288.842	288.954	282.656	264.177	236.846	209.798	191.095	188.57	207.761	242.822	277.968	301.604	311.614	307.925	290.584	266.592	248.44	244.166	254.762	275.295	294.366	301.329	295.905	285.732	276.231	268.754	265.956	268.628	269.487	260.999	245.749	232.977	231.536	247.705	278.646	305.786	310.687	299.646	294.364	300.986	305.632	298.289	286.741	280.689	275.479	263.579	247.93	234.677	225.895	222.804	227.803	241.28	260.514	283.77	307.608	320.476	312.823	291.088	270.79	260.47	259.157	264.511	275.449	287.259	290.586	280.333	263.27	250.991	247.32	247.319	246.422	247.366	256.418	270.606	275.13	261.273	239.501	227.844	233.789	250.559	265.893	274.144	280.727	290.905	298.816	296.953	290.279	289.913	297.099	302.112	298.576	291.671	289.176	292.591	300.736	310.699	311.835	292.925	258.536	227.178	214.737	223.597	240.547	247.137	237.455	219.64	200.196	177.58	150.138	118.845	84.2452	
93.4988	136.543	167.475	184.674	200.248	220.389	233.742	225.915	197.912	167.701	156.78	175.144	214.679	255.108	280.479	290.254	293.538	298.568	306.505	308.994	296.201	269.304	238.96	215.18	205.742	216.816	245.4	278.004	303.284	317.723	318.473	302.898	277.066	255.015	248.093	259.324	283.586	309.154	324.606	327.776	325.102	321.058	314.084	303.901	293.133	281.338	266.765	251.332	238.915	235.829	251.354	284.232	312.764	315.958	300.069	288.291	291.718	301.978	306.713	304.406	299.572	290.568	274.462	255.994	241.976	234.621	233.416	238.217	248.482	262.178	279.532	300.853	316.805	314.514	295.198	273.934	263.262	264.353	272.823	286.191	301.481	309.828	303.119	285.868	271.262	265.848	265.309	263.293	259.802	260.59	266.256	266.501	253.965	237.34	232.085	243.314	261.681	273.475	274.559	272.462	273.102	273.387	270.891	270.968	278.648	289.895	296.195	296.236	297.6	305.317	315.928	325.092	330.91	328.035	309.766	277.757	244.238	225.279	228.934	245.151	253.117	243.008	223.839	206.171	187.45	160.535	124.846	84.9053	
102.101	146.276	177.359	195.153	211.207	229.215	237.117	224.055	196.059	172.953	173.235	200.998	244.182	282.715	302.069	303.784	300.904	304.682	316.171	324.82	317.996	295.481	268.744	247.668	236.653	239.59	256.898	281.002	303.35	319.116	322.596	308.953	282.352	255.758	242.652	250.627	278.32	313.935	340.652	350.946	352.841	354.443	350.705	334.378	309.06	284.516	267.639	258.92	253.683	252.605	266.155	295.14	318.393	316.45	296.102	279.938	282.241	300.358	321.125	332.982	331.913	318.028	294.51	269.186	250.443	241.496	240.348	244.471	252.191	261.114	272.516	290.444	308.53	311.331	294.834	273.073	261.888	264.419	274.515	287.424	300.54	307.46	302.002	288.826	280.64	283.189	289.693	290.279	282.546	272.454	264.871	256.822	245.422	236.962	241.169	259.088	278.829	285.206	276.08	263.018	254.163	248.214	245.168	249.502	262.211	278.045	290.693	298.777	307.205	320.531	336.27	348.528	353.404	348.047	330.211	300.662	266.656	242.909	241.195	255.738	265.719	256.498	234.498	213.736	194.3	166.701	128.235	85.0185	
111.553	156.442	186.455	201.684	213.262	225.57	229.177	216.833	196.889	187.098	199.312	231.163	270.631	303.63	319.35	318.304	312.939	315.707	328.246	339.547	336.199	317.369	294.54	277.024	265.949	262.185	269.014	285.563	305.97	322.118	324.991	309.854	280.729	248.898	228.888	233.342	265.77	313.605	352.313	367.625	370.058	373.724	371.748	349.834	312.123	278.547	263.754	265.423	270.582	275.1	289.313	314.132	329.86	322.009	300.173	284.677	288.12	310.555	340.807	362.006	362.704	343.565	313.373	282.418	258.955	245.607	239.539	238.62	242.247	247.939	256.771	274.182	295.133	302.086	287.074	263.606	250.399	252.613	263.467	275.484	284.161	286.353	281.947	276.971	280.507	294.984	311.282	316.808	307.558	290.194	272.926	258.022	245.469	239.265	245.678	265.148	285.431	289.496	275.34	256.786	242.985	232.903	227.478	230.906	243.037	260.313	278.758	293.853	305.582	319.886	338.371	353.858	358.846	352.063	335.985	312.077	283.347	259.706	251.876	258.486	264.423	255.233	232.956	210.002	189.003	162.088	125.257	83.1891	
119.708	164.857	192.526	202.515	206.907	213.535	216.255	208.778	198.887	201.124	220.815	250.692	281.383	306.906	321.575	324.465	324.02	330.25	344.454	356.462	353.733	335.012	310.948	291.738	279.296	273.048	276.094	290.518	311.26	326.565	325.67	306.594	274.559	238.659	213.074	213.828	247.943	302.841	350.075	371.152	375.903	380.211	377.063	350.025	304.607	266.901	255.306	264.613	277.171	286.977	303.877	327.929	341.086	333.569	316.464	305.512	308.489	326.5	353.212	372.648	370.158	346.602	314.224	284.044	261.532	245.855	233.588	225.804	224.862	228.658	237.442	255.927	278.999	288.491	274.435	249.286	232.673	231.618	241.082	252.732	259.84	261.499	262.564	268.641	283.696	307.287	330.048	338.676	328.643	307.675	286.321	269.015	255.153	245.303	244.332	256.273	272.931	277.603	266.325	250.253	236.317	223.784	215.506	216.076	224.858	239.852	258.858	275.735	288.343	304.07	325.942	343.766	346.866	336.431	320.403	302.758	283.806	266.715	256.218	252.315	248.844	238.494	220.718	200.885	180.344	154.924	121.56	82.4101	
121.498	166.51	192.591	198.989	199.13	203.931	208.437	205.282	201.858	211.074	232.921	256.553	276.276	293.555	307.5	316.567	324.471	336.517	352.48	363.734	359.867	339.296	311.042	287.378	274.872	272.946	280.172	296.104	315.603	326.937	321.384	300.302	268.898	233.207	205.42	201.377	228.793	277.649	323.623	349.544	360.933	368.386	364.576	336.119	290.507	254.39	245.607	257.222	270.602	280.226	296.623	321.045	337.959	338.934	331.952	326.615	326.507	334.106	349.076	360.307	353.539	328.92	299.434	275.936	260.361	247.29	232.95	222.031	219.308	222.974	232.413	250.056	270.213	277.455	263.376	238.403	219.589	214.069	219.389	229.254	237.703	244.867	255.255	271.105	293.204	320.89	346.038	356.113	346.422	324.159	300.425	281.231	265.741	251.186	240.233	240.272	249.512	254.883	250.483	241.569	230.521	217.066	206.803	205.128	210.732	221.554	236.099	249.932	263.246	283.625	310.693	329.853	329.151	312.846	293.678	278.916	268.641	261.423	255.015	246.492	235.709	224.515	213.153	199.357	180.151	154.437	122.045	84.017	
113.043	156.963	184.055	192.46	194.752	201.54	206.951	203.899	202.518	215.794	238.122	254.81	263.886	273.265	285.517	298.401	311.891	327.306	342.992	351.957	345.899	323.121	292.088	267.804	260.679	268.447	282.934	299.3	313.417	318.109	309.673	291.105	265.419	235.803	211.622	204.737	220.438	252.824	287.1	311.822	328.398	339.973	338.32	314.402	276.877	248.763	244.162	254.934	263.318	265.576	274.64	295.588	316.321	326.979	329.499	328.318	325.623	325.411	331.434	337.379	330.678	310.177	288.073	274.576	268.22	260.287	248.037	238.47	236.712	241.464	251.768	266.12	277.005	274.782	257.425	234.323	217.505	211.237	213.033	219.102	227.884	240.93	258.394	278.021	300.833	328.334	354.155	367.378	362.293	341.806	314.661	289.706	269.921	252.105	235.906	228.589	232.535	238.857	240.807	238.473	230.422	216.761	205.093	201.774	205.287	212.131	219.809	226.938	238.504	262.01	292.485	312.3	309.837	290.515	268.471	253.165	246.56	246.925	248.386	243.682	232.95	222.864	215.766	205.692	186.366	158.203	123.938	85.1849	
98.2794	140.423	170.9	186.05	194.826	204.59	208.541	202.576	201.194	217.249	240.003	251.765	253.358	256.989	266.846	279.504	293.205	308.624	324.265	333.008	325.141	298.402	264.788	243.808	245.264	261.403	279.184	292.737	300.435	300.312	293.087	281.248	264.802	245.393	230.169	225.824	233.601	250.453	270.183	287.288	301.737	313.127	313.884	298.085	273.623	257.334	257.243	264.169	263.437	254.777	253.516	267.739	288.089	302.931	308.964	308.25	304.667	303.558	308.784	315.539	313.464	301.815	291.673	290.607	293.064	289.348	279.594	271.496	269.035	272.842	283.301	294.37	294.567	279.458	255.97	235.461	225.467	224.97	227.445	229.67	235.874	250.148	268.094	284.075	301.383	324.371	348.434	364.872	366.843	351.031	321.827	291.075	267.43	249.124	233.4	225.682	229.544	238.375	244.667	245.523	238.585	224.892	212.323	207.894	211.291	216.824	218.031	215.121	218.766	238.188	266.383	285.683	285.654	269.999	249.877	234.355	227.749	231.056	239.082	242.345	237.773	230.941	225.034	214.402	192.573	160.799	123.622	83.7777	
86.4914	129.109	165.123	188.151	202.898	213.937	215.565	207.617	206.33	222.429	243.397	252.577	251.796	252.533	258.162	265.517	274.773	289.672	309.888	324.784	318.095	285.997	247.732	228.614	234.284	250.527	264.346	273.569	279.113	280.734	279.72	276.602	269.266	259.323	253.712	256.305	264.623	274.977	284.588	291.491	297	302.595	304.006	296.829	285.615	279.219	278.951	276.642	264.532	247.244	239.736	249.03	266.57	280.153	284.23	281.203	278.151	281.029	290.214	299.651	302.899	302.19	306.016	316.331	324.304	322.255	313.288	303.745	296.42	295.858	305.652	316.311	311.104	287.001	258.118	240.154	238.442	246.043	251.033	250.271	252.946	264.978	278.72	287.09	295.605	310.235	327.413	341.361	346.902	337.248	312.275	284.093	263.721	249.142	236.213	230.11	235.374	246.293	254.086	254.402	246.62	233.561	221.865	218.952	226.949	236.509	233.52	218.343	208.757	217.986	239.293	256.745	261.625	255.013	242.535	229.841	222.338	224.797	235.607	245.908	248.978	246.308	240.604	227.745	202.152	165.692	124.328	82.3085	
85.4277	133.708	177.654	207.393	224.669	233.548	231.883	223.491	222.984	236.982	254.363	263.127	264.001	262.204	258.755	255.022	257.595	273.8	302.472	327.427	325.191	290.723	249.308	228.971	230.72	238.382	244.115	251.008	260.786	270.778	278.495	281.692	278.343	272.18	272.424	283.265	299.1	311.632	316.033	312.18	305.732	303.728	306.147	308.196	308.463	306.969	300.168	284.548	262.055	241.136	232.332	238.66	252.254	262.335	263.896	260.706	261.292	269.882	282.246	291.779	298.039	306.529	320.18	334.254	340.855	337.681	328.852	317.051	304.458	299.894	309.868	323.18	319.432	294.055	263.5	246.687	248.705	259.133	263.885	261.475	262.935	272.693	281.274	282.56	283.373	289.158	296.167	301.851	306.187	303.674	290.681	275.867	267.737	261.319	251.183	243.902	246.484	255.053	260.432	257.431	247.398	234.97	225.875	228.697	247.261	265.682	260.419	232.939	209.532	208.065	222.647	239.292	250.879	255.859	253.658	245.183	235.983	234.274	242.669	254.653	261.555	261.698	257.538	245.686	219.602	179.908	133.313	86.4557	
97.6176	155.759	208.195	242.539	259.288	262.5	254.043	242.732	242.422	256.079	273.646	286.293	291.156	284.889	267.113	248.386	244.221	262.465	297.233	328.116	330.441	300.6	263.688	242.905	236.147	232.364	231.602	239.937	257.48	277.355	291.429	294.77	287.998	279.277	281.202	299.2	324.617	342.68	344.189	330.721	313.855	306.604	312.087	323.711	333.17	332.895	317.673	290.603	262.285	241.774	232.39	233.392	240.311	246.451	248.675	250.548	257.601	270.053	281.744	288.389	294.717	307.101	322.236	331.346	331.638	327.025	320.204	309.463	296.85	293.054	304.297	319.199	318.841	298.276	270.958	253.806	252.096	257.12	258.404	256.966	260.739	269.051	272.388	267.91	263.342	263.043	262.89	262.095	265.205	270.403	272.615	275.941	284.439	289.141	281.96	269.848	263.549	264.269	265.217	259.843	248.063	234.59	226.468	235.253	264.562	290.784	283.352	246.574	213.92	206.262	218.272	237.933	259.115	276.44	282.835	276.276	263.817	255.554	256.085	261.767	265.168	264.419	262.882	257.657	239.278	203.353	154.233	100.881	
118.108	185.653	243.028	278.406	293.18	290.176	272.751	254.531	252.071	267.997	291.989	314.132	325.81	315.928	284.293	251.282	240.162	256.941	290.075	318.803	324.643	307.13	283.251	264.971	250.492	239.16	237.591	250.011	272.606	295.701	308.298	305.017	290.568	277.459	279.678	302.377	334.54	356.829	357.496	339.854	318.748	309.907	318.263	336.065	350.176	349.155	329.031	297.863	270.182	252.644	241.522	234.131	231.929	234.777	241.662	252.405	264.775	275.191	281.256	283.475	287.448	297.466	307.566	309.765	306.531	304.739	304.049	299.724	293.992	295.851	307.065	316.906	314.344	298.906	278.463	261.994	253.288	248.959	245.795	246.584	253.097	259.156	257.037	247.576	238.838	235.19	233.679	233.352	238.799	250.351	263.665	280.553	302.568	318.147	315.195	298.292	281.721	274.548	274.757	272.952	262.654	246.014	233.834	242.429	274.492	301.587	291.423	251.049	216.729	209.502	223.636	248.633	279.15	305.509	315.09	306.528	290.727	277.536	269.665	265.213	260.294	255.254	255.277	259.046	254.746	230.642	184.717	125.945	
135.572	207.032	262.433	293.648	305.792	300.72	279.617	256.52	250.556	266.96	296.541	328.029	348.116	340.271	303.846	263.732	246.31	256.453	280.926	302.998	313.213	312.087	303.635	288.956	271.333	260.975	265.725	282.675	302.925	317.434	318.037	302.648	280.038	264.461	267.542	291.918	325.945	350.117	353.372	339.232	320.263	310.811	317.864	335.368	349.381	348.641	331.218	305.713	284.54	270.332	255.662	238.887	228.177	230.587	246.313	267.71	282.157	284.473	280.941	278.266	279.252	284.142	288.1	287.218	286.755	292.856	302.272	309.092	315.286	325.174	332.984	328.607	313.238	296.34	282.197	269.77	258.275	247.817	241.015	241.265	245.823	247.156	241.407	231.227	221.879	216.467	214.914	217.394	225.822	239.211	254.375	274.104	300.926	323.365	326.065	309.82	290.567	283.82	291.12	298.913	292.727	271.836	252.234	255.297	283.052	306.203	294.465	255.682	225.063	222.319	239.802	266.266	297.3	322.527	328.387	316.568	301.099	289.332	279.253	268.511	256.93	248.082	248.725	259.16	267.369	256.476	217.17	155.306	
142.251	210.708	257.479	279.468	288.02	286.613	272.18	252.767	245.386	257.567	283.969	316.254	341.238	340.643	311.799	276.334	257.409	259.874	273.655	288.489	302.144	313.852	317.304	308.363	296.048	295.618	310.462	329.413	340.542	338.707	322.115	293.3	263.173	245.439	248.17	270.911	302.848	327.641	336.166	329.396	313.839	301.08	301.585	314.22	327.961	333.309	328.027	316.389	304.311	290.212	267.901	241.289	225.174	231.277	258.116	289.084	303.058	295.754	282.308	275.445	275.351	277.792	279.069	279.036	283.853	298.128	317.578	336.867	357.173	376.216	378.856	354.698	317.837	290.695	278.745	273.64	267.454	258.095	249.599	245.581	242.865	237.771	232.29	228.866	225.384	219.223	212.995	212.145	218.348	227.775	237.335	251.865	275.751	298.702	304.949	293.868	281.5	284.429	303.098	320.368	318.169	295.822	273.293	274.018	298.92	320.011	309.493	273.921	246.439	246.256	263.175	282.643	301.52	314.804	314.189	303.638	295.109	290.819	284.006	271.552	257.078	247.742	250.258	264.048	277.798	274.106	239.61	176.336	
142.11	204.568	240.516	251.243	254.931	259.013	256.815	247.689	242.475	248.566	265.37	290.556	314.626	320.925	305.225	282.051	267.38	265.402	270.389	277.823	290.04	306.815	319.507	322.589	324.164	335.803	355.501	369.504	367.838	350.668	322.038	286.393	252.373	231.724	231.687	250.819	279.121	303.463	316.335	315.413	301.524	283.799	275.787	282.613	298.579	315.241	326.45	329.639	323.916	305.501	273.582	240.083	223.767	235.484	269.055	302.303	312.881	299.343	280.068	270.339	270.615	274.845	278.982	283.36	292.807	310.775	334.533	361.668	393.354	421.123	421.108	381.199	324.319	284.056	270.993	274.301	278.633	275.766	268.564	261.336	252.218	242.146	238.663	243.87	247.973	240.659	225.185	213.889	212.255	215.519	219.756	229.535	248.108	265.409	268.597	260.095	255.969	268.82	294.332	314.981	316.267	300.201	285.855	292.742	319.43	340.881	332.61	299.6	272.336	269.544	279.801	286.544	288.974	289.991	288.252	286.955	290.476	293.908	288.343	273.01	256.226	247.821	252.546	266.824	279.522	275.298	241.151	177.912	
143.92	202.659	231.331	233.925	233.423	240.794	247.928	248.143	246.105	247.581	256.056	274.18	294.718	303.041	295.594	282.282	272.895	269.553	268.684	269.545	277.862	296.694	319.856	339.356	354.947	370.082	381.672	381.512	365.802	339.218	309.279	279.094	250.527	231.058	229.399	245.735	270.002	290.796	303.4	305.376	294.089	274.515	259.559	259.98	277.174	303.148	325.675	335.72	329.292	305.431	270.966	242.064	233.635	249.395	278.967	302.89	307.079	293.559	275.234	263.364	261.524	268.066	279.682	292.805	306.306	321.819	341.002	366.686	400.905	432.321	433.88	391.638	328.773	282.273	267.965	276.859	289.528	293.25	290.261	285.339	276.511	265.841	262.732	269.574	274.651	264.46	241.083	219.988	210.827	210.432	214.02	223.183	237.489	246.826	242.998	232.963	232.437	248.583	272.425	289.421	293.013	287.956	287.377	302.551	329.59	348.577	341.013	311.704	286.124	279.367	280.547	275.927	268.666	266.877	272.502	285.334	300.584	306.597	296.057	274.515	254.47	245.169	248.385	258.926	266.302	257.185	221.182	160.589	
149.364	207.631	234.897	236.32	236.114	246.256	258.611	264.014	262.953	260.33	263.416	277.073	292.932	297.216	289.073	278.375	271.788	268.265	264.418	262.595	271.02	294.553	327.876	359.03	379.108	385.864	379.846	362.136	335.365	306.331	283.921	269.593	257.382	247.233	247.689	261.85	280.016	292.268	299.098	301.868	295.651	278.425	258.82	251.983	266.639	295.099	319.425	326.539	314.23	289.462	266.231	257.035	263.738	279.521	294.476	300.878	298.794	292.195	281.82	269.089	261.052	265.625	283.437	305.263	320.585	328.458	336.51	352.816	379.441	406.214	411.221	381.164	331.077	290.513	276.308	284.355	297.953	304.836	306.448	306.583	303.452	298.229	296.511	298.759	297.009	282.12	256.047	232.638	221.913	221.401	225.395	233.531	244.241	248.92	242.347	232.653	233.897	249.488	267.626	277.165	279.145	279.846	285.127	299.077	318.186	329.675	322.356	301.082	283.51	277.69	273.683	263.585	255.077	258.227	274.281	298.452	319.014	321.282	302.83	276.078	254.273	242.449	239.891	242.849	243.21	229.448	193.295	138.014	
153.336	211.978	242.083	248.899	254.761	270.705	288.835	298.115	295.709	287.543	284.879	292.473	299.618	294.023	278.949	266.516	261.523	259.292	256.655	258.829	273.311	301.664	337.206	367.481	381.459	375.949	355.642	328.049	298.802	274.065	262.863	267.409	276.734	280.776	283.735	292.411	300.949	301.886	300.064	300.703	297.593	282.786	260.941	249.582	261.1	286.853	306.19	306.619	291.064	274.215	272.62	289.25	310.116	319.858	314.968	304.064	299.763	304.44	306.478	296.886	282.696	279.374	293.593	314.83	326.727	326.137	323.755	329.29	343.742	360.667	367.961	356.021	329.569	303.965	291.189	292.947	301.745	309.172	313.464	316.76	321.259	328.071	333.845	332.471	320.579	298.349	272.094	254.238	250.988	254.889	256.731	257.958	262.613	266.075	262.608	257.207	261.511	277.243	291.097	293.918	291.499	290.076	289.736	291.274	295.14	296.851	291.598	282.389	277.265	276.791	272.488	262.041	256.307	265.494	288.128	314.55	330.551	324.886	301.521	275.18	255.184	242.056	234.575	231.106	226.047	210.213	176.304	126.134	
151.935	210.63	246.124	262.424	277.565	301.048	325.884	339.191	335.172	321.502	312.106	310.117	304.175	285.872	262.621	247.91	244.797	246.409	250.752	263.736	287.031	314.687	339.921	356.825	359.851	347.52	325.034	300.137	277.471	260.819	258.656	276.787	304.289	321.567	324.45	323.131	320.307	312.097	302.572	297.285	291.565	277.015	256.746	247.37	259.228	280.961	292.775	287.572	274.617	271.441	290.635	325.241	351.214	350.722	329.364	309.131	307.33	321.481	334.259	332.103	317.489	305.071	306.1	315.707	319.945	314.608	307.54	305.485	308.881	315.62	321.75	322.295	316.162	306.19	296.397	292.247	296.606	305.105	311.7	317.935	331.697	353.372	369.33	366.319	344.484	313.331	286.98	280.071	293.556	308.875	308.677	297.785	291.165	290.733	288.932	286.581	293.317	309.798	322.008	322.069	317.332	312.474	304.286	292.998	283.18	277.519	276.205	278.737	283.073	284.384	278.297	268.279	266.256	280.245	304.338	324.453	328.828	315.135	292.374	271.379	255.402	243.784	236.888	232.927	226.292	210.046	177.858	129.398	
144.254	203.363	246.872	275.411	299.914	327.634	354.467	369.093	364.989	349.656	335.6	323.962	306.333	279.618	252.151	235.468	232.315	237.824	251.829	277.479	307.955	329.826	338.174	337.064	329.897	317.688	302.777	288.545	276.533	267.396	267.798	288.193	323.388	349.462	352.508	342.397	331.082	318.936	304.969	292.113	280.451	265.832	250.816	248.495	264.41	283.908	288.697	277.979	267.264	273.679	302.711	341.19	364.236	357.025	330.684	311.308	313.224	329.16	344.292	348.943	341.071	327.526	318.73	316.476	313.616	306.467	297.737	289.804	283.698	280.983	281.716	283.986	286.08	285.104	279.091	274.158	278.927	291.251	302.733	315.018	337.783	368.113	386.749	379.836	351.433	316.06	292.976	299.685	333.2	363.933	364.977	342.694	322.408	313.403	307.794	304.052	310.846	328.032	341.421	343.266	339.437	333.134	321.547	305.744	291.498	284.792	288.607	298.635	304.26	298.303	283.783	271.17	271.912	289.593	313.163	325.475	319.38	301.351	282.013	266.15	253.422	245.398	244.116	245.146	240.104	222.899	189.142	138.626	
132.219	193.289	246.996	288.045	318.531	343.743	364.95	376.781	374.868	364.011	350.901	334.549	311.882	284.488	257.567	238.141	231.196	237.503	257.558	289.391	320.896	336.479	332.962	319.674	306.16	296.865	292.278	290.874	290.16	286.519	282.921	293.402	322.504	350.415	356.949	346.195	333.601	322.923	308.357	289.89	272.867	258.229	248.182	252.594	273.504	293.581	294.049	277.445	264.208	271.457	299.267	332.498	351.329	345.423	324.645	310.553	312.725	322.592	331.408	338.15	341.114	338.544	333.616	328.81	322.184	312.567	300.376	285.367	269.791	258.442	252.683	250.46	250.395	249.805	246.237	245.162	254.729	272.592	290.552	309.789	336.719	364.507	375.607	362.71	333.625	302.306	287.194	305.727	353.065	394.562	398.091	369.898	340.672	324.656	314.852	309.238	316.776	337.614	356.875	363.555	359.733	349.83	335.82	320.916	309.758	307.311	315.999	328.448	329.388	312.196	287.214	270.23	271.04	289.694	312.841	322.12	312.593	294.286	276.865	261.971	250.067	245.705	250.887	257.815	254.551	234.434	195.965	141.967	
121.426	186.43	249.533	297.955	326.988	343.524	355.86	364.453	367.394	366.878	362.365	348.545	325.587	298.809	271.29	247.761	237.029	243.826	264.615	291.28	313.877	323.592	318.625	304.486	289.808	283.259	288.012	300.014	311.504	312.783	302.508	296.809	309.836	331.928	343.195	339.334	331.52	325.129	313.325	294.043	274.667	258.929	249.255	254.653	276.768	297.672	297.429	278.403	262.296	266.627	290.158	318.609	336.721	336.305	322.637	310.811	308.416	309.189	309.423	315.47	329.25	343.049	350.037	348.641	340.303	327.846	311.57	289.683	266.317	250.136	242.556	237.769	232.23	225.997	221.728	225.696	241.318	263.073	283.952	305.261	330.003	349.999	353.112	338.489	313.921	289.304	280.218	303.025	352.737	395.016	398.248	369.239	339.401	323.848	315.916	313.729	327.298	357.809	387.906	399.242	389.548	368.933	348.024	332.569	324.441	324.983	334.383	344.644	341.222	319.87	293.32	276.028	274.526	289.593	311.365	322.009	314.671	297.99	280.428	263.603	250.498	247.596	255.888	265.115	260.763	235.696	191.776	135.65	
115.3	184.039	252.063	300.281	321.277	326.924	332.109	339.94	349.793	363.305	373.474	367.337	344.172	313.454	281.597	255.682	247.171	259.012	278.497	291.415	295.79	296.594	295.063	287.9	276.763	272.819	284.728	308.965	332.625	339.669	325.576	307.016	303.491	315.537	328.455	331.099	327.079	323.539	317.115	303.85	287.863	271.838	258.325	257.46	273.956	292.948	294.774	278.917	263.306	264.933	285.857	314.696	336.387	341.225	331.533	318.926	310.682	304.069	299.043	304.791	324.694	347.804	360.941	360.334	351.298	339.815	324.215	300.333	275.103	261.564	260.03	258.618	249.166	234.504	226.201	234.346	255.654	277.605	293.596	307.984	325.355	340.17	344.495	337.566	321.222	300.031	288.892	305.593	346.853	381.111	380.5	353.467	329.415	321.179	321.472	328.171	351.677	394.039	434.766	447.075	425.465	389.123	359.134	341.859	333.326	330.607	333.839	338.049	333.349	318.477	302.799	292.02	287.588	294.993	312.819	325.719	323.325	310.753	294.518	275.822	259.675	254.764	261.972	269.249	260.44	229.376	181.406	125.436	
112.094	180.964	247.826	291.929	305.853	303.832	303.439	309.642	324.636	351.041	376.174	378.993	356.472	322.583	289.915	268.573	268.743	288.103	305.969	304.262	288.166	275.536	273.088	272.003	266.315	265.276	280.265	310.006	340.513	353.282	342.05	320.935	308.698	311.854	321.744	324.283	318.361	314.869	315.937	314.885	308.948	297.135	281.07	272.022	279.893	295.824	301.109	290.27	274.818	271.202	288.036	318.46	344.972	354.617	348.972	337.78	326.848	316.783	310.883	316.212	332.989	350.415	357.314	352.943	345.943	341.875	334.131	315.699	296.473	292.546	302.015	307.31	295.661	272.13	258.082	269.051	294.815	313.725	318.539	318.928	325.582	338.481	351.549	358.713	352.846	333.428	315.887	320.505	346.988	368.657	363.229	340.323	325.056	326.342	335.834	350.17	378.699	424.757	467.886	477.09	445.534	399.662	367.793	353.738	345.416	336.607	330.643	327.052	320.454	312.836	309.651	306.509	299.159	297.668	310.056	326.154	333.667	331.974	321.355	300.491	278.19	268.492	273.312	277.625	263.259	226.324	175.601	120.253	
110.983	175.871	236.358	276.32	290.045	287.216	281.514	280.978	294.396	326.487	360.859	372.236	356.104	328.288	304.616	294.479	302.967	324.389	338.419	327.579	298.111	272.424	262.714	261.512	259.61	261.328	274.901	299.969	326.829	341.431	337.807	324.421	313.969	313.137	317.308	314.195	303.473	299.98	309.143	321.267	328.034	325.666	313.82	302.618	305.919	320.989	329.757	321.522	302.659	289.951	297.836	324.254	351.556	365.401	366.045	359.357	348.701	338.53	334.732	338.492	344.607	346.239	340.453	331.664	329.338	335.925	339.954	332.375	324.131	331.182	349.326	358.568	344.383	313.456	293.607	304.174	330.636	345.453	340.668	329.305	327.153	339.469	360.732	378.967	380.931	364.337	344.707	341.381	354.762	364.124	354.308	335.65	328.085	336.258	350.238	364.49	386.669	422.726	457.272	462.307	431.608	391.718	370.066	366.774	364.728	356.144	346.449	336.465	322.505	310.846	308.239	305.908	295.073	286.462	294.705	316.867	340.677	356.629	354.43	330.531	301.14	287.787	292.539	295.552	276.206	233.477	179.321	122.531	
113.02	172.318	223.63	259.142	276.852	278.705	270.124	260.895	266.431	294.672	330.371	349.556	346.2	332.881	323.642	324.389	334.759	349.649	356.9	343.915	312.962	281.961	264.829	259.07	257.962	262.711	275.015	291.215	306.257	315.073	315.785	312.312	309.393	308.915	307.633	298.72	286.076	285.359	300.706	320.603	336.463	345.199	344.175	339.142	343.429	358.27	368.188	360.902	340.001	320.51	317.124	331.557	352.034	367.202	373.563	369.937	358.254	348.309	347.559	350.51	347.961	338.409	325.477	315.001	315.409	328.426	342.243	346.975	350.553	364.749	383.869	390.088	371.438	335.629	310.958	317.023	339.79	352.624	347.17	334.56	330.592	343.384	367.617	387.652	389.64	375.14	360.832	360.588	369.343	369.177	352.486	332.645	326.959	336.739	350.017	358.845	369.057	389.202	411.05	414.038	393.521	369.419	361.638	369.623	379.22	382.117	379.183	366.868	341.798	315.789	301.381	291.759	276.106	262.768	269.083	298.136	337.453	368.167	371.697	346.509	316.396	305.954	313.895	316.09	291.872	243.55	185.139	125.305	
115.192	168.944	210.97	240.302	259.568	266.98	261.558	250.392	248.784	267.003	296.616	319.815	328.649	328.901	330.329	336.432	344.262	350.871	352.907	343.644	320.851	294.003	274.296	263.855	262.339	272.24	289.762	303.906	308.151	304.445	298.936	296.791	297.826	298.078	293.669	283.024	273.524	277.949	295.936	315.934	333.923	350.659	361.73	366.332	372.341	382.778	389.844	386.267	373.123	356.942	344.805	341.498	347.893	360.134	368.927	364.077	347.724	336.055	337.84	342.916	340.707	333.36	324.974	317.053	315.975	327.325	345.078	359.877	372.962	389.102	402.134	399.51	374.917	337.356	311.617	314.306	333.918	348.481	349.295	342.205	339.681	351.398	373.246	388.694	386.227	373.201	368.115	377.903	387.801	378.331	349.285	320.68	310.249	317.283	329.049	336.035	340.914	352.008	366.46	371.015	361.826	349.548	345.874	355.26	374.312	394.373	405.067	395.4	363.775	326.673	300.446	281.422	259.668	242.381	247.249	279.121	323.653	356.608	359.223	336.51	314.957	313.542	324.535	323.746	295.523	245.109	185.181	123.62	
111.848	159.91	194.848	218.102	235.205	246.482	250.267	248.013	246.517	253.973	271.031	290.021	303.348	310.404	316.166	322.917	328.061	331.227	334.161	332.887	321.611	303.066	285.032	272.773	272.258	289.458	318.52	340.888	342.137	325.112	304.645	292.542	289.383	288.519	284.098	275.621	271.013	279.48	296.539	311.551	325.864	344.673	362.966	373.841	378.156	380.08	382.917	388.569	394.58	392.954	377.704	356.236	345.516	351.461	359	349.817	327.297	312.808	315.903	324.402	328.1	330.908	334.779	334.902	333.567	340.055	356.256	374.579	389.903	401.903	405.941	394.416	365.887	331.228	311.838	319.598	342.725	361.663	367.314	361.737	355.174	359.549	374.295	385.25	382.9	375.487	379.287	395.344	402.236	380.052	336.383	297.883	281.436	284.625	297.069	309.846	320.782	333.771	348.012	356.315	355.275	346.631	335.559	334.222	352.613	383.019	404.511	400.862	373.563	340.115	314.424	292.169	265.186	242.879	243.959	272.34	311.414	336.688	334.816	316.597	305.299	310.374	319.509	313.93	286.159	241.129	184.813	122.988	
103.82	146.322	177.565	198.327	213.752	227.462	241.156	252.928	258.694	259.201	261.057	268.822	280.352	291.726	301.469	307.701	308.97	310.073	316.47	322.897	320.056	308.37	294.61	284.71	287.132	310.567	350.275	383.707	388.146	363.164	328.646	303.108	291.625	288.811	286.169	280.158	277.748	287.03	301.936	311.966	320.295	334.533	351.031	360.511	359.678	353.965	355.207	372.766	401.361	419.779	409.073	376.647	351.455	348.313	350.586	336.476	309.944	292.988	294.413	302.927	310.519	322.476	340.074	354.149	360.673	367.178	379.366	391.614	397.569	398.798	395.241	381.168	355.184	328.784	322.158	343.541	377.529	402.021	406.947	394.8	377.159	368.895	374.152	383.19	387.016	389.03	398.716	412.724	409.099	372.54	318.629	276.672	258.564	259.446	273.653	295.848	319.618	340.873	356.657	365.838	368.981	361.942	342.734	326.292	331.861	356.493	378.303	381.216	367.564	351.205	339.658	324.127	295.827	267.221	260.733	281.507	312.549	330.897	326.85	311.49	302.649	304.601	306.47	297.682	276.985	243.809	193.373	129.451	
98.8906	138.051	169.153	192.067	209.284	224.299	241.879	262.283	276.644	277.276	270.164	268.481	278.214	295.803	312.473	318.57	312.993	307.817	312.787	320.427	319.59	312.414	305.479	301.21	306.561	332.261	375.997	414.733	422.272	395.741	355.511	322.153	304.435	299.957	298.331	292.658	290.069	299.816	315.202	323.836	326.746	331.904	338.897	340.107	331.751	320.374	321.127	346.818	392.159	429.698	431.399	399.532	364.989	349.195	342.252	325.388	299.774	281.323	276.822	279.673	286.757	304.442	333.781	363.741	384.56	397.357	405.083	403.37	391.152	378.828	372.849	365.982	350.973	336.266	342.423	377.826	423.844	452.621	452.266	429.699	401.29	383.993	384.1	393.814	402.431	408.944	419.178	427.904	414.258	368.667	312.784	274.612	259.13	258.766	272.775	301.905	338.224	368.013	382.517	387.131	391.212	388.674	368.487	340.37	326.093	331.437	344.455	353.053	355.291	357.738	362.813	358.448	333.245	299.696	284.113	296.595	322.861	340.348	337.791	322.186	307.718	299.807	293.484	285.393	275.776	255.139	208.374	139.324	
101.737	143.078	178.729	207.718	229.671	244.467	256.902	273.717	291.55	299.503	296.685	294.892	304.717	325.943	346.343	350.46	337.4	324.096	322.433	324.285	320.4	316.4	317.012	318.343	324.8	349.153	390.752	427.337	434.267	409.747	372.59	340.367	321.689	316.736	315.384	309.831	308.872	322.671	342.145	351.625	350.12	346.768	344.612	337.343	320.571	301.533	296.983	322.08	374.1	425.059	441.66	417.582	377.453	347.233	330.595	316.381	298.958	282.42	270.746	265.022	269.192	289.569	325.249	365.036	396.946	415.563	417.729	400.032	369.936	348.075	346.342	354.396	356.018	352.971	365.96	407.101	458.001	486.007	477.881	446.905	414.978	398.549	401.907	414.946	423.23	425.432	431.472	437.817	422.741	378.761	329.431	299.038	287.06	284.454	294.288	323.58	365.219	397.979	408.493	408.534	415.094	419.866	403.175	368.005	335.89	321.593	325.595	338.834	351.374	361.924	372.27	373.375	353.804	321.972	302	307.588	329.93	348.227	348.303	332.378	312.201	295.622	283.688	278.172	277.642	264.359	217.577	143.667	
110.783	161.772	208.076	246.047	273.243	285.794	286.597	289.667	303.627	320.651	330.941	336.546	346.508	364.302	379.861	378.259	359.891	341.623	333.504	328.05	319.896	316.966	321.283	324.597	330.098	351.21	387.403	418.136	422.915	402.457	373.528	348.963	334.935	333.291	335.283	333.015	336.666	356.844	381.198	390.568	384.453	376.343	372.498	364.219	342.569	313.928	297.565	312.131	358.33	410.307	433.811	416.285	374.328	335.301	315.554	311.829	310.637	302.433	287.33	274.175	274.434	293.731	327.912	366.224	397.667	414.099	408.921	380.545	342.529	320.023	326.24	348.835	365.258	370.287	382.891	419.223	464.911	487.275	473.392	440.271	411.114	399.255	406.847	422.487	429.07	426.27	429.756	438.756	430.43	397.248	360.988	340.617	332.373	327.455	330.748	352.839	388.55	415.236	420.797	421.83	435.649	447.84	433.445	394.38	353.687	331.072	332.591	347.93	360.053	363.458	363.783	361.3	349.744	331.052	317.527	318.946	333.151	347.519	349.612	337.198	317.002	296.196	279.917	273.793	274.69	260.901	212.114	137.825	
124.598	190.511	250.922	297.24	326.36	334.498	324.071	313.108	319.076	339.119	359.055	372.212	382.115	392.582	398.532	390.681	370.464	350.674	338.354	327.915	316.781	312.301	314.779	316.108	319.325	335.756	364.515	389.425	394.743	380.556	359.815	343.245	337.125	344.265	355.247	359.433	366.518	389.47	415.957	423.846	412.93	402.624	403.306	402.3	383.225	349.142	320.703	319.087	347.562	384.679	401.551	386.074	348.866	313.715	301.542	313.612	331.692	336.086	322.549	304.939	300.911	316.076	343.054	370.243	388.816	393.845	381.831	353.85	322.955	309.081	321.543	349.574	372.095	380.542	389.502	415.631	449.961	465.369	451.309	422.786	397.371	384.184	387.044	398.777	403.857	401.823	408.714	423.953	425.782	408.115	389.44	382.457	381.209	377.36	375.047	385.301	406.312	420.58	421.29	426.205	447.246	463.541	449.434	410.359	371.488	352.148	355.989	368.646	370.429	357.177	340.817	332.278	332.411	336.321	339.142	339.89	342.026	347.261	350.556	344.775	328.439	306.114	285.331	273.513	267.114	246.454	196.178	126.664	
144.159	224.065	294.304	341.959	365.849	367.637	352.542	337.008	337.28	353.144	373.647	390.181	399.387	401.836	398.765	388.771	371.958	354.157	339.999	326.696	313.316	305.892	304.901	304.454	306.234	317.008	336.425	355.955	364.538	357.138	340.655	327.77	329.219	348.04	371.07	381.751	386.795	403.527	425.569	430.817	417.094	406.489	412.696	420.817	409.185	377.394	344.537	330.432	338.785	354.198	357.96	343.574	317.932	297.335	298.632	323.535	354.41	368.528	358.172	338.302	330.393	341.413	361.33	375.171	375.796	366.084	350.683	333.174	320.456	320.405	335.063	358.065	377.193	386.055	393.717	412.015	434.381	441.735	429.112	407.887	386.381	368.257	359.65	360.285	360.232	359.15	369.315	388.869	399.961	399.076	400.15	409.854	420.653	423.253	418.364	415.956	419.779	420.822	416.381	421.613	443.81	460.852	449.188	415.762	384.657	372.146	377.539	383.43	371.587	342.679	314.563	305.038	319.029	346.008	366.912	369.697	360.842	356.291	359.967	359.977	347.087	324.829	301.97	283.95	266.6	236.527	185.239	121.254	
167.208	253.272	322.022	360.633	372.498	367.087	354.272	345.011	346.245	357.282	374.301	390.822	397.384	391.496	381.56	373.996	366.526	356.832	345.449	330.714	313.845	302.705	300.513	302.566	306.132	311.99	321.492	334.921	345.151	341.302	325.357	313.627	321.424	350.747	384.27	399.457	397.771	399.285	407.726	407.48	394.596	387.333	397.904	411.39	406.484	382.129	354.023	337.261	334.312	335.32	330.797	319.482	306.067	300.186	311.978	341.409	374.629	391.359	381.846	359.39	347.664	356.82	375.618	384.02	373.686	353.626	336.645	329.526	333.951	346.978	362.596	376.189	385.378	391.353	400.972	418.174	432.543	430.157	414.515	398.558	384.133	367.349	351.614	340.559	330.625	323.045	327.328	342.983	358.545	371.49	389.015	413.535	438.071	451.188	447.896	436.422	426.577	416.764	405.328	404.544	422.597	442.077	440.307	418.797	396.299	387.444	390.544	387.817	364.445	326.732	296.325	292.309	318.94	361.889	395.22	400.804	386.021	375.488	379.211	381.916	370.059	349.142	329.292	310.831	285.896	246.524	191.233	127.428	
183.281	264.459	321.539	346.653	347.494	338.226	331.735	333.056	339.118	348.266	363.204	379.496	384.047	373.515	361.281	358.957	363.489	366.199	361.684	347.055	325.891	310.141	307.511	313.749	320.311	322.681	324.682	332.668	340.623	335.054	318.128	308.657	321.721	356.922	396.179	415.218	409.246	395.124	385.222	376.35	366.119	364.482	377.625	392.214	391.53	375.716	356.536	344.162	340.539	339.887	336.471	329.022	320.369	318.701	332.291	360.087	390.317	404.957	393.145	366.153	349.611	358.895	384.556	401.741	395.512	372.889	351.236	343.719	353.856	374.854	393.288	399.408	395.508	393.438	404.186	425.487	438.477	428.247	405.525	390.496	385.086	378.387	366.305	351.053	332.413	313.374	303.655	307.691	321.57	342.007	368.11	399.59	432.557	454.583	455.337	441.085	424.971	408.355	388.833	378.999	393.634	422.686	440.148	435.171	419.174	408.642	404.99	392.061	358.9	317.045	289.921	293.758	328.724	378.309	416.333	424.458	409.887	398.739	402.342	404.296	391.098	372.356	360.17	348.617	322.197	274.065	209.502	139.048	
181.342	249.926	294.51	313.319	314.135	309.583	311.633	320.693	328.557	335.749	350.468	368.994	376.194	368.363	359.877	364.079	378.25	390.165	390.749	377.136	353.93	334.175	328.483	333.835	338.946	338.074	337.58	344.074	348.54	338.371	320.357	313.473	327.858	360.911	399.272	423.512	423.238	404.563	381.407	363.486	353.641	354.619	366.675	379.418	381.539	373.577	362.77	355.596	355.818	361.941	367.68	365.74	354.673	344.935	350.31	372.574	398.947	409.903	394.004	361.994	341.109	352.058	389.36	424.331	431.505	410.037	379.889	363.132	369.47	392.714	414.084	416.182	401.115	389.06	397.431	422.266	438.234	425.706	396.691	377.99	376.972	381.036	379.757	370.704	352.161	326.854	305.838	298.881	308.773	331.991	360.566	390.881	422.451	445.423	448.458	436.568	421.574	402.402	375.829	358.711	374.841	420.155	461.642	473.502	460.472	443.467	429.871	407.028	366.788	322.84	298.223	305.362	340.173	386.277	422.04	432.443	422.764	414.553	417.153	416.006	401.038	385.471	382.261	379.811	354.735	299.101	224.145	145.904	
163.578	219.706	259.266	283.781	296.515	304.166	314.726	325.686	329.544	332.622	347.745	370.375	383.154	381.391	378.602	388.115	406.927	420.808	421.002	407.9	386.183	365.647	355.791	354.813	353.674	350.376	352.197	360.665	362.58	348.359	329.299	322.413	332.243	355.68	387.443	417.013	430.361	419.589	392.931	368.056	354.553	352.742	360.093	369.879	375.35	375.7	372.018	366.791	367.543	380.256	399.585	409.826	400.114	379.974	371.192	383.159	403.072	408.494	388.385	354.474	333.641	348.29	395.174	442.133	455.557	431.204	394.108	372.313	376.484	398.961	419.572	419.308	399.772	382.358	386.256	409.663	428.238	418.773	387.52	361.591	355.457	362.172	370.934	374.763	366.628	346.132	324.329	313.862	322.152	347.447	377.653	404.485	428.676	445.631	448.017	440.491	429.436	408.254	374.924	353.083	372.936	432.23	491.768	515.233	502.673	478.295	456.024	429.217	390.781	350.022	325.54	327.596	351.876	385.735	414.284	425.878	421.993	417.322	418.986	415.888	400.982	387.751	388.458	389.358	364.265	305.177	226.177	145.835	
143.327	193.416	235.85	271.836	299.015	317.84	332.102	339.169	336.24	335.248	350.535	375.633	391.927	394.256	394.623	405.427	423.938	436.092	434.489	422.046	403.599	385.946	375.567	370.619	366.35	365.19	371.551	380.155	377.412	358.474	336.267	325.453	328.053	341.454	366.084	398.304	423.089	423.181	399.362	370.498	351.268	343.827	346.228	355.752	368.732	380.37	383.111	374.449	366.942	378.101	408.864	437.451	440.087	418.657	398.578	398.083	408.851	408.909	388.554	359.342	344.455	363.413	411.826	454.98	458.589	424.99	386.853	370.857	379.759	401.208	417.526	415.018	396.377	378.747	378.346	397.305	417.739	415.055	385.685	351.151	332.304	333.075	347.212	364.038	370.443	362.059	347.67	339.499	348.029	375.527	409.503	437.024	456.572	467.464	468.052	462.909	451.959	425.118	385.443	361.91	382.869	442.774	502.897	527.713	515.756	489.29	464.71	442.261	416.106	386.761	363.97	357.161	366.928	387.02	407.721	418.804	418.563	416.823	419.427	417.471	403.514	387.805	382.643	378.483	352.582	296.552	221.75	144.69	
131.696	183.566	232.929	278.502	313.84	334.803	343.427	341.72	333.501	331.693	346.868	370.847	387.263	391.821	392.939	400.542	415.189	427.188	428.697	419.546	403.874	389.611	383.174	382.656	385.143	392.66	403.149	406.447	393.416	365.304	335.148	316.931	314.109	324.349	347.611	380.662	409.094	414.721	394.332	363.56	339.028	326.525	326.911	341.426	367.345	392.938	400.719	383.688	359.629	358.214	389.84	431.485	449.674	436.853	415.808	409.346	415.89	417.937	406.459	389.138	383.139	403.928	445.448	473.521	459.653	416.323	380.852	373.668	388.429	409.315	421.387	415.946	397.013	378.26	374.14	391.003	416.304	423.54	399.294	358.053	325.999	318.94	335.264	360.164	377.153	380.559	374.997	368.947	375.248	402.244	440.362	473.132	493.716	501.613	499.234	490.937	473.286	439.206	399.316	381.054	400.434	445.426	486.418	501.098	490.565	469.645	449.834	435.302	423.672	409.277	392.546	381.644	383.268	396.248	412.065	421.058	421.96	422.959	428.179	428.493	414.15	391.366	374.225	361.934	337.647	289.45	221.238	146.514	
132.995	192.248	249.117	299.674	335.767	350.435	346.618	334.755	325.097	326.044	340.165	359.17	372.779	378.499	379.447	382.507	393.914	410.424	421.124	417.494	401.57	386.595	384.448	394.585	411.093	429.971	443.092	438.809	413.135	372.869	331.806	304.829	299.169	313.734	344.081	380.523	407.325	410.909	389.828	356.878	328.59	313.643	315.136	336.334	373.939	410.292	421.022	396.057	354.988	334.3	352.7	391.626	416.884	415.882	404.845	404.541	417.857	432.372	438.102	436.203	437.671	455.464	484.984	498.033	473.895	428.08	394.266	388.362	403.343	423.896	434.198	425.588	402.82	379.362	371.394	389.523	423.125	442.143	425.603	382.685	343.645	333.445	352.034	379.617	399.771	409.2	408.314	400.417	400.11	421.754	459.762	495.811	517.736	522.89	514.865	497.914	470.725	434.932	406.242	401.835	420.115	443.938	457.925	458.044	449.592	438.141	426.228	417.708	414.271	409.79	399.957	391.86	394.985	407.924	419.972	424.08	424.014	427.974	436.334	438.159	422.879	394.574	368.935	352.615	332.851	292.146	226.687	149.496	
146.006	214.34	275.565	324.745	356.76	365.493	354.659	340.047	334.39	338.477	346.755	353.903	358.732	361.715	361.818	363.72	377.577	403.518	425.848	427.177	407.401	386.69	385.397	404.825	432.847	458.857	473.519	466.057	433.89	386.632	339.059	305.923	298.037	318.858	361.104	404.582	427.578	422.36	395.179	359.676	330.948	317.437	321.166	343.815	381.582	417.537	428.638	403.156	354.836	317.452	315.344	339.917	364.187	374.169	377.492	388.924	413.466	443.139	466.62	478.149	482.28	490.491	504.694	509.131	489.01	450.747	416.055	402.079	411.445	432.111	443.889	435.198	411.3	385.694	375.544	394.673	433.954	461.582	452.919	413.705	375.429	367.598	389.844	418.311	437.16	445.562	442.011	427.861	419.22	432.467	463.432	494.383	512.149	512.542	497.799	472.308	440.294	411.726	401.334	412.652	430.877	438.971	434.635	426.78	421.855	418.614	414.024	410.059	409.166	406.413	398.183	393.004	400.111	413.534	419.734	416.6	414.388	420.412	429.771	430.65	415.524	388.537	363.613	349.227	334.525	298.47	232.514	150.768	
162.132	237.535	297.739	338.382	363.417	373.507	371.16	368.454	373.532	379.068	374.627	361.364	349.519	344.657	344.039	349.482	369.754	404.332	435.106	440.556	418.891	393.412	389.697	410.442	439.395	463.962	478.579	474.386	447.076	405.84	363.685	331.158	320.424	342.622	392.553	441.068	458.405	441.161	405.821	370.125	346.59	339.493	346.21	363.805	388.354	410.749	418.236	399.608	356.713	313.142	296.33	309.35	333.752	353.448	366.564	382.334	409.395	445.7	479.583	498.398	499.215	492.357	489.921	491.448	484.303	458.299	420.917	395.248	397.93	420.716	438.619	436.767	420.41	401.945	395.855	415.073	452.465	479.987	475.305	442.155	408.711	403.733	427.588	456.607	474.059	477.453	465.723	444.057	430.02	435.924	454.766	472.333	480.791	477.062	460.84	435.638	408.992	392.859	396.086	413.145	427.158	427.139	418.545	412.674	412.326	414.286	417.22	421.634	425.017	420.431	407.304	398.478	403.716	413.933	414.501	406.426	402.229	406.312	410.21	405.288	390.861	371.063	353.001	342.04	330.218	297.856	233.644	150.402	
167.596	245.59	302.154	333.19	352.247	369.104	384.695	402.237	421.281	427.983	410.379	376.849	348.434	336.246	336.399	345.859	368.47	403.017	434.997	445.678	431.068	409.039	402.609	416.173	435.438	450.42	460.669	461.128	447.48	425.805	401.435	376.008	361.142	376.305	422.426	468.201	479.26	452.939	411.905	378.68	364.398	367.716	379.543	391.426	399.176	402.989	402.975	391.053	359.482	321.682	304.614	317.806	347.482	374.609	389.004	396.286	411.514	441.417	475.608	495.15	490.158	470.189	455.59	456.199	458.491	439.407	398.201	364.256	364.36	393.333	423.349	434.915	431.047	424.738	428.08	448.62	478.98	498.764	493.455	466.265	437.539	430.239	447.672	472.585	487.911	486.315	468.206	445.182	434.052	437.669	443.749	444.84	443.745	441.154	433.81	421.771	410.339	406.583	411.738	418.235	417.239	408.415	400.917	400.857	404.739	411.263	425.046	444.297	456.949	451.44	431.037	414.211	413.366	420.087	419.539	410.841	403.645	400.195	393.053	379.799	366.1	353.913	341.361	329.766	316.591	287.838	229.827	149.915	
156.273	231.603	286.079	314.883	334.003	357.197	385.513	416.963	445.062	453.055	430.104	389.415	357.116	345.329	347.211	355.692	372.48	398.838	427.504	446.212	448.013	438.6	432.119	435.05	439.631	440.082	440.019	440.641	441.435	443.666	440.194	422.157	400.801	402.377	434.82	471.946	480.605	454.437	413.477	382.704	375.462	387.479	404.36	414.192	413.127	406.096	399.521	388.836	365.517	339.085	332.288	353.036	388.405	418.586	428.491	420.798	416.418	431.582	459.387	477.476	471.408	449.257	432.441	431.213	430.818	407.701	362.842	327.875	331.011	369.029	413.987	439.716	443.891	443.227	452.401	473.471	496.319	507.951	502.869	483.155	457.924	441.943	443.617	456.209	464.917	459.517	443.127	431.337	434.903	443.573	440.142	426.792	419.504	423.767	432.842	440.896	447.552	452.986	452.082	438.665	414.64	391.088	380.251	382.729	390.066	403.624	431.923	468.048	489.652	482.416	455.344	432.59	429.211	437.636	440.705	432.367	419.488	406.578	390.783	373.542	361.238	352.29	339.425	322.166	303.315	275.698	224.5	150.108	
140.727	210.977	264.629	296.847	320.028	345.851	376.868	411.228	440.359	447.958	426.982	393.557	371.776	367.72	369.823	371.232	377.721	395.375	422.476	452.032	474.277	482.241	479.955	475.25	466.841	452.463	438.924	434.203	442.464	460.236	469.211	453.101	423.557	410.443	427.314	457.406	472.529	458.669	424.798	394.386	385.933	397.215	412.833	421.992	422.989	419.214	412.88	399.807	377.427	357.758	358.959	384.111	419.903	447.89	452.153	433.515	414.575	416.965	438.559	458.172	459.499	447.299	437.087	432.089	418.466	383.956	338.089	308.914	317.553	361.154	414.733	447.77	452.592	449.43	457.247	474.911	490.603	498.233	498.779	489.443	466.787	439.758	423.319	419.82	417.944	409.703	402.614	411.772	437.298	455.945	447.911	424.899	414.178	425.754	449.955	474.24	492.441	501.331	494.108	466.088	424.505	386.599	367.689	368.014	379.044	403.079	446.155	493.88	517.666	504.922	471.099	444.736	442.899	457.636	466.963	459.021	440.552	421.935	405.447	391.287	380.437	368.885	350.814	326.759	301.509	272.136	224.328	153.536	
141.508	209.838	260.79	292.014	315.235	340.511	371.13	405.201	432.598	438.263	420.102	397.142	388.636	392.081	392.297	385.587	383.204	394.726	420.979	458.433	496.446	520.025	526.045	522.404	510.435	488.107	463.996	451.794	459.22	479.706	489.437	470.092	433.86	410.476	417.133	447.357	477.834	484.163	460.606	426.864	407.486	406.162	410.917	415.534	422.098	429.937	431.053	417.03	390.632	368.363	367.061	388.334	419.246	442.05	442.568	422.575	402.42	401.959	422.083	446.263	459.152	461.586	460.112	449.298	419.383	374.204	332.198	313.471	326.976	367.307	415.163	444.645	448.576	446.469	454.797	468.277	476.552	481.949	489.253	488.361	466.568	432.051	404.721	390.009	379.147	369.892	374.067	402.969	446.531	473.842	465.497	438.144	423.985	437.07	467.93	498.687	518.204	524.239	514.145	484.383	439.722	395.932	370.36	368.022	384.669	420.621	473.727	523.402	542.031	521.936	481.732	451.09	449.437	469.905	486.3	481.212	461.157	442.033	430.452	422.516	411.25	392.785	368.253	340.763	313.304	283.005	235.785	164.673	
164.366	236.662	282.975	305.668	323.184	348.006	381.118	416.704	442.785	445.759	427.344	408.633	405.454	411.176	411.037	402.677	396.527	401.719	421.071	454.504	493.492	522.407	536.732	543.761	542.463	525.786	500.394	484.03	488.135	505.156	509.969	486.067	446.548	419.186	423.103	459.633	507.447	531.671	514.312	472.401	436.236	416.665	406.126	401.703	409.109	426.503	437.841	427.778	398.714	369.084	357.556	369.463	394.288	413.446	413.968	400.26	389.758	396.188	419.579	447.737	468.635	481.243	484.232	466.08	423.144	372.729	338.557	332.716	351.449	382.557	412.133	428.459	433.457	442.32	460.235	474.58	477.579	479.253	486.592	485.981	463.541	429.139	401.678	383.992	369.378	361.359	373.385	411.708	460.871	490.424	484.138	457.293	439.235	447.127	475.899	505.657	521.103	521.993	511.966	488.338	449.805	407.486	380.037	378.111	401.486	446.087	501.017	544.155	554.619	530.174	488.411	456.282	454.225	477.505	498.559	496.425	476.353	457.556	450.042	446.128	432.397	407.321	379.798	354.41	330.327	302.59	256.339	182.98	
196.616	276.889	320.824	335.024	346.898	372.197	406.593	439.032	459.194	458.084	439.27	421.502	417.468	422.475	426.364	424.754	420.363	419.094	426.578	445.537	469.973	489.221	503.584	521.302	537.83	539.018	525.289	514.372	520.769	537.166	538.242	510.055	467.628	438.29	442.402	484.578	542.42	573.955	554.871	501.779	449.993	417.089	397.717	386.785	390.605	410.614	430.239	429.009	403.754	369.82	347.773	349.872	370.894	391.399	396.493	391.225	392.137	408.845	438.102	467.895	488.934	501.572	501.74	476.473	426.819	376.113	349.765	355.948	381.952	406.348	416.653	416.55	420.91	441.32	471.147	491.037	493.277	489.458	488.025	480.7	460.247	434.773	414.267	397.595	382.433	376.693	391.529	427.359	468.466	492.289	488.282	466.101	446.654	448.334	472.255	499.298	511.374	509.35	501.32	484.771	453.358	414.686	388.406	388.557	415.782	461.304	509.93	542.74	546.551	523.401	488.711	464.289	467.002	491.081	509.718	503.264	477.889	454.602	445.169	440.327	424.727	399.612	377.13	359.66	342.286	319.105	275.474	201.389	
223.506	313.104	360.701	373.455	382.557	404.125	429.128	445.77	451.939	447.28	434.705	424.148	422.066	427.292	436.071	442.638	442.385	438.207	438.368	446.428	455.381	457.835	460.397	475.59	500.735	519.881	526.83	533.436	552.196	574.802	575.687	542.773	494.12	459.747	461.24	502.351	558.552	586.001	559.461	496.202	435.618	400.873	385.852	377.527	377.893	393.534	415.433	424.001	409.031	377.736	349.93	345.457	366.605	393.754	406.635	407.47	414.478	438.695	474.173	504.237	518.361	520.102	509.93	478.641	428.223	380.531	360.29	375.082	408.625	433.442	434.996	424.126	423.887	445.565	478.857	502.821	506.017	494.518	479.435	465.776	454.625	444.934	432.731	416.032	400.613	397.206	411.236	436.707	460.919	473.446	470.804	455.742	439.149	439.025	461.163	487.335	498.083	495.62	491.364	483.288	461.307	428.929	405.282	406.307	431.524	468.59	503.799	525.189	525.179	507.356	485.467	476.11	488.423	511.218	519.587	500.732	465.092	433.516	416.801	406.878	391.837	374.755	364.691	358.254	347.227	327.052	285.85	213.278	
238.638	336.813	392.521	409.65	416.608	427.293	432.528	426.361	417.576	413.43	413.896	418.186	424.676	432.386	441.981	450.387	452.215	449.217	450.81	460.474	467.301	460.606	447.907	446.31	461.173	483.944	507.796	536.288	573.37	606.886	611.234	575.616	520.92	480.783	477.479	512.117	558.993	576.474	541.214	471.188	408.857	381.316	380.207	382.627	382.183	388.429	403.977	416.616	411.953	387.705	360.016	353.976	378.93	415.49	437.015	441.497	449.956	477.759	517.411	545.79	548.41	532.277	506.922	469.795	421.463	379.304	365.708	386.5	424.762	453.731	457.568	444.916	438.629	451.914	479.005	501.983	503.89	483.112	455.948	442.391	446.852	453.724	447.213	430.028	416.458	416.041	426.926	439.146	445.014	445.481	443.076	435.054	424.477	427.722	451.783	478.412	488.22	485.568	485.991	489.767	483.232	462.912	444.687	445.241	462.369	482.058	497.147	505.842	503.619	490.972	479.22	482.002	501.453	520.764	518.427	490.099	449.125	412.595	388.582	372.727	359.726	353.13	355.246	356.492	347.456	326.444	285.626	215.482	
240.101	342.974	404.856	425.87	429.956	429.292	418.731	399.43	385.221	384.912	396.669	415.242	433.724	446.766	454.507	458.804	459.308	457.931	463.165	479.34	494.083	491.043	471.827	452.528	445.796	455.681	482.2	523.517	573.631	616.415	627.391	596.081	542.996	502.155	495.165	521.502	556.776	564.105	523.182	451.892	393.279	376.033	390.771	407.689	410.752	407.741	410.628	417.133	414.408	395.487	371.838	368.305	397.933	442.763	472.467	481.861	493.256	523.421	562.089	582.117	568.836	534.41	496.229	455.865	411.469	376.602	370.619	395.47	433.907	464.307	472.758	462.277	450.353	452.127	469.046	487.42	486.141	458.829	427.461	421.099	440.402	456.85	451.871	437.433	431.576	436.314	442.916	442.567	433.75	424.241	420.273	418.045	417.077	428.938	456.336	481.593	488.803	484.201	485.975	498.268	506.793	502.072	493.956	495.259	500.938	498.899	492.092	489.209	485.895	475.363	465.281	469.652	488.783	504.843	500.817	476.155	440.448	404.434	375.492	355.131	344.125	344.61	351.879	353.01	340.741	316.609	275.385	208.23	
226.615	328.192	390.884	412.47	414.68	410.754	400.292	385.956	377.032	379.441	394.278	420.3	449.843	471.287	479.967	480.954	479.66	477.579	480.3	494.511	512.544	517.311	503.167	478.683	456.797	450.901	469.253	508.935	559.302	604.308	622.103	601.455	558.603	522.794	512.358	526.881	547.463	545.839	506.198	443.637	395.961	390.004	417.864	447.774	456.382	447.756	438.514	433.51	424.988	407.721	389.256	388.929	419.963	467.773	502.807	519.18	538.179	572.052	604.208	607.37	574.846	527.812	487.334	452.869	418.012	392.24	391.684	415.973	449.119	475.435	484.607	475.057	458.177	449.73	456.206	466.917	460.629	432.077	406.43	411.105	438.071	453.829	446.408	436.641	441.072	452.569	457.46	449.717	432.219	414.936	407.032	409.8	423.251	449.1	479.718	500.024	502.493	493.442	487.961	494.298	505.296	512.524	518.478	525.52	524.056	507.187	487.67	480.248	477.86	466.357	450.796	447.896	460.841	475.871	480.249	470.298	445.678	411.206	377.291	352.281	340.917	342.924	348.318	343.767	326.262	300.089	260.108	196.77	
201.758	298.255	360.527	383.73	387.854	388.934	389.949	389.479	387.89	388.703	399.086	424.948	461.011	491.653	506.551	510.285	510.597	506.781	500.463	501.299	510.485	516.603	511.387	495.175	474.617	463.602	473.752	504.091	545.985	586.458	606.5	595.686	566.486	539.757	526.147	525.313	528.181	519.407	488.627	444.537	413.521	417.359	450.943	484.005	491.188	477.205	461.875	452.011	441.946	428.34	415.272	415.777	442.365	485.102	518.874	539.939	567.652	606.302	631.095	616.662	568.293	517.832	487.306	470.076	452.865	439.236	441.612	460.227	483.314	501.095	506.797	496.483	477.261	463.398	460.882	459.181	442.251	413.259	398.341	414.317	443.072	453.252	441.069	430.194	435.847	450.479	459.736	455.485	438.225	416.581	403.369	409.311	437.772	478.891	512.484	526.777	524.248	509.549	489.883	476.593	475.284	485.526	505.143	524.826	529.157	514.587	498.299	495.01	494.223	478.971	455.163	442.084	445.953	459.165	473.638	480.106	466.795	433.278	393.396	361.362	345.109	343.475	343.841	332.986	310.844	283.577	245.555	185.918	
175.234	267.239	332.796	362.498	372.071	379.316	389.517	397.372	397.501	393.351	396.411	417.228	454.175	491.583	515.118	526.127	531.261	527.402	512.878	498.563	492.756	491.965	491.353	487.677	479	472.121	477.777	499.486	533.195	566.958	583.55	577.672	562.378	549.07	537.002	524.788	514.224	502.377	482.666	456.604	438.777	445.256	472.9	494.552	488.763	466.448	451.207	448.397	448.705	445.553	439.505	440.014	458.968	490.465	515.666	534.49	564.393	603.824	623.777	601.253	549.048	505.082	491.212	495.597	498.804	499.154	506.029	520.162	533.246	540.663	540.074	528.718	512.236	501.098	494.507	478.574	445.409	410.682	401.535	424.178	453.997	462.767	447.231	425.85	416.856	425.202	442.031	451.969	445.715	427.263	411.597	417.426	453.075	502.859	538.482	549.167	543.009	523.735	493	462.767	446.61	452.115	479.199	514.204	536.53	540.009	538.908	543.469	541.211	518.676	486.281	463.223	454.975	459.408	475.276	491.636	488.326	458.385	414.965	375.988	353.117	346.148	341.877	326.892	301.233	271.163	231.796	173.42	
154.764	245.194	317.254	355.388	369.257	377.073	386.592	392.613	389.278	380.884	379.829	397.735	435.182	477.099	506.616	522.334	530.371	528.311	513.021	492.042	474.191	462.697	460.415	465.277	467.591	464.572	465.695	481.254	511.226	541.174	554.31	552.268	550.418	551.531	544.798	528.564	512.597	500.626	487.115	469.861	456.832	458.916	472.463	474.943	452.982	423.715	411.891	420.506	435.445	445.426	449.356	454.853	470.075	489.65	501.041	508.193	527.537	557.86	574.145	556.293	515.902	487.495	490.279	510.683	527.487	538.003	551.664	568.342	578.236	578.162	570.745	557.734	545.819	542.002	537.825	514.704	469.623	425.324	409.416	426.635	455.407	469.162	455.787	422.568	392.11	386.595	406.883	432.382	444.054	439.851	431.597	437.66	469.558	515.355	548.432	557.11	548.325	527.245	496.924	466.52	445.539	443.606	468.594	512.276	552.806	578.56	596.101	608.026	600.874	569.083	529.268	497.313	474.286	461.985	467.402	483.75	488.542	467.621	427.99	388.255	363.405	353.606	345.731	327.967	299.94	265.235	219.448	157.817	
142.676	233.654	311.412	354.617	368.166	371.126	374.393	375.218	368.948	359.991	360.749	383.087	426.629	473.097	502.989	515.818	521.697	522.655	514.348	495.711	470.326	447.429	439.483	447.14	454.911	451.921	446.626	456.256	485.175	516.651	533.014	538.47	546.513	553.334	545.374	524.578	504.989	491.486	478.785	465.193	456.064	455.723	456.946	443.492	412.136	382.447	375.004	389.828	411.863	430.484	446.637	464.781	483.741	494.345	489.741	478.371	477.17	490.308	502.445	497.132	479.363	472.335	488.802	516.428	536.8	549.056	565.322	586.693	600.342	599.64	588.245	571.267	557.52	555.072	554.928	536.758	494.941	446.396	414.984	413.23	433.338	452.153	446.023	409.784	366.707	349.418	366.961	400.242	428.369	445.616	455.874	467.766	490.543	521.332	544.393	548.891	537.098	517.014	497.396	481.802	467.175	459.657	475.335	515.55	562.228	601.139	631.226	647.453	636.603	600.694	559.549	523.487	489.147	461.112	452.402	462.498	472.848	465.214	437.907	406.524	386.665	376.616	363.639	340.948	310.033	270.17	215.146	146.09	
141.244	231.595	308.979	350.596	360.772	360.4	362.756	365.728	362.883	356.532	359.861	387.346	437.647	486.792	511.762	515.904	517.418	524.044	528.178	517.221	488.128	456.387	443.168	450.382	458.928	453.468	440.771	442.407	468.651	504.633	531.325	547.817	558.565	555.955	533.315	500.921	474.391	457.355	445.909	440.44	443.393	450.191	447.782	425.872	391.445	365.13	360.694	374.161	393.649	415.346	443.666	477.144	503.382	509.319	493.37	467.328	448.081	445.138	452.598	458.538	462.733	475.689	501.562	530.554	548.759	554.994	562.468	578.27	593.372	597.528	588.336	567.622	544.747	533.3	532.444	525.762	501.166	460.373	417.555	393.497	398.051	415.849	416.769	386.726	345.615	326.27	339.924	372.621	409.037	443.877	473.305	493.876	509.075	523.601	533.84	531.353	514.882	496.471	490.74	494.548	491.511	482.504	487.655	515.354	553.362	588.748	617.092	631.674	623.149	596.21	565.64	534.859	499.858	467.761	452.302	455.935	467.178	470.053	457.417	439.686	428.778	418.846	398.244	367.154	330.722	284.947	221.069	143.9	
152.34	237.06	303.939	336.338	342.929	345.979	358.604	375.622	384.325	381.572	380.826	402.273	448.781	494.352	512.266	507.711	506.464	521.997	543.06	546.144	521.695	489.007	474.624	480.33	485.915	475.78	454.993	445.901	464.891	503.42	541.976	568.945	575.476	553.8	510.663	465.708	432.869	413.532	406.624	414.57	435.734	456.912	459.126	434.762	398.302	372.977	367.758	375.032	387.898	410.562	448.068	491.756	522.801	529.014	513.041	486.158	462.072	451.97	455.95	467.277	484.559	508.473	535.29	558.901	570.91	566.955	556.317	553.027	560.428	570.62	571.425	553.87	523.579	499.455	492.197	494.071	489.465	465.4	423.032	384.353	372.395	382.746	386.714	366.59	337.115	324.804	337.612	365.723	401.518	442.574	480.484	504.515	515.303	521.872	525.635	517.354	494.976	476.826	482.208	501.705	509.113	500.887	497.257	509.599	530.712	551.178	568.069	578.854	579.72	572.316	559.998	540.537	514.204	490.212	476.819	473.913	477.15	479.118	474.532	469.821	469.367	460.859	433.637	394.121	350.866	299	229.197	147.488	
173.322	248.276	297.955	316.822	319.545	328.168	354.392	389.602	413.601	415.276	405.973	411.794	444.034	480.691	493.329	484.873	483.932	508.767	547.121	568.542	557.225	531.087	517.962	520.836	521.984	508.086	482.151	463.853	473.11	508.673	551.819	580.814	577.435	539.096	485.556	439.761	408.796	390.631	387.806	405.521	440.046	473.93	484.287	461.816	423.362	395.28	385.645	385.782	393.291	416.437	456.813	500.863	531.03	539.924	531.858	514.635	497.38	490.125	495.896	511.918	535.87	560.607	577.177	585.468	586.119	573.585	548.652	525.547	520.514	534.728	549.414	541.987	510.535	476.944	462.421	468.454	479.155	471.957	436.701	391.687	366.608	367.132	370.72	359.97	344.558	343.084	358.209	381.719	412.193	450.63	486.276	505.903	512.894	520.171	526.74	517.268	489.933	470.184	480.433	506.883	518.861	510.843	501.28	501.488	507.917	516.451	527.96	541.964	554.903	563.392	563.205	552.333	537.23	525.23	513.998	499.261	484.943	475.064	470.43	475.573	486.594	483.688	455.316	411.274	362.689	306.049	233.578	151.328	
198.86	267.005	303.987	312.41	309.191	315.159	343.624	388.329	426.046	437.342	427.185	422.492	440.703	466.936	476.332	469.867	473.214	504.295	551.128	582.759	581.499	561.311	547.404	545.812	545.391	535.619	514.927	496.125	497.913	523.953	557.787	573.913	554.956	508.856	462.381	431.803	412.74	399.143	396.45	413.346	448.904	487.956	505.961	488.41	449.797	418.463	404.669	401.447	407.843	429.543	463.056	496.167	519.127	528.685	526.724	517.586	508.389	508.823	523.81	550.788	581.945	603.177	604.788	594.889	585.576	573.569	549.102	517.967	502.795	516.057	538.855	538.489	506.311	467.568	451.944	465.232	488.372	491.96	460.458	411.459	378.068	370.865	371.919	365.607	359.02	366.049	385.324	407.225	432.966	466.945	497.602	510.336	512.965	523.181	536.105	528.618	498.013	474.349	481.511	504.942	515.823	509.712	501.932	500.125	501.76	508.78	526.012	549.279	568.632	578.368	577.641	571.581	569.073	567.715	552.377	518.928	483.219	459.753	452.468	463.316	483.824	490.406	468.391	425.697	374.285	313.477	238.31	155.345	
222.464	292.053	328.854	335.874	326.018	318.627	333.442	374.535	422.869	452.163	455.766	453.211	462.6	477.477	483.282	483.281	495.337	528.561	569.876	594.939	592.349	573.722	557.709	551.701	553.078	555.198	550.323	540.231	537.528	548.758	562.504	556.52	521.201	474.939	444.134	432.746	426.364	417.391	412.301	421.473	449.772	488.587	512.726	501.302	464.986	433.284	420.011	420.648	430.96	448.158	465.267	478.892	491.083	499.631	499.473	491.159	482.95	488.025	514.836	557.618	598.224	617.012	609.099	591.507	583.642	582.535	569.269	540.076	517.979	523.17	541.108	536.708	499.726	460.156	452.902	481.219	517.631	526.565	492.915	438.997	400.97	389.198	385.826	376.179	367.818	375.249	396.537	418.957	442.295	473.628	502.991	514.36	516.178	528.877	546.519	541.29	507.997	477.486	475.256	490.356	499.596	500.814	505.165	513.275	519.646	530.113	552.994	580.325	596.173	595.716	587.482	585.986	597.951	607.232	587.455	536.968	483.097	448.716	437.298	446.676	469.354	485.303	476.439	442.648	392.72	328.48	248.632	161.957	
236.809	314.158	360.954	375.192	362.468	340.289	335.768	365.776	419.996	469.027	493.505	500.486	504.932	508.778	510.479	518.097	539.585	570.747	597.776	608.262	601.719	587.758	574.497	565.631	565.49	574.853	584.109	583.604	576.428	570.848	563.397	539.278	495.897	454.622	434.974	430.707	425.781	416.833	410.145	413.495	434.805	471.299	498.551	492.535	461.565	434.757	428.118	438.67	456.476	468.991	468.407	463.222	467.381	478.236	481.535	471.229	456.52	457.672	490.084	545.163	593.448	610.786	600.227	586.793	589.458	600.687	597.907	573.961	547.997	540.312	542.485	525.958	483.804	448.097	453.696	498.452	546.961	559.701	523.675	465.83	424.616	409.546	401.592	385.449	368.592	367.606	383.457	402.95	422.991	451.292	482.169	500.585	510.896	530.554	553.989	552.56	517.598	478.565	465.188	473.247	483.772	494.915	514.058	535.099	548.254	560.313	581.644	604.752	613.276	602.63	586.065	584.651	604.749	623.376	607.866	553.622	489.822	444.947	424.375	423.684	439.258	459.711	466.264	448.231	406.824	343.89	261.339	170.819	
238.206	324.076	382.578	406.695	397.343	370.153	354.463	373.774	425.734	483.79	522.669	539.194	543.085	540.37	538.424	549.514	574.611	599.978	614.131	617.113	616.651	617.625	615.511	605.729	595.607	596.68	606.01	608.054	595.777	576.1	552.934	520.428	480.052	447.891	432.483	422.586	408.641	395.737	389.721	392.125	408.173	437.657	460.765	457.467	435.659	419.943	424.235	446.253	472.936	486.004	477.828	464.353	467.077	484.57	496.176	487.132	464.225	454.509	482.244	539.776	590.322	605.639	594.26	585.944	595.39	610.953	613.793	598.3	574.614	555.422	538.932	509.633	465.57	434.881	447.395	498.214	551.145	567.694	535.539	479.917	437.678	419.604	409.1	390.649	368.338	356.82	360.606	371.294	384.798	406.507	435.738	463.259	489.197	522.811	556.811	563.543	531.219	487.159	466.507	471.795	484.677	500.97	525.813	550.674	565.478	577.487	595.617	613.494	618.239	604.098	581.26	572.139	587.281	608.145	602.6	558.032	494.471	440.87	407.909	392.818	395.156	412.135	428.609	426.799	399.33	345.306	267.339	177.863	
229.458	319.462	383.772	414.54	414.028	396.136	384.527	399.214	441.33	491.869	530.133	550.646	557.388	553.602	548.494	556.771	578.093	596.518	604.15	608.577	620.751	640.877	654.681	648.277	626.907	610.459	607.366	604.593	588.528	560.787	528.001	492.821	461.192	442.037	431.984	416.753	394.311	377.458	372.265	374.663	384.48	401.625	413.887	410.408	399.537	397.684	412.782	443.152	477.455	497.231	494.162	483.259	486.992	508.441	528.377	525.914	501.72	483.945	502.381	553.71	601.831	616.637	605.257	595.947	600.915	611.089	616.466	613.271	599.157	575.192	544.709	506.052	461.24	430.393	436.49	476.571	521.99	541.186	521.252	478.059	440.421	420.584	408.423	391.355	369.578	351.781	343.586	344.256	351.736	366.665	389.88	419.543	455.506	499.844	543.178	560.721	539.314	501.742	483.477	490.38	504.038	517.831	535.734	551.972	562.519	575.87	594.383	608.264	609.594	595.922	573.368	559.664	566.995	584.392	585.346	552.755	495.775	438.436	395.392	367.674	355.929	362.17	377.629	384.532	370.425	330.048	263.098	179.808	
217.673	305.524	367.198	398.913	408.787	408.958	412.836	430.746	462.408	495.992	521.265	538.12	547.207	545.452	538.596	541.138	554.482	565.106	567.481	571.36	589.086	620.702	649.103	654.376	635.323	610.681	595.538	584.919	566.02	535.081	496.59	459.468	436.82	434.481	438.207	427.628	402.984	381.605	372.464	371.515	375.435	382.559	385.924	382.236	380.102	388.513	409.367	441.774	478.878	505.374	511.367	504.917	504.167	519.272	541.665	550.72	538.514	525.835	540.402	583.43	627.65	645.761	637.581	623.623	616.535	615.452	620.078	628.131	626.8	605.844	569.654	525.898	479.131	442.018	431.598	449.133	477.731	496.485	492.284	468.276	440.85	421.196	405.82	387.884	367.259	347.199	331.665	326.33	333.389	348.765	368.574	392.441	422.155	460.068	500.807	526.41	523.77	506.518	501.622	514.166	528.407	537.048	542.531	544.601	548.673	564.028	583.475	590.615	583.649	570.783	558.538	555.291	566.796	584.358	587.52	561.188	509.232	449.921	399.98	364.984	344.376	338.764	344.447	349.84	342.846	313.543	256.22	178.22	
208.372	290.602	344.706	372.71	388.991	404.257	423.36	448.322	475.848	497.299	510.188	521.144	531.205	532.66	525.888	522.392	525.025	524.165	516.608	512.639	525.585	558.015	595.64	618.529	619.093	605.277	587.934	569.714	546.616	514.601	473.725	434.708	418.094	431.938	454.513	456.307	433.705	405.451	386.286	378.331	378.938	383.742	385.97	384.487	387.168	398.978	418.603	446.177	479.192	506.13	516.103	509.593	498.213	498.894	518.672	542.392	552.552	557.099	576.376	614.067	654.472	677.199	674.978	658.602	640.963	628.84	629.482	643.383	653.23	640.48	605.867	560.073	510.306	466.47	441.19	437.26	447.128	460.348	465.787	457.33	440.01	421.493	402.272	381.341	360.983	341.381	323.459	316.344	327.736	352.019	376.879	394.443	406.029	421.096	445.818	472.191	487.383	493.957	506.653	528.021	546.268	553.875	551.095	542.491	540.309	553.253	568.67	567.655	553.808	544.962	549.107	564.911	589.138	612.434	618.347	594.504	542.902	479.04	423.245	387.017	367.178	356.369	350.693	346.543	336.695	308.873	253.01	175.035	
200.902	278.328	326.267	350	367.184	387.755	412.625	440.993	469.688	491.295	503.955	515.267	527.479	531.733	524.414	514.015	505.118	492.747	476.805	467.186	474.856	502.242	539.347	572.297	593.698	600.266	590.424	568.391	541.178	509.424	469.251	428.708	412.023	432.05	466.107	478.793	460.647	428.212	400.075	385.355	384.316	390.811	396.306	398.485	403.111	412.985	426.04	443.788	467.005	487.746	496.056	487.707	467.789	456.472	474.241	512.529	545.323	568.16	594.954	630.448	666.695	690.536	692.905	677.856	656.488	639.018	636.382	651.786	668.936	666.13	638.065	592.402	539.383	492.495	461.894	446.397	441.152	443.417	446.9	443.088	430.223	412.008	391.277	371.677	356.568	342.385	326.139	318.524	333.567	368.514	403.965	420.55	415.965	407.2	411.989	430.538	451.051	470.154	495.27	526.703	553.668	567.018	565.424	555.291	548.736	552.847	559.11	554.83	544.922	545.971	562.967	588.397	615.894	640.091	648.858	628.839	578.11	510.486	450.602	416.845	405.106	397.754	384.603	366.724	344.043	307.191	246.223	166.711	
193.426	268.535	314.695	336.481	351.646	370.133	391.909	416.709	445.374	473.695	496.55	515.725	532.102	537.833	528.374	511.851	496.367	481.812	470.071	467.569	477.409	496.956	519.702	542.348	567.125	588.431	592.234	576.058	550.899	521.547	482.877	439.665	415	425.212	453.9	469.152	458.771	432.812	406.079	389.575	387.136	394.18	402.139	407.202	412.378	418.647	423.729	429.706	439.706	450.398	455.328	448.104	427.617	412.991	432.331	482.559	532.369	568.319	600.938	635.957	667.718	687.316	688.558	673.796	652.509	635.5	632.652	646.3	664.322	669.346	652.024	611.883	559.022	512.94	483.092	461.878	443.824	432.424	427.208	420.701	407.751	389.276	370.423	358.429	355.206	351.612	340.193	331.915	346.393	386.289	429.647	449.165	439.077	418.945	409.911	415.022	425.929	441.749	469.813	509.009	546.278	569.785	577.611	575.413	570.118	566.609	565.823	565.524	568.026	579.896	599.371	616.383	627.942	638.965	644.873	629.979	585.779	522.068	463.69	433.185	429.101	428.349	412.698	382.466	343.44	293.271	226.719	149.436	
187.99	262.448	309.06	329.948	342.484	357.864	375.478	394.5	419.562	451.549	483.407	509.474	527.651	532.834	522.598	505.985	493.73	488.413	491.657	504.732	520.917	530.266	528.967	525.602	536.559	562.53	582.908	584.133	571.575	549.48	512.962	464.869	424.773	411.101	419.17	429.256	430.356	422.666	409.216	396.48	392.31	397.769	405.972	411.488	415.731	419.685	420.18	416.435	412.264	411.475	413.976	411.887	397.439	385.915	408.197	465.866	526.709	571.534	608.205	643.525	671.675	684.652	679.776	661.2	638.671	622.43	617.924	623.898	634.499	642.939	639.878	614.573	571.124	530.057	499.156	467.508	433.504	409.272	398.741	392.613	381.763	365.381	350.518	346.501	354.085	360.847	355.903	347.959	358.318	394.423	437.218	459.527	454.166	436.697	423.269	416.151	412.123	416.5	439.696	480.89	525.057	557.443	575.224	583.802	586.752	586.116	587.002	593.601	606.52	624.023	638.126	637.554	624.124	613.164	608.512	594.799	559.582	508.58	461.172	436.108	434.208	435.222	418.76	382.099	332.047	271.486	201.193	128.362	
185.961	260.246	306.467	325.323	335.82	351.421	369.897	387.309	409.024	439.76	472.531	496.542	508.137	508.237	500.209	493.106	494.7	504.624	521.827	544.426	561.31	559.469	537.429	511.068	506.082	530.894	565.057	586.944	593.622	585.308	554.548	500.63	440.593	397.56	380.923	384.483	398.729	413.358	417.195	409.545	402.922	405.846	412.201	413.967	413.561	415.549	416.019	408.148	394	385.049	388.711	395.611	391.052	384.91	407.392	464.206	526.947	574.614	612.372	647.887	675.133	684.281	673.552	649.837	624.061	604.441	592.08	585.048	585.146	595.057	606.531	601.807	576.915	545.449	509.863	460.819	407.581	374.184	367.102	370.367	367.862	356.929	345.566	343.825	353.879	365.416	366.381	360.233	364.807	389.924	423.748	446.475	450.624	443.129	432.741	421.321	408.832	403.404	418.294	455.737	500.997	536.212	556.993	571.662	585.981	597.79	606.175	615.459	630.232	648.948	659.612	648.791	620.787	594.92	578.023	557.577	525.28	488.977	460.795	446.38	442.376	436.291	415.43	377.149	324.451	259.363	186.199	115.117	
184.981	257.951	301.306	316.452	325.492	343.392	365.763	386.122	408.869	438.679	467.756	482.745	480.943	472.159	469.003	480.1	504.27	531.525	554.975	572.497	578.508	566.561	537.309	504.036	490.749	510.083	546.711	578.285	598.71	605.502	585.135	529.227	453.396	388.385	355.605	356.884	381.792	412.278	427.456	422.171	413.272	413.948	416.297	410.032	400.615	397.577	397.917	391.115	376.773	369.319	380.159	399.27	407.029	406.722	424.205	468.688	520.486	562.267	597.569	633.689	663.619	673.593	660.141	632.796	603.649	577.919	555.084	537.421	532.566	544.902	565.884	578.171	573.478	554.094	514.473	449.617	381.445	344.383	345.754	362.143	369.979	364.647	354.75	350.396	356.228	367.168	371.941	367.616	365.766	376.895	397.582	417.55	429.182	430.755	426.489	419.918	410.394	403.192	412.608	444.461	484.925	514.516	529.709	544.79	569.895	596.668	612.208	617.783	626.814	645.436	659.87	653.16	629.631	605.69	582.87	550.615	511.484	482.695	472.099	469.527	461.875	443.251	413.581	374.496	324.564	261.074	187.582	115.649	
181.679	250.57	289.04	300.612	308.354	325.934	348.868	372.827	400.996	432.761	457.613	463.645	451.778	438.635	444.157	476.783	525.505	568.067	590.077	591.825	580.742	563.269	540.443	514.399	499.12	507.806	531.851	553.828	571.728	586.13	578.876	531.282	454.368	383.698	347.822	350.587	378.743	411.518	427.271	421.82	413.126	412.484	409.272	394.278	376.077	366.009	363.009	359.102	353.455	356.981	379.369	411.914	433.841	440.56	449.693	473.397	504.59	534.261	565.322	602.278	635.478	647.603	634.096	606.541	576.776	547.152	518.218	497.503	493.928	507.772	530.489	550.714	560.058	550.99	511.672	441.852	370.877	335.353	340.977	362.222	373.922	371.203	362.702	356.884	358.401	366.879	373.825	371.411	364.622	363.908	372.652	387.4	400.35	404.884	404.673	406.578	408.519	410.469	424.003	453.901	485.438	501.295	503.99	514.872	546.897	585.771	607.781	609.448	610.639	626.512	644.997	647.765	639.086	629.232	609.089	566.894	516.025	484.247	479.384	481.909	470.521	441.535	403.592	363.267	318.29	262.387	194.69	124.054	
174.696	237.898	272.996	284.96	292.565	305.278	322.748	347.972	382.095	415.198	434.662	436.047	425.785	419.703	436.629	484.564	547.789	595.682	609.194	594.498	572.657	558.745	549.633	535.51	520.684	516.747	519.768	519.088	520.868	533.511	539.459	510.924	448.85	386.748	356.093	359.751	380.572	400.113	406.033	400.096	395.53	394.832	386.296	366.222	345.064	331.634	325.965	325.664	331.255	347.966	381.65	426.633	463.458	479.182	481.37	484.114	492.959	508.4	533.264	567.756	599.32	610.704	599.701	578.362	554.55	526.99	497.882	478.147	475.707	487.377	505.851	525.205	538.428	534.246	500.283	440.007	380.991	350.857	351.149	362.776	368.529	365.561	360.05	355.965	355.133	360.573	369.03	371.022	364.868	358.999	361.04	371.017	380.722	382.531	382.182	390.449	405.88	424.374	451.087	484.356	507.332	507.717	495.531	496.695	525.955	568.592	596.773	600.938	598.436	607.426	620.823	625.262	627.412	631.517	617.7	571.176	511.422	472.085	462.957	463.885	450.921	418.703	377.119	335.763	295.744	250.632	194.092	129.456	
167.159	226.486	262.619	280.036	289.598	295.785	304.613	327.367	362.785	393.206	407.375	410.877	413.729	423.345	449.694	499.99	560.616	600.332	601.122	576.955	556.881	554.549	558.932	553.87	539.247	523.906	507.007	485.564	472.023	479.624	494.717	486.33	445.042	397.463	374.639	376.881	382.334	377.683	366.554	359.599	361.219	361.966	351.14	332.146	315.314	304.795	300.659	304.812	319.458	346.538	388.898	442.577	489.755	512.576	511.336	499.918	491.537	494.062	510.905	538.448	562.816	570.829	564.983	555.53	543.259	522.341	495.616	476.134	472.187	479.552	491.03	502.8	510.238	504.979	479.601	439.357	401.903	378.783	367.594	362.094	358.526	355.315	352.302	348.15	343.075	343.298	351.961	361.419	363.968	362.669	365.978	375.213	381.364	378.316	376.106	388.779	414.973	447.232	484.576	520.32	538.416	531.18	509.956	498.283	512.722	546.354	576.262	588.471	589.985	592.235	591.884	585.777	586.53	595.253	585.701	540.851	480.791	438.637	425.21	424.407	413.937	385.208	344.341	301.938	264.355	227.94	183.022	127.353	
163.32	222.235	261.895	285.299	297.575	300.203	302.37	318.589	347.096	370.8	383.62	396.359	416.988	443.143	475.365	519.217	566.318	591.826	583.119	558.792	547.666	556.458	568.299	566.797	550.467	525.017	494.017	463.046	444.494	447.306	461.512	462.027	436.344	403.215	388.664	389.015	379.006	350.54	321.99	312.123	317.751	320.714	312.817	302.112	295.641	292.014	291.028	297.872	317.837	352.862	401.557	456.644	502.504	524.502	521.471	503.84	485.685	479.424	490.008	511.401	530.03	537.794	539.846	541.784	538.117	521.258	495.329	475.559	471.751	477.732	483.063	484.25	480.573	469.757	451.198	430.151	411.649	392.631	370.64	352.975	346.415	346.72	345.153	337.258	325.285	318.367	324.715	341.371	358.104	370.871	383.997	396.815	399.163	389.29	385.052	402.558	435.544	470.933	505.603	536.183	553.246	550.653	531.518	509.588	503.078	518.25	543.622	564.826	576.873	577.64	562.285	538.063	526.467	530.419	523.267	486.695	436.012	398.466	384.35	383.156	377.126	355.406	318.705	276.428	238.899	206.788	170.541	123.506	
160.297	220.26	261.868	287.137	301.318	305.976	307.196	315.182	330.439	345.447	360.536	383.767	417.264	454.617	491.62	529.695	564.134	580.261	571.776	554.903	551.423	563.077	574.15	572.069	554.298	523.244	486.754	456.981	441.316	438.487	440.777	435.617	416.175	394.492	386.66	384.6	364.285	322.272	283.79	270.711	276.617	281.759	281.335	284.032	291.129	295.606	296.654	302.845	324.88	366.25	417.923	464.763	495.796	507.639	501.829	482.48	459.898	449.314	458.329	480.128	501.655	517.312	530.099	538.6	534.408	513.579	484.246	464.12	463.829	473.306	476.726	470.118	456.383	438.377	420.785	408.165	396.483	375.916	347.851	327.753	325.436	332.498	334.505	326.334	312.232	301.289	303.786	323.279	352.615	382.549	408.941	424.694	418.646	397.112	388.962	411.091	447.521	476.736	497.072	516.263	535.27	545.732	537.141	511.323	487.701	485.525	505.581	534.966	559.017	562.683	536.873	495.696	468.758	464.249	459.793	435.831	398.794	367.557	351.906	347.935	344.72	331.487	303.556	266.167	230.036	199.839	168.548	126.663	
150.819	209.429	249.541	273.324	289.534	300.812	306.6	309.502	313.155	321.134	337.509	363.847	398.85	439.528	480.416	516.239	543.997	559.625	560.788	555.298	554.983	560.825	564.314	559.425	543.83	516.656	485.559	464.002	454.46	447.095	434.849	417.611	398.286	384.018	378.903	371.645	344.714	299.272	259.439	244.905	249.662	257.277	265.138	279.575	297.362	308.506	311.399	316.902	340.91	387.319	437.366	467.924	475.409	470.848	460.045	440.7	417.735	407.259	419.638	448.62	480.775	509.593	533.54	545.389	536.531	507.842	471.257	446.37	445.185	456.806	462.309	455.496	439.058	417.075	396.303	381.421	366.717	343.767	316.865	299.964	299.849	309.26	316.755	317.686	312.883	305.822	305.475	321.909	355.264	395.556	430.128	443.352	423.798	387.762	374.338	399.124	435.793	454.892	457.803	465.221	487.475	511.941	516.581	494.614	464.787	454.441	473.742	510.701	543.763	551.018	521.806	472.38	434.313	420.397	415.963	402.176	376.332	348.864	329.187	319.819	317.436	313.309	297.99	270.213	238.113	209.187	179.426	138.013	
134.682	187.828	224.044	246.879	267.218	286.793	299.695	304.101	305.459	311.631	325.439	344.431	370.581	408.111	449.934	483.718	508.222	527.607	540.245	544.954	545.144	542.073	534.745	525.136	514.372	499.228	481.643	470.92	467.806	459.942	440.126	415.89	397.949	389.473	384.218	370.047	338.009	292.744	253.622	237.287	240.745	251.129	264.275	282.488	302.095	315.063	320.01	328.134	357.209	408.76	455.24	468.585	452.657	430.916	414.331	397.156	379.039	373.877	392.884	430.948	474.15	513.694	544.95	559.586	550.246	518.042	473.625	436.808	423.639	429.487	437.736	438.329	428.167	407.283	382.08	360.788	343.533	326.521	310.726	298.572	291.107	290.726	299.129	312.96	323.759	325.416	323.934	333.594	361.276	399.829	432.584	438.146	406.369	361.637	347.241	373.888	407.559	415.336	403.157	401.967	427.103	461.673	477.936	465.087	438.677	428.18	450.132	493.767	532.976	543.813	517.29	468.19	423.491	398.258	387.995	378.796	361.652	338.314	316.041	302.097	299.738	302.81	298.405	279.456	251.454	223.334	192.734	148.806	
119.54	165.289	197.332	221.415	247.795	275.034	294.871	306.048	314.378	324.283	333.283	338.987	351.76	383.274	424.016	455.907	478.138	498.119	513.937	521.22	519.887	509.687	492.777	477.928	471.631	469.6	465.724	462.538	462.199	456.186	438.33	418.087	407.853	406.329	401.204	382.219	347.178	301.656	260.476	239.493	240.225	252.068	266.545	281.295	294.918	304.884	311.648	325.026	360.456	415.815	459.636	462.911	433.442	401.301	382.198	370.712	362.559	366.312	390.94	433.023	480.45	523.215	555.156	570.422	564.275	534.558	486.426	438.189	410.3	406.798	416.747	427.501	427.535	408.793	377.528	350.873	338.638	338.665	341.851	334.658	312.675	292.053	292.061	311.436	331.419	338.106	336.288	340.588	358.7	386.057	407.8	403.517	367.099	326.515	320.8	351.954	381.404	378.025	354.48	348.564	375.957	415.712	438.484	433.042	412.076	403.856	428.185	476.184	519.572	533.717	511.174	463.997	413.732	377.132	359.32	353.092	345.552	329.331	307.93	291.994	289.231	295.015	295.328	281.326	257.097	229.869	196.567	148.8	
111.025	150.479	179.205	205.062	236.53	268.892	293.39	311.262	328.378	343.733	349.035	342.986	343.641	368.907	409.113	442.56	464.86	481.072	490.072	490.832	484.408	468.682	445.929	428.108	424.344	429.581	432.516	431.1	430.067	426.915	417.332	408.427	408.895	413.664	409.497	389.143	353.467	307.87	264.911	239.693	236.146	245.827	258.159	267.664	274.876	282.265	291.966	310.293	347.28	399.479	439.663	442.302	414.339	384.362	369.532	367.286	371.646	383.793	407.677	442.661	482.415	518.626	544.293	555.904	551.578	526.966	482.688	434.684	403.763	397.188	408.506	426.393	433.773	414.837	377.369	349.351	347.618	366.094	384.965	380.35	345.604	306.398	293.796	307.99	324.698	329.073	327.884	331.888	342.395	354.987	361.24	348.661	316.956	292.053	302.32	340.261	366.093	354.01	324.173	317.841	347.43	388.026	410.704	406.665	388.647	382.431	406.363	452.421	493.893	507.906	487.437	441.385	387.923	345.229	323.906	321.125	321.909	312.483	293.856	278.877	276.432	281.648	282.296	272.3	254.116	228.504	190.077	136.945	
106.076	141.146	167.661	194.248	227.185	260.088	284.789	303.904	323.521	340.708	344.704	333.844	327.927	347.764	386.978	423.854	448.688	461.81	463.474	456.667	443.832	423.068	398.06	380.502	376.647	380.199	381.189	378.821	379.149	381.559	381.422	382.22	389.018	396.281	392.961	373.309	338.537	295.603	257.117	233.917	226.869	229.94	236.217	241.386	246.595	255.51	269.256	289.011	319.578	360.318	394.387	402.559	387.846	370.843	365.826	373.826	389.339	405.858	420.912	436.977	456.158	475.872	490.82	497.978	495.523	478.353	445.484	409.999	388.703	386.114	397.528	415.905	424.521	405.045	367.335	344.17	351.155	375.74	395.195	388.075	349.886	306.183	287.299	292.456	298.846	297.599	298.608	305.99	311.795	310.928	303.788	288.756	269.281	263.329	286.679	326.671	347.87	331.882	303.317	301.371	332.88	370.945	389.516	383.818	367.829	363.131	382.216	417.029	447.227	456.472	439.031	399.618	351.443	310.863	289.758	287.684	290.485	283.747	268.683	257.849	257.527	261.668	262.118	257.629	247.6	223.637	178.476	119.423	
96.9594	128.276	153.312	179.354	209.679	238.036	258.162	272.411	286.475	299.396	302.762	294.21	288.951	304.86	339.329	375.183	400.988	413.869	414.717	407.178	392.726	370.903	347.915	333.065	326.747	321.82	314.871	311.105	316.22	326.075	332.705	336.972	343.715	349.871	346.508	327.761	295.443	259.804	233.338	219.44	212.182	207.106	204.36	204.889	210.328	221.965	237.495	254.097	274.524	302.399	330.208	344.458	344.577	342.26	346.89	361.831	383.026	398.903	401.775	395.613	389.474	388.864	393.874	401.037	404.831	398.728	381.048	360.884	349.623	349.035	356.2	368.716	374.315	357.776	329.009	315.549	324.833	340.854	347.697	335.647	304.144	270.825	255.782	255.505	253.205	248.289	252.386	263.41	266.804	257.713	244.235	233.212	227.506	233.93	258.154	289.513	303.627	290.099	270.829	275.652	306.196	338.702	352.832	346.9	333.999	329.761	340.228	358.863	374.262	378.463	368.558	345.012	312.011	279.278	258.611	253.108	252.555	246.2	236.331	231.789	233.829	236.168	236.041	236.471	233.183	210.302	160.58	99.303	
79.2447	105.5	127.899	151.103	175.574	196.524	210.405	218.414	224.335	229.644	231.024	227.183	226.593	239.527	264.86	292.831	315.18	327.924	331.466	328.675	319.594	303.905	287.595	276.619	267.38	253.49	238.126	232.26	240.973	255.956	265.654	269.233	272.715	275.753	270.746	252.411	224.779	200.173	188.505	186.417	182.773	173.284	163.102	158.617	162.553	173.475	186.521	198.144	211.302	230.91	253.152	268.5	275.802	281.684	291.327	307.483	326.969	338.264	332.712	313.552	291.506	277.646	277.937	288.788	300.491	305.077	300.173	290.102	281.386	276.26	275.618	280.493	283.195	273.237	257.623	253.184	259.613	263.105	257.703	244.271	224.313	206.205	199.176	198.12	192.849	188.118	194.796	207.716	210.956	200.537	187.719	182.346	184.54	192.504	206.65	222.682	229.861	223.875	217.122	225.72	249.319	272.868	283.25	279.451	270.783	266.498	268.584	274.142	279.443	282.14	282.05	277.095	262.026	238.136	217.007	206.698	202.688	198.72	196.431	198.303	200.644	199.163	196.816	199.276	199.684	179.154	131.824	76.2495	
54.6206	73.5966	90.5547	107.832	124.714	138.404	147.495	151.975	153.006	152.562	151.41	150.391	153.072	162.432	177.229	194.358	210.184	220.697	225.457	227.179	225.705	219.371	210.98	203.622	193.538	176.384	157.961	150.582	158.875	173.864	183.345	185.248	185.379	184.905	178.029	161.416	140.784	127.15	126.331	132.248	133.37	125.172	113.324	106.084	106.935	113.734	122.038	129.834	139.714	154.296	169.976	180.695	187.032	193.955	203.8	216.563	229.193	234.414	226.878	208.245	185.99	171.025	171.478	184.273	198.766	207.618	208.795	203.161	193.538	183.438	177.184	177.318	179.017	175.451	169.853	169.925	172.628	169.519	160.794	150.949	141.145	133.873	132.276	132.2	128.384	126.226	133.627	145.605	149.446	142.161	133.228	130.808	133.49	136.801	139.943	143.732	147.07	148.541	150.474	157.454	170.012	182.917	189.678	188.8	184.913	181.811	179.491	178.389	179.317	182.328	188.597	195.45	192.911	176.62	156.567	143.794	139.017	139.441	144.36	150.272	151.062	145.763	141.198	143.559	145.667	130.523	93.8266	51.8091	
