Copyright 1986-2020 Xilinx, Inc. All Rights Reserved.
--------------------------------------------------------------------------------------------------------------------------------------------------------------------------------------------------
| Tool Version : Vivado v.2020.2 (win64) Build 3064766 Wed Nov 18 09:12:45 MST 2020
| Date         : Mon Apr 13 17:43:36 2026
| Host         : Chopin running 64-bit major release  (build 9200)
| Command      : report_timing_summary -max_paths 10 -file topmodule_timing_summary_routed.rpt -pb topmodule_timing_summary_routed.pb -rpx topmodule_timing_summary_routed.rpx -warn_on_violation
| Design       : topmodule
| Device       : 7a100t-csg324
| Speed File   : -1  PRODUCTION 1.23 2018-06-13
--------------------------------------------------------------------------------------------------------------------------------------------------------------------------------------------------

Timing Summary Report

------------------------------------------------------------------------------------------------
| Timer Settings
| --------------
------------------------------------------------------------------------------------------------

  Enable Multi Corner Analysis               :  Yes
  Enable Pessimism Removal                   :  Yes
  Pessimism Removal Resolution               :  Nearest Common Node
  Enable Input Delay Default Clock           :  No
  Enable Preset / Clear Arcs                 :  No
  Disable Flight Delays                      :  No
  Ignore I/O Paths                           :  No
  Timing Early Launch at Borrowing Latches   :  No
  Borrow Time for Max Delay Exceptions       :  Yes
  Merge Timing Exceptions                    :  Yes

  Corner  Analyze    Analyze    
  Name    Max Paths  Min Paths  
  ------  ---------  ---------  
  Slow    Yes        Yes        
  Fast    Yes        Yes        



check_timing report

Table of Contents
-----------------
1. checking no_clock (0)
2. checking constant_clock (0)
3. checking pulse_width_clock (0)
4. checking unconstrained_internal_endpoints (0)
5. checking no_input_delay (2)
6. checking no_output_delay (15)
7. checking multiple_clock (0)
8. checking generated_clocks (0)
9. checking loops (0)
10. checking partial_input_delay (0)
11. checking partial_output_delay (0)
12. checking latch_loops (0)

1. checking no_clock (0)
------------------------
 There are 0 register/latch pins with no clock.


2. checking constant_clock (0)
------------------------------
 There are 0 register/latch pins with constant_clock.


3. checking pulse_width_clock (0)
---------------------------------
 There are 0 register/latch pins which need pulse_width check


4. checking unconstrained_internal_endpoints (0)
------------------------------------------------
 There are 0 pins that are not constrained for maximum delay.

 There are 0 pins that are not constrained for maximum delay due to constant clock.


5. checking no_input_delay (2)
------------------------------
 There are 2 input ports with no input delay specified. (HIGH)

 There are 0 input ports with no input delay but user has a false path constraint.


6. checking no_output_delay (15)
--------------------------------
 There are 15 ports with no output delay specified. (HIGH)

 There are 0 ports with no output delay but user has a false path constraint

 There are 0 ports with no output delay but with a timing clock defined on it or propagating through it


7. checking multiple_clock (0)
------------------------------
 There are 0 register/latch pins with multiple clocks.


8. checking generated_clocks (0)
--------------------------------
 There are 0 generated clocks that are not connected to a clock source.


9. checking loops (0)
---------------------
 There are 0 combinational loops in the design.


10. checking partial_input_delay (0)
------------------------------------
 There are 0 input ports with partial input delay specified.


11. checking partial_output_delay (0)
-------------------------------------
 There are 0 ports with partial output delay specified.


12. checking latch_loops (0)
----------------------------
 There are 0 combinational latch loops in the design through latch input



------------------------------------------------------------------------------------------------
| Design Timing Summary
| ---------------------
------------------------------------------------------------------------------------------------

    WNS(ns)      TNS(ns)  TNS Failing Endpoints  TNS Total Endpoints      WHS(ns)      THS(ns)  THS Failing Endpoints  THS Total Endpoints     WPWS(ns)     TPWS(ns)  TPWS Failing Endpoints  TPWS Total Endpoints  
    -------      -------  ---------------------  -------------------      -------      -------  ---------------------  -------------------     --------     --------  ----------------------  --------------------  
      3.849        0.000                      0                  258        0.117        0.000                      0                  258        4.500        0.000                       0                   146  


All user specified timing constraints are met.


------------------------------------------------------------------------------------------------
| Clock Summary
| -------------
------------------------------------------------------------------------------------------------

Clock        Waveform(ns)       Period(ns)      Frequency(MHz)
-----        ------------       ----------      --------------
sys_clk_pin  {0.000 5.000}      10.000          100.000         


------------------------------------------------------------------------------------------------
| Intra Clock Table
| -----------------
------------------------------------------------------------------------------------------------

Clock             WNS(ns)      TNS(ns)  TNS Failing Endpoints  TNS Total Endpoints      WHS(ns)      THS(ns)  THS Failing Endpoints  THS Total Endpoints     WPWS(ns)     TPWS(ns)  TPWS Failing Endpoints  TPWS Total Endpoints  
-----             -------      -------  ---------------------  -------------------      -------      -------  ---------------------  -------------------     --------     --------  ----------------------  --------------------  
sys_clk_pin         3.849        0.000                      0                  258        0.117        0.000                      0                  258        4.500        0.000                       0                   146  


------------------------------------------------------------------------------------------------
| Inter Clock Table
| -----------------
------------------------------------------------------------------------------------------------

From Clock    To Clock          WNS(ns)      TNS(ns)  TNS Failing Endpoints  TNS Total Endpoints      WHS(ns)      THS(ns)  THS Failing Endpoints  THS Total Endpoints  
----------    --------          -------      -------  ---------------------  -------------------      -------      -------  ---------------------  -------------------  


------------------------------------------------------------------------------------------------
| Other Path Groups Table
| -----------------------
------------------------------------------------------------------------------------------------

Path Group    From Clock    To Clock          WNS(ns)      TNS(ns)  TNS Failing Endpoints  TNS Total Endpoints      WHS(ns)      THS(ns)  THS Failing Endpoints  THS Total Endpoints  
----------    ----------    --------          -------      -------  ---------------------  -------------------      -------      -------  ---------------------  -------------------  


------------------------------------------------------------------------------------------------
| Timing Details
| --------------
------------------------------------------------------------------------------------------------


---------------------------------------------------------------------------------------------------
From Clock:  sys_clk_pin
  To Clock:  sys_clk_pin

Setup :            0  Failing Endpoints,  Worst Slack        3.849ns,  Total Violation        0.000ns
Hold  :            0  Failing Endpoints,  Worst Slack        0.117ns,  Total Violation        0.000ns
PW    :            0  Failing Endpoints,  Worst Slack        4.500ns,  Total Violation        0.000ns
---------------------------------------------------------------------------------------------------


Max Delay Paths
--------------------------------------------------------------------------------------
Slack (MET) :             3.849ns  (required time - arrival time)
  Source:                 timer_instance/clk_cnt_reg[3]/C
                            (rising edge-triggered cell FDRE clocked by sys_clk_pin  {rise@0.000ns fall@5.000ns period=10.000ns})
  Destination:            timer_instance/min_reg[2]/R
                            (rising edge-triggered cell FDRE clocked by sys_clk_pin  {rise@0.000ns fall@5.000ns period=10.000ns})
  Path Group:             sys_clk_pin
  Path Type:              Setup (Max at Slow Process Corner)
  Requirement:            10.000ns  (sys_clk_pin rise@10.000ns - sys_clk_pin rise@0.000ns)
  Data Path Delay:        5.254ns  (logic 2.227ns (42.389%)  route 3.027ns (57.611%))
  Logic Levels:           7  (CARRY4=4 LUT2=1 LUT4=1 LUT5=1)
  Clock Path Skew:        -0.131ns (DCD - SCD + CPR)
    Destination Clock Delay (DCD):    5.012ns = ( 15.012 - 10.000 ) 
    Source Clock Delay      (SCD):    5.323ns
    Clock Pessimism Removal (CPR):    0.180ns
  Clock Uncertainty:      0.035ns  ((TSJ^2 + TIJ^2)^1/2 + DJ) / 2 + PE
    Total System Jitter     (TSJ):    0.071ns
    Total Input Jitter      (TIJ):    0.000ns
    Discrete Jitter          (DJ):    0.000ns
    Phase Error              (PE):    0.000ns

    Location             Delay type                Incr(ns)  Path(ns)    Netlist Resource(s)
  -------------------------------------------------------------------    -------------------
                         (clock sys_clk_pin rise edge)
                                                      0.000     0.000 r  
    E3                                                0.000     0.000 r  CLK (IN)
                         net (fo=0)                   0.000     0.000    CLK
    E3                   IBUF (Prop_ibuf_I_O)         1.482     1.482 r  CLK_IBUF_inst/O
                         net (fo=1, routed)           2.025     3.506    CLK_IBUF
    BUFGCTRL_X0Y16       BUFG (Prop_bufg_I_O)         0.096     3.602 r  CLK_IBUF_BUFG_inst/O
                         net (fo=145, routed)         1.720     5.323    timer_instance/CLK_IBUF_BUFG
    SLICE_X4Y87          FDRE                                         r  timer_instance/clk_cnt_reg[3]/C
  -------------------------------------------------------------------    -------------------
    SLICE_X4Y87          FDRE (Prop_fdre_C_Q)         0.456     5.779 r  timer_instance/clk_cnt_reg[3]/Q
                         net (fo=2, routed)           0.854     6.632    timer_instance/clk_cnt_reg[3]
    SLICE_X5Y90          LUT2 (Prop_lut2_I0_O)        0.124     6.756 r  timer_instance/clk_cnt0_carry_i_3/O
                         net (fo=1, routed)           0.000     6.756    timer_instance/clk_cnt0_carry_i_3_n_0
    SLICE_X5Y90          CARRY4 (Prop_carry4_S[1]_CO[3])
                                                      0.550     7.306 r  timer_instance/clk_cnt0_carry/CO[3]
                         net (fo=1, routed)           0.000     7.306    timer_instance/clk_cnt0_carry_n_0
    SLICE_X5Y91          CARRY4 (Prop_carry4_CI_CO[3])
                                                      0.114     7.420 r  timer_instance/clk_cnt0_carry__0/CO[3]
                         net (fo=1, routed)           0.000     7.420    timer_instance/clk_cnt0_carry__0_n_0
    SLICE_X5Y92          CARRY4 (Prop_carry4_CI_CO[3])
                                                      0.114     7.534 r  timer_instance/clk_cnt0_carry__1/CO[3]
                         net (fo=1, routed)           0.000     7.534    timer_instance/clk_cnt0_carry__1_n_0
    SLICE_X5Y93          CARRY4 (Prop_carry4_CI_CO[1])
                                                      0.157     7.691 r  timer_instance/clk_cnt0_carry__2/CO[1]
                         net (fo=32, routed)          1.009     8.701    timer_instance/clk_cnt0
    SLICE_X2Y101         LUT4 (Prop_lut4_I2_O)        0.355     9.056 f  timer_instance/min[5]_i_5/O
                         net (fo=5, routed)           0.483     9.539    timer_instance/min[5]_i_5_n_0
    SLICE_X2Y101         LUT5 (Prop_lut5_I1_O)        0.357     9.896 r  timer_instance/min[5]_i_1/O
                         net (fo=4, routed)           0.680    10.576    timer_instance/min[5]_i_1_n_0
    SLICE_X2Y101         FDRE                                         r  timer_instance/min_reg[2]/R
  -------------------------------------------------------------------    -------------------

                         (clock sys_clk_pin rise edge)
                                                     10.000    10.000 r  
    E3                                                0.000    10.000 r  CLK (IN)
                         net (fo=0)                   0.000    10.000    CLK
    E3                   IBUF (Prop_ibuf_I_O)         1.411    11.411 r  CLK_IBUF_inst/O
                         net (fo=1, routed)           1.920    13.331    CLK_IBUF
    BUFGCTRL_X0Y16       BUFG (Prop_bufg_I_O)         0.091    13.422 r  CLK_IBUF_BUFG_inst/O
                         net (fo=145, routed)         1.590    15.012    timer_instance/CLK_IBUF_BUFG
    SLICE_X2Y101         FDRE                                         r  timer_instance/min_reg[2]/C
                         clock pessimism              0.180    15.192    
                         clock uncertainty           -0.035    15.157    
    SLICE_X2Y101         FDRE (Setup_fdre_C_R)       -0.731    14.426    timer_instance/min_reg[2]
  -------------------------------------------------------------------
                         required time                         14.426    
                         arrival time                         -10.576    
  -------------------------------------------------------------------
                         slack                                  3.849    

Slack (MET) :             3.944ns  (required time - arrival time)
  Source:                 timer_instance/clk_cnt_reg[3]/C
                            (rising edge-triggered cell FDRE clocked by sys_clk_pin  {rise@0.000ns fall@5.000ns period=10.000ns})
  Destination:            timer_instance/min_reg[3]/R
                            (rising edge-triggered cell FDRE clocked by sys_clk_pin  {rise@0.000ns fall@5.000ns period=10.000ns})
  Path Group:             sys_clk_pin
  Path Type:              Setup (Max at Slow Process Corner)
  Requirement:            10.000ns  (sys_clk_pin rise@10.000ns - sys_clk_pin rise@0.000ns)
  Data Path Delay:        5.254ns  (logic 2.227ns (42.389%)  route 3.027ns (57.611%))
  Logic Levels:           7  (CARRY4=4 LUT2=1 LUT4=1 LUT5=1)
  Clock Path Skew:        -0.131ns (DCD - SCD + CPR)
    Destination Clock Delay (DCD):    5.012ns = ( 15.012 - 10.000 ) 
    Source Clock Delay      (SCD):    5.323ns
    Clock Pessimism Removal (CPR):    0.180ns
  Clock Uncertainty:      0.035ns  ((TSJ^2 + TIJ^2)^1/2 + DJ) / 2 + PE
    Total System Jitter     (TSJ):    0.071ns
    Total Input Jitter      (TIJ):    0.000ns
    Discrete Jitter          (DJ):    0.000ns
    Phase Error              (PE):    0.000ns

    Location             Delay type                Incr(ns)  Path(ns)    Netlist Resource(s)
  -------------------------------------------------------------------    -------------------
                         (clock sys_clk_pin rise edge)
                                                      0.000     0.000 r  
    E3                                                0.000     0.000 r  CLK (IN)
                         net (fo=0)                   0.000     0.000    CLK
    E3                   IBUF (Prop_ibuf_I_O)         1.482     1.482 r  CLK_IBUF_inst/O
                         net (fo=1, routed)           2.025     3.506    CLK_IBUF
    BUFGCTRL_X0Y16       BUFG (Prop_bufg_I_O)         0.096     3.602 r  CLK_IBUF_BUFG_inst/O
                         net (fo=145, routed)         1.720     5.323    timer_instance/CLK_IBUF_BUFG
    SLICE_X4Y87          FDRE                                         r  timer_instance/clk_cnt_reg[3]/C
  -------------------------------------------------------------------    -------------------
    SLICE_X4Y87          FDRE (Prop_fdre_C_Q)         0.456     5.779 r  timer_instance/clk_cnt_reg[3]/Q
                         net (fo=2, routed)           0.854     6.632    timer_instance/clk_cnt_reg[3]
    SLICE_X5Y90          LUT2 (Prop_lut2_I0_O)        0.124     6.756 r  timer_instance/clk_cnt0_carry_i_3/O
                         net (fo=1, routed)           0.000     6.756    timer_instance/clk_cnt0_carry_i_3_n_0
    SLICE_X5Y90          CARRY4 (Prop_carry4_S[1]_CO[3])
                                                      0.550     7.306 r  timer_instance/clk_cnt0_carry/CO[3]
                         net (fo=1, routed)           0.000     7.306    timer_instance/clk_cnt0_carry_n_0
    SLICE_X5Y91          CARRY4 (Prop_carry4_CI_CO[3])
                                                      0.114     7.420 r  timer_instance/clk_cnt0_carry__0/CO[3]
                         net (fo=1, routed)           0.000     7.420    timer_instance/clk_cnt0_carry__0_n_0
    SLICE_X5Y92          CARRY4 (Prop_carry4_CI_CO[3])
                                                      0.114     7.534 r  timer_instance/clk_cnt0_carry__1/CO[3]
                         net (fo=1, routed)           0.000     7.534    timer_instance/clk_cnt0_carry__1_n_0
    SLICE_X5Y93          CARRY4 (Prop_carry4_CI_CO[1])
                                                      0.157     7.691 r  timer_instance/clk_cnt0_carry__2/CO[1]
                         net (fo=32, routed)          1.009     8.701    timer_instance/clk_cnt0
    SLICE_X2Y101         LUT4 (Prop_lut4_I2_O)        0.355     9.056 f  timer_instance/min[5]_i_5/O
                         net (fo=5, routed)           0.483     9.539    timer_instance/min[5]_i_5_n_0
    SLICE_X2Y101         LUT5 (Prop_lut5_I1_O)        0.357     9.896 r  timer_instance/min[5]_i_1/O
                         net (fo=4, routed)           0.680    10.576    timer_instance/min[5]_i_1_n_0
    SLICE_X3Y101         FDRE                                         r  timer_instance/min_reg[3]/R
  -------------------------------------------------------------------    -------------------

                         (clock sys_clk_pin rise edge)
                                                     10.000    10.000 r  
    E3                                                0.000    10.000 r  CLK (IN)
                         net (fo=0)                   0.000    10.000    CLK
    E3                   IBUF (Prop_ibuf_I_O)         1.411    11.411 r  CLK_IBUF_inst/O
                         net (fo=1, routed)           1.920    13.331    CLK_IBUF
    BUFGCTRL_X0Y16       BUFG (Prop_bufg_I_O)         0.091    13.422 r  CLK_IBUF_BUFG_inst/O
                         net (fo=145, routed)         1.590    15.012    timer_instance/CLK_IBUF_BUFG
    SLICE_X3Y101         FDRE                                         r  timer_instance/min_reg[3]/C
                         clock pessimism              0.180    15.192    
                         clock uncertainty           -0.035    15.157    
    SLICE_X3Y101         FDRE (Setup_fdre_C_R)       -0.636    14.521    timer_instance/min_reg[3]
  -------------------------------------------------------------------
                         required time                         14.521    
                         arrival time                         -10.576    
  -------------------------------------------------------------------
                         slack                                  3.944    

Slack (MET) :             3.944ns  (required time - arrival time)
  Source:                 timer_instance/clk_cnt_reg[3]/C
                            (rising edge-triggered cell FDRE clocked by sys_clk_pin  {rise@0.000ns fall@5.000ns period=10.000ns})
  Destination:            timer_instance/min_reg[4]/R
                            (rising edge-triggered cell FDRE clocked by sys_clk_pin  {rise@0.000ns fall@5.000ns period=10.000ns})
  Path Group:             sys_clk_pin
  Path Type:              Setup (Max at Slow Process Corner)
  Requirement:            10.000ns  (sys_clk_pin rise@10.000ns - sys_clk_pin rise@0.000ns)
  Data Path Delay:        5.254ns  (logic 2.227ns (42.389%)  route 3.027ns (57.611%))
  Logic Levels:           7  (CARRY4=4 LUT2=1 LUT4=1 LUT5=1)
  Clock Path Skew:        -0.131ns (DCD - SCD + CPR)
    Destination Clock Delay (DCD):    5.012ns = ( 15.012 - 10.000 ) 
    Source Clock Delay      (SCD):    5.323ns
    Clock Pessimism Removal (CPR):    0.180ns
  Clock Uncertainty:      0.035ns  ((TSJ^2 + TIJ^2)^1/2 + DJ) / 2 + PE
    Total System Jitter     (TSJ):    0.071ns
    Total Input Jitter      (TIJ):    0.000ns
    Discrete Jitter          (DJ):    0.000ns
    Phase Error              (PE):    0.000ns

    Location             Delay type                Incr(ns)  Path(ns)    Netlist Resource(s)
  -------------------------------------------------------------------    -------------------
                         (clock sys_clk_pin rise edge)
                                                      0.000     0.000 r  
    E3                                                0.000     0.000 r  CLK (IN)
                         net (fo=0)                   0.000     0.000    CLK
    E3                   IBUF (Prop_ibuf_I_O)         1.482     1.482 r  CLK_IBUF_inst/O
                         net (fo=1, routed)           2.025     3.506    CLK_IBUF
    BUFGCTRL_X0Y16       BUFG (Prop_bufg_I_O)         0.096     3.602 r  CLK_IBUF_BUFG_inst/O
                         net (fo=145, routed)         1.720     5.323    timer_instance/CLK_IBUF_BUFG
    SLICE_X4Y87          FDRE                                         r  timer_instance/clk_cnt_reg[3]/C
  -------------------------------------------------------------------    -------------------
    SLICE_X4Y87          FDRE (Prop_fdre_C_Q)         0.456     5.779 r  timer_instance/clk_cnt_reg[3]/Q
                         net (fo=2, routed)           0.854     6.632    timer_instance/clk_cnt_reg[3]
    SLICE_X5Y90          LUT2 (Prop_lut2_I0_O)        0.124     6.756 r  timer_instance/clk_cnt0_carry_i_3/O
                         net (fo=1, routed)           0.000     6.756    timer_instance/clk_cnt0_carry_i_3_n_0
    SLICE_X5Y90          CARRY4 (Prop_carry4_S[1]_CO[3])
                                                      0.550     7.306 r  timer_instance/clk_cnt0_carry/CO[3]
                         net (fo=1, routed)           0.000     7.306    timer_instance/clk_cnt0_carry_n_0
    SLICE_X5Y91          CARRY4 (Prop_carry4_CI_CO[3])
                                                      0.114     7.420 r  timer_instance/clk_cnt0_carry__0/CO[3]
                         net (fo=1, routed)           0.000     7.420    timer_instance/clk_cnt0_carry__0_n_0
    SLICE_X5Y92          CARRY4 (Prop_carry4_CI_CO[3])
                                                      0.114     7.534 r  timer_instance/clk_cnt0_carry__1/CO[3]
                         net (fo=1, routed)           0.000     7.534    timer_instance/clk_cnt0_carry__1_n_0
    SLICE_X5Y93          CARRY4 (Prop_carry4_CI_CO[1])
                                                      0.157     7.691 r  timer_instance/clk_cnt0_carry__2/CO[1]
                         net (fo=32, routed)          1.009     8.701    timer_instance/clk_cnt0
    SLICE_X2Y101         LUT4 (Prop_lut4_I2_O)        0.355     9.056 f  timer_instance/min[5]_i_5/O
                         net (fo=5, routed)           0.483     9.539    timer_instance/min[5]_i_5_n_0
    SLICE_X2Y101         LUT5 (Prop_lut5_I1_O)        0.357     9.896 r  timer_instance/min[5]_i_1/O
                         net (fo=4, routed)           0.680    10.576    timer_instance/min[5]_i_1_n_0
    SLICE_X3Y101         FDRE                                         r  timer_instance/min_reg[4]/R
  -------------------------------------------------------------------    -------------------

                         (clock sys_clk_pin rise edge)
                                                     10.000    10.000 r  
    E3                                                0.000    10.000 r  CLK (IN)
                         net (fo=0)                   0.000    10.000    CLK
    E3                   IBUF (Prop_ibuf_I_O)         1.411    11.411 r  CLK_IBUF_inst/O
                         net (fo=1, routed)           1.920    13.331    CLK_IBUF
    BUFGCTRL_X0Y16       BUFG (Prop_bufg_I_O)         0.091    13.422 r  CLK_IBUF_BUFG_inst/O
                         net (fo=145, routed)         1.590    15.012    timer_instance/CLK_IBUF_BUFG
    SLICE_X3Y101         FDRE                                         r  timer_instance/min_reg[4]/C
                         clock pessimism              0.180    15.192    
                         clock uncertainty           -0.035    15.157    
    SLICE_X3Y101         FDRE (Setup_fdre_C_R)       -0.636    14.521    timer_instance/min_reg[4]
  -------------------------------------------------------------------
                         required time                         14.521    
                         arrival time                         -10.576    
  -------------------------------------------------------------------
                         slack                                  3.944    

Slack (MET) :             3.944ns  (required time - arrival time)
  Source:                 timer_instance/clk_cnt_reg[3]/C
                            (rising edge-triggered cell FDRE clocked by sys_clk_pin  {rise@0.000ns fall@5.000ns period=10.000ns})
  Destination:            timer_instance/min_reg[5]/R
                            (rising edge-triggered cell FDRE clocked by sys_clk_pin  {rise@0.000ns fall@5.000ns period=10.000ns})
  Path Group:             sys_clk_pin
  Path Type:              Setup (Max at Slow Process Corner)
  Requirement:            10.000ns  (sys_clk_pin rise@10.000ns - sys_clk_pin rise@0.000ns)
  Data Path Delay:        5.254ns  (logic 2.227ns (42.389%)  route 3.027ns (57.611%))
  Logic Levels:           7  (CARRY4=4 LUT2=1 LUT4=1 LUT5=1)
  Clock Path Skew:        -0.131ns (DCD - SCD + CPR)
    Destination Clock Delay (DCD):    5.012ns = ( 15.012 - 10.000 ) 
    Source Clock Delay      (SCD):    5.323ns
    Clock Pessimism Removal (CPR):    0.180ns
  Clock Uncertainty:      0.035ns  ((TSJ^2 + TIJ^2)^1/2 + DJ) / 2 + PE
    Total System Jitter     (TSJ):    0.071ns
    Total Input Jitter      (TIJ):    0.000ns
    Discrete Jitter          (DJ):    0.000ns
    Phase Error              (PE):    0.000ns

    Location             Delay type                Incr(ns)  Path(ns)    Netlist Resource(s)
  -------------------------------------------------------------------    -------------------
                         (clock sys_clk_pin rise edge)
                                                      0.000     0.000 r  
    E3                                                0.000     0.000 r  CLK (IN)
                         net (fo=0)                   0.000     0.000    CLK
    E3                   IBUF (Prop_ibuf_I_O)         1.482     1.482 r  CLK_IBUF_inst/O
                         net (fo=1, routed)           2.025     3.506    CLK_IBUF
    BUFGCTRL_X0Y16       BUFG (Prop_bufg_I_O)         0.096     3.602 r  CLK_IBUF_BUFG_inst/O
                         net (fo=145, routed)         1.720     5.323    timer_instance/CLK_IBUF_BUFG
    SLICE_X4Y87          FDRE                                         r  timer_instance/clk_cnt_reg[3]/C
  -------------------------------------------------------------------    -------------------
    SLICE_X4Y87          FDRE (Prop_fdre_C_Q)         0.456     5.779 r  timer_instance/clk_cnt_reg[3]/Q
                         net (fo=2, routed)           0.854     6.632    timer_instance/clk_cnt_reg[3]
    SLICE_X5Y90          LUT2 (Prop_lut2_I0_O)        0.124     6.756 r  timer_instance/clk_cnt0_carry_i_3/O
                         net (fo=1, routed)           0.000     6.756    timer_instance/clk_cnt0_carry_i_3_n_0
    SLICE_X5Y90          CARRY4 (Prop_carry4_S[1]_CO[3])
                                                      0.550     7.306 r  timer_instance/clk_cnt0_carry/CO[3]
                         net (fo=1, routed)           0.000     7.306    timer_instance/clk_cnt0_carry_n_0
    SLICE_X5Y91          CARRY4 (Prop_carry4_CI_CO[3])
                                                      0.114     7.420 r  timer_instance/clk_cnt0_carry__0/CO[3]
                         net (fo=1, routed)           0.000     7.420    timer_instance/clk_cnt0_carry__0_n_0
    SLICE_X5Y92          CARRY4 (Prop_carry4_CI_CO[3])
                                                      0.114     7.534 r  timer_instance/clk_cnt0_carry__1/CO[3]
                         net (fo=1, routed)           0.000     7.534    timer_instance/clk_cnt0_carry__1_n_0
    SLICE_X5Y93          CARRY4 (Prop_carry4_CI_CO[1])
                                                      0.157     7.691 r  timer_instance/clk_cnt0_carry__2/CO[1]
                         net (fo=32, routed)          1.009     8.701    timer_instance/clk_cnt0
    SLICE_X2Y101         LUT4 (Prop_lut4_I2_O)        0.355     9.056 f  timer_instance/min[5]_i_5/O
                         net (fo=5, routed)           0.483     9.539    timer_instance/min[5]_i_5_n_0
    SLICE_X2Y101         LUT5 (Prop_lut5_I1_O)        0.357     9.896 r  timer_instance/min[5]_i_1/O
                         net (fo=4, routed)           0.680    10.576    timer_instance/min[5]_i_1_n_0
    SLICE_X3Y101         FDRE                                         r  timer_instance/min_reg[5]/R
  -------------------------------------------------------------------    -------------------

                         (clock sys_clk_pin rise edge)
                                                     10.000    10.000 r  
    E3                                                0.000    10.000 r  CLK (IN)
                         net (fo=0)                   0.000    10.000    CLK
    E3                   IBUF (Prop_ibuf_I_O)         1.411    11.411 r  CLK_IBUF_inst/O
                         net (fo=1, routed)           1.920    13.331    CLK_IBUF
    BUFGCTRL_X0Y16       BUFG (Prop_bufg_I_O)         0.091    13.422 r  CLK_IBUF_BUFG_inst/O
                         net (fo=145, routed)         1.590    15.012    timer_instance/CLK_IBUF_BUFG
    SLICE_X3Y101         FDRE                                         r  timer_instance/min_reg[5]/C
                         clock pessimism              0.180    15.192    
                         clock uncertainty           -0.035    15.157    
    SLICE_X3Y101         FDRE (Setup_fdre_C_R)       -0.636    14.521    timer_instance/min_reg[5]
  -------------------------------------------------------------------
                         required time                         14.521    
                         arrival time                         -10.576    
  -------------------------------------------------------------------
                         slack                                  3.944    

Slack (MET) :             4.397ns  (required time - arrival time)
  Source:                 timer_instance/clk_cnt_reg[3]/C
                            (rising edge-triggered cell FDRE clocked by sys_clk_pin  {rise@0.000ns fall@5.000ns period=10.000ns})
  Destination:            timer_instance/sec_reg[2]/R
                            (rising edge-triggered cell FDRE clocked by sys_clk_pin  {rise@0.000ns fall@5.000ns period=10.000ns})
  Path Group:             sys_clk_pin
  Path Type:              Setup (Max at Slow Process Corner)
  Requirement:            10.000ns  (sys_clk_pin rise@10.000ns - sys_clk_pin rise@0.000ns)
  Data Path Delay:        5.006ns  (logic 2.204ns (44.028%)  route 2.802ns (55.972%))
  Logic Levels:           7  (CARRY4=4 LUT2=1 LUT3=1 LUT6=1)
  Clock Path Skew:        -0.133ns (DCD - SCD + CPR)
    Destination Clock Delay (DCD):    5.010ns = ( 15.010 - 10.000 ) 
    Source Clock Delay      (SCD):    5.323ns
    Clock Pessimism Removal (CPR):    0.180ns
  Clock Uncertainty:      0.035ns  ((TSJ^2 + TIJ^2)^1/2 + DJ) / 2 + PE
    Total System Jitter     (TSJ):    0.071ns
    Total Input Jitter      (TIJ):    0.000ns
    Discrete Jitter          (DJ):    0.000ns
    Phase Error              (PE):    0.000ns

    Location             Delay type                Incr(ns)  Path(ns)    Netlist Resource(s)
  -------------------------------------------------------------------    -------------------
                         (clock sys_clk_pin rise edge)
                                                      0.000     0.000 r  
    E3                                                0.000     0.000 r  CLK (IN)
                         net (fo=0)                   0.000     0.000    CLK
    E3                   IBUF (Prop_ibuf_I_O)         1.482     1.482 r  CLK_IBUF_inst/O
                         net (fo=1, routed)           2.025     3.506    CLK_IBUF
    BUFGCTRL_X0Y16       BUFG (Prop_bufg_I_O)         0.096     3.602 r  CLK_IBUF_BUFG_inst/O
                         net (fo=145, routed)         1.720     5.323    timer_instance/CLK_IBUF_BUFG
    SLICE_X4Y87          FDRE                                         r  timer_instance/clk_cnt_reg[3]/C
  -------------------------------------------------------------------    -------------------
    SLICE_X4Y87          FDRE (Prop_fdre_C_Q)         0.456     5.779 r  timer_instance/clk_cnt_reg[3]/Q
                         net (fo=2, routed)           0.854     6.632    timer_instance/clk_cnt_reg[3]
    SLICE_X5Y90          LUT2 (Prop_lut2_I0_O)        0.124     6.756 r  timer_instance/clk_cnt0_carry_i_3/O
                         net (fo=1, routed)           0.000     6.756    timer_instance/clk_cnt0_carry_i_3_n_0
    SLICE_X5Y90          CARRY4 (Prop_carry4_S[1]_CO[3])
                                                      0.550     7.306 r  timer_instance/clk_cnt0_carry/CO[3]
                         net (fo=1, routed)           0.000     7.306    timer_instance/clk_cnt0_carry_n_0
    SLICE_X5Y91          CARRY4 (Prop_carry4_CI_CO[3])
                                                      0.114     7.420 r  timer_instance/clk_cnt0_carry__0/CO[3]
                         net (fo=1, routed)           0.000     7.420    timer_instance/clk_cnt0_carry__0_n_0
    SLICE_X5Y92          CARRY4 (Prop_carry4_CI_CO[3])
                                                      0.114     7.534 r  timer_instance/clk_cnt0_carry__1/CO[3]
                         net (fo=1, routed)           0.000     7.534    timer_instance/clk_cnt0_carry__1_n_0
    SLICE_X5Y93          CARRY4 (Prop_carry4_CI_CO[1])
                                                      0.157     7.691 r  timer_instance/clk_cnt0_carry__2/CO[1]
                         net (fo=32, routed)          1.070     8.761    timer_instance/clk_cnt0
    SLICE_X5Y101         LUT3 (Prop_lut3_I0_O)        0.357     9.118 r  timer_instance/sec[5]_i_2/O
                         net (fo=5, routed)           0.492     9.609    timer_instance/sec
    SLICE_X7Y101         LUT6 (Prop_lut6_I5_O)        0.332     9.941 r  timer_instance/sec[5]_i_1/O
                         net (fo=4, routed)           0.387    10.329    timer_instance/sec[5]_i_1_n_0
    SLICE_X7Y101         FDRE                                         r  timer_instance/sec_reg[2]/R
  -------------------------------------------------------------------    -------------------

                         (clock sys_clk_pin rise edge)
                                                     10.000    10.000 r  
    E3                                                0.000    10.000 r  CLK (IN)
                         net (fo=0)                   0.000    10.000    CLK
    E3                   IBUF (Prop_ibuf_I_O)         1.411    11.411 r  CLK_IBUF_inst/O
                         net (fo=1, routed)           1.920    13.331    CLK_IBUF
    BUFGCTRL_X0Y16       BUFG (Prop_bufg_I_O)         0.091    13.422 r  CLK_IBUF_BUFG_inst/O
                         net (fo=145, routed)         1.588    15.010    timer_instance/CLK_IBUF_BUFG
    SLICE_X7Y101         FDRE                                         r  timer_instance/sec_reg[2]/C
                         clock pessimism              0.180    15.190    
                         clock uncertainty           -0.035    15.155    
    SLICE_X7Y101         FDRE (Setup_fdre_C_R)       -0.429    14.726    timer_instance/sec_reg[2]
  -------------------------------------------------------------------
                         required time                         14.726    
                         arrival time                         -10.329    
  -------------------------------------------------------------------
                         slack                                  4.397    

Slack (MET) :             4.397ns  (required time - arrival time)
  Source:                 timer_instance/clk_cnt_reg[3]/C
                            (rising edge-triggered cell FDRE clocked by sys_clk_pin  {rise@0.000ns fall@5.000ns period=10.000ns})
  Destination:            timer_instance/sec_reg[3]/R
                            (rising edge-triggered cell FDRE clocked by sys_clk_pin  {rise@0.000ns fall@5.000ns period=10.000ns})
  Path Group:             sys_clk_pin
  Path Type:              Setup (Max at Slow Process Corner)
  Requirement:            10.000ns  (sys_clk_pin rise@10.000ns - sys_clk_pin rise@0.000ns)
  Data Path Delay:        5.006ns  (logic 2.204ns (44.028%)  route 2.802ns (55.972%))
  Logic Levels:           7  (CARRY4=4 LUT2=1 LUT3=1 LUT6=1)
  Clock Path Skew:        -0.133ns (DCD - SCD + CPR)
    Destination Clock Delay (DCD):    5.010ns = ( 15.010 - 10.000 ) 
    Source Clock Delay      (SCD):    5.323ns
    Clock Pessimism Removal (CPR):    0.180ns
  Clock Uncertainty:      0.035ns  ((TSJ^2 + TIJ^2)^1/2 + DJ) / 2 + PE
    Total System Jitter     (TSJ):    0.071ns
    Total Input Jitter      (TIJ):    0.000ns
    Discrete Jitter          (DJ):    0.000ns
    Phase Error              (PE):    0.000ns

    Location             Delay type                Incr(ns)  Path(ns)    Netlist Resource(s)
  -------------------------------------------------------------------    -------------------
                         (clock sys_clk_pin rise edge)
                                                      0.000     0.000 r  
    E3                                                0.000     0.000 r  CLK (IN)
                         net (fo=0)                   0.000     0.000    CLK
    E3                   IBUF (Prop_ibuf_I_O)         1.482     1.482 r  CLK_IBUF_inst/O
                         net (fo=1, routed)           2.025     3.506    CLK_IBUF
    BUFGCTRL_X0Y16       BUFG (Prop_bufg_I_O)         0.096     3.602 r  CLK_IBUF_BUFG_inst/O
                         net (fo=145, routed)         1.720     5.323    timer_instance/CLK_IBUF_BUFG
    SLICE_X4Y87          FDRE                                         r  timer_instance/clk_cnt_reg[3]/C
  -------------------------------------------------------------------    -------------------
    SLICE_X4Y87          FDRE (Prop_fdre_C_Q)         0.456     5.779 r  timer_instance/clk_cnt_reg[3]/Q
                         net (fo=2, routed)           0.854     6.632    timer_instance/clk_cnt_reg[3]
    SLICE_X5Y90          LUT2 (Prop_lut2_I0_O)        0.124     6.756 r  timer_instance/clk_cnt0_carry_i_3/O
                         net (fo=1, routed)           0.000     6.756    timer_instance/clk_cnt0_carry_i_3_n_0
    SLICE_X5Y90          CARRY4 (Prop_carry4_S[1]_CO[3])
                                                      0.550     7.306 r  timer_instance/clk_cnt0_carry/CO[3]
                         net (fo=1, routed)           0.000     7.306    timer_instance/clk_cnt0_carry_n_0
    SLICE_X5Y91          CARRY4 (Prop_carry4_CI_CO[3])
                                                      0.114     7.420 r  timer_instance/clk_cnt0_carry__0/CO[3]
                         net (fo=1, routed)           0.000     7.420    timer_instance/clk_cnt0_carry__0_n_0
    SLICE_X5Y92          CARRY4 (Prop_carry4_CI_CO[3])
                                                      0.114     7.534 r  timer_instance/clk_cnt0_carry__1/CO[3]
                         net (fo=1, routed)           0.000     7.534    timer_instance/clk_cnt0_carry__1_n_0
    SLICE_X5Y93          CARRY4 (Prop_carry4_CI_CO[1])
                                                      0.157     7.691 r  timer_instance/clk_cnt0_carry__2/CO[1]
                         net (fo=32, routed)          1.070     8.761    timer_instance/clk_cnt0
    SLICE_X5Y101         LUT3 (Prop_lut3_I0_O)        0.357     9.118 r  timer_instance/sec[5]_i_2/O
                         net (fo=5, routed)           0.492     9.609    timer_instance/sec
    SLICE_X7Y101         LUT6 (Prop_lut6_I5_O)        0.332     9.941 r  timer_instance/sec[5]_i_1/O
                         net (fo=4, routed)           0.387    10.329    timer_instance/sec[5]_i_1_n_0
    SLICE_X7Y101         FDRE                                         r  timer_instance/sec_reg[3]/R
  -------------------------------------------------------------------    -------------------

                         (clock sys_clk_pin rise edge)
                                                     10.000    10.000 r  
    E3                                                0.000    10.000 r  CLK (IN)
                         net (fo=0)                   0.000    10.000    CLK
    E3                   IBUF (Prop_ibuf_I_O)         1.411    11.411 r  CLK_IBUF_inst/O
                         net (fo=1, routed)           1.920    13.331    CLK_IBUF
    BUFGCTRL_X0Y16       BUFG (Prop_bufg_I_O)         0.091    13.422 r  CLK_IBUF_BUFG_inst/O
                         net (fo=145, routed)         1.588    15.010    timer_instance/CLK_IBUF_BUFG
    SLICE_X7Y101         FDRE                                         r  timer_instance/sec_reg[3]/C
                         clock pessimism              0.180    15.190    
                         clock uncertainty           -0.035    15.155    
    SLICE_X7Y101         FDRE (Setup_fdre_C_R)       -0.429    14.726    timer_instance/sec_reg[3]
  -------------------------------------------------------------------
                         required time                         14.726    
                         arrival time                         -10.329    
  -------------------------------------------------------------------
                         slack                                  4.397    

Slack (MET) :             4.397ns  (required time - arrival time)
  Source:                 timer_instance/clk_cnt_reg[3]/C
                            (rising edge-triggered cell FDRE clocked by sys_clk_pin  {rise@0.000ns fall@5.000ns period=10.000ns})
  Destination:            timer_instance/sec_reg[4]/R
                            (rising edge-triggered cell FDRE clocked by sys_clk_pin  {rise@0.000ns fall@5.000ns period=10.000ns})
  Path Group:             sys_clk_pin
  Path Type:              Setup (Max at Slow Process Corner)
  Requirement:            10.000ns  (sys_clk_pin rise@10.000ns - sys_clk_pin rise@0.000ns)
  Data Path Delay:        5.006ns  (logic 2.204ns (44.028%)  route 2.802ns (55.972%))
  Logic Levels:           7  (CARRY4=4 LUT2=1 LUT3=1 LUT6=1)
  Clock Path Skew:        -0.133ns (DCD - SCD + CPR)
    Destination Clock Delay (DCD):    5.010ns = ( 15.010 - 10.000 ) 
    Source Clock Delay      (SCD):    5.323ns
    Clock Pessimism Removal (CPR):    0.180ns
  Clock Uncertainty:      0.035ns  ((TSJ^2 + TIJ^2)^1/2 + DJ) / 2 + PE
    Total System Jitter     (TSJ):    0.071ns
    Total Input Jitter      (TIJ):    0.000ns
    Discrete Jitter          (DJ):    0.000ns
    Phase Error              (PE):    0.000ns

    Location             Delay type                Incr(ns)  Path(ns)    Netlist Resource(s)
  -------------------------------------------------------------------    -------------------
                         (clock sys_clk_pin rise edge)
                                                      0.000     0.000 r  
    E3                                                0.000     0.000 r  CLK (IN)
                         net (fo=0)                   0.000     0.000    CLK
    E3                   IBUF (Prop_ibuf_I_O)         1.482     1.482 r  CLK_IBUF_inst/O
                         net (fo=1, routed)           2.025     3.506    CLK_IBUF
    BUFGCTRL_X0Y16       BUFG (Prop_bufg_I_O)         0.096     3.602 r  CLK_IBUF_BUFG_inst/O
                         net (fo=145, routed)         1.720     5.323    timer_instance/CLK_IBUF_BUFG
    SLICE_X4Y87          FDRE                                         r  timer_instance/clk_cnt_reg[3]/C
  -------------------------------------------------------------------    -------------------
    SLICE_X4Y87          FDRE (Prop_fdre_C_Q)         0.456     5.779 r  timer_instance/clk_cnt_reg[3]/Q
                         net (fo=2, routed)           0.854     6.632    timer_instance/clk_cnt_reg[3]
    SLICE_X5Y90          LUT2 (Prop_lut2_I0_O)        0.124     6.756 r  timer_instance/clk_cnt0_carry_i_3/O
                         net (fo=1, routed)           0.000     6.756    timer_instance/clk_cnt0_carry_i_3_n_0
    SLICE_X5Y90          CARRY4 (Prop_carry4_S[1]_CO[3])
                                                      0.550     7.306 r  timer_instance/clk_cnt0_carry/CO[3]
                         net (fo=1, routed)           0.000     7.306    timer_instance/clk_cnt0_carry_n_0
    SLICE_X5Y91          CARRY4 (Prop_carry4_CI_CO[3])
                                                      0.114     7.420 r  timer_instance/clk_cnt0_carry__0/CO[3]
                         net (fo=1, routed)           0.000     7.420    timer_instance/clk_cnt0_carry__0_n_0
    SLICE_X5Y92          CARRY4 (Prop_carry4_CI_CO[3])
                                                      0.114     7.534 r  timer_instance/clk_cnt0_carry__1/CO[3]
                         net (fo=1, routed)           0.000     7.534    timer_instance/clk_cnt0_carry__1_n_0
    SLICE_X5Y93          CARRY4 (Prop_carry4_CI_CO[1])
                                                      0.157     7.691 r  timer_instance/clk_cnt0_carry__2/CO[1]
                         net (fo=32, routed)          1.070     8.761    timer_instance/clk_cnt0
    SLICE_X5Y101         LUT3 (Prop_lut3_I0_O)        0.357     9.118 r  timer_instance/sec[5]_i_2/O
                         net (fo=5, routed)           0.492     9.609    timer_instance/sec
    SLICE_X7Y101         LUT6 (Prop_lut6_I5_O)        0.332     9.941 r  timer_instance/sec[5]_i_1/O
                         net (fo=4, routed)           0.387    10.329    timer_instance/sec[5]_i_1_n_0
    SLICE_X7Y101         FDRE                                         r  timer_instance/sec_reg[4]/R
  -------------------------------------------------------------------    -------------------

                         (clock sys_clk_pin rise edge)
                                                     10.000    10.000 r  
    E3                                                0.000    10.000 r  CLK (IN)
                         net (fo=0)                   0.000    10.000    CLK
    E3                   IBUF (Prop_ibuf_I_O)         1.411    11.411 r  CLK_IBUF_inst/O
                         net (fo=1, routed)           1.920    13.331    CLK_IBUF
    BUFGCTRL_X0Y16       BUFG (Prop_bufg_I_O)         0.091    13.422 r  CLK_IBUF_BUFG_inst/O
                         net (fo=145, routed)         1.588    15.010    timer_instance/CLK_IBUF_BUFG
    SLICE_X7Y101         FDRE                                         r  timer_instance/sec_reg[4]/C
                         clock pessimism              0.180    15.190    
                         clock uncertainty           -0.035    15.155    
    SLICE_X7Y101         FDRE (Setup_fdre_C_R)       -0.429    14.726    timer_instance/sec_reg[4]
  -------------------------------------------------------------------
                         required time                         14.726    
                         arrival time                         -10.329    
  -------------------------------------------------------------------
                         slack                                  4.397    

Slack (MET) :             4.397ns  (required time - arrival time)
  Source:                 timer_instance/clk_cnt_reg[3]/C
                            (rising edge-triggered cell FDRE clocked by sys_clk_pin  {rise@0.000ns fall@5.000ns period=10.000ns})
  Destination:            timer_instance/sec_reg[5]/R
                            (rising edge-triggered cell FDRE clocked by sys_clk_pin  {rise@0.000ns fall@5.000ns period=10.000ns})
  Path Group:             sys_clk_pin
  Path Type:              Setup (Max at Slow Process Corner)
  Requirement:            10.000ns  (sys_clk_pin rise@10.000ns - sys_clk_pin rise@0.000ns)
  Data Path Delay:        5.006ns  (logic 2.204ns (44.028%)  route 2.802ns (55.972%))
  Logic Levels:           7  (CARRY4=4 LUT2=1 LUT3=1 LUT6=1)
  Clock Path Skew:        -0.133ns (DCD - SCD + CPR)
    Destination Clock Delay (DCD):    5.010ns = ( 15.010 - 10.000 ) 
    Source Clock Delay      (SCD):    5.323ns
    Clock Pessimism Removal (CPR):    0.180ns
  Clock Uncertainty:      0.035ns  ((TSJ^2 + TIJ^2)^1/2 + DJ) / 2 + PE
    Total System Jitter     (TSJ):    0.071ns
    Total Input Jitter      (TIJ):    0.000ns
    Discrete Jitter          (DJ):    0.000ns
    Phase Error              (PE):    0.000ns

    Location             Delay type                Incr(ns)  Path(ns)    Netlist Resource(s)
  -------------------------------------------------------------------    -------------------
                         (clock sys_clk_pin rise edge)
                                                      0.000     0.000 r  
    E3                                                0.000     0.000 r  CLK (IN)
                         net (fo=0)                   0.000     0.000    CLK
    E3                   IBUF (Prop_ibuf_I_O)         1.482     1.482 r  CLK_IBUF_inst/O
                         net (fo=1, routed)           2.025     3.506    CLK_IBUF
    BUFGCTRL_X0Y16       BUFG (Prop_bufg_I_O)         0.096     3.602 r  CLK_IBUF_BUFG_inst/O
                         net (fo=145, routed)         1.720     5.323    timer_instance/CLK_IBUF_BUFG
    SLICE_X4Y87          FDRE                                         r  timer_instance/clk_cnt_reg[3]/C
  -------------------------------------------------------------------    -------------------
    SLICE_X4Y87          FDRE (Prop_fdre_C_Q)         0.456     5.779 r  timer_instance/clk_cnt_reg[3]/Q
                         net (fo=2, routed)           0.854     6.632    timer_instance/clk_cnt_reg[3]
    SLICE_X5Y90          LUT2 (Prop_lut2_I0_O)        0.124     6.756 r  timer_instance/clk_cnt0_carry_i_3/O
                         net (fo=1, routed)           0.000     6.756    timer_instance/clk_cnt0_carry_i_3_n_0
    SLICE_X5Y90          CARRY4 (Prop_carry4_S[1]_CO[3])
                                                      0.550     7.306 r  timer_instance/clk_cnt0_carry/CO[3]
                         net (fo=1, routed)           0.000     7.306    timer_instance/clk_cnt0_carry_n_0
    SLICE_X5Y91          CARRY4 (Prop_carry4_CI_CO[3])
                                                      0.114     7.420 r  timer_instance/clk_cnt0_carry__0/CO[3]
                         net (fo=1, routed)           0.000     7.420    timer_instance/clk_cnt0_carry__0_n_0
    SLICE_X5Y92          CARRY4 (Prop_carry4_CI_CO[3])
                                                      0.114     7.534 r  timer_instance/clk_cnt0_carry__1/CO[3]
                         net (fo=1, routed)           0.000     7.534    timer_instance/clk_cnt0_carry__1_n_0
    SLICE_X5Y93          CARRY4 (Prop_carry4_CI_CO[1])
                                                      0.157     7.691 r  timer_instance/clk_cnt0_carry__2/CO[1]
                         net (fo=32, routed)          1.070     8.761    timer_instance/clk_cnt0
    SLICE_X5Y101         LUT3 (Prop_lut3_I0_O)        0.357     9.118 r  timer_instance/sec[5]_i_2/O
                         net (fo=5, routed)           0.492     9.609    timer_instance/sec
    SLICE_X7Y101         LUT6 (Prop_lut6_I5_O)        0.332     9.941 r  timer_instance/sec[5]_i_1/O
                         net (fo=4, routed)           0.387    10.329    timer_instance/sec[5]_i_1_n_0
    SLICE_X7Y101         FDRE                                         r  timer_instance/sec_reg[5]/R
  -------------------------------------------------------------------    -------------------

                         (clock sys_clk_pin rise edge)
                                                     10.000    10.000 r  
    E3                                                0.000    10.000 r  CLK (IN)
                         net (fo=0)                   0.000    10.000    CLK
    E3                   IBUF (Prop_ibuf_I_O)         1.411    11.411 r  CLK_IBUF_inst/O
                         net (fo=1, routed)           1.920    13.331    CLK_IBUF
    BUFGCTRL_X0Y16       BUFG (Prop_bufg_I_O)         0.091    13.422 r  CLK_IBUF_BUFG_inst/O
                         net (fo=145, routed)         1.588    15.010    timer_instance/CLK_IBUF_BUFG
    SLICE_X7Y101         FDRE                                         r  timer_instance/sec_reg[5]/C
                         clock pessimism              0.180    15.190    
                         clock uncertainty           -0.035    15.155    
    SLICE_X7Y101         FDRE (Setup_fdre_C_R)       -0.429    14.726    timer_instance/sec_reg[5]
  -------------------------------------------------------------------
                         required time                         14.726    
                         arrival time                         -10.329    
  -------------------------------------------------------------------
                         slack                                  4.397    

Slack (MET) :             4.558ns  (required time - arrival time)
  Source:                 timer_instance/clk_cnt_reg[3]/C
                            (rising edge-triggered cell FDRE clocked by sys_clk_pin  {rise@0.000ns fall@5.000ns period=10.000ns})
  Destination:            timer_instance/hr_reg[0]/CE
                            (rising edge-triggered cell FDRE clocked by sys_clk_pin  {rise@0.000ns fall@5.000ns period=10.000ns})
  Path Group:             sys_clk_pin
  Path Type:              Setup (Max at Slow Process Corner)
  Requirement:            10.000ns  (sys_clk_pin rise@10.000ns - sys_clk_pin rise@0.000ns)
  Data Path Delay:        5.071ns  (logic 2.198ns (43.348%)  route 2.873ns (56.652%))
  Logic Levels:           7  (CARRY4=4 LUT2=1 LUT4=1 LUT5=1)
  Clock Path Skew:        -0.131ns (DCD - SCD + CPR)
    Destination Clock Delay (DCD):    5.012ns = ( 15.012 - 10.000 ) 
    Source Clock Delay      (SCD):    5.323ns
    Clock Pessimism Removal (CPR):    0.180ns
  Clock Uncertainty:      0.035ns  ((TSJ^2 + TIJ^2)^1/2 + DJ) / 2 + PE
    Total System Jitter     (TSJ):    0.071ns
    Total Input Jitter      (TIJ):    0.000ns
    Discrete Jitter          (DJ):    0.000ns
    Phase Error              (PE):    0.000ns

    Location             Delay type                Incr(ns)  Path(ns)    Netlist Resource(s)
  -------------------------------------------------------------------    -------------------
                         (clock sys_clk_pin rise edge)
                                                      0.000     0.000 r  
    E3                                                0.000     0.000 r  CLK (IN)
                         net (fo=0)                   0.000     0.000    CLK
    E3                   IBUF (Prop_ibuf_I_O)         1.482     1.482 r  CLK_IBUF_inst/O
                         net (fo=1, routed)           2.025     3.506    CLK_IBUF
    BUFGCTRL_X0Y16       BUFG (Prop_bufg_I_O)         0.096     3.602 r  CLK_IBUF_BUFG_inst/O
                         net (fo=145, routed)         1.720     5.323    timer_instance/CLK_IBUF_BUFG
    SLICE_X4Y87          FDRE                                         r  timer_instance/clk_cnt_reg[3]/C
  -------------------------------------------------------------------    -------------------
    SLICE_X4Y87          FDRE (Prop_fdre_C_Q)         0.456     5.779 r  timer_instance/clk_cnt_reg[3]/Q
                         net (fo=2, routed)           0.854     6.632    timer_instance/clk_cnt_reg[3]
    SLICE_X5Y90          LUT2 (Prop_lut2_I0_O)        0.124     6.756 r  timer_instance/clk_cnt0_carry_i_3/O
                         net (fo=1, routed)           0.000     6.756    timer_instance/clk_cnt0_carry_i_3_n_0
    SLICE_X5Y90          CARRY4 (Prop_carry4_S[1]_CO[3])
                                                      0.550     7.306 r  timer_instance/clk_cnt0_carry/CO[3]
                         net (fo=1, routed)           0.000     7.306    timer_instance/clk_cnt0_carry_n_0
    SLICE_X5Y91          CARRY4 (Prop_carry4_CI_CO[3])
                                                      0.114     7.420 r  timer_instance/clk_cnt0_carry__0/CO[3]
                         net (fo=1, routed)           0.000     7.420    timer_instance/clk_cnt0_carry__0_n_0
    SLICE_X5Y92          CARRY4 (Prop_carry4_CI_CO[3])
                                                      0.114     7.534 r  timer_instance/clk_cnt0_carry__1/CO[3]
                         net (fo=1, routed)           0.000     7.534    timer_instance/clk_cnt0_carry__1_n_0
    SLICE_X5Y93          CARRY4 (Prop_carry4_CI_CO[1])
                                                      0.157     7.691 r  timer_instance/clk_cnt0_carry__2/CO[1]
                         net (fo=32, routed)          1.009     8.701    timer_instance/clk_cnt0
    SLICE_X2Y101         LUT4 (Prop_lut4_I2_O)        0.355     9.056 f  timer_instance/min[5]_i_5/O
                         net (fo=5, routed)           0.483     9.539    timer_instance/min[5]_i_5_n_0
    SLICE_X2Y101         LUT5 (Prop_lut5_I0_O)        0.328     9.867 r  timer_instance/hr[3]_i_1/O
                         net (fo=4, routed)           0.526    10.393    timer_instance/hr[3]_i_1_n_0
    SLICE_X1Y100         FDRE                                         r  timer_instance/hr_reg[0]/CE
  -------------------------------------------------------------------    -------------------

                         (clock sys_clk_pin rise edge)
                                                     10.000    10.000 r  
    E3                                                0.000    10.000 r  CLK (IN)
                         net (fo=0)                   0.000    10.000    CLK
    E3                   IBUF (Prop_ibuf_I_O)         1.411    11.411 r  CLK_IBUF_inst/O
                         net (fo=1, routed)           1.920    13.331    CLK_IBUF
    BUFGCTRL_X0Y16       BUFG (Prop_bufg_I_O)         0.091    13.422 r  CLK_IBUF_BUFG_inst/O
                         net (fo=145, routed)         1.590    15.012    timer_instance/CLK_IBUF_BUFG
    SLICE_X1Y100         FDRE                                         r  timer_instance/hr_reg[0]/C
                         clock pessimism              0.180    15.192    
                         clock uncertainty           -0.035    15.157    
    SLICE_X1Y100         FDRE (Setup_fdre_C_CE)      -0.205    14.952    timer_instance/hr_reg[0]
  -------------------------------------------------------------------
                         required time                         14.952    
                         arrival time                         -10.393    
  -------------------------------------------------------------------
                         slack                                  4.558    

Slack (MET) :             4.558ns  (required time - arrival time)
  Source:                 timer_instance/clk_cnt_reg[3]/C
                            (rising edge-triggered cell FDRE clocked by sys_clk_pin  {rise@0.000ns fall@5.000ns period=10.000ns})
  Destination:            timer_instance/hr_reg[1]/CE
                            (rising edge-triggered cell FDRE clocked by sys_clk_pin  {rise@0.000ns fall@5.000ns period=10.000ns})
  Path Group:             sys_clk_pin
  Path Type:              Setup (Max at Slow Process Corner)
  Requirement:            10.000ns  (sys_clk_pin rise@10.000ns - sys_clk_pin rise@0.000ns)
  Data Path Delay:        5.071ns  (logic 2.198ns (43.348%)  route 2.873ns (56.652%))
  Logic Levels:           7  (CARRY4=4 LUT2=1 LUT4=1 LUT5=1)
  Clock Path Skew:        -0.131ns (DCD - SCD + CPR)
    Destination Clock Delay (DCD):    5.012ns = ( 15.012 - 10.000 ) 
    Source Clock Delay      (SCD):    5.323ns
    Clock Pessimism Removal (CPR):    0.180ns
  Clock Uncertainty:      0.035ns  ((TSJ^2 + TIJ^2)^1/2 + DJ) / 2 + PE
    Total System Jitter     (TSJ):    0.071ns
    Total Input Jitter      (TIJ):    0.000ns
    Discrete Jitter          (DJ):    0.000ns
    Phase Error              (PE):    0.000ns

    Location             Delay type                Incr(ns)  Path(ns)    Netlist Resource(s)
  -------------------------------------------------------------------    -------------------
                         (clock sys_clk_pin rise edge)
                                                      0.000     0.000 r  
    E3                                                0.000     0.000 r  CLK (IN)
                         net (fo=0)                   0.000     0.000    CLK
    E3                   IBUF (Prop_ibuf_I_O)         1.482     1.482 r  CLK_IBUF_inst/O
                         net (fo=1, routed)           2.025     3.506    CLK_IBUF
    BUFGCTRL_X0Y16       BUFG (Prop_bufg_I_O)         0.096     3.602 r  CLK_IBUF_BUFG_inst/O
                         net (fo=145, routed)         1.720     5.323    timer_instance/CLK_IBUF_BUFG
    SLICE_X4Y87          FDRE                                         r  timer_instance/clk_cnt_reg[3]/C
  -------------------------------------------------------------------    -------------------
    SLICE_X4Y87          FDRE (Prop_fdre_C_Q)         0.456     5.779 r  timer_instance/clk_cnt_reg[3]/Q
                         net (fo=2, routed)           0.854     6.632    timer_instance/clk_cnt_reg[3]
    SLICE_X5Y90          LUT2 (Prop_lut2_I0_O)        0.124     6.756 r  timer_instance/clk_cnt0_carry_i_3/O
                         net (fo=1, routed)           0.000     6.756    timer_instance/clk_cnt0_carry_i_3_n_0
    SLICE_X5Y90          CARRY4 (Prop_carry4_S[1]_CO[3])
                                                      0.550     7.306 r  timer_instance/clk_cnt0_carry/CO[3]
                         net (fo=1, routed)           0.000     7.306    timer_instance/clk_cnt0_carry_n_0
    SLICE_X5Y91          CARRY4 (Prop_carry4_CI_CO[3])
                                                      0.114     7.420 r  timer_instance/clk_cnt0_carry__0/CO[3]
                         net (fo=1, routed)           0.000     7.420    timer_instance/clk_cnt0_carry__0_n_0
    SLICE_X5Y92          CARRY4 (Prop_carry4_CI_CO[3])
                                                      0.114     7.534 r  timer_instance/clk_cnt0_carry__1/CO[3]
                         net (fo=1, routed)           0.000     7.534    timer_instance/clk_cnt0_carry__1_n_0
    SLICE_X5Y93          CARRY4 (Prop_carry4_CI_CO[1])
                                                      0.157     7.691 r  timer_instance/clk_cnt0_carry__2/CO[1]
                         net (fo=32, routed)          1.009     8.701    timer_instance/clk_cnt0
    SLICE_X2Y101         LUT4 (Prop_lut4_I2_O)        0.355     9.056 f  timer_instance/min[5]_i_5/O
                         net (fo=5, routed)           0.483     9.539    timer_instance/min[5]_i_5_n_0
    SLICE_X2Y101         LUT5 (Prop_lut5_I0_O)        0.328     9.867 r  timer_instance/hr[3]_i_1/O
                         net (fo=4, routed)           0.526    10.393    timer_instance/hr[3]_i_1_n_0
    SLICE_X1Y100         FDRE                                         r  timer_instance/hr_reg[1]/CE
  -------------------------------------------------------------------    -------------------

                         (clock sys_clk_pin rise edge)
                                                     10.000    10.000 r  
    E3                                                0.000    10.000 r  CLK (IN)
                         net (fo=0)                   0.000    10.000    CLK
    E3                   IBUF (Prop_ibuf_I_O)         1.411    11.411 r  CLK_IBUF_inst/O
                         net (fo=1, routed)           1.920    13.331    CLK_IBUF
    BUFGCTRL_X0Y16       BUFG (Prop_bufg_I_O)         0.091    13.422 r  CLK_IBUF_BUFG_inst/O
                         net (fo=145, routed)         1.590    15.012    timer_instance/CLK_IBUF_BUFG
    SLICE_X1Y100         FDRE                                         r  timer_instance/hr_reg[1]/C
                         clock pessimism              0.180    15.192    
                         clock uncertainty           -0.035    15.157    
    SLICE_X1Y100         FDRE (Setup_fdre_C_CE)      -0.205    14.952    timer_instance/hr_reg[1]
  -------------------------------------------------------------------
                         required time                         14.952    
                         arrival time                         -10.393    
  -------------------------------------------------------------------
                         slack                                  4.558    





Min Delay Paths
--------------------------------------------------------------------------------------
Slack (MET) :             0.117ns  (arrival time - required time)
  Source:                 timer_instance/state_reg[1]/C
                            (rising edge-triggered cell FDRE clocked by sys_clk_pin  {rise@0.000ns fall@5.000ns period=10.000ns})
  Destination:            timer_instance/sec_reg[1]/D
                            (rising edge-triggered cell FDRE clocked by sys_clk_pin  {rise@0.000ns fall@5.000ns period=10.000ns})
  Path Group:             sys_clk_pin
  Path Type:              Hold (Min at Fast Process Corner)
  Requirement:            0.000ns  (sys_clk_pin rise@0.000ns - sys_clk_pin rise@0.000ns)
  Data Path Delay:        0.489ns  (logic 0.249ns (50.892%)  route 0.240ns (49.108%))
  Logic Levels:           1  (LUT5=1)
  Clock Path Skew:        0.265ns (DCD - SCD - CPR)
    Destination Clock Delay (DCD):    2.034ns
    Source Clock Delay      (SCD):    1.523ns
    Clock Pessimism Removal (CPR):    0.245ns

    Location             Delay type                Incr(ns)  Path(ns)    Netlist Resource(s)
  -------------------------------------------------------------------    -------------------
                         (clock sys_clk_pin rise edge)
                                                      0.000     0.000 r  
    E3                                                0.000     0.000 r  CLK (IN)
                         net (fo=0)                   0.000     0.000    CLK
    E3                   IBUF (Prop_ibuf_I_O)         0.250     0.250 r  CLK_IBUF_inst/O
                         net (fo=1, routed)           0.644     0.894    CLK_IBUF
    BUFGCTRL_X0Y16       BUFG (Prop_bufg_I_O)         0.026     0.920 r  CLK_IBUF_BUFG_inst/O
                         net (fo=145, routed)         0.604     1.523    timer_instance/CLK_IBUF_BUFG
    SLICE_X6Y99          FDRE                                         r  timer_instance/state_reg[1]/C
  -------------------------------------------------------------------    -------------------
    SLICE_X6Y99          FDRE (Prop_fdre_C_Q)         0.148     1.671 r  timer_instance/state_reg[1]/Q
                         net (fo=18, routed)          0.240     1.912    timer_instance/state[1]
    SLICE_X5Y101         LUT5 (Prop_lut5_I2_O)        0.101     2.013 r  timer_instance/sec[1]_i_1/O
                         net (fo=1, routed)           0.000     2.013    timer_instance/sec[1]_i_1_n_0
    SLICE_X5Y101         FDRE                                         r  timer_instance/sec_reg[1]/D
  -------------------------------------------------------------------    -------------------

                         (clock sys_clk_pin rise edge)
                                                      0.000     0.000 r  
    E3                                                0.000     0.000 r  CLK (IN)
                         net (fo=0)                   0.000     0.000    CLK
    E3                   IBUF (Prop_ibuf_I_O)         0.438     0.438 r  CLK_IBUF_inst/O
                         net (fo=1, routed)           0.699     1.136    CLK_IBUF
    BUFGCTRL_X0Y16       BUFG (Prop_bufg_I_O)         0.029     1.165 r  CLK_IBUF_BUFG_inst/O
                         net (fo=145, routed)         0.868     2.034    timer_instance/CLK_IBUF_BUFG
    SLICE_X5Y101         FDRE                                         r  timer_instance/sec_reg[1]/C
                         clock pessimism             -0.245     1.788    
    SLICE_X5Y101         FDRE (Hold_fdre_C_D)         0.107     1.895    timer_instance/sec_reg[1]
  -------------------------------------------------------------------
                         required time                         -1.895    
                         arrival time                           2.013    
  -------------------------------------------------------------------
                         slack                                  0.117    

Slack (MET) :             0.118ns  (arrival time - required time)
  Source:                 btnu_instance/counter_reg[10]/C
                            (rising edge-triggered cell FDRE clocked by sys_clk_pin  {rise@0.000ns fall@5.000ns period=10.000ns})
  Destination:            btnu_instance/counter_reg[12]/D
                            (rising edge-triggered cell FDRE clocked by sys_clk_pin  {rise@0.000ns fall@5.000ns period=10.000ns})
  Path Group:             sys_clk_pin
  Path Type:              Hold (Min at Fast Process Corner)
  Requirement:            0.000ns  (sys_clk_pin rise@0.000ns - sys_clk_pin rise@0.000ns)
  Data Path Delay:        0.488ns  (logic 0.355ns (72.708%)  route 0.133ns (27.292%))
  Logic Levels:           2  (CARRY4=2)
  Clock Path Skew:        0.265ns (DCD - SCD - CPR)
    Destination Clock Delay (DCD):    2.034ns
    Source Clock Delay      (SCD):    1.523ns
    Clock Pessimism Removal (CPR):    0.245ns

    Location             Delay type                Incr(ns)  Path(ns)    Netlist Resource(s)
  -------------------------------------------------------------------    -------------------
                         (clock sys_clk_pin rise edge)
                                                      0.000     0.000 r  
    E3                                                0.000     0.000 r  CLK (IN)
                         net (fo=0)                   0.000     0.000    CLK
    E3                   IBUF (Prop_ibuf_I_O)         0.250     0.250 r  CLK_IBUF_inst/O
                         net (fo=1, routed)           0.644     0.894    CLK_IBUF
    BUFGCTRL_X0Y16       BUFG (Prop_bufg_I_O)         0.026     0.920 r  CLK_IBUF_BUFG_inst/O
                         net (fo=145, routed)         0.604     1.523    btnu_instance/CLK_IBUF_BUFG
    SLICE_X4Y99          FDRE                                         r  btnu_instance/counter_reg[10]/C
  -------------------------------------------------------------------    -------------------
    SLICE_X4Y99          FDRE (Prop_fdre_C_Q)         0.141     1.664 r  btnu_instance/counter_reg[10]/Q
                         net (fo=2, routed)           0.133     1.797    btnu_instance/counter_reg[10]
    SLICE_X4Y99          CARRY4 (Prop_carry4_S[2]_CO[3])
                                                      0.160     1.957 r  btnu_instance/counter_reg[8]_i_1__0/CO[3]
                         net (fo=1, routed)           0.001     1.958    btnu_instance/counter_reg[8]_i_1__0_n_0
    SLICE_X4Y100         CARRY4 (Prop_carry4_CI_O[0])
                                                      0.054     2.012 r  btnu_instance/counter_reg[12]_i_1__0/O[0]
                         net (fo=1, routed)           0.000     2.012    btnu_instance/counter_reg[12]_i_1__0_n_7
    SLICE_X4Y100         FDRE                                         r  btnu_instance/counter_reg[12]/D
  -------------------------------------------------------------------    -------------------

                         (clock sys_clk_pin rise edge)
                                                      0.000     0.000 r  
    E3                                                0.000     0.000 r  CLK (IN)
                         net (fo=0)                   0.000     0.000    CLK
    E3                   IBUF (Prop_ibuf_I_O)         0.438     0.438 r  CLK_IBUF_inst/O
                         net (fo=1, routed)           0.699     1.136    CLK_IBUF
    BUFGCTRL_X0Y16       BUFG (Prop_bufg_I_O)         0.029     1.165 r  CLK_IBUF_BUFG_inst/O
                         net (fo=145, routed)         0.868     2.034    btnu_instance/CLK_IBUF_BUFG
    SLICE_X4Y100         FDRE                                         r  btnu_instance/counter_reg[12]/C
                         clock pessimism             -0.245     1.788    
    SLICE_X4Y100         FDRE (Hold_fdre_C_D)         0.105     1.893    btnu_instance/counter_reg[12]
  -------------------------------------------------------------------
                         required time                         -1.893    
                         arrival time                           2.012    
  -------------------------------------------------------------------
                         slack                                  0.118    

Slack (MET) :             0.120ns  (arrival time - required time)
  Source:                 timer_instance/blink_cnt_reg[18]/C
                            (rising edge-triggered cell FDRE clocked by sys_clk_pin  {rise@0.000ns fall@5.000ns period=10.000ns})
  Destination:            timer_instance/blink_flag_reg/D
                            (rising edge-triggered cell FDRE clocked by sys_clk_pin  {rise@0.000ns fall@5.000ns period=10.000ns})
  Path Group:             sys_clk_pin
  Path Type:              Hold (Min at Fast Process Corner)
  Requirement:            0.000ns  (sys_clk_pin rise@0.000ns - sys_clk_pin rise@0.000ns)
  Data Path Delay:        0.253ns  (logic 0.186ns (73.517%)  route 0.067ns (26.483%))
  Logic Levels:           1  (LUT6=1)
  Clock Path Skew:        0.013ns (DCD - SCD - CPR)
    Destination Clock Delay (DCD):    2.042ns
    Source Clock Delay      (SCD):    1.523ns
    Clock Pessimism Removal (CPR):    0.505ns

    Location             Delay type                Incr(ns)  Path(ns)    Netlist Resource(s)
  -------------------------------------------------------------------    -------------------
                         (clock sys_clk_pin rise edge)
                                                      0.000     0.000 r  
    E3                                                0.000     0.000 r  CLK (IN)
                         net (fo=0)                   0.000     0.000    CLK
    E3                   IBUF (Prop_ibuf_I_O)         0.250     0.250 r  CLK_IBUF_inst/O
                         net (fo=1, routed)           0.644     0.894    CLK_IBUF
    BUFGCTRL_X0Y16       BUFG (Prop_bufg_I_O)         0.026     0.920 r  CLK_IBUF_BUFG_inst/O
                         net (fo=145, routed)         0.604     1.523    timer_instance/CLK_IBUF_BUFG
    SLICE_X3Y96          FDRE                                         r  timer_instance/blink_cnt_reg[18]/C
  -------------------------------------------------------------------    -------------------
    SLICE_X3Y96          FDRE (Prop_fdre_C_Q)         0.141     1.664 r  timer_instance/blink_cnt_reg[18]/Q
                         net (fo=3, routed)           0.067     1.731    timer_instance/blink_cnt_reg[18]
    SLICE_X2Y96          LUT6 (Prop_lut6_I0_O)        0.045     1.776 r  timer_instance/blink_flag_i_1/O
                         net (fo=1, routed)           0.000     1.776    timer_instance/blink_flag_i_1_n_0
    SLICE_X2Y96          FDRE                                         r  timer_instance/blink_flag_reg/D
  -------------------------------------------------------------------    -------------------

                         (clock sys_clk_pin rise edge)
                                                      0.000     0.000 r  
    E3                                                0.000     0.000 r  CLK (IN)
                         net (fo=0)                   0.000     0.000    CLK
    E3                   IBUF (Prop_ibuf_I_O)         0.438     0.438 r  CLK_IBUF_inst/O
                         net (fo=1, routed)           0.699     1.136    CLK_IBUF
    BUFGCTRL_X0Y16       BUFG (Prop_bufg_I_O)         0.029     1.165 r  CLK_IBUF_BUFG_inst/O
                         net (fo=145, routed)         0.877     2.042    timer_instance/CLK_IBUF_BUFG
    SLICE_X2Y96          FDRE                                         r  timer_instance/blink_flag_reg/C
                         clock pessimism             -0.505     1.536    
    SLICE_X2Y96          FDRE (Hold_fdre_C_D)         0.120     1.656    timer_instance/blink_flag_reg
  -------------------------------------------------------------------
                         required time                         -1.656    
                         arrival time                           1.776    
  -------------------------------------------------------------------
                         slack                                  0.120    

Slack (MET) :             0.126ns  (arrival time - required time)
  Source:                 btnu_instance/btn_sync_reg[1]/C
                            (rising edge-triggered cell FDRE clocked by sys_clk_pin  {rise@0.000ns fall@5.000ns period=10.000ns})
  Destination:            btnu_instance/btn_stable_reg/D
                            (rising edge-triggered cell FDRE clocked by sys_clk_pin  {rise@0.000ns fall@5.000ns period=10.000ns})
  Path Group:             sys_clk_pin
  Path Type:              Hold (Min at Fast Process Corner)
  Requirement:            0.000ns  (sys_clk_pin rise@0.000ns - sys_clk_pin rise@0.000ns)
  Data Path Delay:        0.498ns  (logic 0.210ns (42.176%)  route 0.288ns (57.824%))
  Logic Levels:           1  (LUT3=1)
  Clock Path Skew:        0.265ns (DCD - SCD - CPR)
    Destination Clock Delay (DCD):    2.034ns
    Source Clock Delay      (SCD):    1.523ns
    Clock Pessimism Removal (CPR):    0.245ns

    Location             Delay type                Incr(ns)  Path(ns)    Netlist Resource(s)
  -------------------------------------------------------------------    -------------------
                         (clock sys_clk_pin rise edge)
                                                      0.000     0.000 r  
    E3                                                0.000     0.000 r  CLK (IN)
                         net (fo=0)                   0.000     0.000    CLK
    E3                   IBUF (Prop_ibuf_I_O)         0.250     0.250 r  CLK_IBUF_inst/O
                         net (fo=1, routed)           0.644     0.894    CLK_IBUF
    BUFGCTRL_X0Y16       BUFG (Prop_bufg_I_O)         0.026     0.920 r  CLK_IBUF_BUFG_inst/O
                         net (fo=145, routed)         0.604     1.523    btnu_instance/CLK_IBUF_BUFG
    SLICE_X2Y95          FDRE                                         r  btnu_instance/btn_sync_reg[1]/C
  -------------------------------------------------------------------    -------------------
    SLICE_X2Y95          FDRE (Prop_fdre_C_Q)         0.164     1.687 r  btnu_instance/btn_sync_reg[1]/Q
                         net (fo=2, routed)           0.288     1.975    btnu_instance/btn_sync_reg_n_0_[1]
    SLICE_X5Y102         LUT3 (Prop_lut3_I1_O)        0.046     2.021 r  btnu_instance/btn_stable_i_1__0/O
                         net (fo=1, routed)           0.000     2.021    btnu_instance/btn_stable_i_1__0_n_0
    SLICE_X5Y102         FDRE                                         r  btnu_instance/btn_stable_reg/D
  -------------------------------------------------------------------    -------------------

                         (clock sys_clk_pin rise edge)
                                                      0.000     0.000 r  
    E3                                                0.000     0.000 r  CLK (IN)
                         net (fo=0)                   0.000     0.000    CLK
    E3                   IBUF (Prop_ibuf_I_O)         0.438     0.438 r  CLK_IBUF_inst/O
                         net (fo=1, routed)           0.699     1.136    CLK_IBUF
    BUFGCTRL_X0Y16       BUFG (Prop_bufg_I_O)         0.029     1.165 r  CLK_IBUF_BUFG_inst/O
                         net (fo=145, routed)         0.868     2.034    btnu_instance/CLK_IBUF_BUFG
    SLICE_X5Y102         FDRE                                         r  btnu_instance/btn_stable_reg/C
                         clock pessimism             -0.245     1.788    
    SLICE_X5Y102         FDRE (Hold_fdre_C_D)         0.107     1.895    btnu_instance/btn_stable_reg
  -------------------------------------------------------------------
                         required time                         -1.895    
                         arrival time                           2.021    
  -------------------------------------------------------------------
                         slack                                  0.126    

Slack (MET) :             0.129ns  (arrival time - required time)
  Source:                 btnu_instance/counter_reg[10]/C
                            (rising edge-triggered cell FDRE clocked by sys_clk_pin  {rise@0.000ns fall@5.000ns period=10.000ns})
  Destination:            btnu_instance/counter_reg[14]/D
                            (rising edge-triggered cell FDRE clocked by sys_clk_pin  {rise@0.000ns fall@5.000ns period=10.000ns})
  Path Group:             sys_clk_pin
  Path Type:              Hold (Min at Fast Process Corner)
  Requirement:            0.000ns  (sys_clk_pin rise@0.000ns - sys_clk_pin rise@0.000ns)
  Data Path Delay:        0.499ns  (logic 0.366ns (73.309%)  route 0.133ns (26.691%))
  Logic Levels:           2  (CARRY4=2)
  Clock Path Skew:        0.265ns (DCD - SCD - CPR)
    Destination Clock Delay (DCD):    2.034ns
    Source Clock Delay      (SCD):    1.523ns
    Clock Pessimism Removal (CPR):    0.245ns

    Location             Delay type                Incr(ns)  Path(ns)    Netlist Resource(s)
  -------------------------------------------------------------------    -------------------
                         (clock sys_clk_pin rise edge)
                                                      0.000     0.000 r  
    E3                                                0.000     0.000 r  CLK (IN)
                         net (fo=0)                   0.000     0.000    CLK
    E3                   IBUF (Prop_ibuf_I_O)         0.250     0.250 r  CLK_IBUF_inst/O
                         net (fo=1, routed)           0.644     0.894    CLK_IBUF
    BUFGCTRL_X0Y16       BUFG (Prop_bufg_I_O)         0.026     0.920 r  CLK_IBUF_BUFG_inst/O
                         net (fo=145, routed)         0.604     1.523    btnu_instance/CLK_IBUF_BUFG
    SLICE_X4Y99          FDRE                                         r  btnu_instance/counter_reg[10]/C
  -------------------------------------------------------------------    -------------------
    SLICE_X4Y99          FDRE (Prop_fdre_C_Q)         0.141     1.664 r  btnu_instance/counter_reg[10]/Q
                         net (fo=2, routed)           0.133     1.797    btnu_instance/counter_reg[10]
    SLICE_X4Y99          CARRY4 (Prop_carry4_S[2]_CO[3])
                                                      0.160     1.957 r  btnu_instance/counter_reg[8]_i_1__0/CO[3]
                         net (fo=1, routed)           0.001     1.958    btnu_instance/counter_reg[8]_i_1__0_n_0
    SLICE_X4Y100         CARRY4 (Prop_carry4_CI_O[2])
                                                      0.065     2.023 r  btnu_instance/counter_reg[12]_i_1__0/O[2]
                         net (fo=1, routed)           0.000     2.023    btnu_instance/counter_reg[12]_i_1__0_n_5
    SLICE_X4Y100         FDRE                                         r  btnu_instance/counter_reg[14]/D
  -------------------------------------------------------------------    -------------------

                         (clock sys_clk_pin rise edge)
                                                      0.000     0.000 r  
    E3                                                0.000     0.000 r  CLK (IN)
                         net (fo=0)                   0.000     0.000    CLK
    E3                   IBUF (Prop_ibuf_I_O)         0.438     0.438 r  CLK_IBUF_inst/O
                         net (fo=1, routed)           0.699     1.136    CLK_IBUF
    BUFGCTRL_X0Y16       BUFG (Prop_bufg_I_O)         0.029     1.165 r  CLK_IBUF_BUFG_inst/O
                         net (fo=145, routed)         0.868     2.034    btnu_instance/CLK_IBUF_BUFG
    SLICE_X4Y100         FDRE                                         r  btnu_instance/counter_reg[14]/C
                         clock pessimism             -0.245     1.788    
    SLICE_X4Y100         FDRE (Hold_fdre_C_D)         0.105     1.893    btnu_instance/counter_reg[14]
  -------------------------------------------------------------------
                         required time                         -1.893    
                         arrival time                           2.023    
  -------------------------------------------------------------------
                         slack                                  0.129    

Slack (MET) :             0.130ns  (arrival time - required time)
  Source:                 timer_instance/state_reg[1]/C
                            (rising edge-triggered cell FDRE clocked by sys_clk_pin  {rise@0.000ns fall@5.000ns period=10.000ns})
  Destination:            timer_instance/sec_reg[0]/D
                            (rising edge-triggered cell FDRE clocked by sys_clk_pin  {rise@0.000ns fall@5.000ns period=10.000ns})
  Path Group:             sys_clk_pin
  Path Type:              Hold (Min at Fast Process Corner)
  Requirement:            0.000ns  (sys_clk_pin rise@0.000ns - sys_clk_pin rise@0.000ns)
  Data Path Delay:        0.486ns  (logic 0.246ns (50.589%)  route 0.240ns (49.411%))
  Logic Levels:           1  (LUT4=1)
  Clock Path Skew:        0.265ns (DCD - SCD - CPR)
    Destination Clock Delay (DCD):    2.034ns
    Source Clock Delay      (SCD):    1.523ns
    Clock Pessimism Removal (CPR):    0.245ns

    Location             Delay type                Incr(ns)  Path(ns)    Netlist Resource(s)
  -------------------------------------------------------------------    -------------------
                         (clock sys_clk_pin rise edge)
                                                      0.000     0.000 r  
    E3                                                0.000     0.000 r  CLK (IN)
                         net (fo=0)                   0.000     0.000    CLK
    E3                   IBUF (Prop_ibuf_I_O)         0.250     0.250 r  CLK_IBUF_inst/O
                         net (fo=1, routed)           0.644     0.894    CLK_IBUF
    BUFGCTRL_X0Y16       BUFG (Prop_bufg_I_O)         0.026     0.920 r  CLK_IBUF_BUFG_inst/O
                         net (fo=145, routed)         0.604     1.523    timer_instance/CLK_IBUF_BUFG
    SLICE_X6Y99          FDRE                                         r  timer_instance/state_reg[1]/C
  -------------------------------------------------------------------    -------------------
    SLICE_X6Y99          FDRE (Prop_fdre_C_Q)         0.148     1.671 r  timer_instance/state_reg[1]/Q
                         net (fo=18, routed)          0.240     1.912    timer_instance/state[1]
    SLICE_X5Y101         LUT4 (Prop_lut4_I1_O)        0.098     2.010 r  timer_instance/sec[0]_i_1/O
                         net (fo=1, routed)           0.000     2.010    timer_instance/sec[0]_i_1_n_0
    SLICE_X5Y101         FDRE                                         r  timer_instance/sec_reg[0]/D
  -------------------------------------------------------------------    -------------------

                         (clock sys_clk_pin rise edge)
                                                      0.000     0.000 r  
    E3                                                0.000     0.000 r  CLK (IN)
                         net (fo=0)                   0.000     0.000    CLK
    E3                   IBUF (Prop_ibuf_I_O)         0.438     0.438 r  CLK_IBUF_inst/O
                         net (fo=1, routed)           0.699     1.136    CLK_IBUF
    BUFGCTRL_X0Y16       BUFG (Prop_bufg_I_O)         0.029     1.165 r  CLK_IBUF_BUFG_inst/O
                         net (fo=145, routed)         0.868     2.034    timer_instance/CLK_IBUF_BUFG
    SLICE_X5Y101         FDRE                                         r  timer_instance/sec_reg[0]/C
                         clock pessimism             -0.245     1.788    
    SLICE_X5Y101         FDRE (Hold_fdre_C_D)         0.091     1.879    timer_instance/sec_reg[0]
  -------------------------------------------------------------------
                         required time                         -1.879    
                         arrival time                           2.010    
  -------------------------------------------------------------------
                         slack                                  0.130    

Slack (MET) :             0.132ns  (arrival time - required time)
  Source:                 btnc_instance/btn_out_reg/C
                            (rising edge-triggered cell FDRE clocked by sys_clk_pin  {rise@0.000ns fall@5.000ns period=10.000ns})
  Destination:            timer_instance/state_reg[1]/D
                            (rising edge-triggered cell FDRE clocked by sys_clk_pin  {rise@0.000ns fall@5.000ns period=10.000ns})
  Path Group:             sys_clk_pin
  Path Type:              Hold (Min at Fast Process Corner)
  Requirement:            0.000ns  (sys_clk_pin rise@0.000ns - sys_clk_pin rise@0.000ns)
  Data Path Delay:        0.276ns  (logic 0.189ns (68.452%)  route 0.087ns (31.548%))
  Logic Levels:           1  (LUT3=1)
  Clock Path Skew:        0.013ns (DCD - SCD - CPR)
    Destination Clock Delay (DCD):    2.040ns
    Source Clock Delay      (SCD):    1.523ns
    Clock Pessimism Removal (CPR):    0.503ns

    Location             Delay type                Incr(ns)  Path(ns)    Netlist Resource(s)
  -------------------------------------------------------------------    -------------------
                         (clock sys_clk_pin rise edge)
                                                      0.000     0.000 r  
    E3                                                0.000     0.000 r  CLK (IN)
                         net (fo=0)                   0.000     0.000    CLK
    E3                   IBUF (Prop_ibuf_I_O)         0.250     0.250 r  CLK_IBUF_inst/O
                         net (fo=1, routed)           0.644     0.894    CLK_IBUF
    BUFGCTRL_X0Y16       BUFG (Prop_bufg_I_O)         0.026     0.920 r  CLK_IBUF_BUFG_inst/O
                         net (fo=145, routed)         0.604     1.523    btnc_instance/CLK_IBUF_BUFG
    SLICE_X7Y99          FDRE                                         r  btnc_instance/btn_out_reg/C
  -------------------------------------------------------------------    -------------------
    SLICE_X7Y99          FDRE (Prop_fdre_C_Q)         0.141     1.664 r  btnc_instance/btn_out_reg/Q
                         net (fo=2, routed)           0.087     1.751    timer_instance/btnc
    SLICE_X6Y99          LUT3 (Prop_lut3_I1_O)        0.048     1.799 r  timer_instance/state[1]_i_1/O
                         net (fo=1, routed)           0.000     1.799    timer_instance/state[1]_i_1_n_0
    SLICE_X6Y99          FDRE                                         r  timer_instance/state_reg[1]/D
  -------------------------------------------------------------------    -------------------

                         (clock sys_clk_pin rise edge)
                                                      0.000     0.000 r  
    E3                                                0.000     0.000 r  CLK (IN)
                         net (fo=0)                   0.000     0.000    CLK
    E3                   IBUF (Prop_ibuf_I_O)         0.438     0.438 r  CLK_IBUF_inst/O
                         net (fo=1, routed)           0.699     1.136    CLK_IBUF
    BUFGCTRL_X0Y16       BUFG (Prop_bufg_I_O)         0.029     1.165 r  CLK_IBUF_BUFG_inst/O
                         net (fo=145, routed)         0.875     2.040    timer_instance/CLK_IBUF_BUFG
    SLICE_X6Y99          FDRE                                         r  timer_instance/state_reg[1]/C
                         clock pessimism             -0.503     1.536    
    SLICE_X6Y99          FDRE (Hold_fdre_C_D)         0.131     1.667    timer_instance/state_reg[1]
  -------------------------------------------------------------------
                         required time                         -1.667    
                         arrival time                           1.799    
  -------------------------------------------------------------------
                         slack                                  0.132    

Slack (MET) :             0.140ns  (arrival time - required time)
  Source:                 btnc_instance/btn_out_reg/C
                            (rising edge-triggered cell FDRE clocked by sys_clk_pin  {rise@0.000ns fall@5.000ns period=10.000ns})
  Destination:            timer_instance/state_reg[0]/D
                            (rising edge-triggered cell FDRE clocked by sys_clk_pin  {rise@0.000ns fall@5.000ns period=10.000ns})
  Path Group:             sys_clk_pin
  Path Type:              Hold (Min at Fast Process Corner)
  Requirement:            0.000ns  (sys_clk_pin rise@0.000ns - sys_clk_pin rise@0.000ns)
  Data Path Delay:        0.273ns  (logic 0.186ns (68.106%)  route 0.087ns (31.894%))
  Logic Levels:           1  (LUT2=1)
  Clock Path Skew:        0.013ns (DCD - SCD - CPR)
    Destination Clock Delay (DCD):    2.040ns
    Source Clock Delay      (SCD):    1.523ns
    Clock Pessimism Removal (CPR):    0.503ns

    Location             Delay type                Incr(ns)  Path(ns)    Netlist Resource(s)
  -------------------------------------------------------------------    -------------------
                         (clock sys_clk_pin rise edge)
                                                      0.000     0.000 r  
    E3                                                0.000     0.000 r  CLK (IN)
                         net (fo=0)                   0.000     0.000    CLK
    E3                   IBUF (Prop_ibuf_I_O)         0.250     0.250 r  CLK_IBUF_inst/O
                         net (fo=1, routed)           0.644     0.894    CLK_IBUF
    BUFGCTRL_X0Y16       BUFG (Prop_bufg_I_O)         0.026     0.920 r  CLK_IBUF_BUFG_inst/O
                         net (fo=145, routed)         0.604     1.523    btnc_instance/CLK_IBUF_BUFG
    SLICE_X7Y99          FDRE                                         r  btnc_instance/btn_out_reg/C
  -------------------------------------------------------------------    -------------------
    SLICE_X7Y99          FDRE (Prop_fdre_C_Q)         0.141     1.664 r  btnc_instance/btn_out_reg/Q
                         net (fo=2, routed)           0.087     1.751    timer_instance/btnc
    SLICE_X6Y99          LUT2 (Prop_lut2_I0_O)        0.045     1.796 r  timer_instance/state[0]_i_1/O
                         net (fo=1, routed)           0.000     1.796    timer_instance/state[0]_i_1_n_0
    SLICE_X6Y99          FDRE                                         r  timer_instance/state_reg[0]/D
  -------------------------------------------------------------------    -------------------

                         (clock sys_clk_pin rise edge)
                                                      0.000     0.000 r  
    E3                                                0.000     0.000 r  CLK (IN)
                         net (fo=0)                   0.000     0.000    CLK
    E3                   IBUF (Prop_ibuf_I_O)         0.438     0.438 r  CLK_IBUF_inst/O
                         net (fo=1, routed)           0.699     1.136    CLK_IBUF
    BUFGCTRL_X0Y16       BUFG (Prop_bufg_I_O)         0.029     1.165 r  CLK_IBUF_BUFG_inst/O
                         net (fo=145, routed)         0.875     2.040    timer_instance/CLK_IBUF_BUFG
    SLICE_X6Y99          FDRE                                         r  timer_instance/state_reg[0]/C
                         clock pessimism             -0.503     1.536    
    SLICE_X6Y99          FDRE (Hold_fdre_C_D)         0.120     1.656    timer_instance/state_reg[0]
  -------------------------------------------------------------------
                         required time                         -1.656    
                         arrival time                           1.796    
  -------------------------------------------------------------------
                         slack                                  0.140    

Slack (MET) :             0.154ns  (arrival time - required time)
  Source:                 btnu_instance/counter_reg[10]/C
                            (rising edge-triggered cell FDRE clocked by sys_clk_pin  {rise@0.000ns fall@5.000ns period=10.000ns})
  Destination:            btnu_instance/counter_reg[13]/D
                            (rising edge-triggered cell FDRE clocked by sys_clk_pin  {rise@0.000ns fall@5.000ns period=10.000ns})
  Path Group:             sys_clk_pin
  Path Type:              Hold (Min at Fast Process Corner)
  Requirement:            0.000ns  (sys_clk_pin rise@0.000ns - sys_clk_pin rise@0.000ns)
  Data Path Delay:        0.524ns  (logic 0.391ns (74.582%)  route 0.133ns (25.418%))
  Logic Levels:           2  (CARRY4=2)
  Clock Path Skew:        0.265ns (DCD - SCD - CPR)
    Destination Clock Delay (DCD):    2.034ns
    Source Clock Delay      (SCD):    1.523ns
    Clock Pessimism Removal (CPR):    0.245ns

    Location             Delay type                Incr(ns)  Path(ns)    Netlist Resource(s)
  -------------------------------------------------------------------    -------------------
                         (clock sys_clk_pin rise edge)
                                                      0.000     0.000 r  
    E3                                                0.000     0.000 r  CLK (IN)
                         net (fo=0)                   0.000     0.000    CLK
    E3                   IBUF (Prop_ibuf_I_O)         0.250     0.250 r  CLK_IBUF_inst/O
                         net (fo=1, routed)           0.644     0.894    CLK_IBUF
    BUFGCTRL_X0Y16       BUFG (Prop_bufg_I_O)         0.026     0.920 r  CLK_IBUF_BUFG_inst/O
                         net (fo=145, routed)         0.604     1.523    btnu_instance/CLK_IBUF_BUFG
    SLICE_X4Y99          FDRE                                         r  btnu_instance/counter_reg[10]/C
  -------------------------------------------------------------------    -------------------
    SLICE_X4Y99          FDRE (Prop_fdre_C_Q)         0.141     1.664 r  btnu_instance/counter_reg[10]/Q
                         net (fo=2, routed)           0.133     1.797    btnu_instance/counter_reg[10]
    SLICE_X4Y99          CARRY4 (Prop_carry4_S[2]_CO[3])
                                                      0.160     1.957 r  btnu_instance/counter_reg[8]_i_1__0/CO[3]
                         net (fo=1, routed)           0.001     1.958    btnu_instance/counter_reg[8]_i_1__0_n_0
    SLICE_X4Y100         CARRY4 (Prop_carry4_CI_O[1])
                                                      0.090     2.048 r  btnu_instance/counter_reg[12]_i_1__0/O[1]
                         net (fo=1, routed)           0.000     2.048    btnu_instance/counter_reg[12]_i_1__0_n_6
    SLICE_X4Y100         FDRE                                         r  btnu_instance/counter_reg[13]/D
  -------------------------------------------------------------------    -------------------

                         (clock sys_clk_pin rise edge)
                                                      0.000     0.000 r  
    E3                                                0.000     0.000 r  CLK (IN)
                         net (fo=0)                   0.000     0.000    CLK
    E3                   IBUF (Prop_ibuf_I_O)         0.438     0.438 r  CLK_IBUF_inst/O
                         net (fo=1, routed)           0.699     1.136    CLK_IBUF
    BUFGCTRL_X0Y16       BUFG (Prop_bufg_I_O)         0.029     1.165 r  CLK_IBUF_BUFG_inst/O
                         net (fo=145, routed)         0.868     2.034    btnu_instance/CLK_IBUF_BUFG
    SLICE_X4Y100         FDRE                                         r  btnu_instance/counter_reg[13]/C
                         clock pessimism             -0.245     1.788    
    SLICE_X4Y100         FDRE (Hold_fdre_C_D)         0.105     1.893    btnu_instance/counter_reg[13]
  -------------------------------------------------------------------
                         required time                         -1.893    
                         arrival time                           2.048    
  -------------------------------------------------------------------
                         slack                                  0.154    

Slack (MET) :             0.154ns  (arrival time - required time)
  Source:                 btnu_instance/counter_reg[10]/C
                            (rising edge-triggered cell FDRE clocked by sys_clk_pin  {rise@0.000ns fall@5.000ns period=10.000ns})
  Destination:            btnu_instance/counter_reg[15]/D
                            (rising edge-triggered cell FDRE clocked by sys_clk_pin  {rise@0.000ns fall@5.000ns period=10.000ns})
  Path Group:             sys_clk_pin
  Path Type:              Hold (Min at Fast Process Corner)
  Requirement:            0.000ns  (sys_clk_pin rise@0.000ns - sys_clk_pin rise@0.000ns)
  Data Path Delay:        0.524ns  (logic 0.391ns (74.582%)  route 0.133ns (25.418%))
  Logic Levels:           2  (CARRY4=2)
  Clock Path Skew:        0.265ns (DCD - SCD - CPR)
    Destination Clock Delay (DCD):    2.034ns
    Source Clock Delay      (SCD):    1.523ns
    Clock Pessimism Removal (CPR):    0.245ns

    Location             Delay type                Incr(ns)  Path(ns)    Netlist Resource(s)
  -------------------------------------------------------------------    -------------------
                         (clock sys_clk_pin rise edge)
                                                      0.000     0.000 r  
    E3                                                0.000     0.000 r  CLK (IN)
                         net (fo=0)                   0.000     0.000    CLK
    E3                   IBUF (Prop_ibuf_I_O)         0.250     0.250 r  CLK_IBUF_inst/O
                         net (fo=1, routed)           0.644     0.894    CLK_IBUF
    BUFGCTRL_X0Y16       BUFG (Prop_bufg_I_O)         0.026     0.920 r  CLK_IBUF_BUFG_inst/O
                         net (fo=145, routed)         0.604     1.523    btnu_instance/CLK_IBUF_BUFG
    SLICE_X4Y99          FDRE                                         r  btnu_instance/counter_reg[10]/C
  -------------------------------------------------------------------    -------------------
    SLICE_X4Y99          FDRE (Prop_fdre_C_Q)         0.141     1.664 r  btnu_instance/counter_reg[10]/Q
                         net (fo=2, routed)           0.133     1.797    btnu_instance/counter_reg[10]
    SLICE_X4Y99          CARRY4 (Prop_carry4_S[2]_CO[3])
                                                      0.160     1.957 r  btnu_instance/counter_reg[8]_i_1__0/CO[3]
                         net (fo=1, routed)           0.001     1.958    btnu_instance/counter_reg[8]_i_1__0_n_0
    SLICE_X4Y100         CARRY4 (Prop_carry4_CI_O[3])
                                                      0.090     2.048 r  btnu_instance/counter_reg[12]_i_1__0/O[3]
                         net (fo=1, routed)           0.000     2.048    btnu_instance/counter_reg[12]_i_1__0_n_4
    SLICE_X4Y100         FDRE                                         r  btnu_instance/counter_reg[15]/D
  -------------------------------------------------------------------    -------------------

                         (clock sys_clk_pin rise edge)
                                                      0.000     0.000 r  
    E3                                                0.000     0.000 r  CLK (IN)
                         net (fo=0)                   0.000     0.000    CLK
    E3                   IBUF (Prop_ibuf_I_O)         0.438     0.438 r  CLK_IBUF_inst/O
                         net (fo=1, routed)           0.699     1.136    CLK_IBUF
    BUFGCTRL_X0Y16       BUFG (Prop_bufg_I_O)         0.029     1.165 r  CLK_IBUF_BUFG_inst/O
                         net (fo=145, routed)         0.868     2.034    btnu_instance/CLK_IBUF_BUFG
    SLICE_X4Y100         FDRE                                         r  btnu_instance/counter_reg[15]/C
                         clock pessimism             -0.245     1.788    
    SLICE_X4Y100         FDRE (Hold_fdre_C_D)         0.105     1.893    btnu_instance/counter_reg[15]
  -------------------------------------------------------------------
                         required time                         -1.893    
                         arrival time                           2.048    
  -------------------------------------------------------------------
                         slack                                  0.154    





Pulse Width Checks
--------------------------------------------------------------------------------------
Clock Name:         sys_clk_pin
Waveform(ns):       { 0.000 5.000 }
Period(ns):         10.000
Sources:            { CLK }

Check Type        Corner  Lib Pin  Reference Pin  Required(ns)  Actual(ns)  Slack(ns)  Location        Pin
Min Period        n/a     BUFG/I   n/a            2.155         10.000      7.845      BUFGCTRL_X0Y16  CLK_IBUF_BUFG_inst/I
Min Period        n/a     FDRE/C   n/a            1.000         10.000      9.000      SLICE_X7Y99     btnc_instance/btn_out_reg/C
Min Period        n/a     FDRE/C   n/a            1.000         10.000      9.000      SLICE_X7Y99     btnc_instance/btn_prev_reg/C
Min Period        n/a     FDRE/C   n/a            1.000         10.000      9.000      SLICE_X7Y99     btnc_instance/btn_stable_reg/C
Min Period        n/a     FDRE/C   n/a            1.000         10.000      9.000      SLICE_X5Y93     btnc_instance/btn_sync_reg[0]/C
Min Period        n/a     FDRE/C   n/a            1.000         10.000      9.000      SLICE_X7Y99     btnc_instance/btn_sync_reg[1]/C
Min Period        n/a     FDRE/C   n/a            1.000         10.000      9.000      SLICE_X6Y103    btnc_instance/counter_reg[13]/C
Min Period        n/a     FDRE/C   n/a            1.000         10.000      9.000      SLICE_X6Y103    btnc_instance/counter_reg[14]/C
Min Period        n/a     FDRE/C   n/a            1.000         10.000      9.000      SLICE_X6Y103    btnc_instance/counter_reg[15]/C
Min Period        n/a     FDRE/C   n/a            1.000         10.000      9.000      SLICE_X6Y104    btnc_instance/counter_reg[16]/C
Low Pulse Width   Slow    FDRE/C   n/a            0.500         5.000       4.500      SLICE_X5Y93     btnc_instance/btn_sync_reg[0]/C
Low Pulse Width   Slow    FDRE/C   n/a            0.500         5.000       4.500      SLICE_X6Y100    btnc_instance/counter_reg[1]/C
Low Pulse Width   Slow    FDRE/C   n/a            0.500         5.000       4.500      SLICE_X6Y100    btnc_instance/counter_reg[2]/C
Low Pulse Width   Slow    FDRE/C   n/a            0.500         5.000       4.500      SLICE_X6Y100    btnc_instance/counter_reg[3]/C
Low Pulse Width   Slow    FDRE/C   n/a            0.500         5.000       4.500      SLICE_X6Y101    btnc_instance/counter_reg[4]/C
Low Pulse Width   Slow    FDRE/C   n/a            0.500         5.000       4.500      SLICE_X6Y101    btnc_instance/counter_reg[5]/C
Low Pulse Width   Slow    FDRE/C   n/a            0.500         5.000       4.500      SLICE_X6Y101    btnc_instance/counter_reg[6]/C
Low Pulse Width   Slow    FDRE/C   n/a            0.500         5.000       4.500      SLICE_X6Y101    btnc_instance/counter_reg[7]/C
Low Pulse Width   Slow    FDRE/C   n/a            0.500         5.000       4.500      SLICE_X6Y102    btnc_instance/counter_reg[8]/C
Low Pulse Width   Slow    FDRE/C   n/a            0.500         5.000       4.500      SLICE_X6Y102    btnc_instance/counter_reg[9]/C
High Pulse Width  Fast    FDRE/C   n/a            0.500         5.000       4.500      SLICE_X7Y99     btnc_instance/btn_out_reg/C
High Pulse Width  Fast    FDRE/C   n/a            0.500         5.000       4.500      SLICE_X7Y99     btnc_instance/btn_prev_reg/C
High Pulse Width  Fast    FDRE/C   n/a            0.500         5.000       4.500      SLICE_X7Y99     btnc_instance/btn_stable_reg/C
High Pulse Width  Slow    FDRE/C   n/a            0.500         5.000       4.500      SLICE_X5Y93     btnc_instance/btn_sync_reg[0]/C
High Pulse Width  Fast    FDRE/C   n/a            0.500         5.000       4.500      SLICE_X5Y93     btnc_instance/btn_sync_reg[0]/C
High Pulse Width  Fast    FDRE/C   n/a            0.500         5.000       4.500      SLICE_X7Y99     btnc_instance/btn_sync_reg[1]/C
High Pulse Width  Slow    FDRE/C   n/a            0.500         5.000       4.500      SLICE_X6Y103    btnc_instance/counter_reg[13]/C
High Pulse Width  Fast    FDRE/C   n/a            0.500         5.000       4.500      SLICE_X6Y103    btnc_instance/counter_reg[13]/C
High Pulse Width  Slow    FDRE/C   n/a            0.500         5.000       4.500      SLICE_X6Y103    btnc_instance/counter_reg[14]/C
High Pulse Width  Fast    FDRE/C   n/a            0.500         5.000       4.500      SLICE_X6Y103    btnc_instance/counter_reg[14]/C



